grid_lat,grid_lon,band,hat_m,zos_std_m,tide_daily_max_mean_m,phase_envelope_mean_m,phase_envelope_p95_m,phase_envelope_over_zos_std,median_abs_daily_zos_step_m,days_total,days_passing_gate_current,days_passing_gate_lower_bound,days_passing_gate_upper_bound,days_pass_now_fail_at_lower_bound,days_fail_now_pass_at_upper_bound,share_of_passing_days_at_risk,gate_passing_runs,gate_passing_runs_lost_at_lower_bound,share_of_runs_at_risk,spearman_current_vs_midpoint
-35.0,-54.79998779296875,RS,0.340699,0.21211405098438263,0.1624777615070343,0.15294288098812103,0.4113250732421875,0.7210407853126526,0.11981488764286041,12053,2189,1109,3287,1080,1098,0.49337597076290546,1099,519,0.47224749772520475,0.8808512383387448
-35.0,-54.600006103515625,RS,0.38758,0.18799808621406555,0.19038589298725128,0.1368601769208908,0.3695806860923767,0.7279870510101318,0.10742559283971786,12053,1770,840,2699,930,929,0.5254237288135594,946,491,0.5190274841437632,0.8853818245870505
-35.0,-54.399993896484375,RS,0.424577,0.16645608842372894,0.21268004179000854,0.12259294837713242,0.33047743439674376,0.7364882230758667,0.09558367729187012,12053,1383,618,2149,765,766,0.5531453362255966,778,421,0.5411311053984575,0.891925168762261
-35.0,-54.20001220703125,RS,0.457002,0.14991489052772522,0.22958171367645264,0.10953094810247421,0.29481091499328616,0.7306208610534668,0.08581848442554474,12053,1094,452,1743,642,649,0.5868372943327239,654,383,0.5856269113149847,0.9020624555675454
-35.0,-54.0,RS,0.481176,0.13651983439922333,0.2418641746044159,0.09649627655744553,0.2604449868202208,0.7068297266960144,0.07538072019815445,12053,879,378,1397,501,518,0.5699658703071673,524,293,0.5591603053435115,0.91557703369238
-34.79999923706055,-54.399993896484375,RS,0.414249,0.21392583847045898,0.2092006653547287,0.15206095576286316,0.4094710707664489,0.7108115553855896,0.1182706356048584,12053,1947,979,2928,968,981,0.4971751412429379,986,470,0.4766734279918864,0.8888905597462523
-34.79999923706055,-54.20001220703125,RS,0.45069,0.1920587569475174,0.22700975835323334,0.1370907872915268,0.3681794881820678,0.713796079158783,0.10677296668291092,12053,1567,744,2381,823,814,0.5252074026802808,824,429,0.5206310679611651,0.8947656576447651
-34.79999923706055,-54.0,RS,0.48048,0.16853827238082886,0.24238328635692596,0.12074784189462662,0.32525403499603267,0.7164416909217834,0.09411908686161041,12053,1208,554,1858,654,650,0.5413907284768212,663,350,0.5279034690799397,0.9026016983844412
-34.79999923706055,-53.79998779296875,RS,0.502553,0.1475476324558258,0.25314268469810486,0.1038103774189949,0.2794297039508819,0.7035719752311707,0.08037285506725311,12053,952,415,1483,537,531,0.5640756302521008,553,313,0.566003616636528,0.9147992448473016
-34.79999923706055,-53.600006103515625,RS,0.513066,0.1288825124502182,0.2570713758468628,0.08651166409254074,0.23377116918563823,0.6712443828582764,0.0671045333147049,12053,720,312,1142,408,422,0.5666666666666667,426,244,0.5727699530516432,0.9302928728126946
-34.599998474121094,-54.0,RS,0.487323,0.2063738852739334,0.24687838554382324,0.14627572894096375,0.39252942204475405,0.7087899446487427,0.11432239413261414,12053,1585,761,2418,824,833,0.5198738170347004,820,425,0.5182926829268293,0.8973190046716971
-34.599998474121094,-53.79998779296875,RS,0.511101,0.18456633388996124,0.2584976553916931,0.12914331257343292,0.34770767688751214,0.6997121572494507,0.10101549327373505,12053,1293,605,1961,688,668,0.5320959010054138,690,367,0.5318840579710145,0.9064866103520992
-34.599998474121094,-53.600006103515625,RS,0.526462,0.16183534264564514,0.2649329900741577,0.11073380708694458,0.2974740386009215,0.6842374801635742,0.08680751919746399,12053,1036,484,1580,552,544,0.5328185328185329,564,303,0.5372340425531915,0.91814851602251
-34.599998474121094,-53.399993896484375,RS,0.526763,0.13779990375041962,0.26377663016319275,0.09078725427389145,0.24615840315818785,0.658833920955658,0.07083287835121155,12053,790,357,1231,433,441,0.5481012658227848,450,249,0.5533333333333333,0.9316462301689115
-34.400001525878906,-53.79998779296875,RS,0.535219,0.2129969596862793,0.27235037088394165,0.1529780477285385,0.40741682052612305,0.7182170748710632,0.12073144316673279,12053,1523,712,2324,811,801,0.5325016414970453,808,426,0.5272277227722773,0.8982199407652643
-34.400001525878906,-53.600006103515625,RS,0.557542,0.19160890579223633,0.2820204794406891,0.1332901269197464,0.35739256143569936,0.6956363916397095,0.10408727824687958,12053,1248,585,1896,663,648,0.53125,672,367,0.5461309523809523,0.9108656462404229
-34.400001525878906,-53.399993896484375,RS,0.558083,0.16523486375808716,0.28131842613220215,0.11037924140691757,0.29778496026992785,0.6680142283439636,0.0857681930065155,12053,1017,478,1535,539,518,0.5299901671583087,544,291,0.5349264705882353,0.9247336341407028
-34.20000076293945,-53.600006103515625,RS,0.603595,0.20962148904800415,0.30485647916793823,0.1498790681362152,0.39927232265472407,0.7149986028671265,0.11791753768920898,12053,1276,572,1961,704,685,0.5517241379310345,704,396,0.5625,0.9054450658341192
-34.20000076293945,-53.399993896484375,RS,0.603226,0.1854068487882614,0.3040122985839844,0.1273224651813507,0.341974115371704,0.6867192983627319,0.09935550391674042,12053,1074,494,1644,580,570,0.5400372439478585,579,319,0.5509499136442142,0.9186892053436408
-34.20000076293945,-53.20001220703125,RS,0.581479,0.1595345437526703,0.2927089035511017,0.10474793612957001,0.2861547470092773,0.6565846800804138,0.08038631081581116,12053,904,434,1379,470,475,0.5199115044247787,486,249,0.5123456790123457,0.9312871088966652
-34.0,-53.399993896484375,RS,0.650568,0.20394761860370636,0.3285759389400482,0.1449059545993805,0.3854105412960052,0.7105057239532471,0.11361970007419586,12053,1119,498,1723,621,604,0.5549597855227882,618,347,0.5614886731391586,0.9119935358243778
-34.0,-53.20001220703125,RS,0.629783,0.18089361488819122,0.3176595866680145,0.12400899827480316,0.3339123606681822,0.6855354905128479,0.09637850522994995,12053,982,445,1509,537,527,0.5468431771894093,538,293,0.5446096654275093,0.922777281459733
-34.0,-53.0,RS,0.598559,0.15883880853652954,0.29936397075653076,0.1045350655913353,0.2835169553756714,0.6581204533576965,0.08087404817342758,12053,852,396,1315,456,463,0.5352112676056338,466,245,0.5257510729613734,0.9327115081063223
-33.79999923706055,-53.399993896484375,RS,0.689188,0.22025813162326813,0.35089540481567383,0.16050677001476288,0.42466783523559554,0.7287212014198303,0.12608975172042847,12053,1173,523,1813,650,640,0.5541346973572038,659,366,0.5553869499241275,0.90666849064462
-33.79999923706055,-53.20001220703125,RS,0.672814,0.2030680775642395,0.34065210819244385,0.14413976669311523,0.3849363923072813,0.7098100781440735,0.11302308738231659,12053,1063,487,1654,576,591,0.541862652869238,588,318,0.5408163265306123,0.914491589565042
-33.79999923706055,-53.0,RS,0.642905,0.18317122757434845,0.3230777382850647,0.12649859488010406,0.33932920694351193,0.6906029582023621,0.09866634011268616,12053,971,453,1485,518,514,0.533470648815654,532,284,0.5338345864661654,0.9221871014331097
-33.79999923706055,-52.79998779296875,RS,0.607156,0.1656801849603653,0.30268827080726624,0.11022119969129562,0.297674936056137,0.6652648448944092,0.08595145493745804,12053,880,416,1355,464,475,0.5272727272727272,478,251,0.5251046025104602,0.930367596364914
-33.599998474121094,-53.0,RS,0.677149,0.20710515975952148,0.34224528074264526,0.1480547934770584,0.39475100636482235,0.7148773670196533,0.1168554499745369,12053,1089,502,1683,587,594,0.5390266299357208,599,315,0.5258764607679466,0.9130081771544699
-33.599998474121094,-52.79998779296875,RS,0.646935,0.19085010886192322,0.32258903980255127,0.13263654708862305,0.3550054907798767,0.6949775815010071,0.10420212149620056,12053,1014,477,1559,537,545,0.5295857988165681,552,287,0.519927536231884,0.9198570971319701
-33.599998474121094,-52.600006103515625,RS,0.606629,0.17048241198062897,0.2975291907787323,0.11322222650051117,0.3051239490509033,0.6641284823417664,0.08849175274372101,12053,900,426,1384,474,484,0.5266666666666666,489,253,0.5173824130879345,0.9295151797407085
-33.400001525878906,-52.79998779296875,RS,0.680058,0.21446244418621063,0.3357003331184387,0.1546689122915268,0.40926026701927176,0.7211934328079224,0.12221921980381012,12053,1093,497,1689,596,596,0.5452881976212259,604,321,0.5314569536423841,0.9099126704580567
-33.400001525878906,-52.600006103515625,RS,0.642206,0.1917286217212677,0.31241005659103394,0.13254684209823608,0.3530132412910461,0.6913252472877502,0.10412344336509705,12053,978,455,1508,523,530,0.5347648261758691,534,279,0.5224719101123596,0.9205245594393513
-33.400001525878906,-52.399993896484375,RS,0.587714,0.16245245933532715,0.28201809525489807,0.10480310022830963,0.2835891366004944,0.6451308727264404,0.08111108094453812,12053,846,414,1293,432,447,0.5106382978723404,440,213,0.48409090909090907,0.9349234430825188
-33.20000076293945,-52.600006103515625,RS,0.663173,0.21270592510700226,0.31941476464271545,0.1534481644630432,0.4027172803878783,0.7214099168777466,0.12206904590129852,12053,1083,485,1682,598,599,0.5521698984302862,597,319,0.5343383584589615,0.9099815081480053
-33.20000076293945,-52.399993896484375,RS,0.613792,0.18378420174121857,0.292449027299881,0.12466569989919662,0.33272430300712585,0.6783265471458435,0.0975969135761261,12053,959,457,1485,502,526,0.5234619395203337,513,261,0.5087719298245614,0.9244691911627689
-33.20000076293945,-52.20001220703125,RS,0.559928,0.15000174939632416,0.26234856247901917,0.09328614920377731,0.2555588483810425,0.6219003796577454,0.07110268622636795,12053,784,383,1169,401,385,0.5114795918367347,405,198,0.4888888888888889,0.9416658766945856
-33.0,-52.399993896484375,RS,0.633565,0.19632454216480255,0.29779231548309326,0.1375490427017212,0.36260626316070554,0.700620710849762,0.10836992412805557,12053,999,456,1555,543,556,0.5435435435435435,549,290,0.5282331511839709,0.917928813836862
-33.0,-52.20001220703125,RS,0.586189,0.16745775938034058,0.2719358801841736,0.10915418714284897,0.2951411962509155,0.6518311500549316,0.08435362577438354,12053,851,413,1298,438,447,0.5146886016451234,444,219,0.49324324324324326,0.9328899159502321
-32.79999923706055,-52.399993896484375,RS,0.642113,0.21048623323440552,0.2982828915119171,0.1525057554244995,0.39741967916488635,0.7245402932167053,0.12215284258127213,12053,1080,479,1689,601,609,0.5564814814814815,613,328,0.5350734094616639,0.9095717270626434
-32.79999923706055,-52.20001220703125,RS,0.602867,0.18270161747932434,0.27776050567626953,0.12402775138616562,0.33073874711990353,0.6788541674613953,0.09711161255836487,12053,928,445,1429,483,501,0.5204741379310345,496,251,0.5060483870967742,0.9243262653540607
-32.79999923706055,-52.0,RS,0.555541,0.15756089985370636,0.2529464066028595,0.10031769424676895,0.2717611789703369,0.6366915702819824,0.07757805287837982,12053,817,408,1224,409,407,0.5006119951040392,418,200,0.4784688995215311,0.9365135803661849
-32.599998474121094,-52.20001220703125,RS,0.61308,0.19020287692546844,0.27884048223495483,0.1316521018743515,0.3493252992630005,0.6921667456626892,0.1038619726896286,12053,954,429,1470,525,516,0.550314465408805,526,281,0.5342205323193916,0.9196296189340105
-32.599998474121094,-52.0,RS,0.570541,0.16815704107284546,0.25665104389190674,0.11035102605819702,0.2977631092071533,0.6562379002571106,0.0861232653260231,12053,839,408,1280,431,441,0.5137067938021455,441,219,0.4965986394557823,0.9300105487500373
-32.400001525878906,-52.20001220703125,RS,0.612179,0.20396119356155396,0.27543267607688904,0.14482861757278442,0.3822248220443725,0.7100792527198792,0.11479343473911285,12053,1065,473,1645,592,580,0.5558685446009389,594,314,0.5286195286195287,0.9110888823990101
-32.400001525878906,-52.0,RS,0.572813,0.18321093916893005,0.25540077686309814,0.12478261440992355,0.3340432167053222,0.6810871362686157,0.09775073081254959,12053,949,439,1457,510,508,0.5374077976817703,514,265,0.5155642023346303,0.9197585764506991
-32.400001525878906,-51.79998779296875,RS,0.530149,0.16648200154304504,0.2342512160539627,0.10758602619171143,0.2890461981296539,0.6462321877479553,0.08388233184814453,12053,910,440,1366,470,456,0.5164835164835165,473,230,0.48625792811839325,0.9285330552659067
-32.20000076293945,-52.0,RS,0.562711,0.2054826021194458,0.2494361698627472,0.1447416990995407,0.3834345698356627,0.7043988108634949,0.11529892683029175,12053,1157,527,1778,630,621,0.5445116681071738,637,324,0.5086342229199372,0.9072959051124444
-32.20000076293945,-51.79998779296875,RS,0.522609,0.18663965165615082,0.2302015721797943,0.1259123980998993,0.334934115409851,0.6746283173561096,0.09909259527921677,12053,1094,512,1678,582,584,0.5319926873857403,592,297,0.5016891891891891,0.9157232582737941
-32.20000076293945,-51.600006103515625,RS,0.475387,0.1643531322479248,0.20877845585346222,0.1037505492568016,0.2790606796741485,0.6312660574913025,0.08058841526508331,12053,1031,509,1528,522,497,0.5063045586808923,527,249,0.47248576850094876,0.9277170027870156
-32.0,-51.79998779296875,RS,0.50218,0.2076088786125183,0.22195662558078766,0.1444920301437378,0.3816983461380004,0.6959819197654724,0.11548133939504623,12053,1375,642,2097,733,722,0.5330909090909091,737,375,0.508819538670285,0.9040374880495574
-32.0,-51.600006103515625,RS,0.460966,0.1872795969247818,0.20395398139953613,0.12427767366170883,0.3296625196933745,0.6635943055152893,0.09814810752868652,12053,1322,636,2001,686,679,0.518910741301059,696,350,0.5028735632183908,0.9137764026258562
-32.0,-51.399993896484375,RS,0.421791,0.16216298937797546,0.188431516289711,0.10046719759702682,0.2697205364704132,0.6195445656776428,0.07824888825416565,12053,1222,608,1823,614,601,0.502454991816694,624,305,0.48878205128205127,0.9275964069143041
-32.0,-51.20001220703125,RS,0.388714,0.13342630863189697,0.17771375179290771,0.07681244611740112,0.2094456672668457,0.5756918787956238,0.0591462105512619,12053,1074,570,1563,504,489,0.4692737430167598,516,243,0.47093023255813954,0.9423179304952258
-31.799999237060547,-51.399993896484375,RS,0.402355,0.19486738741397858,0.18185870349407196,0.12937836349010468,0.3407744884490966,0.6639302968978882,0.10384778678417206,12053,1725,873,2599,852,874,0.49391304347826087,867,398,0.4590542099192618,0.9095498091261693
-31.799999237060547,-51.20001220703125,RS,0.381555,0.16179780662059784,0.17353686690330505,0.09888383746147156,0.2664339959621429,0.6111568212509155,0.07781108468770981,12053,1455,743,2152,712,697,0.48934707903780067,709,328,0.46262341325811,0.9276629424630788
-31.799999237060547,-51.0,RS,0.383175,0.12506434321403503,0.17011459171772003,0.07171951234340668,0.1955872058868408,0.5734609365463257,0.05548272281885147,12053,926,480,1359,446,433,0.4816414686825054,459,214,0.4662309368191721,0.9433190664827222
-31.600000381469727,-51.20001220703125,RS,0.376494,0.19110338389873505,0.1686110496520996,0.12450461089611053,0.3270598173141479,0.6515039801597595,0.10026663541793823,12053,1781,934,2671,847,890,0.4755755193711398,876,383,0.4372146118721461,0.9117867417490384
-31.600000381469727,-51.0,RS,0.380624,0.15253514051437378,0.16753806173801422,0.0909213200211525,0.246626192331314,0.5960680246353149,0.0717184990644455,12053,1259,644,1849,615,590,0.48848292295472595,610,274,0.4491803278688525,0.9317040005793363
-31.600000381469727,-50.79998779296875,RS,0.382144,0.11011751741170883,0.16762126982212067,0.06520634144544601,0.1754494875669479,0.5921522974967957,0.051027871668338776,12053,712,354,1058,358,346,0.5028089887640449,372,182,0.489247311827957,0.9425194376712828
-31.39999961853028,-50.79998779296875,RS,0.381983,0.14292612671852112,0.16667324304580688,0.0849495679140091,0.2286930739879608,0.5943599939346313,0.06713957339525223,12053,1107,567,1629,540,522,0.4878048780487805,545,252,0.46238532110091746,0.9328162795476673
-31.39999961853028,-50.600006103515625,RS,0.38644,0.10129553079605103,0.1677672266960144,0.06215677037835121,0.1648776739835739,0.6136180758476257,0.049086667597293854,12053,559,262,849,297,290,0.5313059033989267,305,161,0.5278688524590164,0.9407837470713979
-31.200000762939453,-50.79998779296875,RS,0.380958,0.17199864983558655,0.16612745821475983,0.10622323304414749,0.28372464776039125,0.6175817847251892,0.08417490124702454,12053,1493,767,2211,726,718,0.48626925653047554,732,321,0.4385245901639344,0.9219784098504834
-31.200000762939453,-50.600006103515625,RS,0.387122,0.1297193467617035,0.16814614832401276,0.07731667906045914,0.20777701139450072,0.5960304141044617,0.06119019165635109,12053,908,442,1363,466,455,0.513215859030837,469,236,0.5031982942430704,0.9349025425968139
-31.200000762939453,-50.399993896484375,RS,0.39104,0.09235507994890213,0.1693369448184967,0.057778842747211456,0.15424382984638213,0.6256163120269775,0.04603978618979454,12053,427,195,665,232,238,0.5433255269320844,241,130,0.5394190871369294,0.9424370834974327
-31.0,-50.600006103515625,RS,0.388655,0.15428784489631653,0.16941802203655243,0.09177279472351074,0.24816711544990536,0.5948154330253601,0.07211597263813019,12053,1241,634,1836,607,595,0.48912167606768736,609,271,0.44499178981937604,0.9299263099222038
-31.0,-50.399993896484375,RS,0.392952,0.11684805154800415,0.17073018848896027,0.06980911642313004,0.18820015192031858,0.5974349975585938,0.05505525320768356,12053,734,366,1091,368,357,0.5013623978201635,381,185,0.48556430446194226,0.9376561262293525
-31.0,-50.20001220703125,RS,0.39588,0.08891522139310837,0.1713663786649704,0.05575331300497055,0.14746739864349365,0.6270390152931213,0.044496387243270874,12053,366,176,583,190,217,0.5191256830601093,212,108,0.5094339622641509,0.9436898409045619
-30.799999237060547,-50.399993896484375,RS,0.395301,0.144341379404068,0.1727975606918335,0.08490992337465286,0.22913208603858942,0.5882576704025269,0.06665189564228058,12053,1075,551,1602,524,527,0.4874418604651163,528,233,0.4412878787878788,0.9330327454198145
-30.799999237060547,-50.20001220703125,RS,0.398879,0.11405183374881744,0.17366346716880798,0.0680508241057396,0.1818466126918791,0.5966657400131226,0.05359223484992981,12053,665,327,1002,338,337,0.5082706766917293,352,171,0.48579545454545453,0.9387032056121785
-30.600000381469727,-50.399993896484375,RS,0.39741,0.16149991750717163,0.17552855610847473,0.09706281870603561,0.2619403302669525,0.6010084748268127,0.07586861401796341,12053,1307,662,1960,645,653,0.4934965570007651,649,283,0.43605546995377503,0.9269669151050787
-30.600000381469727,-50.20001220703125,RS,0.404066,0.13779358565807343,0.17768977582454681,0.08059170842170715,0.2152937173843383,0.5848727226257324,0.06352171301841736,12053,957,490,1423,467,466,0.48798328108672934,473,211,0.44608879492600423,0.9350300784687497
-30.600000381469727,-50.0,RS,0.406059,0.10861969739198685,0.1776367425918579,0.06463257223367691,0.17164830267429346,0.5950354933738708,0.051454201340675354,12053,568,274,868,294,300,0.5176056338028169,306,152,0.49673202614379086,0.9407147804094766
-30.39999961853028,-50.20001220703125,RS,0.412557,0.1504250168800354,0.18499572575092316,0.0894981399178505,0.23910869956016528,0.5949684381484985,0.07062722742557526,12053,1126,572,1671,554,545,0.4920071047957371,553,244,0.4412296564195298,0.9303570045523221
-30.39999961853028,-50.0,RS,0.413877,0.12500698864459991,0.18387335538864136,0.07289731502532959,0.19386577010154718,0.5831459164619446,0.05783257260918617,12053,752,380,1134,372,382,0.4946808510638298,381,175,0.45931758530183725,0.9379438712923868
-30.39999961853028,-49.79998779296875,RS,0.413275,0.1032264232635498,0.18222913146018982,0.06082490459084511,0.16179935932159417,0.5892377495765686,0.048328857868909836,12053,479,234,736,245,257,0.511482254697286,261,128,0.4904214559386973,0.9436399303611324
-30.200000762939453,-50.0,RS,0.423298,0.1356353461742401,0.19215348362922668,0.07978963851928711,0.21212792992591856,0.5882658362388611,0.06357003003358841,12053,867,436,1315,431,448,0.497116493656286,442,205,0.4638009049773756,0.9342781803262057
-30.200000762939453,-49.79998779296875,RS,0.421627,0.11530359089374542,0.18940654397010803,0.06688738614320755,0.1776157647371292,0.580098032951355,0.053376346826553345,12053,605,298,912,307,307,0.5074380165289256,323,157,0.48606811145510836,0.9412488480052523
-30.0,-50.0,RS,0.431692,0.1462559849023819,0.20017759501934052,0.08767732232809067,0.23285622894763947,0.599478542804718,0.06988738477230072,12053,1000,501,1514,499,514,0.499,499,230,0.46092184368737477,0.9298390856710526
-30.0,-49.79998779296875,RS,0.430222,0.1260562688112259,0.1973855048418045,0.07350368052721024,0.19482851922512054,0.5831021666526794,0.05844241753220558,12053,738,368,1114,370,376,0.5013550135501355,382,185,0.48429319371727747,0.9377133233484571
-29.799999237060547,-49.79998779296875,RS,0.438053,0.1387842297554016,0.20527136325836182,0.08231416344642639,0.21729477345943451,0.5931088924407959,0.06555935740470886,12053,888,444,1345,444,457,0.5,452,216,0.4778761061946903,0.9328147341250291
-29.799999237060547,-49.600006103515625,RS,0.435056,0.12010428309440613,0.20139440894126892,0.06900060921907425,0.18348585367202758,0.5745058059692383,0.054860200732946396,12053,645,324,975,321,330,0.49767441860465117,337,157,0.4658753709198813,0.9411748289478131
-29.600000381469727,-49.79998779296875,RS,0.444409,0.15264113247394562,0.2124052196741104,0.09242670238018036,0.24457039833068847,0.6055163741111755,0.07346448302268982,12053,1075,531,1631,544,556,0.5060465116279069,548,264,0.48175182481751827,0.9275836481870722
-29.600000381469727,-49.600006103515625,RS,0.44245,0.13376249372959137,0.20899808406829834,0.0779045969247818,0.20640659928321836,0.5824098587036133,0.06163560226559639,12053,808,406,1221,402,413,0.4975247524752475,417,201,0.48201438848920863,0.936506877565756
-29.600000381469727,-49.399993896484375,RS,0.439253,0.11419311910867691,0.20476999878883362,0.06503493338823318,0.1720913469791412,0.5695170760154724,0.05128291994333267,12053,561,286,849,275,288,0.49019607843137253,297,135,0.45454545454545453,0.9438272264961207
-29.39999961853028,-49.600006103515625,RS,0.44899,0.14997050166130066,0.21615445613861084,0.08949414640665054,0.2362925350666046,0.5967450141906738,0.07090112566947937,12053,1027,508,1546,519,519,0.5053554040895814,525,250,0.47619047619047616,0.9305671797219885
-29.39999961853028,-49.399993896484375,RS,0.445521,0.1295039802789688,0.21159686148166656,0.07425683736801147,0.1962253212928772,0.573394238948822,0.05858319252729416,12053,737,368,1118,369,381,0.5006784260515604,391,188,0.48081841432225064,0.9395216541142649
-29.39999961853028,-49.20001220703125,RS,0.441797,0.10857932269573212,0.20728503167629242,0.061342980712652206,0.161707928776741,0.5649600625038147,0.048183172941207886,12053,497,242,752,255,255,0.5130784708249497,272,127,0.46691176470588236,0.946148637194944
-29.200000762939453,-49.399993896484375,RS,0.449673,0.14675481617450714,0.21750769019126892,0.0861249566078186,0.22709724903106687,0.5868629217147827,0.06800083070993423,12053,983,484,1486,499,503,0.5076297049847406,508,237,0.46653543307086615,0.9334103836855075
-29.200000762939453,-49.20001220703125,RS,0.446082,0.12430103868246078,0.21296873688697815,0.07076536118984222,0.18712237179279323,0.5693062543869019,0.05545883625745773,12053,688,340,1037,348,349,0.5058139534883721,365,173,0.473972602739726,0.9413786390603768
-29.200000762939453,-49.0,RS,0.443349,0.10186255723237991,0.20897987484931946,0.05767817795276642,0.15344696640968322,0.5662353038787842,0.045167334377765656,12053,420,203,648,217,228,0.5166666666666667,234,107,0.45726495726495725,0.9478503364534292
-29.0,-49.399993896484375,SC/PR,0.449269,0.1668962985277176,0.21999482810497284,0.10175802558660507,0.26583907604217527,0.6097081303596497,0.0809953585267067,12053,1269,636,1907,633,638,0.4988179669030733,644,288,0.4472049689440994,0.924598129557066
-29.0,-49.20001220703125,SC/PR,0.447561,0.14329004287719727,0.21703827381134033,0.08344940096139908,0.21984567046165462,0.582381010055542,0.06558547168970108,12053,947,466,1436,481,489,0.5079197465681098,491,231,0.47046843177189407,0.9347715746688188
-29.0,-49.0,SC/PR,0.445677,0.11838752776384354,0.21355704963207245,0.06810811161994934,0.18005919456481934,0.575298011302948,0.05340738594532013,12053,625,306,942,319,317,0.5104,336,157,0.46726190476190477,0.9412673541298786
-29.0,-48.79998779296875,SC/PR,0.443778,0.09632483869791031,0.21056216955184937,0.055176470428705215,0.145815509557724,0.5728166103363037,0.0431518517434597,12053,356,170,571,186,215,0.5224719101123596,209,92,0.44019138755980863,0.9489507809013621
-29.0,-48.600006103515625,SC/PR,0.442453,0.07820681482553482,0.20832519233226776,0.04321341589093208,0.1136520341038704,0.5525530576705933,0.03387579321861267,12053,195,86,325,109,130,0.558974358974359,124,67,0.5403225806451613,0.9605396769540376
-28.799999237060547,-49.0,SC/PR,0.445228,0.1468600183725357,0.21663734316825867,0.08609618991613388,0.22582519650459285,0.5862466096878052,0.06857524067163467,12053,1016,503,1511,513,495,0.5049212598425197,523,240,0.4588910133843212,0.9329904167176187
-28.799999237060547,-48.79998779296875,SC/PR,0.444728,0.11901526153087616,0.21478945016860962,0.06947080790996552,0.18185654580593105,0.5837134122848511,0.0552990697324276,12053,642,310,976,332,334,0.5171339563862928,357,170,0.47619047619047616,0.9396560871015264
-28.799999237060547,-48.600006103515625,SC/PR,0.444776,0.09344524145126343,0.21322621405124664,0.05427657067775726,0.14159993529319762,0.5808382630348206,0.04289139434695244,12053,322,149,532,173,210,0.5372670807453416,194,86,0.44329896907216493,0.9497596704568765
-28.799999237060547,-48.399993896484375,SC/PR,0.444843,0.07384322583675385,0.2118716835975647,0.04067191481590271,0.10648168325424189,0.5507873296737671,0.03203834220767021,12053,161,71,266,90,105,0.5590062111801242,107,58,0.5420560747663551,0.9639902630530626
-28.600000381469727,-48.79998779296875,SC/PR,0.441854,0.15037831664085388,0.21827393770217896,0.08915027230978012,0.2337455749511718,0.5928399562835693,0.07104159891605377,12053,1110,553,1641,557,531,0.5018018018018018,568,258,0.45422535211267606,0.9308458302531771
-28.600000381469727,-48.600006103515625,SC/PR,0.446283,0.11355406790971756,0.2187442034482956,0.06660851091146469,0.17408908009529112,0.5865796804428101,0.05280385911464691,12053,595,280,922,315,327,0.5294117647058824,337,162,0.4807121661721068,0.941685939589749
-28.600000381469727,-48.399993896484375,SC/PR,0.448277,0.08578816801309586,0.21792975068092346,0.04969505965709686,0.12986403703689575,0.5792763829231262,0.039356429129838943,12053,267,120,439,147,172,0.550561797752809,163,76,0.4662576687116564,0.9548474013001687
-28.39999961853028,-48.600006103515625,SC/PR,0.447478,0.13057859241962433,0.22549603879451752,0.07673929631710052,0.20167066156864166,0.5876866579055786,0.06125158816576004,12053,858,413,1294,445,436,0.5186480186480187,458,213,0.4650655021834061,0.9376667604319537
-28.39999961853028,-48.399993896484375,SC/PR,0.451957,0.09805784374475479,0.2254170924425125,0.05758604779839516,0.1512797683477401,0.5872660875320435,0.04580800607800484,12053,430,194,695,236,265,0.5488372093023256,254,122,0.48031496062992124,0.949338238106795
-28.200000762939453,-48.600006103515625,SC/PR,0.449557,0.14149042963981628,0.2341948300600052,0.08406967669725418,0.22007011771202084,0.5941721796989441,0.06664688885211945,12053,1100,546,1623,554,523,0.5036363636363637,567,257,0.4532627865961199,0.9352774144415121
-28.200000762939453,-48.399993896484375,SC/PR,0.455688,0.1093536764383316,0.23425176739692688,0.06422292441129684,0.16828005611896513,0.5872955322265625,0.05085567384958267,12053,617,279,972,338,355,0.5478119935170178,354,174,0.4915254237288136,0.9469080232090773
-28.200000762939453,-48.20001220703125,SC/PR,0.459175,0.08461245894432068,0.23339195549488068,0.049393609166145325,0.1291851699352264,0.5837628245353699,0.03925974667072296,12053,315,132,506,183,191,0.580952380952381,198,105,0.5303030303030303,0.9590449268944086
-28.0,-48.399993896484375,SC/PR,0.46389,0.11870779097080231,0.24439813196659088,0.06977493315935135,0.18264561891555783,0.5877873301506042,0.055237870663404465,12053,777,377,1185,400,408,0.5148005148005148,425,189,0.4447058823529412,0.9459335642766313
-28.0,-48.20001220703125,SC/PR,0.468105,0.09235502034425735,0.2436644583940506,0.05454767495393753,0.14266965985298155,0.590630292892456,0.043397970497608185,12053,408,182,664,226,256,0.553921568627451,243,121,0.49794238683127573,0.9569021685736265
-27.799999237060547,-48.399993896484375,SC/PR,0.476086,0.12650929391384125,0.25622493028640747,0.07457524538040161,0.19487261772155756,0.5894843339920044,0.05880866199731827,12053,898,446,1367,452,469,0.5033407572383074,481,215,0.446985446985447,0.9458530203479399
-27.799999237060547,-48.20001220703125,SC/PR,0.481567,0.09850926697254181,0.2558106780052185,0.058450326323509216,0.15261384248733514,0.593348503112793,0.046596262603998184,12053,515,232,816,283,301,0.5495145631067961,303,151,0.49834983498349833,0.9567665750933133
-27.600000381469727,-48.399993896484375,SC/PR,0.492605,0.1344444900751114,0.27103519439697266,0.07985763996839523,0.21045665740966796,0.5939822196960449,0.06305071711540222,12053,1060,546,1573,514,513,0.4849056603773585,549,251,0.45719489981785066,0.9459582367143358
-27.600000381469727,-48.20001220703125,SC/PR,0.500705,0.10496880114078522,0.27149343490600586,0.0623435415327549,0.16283884048461914,0.5939244627952576,0.04933096095919609,12053,613,290,946,323,333,0.5269168026101142,350,165,0.4714285714285714,0.9576749250480611
-27.600000381469727,-48.0,SC/PR,0.501159,0.08265957981348038,0.26761624217033386,0.0475669801235199,0.12366098761558533,0.5754563212394714,0.037751395255327225,12053,333,145,542,188,209,0.5645645645645646,204,107,0.5245098039215687,0.9696014369123528
-27.39999961853028,-48.399993896484375,SC/PR,0.537301,0.13379061222076416,0.31031176447868347,0.0798664316534996,0.2109716713428497,0.5969509482383728,0.06323406100273132,12053,1141,598,1681,543,540,0.4758983347940403,576,260,0.4513888888888889,0.9537052301176183
-27.39999961853028,-48.20001220703125,SC/PR,0.528236,0.10943568497896194,0.2936975061893463,0.06481282413005829,0.16961648762226103,0.5922458171844482,0.051356617361307144,12053,705,345,1074,360,369,0.5106382978723404,383,172,0.4490861618798956,0.9607498591998267
-27.39999961853028,-48.0,SC/PR,0.524446,0.087198406457901,0.28536927700042725,0.05051073804497719,0.1321085214614868,0.5792621970176697,0.039979249238967896,12053,392,179,618,213,226,0.5433673469387755,235,115,0.48936170212765956,0.9705539775514241
-27.200000762939453,-48.399993896484375,SC/PR,0.582978,0.1344640702009201,0.33433666825294495,0.08153697103261948,0.2145851135253906,0.606384813785553,0.0650770515203476,12053,1022,530,1515,492,493,0.48140900195694714,525,233,0.4438095238095238,0.9567602388915109
-27.200000762939453,-48.20001220703125,SC/PR,0.566661,0.11127112060785294,0.3198738396167755,0.06565530598163605,0.17280290126800538,0.5900480151176453,0.05187585949897766,12053,719,354,1087,365,368,0.5076495132127955,389,181,0.4652956298200514,0.9651022965158854
-27.200000762939453,-48.0,SC/PR,0.552473,0.09176237136125565,0.3064647912979126,0.053105514496564865,0.139762532711029,0.5787286758422852,0.042237576097249985,12053,461,225,711,236,250,0.5119305856832972,268,130,0.48507462686567165,0.9721092735429596
-27.0,-48.399993896484375,SC/PR,0.629906,0.12735803425312042,0.3616168200969696,0.07645278424024582,0.2033742904663086,0.6002981066703796,0.06054851785302162,12053,866,446,1299,420,433,0.48498845265588914,459,212,0.46187363834422657,0.9642368722316621
-27.0,-48.20001220703125,SC/PR,0.611887,0.11245346814393997,0.3463055193424225,0.06614059209823608,0.17550744414329528,0.5881596207618713,0.05258389189839363,12053,665,333,1013,332,348,0.4992481203007519,367,173,0.4713896457765668,0.968891962761415
-26.799999237060547,-48.399993896484375,SC/PR,0.677386,0.12724336981773376,0.38761332631111145,0.07684355229139328,0.20441221892833705,0.6039100885391235,0.06092691421508789,12053,764,390,1170,374,406,0.4895287958115183,412,187,0.4538834951456311,0.9673650087388033
-26.799999237060547,-48.20001220703125,SC/PR,0.657062,0.11437758058309555,0.3728097677230835,0.06743542850017548,0.17894981503486634,0.589586079120636,0.053456440567970276,12053,648,315,990,333,342,0.5138888888888888,356,175,0.49157303370786515,0.9714043093105972
-26.600000381469727,-48.600006103515625,SC/PR,0.750584,0.1415669173002243,0.42513972520828247,0.08822803944349289,0.2350150108337402,0.6232249736785889,0.07031498849391937,12053,775,380,1178,395,403,0.5096774193548387,425,201,0.47294117647058825,0.9650520703463287
-26.600000381469727,-48.399993896484375,SC/PR,0.728177,0.12943889200687408,0.4140542447566986,0.07861695438623428,0.20971991419792174,0.6073673367500305,0.06250147521495819,12053,711,353,1072,358,361,0.5035161744022504,395,186,0.4708860759493671,0.9693695672347382
-26.600000381469727,-48.20001220703125,SC/PR,0.707378,0.1168656200170517,0.3992195725440979,0.06943340599536896,0.18476032614707946,0.594130277633667,0.05505572631955147,12053,583,280,896,303,313,0.5197255574614065,332,166,0.5,0.9730972833285207
-26.39999961853028,-48.399993896484375,SC/PR,0.786422,0.13422293961048126,0.44463855028152466,0.08240750432014465,0.21993535757064814,0.6139599084854126,0.06558384746313095,12053,644,311,994,333,350,0.5170807453416149,368,178,0.483695652173913,0.9703975021107519
-26.39999961853028,-48.20001220703125,SC/PR,0.763106,0.12110716104507446,0.42831340432167053,0.07275082170963287,0.1937324583530426,0.6007144451141357,0.057729534804821014,12053,522,246,820,276,298,0.5287356321839081,310,157,0.5064516129032258,0.9740475773974689
-26.200000762939453,-48.399993896484375,SC/PR,0.868401,0.1384151726961136,0.48836928606033325,0.08576376736164093,0.22850965857505798,0.619612455368042,0.06830016523599625,12053,565,260,876,305,311,0.5398230088495575,334,166,0.49700598802395207,0.9724164255215051
-26.200000762939453,-48.20001220703125,SC/PR,0.825459,0.12717445194721222,0.46103107929229736,0.07717600464820862,0.20554240942001342,0.6068514585494995,0.061263274401426315,12053,493,224,765,269,272,0.5456389452332657,297,153,0.5151515151515151,0.9745602731847081
-26.0,-48.399993896484375,SC/PR,0.940288,0.14370332658290863,0.5265036821365356,0.09000565111637115,0.23925234079360957,0.6263296008110046,0.07165712118148804,12053,516,230,810,286,294,0.5542635658914729,315,166,0.526984126984127,0.9733608757734726
-26.0,-48.20001220703125,SC/PR,0.890884,0.13462860882282257,0.4957773685455322,0.08248443156480789,0.21902666091918943,0.6126813292503357,0.06567596644163132,12053,465,211,737,254,272,0.546236559139785,284,147,0.5176056338028169,0.9747793623864678
-25.799999237060547,-48.20001220703125,SC/PR,0.951877,0.1411251723766327,0.5279493927955627,0.08732648938894272,0.23234456479549395,0.6187874674797058,0.069497250020504,12053,443,201,710,242,267,0.54627539503386,273,142,0.5201465201465202,0.97499021022402
-25.799999237060547,-48.0,SC/PR,0.893305,0.1293613463640213,0.49418988823890686,0.07761898636817932,0.20723298192024225,0.6000168323516846,0.06118962541222572,12053,420,185,668,235,248,0.5595238095238095,260,135,0.5192307692307693,0.9771947525532044
-25.600000381469727,-48.399993896484375,SC/PR,1.065991,0.15593154728412628,0.583207905292511,0.10067151486873627,0.2673735618591308,0.6456134915351868,0.08019042015075684,12053,432,188,679,244,247,0.5648148148148148,268,145,0.5410447761194029,0.9731787231724713
-25.600000381469727,-48.20001220703125,SC/PR,1.007499,0.1490943878889084,0.5518602132797241,0.09417737275362015,0.2500412464141845,0.6316627860069275,0.0748688280582428,12053,433,189,688,244,255,0.5635103926096998,264,140,0.5303030303030303,0.9739090344668594
-25.600000381469727,-48.0,SC/PR,0.94467,0.13664689660072327,0.5194075107574463,0.08327438682317734,0.22266303598880768,0.6094129681587219,0.06579791009426117,12053,409,183,652,226,243,0.5525672371638142,255,133,0.5215686274509804,0.9764626105056037
-25.600000381469727,-47.79998779296875,SC/PR,0.889423,0.1254734992980957,0.48839953541755676,0.07436184585094452,0.19893801212310788,0.5926498174667358,0.0584183931350708,12053,386,162,620,224,234,0.5803108808290155,237,128,0.540084388185654,0.9784685434112129
-25.39999961853028,-48.0,SC/PR,0.972441,0.14662978053092957,0.5340234637260437,0.09167274087667465,0.24361091852188105,0.6251986622810364,0.07275612652301788,12053,446,196,704,250,258,0.5605381165919282,275,145,0.5272727272727272,0.9737248401823185
-25.39999961853028,-47.79998779296875,SC/PR,0.928446,0.13589301705360413,0.5094330906867981,0.08243492245674133,0.21970741748809813,0.6066163182258606,0.06477194279432297,12053,417,184,668,233,251,0.5587529976019184,258,135,0.5232558139534884,0.9762682954559273
-25.39999961853028,-47.600006103515625,SC/PR,0.876343,0.12488193064928055,0.4796375334262848,0.07353968173265457,0.19636659622192382,0.5888736844062805,0.057521358132362366,12053,387,160,609,227,222,0.58656330749354,236,127,0.538135593220339,0.9784661160887039
-25.200000762939453,-47.79998779296875,SC/PR,0.953431,0.14756503701210022,0.5235235691070557,0.09200990200042725,0.24448499083518982,0.6235210299491882,0.07281111925840378,12053,478,209,741,269,263,0.5627615062761506,294,157,0.5340136054421769,0.9729806472905027
-25.200000762939453,-47.600006103515625,SC/PR,0.909957,0.13485845923423767,0.4981388449668884,0.08112567663192749,0.21566884517669674,0.6015616655349731,0.06322245299816132,12053,432,184,674,248,242,0.5740740740740741,264,144,0.5454545454545454,0.9763568523032401
-25.0,-47.79998779296875,SP/RJ,0.960678,0.15722011029720306,0.5278365015983582,0.10025889426469803,0.2654116153717041,0.6376976370811462,0.07916463166475296,12053,548,241,848,307,300,0.5602189781021898,331,171,0.5166163141993958,0.9695648698805355
-25.0,-47.600006103515625,SP/RJ,0.92836,0.14587390422821045,0.5087090134620667,0.08972581475973129,0.2393144607543945,0.6150916218757629,0.07037576287984848,12053,495,218,775,277,280,0.5595959595959596,303,157,0.5181518151815182,0.973311715433153
-25.0,-47.399993896484375,SP/RJ,0.886895,0.13608157634735107,0.48341691493988037,0.08113286644220352,0.2163999557495117,0.5962075591087341,0.06317306309938431,12053,452,199,701,253,249,0.5597345132743363,270,136,0.5037037037037037,0.9757131492217661
-25.0,-47.20001220703125,SP/RJ,0.842559,0.12539713084697723,0.4577386975288391,0.072551429271698,0.19311035871505733,0.5785732865333557,0.056520506739616394,12053,413,181,631,232,218,0.5617433414043583,252,126,0.5,0.9779834735571645
-24.799999237060547,-47.399993896484375,SP/RJ,0.90016,0.1507084220647812,0.48889192938804626,0.0925077348947525,0.24593739509582518,0.6138193011283875,0.07251779735088348,12053,517,228,810,289,293,0.5589941972920697,312,156,0.5,0.9709276693630627
-24.799999237060547,-47.20001220703125,SP/RJ,0.861248,0.13941030204296112,0.46613597869873047,0.08290315419435501,0.22028168439865106,0.5946702361106873,0.06460237503051758,12053,469,210,734,259,265,0.5522388059701493,280,134,0.4785714285714286,0.973811495663922
-24.799999237060547,-47.0,SP/RJ,0.823436,0.1286565661430359,0.44633007049560547,0.07441167533397675,0.1978455364704132,0.5783745050430298,0.05780208110809326,12053,441,201,680,240,239,0.54421768707483,261,124,0.47509578544061304,0.9761856992545134
-24.799999237060547,-46.79998779296875,SP/RJ,0.791171,0.11754904687404633,0.4293462336063385,0.0664539635181427,0.17664760351181027,0.5653296709060669,0.05160631984472275,12053,389,174,603,215,214,0.5526992287917738,236,113,0.4788135593220339,0.9784366328168481
-24.600000381469727,-47.20001220703125,SP/RJ,0.864213,0.1568441092967987,0.46551164984703064,0.096751868724823,0.2550203204154968,0.6168664693832397,0.07601536810398102,12053,562,250,891,312,329,0.5551601423487544,338,168,0.4970414201183432,0.9668432013414602
-24.600000381469727,-47.0,SP/RJ,0.835846,0.14425836503505707,0.4519227147102356,0.08565877377986908,0.22643515467643732,0.5937871932983398,0.06689656525850296,12053,517,241,800,276,283,0.5338491295938105,308,145,0.4707792207792208,0.97096771427747
-24.600000381469727,-46.79998779296875,SP/RJ,0.807554,0.13089758157730103,0.4387577772140503,0.07584425806999207,0.20061767101287842,0.579416811466217,0.05883943289518356,12053,465,209,711,256,246,0.5505376344086022,269,128,0.4758364312267658,0.9742185864236785
-24.600000381469727,-46.600006103515625,SP/RJ,0.779478,0.12081396579742432,0.4258860647678375,0.069036565721035,0.18286747336387627,0.571428656578064,0.05338314175605774,12053,418,184,653,234,235,0.5598086124401914,249,119,0.4779116465863454,0.9760456865477607
-24.39999961853028,-46.79998779296875,SP/RJ,0.818604,0.14511309564113617,0.44613292813301086,0.08563417196273804,0.22620686292648312,0.5901201963424683,0.06654851883649826,12053,535,258,828,277,293,0.5177570093457944,313,142,0.4536741214057508,0.9694978268244082
-24.39999961853028,-46.600006103515625,SP/RJ,0.793456,0.13542421162128448,0.43582984805107117,0.07864461839199066,0.2080147802829742,0.5807278752326965,0.061110418289899826,12053,511,243,776,268,265,0.5244618395303327,295,131,0.4440677966101695,0.9715078542977725
-24.39999961853028,-46.399993896484375,SP/RJ,0.766807,0.12751507759094238,0.42436352372169495,0.07298480719327927,0.19353816509246824,0.5723621845245361,0.056587398052215576,12053,487,235,753,252,266,0.5174537987679672,284,126,0.44366197183098594,0.972836385559586
-24.39999961853028,-46.20001220703125,SP/RJ,0.740575,0.11997050791978836,0.41206517815589905,0.06734256446361542,0.17935671806335446,0.5613259673118591,0.05216842144727707,12053,453,212,719,241,266,0.5320088300220751,269,123,0.45724907063197023,0.9742532983898542
-24.39999961853028,-46.0,SP/RJ,0.718592,0.11241258680820465,0.3999917507171631,0.06155513599514961,0.1640919208526611,0.5475822687149048,0.047669917345047,12053,403,180,641,223,238,0.5533498759305211,239,115,0.4811715481171548,0.9760695610787057
-24.39999961853028,-45.20001220703125,SP/RJ,0.628043,0.07307541370391846,0.349956750869751,0.03284395858645439,0.0869206130504608,0.4494529366493225,0.025416161864995956,12053,191,98,286,93,95,0.4869109947643979,107,44,0.411214953271028,0.989049830944164
-24.200000762939453,-46.600006103515625,SP/RJ,0.800581,0.15067927539348602,0.44297337532043457,0.08923829346895218,0.23602337837219237,0.5922399759292603,0.06970436871051788,12053,638,307,979,331,341,0.5188087774294671,364,164,0.45054945054945056,0.9661578900557924
-24.200000762939453,-46.399993896484375,SP/RJ,0.77656,0.1425563395023346,0.4338206946849823,0.08295101672410965,0.21972779035568235,0.5818823575973511,0.06445471942424774,12053,626,304,951,322,325,0.5143769968051118,354,159,0.4491525423728814,0.9679554574215132
-24.200000762939453,-46.20001220703125,SP/RJ,0.750144,0.13434186577796936,0.4225296676158905,0.07697226852178574,0.20384224057197567,0.5729581713676453,0.05963968113064766,12053,611,297,922,314,311,0.513911620294599,343,154,0.4489795918367347,0.9694384476831786
-24.200000762939453,-46.0,SP/RJ,0.728185,0.12665018439292908,0.4106890559196472,0.07105259597301483,0.18930006623268125,0.5610145330429077,0.054933249950408936,12053,564,269,855,295,291,0.5230496453900709,320,147,0.459375,0.971197818290107
-24.200000762939453,-45.79998779296875,SP/RJ,0.706449,0.11916977167129517,0.39856040477752686,0.06512075662612915,0.17302643954753877,0.5464536547660828,0.050483256578445435,12053,513,232,788,281,275,0.5477582846003899,293,143,0.4880546075085324,0.9732671897984954
-24.200000762939453,-45.600006103515625,SP/RJ,0.682859,0.1095699816942215,0.3849855959415436,0.05866051837801933,0.15619913935661314,0.5353703498840332,0.04571065306663513,12053,434,198,699,236,265,0.543778801843318,252,120,0.47619047619047616,0.9756708393502822
-24.200000762939453,-45.399993896484375,SP/RJ,0.65938,0.09948749095201492,0.3715589940547943,0.052188705652952194,0.1377402365207672,0.5245755314826965,0.04073009639978409,12053,370,176,580,194,210,0.5243243243243243,207,89,0.42995169082125606,0.9783883896917662
-24.200000762939453,-45.20001220703125,SP/RJ,0.638479,0.08867068588733673,0.35949471592903137,0.04476694390177727,0.11740256547927855,0.504867434501648,0.035053737461566925,12053,305,153,460,152,155,0.49836065573770494,168,66,0.39285714285714285,0.9821385728874502
-24.200000762939453,-45.0,SP/RJ,0.622446,0.07522338628768921,0.34958547353744507,0.035381339490413666,0.09210465550422668,0.4703502655029297,0.027893800288438797,12053,209,115,327,94,118,0.44976076555023925,117,46,0.39316239316239315,0.9874174788331925
-24.0,-46.399993896484375,SP/RJ,0.774999,0.15697528421878815,0.43740057945251465,0.09383459389209747,0.2485058009624481,0.5977666974067688,0.0735800713300705,12053,761,373,1167,388,406,0.5098554533508541,419,186,0.4439140811455847,0.9618289782163464
-24.0,-46.20001220703125,SP/RJ,0.749386,0.15268084406852722,0.42725011706352234,0.09013845771551132,0.23800896406173705,0.5903717279434204,0.07080335170030594,12053,775,376,1181,399,406,0.5148387096774194,426,193,0.45305164319248825,0.9620524363912892
-24.0,-46.0,SP/RJ,0.732638,0.1437724083662033,0.4201834499835968,0.08266016840934753,0.21955013275146473,0.574937641620636,0.06439405679702759,12053,744,363,1120,381,376,0.5120967741935484,403,183,0.45409429280397023,0.9651393299754235
-24.0,-45.79998779296875,SP/RJ,0.713567,0.13603341579437256,0.4093891978263855,0.07639949023723602,0.20355768203735353,0.5616229772567749,0.059266649186611176,12053,713,349,1056,364,343,0.5105189340813464,380,168,0.4421052631578947,0.9675210286091943
-24.0,-45.600006103515625,SP/RJ,0.691409,0.13006573915481567,0.3957574963569641,0.072017602622509,0.19176648855209347,0.5537015795707703,0.05615417659282684,12053,683,341,1002,342,319,0.5007320644216691,357,154,0.43137254901960786,0.9686876640523273
-24.0,-45.399993896484375,SP/RJ,0.665422,0.12713757157325745,0.37902069091796875,0.0698782205581665,0.18427059650421143,0.5496268272399902,0.054750263690948486,12053,670,336,983,334,313,0.49850746268656715,349,152,0.4355300859598854,0.9684075576880594
-24.0,-45.20001220703125,SP/RJ,0.643223,0.11677806079387665,0.36496153473854065,0.06292496621608734,0.16358197927474977,0.5388423800468445,0.049745798110961914,12053,576,296,862,280,286,0.4861111111111111,305,125,0.4098360655737705,0.9712085047216421
-24.0,-45.0,SP/RJ,0.632645,0.0955263301730156,0.3584928810596466,0.04891031235456467,0.1275673806667328,0.5120087265968323,0.03845333307981491,12053,372,192,570,180,198,0.4838709677419355,200,77,0.385,0.979407860188935
-24.0,-44.79998779296875,SP/RJ,0.622273,0.07962340861558914,0.35158899426460266,0.038440827280282974,0.10089306384325028,0.4827829897403717,0.030182328075170517,12053,255,141,394,114,139,0.4470588235294118,139,48,0.34532374100719426,0.9856325142990441
-23.799999237060547,-45.79998779296875,SP/RJ,0.716081,0.15242458879947662,0.4172751307487488,0.08881621062755585,0.23551436066627496,0.5826895236968994,0.06963097304105759,12053,895,450,1351,445,456,0.4972067039106145,474,208,0.4388185654008439,0.9609794570649312
-23.799999237060547,-45.600006103515625,SP/RJ,0.700519,0.15221621096134186,0.40660691261291504,0.08830581605434418,0.23323232531547544,0.5801340937614441,0.06927701085805893,12053,910,457,1372,453,462,0.4978021978021978,479,207,0.4321503131524008,0.9601922698587468
-23.799999237060547,-45.399993896484375,SP/RJ,0.679261,0.14101359248161316,0.3992547392845154,0.08034980297088623,0.21109433770179747,0.5698018074035645,0.06279432773590088,12053,876,450,1299,426,423,0.4863013698630137,455,192,0.421978021978022,0.9624963470649094
-23.799999237060547,-45.20001220703125,SP/RJ,0.64868,0.12642315030097961,0.3723350167274475,0.06865578144788742,0.18254332542419432,0.5430633425712585,0.05346226692199707,12053,704,357,1051,347,347,0.4928977272727273,373,155,0.4155495978552279,0.967722293283618
-23.799999237060547,-45.0,SP/RJ,0.641958,0.11259594559669495,0.3672342896461487,0.05879542976617813,0.15560789704322814,0.5221806764602661,0.04583883285522461,12053,560,276,843,284,283,0.5071428571428571,302,132,0.4370860927152318,0.9738499592825862
-23.799999237060547,-44.79998779296875,SP/RJ,0.633815,0.09845545142889023,0.3617444932460785,0.049466170370578766,0.13105269670486447,0.5024218559265137,0.03856879100203514,12053,420,223,644,197,224,0.46904761904761905,226,83,0.3672566371681416,0.9794063397622628
-23.799999237060547,-44.600006103515625,SP/RJ,0.626118,0.086150161921978,0.35652998089790344,0.04176236689090729,0.11011666655540465,0.4847624897956848,0.03269771486520767,12053,312,171,477,141,165,0.4519230769230769,171,57,0.3333333333333333,0.9839635784532824
-23.600000381469727,-45.20001220703125,SP/RJ,0.657104,0.13675300776958466,0.3813319504261017,0.0764547809958458,0.2021237790584564,0.5590720176696777,0.059548117220401764,12053,826,424,1228,402,402,0.48668280871670705,431,177,0.41067285382830626,0.963444940614473
-23.600000381469727,-45.0,SP/RJ,0.649852,0.12370433658361435,0.37532222270965576,0.06601197272539139,0.17395551204681398,0.5336269736289978,0.05163731426000595,12053,689,353,1024,336,335,0.4876632801161103,360,145,0.4027777777777778,0.9699902850801764
-23.600000381469727,-44.79998779296875,SP/RJ,0.643862,0.1148156002163887,0.37125927209854126,0.05961214378476143,0.1578088819980621,0.519199013710022,0.04645492136478424,12053,611,300,920,311,309,0.5090016366612111,328,145,0.4420731707317073,0.9738320945048268
-23.600000381469727,-44.600006103515625,SP/RJ,0.638136,0.10433904826641083,0.3674934506416321,0.05269700288772583,0.13918220996856687,0.5050554275512695,0.04121838137507439,12053,506,246,764,260,258,0.5138339920948617,274,117,0.42700729927007297,0.9779718209545093
-23.600000381469727,-44.399993896484375,SP/RJ,0.632744,0.09440597146749496,0.3638361990451813,0.04618445783853531,0.12208319306373595,0.48921120166778564,0.036420706659555435,12053,403,212,626,191,223,0.4739454094292804,217,80,0.3686635944700461,0.9818981228471998
-23.600000381469727,-44.20001220703125,SP/RJ,0.627519,0.08537931740283966,0.36011627316474915,0.04050580412149429,0.10687669515609739,0.47442173957824707,0.032227691262960434,12053,333,180,504,153,171,0.4594594594594595,179,63,0.35195530726256985,0.9852204569639496
-23.600000381469727,-44.0,SP/RJ,0.623142,0.07762166112661362,0.3560132086277008,0.03571883961558342,0.09418011605739593,0.4601658880710602,0.02850429341197014,12053,271,149,414,122,143,0.45018450184501846,148,54,0.36486486486486486,0.987932320942991
-23.39999961853028,-44.399993896484375,SP/RJ,0.647998,0.11166563630104065,0.37618905305862427,0.05690986290574074,0.15056310892105101,0.5096452832221985,0.044916845858097076,12053,596,298,892,298,296,0.5,316,134,0.4240506329113924,0.9760943008496015
-23.39999961853028,-44.20001220703125,SP/RJ,0.644203,0.10259512811899185,0.3711373507976532,0.050734713673591614,0.13438955545425413,0.4945138692855835,0.04001016169786453,12053,487,240,736,247,249,0.5071868583162218,263,113,0.4296577946768061,0.9798662619737448
-23.39999961853028,-44.0,SP/RJ,0.638865,0.09526288509368896,0.3657280504703522,0.04612715169787407,0.12226935625076288,0.4842090606689453,0.03668324649333954,12053,410,206,628,204,218,0.4975609756097561,225,93,0.41333333333333333,0.9825591131854446
-23.39999961853028,-43.79998779296875,SP/RJ,0.631576,0.08931905776262283,0.35963428020477295,0.042537420988082886,0.11218560338020325,0.47624126076698303,0.03389977663755417,12053,348,182,542,166,194,0.47701149425287354,184,70,0.3804347826086957,0.9844447860698446
-23.39999961853028,-43.600006103515625,SP/RJ,0.625777,0.08414125442504883,0.3546246290206909,0.03946729376912117,0.10371192693710327,0.4690599739551544,0.03149530291557312,12053,310,166,480,144,170,0.4645161290322581,167,64,0.38323353293413176,0.9860619510536244
-23.39999961853028,-43.399993896484375,SP/RJ,0.622132,0.07942153513431549,0.35146409273147583,0.03650610148906708,0.09556175768375393,0.459649920463562,0.029163343831896782,12053,268,151,413,117,145,0.43656716417910446,145,51,0.35172413793103446,0.9876415294087462
-23.39999961853028,-43.20001220703125,SP/RJ,0.620257,0.07460521161556244,0.349467009305954,0.033645905554294586,0.08749094605445862,0.45098599791526794,0.026984643191099167,12053,236,131,356,105,120,0.4449152542372881,119,42,0.35294117647058826,0.9891217450264514
-23.39999961853028,-43.0,SP/RJ,0.619911,0.06894788146018982,0.34814366698265076,0.0304725244641304,0.0791039526462555,0.44196462631225586,0.024414807558059692,12053,193,112,294,81,101,0.41968911917098445,99,35,0.35353535353535354,0.9906842471115941
-23.39999961853028,-42.79998779296875,SP/RJ,0.620806,0.0640195682644844,0.3472011387348175,0.027472786605358124,0.07118085026741028,0.42913109064102173,0.022094957530498505,12053,172,95,243,77,71,0.4476744186046512,87,33,0.3793103448275862,0.992160788023372
-23.39999961853028,-42.600006103515625,SP/RJ,0.62258,0.06142960116267204,0.3466976284980774,0.02527015469968319,0.06542452573776245,0.4113677144050598,0.020361918956041336,12053,151,86,212,65,61,0.4304635761589404,80,31,0.3875,0.9932939431003129
-23.39999961853028,-42.20001220703125,SP/RJ,0.631304,0.062148842960596085,0.3487884998321533,0.02435282990336418,0.06249725520610808,0.3918468654155731,0.01989823952317238,12053,138,81,197,57,59,0.41304347826086957,70,29,0.4142857142857143,0.9939063949750879
-23.39999961853028,-42.0,SP/RJ,0.63872,0.06508204340934753,0.35174447298049927,0.02585965022444725,0.06591999530792236,0.39733925461769104,0.021057769656181335,12053,137,79,199,58,62,0.4233576642335766,67,26,0.3880597014925373,0.9933498986087279
-23.200000762939453,-44.399993896484375,SP/RJ,0.671855,0.12391937524080276,0.39614906907081604,0.06506054848432541,0.17341319322586057,0.5250232219696045,0.05116714537143707,12053,707,374,1045,333,338,0.471004243281471,369,147,0.3983739837398374,0.9719977379770803
-23.200000762939453,-44.20001220703125,SP/RJ,0.654414,0.12109355628490448,0.3772064745426178,0.06226621940732002,0.16610355377197264,0.5141992568969727,0.049165260046720505,12053,671,347,989,324,318,0.4828614008941878,355,143,0.4028169014084507,0.9737247711289181
-23.200000762939453,-44.0,SP/RJ,0.655431,0.11697212606668472,0.37628453969955444,0.05899319052696228,0.15676726102828978,0.5043354630470276,0.04663221538066864,12053,624,317,924,307,300,0.49198717948717946,328,139,0.42378048780487804,0.9760001028574172
-23.200000762939453,-43.79998779296875,SP/RJ,0.642301,0.11169858276844025,0.3662427067756653,0.055583737790584564,0.14666874408721922,0.4976225793361664,0.04394654184579849,12053,574,290,856,284,282,0.49477351916376305,304,129,0.4243421052631579,0.977553888866481
-23.200000762939453,-43.600006103515625,SP/RJ,0.635576,0.10657722502946854,0.3603599965572357,0.05240149050951004,0.137433522939682,0.4916762411594391,0.041578490287065506,12053,512,261,773,251,261,0.490234375,275,116,0.4218181818181818,0.9792114848212304
-23.200000762939453,-43.399993896484375,SP/RJ,0.633069,0.10138634592294693,0.3575037121772766,0.04878219962120056,0.1277988314628601,0.4811515808105469,0.039057374000549316,12053,465,238,692,227,227,0.4881720430107527,247,102,0.41295546558704455,0.9813041029155584
-23.200000762939453,-43.20001220703125,SP/RJ,0.632665,0.09721074998378754,0.35591745376586914,0.04566929489374161,0.11989643573760984,0.469796746969223,0.03640248253941536,12053,403,204,605,199,202,0.49379652605459057,212,86,0.4056603773584906,0.9831320593433381
-23.200000762939453,-43.0,SP/RJ,0.633021,0.09122081100940704,0.35437485575675964,0.04219277575612068,0.11052567809820171,0.4625345468521118,0.03357027471065521,12053,347,173,530,174,183,0.5014409221902018,186,77,0.41397849462365593,0.984906722635945
-23.200000762939453,-42.79998779296875,SP/RJ,0.63375,0.08316165953874588,0.3533857464790344,0.038614995777606964,0.10108892917633057,0.4643365144729614,0.030786514282226562,12053,268,140,417,128,149,0.47761194029850745,140,54,0.38571428571428573,0.9866134920427173
-23.200000762939453,-42.600006103515625,SP/RJ,0.635982,0.07660020142793655,0.35306626558303833,0.03593803569674492,0.09368198513984678,0.469163715839386,0.028705913573503494,12053,212,106,325,106,113,0.5,113,51,0.45132743362831856,0.9879321334675201
-23.200000762939453,-42.399993896484375,SP/RJ,0.640332,0.07353600859642029,0.3538884222507477,0.03463848680257797,0.09024195075035095,0.47104117274284363,0.027918336912989616,12053,182,94,272,88,90,0.4835164835164835,96,41,0.4270833333333333,0.9886508426267013
-23.200000762939453,-42.20001220703125,SP/RJ,0.647502,0.07356071472167969,0.3563199043273926,0.03472656011581421,0.09000977873802182,0.4720802307128906,0.028028545901179314,12053,163,85,250,78,87,0.4785276073619632,90,38,0.4222222222222222,0.9887137192728084
-23.200000762939453,-42.0,SP/RJ,0.65814,0.07562843710184097,0.36075717210769653,0.03581396862864494,0.09223902821540826,0.4735516309738159,0.028870411217212677,12053,163,81,256,82,93,0.5030674846625767,89,40,0.449438202247191,0.9883907000193063
-23.200000762939453,-41.79998779296875,SP/RJ,0.669163,0.07801157981157303,0.36588773131370544,0.036444105207920074,0.09366671442985534,0.46716275811195374,0.02916945517063141,12053,156,81,243,75,87,0.4807692307692308,82,35,0.4268292682926829,0.9883690963001678
-23.0,-44.399993896484375,SP/RJ,0.697688,0.13271255791187286,0.41691991686820984,0.07158207148313522,0.1907284259796142,0.5393767952919006,0.05645930767059326,12053,783,420,1150,363,367,0.46360153256704983,402,156,0.3880597014925373,0.9689702894298133
-23.0,-44.0,SP/RJ,0.752706,0.1344086080789566,0.43771377205848694,0.07194121181964874,0.19074065685272218,0.5352426171302795,0.056764427572488785,12053,695,360,1020,335,325,0.48201438848920863,358,143,0.3994413407821229,0.9739115490413688
-23.0,-43.399993896484375,SP/RJ,0.637959,0.12475816160440445,0.3596481382846832,0.06321557611227036,0.1676561534404754,0.5067049264907837,0.050294484943151474,12053,697,377,1030,320,333,0.45911047345767575,353,132,0.37393767705382436,0.9732788036491936
-23.0,-43.20001220703125,SP/RJ,0.647089,0.1218036487698555,0.3622645139694214,0.060820020735263824,0.16101569533348084,0.4993284046649933,0.04846358299255371,12053,633,342,931,291,298,0.4597156398104265,322,121,0.37577639751552794,0.9751317375011748
-23.0,-43.0,SP/RJ,0.643499,0.11953985691070557,0.3587099015712738,0.05850701406598091,0.15485091805458057,0.48943519592285156,0.04638814181089401,12053,597,324,883,273,286,0.457286432160804,298,112,0.37583892617449666,0.9763030679550093
-23.0,-42.79998779296875,SP/RJ,0.641843,0.11481475085020065,0.35635706782341003,0.05516701936721802,0.14590200781822202,0.480487197637558,0.043885488063097,12053,544,292,798,252,254,0.4632352941176471,278,113,0.4064748201438849,0.978046676854059
-23.0,-42.600006103515625,SP/RJ,0.643954,0.10714158415794373,0.3562624156475067,0.05082733556628227,0.1343065083026886,0.4743941128253937,0.04046768322587013,12053,445,237,666,208,221,0.46741573033707867,225,86,0.38222222222222224,0.9803255562226623
-23.0,-42.399993896484375,SP/RJ,0.648192,0.10216374695301056,0.35719627141952515,0.04863126203417778,0.1283239424228668,0.4760129153728485,0.03894144669175148,12053,389,202,587,187,198,0.480719794344473,199,75,0.3768844221105528,0.9814374967348067
-23.0,-42.20001220703125,SP/RJ,0.656045,0.09902861714363098,0.36002495884895325,0.04734225571155548,0.1251867115497589,0.47806641459465027,0.0377822145819664,12053,330,167,516,163,186,0.49393939393939396,176,75,0.42613636363636365,0.9822136339044201
-23.0,-42.0,SP/RJ,0.677808,0.09555423259735107,0.369670033454895,0.04618503898382187,0.12146365642547607,0.48333850502967834,0.03692738711833954,12053,262,128,421,134,159,0.5114503816793893,146,69,0.4726027397260274,0.9833922397961582
-23.0,-41.79998779296875,SP/RJ,0.697625,0.0903027206659317,0.37932172417640686,0.04405861720442772,0.1145297437906265,0.48789912462234497,0.0351574532687664,12053,205,101,322,104,117,0.5073170731707317,109,49,0.44954128440366975,0.9850442876866435
-23.0,-41.600006103515625,SP/RJ,0.706657,0.08724737912416458,0.3840970993041992,0.041039254516363144,0.10690064430236815,0.4703780710697174,0.03283805400133133,12053,183,92,276,91,93,0.4972677595628415,95,46,0.4842105263157895,0.9869883101344924
-22.799999237060547,-41.79998779296875,SP/RJ,0.739432,0.09961666166782379,0.3997344970703125,0.049028269946575165,0.12942521572113033,0.4921693801879883,0.03895391523838043,12053,229,112,359,117,130,0.5109170305676856,120,55,0.4583333333333333,0.983760809052833
-22.799999237060547,-41.600006103515625,SP/RJ,0.741352,0.09521830081939697,0.40119606256484985,0.04562094435095787,0.12017481327056884,0.47911950945854187,0.03626228868961334,12053,197,100,302,97,105,0.49238578680203043,102,46,0.45098039215686275,0.9855781054360877
-22.600000381469727,-41.79998779296875,SP/RJ,0.776155,0.1044907495379448,0.4181623160839081,0.05237414315342903,0.13854866027832027,0.5012323260307312,0.04162081331014633,12053,229,108,373,121,144,0.5283842794759825,123,57,0.4634146341463415,0.9831696459481111
-22.600000381469727,-41.600006103515625,SP/RJ,0.773195,0.10153071582317352,0.41710376739501953,0.0502496212720871,0.13286292552947998,0.49492040276527405,0.03985733538866043,12053,213,102,338,111,125,0.5211267605633803,112,53,0.4732142857142857,0.9840948196793976
-22.600000381469727,-41.399993896484375,SP/RJ,0.769919,0.0975906029343605,0.41603291034698486,0.04579562693834305,0.12168781608343124,0.46926265954971313,0.0361827127635479,12053,197,100,290,97,93,0.49238578680203043,105,47,0.44761904761904764,0.9862192616675522
-22.39999961853028,-41.600006103515625,SP/RJ,0.796984,0.10913228988647461,0.42884528636932373,0.05581941828131676,0.14764623641967772,0.5114839673042297,0.04443497583270073,12053,237,111,385,126,148,0.5316455696202531,129,60,0.46511627906976744,0.9819586488840483
-22.39999961853028,-41.399993896484375,SP/RJ,0.795288,0.1070677861571312,0.4285027086734772,0.05396217852830887,0.14246697425842275,0.5040001273155212,0.04288433492183685,12053,217,103,356,114,139,0.5253456221198156,117,54,0.46153846153846156,0.9828081253128852
-22.39999961853028,-41.20001220703125,SP/RJ,0.790209,0.10092215240001678,0.42662689089775085,0.04839232936501503,0.12852118015289304,0.47950154542922974,0.03815454617142677,12053,195,100,290,95,95,0.48717948717948717,105,45,0.42857142857142855,0.9852964513782183
-22.39999961853028,-41.0,SP/RJ,0.78413,0.08698604255914688,0.4242653250694275,0.03863835707306862,0.10238350033760069,0.44419029355049133,0.030579552054405212,12053,151,82,215,69,64,0.45695364238410596,78,35,0.44871794871794873,0.9896862492172936
-22.39999961853028,-40.79998779296875,SP/RJ,0.775374,0.07403448969125748,0.42014914751052856,0.029093481600284576,0.07559112310409545,0.3929719924926758,0.023218095302581787,12053,106,64,153,42,47,0.39622641509433965,56,20,0.35714285714285715,0.9936540164638145
-22.200000762939453,-41.399993896484375,SP/RJ,0.813512,0.11795994639396667,0.4370097815990448,0.062402136623859406,0.16491228640079486,0.5290112495422363,0.04959263652563095,12053,267,123,430,144,163,0.5393258426966292,153,74,0.48366013071895425,0.9788854224133404
-22.200000762939453,-41.20001220703125,SP/RJ,0.813636,0.11617401242256165,0.4377870559692383,0.06107977032661438,0.1611478567123413,0.525761067867279,0.0488906055688858,12053,254,120,417,134,163,0.5275590551181102,142,66,0.4647887323943662,0.9795325165260428
-22.200000762939453,-41.0,SP/RJ,0.810288,0.10388118773698807,0.43735456466674805,0.05166814103722572,0.13583161830902096,0.49737727642059326,0.0411999449133873,12053,196,101,292,95,96,0.4846938775510204,104,43,0.41346153846153844,0.9840449765989495
-22.200000762939453,-40.79998779296875,SP/RJ,0.806583,0.08975637704133987,0.43637946248054504,0.04181664064526558,0.10940324366092678,0.46589046716690063,0.0332648791372776,12053,150,78,213,72,63,0.48,77,33,0.42857142857142855,0.9885689432472761
-22.200000762939453,-40.600006103515625,SP/RJ,0.798453,0.07928701490163803,0.4326111078262329,0.0337158665060997,0.0867270827293396,0.4252381920814514,0.02727722004055977,12053,111,67,154,44,43,0.3963963963963964,54,17,0.3148148148148148,0.9920862751523135
-22.0,-40.79998779296875,SP/RJ,0.854338,0.10286255180835724,0.462637722492218,0.05149993300437927,0.13638061881065366,0.5006674528121948,0.040406234562397,12053,180,89,261,91,81,0.5055555555555555,97,41,0.422680412371134,0.9847480726114743
-22.0,-40.600006103515625,SP/RJ,0.83564,0.09225288033485413,0.45289576053619385,0.043544951826334,0.11426208019256592,0.4720172584056854,0.03454703465104103,12053,149,76,204,73,55,0.4899328859060403,78,36,0.46153846153846156,0.9881576246208752
-21.799999237060547,-40.79998779296875,SP/RJ,0.903909,0.10114322602748871,0.49131372570991516,0.049496062099933624,0.1326421558856964,0.4893660545349121,0.03875754401087761,12053,158,75,226,83,68,0.5253164556962026,82,39,0.47560975609756095,0.9865508504402557
-21.799999237060547,-40.600006103515625,SP/RJ,0.879408,0.0906754806637764,0.47775623202323914,0.041107211261987686,0.11076292395591736,0.45334428548812866,0.03180021792650223,12053,133,68,180,65,47,0.48872180451127817,73,34,0.4657534246575342,0.9898494757582259
-21.600000381469727,-40.79998779296875,SP/RJ,0.934757,0.09860092401504517,0.5102188587188721,0.04714138060808182,0.12704588174819945,0.47810283303260803,0.03654835373163223,12053,144,72,200,72,56,0.5,76,34,0.4473684210526316,0.9879822794745171
-21.600000381469727,-40.600006103515625,SP/RJ,0.907387,0.08477731049060822,0.4940982460975647,0.03565311059355736,0.09806328415870666,0.420550137758255,0.02713770791888237,12053,104,60,147,44,43,0.4230769230769231,57,25,0.43859649122807015,0.9923446984297579
-21.39999961853028,-40.79998779296875,SP/RJ,0.948337,0.10121853649616241,0.5181184411048889,0.04878357797861099,0.13190433979034422,0.4819628894329071,0.03733004257082939,12053,149,78,207,71,58,0.47651006711409394,78,34,0.4358974358974359,0.9873866764093076
-21.39999961853028,-40.600006103515625,SP/RJ,0.920794,0.08652815967798233,0.5017626285552979,0.036950383335351944,0.10154754519462585,0.42703303694725037,0.028285030275583267,12053,109,62,151,47,42,0.43119266055045874,59,26,0.4406779661016949,0.9920063539410239
-21.200000762939453,-40.79998779296875,SP/RJ,0.95555,0.109028160572052,0.5215568542480469,0.05456899479031563,0.14768847227096554,0.500503659248352,0.04171798378229141,12053,165,88,237,77,72,0.4666666666666667,87,37,0.42528735632183906,0.98485879868994
-21.200000762939453,-40.600006103515625,SP/RJ,0.928676,0.09080424904823303,0.505786120891571,0.04033493995666504,0.11020746827125548,0.4441966116428375,0.030970647931098938,12053,122,66,166,56,44,0.45901639344262296,66,31,0.4696969696969697,0.9907882811920704
-21.200000762939453,-40.399993896484375,SP/RJ,0.886068,0.06931333243846893,0.48126330971717834,0.024029916152358055,0.06512978076934811,0.34668534994125366,0.01884756237268448,12053,76,53,98,23,22,0.3026315789473684,41,11,0.2682926829268293,0.9962077602576783
-21.0,-40.79998779296875,ES/BA-S,0.951343,0.1120121031999588,0.5176649689674377,0.05591301992535591,0.1546173453330993,0.4991694390773773,0.04229787737131119,12053,182,93,276,89,94,0.489010989010989,98,43,0.4387755102040816,0.9840131836288158
-21.0,-40.600006103515625,ES/BA-S,0.932945,0.0932869017124176,0.507235050201416,0.0416426882147789,0.11548356413841247,0.4463937282562256,0.03155675530433655,12053,135,71,184,64,49,0.4740740740740741,74,33,0.44594594594594594,0.9902540463306185
-21.0,-40.399993896484375,ES/BA-S,0.898775,0.07356799393892288,0.4878454804420471,0.027038078755140305,0.07287659645080566,0.36752501130104065,0.021118082106113434,12053,85,55,108,30,23,0.35294117647058826,47,17,0.3617021276595745,0.9953917455865381
-21.0,-40.20001220703125,ES/BA-S,0.871251,0.059387702494859695,0.472554087638855,0.016387037932872772,0.0424224853515625,0.275933176279068,0.013122960925102234,12053,58,43,75,15,17,0.25862068965517243,31,4,0.12903225806451613,0.9981612053981481
-21.0,-29.39999389648437,ES/BA-S,0.770816,0.0495026670396328,0.4119098484516144,0.0042810929007828236,0.010681450366973877,0.08648206293582916,0.003601163625717163,12053,50,46,55,4,5,0.08,23,3,0.13043478260869565,0.9998303506889177
-21.0,-29.20001220703125,ES/BA-S,0.764102,0.04945840314030647,0.4081921875476837,0.0042646415531635284,0.010681450366973877,0.08622683584690094,0.0035400986671447754,12053,52,49,56,3,4,0.057692307692307696,21,1,0.047619047619047616,0.9998302144636904
-20.799999237060547,-40.399993896484375,ES/BA-S,0.910979,0.081876739859581,0.4939080476760864,0.03295210748910904,0.09005796909332275,0.4024599492549896,0.025318007916212082,12053,105,64,142,41,37,0.3904761904761905,57,22,0.38596491228070173,0.9935002955379725
-20.799999237060547,-40.20001220703125,ES/BA-S,0.890282,0.06565719097852707,0.48284903168678284,0.02099265344440937,0.055725634098052944,0.319731205701828,0.016498543322086334,12053,68,48,92,20,24,0.29411764705882354,36,8,0.2222222222222222,0.99714840637169
-20.799999237060547,-40.0,ES/BA-S,0.875556,0.05566766485571861,0.47468098998069763,0.013250610791146755,0.03387558460235596,0.23803065717220306,0.010803550481796265,12053,51,44,65,7,14,0.13725490196078433,26,0,0.0,0.9988086166959117
-20.799999237060547,-29.600006103515625,ES/BA-S,0.790647,0.049709808081388474,0.42257052659988403,0.004268647637218237,0.010649716854095454,0.08587133884429932,0.0035401135683059692,12053,43,42,47,1,4,0.023255813953488372,21,1,0.047619047619047616,0.9998401872554192
-20.799999237060547,-29.39999389648437,ES/BA-S,0.782981,0.049508433789014816,0.4183366596698761,0.004244856536388397,0.01058871746063232,0.08574006706476212,0.0035157501697540283,12053,44,41,49,3,5,0.06818181818181818,22,3,0.13636363636363635,0.9998378150912266
-20.799999237060547,-29.20001220703125,ES/BA-S,0.774233,0.04940144717693329,0.4134601056575775,0.004226678051054478,0.010600835084915156,0.08555778115987778,0.0034790709614753723,12053,48,43,51,5,3,0.10416666666666667,23,3,0.13043478260869565,0.9998349430056398
-20.799999237060547,-29.0,ES/BA-S,0.769028,0.04928424581885338,0.4107097089290619,0.004221869632601738,0.010498404502868652,0.08566367626190186,0.003479108214378357,12053,51,46,56,5,5,0.09803921568627451,23,2,0.08695652173913043,0.9998342937676168
-20.799999237060547,-28.79998779296875,ES/BA-S,0.765312,0.0491289384663105,0.4087475836277008,0.00421753479167819,0.010559332370758057,0.08584624528884888,0.0034791231155395508,12053,55,49,58,6,3,0.10909090909090909,26,5,0.19230769230769232,0.9998325171925919
-20.799999237060547,-28.600006103515625,ES/BA-S,0.762137,0.04912003129720688,0.4071120023727417,0.004203789867460728,0.010534992814064026,0.08558198809623718,0.0035035014152526855,12053,55,51,59,4,4,0.07272727272727272,24,3,0.125,0.9998310007973014
-20.600000381469727,-40.399993896484375,ES/BA-S,0.91261,0.09352784603834152,0.49462443590164185,0.040653351694345474,0.11368318796157827,0.4346657395362854,0.030383910983800888,12053,142,82,196,60,54,0.4225352112676056,75,29,0.38666666666666666,0.9903307252495275
-20.600000381469727,-40.20001220703125,ES/BA-S,0.907403,0.07352878153324127,0.4916984438896179,0.026615815237164497,0.07196199893951415,0.3619782030582428,0.020746823400259018,12053,89,55,117,34,28,0.38202247191011235,47,15,0.3191489361702128,0.9956463654097797
-20.600000381469727,-40.0,ES/BA-S,0.89504,0.05899422988295555,0.4850676655769348,0.01592196151614189,0.04162722826004028,0.269890159368515,0.01275673508644104,12053,55,44,72,11,17,0.2,29,3,0.10344827586206896,0.9983493060247939
-20.600000381469727,-29.79998779296875,ES/BA-S,0.810998,0.04981488361954689,0.4335508942604065,0.004244683776050806,0.010596036911010742,0.08520914614200592,0.0035400986671447754,12053,41,39,44,2,3,0.04878048780487805,21,2,0.09523809523809523,0.9998486469379853
-20.600000381469727,-29.600006103515625,ES/BA-S,0.804873,0.049390580505132675,0.43025878071784973,0.004226925782859325,0.010613167285919186,0.08558161556720734,0.0034912973642349243,12053,43,41,46,2,3,0.046511627906976744,22,2,0.09090909090909091,0.9998472403366996
-20.600000381469727,-29.39999389648437,ES/BA-S,0.79752,0.049052007496356964,0.42635682225227356,0.004216041415929794,0.010620415210723877,0.08595043420791626,0.0034790635108947754,12053,46,43,49,3,3,0.06521739130434782,23,2,0.08695652173913043,0.9998438315124041
-20.600000381469727,-29.20001220703125,ES/BA-S,0.794126,0.04895748570561409,0.42446228861808777,0.004201551433652639,0.010583758354187012,0.08582040667533875,0.0034423619508743286,12053,44,43,46,1,2,0.022727272727272728,22,1,0.045454545454545456,0.999843847612373
-20.600000381469727,-29.0,ES/BA-S,0.78518,0.04889068752527237,0.4195312261581421,0.004194787237793207,0.010376304388046265,0.08579930663108826,0.003418073058128357,12053,49,45,50,4,1,0.08163265306122448,23,3,0.13043478260869565,0.9998404032934505
-20.600000381469727,-28.79998779296875,ES/BA-S,0.777077,0.048663001507520676,0.4150110185146332,0.004186023958027363,0.010503357648849482,0.08602067083120346,0.0034546852111816406,12053,51,49,53,2,2,0.0392156862745098,25,2,0.08,0.9998393326378617
-20.600000381469727,-28.600006103515625,ES/BA-S,0.775593,0.04847303405404091,0.414378821849823,0.004177381284534931,0.010437315702438355,0.08617948740720749,0.0034669190645217896,12053,50,47,53,3,3,0.06,23,1,0.043478260869565216,0.9998379212290307
-20.39999961853028,-40.20001220703125,ES/BA-S,0.917585,0.08103552460670471,0.49696117639541626,0.03149743750691414,0.08715553879737853,0.38868677616119385,0.024066854268312454,12053,109,67,140,42,31,0.3853211009174312,55,19,0.34545454545454546,0.9940456677823388
-20.39999961853028,-40.0,ES/BA-S,0.907028,0.06354444473981857,0.4915875196456909,0.01953020878136158,0.05230872929096222,0.30734723806381226,0.015381336212158203,12053,63,48,82,15,19,0.23809523809523808,34,9,0.2647058823529412,0.9975762957783771
-20.39999961853028,-39.79998779296875,ES/BA-S,0.894402,0.053371429443359375,0.48502829670906067,0.012216019444167614,0.03137705326080322,0.22888687252998352,0.010009780526161194,12053,52,41,63,11,11,0.21153846153846154,26,1,0.038461538461538464,0.9990171532328892
-20.39999961853028,-29.600006103515625,ES/BA-S,0.820567,0.04888511821627617,0.43892955780029297,0.004192864987999201,0.010486143827438354,0.08576976507902145,0.0034669041633605957,12053,43,41,51,2,8,0.046511627906976744,22,2,0.09090909090909091,0.9998549205200441
-20.39999961853028,-29.39999389648437,ES/BA-S,0.819149,0.048514414578676224,0.43840551376342773,0.004191077314317226,0.010510587692260742,0.08638828992843628,0.0034669190645217896,12053,44,43,50,1,6,0.022727272727272728,22,0,0.0,0.9998541406079162
-20.39999961853028,-29.20001220703125,ES/BA-S,0.815344,0.04839757829904556,0.4363424479961395,0.004181882366538048,0.010483705997467032,0.08640684932470322,0.003466874361038208,12053,43,41,45,2,2,0.046511627906976744,22,2,0.09090909090909091,0.9998523426285193
-20.39999961853028,-29.0,ES/BA-S,0.813267,0.048275601118803024,0.43527328968048096,0.004167740233242512,0.010437339544296265,0.08633223176002502,0.003418073058128357,12053,47,42,49,5,2,0.10638297872340426,23,3,0.13043478260869565,0.9998510177281017
-20.39999961853028,-28.79998779296875,ES/BA-S,0.802867,0.04793424904346466,0.42939314246177673,0.004150857217609882,0.010339677333831787,0.08659481257200241,0.0034181177616119385,12053,46,44,48,2,2,0.043478260869565216,22,1,0.045454545454545456,0.9998485938065511
-20.39999961853028,-28.600006103515625,ES/BA-S,0.791805,0.04758845642209053,0.4233332872390747,0.004141257144510746,0.010342097282409654,0.08702230453491211,0.003418073058128357,12053,46,44,50,2,4,0.043478260869565216,22,2,0.09090909090909091,0.9998458097182413
-20.200000762939453,-40.0,ES/BA-S,0.917964,0.06882554292678833,0.49737414717674255,0.023113511502742767,0.06319768428802489,0.3358275294303894,0.017944857478141785,12053,77,51,104,26,27,0.33766233766233766,44,17,0.38636363636363635,0.996685175258128
-20.200000762939453,-39.79998779296875,ES/BA-S,0.902548,0.05618404597043991,0.48924729228019714,0.01469789631664753,0.03801265358924866,0.2616026699542999,0.011865325272083282,12053,56,45,70,11,14,0.19642857142857142,31,5,0.16129032258064516,0.9986094130656293
-20.200000762939453,-29.600006103515625,ES/BA-S,0.833773,0.04850524663925171,0.44623225927352905,0.004175322130322456,0.010422658920288076,0.08607980608940125,0.0034790709614753723,12053,42,41,48,1,6,0.023809523809523808,22,1,0.045454545454545456,0.99985854168676
-20.200000762939453,-29.39999389648437,ES/BA-S,0.830219,0.048058245331048965,0.44437694549560547,0.004165313672274351,0.010437309741973877,0.08667219430208206,0.0034546852111816406,12053,44,42,49,2,5,0.045454545454545456,23,2,0.08695652173913043,0.99985737686255
-20.200000762939453,-29.20001220703125,ES/BA-S,0.82612,0.047822434455156326,0.4422115683555603,0.004152236972004175,0.01030304878950119,0.0868261307477951,0.003430306911468506,12053,49,42,50,7,1,0.14285714285714285,25,4,0.16,0.9998565220976472
-20.200000762939453,-29.0,ES/BA-S,0.820817,0.047571368515491486,0.4393300414085388,0.004137801472097635,0.01025424599647522,0.0869809240102768,0.0034180693328380585,12053,46,41,47,5,1,0.10869565217391304,22,2,0.09090909090909091,0.9998555366723504
-20.200000762939453,-28.79998779296875,ES/BA-S,0.813605,0.04717840254306793,0.4353770911693573,0.004116208758205175,0.010242044925689697,0.08724773675203323,0.003405757248401642,12053,43,40,46,3,3,0.06976744186046512,23,3,0.13043478260869565,0.99985439425994
-20.200000762939453,-28.600006103515625,ES/BA-S,0.804866,0.04678082466125488,0.43055450916290283,0.004104060120880604,0.010193198919296265,0.08772953599691391,0.003357045352458954,12053,45,42,48,3,3,0.06666666666666667,24,3,0.125,0.9998516374629375
-20.0,-40.0,ES/BA-S,0.927341,0.07584454119205475,0.5023206472396851,0.027560468763113022,0.07629627585411072,0.3633810579776764,0.021057769656181335,12053,95,62,126,33,31,0.3473684210526316,51,17,0.3333333333333333,0.9954258285576099
-20.0,-39.79998779296875,ES/BA-S,0.912863,0.06232277303934097,0.4950611889362335,0.018973015248775482,0.0498044490814209,0.3044314980506897,0.015136614441871643,12053,65,51,82,14,17,0.2153846153846154,36,6,0.16666666666666666,0.997756195918781
-20.0,-39.600006103515625,ES/BA-S,0.908498,0.05388298258185387,0.49342796206474304,0.012828666716814041,0.032960164546966556,0.2380838245153427,0.010437548160552979,12053,51,40,64,11,13,0.21568627450980393,26,3,0.11538461538461539,0.9989487679203148
-19.799999237060547,-40.0,ES/BA-S,0.935606,0.08467833697795868,0.5067921280860901,0.03264088183641434,0.09265424609184265,0.38546910881996155,0.024018075317144394,12053,118,71,158,47,40,0.3983050847457627,61,23,0.3770491803278688,0.9936747939754293
-19.799999237060547,-39.79998779296875,ES/BA-S,0.931915,0.07401539385318756,0.5057844519615173,0.026155009865760803,0.07135127782821653,0.35337257385253906,0.020184390246868134,12053,90,60,122,30,32,0.3333333333333333,50,15,0.3,0.9959181753130155
-19.799999237060547,-39.600006103515625,ES/BA-S,0.918094,0.06142150238156319,0.4992647171020508,0.018132755532860756,0.04770786166191101,0.2952183783054352,0.014429382979869843,12053,65,53,83,12,18,0.18461538461538463,36,7,0.19444444444444445,0.9979477191447127
-19.799999237060547,-39.399993896484375,ES/BA-S,0.918504,0.054858554154634476,0.4999247193336487,0.013122268952429295,0.033658003807067856,0.2392018735408783,0.010699499398469925,12053,52,42,66,10,14,0.19230769230769232,28,5,0.17857142857142858,0.9989207615024253
-19.600000381469727,-39.600006103515625,ES/BA-S,0.982108,0.07109469175338745,0.5338495373725891,0.023976929485797882,0.0652837872505188,0.3372534513473511,0.018360108137130737,12053,75,55,105,20,30,0.26666666666666666,44,12,0.2727272727272727,0.9968389197710629
-19.600000381469727,-39.399993896484375,ES/BA-S,0.965226,0.061505213379859924,0.5262088179588318,0.017705457285046577,0.04666576981544494,0.2878692150115967,0.013867419213056564,12053,58,46,78,12,20,0.20689655172413793,33,8,0.24242424242424243,0.9981954388663251
-19.39999961853028,-39.600006103515625,ES/BA-S,1.115143,0.07749354839324951,0.6083598732948303,0.02759295515716076,0.07737784385681151,0.3560677766799927,0.020606469362974167,12053,80,54,109,26,29,0.325,47,13,0.2765957446808511,0.9966809639831391
-19.39999961853028,-39.399993896484375,ES/BA-S,1.095759,0.06758017092943192,0.5974970459938049,0.02132023125886917,0.05811641812324523,0.3154805898666382,0.016247842460870743,12053,54,43,68,11,14,0.2037037037037037,31,6,0.1935483870967742,0.997913817722736
-19.200000762939453,-39.600006103515625,ES/BA-S,1.322787,0.07841125130653381,0.7183507084846497,0.0278670322149992,0.0784627079963684,0.3553958237171173,0.020685531198978424,12053,55,40,74,15,19,0.2727272727272727,33,9,0.2727272727272727,0.9975226342712691
-19.200000762939453,-39.399993896484375,ES/BA-S,1.272525,0.07000147551298141,0.6932746171951294,0.02254820428788662,0.06246712207794188,0.3221104145050049,0.017132949084043503,12053,48,37,64,11,16,0.22916666666666666,25,5,0.2,0.9982330671216547
-19.0,-39.600006103515625,ES/BA-S,1.481503,0.07957558333873749,0.8044886589050293,0.028352703899145126,0.08019107580184932,0.3562990427017212,0.020935773849487305,12053,47,37,62,10,15,0.2127659574468085,27,7,0.25925925925925924,0.9979107834295791
-19.0,-39.399993896484375,ES/BA-S,1.433717,0.07158049196004868,0.7781482934951782,0.0235347468405962,0.06521147489547727,0.3287871479988098,0.017761796712875366,12053,40,30,56,10,16,0.25,22,6,0.2727272727272727,0.9984568646739176
-18.799999237060547,-39.600006103515625,ES/BA-S,1.620159,0.08147194981575012,0.8785370588302612,0.029400378465652466,0.08357008695602416,0.3608650267124176,0.021680466830730438,12053,40,32,59,8,19,0.2,22,4,0.18181818181818182,0.9980898204595198
-18.799999237060547,-39.399993896484375,ES/BA-S,1.571999,0.07317177951335907,0.8525309562683105,0.02455388382077217,0.06870038509368896,0.3355649411678314,0.018512383103370667,12053,38,30,46,8,8,0.21052631578947367,22,6,0.2727272727272727,0.9985725670336665
-18.600000381469727,-39.600006103515625,ES/BA-S,1.739896,0.08432089537382126,0.9441197514533997,0.0309483353048563,0.08831380605697631,0.36703044176101685,0.022815726697444916,12053,39,33,54,6,15,0.15384615384615385,22,4,0.18181818181818182,0.9981382579253502
-18.600000381469727,-39.399993896484375,ES/BA-S,1.684572,0.07603585720062256,0.91466224193573,0.026404686272144318,0.07491896152496337,0.34726622700691223,0.019836965948343277,12053,37,28,47,9,10,0.24324324324324326,22,6,0.2727272727272727,0.9985413976873616
-18.39999961853028,-39.600006103515625,ES/BA-S,1.841177,0.08906134963035583,0.9954233765602112,0.03344918042421341,0.09549170732498169,0.37557458877563477,0.024512656033039093,12053,40,31,52,9,12,0.225,22,5,0.22727272727272727,0.998015438963363
-18.39999961853028,-39.399993896484375,ES/BA-S,1.785987,0.08100870996713638,0.9673058390617371,0.029294453561306,0.08388162851333618,0.36162102222442627,0.021802395582199097,12053,36,26,47,10,11,0.2777777777777778,21,5,0.23809523809523808,0.9983717548080615
-18.200000762939453,-39.399993896484375,ES/BA-S,1.862386,0.08858660608530045,1.0066701173782349,0.0331922210752964,0.09445066452026366,0.37468668818473816,0.02428647130727768,12053,36,26,49,10,13,0.2777777777777778,21,5,0.23809523809523808,0.9980436514632578
-18.200000762939453,-39.20001220703125,ES/BA-S,1.780442,0.08265707641839981,0.9641716480255127,0.030484996736049652,0.08657040596008299,0.3688129186630249,0.022571418434381485,12053,36,27,46,9,10,0.25,21,5,0.23809523809523808,0.9981945293509257
-18.200000762939453,-39.0,ES/BA-S,1.690964,0.07989928126335144,0.9164905548095703,0.02902507781982422,0.08183841705322262,0.3632708191871643,0.02166808396577835,12053,36,27,46,9,10,0.25,21,5,0.23809523809523808,0.998199077998812
-18.0,-39.399993896484375,ES/BA-S,1.905866,0.09801820665597916,1.0277940034866333,0.03796302527189255,0.10834047794342042,0.3873058557510376,0.0276496559381485,12053,40,31,53,9,13,0.225,22,4,0.18181818181818182,0.997516118357021
-18.0,-39.20001220703125,ES/BA-S,1.824537,0.09204711765050888,0.9862756133079529,0.034886907786130905,0.09924650192260742,0.3790114223957062,0.025635551661252975,12053,37,27,52,10,15,0.2702702702702703,21,5,0.23809523809523808,0.9977108692590476
-18.0,-39.0,ES/BA-S,1.729094,0.08697017282247543,0.9366794228553772,0.03188352286815643,0.09002959728240967,0.36660295724868774,0.023499250411987305,12053,37,28,50,9,13,0.24324324324324326,21,5,0.23809523809523808,0.9978839804590589
-18.0,-38.79998779296875,ES/BA-S,1.637309,0.08111603558063507,0.8885800242424011,0.028638938441872597,0.08034887313842771,0.35306137800216675,0.02136274427175522,12053,37,27,48,10,11,0.2702702702702703,20,4,0.2,0.9981142865686233
-17.799999237060547,-39.0,ES/BA-S,1.712443,0.08665256947278976,0.9289581179618835,0.030959798023104668,0.08728283643722534,0.3572865426540375,0.02270573377609253,12053,37,28,48,9,11,0.24324324324324326,21,5,0.23809523809523808,0.9979225866559355
-17.799999237060547,-38.79998779296875,ES/BA-S,1.616846,0.07630089670419693,0.8796622157096863,0.024839745834469795,0.0699453592300415,0.325549840927124,0.018482312560081482,12053,35,30,42,5,7,0.14285714285714285,19,3,0.15789473684210525,0.9985086860628247
-17.600000381469727,-39.0,ES/BA-S,1.633249,0.07880804687738419,0.8898745775222778,0.025810834020376205,0.07442853450775144,0.32751521468162537,0.018616296350955963,12053,35,30,45,5,10,0.14285714285714285,17,2,0.11764705882352941,0.9983367027275191
-17.600000381469727,-38.79998779296875,ES/BA-S,1.538098,0.06838347017765045,0.8406205177307129,0.019383803009986877,0.05464162826538085,0.2834574282169342,0.014294743537902832,12053,31,29,39,2,8,0.06451612903225806,16,2,0.125,0.9989533623289816
-17.399999618530273,-39.0,ES/BA-S,1.547085,0.07443448156118393,0.8460652828216553,0.022965669631958008,0.06704306602478025,0.3085353672504425,0.01647999882698059,12053,33,29,43,4,10,0.12121212121212122,16,2,0.125,0.9984990753927129
-17.399999618530273,-38.79998779296875,ES/BA-S,1.456344,0.06488143652677536,0.7982034683227539,0.01706177182495594,0.0483477473258972,0.2629684805870056,0.0127076655626297,12053,31,28,38,3,7,0.0967741935483871,16,2,0.125,0.9990841530881281
-17.200000762939453,-39.0,ES/BA-S,1.474319,0.07241231203079224,0.8080602884292603,0.02146724797785282,0.06274604797363281,0.29645854234695435,0.01544235646724701,12053,33,29,44,4,11,0.12121212121212122,16,2,0.125,0.998534259901796
-17.200000762939453,-38.79998779296875,ES/BA-S,1.373565,0.06023721396923065,0.754285454750061,0.014129940420389175,0.03895753622055053,0.23457160592079163,0.010681487619876862,12053,28,28,33,0,5,0.0,15,0,0.0,0.9992962912223852
-17.0,-39.0,ES/BA-S,1.415185,0.07258635014295578,0.7771052122116089,0.021389314904808998,0.06164739727973938,0.2946740686893463,0.01556442677974701,12053,34,31,43,3,9,0.08823529411764706,17,2,0.11764705882352941,0.9984272511564212
-17.0,-38.79998779296875,ES/BA-S,1.312467,0.05793890357017517,0.7209597229957581,0.012795782648026943,0.03478968143463135,0.22084958851337433,0.00976613163948059,12053,28,27,35,1,7,0.03571428571428571,15,1,0.06666666666666667,0.9993677268612643
-16.799999237060547,-39.0,ES/BA-S,1.366177,0.0700267031788826,0.7511817812919617,0.019627390429377556,0.05639815330505371,0.2802843749523163,0.014038518071174622,12053,33,31,43,2,10,0.06060606060606061,16,2,0.125,0.9985509766355426
-16.799999237060547,-38.79998779296875,ES/BA-S,1.306837,0.05811960995197296,0.7178376913070679,0.01294177770614624,0.03501514196395874,0.2226748913526535,0.00983911007642746,12053,27,26,33,1,6,0.037037037037037035,15,1,0.06666666666666667,0.9993419825959764
-16.600000381469727,-39.0,ES/BA-S,1.357535,0.07145567238330841,0.7474811673164368,0.020213700830936432,0.05841243267059326,0.28288447856903076,0.014374211430549622,12053,35,32,47,3,12,0.08571428571428572,17,2,0.11764705882352941,0.9984227624795098
-16.600000381469727,-38.79998779296875,ES/BA-S,1.324238,0.06025700643658638,0.7279762029647827,0.013939660042524338,0.03813950419425964,0.23133675754070282,0.01049758493900299,12053,26,25,34,1,8,0.038461538461538464,14,1,0.07142857142857142,0.9992452514332327
-16.399999618530273,-38.79998779296875,ES/BA-S,1.338481,0.06424254924058914,0.7365245223045349,0.01588357985019684,0.044197022914886454,0.24724392592906952,0.011877655982971191,12053,28,25,38,3,10,0.10714285714285714,15,3,0.2,0.9990232442241341
-16.399999618530273,-38.600006103515625,ES/BA-S,1.295215,0.05800355598330498,0.7113985419273376,0.01197910774499178,0.03175674676895141,0.20652367174625397,0.009369298815727234,12053,26,24,32,2,6,0.07692307692307693,16,2,0.125,0.9994278234195902
-16.200000762939453,-38.79998779296875,ES/BA-S,1.355504,0.06858593225479126,0.7463635802268982,0.0180759746581316,0.050574636459350585,0.2635522186756134,0.013318102806806564,12053,33,27,44,6,11,0.18181818181818182,17,4,0.23529411764705882,0.9987607006158195
-16.200000762939453,-38.600006103515625,ES/BA-S,1.323611,0.06093018874526024,0.7277352213859558,0.013495570048689842,0.03650553226470947,0.22149233520030975,0.010455731302499771,12053,28,26,35,2,7,0.07142857142857142,16,2,0.125,0.9992974738821477
-16.0,-38.79998779296875,ES/BA-S,1.351447,0.07005646079778671,0.7439146637916565,0.01874818094074726,0.05218499302864075,0.26761528849601746,0.013855233788490295,12053,36,28,46,8,10,0.2222222222222222,19,5,0.2631578947368421,0.9986720932773261
-16.0,-38.600006103515625,ES/BA-S,1.323896,0.05866575986146927,0.7277640700340271,0.012392144650220871,0.03335127830505369,0.2112330049276352,0.009704619646072388,12053,29,27,34,2,5,0.06896551724137931,18,2,0.1111111111111111,0.9994139080717062
-15.800000190734863,-38.79998779296875,ES/BA-S,1.310747,0.06339633464813232,0.721025824546814,0.014668728224933147,0.041276276111602776,0.23138132691383362,0.011034667491912842,12053,31,26,39,5,8,0.16129032258064516,17,3,0.17647058823529413,0.9991338020624216
-15.800000190734863,-38.600006103515625,ES/BA-S,1.290048,0.05248576030135155,0.708916962146759,0.009033008478581905,0.02333426475524902,0.17210398614406586,0.007336758077144623,12053,26,24,29,2,3,0.07692307692307693,17,2,0.11764705882352941,0.9996841112214242
-15.800000190734863,-38.399993896484375,ES/BA-S,1.290004,0.047476835548877716,0.7091209888458252,0.00672921072691679,0.01683878898620605,0.1417367160320282,0.005554370582103729,12053,22,21,26,1,4,0.045454545454545456,14,1,0.07142857142857142,0.9998302698635482
-15.600000381469728,-38.79998779296875,ES/BA-S,1.3051,0.05934099107980728,0.7175769805908203,0.012261933647096157,0.03332967758178711,0.20663513243198395,0.009484462440013885,12053,29,26,34,3,5,0.10344827586206896,18,2,0.1111111111111111,0.9993972407069789
-15.600000381469728,-38.600006103515625,ES/BA-S,1.289537,0.05019630119204521,0.7083361744880676,0.007886557839810848,0.019837749004364014,0.15711432695388794,0.0064514800906181335,12053,22,21,26,1,4,0.045454545454545456,14,1,0.07142857142857142,0.99976184788958
-15.399999618530272,-38.79998779296875,ES/BA-S,1.301436,0.05662085488438606,0.7151023745536804,0.010764865204691887,0.028535449504852275,0.19012191891670227,0.00842304527759552,12053,28,25,32,3,4,0.10714285714285714,18,2,0.1111111111111111,0.9995404816843398
-15.399999618530272,-38.600006103515625,ES/BA-S,1.292143,0.048316847532987595,0.709587812423706,0.007317288313060999,0.018482309579849244,0.15144382417201996,0.005981720983982086,12053,23,22,25,1,2,0.043478260869565216,15,1,0.06666666666666667,0.9997957321715996
-15.199999809265137,-38.79998779296875,ES/BA-S,1.295797,0.05347495153546333,0.7114811539649963,0.009496678598225117,0.025085604190826415,0.17759115993976593,0.007568679749965668,12053,24,21,30,3,6,0.125,14,2,0.14285714285714285,0.9996468817285723
-15.199999809265137,-38.600006103515625,ES/BA-S,1.295563,0.04686016961932182,0.7114103436470032,0.00690419040620327,0.017359089851379395,0.14733600616455078,0.005664251744747162,12053,23,20,28,3,5,0.13043478260869565,16,3,0.1875,0.999820413426085
-15.0,-38.79998779296875,ES/BA-S,1.297176,0.05109076946973801,0.712290346622467,0.008742344565689564,0.022644519805908203,0.1711139678955078,0.007080197334289551,12053,26,23,32,3,6,0.11538461538461539,16,2,0.125,0.9997064901033771
-15.0,-38.600006103515625,ES/BA-S,1.300468,0.04621831327676773,0.7143517136573792,0.006693800445646048,0.016846287250518798,0.14483004808425903,0.005493342876434326,12053,23,22,27,1,4,0.043478260869565216,14,1,0.07142857142857142,0.9998320035681446
-14.800000190734863,-38.79998779296875,ES/BA-S,1.303494,0.04944714531302452,0.7163893580436707,0.008209633640944958,0.021005964279174796,0.1660284698009491,0.006677523255348206,12053,25,21,30,4,5,0.16,15,3,0.2,0.9997416793977199
-14.800000190734863,-38.600006103515625,ES/BA-S,1.306485,0.04604720696806908,0.7181732058525085,0.006560520268976688,0.016663181781768798,0.14247378706932068,0.005383394658565521,12053,22,22,26,0,4,0.0,12,0,0.0,0.9998395358946055
-14.600000381469728,-38.79998779296875,ES/BA-S,1.310174,0.048732563853263855,0.7207067012786865,0.007994394749403,0.0205618143081665,0.1640462577342987,0.006469704210758209,12053,22,20,30,2,8,0.09090909090909091,13,1,0.07692307692307693,0.9997573591064282
-14.600000381469728,-38.600006103515625,ES/BA-S,1.313147,0.04614146426320076,0.7224575877189636,0.006538806948810816,0.01660717725753784,0.14171217381954193,0.005371123552322388,12053,22,22,25,0,3,0.0,12,0,0.0,0.9998415947202146
-14.399999618530272,-38.79998779296875,ES/BA-S,1.316916,0.04879584163427353,0.7250427603721619,0.007999404333531857,0.02056913375854492,0.16393618285655975,0.006408825516700745,12053,22,21,28,1,6,0.045454545454545456,13,1,0.07692307692307693,0.9997583784655354
-14.399999618530272,-38.600006103515625,ES/BA-S,1.320095,0.04623686149716377,0.7269651889801025,0.0066061136312782764,0.016797327995300294,0.14287547767162323,0.005383484065532684,12053,23,22,25,1,2,0.043478260869565216,12,0,0.0,0.9998397392592889
-14.199999809265137,-38.79998779296875,ES/BA-S,1.323417,0.050147440284490585,0.7291738390922546,0.008436335250735283,0.02164821624755859,0.16823062300682068,0.006762608885765076,12053,23,22,29,1,6,0.043478260869565216,13,1,0.07692307692307693,0.9997318798918113
-14.199999809265137,-38.600006103515625,ES/BA-S,1.326971,0.04624413698911667,0.7314479947090149,0.006748435087502003,0.017115020751953126,0.14593060314655304,0.005529969930648804,12053,23,23,25,0,2,0.0,12,0,0.0,0.9998329123691099
-14.0,-38.79998779296875,ES/BA-S,1.330248,0.05166507884860039,0.7334097027778625,0.008844200521707535,0.022705507278442384,0.17118333280086517,0.007019054144620895,12053,23,22,28,1,5,0.043478260869565216,14,1,0.07142857142857142,0.9997049832649281
-14.0,-38.600006103515625,ES/BA-S,1.333567,0.046296607702970505,0.7357452511787415,0.006944176275283098,0.017603147029876687,0.1499931961297989,0.005676403641700745,12053,24,23,25,1,1,0.041666666666666664,14,1,0.07142857142857142,0.9998251152078566
-13.800000190734863,-38.79998779296875,ES/BA-S,1.3407,0.05343228951096535,0.7395612597465515,0.009274991229176521,0.02402868270874023,0.1735840141773224,0.007373057305812836,12053,23,21,27,2,4,0.08695652173913043,13,1,0.07692307692307693,0.9996792885382674
-13.800000190734863,-38.600006103515625,ES/BA-S,1.339513,0.04651826247572899,0.7395752668380737,0.0071766069158911705,0.01801588535308837,0.154275044798851,0.00585966557264328,12053,24,20,27,4,3,0.16666666666666666,15,4,0.26666666666666666,0.9998135292377031
-13.600000381469728,-38.79998779296875,ES/BA-S,1.343764,0.054119616746902466,0.7413703799247742,0.009317277930676937,0.024602180719375605,0.1721608191728592,0.007348842918872833,12053,22,19,29,3,7,0.13636363636363635,13,2,0.15384615384615385,0.9996757155292495
-13.600000381469728,-38.600006103515625,ES/BA-S,1.344172,0.04726541042327881,0.7424068450927734,0.007457070052623749,0.018921518325805665,0.15777012705802917,0.00609162449836731,12053,22,19,25,3,3,0.13636363636363635,14,3,0.21428571428571427,0.9997985999070955
-13.399999618530272,-38.79998779296875,ES/BA-S,1.34829,0.055993031710386276,0.7436578869819641,0.00958800408989191,0.02541300654411315,0.17123566567897797,0.007592886686325073,12053,23,20,29,3,6,0.13043478260869565,13,2,0.15384615384615385,0.9996573196443894
-13.399999618530272,-38.600006103515625,ES/BA-S,1.347042,0.049712687730789185,0.743665337562561,0.008055141195654869,0.020606398582458496,0.16203391551971436,0.006530996412038803,12053,20,18,24,2,4,0.1,12,2,0.16666666666666666,0.9997630004619104
-13.399999618530272,-38.399993896484375,ES/BA-S,1.350069,0.046095624566078186,0.7460276484489441,0.007017200812697411,0.017822647094726564,0.1522313803434372,0.00577409565448761,12053,21,19,24,2,3,0.09523809523809523,13,2,0.15384615384615385,0.999825967980178
-13.199999809265137,-38.600006103515625,ES/BA-S,1.351313,0.056158389896154404,0.7452921867370605,0.009512917138636112,0.024895906448364254,0.16939440369606018,0.007568679749965668,12053,22,18,28,4,6,0.18181818181818182,13,3,0.23076923076923078,0.9996695470998403
-13.199999809265137,-38.399993896484375,ES/BA-S,1.350203,0.04973218962550163,0.745210587978363,0.008044153451919556,0.020598721504211423,0.1617494374513626,0.006555229425430298,12053,20,18,24,2,4,0.1,12,2,0.16666666666666666,0.9997680579335576
-13.199999809265137,-38.20001220703125,ES/BA-S,1.350511,0.045968569815158844,0.7457253932952881,0.006974393967539072,0.01768631935119628,0.15172092616558075,0.005676575005054474,12053,21,20,24,1,3,0.047619047619047616,14,1,0.07142857142857142,0.9998284907476872
-13.199999809265137,-38.0,ES/BA-S,1.350577,0.04582592472434044,0.7455698847770691,0.006309167016297579,0.015991687774658203,0.13767680525779724,0.005188152194023132,12053,21,20,23,1,2,0.047619047619047616,12,1,0.08333333333333333,0.9998589033954923
-13.0,-38.399993896484375,ES/BA-S,1.348136,0.05886028707027435,0.7429029941558838,0.01003310177475214,0.026184821128845216,0.17045621573925018,0.007873758673667908,12053,23,19,29,4,6,0.17391304347826086,14,3,0.21428571428571427,0.9996290559833847
-13.0,-38.20001220703125,ES/BA-S,1.348924,0.05103753134608269,0.7437953948974609,0.008310808800160885,0.021302711963653565,0.1628372073173523,0.006775025278329849,12053,20,16,25,4,5,0.2,12,3,0.25,0.999751177923146
-13.0,-38.0,ES/BA-S,1.349592,0.04586601257324219,0.7443453669548035,0.006920634303241968,0.01770073175430298,0.15088807046413422,0.005798518657684326,12053,19,18,23,1,4,0.05263157894736842,13,1,0.07692307692307693,0.9998312046828297
-13.0,-37.79998779296875,ES/BA-S,1.350038,0.04528621584177017,0.744468629360199,0.006223196629434824,0.015808463096618652,0.1374192237854004,0.005066230893135071,12053,19,19,23,0,4,0.0,12,0,0.0,0.9998632207843141
-12.800000190734863,-38.0,ES/BA-S,1.34956,0.05055403709411621,0.7433074116706848,0.008151850663125515,0.02093571424484253,0.16125023365020752,0.00671406090259552,12053,18,15,23,3,5,0.16666666666666666,11,3,0.2727272727272727,0.9997608452318137
-12.800000190734863,-37.79998779296875,ES/BA-S,1.349639,0.04528114199638367,0.743629515171051,0.006689328700304031,0.016919374465942383,0.1477288007736206,0.005505494773387909,12053,19,19,23,0,4,0.0,13,0,0.0,0.9998418812129513
-12.600000381469728,-37.79998779296875,ES/BA-S,1.349527,0.04883019998669624,0.742817223072052,0.0076502407900989056,0.019568204879760742,0.15667027235031128,0.006225787103176117,12053,16,16,23,0,7,0.0,9,0,0.0,0.9997884295845041
-12.600000381469728,-37.600006103515625,ES/BA-S,1.351438,0.04465153068304062,0.744347870349884,0.006492760963737965,0.016387224197387692,0.14540959894657135,0.005383424460887909,12053,21,20,23,1,2,0.047619047619047616,13,0,0.0,0.9998502544470677
-12.399999618530272,-37.79998779296875,ES/BA-S,1.373806,0.053627487272024155,0.7575259208679199,0.008775201626121998,0.02253473997116089,0.16363252699375153,0.007128998637199402,12053,18,17,22,1,4,0.05555555555555555,10,0,0.0,0.9997301311169451
-12.399999618530272,-37.600006103515625,ES/BA-S,1.352773,0.04753909632563591,0.7447534203529358,0.007328742183744907,0.01860187053680419,0.1541624218225479,0.006012231111526489,12053,17,17,21,0,4,0.0,10,0,0.0,0.9998077495924548
-12.399999618530272,-37.399993896484375,ES/BA-S,1.354573,0.044235073029994965,0.7460808157920837,0.006269713398069143,0.015850055217742916,0.1417362540960312,0.00516384094953537,12053,20,19,24,1,4,0.05,12,0,0.0,0.9998608337760115
-12.199999809265137,-37.600006103515625,ES/BA-S,1.360619,0.051810286939144135,0.7492640018463135,0.008352949284017086,0.021448636054992677,0.16122183203697205,0.006811700761318207,12053,17,17,21,0,4,0.0,10,0,0.0,0.9997519844840838
-12.199999809265137,-37.399993896484375,ES/BA-S,1.356948,0.045449644327163696,0.7471407055854797,0.006786663085222244,0.017297792434692382,0.14932268857955933,0.005591154098510742,12053,18,17,21,1,3,0.05555555555555555,10,0,0.0,0.9998364899286754
-12.0,-37.399993896484375,NE,1.359817,0.04846957325935364,0.7484351396560669,0.007563069928437471,0.019311988353729225,0.15603747963905334,0.006164759397506714,12053,18,16,20,2,2,0.1111111111111111,10,1,0.1,0.9997964648700612
-12.0,-37.20001220703125,NE,1.360825,0.04451185464859009,0.7490051984786987,0.0064011383801698685,0.016236186027526855,0.14380750060081482,0.0051884725689888,12053,19,19,19,0,0,0.0,10,0,0.0,0.999854670452263
-11.800000190734863,-37.399993896484375,NE,1.370144,0.05149132385849953,0.7539488673210144,0.008275833912193775,0.02130192518234253,0.16072288155555725,0.006775006651878357,12053,16,14,20,2,4,0.125,8,1,0.125,0.9997593636903751
-11.800000190734863,-37.20001220703125,NE,1.363171,0.04575716331601143,0.7498676776885986,0.006887845695018768,0.017388439178466792,0.15053042769432068,0.005670178681612015,12053,17,16,18,1,1,0.058823529411764705,9,0,0.0,0.9998335885352165
-11.600000381469728,-37.399993896484375,NE,1.602126,0.054312486201524734,0.8888599872589111,0.009111234918236732,0.023669838905334473,0.16775581240653992,0.007458582520484924,12053,13,12,15,1,2,0.07692307692307693,7,0,0.0,0.9997739187314195
-11.600000381469728,-37.20001220703125,NE,1.365042,0.04911008104681969,0.750405490398407,0.007698076777160168,0.019800710678100585,0.15675145387649536,0.006286792457103729,12053,16,15,18,1,2,0.0625,8,0,0.0,0.999790258338363
-11.600000381469728,-37.0,NE,1.365911,0.04471120983362198,0.750954270362854,0.006575067527592182,0.01660205125808716,0.14705635607242584,0.0054933130741119385,12053,19,18,19,1,0,0.05263157894736842,10,1,0.1,0.9998475368248845
-11.399999618530272,-37.20001220703125,NE,1.388061,0.05260640010237694,0.7640095949172974,0.008491051383316517,0.021985924243927,0.16140718758106232,0.006872929632663727,12053,16,15,19,1,3,0.0625,8,0,0.0,0.9997490010882125
-11.399999618530272,-37.0,NE,1.367612,0.047439660876989365,0.7514050602912903,0.007277572527527809,0.018677258491516115,0.15340693295001984,0.005920618772506714,12053,17,15,18,2,1,0.11764705882352941,9,1,0.1111111111111111,0.9998139105758198
-11.399999618530272,-36.79998779296875,NE,1.368654,0.044318340718746185,0.7520513534545898,0.006419803481549025,0.01628444194793701,0.14485658705234528,0.0053102970123291016,12053,16,14,19,2,3,0.125,10,1,0.1,0.9998548628569024
-11.199999809265137,-37.0,NE,1.376672,0.051885172724723816,0.756130576133728,0.008238242007791996,0.021143245697021463,0.1587783545255661,0.006653036922216415,12053,15,14,18,1,3,0.06666666666666667,8,0,0.0,0.9997616678378981
-11.199999809265137,-36.79998779296875,NE,1.370282,0.04658234491944313,0.7524742484092712,0.007082283962517977,0.018108379840850827,0.15203794836997986,0.005847260355949402,12053,15,14,17,1,2,0.06666666666666667,9,1,0.1111111111111111,0.9998242413309891
-11.0,-37.0,NE,1.390123,0.055383823812007904,0.7633500695228577,0.009136410430073738,0.023499250411987305,0.16496531665325165,0.007324442267417908,12053,14,13,19,1,5,0.07142857142857142,8,0,0.0,0.9997083091787498
-11.0,-36.79998779296875,NE,1.374372,0.051693908870220184,0.7543016672134399,0.008172338828444481,0.021082079410552956,0.15809094905853271,0.006652921438217163,12053,15,14,17,1,2,0.06666666666666667,8,0,0.0,0.9997642258995801
-11.0,-36.600006103515625,NE,1.372764,0.04684976115822792,0.7535054087638855,0.007156846579164267,0.018311285972595216,0.15276163816452026,0.005859583616256714,12053,14,14,16,0,2,0.0,8,0,0.0,0.9998198784675081
-10.800000190734863,-36.79998779296875,NE,1.392731,0.056846074759960175,0.7643577456474304,0.009249183349311352,0.023742938041687013,0.16270574927330017,0.007482938468456268,12053,15,13,21,2,6,0.13333333333333333,8,0,0.0,0.9997028269331634
-10.800000190734863,-36.600006103515625,NE,1.394202,0.053744930773973465,0.7653749585151672,0.008518265560269356,0.021897673606872548,0.15849430859088898,0.006933808326721191,12053,16,14,21,2,5,0.125,9,1,0.1111111111111111,0.9997502936653349
-10.800000190734863,-36.399993896484375,NE,1.37753,0.04783831164240837,0.7560024857521057,0.007331448141485453,0.018848061561584473,0.15325474739074707,0.006006017327308655,12053,14,14,16,0,2,0.0,8,0,0.0,0.9998120041165276
-10.800000190734863,-36.20001220703125,NE,1.378938,0.04415668919682503,0.7572361826896667,0.0064448160119354725,0.016358280181884767,0.14595332741737366,0.00528591126203537,12053,15,13,17,2,2,0.13333333333333333,10,1,0.1,0.9998534534303716
-10.600000381469728,-36.600006103515625,NE,1.422749,0.0588366873562336,0.7820571660995483,0.009725726209580898,0.025127816200256343,0.1653003692626953,0.007825002074241638,12053,15,12,19,3,4,0.2,8,2,0.25,0.9996829112126894
-10.600000381469728,-36.399993896484375,NE,1.38846,0.05548148602247238,0.7619640231132507,0.008903109468519688,0.023008394241333,0.1604699194431305,0.0072268471121788025,12053,16,13,20,3,4,0.1875,9,2,0.2222222222222222,0.9997230661881321
-10.600000381469728,-36.20001220703125,NE,1.383781,0.04885314404964447,0.7598145008087158,0.007511826232075691,0.019121885299682614,0.15376341342926025,0.0061647966504096985,12053,14,14,16,0,2,0.0,8,0,0.0,0.9998032889692556
-10.600000381469728,-36.0,NE,1.384103,0.04403102025389671,0.7604841589927673,0.006591170094907284,0.016724109649658203,0.1496937870979309,0.005432296544313431,12053,13,12,14,1,1,0.07692307692307693,8,1,0.125,0.9998457388883196
-10.399999618530272,-36.20001220703125,NE,1.416001,0.0527741014957428,0.778374195098877,0.00840611383318901,0.021416819095611567,0.1592848300933838,0.006866641342639923,12053,15,11,18,4,3,0.26666666666666666,8,2,0.25,0.9997619716282086
-10.399999618530272,-36.0,NE,1.388901,0.04828925430774689,0.7631316781044006,0.007468836847692728,0.018982481956481934,0.15466871857643127,0.00610370934009552,12053,12,10,16,2,4,0.16666666666666666,7,1,0.14285714285714285,0.9998049543436492
-10.399999618530272,-35.79998779296875,NE,1.389181,0.04375289008021355,0.7638497948646545,0.006528593134135008,0.016521298885345453,0.14921513199806213,0.005371276289224625,12053,12,12,12,0,0,0.0,8,0,0.0,0.9998486240276124
-10.199999809265137,-36.0,NE,1.411976,0.0527057908475399,0.7764871120452881,0.008477609604597092,0.021814620494842507,0.16084778308868408,0.006958231329917908,12053,15,11,17,4,2,0.26666666666666666,8,2,0.25,0.9997555691213322
-10.199999809265137,-35.79998779296875,NE,1.392141,0.047046270221471786,0.765507698059082,0.007253484800457954,0.018625831604003898,0.1541776806116104,0.005981504917144775,12053,11,10,14,1,3,0.09090909090909091,7,1,0.14285714285714285,0.999814913925762
-10.199999809265137,-35.600006103515625,NE,1.393638,0.043126847594976425,0.7669100761413574,0.006408198736608028,0.01632126569747925,0.14858955144882202,0.005249254405498505,12053,10,10,11,0,1,0.0,6,0,0.0,0.9998545047940942
-10.0,-35.79998779296875,NE,1.405856,0.05063675716519356,0.773436427116394,0.007990226149559021,0.020935308933258057,0.1577949821949005,0.006530791521072388,12053,12,9,13,3,1,0.25,8,2,0.25,0.9997759896804044
-10.0,-35.600006103515625,NE,1.396168,0.04564479738473892,0.7683920860290527,0.007011553272604942,0.017945051193237305,0.1536112278699875,0.005798518657684326,12053,10,8,10,2,0,0.2,6,1,0.16666666666666666,0.9998252848974412
-10.0,-35.399993896484375,NE,1.398335,0.04259912669658661,0.7701493501663208,0.006368603557348251,0.01599191427230835,0.1495008021593094,0.005249202251434326,12053,8,7,9,1,1,0.125,5,0,0.0,0.9998563545651209
-9.800000190734863,-35.79998779296875,NE,1.436392,0.05316561087965965,0.7911463975906372,0.00871578510850668,0.022791028022766113,0.16393651068210602,0.007098585367202759,12053,11,9,12,2,1,0.18181818181818182,8,2,0.25,0.9997416288311064
-9.800000190734863,-35.600006103515625,NE,1.418245,0.04945749044418335,0.7811086177825928,0.007820292375981808,0.020056867599487306,0.1581214964389801,0.006372302770614624,12053,11,8,12,3,1,0.2727272727272727,8,3,0.375,0.9997894745764306
-9.800000190734863,-35.399993896484375,NE,1.403642,0.04497532173991203,0.7734038829803467,0.006975639145821333,0.017571282386779782,0.15509925782680511,0.00574956089258194,12053,8,6,9,2,1,0.25,6,2,0.3333333333333333,0.9998297527011181
-9.600000381469728,-35.600006103515625,NE,1.525435,0.05237967520952225,0.8315007090568542,0.008678395301103592,0.022498321533203126,0.16568249464035034,0.007043704390525818,12053,10,9,10,1,0,0.1,8,1,0.125,0.9997704035294616
-9.600000381469728,-35.399993896484375,NE,1.439302,0.0484258309006691,0.793488085269928,0.00778245972469449,0.01985394954681396,0.16070885956287384,0.006396591663360596,12053,9,7,10,2,1,0.2222222222222222,7,2,0.2857142857142857,0.9997989783874142
-9.600000381469728,-35.20001220703125,NE,1.407447,0.043695539236068726,0.7758997678756714,0.006840126123279333,0.016948890686035153,0.15654060244560242,0.005676664412021637,12053,8,8,9,0,1,0.0,6,0,0.0,0.9998366646074188
-9.399999618530272,-35.399993896484375,NE,1.505995,0.050983622670173645,0.8300732374191284,0.008598670363426208,0.022051548957824702,0.16865554451942444,0.006982669234275818,12053,11,11,12,0,1,0.0,8,0,0.0,0.9997706749930502
-9.399999618530272,-35.20001220703125,NE,1.442442,0.046002890914678574,0.7953702807426453,0.00743970787152648,0.018677401542663574,0.16172261536121368,0.0061219558119773865,12053,7,7,8,0,1,0.0,5,0,0.0,0.9998177132042724
-9.399999618530272,-35.0,NE,1.408616,0.04181317239999771,0.7770653367042542,0.0065690940245985985,0.016357898712158203,0.15710584819316864,0.005432292819023132,12053,8,8,9,0,1,0.0,7,0,0.0,0.9998491216771636
-9.199999809265137,-35.20001220703125,NE,1.488888,0.04832030460238457,0.8151967525482178,0.008114159107208252,0.020460009574890137,0.1679244190454483,0.006665244698524475,12053,8,7,8,1,0,0.125,6,1,0.16666666666666666,0.9997904179999503
-9.199999809265137,-35.0,NE,1.427484,0.0435807928442955,0.7882712483406067,0.007026484236121178,0.01763969659805298,0.16122892498970032,0.005798518657684326,12053,7,7,7,0,0,0.0,6,0,0.0,0.9998320916236784
-9.199999809265137,-34.79998779296875,NE,1.414111,0.04084588959813118,0.7812525629997253,0.006378625985234976,0.01591867208480835,0.15616323053836823,0.0052979253232479095,12053,10,8,10,2,0,0.2,8,2,0.25,0.9998581996896506
-9.0,-35.0,NE,1.441883,0.04545166715979576,0.7973812818527222,0.007552020251750946,0.018921494483947754,0.16615496575832367,0.00610370934009552,12053,7,7,9,0,2,0.0,6,0,0.0,0.9998097390992783
-9.0,-34.79998779296875,NE,1.417307,0.04150361567735672,0.7836737632751465,0.006719846278429031,0.016846120357513428,0.16190989315509796,0.005554702132940292,12053,9,7,10,2,1,0.2222222222222222,8,2,0.25,0.9998429719159727
-8.800000190734863,-35.0,NE,1.461161,0.04696446657180786,0.8088223338127136,0.008078544400632381,0.02032536268234253,0.17201396822929382,0.006653040647506714,12053,9,9,9,0,0,0.0,7,0,0.0,0.9997888605691876
-8.800000190734863,-34.79998779296875,NE,1.421714,0.04248696565628052,0.7871423363685608,0.007064620032906532,0.01776649951934814,0.16627734899520874,0.005871616303920746,12053,9,8,10,1,1,0.1111111111111111,8,1,0.125,0.9998285028676388
-8.600000381469727,-34.79998779296875,NE,1.436247,0.04342188686132431,0.7965568900108337,0.007477717474102974,0.018799352645874023,0.17221079766750336,0.006176859140396118,12053,9,8,10,1,1,0.1111111111111111,8,1,0.125,0.9998103298911767
-8.600000381469727,-34.600006103515625,NE,1.424191,0.04035038501024246,0.7899616956710815,0.006790148559957743,0.017139196395874023,0.16827964782714844,0.005664408206939697,12053,10,8,11,2,1,0.2,8,2,0.25,0.9998410599021308
-8.399999618530273,-34.79998779296875,NE,1.448603,0.04421413317322731,0.8048278093338013,0.007749364711344242,0.0195559024810791,0.17526894807815552,0.0064455196261405945,12053,8,7,10,1,2,0.125,7,1,0.14285714285714285,0.9997999242935174
-8.399999618530273,-34.600006103515625,NE,1.429391,0.04058384522795677,0.7941327095031738,0.006908194161951542,0.0174690842628479,0.1702203005552292,0.005725391209125519,12053,10,8,11,2,1,0.2,8,2,0.25,0.9998364690639939
-8.199999809265137,-34.79998779296875,NE,1.464965,0.045063767582178116,0.8156409859657288,0.008083919994533062,0.020312857627868653,0.17938846349716187,0.006713926792144775,12053,7,6,10,1,3,0.14285714285714285,6,1,0.16666666666666666,0.99978780700386
-8.199999809265137,-34.600006103515625,NE,1.436222,0.04100210964679718,0.7998515963554382,0.007146873511373997,0.018010926246643064,0.1743050217628479,0.00597546249628067,12053,10,8,10,2,0,0.2,8,2,0.25,0.9998259364929784
-8.0,-34.79998779296875,NE,1.481607,0.04492639750242233,0.8276325464248657,0.008364307694137096,0.020935654640197754,0.18617801368236542,0.006958305835723877,12053,7,6,9,1,2,0.14285714285714285,6,1,0.16666666666666666,0.9997800906217161
-8.0,-34.600006103515625,NE,1.459484,0.041472431272268295,0.8158935308456421,0.007301000878214836,0.018311142921447754,0.17604467272758484,0.006164632737636566,12053,9,7,10,2,1,0.2222222222222222,8,2,0.25,0.9998242323378285
-8.0,-34.399993896484375,NE,1.445025,0.039502765983343124,0.8079554438591003,0.007001904770731926,0.017700576782226564,0.17725099623203278,0.0057374536991119385,12053,10,8,11,2,1,0.2,9,2,0.2222222222222222,0.9998315912311206
-7.800000190734863,-34.79998779296875,NE,1.506723,0.04445945471525192,0.8424366116523743,0.00867115892469883,0.02173373699188232,0.1950352042913437,0.007293805480003357,12053,7,6,7,1,0,0.14285714285714285,6,1,0.16666666666666666,0.9997690161686411
-7.800000190734863,-34.600006103515625,NE,1.478786,0.04166719689965248,0.8287778496742249,0.007507468108087778,0.018677377700805665,0.18017694354057312,0.00628676638007164,12053,9,7,10,2,1,0.2222222222222222,8,2,0.25,0.9998177306851669
-7.800000190734863,-34.399993896484375,NE,1.453005,0.03938674181699753,0.8148303031921387,0.007123452145606279,0.017798221111297606,0.18085913360118866,0.005920514464378357,12053,10,8,11,2,1,0.2,9,2,0.2222222222222222,0.9998272908828758
-7.599999904632568,-34.79998779296875,NE,1.57282,0.04359881579875946,0.8632428646087646,0.008881323039531708,0.022227168083190908,0.20370560884475708,0.007446303963661194,12053,11,8,13,3,2,0.2727272727272727,9,2,0.2222222222222222,0.9997775914242013
-7.599999904632568,-34.600006103515625,NE,1.495883,0.04176965355873108,0.8399413824081421,0.007679307367652655,0.01910958290100097,0.18384896218776703,0.006445541977882385,12053,8,7,10,1,2,0.125,7,1,0.14285714285714285,0.9998134878458625
-7.599999904632568,-34.399993896484375,NE,1.457574,0.03933925926685333,0.8191697597503662,0.007216718513518572,0.01823793649673462,0.18344825506210327,0.005999818444252014,12053,9,8,10,1,1,0.1111111111111111,8,1,0.125,0.999822475332225
-7.400000095367432,-34.600006103515625,NE,1.500972,0.04109739884734154,0.8449106216430664,0.007742548361420631,0.019238972663879396,0.18839509785175323,0.006506584584712982,12053,9,7,11,2,2,0.2222222222222222,7,1,0.14285714285714285,0.9998110032234712
-7.400000095367432,-34.399993896484375,NE,1.462508,0.0390094518661499,0.8233784437179565,0.007292603608220816,0.018347692489624024,0.18694452941417694,0.0060547031462192535,12053,8,7,9,1,1,0.125,7,1,0.14285714285714285,0.9998207929241074
-7.199999809265137,-34.600006103515625,NE,1.504667,0.040079329162836075,0.8479591012001038,0.0076909675262868404,0.019195055961608882,0.19189362227916718,0.006433270871639252,12053,9,9,10,0,1,0.0,7,0,0.0,0.9998144812757404
-7.199999809265137,-34.399993896484375,NE,1.468047,0.03899478539824486,0.8275840878486633,0.007652555126696825,0.019641625881195068,0.19624559581279755,0.0062135010957717896,12053,10,8,12,2,2,0.2,9,2,0.2222222222222222,0.999795724919158
-7.0,-34.79998779296875,NE,1.546305,0.0403769388794899,0.8611881136894226,0.008604969829320908,0.021485090255737305,0.21311596035957336,0.007202118635177612,12053,7,6,8,1,1,0.14285714285714285,6,1,0.16666666666666666,0.9997802564255139
-7.0,-34.600006103515625,NE,1.490822,0.03979920595884323,0.8416973948478699,0.007730861194431782,0.019531846046447754,0.19424661993980408,0.006469950079917908,12053,9,9,10,0,1,0.0,7,0,0.0,0.9998073604296493
-7.0,-34.399993896484375,NE,1.474373,0.03902272507548332,0.8321976661682129,0.007459601853042841,0.01886039972305298,0.19116045534610748,0.006164640188217163,12053,9,7,11,2,2,0.2222222222222222,8,2,0.25,0.9998114817130845
-6.800000190734863,-34.79998779296875,NE,1.525076,0.040181197226047516,0.862389326095581,0.008433322422206402,0.021257877349853512,0.20988230407238007,0.007006987929344177,12053,9,8,9,1,0,0.1111111111111111,7,1,0.14285714285714285,0.9997799685552743
-6.800000190734863,-34.600006103515625,NE,1.483497,0.039081871509552,0.8385692834854126,0.00770481675863266,0.019312095642089844,0.19714553654193878,0.006408900022506714,12053,8,7,10,1,2,0.125,7,1,0.14285714285714285,0.9998061420456775
-6.599999904632568,-34.79998779296875,NE,1.505313,0.04020291939377785,0.8520228862762451,0.00848393514752388,0.021204185485839844,0.2110278308391571,0.007025182247161865,12053,9,8,9,1,0,0.1111111111111111,7,1,0.14285714285714285,0.9997712003999235
-6.599999904632568,-34.600006103515625,NE,1.486998,0.03861558809876442,0.8417701125144958,0.007887378334999084,0.01973705291748046,0.20425374805927277,0.006506502628326416,12053,9,7,11,2,2,0.2222222222222222,8,2,0.25,0.9997974525654948
-6.400000095367432,-34.79998779296875,NE,1.497272,0.040245745331048965,0.8488485813140869,0.008483675308525562,0.021291923522949206,0.21079681813716888,0.0070191919803619385,12053,9,8,9,1,0,0.1111111111111111,7,1,0.14285714285714285,0.9997674853370052
-6.400000095367432,-34.600006103515625,NE,1.491658,0.038966696709394455,0.8455408215522766,0.007998093031346798,0.020000469684600827,0.20525458455085754,0.006518706679344177,12053,9,8,9,1,0,0.1111111111111111,7,1,0.14285714285714285,0.9997889410570334
-6.199999809265137,-35.0,NE,1.519458,0.04059481620788574,0.8629694581031799,0.008916241116821766,0.02209540605545044,0.21963989734649658,0.007446512579917908,12053,9,8,9,1,0,0.1111111111111111,7,1,0.14285714285714285,0.9997512035473974
-6.199999809265137,-34.79998779296875,NE,1.497613,0.03920946642756462,0.850206196308136,0.008223150856792927,0.02053248882293701,0.2097236067056656,0.006848171353340149,12053,9,8,9,1,0,0.1111111111111111,7,1,0.14285714285714285,0.9997814458734071
-6.199999809265137,-34.600006103515625,NE,1.496253,0.03870430588722229,0.8493870496749878,0.007866649888455868,0.01983703374862671,0.203249990940094,0.006445728242397308,12053,8,7,9,1,1,0.125,7,1,0.14285714285714285,0.9997979384703092
-6.0,-35.0,NE,1.51699,0.04068107530474663,0.862635612487793,0.008919719606637955,0.02227848768234253,0.21925967931747437,0.007324442267417908,12053,9,8,9,1,0,0.1111111111111111,7,1,0.14285714285714285,0.999749200788126
-6.0,-34.79998779296875,NE,1.50305,0.03924814611673355,0.8547512292861938,0.00821367371827364,0.02059444189071653,0.20927545428276062,0.006836190819740295,12053,9,8,9,1,0,0.1111111111111111,7,1,0.14285714285714285,0.9997817699801391
-5.800000190734863,-35.0,NE,1.509022,0.040439363569021225,0.8594160676002502,0.00888562947511673,0.02246159315109253,0.21972723305225372,0.007385477423667908,12053,9,8,9,1,0,0.1111111111111111,7,1,0.14285714285714285,0.9997487048827246
-5.800000190734863,-34.79998779296875,NE,1.506931,0.038681477308273315,0.858257532119751,0.008222340606153011,0.02062318325042724,0.2125653177499771,0.006836161017417908,12053,9,7,9,2,0,0.2222222222222222,7,2,0.2857142857142857,0.9997825630710415
-5.599999904632568,-35.0,NE,1.513292,0.0396060012280941,0.8632456064224243,0.00850241631269455,0.021363019943237305,0.2146749496459961,0.007019266486167908,12053,9,9,9,0,0,0.0,7,0,0.0,0.9997710647143903
-5.599999904632568,-34.79998779296875,NE,1.511965,0.038583844900131226,0.8620957136154175,0.008297060616314411,0.02108702659606933,0.21503975987434387,0.006872653961181641,12053,6,6,8,0,2,0.0,5,0,0.0,0.9997798518155161
-5.400000095367432,-35.20001220703125,NE,1.60568,0.038689468055963516,0.9103529453277588,0.00841942336410284,0.020923542976379394,0.21761538088321686,0.0069948360323905945,12053,7,6,9,1,2,0.14285714285714285,7,1,0.14285714285714285,0.9998051997375206
-5.400000095367432,-35.0,NE,1.520551,0.03896259889006615,0.8691908717155457,0.008277122862637043,0.02063053846359253,0.21243764460086823,0.006958216428756714,12053,7,6,9,1,2,0.14285714285714285,6,1,0.16666666666666666,0.9997860033448406
-5.400000095367432,-34.79998779296875,NE,1.516327,0.03856738284230232,0.8662740588188171,0.008238183334469795,0.02112374305725097,0.21360494196414948,0.006738785654306412,12053,5,5,8,0,3,0.0,5,0,0.0,0.9997810282234105
-5.199999809265137,-35.399993896484375,NE,1.73851,0.036796923726797104,0.9727883338928223,0.008053670637309551,0.020427715778350827,0.21886804699897766,0.006695818156003952,12053,7,5,9,2,2,0.2857142857142857,7,2,0.2857142857142857,0.9998592141486914
-5.199999809265137,-35.20001220703125,NE,1.594263,0.03739819675683975,0.9118204712867737,0.007844856008887291,0.01962223052978515,0.20976562798023224,0.006555244326591492,12053,7,5,9,2,2,0.2857142857142857,6,1,0.16666666666666666,0.9998224164697666
-5.199999809265137,-35.0,NE,1.530478,0.0384192131459713,0.8761228322982788,0.008179294876754284,0.020508432388305665,0.2128959447145462,0.006714075803756714,12053,7,6,8,1,1,0.14285714285714285,6,1,0.16666666666666666,0.9997898377500406
-5.0,-36.600006103515625,NE,1.840329,0.039436932653188705,1.0513477325439453,0.011614722199738026,0.028992652893066406,0.2945138216018677,0.009582728147506714,12053,3,1,4,2,1,0.6666666666666666,2,1,0.5,0.9996913166022022
-5.0,-36.20001220703125,NE,1.97077,0.03820951655507088,1.0806986093521118,0.010952104814350605,0.02752765417098999,0.2866328954696655,0.009033441543579102,12053,3,2,3,1,0,0.3333333333333333,2,0,0.0,0.9998126777486507
-5.0,-35.600006103515625,NE,1.6972,0.036912575364112854,0.9689076542854309,0.00837091263383627,0.020935821533203124,0.22677671909332275,0.00695820152759552,12053,3,1,3,2,0,0.6666666666666666,2,1,0.5,0.9998175002176448
-5.0,-35.399993896484375,NE,1.64942,0.037055350840091705,0.9440950751304626,0.007970421575009823,0.019959092140197754,0.21509502828121185,0.006592072546482086,12053,5,3,7,2,2,0.4,4,1,0.25,0.9998267103982431
-5.0,-35.20001220703125,NE,1.587488,0.03760373219847679,0.9092823266983032,0.007932952605187893,0.019897937774658203,0.21096184849739075,0.0065919458866119385,12053,7,6,7,1,0,0.14285714285714285,6,0,0.0,0.9998150491161519
-5.0,-35.0,NE,1.545186,0.040406692773103714,0.8855618834495544,0.008918959647417068,0.022583723068237305,0.2207297682762146,0.007324442267417908,12053,6,5,8,1,2,0.16666666666666666,5,1,0.2,0.9997469816327426
-4.800000190734863,-37.20001220703125,NE,2.560722,0.04081033542752266,1.4347604513168335,0.011423918418586254,0.028662848472595214,0.2799270749092102,0.009399816393852234,12053,2,2,2,0,0,0.0,2,0,0.0,0.9998719252028424
-4.800000190734863,-37.0,NE,1.806893,0.039975132793188095,1.0299662351608276,0.011269470676779747,0.028015971183776855,0.28191202878952026,0.009338662028312683,12053,3,2,3,1,0,0.3333333333333333,2,0,0.0,0.9997106143131403
-4.800000190734863,-36.79998779296875,NE,1.73733,0.039237767457962036,0.9942219853401184,0.01112571731209755,0.027710843086242675,0.2835461497306824,0.009204357862472534,12053,3,1,4,2,1,0.6666666666666666,2,1,0.5,0.9996875127144671
-4.800000190734863,-36.600006103515625,NE,1.683603,0.03873103857040405,0.9654294848442078,0.011051454581320286,0.027618026733398433,0.28533846139907837,0.009118877351284027,12053,2,2,3,0,1,0.0,1,0,0.0,0.9996703292975208
-4.800000190734863,-36.399993896484375,NE,1.627938,0.03820504620671272,0.9354307651519775,0.010812466964125633,0.026892757415771483,0.2830114960670471,0.008984595537185669,12053,2,2,3,0,1,0.0,1,0,0.0,0.9996615812667025
-4.800000190734863,-36.20001220703125,NE,1.615296,0.03776135668158531,0.9283018708229065,0.0104451235383749,0.026124000549316406,0.27660879492759705,0.008606243878602982,12053,2,2,4,0,2,0.0,1,0,0.0,0.999679582178928
-4.800000190734863,-36.0,NE,1.610028,0.03732884302735329,0.9254822731018066,0.009906516410410404,0.024719977378845216,0.2653850317001343,0.008178964257240295,12053,3,2,4,1,1,0.3333333333333333,2,0,0.0,0.9997119915808582
-4.800000190734863,-35.79998779296875,NE,1.612341,0.03701440989971161,0.9261738657951355,0.009222553111612797,0.02314989566802978,0.24916115403175354,0.007641896605491638,12053,3,2,4,1,1,0.3333333333333333,2,0,0.0,0.9997521011141958
-4.800000190734863,-35.600006103515625,NE,1.618963,0.036786071956157684,0.9291614890098572,0.008573529310524464,0.021399617195129395,0.23306454718112946,0.007129184901714325,12053,3,1,4,2,1,0.6666666666666666,2,1,0.5,0.9997887864668412
-4.800000190734863,-35.399993896484375,NE,1.603576,0.03702545911073685,0.9201332330703735,0.008252340368926525,0.020659768581390375,0.22288286685943604,0.006848331540822983,12053,3,2,7,1,4,0.3333333333333333,2,0,0.0,0.9998010339680115
-4.599999904632568,-37.399993896484375,NE,1.853448,0.0405050665140152,1.0678229331970215,0.010739009827375412,0.0269465684890747,0.265127569437027,0.008862636983394623,12053,3,1,4,2,1,0.6666666666666666,2,1,0.5,0.9997368984182228
-4.599999904632568,-37.20001220703125,NE,1.780435,0.04004456475377083,1.0215250253677368,0.010793059132993221,0.027112531661987304,0.2695261836051941,0.00888700783252716,12053,3,1,4,2,1,0.6666666666666666,2,1,0.5,0.9997198209043608
-4.599999904632568,-37.0,NE,1.678176,0.03967176377773285,0.9647210240364075,0.010935288853943348,0.027344584465026855,0.27564412355422974,0.00909450650215149,12053,2,1,3,1,1,0.5,1,0,0.0,0.9996749605697614
-4.599999904632568,-36.79998779296875,NE,1.631472,0.03924563154578209,0.9393423795700073,0.01090980228036642,0.02732247114181517,0.27798768877983093,0.009045779705047607,12053,2,2,3,0,1,0.0,1,0,0.0,0.9996559886651486
-4.599999904632568,-36.600006103515625,NE,1.626712,0.038650840520858765,0.9363224506378174,0.01080864854156971,0.027051568031311035,0.27964848279953003,0.008923664689064026,12053,2,2,3,0,1,0.0,1,0,0.0,0.999659914908875
-4.599999904632568,-36.0,NE,1.61029,0.03710398077964783,0.9260464906692505,0.009533998556435108,0.023804426193237305,0.25695350766181946,0.007934808731079102,12053,2,1,5,1,3,0.5,1,0,0.0,0.9997327807361618
-4.400000095367432,-37.600006103515625,NE,1.858766,0.04045647382736206,1.0775970220565796,0.01018343772739172,0.025457382202148434,0.25171342492103577,0.008386462926864624,12053,3,1,4,2,1,0.6666666666666666,2,1,0.5,0.9997656726813952
-4.400000095367432,-37.399993896484375,NE,1.779353,0.04009483382105827,1.027693271636963,0.010193983092904091,0.025486803054809562,0.2542468011379242,0.008423052728176117,12053,2,1,3,1,1,0.5,1,0,0.0,0.9997460052691354
-4.400000095367432,-37.20001220703125,NE,1.666838,0.039887670427560806,0.9590370655059814,0.010415746830403805,0.02596999406814575,0.26112696528434753,0.008593946695327759,12053,2,1,3,1,1,0.5,1,0,0.0,0.9997013263208829
-4.400000095367432,-37.0,NE,1.636325,0.03948424011468887,0.9437443017959595,0.010683154687285423,0.026612162590026855,0.27056756615638733,0.00878933072090149,12053,2,2,3,0,1,0.0,1,0,0.0,0.9996712106032972
-4.199999809265137,-37.79998779296875,NE,1.854103,0.040180642157793045,1.078031301498413,0.009702806361019611,0.02412177324295044,0.24147962033748627,0.008081316947937012,12053,4,1,5,3,1,0.75,3,2,0.6666666666666666,0.9997865398145543
-4.199999809265137,-37.600006103515625,NE,1.782573,0.04004053398966789,1.0347644090652466,0.009723331779241562,0.024156010150909416,0.24283722043037415,0.008032437413930893,12053,2,1,2,1,0,0.5,1,0,0.0,0.999767839832704
-4.199999809265137,-37.399993896484375,NE,1.690868,0.03988080471754074,0.9777913689613342,0.00985908042639494,0.02441239356994628,0.247213676571846,0.008142367005348206,12053,2,1,4,1,2,0.5,1,0,0.0,0.9997375894404336
-4.199999809265137,-32.600006103515625,NE,1.490892,0.04032016173005104,0.854458212852478,0.006238075904548168,0.015710949897766113,0.15471355617046356,0.0051514338701963425,12053,11,9,12,2,1,0.18181818181818182,7,1,0.14285714285714285,0.9998713168803592
-4.199999809265137,-32.399993896484375,NE,1.48497,0.040311433374881744,0.8509615659713745,0.006381580140441656,0.016028213500976562,0.15830695629119873,0.005261410027742386,12053,11,9,12,2,1,0.18181818181818182,7,1,0.14285714285714285,0.9998642806015067
-4.199999809265137,-32.20001220703125,NE,1.479976,0.04027951508760452,0.8477486371994019,0.006511020939797163,0.016406714916229248,0.16164596378803253,0.00537123903632164,12053,10,10,10,0,0,0.0,7,0,0.0,0.9998568237137703
-4.0,-38.0,NE,1.836123,0.03982952982187271,1.0687873363494873,0.009339960291981697,0.023194074630737305,0.23449838161468506,0.0076296329498291016,12053,4,2,4,2,0,0.5,3,1,0.3333333333333333,0.9997972153612389
-4.0,-37.79998779296875,NE,1.772287,0.03977170214056969,1.0305439233779907,0.009332900866866112,0.023279738426208473,0.23466184735298157,0.007751733064651489,12053,3,2,3,1,0,0.3333333333333333,2,0,0.0,0.9997825782578148
-4.0,-37.600006103515625,NE,1.693911,0.039659131318330765,0.9826980233192444,0.009458784945309162,0.023523688316345194,0.23850207030773163,0.007873758673667908,12053,3,2,5,1,2,0.3333333333333333,2,0,0.0,0.9997563131293495
-4.0,-32.79998779296875,NE,1.500969,0.04020263999700546,0.8601611852645874,0.006191374268382788,0.01568657159805298,0.15400417149066925,0.0051271915435791016,12053,11,9,13,2,2,0.18181818181818182,8,1,0.125,0.9998739651152281
-4.0,-32.600006103515625,NE,1.493792,0.04021364822983742,0.8559458255767822,0.006351762916892767,0.015991628170013428,0.15795043110847473,0.005188144743442535,12053,11,10,13,1,2,0.09090909090909091,8,0,0.0,0.9998665386096057
-4.0,-32.399993896484375,NE,1.487338,0.04021972045302391,0.8521512150764465,0.006514977663755417,0.01654108762741089,0.1619846522808075,0.005371209233999252,12053,12,11,13,1,1,0.08333333333333333,8,0,0.0,0.9998585893715857
-4.0,-32.20001220703125,NE,1.482734,0.04021424800157547,0.8494812846183777,0.006645567715167999,0.016846179962158203,0.16525405645370483,0.005493443459272385,12053,12,10,14,2,2,0.16666666666666666,8,1,0.125,0.9998513988743273
-4.0,-32.0,NE,1.477778,0.04014308378100395,0.8466355204582214,0.006777347531169653,0.01709038019180298,0.1688297688961029,0.005493335425853729,12053,12,11,13,1,1,0.08333333333333333,9,1,0.1111111111111111,0.9998432105799663
-3.799999952316284,-38.20001220703125,NE,1.806007,0.039273735135793686,1.0520192384719849,0.008963131345808506,0.022327280044555663,0.22822202742099762,0.007409915328025818,12053,4,2,4,2,0,0.5,3,1,0.3333333333333333,0.9998069485569338
-3.799999952316284,-38.0,NE,1.755204,0.03966786712408066,1.0214812755584717,0.009086190722882748,0.02264472246170044,0.2290567010641098,0.007568582892417908,12053,3,2,3,1,0,0.3333333333333333,2,0,0.0,0.9997907529639233
-3.799999952316284,-32.79998779296875,NE,1.505154,0.040301818400621414,0.8625795841217041,0.0063276770524680614,0.01594289541244507,0.15700723230838776,0.005237016826868057,12053,9,7,11,2,2,0.2222222222222222,7,1,0.14285714285714285,0.9998687848901042
-3.799999952316284,-32.600006103515625,NE,1.501549,0.04033971205353737,0.8606106042861938,0.006476938724517822,0.016321337223052977,0.16055986285209656,0.005395643413066864,12053,10,8,12,2,2,0.2,7,1,0.14285714285714285,0.999861312705942
-3.799999952316284,-32.399993896484375,NE,1.497121,0.040232736617326736,0.8575888872146606,0.006601786706596613,0.016626501083374025,0.16408991813659668,0.0054810792207717896,12053,11,10,12,1,1,0.09090909090909091,7,0,0.0,0.9998553123813072
-3.799999952316284,-32.20001220703125,NE,1.486614,0.040255095809698105,0.8517374396324158,0.0067961509339511395,0.017234450578689567,0.1688271015882492,0.0056396834552288055,12053,12,10,13,2,1,0.16666666666666666,8,1,0.125,0.9998439289226092
-3.799999952316284,-32.0,NE,1.481335,0.0401587039232254,0.8486598134040833,0.0069369105622172356,0.01757866144180298,0.17273740470409393,0.005737483501434326,12053,12,11,13,1,1,0.08333333333333333,8,0,0.0,0.9998361572159914
-3.5999999046325684,-38.600006103515625,NE,1.784805,0.03914736211299896,1.0394322872161865,0.008940864354372025,0.022544622421264638,0.22838996350765228,0.007501468062400818,12053,4,3,4,1,0,0.25,3,0,0.0,0.9998030015581836
-3.5999999046325684,-38.399993896484375,NE,1.769613,0.03901030495762825,1.0311236381530762,0.008785010315477848,0.02209540605545044,0.22519716620445251,0.007312297821044922,12053,4,3,4,1,0,0.25,3,0,0.0,0.9998054478726893
-3.5999999046325684,-38.20001220703125,NE,1.730015,0.039028752595186234,1.0074819326400757,0.008812672458589077,0.02219049930572509,0.22579948604106903,0.007287859916687012,12053,3,3,3,0,0,0.0,2,0,0.0,0.9997964323891424
-3.5999999046325684,-38.0,NE,1.678095,0.03911271691322327,0.9765576124191284,0.008967929519712925,0.02233952283859253,0.22928424179553986,0.007507547736167908,12053,3,3,3,0,0,0.0,2,0,0.0,0.9997766071605269
-3.5999999046325684,-32.79998779296875,NE,1.508328,0.04055250063538551,0.864467978477478,0.006527486722916365,0.0164432168006897,0.16096384823322296,0.005426198244094849,12053,11,9,11,2,0,0.18181818181818182,8,2,0.25,0.9998597262671388
-3.5999999046325684,-32.600006103515625,NE,1.503295,0.04055001214146614,0.8616490364074707,0.006668050307780504,0.016785186529159547,0.16444015502929688,0.005542192608118057,12053,11,8,11,3,0,0.2727272727272727,8,2,0.25,0.9998523024771132
-3.5999999046325684,-32.399993896484375,NE,1.497304,0.0404873825609684,0.8581510186195374,0.006818969734013081,0.017229604721069332,0.16842208802700043,0.0056581757962703705,12053,12,9,12,3,0,0.25,8,2,0.25,0.9998441856003389
-3.5999999046325684,-32.20001220703125,NE,1.490777,0.04042844846844673,0.8542448282241821,0.006966507527977228,0.017798185348510742,0.17231696844100952,0.005786243826150894,12053,13,12,13,1,0,0.07692307692307693,9,0,0.0,0.9998363325577846
-3.5999999046325684,-32.0,NE,1.484888,0.04034605622291565,0.8507417440414429,0.007100251503288746,0.01809139251708982,0.17598378658294678,0.005859553813934326,12053,13,12,13,1,0,0.07692307692307693,9,0,0.0,0.9998294065595128
-3.400000095367432,-38.79998779296875,NE,1.759959,0.03971279412508011,1.0258798599243164,0.00903401244431734,0.022752177715301504,0.22748367488384247,0.0075563713908195496,12053,4,2,5,2,1,0.5,3,1,0.3333333333333333,0.999793128191508
-3.400000095367432,-38.600006103515625,NE,1.73782,0.039413344115018845,1.0135681629180908,0.008832254447042942,0.02227113246917724,0.2240930050611496,0.007379405200481415,12053,5,3,5,2,0,0.4,4,1,0.25,0.999796784499914
-3.400000095367432,-38.399993896484375,NE,1.707105,0.03924131020903587,0.9952343702316284,0.008791415020823479,0.02228341102600097,0.22403469681739807,0.0073610469698905945,12053,4,3,4,1,0,0.25,3,1,0.3333333333333333,0.9997910443755731
-3.400000095367432,-38.20001220703125,NE,1.671651,0.039233800023794174,0.9744086265563965,0.009007438085973263,0.022710633277893064,0.22958362102508545,0.0074952468276023865,12053,4,3,5,1,1,0.25,3,1,0.3333333333333333,0.9997695221739992
-3.400000095367432,-32.399993896484375,NE,1.499928,0.040889058262109756,0.8597149848937988,0.007021830417215824,0.01763972043991089,0.17172883450984955,0.005749590694904327,12053,12,11,12,1,0,0.08333333333333333,9,1,0.1111111111111111,0.9998352333156308
-3.200000047683716,-39.20001220703125,NE,1.774932,0.04059958457946777,1.0325113534927368,0.009521308355033398,0.023841190338134765,0.23451738059520721,0.007910579442977905,12053,4,2,5,2,1,0.5,3,1,0.3333333333333333,0.9997759373388028
-3.200000047683716,-39.0,NE,1.737566,0.04012459143996239,1.012310266494751,0.00924408808350563,0.023279535770416238,0.23038460314273834,0.0076906681060791016,12053,4,2,5,2,1,0.5,3,1,0.3333333333333333,0.9997783859765574
-3.200000047683716,-38.79998779296875,NE,1.704213,0.039963047951459885,0.994903028011322,0.009129507467150688,0.02306957244873046,0.22844873368740082,0.007556349039077759,12053,4,2,5,2,1,0.5,3,1,0.3333333333333333,0.9997742202961386
-3.200000047683716,-38.600006103515625,NE,1.666362,0.0394425205886364,0.9731438159942627,0.009044020436704159,0.02313300371170044,0.22929620742797852,0.007495366036891937,12053,4,3,4,1,0,0.25,3,1,0.3333333333333333,0.999767749834277
-3.0,-39.399993896484375,NE,1.803254,0.041053708642721176,1.0541902780532837,0.009531703777611256,0.023926401138305665,0.23217643797397614,0.007873758673667908,12053,4,3,4,1,0,0.25,4,1,0.25,0.9997795275374509
-3.0,-39.20001220703125,NE,1.733309,0.04050210118293762,1.0108604431152344,0.009409427642822266,0.023743343353271485,0.23231948912143707,0.00781269371509552,12053,4,3,5,1,1,0.25,3,0,0.0,0.9997667652125172
-3.0,-39.0,NE,1.680708,0.0402953140437603,0.9802092909812927,0.009375029243528843,0.023804426193237305,0.23265805840492249,0.007934808731079102,12053,4,3,5,1,1,0.25,3,0,0.0,0.9997529337671239
-3.0,-38.79998779296875,NE,1.646006,0.04053527116775513,0.9607084393501282,0.009504461660981178,0.024109816551208495,0.23447386920452118,0.007873639464378357,12053,4,4,5,0,1,0.0,3,0,0.0,0.9997366681614381
-2.799999952316284,-41.600006103515625,NE,2.004612,0.04954102635383606,1.183882713317871,0.009516566060483456,0.024029111862182612,0.19209465384483337,0.007867701351642609,12053,7,3,7,4,0,0.5714285714285714,6,4,0.6666666666666666,0.999805744796056
-2.799999952316284,-41.399993896484375,NE,2.015229,0.04829780384898186,1.1898475885391235,0.009359222836792469,0.023499321937561036,0.1937815397977829,0.007751598954200745,12053,5,3,5,2,0,0.4,4,2,0.5,0.9998132570322507
-2.799999952316284,-41.20001220703125,NE,2.013555,0.04744333028793335,1.1880743503570557,0.009166023693978786,0.022915649414062485,0.19319941103458405,0.0075441449880599976,12053,4,3,4,1,0,0.25,3,1,0.3333333333333333,0.9998209661191242
-2.799999952316284,-41.0,NE,2.007533,0.046965520828962326,1.1836323738098145,0.00902117881923914,0.022522687911987305,0.19208088517189026,0.007507547736167908,12053,3,3,3,0,0,0.0,2,0,0.0,0.9998265689919672
-2.799999952316284,-40.79998779296875,NE,1.997641,0.04669692739844322,1.177070140838623,0.00902868527919054,0.02260074615478515,0.19334645569324493,0.007464863359928131,12053,3,3,3,0,0,0.0,2,0,0.0,0.9998251630006202
-2.799999952316284,-40.600006103515625,NE,1.984487,0.04627477377653122,1.1692309379577637,0.00912528671324253,0.02278385162353515,0.19719786942005157,0.007507503032684326,12053,3,3,3,0,0,0.0,2,0,0.0,0.9998198579232184
-2.799999952316284,-40.399993896484375,NE,1.956,0.046175915747880936,1.1531603336334229,0.009211888536810875,0.023010969161987305,0.19949552416801453,0.0075442008674144745,12053,3,2,3,1,0,0.3333333333333333,2,0,0.0,0.9998092273920236
-2.799999952316284,-40.20001220703125,NE,1.943465,0.04539875313639641,1.1484556198120117,0.0092430729418993,0.023255038261413574,0.20359750092029572,0.007556229829788208,12053,3,2,3,1,0,0.3333333333333333,2,0,0.0,0.9998029142684961
-2.799999952316284,-40.0,NE,1.948853,0.044219180941581726,1.156957745552063,0.00913151353597641,0.023072004318237305,0.20650571584701538,0.007446512579917908,12053,3,2,3,1,0,0.3333333333333333,3,1,0.3333333333333333,0.9998077127374534
-2.799999952316284,-39.79998779296875,NE,1.899586,0.04292962700128555,1.120157241821289,0.009029809385538101,0.023040127754211423,0.21033979952335358,0.007495380938053131,12053,4,3,4,1,0,0.25,4,1,0.25,0.9998133372613871
-2.799999952316284,-39.600006103515625,NE,1.832702,0.04203229025006294,1.079675316810608,0.009285183623433113,0.023477077484130845,0.22090595960617065,0.00765402615070343,12053,4,4,4,0,0,0.0,4,0,0.0,0.9997922572769549
-2.799999952316284,-39.399993896484375,NE,1.764647,0.04149271175265312,1.037271499633789,0.00940642785280943,0.02395094633102417,0.22670072317123413,0.0077517107129096985,12053,5,4,5,1,0,0.2,4,0,0.0,0.9997698869101469
-2.799999952316284,-39.20001220703125,NE,1.691989,0.041276536881923676,0.9908580780029297,0.009553163312375546,0.024041295051574704,0.23144294321537018,0.007855452597141266,12053,4,3,6,1,2,0.25,3,0,0.0,0.9997444609366215
-2.5999999046325684,-42.399993896484375,NE,1.975753,0.05152679234743118,1.1760989427566528,0.010161385871469975,0.026055431365966792,0.19720587134361267,0.008410908281803131,12053,10,10,10,0,0,0.0,7,0,0.0,0.9997797988279972
-2.5999999046325684,-42.20001220703125,NE,1.951352,0.05024150758981705,1.1576833724975586,0.009878356009721756,0.025208282470703124,0.19661742448806763,0.008111827075481415,12053,9,8,10,1,1,0.1111111111111111,6,0,0.0,0.9997861802988567
-2.5999999046325684,-42.0,NE,1.930328,0.049241624772548676,1.1443034410476685,0.009632891044020653,0.024475812911987305,0.1956249624490738,0.007873773574829102,12053,8,7,11,1,3,0.125,6,0,0.0,0.9997900861507721
-2.5999999046325684,-41.79998779296875,NE,1.928852,0.049324166029691696,1.1435928344726562,0.009364788420498371,0.02374818325042724,0.18986207246780396,0.007635720074176788,12053,8,6,9,2,1,0.25,6,1,0.16666666666666666,0.9997999928173249
-2.5999999046325684,-41.600006103515625,NE,1.934676,0.049014125019311905,1.1468491554260254,0.00915337074548006,0.023084163665771484,0.1867496520280838,0.007513657212257385,12053,8,5,9,3,1,0.375,6,2,0.3333333333333333,0.9998074160727978
-2.5999999046325684,-41.399993896484375,NE,1.938719,0.048205286264419556,1.1486972570419312,0.00892137922346592,0.022551894187927243,0.18507055938243866,0.007336638867855072,12053,6,3,7,3,1,0.5,5,2,0.4,0.9998177688714059
-2.5999999046325684,-41.20001220703125,NE,1.937048,0.047364287078380585,1.1472686529159546,0.008705784566700459,0.021851348876953124,0.18380482494831085,0.007178004831075668,12053,6,3,6,3,0,0.5,5,2,0.4,0.9998273195568197
-2.5999999046325684,-41.0,NE,1.940247,0.047042250633239746,1.1480517387390137,0.008503854274749756,0.021301889419555665,0.18077056109905243,0.007049776613712311,12053,6,2,6,4,0,0.6666666666666666,5,3,0.6,0.9998359616674254
-2.5999999046325684,-40.79998779296875,NE,1.934839,0.04640784114599228,1.1436152458190918,0.008413875475525856,0.021130943298339845,0.18130289018154144,0.006982669234275818,12053,6,2,6,4,0,0.6666666666666666,5,3,0.6,0.9998387852989152
-2.5999999046325684,-40.600006103515625,NE,1.928443,0.046159494668245316,1.140326738357544,0.008413014002144337,0.020969867706298818,0.182259663939476,0.006946001201868057,12053,6,2,6,4,0,0.6666666666666666,5,3,0.6,0.9998390363021612
-2.5999999046325684,-40.399993896484375,NE,1.917338,0.045642103999853134,1.1341323852539062,0.008466385304927826,0.021233558654785153,0.185495063662529,0.006958235055208206,12053,6,2,6,4,0,0.6666666666666666,5,3,0.6,0.9998347534519441
-2.5999999046325684,-40.20001220703125,NE,1.902774,0.045433614403009415,1.1253776550292969,0.008546490222215652,0.021521615982055663,0.1881094127893448,0.007000993937253952,12053,6,3,6,3,0,0.5,5,2,0.4,0.9998288613056626
-2.5999999046325684,-40.0,NE,1.87312,0.045089710503816605,1.107584834098816,0.00867832638323307,0.02191230058670044,0.19246800243854523,0.007141336798667908,12053,5,4,5,1,0,0.2,5,1,0.2,0.9998188720747296
-2.5999999046325684,-39.79998779296875,NE,1.825626,0.04414095729589462,1.0785564184188843,0.008791444823145866,0.02228333950042724,0.19916751980781555,0.007287725806236267,12053,5,5,6,0,1,0.0,5,0,0.0,0.9998076053540758
-2.5999999046325684,-39.600006103515625,NE,1.768004,0.04296734184026718,1.0442125797271729,0.009153361432254314,0.02320617437362671,0.21303066611289978,0.007556363940238953,12053,4,4,6,0,2,0.0,4,0,0.0,0.9997798734751715
-2.400000095367432,-44.20001220703125,NE,2.614275,0.05506892874836922,1.7107151746749878,0.012387013994157314,0.030975198745727534,0.22493652999401093,0.01035802811384201,12053,18,15,21,3,3,0.16666666666666666,12,2,0.16666666666666666,0.9997587672908119
-2.400000095367432,-44.0,NE,3.150891,0.05386621132493019,1.833872675895691,0.011408508755266666,0.028406620025634745,0.21179340779781342,0.009521782398223877,12053,15,12,17,3,2,0.2,12,3,0.25,0.9999096284411485
-2.400000095367432,-43.0,NE,2.001206,0.052148282527923584,1.1986085176467896,0.010313144885003567,0.02587968111038208,0.1977657675743103,0.00854519009590149,12053,11,10,11,1,0,0.09090909090909091,9,1,0.1111111111111111,0.9997785834080476
-2.400000095367432,-42.79998779296875,NE,1.955848,0.05137547850608826,1.1700494289398193,0.01007016934454441,0.025354719161987303,0.19601120054721832,0.008288852870464325,12053,10,9,10,1,0,0.1,7,0,0.0,0.9997795209823294
-2.400000095367432,-42.600006103515625,NE,1.913208,0.05104923993349075,1.1430160999298096,0.00992280337959528,0.025086212158203124,0.1943771094083786,0.008130162954330444,12053,10,9,11,1,1,0.1,7,0,0.0,0.9997764997857153
-2.400000095367432,-42.399993896484375,NE,1.879237,0.05092880129814148,1.1194816827774048,0.009851986542344093,0.024956798553466792,0.19344626367092133,0.008130058646202087,12053,9,9,10,0,1,0.0,7,0,0.0,0.999770740557972
-2.400000095367432,-42.20001220703125,NE,1.852244,0.050312452018260956,1.1010833978652954,0.009695478715002537,0.024578452110290524,0.19270534813404083,0.007934723049402237,12053,10,10,10,0,0,0.0,8,0,0.0,0.9997711676500137
-2.400000095367432,-42.0,NE,1.827438,0.049560099840164185,1.0866597890853882,0.009522894397377968,0.024109601974487305,0.19214841723442078,0.0077517032623291016,12053,9,9,10,0,1,0.0,8,0,0.0,0.9997725546202052
-2.400000095367432,-41.79998779296875,NE,1.811669,0.049402106553316116,1.0772099494934082,0.00931496825069189,0.02351632118225097,0.1885540634393692,0.007574707269668579,12053,8,8,10,0,2,0.0,7,0,0.0,0.9997779610227213
-2.400000095367432,-41.600006103515625,NE,1.800203,0.04884229227900505,1.0706932544708252,0.00911048986017704,0.022905945777893063,0.18652871251106262,0.007446542382240295,12053,8,6,10,2,2,0.25,7,2,0.2857142857142857,0.999783704650786
-2.400000095367432,-40.79998779296875,NE,1.826859,0.04657294228672981,1.084625482559204,0.008204920217394829,0.02056952714920044,0.17617353796958923,0.006811603903770447,12053,7,6,8,1,1,0.14285714285714285,6,1,0.16666666666666666,0.9998310360246544
-2.400000095367432,-40.600006103515625,NE,1.813602,0.04643628001213074,1.075677752494812,0.008197922259569168,0.020545029640197755,0.17654132843017578,0.0067812129855155945,12053,7,6,8,1,1,0.14285714285714285,6,1,0.16666666666666666,0.9998296045306965
-2.400000095367432,-40.399993896484375,NE,1.802334,0.046114083379507065,1.0680025815963745,0.008232062682509422,0.020569443702697754,0.17851515114307404,0.006762981414794922,12053,7,6,8,1,1,0.14285714285714285,6,1,0.16666666666666666,0.9998264736702883
-2.400000095367432,-40.20001220703125,NE,1.78946,0.045798588544130325,1.0599638223648071,0.00837260764092207,0.02110419273376464,0.18281365931034088,0.006884995847940445,12053,7,6,8,1,1,0.14285714285714285,6,1,0.16666666666666666,0.9998173074909011
-2.400000095367432,-40.0,NE,1.769113,0.04619377478957176,1.047839879989624,0.008665792644023895,0.021912217140197754,0.18759654462337494,0.007080294191837311,12053,7,6,9,1,2,0.14285714285714285,7,1,0.14285714285714285,0.9998004985074378
-2.200000047683716,-44.20001220703125,NE,2.693342,0.053998176008462906,1.7371271848678589,0.011760015971958637,0.029412603378295894,0.21778543293476105,0.009784489870071411,12053,14,14,17,0,3,0.0,11,0,0.0,0.9998118171430777
-2.200000047683716,-44.0,NE,2.664917,0.05369924008846283,1.6869759559631348,0.010854192078113556,0.027100443840026855,0.20212934911251068,0.00909450650215149,12053,7,6,9,1,2,0.14285714285714285,4,1,0.25,0.9998429362363037
-2.200000047683716,-43.79998779296875,NE,2.623215,0.05264240503311157,1.620492935180664,0.010262611322104931,0.02580878734588622,0.19494950771331787,0.008569568395614624,12053,6,3,7,3,1,0.5,5,3,0.6,0.9998645013237222
-2.200000047683716,-43.600006103515625,NE,2.320195,0.051951196044683456,1.4184422492980957,0.009932516142725945,0.024810361862182613,0.19118936359882355,0.008282758295536041,12053,9,8,10,1,1,0.1111111111111111,8,1,0.125,0.9998410912299923
-2.200000047683716,-43.399993896484375,NE,2.197052,0.051513124257326126,1.3293712139129639,0.00976149458438158,0.024322128295898433,0.1894952952861786,0.008093610405921936,12053,6,5,7,1,1,0.16666666666666666,5,1,0.2,0.9998305815333673
-2.200000047683716,-43.20001220703125,NE,2.034414,0.05126507207751274,1.2242846488952637,0.009721983224153519,0.024280476570129394,0.18964146077632904,0.008056916296482086,12053,10,9,10,1,0,0.1,9,1,0.1111111111111111,0.9998080693079713
-2.200000047683716,-43.0,NE,1.929457,0.05086870491504669,1.1574430465698242,0.009719375520944595,0.024231672286987305,0.1910678744316101,0.008056886494159698,12053,11,9,11,2,0,0.18181818181818182,9,2,0.2222222222222222,0.9997882036075652
-2.200000047683716,-42.79998779296875,NE,1.845262,0.05081061273813248,1.1053048372268677,0.00977324228733778,0.024427151679992674,0.1923464685678482,0.008050739765167236,12053,10,10,11,0,1,0.0,8,0,0.0,0.9997685290525135
-2.200000047683716,-42.600006103515625,NE,1.783193,0.050669293850660324,1.0650458335876465,0.00983214657753706,0.024536848068237305,0.19404546916484833,0.008117929100990295,12053,11,11,11,0,0,0.0,9,0,0.0,0.9997484260313418
-2.0,-44.399993896484375,N eq.,2.759919,0.05521047115325928,1.7558683156967163,0.012929249554872513,0.03234932422637939,0.23418110609054565,0.010803349316120148,12053,16,12,17,4,1,0.25,13,4,0.3076923076923077,0.9997941945980882
-2.0,-44.20001220703125,N eq.,2.703656,0.05389486625790596,1.7130974531173706,0.01124902069568634,0.028077173233032226,0.2087215632200241,0.009338632225990295,12053,11,9,15,2,4,0.18181818181818182,8,1,0.125,0.9998387641960819
-2.0,-44.0,N eq.,2.60369,0.05358564108610153,1.6361801624298096,0.010461799800395966,0.02624591588973999,0.19523513317108154,0.00854519009590149,12053,8,7,11,1,3,0.125,7,1,0.14285714285714285,0.9998495343671296
-2.0,-43.79998779296875,N eq.,2.45852,0.05271102860569954,1.5270816087722778,0.009896649047732353,0.024963974952697754,0.18775291740894318,0.008239999413490295,12053,9,9,11,0,2,0.0,6,0,0.0,0.9998543900828908
-2.0,-43.600006103515625,N eq.,2.261335,0.05208159238100052,1.3874502182006836,0.009595408104360104,0.024109649658203124,0.1842379868030548,0.007995881140232086,12053,11,8,11,3,0,0.2727272727272727,9,3,0.3333333333333333,0.9998420473268597
-2.0,-43.399993896484375,N eq.,2.084741,0.051787443459033966,1.262561559677124,0.009469270706176758,0.023743391036987305,0.18284878134727478,0.007873758673667908,12053,6,6,8,0,2,0.0,5,0,0.0,0.9998230214889876
-2.0,-43.20001220703125,N eq.,1.924317,0.051787249743938446,1.1618993282318115,0.0095608439296484,0.023865509033203124,0.18461771309375763,0.007934823632240295,12053,11,11,11,0,0,0.0,9,0,0.0,0.9997945856575269
-2.0,-43.0,N eq.,1.81563,0.051587797701358795,1.0899767875671387,0.009713863953948021,0.024414777755737305,0.18829770386219025,0.008239984512329102,12053,10,10,13,0,3,0.0,8,0,0.0,0.9997643260493638
-1.7999999523162842,-44.399993896484375,N eq.,2.786406,0.0539124570786953,1.744657039642334,0.011707744561135769,0.029163336753845213,0.2171621471643448,0.009704798460006714,12053,9,7,9,2,0,0.2222222222222222,7,1,0.14285714285714285,0.9998406898427283
-1.7999999523162842,-44.20001220703125,N eq.,2.659747,0.05369741469621658,1.664046287536621,0.010686761699616909,0.026526856422424316,0.1990181803703308,0.008862622082233429,12053,8,7,9,1,1,0.125,7,1,0.14285714285714285,0.9998525842188423
-1.600000023841858,-44.600006103515625,N eq.,2.888404,0.0520523339509964,1.7911626100540161,0.010862975381314754,0.027100491523742675,0.20869334042072296,0.009057953953742981,12053,9,9,9,0,0,0.0,7,0,0.0,0.9998748916609366
-1.600000023841858,-44.399993896484375,N eq.,2.736742,0.05250316485762596,1.7019710540771484,0.010109180584549904,0.025147247314453124,0.19254420697689056,0.008404731750488281,12053,9,9,9,0,0,0.0,7,0,0.0,0.9998770085403191
-1.600000023841858,-44.20001220703125,N eq.,2.558309,0.052963241934776306,1.5909233093261719,0.009798378683626652,0.024353790283203124,0.1850033849477768,0.008117929100990295,12053,9,9,9,0,0,0.0,6,0,0.0,0.999869406492448
-1.399999976158142,-48.600006103515625,N eq.,3.063851,0.0724266842007637,1.9229804277420044,0.02692614123225212,0.06852753162384032,0.3717710077762604,0.02190009504556656,12053,28,20,34,8,6,0.2857142857142857,23,6,0.2608695652173913,0.9993690571637472
-1.399999976158142,-45.20001220703125,N eq.,4.057414,0.05073469132184982,2.0685110092163086,0.010042281821370125,0.024988460540771484,0.19793717563152313,0.008411020040512085,12053,3,3,5,0,2,0.0,3,0,0.0,0.9999664007132864
-1.399999976158142,-45.0,N eq.,4.085818,0.05069287493824959,2.1004533767700195,0.009601203724741936,0.023926496505737305,0.18939946591854095,0.007934823632240295,12053,6,6,7,0,1,0.0,6,0,0.0,0.9999717526445604
-1.399999976158142,-44.79998779296875,N eq.,2.990314,0.05022943764925003,1.7568615674972534,0.009175237268209457,0.022864317893981932,0.18266654014587402,0.007629759609699249,12053,11,10,12,1,1,0.09090909090909091,8,1,0.125,0.9999312598970344
-1.399999976158142,-44.600006103515625,N eq.,2.763478,0.05032997950911522,1.7178994417190552,0.008735672570765018,0.021875667572021484,0.1735679805278778,0.0072269439697265625,12053,10,9,11,1,1,0.1,7,0,0.0,0.9999091787145747
-1.399999976158142,-44.399993896484375,N eq.,2.615062,0.050862766802310944,1.622475504875183,0.008749422617256641,0.021887874603271483,0.17202018201351166,0.007287755608558655,12053,9,9,10,0,1,0.0,7,0,0.0,0.9998996644267051
-1.2000000476837158,-48.600006103515625,N eq.,2.93269,0.07129794359207153,1.8027623891830444,0.02628692425787449,0.0666989803314209,0.36869120597839355,0.021424055099487305,12053,21,10,27,11,6,0.5238095238095238,14,6,0.42857142857142855,0.9993787939111277
-1.2000000476837158,-45.600006103515625,N eq.,4.560236,0.05325500667095184,2.2286343574523926,0.010582934133708477,0.026636695861816405,0.19872185587882996,0.008764967322349548,12053,4,4,5,0,1,0.0,3,0,0.0,0.999979646953883
-1.2000000476837158,-45.399993896484375,N eq.,2.918687,0.05194007605314255,1.8390761613845825,0.009890174493193626,0.024805402755737303,0.19041509926319122,0.008325383067131042,12053,12,10,13,2,1,0.16666666666666666,9,2,0.2222222222222222,0.9998858271988895
-1.2000000476837158,-45.20001220703125,N eq.,2.954317,0.051702044904232025,1.8602778911590576,0.00927168969064951,0.02315516471862792,0.1793292611837387,0.0077701136469841,12053,10,9,10,1,0,0.1,7,1,0.14285714285714285,0.9999052405342274
-1.2000000476837158,-45.0,N eq.,2.84069,0.05179823189973831,1.7822492122650146,0.008879659697413445,0.022156476974487305,0.17142784595489502,0.007446512579917908,12053,10,9,13,1,3,0.1,7,0,0.0,0.9999091082393079
-1.2000000476837158,-44.79998779296875,N eq.,2.736868,0.05093079432845116,1.713491678237915,0.008450252003967762,0.021228694915771486,0.1659163534641266,0.007080256938934326,12053,11,11,13,0,2,0.0,7,0,0.0,0.9999125493235022
-1.2000000476837158,-44.600006103515625,N eq.,2.608679,0.05064220726490021,1.6205369234085083,0.008166086860001087,0.020508527755737305,0.16125060617923737,0.006799519062042236,12053,11,11,12,0,1,0.0,7,0,0.0,0.9999111945292649
-1.0,-48.399993896484375,N eq.,3.092678,0.0714479312300682,1.8935178518295288,0.023993341252207756,0.06106123924255369,0.33581575751304626,0.019592970609664917,12053,21,17,23,4,2,0.19047619047619047,16,3,0.1875,0.9995496200464331
-1.0,-46.0,N eq.,3.031009,0.054625093936920166,1.9076277017593384,0.010511680506169796,0.026245832443237305,0.1924331784248352,0.00869777426123619,12053,21,17,22,4,1,0.19047619047619047,14,3,0.21428571428571427,0.9998899918975817
-1.0,-45.79998779296875,N eq.,2.968626,0.053192608058452606,1.891310453414917,0.009860111400485039,0.024658799171447754,0.1853661984205246,0.008179038763046265,12053,18,16,18,2,0,0.1111111111111111,11,1,0.09090909090909091,0.9998907648536725
-1.0,-45.600006103515625,N eq.,2.928292,0.05234820023179054,1.8561506271362305,0.00926691759377718,0.023194074630737305,0.17702457308769226,0.00769081711769104,12053,12,10,14,2,2,0.16666666666666666,8,1,0.125,0.9999024718554245
-1.0,-45.399993896484375,N eq.,2.860276,0.05230129882693291,1.811057448387146,0.008781734853982925,0.021912217140197754,0.16790662705898285,0.007324442267417908,12053,15,14,18,1,3,0.06666666666666667,12,1,0.08333333333333333,0.9999087430902502
-1.0,-45.20001220703125,N eq.,2.797509,0.05238083004951477,1.7646898031234741,0.00853152945637703,0.021423864364624023,0.16287502646446228,0.007141374051570892,12053,15,15,15,0,0,0.0,11,0,0.0,0.9999120808927296
-1.0,-45.0,N eq.,2.715078,0.05228755623102188,1.7042067050933838,0.008308564312756062,0.020752668380737305,0.1589013636112213,0.007019251585006714,12053,15,14,15,1,0,0.06666666666666667,11,1,0.09090909090909091,0.9999129182144285
-1.0,-44.79998779296875,N eq.,2.588355,0.05187532678246498,1.616408348083496,0.00807090662419796,0.020325231552124023,0.1555827558040619,0.006714075803756714,12053,14,12,16,2,2,0.14285714285714285,10,2,0.2,0.999910335861445
-1.0,-44.600006103515625,N eq.,2.451983,0.05143196880817413,1.521464467048645,0.007906938903033733,0.019837021827697754,0.15373587608337402,0.006653010845184326,12053,12,11,14,1,2,0.08333333333333333,9,1,0.1111111111111111,0.9999058288726695
-0.800000011920929,-48.399993896484375,N eq.,3.195137,0.07040368020534515,1.9526175260543823,0.023128751665353775,0.05853438377380371,0.32851624488830566,0.01898247003555298,12053,18,13,24,5,6,0.2777777777777778,14,3,0.21428571428571427,0.9996065328270757
-0.800000011920929,-48.20001220703125,N eq.,3.260997,0.07234924286603928,1.980746865272522,0.021038971841335297,0.05368638038635253,0.2907974123954773,0.017243191599845886,12053,24,17,26,7,2,0.2916666666666667,17,3,0.17647058823529413,0.9996987948788874
-0.800000011920929,-46.600006103515625,N eq.,3.11249,0.05892243981361389,1.9465923309326172,0.011275248602032661,0.028228521347045895,0.19135746359825134,0.009332560002803802,12053,25,22,27,3,2,0.12,17,2,0.11764705882352941,0.999882162656322
-0.800000011920929,-46.399993896484375,N eq.,3.022545,0.05714857950806618,1.923003911972046,0.010425955057144165,0.025977134704589844,0.18243594467639923,0.008642829954624176,12053,16,13,19,3,3,0.1875,11,3,0.2727272727272727,0.9998831164402221
-0.800000011920929,-46.20001220703125,N eq.,2.966771,0.055577896535396576,1.8966509103775024,0.009773566387593746,0.024366068840026855,0.17585347592830658,0.008056841790676117,12053,16,16,16,0,0,0.0,10,0,0.0,0.9998947252162366
-0.800000011920929,-46.0,N eq.,2.918617,0.05428185686469078,1.8613613843917847,0.0092935087159276,0.022949934005737305,0.17120838165283203,0.007660143077373505,12053,20,17,20,3,0,0.15,13,3,0.23076923076923078,0.9999016219409037
-0.800000011920929,-45.79998779296875,N eq.,2.858238,0.05363992601633072,1.8181008100509644,0.008892709389328957,0.022034335136413574,0.1657852679491043,0.007348798215389252,12053,17,14,21,3,4,0.17647058823529413,12,2,0.16666666666666666,0.9999057873489037
-0.800000011920929,-45.600006103515625,N eq.,2.774863,0.05344842001795769,1.7648037672042847,0.008600478060543537,0.021424055099487305,0.16091173887252808,0.007141292095184326,12053,17,17,18,0,1,0.0,12,0,0.0,0.9999071408050476
-0.800000011920929,-45.399993896484375,N eq.,2.70845,0.053246039897203445,1.7125203609466553,0.00836535356938839,0.020916152000427242,0.15710753202438354,0.007019221782684326,12053,16,14,17,2,1,0.125,12,2,0.16666666666666666,0.9999086682340494
-0.6000000238418579,-48.399993896484375,N eq.,3.257537,0.06956206262111664,1.990374207496643,0.021982237696647644,0.05548741817474365,0.316008985042572,0.018115565180778503,12053,22,19,26,3,4,0.13636363636363635,16,2,0.125,0.9996573390373374
-0.6000000238418579,-48.20001220703125,N eq.,3.184237,0.07479545474052429,1.9187355041503906,0.019271666184067726,0.048807764053344714,0.2576582431793213,0.015747681260108948,12053,21,15,24,6,3,0.2857142857142857,16,5,0.3125,0.9997249315554132
-0.6000000238418579,-48.0,N eq.,3.23461,0.07694979757070541,1.8797023296356201,0.017072362825274467,0.04345839023590088,0.22186364233493805,0.013916447758674622,12053,24,20,25,4,1,0.16666666666666666,19,2,0.10526315789473684,0.9998165078568675
-0.6000000238418579,-47.20001220703125,N eq.,2.959708,0.06503511965274811,1.8506929874420166,0.01203647069633007,0.030298948287963867,0.18507647514343262,0.009949013590812683,12053,38,35,41,3,3,0.07894736842105263,21,0,0.0,0.9998597873825975
-0.6000000238418579,-47.0,N eq.,2.972664,0.06369560211896896,1.8653295040130615,0.011156938038766384,0.028259992599487305,0.1751602590084076,0.009216591715812683,12053,34,34,36,0,2,0.0,21,0,0.0,0.9998752128927371
-0.6000000238418579,-46.79998779296875,N eq.,2.976737,0.06107885017991066,1.8784106969833374,0.010494657792150974,0.02636542320251464,0.1718214750289917,0.008691780269145966,12053,26,25,31,1,5,0.038461538461538464,18,1,0.05555555555555555,0.999885497092149
-0.6000000238418579,-46.600006103515625,N eq.,2.950558,0.058824971318244934,1.8704659938812256,0.00995899923145771,0.024915385246276855,0.16929884254932404,0.00822775810956955,12053,24,20,27,4,3,0.16666666666666666,17,3,0.17647058823529413,0.9998927509852776
-0.6000000238418579,-46.399993896484375,N eq.,2.905302,0.05705969035625458,1.8495662212371826,0.00953246932476759,0.02366764545440673,0.16706135869026184,0.00787375494837761,12053,20,17,21,3,1,0.15,14,3,0.21428571428571427,0.9998962996584475
-0.6000000238418579,-46.20001220703125,N eq.,2.835536,0.05573334917426109,1.8137928247451782,0.009146122261881828,0.022730159759521484,0.16410501301288605,0.007568657398223877,12053,18,17,19,1,1,0.05555555555555555,11,1,0.09090909090909091,0.9998981789960538
-0.6000000238418579,-46.0,N eq.,2.771571,0.05491234362125397,1.7679775953292847,0.00883275456726551,0.021973252296447754,0.16085189580917358,0.007324442267417908,12053,21,17,23,4,2,0.19047619047619047,15,4,0.26666666666666666,0.9999011105026393
-0.4000000059604645,-48.20001220703125,N eq.,2.960708,0.07544077187776566,1.799801230430603,0.01792232133448124,0.04533085823059082,0.23756811022758484,0.014740630984306335,12053,33,27,35,6,2,0.18181818181818182,21,2,0.09523809523809523,0.9997258831599872
-0.4000000059604645,-48.0,N eq.,2.72851,0.07492857426404953,1.7156662940979004,0.015705619007349014,0.03955202102661133,0.20960786938667297,0.01300087571144104,12053,48,42,50,6,2,0.125,26,4,0.15384615384615385,0.9997265025675784
-0.4000000059604645,-47.79998779296875,N eq.,2.774426,0.07256409525871277,1.7502959966659546,0.01396478246897459,0.03541343212127686,0.19244755804538727,0.011425904929637909,12053,56,49,59,7,3,0.125,32,2,0.0625,0.9997881880472895
-0.4000000059604645,-47.600006103515625,N eq.,2.835506,0.06999242305755615,1.778817892074585,0.012654373422265053,0.031915020942687986,0.18079634010791779,0.010449521243572235,12053,41,36,44,5,3,0.12195121951219512,24,2,0.08333333333333333,0.9998312106074531
-0.4000000059604645,-47.399993896484375,N eq.,2.847995,0.06746017932891846,1.7888975143432617,0.01171798538416624,0.029400277137756343,0.17370225489139557,0.009668372571468353,12053,42,40,44,2,2,0.047619047619047616,22,0,0.0,0.9998580433381775
-0.4000000059604645,-47.20001220703125,N eq.,2.870207,0.06500855088233948,1.7973473072052002,0.010999483056366444,0.027588772773742654,0.16920055449008942,0.009118974208831787,12053,39,35,42,4,3,0.10256410256410256,20,1,0.05,0.999875122639026
-0.4000000059604645,-47.0,N eq.,2.866034,0.06273699551820755,1.8035306930541992,0.010431026108562946,0.026245880126953124,0.16626594960689545,0.00860622525215149,12053,34,34,36,0,2,0.0,21,0,0.0,0.9998830631186113
-0.4000000059604645,-46.79998779296875,N eq.,2.847996,0.06029074639081955,1.8022711277008057,0.00991979893296957,0.024936890602111808,0.16453269124031067,0.008197255432605743,12053,32,30,38,2,6,0.0625,22,1,0.045454545454545456,0.999888757031571
-0.4000000059604645,-46.600006103515625,N eq.,2.81404,0.058219462633132935,1.7870056629180908,0.009463352151215076,0.023865556716918944,0.16254620254039764,0.007861554622650146,12053,23,21,25,2,2,0.08695652173913043,15,2,0.13333333333333333,0.9998935478814411
-0.2000000029802322,-49.600006103515625,N eq.,2.594349,0.08127140253782272,1.693648338317871,0.03645452484488487,0.09268865585327148,0.4485529065132141,0.029908210039138794,12053,44,28,62,16,18,0.36363636363636365,30,10,0.3333333333333333,0.9980303469221468
-0.2000000029802322,-48.399993896484375,N eq.,2.767483,0.0771479532122612,1.6730684041976929,0.01953962817788124,0.04910264015197754,0.25327473878860474,0.01594264805316925,12053,28,23,32,5,4,0.17857142857142858,19,4,0.21052631578947367,0.9996178417722387
-0.2000000029802322,-48.20001220703125,N eq.,2.667735,0.07632772624492645,1.6403738260269165,0.016756625846028328,0.04213302135467529,0.2195352464914322,0.013788335025310516,12053,43,39,48,4,5,0.09302325581395349,25,2,0.08,0.9997002076840692
-0.2000000029802322,-48.0,N eq.,2.708041,0.07292333990335464,1.6972174644470215,0.014462734572589397,0.03625595569610596,0.1983279287815094,0.011902213096618652,12053,54,48,56,6,2,0.1111111111111111,31,4,0.12903225806451613,0.9997661717564202
-0.2000000029802322,-47.79998779296875,N eq.,2.748529,0.07004445791244507,1.7272735834121704,0.012847480364143848,0.03206853866577149,0.18341894447803497,0.010632332414388657,12053,54,50,55,4,1,0.07407407407407407,27,1,0.037037037037037035,0.99981933616569
-0.2000000029802322,-47.600006103515625,N eq.,2.760031,0.06758992373943329,1.7420481443405151,0.011762184090912342,0.02906844615936278,0.17402274906635284,0.009827032685279846,12053,47,42,48,5,1,0.10638297872340426,24,2,0.08333333333333333,0.9998469126611425
-0.2000000029802322,-47.399993896484375,N eq.,2.768685,0.0652041882276535,1.7462222576141357,0.011028137989342213,0.027466583251953124,0.16913235187530518,0.009192179888486862,12053,46,41,48,5,2,0.10869565217391304,25,4,0.16,0.9998647929067038
-0.2000000029802322,-47.20001220703125,N eq.,2.76283,0.06293077021837234,1.738327145576477,0.010422255843877792,0.026128697395324703,0.16561461985111237,0.008667364716529846,12053,37,36,37,1,0,0.02702702702702703,21,1,0.047619047619047616,0.9998772247633875
-7.411293800885232e-13,-50.399993896484375,N eq.,2.19094,0.08672720193862915,1.5377087593078613,0.04544990882277489,0.11467618942260738,0.5240559577941895,0.03735455870628357,12053,61,28,84,33,23,0.5409836065573771,45,23,0.5111111111111111,0.9941248455697722
-7.411293800885232e-13,-50.20001220703125,N eq.,2.009903,0.08446874469518661,1.4093186855316162,0.043255820870399475,0.10895137786865235,0.512092649936676,0.03564569354057312,12053,92,48,116,44,24,0.4782608695652174,60,25,0.4166666666666667,0.9941641561715313
-7.411293800885232e-13,-50.0,N eq.,2.026225,0.08205115795135498,1.4074480533599854,0.04063301533460617,0.10284733772277832,0.49521562457084656,0.03357034921646118,12053,91,55,122,36,31,0.3956043956043956,54,17,0.3148148148148148,0.9952193511922675
-7.411293800885232e-13,-49.20001220703125,N eq.,2.970676,0.0804048478603363,1.8513320684432983,0.029651612043380737,0.07519803047180176,0.36877891421318054,0.024292998015880585,12053,20,13,24,7,4,0.35,14,2,0.14285714285714285,0.99904163828089
-7.411293800885232e-13,-49.0,N eq.,2.638095,0.08033084869384766,1.6216853857040405,0.026767995208501816,0.06787319183349598,0.3332218527793884,0.02197331190109253,12053,37,27,46,10,9,0.2702702702702703,23,4,0.17391304347826086,0.9990901767154821
-7.411293800885232e-13,-48.79998779296875,N eq.,2.498322,0.07983632385730743,1.5252081155776978,0.023963509127497673,0.06054830551147461,0.30015796422958374,0.019592590630054474,12053,48,39,55,9,7,0.1875,30,4,0.13333333333333333,0.9992486062762738
-7.411293800885232e-13,-48.600006103515625,N eq.,2.464769,0.0793144553899765,1.4912751913070679,0.02115047164261341,0.053651857376098636,0.2666660249233246,0.01733449101448059,12053,39,33,48,6,9,0.15384615384615385,22,3,0.13636363636363635,0.9994319346321797
-7.411293800885232e-13,-48.399993896484375,N eq.,2.456981,0.07805825769901276,1.4832078218460083,0.018099630251526833,0.04565558433532715,0.23187336325645447,0.01480141282081604,12053,47,35,51,12,4,0.2553191489361702,31,8,0.25806451612903225,0.9995976317497619
-7.411293800885232e-13,-48.20001220703125,N eq.,2.458865,0.07515057176351547,1.5127531290054321,0.015452150255441666,0.03881971836090088,0.20561587810516357,0.012756824493408203,12053,67,59,74,8,7,0.11940298507462686,34,6,0.17647058823529413,0.9997034275200629
0.2000000029802322,-50.600006103515625,N eq.,2.878966,0.0879991203546524,2.040696859359741,0.046920571476221085,0.11838269233703612,0.5331936478614807,0.03855718672275543,12053,40,20,60,20,20,0.5,32,15,0.46875,0.9959549907503218
0.2000000029802322,-49.600006103515625,N eq.,3.52509,0.07816510647535324,2.446972131729126,0.033313408493995667,0.08421177864074707,0.42619284987449646,0.02741791307926178,12053,13,7,17,6,4,0.46153846153846156,9,4,0.4444444444444444,0.9989367339488636
0.2000000029802322,-49.399993896484375,N eq.,3.404997,0.07859505712985992,2.1816935539245605,0.03086247481405735,0.07849340438842774,0.39267703890800476,0.025379136204719543,12053,9,6,17,3,8,0.3333333333333333,8,2,0.25,0.9990799247365549
0.2000000029802322,-49.20001220703125,N eq.,2.886956,0.07817371189594269,1.8008127212524414,0.028172334656119347,0.07123539447784422,0.36038118600845337,0.0231698676943779,12053,19,13,24,6,5,0.3157894736842105,16,4,0.25,0.9990662639796046
0.2000000029802322,-49.0,N eq.,2.641126,0.07810312509536743,1.6249396800994873,0.025495558977127075,0.06482136249542236,0.32643455266952515,0.02099671959877014,12053,32,24,38,8,6,0.25,20,2,0.1,0.9991596740000965
0.2000000029802322,-48.79998779296875,N eq.,2.370161,0.07807807624340057,1.4514631032943726,0.02275942824780941,0.05779430866241455,0.29149577021598816,0.018738314509391785,12053,53,44,66,9,13,0.16981132075471697,31,3,0.0967741935483871,0.9992422673880073
0.2000000029802322,-48.600006103515625,N eq.,2.219122,0.07748709619045258,1.3413128852844238,0.01974107325077057,0.050304460525512684,0.25476595759391785,0.016174830496311188,12053,61,54,69,7,8,0.11475409836065574,35,3,0.08571428571428572,0.9994075763108117
0.4000000059604645,-50.0,N eq.,3.331347,0.0791926309466362,2.755528211593628,0.03788986802101135,0.09544963836669917,0.4784519374370575,0.0311594158411026,12053,9,5,17,4,8,0.4444444444444444,5,2,0.4,0.9934366220449847
0.4000000059604645,-49.79998779296875,N eq.,3.806559,0.07865779101848602,2.6590054035186768,0.035555630922317505,0.08960685729980468,0.45202934741973877,0.029303863644599915,12053,8,2,12,6,4,0.75,6,4,0.6666666666666666,0.9990284724476035
0.4000000059604645,-49.600006103515625,N eq.,4.162305,0.07695387303829193,2.725166082382202,0.03213297575712204,0.08118431568145751,0.41756150126457214,0.0264962837100029,12053,9,3,16,6,7,0.6666666666666666,7,4,0.5714285714285714,0.9993834374318067
0.4000000059604645,-49.399993896484375,N eq.,3.250249,0.0771491527557373,2.0737321376800537,0.02975417487323284,0.07519731521606446,0.3856707811355591,0.024542883038520813,12053,15,13,18,2,3,0.13333333333333333,11,1,0.09090909090909091,0.9990637424371075
0.4000000059604645,-49.20001220703125,N eq.,2.800498,0.0765659362077713,1.7571396827697754,0.027087794616818428,0.06853511333465574,0.35378387570381165,0.02231527864933014,12053,21,16,26,5,5,0.23809523809523808,15,3,0.2,0.9990480826644739
0.4000000059604645,-29.39999389648437,N eq.,1.419356,0.04855158552527428,0.8136882781982422,0.007929892279207706,0.019817471504211422,0.16332921385765076,0.006665173918008804,12053,21,20,21,1,0,0.047619047619047616,14,1,0.07142857142857142,0.999756318433756
0.6000000238418579,-50.399993896484375,N eq.,3.234794,0.08388911187648773,2.2339837551116943,0.043070584535598755,0.10817441940307616,0.5134228467941284,0.03559674322605133,12053,21,13,36,8,15,0.38095238095238093,19,7,0.3684210526315789,0.9974431089577751
0.6000000238418579,-50.20001220703125,N eq.,3.51504,0.08074702322483063,2.3916258811950684,0.04023522511124611,0.10094327926635742,0.4982874095439911,0.033191993832588196,12053,27,19,31,8,4,0.2962962962962963,20,4,0.2,0.9982045079746891
0.6000000238418579,-50.0,N eq.,3.696011,0.07732921838760376,2.5713284015655518,0.037247881293296814,0.09381389617919922,0.4816792607307434,0.03076266497373581,12053,7,5,8,2,1,0.2857142857142857,5,1,0.2,0.9985304842921916
0.6000000238418579,-49.79998779296875,N eq.,3.892893,0.07568341493606567,2.6076042652130127,0.034417152404785156,0.08661575317382812,0.454751580953598,0.028382033109664917,12053,8,4,9,4,1,0.5,8,4,0.5,0.9990542957204298
0.6000000238418579,-49.600006103515625,N eq.,3.777912,0.07475492358207703,2.463679790496826,0.030936894938349724,0.07846951484680176,0.4138442575931549,0.02560519427061081,12053,10,9,13,1,3,0.1,10,1,0.1,0.9991586864485743
0.6000000238418579,-49.399993896484375,N eq.,3.036217,0.07505118101835251,1.9751267433166504,0.028715351596474648,0.0724142074584961,0.3826102614402771,0.02371887117624283,12053,24,20,32,4,8,0.16666666666666666,17,3,0.17647058823529413,0.9989239424617041
0.6000000238418579,-49.20001220703125,N eq.,2.584148,0.07469887286424637,1.6561715602874756,0.025807049125432968,0.06534903049468993,0.34548109769821167,0.021265514194965363,12053,39,32,46,7,7,0.1794871794871795,22,3,0.13636363636363635,0.9989360044337394
0.6000000238418579,-29.79998779296875,N eq.,1.428497,0.049457848072052,0.819925844669342,0.007847229950129986,0.019592952728271485,0.1586650162935257,0.00653105229139328,12053,21,19,21,2,0,0.09523809523809523,14,2,0.14285714285714285,0.9997636150174133
0.6000000238418579,-29.600006103515625,N eq.,1.423168,0.04936419054865837,0.8164529204368591,0.007910273969173431,0.019776010513305665,0.1602431684732437,0.00664086639881134,12053,21,19,21,2,0,0.09523809523809523,14,2,0.14285714285714285,0.9997583096950071
0.6000000238418579,-29.39999389648437,N eq.,1.417093,0.049280572682619095,0.8126147389411926,0.007978751324117184,0.019902944564819332,0.16190460324287415,0.006714073941111565,12053,21,19,21,2,0,0.09523809523809523,14,2,0.14285714285714285,0.9997525069183681
0.6000000238418579,-29.20001220703125,N eq.,1.410312,0.04921149089932442,0.8084386587142944,0.00804460234940052,0.020000588893890378,0.16347000002861023,0.00677497498691082,12053,21,19,22,2,1,0.09523809523809523,14,2,0.14285714285714285,0.9997472217787496
0.6000000238418579,-29.0,N eq.,1.403462,0.049127645790576935,0.804262638092041,0.00809456780552864,0.019898056983947754,0.16476604342460632,0.006775110028684139,12053,20,18,22,2,2,0.1,14,2,0.14285714285714285,0.9997418261632255
0.800000011920929,-50.20001220703125,N eq.,3.48617,0.07989083230495453,2.389042377471924,0.039399564266204834,0.09888296127319332,0.493167519569397,0.032691508531570435,12053,25,20,31,5,6,0.2,19,3,0.15789473684210525,0.9981726129545119
0.800000011920929,-50.0,N eq.,3.506284,0.07594706863164902,2.378441572189331,0.036301661282777786,0.09106717109680176,0.47798633575439453,0.03009125590324402,12053,13,7,23,6,10,0.46153846153846156,12,5,0.4166666666666667,0.9984828660743644
0.800000011920929,-49.79998779296875,N eq.,3.253789,0.07247717678546906,2.212779998779297,0.03323565423488617,0.08354444503784177,0.45856717228889465,0.027399346232414246,12053,30,27,39,3,9,0.1,22,3,0.13636363636363635,0.9985380903046841
0.800000011920929,-49.600006103515625,N eq.,2.984089,0.07273489981889725,2.0034737586975098,0.029862305149435997,0.0753931999206543,0.4105636477470398,0.024622440338134766,12053,21,17,30,4,9,0.19047619047619047,14,2,0.14285714285714285,0.998624245018565
0.800000011920929,-49.399993896484375,N eq.,2.629218,0.07268219441175461,1.7196540832519531,0.02720062993466854,0.06883237361907957,0.3742406368255615,0.02248583734035492,12053,25,21,33,4,8,0.16,19,4,0.21052631578947367,0.9986670499250343
0.800000011920929,-29.79998779296875,N eq.,1.423599,0.05031511187553406,0.8176721334457397,0.007918397895991802,0.019915175437927243,0.15737614035606384,0.006591998040676117,12053,21,18,22,3,1,0.14285714285714285,14,3,0.21428571428571427,0.9997571098147744
0.800000011920929,-29.600006103515625,N eq.,1.419397,0.05020566284656525,0.814662516117096,0.00799931026995182,0.02006652355194091,0.1593308299779892,0.006689686328172684,12053,21,18,22,3,1,0.14285714285714285,14,3,0.21428571428571427,0.9997509947258275
0.800000011920929,-29.39999389648437,N eq.,1.414405,0.05011260509490967,0.8112991452217102,0.008081904612481594,0.020274055004119863,0.16127488017082214,0.006775110028684139,12053,20,16,20,4,0,0.2,14,4,0.2857142857142857,0.999744755389396
0.800000011920929,-29.20001220703125,N eq.,1.406857,0.050026312470436096,0.8067414164543152,0.008153781294822693,0.020142316818237305,0.16298985481262207,0.006799623370170593,12053,20,16,21,4,1,0.2,14,4,0.2857142857142857,0.9997382717590366
0.800000011920929,-29.0,N eq.,1.399467,0.04993003234267235,0.8023608326911926,0.008212915621697903,0.02032538652420044,0.16448849439620972,0.006836146116256714,12053,20,17,21,3,1,0.15,15,3,0.2,0.9997318556501985
1.0,-50.0,AP,3.384965,0.07515832036733627,2.293499231338501,0.035464316606521606,0.08893098831176746,0.47186148166656494,0.02929776906967163,12053,22,15,30,7,8,0.3181818181818182,19,5,0.2631578947368421,0.9984866667359458
1.0,-49.79998779296875,AP,2.713614,0.0713200494647026,1.8321219682693481,0.03174838423728943,0.07992129325866697,0.44515371322631836,0.026306673884391785,12053,35,23,53,12,18,0.34285714285714286,23,8,0.34782608695652173,0.99821159958319
1.0,-49.600006103515625,AP,2.455517,0.07084778696298599,1.636409044265747,0.02837909199297428,0.0715234518051147,0.4005642831325531,0.023377269506454468,12053,36,30,45,6,9,0.16666666666666666,22,3,0.13636363636363635,0.9983003149407063
1.0,-29.79998779296875,AP,1.415641,0.05128055810928345,0.8139466643333435,0.00802830420434475,0.020142197608947754,0.15655648708343506,0.006714075803756714,12053,19,17,20,2,1,0.10526315789473684,12,2,0.16666666666666666,0.9997461240049
1.0,-29.600006103515625,AP,1.408623,0.05114775151014328,0.8097053170204163,0.008117904886603355,0.020264256000518798,0.15871480107307434,0.006775129586458206,12053,20,16,21,4,1,0.2,13,4,0.3076923076923077,0.9997380160116327
1.0,-29.39999389648437,AP,1.402179,0.05103364586830139,0.8057361841201782,0.008206287398934364,0.020508408546447754,0.16080151498317719,0.006836187094449997,12053,21,16,22,5,1,0.23809523809523808,14,5,0.35714285714285715,0.9997303930716688
1.0,-29.20001220703125,AP,1.398248,0.05092703178524971,0.8027305603027344,0.008291270583868027,0.020569562911987305,0.16280686855316162,0.006958082318305969,12053,19,14,21,5,2,0.2631578947368421,14,5,0.35714285714285715,0.9997239261991857
1.0,-29.0,AP,1.393432,0.05080995708703995,0.7995158433914185,0.00837275106459856,0.02075260877609253,0.16478563845157623,0.007019255310297012,12053,20,16,21,4,1,0.2,15,4,0.26666666666666666,0.9997162349649981
1.2000000476837158,-49.79998779296875,AP,2.187036,0.06936339288949966,1.4346306324005127,0.0294706579297781,0.07415213584899902,0.42487335205078125,0.024341508746147156,12053,56,43,77,13,21,0.23214285714285715,33,6,0.18181818181818182,0.9979341115688714
1.2000000476837158,-49.600006103515625,AP,2.140021,0.06921889632940292,1.3903148174285889,0.02651793882250786,0.06666986942291259,0.3831025958061218,0.02191239595413208,12053,43,32,59,11,16,0.2558139534883721,25,6,0.24,0.9982538184453704
1.2000000476837158,-29.600006103515625,AP,1.404569,0.052178092300891876,0.8076804876327515,0.008228677324950695,0.020493757724761953,0.1577036827802658,0.0068117789924144745,12053,19,15,21,4,2,0.21052631578947367,13,4,0.3076923076923077,0.9997289185085385
1.2000000476837158,-29.39999389648437,AP,1.398319,0.05202445015311241,0.803763747215271,0.008317450061440468,0.020737886428832997,0.1598757952451706,0.006891045719385147,12053,18,14,21,4,3,0.2222222222222222,13,4,0.3076923076923077,0.9997206161283324
1.2000000476837158,-29.20001220703125,AP,1.392795,0.05188994109630585,0.8001918792724609,0.008421044796705246,0.02096027135848999,0.1622866541147232,0.0069704819470644,12053,19,14,22,5,3,0.2631578947368421,14,4,0.2857142857142857,0.9997119703546702
1.399999976158142,-49.79998779296875,AP,2.427619,0.06708460301160812,1.561735987663269,0.026290925219655037,0.0658710241317749,0.3919070065021515,0.02176561951637268,12053,28,19,38,9,10,0.32142857142857145,23,7,0.30434782608695654,0.99878212828555
1.399999976158142,-49.600006103515625,AP,2.302629,0.06764508038759232,1.4696998596191406,0.023802807554602623,0.0598017930984497,0.3518778681755066,0.01973331719636917,12053,27,23,32,4,5,0.14814814814814814,19,3,0.15789473684210525,0.9989128377532946
1.600000023841858,-49.79998779296875,AP,2.972669,0.06595472246408463,1.9370524883270264,0.021535536274313927,0.0545032501220703,0.32651999592781067,0.017719075083732605,12053,30,24,37,6,7,0.2,23,6,0.2608695652173913,0.9994494354311138
1.600000023841858,-49.600006103515625,AP,2.707691,0.06687453389167786,1.7717950344085693,0.02031226083636284,0.05110034942626953,0.3037368655204773,0.01677301526069641,12053,20,13,27,7,7,0.35,16,6,0.375,0.9993736598802456
1.7999999523162842,-50.0,AP,4.942067,0.06853487342596054,3.3041579723358154,0.019846638664603233,0.05105137825012205,0.28958451747894287,0.016174808144569397,12053,3,2,4,1,1,0.3333333333333333,2,0,0.0,0.9997942209487868
1.7999999523162842,-49.79998779296875,AP,3.615597,0.0698694959282875,2.421912908554077,0.019431471824645996,0.04919795989990233,0.27811095118522644,0.016076862812042236,12053,14,12,18,2,4,0.14285714285714285,13,2,0.15384615384615385,0.9996477623541604
1.7999999523162842,-49.600006103515625,AP,2.987294,0.06736116111278534,2.0027809143066406,0.01724981516599655,0.0435781955718994,0.2560795545578003,0.014209523797035217,12053,26,24,33,2,7,0.07692307692307693,16,0,0.0,0.9996085030762998
2.0,-50.20001220703125,AP,5.31965,0.06819247454404831,3.677239418029785,0.019483966752886772,0.05017299652099609,0.28572019934654236,0.01586964726448059,12053,10,8,10,2,0,0.2,9,2,0.2222222222222222,0.9998080303627357
2.0,-50.0,AP,4.579433,0.07062383741140366,3.146547317504883,0.017828932031989098,0.04589977264404286,0.2524492144584656,0.014648884534835815,12053,8,6,10,2,2,0.25,7,2,0.2857142857142857,0.9997838482329593
2.0,-49.79998779296875,AP,3.735987,0.07063743472099304,2.578310966491699,0.016512248665094376,0.042103147506713824,0.23376059532165527,0.013550251722335815,12053,24,19,26,5,2,0.20833333333333334,16,2,0.125,0.9997344525594538
2.0,-49.600006103515625,AP,3.102664,0.06783740222454071,2.097520112991333,0.014761397615075111,0.03741598129272461,0.21759968996047974,0.012085407972335815,12053,19,17,19,2,0,0.10526315789473684,12,1,0.08333333333333333,0.9997278672750234
2.200000047683716,-50.600006103515625,AP,5.623373,0.07152843475341797,3.920258045196533,0.020938396453857422,0.05418882369995117,0.2927283048629761,0.016931742429733276,12053,4,2,5,2,1,0.5,4,2,0.5,0.9997915020433348
2.200000047683716,-50.399993896484375,AP,5.177614,0.06917763501405716,3.5912203788757324,0.019074760377407074,0.04934711456298828,0.2757359445095062,0.015558294951915741,12053,14,8,15,6,1,0.42857142857142855,10,3,0.3,0.9998067143646765
2.200000047683716,-50.20001220703125,AP,4.676989,0.06822530180215836,3.263443946838379,0.017318138852715492,0.04468436241149902,0.2538374960422516,0.014117926359176636,12053,14,13,17,1,3,0.07142857142857142,12,1,0.08333333333333333,0.9998045187073261
2.200000047683716,-50.0,AP,4.119654,0.070549376308918,2.863556385040283,0.015440269373357296,0.03961300849914551,0.21885763108730316,0.01263466477394104,12053,21,17,25,4,4,0.19047619047619047,17,4,0.23529411764705882,0.9998033114393076
2.400000095367432,-50.600006103515625,AP,5.293974,0.06983567774295807,3.659121513366699,0.01907641813158989,0.049054384231567376,0.27316150069236755,0.015588924288749695,12053,5,4,8,1,3,0.2,5,1,0.2,0.999822699057871
2.400000095367432,-50.399993896484375,AP,4.884984,0.06790541112422943,3.380506992340088,0.01702193357050419,0.04378528594970702,0.25067123770713806,0.01387360692024231,12053,14,10,17,4,3,0.2857142857142857,10,2,0.2,0.9998342830371576
2.400000095367432,-50.20001220703125,AP,4.306118,0.06798244267702103,2.9867143630981445,0.014995129778981209,0.03872213363647459,0.2205735594034195,0.012170940637588501,12053,20,16,23,4,3,0.2,15,4,0.26666666666666666,0.9998368188549448
2.5999999046325684,-50.79998779296875,AP,4.752028,0.06930090487003326,3.256484270095825,0.018893398344516754,0.048773288726806634,0.27262845635414124,0.015503138303756714,12053,8,4,10,4,2,0.5,7,3,0.42857142857142855,0.9997929782598064
2.5999999046325684,-50.600006103515625,AP,4.697703,0.06820150464773178,3.230381965637207,0.0170198492705822,0.04416427612304687,0.2495523989200592,0.013940863311290741,12053,11,7,14,4,3,0.36363636363636365,10,4,0.4,0.9998268307290971
2.5999999046325684,-50.399993896484375,AP,4.333643,0.06665470451116562,2.9843361377716064,0.014988119713962078,0.039083003997802714,0.22486214339733124,0.012207366526126862,12053,16,14,16,2,0,0.125,12,1,0.08333333333333333,0.9998436184503919
2.799999952316284,-50.79998779296875,AP,4.157855,0.06776081025600433,2.8297600746154785,0.016832521185278893,0.0434506893157959,0.24841086566448212,0.013794347643852234,12053,11,6,15,5,4,0.45454545454545453,9,4,0.4444444444444444,0.9997905399104747
2.799999952316284,-50.600006103515625,AP,4.068867,0.06658227741718292,2.77238392829895,0.01491923350840807,0.03867325782775879,0.2240721434354782,0.012183085083961487,12053,10,7,14,3,4,0.3,9,3,0.3333333333333333,0.9998281538956459
3.0,-50.79998779296875,AP,3.531451,0.06623814254999161,2.3885958194732666,0.014931043609976768,0.038331031799316406,0.22541458904743195,0.012146234512329102,12053,23,19,25,4,2,0.17391304347826086,17,3,0.17647058823529413,0.9997846099702996
3.0,-50.600006103515625,AP,3.36274,0.06498918682336807,2.2657954692840576,0.013012457638978958,0.03369252681732178,0.20022496581077576,0.010681472718715668,12053,22,19,23,3,1,0.13636363636363635,15,2,0.13333333333333333,0.9998201862069955
3.200000047683716,-50.79998779296875,AP,2.964172,0.06477993726730347,1.9675631523132324,0.013136833906173706,0.033929085731506346,0.2027917057275772,0.010791361331939697,12053,34,30,36,4,2,0.11764705882352941,20,1,0.05,0.9997856089615836
3.200000047683716,-50.600006103515625,AP,2.765468,0.06346051394939423,1.8232311010360718,0.011395862326025963,0.029588484764099112,0.17957405745983124,0.009375274181365967,12053,29,27,30,2,1,0.06896551724137931,17,1,0.058823529411764705,0.9998134676819205
3.400000095367432,-50.79998779296875,AP,2.505258,0.06343024969100952,1.6140189170837402,0.011779513210058212,0.030261731147766112,0.18570813536643982,0.009692445397377014,12053,30,26,31,4,1,0.13333333333333333,21,2,0.09523809523809523,0.9997752192343101
3.5999999046325684,-51.0,AP,2.309414,0.06360720098018646,1.4572640657424927,0.012701534666121006,0.03216652870178223,0.19968704879283905,0.01037628948688507,12053,31,28,35,3,4,0.0967741935483871,21,3,0.14285714285714285,0.9997160509435771
3.5999999046325684,-50.79998779296875,AP,2.202086,0.06212683394551277,1.3804612159729004,0.010994314216077328,0.027954506874084472,0.1769656240940094,0.009027257561683655,12053,29,27,32,2,3,0.06896551724137931,18,2,0.1111111111111111,0.9997708922800815
3.799999952316284,-51.0,AP,2.080939,0.06263866275548935,1.2981998920440674,0.011397812515497208,0.028992617130279542,0.1819612979888916,0.009399697184562683,12053,34,31,36,3,2,0.08823529411764706,21,3,0.14285714285714285,0.9997310019149936
3.799999952316284,-50.79998779296875,AP,1.986709,0.061124611645936966,1.2274205684661865,0.010080402716994286,0.025427699089050293,0.16491560637950897,0.008349627256393433,12053,27,24,30,3,3,0.1111111111111111,16,1,0.0625,0.9997731585034975
4.0,-51.0,AP,1.941237,0.06181948259472847,1.189021348953247,0.010091237723827362,0.025635480880737305,0.16323716938495636,0.008239999413490295,12053,31,29,32,2,1,0.06451612903225806,18,1,0.05555555555555555,0.999775354481236
4.0,-50.79998779296875,AP,1.807062,0.06046343594789505,1.1040066480636597,0.009209265001118183,0.023011016845703124,0.152311310172081,0.0076296329498291016,12053,29,26,31,3,2,0.10344827586206896,19,2,0.10526315789473684,0.9997818352880624
4.199999809265137,-51.20001220703125,AP,1.998946,0.06203829124569893,1.1461842060089111,0.010384615510702133,0.026282596588134765,0.16739042103290558,0.00854514166712761,12053,43,40,45,3,2,0.06976744186046512,28,2,0.07142857142857142,0.9998315797862134
4.199999809265137,-51.0,AP,1.749204,0.06128277629613876,1.0624388456344604,0.009443019516766071,0.023584699630737282,0.1540892869234085,0.007873773574829102,12053,37,31,40,6,3,0.16216216216216217,21,3,0.14285714285714285,0.999765812674191
4.199999809265137,-50.79998779296875,AP,1.654944,0.0598808228969574,1.00519859790802,0.0087349284440279,0.02171967029571532,0.14587187767028809,0.0072329118847846985,12053,32,27,35,5,3,0.15625,21,4,0.19047619047619047,0.9997733197961599
4.400000095367432,-51.600006103515625,AP,1.514566,0.06172257289290428,0.9150119423866272,0.011189352720975876,0.028492259979248046,0.1812846064567566,0.00927765853703022,12053,41,34,44,7,3,0.17073170731707318,23,3,0.13043478260869565,0.9995336786262959
4.400000095367432,-51.399993896484375,AP,1.755413,0.06153271719813347,1.0526920557022095,0.010037608444690704,0.025342392921447753,0.1631263643503189,0.008410848677158356,12053,56,50,62,6,6,0.10714285714285714,31,4,0.12903225806451613,0.9997647520431779
4.400000095367432,-51.20001220703125,AP,1.680212,0.06122253090143204,1.0235731601715088,0.009122762829065323,0.022901105880737304,0.14900989830493927,0.007605288177728653,12053,35,32,39,3,4,0.08571428571428572,21,1,0.047619047619047616,0.9997655578125695
4.400000095367432,-51.0,AP,1.590975,0.06262911856174469,0.9623161554336548,0.00912944320589304,0.02276676893234253,0.14576993882656097,0.0076296329498291016,12053,37,32,40,5,3,0.13513513513513514,22,2,0.09090909090909091,0.9997408160714085
4.599999904632568,-51.600006103515625,AP,1.654176,0.06088349595665932,1.0003026723861694,0.009566479362547398,0.023943710327148433,0.15712763369083405,0.007934797555208206,12053,38,34,42,4,4,0.10526315789473684,25,3,0.12,0.9997409715114043
4.599999904632568,-51.399993896484375,AP,1.599656,0.06115309149026871,0.9675998091697693,0.008939338847994804,0.022368943691253657,0.1461796760559082,0.007446449249982834,12053,38,33,42,5,4,0.13157894736842105,23,3,0.13043478260869565,0.9997582130780673
4.599999904632568,-51.20001220703125,AP,1.529998,0.062024250626564026,0.9218252301216125,0.008914736099541187,0.02196098566055298,0.14372985064983368,0.007434532046318054,12053,42,33,45,9,3,0.21428571428571427,23,2,0.08695652173913043,0.9997410266045811
4.599999904632568,-51.0,AP,1.500165,0.0627589076757431,0.9048831462860107,0.00850063469260931,0.02117987871170044,0.13544905185699463,0.007080301642417908,12053,38,31,41,7,3,0.18421052631578946,22,3,0.13636363636363635,0.9997495644705905
4.800000190734863,-52.0,AP,1.654961,0.06122677028179169,0.9901408553123474,0.010193727910518646,0.02594074010848999,0.16649135947227478,0.008423106744885445,12053,40,38,45,2,5,0.05,22,2,0.09090909090909091,0.9997183187638012
4.800000190734863,-51.79998779296875,AP,1.604465,0.061119526624679565,0.9586513638496399,0.009468409232795238,0.02376024723052978,0.15491627156734467,0.007910450920462608,12053,36,32,41,4,5,0.1111111111111111,21,3,0.14285714285714285,0.9997427770019488
4.800000190734863,-51.600006103515625,AP,1.542312,0.06102225184440613,0.925275981426239,0.008833219297230244,0.021843862533569333,0.1447540670633316,0.007373366504907608,12053,39,34,43,5,4,0.1282051282051282,24,3,0.125,0.9997553384584927
4.800000190734863,-51.399993896484375,AP,1.500167,0.06189693510532379,0.9017221331596375,0.008561487309634686,0.02105778455734253,0.13831843435764313,0.00712926872074604,12053,41,31,43,10,2,0.24390243902439024,23,4,0.17391304347826086,0.9997532989572997
5.0,-52.20001220703125,AP,1.587629,0.06141681969165802,0.9508311748504639,0.010037845000624657,0.025330305099487305,0.16343805193901062,0.00830095261335373,12053,46,42,49,4,3,0.08695652173913043,26,3,0.11538461538461539,0.999703676421076
5.0,-52.0,AP,1.552442,0.06169235333800316,0.9287667870521545,0.009178872220218182,0.022888898849487305,0.1487846076488495,0.007629625499248505,12053,45,38,47,7,2,0.15555555555555556,23,3,0.13043478260869565,0.9997417308141346
5.0,-51.79998779296875,AP,1.515197,0.061340391635894775,0.9077668190002441,0.008715508505702019,0.021667957305908203,0.14208433032035828,0.007324442267417908,12053,45,41,47,4,2,0.08888888888888889,22,0,0.0,0.9997530863184758
5.0,-51.600006103515625,AP,1.479345,0.0614701583981514,0.888127863407135,0.008266807533800602,0.02047188282012937,0.1344848871231079,0.006897386163473129,12053,40,34,43,6,3,0.15,22,2,0.09090909090909091,0.9997647564806498
5.199999809265137,-52.600006103515625,AP,1.561166,0.06098635867238045,0.9426026344299316,0.01075202040374279,0.027527809143066406,0.17630206048488617,0.008801601827144623,12053,56,46,58,10,2,0.17857142857142858,29,3,0.10344827586206896,0.9996422964175768
5.199999809265137,-52.399993896484375,AP,1.542537,0.060874588787555695,0.9264922142028809,0.009693644940853119,0.02440719604492187,0.15923959016799927,0.008093424141407013,12053,49,44,51,5,2,0.10204081632653061,26,3,0.11538461538461539,0.9997082099901313
5.199999809265137,-52.20001220703125,AP,1.510593,0.06140851601958275,0.9057339429855347,0.00907433032989502,0.022522735595703124,0.14776989817619324,0.007592951878905296,12053,48,43,51,5,3,0.10416666666666667,24,3,0.125,0.9997364371045366
5.199999809265137,-52.0,AP,1.477151,0.061854682862758636,0.8855428099632263,0.008424465544521809,0.021021175384521463,0.13619770109653473,0.007019253447651863,12053,41,39,45,2,4,0.04878048780487805,20,0,0.0,0.9997597914060647
5.400000095367432,-52.600006103515625,AP,1.516122,0.060816772282123566,0.9115124940872192,0.009724901057779789,0.024414944648742675,0.15990491211414337,0.008105587214231491,12053,50,45,53,5,3,0.1,26,4,0.15384615384615385,0.999699731541687
5.400000095367432,-52.399993896484375,AP,1.481362,0.06047434359788895,0.8897436261177063,0.008770901709794998,0.021685111522674556,0.14503508806228638,0.007409960031509399,12053,47,45,50,2,3,0.0425531914893617,21,0,0.0,0.999742257833232
5.599999904632568,-53.399993896484375,AP,1.613339,0.05855466052889824,0.9737787246704102,0.010270297527313232,0.025671935081481932,0.17539675533771515,0.008557307533919811,12053,47,37,48,10,1,0.2127659574468085,24,6,0.25,0.9996897530223698
5.599999904632568,-53.20001220703125,AP,1.599135,0.05869602784514427,0.9642419219017029,0.010245464742183685,0.025633263587951653,0.17455124855041504,0.008581860922276974,12053,45,39,50,6,5,0.13333333333333333,24,4,0.16666666666666666,0.9996888543436346
5.599999904632568,-53.0,AP,1.556313,0.05979670584201813,0.9373375773429871,0.009998966008424759,0.02478104829788208,0.1672160029411316,0.008362069725990295,12053,46,46,53,0,7,0.0,24,0,0.0,0.9996930433216363
5.599999904632568,-52.79998779296875,AP,1.499172,0.06048274412751198,0.9004855155944824,0.009632841683924198,0.024121510982513427,0.15926595032215118,0.008007747121155262,12053,46,46,53,0,7,0.0,20,0,0.0,0.9996977253078314
5.599999904632568,-52.600006103515625,AP,1.461278,0.06079581379890442,0.8775840997695923,0.0085736233741045,0.021294713020324704,0.14102324843406677,0.00714130699634552,12053,50,48,51,2,1,0.04,22,1,0.045454545454545456,0.9997475979632304
5.800000190734863,-53.600006103515625,AP,1.588477,0.0579708069562912,0.955277144908905,0.009705441072583199,0.02439528703689575,0.1674194633960724,0.008069084025919437,12053,43,37,46,6,3,0.13953488372093023,22,4,0.18181818181818182,0.999716403460404
5.800000190734863,-53.399993896484375,AP,1.561184,0.05867864936590195,0.9387950897216797,0.009123486466705799,0.022739851474761954,0.155482217669487,0.007690586149692535,12053,41,38,43,3,2,0.07317073170731707,20,1,0.05,0.9997411862678762
5.800000190734863,-53.20001220703125,AP,1.525109,0.0592908151447773,0.916663646697998,0.009053214453160763,0.022527396678924557,0.15269169211387634,0.007593056187033653,12053,43,43,48,0,5,0.0,22,0,0.0,0.9997362527096187
5.800000190734863,-53.0,AP,1.486704,0.060444530099630356,0.8930999040603638,0.009269807487726212,0.022949934005737305,0.15336057543754578,0.0076906681060791016,12053,48,47,53,1,5,0.020833333333333332,23,0,0.0,0.9997123911091803
5.800000190734863,-52.79998779296875,AP,1.44521,0.06116379424929619,0.867971658706665,0.008904032409191132,0.022063648700714106,0.1455768495798111,0.007422095164656639,12053,47,47,53,0,6,0.0,21,0,0.0,0.9997201869511895
6.0,-54.20001220703125,AP,1.546589,0.0573514848947525,0.9318927526473999,0.009233513846993446,0.023035258054733256,0.16099868714809418,0.007751742377877235,12053,45,39,50,6,5,0.13333333333333333,27,4,0.14814814814814814,0.9997312263962146
6.0,-54.0,AP,1.555553,0.05769726634025574,0.9353859424591064,0.009299752302467823,0.023194074630737305,0.16118185222148895,0.007934808731079102,12053,46,37,51,9,5,0.1956521739130435,28,7,0.25,0.9997313839435776
6.0,-53.79998779296875,AP,1.541895,0.058097291737794876,0.9267151355743408,0.009230280295014381,0.023010969161987305,0.15887625515460968,0.007690475322306156,12053,45,38,48,7,3,0.15555555555555556,24,4,0.16666666666666666,0.9997289773607144
6.0,-53.600006103515625,AP,1.518222,0.05864803493022919,0.9124788641929626,0.00871358998119831,0.021729135513305665,0.14857429265975952,0.007263509556651115,12053,46,41,47,5,1,0.10869565217391304,24,2,0.08333333333333333,0.9997503171085454
6.0,-53.399993896484375,AP,1.490253,0.05979962646961212,0.8957546353340149,0.008881282061338425,0.022278547286987305,0.14851735532283783,0.007385507225990295,12053,45,42,49,3,4,0.06666666666666667,23,0,0.0,0.9997326294526645
6.0,-53.20001220703125,AP,1.457728,0.060636986047029495,0.8761265277862549,0.00876594614237547,0.021790266036987305,0.14456434547901154,0.007263489067554474,12053,45,45,50,0,5,0.0,23,0,0.0,0.9997323269404854
