grid_lat_legacy,grid_lon_legacy,compound_count_total_legacy,mean_overlap_duration_legacy,mean_compound_intensity_norm_legacy,compound_count_annual_mean_legacy,mean_compound_intensity_norm_abspeak,Hazard_Frequency_legacy,Hazard_Duration_legacy,Hazard_Intensity_legacy,Hazard_Index_raw_legacy,Hazard_Index_legacy,grid_lat_mhws,grid_lon_mhws,compound_count_total_mhws,mean_overlap_duration_mhws,mean_compound_intensity_norm_mhws,compound_count_annual_mean_mhws,Hazard_Frequency_mhws,Hazard_Duration_mhws,Hazard_Intensity_mhws,Hazard_Index_raw_mhws,Hazard_Index_mhws,band
-35.0,-54.8,322,1.58,0.4849,9.76,0.3346,1.0,0.2560000000000001,0.9274596182085167,0.7278198727361723,1.0,-35.0,-54.8,344,1.56,0.5544,10.43,1.0,0.03769633507853404,0.8752941176470589,0.6376634842418643,1.0,RS
-35.0,-54.6,294,1.62,0.5044,8.91,0.3801,0.899641577060932,0.28800000000000014,0.984728340675477,0.7241233059121365,0.9936374073744996,-35.0,-54.6,323,1.59,0.5567,9.79,0.9373134328358209,0.04083769633507854,0.8798039215686274,0.6193183502465089,0.9693381522563261,RS
-35.0,-54.4,291,1.56,0.4842,8.82,0.4033,0.8888888888888888,0.24000000000000007,0.9254038179148312,0.6847642356012399,0.9258919174571136,-35.0,-54.4,317,1.57,0.5493,9.61,0.9194029850746268,0.03874345549738221,0.8652941176470589,0.607813519406356,0.9501091091963623,RS
-35.0,-54.2,276,1.55,0.4766,8.36,0.4207,0.8351254480286738,0.23200000000000007,0.9030837004405285,0.6567363828230675,0.8776499086192173,-35.0,-54.2,307,1.56,0.5441,9.3,0.8895522388059701,0.03769633507853404,0.8550980392156864,0.5941155377000635,0.9272144587904122,RS
-35.0,-54.0,252,1.58,0.4762,7.64,0.4337,0.7491039426523297,0.2560000000000001,0.9019089574155654,0.6356709666892985,0.8413917621481942,-35.0,-54.0,295,1.63,0.5363,8.94,0.8537313432835821,0.04502617801047119,0.8398039215686275,0.5795204809542269,0.9028204473940155,RS
-34.8,-54.4,302,1.52,0.4938,9.15,0.3554,0.9283154121863799,0.20800000000000005,0.95359765051395,0.6966376875667767,0.9463287015087214,-34.8,-54.4,325,1.54,0.5741,9.85,0.9432835820895522,0.035602094240837705,0.9139215686274511,0.6309357483192803,0.988755338905121,RS
-34.8,-54.2,288,1.56,0.5048,8.73,0.4043,0.8781362007168458,0.24000000000000007,0.9859030837004404,0.7013464281390954,0.9544334645136873,-34.8,-54.2,315,1.58,0.5813,9.55,0.9134328358208955,0.03979057591623038,0.9280392156862746,0.6270875424744667,0.9823234915427707,RS
-34.8,-54.0,270,1.6,0.5017,8.18,0.4299,0.8136200716845878,0.27200000000000013,0.976798825256975,0.6874729656471876,0.9305542289031711,-34.8,-54.0,298,1.62,0.5776,9.03,0.8626865671641791,0.04397905759162305,0.9207843137254902,0.6091499794937641,0.952342853344864,RS
-34.8,-53.8,247,1.61,0.4975,7.49,0.4482,0.7311827956989247,0.28000000000000014,0.9644640234948605,0.6585489397312617,0.8807697118762259,-34.8,-53.8,289,1.63,0.5653,8.76,0.835820895522388,0.04502617801047119,0.8966666666666667,0.5925045800665086,0.9245219225737743,RS
-34.8,-53.6,235,1.6,0.4702,7.12,0.4587,0.6881720430107527,0.27200000000000013,0.8842878120411161,0.6148199516839563,0.8055026464842859,-34.8,-53.6,284,1.6,0.5437,8.61,0.8208955223880597,0.04188481675392671,0.854313725490196,0.5723646882107275,0.8908603370104109,RS
-34.6,-54.0,270,1.58,0.497,8.18,0.3838,0.8136200716845878,0.2560000000000001,0.9629955947136563,0.6775385554660814,0.913454955992424,-34.6,-54.0,291,1.57,0.5926,8.82,0.8417910447761194,0.03874345549738221,0.9501960784313725,0.610243526234958,0.9541705948967963,RS
-34.6,-53.8,259,1.62,0.5096,7.85,0.4182,0.7741935483870968,0.28800000000000014,1.0,0.6873978494623656,0.930424937669885,-34.6,-53.8,287,1.62,0.5966,8.7,0.8298507462686567,0.04397905759162305,0.9580392156862746,0.6106230065155182,0.9548048539099607,RS
-34.6,-53.6,258,1.6,0.4984,7.82,0.4508,0.7706093189964157,0.27200000000000013,0.967107195301028,0.6699055047658146,0.9003168214996826,-34.6,-53.6,283,1.68,0.592,8.58,0.817910447761194,0.05026178010471204,0.9490196078431372,0.6057306119030145,0.9466277613496916,RS
-34.6,-53.4,240,1.58,0.4788,7.27,0.464,0.7060931899641577,0.2560000000000001,0.9095447870778266,0.6238793256806615,0.821095792483512,-34.6,-53.4,278,1.67,0.563,8.43,0.8029850746268656,0.04921465968586387,0.892156862745098,0.5814521990192758,0.9060490989377561,RS
-34.4,-53.8,287,1.49,0.4182,8.7,0.2233,0.8745519713261649,0.18400000000000002,0.7315712187958884,0.5967077300406843,0.7743275877488147,-34.4,-53.8,309,1.5,0.5394,9.36,0.8955223880597015,0.03141361256544503,0.8458823529411764,0.5909394511887743,0.9219059840169632,RS
-34.4,-53.6,253,1.57,0.4759,7.67,0.3721,0.7526881720430108,0.24800000000000008,0.9010279001468428,0.6339053573966179,0.8383527659119895,-34.4,-53.6,282,1.57,0.58,8.55,0.8149253731343283,0.03874345549738221,0.9254901960784313,0.5930530082367139,0.9254385591629337,RS
-34.4,-53.4,249,1.56,0.4891,7.55,0.4435,0.7383512544802867,0.24000000000000007,0.9397944199706312,0.6393818914836393,0.8477790679522542,-34.4,-53.4,282,1.61,0.5888,8.55,0.8149253731343283,0.04293193717277488,0.9427450980392157,0.6002008027821063,0.9373853014494372,RS
-34.2,-53.6,237,1.43,0.4371,7.18,0.3062,0.6953405017921147,0.13599999999999995,0.7870778267254038,0.5394727761725062,0.675813828161225,-34.2,-53.6,254,1.44,0.5698,7.7,0.7313432835820896,0.02513089005235602,0.9054901960784313,0.5539881232376257,0.8601459558889846,RS
-34.2,-53.4,251,1.55,0.4794,7.61,0.4136,0.7455197132616488,0.23200000000000007,0.9113069016152716,0.6296088716256402,0.8309575827641451,-34.2,-53.4,276,1.57,0.6027,8.36,0.7970149253731343,0.03874345549738221,0.9700000000000001,0.6019194602901722,0.9402578460080749,RS
-34.2,-53.2,244,1.58,0.4906,7.39,0.4537,0.7204301075268817,0.2560000000000001,0.9441997063142437,0.6402099379470418,0.849204315370307,-34.2,-53.2,277,1.62,0.6008,8.39,0.8,0.04397905759162305,0.9662745098039216,0.6034178557985149,0.9427622471723425,RS
-34.0,-53.4,238,1.49,0.4594,7.21,0.3602,0.6989247311827957,0.18400000000000002,0.8525697503671071,0.5784981605166343,0.7429849722132557,-34.0,-53.4,261,1.51,0.6015,7.91,0.7522388059701492,0.032460732984293195,0.9676470588235295,0.5841155325926574,0.9105005642984515,RS
-34.0,-53.2,252,1.54,0.4758,7.64,0.4159,0.7491039426523297,0.22400000000000006,0.9007342143906019,0.6246127190143106,0.8223581213519978,-34.0,-53.2,278,1.56,0.6091,8.43,0.8029850746268656,0.03769633507853404,0.9825490196078431,0.6077434764377476,0.9499920401774318,RS
-34.0,-53.0,247,1.61,0.4983,7.49,0.4626,0.7311827956989247,0.28000000000000014,0.9668135095447872,0.659332101747904,0.8821177034340303,-34.0,-53.0,281,1.64,0.6118,8.52,0.8119402985074626,0.04607329842931936,0.987843137254902,0.6152855780638947,0.9625978228218534,RS
-33.8,-53.4,241,1.39,0.4098,7.3,0.2619,0.7096774193548387,0.10399999999999994,0.7069016152716593,0.5068596782088327,0.6196796186430421,-33.8,-53.4,258,1.41,0.5681,7.82,0.7432835820895523,0.02198952879581151,0.9021568627450981,0.555809991210154,0.8631910052408661,RS
-33.8,-53.2,252,1.52,0.4671,7.64,0.3587,0.7491039426523297,0.20800000000000005,0.8751835535976505,0.6107624987499934,0.7985188906522294,-33.8,-53.2,278,1.53,0.6065,8.43,0.8029850746268656,0.034554973821989535,0.9774509803921569,0.6049970096136708,0.9454016268496132,RS
-33.8,-53.0,263,1.57,0.4788,7.97,0.4259,0.7885304659498208,0.24800000000000008,0.9095447870778266,0.6486917510092158,0.8638033538319848,-33.8,-53.0,292,1.6,0.6145,8.85,0.844776119402985,0.04188481675392671,0.9931372549019609,0.6265993970196243,0.9815076107965774,RS
-33.8,-52.8,264,1.57,0.486,8.0,0.4636,0.7921146953405018,0.24800000000000008,0.9306901615271658,0.6569349522892226,0.8779916897045188,-33.8,-52.8,292,1.66,0.618,8.85,0.844776119402985,0.0481675392670157,1.0,0.6309812195566669,0.9888313390127144,RS
-33.6,-53.0,266,1.51,0.4308,8.06,0.2512,0.7992831541218638,0.20000000000000004,0.7685756240822321,0.5892862594013654,0.761553628394674,-33.6,-53.0,298,1.53,0.5757,9.03,0.8626865671641791,0.034554973821989535,0.9170588235294117,0.6047667881718601,0.9450168373573199,RS
-33.6,-52.8,258,1.57,0.4649,7.82,0.3881,0.7706093189964157,0.24800000000000008,0.8687224669603523,0.6291105953189228,0.8300999412536583,-33.6,-52.8,289,1.6,0.6026,8.76,0.835820895522388,0.04188481675392671,0.9698039215686275,0.6158365446149808,0.9635187020318682,RS
-33.6,-52.6,260,1.6,0.4787,7.88,0.4519,0.7777777777777778,0.27200000000000013,0.9092511013215858,0.6530096263664545,0.8712353530933434,-33.6,-52.6,289,1.66,0.6135,8.76,0.835820895522388,0.0481675392670157,0.9911764705882354,0.625054968459213,0.9789262705140643,RS
-33.4,-52.8,258,1.51,0.4539,7.82,0.3132,0.7706093189964157,0.20000000000000004,0.8364170337738621,0.6023421175900926,0.7840255898079083,-33.4,-52.8,294,1.53,0.5934,8.91,0.8507462686567164,0.034554973821989535,0.9517647058823531,0.612355316120353,0.9577002164274434,RS
-33.4,-52.6,258,1.57,0.4618,7.82,0.376,0.7706093189964157,0.24800000000000008,0.8596182085168868,0.6260758425044343,0.8248764739671667,-33.4,-52.6,292,1.59,0.5967,8.85,0.844776119402985,0.04083769633507854,0.9582352941176471,0.6146163699519035,0.9614793160154216,RS
-33.4,-52.4,252,1.6,0.4558,7.64,0.4264,0.7491039426523297,0.27200000000000013,0.8419970631424374,0.6210336685982557,0.8161977999328321,-33.4,-52.4,283,1.64,0.5839,8.58,0.817910447761194,0.04607329842931936,0.9331372549019608,0.5990403336974914,0.9354457066559236,RS
-33.2,-52.6,235,1.49,0.4333,7.12,0.2932,0.6881720430107527,0.18400000000000002,0.7759177679882525,0.5493632703330018,0.692837512083005,-33.2,-52.6,268,1.48,0.5714,8.12,0.7731343283582089,0.02931937172774869,0.9086274509803922,0.5703603836887833,0.887510365290424,RS
-33.2,-52.4,240,1.56,0.4388,7.27,0.3685,0.7060931899641577,0.24000000000000007,0.7920704845814979,0.5793878915152185,0.7445163920846515,-33.2,-52.4,265,1.57,0.5801,8.03,0.764179104477612,0.03874345549738221,0.9256862745098038,0.5762029448282661,0.8972755553477593,RS
-33.2,-52.2,235,1.6,0.4447,7.12,0.4267,0.6881720430107527,0.27200000000000013,0.8093979441997061,0.5898566624034863,0.7625354155792746,-33.2,-52.2,271,1.59,0.552,8.21,0.7820895522388059,0.04083769633507854,0.8705882352941178,0.564505161289334,0.8777240133475754,RS
-33.0,-52.4,202,1.45,0.4076,6.12,0.2745,0.5698924731182796,0.152,0.7004405286343612,0.47411100058421357,0.5633120471454974,-33.0,-52.4,227,1.46,0.5464,6.88,0.6507462686567164,0.027225130890052355,0.8596078431372549,0.5125264142280078,0.7908473282982954,RS
-33.0,-52.2,216,1.53,0.4408,6.55,0.3937,0.6200716845878136,0.21600000000000005,0.7979441997063144,0.544671961431376,0.6847627527610998,-33.0,-52.2,246,1.54,0.5629,7.46,0.7074626865671642,0.035602094240837705,0.8919607843137254,0.5450085217072425,0.8451375522985184,RS
-32.8,-52.4,186,1.38,0.3967,5.64,0.2697,0.5125448028673835,0.09599999999999992,0.6684287812041115,0.42565786135716505,0.47991369375342163,-32.8,-52.4,196,1.4,0.5493,5.94,0.5582089552238806,0.020942408376963345,0.8652941176470589,0.48148182708263426,0.7389597593899593,RS
-32.8,-52.2,195,1.48,0.419,5.91,0.3307,0.5448028673835126,0.17600000000000002,0.7339207048458148,0.4849078574097758,0.5818957776411103,-32.8,-52.2,218,1.49,0.5513,6.61,0.6238805970149254,0.03036649214659686,0.8692156862745098,0.507820925145344,0.7829826275090461,RS
-32.8,-52.0,218,1.5,0.4381,6.61,0.4114,0.6272401433691757,0.19200000000000003,0.7900146842878121,0.5364182758856626,0.6705563711951308,-32.8,-52.0,242,1.57,0.5556,7.33,0.6955223880597015,0.03874345549738221,0.8776470588235294,0.5373043007935377,0.8322608053257543,RS
-32.6,-52.2,171,1.4,0.4091,5.18,0.3061,0.45878136200716846,0.11199999999999995,0.7048458149779736,0.4252090589950474,0.4791412076236026,-32.6,-52.2,186,1.42,0.5432,5.64,0.5283582089552239,0.02303664921465968,0.8533333333333334,0.4682427305010723,0.7168320843481513,RS
-32.6,-52.0,199,1.5,0.4489,6.03,0.4014,0.5591397849462365,0.19200000000000003,0.8217327459618209,0.5242908436360191,0.6496824320318739,-32.6,-52.0,226,1.54,0.5608,6.85,0.6477611940298508,0.035602094240837705,0.8878431372549019,0.5237354751751968,0.8095820249322523,RS
-32.4,-52.2,169,1.39,0.3998,5.12,0.2737,0.45161290322580644,0.10399999999999994,0.677533039647577,0.4110486476244611,0.4547680708052132,-32.4,-52.2,180,1.4,0.5423,5.46,0.5104477611940299,0.020942408376963345,0.8515686274509804,0.4609862656739912,0.7047037117921581,RS
-32.4,-52.0,201,1.46,0.4221,6.09,0.3362,0.5663082437275986,0.16,0.7430249632892805,0.489777735672293,0.5902778935327277,-32.4,-52.0,221,1.46,0.5426,6.7,0.6328358208955224,0.027225130890052355,0.8521568627450979,0.5040726048435576,0.7767177277041717,RS
-32.4,-51.8,226,1.54,0.4485,6.85,0.4043,0.6559139784946236,0.22400000000000006,0.8205580029368574,0.5668239938104938,0.7228912012822443,-32.4,-51.8,245,1.57,0.5585,7.43,0.7044776119402985,0.03874345549738221,0.8833333333333333,0.5421848002570047,0.840418016469581,RS
-32.2,-52.0,226,1.42,0.4136,6.85,0.2907,0.6559139784946236,0.12799999999999995,0.7180616740088106,0.5006585508344781,0.6090061345211506,-32.2,-52.0,245,1.43,0.5424,7.43,0.7044776119402985,0.02408376963350785,0.851764705882353,0.5267753624853865,0.8146628579142605,RS
-32.2,-51.8,234,1.52,0.4287,7.09,0.3307,0.6845878136200717,0.20800000000000005,0.7624082232011749,0.5516653456070822,0.6967998825363056,-32.2,-51.8,256,1.52,0.5385,7.76,0.7373134328358208,0.033507853403141365,0.8441176470588235,0.5383129777659286,0.8339466965140022,RS
-32.2,-51.6,242,1.59,0.4377,7.33,0.384,0.7132616487455197,0.2640000000000001,0.7888399412628485,0.5887005300027894,0.7605454611602321,-32.2,-51.6,266,1.59,0.5307,8.06,0.7671641791044777,0.04083769633507854,0.8288235294117646,0.5456084682837736,0.846140296164472,RS
-32.0,-51.8,241,1.45,0.384,7.3,0.1813,0.7096774193548387,0.152,0.6311306901615271,0.49760270317212196,0.6037463584297956,-32.0,-51.8,268,1.42,0.4999,8.12,0.7731343283582089,0.02303664921465968,0.7684313725490196,0.5215341167072961,0.8059026994942856,RS
-32.0,-51.6,229,1.57,0.4215,6.94,0.2795,0.6666666666666666,0.24800000000000008,0.7412628487518353,0.5519765051395007,0.6973354555262072,-32.0,-51.6,251,1.53,0.5152,7.61,0.7223880597014926,0.034554973821989535,0.7984313725490196,0.5184581353575006,0.8007615393461128,RS
-32.0,-51.4,235,1.62,0.438,7.12,0.3851,0.6881720430107527,0.28800000000000014,0.7897209985315713,0.5886310138474414,0.7604258087913112,-32.0,-51.4,256,1.59,0.5197,7.76,0.7373134328358208,0.04083769633507854,0.8072549019607844,0.5284686770438946,0.8174930445560298,RS
-32.0,-51.2,233,1.67,0.4326,7.06,0.432,0.6810035842293907,0.328,0.7738619676945666,0.5942885173079858,0.7701635983431588,-32.0,-51.2,254,1.67,0.4985,7.7,0.7313432835820896,0.04921465968586387,0.765686274509804,0.5154147392592524,0.7956748418157593,RS
-31.8,-51.4,238,1.55,0.4142,7.21,0.2752,0.6989247311827957,0.23200000000000007,0.7198237885462555,0.5502495065763505,0.6943629167232559,-31.8,-51.4,255,1.53,0.5097,7.73,0.7343283582089553,0.034554973821989535,0.7876470588235295,0.5188434636181581,0.8014055726065189,RS
-31.8,-51.2,234,1.62,0.4399,7.09,0.3922,0.6845878136200717,0.28800000000000014,0.7953010279001469,0.5892962805067395,0.7615708768888007,-31.8,-51.2,252,1.63,0.515,7.64,0.7253731343283583,0.04502617801047119,0.7980392156862746,0.5228128426750347,0.8080399474935975,RS
-31.8,-51.0,221,1.69,0.4313,6.7,0.4378,0.6379928315412187,0.34400000000000003,0.770044052863436,0.5840122948015516,0.7524759923428281,-31.8,-51.0,245,1.7,0.4889,7.43,0.7044776119402985,0.05235602094240837,0.7468627450980392,0.501232125993582,0.7719701837484214,RS
-31.6,-51.2,228,1.57,0.4072,6.91,0.2698,0.6630824372759857,0.24800000000000008,0.6992657856093979,0.5367827409617946,0.6711836945781605,-31.6,-51.2,249,1.53,0.4902,7.55,0.7164179104477612,0.034554973821989535,0.7494117647058824,0.5001282163252111,0.7701251217181888,RS
-31.6,-51.0,227,1.63,0.4254,6.88,0.3859,0.6594982078853047,0.296,0.7527165932452274,0.5694049337101773,0.7273335581918532,-31.6,-51.0,246,1.61,0.4961,7.46,0.7074626865671642,0.04293193717277488,0.7609803921568628,0.5037916719656006,0.7762481796958393,RS
-31.6,-50.8,220,1.64,0.3994,6.67,0.4358,0.6344086021505376,0.304,0.6763582966226137,0.5382556329243838,0.6737188608514697,-31.6,-50.8,241,1.69,0.4562,7.3,0.6925373134328359,0.05130890052356021,0.6827450980392157,0.47553043733187056,0.7290126744328594,RS
-31.4,-50.8,201,1.65,0.4365,6.09,0.4064,0.5663082437275986,0.312,0.7853157121879587,0.5545413186385191,0.7017500554053517,-31.4,-50.8,221,1.61,0.4892,6.7,0.6328358208955224,0.04293193717277488,0.747450980392157,0.47440624615348476,0.7271337141180875,RS
-31.4,-50.6,210,1.62,0.3981,6.36,0.4423,0.5985663082437276,0.28800000000000014,0.6725403817914831,0.519702230011737,0.6417844335384358,-31.4,-50.6,243,1.68,0.4458,7.36,0.6985074626865672,0.05026178010471204,0.6623529411764706,0.47037406132258325,0.720394366376569,RS
-31.2,-50.8,211,1.57,0.4189,6.39,0.3464,0.6021505376344086,0.24800000000000008,0.7336270190895741,0.5279258522413276,0.6559390696220245,-31.2,-50.8,229,1.52,0.4924,6.94,0.6567164179104478,0.033507853403141365,0.7537254901960785,0.48131658716988923,0.7386835792842675,RS
-31.2,-50.6,222,1.65,0.3904,6.73,0.3765,0.6415770609318996,0.312,0.6499265785609398,0.5345012131642798,0.6672566907850861,-31.2,-50.6,240,1.62,0.4491,7.27,0.6895522388059702,0.04397905759162305,0.6688235294117647,0.4674516086031193,0.7155098122302227,RS
-31.2,-50.4,209,1.61,0.3718,6.33,0.4295,0.5949820788530465,0.28000000000000014,0.5953010279001468,0.4900943689177312,0.5908228879690016,-31.2,-50.4,250,1.63,0.4168,7.58,0.7194029850746269,0.04502617801047119,0.6054901960784314,0.45663978638784314,0.6974390558824958,RS
-31.0,-50.6,195,1.56,0.3865,5.91,0.3317,0.5448028673835126,0.24000000000000007,0.6384728340675477,0.4744252338170201,0.5638529106399004,-31.0,-50.6,206,1.52,0.4567,6.24,0.5880597014925373,0.033507853403141365,0.6837254901960784,0.4350976816972523,0.6614338277784976,RS
-31.0,-50.4,222,1.59,0.3768,6.73,0.3942,0.6415770609318996,0.2640000000000001,0.609985315712188,0.5051874588813625,0.6168013667764723,-31.0,-50.4,234,1.64,0.4412,7.09,0.6716417910447762,0.04607329842931936,0.6533333333333333,0.4570161409358096,0.6980680905818503,RS
-31.0,-50.2,205,1.59,0.3757,6.21,0.4433,0.5806451612903226,0.2640000000000001,0.6067547723935388,0.48379997789462054,0.5799888768954683,-31.0,-50.2,245,1.64,0.4191,7.43,0.7044776119402985,0.04607329842931936,0.61,0.45351697012320596,0.6922196163917831,RS
-30.8,-50.4,207,1.56,0.3772,6.27,0.3451,0.5878136200716846,0.24000000000000007,0.6111600587371512,0.47965789293627864,0.5728594510079716,-30.8,-50.4,216,1.56,0.4509,6.55,0.6179104477611941,0.03769633507853404,0.6723529411764706,0.4426532413387329,0.6740621039962663,RS
-30.8,-50.2,222,1.59,0.3783,6.73,0.4147,0.6415770609318996,0.2640000000000001,0.6143906020558003,0.5066558876625668,0.6193288509473556,-30.8,-50.2,240,1.62,0.4358,7.27,0.6895522388059702,0.04397905759162305,0.6427450980392158,0.45875879814560294,0.7009807479682519,RS
-30.6,-50.4,122,1.41,0.3556,3.7,0.231,0.2831541218637993,0.11999999999999995,0.5477239353891337,0.31695935241764434,0.2928200026872864,-30.6,-50.4,129,1.42,0.4243,3.91,0.3582089552238806,0.02303664921465968,0.6201960784313726,0.33381389428997094,0.49214926059185443,RS
-30.6,-50.2,198,1.58,0.3758,6.0,0.3546,0.5555555555555556,0.2560000000000001,0.6070484581497798,0.4728680045684452,0.5611725816198019,-30.6,-50.2,214,1.57,0.4413,6.49,0.6119402985074627,0.03874345549738221,0.6535294117647059,0.4347377219231836,0.6608321951172624,RS
-30.6,-50.0,216,1.59,0.3771,6.55,0.4229,0.6200716845878136,0.2640000000000001,0.6108663729809104,0.4983126858562414,0.6049683924968762,-30.6,-50.0,235,1.66,0.4328,7.12,0.6746268656716418,0.0481675392670157,0.6368627450980393,0.4532190500122322,0.6917216761159166,RS
-30.4,-50.2,152,1.43,0.3454,4.61,0.258,0.3906810035842294,0.13599999999999995,0.5177679882525696,0.34814966394559965,0.34650528840279365,-30.4,-50.2,157,1.48,0.4184,4.76,0.4417910447761194,0.02931937172774869,0.6086274509803922,0.35991262249475336,0.5357703772716875,RS
-30.4,-50.0,210,1.6,0.3689,6.36,0.3711,0.5985663082437276,0.27200000000000013,0.586784140969163,0.4857834830709636,0.583402919169933,-30.4,-50.0,217,1.62,0.4313,6.58,0.6208955223880597,0.04397905759162305,0.6339215686274511,0.43293204953571124,0.6578142148815415,RS
-30.4,-49.8,214,1.64,0.3778,6.49,0.4353,0.6129032258064516,0.304,0.6129221732745962,0.5099417996936826,0.6249846176769814,-30.4,-49.8,238,1.66,0.4253,7.21,0.6835820895522388,0.0481675392670157,0.6221568627450981,0.4513021638547842,0.6885178144533902,RS
-30.2,-50.0,165,1.58,0.3717,5.0,0.3289,0.43727598566308246,0.2560000000000001,0.5950073421439059,0.42942777593566284,0.48640253376030357,-30.2,-50.0,172,1.59,0.4297,5.21,0.48656716417910445,0.04083769633507854,0.6307843137254903,0.3860630580798911,0.5794779170773523,RS
-30.2,-49.8,208,1.6,0.3742,6.3,0.4069,0.5913978494623656,0.27200000000000013,0.6023494860499264,0.48858244517076405,0.5882205395357952,-30.2,-49.8,220,1.64,0.4245,6.67,0.6298507462686567,0.04607329842931936,0.6205882352941177,0.4321707599973646,0.6565418042292374,RS
-30.0,-50.0,131,1.46,0.346,3.97,0.2627,0.3154121863799283,0.16,0.5195301027900145,0.3316474297233143,0.3181013669359122,-30.0,-50.0,129,1.47,0.4127,3.91,0.3582089552238806,0.028272251308900525,0.5974509803921569,0.327977395641646,0.48239420331310107,SC/PR
-30.0,-49.8,200,1.59,0.3736,6.06,0.3783,0.5627240143369175,0.2640000000000001,0.6005873715124815,0.4757704619497997,0.5661683397947544,-30.0,-49.8,206,1.63,0.4332,6.24,0.5880597014925373,0.04502617801047119,0.6376470588235293,0.4235776461088459,0.6421793716757047,SC/PR
-29.8,-49.8,195,1.54,0.37,5.91,0.3391,0.5448028673835126,0.22400000000000006,0.590014684287812,0.4529391838904416,0.5268707622515403,-29.8,-49.8,199,1.57,0.4291,6.03,0.5671641791044776,0.03874345549738221,0.6296078431372549,0.41183849257970495,0.6225586843456877,SC/PR
-29.8,-49.6,226,1.62,0.3734,6.85,0.3984,0.6559139784946236,0.28800000000000014,0.6,0.5146379928315413,0.6330677838279569,-29.8,-49.6,230,1.71,0.4284,6.97,0.6597014925373135,0.05340314136125654,0.6282352941176471,0.4471133093387391,0.6815166107868542,SC/PR
-29.6,-49.8,168,1.46,0.3566,5.09,0.2769,0.44802867383512546,0.16,0.5506607929515417,0.3862298222622224,0.41204949361175197,-29.6,-49.8,172,1.48,0.4108,5.21,0.48656716417910445,0.02931937172774869,0.5937254901960785,0.3698706753676439,0.5524141532773209,SC/PR
-29.6,-49.6,215,1.61,0.3769,6.52,0.3713,0.6164874551971327,0.28000000000000014,0.6102790014684287,0.5022554855551872,0.6117548052637766,-29.6,-49.6,216,1.65,0.4295,6.55,0.6179104477611941,0.04712041884816753,0.6303921568627451,0.43180767449070223,0.6559349472541924,SC/PR
-29.6,-49.4,233,1.66,0.3749,7.06,0.4146,0.6810035842293907,0.32,0.6044052863436123,0.5351362901910011,0.6683497959822025,-29.6,-49.4,234,1.74,0.4264,7.09,0.6716417910447762,0.05654450261780105,0.6243137254901961,0.45083333971759115,0.6877342271371671,SC/PR
-29.4,-49.6,192,1.56,0.367,5.82,0.3227,0.5340501792114696,0.24000000000000007,0.5812041116005873,0.4517514302706857,0.5248263808615349,-29.4,-49.6,198,1.58,0.4157,6.0,0.564179104477612,0.03979057591623038,0.6033333333333334,0.40243433790905864,0.606840687478381,SC/PR
-29.4,-49.4,231,1.63,0.3688,7.0,0.3834,0.6738351254480287,0.296,0.5864904552129222,0.5187751935536503,0.6401888028863832,-29.4,-49.4,232,1.7,0.4144,7.03,0.6656716417910448,0.05235602094240837,0.6007843137254902,0.43960399215298107,0.6689656236822105,SC/PR
-29.4,-49.2,242,1.67,0.3767,7.33,0.4217,0.7132616487455197,0.328,0.6096916299559471,0.5503177595671556,0.6944803949122449,-29.4,-49.2,249,1.78,0.4084,7.55,0.7164179104477612,0.06073298429319372,0.5890196078431372,0.4553901675280307,0.695350457171421,SC/PR
-29.2,-49.4,227,1.62,0.3602,6.88,0.3445,0.6594982078853047,0.28800000000000014,0.5612334801762114,0.502910562687172,0.6128823349764818,-29.2,-49.4,221,1.66,0.4128,6.7,0.6328358208955224,0.0481675392670157,0.5976470588235294,0.42621680632868914,0.64659043396898,SC/PR
-29.2,-49.2,248,1.68,0.3735,7.52,0.3943,0.7347670250896058,0.336,0.6002936857562408,0.5570202369486155,0.7060168110491243,-29.2,-49.2,250,1.74,0.4125,7.58,0.7194029850746269,0.05654450261780105,0.5970588235294118,0.4576687704072799,0.6991588880375855,SC/PR
-29.2,-49.0,243,1.67,0.3819,7.36,0.4308,0.7168458781362007,0.328,0.6249632892804698,0.5566030558055569,0.7052987518902682,-29.2,-49.0,255,1.78,0.4012,7.73,0.7343283582089553,0.06073298429319372,0.5749019607843138,0.456654434428821,0.6974635384511333,SC/PR
-29.0,-49.4,203,1.5,0.3433,6.15,0.2749,0.5734767025089605,0.19200000000000003,0.5116005873715124,0.42569242996015766,0.4799731938108923,-29.0,-49.4,202,1.5,0.4006,6.12,0.5761194029850746,0.03141361256544503,0.5737254901960784,0.393752835248866,0.5923305229398979,SC/PR
-29.0,-49.2,254,1.67,0.3616,7.7,0.3479,0.7562724014336918,0.328,0.5653450807635828,0.5498724940657582,0.6937139964862352,-29.0,-49.2,249,1.71,0.4079,7.55,0.7164179104477612,0.05340314136125654,0.5880392156862745,0.4526200891650974,0.6907205797868344,SC/PR
-29.0,-49.0,251,1.72,0.3855,7.61,0.4026,0.7455197132616488,0.36800000000000005,0.6355359765051395,0.5830185632555961,0.7507655649903691,-29.0,-49.0,260,1.77,0.4046,7.88,0.7492537313432835,0.05968586387434555,0.5815686274509805,0.4635027408895365,0.7089097197684048,SC/PR
-29.0,-48.8,242,1.71,0.3777,7.33,0.4342,0.7132616487455197,0.36000000000000004,0.6126284875183553,0.561963378754625,0.7145250293767944,-29.0,-48.8,260,1.8,0.3939,7.88,0.7492537313432835,0.06282722513089006,0.5605882352941176,0.45755639725609704,0.6989710688342525,SC/PR
-29.0,-48.6,217,1.69,0.377,6.58,0.4532,0.6236559139784946,0.34400000000000003,0.6105726872246695,0.5260762004010547,0.6527554179476813,-29.0,-48.6,263,1.77,0.3751,7.97,0.7582089552238805,0.05968586387434555,0.5237254901960784,0.4472067697647682,0.6816728194770545,SC/PR
-28.8,-49.0,268,1.68,0.37,8.12,0.3498,0.8064516129032258,0.336,0.590014684287812,0.5774887657303459,0.7412475850296405,-28.8,-49.0,261,1.75,0.4085,7.91,0.7522388059701492,0.05759162303664921,0.5892156862745098,0.4663487050937694,0.7136664318827033,SC/PR
-28.8,-48.8,258,1.71,0.3912,7.82,0.4098,0.7706093189964157,0.36000000000000004,0.6522760646108663,0.594295127869094,0.7701749765514693,-28.8,-48.8,269,1.76,0.4023,8.15,0.7761194029850746,0.05863874345549738,0.5770588235294117,0.47060565665666126,0.7207814521767295,SC/PR
-28.8,-48.6,243,1.68,0.3836,7.36,0.4433,0.7168458781362007,0.336,0.6299559471365638,0.5609339417575882,0.7127531452049257,-28.8,-48.6,273,1.77,0.382,8.27,0.7880597014925373,0.05968586387434555,0.5372549019607843,0.46166682244255575,0.7058411866137612,SC/PR
-28.8,-48.4,206,1.67,0.3771,6.24,0.4577,0.5842293906810035,0.328,0.6108663729809104,0.5076985878873046,0.6211235640085092,-28.8,-48.4,254,1.8,0.3772,7.7,0.7313432835820896,0.06282722513089006,0.527843137254902,0.44067121532262715,0.6707493683168637,SC/PR
-28.6,-48.8,277,1.7,0.3812,8.39,0.3517,0.8387096774193549,0.35200000000000004,0.622907488986784,0.604539055468713,0.7878069960182068,-28.6,-48.8,278,1.78,0.4102,8.43,0.8029850746268656,0.06073298429319372,0.5925490196078431,0.4854223595093008,0.7455459203482847,SC/PR
-28.6,-48.6,255,1.71,0.3712,7.73,0.3997,0.7598566308243727,0.36000000000000004,0.5935389133627018,0.5711318480623582,0.730305952049476,-28.6,-48.6,265,1.78,0.3824,8.03,0.764179104477612,0.06073298429319372,0.5380392156862746,0.45431710148569343,0.6935569468259866,SC/PR
-28.6,-48.4,221,1.67,0.3795,6.7,0.442,0.6379928315412187,0.328,0.6179148311306901,0.5279692208906362,0.6560137164663545,-28.6,-48.4,267,1.78,0.3676,8.09,0.7701492537313432,0.06073298429319372,0.5090196078431373,0.4466339486225581,0.6807154127526747,SC/PR
-28.4,-48.6,248,1.6,0.3339,7.52,0.3142,0.7347670250896058,0.27200000000000013,0.4839941262848751,0.49692038379149367,0.6025719389032248,-28.4,-48.6,248,1.65,0.3465,7.52,0.7134328358208956,0.04712041884816753,0.46764705882352936,0.40940010449753084,0.6184831903136169,SC/PR
-28.4,-48.4,241,1.63,0.3623,7.3,0.4162,0.7096774193548387,0.296,0.5674008810572687,0.5243594334707025,0.6498004900021784,-28.4,-48.4,271,1.76,0.3555,8.21,0.7820895522388059,0.05863874345549738,0.4852941176470588,0.44200747111378735,0.6729827710069465,SC/PR
-28.2,-48.6,211,1.44,0.3192,6.39,0.2686,0.6021505376344086,0.144,0.44082232011747424,0.3956576192506276,0.4282767754244614,-28.2,-48.6,203,1.47,0.3346,6.15,0.5791044776119403,0.028272251308900525,0.4443137254901961,0.350563484803679,0.520144335156599,SC/PR
-28.2,-48.4,245,1.58,0.341,7.43,0.3673,0.7240143369175627,0.2560000000000001,0.5048458149779737,0.4949533839651788,0.5991863059132042,-28.2,-48.4,259,1.68,0.3375,7.85,0.746268656716418,0.05026178010471204,0.45000000000000007,0.41551014560704336,0.6286954433423979,SC/PR
-28.2,-48.2,220,1.63,0.3632,6.67,0.4306,0.6344086021505376,0.296,0.5700440528634362,0.500150885004658,0.608132331606503,-28.2,-48.2,271,1.73,0.3456,8.21,0.7820895522388059,0.05549738219895288,0.4658823529411765,0.4344897624596451,0.6604177584977454,SC/PR
-28.0,-48.4,243,1.51,0.325,7.36,0.3374,0.7168458781362007,0.20000000000000004,0.457856093979442,0.45823399070521426,0.535984272272263,-28.0,-48.4,243,1.6,0.326,7.36,0.6985074626865672,0.04188481675392671,0.4274509803921569,0.3892810866108836,0.5848564932642077,SC/PR
-28.0,-48.2,229,1.58,0.3561,6.94,0.414,0.6666666666666666,0.2560000000000001,0.5491923641703378,0.49061967694566816,0.5917270569300319,-28.0,-48.2,271,1.67,0.3332,8.21,0.7820895522388059,0.04921465968586387,0.4415686274509804,0.4242909464585501,0.6433715737454021,SC/PR
-27.8,-48.4,220,1.42,0.3091,6.67,0.2899,0.6344086021505376,0.12799999999999995,0.41116005873715117,0.3911895536292296,0.42058626616919487,-27.8,-48.4,227,1.48,0.3024,6.88,0.6507462686567164,0.02931937172774869,0.38117647058823534,0.3537473703242335,0.5254658451051906,SC/PR
-27.8,-48.2,231,1.55,0.3395,7.0,0.3838,0.6738351254480287,0.23200000000000007,0.5004405286343613,0.46875855136079664,0.5540993220472137,-27.8,-48.2,267,1.61,0.3195,8.09,0.7701492537313432,0.04293193717277488,0.4147058823529412,0.4092623577523531,0.6182529619746526,SC/PR
-27.6,-48.4,194,1.37,0.2928,5.88,0.2218,0.5412186379928315,0.08800000000000009,0.36328928046989717,0.3308359728209096,0.31670467374763245,-27.6,-48.4,213,1.35,0.2752,6.46,0.608955223880597,0.015706806282722526,0.327843137254902,0.3175017224727405,0.464885282647883,SC/PR
-27.6,-48.2,220,1.49,0.3288,6.67,0.3658,0.6344086021505376,0.18400000000000002,0.46901615271659314,0.42914158495571025,0.4859099370603898,-27.6,-48.2,251,1.58,0.3103,7.61,0.7223880597014926,0.03979057591623038,0.3966666666666667,0.38628176742812986,0.5798434653877387,SC/PR
-27.6,-48.0,206,1.57,0.3422,6.24,0.4179,0.5842293906810035,0.24800000000000008,0.5083700440528635,0.4468664782446224,0.5164183197560629,-27.6,-48.0,251,1.63,0.3208,7.61,0.7223880597014926,0.04502617801047119,0.4172549019607843,0.3948897132242493,0.5942306878224856,SC/PR
-27.4,-48.4,163,1.31,0.2528,4.94,0.1414,0.43010752688172044,0.04000000000000004,0.24581497797356833,0.23864083495176294,0.15801686091031755,-27.4,-48.4,172,1.27,0.241,5.21,0.48656716417910445,0.007329842931937179,0.2607843137254902,0.25156044027884394,0.3546717756130585,SC/PR
-27.4,-48.2,197,1.48,0.3237,5.97,0.3597,0.5519713261648745,0.17600000000000002,0.45403817914831124,0.3940031684377286,0.4254291070222677,-27.4,-48.2,233,1.49,0.301,7.06,0.6686567164179105,0.03036649214659686,0.3784313725490196,0.3591515270378423,0.5344982910048814,SC/PR
-27.4,-48.0,210,1.53,0.3326,6.36,0.4104,0.5985663082437276,0.21600000000000005,0.48017621145374445,0.43158083989915735,0.4901084234542994,-27.4,-48.0,255,1.58,0.3097,7.73,0.7343283582089553,0.03979057591623038,0.39549019607843133,0.3898697100678723,0.5858403117972918,SC/PR
-27.2,-48.4,149,1.28,0.2611,4.52,0.1783,0.37992831541218636,0.016000000000000018,0.2701908957415565,0.2220397370512476,0.1294427736274292,-27.2,-48.4,147,1.23,0.2529,4.46,0.41194029850746267,0.0031413612565445053,0.2841176470588236,0.23306643560761028,0.3237611071195097,SC/PR
-27.2,-48.2,181,1.41,0.2967,5.49,0.3164,0.4946236559139785,0.11999999999999995,0.3747430249632893,0.329788893625756,0.3149024235293811,-27.2,-48.2,207,1.41,0.281,6.27,0.591044776119403,0.02198952879581151,0.3392156862745099,0.3174166637299081,0.46474311643516114,SC/PR
-27.2,-48.0,201,1.48,0.3254,6.09,0.3986,0.5663082437275986,0.17600000000000002,0.45903083700440533,0.4004463602440013,0.4365192364917839,-27.2,-48.0,241,1.56,0.3125,7.3,0.6925373134328359,0.03769633507853404,0.40098039215686276,0.3770713468894109,0.5644492735391041,SC/PR
-27.0,-48.4,122,1.27,0.2656,3.7,0.226,0.2831541218637993,0.008000000000000009,0.2834067547723935,0.19152029221206426,0.07691219487377644,-27.0,-48.4,127,1.2,0.2591,3.85,0.3522388059701492,0.0,0.29627450980392156,0.2161711052580236,0.2955224446551603,SC/PR
-27.0,-48.2,172,1.43,0.311,5.21,0.337,0.46236559139784944,0.13599999999999995,0.4167400881057268,0.3383685598345254,0.3296698884631199,-27.0,-48.2,195,1.4,0.2913,5.91,0.5552238805970149,0.020942408376963345,0.3594117647058824,0.3118593512266202,0.4554546876952581,SC/PR
-26.8,-48.4,148,1.33,0.275,4.49,0.2575,0.3763440860215054,0.05600000000000006,0.31101321585903086,0.2477857672935121,0.1737572713636007,-26.8,-48.4,161,1.28,0.2748,4.88,0.4537313432835821,0.008376963350785346,0.3270588235294118,0.2630557100545931,0.37388483841901654,SC/PR
-26.8,-48.2,182,1.42,0.3037,5.52,0.3396,0.4982078853046595,0.12799999999999995,0.3953010279001469,0.34050297106826877,0.3333436727667874,-26.8,-48.2,209,1.42,0.2936,6.33,0.5970149253731343,0.02303664921465968,0.36392156862745106,0.327991047738415,0.482417021271946,SC/PR
-26.6,-48.6,140,1.26,0.2731,4.24,0.2227,0.34767025089605735,0.0,0.3054331864904552,0.21770114579550418,0.12197511781518679,-26.6,-48.6,151,1.21,0.2802,4.58,0.42388059701492536,0.0010471204188481683,0.33764705882352947,0.25419159208576764,0.3590694527363116,SC/PR
-26.6,-48.4,161,1.33,0.287,4.88,0.2722,0.4229390681003584,0.05600000000000006,0.3462555066079294,0.27506485823609594,0.22071049881050603,-26.6,-48.4,177,1.27,0.2767,5.36,0.5014925373134328,0.007329842931937179,0.3307843137254902,0.27986889799028675,0.4019862089895741,SC/PR
-26.6,-48.2,176,1.45,0.3108,5.33,0.3427,0.4767025089605735,0.152,0.41615271659324526,0.3482850751846063,0.34673836049149803,-26.6,-48.2,217,1.38,0.2949,6.58,0.6208955223880597,0.01884816753926701,0.36647058823529416,0.3354047593875403,0.4948082143729904,SC/PR
-26.4,-48.4,166,1.38,0.283,5.03,0.2187,0.44086021505376344,0.09599999999999992,0.33450807635829655,0.2904560971373533,0.24720215655457983,-26.4,-48.4,187,1.31,0.2831,5.67,0.5313432835820896,0.011518324607329853,0.3433333333333334,0.2953983138409176,0.4279418975378722,SC/PR
-26.4,-48.2,178,1.4,0.3182,5.39,0.3452,0.4838709677419355,0.11199999999999995,0.437885462555066,0.34458547676566714,0.34037054983416065,-26.4,-48.2,209,1.4,0.3093,6.33,0.5970149253731343,0.020942408376963345,0.39470588235294124,0.3375544053676796,0.49840110814866523,SC/PR
-26.2,-48.4,160,1.32,0.2786,4.85,0.1725,0.41935483870967744,0.04800000000000005,0.32158590308370044,0.2629802472644593,0.19991026434694223,-26.2,-48.4,179,1.28,0.2887,5.42,0.5074626865671642,0.008376963350785346,0.35431372549019613,0.2900511251360485,0.41900466731830016,SC/PR
-26.2,-48.2,185,1.36,0.3208,5.61,0.3073,0.5089605734767025,0.08000000000000008,0.44552129221732734,0.34482728856467665,0.3407867603457989,-26.2,-48.2,212,1.42,0.3125,6.42,0.6059701492537314,0.02303664921465968,0.40098039215686276,0.34332906354175124,0.5080528059640083,SC/PR
-26.0,-48.4,152,1.3,0.2803,4.61,0.1693,0.3906810035842294,0.032000000000000035,0.32657856093979437,0.24975318817467462,0.17714362908026532,-26.0,-48.4,176,1.27,0.2978,5.33,0.49850746268656715,0.007329842931937179,0.37215686274509807,0.2926647227878675,0.4233730046269067,SC/PR
-26.0,-48.2,177,1.37,0.3153,5.36,0.2851,0.48028673835125446,0.08800000000000009,0.42936857562408226,0.33255177132511227,0.31965793482185423,-26.0,-48.2,209,1.38,0.3178,6.33,0.5970149253731343,0.01884816753926701,0.4113725490196079,0.3424118806440031,0.5065198369286785,SC/PR
-25.8,-48.2,187,1.32,0.3195,5.67,0.2852,0.5161290322580645,0.04800000000000005,0.44170337738619675,0.33527746988142043,0.3243494527516638,-25.8,-48.2,224,1.33,0.3184,6.79,0.6417910447761194,0.01361256544502619,0.4125490196078432,0.35598420994299623,0.5292044733340651,SC/PR
-25.8,-48.0,199,1.42,0.3469,6.03,0.3538,0.5591397849462365,0.12799999999999995,0.522173274596182,0.4031043531808061,0.4410942183772412,-25.8,-48.0,238,1.46,0.341,7.21,0.6835820895522388,0.027225130890052355,0.4568627450980393,0.3892233218467768,0.584759945896255,SC/PR
-25.6,-48.4,186,1.36,0.3076,5.64,0.206,0.5125448028673835,0.08000000000000008,0.40675477239353885,0.3330998584203075,0.32060131149432397,-25.6,-48.4,236,1.33,0.322,7.15,0.6776119402985075,0.01361256544502619,0.41960784313725497,0.3702774496269295,0.5530940311352541,SC/PR
-25.6,-48.2,194,1.36,0.3253,5.88,0.2691,0.5412186379928315,0.08000000000000008,0.4587371512481644,0.359985263080332,0.3668769195291074,-25.6,-48.2,233,1.34,0.3327,7.06,0.6686567164179105,0.014659685863874358,0.44058823529411767,0.37463487919196753,0.5603769892161712,SC/PR
-25.6,-48.0,196,1.43,0.346,5.94,0.3446,0.5483870967741935,0.13599999999999995,0.5195301027900145,0.40130573318806934,0.43799840357214853,-25.6,-48.0,236,1.44,0.346,7.15,0.6776119402985075,0.02513089005235602,0.4666666666666666,0.38980316567251005,0.5857290902537856,SC/PR
-25.6,-47.8,203,1.43,0.3637,6.15,0.3825,0.5734767025089605,0.13599999999999995,0.5715124816446403,0.42699639471786693,0.48221759975463657,-25.6,-47.8,238,1.51,0.3565,7.21,0.6835820895522388,0.032460732984293195,0.4872549019607843,0.4010992414991054,0.6046092225648254,SC/PR
-25.4,-48.0,204,1.43,0.3456,6.18,0.3146,0.5770609318996416,0.13599999999999995,0.5183553597650514,0.4104720972215643,0.4537757026116103,-25.4,-48.0,256,1.45,0.3405,7.76,0.7373134328358208,0.026178010471204185,0.4558823529411765,0.4064579320827339,0.6135656768933834,SC/PR
-25.4,-47.8,203,1.43,0.3564,6.15,0.3421,0.5734767025089605,0.13599999999999995,0.5500734214390601,0.4198500413160069,0.46991717678967243,-25.4,-47.8,247,1.51,0.3428,7.49,0.7104477611940299,0.032460732984293195,0.4603921568627451,0.4011002170136894,0.6046108530287759,SC/PR
-25.4,-47.6,204,1.45,0.3694,6.18,0.3897,0.5770609318996416,0.152,0.5882525697503671,0.4391045005500029,0.5030582739649345,-25.4,-47.6,246,1.54,0.3535,7.46,0.7074626865671642,0.035602094240837705,0.48137254901960785,0.4081457766092032,0.6163867209859857,SC/PR
-25.2,-47.8,204,1.44,0.3482,6.18,0.3025,0.5770609318996416,0.144,0.5259911894273127,0.4156840404423181,0.46274658642879773,-25.2,-47.8,249,1.49,0.3355,7.55,0.7164179104477612,0.03036649214659686,0.4460784313725491,0.39762094465563563,0.5987956368887124,SC/PR
-25.2,-47.6,205,1.45,0.37,6.21,0.3688,0.5806451612903226,0.152,0.590014684287812,0.44088661519271155,0.5061256794855832,-25.2,-47.6,249,1.54,0.3513,7.55,0.7164179104477612,0.035602094240837705,0.4770588235294118,0.40969294273933693,0.6189726368113124,SC/PR
-25.0,-47.8,197,1.4,0.3078,5.97,0.1823,0.5519713261648745,0.11199999999999995,0.4073421439060206,0.3571044900236317,0.3619184847763196,-25.0,-47.8,231,1.37,0.2972,7.0,0.6626865671641791,0.017801047120418863,0.3709803921568628,0.35048933548048694,0.520020402823448,SP/RJ
-25.0,-47.6,212,1.46,0.3576,6.42,0.3412,0.6057347670250897,0.16,0.5535976505139499,0.4397774725130132,0.5042166045600089,-25.0,-47.6,248,1.55,0.3495,7.52,0.7134328358208956,0.03664921465968587,0.47352941176470587,0.4078704874150958,0.6159266057664764,SP/RJ
-25.0,-47.4,217,1.48,0.3649,6.58,0.3677,0.6236559139784946,0.17600000000000002,0.5750367107195301,0.4582308748993416,0.5359789092950976,-25.0,-47.4,256,1.56,0.344,7.76,0.7373134328358208,0.03769633507853404,0.46274509803921565,0.4125849553178568,0.6238063136532378,SP/RJ
-25.0,-47.2,206,1.52,0.3767,6.24,0.3942,0.5842293906810035,0.20800000000000005,0.6096916299559471,0.4673070068789835,0.5516008994147541,-25.0,-47.2,251,1.63,0.3388,7.61,0.7223880597014926,0.04502617801047119,0.45254901960784316,0.4066544191066023,0.6138940830642506,SP/RJ
-24.8,-47.4,224,1.48,0.3623,6.79,0.3378,0.6487455197132617,0.17600000000000002,0.5674008810572687,0.4640488002568435,0.545992819698302,-24.8,-47.4,253,1.55,0.3438,7.67,0.7283582089552239,0.03664921465968587,0.4623529411764706,0.40912012159712674,0.6180152300869324,SP/RJ
-24.8,-47.2,219,1.51,0.3718,6.64,0.3761,0.6308243727598566,0.20000000000000004,0.5953010279001468,0.4753751335533345,0.5654878939487209,-24.8,-47.2,259,1.61,0.3403,7.85,0.746268656716418,0.04293193717277488,0.4554901960784314,0.4148969299892081,0.6276705217521348,SP/RJ
-24.8,-47.0,211,1.57,0.3694,6.39,0.3904,0.6021505376344086,0.24800000000000008,0.5882525697503671,0.4794677024615919,0.5725320919828855,-24.8,-47.0,248,1.65,0.3355,7.52,0.7134328358208956,0.04712041884816753,0.4460784313725491,0.40221056201387073,0.6064666709992049,SP/RJ
-24.8,-46.8,208,1.6,0.3699,6.3,0.4035,0.5913978494623656,0.27200000000000013,0.5897209985315712,0.4843729493313123,0.5809750849125973,-24.8,-46.8,242,1.71,0.3338,7.33,0.6955223880597015,0.05340314136125654,0.4427450980392157,0.3972235424867246,0.5981314234357475,SP/RJ
-24.6,-47.2,234,1.52,0.3559,7.09,0.3188,0.6845878136200717,0.20800000000000005,0.548604992657856,0.4803976020926426,0.574132650776117,-24.6,-47.2,263,1.61,0.3227,7.97,0.7582089552238805,0.04293193717277488,0.4209803921568627,0.4073737615178394,0.6150963837666876,SP/RJ
-24.6,-47.0,232,1.55,0.3623,7.03,0.3602,0.6774193548387096,0.23200000000000007,0.5674008810572687,0.4922734119653261,0.5945734932969308,-24.6,-47.0,260,1.68,0.3301,7.88,0.7492537313432835,0.05026178010471204,0.4354901960784314,0.4116685691754756,0.6222746763057417,SP/RJ
-24.6,-46.8,219,1.58,0.362,6.64,0.3763,0.6308243727598566,0.2560000000000001,0.5665198237885462,0.4844480655161343,0.5811043761458833,-24.6,-46.8,248,1.72,0.3289,7.52,0.7134328358208956,0.05445026178010471,0.43313725490196087,0.4003401175009871,0.6033404313717621,SP/RJ
-24.6,-46.6,217,1.61,0.3715,6.58,0.4012,0.6236559139784946,0.28000000000000014,0.5944199706314244,0.4993586282033064,0.6067686859531889,-24.6,-46.6,249,1.76,0.3315,7.55,0.7164179104477612,0.05863874345549738,0.4382352941176471,0.4044306493403019,0.610177299637727,SP/RJ
-24.4,-46.8,237,1.6,0.3553,7.18,0.3415,0.6953405017921147,0.27200000000000013,0.5468428781204111,0.5047277933041753,0.6160101826992385,-24.4,-46.8,266,1.74,0.3193,8.06,0.7671641791044777,0.05654450261780105,0.41431372549019607,0.4126741357374916,0.6239553687895618,SP/RJ
-24.4,-46.6,239,1.59,0.3574,7.24,0.3611,0.7025089605734767,0.2640000000000001,0.5530102790014684,0.5065064131916484,0.6190715729887422,-24.4,-46.6,263,1.78,0.3259,7.97,0.7582089552238805,0.06073298429319372,0.42725490196078436,0.4153989471592862,0.6285095875249737,SP/RJ
-24.4,-46.4,232,1.61,0.3677,7.03,0.383,0.6774193548387096,0.28000000000000014,0.5832599118942732,0.513559755577661,0.6312119038380508,-24.4,-46.4,259,1.8,0.3325,7.85,0.746268656716418,0.06282722513089006,0.4401960784313726,0.4164306534262268,0.6302339696134958,SP/RJ
-24.4,-46.2,233,1.63,0.3658,7.06,0.392,0.6810035842293907,0.296,0.5776798825256975,0.5182278222516961,0.6392466582492082,-24.4,-46.2,250,1.87,0.3368,7.58,0.7194029850746269,0.07015706806282723,0.44862745098039214,0.412729168039282,0.6240473491511611,SP/RJ
-24.4,-46.0,223,1.67,0.3746,6.76,0.4053,0.6451612903225806,0.328,0.6035242290748898,0.5255618397991567,0.6518700918793942,-24.4,-46.0,245,1.9,0.3376,7.43,0.7044776119402985,0.07329842931937172,0.4501960784313726,0.4093240398970142,0.6183560568077883,SP/RJ
-24.4,-45.2,163,1.77,0.3549,4.94,0.4359,0.43010752688172044,0.4080000000000001,0.5456681350954478,0.4612585539923894,0.5411902011739702,-24.4,-45.2,186,2.09,0.3152,5.64,0.5283582089552239,0.09319371727748689,0.40627450980392155,0.3426088120122108,0.5068489857716069,SP/RJ
-24.2,-46.6,248,1.63,0.3594,7.52,0.338,0.7347670250896058,0.296,0.5588839941262849,0.5298836730719635,0.6593089035712063,-24.2,-46.6,267,1.79,0.3279,8.09,0.7701492537313432,0.061780104712041886,0.4311764705882354,0.42103527634387355,0.6379300838448587,SP/RJ
-24.2,-46.4,249,1.65,0.361,7.55,0.3546,0.7383512544802867,0.312,0.5635829662261379,0.5379780735688082,0.6732411210477575,-24.2,-46.4,269,1.81,0.3321,8.15,0.7761194029850746,0.06387434554973823,0.4394117647058824,0.42646850441356515,0.6470111192775636,SP/RJ
-24.2,-46.2,245,1.66,0.364,7.43,0.3616,0.7240143369175627,0.32,0.5723935389133626,0.5388026252769751,0.674660353234665,-24.2,-46.2,266,1.83,0.3283,8.06,0.7671641791044777,0.06596858638743457,0.4319607843137255,0.4216978499352126,0.6390375017891354,SP/RJ
-24.2,-46.0,239,1.66,0.3728,7.24,0.3802,0.7025089605734767,0.32,0.5982378854625551,0.5402489486786773,0.6771497892567393,-24.2,-46.0,255,1.88,0.3359,7.73,0.7343283582089553,0.07120418848167538,0.4468627450980392,0.41746509726288994,0.6319629272448315,SP/RJ
-24.2,-45.8,243,1.69,0.3757,7.36,0.3994,0.7168458781362007,0.34400000000000003,0.6067547723935388,0.5558668835099132,0.7040316398259322,-24.2,-45.8,258,1.93,0.342,7.82,0.7432835820895523,0.07643979057591622,0.4588235294117648,0.4261823006924111,0.6465327616420227,SP/RJ
-24.2,-45.6,232,1.7,0.3739,7.03,0.4039,0.6774193548387096,0.35200000000000004,0.6014684287812041,0.5436292612066379,0.6829680396999457,-24.2,-45.6,247,1.96,0.3366,7.49,0.7104477611940299,0.07958115183246073,0.4482352941176471,0.41275473571471255,0.6240900826722904,SP/RJ
-24.2,-45.4,224,1.69,0.3646,6.79,0.4158,0.6487455197132617,0.34400000000000003,0.5741556534508075,0.5223003910546898,0.6462564317677837,-24.2,-45.4,239,1.98,0.3341,7.24,0.6865671641791045,0.08167539267015707,0.44333333333333336,0.40385863006086503,0.6092212331376416,SP/RJ
-24.2,-45.2,197,1.78,0.3622,5.97,0.4256,0.5519713261648745,0.4160000000000001,0.5671071953010279,0.5116928404886342,0.6279985383713044,-24.2,-45.2,214,2.01,0.3319,6.49,0.6119402985074627,0.08481675392670154,0.4390196078431372,0.3785922200924338,0.5669912436659142,SP/RJ
-24.2,-45.0,166,1.81,0.3564,5.03,0.4309,0.44086021505376344,0.4400000000000001,0.5500734214390601,0.4769778788309413,0.568246565919034,-24.2,-45.0,188,2.11,0.3208,5.7,0.5343283582089552,0.09528795811518323,0.4172549019607843,0.3489570727616409,0.5174593963897822,SP/RJ
-24.0,-46.4,285,1.66,0.3558,8.64,0.2798,0.8673835125448028,0.32,0.5483113069016152,0.5785649398154727,0.7430999138589911,-24.0,-46.4,297,1.82,0.327,9.0,0.8597014925373134,0.06492146596858639,0.4294117647058824,0.4513449077372607,0.688589256091091,SP/RJ
-24.0,-46.2,273,1.68,0.3481,8.27,0.2886,0.8243727598566308,0.336,0.5256975036710719,0.5620234211759009,0.714628375396226,-24.0,-46.2,287,1.81,0.3185,8.7,0.8298507462686567,0.06387434554973823,0.4127450980392157,0.43549006328587025,0.6620896498908174,SP/RJ
-24.0,-46.0,264,1.69,0.37,8.0,0.3527,0.7921146953405018,0.34400000000000003,0.590014684287812,0.5753764598761046,0.7376118488747821,-24.0,-46.0,280,1.84,0.3342,8.49,0.808955223880597,0.06701570680628273,0.4435294117647059,0.4398334474838619,0.6693491327054328,SP/RJ
-24.0,-45.8,271,1.68,0.3683,8.21,0.352,0.8172043010752689,0.336,0.5850220264317181,0.5794087758356623,0.744552338526193,-24.0,-45.8,280,1.85,0.3383,8.49,0.808955223880597,0.06806282722513089,0.4515686274509804,0.4428622261855695,0.6744113988859117,SP/RJ
-24.0,-45.6,254,1.71,0.3758,7.7,0.3612,0.7562724014336918,0.36000000000000004,0.6070484581497798,0.5744402865278239,0.7360004916545553,-24.0,-45.6,274,1.88,0.3355,8.3,0.7910447761194029,0.07120418848167538,0.4460784313725491,0.43610913199120915,0.6631243542647828,SP/RJ
-24.0,-45.4,244,1.77,0.3822,7.39,0.3859,0.7204301075268817,0.4080000000000001,0.6258443465491923,0.5847581513586914,0.7537597731199757,-24.0,-45.4,261,1.95,0.3478,7.91,0.7522388059701492,0.07853403141361257,0.47019607843137257,0.4336563052717115,0.659024727658954,SP/RJ
-24.0,-45.2,230,1.74,0.3709,6.97,0.4001,0.6702508960573477,0.38400000000000006,0.5926578560939795,0.5489695840504424,0.6921598926708828,-24.0,-45.2,248,1.96,0.337,7.52,0.7134328358208956,0.07958115183246073,0.4490196078431373,0.4140111984988312,0.6261901202403994,SP/RJ
-24.0,-45.0,206,1.75,0.3551,6.24,0.4102,0.5842293906810035,0.39200000000000007,0.5462555066079295,0.5074949657629777,0.6207730862034803,-24.0,-45.0,222,1.99,0.3188,6.73,0.6358208955223881,0.08272251308900523,0.4133333333333333,0.3772922473149089,0.5648184839910336,SP/RJ
-24.0,-44.8,177,1.82,0.3464,5.36,0.4191,0.48028673835125446,0.4480000000000001,0.5207048458149779,0.48299719472207747,0.5786071130760543,-24.0,-44.8,199,2.07,0.3191,6.03,0.5671641791044776,0.09109947643979056,0.413921568627451,0.35739507472390636,0.5315625766387414,SP/RJ
-23.8,-45.8,298,1.72,0.3726,9.03,0.2913,0.9139784946236559,0.36800000000000005,0.5976505139500733,0.6265430028579098,0.8256805581786633,-23.8,-45.8,313,1.91,0.338,9.49,0.9074626865671642,0.07434554973821988,0.4509803921568628,0.4775962094874157,0.7324653824546424,SP/RJ
-23.8,-45.6,300,1.75,0.364,9.09,0.2485,0.921146953405018,0.39200000000000007,0.5723935389133626,0.6285134974394602,0.8290722063998289,-23.8,-45.6,323,1.95,0.329,9.79,0.9373134328358209,0.07853403141361257,0.4333333333333334,0.48306026586092227,0.7415979439627637,SP/RJ
-23.8,-45.4,289,1.73,0.3164,8.76,0.1499,0.8817204301075269,0.37600000000000006,0.4325991189427313,0.5634398496834194,0.7170663558265775,-23.8,-45.4,302,1.94,0.2851,9.15,0.8746268656716418,0.07748691099476439,0.3472549019607844,0.4331228928757302,0.6581331882635859,SP/RJ
-23.8,-45.2,225,1.61,0.2922,6.82,0.1948,0.6523297491039427,0.28000000000000014,0.3615271659324523,0.43128563834546507,0.4896003176042045,-23.8,-45.2,234,1.76,0.2544,7.09,0.6716417910447762,0.05863874345549738,0.2870588235294118,0.3391131193432284,0.501006324911122,SP/RJ
-23.8,-45.0,217,1.73,0.3489,6.58,0.3644,0.6236559139784946,0.37600000000000006,0.5280469897209985,0.5092343012331644,0.6237668594971005,-23.8,-45.0,223,1.97,0.3147,6.76,0.6388059701492538,0.08062827225130889,0.4052941176470588,0.37490945334920717,0.5608359093312143,SP/RJ
-23.8,-44.8,216,1.73,0.3488,6.55,0.3938,0.6200716845878136,0.37600000000000006,0.5277533039647576,0.5079416628508571,0.6215419487000794,-23.8,-44.8,223,1.99,0.3176,6.76,0.6388059701492538,0.08272251308900523,0.4109803921568628,0.3775029584650406,0.5651706642043189,SP/RJ
-23.8,-44.6,200,1.8,0.3438,6.06,0.4103,0.5627240143369175,0.4320000000000001,0.5130690161527165,0.502597676829878,0.6123437906073396,-23.8,-44.6,211,2.09,0.3193,6.39,0.6029850746268657,0.09319371727748689,0.41431372549019607,0.3701641724648496,0.5529047009784176,SP/RJ
-23.6,-45.2,181,1.4,0.2759,5.49,0.1365,0.4946236559139785,0.11199999999999995,0.31365638766519816,0.30676001452639223,0.27526473177214644,-23.6,-45.2,185,1.45,0.2292,5.61,0.5253731343283582,0.026178010471204185,0.23764705882352938,0.26306606787436393,0.3739021503608562,SP/RJ
-23.6,-45.0,218,1.63,0.2987,6.61,0.2588,0.6272401433691757,0.296,0.38061674008810575,0.43461896115242715,0.4953376885539428,-23.6,-45.0,218,1.83,0.2731,6.61,0.6238805970149254,0.06596858638743457,0.3237254901960785,0.3378582245328128,0.49890890803637833,SP/RJ
-23.6,-44.8,221,1.79,0.345,6.7,0.3479,0.6379928315412187,0.4240000000000001,0.5165932452276063,0.5261953589229417,0.6529605155879279,-23.6,-44.8,232,1.98,0.3107,7.03,0.6656716417910448,0.08167539267015707,0.3974509803921568,0.3815993382844529,0.5720173067175259,SP/RJ
-23.6,-44.6,218,1.83,0.3531,6.61,0.3834,0.6272401433691757,0.4560000000000001,0.540381791483113,0.5412073116174296,0.6787993395711039,-23.6,-44.6,233,2.02,0.3205,7.06,0.6686567164179105,0.08586387434554973,0.4166666666666667,0.390395752476709,0.5867195330801972,SP/RJ
-23.6,-44.4,214,1.81,0.3534,6.49,0.4052,0.6129032258064516,0.4400000000000001,0.5412628487518355,0.531388691519429,0.6618993664874513,-23.6,-44.4,222,2.09,0.3261,6.73,0.6358208955223881,0.09319371727748689,0.42764705882352944,0.3855538905411348,0.5786269002598508,SP/RJ
-23.6,-44.2,197,1.86,0.3532,5.97,0.4171,0.5519713261648745,0.48000000000000015,0.5406754772393539,0.5242156011347429,0.6495529233805947,-23.6,-44.2,211,2.13,0.3296,6.39,0.6029850746268657,0.09738219895287957,0.4345098039215687,0.37829235916710463,0.5664900595350679,SP/RJ
-23.6,-44.0,181,1.87,0.3556,5.49,0.4259,0.4946236559139785,0.48800000000000016,0.5477239353891337,0.5101158637677041,0.6252842196716032,-23.6,-44.0,203,2.15,0.3297,6.15,0.5791044776119403,0.09947643979057591,0.43470588235294116,0.3710955999184858,0.5544614782020073,SP/RJ
-23.4,-44.4,232,1.79,0.3572,7.03,0.3719,0.6774193548387096,0.4240000000000001,0.5524229074889868,0.5512807541092322,0.6961379172196934,-23.4,-44.4,248,2.01,0.3199,7.52,0.7134328358208956,0.08481675392670154,0.4154901960784314,0.4045799286086762,0.61042680330444,SP/RJ
-23.4,-44.2,227,1.84,0.3622,6.88,0.3934,0.6594982078853047,0.46400000000000013,0.5671071953010279,0.5635351343954443,0.7172303614661106,-23.4,-44.2,237,2.11,0.3323,7.18,0.6805970149253732,0.09528795811518323,0.43980392156862746,0.4052296315363946,0.6115127093683239,SP/RJ
-23.4,-44.0,215,1.84,0.3669,6.52,0.4072,0.6164874551971327,0.46400000000000013,0.5809104258443465,0.5537992936804931,0.7004728696406646,-23.4,-44.0,221,2.18,0.3412,6.7,0.6328358208955224,0.10261780104712043,0.45725490196078433,0.39756950796780904,0.5987096661952861,SP/RJ
-23.4,-43.8,207,1.84,0.3584,6.27,0.4099,0.5878136200716846,0.46400000000000013,0.5559471365638766,0.5359202522118538,0.6696991645206303,-23.4,-43.8,218,2.19,0.3433,6.61,0.6238805970149254,0.10366492146596858,0.46137254901960784,0.3963060225001673,0.5965978909940265,SP/RJ
-23.4,-43.6,196,1.85,0.3525,5.94,0.4142,0.5483870967741935,0.47200000000000014,0.538619676945668,0.5196689245732872,0.6417271076608968,-23.4,-43.6,211,2.23,0.3417,6.39,0.6029850746268657,0.10785340314136126,0.4582352941176471,0.3896912572952913,0.5855420478683557,SP/RJ
-23.4,-43.4,187,1.79,0.3511,5.67,0.4206,0.5161290322580645,0.4240000000000001,0.5345080763582967,0.4915457028721204,0.5933209482381387,-23.4,-43.4,205,2.21,0.3382,6.21,0.5850746268656717,0.10575916230366492,0.4513725490196079,0.3807354460629815,0.5705734071107742,SP/RJ
-23.4,-43.2,177,1.83,0.3499,5.36,0.4258,0.48028673835125446,0.4560000000000001,0.5309838472834066,0.4890901952115538,0.5890944873957717,-23.4,-43.2,193,2.21,0.3425,5.85,0.5492537313432836,0.10575916230366492,0.45980392156862754,0.37160560507185864,0.5553138949990264,SP/RJ
-23.4,-43.0,166,1.78,0.3409,5.03,0.4287,0.44086021505376344,0.4160000000000001,0.5045521292217326,0.45380411475849874,0.5283594957236055,-23.4,-43.0,176,2.2,0.3376,5.33,0.49850746268656715,0.10471204188481677,0.4501960784313726,0.3511385276675855,0.5211054552412847,SP/RJ
-23.4,-42.8,146,1.74,0.3438,4.42,0.4366,0.36917562724014336,0.38400000000000006,0.5130690161527165,0.4220815477976199,0.4737580830574419,-23.4,-42.8,158,2.21,0.3346,4.79,0.44477611940298506,0.10575916230366492,0.4443137254901961,0.33161633573228205,0.4884762862804799,SP/RJ
-23.4,-42.6,134,1.75,0.3443,4.06,0.443,0.32616487455197135,0.39200000000000007,0.5145374449339206,0.41090077316196405,0.4545135468078473,-23.4,-42.6,140,2.29,0.3395,4.24,0.39104477611940297,0.11413612565445026,0.45392156862745103,0.31970082346710144,0.4685608349703206,SP/RJ
-23.4,-42.2,127,1.71,0.3404,3.85,0.4485,0.3010752688172043,0.36000000000000004,0.5030837004405285,0.38805298975257757,0.4151875599801887,-23.4,-42.2,124,2.18,0.3282,3.76,0.34328358208955223,0.10261780104712043,0.43176470588235294,0.29255536300634183,0.42319022193525285,SP/RJ
-23.4,-42.0,130,1.73,0.3363,3.94,0.4494,0.3118279569892473,0.37600000000000006,0.49104258443465487,0.39295684714130075,0.4236281613119755,-23.4,-42.0,133,2.17,0.3266,4.03,0.3701492537313433,0.10157068062827224,0.4286274509803922,0.3001157951133359,0.43582664193631304,SP/RJ
-23.2,-44.4,243,1.81,0.3352,7.36,0.2654,0.7168458781362007,0.4400000000000001,0.48781204111600585,0.5482193064174022,0.6908685022639736,-23.2,-44.4,256,2.03,0.296,7.76,0.7373134328358208,0.08691099476439788,0.3686274509803921,0.3976172928602036,0.5987895333194739,SP/RJ
-23.2,-44.2,245,1.85,0.3601,7.43,0.3133,0.7240143369175627,0.47200000000000014,0.5609397944199705,0.5856513771125111,0.7552972082225166,-23.2,-44.2,258,2.14,0.3253,7.82,0.7432835820895523,0.09842931937172776,0.42607843137254897,0.4225971109446096,0.6405405163846644,SP/RJ
-23.2,-44.0,238,1.8,0.346,7.21,0.3163,0.6989247311827957,0.4320000000000001,0.5195301027900145,0.5501516113242702,0.6941944177785302,-23.2,-44.0,250,2.06,0.3138,7.58,0.7194029850746269,0.09005235602094241,0.40352941176470597,0.4043282509534251,0.6100061521416985,SP/RJ
-23.2,-43.8,228,1.82,0.3656,6.91,0.3636,0.6630824372759857,0.4480000000000001,0.5770925110132158,0.5627249827630671,0.7158359149304269,-23.2,-43.8,241,2.08,0.332,7.3,0.6925373134328359,0.09214659685863875,0.43921568627450985,0.40796653218866147,0.6160871339056763,SP/RJ
-23.2,-43.6,227,1.82,0.3746,6.88,0.3888,0.6594982078853047,0.4480000000000001,0.6035242290748898,0.5703408123200648,0.7289444081034294,-23.2,-43.6,237,2.13,0.345,7.18,0.6805970149253732,0.09738219895287957,0.46470588235294114,0.414228365410398,0.6265530905397229,SP/RJ
-23.2,-43.4,218,1.85,0.3786,6.61,0.4018,0.6272401433691757,0.47200000000000014,0.6152716593245227,0.5715039342312328,0.7309463929847619,-23.2,-43.4,219,2.23,0.3609,6.64,0.6268656716417911,0.10785340314136126,0.4958823529411765,0.41020047590810965,0.6198209219614625,SP/RJ
-23.2,-43.2,213,1.86,0.3743,6.46,0.4088,0.6093189964157706,0.48000000000000015,0.6026431718061674,0.5639873894073127,0.7180087903544102,-23.2,-43.2,216,2.22,0.3607,6.55,0.6179104477611941,0.10680628272251311,0.4954901960784314,0.40673564218737956,0.6140298383951571,SP/RJ
-23.2,-43.0,203,1.86,0.3713,6.15,0.4133,0.5734767025089605,0.48000000000000015,0.5938325991189427,0.5491031005426344,0.6923897034896892,-23.2,-43.0,210,2.23,0.3645,6.36,0.6,0.10785340314136126,0.5029411764705882,0.40359819320398316,0.6087859419451883,SP/RJ
-23.2,-42.8,190,1.81,0.3657,5.76,0.4201,0.5268817204301075,0.4400000000000001,0.5773861967694567,0.5147559723998548,0.6332708522336004,-23.2,-42.8,198,2.18,0.358,6.0,0.564179104477612,0.10261780104712043,0.49019607843137253,0.38566432798536837,0.5788114841446643,SP/RJ
-23.2,-42.6,179,1.79,0.3548,5.42,0.4245,0.4874551971326165,0.4240000000000001,0.545374449339207,0.4856098821572745,0.5831041143746195,-23.2,-42.6,194,2.16,0.3466,5.88,0.5522388059701493,0.1005235602094241,0.467843137254902,0.37353516781149176,0.5585389441564474,SP/RJ
-23.2,-42.4,166,1.8,0.3553,5.03,0.4309,0.44086021505376344,0.4320000000000001,0.5468428781204111,0.4732343643913916,0.5618031662727295,-23.2,-42.4,183,2.14,0.346,5.55,0.5194029850746269,0.09842931937172776,0.4666666666666666,0.3614996570376738,0.5384229287074687,SP/RJ
-23.2,-42.2,160,1.79,0.3535,4.85,0.4376,0.41935483870967744,0.4240000000000001,0.5415565345080763,0.4616371244059179,0.5418418028995733,-23.2,-42.2,178,2.13,0.3392,5.39,0.5044776119402985,0.09738219895287957,0.45333333333333337,0.3517310480755038,0.5220957870937101,SP/RJ
-23.2,-42.0,158,1.75,0.3483,4.79,0.438,0.4121863799283154,0.39200000000000007,0.5262848751835536,0.44349041837062303,0.5106073890519605,-23.2,-42.0,183,2.07,0.3342,5.55,0.5194029850746269,0.09109947643979056,0.4435294117647059,0.3513439577597078,0.5214488087544407,SP/RJ
-23.2,-41.8,154,1.73,0.3477,4.67,0.4431,0.3978494623655914,0.37600000000000006,0.5245227606461087,0.4327907410039,0.4921909254657781,-23.2,-41.8,177,2.0,0.3278,5.36,0.5014925373134328,0.08376963350785341,0.43098039215686273,0.33874752099271627,0.5003952679975241,SP/RJ
-23.0,-44.4,269,1.72,0.2463,8.15,0.0659,0.8100358422939068,0.36800000000000005,0.22672540381791478,0.4682537487039405,0.5532304472737449,-23.0,-44.4,283,1.89,0.2093,8.58,0.817910447761194,0.07225130890052354,0.1986274509803922,0.36292973588070326,0.5408131461764455,SP/RJ
-23.0,-44.0,244,1.61,0.27,7.39,0.0924,0.7204301075268817,0.28000000000000014,0.29632892804698974,0.4322530118579572,0.49126537706875045,-23.0,-44.0,252,1.83,0.239,7.64,0.7253731343283583,0.06596858638743457,0.25686274509803925,0.3494014886046107,0.5182021879614037,SP/RJ
-23.0,-43.4,245,1.81,0.3409,7.43,0.244,0.7240143369175627,0.4400000000000001,0.5045521292217326,0.5561888220464318,0.7045857658179199,-23.0,-43.4,262,2.08,0.3036,7.94,0.755223880597015,0.09214659685863875,0.38352941176470584,0.4102999630734532,0.6199872036750214,SP/RJ
-23.0,-43.2,236,1.85,0.3595,7.15,0.2806,0.6917562724014337,0.47200000000000014,0.5591776798825256,0.5743113174279865,0.7357785078835039,-23.0,-43.2,251,2.1,0.3206,7.61,0.7223880597014926,0.09424083769633508,0.4168627450980392,0.4111638808319556,0.6214311459640753,SP/RJ
-23.0,-43.0,229,1.86,0.3747,6.94,0.337,0.6666666666666666,0.48000000000000015,0.6038179148311306,0.5834948604992657,0.7515853757700399,-23.0,-43.0,245,2.12,0.3387,7.43,0.7044776119402985,0.09633507853403142,0.4523529411764706,0.41772187721693355,0.6323921063315858,SP/RJ
-23.0,-42.8,230,1.85,0.3784,6.97,0.3665,0.6702508960573477,0.47200000000000014,0.6146842878120411,0.5856450612897963,0.7552863373228569,-23.0,-42.8,242,2.1,0.3476,7.33,0.6955223880597015,0.09424083769633508,0.4698039215686275,0.41985571577488806,0.6359585797620959,SP/RJ
-23.0,-42.6,227,1.89,0.376,6.88,0.3823,0.6594982078853047,0.504,0.6076358296622614,0.5903780125158553,0.7634327721098516,-23.0,-42.6,244,2.12,0.345,7.39,0.7014925373134329,0.09633507853403142,0.46470588235294114,0.4208444994001352,0.6376112214368006,SP/RJ
-23.0,-42.4,218,1.91,0.3797,6.61,0.3957,0.6272401433691757,0.52,0.6185022026431717,0.5885807820041158,0.7603393489026841,-23.0,-42.4,234,2.17,0.3534,7.09,0.6716417910447762,0.10157068062827224,0.4811764705882353,0.4181296474204279,0.6330736487993114,SP/RJ
-23.0,-42.2,217,1.88,0.3741,6.58,0.4018,0.6236559139784946,0.496,0.6020558002936857,0.5739039047573934,0.7350772623827879,-23.0,-42.2,231,2.11,0.3517,7.0,0.6626865671641791,0.09528795811518323,0.477843137254902,0.41193922084475476,0.6227270404191415,SP/RJ
-23.0,-42.0,201,1.85,0.3621,6.09,0.4078,0.5663082437275986,0.47200000000000014,0.5668135095447869,0.5350405844241286,0.6681850656160256,-23.0,-42.0,213,2.05,0.3364,6.46,0.608955223880597,0.08900523560209422,0.44784313725490194,0.3819345322458643,0.5725775460819262,SP/RJ
-23.0,-41.8,183,1.73,0.346,5.55,0.4182,0.5017921146953405,0.37600000000000006,0.5195301027900145,0.4657740724951183,0.5489623871220133,-23.0,-41.8,201,2.0,0.3197,6.09,0.573134328358209,0.08376963350785341,0.4150980392156863,0.3573340003605829,0.5314604976444021,SP/RJ
-23.0,-41.6,172,1.73,0.3433,5.21,0.4316,0.46236559139784944,0.37600000000000006,0.5116005873715124,0.4499887262564539,0.5217923852391734,-23.0,-41.6,192,1.94,0.3192,5.82,0.5462686567164179,0.07748691099476439,0.41411764705882353,0.3459577382566686,0.5124463429039319,SP/RJ
-22.8,-41.8,163,1.65,0.2685,4.94,0.2712,0.43010752688172044,0.312,0.2919236417033774,0.3446770561950326,0.3405281778792265,-22.8,-41.8,173,1.82,0.2326,5.24,0.48955223880597015,0.06492146596858639,0.2443137254901961,0.26626247675491754,0.3792445917105284,SP/RJ
-22.8,-41.6,174,1.74,0.3262,5.27,0.387,0.46953405017921146,0.38400000000000006,0.4613803230543318,0.43830479107784776,0.5016818006500218,-22.8,-41.6,187,1.9,0.2926,5.67,0.5313432835820896,0.07329842931937172,0.3619607843137256,0.3222008324050623,0.4727393213980015,SP/RJ
-22.6,-41.8,125,1.58,0.2593,3.79,0.2257,0.2939068100358423,0.2560000000000001,0.26490455212922165,0.2716037873883547,0.21475324579698407,-22.6,-41.8,136,1.66,0.2016,4.12,0.37910447761194027,0.0481675392670157,0.18352941176470589,0.20360047621455393,0.2745120386330152,SP/RJ
-22.6,-41.6,170,1.78,0.3262,5.15,0.3525,0.4551971326164875,0.4160000000000001,0.4613803230543318,0.4441924852236065,0.5118157982581341,-22.6,-41.6,184,1.91,0.2763,5.58,0.5223880597014925,0.07434554973821988,0.33,0.30891120314657083,0.45052718661627095,SP/RJ
-22.6,-41.4,177,1.76,0.3418,5.36,0.3917,0.48028673835125446,0.4000000000000001,0.5071953010279001,0.46249401312638483,0.5433166940927384,-22.6,-41.4,184,1.96,0.3088,5.58,0.5223880597014925,0.07958115183246073,0.3937254901960785,0.33189823391001055,0.4889474476798416,SP/RJ
-22.4,-41.6,167,1.81,0.2961,5.06,0.2388,0.4444444444444444,0.4400000000000001,0.37298091042584425,0.4191417849567629,0.4686981141018324,-22.4,-41.6,180,1.98,0.2459,5.46,0.5104477611940299,0.08167539267015707,0.27039215686274515,0.287505103575644,0.41474927591821564,SP/RJ
-22.4,-41.4,175,1.83,0.3287,5.3,0.3324,0.4731182795698925,0.4560000000000001,0.46872246696035236,0.4659469155100817,0.5492598874093676,-22.4,-41.4,186,2.02,0.2761,5.64,0.5283582089552239,0.08586387434554973,0.32960784313725494,0.31460997547934283,0.46005204970190205,SP/RJ
-22.4,-41.2,175,1.82,0.3435,5.3,0.3816,0.4731182795698925,0.4480000000000001,0.5121879588839942,0.4777687461512956,0.569607819974423,-22.4,-41.2,180,2.01,0.3056,5.46,0.5104477611940299,0.08481675392670154,0.38745098039215686,0.32757183183762945,0.48171634859629986,SP/RJ
-22.4,-41.0,159,1.79,0.3348,4.82,0.4056,0.4157706093189964,0.4240000000000001,0.4866372980910425,0.4421359691366797,0.508276088383603,-22.4,-41.0,164,1.99,0.297,4.97,0.4626865671641791,0.08272251308900523,0.37058823529411766,0.30533243851576736,0.44454568022618823,SP/RJ
-22.4,-40.8,134,1.74,0.3297,4.06,0.4263,0.32616487455197135,0.38400000000000006,0.4716593245227606,0.3939413996915773,0.42532278962359577,-22.4,-40.8,133,2.08,0.3076,4.03,0.3701492537313433,0.09214659685863875,0.39137254901960783,0.2845561332031966,0.4098204004690921,SP/RJ
-22.2,-41.4,179,1.81,0.278,5.42,0.148,0.4874551971326165,0.4400000000000001,0.31982378854625554,0.4157596618929574,0.46287674733405687,-22.2,-41.4,204,1.89,0.2175,6.18,0.582089552238806,0.07225130890052354,0.21470588235294116,0.2896822478307569,0.41838812999707853,SP/RJ
-22.2,-41.2,177,1.85,0.334,5.36,0.3223,0.48028673835125446,0.47200000000000014,0.48428781204111604,0.4788581834641235,0.5714829776930589,-22.2,-41.2,192,1.99,0.2788,5.82,0.5462686567164179,0.08272251308900523,0.3349019607843137,0.321297710196579,0.47122985323835453,SP/RJ
-22.2,-41.0,174,1.77,0.3259,5.27,0.3686,0.46953405017921146,0.4080000000000001,0.46049926578560946,0.446011105321607,0.5149460375788159,-22.2,-41.0,177,1.95,0.292,5.36,0.5014925373134328,0.07853403141361257,0.3607843137254902,0.3136036274841785,0.4583700511396298,SP/RJ
-22.2,-40.8,159,1.67,0.3168,4.82,0.3988,0.4157706093189964,0.328,0.43377386196769463,0.3925148237622304,0.4228673432811246,-22.2,-40.8,154,1.96,0.2877,4.67,0.43283582089552236,0.07958115183246073,0.35235294117647065,0.2882566379681512,0.41600538193101577,SP/RJ
-22.2,-40.6,139,1.71,0.3273,4.21,0.4205,0.34408602150537637,0.36000000000000004,0.4646108663729808,0.38956562929278576,0.4177911404486898,-22.2,-40.6,135,2.07,0.3011,4.09,0.3761194029850746,0.09109947643979056,0.37862745098039213,0.2819487768017524,0.4054624947151839,SP/RJ
-22.0,-40.8,163,1.63,0.2979,4.94,0.3416,0.43010752688172044,0.296,0.3782672540381791,0.36812492697329985,0.3808870451198864,-22.0,-40.8,159,1.77,0.2451,4.82,0.44776119402985076,0.05968586387434555,0.2688235294117647,0.25875686243865365,0.3666997935397279,SP/RJ
-22.0,-40.6,151,1.7,0.31,4.58,0.3876,0.3870967741935484,0.35200000000000004,0.41380323054331863,0.38430000157895566,0.4087278539843948,-22.0,-40.6,150,1.89,0.2735,4.55,0.4208955223880597,0.07225130890052354,0.3245098039215687,0.27255221173671734,0.3897571830281406,SP/RJ
-21.8,-40.8,137,1.53,0.2546,4.15,0.2661,0.33691756272401435,0.21600000000000005,0.25110132158590304,0.26800629476997245,0.20856118135081209,-21.8,-40.8,109,1.61,0.2124,3.3,0.29850746268656714,0.04293193717277488,0.20470588235294118,0.1820484274040944,0.23849019004047572,SP/RJ
-21.8,-40.6,135,1.65,0.2938,4.09,0.3489,0.32974910394265233,0.312,0.3662261380323054,0.335991747324986,0.3255788790305129,-21.8,-40.6,127,1.87,0.244,3.85,0.3522388059701492,0.07015706806282723,0.26666666666666666,0.2296875135665477,0.3181136153548251,SP/RJ
-21.6,-40.8,110,1.5,0.2503,3.33,0.2472,0.24014336917562723,0.19200000000000003,0.23847283406754777,0.22353873441439168,0.13202287295266532,-21.6,-40.8,80,1.55,0.1964,2.42,0.21194029850746268,0.03664921465968587,0.1733333333333333,0.14064094883349396,0.16928220258709215,SP/RJ
-21.6,-40.6,116,1.63,0.2773,3.52,0.3231,0.2616487455197133,0.296,0.3177679882525697,0.2918055779240943,0.24952490544853825,-21.6,-40.6,105,1.85,0.2225,3.18,0.2865671641791045,0.06806282722513089,0.22450980392156863,0.1930465984419347,0.25687240768503056,SP/RJ
-21.4,-40.8,104,1.52,0.2427,3.15,0.2285,0.21863799283154123,0.20800000000000005,0.2161527165932452,0.21426356980826214,0.11605830454839883,-21.4,-40.8,73,1.45,0.1895,2.21,0.191044776119403,0.026178010471204185,0.15980392156862747,0.12567556938641156,0.1442692380511599,SP/RJ
-21.4,-40.6,113,1.62,0.2633,3.42,0.2904,0.25089605734767023,0.28800000000000014,0.2766519823788545,0.2718493465755083,0.21517590637575362,-21.4,-40.6,99,1.71,0.2055,3.0,0.26865671641791045,0.05340314136125654,0.19117647058823528,0.17107877612246744,0.22015563999120372,SP/RJ
-21.2,-40.8,100,1.54,0.2637,3.03,0.2204,0.20430107526881722,0.22400000000000006,0.27782672540381786,0.23537593355754505,0.15239725804022605,-21.2,-40.8,75,1.49,0.1991,2.27,0.19701492537313434,0.03036649214659686,0.17862745098039215,0.13533628950004112,0.16041605547388108,SP/RJ
-21.2,-40.6,116,1.57,0.2555,3.52,0.259,0.2616487455197133,0.24800000000000008,0.2537444933920705,0.25446441297059463,0.18525266797243084,-21.2,-40.6,89,1.72,0.2032,2.7,0.23880597014925373,0.05445026178010471,0.18666666666666665,0.15997429953200837,0.2015957444583582,SP/RJ
-21.2,-40.4,100,1.71,0.2586,3.03,0.3125,0.20430107526881722,0.36000000000000004,0.26284875183553597,0.2757166090347844,0.22183230318272398,-21.2,-40.4,77,1.92,0.2114,2.33,0.20298507462686566,0.07539267015706805,0.2027450980392157,0.1603742809410498,0.2022642688238621,SP/RJ
-21.0,-40.8,112,1.63,0.2675,3.39,0.186,0.24731182795698925,0.296,0.2889867841409692,0.2774328706993195,0.2247863614562541,-21.0,-40.8,94,1.61,0.205,2.85,0.2537313432835821,0.04293193717277488,0.1901960784313725,0.1622864529625765,0.20546025133337165,SP/RJ
-21.0,-40.6,121,1.6,0.2485,3.67,0.224,0.27956989247311825,0.27200000000000013,0.2331864904552129,0.2615854609761104,0.1975095348660915,-21.0,-40.6,99,1.73,0.1984,3.0,0.26865671641791045,0.05549738219895288,0.1772549019607843,0.16713633352588256,0.21356628639666111,SP/RJ
-21.0,-40.4,110,1.69,0.2639,3.33,0.2961,0.24014336917562723,0.34400000000000003,0.2784140969162996,0.2875191553639756,0.2421470432674851,-21.0,-40.4,87,1.9,0.2168,2.64,0.23283582089552238,0.07329842931937172,0.21333333333333332,0.17315586118274248,0.22362725627293475,SP/RJ
-21.0,-40.2,86,1.7,0.276,2.61,0.357,0.15412186379928317,0.35200000000000004,0.3139500734214391,0.27335731240690747,0.2177714423785065,-21.0,-40.2,65,2.12,0.2467,1.97,0.16716417910447762,0.09633507853403142,0.27196078431372545,0.1784866806507448,0.23253712713668986,SP/RJ
-21.0,-29.4,55,1.56,0.2575,1.67,0.4595,0.043010752688172046,0.24000000000000007,0.25961820851688694,0.18087632040168633,0.05859161262259288,-21.0,-29.4,12,5.0,0.2729,0.36,0.008955223880597015,0.39790575916230364,0.3233333333333333,0.24339810545874463,0.34102934228168363,SP/RJ
-21.0,-29.2,54,1.57,0.2576,1.64,0.4586,0.03942652329749104,0.24800000000000008,0.2599118942731277,0.18244613919020627,0.06129361096934647,-21.0,-29.2,10,5.5,0.2462,0.3,0.0029850746268656717,0.450261780104712,0.2709803921568627,0.24140908229614677,0.33770491165143274,SP/RJ
-20.8,-40.4,112,1.77,0.2665,3.39,0.2665,0.24731182795698925,0.4080000000000001,0.286049926578561,0.3137872515118501,0.28736012956952833,-20.8,-40.4,99,1.85,0.2076,3.0,0.26865671641791045,0.06806282722513089,0.19529411764705884,0.17733788709670006,0.23061704669181812,SP/RJ
-20.8,-40.2,99,1.74,0.2698,3.0,0.3297,0.2007168458781362,0.38400000000000006,0.295741556534508,0.2934861341375481,0.25241750690265885,-20.8,-40.2,78,2.03,0.2385,2.36,0.20597014925373133,0.08691099476439788,0.25588235294117645,0.18292116565310187,0.2399488747967671,SP/RJ
-20.8,-40.0,82,1.72,0.2811,2.49,0.3843,0.13978494623655913,0.36800000000000005,0.328928046989721,0.2789043310754267,0.22731906365897375,-20.8,-40.0,48,2.48,0.2753,1.45,0.11641791044776119,0.13403141361256543,0.32803921568627453,0.19282951324886702,0.2565095739690745,SP/RJ
-20.8,-29.6,57,1.58,0.2471,1.73,0.4575,0.05017921146953405,0.2560000000000001,0.22907488986784136,0.17841803377912516,0.054360368584375436,-20.8,-29.6,11,4.82,0.2371,0.33,0.005970149253731343,0.37905759162303665,0.25313725490196076,0.21272166525957625,0.28975708998072136,SP/RJ
-20.8,-29.4,55,1.56,0.2556,1.67,0.4582,0.043010752688172046,0.24000000000000007,0.2540381791483113,0.17901631061216114,0.05539013267280777,-20.8,-29.4,10,5.4,0.2455,0.3,0.0029850746268656717,0.43979057591623033,0.26960784313725494,0.23746116456011698,0.3311064069712629,SP/RJ
-20.8,-29.2,51,1.59,0.2631,1.55,0.4603,0.02867383512544803,0.2640000000000001,0.27606461086637296,0.1895794819972737,0.07357163988101147,-20.8,-29.2,9,5.56,0.2689,0.27,0.0,0.45654450261780094,0.3154901960784313,0.2573448995654108,0.36433985489604975,SP/RJ
-20.8,-29.0,50,1.64,0.2661,1.52,0.46,0.025089605734767026,0.304,0.28487518355359764,0.2046549297627882,0.09951975264209958,-20.8,-29.0,12,4.67,0.2503,0.36,0.008955223880597015,0.36335078534031406,0.27901960784313734,0.2171085390213495,0.2970892607562668,SP/RJ
-20.8,-28.8,51,1.59,0.2475,1.55,0.4512,0.02867383512544803,0.2640000000000001,0.23024963289280467,0.17430782267275094,0.0472858045038282,-20.8,-28.8,10,5.5,0.2855,0.3,0.0029850746268656717,0.450261780104712,0.3480392156862745,0.2670953568059507,0.3806366579292863,SP/RJ
-20.8,-28.6,46,1.63,0.2594,1.39,0.4556,0.010752688172043012,0.296,0.2651982378854626,0.19065030868583518,0.07541476468198334,-20.8,-28.6,10,4.7,0.2879,0.3,0.0029850746268656717,0.36649214659685864,0.35274509803921567,0.24074077308764666,0.3365879072620446,SP/RJ
-20.6,-40.4,118,1.73,0.2554,3.58,0.2032,0.26881720430107525,0.37600000000000006,0.25345080763582967,0.29942267064563505,0.2626355728014729,-20.6,-40.4,109,1.75,0.1912,3.3,0.29850746268656714,0.05759162303664921,0.1631372549019608,0.1730787802083924,0.22349842401147216,SP/RJ
-20.6,-40.2,109,1.79,0.264,3.3,0.2837,0.23655913978494625,0.4240000000000001,0.27870778267254037,0.3130889741524956,0.2861582429031506,-20.6,-40.2,93,1.99,0.2252,2.82,0.2507462686567164,0.08272251308900523,0.22980392156862747,0.1877575677714497,0.24803238214086762,SP/RJ
-20.6,-40.0,88,1.74,0.2777,2.67,0.3593,0.16129032258064516,0.38400000000000006,0.31894273127753303,0.28807768461939276,0.24310839316072566,-20.6,-40.0,65,2.09,0.2462,1.97,0.16716417910447762,0.09319371727748689,0.2709803921568627,0.17711276284627572,0.23024077658707712,SP/RJ
-20.6,-29.8,55,1.56,0.2563,1.67,0.4632,0.043010752688172046,0.24000000000000007,0.25609397944199697,0.17970157737672302,0.05656962528588643,-20.6,-29.8,9,5.22,0.3045,0.27,0.0,0.4209424083769633,0.38529411764705884,0.268745508674674,0.383394702943596,SP/RJ
-20.6,-29.6,56,1.55,0.2565,1.7,0.4625,0.04659498207885305,0.23200000000000007,0.2566813509544787,0.17842544434444396,0.054373123773309565,-20.6,-29.6,10,5.1,0.253,0.3,0.0029850746268656717,0.40837696335078527,0.2843137254901961,0.231891921155949,0.32179803705969434,SP/RJ
-20.6,-29.4,53,1.6,0.254,1.61,0.4591,0.035842293906810034,0.27200000000000013,0.24933920704845813,0.18572716698508943,0.06694097086990242,-20.6,-29.4,11,4.64,0.2498,0.33,0.005970149253731343,0.36020942408376955,0.2780392156862745,0.21473959634125847,0.2931298369772509,SP/RJ
-20.6,-29.2,49,1.61,0.2636,1.49,0.461,0.021505376344086023,0.28000000000000014,0.2775330396475771,0.19301280533055443,0.07948113340869527,-20.6,-29.2,12,4.83,0.2652,0.36,0.008955223880597015,0.3801047120418848,0.30823529411764705,0.2324317433467096,0.32270028971295645,SP/RJ
-20.6,-29.0,46,1.67,0.2686,1.39,0.4615,0.010752688172043012,0.328,0.2922173274596182,0.21032333854388707,0.10927631261402661,-20.6,-29.0,12,5.0,0.2816,0.36,0.008955223880597015,0.39790575916230364,0.34039215686274515,0.2490843799685486,0.3505333166485368,SP/RJ
-20.6,-28.8,48,1.62,0.2561,1.45,0.4546,0.017921146953405017,0.28800000000000014,0.2555066079295154,0.1871425849609735,0.06937721195630822,-20.6,-28.8,13,4.85,0.3027,0.39,0.011940298507462687,0.38219895287958106,0.381764705882353,0.25863465242313227,0.3664955331135235,SP/RJ
-20.6,-28.6,46,1.63,0.2591,1.39,0.4566,0.010752688172043012,0.296,0.26431718061674003,0.19035662292959432,0.07490926784780667,-20.6,-28.6,14,5.0,0.3096,0.42,0.014925373134328358,0.39790575916230364,0.3952941176470588,0.2693750833145636,0.384446966816755,SP/RJ
-20.4,-40.2,114,1.78,0.2644,3.45,0.2267,0.25448028673835127,0.4160000000000001,0.2798825256975037,0.316787604145285,0.2925243866892066,-20.4,-40.2,103,1.9,0.2116,3.12,0.28059701492537314,0.07329842931937172,0.2031372549019608,0.1856775663822352,0.24455589154020632,SP/RJ
-20.4,-40.0,102,1.69,0.2695,3.09,0.3382,0.2114695340501792,0.34400000000000003,0.2948604992657856,0.28344334443865493,0.23513168935375103,-20.4,-40.0,79,2.09,0.2347,2.39,0.208955223880597,0.09319371727748689,0.24843137254901956,0.18352677123570116,0.24096107706092498,SP/RJ
-20.4,-39.8,80,1.73,0.2862,2.42,0.3918,0.13261648745519714,0.37600000000000006,0.34390602055800296,0.2841741693377334,0.23638959738970852,-20.4,-39.8,47,2.3,0.255,1.42,0.11343283582089553,0.11518324607329841,0.2882352941176471,0.17228379200394703,0.22216968979296536,SP/RJ
-20.4,-29.6,53,1.6,0.2686,1.61,0.4669,0.035842293906810034,0.27200000000000013,0.2922173274596182,0.20001987378880948,0.0915418167998304,-20.4,-29.6,12,4.5,0.2473,0.36,0.008955223880597015,0.34554973821989526,0.2731372549019607,0.20921407233415099,0.2838945391673336,SP/RJ
-20.4,-29.4,52,1.6,0.2669,1.58,0.4648,0.03225806451612903,0.27200000000000013,0.2872246696035243,0.19716091137321778,0.08662092288720077,-20.4,-29.4,13,4.85,0.2476,0.39,0.011940298507462687,0.38219895287958106,0.27372549019607845,0.22262158052770742,0.3063036954567873,SP/RJ
-20.4,-29.2,47,1.66,0.2689,1.42,0.464,0.014336917562724014,0.32,0.2930983847283406,0.2091451007636882,0.1072483100461751,-20.4,-29.2,14,5.5,0.2706,0.42,0.014925373134328358,0.450261780104712,0.31882352941176473,0.261336894216935,0.371012029230104,SP/RJ
-20.4,-29.0,46,1.63,0.2777,1.39,0.4682,0.010752688172043012,0.296,0.31894273127753303,0.20856513981652536,0.10625007156675603,-20.4,-29.0,12,6.33,0.3119,0.36,0.008955223880597015,0.5371727748691099,0.3998039215686275,0.31531064010611143,0.46122313256838837,SP/RJ
-20.4,-28.8,49,1.59,0.2651,1.49,0.4633,0.021505376344086023,0.2640000000000001,0.2819383259911894,0.18914790077842517,0.07282879507093112,-20.4,-28.8,12,6.58,0.3043,0.36,0.008955223880597015,0.5633507853403141,0.38490196078431377,0.319069323335075,0.4675053528515632,SP/RJ
-20.4,-28.6,46,1.59,0.2638,1.39,0.4591,0.010752688172043012,0.2640000000000001,0.27812041116005864,0.1842910331107006,0.06446907323261272,-20.4,-28.6,14,5.86,0.3261,0.42,0.014925373134328358,0.48795811518324606,0.42764705882352944,0.31017684904703463,0.4526425727403108,SP/RJ
-20.2,-40.0,105,1.81,0.2848,3.18,0.3262,0.2222222222222222,0.4400000000000001,0.33979441997063137,0.33400554739761784,0.3221601985055266,-20.2,-40.0,81,2.25,0.2544,2.45,0.21492537313432836,0.10994764397905758,0.2870588235294118,0.20397728021426595,0.27514182454089153,SP/RJ
-20.2,-39.8,88,1.78,0.2951,2.67,0.3802,0.16129032258064516,0.4160000000000001,0.370044052863436,0.3157781251480271,0.29078685456026265,-20.2,-39.8,60,2.27,0.256,1.82,0.15223880597014924,0.11204188481675392,0.2901960784313726,0.18482558973942523,0.24313190749573874,SP/RJ
-20.2,-29.6,51,1.63,0.2757,1.55,0.4675,0.02867383512544803,0.296,0.3130690161527166,0.21258095042605488,0.11316215193372281,-20.2,-29.6,13,5.31,0.2544,0.39,0.011940298507462687,0.4303664921465968,0.2870588235294118,0.2431218713944904,0.34056764781698673,SP/RJ
-20.2,-29.4,52,1.56,0.2656,1.58,0.4628,0.03225806451612903,0.24000000000000007,0.2834067547723935,0.18522160642950755,0.06607079158847468,-20.2,-29.4,14,4.79,0.2731,0.42,0.014925373134328358,0.3759162303664921,0.3237254901960785,0.23818903123229962,0.3323229550262299,SP/RJ
-20.2,-29.2,47,1.66,0.2715,1.42,0.4654,0.014336917562724014,0.32,0.3007342143906021,0.2116903773177754,0.11162928260903912,-20.2,-29.2,13,5.31,0.258,0.39,0.011940298507462687,0.4303664921465968,0.2941176470588236,0.24547481257096102,0.34450032686533977,SP/RJ
-20.2,-29.0,48,1.69,0.2752,1.45,0.4653,0.017921146953405017,0.34400000000000003,0.31160058737151247,0.22450724477497253,0.13368988917914995,-20.2,-29.0,9,7.67,0.3123,0.27,0.0,0.6774869109947643,0.4005882352941177,0.359358382096294,0.5348440261905094,SP/RJ
-20.2,-28.8,46,1.63,0.2823,1.39,0.4688,0.010752688172043012,0.296,0.3324522760646108,0.2130683214122179,0.11400102302413048,-20.2,-28.8,13,6.23,0.3063,0.39,0.011940298507462687,0.5267015706806283,0.38882352941176473,0.3091551328666186,0.4509348879684745,SP/RJ
-20.2,-28.6,46,1.63,0.2791,1.39,0.4642,0.010752688172043012,0.296,0.32305433186490456,0.2099356733456492,0.10860905679291351,-20.2,-28.6,14,6.21,0.3045,0.42,0.014925373134328358,0.5246073298429319,0.38529411764705884,0.308275606874773,0.44946485825621396,SP/RJ
-20.0,-40.0,112,1.9,0.2983,3.39,0.3165,0.24731182795698925,0.512,0.3794419970631424,0.37958460834004387,0.4006116402984539,-20.0,-40.0,101,2.13,0.2519,3.06,0.2746268656716418,0.09738219895287957,0.2821568627450981,0.21805530912320648,0.29867168150711826,ES/BA-S
-20.0,-39.8,100,1.79,0.309,3.03,0.3702,0.20430107526881722,0.4240000000000001,0.4108663729809104,0.3463891494165759,0.34347506135898126,-20.0,-39.8,80,2.21,0.2775,2.42,0.21194029850746268,0.10575916230366492,0.3323529411764707,0.21668413399586609,0.2963799150367797,ES/BA-S
-20.0,-39.6,73,1.96,0.3081,2.21,0.4018,0.10752688172043011,0.56,0.408223201174743,0.3585833609650577,0.36446394216797334,-20.0,-39.6,49,2.8,0.2837,1.49,0.11940298507462686,0.1675392670157068,0.34450980392156866,0.21048401867063413,0.28601711299109206,ES/BA-S
-19.8,-40.0,125,1.89,0.2867,3.79,0.2522,0.2939068100358423,0.504,0.3453744493392071,0.3810937531250165,0.40320920553580997,-19.8,-40.0,130,2.02,0.2322,3.94,0.3611940298507463,0.08586387434554973,0.24352941176470586,0.2301957719870006,0.3189631126823624,ES/BA-S
-19.8,-39.8,118,1.82,0.2916,3.58,0.3217,0.26881720430107525,0.4480000000000001,0.3597650513950074,0.3588607518986943,0.36494139208102805,-19.8,-39.8,102,2.13,0.2617,3.09,0.27761194029850744,0.09738219895287957,0.30137254901960786,0.2254555627569983,0.3110403810348155,ES/BA-S
-19.8,-39.6,97,1.79,0.3103,2.94,0.3812,0.1935483870967742,0.4240000000000001,0.41468428781204114,0.3440775583029385,0.3394963120835269,-19.8,-39.6,75,2.29,0.293,2.27,0.19701492537313434,0.11413612565445026,0.3627450980392157,0.22463204968893344,0.3096639706845655,ES/BA-S
-19.8,-39.4,77,1.92,0.3159,2.33,0.4104,0.12186379928315412,0.528,0.43113069016152716,0.36033149648156043,0.36747286224845277,-19.8,-39.4,56,2.61,0.2855,1.7,0.14029850746268657,0.1476439790575916,0.3480392156862745,0.21199390073551758,0.2885407126549638,ES/BA-S
-19.6,-39.6,108,1.86,0.3063,3.27,0.3441,0.23297491039426524,0.48000000000000015,0.40293685756240827,0.3719705893188912,0.38750626345002065,-19.6,-39.6,96,2.16,0.2624,2.91,0.25970149253731345,0.1005235602094241,0.30274509803921573,0.22099005026198446,0.30357677437736325,ES/BA-S
-19.6,-39.4,90,1.87,0.3157,2.73,0.3828,0.16845878136200718,0.48800000000000016,0.43054331864904544,0.3623340333370176,0.37091966216722544,-19.6,-39.4,74,2.3,0.2938,2.24,0.19402985074626866,0.11518324607329841,0.36431372549019614,0.2245089407699211,0.3094582078413178,ES/BA-S
-19.4,-39.6,106,1.8,0.2782,3.21,0.2736,0.22580645161290322,0.4320000000000001,0.32041116005873715,0.32607253722388013,0.3085057687516134,-19.4,-39.6,101,2.1,0.225,3.06,0.2746268656716418,0.09424083769633508,0.22941176470588237,0.19942648935795307,0.2675356846029168,ES/BA-S
-19.4,-39.4,89,1.84,0.3217,2.7,0.3683,0.16487455197132617,0.46400000000000013,0.4481644640234948,0.359013005331607,0.36520345323549136,-19.4,-39.4,81,2.21,0.2771,2.45,0.21492537313432836,0.10575916230366492,0.3315686274509804,0.2174177209629912,0.2976060239274767,ES/BA-S
-19.2,-39.6,94,1.77,0.2989,2.85,0.3017,0.1827956989247312,0.4080000000000001,0.3812041116005873,0.32399993684177286,0.30493837431928233,-19.2,-39.6,87,1.98,0.2291,2.64,0.23283582089552238,0.08167539267015707,0.23745098039215687,0.18398739798594543,0.24173096335808852,ES/BA-S
-19.2,-39.4,92,1.68,0.3292,2.79,0.389,0.17562724014336917,0.336,0.4701908957415565,0.3272727119616419,0.31057152957761625,-19.2,-39.4,82,2.18,0.2836,2.49,0.21791044776119403,0.10261780104712043,0.3443137254901961,0.22161399143283686,0.3046196225346201,ES/BA-S
-19.0,-39.6,90,1.7,0.2967,2.73,0.3058,0.16845878136200718,0.35200000000000004,0.3747430249632893,0.29840060210843217,0.2608763713458739,-19.0,-39.6,77,2.03,0.2362,2.33,0.20298507462686566,0.08691099476439788,0.2513725490196078,0.1804228728036238,0.23577325661980525,ES/BA-S
-19.0,-39.4,93,1.71,0.3317,2.82,0.4058,0.17921146953405018,0.36000000000000004,0.47753303964757704,0.3389148363938757,0.3306101488110206,-19.0,-39.4,81,2.17,0.2864,2.45,0.21492537313432836,0.10157068062827224,0.34980392156862744,0.22209999177707598,0.30543191796741476,ES/BA-S
-18.8,-39.6,94,1.69,0.2867,2.85,0.2773,0.1827956989247312,0.34400000000000003,0.3453744493392071,0.2907233827546461,0.24766221302817895,-18.8,-39.6,81,1.99,0.2242,2.45,0.21492537313432836,0.08272251308900523,0.227843137254902,0.1751636744927452,0.22698309254126683,ES/BA-S
-18.8,-39.4,89,1.73,0.3328,2.7,0.3996,0.16487455197132617,0.37600000000000006,0.48076358296622607,0.3405460449791841,0.33341781230246664,-18.8,-39.4,82,2.2,0.2732,2.49,0.21791044776119403,0.10471204188481677,0.32392156862745103,0.21551468609115396,0.29442531314575393,ES/BA-S
-18.6,-39.6,98,1.66,0.2947,2.97,0.3005,0.1971326164874552,0.32,0.3688693098384729,0.29533397544197604,0.255598042252433,-18.6,-39.6,87,2.02,0.2379,2.64,0.23283582089552238,0.08586387434554973,0.2547058823529412,0.1911351925313378,0.25367770564459197,ES/BA-S
-18.6,-39.4,92,1.73,0.3404,2.79,0.4016,0.17562724014336917,0.37600000000000006,0.5030837004405285,0.35157031352796597,0.35239296765849376,-18.6,-39.4,89,2.28,0.2793,2.7,0.23880597014925373,0.11308900523560207,0.33588235294117647,0.22925910944201075,0.31739758558678743,ES/BA-S
-18.4,-39.6,98,1.67,0.321,2.97,0.3456,0.1971326164874552,0.328,0.4461086637298091,0.32374709340575475,0.3045031759695718,-18.4,-39.6,97,1.97,0.2465,2.94,0.2626865671641791,0.08062827225130889,0.2715686274509804,0.20496115562215614,0.27678626267708134,ES/BA-S
-18.4,-39.4,98,1.74,0.3673,2.97,0.4242,0.1971326164874552,0.38400000000000006,0.5820851688693098,0.3877392617855884,0.4146475661577588,-18.4,-39.4,96,2.2,0.3022,2.91,0.25970149253731345,0.10471204188481677,0.38078431372549026,0.2483992827158735,0.349388252913573,ES/BA-S
-18.2,-39.4,104,1.77,0.3586,3.15,0.3968,0.21863799283154123,0.4080000000000001,0.5565345080763582,0.3943908336359665,0.42609636284338087,-18.2,-39.4,107,2.21,0.288,3.24,0.29253731343283584,0.10575916230366492,0.3529411764705882,0.2504125507356963,0.35275320612169037,ES/BA-S
-18.2,-39.2,97,1.84,0.3742,2.94,0.438,0.1935483870967742,0.46400000000000013,0.6023494860499264,0.41996595771556694,0.47011669403476053,-18.2,-39.2,104,2.3,0.3024,3.15,0.2835820895522388,0.11518324607329841,0.38117647058823534,0.2599806020712575,0.36874513800558456,ES/BA-S
-18.2,-39.0,91,1.81,0.3731,2.76,0.4559,0.17204301075268819,0.4400000000000001,0.5991189427312774,0.4037206511613219,0.44215500076603603,-18.2,-39.0,101,2.32,0.3025,3.06,0.2746268656716418,0.11727748691099474,0.3813725490196079,0.25775896720074815,0.36503192281953895,ES/BA-S
-18.0,-39.4,108,1.86,0.3645,3.27,0.3471,0.23297491039426524,0.48000000000000015,0.5738619676945668,0.4289456260296107,0.4855726492802812,-18.0,-39.4,125,2.38,0.2742,3.79,0.34626865671641793,0.12356020942408376,0.3258823529411765,0.26523707302722604,0.37753074361423034,ES/BA-S
-18.0,-39.2,106,1.88,0.3876,3.21,0.4182,0.22580645161290322,0.496,0.6417033773861968,0.4545032763330334,0.5295629043159357,-18.0,-39.2,122,2.36,0.3051,3.7,0.3373134328358209,0.12146596858638742,0.3864705882352941,0.2817499965525008,0.40513025567356425,ES/BA-S
-18.0,-39.0,103,1.84,0.3791,3.12,0.4338,0.21505376344086022,0.46400000000000013,0.6167400881057268,0.4319312838488624,0.49071161344008474,-18.0,-39.0,117,2.38,0.3068,3.55,0.32238805970149254,0.12356020942408376,0.38980392156862753,0.2785840635647346,0.39983875138353614,ES/BA-S
-18.0,-38.8,99,1.83,0.3411,3.0,0.4072,0.2007168458781362,0.4560000000000001,0.5051395007342144,0.38728544887078353,0.4138664557808763,-18.0,-38.8,106,2.34,0.2747,3.21,0.28955223880597014,0.11937172774869108,0.32686274509803925,0.24526223721756682,0.3441450308439817,ES/BA-S
-17.8,-39.0,104,1.91,0.3547,3.15,0.3797,0.21863799283154123,0.52,0.5450807635829662,0.42790625213816913,0.4837836615596145,-17.8,-39.0,117,2.36,0.2824,3.55,0.32238805970149254,0.12146596858638742,0.3419607843137255,0.26193827086720184,0.3720171633049901,ES/BA-S
-17.8,-38.8,87,1.83,0.3314,2.64,0.3702,0.15770609318996415,0.4560000000000001,0.47665198237885453,0.363452691856273,0.3728451159149537,-17.8,-38.8,93,2.31,0.2547,2.82,0.2507462686567164,0.1162303664921466,0.2876470588235294,0.21820789799079746,0.2989267168002177,ES/BA-S
-17.6,-39.0,92,1.75,0.2998,2.79,0.2622,0.17562724014336917,0.39200000000000007,0.3838472834067548,0.317158174516708,0.29316221860857417,-17.6,-39.0,97,2.24,0.2148,2.94,0.2626865671641791,0.10890052356020945,0.20941176470588233,0.19366628514342363,0.2579081449707132,ES/BA-S
-17.6,-38.8,72,1.81,0.323,2.18,0.3582,0.1039426523297491,0.4400000000000001,0.45198237885462555,0.3319750103947916,0.3186652042649294,-17.6,-38.8,74,2.2,0.2296,2.24,0.19402985074626866,0.10471204188481677,0.2384313725490196,0.179057755060035,0.23349161439158797,ES/BA-S
-17.4,-39.0,74,1.54,0.2607,2.24,0.2766,0.1111111111111111,0.22400000000000006,0.2690161527165932,0.20137575460923476,0.09387558153877719,-17.4,-39.0,67,1.94,0.1944,2.03,0.17313432835820897,0.07748691099476439,0.16941176470588235,0.14001100135295189,0.16822931555231865,ES/BA-S
-17.4,-38.8,66,1.8,0.3247,2.0,0.371,0.08243727598566308,0.4320000000000001,0.4569750367107195,0.3238041042321276,0.30460130395716695,-17.4,-38.8,62,2.11,0.2332,1.88,0.1582089552238806,0.09528795811518323,0.24549019607843134,0.1663290364724984,0.21221697930841368,ES/BA-S
-17.2,-39.0,76,1.64,0.2719,2.3,0.3036,0.11827956989247312,0.304,0.3019089574155652,0.24139617576934613,0.16275939959586333,-17.2,-39.0,66,2.15,0.2033,2.0,0.1701492537313433,0.09947643979057591,0.18686274509803924,0.15216281287331948,0.18853971474273445,ES/BA-S
-17.2,-38.8,69,1.8,0.3188,2.09,0.3619,0.0931899641577061,0.4320000000000001,0.4396475770925109,0.3216125137500724,0.30082910177524685,-17.2,-38.8,57,2.37,0.2335,1.73,0.14328358208955225,0.12251308900523561,0.246078431372549,0.17062503415577898,0.21939726084275818,ES/BA-S
-17.0,-39.0,76,1.74,0.282,2.3,0.2863,0.11827956989247312,0.38400000000000006,0.3315712187958883,0.2779502628961205,0.22567690555637768,-17.0,-39.0,73,2.38,0.2015,2.21,0.191044776119403,0.12356020942408376,0.18333333333333335,0.1659794396256067,0.21163266712547868,ES/BA-S
-17.0,-38.8,69,1.84,0.3113,2.09,0.3483,0.0931899641577061,0.46400000000000013,0.4176211453744494,0.32493703651071854,0.30655132593812606,-17.0,-38.8,55,2.47,0.2241,1.67,0.1373134328358209,0.1329842931937173,0.2276470588235294,0.16598159495102252,0.21163626951179837,ES/BA-S
-16.8,-39.0,76,1.8,0.2729,2.3,0.278,0.11827956989247312,0.4320000000000001,0.3048458149779735,0.28504179495681553,0.23788296911229526,-16.8,-39.0,72,2.42,0.1918,2.18,0.1880597014925373,0.12774869109947642,0.16431372549019607,0.16004070602740328,0.2017067355174317,ES/BA-S
-16.8,-38.8,70,1.81,0.3176,2.12,0.3548,0.0967741935483871,0.4400000000000001,0.4361233480176211,0.32429918052200274,0.30545343754515947,-16.8,-38.8,57,2.53,0.2181,1.73,0.14328358208955225,0.13926701570680625,0.21588235294117644,0.16614431691251164,0.2119082411424768,ES/BA-S
-16.6,-39.0,82,1.8,0.2506,2.49,0.2199,0.13978494623655913,0.4320000000000001,0.23935389133627014,0.27037961252427645,0.21264617555227425,-16.6,-39.0,75,2.56,0.1752,2.27,0.19701492537313434,0.1424083769633508,0.13176470588235292,0.15706266940627933,0.19672927907175483,ES/BA-S
-16.6,-38.8,72,1.86,0.3252,2.18,0.3714,0.1039426523297491,0.48000000000000015,0.45844346549192355,0.34746203927389097,0.3453217373205088,-16.6,-38.8,54,2.72,0.2391,1.64,0.13432835820895522,0.15916230366492148,0.25705882352941173,0.18351649513442947,0.24094390170245275,ES/BA-S
-16.4,-38.8,77,1.84,0.3115,2.33,0.3505,0.12186379928315412,0.46400000000000013,0.41820851688693095,0.334690772056695,0.3233396186459409,-16.4,-38.8,64,2.8,0.2394,1.94,0.16417910447761194,0.1675392670157068,0.25764705882352945,0.1964551434389494,0.26256941092046004,ES/BA-S
-16.4,-38.6,67,1.88,0.3265,2.03,0.3866,0.08602150537634409,0.496,0.46226138032305436,0.3480942952331328,0.34640998684911023,-16.4,-38.6,50,2.88,0.2299,1.52,0.12238805970149254,0.17591623036649212,0.23901960784313725,0.17910796597037396,0.2335755363345007,ES/BA-S
-16.2,-38.8,80,1.88,0.2921,2.42,0.2939,0.13261648745519714,0.496,0.3612334801762115,0.32994998921046953,0.3151797039433681,-16.2,-38.8,71,2.79,0.2096,2.15,0.18507462686567164,0.16649214659685863,0.1992156862745098,0.18359415324568004,0.24107369858394892,ES/BA-S
-16.2,-38.6,73,1.9,0.3314,2.21,0.3802,0.10752688172043011,0.512,0.47665198237885453,0.3653929546997616,0.37618472876308146,-16.2,-38.6,60,2.8,0.228,1.82,0.15223880597014924,0.1675392670157068,0.23529411764705885,0.18502406354430498,0.24346363434973017,ES/BA-S
-16.0,-38.8,83,1.9,0.2723,2.52,0.2703,0.14336917562724014,0.512,0.30308370044052857,0.3194842920225896,0.297165970953246,-16.0,-38.8,68,2.75,0.206,2.06,0.1761194029850746,0.16230366492146597,0.19215686274509802,0.17685997688387953,0.22981827301241298,ES/BA-S
-16.0,-38.6,71,1.85,0.3267,2.15,0.3804,0.1003584229390681,0.47200000000000014,0.4628487518355359,0.3450690582582014,0.34120289838477275,-16.0,-38.6,55,2.82,0.2265,1.67,0.1373134328358209,0.16963350785340311,0.2323529411764706,0.17976662728856488,0.23467641535005496,ES/BA-S
-15.8,-38.8,73,1.81,0.2615,2.21,0.2456,0.10752688172043011,0.4400000000000001,0.2713656387665198,0.27296417349565,0.21709476511102158,-15.8,-38.8,62,2.44,0.1635,1.88,0.1582089552238806,0.12984293193717275,0.10882352941176472,0.1322918055242727,0.15532753967744695,ES/BA-S
-15.8,-38.6,61,1.97,0.3255,1.85,0.3889,0.06451612903225806,0.5680000000000001,0.4593245227606461,0.3639468839309681,0.3736957275769939,-15.8,-38.6,39,3.08,0.2307,1.18,0.08955223880597014,0.1968586387434555,0.24058823529411763,0.17566637094784776,0.2278232936633487,ES/BA-S
-15.8,-38.4,53,1.94,0.3148,1.61,0.402,0.035842293906810034,0.544,0.42790014684287814,0.33591414691656274,0.3254453119100272,-15.8,-38.4,28,3.32,0.2167,0.85,0.056716417910447764,0.22198952879581152,0.21313725490196078,0.16394773386940667,0.2082368972950526,ES/BA-S
-15.6,-38.8,67,1.75,0.2717,2.03,0.2895,0.08602150537634409,0.39200000000000007,0.30132158590308367,0.25978103042647593,0.1944037188333118,-15.6,-38.8,50,2.52,0.1545,1.52,0.12238805970149254,0.1382198952879581,0.09117647058823529,0.11726147519256198,0.13020601697367604,ES/BA-S
-15.6,-38.6,57,1.89,0.3216,1.73,0.3894,0.05017921146953405,0.504,0.447870778267254,0.33401666324559603,0.32217933128892773,-15.6,-38.6,32,3.09,0.2161,0.97,0.06865671641791045,0.19790575916230363,0.21196078431372548,0.15950775329797984,0.2008159644035061,ES/BA-S
-15.4,-38.8,62,1.84,0.2856,1.88,0.3246,0.06810035842293907,0.46400000000000013,0.34214390602055805,0.29141475481449913,0.24885221417759557,-15.4,-38.8,47,2.72,0.1692,1.42,0.11343283582089553,0.15916230366492148,0.11999999999999998,0.13086504649527234,0.15294287090777772,ES/BA-S
-15.4,-38.6,54,1.89,0.3248,1.64,0.3955,0.03942652329749104,0.504,0.45726872246696026,0.33356508192148376,0.32140206196325827,-15.4,-38.6,27,3.22,0.2124,0.82,0.05373134328358209,0.2115183246073299,0.20470588235294118,0.15665185008128438,0.1960426403371267,ES/BA-S
-15.2,-38.8,60,1.83,0.2922,1.82,0.3279,0.06093189964157706,0.4560000000000001,0.3615271659324523,0.2928196885246765,0.2512704095705661,-15.2,-38.8,41,2.68,0.1695,1.24,0.0955223880597015,0.1549738219895288,0.12058823529411768,0.12369481511444931,0.1409586279504152,ES/BA-S
-15.2,-38.6,53,1.91,0.3311,1.61,0.4028,0.035842293906810034,0.52,0.47577092511013214,0.3438710730056474,0.33914090613731857,-15.2,-38.6,26,2.73,0.2088,0.79,0.050746268656716415,0.16020942408376962,0.19764705882352943,0.13620091718800517,0.161861184330941,ES/BA-S
-15.0,-38.8,61,1.77,0.2863,1.85,0.3475,0.06451612903225806,0.4080000000000001,0.34419970631424374,0.2722386117821673,0.21584591615811388,-15.0,-38.8,33,2.76,0.1728,1.0,0.07164179104477612,0.1633507853403141,0.12705882352941178,0.12068379997150068,0.13592605157946244,BA-N
-15.0,-38.6,53,1.85,0.3229,1.61,0.4056,0.035842293906810034,0.47200000000000014,0.4516886930983848,0.31984366233506495,0.2977845251438836,-15.0,-38.6,22,2.82,0.2085,0.67,0.03880597014925373,0.16963350785340311,0.19705882352941176,0.13516610051068953,0.16013160353799066,BA-N
-14.8,-38.8,60,1.83,0.2915,1.82,0.3598,0.06093189964157706,0.4560000000000001,0.3594713656387664,0.2921344217601145,0.2500909169574873,-14.8,-38.8,31,2.68,0.1813,0.94,0.06567164179104477,0.1549738219895288,0.14372549019607841,0.12145698465888399,0.13721834364820884,BA-N
-14.8,-38.6,53,1.94,0.3199,1.61,0.4105,0.035842293906810034,0.544,0.4428781204111601,0.3409068047726567,0.33403875809102945,-14.8,-38.6,22,3.0,0.2251,0.67,0.03880597014925373,0.18848167539267013,0.22960784313725488,0.1522984962263929,0.18876649435166737,BA-N
-14.6,-38.8,58,1.86,0.3121,1.76,0.3762,0.053763440860215055,0.48000000000000015,0.41997063142437585,0.31791135742819704,0.29445860962932696,-14.6,-38.8,29,2.55,0.201,0.88,0.05970149253731343,0.1413612565445026,0.1823529411764706,0.12780523008609554,0.1478287286570028,BA-N
-14.6,-38.6,53,1.89,0.326,1.61,0.4189,0.035842293906810034,0.504,0.46079295154185024,0.33354508181622006,0.3213676374476692,-14.6,-38.6,20,3.0,0.2423,0.61,0.03283582089552239,0.18848167539267013,0.26333333333333325,0.1615502765405086,0.20422981445721455,BA-N
-14.4,-38.8,58,1.88,0.3258,1.76,0.3879,0.053763440860215055,0.496,0.46020558002936846,0.33665634029652786,0.32672278756537204,-14.4,-38.8,29,2.93,0.2168,0.88,0.05970149253731343,0.181151832460733,0.21333333333333332,0.15139555277712657,0.18725732496813702,BA-N
-14.4,-38.6,50,1.92,0.3345,1.52,0.4269,0.025089605734767026,0.528,0.48575624082232016,0.34628194885236246,0.3432905459554239,-14.4,-38.6,20,2.9,0.2517,0.61,0.03283582089552239,0.17801047120418848,0.2817647058823529,0.16420366599402125,0.2086646593293683,BA-N
-14.2,-38.8,60,1.83,0.3207,1.82,0.3698,0.06093189964157706,0.4560000000000001,0.44522760646108656,0.3207198353675546,0.29929260881734326,-14.2,-38.8,30,2.93,0.2182,0.91,0.0626865671641791,0.181151832460733,0.21607843137254903,0.15330561033248705,0.19044977338301067,BA-N
-14.2,-38.6,48,1.92,0.3447,1.45,0.4314,0.017921146953405017,0.528,0.515712187958884,0.35387777830409634,0.3563646146128372,-14.2,-38.6,22,3.09,0.259,0.67,0.03880597014925373,0.19790575916230363,0.2960784313725491,0.1775967202280355,0.23104965743568265,BA-N
-14.0,-38.8,65,1.83,0.3058,1.97,0.3527,0.07885304659498207,0.4560000000000001,0.40146842878120415,0.3121071584587288,0.28446832531471616,-14.0,-38.8,34,2.82,0.2169,1.03,0.07462686567164178,0.16963350785340311,0.2135294117647059,0.1525965950965836,0.18926473340365044,BA-N
-14.0,-38.6,55,1.87,0.3416,1.67,0.4277,0.043010752688172046,0.48800000000000016,0.5066079295154186,0.34587289406786353,0.34258647402079645,-14.0,-38.6,21,2.95,0.2616,0.64,0.03582089552238806,0.18324607329842932,0.3011764705882353,0.17341447980301758,0.22405950848545944,BA-N
-13.8,-38.8,63,1.92,0.3095,1.91,0.3422,0.07168458781362007,0.528,0.4123348017621145,0.3373397965252449,0.32789916385388174,-13.8,-38.8,37,3.16,0.2061,1.12,0.08358208955223881,0.20523560209424085,0.1923529411764706,0.1603902109409834,0.20229089404407824,BA-N
-13.8,-38.6,59,1.83,0.3461,1.79,0.4315,0.05734767025089606,0.4560000000000001,0.5198237885462555,0.3443904862657172,0.3400349289253333,-13.8,-38.6,25,3.16,0.2718,0.76,0.04776119402985075,0.20523560209424085,0.3211764705882353,0.19139108890410897,0.25410540792368436,BA-N
-13.6,-38.8,64,1.94,0.2962,1.94,0.3327,0.07526881720430108,0.544,0.3732745961820852,0.3308478044621288,0.3167250385663284,-13.6,-38.8,42,3.17,0.191,1.27,0.09850746268656717,0.206282722513089,0.1627450980392157,0.15584509441295727,0.19469423811368944,BA-N
-13.6,-38.6,60,1.85,0.3527,1.82,0.4291,0.06093189964157706,0.47200000000000014,0.5392070484581498,0.3573796493665757,0.36239209363816116,-13.6,-38.6,30,3.0,0.2391,0.91,0.0626865671641791,0.18848167539267013,0.25705882352941173,0.16940902202875363,0.21736483204159748,BA-N
-13.4,-38.8,66,1.89,0.3004,2.0,0.3305,0.08243727598566308,0.504,0.3856093979441997,0.3240155579766209,0.304965261677774,-13.4,-38.8,44,2.93,0.2072,1.33,0.1044776119402985,0.181151832460733,0.1945098039215686,0.16004641610753337,0.20171627928024083,BA-N
-13.4,-38.6,64,1.89,0.3538,1.94,0.4277,0.07526881720430108,0.504,0.5424375917767988,0.37390213632703334,0.3908308744566181,-13.4,-38.6,38,3.24,0.2424,1.15,0.08656716417910448,0.21361256544502616,0.2635294117647059,0.18790304712961217,0.2482755346809883,BA-N
-13.4,-38.4,57,1.84,0.3595,1.73,0.4464,0.05017921146953405,0.46400000000000013,0.5591776798825256,0.35778563045068656,0.3630908750682873,-13.4,-38.4,27,3.37,0.2704,0.82,0.05373134328358209,0.22722513089005233,0.3184313725490196,0.19979594890755137,0.2681531950806325,BA-N
-13.2,-38.6,67,1.97,0.3532,2.03,0.4133,0.08602150537634409,0.5680000000000001,0.5406754772393539,0.398232327538566,0.43270840637973973,-13.2,-38.6,45,3.56,0.2674,1.36,0.10746268656716418,0.24712041884816754,0.3125490196078432,0.222377375007725,0.3058955331357183,BA-N
-13.2,-38.4,62,1.92,0.3614,1.88,0.4418,0.06810035842293907,0.528,0.5647577092511012,0.3869526892246801,0.4132937043141382,-13.2,-38.4,37,3.51,0.252,1.12,0.08358208955223881,0.24188481675392665,0.28235294117647064,0.20260661582754538,0.2728509117166002,BA-N
-13.2,-38.2,55,1.91,0.3468,1.67,0.4465,0.043010752688172046,0.52,0.5218795888399412,0.36163011384270444,0.3697080641638183,-13.2,-38.2,27,3.44,0.2535,0.82,0.05373134328358209,0.23455497382198953,0.28529411764705886,0.19119347825087685,0.253775123731513,BA-N
-13.2,-38.0,49,2.0,0.3408,1.49,0.4479,0.021505376344086023,0.5920000000000001,0.5042584434654919,0.372587939936526,0.3885688576554252,-13.2,-38.0,23,2.87,0.2457,0.7,0.041791044776119404,0.17486910994764399,0.26999999999999996,0.16222005157458777,0.2053492688107586,BA-N
-13.0,-38.4,66,2.12,0.3593,2.0,0.4108,0.08243727598566308,0.6880000000000002,0.5585903083700441,0.44300919478523576,0.5097790989705548,-13.0,-38.4,55,3.69,0.2782,1.67,0.1373134328358209,0.2607329842931937,0.33372549019607844,0.24392396910836434,0.34190826478847236,BA-N
-13.0,-38.2,63,1.98,0.3428,1.91,0.4332,0.07168458781362007,0.5760000000000001,0.5101321585903084,0.38593891546797615,0.4115487799734257,-13.0,-38.2,37,3.68,0.2371,1.12,0.08358208955223881,0.25968586387434556,0.25313725490196076,0.19880173610951504,0.2664914791484447,BA-N
-13.0,-38.0,56,1.93,0.3396,1.7,0.4457,0.04659498207885305,0.536,0.5007342143906021,0.36110973215648506,0.36881237450452253,-13.0,-38.0,31,3.19,0.2157,0.94,0.06567164179104477,0.20837696335078532,0.2111764705882353,0.1617416919100218,0.2045497439228319,BA-N
-13.0,-37.8,48,2.0,0.3261,1.45,0.4456,0.017921146953405017,0.5920000000000001,0.461086637298091,0.35700259475049867,0.3617431009284762,-13.0,-37.8,23,2.43,0.2213,0.7,0.041791044776119404,0.12879581151832462,0.22215686274509802,0.13091457301318069,0.15302564896498705,BA-N
-12.8,-38.0,61,2.0,0.3301,1.85,0.4277,0.06451612903225806,0.5920000000000001,0.4728340675477239,0.37645006552666066,0.395216412797339,-12.8,-38.0,35,3.74,0.2181,1.06,0.07761194029850746,0.26596858638743454,0.21588235294117644,0.1864876265423728,0.24590981685356972,BA-N
-12.8,-37.8,53,1.92,0.3296,1.61,0.443,0.035842293906810034,0.528,0.4713656387665198,0.34506931089111,0.34120333322075913,-12.8,-37.8,27,3.3,0.1983,0.82,0.05373134328358209,0.21989528795811514,0.17705882352941177,0.150228484923703,0.18530670106769181,BA-N
-12.6,-37.8,60,1.95,0.3154,1.82,0.4233,0.06093189964157706,0.552,0.42966226138032304,0.3475313870073,0.3454410997987723,-12.6,-37.8,32,3.5,0.2105,0.97,0.06865671641791045,0.2408376963350785,0.20098039215686272,0.17015826830328387,0.21861711372010567,BA-N
-12.6,-37.6,54,1.87,0.3206,1.64,0.4432,0.03942652329749104,0.48800000000000016,0.4449339207048458,0.324120148000779,0.3051452837761389,-12.6,-37.6,23,3.57,0.2154,0.7,0.041791044776119404,0.2481675392670157,0.21058823529411766,0.16684893977908424,0.21308593976583004,BA-N
-12.4,-37.8,63,1.94,0.2746,1.91,0.3407,0.07168458781362007,0.544,0.30983847283406757,0.3085076868825625,0.2782728546533175,-12.4,-37.8,38,3.53,0.1986,1.15,0.08656716417910448,0.24397905759162303,0.1776470588235294,0.16939776019808564,0.217346009146254,BA-N
-12.4,-37.6,58,1.91,0.3094,1.76,0.4274,0.053763440860215055,0.52,0.41204111600587373,0.3286015189553629,0.3128586943933551,-12.4,-37.6,28,3.75,0.2128,0.85,0.056716417910447764,0.26701570680628267,0.20549019607843136,0.17640744026505392,0.2290619084686391,BA-N
-12.4,-37.4,52,1.87,0.315,1.58,0.4477,0.03225806451612903,0.48800000000000016,0.42848751835535975,0.31624852762382966,0.2915965191669181,-12.4,-37.4,24,3.17,0.1997,0.73,0.04477611940298507,0.206282722513089,0.17980392156862743,0.1436209211615672,0.1742628943512884,BA-N
-12.2,-37.6,61,1.97,0.2971,1.85,0.3882,0.06451612903225806,0.5680000000000001,0.3759177679882525,0.33614463234017017,0.32584202727494216,-12.2,-37.6,37,3.73,0.2169,1.12,0.08358208955223881,0.2649214659685864,0.2135294117647059,0.18734432242851037,0.24734168858751468,BA-N
-12.2,-37.4,54,1.89,0.3148,1.64,0.4409,0.03942652329749104,0.504,0.42790014684287814,0.3237755567134564,0.304552167490705,-12.2,-37.4,24,3.75,0.2225,0.73,0.04477611940298507,0.26701570680628267,0.22450980392156863,0.17876721004361215,0.23300600076464492,BA-N
-12.0,-37.4,59,1.86,0.3158,1.79,0.4277,0.05734767025089606,0.48000000000000015,0.4308370044052864,0.3227282248853942,0.30274948243646727,-12.0,-37.4,29,3.62,0.208,0.88,0.05970149253731343,0.2534031413612565,0.196078431372549,0.1697276884237063,0.21789744741990644,BA-N
-12.0,-37.2,51,1.82,0.3161,1.55,0.4484,0.02867383512544803,0.4480000000000001,0.4317180616740088,0.30279729893315227,0.2684440394349856,-12.0,-37.2,23,2.83,0.2153,0.7,0.041791044776119404,0.1706806282722513,0.21039215686274507,0.14095460997037193,0.16980645223413726,BA-N
-11.8,-37.4,58,1.95,0.3029,1.76,0.4,0.053763440860215055,0.552,0.39295154185022024,0.3329049942368118,0.3202659080034897,-11.8,-37.4,32,3.44,0.1886,0.97,0.06865671641791045,0.23455497382198953,0.1580392156862745,0.1537503019753915,0.19119302592349757,BA-N
-11.8,-37.2,55,1.82,0.3093,1.67,0.4371,0.043010752688172046,0.4480000000000001,0.4117474302496329,0.3009193943126017,0.26521175860283136,-11.8,-37.2,24,3.42,0.2153,0.73,0.04477611940298507,0.23246073298429315,0.21039215686274507,0.1625430030833411,0.2058890462794046,BA-N
-11.6,-37.4,64,1.89,0.3166,1.94,0.4012,0.07526881720430108,0.504,0.43318649045521285,0.3374851025531713,0.3281492670187195,-11.6,-37.4,43,4.0,0.2499,1.3,0.10149253731343283,0.2931937172774869,0.2782352941176471,0.2243071829028556,0.309120992043242,BA-N
-11.6,-37.2,56,1.88,0.3095,1.7,0.4126,0.04659498207885305,0.496,0.4123348017621145,0.3183099279469892,0.29514463587051915,-11.6,-37.2,27,3.7,0.2052,0.82,0.05373134328358209,0.2617801047120419,0.19058823529411764,0.16869989442991387,0.21617960426010693,BA-N
-11.6,-37.0,50,1.82,0.3164,1.52,0.4461,0.025089605734767026,0.4480000000000001,0.4325991189427313,0.30189624155916617,0.26689312441686686,-11.6,-37.0,22,2.82,0.2122,0.67,0.03880597014925373,0.16963350785340311,0.20431372549019608,0.1375844011642843,0.16417352367102012,BA-N
-11.4,-37.2,58,1.98,0.289,1.76,0.3658,0.053763440860215055,0.5760000000000001,0.35212922173274586,0.32729755419765366,0.3106142884496111,-11.4,-37.2,31,3.77,0.1972,0.94,0.06567164179104477,0.26910994764397905,0.1749019607843137,0.16989451673977918,0.21817628236480544,BA-N
-11.4,-37.0,54,1.83,0.3106,1.64,0.436,0.03942652329749104,0.4560000000000001,0.41556534508076354,0.30366395612608493,0.2699357442862914,-11.4,-37.0,24,3.58,0.222,0.73,0.04477611940298507,0.24921465968586384,0.2235294117647059,0.17250673028451827,0.22254230629262367,BA-N
-11.4,-36.8,46,1.85,0.3142,1.39,0.4511,0.010752688172043012,0.47200000000000014,0.42613803230543307,0.3029635734924921,0.2687302339866937,-11.4,-36.8,19,3.05,0.2176,0.58,0.029850746268656716,0.19371727748691098,0.2149019607843137,0.1461566615132938,0.17850110185644025,BA-N
-11.2,-37.0,54,2.02,0.303,1.64,0.3952,0.03942652329749104,0.6080000000000001,0.393245227606461,0.34689058363465075,0.34433813831929805,-11.2,-37.0,28,3.89,0.2215,0.85,0.056716417910447764,0.28167539267015707,0.22254901960784315,0.18698027672948267,0.24673322675790074,BA-N
-11.2,-36.8,49,1.88,0.307,1.49,0.4393,0.021505376344086023,0.496,0.40499265785609395,0.3074993447333933,0.2765372792863123,-11.2,-36.8,21,3.71,0.213,0.64,0.03582089552238806,0.26282722513089,0.20588235294117646,0.16817682453148483,0.21530535119719713,BA-N
-11.0,-37.0,53,2.11,0.2636,1.61,0.2736,0.035842293906810034,0.68,0.2775330396475771,0.3311251111847957,0.317202343534054,-11.0,-37.0,30,3.87,0.1716,0.91,0.0626865671641791,0.2795811518324607,0.12470588235294118,0.155657867116527,0.1943813085456602,BA-N
-11.0,-36.8,53,2.0,0.2998,1.61,0.4302,0.035842293906810034,0.5920000000000001,0.3838472834067548,0.3372298591045217,0.32770993772713847,-11.0,-36.8,27,3.89,0.2356,0.82,0.05373134328358209,0.28167539267015707,0.25019607843137254,0.19520093812837058,0.2604731464678803,BA-N
-11.0,-36.6,47,1.98,0.324,1.42,0.4507,0.014336917562724014,0.5760000000000001,0.45491923641703375,0.3484187179932526,0.34696838872829744,-11.0,-36.6,19,3.89,0.2063,0.58,0.029850746268656716,0.28167539267015707,0.19274509803921572,0.16809041232600982,0.2151609228224499,BA-N
-10.8,-36.8,56,2.12,0.2739,1.7,0.3192,0.04659498207885305,0.6880000000000002,0.3077826725403817,0.3474592182064116,0.34531688165199403,-10.8,-36.8,30,4.3,0.1906,0.91,0.0626865671641791,0.3246073298429319,0.1619607843137255,0.18308489377361215,0.24022252811015882,BA-N
-10.8,-36.6,51,2.08,0.3163,1.55,0.425,0.02867383512544803,0.6560000000000001,0.4323054331864905,0.3723264227706462,0.3881187299368488,-10.8,-36.6,27,4.3,0.2318,0.82,0.05373134328358209,0.3246073298429319,0.2427450980392157,0.2070279237219099,0.28024063530865634,BA-N
-10.8,-36.4,46,2.02,0.3305,1.39,0.4509,0.010752688172043012,0.6080000000000001,0.47400881057268723,0.3642538329149101,0.37422405330045583,-10.8,-36.4,21,4.0,0.1983,0.64,0.03582089552238806,0.2931937172774869,0.17705882352941177,0.16869114544309557,0.21616498130331624,BA-N
-10.8,-36.2,43,1.93,0.3248,1.3,0.4621,0.0,0.536,0.45726872246696026,0.33108957415565343,0.31714117660530206,-10.8,-36.2,12,4.08,0.2274,0.36,0.008955223880597015,0.3015706806282722,0.2341176470588235,0.18154785052256425,0.23765353154949023,BA-N
-10.6,-36.6,52,2.19,0.2973,1.58,0.3737,0.03225806451612903,0.7440000000000001,0.3765051395007342,0.38425440133895444,0.4086493660888518,-10.6,-36.6,34,4.32,0.2178,1.03,0.07462686567164178,0.3267015706806283,0.2152941176470588,0.20554085133310962,0.2777551594772582,BA-N
-10.6,-36.4,52,2.1,0.307,1.58,0.4128,0.03225806451612903,0.6720000000000002,0.40499265785609395,0.3697502407907411,0.3836845624383168,-10.6,-36.4,29,4.34,0.2297,0.88,0.05970149253731343,0.32879581151832454,0.23862745098039212,0.20904158501201006,0.2836062458242303,BA-N
-10.6,-36.2,51,1.9,0.3192,1.55,0.4446,0.02867383512544803,0.512,0.44082232011747424,0.3271653850809741,0.31038679675606545,-10.6,-36.2,23,3.96,0.1979,0.7,0.041791044776119404,0.2890052356020942,0.17627450980392156,0.1690235967273784,0.2167206365884425,BA-N
-10.6,-36.0,47,1.85,0.3305,1.42,0.4647,0.014336917562724014,0.47200000000000014,0.47400881057268723,0.3201152427118038,0.2982519738292513,-10.6,-36.0,17,3.53,0.2092,0.52,0.023880597014925373,0.24397905759162303,0.1984313725490196,0.15543034238518935,0.1940010263044969,BA-N
-10.4,-36.2,53,1.94,0.3042,1.61,0.3772,0.035842293906810034,0.544,0.396769456681351,0.3255372501960537,0.3075844237691206,-10.4,-36.2,30,3.8,0.2014,0.91,0.0626865671641791,0.2722513089005235,0.18313725490196078,0.1726917103222211,0.2228514798180446,BA-N
-10.4,-36.0,50,1.88,0.3249,1.52,0.446,0.025089605734767026,0.496,0.4575624082232012,0.3262173379859894,0.3087550022444784,-10.4,-36.0,22,3.82,0.2217,0.67,0.03880597014925373,0.2743455497382199,0.22294117647058825,0.1786975654526873,0.2328895975896314,BA-N
-10.4,-35.8,47,1.89,0.3282,1.42,0.4641,0.014336917562724014,0.504,0.46725403817914823,0.3285303185806241,0.312736143117858,-10.4,-35.8,17,4.24,0.2139,0.52,0.023880597014925373,0.3183246073298429,0.20764705882352943,0.18328408772276591,0.240555458605077,BA-N
-10.2,-36.0,56,1.93,0.3032,1.7,0.3959,0.04659498207885305,0.536,0.39383259911894275,0.3254758603992653,0.30747875862442825,-10.2,-36.0,30,3.73,0.212,0.91,0.0626865671641791,0.2649214659685864,0.20392156862745098,0.17717653392007215,0.23034736283254648,BA-N
-10.2,-35.8,51,1.9,0.3095,1.55,0.4467,0.02867383512544803,0.512,0.4123348017621145,0.31766954562918753,0.29404239911768876,-10.2,-35.8,22,3.91,0.192,0.67,0.03880597014925373,0.2837696335078534,0.16470588235294117,0.16242716200334942,0.2056954308194103,BA-N
-10.2,-35.6,47,1.89,0.3178,1.42,0.4616,0.014336917562724014,0.504,0.4367107195301028,0.31834921236427566,0.2952122528664026,-10.2,-35.6,16,3.94,0.1954,0.48,0.020895522388059702,0.2869109947643979,0.17137254901960783,0.15972635539068847,0.2011813334482227,BA-N
-10.0,-35.8,55,1.87,0.2987,1.67,0.394,0.043010752688172046,0.48800000000000016,0.38061674008810575,0.30387583092542597,0.27030042673354254,-10.0,-35.8,33,3.61,0.1857,1.0,0.07164179104477612,0.2523560209424084,0.1523529411764706,0.15878358438788506,0.19960559674592182,NE
-10.0,-35.6,49,1.88,0.3139,1.49,0.4502,0.021505376344086023,0.496,0.4252569750367107,0.31425411712693224,0.28816370647237416,-10.0,-35.6,22,3.82,0.2001,0.67,0.03880597014925373,0.2743455497382199,0.18058823529411763,0.16457991839386377,0.2092935232995134,NE
-10.0,-35.4,46,1.93,0.3244,1.39,0.4682,0.010752688172043012,0.536,0.4560939794419971,0.3342822225380134,0.32263641638328644,-10.0,-35.4,17,3.94,0.2004,0.52,0.023880597014925373,0.2869109947643979,0.18117647058823527,0.16398935412251953,0.20830646091144933,NE
-9.8,-35.8,54,1.98,0.3114,1.64,0.4276,0.03942652329749104,0.5760000000000001,0.41791483113069017,0.3444471181427271,0.34013240465894873,-9.8,-35.8,35,3.97,0.2071,1.06,0.07761194029850746,0.2900523560209424,0.1943137254901961,0.187326007269882,0.24731107684025752,NE
-9.8,-35.6,51,1.96,0.3171,1.55,0.4388,0.02867383512544803,0.56,0.43465491923641697,0.3411095847872884,0.3343877864427707,-9.8,-35.6,31,3.71,0.1978,0.94,0.06567164179104477,0.26282722513089,0.17607843137254903,0.16819243276482795,0.21533143862040352,NE
-9.8,-35.4,48,1.88,0.3262,1.45,0.4585,0.017921146953405017,0.496,0.4613803230543318,0.3251004900025789,0.3068326648213192,-9.8,-35.4,23,3.7,0.2152,0.7,0.041791044776119404,0.2617801047120419,0.21019607843137256,0.17125574263984458,0.22045141981014207,NE
-9.6,-35.6,51,2.02,0.2914,1.55,0.325,0.02867383512544803,0.6080000000000001,0.35917767988252564,0.33195050500265794,0.3186230251742496,-9.6,-35.6,47,4.19,0.2026,1.42,0.11343283582089553,0.31308900523560207,0.18549019607843137,0.20400401237830965,0.2751865043750085,NE
-9.6,-35.4,49,1.96,0.3092,1.49,0.4271,0.021505376344086023,0.56,0.41145374449339195,0.33098637361249267,0.3169635461048623,-9.6,-35.4,29,3.66,0.189,0.88,0.05970149253731343,0.2575916230366492,0.1588235294117647,0.15870554832857578,0.1994751681663506,NE
-9.6,-35.2,48,1.94,0.3045,1.45,0.4463,0.017921146953405017,0.544,0.3976505139500734,0.31985722030115943,0.29780786134181964,-9.6,-35.2,24,4.08,0.1903,0.73,0.04477611940298507,0.3015706806282722,0.16137254901960785,0.16923978301695505,0.2170819678873552,NE
-9.4,-35.4,51,2.02,0.2801,1.55,0.3032,0.02867383512544803,0.6080000000000001,0.3259911894273128,0.320888341517587,0.2995826444202644,-9.4,-35.4,41,4.22,0.1896,1.24,0.0955223880597015,0.31623036649214653,0.15999999999999998,0.19058425151728264,0.25275686911687945,NE
-9.4,-35.2,49,2.06,0.3068,1.49,0.4312,0.021505376344086023,0.6400000000000001,0.40440528634361234,0.3553035542292328,0.358818683974685,-9.4,-35.2,27,4.15,0.1981,0.82,0.05373134328358209,0.3089005235602094,0.17666666666666667,0.1797661778368194,0.2346756641415333,NE
-9.4,-35.0,47,1.98,0.3098,1.42,0.4527,0.014336917562724014,0.5760000000000001,0.413215859030837,0.33451759219785365,0.32304153857727164,-9.4,-35.0,19,3.95,0.2157,0.58,0.029850746268656716,0.28795811518324604,0.2111764705882353,0.17632844401337935,0.22892987503449902,NE
-9.2,-35.2,54,2.06,0.292,1.64,0.3645,0.03942652329749104,0.6400000000000001,0.36093979441997054,0.34678877257248725,0.34416289941678346,-9.2,-35.2,32,4.66,0.2176,0.97,0.06865671641791045,0.36230366492146593,0.2149019607843137,0.21528744737456337,0.29404550894637704,NE
-9.2,-35.0,51,2.08,0.3052,1.55,0.4358,0.02867383512544803,0.6560000000000001,0.39970631424375924,0.36146004978973584,0.36941534707231466,-9.2,-35.0,24,4.33,0.2165,0.73,0.04477611940298507,0.3277486910994764,0.21274509803921568,0.19508996951389238,0.2602876747911774,NE
-9.2,-34.8,49,2.0,0.304,1.49,0.4568,0.021505376344086023,0.5920000000000001,0.39618208516886927,0.33656248717098514,0.32656124599642883,-9.2,-34.8,16,4.44,0.2168,0.48,0.020895522388059702,0.3392670157068063,0.21333333333333332,0.19116529047606642,0.2537280110061609,NE
-9.0,-35.0,53,2.0,0.3058,1.61,0.4191,0.035842293906810034,0.5920000000000001,0.40146842878120415,0.34310357422933807,0.3378198744106704,-9.0,-35.0,22,4.45,0.1951,0.67,0.03880597014925373,0.3403141361256544,0.1707843137254902,0.18330147333346614,0.240584516716528,NE
-9.0,-34.8,53,1.96,0.2957,1.61,0.4464,0.035842293906810034,0.56,0.37180616740088107,0.32254948710256376,0.3024418359760974,-9.0,-34.8,19,3.47,0.2079,0.58,0.029850746268656716,0.23769633507853405,0.19588235294117648,0.15447647809612242,0.19240674841004798,NE
-8.8,-35.0,55,2.0,0.2985,1.67,0.3911,0.043010752688172046,0.5920000000000001,0.380029368575624,0.338346707087932,0.32963227515029736,-8.8,-35.0,22,4.41,0.2,0.67,0.03880597014925373,0.33612565445026177,0.18039215686274512,0.1851079271540869,0.2436038030307013,NE
-8.8,-34.8,54,2.04,0.3022,1.64,0.4412,0.03942652329749104,0.6240000000000001,0.39089574155653456,0.3514407549513419,0.3521699692701409,-8.8,-34.8,21,3.43,0.2201,0.64,0.03582089552238806,0.2335078534031414,0.21980392156862744,0.16304422349805228,0.20672678036440972,NE
-8.6,-34.8,55,2.09,0.2963,1.67,0.4313,0.043010752688172046,0.664,0.373568281938326,0.36019301154216604,0.3672344996552475,-8.6,-34.8,23,4.04,0.2218,0.7,0.041791044776119404,0.29738219895287954,0.2231372549019608,0.18743683287698656,0.24749630949606702,NE
-8.6,-34.6,52,2.13,0.3075,1.58,0.4559,0.03225806451612903,0.6960000000000001,0.4064610866372981,0.3782397170511424,0.398296790924915,-8.6,-34.6,23,3.91,0.23,0.7,0.041791044776119404,0.2837696335078534,0.23921568627450981,0.18825878818616085,0.2488701162258727,NE
-8.4,-34.8,61,2.03,0.2838,1.85,0.385,0.06451612903225806,0.616,0.3368575624082232,0.3391245638134938,0.3309711351523876,-8.4,-34.8,27,4.15,0.2027,0.82,0.05373134328358209,0.3089005235602094,0.1856862745098039,0.18277271378453178,0.23970075403665095,NE
-8.4,-34.6,54,2.04,0.3045,1.64,0.4468,0.03942652329749104,0.6240000000000001,0.3976505139500734,0.35369234574918823,0.3560454449988282,-8.4,-34.6,23,4.04,0.2448,0.7,0.041791044776119404,0.29738219895287954,0.268235294117647,0.20246951261554866,0.2726217589716556,NE
-8.2,-34.8,62,2.02,0.2855,1.88,0.4061,0.06810035842293907,0.6080000000000001,0.3418502202643171,0.33931685956241875,0.3313021178106935,-8.2,-34.8,29,4.07,0.2189,0.88,0.05970149253731343,0.30052356020942406,0.21745098039215688,0.19255867771296478,0.25605690254309776,NE
-8.2,-34.6,61,1.92,0.287,1.85,0.4298,0.06451612903225806,0.528,0.3462555066079294,0.31292387854672915,0.28587407758604555,-8.2,-34.6,25,4.24,0.2385,0.76,0.04776119402985075,0.3183246073298429,0.25588235294117645,0.20732271810029004,0.2807333512707132,NE
-8.0,-34.8,65,2.0,0.2745,1.97,0.377,0.07885304659498207,0.5920000000000001,0.3095447870778268,0.3267992778909363,0.3097566469391243,-8.0,-34.8,31,4.16,0.2182,0.94,0.06567164179104477,0.30994764397905755,0.21607843137254903,0.1972325723808838,0.2638687967878597,NE
-8.0,-34.6,64,1.86,0.2816,1.94,0.4196,0.07526881720430108,0.48000000000000015,0.3303964757709251,0.29522176432507546,0.2554049026018122,-8.0,-34.6,26,4.35,0.2333,0.79,0.050746268656716415,0.3298429319371727,0.24568627450980396,0.20875849170123104,0.2831330868931177,NE
-8.0,-34.4,61,1.89,0.2988,1.85,0.4528,0.06451612903225806,0.504,0.38091042584434653,0.3164755182922015,0.29198721930068794,-8.0,-34.4,25,4.44,0.2257,0.76,0.04776119402985075,0.3392670157068063,0.23078431372549021,0.20593750782071574,0.278418126606994,NE
-7.8,-34.8,69,1.99,0.2668,2.09,0.3436,0.0931899641577061,0.5840000000000001,0.2869309838472833,0.3213736493349965,0.3004179643501166,-7.8,-34.8,32,4.44,0.2134,0.97,0.06865671641791045,0.3392670157068063,0.20666666666666667,0.20486346626379448,0.276622985797609,NE
-7.8,-34.6,66,1.88,0.2753,2.0,0.393,0.08243727598566308,0.496,0.31189427312775325,0.2967771830378054,0.25808211529734143,-7.8,-34.6,25,5.0,0.2195,0.76,0.04776119402985075,0.39790575916230364,0.21862745098039216,0.22143146805751548,0.30431455504668664,NE
-7.8,-34.4,63,1.87,0.2958,1.91,0.4509,0.07168458781362007,0.48800000000000016,0.37209985315712185,0.31059481365691405,0.281865252154866,-7.8,-34.4,26,4.38,0.2361,0.79,0.050746268656716415,0.3329842931937172,0.2511764705882353,0.21163567747955633,0.28794198239028934,NE
-7.6,-34.8,63,1.78,0.2785,1.91,0.2842,0.07168458781362007,0.4160000000000001,0.32129221732745966,0.2696589350470266,0.21140573342843677,-7.6,-34.8,43,4.05,0.2144,1.3,0.10149253731343283,0.2984293193717277,0.20862745098039218,0.2028497692218509,0.27325731552681176,NE
-7.6,-34.6,66,1.86,0.2641,2.0,0.3592,0.08243727598566308,0.48000000000000015,0.2790014684287812,0.2804795814714815,0.23003041097943477,-7.6,-34.6,23,5.0,0.1934,0.7,0.041791044776119404,0.39790575916230364,0.16745098039215683,0.20238259477685996,0.27247648548732145,NE
-7.6,-34.4,64,1.83,0.2809,1.94,0.444,0.07526881720430108,0.4560000000000001,0.3283406754772393,0.2865364975605135,0.2404556762257628,-7.6,-34.4,24,4.71,0.244,0.73,0.04477611940298507,0.36753926701570677,0.26666666666666666,0.22632735102845283,0.31249747800945893,NE
-7.4,-34.6,64,1.91,0.2578,1.94,0.368,0.07526881720430108,0.52,0.2604992657856093,0.28525602766330344,0.23825171002875264,-7.4,-34.6,23,4.91,0.2151,0.7,0.041791044776119404,0.38848167539267014,0.21000000000000002,0.21342424005626318,0.29093136548342474,NE
-7.4,-34.4,67,1.84,0.2773,2.03,0.4392,0.08602150537634409,0.46400000000000013,0.3177679882525697,0.2892631645429713,0.24514886102685354,-7.4,-34.4,27,4.48,0.2351,0.82,0.05373134328358209,0.34345549738219894,0.24921568627450977,0.21546750898009692,0.29434646186036223,NE
-7.2,-34.6,63,1.83,0.2644,1.91,0.3882,0.07168458781362007,0.4560000000000001,0.2798825256975037,0.2691890378370413,0.21059693849375424,-7.2,-34.6,24,4.88,0.2118,0.73,0.04477611940298507,0.3853403141361256,0.20352941176470585,0.21121528176793883,0.28723933779227373,NE
-7.2,-34.4,62,1.85,0.2725,1.88,0.4383,0.06810035842293907,0.47200000000000014,0.3036710719530103,0.2812571434586499,0.23136876367287415,-7.2,-34.4,24,3.79,0.2271,0.73,0.04477611940298507,0.2712041884816754,0.23352941176470587,0.1831699065497888,0.2403646174947365,NE
-7.0,-34.8,67,1.76,0.2182,2.03,0.2573,0.08602150537634409,0.4000000000000001,0.14419970631424375,0.21007373723019596,0.1088466946594748,-7.0,-34.8,32,3.59,0.1364,0.97,0.06865671641791045,0.250261780104712,0.05568627450980391,0.12486825701080878,0.14291990535353102,NE
-7.0,-34.6,60,1.88,0.2581,1.82,0.4033,0.06093189964157706,0.496,0.26138032305433184,0.27277074089863634,0.21676182569077682,-7.0,-34.6,22,4.55,0.2055,0.67,0.03880597014925373,0.35078534031413605,0.19117647058823528,0.1935892603505417,0.2577794066103157,NE
-7.0,-34.4,63,1.97,0.2674,1.91,0.4334,0.07168458781362007,0.5680000000000001,0.2886930983847284,0.30945922873278287,0.27991066439604984,-7.0,-34.4,23,4.96,0.2178,0.7,0.041791044776119404,0.39371727748691093,0.2152941176470588,0.21693414663669638,0.2967977833134068,NE
-6.8,-34.8,61,1.93,0.2173,1.85,0.2685,0.06451612903225806,0.536,0.14155653450807631,0.24735755451344477,0.1730202243666721,-6.8,-34.8,25,3.88,0.1429,0.76,0.04776119402985075,0.2806282722513089,0.06843137254901961,0.13227361294339307,0.15529713280524113,NE
-6.8,-34.6,61,1.85,0.2607,1.85,0.4198,0.06451612903225806,0.47200000000000014,0.2690161527165932,0.2685107605829505,0.2094294763429656,-6.8,-34.6,21,4.57,0.2114,0.64,0.03582089552238806,0.35287958115183243,0.2027450980392157,0.19714852490447873,0.2637283207943115,NE
-6.6,-34.8,60,1.95,0.2277,1.82,0.3498,0.06093189964157706,0.552,0.1720998531571219,0.2616772509328997,0.19766752527447934,-6.6,-34.8,26,3.46,0.1527,0.79,0.050746268656716415,0.23664921465968583,0.08764705882352941,0.12501418071331055,0.14316380056571293,NE
-6.6,-34.6,59,1.9,0.2521,1.79,0.4185,0.05734767025089606,0.512,0.24375917767988248,0.2710356159769262,0.21377529966359635,-6.6,-34.6,24,4.04,0.1938,0.73,0.04477611940298507,0.29738219895287954,0.16823529411764707,0.17013120415783722,0.21857187901605785,NE
-6.4,-34.8,57,2.04,0.2411,1.73,0.3882,0.05017921146953405,0.6240000000000001,0.21145374449339208,0.2952109853209754,0.2553863495997262,-6.4,-34.8,22,4.55,0.1868,0.67,0.03880597014925373,0.35078534031413605,0.15450980392156863,0.18136703812831947,0.23735132377581541,NE
-6.4,-34.6,58,1.97,0.2489,1.76,0.431,0.053763440860215055,0.5680000000000001,0.23436123348017623,0.2853748914467971,0.23845630036034857,-6.4,-34.6,20,5.15,0.2281,0.61,0.03283582089552239,0.41361256544502617,0.23549019607843136,0.22731286080632662,0.3141446478130002,NE
-6.2,-35.0,66,1.8,0.2081,2.0,0.2693,0.08243727598566308,0.4320000000000001,0.11453744493392072,0.209658240306528,0.10813153440719467,-6.2,-35.0,25,3.4,0.1503,0.76,0.04776119402985075,0.23036649214659685,0.08294117647058821,0.12035628754901195,0.13537865105161384,NE
-6.2,-34.8,59,1.97,0.2449,1.79,0.4043,0.05734767025089606,0.5680000000000001,0.22261380323054333,0.28265382449381315,0.23377275442362272,-6.2,-34.8,25,4.48,0.1764,0.76,0.04776119402985075,0.34345549738219894,0.13411764705882354,0.17511144615695773,0.22689579869646712,NE
-6.2,-34.6,65,1.85,0.2448,1.97,0.4364,0.07885304659498207,0.47200000000000014,0.22232011747430244,0.2577243880230949,0.19086379154078767,-6.2,-34.6,25,4.64,0.2145,0.76,0.04776119402985075,0.36020942408376955,0.20882352941176469,0.20559804917512833,0.2778507592980984,NE
-6.0,-35.0,66,1.76,0.2235,2.0,0.3508,0.08243727598566308,0.4000000000000001,0.15976505139500735,0.2140674424602235,0.11572072687763263,-6.0,-35.0,26,4.38,0.16,0.79,0.050746268656716415,0.3329842931937172,0.1019607843137255,0.16189711538805304,0.20480951695149405,NE
-6.0,-34.8,67,1.85,0.2328,2.03,0.4115,0.08602150537634409,0.47200000000000014,0.18707782672540382,0.24836644403391603,0.17475674187831466,-6.0,-34.8,26,4.73,0.1813,0.79,0.050746268656716415,0.36963350785340315,0.14372549019607841,0.188035088902066,0.24849622779360386,NE
-5.8,-35.0,72,1.75,0.2269,2.18,0.3558,0.1039426523297491,0.39200000000000007,0.16975036710719527,0.22189767314564812,0.12919825085775014,-5.8,-35.0,26,4.81,0.1776,0.79,0.050746268656716415,0.3780104712041884,0.13647058823529412,0.18840910936539965,0.24912136133052207,NE
-5.8,-34.8,64,1.84,0.2439,1.94,0.4261,0.07526881720430108,0.46400000000000013,0.2196769456681351,0.2529819209574788,0.1827009779316389,-5.8,-34.8,26,4.92,0.1855,0.79,0.050746268656716415,0.3895287958115183,0.15196078431372548,0.19741194959398675,0.2641686058161415,NE
-5.6,-35.0,69,1.68,0.223,2.09,0.3808,0.0931899641577061,0.336,0.15829662261380323,0.19582886225716978,0.0843281776763031,-5.6,-35.0,27,4.7,0.1704,0.82,0.05373134328358209,0.36649214659685864,0.12235294117647058,0.18085881035230378,0.23650187766704103,NE
-5.6,-34.8,61,1.93,0.2499,1.85,0.4406,0.06451612903225806,0.536,0.23729809104258445,0.27927140669161415,0.22795088034719616,-5.6,-34.8,24,4.58,0.1872,0.73,0.04477611940298507,0.35392670157068057,0.15529411764705883,0.18466564620690817,0.24286457969955774,NE
-5.4,-35.2,71,1.72,0.2376,2.15,0.393,0.1003584229390681,0.36800000000000005,0.2011747430249633,0.22317772198801047,0.13140149232811618,-5.4,-35.2,29,4.55,0.1648,0.88,0.05970149253731343,0.35078534031413605,0.11137254901960784,0.17395312729035242,0.22495979775281255,NE
-5.4,-35.0,69,1.75,0.2324,2.09,0.4179,0.0931899641577061,0.39200000000000007,0.1859030837004405,0.22369768261938225,0.1322964572607681,-5.4,-35.0,23,5.17,0.1782,0.7,0.041791044776119404,0.41570680628272244,0.1376470588235294,0.1983816366274571,0.2657893296651366,NE
-5.4,-34.8,60,1.9,0.253,1.82,0.4504,0.06093189964157706,0.512,0.24640234948604992,0.27311141637587566,0.21734820201842162,-5.4,-34.8,23,4.65,0.1919,0.7,0.041791044776119404,0.3612565445026178,0.1645098039215686,0.18918579773343525,0.2504195094111531,NE
-5.2,-35.4,69,1.64,0.2366,2.09,0.3817,0.0931899641577061,0.304,0.19823788546255505,0.1984759498734204,0.08888438914168155,-5.2,-35.4,30,2.83,0.1598,0.91,0.0626865671641791,0.1706806282722513,0.10156862745098039,0.1116452742958036,0.12081916284451628,NE
-5.2,-35.2,70,1.73,0.2245,2.12,0.3941,0.0967741935483871,0.37600000000000006,0.16270190895741557,0.21182536750193423,0.1118616299710993,-5.2,-35.2,19,4.47,0.168,0.58,0.029850746268656716,0.3424083769633507,0.11764705882352944,0.16330206068517894,0.2071577264984819,NE
-5.2,-35.0,73,1.73,0.2341,2.21,0.4286,0.10752688172043011,0.37600000000000006,0.1908957415565345,0.22480754109232157,0.13420676422163705,-5.2,-35.0,22,5.5,0.1944,0.67,0.03880597014925373,0.450261780104712,0.16941176470588235,0.21949317165328272,0.3010749085418564,NE
-5.0,-36.6,66,1.94,0.2725,2.0,0.3245,0.08243727598566308,0.544,0.3036710719530103,0.31003611597955777,0.2809036123709678,-5.0,-36.6,20,4.7,0.1615,0.61,0.03283582089552239,0.36649214659685864,0.10490196078431374,0.16807664275889825,0.21513790852501394,N_equatorial
-5.0,-36.2,74,1.89,0.2764,2.24,0.3317,0.1111111111111111,0.504,0.3151248164464023,0.3100786425191711,0.2809768097620098,-5.0,-36.2,24,5.38,0.1709,0.73,0.04477611940298507,0.43769633507853395,0.12333333333333332,0.2019352626049508,0.27172881959676987,N_equatorial
-5.0,-35.6,76,1.55,0.2131,2.3,0.336,0.11827956989247312,0.23200000000000007,0.12922173274596185,0.159833767546145,0.022372818808337743,-5.0,-35.6,13,3.54,0.1528,0.39,0.011940298507462687,0.24502617801047116,0.08784313725490195,0.1149365379242786,0.126320143338098,N_equatorial
-5.0,-35.4,71,1.61,0.2166,2.15,0.3718,0.1003584229390681,0.28000000000000014,0.13950073421439055,0.1732863857178196,0.0455276901381952,-5.0,-35.4,13,3.38,0.1536,0.39,0.011940298507462687,0.22827225130890047,0.08941176470588233,0.10987477150741516,0.11785996467561431,N_equatorial
-5.0,-35.2,66,1.71,0.2321,2.0,0.4091,0.08243727598566308,0.36000000000000004,0.18502202643171806,0.20915310080579372,0.1072620798524108,-5.0,-35.2,18,3.5,0.1562,0.55,0.026865671641791045,0.2408376963350785,0.09450980392156864,0.12073772396614607,0.13601617952913928,N_equatorial
-5.0,-35.0,65,1.66,0.2363,1.97,0.4312,0.07885304659498207,0.32,0.1973568281938326,0.1987366249296049,0.08933306740697003,-5.0,-35.0,21,3.9,0.1825,0.64,0.03582089552238806,0.28272251308900526,0.146078431372549,0.1548739466613141,0.19307107283699898,N_equatorial
-4.8,-37.2,88,1.61,0.32,2.67,0.5152,0.16129032258064516,0.28000000000000014,0.4431718061674009,0.29482070958268203,0.25471460047342037,-4.8,-37.2,25,2.68,0.2344,0.76,0.04776119402985075,0.1549738219895288,0.24784313725490198,0.15019271775809384,0.1852469202349975,N_equatorial
-4.8,-37.0,82,1.55,0.2302,2.49,0.3761,0.13978494623655913,0.23200000000000007,0.1794419970631424,0.18374231443323388,0.06352460947017696,-4.8,-37.0,17,2.29,0.1394,0.52,0.023880597014925373,0.11413612565445026,0.061568627450980386,0.06652845004011868,0.04541141731612982,N_equatorial
-4.8,-36.8,81,1.59,0.2167,2.45,0.3752,0.13620071684587814,0.2640000000000001,0.1397944199706314,0.17999837893883655,0.05708048509722858,-4.8,-36.8,16,2.44,0.1212,0.48,0.020895522388059702,0.12984293193717275,0.025882352941176478,0.0588736024221363,0.03261719230676082,N_equatorial
-4.8,-36.6,79,1.63,0.2164,2.39,0.3741,0.12903225806451613,0.296,0.13891336270190896,0.18798187358880836,0.07082180957575508,-4.8,-36.6,16,2.81,0.116,0.48,0.020895522388059702,0.16858638743455498,0.015686274509803935,0.06838939477747287,0.048521779127092456,N_equatorial
-4.8,-36.4,72,1.65,0.2118,2.18,0.3668,0.1039426523297491,0.312,0.12540381791483107,0.18044882341486004,0.057855797660959114,-4.8,-36.4,19,2.89,0.13,0.58,0.029850746268656716,0.1769633507853403,0.0431372549019608,0.08331711731865261,0.0734718043399553,N_equatorial
-4.8,-36.2,74,1.55,0.2065,2.24,0.3623,0.1111111111111111,0.23200000000000007,0.1098384728340675,0.15098319464839288,0.007139064751861483,-4.8,-36.2,18,3.0,0.1362,0.55,0.026865671641791045,0.18848167539267013,0.0552941176470588,0.09021382156050665,0.0849988771566716,N_equatorial
-4.8,-36.0,72,1.58,0.214,2.18,0.367,0.1039426523297491,0.2560000000000001,0.1318649045521292,0.16393585229395946,0.029433395664656182,-4.8,-36.0,16,3.25,0.1565,0.48,0.020895522388059702,0.21465968586387432,0.09509803921568627,0.11021774915587342,0.11843321360577601,N_equatorial
-4.8,-35.8,74,1.51,0.2152,2.24,0.3756,0.1111111111111111,0.20000000000000004,0.1353891336270191,0.14883341491271007,0.003438827925688778,-4.8,-35.8,15,2.93,0.1522,0.45,0.01791044776119403,0.181151832460733,0.08666666666666667,0.09524298229619789,0.0934045590554939,N_equatorial
-4.8,-35.6,65,1.6,0.2189,1.97,0.3949,0.07885304659498207,0.27200000000000013,0.14625550660792955,0.16570285106763724,0.032474783498786006,-4.8,-35.6,14,3.29,0.1802,0.42,0.014925373134328358,0.21884816753926697,0.1415686274509804,0.12511405604152523,0.14333073105026775,N_equatorial
-4.8,-35.4,62,1.71,0.2335,1.88,0.418,0.06810035842293907,0.36000000000000004,0.1891336270190896,0.2057446618140096,0.1013954176693864,-4.8,-35.4,14,3.64,0.1695,0.42,0.014925373134328358,0.2554973821989529,0.12058823529411768,0.13033699687579964,0.15206029479590652,N_equatorial
-4.6,-37.4,89,1.61,0.2314,2.7,0.3374,0.16487455197132617,0.28000000000000014,0.18296622613803226,0.2092802593697862,0.10748094729889307,-4.6,-37.4,15,3.67,0.1627,0.45,0.01791044776119403,0.2586387434554973,0.10725490196078434,0.12793469772582525,0.14804511939353981,N_equatorial
-4.6,-37.2,83,1.52,0.2334,2.52,0.4037,0.14336917562724014,0.20800000000000005,0.18883994126284873,0.18006970563002964,0.05720325379071888,-4.6,-37.2,16,2.5,0.1177,0.48,0.020895522388059702,0.13612565445026178,0.019019607843137255,0.058680261560486245,0.0322940445955451,N_equatorial
-4.6,-37.0,80,1.5,0.224,2.42,0.4081,0.13261648745519714,0.19200000000000003,0.16123348017621145,0.16194998921046955,0.026015294920985182,-4.6,-37.0,15,1.93,0.1201,0.45,0.01791044776119403,0.07643979057591622,0.02372549019607843,0.039358576177729566,0.0,N_equatorial
-4.6,-36.8,75,1.61,0.2158,2.27,0.4047,0.11469534050179211,0.28000000000000014,0.137151248164464,0.1772821962220854,0.052405345989572895,-4.6,-36.8,16,2.31,0.108,0.48,0.020895522388059702,0.1162303664921466,0.0,0.045708629626735435,0.010613406915801501,N_equatorial
-4.6,-36.6,75,1.6,0.2209,2.27,0.4044,0.11469534050179211,0.27200000000000013,0.15212922173274598,0.17960818741151274,0.05640888091625162,-4.6,-36.6,18,2.39,0.1196,0.55,0.026865671641791045,0.12460732984293195,0.022745098039215685,0.058072699841312886,0.03127857286702598,N_equatorial
-4.6,-36.0,72,1.51,0.2156,2.18,0.404,0.1039426523297491,0.20000000000000004,0.1365638766519824,0.1468355096605772,0.0,-4.6,-36.0,14,2.64,0.1455,0.42,0.014925373134328358,0.15078534031413612,0.07352941176470587,0.07974670840439012,0.06750426359920682,N_equatorial
-4.4,-37.6,83,1.59,0.2428,2.52,0.3895,0.14336917562724014,0.2640000000000001,0.216446402349486,0.20793852599224208,0.10517153337518384,-4.4,-37.6,16,2.81,0.1513,0.48,0.020895522388059702,0.16858638743455498,0.08490196078431371,0.09146129020230946,0.0870838820178871,N_equatorial
-4.4,-37.4,86,1.53,0.2401,2.61,0.4219,0.15412186379928317,0.21600000000000005,0.20851688693098386,0.1928795835767557,0.07925182989853968,-4.4,-37.4,16,2.81,0.1554,0.48,0.020895522388059702,0.16858638743455498,0.09294117647058826,0.09414102876440099,0.0915627664896225,N_equatorial
-4.4,-37.2,83,1.52,0.2341,2.52,0.4205,0.14336917562724014,0.20800000000000005,0.1908957415565345,0.18075497239459157,0.05838274640379764,-4.4,-37.2,16,2.81,0.1374,0.48,0.020895522388059702,0.16858638743455498,0.057647058823529405,0.08237632288204803,0.07189937124785749,N_equatorial
-4.4,-37.0,78,1.6,0.2323,2.36,0.4231,0.12544802867383512,0.27200000000000013,0.1856093979441997,0.19435247553934498,0.08178699617184891,-4.4,-37.0,18,2.67,0.1303,0.55,0.026865671641791045,0.1539267015706806,0.04372549019607843,0.07483928780285003,0.05930205677222548,N_equatorial
-4.2,-37.8,85,1.61,0.2351,2.58,0.3642,0.15053763440860216,0.28000000000000014,0.19383259911894274,0.20812341117584832,0.10548976084455582,-4.2,-37.8,19,2.63,0.1263,0.58,0.029850746268656716,0.14973821989528793,0.03588235294117646,0.07182377303504038,0.054261959779595755,N_equatorial
-4.2,-37.6,83,1.53,0.2351,2.52,0.4059,0.14336917562724014,0.21600000000000005,0.19383259911894274,0.18440059158206099,0.06465764710537653,-4.2,-37.6,21,3.1,0.1396,0.64,0.03582089552238806,0.19895287958115182,0.061960784313725495,0.09891151980575513,0.09953611081131536,N_equatorial
-4.2,-37.4,82,1.5,0.2384,2.49,0.4346,0.13978494623655913,0.19200000000000003,0.20352422907488985,0.178436391770483,0.054391966666053004,-4.2,-37.4,22,2.68,0.1362,0.67,0.03880597014925373,0.1549738219895288,0.0552941176470588,0.08302463659528045,0.07298295539449284,N_equatorial
-4.2,-32.6,61,1.72,0.2659,1.85,0.4554,0.06451612903225806,0.36800000000000005,0.2842878120411161,0.23893464702445807,0.15852257516248736,-4.2,-32.6,12,4.17,0.2042,0.36,0.008955223880597015,0.3109947643979057,0.18862745098039213,0.1695258130862983,0.2175600352832399,N_equatorial
-4.2,-32.4,59,1.85,0.2677,1.79,0.4505,0.05734767025089606,0.47200000000000014,0.2895741556534508,0.2729739419681157,0.217111578769162,-4.2,-32.4,17,3.12,0.1841,0.52,0.023880597014925373,0.20104712041884817,0.14921568627450982,0.12471446790276113,0.14266286399222036,N_equatorial
-4.2,-32.2,62,1.74,0.2618,1.88,0.4497,0.06810035842293907,0.38400000000000006,0.2722466960352422,0.24144901815272712,0.16285035278968296,-4.2,-32.2,17,2.65,0.187,0.52,0.023880597014925373,0.1518324607329843,0.15490196078431373,0.1102050061774078,0.11841191513689527,N_equatorial
-4.0,-38.0,83,1.59,0.232,2.52,0.375,0.14336917562724014,0.2640000000000001,0.18472834067547725,0.19736583876757252,0.08697364734482628,-4.0,-38.0,25,3.6,0.1412,0.76,0.04776119402985075,0.25130890052356025,0.06509803921568626,0.12138937792303241,0.1371053465209241,N_equatorial
-4.0,-37.8,84,1.58,0.2335,2.55,0.3973,0.14695340501792115,0.2560000000000001,0.1891336270190896,0.19736234401233696,0.08696763211368122,-4.0,-37.8,23,3.83,0.13,0.7,0.041791044776119404,0.27539267015706803,0.0431372549019608,0.12010698994504941,0.13496197787945288,N_equatorial
-4.0,-37.6,83,1.52,0.2366,2.52,0.4317,0.14336917562724014,0.20800000000000005,0.19823788546255505,0.1832023536965984,0.06259522002193595,-4.0,-37.6,23,3.39,0.1395,0.7,0.041791044776119404,0.22931937172774872,0.061764705882352965,0.11095837412874036,0.11967108573900537,N_equatorial
-4.0,-32.8,60,1.7,0.2676,1.82,0.4584,0.06093189964157706,0.35200000000000004,0.28928046989720996,0.23407078984626237,0.1501508228618788,-4.0,-32.8,13,3.38,0.2092,0.39,0.011940298507462687,0.22827225130890047,0.1984313725490196,0.14621464078846091,0.17859800775573284,N_equatorial
-4.0,-32.6,60,1.78,0.2692,1.82,0.45,0.06093189964157706,0.4160000000000001,0.2939794419970631,0.2569704472128801,0.18956609601207566,-4.0,-32.6,14,3.43,0.1959,0.42,0.014925373134328358,0.2335078534031414,0.17235294117647057,0.14026205590464677,0.1686489252668824,N_equatorial
-4.0,-32.4,60,1.87,0.2581,1.82,0.4414,0.06093189964157706,0.48800000000000016,0.26138032305433184,0.27010407423196964,0.21217191443645322,-4.0,-32.4,19,2.89,0.2011,0.58,0.029850746268656716,0.1769633507853403,0.18254901960784314,0.12978770555394673,0.15114221554492696,N_equatorial
-4.0,-32.2,62,1.73,0.2584,1.88,0.4463,0.06810035842293907,0.37600000000000006,0.26226138032305435,0.23545391291533116,0.1525314774146913,-4.0,-32.2,17,2.94,0.2149,0.52,0.023880597014925373,0.18219895287958113,0.20960784313725492,0.13856246434392047,0.16580824731519142,N_equatorial
-4.0,-32.0,64,1.7,0.2543,1.94,0.4486,0.07526881720430108,0.35200000000000004,0.2502202643171807,0.22582969384049392,0.1359661106225648,-4.0,-32.0,17,2.88,0.2036,0.52,0.023880597014925373,0.17591623036649212,0.18745098039215688,0.12908260259119145,0.14996371449428927,N_equatorial
-3.8,-38.2,88,1.64,0.2271,2.67,0.381,0.16129032258064516,0.304,0.1703377386196769,0.21187602040010736,0.11194881458637015,-3.8,-38.2,24,4.08,0.1495,0.73,0.04477611940298507,0.3015706806282722,0.08137254901960783,0.14257311635028838,0.17251160533935456,N_equatorial
-3.8,-38.0,89,1.58,0.2308,2.7,0.4092,0.16487455197132617,0.2560000000000001,0.18120411160058736,0.20069288785730455,0.09270021986756924,-3.8,-38.0,24,4.12,0.1406,0.73,0.04477611940298507,0.3057591623036649,0.06392156862745099,0.13815228344470032,0.16512267563812238,N_equatorial
-3.8,-32.8,61,1.7,0.2679,1.85,0.4409,0.06451612903225806,0.35200000000000004,0.2901615271659325,0.23555921873273022,0.15271273154835097,-3.8,-32.8,11,3.0,0.2157,0.33,0.005970149253731343,0.18848167539267013,0.2111764705882353,0.13520943174487893,0.16020402686864593,N_equatorial
-3.8,-32.6,60,1.68,0.2533,1.82,0.4168,0.06093189964157706,0.336,0.24728340675477245,0.21473843546544988,0.11687565125748048,-3.8,-32.6,12,3.08,0.1808,0.36,0.008955223880597015,0.1968586387434555,0.14274509803921567,0.11618632022108939,0.12840901521590783,N_equatorial
-3.8,-32.4,64,1.67,0.2401,1.94,0.4044,0.07526881720430108,0.328,0.20851688693098386,0.203928568045095,0.09826952670856838,-3.8,-32.4,18,3.33,0.1672,0.55,0.026865671641791045,0.22303664921465965,0.116078431372549,0.12199358407633325,0.1381152097949123,N_equatorial
-3.8,-32.2,65,1.68,0.2457,1.97,0.4375,0.07885304659498207,0.336,0.22496328928046988,0.21327211195848403,0.11435179071981734,-3.8,-32.2,16,3.19,0.2195,0.48,0.020895522388059702,0.20837696335078532,0.21862745098039216,0.1492999789064124,0.1837548066994927,N_equatorial
-3.8,-32.0,64,1.67,0.2564,1.94,0.447,0.07526881720430108,0.328,0.2563876651982379,0.21988549413417968,0.1257348546988304,-3.8,-32.0,17,3.06,0.2401,0.52,0.023880597014925373,0.19476439790575917,0.25901960784313727,0.15922153425460728,0.200337581158584,N_equatorial
-3.6,-38.6,85,1.61,0.2229,2.58,0.3467,0.15053763440860216,0.28000000000000014,0.15800293685756236,0.1961801904220549,0.08493288958804074,-3.6,-38.6,19,3.32,0.1319,0.58,0.029850746268656716,0.22198952879581152,0.0468627450980392,0.09956767338750246,0.10063279842477714,N_equatorial
-3.6,-38.4,88,1.6,0.2272,2.67,0.3815,0.16129032258064516,0.27200000000000013,0.1706314243759178,0.20130724898552102,0.09375766851380163,-3.6,-38.4,24,3.96,0.1443,0.73,0.04477611940298507,0.2890052356020942,0.07117647058823531,0.1349859418644382,0.15983048843125647,N_equatorial
-3.6,-38.2,84,1.55,0.2373,2.55,0.4107,0.14695340501792115,0.23200000000000007,0.20029368575624085,0.19308236359138733,0.07960085825028082,-3.6,-38.2,27,3.89,0.1427,0.82,0.05373134328358209,0.28167539267015707,0.0680392156862745,0.13448198388000454,0.15898817880343766,N_equatorial
-3.6,-38.0,88,1.48,0.2404,2.67,0.4245,0.16129032258064516,0.17600000000000002,0.2093979441997063,0.18222942226011715,0.060920594165689526,-3.6,-38.0,23,4.39,0.1496,0.7,0.041791044776119404,0.3340314136125654,0.08156862745098041,0.1524636952798884,0.1890426061656754,N_equatorial
-3.6,-32.8,63,1.71,0.2655,1.91,0.4365,0.07168458781362007,0.36000000000000004,0.28311306901615274,0.23826588560992432,0.15737149183385268,-3.6,-32.8,14,3.21,0.2085,0.42,0.014925373134328358,0.21047120418848164,0.19705882352941176,0.1408184669507406,0.1695789043437617,N_equatorial
-3.6,-32.6,58,1.66,0.2501,1.76,0.4193,0.053763440860215055,0.32,0.23788546255506604,0.2038829678050937,0.09819103881302524,-3.6,-32.6,16,2.94,0.1572,0.48,0.020895522388059702,0.18219895287958113,0.09647058823529413,0.09985502116764498,0.10111306822746398,N_equatorial
-3.6,-32.4,62,1.56,0.2384,1.88,0.4066,0.06810035842293907,0.24000000000000007,0.20352422907488985,0.170541529165943,0.04080319714608443,-3.6,-32.4,18,3.11,0.1604,0.55,0.026865671641791045,0.19999999999999998,0.10274509803921567,0.10987025656033556,0.11785241844455598,N_equatorial
-3.6,-32.2,63,1.62,0.2429,1.91,0.4267,0.07168458781362007,0.28800000000000014,0.21674008810572687,0.19214155863978236,0.07798152903697018,-3.6,-32.2,16,3.69,0.2083,0.48,0.020895522388059702,0.2607329842931937,0.19666666666666668,0.15943172444930667,0.200688890652901,N_equatorial
-3.6,-32.0,59,1.68,0.2574,1.79,0.4446,0.05734767025089606,0.336,0.25932452276064616,0.21755739767051407,0.1217276961389318,-3.6,-32.0,15,2.53,0.2147,0.45,0.01791044776119403,0.13926701570680625,0.20921568627450982,0.12213104991417002,0.1383449686285504,N_equatorial
-3.4,-38.8,88,1.67,0.2401,2.67,0.3826,0.16129032258064516,0.328,0.20851688693098386,0.232602403170543,0.14762341116366018,-3.4,-38.8,26,4.23,0.1332,0.79,0.050746268656716415,0.3172774869109948,0.04941176470588238,0.13914517342453117,0.16678218062704758,N_equatorial
-3.4,-38.6,85,1.59,0.2406,2.58,0.4062,0.15053763440860216,0.2640000000000001,0.20998531571218795,0.20817431670693007,0.10557738029581311,-3.4,-38.6,26,4.46,0.1525,0.79,0.050746268656716415,0.34136125654450256,0.08725490196078431,0.15978747572066776,0.20128348927070633,N_equatorial
-3.4,-38.4,87,1.57,0.2454,2.64,0.4232,0.15770609318996415,0.24800000000000008,0.22408223201174743,0.20992944173390385,0.10859833083858256,-3.4,-38.4,29,4.31,0.1454,0.88,0.05970149253731343,0.32565445026178,0.07333333333333333,0.1528964253774756,0.1897658663157339,N_equatorial
-3.4,-38.2,85,1.58,0.2531,2.58,0.434,0.15053763440860216,0.2560000000000001,0.2466960352422907,0.21774455655029765,0.12204983713218125,-3.4,-38.2,25,4.8,0.1638,0.76,0.04776119402985075,0.37696335078534027,0.10941176470588236,0.17804543650702445,0.23179963670702244,N_equatorial
-3.4,-32.4,58,1.66,0.2449,1.76,0.4185,0.053763440860215055,0.32,0.22261380323054333,0.19879241469691947,0.0894290936872975,-3.4,-32.4,15,3.2,0.1489,0.45,0.01791044776119403,0.20942408376963348,0.08019607843137255,0.10251020332073335,0.10555090939724385,N_equatorial
-3.2,-39.2,94,1.56,0.2318,2.85,0.326,0.1827956989247312,0.24000000000000007,0.1841409691629956,0.20231222269590896,0.09548744606765495,-3.2,-39.2,24,3.96,0.1168,0.73,0.04477611940298507,0.2890052356020942,0.017254901960784316,0.11701208565528787,0.1297891901452266,N_equatorial
-3.2,-39.0,84,1.62,0.2477,2.55,0.3899,0.14695340501792115,0.28800000000000014,0.23083700440528634,0.22193013647440255,0.12925412728200114,-3.2,-39.0,25,4.08,0.1306,0.76,0.04776119402985075,0.3015706806282722,0.04431372549019607,0.13121520004943968,0.15352811356490434,N_equatorial
-3.2,-38.8,86,1.63,0.2455,2.61,0.4194,0.15412186379928317,0.296,0.22437591776798824,0.22483259385575713,0.13424988545695385,-3.2,-38.8,26,4.54,0.1419,0.79,0.050746268656716415,0.3497382198952879,0.06647058823529411,0.15565169226243283,0.19437098796494803,N_equatorial
-3.2,-38.6,85,1.55,0.2503,2.58,0.4329,0.15053763440860216,0.23200000000000007,0.23847283406754777,0.20700348949204997,0.10356213291689569,-3.2,-38.6,25,4.48,0.1466,0.76,0.04776119402985075,0.34345549738219894,0.07568627450980393,0.1556343219739512,0.1943419554628784,N_equatorial
-3.0,-39.4,97,1.57,0.2452,2.94,0.3677,0.1935483870967742,0.24800000000000008,0.22349486049926579,0.22168108253201335,0.1288254514720865,-3.0,-39.4,23,5.35,0.1452,0.7,0.041791044776119404,0.43455497382198943,0.07294117647058823,0.1830957316895657,0.2402406424792831,N_equatorial
-3.0,-39.2,86,1.57,0.2494,2.61,0.4019,0.15412186379928317,0.24800000000000008,0.23582966226138033,0.21265050868688787,0.1132818767753085,-3.0,-39.2,25,4.76,0.1531,0.76,0.04776119402985075,0.37277486910994756,0.08843137254901963,0.16965581189627266,0.2177773138116661,N_equatorial
-3.0,-39.0,86,1.64,0.253,2.61,0.4273,0.15412186379928317,0.304,0.24640234948604992,0.23484140442844437,0.15147721756569243,-3.0,-39.0,24,5.08,0.1627,0.73,0.04477611940298507,0.40628272251308895,0.10725490196078434,0.18610458129228613,0.24526959939099527,N_equatorial
-3.0,-38.8,85,1.54,0.2503,2.58,0.4335,0.15053763440860216,0.22400000000000006,0.23847283406754777,0.20433682282538332,0.09897222166257218,-3.0,-38.8,26,4.65,0.1723,0.79,0.050746268656716415,0.3612565445026178,0.12607843137254904,0.17936041484396106,0.23399747650277364,N_equatorial
-2.8,-41.6,94,1.54,0.2797,2.85,0.3001,0.1827956989247312,0.22400000000000006,0.32481644640234947,0.24387071510902691,0.1670186180825385,-2.8,-41.6,23,8.57,0.1916,0.7,0.041791044776119404,0.7717277486910994,0.16392156862745097,0.3258134540315566,0.4787774159845614,N_equatorial
-2.8,-41.4,87,1.71,0.2801,2.64,0.3115,0.15770609318996415,0.36000000000000004,0.3259911894273128,0.28123242753909233,0.23132622221887236,-2.8,-41.4,17,9.88,0.2149,0.52,0.023880597014925373,0.9089005235602096,0.20960784313725492,0.38079632123746326,0.5706751531831552,N_equatorial
-2.8,-41.2,85,1.71,0.2707,2.58,0.3591,0.15053763440860216,0.36000000000000004,0.2983847283406754,0.26964078758309257,0.2113744977100812,-2.8,-41.2,14,6.86,0.197,0.42,0.014925373134328358,0.5926701570680628,0.17450980392156865,0.26070177804131994,0.36995050329733165,N_equatorial
-2.8,-41.0,84,1.74,0.2638,2.55,0.3435,0.14695340501792115,0.38400000000000006,0.27812041116005864,0.2696912720593266,0.2114613924346944,-2.8,-41.0,10,6.7,0.1908,0.3,0.0029850746268656717,0.5759162303664921,0.1623529411764706,0.24708474872327613,0.3471911557898829,N_equatorial
-2.8,-40.8,86,1.78,0.2551,2.61,0.321,0.15412186379928317,0.4160000000000001,0.25256975036710716,0.2742305380554635,0.21927445296545822,-2.8,-40.8,11,4.82,0.1753,0.33,0.005970149253731343,0.37905759162303665,0.13196078431372552,0.17232950839683117,0.2222460996506616,N_equatorial
-2.8,-40.6,87,1.7,0.238,2.64,0.3096,0.15770609318996415,0.35200000000000004,0.20234948604992653,0.23735185974663023,0.15579825523509905,-2.8,-40.6,11,3.73,0.1842,0.33,0.005970149253731343,0.2649214659685864,0.14941176470588236,0.14010112664273336,0.16837994993383007,N_equatorial
-2.8,-40.4,87,1.77,0.2489,2.64,0.3356,0.15770609318996415,0.4080000000000001,0.23436123348017623,0.2666891088900468,0.20629401899044708,-2.8,-40.4,14,3.14,0.1719,0.42,0.014925373134328358,0.2031413612565445,0.1252941176470588,0.11445361734597721,0.1255129953909686,N_equatorial
-2.8,-40.2,88,1.66,0.2502,2.67,0.3625,0.16129032258064516,0.32,0.23817914831130682,0.239823156963984,0.1600518933266155,-2.8,-40.2,12,3.83,0.1915,0.36,0.008955223880597015,0.27539267015706803,0.16372549019607843,0.14935779474458113,0.18385143943205012,N_equatorial
-2.8,-40.0,81,1.78,0.2589,2.45,0.3838,0.13620071684587814,0.4160000000000001,0.2637298091042585,0.2719768419833789,0.21539535360355105,-2.8,-40.0,14,4.93,0.1685,0.42,0.014925373134328358,0.3905759162303664,0.11862745098039218,0.174709580115029,0.22622412437704859,N_equatorial
-2.8,-39.8,86,1.71,0.2619,2.61,0.4031,0.15412186379928317,0.36000000000000004,0.27254038179148316,0.26222074853025545,0.19860300242652973,-2.8,-39.8,18,6.61,0.2068,0.55,0.026865671641791045,0.5664921465968586,0.19372549019607846,0.26236110281157604,0.3727238797946514,N_equatorial
-2.8,-39.6,93,1.67,0.2596,2.82,0.4173,0.17921146953405018,0.328,0.26578560939794416,0.25766569297733144,0.19076276464661668,-2.8,-39.6,24,6.12,0.1954,0.73,0.04477611940298507,0.5151832460732984,0.17137254901960783,0.24377730483196378,0.34166313178952185,N_equatorial
-2.8,-39.4,93,1.59,0.2556,2.82,0.4243,0.17921146953405018,0.2640000000000001,0.2540381791483113,0.2324165495607872,0.1473035168230071,-2.8,-39.4,26,5.04,0.1652,0.79,0.050746268656716415,0.4020942408376963,0.11215686274509806,0.18833245741317026,0.2489932461317392,N_equatorial
-2.8,-39.2,93,1.61,0.2557,2.82,0.434,0.17921146953405018,0.28000000000000014,0.25433186490455206,0.2378477781462008,0.15665183827637974,-2.8,-39.2,26,5.27,0.1693,0.79,0.050746268656716415,0.42617801047120407,0.12019607843137256,0.19904011918643102,0.2668899099045742,N_equatorial
-2.6,-42.4,97,1.51,0.2839,2.94,0.3765,0.1935483870967742,0.20000000000000004,0.33715124816446396,0.2435665450870794,0.16649507555492674,-2.6,-42.4,29,5.03,0.2024,0.88,0.05970149253731343,0.40104712041884816,0.18509803921568627,0.21528221739061595,0.2940367676108524,N_equatorial
-2.6,-42.2,97,1.53,0.283,2.94,0.362,0.1935483870967742,0.21600000000000005,0.33450807635829655,0.24801882115169027,0.17415840756104403,-2.6,-42.2,22,6.86,0.2089,0.67,0.03880597014925373,0.5926701570680628,0.19784313725490196,0.27643975482407285,0.3962547782090559,N_equatorial
-2.6,-42.0,96,1.54,0.2809,2.91,0.3529,0.18996415770609318,0.22400000000000006,0.3283406754772393,0.24743494439444416,0.17315342912383583,-2.6,-42.0,21,7.43,0.2112,0.64,0.03582089552238806,0.6523560209424083,0.2023529411764706,0.29684328588042236,0.4303570073255892,N_equatorial
-2.6,-41.8,96,1.58,0.2847,2.91,0.3556,0.18996415770609318,0.2560000000000001,0.3395007342143906,0.2618216306401613,0.19791603404070032,-2.6,-41.8,22,7.36,0.2214,0.67,0.03880597014925373,0.6450261780104711,0.22235294117647061,0.3020616964453985,0.439078999230788,N_equatorial
-2.6,-41.6,96,1.62,0.2908,2.91,0.3953,0.18996415770609318,0.28800000000000014,0.35741556534508073,0.2784599076837247,0.22655411468625208,-2.6,-41.6,20,7.1,0.2362,0.61,0.03283582089552239,0.6178010471204187,0.2513725490196078,0.3006698056785163,0.43675260887676975,N_equatorial
-2.6,-41.4,88,1.7,0.2814,2.67,0.3531,0.16129032258064516,0.35200000000000004,0.3298091042584434,0.28103314227969617,0.23098320909827613,-2.6,-41.4,21,7.76,0.2015,0.64,0.03582089552238806,0.6869109947643978,0.18333333333333335,0.3020217412067064,0.43901221850050554,N_equatorial
-2.6,-41.2,83,1.8,0.2783,2.52,0.4237,0.14336917562724014,0.4320000000000001,0.32070484581497793,0.29869134048073936,0.26137679509354256,-2.6,-41.2,16,7.12,0.216,0.48,0.020895522388059702,0.6198952879581151,0.21176470588235294,0.28418517207617594,0.4092003802719974,N_equatorial
-2.6,-41.0,84,1.79,0.2765,2.55,0.4008,0.14695340501792115,0.4240000000000001,0.3154185022026432,0.2954573024068548,0.255810314686455,-2.6,-41.0,18,7.5,0.2168,0.55,0.026865671641791045,0.6596858638743455,0.21333333333333332,0.29996162294982326,0.4355689603404667,N_equatorial
-2.6,-40.8,83,1.67,0.2682,2.52,0.3733,0.14336917562724014,0.328,0.29104258443465486,0.254137253353965,0.1846895553700576,-2.6,-40.8,16,7.94,0.204,0.48,0.020895522388059702,0.7057591623036649,0.18823529411764703,0.30496332626979056,0.4439287502277847,N_equatorial
-2.6,-40.6,78,1.77,0.2768,2.36,0.4348,0.12544802867383512,0.4080000000000001,0.31629955947136557,0.28324919604840026,0.23479751789821152,-2.6,-40.6,14,8.64,0.2317,0.42,0.014925373134328358,0.7790575916230367,0.2425490196078431,0.34551066145506937,0.5116991038364039,N_equatorial
-2.6,-40.4,79,1.75,0.2707,2.39,0.4367,0.12903225806451613,0.39200000000000007,0.2983847283406754,0.2731389954683972,0.21739567161360238,-2.6,-40.4,14,8.0,0.2282,0.42,0.014925373134328358,0.7120418848167539,0.2356862745098039,0.3208845108202954,0.4705392365131458,N_equatorial
-2.6,-40.2,82,1.68,0.2665,2.49,0.4343,0.13978494623655913,0.336,0.286049926578561,0.25394495760504004,0.18435857271175168,-2.6,-40.2,13,8.38,0.218,0.39,0.011940298507462687,0.7518324607329843,0.21568627450980393,0.32648634458341697,0.4799020775789942,N_equatorial
-2.6,-40.0,85,1.72,0.2755,2.58,0.4319,0.15053763440860216,0.36800000000000005,0.312481644640235,0.2770064263496124,0.2240523583112304,-2.6,-40.0,16,7.56,0.226,0.48,0.020895522388059702,0.6659685863874344,0.23137254901960785,0.3060788859317007,0.44579328392435696,N_equatorial
-2.6,-39.8,88,1.68,0.2698,2.67,0.4301,0.16129032258064516,0.336,0.295741556534508,0.26434395970505103,0.20225750900146713,-2.6,-39.8,17,8.12,0.2301,0.52,0.023880597014925373,0.7246073298429317,0.23941176470588235,0.32929989718791314,0.48460461731512916,N_equatorial
-2.6,-39.6,92,1.53,0.2574,2.79,0.4319,0.17562724014336917,0.21600000000000005,0.25932452276064616,0.21698392096800512,0.12074061844982997,-2.6,-39.6,25,5.56,0.186,0.76,0.04776119402985075,0.45654450261780094,0.15294117647058822,0.21908229103941332,0.3003881673697025,N_equatorial
-2.4,-44.2,93,1.76,0.3243,2.82,0.4311,0.17921146953405018,0.4000000000000001,0.45580029368575614,0.34500392107326877,0.3410907831729488,-2.4,-44.2,39,5.87,0.2017,1.18,0.08955223880597014,0.4890052356020942,0.18372549019607842,0.2540943215347143,0.35890687584659814,N_equatorial
-2.4,-44.0,95,1.68,0.4143,2.88,0.5044,0.1863799283154122,0.336,0.7201174743024963,0.41416580087263616,0.4601333670959319,-2.4,-44.0,54,3.89,0.2884,1.64,0.13432835820895522,0.28167539267015707,0.3537254901960784,0.25657641369173023,0.36305541637093874,N_equatorial
-2.4,-43.0,88,1.78,0.2991,2.67,0.3657,0.16129032258064516,0.4160000000000001,0.38179148311306893,0.31969393523123807,0.297526812349284,-2.4,-43.0,38,5.74,0.2102,1.15,0.08656716417910448,0.47539267015706804,0.20039215686274509,0.2541173303996392,0.3589453326010302,N_equatorial
-2.4,-42.8,88,1.66,0.2933,2.67,0.4168,0.16129032258064516,0.32,0.3647577092511013,0.2820160106105822,0.2326749385033206,-2.4,-42.8,30,5.77,0.2277,0.91,0.0626865671641791,0.47853403141361245,0.2347058823529412,0.2586421603102443,0.3665080817104192,N_equatorial
-2.4,-42.6,91,1.58,0.29,2.76,0.4327,0.17204301075268819,0.2560000000000001,0.3550660792951541,0.26103636334928076,0.1965644188496761,-2.4,-42.6,28,5.96,0.2153,0.85,0.056716417910447764,0.4984293193717277,0.21039215686274507,0.2551792980483068,0.3607202932178563,N_equatorial
-2.4,-42.4,92,1.62,0.3053,2.79,0.4774,0.17562724014336917,0.28800000000000014,0.4,0.2878757467144564,0.24276081426227247,-2.4,-42.4,30,5.8,0.2129,0.91,0.0626865671641791,0.481675392670157,0.20568627450980392,0.2500160781147133,0.3520905463045316,N_equatorial
-2.4,-42.2,91,1.64,0.3066,2.76,0.4741,0.17204301075268819,0.304,0.4038179148311306,0.2932869751946063,0.2520747112000559,-2.4,-42.2,30,6.57,0.2121,0.91,0.0626865671641791,0.5623036649214659,0.20411764705882354,0.27636929304815616,0.39613700920036654,N_equatorial
-2.4,-42.0,90,1.62,0.2988,2.73,0.4671,0.16845878136200718,0.28800000000000014,0.38091042584434653,0.27912306906878465,0.22769555915052186,-2.4,-42.0,27,7.19,0.2086,0.82,0.05373134328358209,0.6272251308900524,0.19725490196078432,0.2927371253781396,0.4234940174905758,N_equatorial
-2.4,-41.8,94,1.63,0.2898,2.85,0.4621,0.1827956989247312,0.296,0.35447870778267254,0.2777581355691346,0.22534621278872924,-2.4,-41.8,25,7.32,0.2171,0.76,0.04776119402985075,0.6408376963350785,0.21392156862745096,0.3008401529974601,0.4370373254429349,N_equatorial
-2.4,-41.6,87,1.7,0.2831,2.64,0.4619,0.15770609318996415,0.35200000000000004,0.3348017621145375,0.2815026184348339,0.2317912793063148,-2.4,-41.6,24,7.29,0.2329,0.73,0.04477611940298507,0.637696335078534,0.24490196078431373,0.3091248050886109,0.45088419846618405,N_equatorial
-2.4,-40.8,76,1.84,0.2782,2.3,0.466,0.11827956989247312,0.46400000000000013,0.32041116005873715,0.3008969099837368,0.26517305820004283,-2.4,-40.8,16,8.69,0.2378,0.48,0.020895522388059702,0.7842931937172773,0.2545098039215687,0.3532328400089686,0.524605865004192,N_equatorial
-2.4,-40.6,76,1.82,0.2728,2.3,0.4551,0.11827956989247312,0.4480000000000001,0.3045521292217327,0.2902772330380686,0.24689429267621688,-2.4,-40.6,15,10.47,0.2582,0.45,0.01791044776119403,0.9706806282722514,0.2945098039215686,0.42770029331833803,0.649069917205126,N_equatorial
-2.4,-40.4,78,1.79,0.2723,2.36,0.4506,0.12544802867383512,0.4240000000000001,0.30308370044052857,0.28417724303812125,0.23639488789420957,-2.4,-40.4,16,9.81,0.2264,0.48,0.020895522388059702,0.9015706806282723,0.23215686274509803,0.38487435525381003,0.5774911327303422,N_equatorial
-2.4,-40.2,80,1.73,0.2771,2.42,0.4499,0.13261648745519714,0.37600000000000006,0.31718061674008813,0.27526570139842843,0.22105619341968497,-2.4,-40.2,15,8.93,0.2383,0.45,0.01791044776119403,0.8094240837696334,0.25549019607843143,0.36094157586975295,0.5374901582080145,N_equatorial
-2.4,-40.0,88,1.6,0.2752,2.67,0.4459,0.16129032258064516,0.27200000000000013,0.31160058737151247,0.24829696998405257,0.17463716198205775,-2.4,-40.0,20,7.05,0.2247,0.61,0.03283582089552239,0.6125654450261779,0.22882352941176473,0.29140826511115503,0.4212729755952582,N_equatorial
-2.2,-44.2,87,1.8,0.3931,2.64,0.5248,0.15770609318996415,0.4320000000000001,0.657856093979442,0.4158540623898021,0.4630392310476374,-2.2,-44.2,36,5.5,0.2426,1.09,0.08059701492537313,0.450261780104712,0.263921568627451,0.2649267878858454,0.37701213656755805,N_equatorial
-2.2,-44.0,93,1.83,0.39,2.82,0.5563,0.17921146953405018,0.4560000000000001,0.6487518355359765,0.42798776835667557,0.48392396863788933,-2.2,-44.0,37,5.03,0.2299,1.12,0.08358208955223881,0.40104712041884816,0.23901960784313725,0.2412162726047414,0.3373826517321063,N_equatorial
-2.2,-43.8,95,1.72,0.3774,2.88,0.5476,0.1863799283154122,0.36800000000000005,0.6117474302496329,0.3887091195216817,0.41631690150950407,-2.2,-43.8,36,5.33,0.2413,1.09,0.08059701492537313,0.43246073298429316,0.26137254901960777,0.258143432309758,0.36567451341812496,N_equatorial
-2.2,-43.6,100,1.59,0.3307,3.03,0.5013,0.20430107526881722,0.2640000000000001,0.4745961820851688,0.3142990857846621,0.28824110727795144,-2.2,-43.6,31,5.32,0.2206,0.94,0.06567164179104477,0.431413612565445,0.22078431372549018,0.23928985602732666,0.3341628610343368,N_equatorial
-2.2,-43.4,95,1.57,0.3322,2.88,0.501,0.1863799283154122,0.24800000000000008,0.47900146842878116,0.30446046558139783,0.27130670967870985,-2.2,-43.4,30,5.47,0.2286,0.91,0.0626865671641791,0.44712041884816744,0.2364705882352941,0.2487591914158802,0.34998980021020343,N_equatorial
-2.2,-43.2,93,1.62,0.3277,2.82,0.4975,0.17921146953405018,0.28800000000000014,0.46578560939794417,0.31099902631066484,0.2825609897330875,-2.2,-43.2,32,6.06,0.237,0.97,0.06865671641791045,0.5089005235602093,0.2529411764705882,0.2768328054829027,0.3969117185976975,N_equatorial
-2.2,-43.0,86,1.77,0.333,2.61,0.4811,0.15412186379928317,0.4080000000000001,0.4813509544787078,0.34782427275933037,0.3459452196523255,-2.2,-43.0,36,6.28,0.2416,1.09,0.08059701492537313,0.5319371727748691,0.2619607843137255,0.29149832400465586,0.42142349900278336,N_equatorial
-2.2,-42.8,93,1.69,0.3079,2.82,0.4748,0.17921146953405018,0.34400000000000003,0.40763582966226136,0.3102824330654372,0.28132757745769654,-2.2,-42.8,35,6.57,0.256,1.06,0.07761194029850746,0.5623036649214659,0.2901960784313726,0.31003722788378196,0.45240921152035285,N_equatorial
-2.2,-42.6,93,1.63,0.3031,2.82,0.4801,0.17921146953405018,0.296,0.3935389133627018,0.289583460965584,0.2457001605849297,-2.2,-42.6,32,6.59,0.2434,0.97,0.06865671641791045,0.5643979057591623,0.2654901960784314,0.2995149394185014,0.4348223785803953,N_equatorial
-2.0,-44.4,91,1.7,0.4033,2.76,0.4774,0.17204301075268819,0.35200000000000004,0.6878120411160058,0.4039516839562314,0.44255265827558826,-2.0,-44.4,48,5.23,0.2974,1.45,0.11641791044776119,0.42198952879581153,0.37137254901960787,0.30325999608772686,0.4410818235870273,N_equatorial
-2.0,-44.2,86,1.76,0.4203,2.61,0.5592,0.15412186379928317,0.4000000000000001,0.7377386196769455,0.43062016115874296,0.48845488714339286,-2.0,-44.2,38,6.47,0.3071,1.15,0.08656716417910448,0.5518324607329842,0.3903921568627451,0.34293059392494457,0.5073868083908044,N_equatorial
-2.0,-44.0,94,1.72,0.4028,2.85,0.5836,0.1827956989247312,0.36800000000000005,0.6863436123348017,0.41237977041984425,0.45705922161749407,-2.0,-44.0,35,7.06,0.2881,1.06,0.07761194029850746,0.6136125654450261,0.35313725490196085,0.3481205868818315,0.5160613034299302,N_equatorial
-2.0,-43.8,94,1.71,0.3826,2.85,0.5697,0.1827956989247312,0.36000000000000004,0.6270190895741556,0.38993826283296223,0.41843252352861277,-2.0,-43.8,33,7.15,0.279,1.0,0.07164179104477612,0.6230366492146596,0.3352941176470589,0.3433241859688316,0.5080446536442564,N_equatorial
-2.0,-43.6,91,1.68,0.3596,2.76,0.5435,0.17204301075268819,0.336,0.5594713656387664,0.35583812546381816,0.3597387969218828,-2.0,-43.6,30,7.13,0.2548,0.91,0.0626865671641791,0.6209424083769632,0.287843137254902,0.32382403759868145,0.4754523280468541,N_equatorial
-2.0,-43.4,92,1.63,0.3357,2.79,0.5258,0.17562724014336917,0.296,0.48928046989720997,0.3203025700135264,0.29857440471315827,-2.0,-43.4,28,6.86,0.2562,0.85,0.056716417910447764,0.5926701570680628,0.29058823529411765,0.31332493675754275,0.4579042506374452,N_equatorial
-2.0,-43.2,87,1.63,0.3313,2.64,0.5056,0.15770609318996415,0.296,0.4763582966226137,0.3100214632708593,0.2808783918837572,-2.0,-43.2,28,7.32,0.265,0.85,0.056716417910447764,0.6408376963350785,0.30784313725490203,0.33513241716680947,0.49435302469117415,N_equatorial
-2.0,-43.0,89,1.67,0.3165,2.7,0.491,0.16487455197132617,0.328,0.43289280469897207,0.3085891188900994,0.27841301678626335,-2.0,-43.0,33,6.79,0.263,1.0,0.07164179104477612,0.5853403141361256,0.303921568627451,0.32030122460278426,0.4695643385812561,N_equatorial
-1.8,-44.4,96,1.55,0.4028,2.91,0.4837,0.18996415770609318,0.23200000000000007,0.6863436123348017,0.369435923346965,0.383143553998585,-1.8,-44.4,46,5.78,0.2862,1.39,0.11044776119402985,0.4795811518324607,0.3494117647058824,0.31314689257745765,0.4576066696253469,N_equatorial
-1.8,-44.2,90,1.64,0.4121,2.73,0.5695,0.16845878136200718,0.304,0.7136563876651982,0.3953717230090685,0.4277846860331985,-1.8,-44.2,39,6.87,0.3033,1.18,0.08955223880597014,0.5937172774869109,0.3829411764705883,0.35540356425448977,0.52823398875224,N_equatorial
-1.6,-44.6,102,1.51,0.4042,3.09,0.4818,0.2114695340501792,0.20000000000000004,0.6904552129221733,0.3673082489907842,0.3794813653212213,-1.6,-44.6,44,6.09,0.2952,1.33,0.1044776119402985,0.5120418848167538,0.3670588235294118,0.327859440095488,0.48219705375847066,N_equatorial
-1.6,-44.4,103,1.51,0.3829,3.12,0.4747,0.21505376344086022,0.20000000000000004,0.6279001468428781,0.3476513034279128,0.3456475019469781,-1.6,-44.4,37,6.84,0.278,1.12,0.08358208955223881,0.5905759162303664,0.3333333333333334,0.3358304463719795,0.4955197027440562,N_equatorial
-1.6,-44.2,96,1.59,0.3894,2.91,0.5454,0.18996415770609318,0.2640000000000001,0.6469897209985316,0.366984626234875,0.37892434042265777,-1.6,-44.2,39,6.72,0.2842,1.18,0.08955223880597014,0.5780104712041884,0.3454901960784314,0.33768430202953,0.49861821594788197,N_equatorial
-1.4,-48.6,100,1.94,0.3218,3.03,0.4977,0.20430107526881722,0.544,0.4484581497797356,0.39891974168285094,0.43389159509870256,-1.4,-48.6,76,2.91,0.2969,2.3,0.2,0.17905759162303667,0.3703921568627451,0.24981658282859395,0.35175711215844574,N_equatorial
-1.4,-45.2,95,1.58,0.4692,2.88,0.505,0.1863799283154122,0.2560000000000001,0.8813509544787078,0.44124362759804003,0.5067401752070145,-1.4,-45.2,38,4.95,0.4154,1.15,0.08656716417910448,0.3926701570680628,0.6027450980392157,0.36066080642879433,0.5370208833664174,N_equatorial
-1.4,-45.0,93,1.47,0.467,2.82,0.5042,0.17921146953405018,0.168,0.8748898678414098,0.4073671124584866,0.44843135092090286,-1.4,-45.0,49,4.8,0.4585,1.49,0.11940298507462686,0.37696335078534027,0.6872549019607843,0.3945404126069172,0.593646870754258,N_equatorial
-1.4,-44.8,104,1.48,0.4208,3.15,0.4957,0.21863799283154123,0.17600000000000002,0.7392070484581498,0.37794834709656366,0.3977952800872802,-1.4,-44.8,31,7.16,0.3529,0.94,0.06567164179104477,0.6240837696335078,0.4801960784313726,0.38998382995197506,0.5860310504701067,N_equatorial
-1.4,-44.6,102,1.49,0.3787,3.09,0.4653,0.2114695340501792,0.18400000000000002,0.6155653450807634,0.3370116263769809,0.327334311907563,-1.4,-44.6,26,9.27,0.3037,0.79,0.050746268656716415,0.8450261780104712,0.3837254901960785,0.4264993122877554,0.6470626112071383,N_equatorial
-1.4,-44.4,104,1.52,0.3677,3.15,0.5054,0.21863799283154123,0.20800000000000005,0.5832599118942732,0.3366326349086048,0.326681985455316,-1.4,-44.4,35,7.31,0.2733,1.06,0.07761194029850746,0.6397905759162302,0.3241176470588235,0.3471733877578537,0.5144781656163988,N_equatorial
-1.2,-48.6,85,1.87,0.3221,2.58,0.4895,0.15053763440860216,0.48800000000000016,0.4493392070484581,0.3626256138190202,0.3714215353681823,-1.2,-48.6,51,2.49,0.2706,1.55,0.1253731343283582,0.13507853403141362,0.31882352941176473,0.19309173259051218,0.2569478443862328,N_equatorial
-1.2,-45.6,87,1.39,0.4856,2.64,0.5079,0.15770609318996415,0.10399999999999994,0.9295154185022025,0.39707383723072215,0.4307143934914907,-1.2,-45.6,41,4.85,0.4668,1.24,0.0955223880597015,0.38219895287958106,0.7035294117647058,0.3937502509013295,0.5923262034908984,N_equatorial
-1.2,-45.4,95,1.56,0.3941,2.88,0.5547,0.1863799283154122,0.24000000000000007,0.6607929515418501,0.3623909599524208,0.37101764520949165,-1.2,-45.4,23,6.87,0.2581,0.7,0.041791044776119404,0.5937172774869109,0.2943137254901961,0.3099406825844088,0.4522478468080266,N_equatorial
-1.2,-45.2,91,1.68,0.4003,2.76,0.5611,0.17204301075268819,0.336,0.6790014684287812,0.3956814930604898,0.42831786742517514,-1.2,-45.2,25,7.76,0.2737,0.76,0.04776119402985075,0.6869109947643978,0.32490196078431377,0.35319138319285415,0.5245365745545306,N_equatorial
-1.2,-45.0,91,1.68,0.4045,2.76,0.543,0.17204301075268819,0.336,0.6913362701908957,0.3997930936478613,0.4353948231036476,-1.2,-45.0,25,8.4,0.2887,0.76,0.04776119402985075,0.7539267015706805,0.35431372549019613,0.3853338736969092,0.5782591666155831,N_equatorial
-1.2,-44.8,93,1.67,0.3901,2.82,0.5557,0.17921146953405018,0.328,0.6490455212922173,0.38541899694208914,0.4106538875134382,-1.2,-44.8,26,8.81,0.3098,0.79,0.050746268656716415,0.7968586387434554,0.395686274509804,0.4144303939699919,0.6268907587702035,N_equatorial
-1.2,-44.6,98,1.58,0.3778,2.97,0.534,0.1971326164874552,0.2560000000000001,0.6129221732745962,0.35535159658735055,0.3589013752847633,-1.2,-44.6,27,9.33,0.3217,0.82,0.05373134328358209,0.8513089005235602,0.41901960784313724,0.4413532838834265,0.6718893699307669,N_equatorial
-1.0,-48.4,89,1.9,0.3416,2.7,0.4972,0.16487455197132617,0.512,0.5066079295154186,0.3944941604955816,0.4262742107618139,-1.0,-48.4,42,2.36,0.3165,1.27,0.09850746268656717,0.12146596858638742,0.40882352941176475,0.20959898689490644,0.28453788097444144,N_equatorial
-1.0,-46.0,98,1.29,0.4023,2.97,0.5111,0.1971326164874552,0.024000000000000025,0.6848751835535976,0.30200260001368423,0.2670761903671362,-1.0,-46.0,26,6.46,0.3179,0.79,0.050746268656716415,0.5507853403141361,0.41156862745098044,0.33770007880727765,0.49864458507428394,N_equatorial
-1.0,-45.8,100,1.44,0.3874,3.03,0.5449,0.20430107526881722,0.144,0.6411160058737151,0.3298056937141774,0.31493134012247576,-1.0,-45.8,24,7.62,0.2621,0.73,0.04477611940298507,0.6722513089005235,0.30215686274509806,0.3397280970162022,0.5020341915802482,N_equatorial
-1.0,-45.6,97,1.52,0.3875,2.94,0.5647,0.1935483870967742,0.20800000000000005,0.641409691629956,0.34765269290891004,0.3456498935449032,-1.0,-45.6,24,7.21,0.2299,0.73,0.04477611940298507,0.6293193717277487,0.23901960784313725,0.304371699657957,0.44293991225594226,N_equatorial
-1.0,-45.4,92,1.6,0.3924,2.79,0.5743,0.17562724014336917,0.27200000000000013,0.6558002936857563,0.3678091779430419,0.3803435726095654,-1.0,-45.4,20,8.8,0.288,0.61,0.03283582089552239,0.7958115183246073,0.3529411764705882,0.39386283856357257,0.5925143812255711,N_equatorial
-1.0,-45.2,91,1.63,0.3905,2.76,0.5598,0.17204301075268819,0.296,0.6502202643171806,0.37275442502328965,0.3888554145704553,-1.0,-45.2,21,10.1,0.3161,0.64,0.03582089552238806,0.9319371727748691,0.4080392156862745,0.45859909466117726,0.7007138213857133,N_equatorial
-1.0,-45.0,94,1.59,0.3869,2.85,0.5429,0.1827956989247312,0.2640000000000001,0.6396475770925111,0.36214775867241417,0.37059904309992847,-1.0,-45.0,26,8.85,0.3109,0.79,0.050746268656716415,0.8010471204188481,0.397843137254902,0.41654550877682217,0.6304259375366187,N_equatorial
-1.0,-44.8,100,1.55,0.3673,3.03,0.518,0.20430107526881722,0.23200000000000007,0.5820851688693098,0.33946208137937567,0.3315520760302025,-1.0,-44.8,25,9.56,0.3187,0.76,0.04776119402985075,0.8753926701570681,0.4131372549019608,0.44543037302962657,0.6787037702327665,N_equatorial
-1.0,-44.6,94,1.57,0.3605,2.85,0.4974,0.1827956989247312,0.24800000000000008,0.5621145374449339,0.3309700787898884,0.31693549918374037,-1.0,-44.6,24,10.75,0.3322,0.73,0.04477611940298507,1.0,0.43960784313725493,0.49479465418008,0.7612106667751594,N_equatorial
-0.8,-48.4,86,1.9,0.3437,2.61,0.4993,0.15412186379928317,0.512,0.5127753303964757,0.3929657313985863,0.4236434530441635,-0.8,-48.4,46,2.24,0.2924,1.39,0.11044776119402985,0.10890052356020945,0.3615686274509804,0.19363897073507322,0.2578624919801021,N_equatorial
-0.8,-48.2,84,1.67,0.3371,2.55,0.4999,0.14695340501792115,0.328,0.4933920704845815,0.3227818251675009,0.302841740138246,-0.8,-48.2,58,2.69,0.3169,1.76,0.14626865671641792,0.15602094240837694,0.40960784313725496,0.23729914742068328,0.33083561337212974,N_equatorial
-0.8,-46.6,104,1.44,0.3795,3.15,0.5333,0.21863799283154123,0.144,0.6179148311306901,0.32685094132074377,0.30984557089834064,-0.8,-46.6,24,5.83,0.3031,0.73,0.04477611940298507,0.48481675392670154,0.3825490196078431,0.30404729764584326,0.44239771043252185,N_equatorial
-0.8,-46.4,95,1.46,0.3843,2.88,0.5422,0.1863799283154122,0.16,0.6320117474302495,0.3261305585818872,0.30860563608315383,-0.8,-46.4,20,7.15,0.3259,0.61,0.03283582089552239,0.6230366492146596,0.42725490196078436,0.3610424573569888,0.5376587703752826,N_equatorial
-0.8,-46.2,98,1.31,0.3834,2.97,0.5101,0.1971326164874552,0.04000000000000004,0.6293685756240822,0.2888337307038458,0.24440971232265754,-0.8,-46.2,24,6.96,0.2768,0.73,0.04477611940298507,0.6031413612565444,0.33098039215686276,0.3262992909387974,0.479589438250621,N_equatorial
-0.8,-46.0,96,1.36,0.3789,2.91,0.5346,0.18996415770609318,0.08000000000000008,0.6161527165932452,0.29537229143311283,0.25566399237703524,-0.8,-46.0,25,6.96,0.269,0.76,0.04776119402985075,0.6031413612565444,0.31568627450980397,0.322196276598733,0.47273170687525917,N_equatorial
-0.8,-45.8,95,1.46,0.381,2.88,0.5489,0.1863799283154122,0.16,0.6223201174743025,0.32290001526323825,0.30304517090721134,-0.8,-45.8,25,6.32,0.2526,0.76,0.04776119402985075,0.5361256544502617,0.28352941176470586,0.28913875341493944,0.41747973962873614,N_equatorial
-0.8,-45.6,96,1.45,0.371,2.91,0.5436,0.18996415770609318,0.152,0.5929515418502203,0.31163856651877114,0.2836617770326299,-0.8,-45.6,24,6.33,0.2433,0.73,0.04477611940298507,0.5371727748691099,0.2652941176470588,0.2824143373063846,0.40624062723316473,N_equatorial
-0.8,-45.4,90,1.46,0.3689,2.73,0.5315,0.16845878136200718,0.16,0.586784140969163,0.3050809741103901,0.27237473933394435,-0.8,-45.4,20,7.9,0.2761,0.61,0.03283582089552239,0.7015706806282722,0.32960784313725494,0.35467144822034985,0.5270103383621593,N_equatorial
-0.6,-48.4,90,1.83,0.3672,2.73,0.5003,0.16845878136200718,0.4560000000000001,0.581791483113069,0.40208342149169213,0.43933697368358127,-0.6,-48.4,46,1.96,0.3428,1.39,0.11044776119402985,0.07958115183246073,0.4603921568627451,0.21680702329641188,0.29658531081222705,N_equatorial
-0.6,-48.2,86,1.55,0.3659,2.61,0.4986,0.15412186379928317,0.23200000000000007,0.5779735682819382,0.32136514402707383,0.30040332487190813,-0.6,-48.2,49,2.84,0.3282,1.49,0.11940298507462686,0.17172774869109944,0.43176470588235294,0.24096514654935974,0.3369629225070959,N_equatorial
-0.6,-48.0,89,1.55,0.3528,2.7,0.4974,0.16487455197132617,0.23200000000000007,0.5395007342143906,0.31212509539523897,0.28449919866974976,-0.6,-48.0,42,4.21,0.3473,1.27,0.09850746268656717,0.3151832460732984,0.4692156862745098,0.29430213167812513,0.42610975117233557,N_equatorial
-0.6,-47.2,92,1.6,0.3548,2.79,0.4907,0.17562724014336917,0.27200000000000013,0.545374449339207,0.33100056316085874,0.3169879693927645,-0.6,-47.2,24,5.42,0.3049,0.73,0.04477611940298507,0.44188481675392666,0.38607843137254905,0.29091312250982027,0.42044539989821633,N_equatorial
-0.6,-47.0,88,1.7,0.3723,2.67,0.5596,0.16129032258064516,0.35200000000000004,0.596769456681351,0.3700199264206654,0.3841487498537864,-0.6,-47.0,23,6.0,0.3546,0.7,0.041791044776119404,0.5026178010471204,0.48352941176470593,0.34264608586264855,0.5069112848601408,N_equatorial
-0.6,-46.8,89,1.67,0.3844,2.7,0.5724,0.16487455197132617,0.328,0.6323054331864905,0.3750599950526055,0.39282380025490077,-0.6,-46.8,21,6.95,0.3443,0.64,0.03582089552238806,0.6020942408376962,0.4633333333333333,0.3670828232311392,0.5477545690102872,N_equatorial
-0.6,-46.6,103,1.5,0.376,3.12,0.5603,0.21505376344086022,0.19200000000000003,0.6076358296622614,0.33822986436770724,0.3294311635065928,-0.6,-46.6,23,6.61,0.3028,0.7,0.041791044776119404,0.5664921465968586,0.38196078431372554,0.3300813252289012,0.48591068723107966,N_equatorial
-0.6,-46.4,94,1.5,0.3815,2.85,0.5589,0.1827956989247312,0.19200000000000003,0.6237885462555066,0.33286141506007927,0.3201908987958376,-0.6,-46.4,22,7.55,0.2991,0.67,0.03880597014925373,0.6649214659685863,0.37470588235294117,0.35947777282359367,0.5350435744905325,N_equatorial
-0.6,-46.2,102,1.39,0.3729,3.09,0.5401,0.2114695340501792,0.10399999999999994,0.5985315712187959,0.3046670350896583,0.27166226057024667,-0.6,-46.2,25,7.28,0.2632,0.76,0.04776119402985075,0.6366492146596858,0.3043137254901961,0.32957471139324424,0.4850639386438147,N_equatorial
-0.6,-46.0,104,1.36,0.3617,3.15,0.5251,0.21863799283154123,0.08000000000000008,0.5656387665198238,0.2880922531171217,0.24313346870260744,-0.6,-46.0,27,6.7,0.2624,0.82,0.05373134328358209,0.5759162303664921,0.30274509803921573,0.31079755722976327,0.453680017318088,N_equatorial
-0.4,-48.2,102,1.57,0.3483,3.09,0.49,0.2114695340501792,0.24800000000000008,0.5262848751835536,0.328584803077911,0.31282992274558924,-0.4,-48.2,40,2.98,0.3036,1.21,0.09253731343283582,0.1863874345549738,0.38352941176470584,0.2208180532508385,0.30328930053446523,N_equatorial
-0.4,-48.0,99,1.68,0.3265,3.0,0.4708,0.2007168458781362,0.336,0.46226138032305436,0.33299274206706353,0.3204169410360953,-0.4,-48.0,35,4.14,0.3019,1.06,0.07761194029850746,0.30785340314136117,0.3801960784313726,0.2552204739570804,0.36078911416219195,N_equatorial
-0.4,-47.8,99,1.74,0.335,3.0,0.5083,0.2007168458781362,0.38400000000000006,0.48722466960352423,0.3573138384938868,0.36227881886370683,-0.4,-47.8,34,5.32,0.3212,1.03,0.07462686567164178,0.431413612565445,0.4180392156862745,0.30802656464112044,0.44904861190707673,N_equatorial
-0.4,-47.6,87,1.76,0.3532,2.64,0.5393,0.15770609318996415,0.4000000000000001,0.5406754772393539,0.3661271901431061,0.3774485070848552,-0.4,-47.6,31,5.74,0.3341,0.94,0.06567164179104477,0.47539267015706804,0.44333333333333336,0.32813254842714873,0.4826535239093581,N_equatorial
-0.4,-47.4,84,1.81,0.3589,2.55,0.5611,0.14695340501792115,0.4400000000000001,0.5574155653450807,0.381456323454334,0.40383326764894184,-0.4,-47.4,26,7.04,0.3693,0.79,0.050746268656716415,0.6115183246073298,0.5123529411764707,0.3915391781468389,0.5886306417051115,N_equatorial
-0.4,-47.2,80,1.81,0.3731,2.42,0.571,0.13261648745519714,0.4400000000000001,0.5991189427312774,0.3905784767288249,0.4195344703907856,-0.4,-47.2,27,6.11,0.3604,0.82,0.05373134328358209,0.5141361256544502,0.49490196078431375,0.35425647657411535,0.5263167594851663,N_equatorial
-0.4,-47.0,85,1.75,0.3689,2.58,0.571,0.15053763440860216,0.39200000000000007,0.586784140969163,0.3764405917925884,0.3952001064478494,-0.4,-47.0,23,6.17,0.3842,0.7,0.041791044776119404,0.5204188481675392,0.5415686274509803,0.3679261734648797,0.5491641349730155,N_equatorial
-0.4,-46.8,95,1.59,0.3703,2.88,0.5609,0.1863799283154122,0.2640000000000001,0.5908957415565346,0.34709188995731566,0.3446846301277854,-0.4,-46.8,24,5.71,0.3383,0.73,0.04477611940298507,0.4722513089005235,0.4515686274509804,0.322865351918163,0.47384999173371845,N_equatorial
-0.4,-46.6,97,1.52,0.3686,2.94,0.54,0.1935483870967742,0.20800000000000005,0.5859030837004404,0.3291504902657382,0.3138035929917773,-0.4,-46.6,23,6.7,0.3149,0.7,0.041791044776119404,0.5759162303664921,0.405686274509804,0.3411311832174719,0.504379293855624,N_equatorial
-0.2,-49.6,106,1.7,0.2676,3.21,0.4518,0.22580645161290322,0.35200000000000004,0.28928046989720996,0.2890289738367044,0.2447457680674714,-0.2,-49.6,74,2.43,0.2075,2.24,0.19402985074626866,0.12879581151832462,0.19509803921568625,0.17264123382675986,0.22276711397918733,N_equatorial
-0.2,-48.4,99,1.54,0.3318,3.0,0.4555,0.2007168458781362,0.22400000000000006,0.4778267254038178,0.3008478570939847,0.265088627546019,-0.2,-48.4,41,3.49,0.3153,1.24,0.0955223880597015,0.23979057591623035,0.4064705882352942,0.24726118407040867,0.34748604781693215,N_equatorial
-0.2,-48.2,107,1.55,0.3187,3.24,0.4396,0.22939068100358423,0.23200000000000007,0.4393538913362701,0.30024819077995146,0.2640564718596615,-0.2,-48.2,35,4.43,0.3342,1.06,0.07761194029850746,0.33821989528795804,0.4435294117647059,0.2864537491170571,0.41299205406625283,N_equatorial
-0.2,-48.0,89,1.71,0.3477,2.7,0.4967,0.16487455197132617,0.36000000000000004,0.5245227606461087,0.3497991042058117,0.3493443325579242,-0.2,-48.0,34,4.56,0.3202,1.03,0.07462686567164178,0.3518324607329842,0.416078431372549,0.28084591925905833,0.40361919119580875,N_equatorial
-0.2,-47.8,90,1.73,0.3439,2.73,0.5369,0.16845878136200718,0.37600000000000006,0.5133627019089573,0.3526071610903215,0.3541776070192963,-0.2,-47.8,35,5.0,0.3169,1.06,0.07761194029850746,0.39790575916230364,0.40960784313725496,0.2950418475326887,0.4273461038156006,N_equatorial
-0.2,-47.6,86,1.77,0.3482,2.61,0.5495,0.15412186379928317,0.4080000000000001,0.5259911894273127,0.36270435107553195,0.37155705925060645,-0.2,-47.6,31,5.42,0.3439,0.94,0.06567164179104477,0.44188481675392666,0.4625490196078431,0.32336849271760487,0.4746909355278615,N_equatorial
-0.2,-47.4,83,1.82,0.3589,2.52,0.5666,0.14336917562724014,0.4480000000000001,0.5574155653450807,0.3829282469907736,0.4063667670509698,-0.2,-47.4,28,6.46,0.3466,0.85,0.056716417910447764,0.5507853403141361,0.467843137254902,0.358448298493162,0.5333229228352375,N_equatorial
-0.2,-47.2,82,1.84,0.3713,2.49,0.5737,0.13978494623655913,0.46400000000000013,0.5938325991189427,0.39920584845183393,0.4343840468532875,-0.2,-47.2,27,5.67,0.3607,0.82,0.05373134328358209,0.4680628272251308,0.4954901960784314,0.3390947888623814,0.5009756875544833,N_equatorial
-0.0,-50.4,127,2.02,0.2027,3.85,0.3926,0.3010752688172043,0.6080000000000001,0.09867841409691627,0.3359178943047069,0.3254517619771587,-0.0,-50.4,158,2.73,0.1779,4.79,0.44477611940298506,0.16020942408376962,0.13705882352941176,0.24734812233872217,0.3476313554471082,AP
-0.0,-50.2,114,1.97,0.1877,3.45,0.3572,0.25448028673835127,0.5680000000000001,0.054625550660792964,0.29236861246638146,0.25049400991686954,-0.0,-50.2,124,2.19,0.1723,3.76,0.34328358208955223,0.10366492146596858,0.12607843137254904,0.19100897830935662,0.2534667526333764,AP
-0.0,-50.0,100,1.71,0.1818,3.03,0.3554,0.20430107526881722,0.36000000000000004,0.0372980910425844,0.20053305543713387,0.09242511363351406,-0.0,-50.0,115,1.99,0.1796,3.49,0.3164179104477612,0.08272251308900523,0.14039215686274512,0.17984419346650385,0.23480605857526254,AP
-0.0,-49.2,111,1.54,0.3424,3.36,0.4884,0.24372759856630824,0.22400000000000006,0.508957415565345,0.32556167137721775,0.30762645791447146,-0.0,-49.2,95,2.76,0.2732,2.88,0.25671641791044775,0.1633507853403141,0.32392156862745103,0.24799625729273764,0.348714640817627,AP
-0.0,-49.0,114,1.54,0.3415,3.45,0.4441,0.25448028673835127,0.22400000000000006,0.5063142437591777,0.32826484349917634,0.3122792029688282,-0.0,-49.0,83,2.82,0.2594,2.52,0.2208955223880597,0.16963350785340311,0.2968627450980393,0.229130591779834,0.3171827826318985,AP
-0.0,-48.8,109,1.55,0.3309,3.3,0.4152,0.23655913978494625,0.23200000000000007,0.4751835535976506,0.314580897794199,0.2887261668207678,-0.0,-48.8,62,3.23,0.2642,1.88,0.1582089552238806,0.21256544502617802,0.30627450980392157,0.2256829700179934,0.311420466937388,AP
-0.0,-48.6,109,1.54,0.3221,3.3,0.4057,0.23655913978494625,0.22400000000000006,0.4493392070484581,0.30329944894446814,0.26930834843059714,-0.0,-48.6,56,3.82,0.2842,1.7,0.14029850746268657,0.2743455497382199,0.3454901960784314,0.25337808442644594,0.3577097653121287,AP
-0.0,-48.4,107,1.52,0.3245,3.24,0.406,0.22939068100358423,0.20800000000000005,0.45638766519823787,0.29792611540060737,0.2600596768907719,-0.0,-48.4,42,4.45,0.3034,1.27,0.09850746268656717,0.3403141361256544,0.3831372549019608,0.2739862845713941,0.39215407600920743,AP
-0.0,-48.2,96,1.75,0.3427,2.91,0.4518,0.18996415770609318,0.39200000000000007,0.5098384728340675,0.36393421018005356,0.37367391330501,-0.0,-48.2,38,5.08,0.3381,1.15,0.08656716417910448,0.40628272251308895,0.45117647058823535,0.3146754524268096,0.46016148712516947,AP
0.2,-50.6,101,2.2,0.2704,3.06,0.4981,0.2078853046594982,0.7520000000000002,0.2975036710719529,0.41912965857715045,0.46867724197448585,0.2,-50.6,117,2.42,0.2121,3.55,0.32238805970149254,0.12774869109947642,0.20411764705882354,0.2180847992865975,0.2987209710298909,AP
0.2,-49.6,100,1.47,0.2627,3.03,0.5005,0.20430107526881722,0.168,0.2748898678414096,0.21573031437007562,0.1185828898127059,0.2,-49.6,158,2.01,0.3371,4.79,0.44477611940298506,0.08481675392670154,0.44921568627450986,0.32626951986806546,0.47953967922252233,AP
0.2,-49.4,103,1.69,0.3823,3.12,0.5048,0.21505376344086022,0.34400000000000003,0.6261380323054331,0.39506393191543115,0.4272549108564486,0.2,-49.4,99,2.81,0.2948,3.0,0.26865671641791045,0.16858638743455498,0.3662745098039216,0.267839204552129,0.38187991656907433,AP
0.2,-49.2,103,1.61,0.3633,3.12,0.5105,0.21505376344086022,0.28000000000000014,0.570337738619677,0.35513050068684576,0.3585208213240089,0.2,-49.2,79,3.06,0.3027,2.39,0.208955223880597,0.19476439790575917,0.381764705882353,0.26182810922290306,0.3718330403890421,AP
0.2,-49.0,106,1.59,0.3434,3.21,0.4592,0.22580645161290322,0.2640000000000001,0.5118942731277533,0.33390024158021886,0.3219789443718671,0.2,-49.0,72,3.25,0.2895,2.18,0.1880597014925373,0.21465968586387432,0.3558823529411764,0.2528672467658627,0.3568559570720524,AP
0.2,-48.8,99,1.66,0.3353,3.0,0.4081,0.2007168458781362,0.32,0.4881057268722466,0.3362741909167943,0.3260650256632951,0.2,-48.8,55,3.67,0.2921,1.67,0.1373134328358209,0.2586387434554973,0.36098039215686284,0.2523108561493937,0.3559260121410151,AP
0.2,-48.6,100,1.73,0.3154,3.03,0.4052,0.20430107526881722,0.37600000000000006,0.42966226138032304,0.3366544455497134,0.3267195262954742,0.2,-48.6,52,4.17,0.2977,1.58,0.12835820895522387,0.3109947643979057,0.37196078431372553,0.27043791922228505,0.3862233786318617,AP
0.4,-50.0,147,1.51,0.1691,4.46,0.5038,0.3727598566308244,0.20000000000000004,0.0,0.1909199522102748,0.07587887962478868,0.4,-50.0,177,1.95,0.1973,5.36,0.5014925373134328,0.07853403141361257,0.17509803921568629,0.2517082026475772,0.35491874395101075,AP
0.4,-49.8,104,1.56,0.3253,3.15,0.5053,0.21863799283154123,0.24000000000000007,0.4587371512481644,0.30579171469323524,0.2735980779089839,0.4,-49.8,141,2.28,0.3464,4.27,0.3940298507462687,0.11308900523560207,0.4674509803921569,0.32485661212467587,0.47717816133365665,AP
0.4,-49.6,97,1.69,0.4279,2.94,0.5096,0.1935483870967742,0.34400000000000003,0.7600587371512482,0.4325357080826741,0.491751958537519,0.4,-49.6,102,2.64,0.3283,3.09,0.27761194029850744,0.15078534031413612,0.4319607843137255,0.286786021642123,0.4135474105752626,AP
0.4,-49.4,94,1.66,0.4021,2.85,0.5591,0.1827956989247312,0.32,0.684287812041116,0.3956945036552824,0.4283402614784742,0.4,-49.4,79,3.06,0.3235,2.39,0.208955223880597,0.19476439790575917,0.4225490196078432,0.2754228804647331,0.39455518600174827,AP
0.4,-49.2,97,1.67,0.3728,2.94,0.538,0.1935483870967742,0.328,0.5982378854625551,0.37326209085310974,0.3897292174851028,0.4,-49.2,71,3.49,0.3275,2.15,0.18507462686567164,0.23979057591623035,0.4303921568627451,0.2850857865482157,0.410705657029552,AP
0.4,-29.4,69,1.74,0.2651,2.09,0.4063,0.0931899641577061,0.38400000000000006,0.2819383259911894,0.2530427633829652,0.1828057009316941,0.4,-29.4,22,4.91,0.2145,0.67,0.03880597014925373,0.38848167539267014,0.20882352941176469,0.21203705831789618,0.2886128457459629,AP
0.6,-50.4,121,1.92,0.3063,3.67,0.5,0.27956989247311825,0.528,0.40293685756240827,0.4035022500118422,0.44177908505580327,0.6,-50.4,143,2.34,0.2232,4.33,0.4,0.11937172774869108,0.22588235294117648,0.2484180268966225,0.34941958172350984,AP
0.6,-50.2,121,1.78,0.359,3.67,0.5028,0.27956989247311825,0.4160000000000001,0.5577092511013215,0.4177597145248133,0.4663192713656299,0.6,-50.2,104,2.12,0.2541,3.15,0.2835820895522388,0.09633507853403142,0.28647058823529414,0.22212925210718812,0.3054808233494662,AP
0.6,-50.0,106,1.61,0.3741,3.21,0.5148,0.22580645161290322,0.28000000000000014,0.6020558002936857,0.36928741730219633,0.382887942911253,0.6,-50.0,127,2.2,0.2856,3.85,0.3522388059701492,0.10471204188481677,0.34823529411764714,0.2683953806575377,0.38280950296877186,AP
0.6,-49.8,99,1.6,0.4132,3.0,0.5294,0.2007168458781362,0.27200000000000013,0.7168869309838473,0.39653459228732785,0.4297862360785447,0.6,-49.8,112,2.39,0.312,3.39,0.3074626865671642,0.12460732984293195,0.4,0.27735667213669873,0.3977873033484412,AP
0.6,-49.6,95,1.67,0.4182,2.88,0.5485,0.1863799283154122,0.328,0.7315712187958884,0.41531704903710026,0.4621149146859043,0.6,-49.6,73,2.82,0.3424,2.21,0.191044776119403,0.16963350785340311,0.4596078431372549,0.273428709036687,0.39122215061934024,AP
0.6,-49.4,92,1.86,0.4064,2.79,0.5689,0.17562724014336917,0.48000000000000015,0.6969162995594713,0.45084784656761356,0.5232711174835519,0.6,-49.4,72,3.24,0.3318,2.18,0.1880597014925373,0.21361256544502616,0.4388235294117647,0.2801652654497761,0.40248155418145676,AP
0.6,-49.2,92,1.78,0.3682,2.79,0.5167,0.17562724014336917,0.4160000000000001,0.5847283406754773,0.3921185269396155,0.4221852305638098,0.6,-49.2,65,3.45,0.3074,1.97,0.16716417910447762,0.23560209424083767,0.39098039215686275,0.2645822218340594,0.3764362327981892,AP
0.6,-29.8,71,1.65,0.2673,2.15,0.4081,0.1003584229390681,0.312,0.28839941262848745,0.23358594518918518,0.14931630013133484,0.6,-29.8,23,5.04,0.2237,0.7,0.041791044776119404,0.4020942408376963,0.22686274509803922,0.22358267690395164,0.3079100609792664,AP
0.6,-29.6,72,1.67,0.2637,2.18,0.4054,0.1039426523297491,0.328,0.27782672540381786,0.23658979257785565,0.1544865724821582,0.6,-29.6,24,4.71,0.2185,0.73,0.04477611940298507,0.36753926701570677,0.21666666666666667,0.20966068436178617,0.28464100141695853,AP
0.6,-29.4,70,1.73,0.2622,2.12,0.403,0.0967741935483871,0.37600000000000006,0.27342143906020555,0.24873187753619755,0.17538573213262548,0.6,-29.4,23,4.91,0.2136,0.7,0.041791044776119404,0.38848167539267014,0.2070588235294118,0.21244384789940043,0.2892927492132777,AP
0.6,-29.2,72,1.72,0.2605,2.18,0.3998,0.1039426523297491,0.36800000000000005,0.2684287812041116,0.24679047784462024,0.17204416252255889,0.6,-29.2,25,4.72,0.2087,0.76,0.04776119402985075,0.3685863874345549,0.19745098039215686,0.20459952061885414,0.2761818300568107,AP
0.6,-29.0,70,1.74,0.2603,2.12,0.3979,0.0967741935483871,0.38400000000000006,0.26784140969162984,0.24953853441333898,0.17677416343716382,0.6,-29.0,28,4.46,0.1991,0.85,0.056716417910447764,0.34136125654450256,0.17862745098039215,0.19223504181178083,0.25551598118874835,AP
0.8,-50.2,118,1.89,0.3548,3.58,0.5013,0.26881720430107525,0.504,0.545374449339207,0.43939721788009406,0.50356210392783,0.8,-50.2,119,2.34,0.2596,3.61,0.3283582089552239,0.11937172774869108,0.29725490196078436,0.24832827955489978,0.3492695790400735,AP
0.8,-50.0,115,1.63,0.3666,3.49,0.5082,0.25806451612903225,0.296,0.580029368575624,0.3780312949015521,0.3979380512361444,0.8,-50.0,109,2.36,0.2555,3.3,0.29850746268656714,0.12146596858638742,0.28921568627450983,0.23639637251582146,0.32932672569179494,AP
0.8,-49.8,108,1.62,0.3854,3.27,0.5233,0.23297491039426524,0.28800000000000014,0.6352422907488987,0.3854057337143881,0.410631058624153,0.8,-49.8,86,2.36,0.2759,2.61,0.2298507462686567,0.12146596858638742,0.3292156862745098,0.22684413370985132,0.3133612226895261,AP
0.8,-49.6,99,1.82,0.3612,3.0,0.5436,0.2007168458781362,0.4480000000000001,0.5641703377386197,0.40429572787225193,0.44314483241638497,0.8,-49.6,71,2.99,0.2642,2.15,0.18507462686567164,0.187434554973822,0.30627450980392157,0.2262612305478051,0.312386964992172,AP
0.8,-49.4,91,1.85,0.3732,2.76,0.5182,0.17204301075268819,0.47200000000000014,0.5994126284875182,0.41448521308006886,0.46068314472805577,0.8,-49.4,65,3.26,0.2915,1.97,0.16716417910447762,0.21570680628272246,0.35980392156862745,0.2475583023186092,0.3479826478685043,AP
0.8,-29.8,68,1.68,0.2702,2.06,0.4077,0.08960573476702509,0.336,0.29691629955947135,0.24084067810883214,0.1618032677344595,0.8,-29.8,25,4.56,0.2166,0.76,0.04776119402985075,0.3518324607329842,0.21294117647058822,0.2041782770778077,0.2754777684063565,AP
0.8,-29.6,70,1.67,0.2594,2.12,0.4038,0.0967741935483871,0.328,0.2651982378854626,0.2299908104779499,0.14312829415436934,0.8,-29.6,25,4.68,0.2088,0.76,0.04776119402985075,0.36439790575916226,0.19764705882352943,0.20326871953751413,0.2739575443065133,AP
0.8,-29.4,70,1.7,0.2623,2.12,0.4015,0.0967741935483871,0.35200000000000004,0.27371512481644633,0.2408297727882778,0.16178449731438035,0.8,-29.4,25,4.76,0.2093,0.76,0.04776119402985075,0.37277486910994756,0.1986274509803922,0.20638783804006353,0.27917080339984346,AP
0.8,-29.2,68,1.69,0.2628,2.06,0.4016,0.08960573476702509,0.34400000000000003,0.27518355359765045,0.23626309612155852,0.15392425707909352,0.8,-29.2,23,5.09,0.2154,0.7,0.041791044776119404,0.40732984293193714,0.21058823529411766,0.21990304100072475,0.3017599594948365,AP
0.8,-29.0,67,1.73,0.2625,2.03,0.4002,0.08602150537634409,0.37600000000000006,0.27430249632892806,0.24544133390175737,0.16972199340991562,0.8,-29.0,26,4.73,0.2066,0.79,0.050746268656716415,0.36963350785340315,0.19333333333333336,0.2045710366144843,0.2761342222167513,AP
1.0,-50.0,117,1.67,0.3549,3.55,0.5062,0.26523297491039427,0.328,0.5456681350954478,0.3796337033352806,0.400696143425142,1.0,-50.0,104,2.28,0.248,3.15,0.2835820895522388,0.11308900523560207,0.27450980392156865,0.22372696623646982,0.30815122452409677,AP
1.0,-49.8,97,1.84,0.342,2.94,0.4848,0.1935483870967742,0.46400000000000013,0.5077826725403818,0.38844368654571876,0.41586003383313874,1.0,-49.8,73,2.55,0.2032,2.21,0.191044776119403,0.1413612565445026,0.18666666666666665,0.17302423311019074,0.22340725461361755,AP
1.0,-49.6,92,1.92,0.3258,2.79,0.4677,0.17562724014336917,0.528,0.46020558002936846,0.3879442733909126,0.415000435560713,1.0,-49.6,59,3.68,0.2146,1.79,0.14925373134328357,0.25968586387434556,0.20901960784313728,0.20598640102025545,0.27849984614310463,AP
1.0,-29.8,68,1.63,0.2687,2.06,0.4068,0.08960573476702509,0.296,0.292511013215859,0.22603891599429468,0.13632622729195876,1.0,-29.8,24,4.58,0.2126,0.73,0.04477611940298507,0.35392670157068057,0.20509803921568628,0.20126695339645065,0.27061181520738165,AP
1.0,-29.6,72,1.62,0.2597,2.18,0.4017,0.1039426523297491,0.28800000000000014,0.26607929515418494,0.21934064916131138,0.12479705842151921,1.0,-29.6,26,4.58,0.2061,0.79,0.050746268656716415,0.35392670157068057,0.1923529411764706,0.19900863713462255,0.266837291162217,AP
1.0,-29.4,71,1.65,0.2584,2.15,0.3997,0.1003584229390681,0.312,0.26226138032305435,0.22487326775404082,0.13431989405076242,1.0,-29.4,25,4.72,0.2058,0.76,0.04776119402985075,0.3685863874345549,0.19176470588235295,0.20270409578225287,0.27301383860119305,AP
1.0,-29.2,70,1.7,0.2604,2.12,0.3988,0.0967741935483871,0.35200000000000004,0.26813509544787084,0.23896976299875264,0.1585830173645953,1.0,-29.2,24,5.04,0.2126,0.73,0.04477611940298507,0.4020942408376963,0.20509803921568628,0.21732279981878921,0.297447373809581,AP
1.0,-29.0,69,1.72,0.2637,2.09,0.3987,0.0931899641577061,0.36800000000000005,0.27782672540381786,0.246338896520508,0.17126689319688945,1.0,-29.0,24,5.0,0.2136,0.73,0.04477611940298507,0.39790575916230364,0.2070588235294118,0.21658023403156687,0.29620625782137194,AP
1.2,-49.8,85,1.87,0.2932,2.58,0.3795,0.15053763440860216,0.48800000000000016,0.3644640234948605,0.33433388596782093,0.32272534034250294,1.2,-49.8,40,3.9,0.1443,1.21,0.09253731343283582,0.28272251308900526,0.07117647058823531,0.14881209903669212,0.18293936984924383,AP
1.2,-49.6,75,2.17,0.3404,2.27,0.4415,0.11469534050179211,0.7280000000000001,0.5030837004405285,0.44859301364744025,0.519390061359706,1.2,-49.6,45,4.53,0.2151,1.36,0.10746268656716418,0.3486910994764398,0.21000000000000002,0.22205126201453465,0.3053504715980393,AP
1.2,-29.6,71,1.69,0.2665,2.15,0.4033,0.1003584229390681,0.34400000000000003,0.286049926578561,0.2434694498392097,0.16632795359082483,1.2,-29.6,26,4.5,0.2056,0.79,0.050746268656716415,0.34554973821989526,0.19137254901960785,0.19588951863207318,0.2616240320688869,AP
1.2,-29.4,71,1.69,0.2651,2.15,0.402,0.1003584229390681,0.34400000000000003,0.2819383259911894,0.24209891631008584,0.16396896836466732,1.2,-29.4,26,4.46,0.1988,0.79,0.050746268656716415,0.34136125654450256,0.1780392156862745,0.19004891362916446,0.25186211147591286,AP
1.2,-29.2,68,1.72,0.2687,2.06,0.4022,0.08960573476702509,0.36800000000000005,0.292511013215859,0.2500389159942947,0.1776354285808706,1.2,-29.2,24,4.92,0.2113,0.73,0.04477611940298507,0.3895287958115183,0.2025490196078431,0.21228464494078217,0.2890266592038653,AP
1.4,-49.8,66,2.18,0.3223,2.0,0.4752,0.08243727598566308,0.7360000000000002,0.4499265785609397,0.42278795151553433,0.4749739569480486,1.4,-49.8,49,4.18,0.2354,1.49,0.11940298507462686,0.3120418848167539,0.24980392156862746,0.22708293048666942,0.313760344898954,AP
1.4,-49.6,70,2.16,0.3372,2.12,0.4871,0.0967741935483871,0.7200000000000002,0.4936857562408223,0.43681998326306987,0.49912612461268807,1.4,-49.6,56,4.27,0.2701,1.7,0.14029850746268657,0.3214659685863874,0.317843137254902,0.25986920443465866,0.36855894926620203,AP
1.6,-49.8,56,2.41,0.3925,1.7,0.6009,0.04659498207885305,0.9200000000000003,0.6560939794419971,0.5408963205069501,0.6782640564718597,1.6,-49.8,62,4.4,0.3375,1.88,0.1582089552238806,0.33507853403141363,0.45000000000000007,0.3144291630850981,0.4597498419282273,AP
1.6,-49.6,57,2.42,0.3823,1.73,0.5866,0.05017921146953405,0.928,0.6261380323054331,0.5347724145916558,0.6677234872164743,1.6,-49.6,65,4.23,0.3426,1.97,0.16716417910447762,0.3172774869109948,0.4600000000000001,0.31481388867182414,0.4603928678862975,AP
1.8,-50.0,62,2.34,0.4351,1.88,0.6061,0.06810035842293907,0.864,0.7812041116005873,0.571101490007842,0.730253699258445,1.8,-50.0,75,4.24,0.3926,2.27,0.19701492537313434,0.3183246073298429,0.5580392156862746,0.3577929161297506,0.5322275242273071,AP
1.8,-49.8,66,2.36,0.4064,2.0,0.6566,0.08243727598566308,0.88,0.6969162995594713,0.5531178585150448,0.699299972040046,1.8,-49.8,74,4.11,0.3655,2.24,0.19402985074626866,0.30471204188481676,0.5049019607843137,0.33454795113846636,0.4933761548369151,AP
1.8,-49.6,63,2.33,0.3693,1.91,0.6455,0.07168458781362007,0.8560000000000002,0.5879588839941263,0.5052144906025822,0.616847894227016,1.8,-49.6,68,4.12,0.3311,2.06,0.1761194029850746,0.3057591623036649,0.4374509803921569,0.3064431818936321,0.44640216404053407,AP
2.0,-50.2,60,2.3,0.4562,1.82,0.6381,0.06093189964157706,0.832,0.8431718061674008,0.5787012352696593,0.7433345078736476,2.0,-50.2,58,4.66,0.4073,1.76,0.14626865671641792,0.36230366492146593,0.5868627450980393,0.3651450222453077,0.5445157505421229,AP
2.0,-50.0,61,2.38,0.4443,1.85,0.6692,0.06451612903225806,0.896,0.808223201174743,0.5895797767356671,0.762058835338193,2.0,-50.0,66,4.45,0.3895,2.0,0.1701492537313433,0.3403141361256544,0.5519607843137255,0.3541413913902411,0.5261244074213222,AP
2.0,-49.8,62,2.42,0.4099,1.88,0.6848,0.06810035842293907,0.928,0.7071953010279001,0.5677652198169464,0.724511255222199,2.0,-49.8,62,4.48,0.3717,1.88,0.1582089552238806,0.34345549738219894,0.5170588235294117,0.3395744253784971,0.5017773465575284,AP
2.0,-49.6,64,2.34,0.3609,1.94,0.6713,0.07526881720430108,0.864,0.5632892804698971,0.5008526992247327,0.6093403059766901,2.0,-49.6,52,4.75,0.3309,1.58,0.12835820895522387,0.3717277486910994,0.43705882352941183,0.31238159372524504,0.45632755785157125,AP
2.2,-50.6,64,2.41,0.4219,1.94,0.5,0.07526881720430108,0.9200000000000003,0.7424375917767988,0.5792354696603668,0.7442540410395306,2.2,-50.6,65,4.54,0.3582,1.97,0.16716417910447762,0.3497382198952879,0.4905882352941177,0.3358302114312944,0.49551931006687444,AP
2.2,-50.4,61,2.38,0.4298,1.85,0.5738,0.06451612903225806,0.896,0.7656387665198239,0.5753849651840274,0.7376264883529907,2.2,-50.4,52,5.25,0.3821,1.58,0.12835820895522387,0.4240837696335078,0.5374509803921569,0.36329765299362954,0.5414280786430982,AP
2.2,-50.2,61,2.25,0.4437,1.85,0.6733,0.06451612903225806,0.7920000000000001,0.8064610866372979,0.5543257385565187,0.7013789953636336,2.2,-50.2,50,5.16,0.3892,1.52,0.12238805970149254,0.4146596858638743,0.5513725490196079,0.36280676486165825,0.5406076138176305,AP
2.2,-50.0,58,2.43,0.4357,1.76,0.692,0.053763440860215055,0.9360000000000003,0.7829662261380321,0.5909098889994158,0.7643482468065281,2.2,-50.0,48,5.42,0.3786,1.45,0.11641791044776119,0.44188481675392666,0.5305882352941177,0.3629636541652685,0.5408698368104484,AP
2.4,-50.6,65,2.28,0.4305,1.97,0.6275,0.07885304659498207,0.816,0.7676945668135093,0.5541825378028304,0.7011325158320156,2.4,-50.6,54,4.69,0.4066,1.64,0.13432835820895522,0.36544502617801045,0.5854901960784314,0.36175452682179904,0.5388489151580059,AP
2.4,-50.4,61,2.26,0.4464,1.85,0.6724,0.06451612903225806,0.7999999999999999,0.8143906020558002,0.5596355770293527,0.7105183781255465,2.4,-50.4,49,4.94,0.4014,1.49,0.11940298507462686,0.39162303664921466,0.5752941176470588,0.36210671312363346,0.5394375553264009,AP
2.4,-50.2,64,2.2,0.4384,1.94,0.6946,0.07526881720430108,0.7520000000000002,0.7908957415565344,0.539388186253612,0.6756682305784494,2.4,-50.2,45,5.47,0.3673,1.36,0.10746268656716418,0.44712041884816744,0.5084313725490197,0.35433815932145046,0.5264532830975155,AP
2.6,-50.8,65,2.17,0.3945,1.97,0.5258,0.07885304659498207,0.7280000000000001,0.6619676945668135,0.4896069137205985,0.5899838719332647,2.6,-50.8,55,4.31,0.3436,1.67,0.1373134328358209,0.32565445026178,0.46196078431372556,0.3083095558037755,0.44952160010897985,AP
2.6,-50.6,65,2.26,0.4194,1.97,0.6389,0.07885304659498207,0.7999999999999999,0.7350954478707781,0.5379828314885867,0.6732493104588344,2.6,-50.6,46,5.11,0.389,1.39,0.11044776119402985,0.4094240837696335,0.5509803921568628,0.3569507457068421,0.5308199301869483,AP
2.6,-50.4,62,2.31,0.4167,1.88,0.6816,0.06810035842293907,0.8400000000000002,0.727165932452276,0.5450887636250717,0.6854801596659764,2.6,-50.4,38,5.68,0.3813,1.15,0.08656716417910448,0.46910994764397895,0.5358823529411765,0.36385315492141995,0.5423565382300131,AP
2.8,-50.8,62,2.39,0.4039,1.88,0.5907,0.06810035842293907,0.9040000000000002,0.6895741556534507,0.55389150469213,0.7006315847756964,2.8,-50.8,42,4.81,0.3321,1.27,0.09850746268656717,0.3780104712041884,0.4394117647058824,0.30530989953221266,0.44450800882611957,AP
2.8,-50.6,60,2.3,0.413,1.82,0.666,0.06093189964157706,0.832,0.7162995594713655,0.5364104863709809,0.670542963752217,2.8,-50.6,41,4.83,0.3271,1.24,0.0955223880597015,0.3801047120418848,0.4296078431372549,0.3017449810796137,0.4385496447803799,AP
3.0,-50.8,60,2.3,0.4035,1.82,0.6506,0.06093189964157706,0.832,0.6883994126284876,0.5271104374233548,0.6545355640032913,3.0,-50.8,30,4.97,0.3021,0.91,0.0626865671641791,0.39476439790575907,0.3805882352941176,0.2793464001213519,0.40111291201023724,AP
3.0,-50.6,59,2.36,0.3957,1.79,0.6875,0.05734767025089606,0.88,0.6654919236417033,0.5342798646308665,0.6668757019883456,3.0,-50.6,33,5.48,0.2945,1.0,0.07164179104477612,0.4481675392670157,0.3656862745098039,0.29516520160719856,0.42755227640895105,AP
3.2,-50.8,62,2.29,0.3973,1.88,0.6728,0.06810035842293907,0.8240000000000002,0.6701908957415564,0.5207637513881652,0.6436115418805757,3.2,-50.8,28,5.25,0.3035,0.85,0.056716417910447764,0.4240837696335078,0.38333333333333336,0.2880445069590963,0.41565082858171887,AP
3.2,-50.6,65,2.26,0.3821,1.97,0.6608,0.07885304659498207,0.7999999999999999,0.6255506607929515,0.5014679024626445,0.6103992040762104,3.2,-50.6,30,5.2,0.2976,0.91,0.0626865671641791,0.41884816753926696,0.37176470588235294,0.284433146861933,0.4096148425008957,AP
3.4,-50.8,59,2.51,0.3755,1.79,0.5977,0.05734767025089606,1.0,0.6061674008810573,0.5545050237106511,0.7016875839686407,3.4,-50.8,31,4.61,0.2618,0.94,0.06567164179104477,0.35706806282722514,0.3015686274509804,0.2414361106897501,0.3377500866002574,AP
3.6,-51.0,66,2.24,0.3595,2.0,0.4685,0.08243727598566308,0.7840000000000003,0.5591776798825256,0.4752049852893963,0.5651950319118884,3.6,-51.0,27,4.89,0.2579,0.82,0.05373134328358209,0.38638743455497376,0.29392156862745106,0.24468011548866897,0.3431720792250799,AP
3.6,-50.8,63,2.21,0.3658,1.91,0.533,0.07168458781362007,0.7600000000000001,0.5776798825256975,0.4697881567797726,0.5558714961097398,3.6,-50.8,28,4.0,0.2544,0.85,0.056716417910447764,0.2931937172774869,0.2870588235294118,0.2123229862391155,0.28909074241263816,AP
3.8,-51.0,66,2.17,0.3039,2.0,0.3584,0.08243727598566308,0.7280000000000001,0.3958883994126285,0.4021085584660972,0.43938023986422686,3.8,-51.0,24,4.46,0.2661,0.73,0.04477611940298507,0.34136125654450256,0.31000000000000005,0.2320457919824959,0.3220552150043727,AP
3.8,-50.8,68,2.03,0.3136,2.06,0.4615,0.08960573476702509,0.616,0.42437591776798816,0.37666055084500444,0.395578703646665,3.8,-50.8,24,3.75,0.2511,0.73,0.04477611940298507,0.26701570680628267,0.28058823529411764,0.19746002050112846,0.2642489509821159,AP
4.0,-51.0,70,2.1,0.3001,2.12,0.3635,0.0967741935483871,0.6720000000000002,0.3847283406754771,0.3845008447412881,0.40907354859357364,4.0,-51.0,29,3.76,0.2411,0.88,0.05970149253731343,0.2680628272251308,0.26098039215686275,0.19624823730643567,0.2622235903702272,AP
4.0,-50.8,65,2.0,0.2962,1.97,0.4444,0.07885304659498207,0.5920000000000001,0.3732745961820852,0.3480425475923558,0.34632091794456515,4.0,-50.8,19,3.42,0.2817,0.58,0.029850746268656716,0.23246073298429315,0.3405882352941177,0.2009665715156892,0.27010976035756706,AP
4.2,-51.2,75,1.79,0.2988,2.27,0.293,0.11469534050179211,0.4240000000000001,0.38091042584434653,0.3065352554487129,0.2748778726895896,4.2,-51.2,37,3.0,0.2579,1.12,0.08358208955223881,0.18848167539267013,0.29392156862745106,0.1886617778574533,0.24954366856659538,AP
4.2,-51.0,70,1.9,0.2791,2.12,0.3071,0.0967741935483871,0.512,0.32305433186490456,0.3106095084710972,0.2818905451147408,4.2,-51.0,22,3.41,0.2407,0.67,0.03880597014925373,0.23141361256544501,0.2601960784313725,0.17680522038202376,0.22972675361967904,AP
4.2,-50.8,60,1.98,0.2905,1.82,0.4202,0.06093189964157706,0.5760000000000001,0.3565345080763582,0.3311554692393118,0.31725459632508507,4.2,-50.8,12,3.5,0.2404,0.36,0.008955223880597015,0.2408376963350785,0.25960784313725493,0.16980025445097682,0.21801873345031075,AP
4.4,-51.6,73,1.85,0.2353,2.21,0.1999,0.10752688172043011,0.47200000000000014,0.19441997063142438,0.25798228411728485,0.1913076866102259,4.4,-51.6,42,3.48,0.2279,1.27,0.09850746268656717,0.2387434554973822,0.23509803921568626,0.19078298579987854,0.25308903133035504,AP
4.4,-51.4,69,2.0,0.2655,2.09,0.2983,0.0931899641577061,0.5920000000000001,0.28311306901615274,0.3227676777246196,0.30281738932300817,4.4,-51.4,31,3.77,0.2615,0.94,0.06567164179104477,0.26910994764397905,0.3009803921568628,0.21192066053062888,0.2884182998117771,AP
4.4,-51.2,72,1.86,0.2561,2.18,0.2857,0.1039426523297491,0.48000000000000015,0.2555066079295154,0.27981642008642155,0.228888966515165,4.4,-51.2,23,3.57,0.249,0.7,0.041791044776119404,0.2481675392670157,0.27647058823529413,0.18880972409280974,0.24979094421712467,AP
4.4,-51.0,68,1.75,0.2668,2.06,0.2807,0.08960573476702509,0.39200000000000007,0.2869309838472833,0.2561789062047695,0.18820368239405616,4.4,-51.0,17,3.12,0.2388,0.52,0.023880597014925373,0.20104712041884817,0.2564705882352942,0.16046610188968924,0.20241773731025064,AP
4.6,-51.6,62,2.13,0.2955,1.88,0.4019,0.06810035842293907,0.6960000000000001,0.37121879588839934,0.37843971810377947,0.39864103608080576,4.6,-51.6,23,3.83,0.2703,0.7,0.041791044776119404,0.27539267015706803,0.31823529411764706,0.21180633635027815,0.28822721968054327,AP
4.6,-51.4,65,2.08,0.2748,1.97,0.4011,0.07885304659498207,0.6560000000000001,0.31042584434654913,0.3484262969805105,0.3469814338078892,4.6,-51.4,19,3.53,0.2725,0.58,0.029850746268656716,0.24397905759162303,0.3225490196078432,0.19879294115604096,0.2664767793635097,AP
4.6,-51.2,63,1.84,0.2665,1.91,0.3444,0.07168458781362007,0.46400000000000013,0.286049926578561,0.27391150479739373,0.21872532758731403,4.6,-51.2,17,3.18,0.2373,0.52,0.023880597014925373,0.20732984293193718,0.25352941176470595,0.16157995057052285,0.20427941129256438,AP
4.6,-51.0,58,1.81,0.2845,1.76,0.4171,0.053763440860215055,0.4400000000000001,0.33891336270190886,0.277558934520708,0.22500334461346191,4.6,-51.0,11,3.55,0.25,0.33,0.005970149253731343,0.24607329842931933,0.2784313725490196,0.17682494007735675,0.2297597128935663,AP
4.8,-52.0,69,2.14,0.2884,2.09,0.3826,0.0931899641577061,0.7040000000000002,0.35036710719530095,0.3825190237843357,0.4056624052256849,4.8,-52.0,33,3.58,0.293,1.0,0.07164179104477612,0.24921465968586384,0.3627450980392157,0.22786718292328523,0.31507113547754595,AP
4.8,-51.8,64,2.11,0.2955,1.94,0.4285,0.07526881720430108,0.68,0.37121879588839934,0.3754958710309002,0.3935740372767498,4.8,-51.8,22,3.73,0.3026,0.67,0.03880597014925373,0.2649214659685864,0.38156862745098036,0.22843202118960684,0.31601519971420616,AP
4.8,-51.6,63,2.0,0.2835,1.91,0.4326,0.07168458781362007,0.5920000000000001,0.3359765051395006,0.3332203643177069,0.3208087282598312,4.8,-51.6,19,2.95,0.2802,0.58,0.029850746268656716,0.18324607329842932,0.33764705882352947,0.18358129279687185,0.24105220377647726,AP
4.8,-51.4,62,1.94,0.2797,1.88,0.4456,0.06810035842293907,0.544,0.32481644640234947,0.3123056016084295,0.28480988898202425,4.8,-51.4,13,3.08,0.288,0.39,0.011940298507462687,0.1968586387434555,0.3529411764705882,0.18724670457383544,0.24717853121848893,AP
5.0,-52.2,71,2.11,0.2743,2.15,0.3007,0.1003584229390681,0.68,0.308957415565345,0.36310527950147103,0.372247143961005,5.0,-52.2,34,3.82,0.2679,1.03,0.07462686567164178,0.2743455497382199,0.31352941176470595,0.22083394239152254,0.3033158574629976,AP
5.0,-52.0,66,2.18,0.2693,2.0,0.3697,0.08243727598566308,0.7360000000000002,0.2942731277533039,0.37090346791298906,0.3856695162435157,5.0,-52.0,22,3.82,0.2618,0.67,0.03880597014925373,0.2743455497382199,0.3015686274509804,0.2049067157794847,0.27669527254489673,AP
5.0,-51.8,62,1.98,0.2779,1.88,0.4316,0.06810035842293907,0.5760000000000001,0.3195301027900146,0.3212101537376512,0.30013655299425873,5.0,-51.8,16,3.25,0.2739,0.48,0.020895522388059702,0.21465968586387432,0.3252941176470588,0.18694977529966428,0.24668224701595431,AP
5.0,-51.6,62,1.89,0.2732,1.88,0.4464,0.06810035842293907,0.504,0.305726872246696,0.29260907688987836,0.25090790130324686,5.0,-51.6,13,3.31,0.251,0.39,0.011940298507462687,0.22094240837696336,0.2803921568627451,0.17109162124905705,0.22017710918929398,AP
5.2,-52.6,73,2.12,0.2644,2.21,0.2827,0.10752688172043011,0.6880000000000002,0.2798825256975037,0.3584698024726447,0.3642684833920919,5.2,-52.6,40,3.7,0.2562,1.21,0.09253731343283582,0.2617801047120419,0.29058823529411765,0.21496855114633182,0.2935125094273469,AP
5.2,-52.4,66,2.24,0.2814,2.0,0.3516,0.08243727598566308,0.7840000000000003,0.3298091042584434,0.39874879341470226,0.43359735608124655,5.2,-52.4,31,3.48,0.2764,0.94,0.06567164179104477,0.2387434554973822,0.33019607843137255,0.21153705857326652,0.28777715187501096,AP
5.2,-52.2,61,2.13,0.2794,1.85,0.3649,0.06451612903225806,0.6960000000000001,0.32393538913362696,0.3614838393886284,0.3694562941276994,5.2,-52.2,19,3.74,0.2566,0.58,0.029850746268656716,0.26596858638743454,0.29137254901960785,0.19573062722523304,0.2613584627835634,AP
5.2,-52.0,61,2.08,0.2807,1.85,0.4201,0.06451612903225806,0.6560000000000001,0.3277533039647577,0.3494231443323386,0.3486972241375137,5.2,-52.0,16,3.5,0.2762,0.48,0.020895522388059702,0.2408376963350785,0.3298039215686275,0.19717904676392192,0.26377933468209985,AP
5.4,-52.6,68,2.12,0.2826,2.06,0.3482,0.08960573476702509,0.6880000000000002,0.33333333333333337,0.3703130227001195,0.38465323207066143,5.4,-52.6,28,3.64,0.2702,0.85,0.056716417910447764,0.2554973821989529,0.3180392156862745,0.21008433859855838,0.28534909227675603,AP
5.4,-52.4,64,2.05,0.2811,1.94,0.3633,0.07526881720430108,0.632,0.328928046989721,0.3453989547313407,0.3417707217103316,5.4,-52.4,20,3.55,0.2887,0.61,0.03283582089552239,0.24607329842931933,0.35431372549019613,0.21107428160501263,0.2870036717279882,AP
5.6,-53.4,73,2.1,0.2544,2.21,0.2846,0.10752688172043011,0.6720000000000002,0.2505139500734215,0.3433469439312839,0.33823876641089134,5.6,-53.4,30,3.33,0.2302,0.91,0.0626865671641791,0.22303664921465965,0.2396078431372549,0.1751103531720312,0.2268939718939258,AP
5.6,-53.2,68,2.12,0.2789,2.06,0.3727,0.08960573476702509,0.6880000000000002,0.32246696035242284,0.3666908983731494,0.37841877111581673,5.6,-53.2,26,3.62,0.2684,0.79,0.050746268656716415,0.2534031413612565,0.3145098039215687,0.2062197379798472,0.2788898428762866,AP
5.6,-53.0,66,2.11,0.2935,2.0,0.3827,0.08243727598566308,0.68,0.3653450807635829,0.37592745224974866,0.39431688208682997,5.6,-53.0,21,3.33,0.2829,0.64,0.03582089552238806,0.22303664921465965,0.34294117647058825,0.20059957373587864,0.26949636445379954,AP
5.6,-52.8,68,2.03,0.2838,2.06,0.3715,0.08960573476702509,0.616,0.3368575624082232,0.3474877657250827,0.34536601811845585,5.6,-52.8,19,3.42,0.2826,0.58,0.029850746268656716,0.23246073298429315,0.34235294117647064,0.20155480680980684,0.2710929301196553,AP
5.6,-52.6,65,2.08,0.2722,1.97,0.3562,0.07885304659498207,0.6560000000000001,0.3027900146842878,0.3458810204264233,0.3426004612450253,5.6,-52.6,15,3.67,0.2876,0.45,0.01791044776119403,0.2586387434554973,0.3521568627450981,0.20956868465392983,0.2844872341544535,AP
5.8,-53.6,67,1.97,0.2617,2.03,0.3213,0.08602150537634409,0.5680000000000001,0.27195301027900143,0.3086581718851152,0.27853187195587625,5.8,-53.6,27,3.0,0.2288,0.82,0.05373134328358209,0.18848167539267013,0.23686274509803923,0.15969192125809714,0.20112378063171188,AP
5.8,-53.4,69,1.93,0.2577,2.09,0.282,0.0931899641577061,0.536,0.2602055800293685,0.29646518139569156,0.2575450928541517,5.8,-53.4,22,3.0,0.2186,0.67,0.03880597014925373,0.18848167539267013,0.21686274509803918,0.14805013021332103,0.1816658238476967,AP
5.8,-53.2,64,2.08,0.2898,1.94,0.4022,0.07526881720430108,0.6560000000000001,0.35447870778267254,0.36191584166232466,0.37019986366442387,5.8,-53.2,15,3.93,0.2733,0.45,0.01791044776119403,0.2858638743455498,0.3241176470588235,0.2092973230551891,0.284033683473048,AP
5.8,-53.0,66,2.08,0.285,2.0,0.3977,0.08243727598566308,0.6560000000000001,0.340381791483113,0.3596063558229254,0.366224738022189,5.8,-53.0,16,3.81,0.2804,0.48,0.020895522388059702,0.27329842931937176,0.3380392156862745,0.2107443891312353,0.28645229320955895,AP
5.8,-52.8,68,1.94,0.2739,2.06,0.3854,0.08960573476702509,0.544,0.3077826725403817,0.3137961357691356,0.2873754213017162,5.8,-52.8,10,5.1,0.327,0.3,0.0029850746268656717,0.40837696335078527,0.4294117647058824,0.28025793422784445,0.40263643972028373,AP
6.0,-54.2,58,2.09,0.2685,1.76,0.3566,0.053763440860215055,0.664,0.2919236417033774,0.3365623608545308,0.32656102857843555,6.0,-54.2,19,2.74,0.1955,0.58,0.029850746268656716,0.1612565445026178,0.1715686274509804,0.12089197274075164,0.13627398917189257,AP
6.0,-54.0,59,2.12,0.2709,1.79,0.3843,0.05734767025089606,0.6880000000000002,0.29897209985315704,0.3481065900346844,0.34643114886711457,6.0,-54.0,17,2.88,0.2398,0.52,0.023880597014925373,0.17591623036649212,0.25843137254901966,0.15274273331014573,0.18950898714717224,AP
6.0,-53.8,63,2.03,0.272,1.91,0.4014,0.07168458781362007,0.616,0.30220264317180623,0.32996241032847545,0.3152010833793656,6.0,-53.8,16,3.44,0.246,0.48,0.020895522388059702,0.23455497382198953,0.2705882352941177,0.1753462438347223,0.22728823685734445,AP
6.0,-53.6,62,1.98,0.2775,1.88,0.4092,0.06810035842293907,0.5760000000000001,0.3183553597650514,0.3208185727293302,0.2994625572153567,6.0,-53.6,18,3.06,0.2411,0.55,0.026865671641791045,0.19476439790575917,0.26098039215686275,0.160870153901471,0.2030930652347517,AP
6.0,-53.4,60,1.97,0.2833,1.82,0.4125,0.06093189964157706,0.5680000000000001,0.33538913362701905,0.3214403444228654,0.3005327610505231,6.0,-53.4,13,3.15,0.2442,0.39,0.011940298507462687,0.20418848167539266,0.26705882352941174,0.1610625345707557,0.20341460809139844,AP
6.0,-53.2,62,1.97,0.2802,1.88,0.4073,0.06810035842293907,0.5680000000000001,0.3262848751835536,0.3207950778688309,0.2994221174686225,6.0,-53.2,13,3.54,0.2632,0.39,0.011940298507462687,0.24502617801047116,0.3043137254901961,0.18709340066937666,0.24692230082092326,AP
