grid_lat,grid_lon,zos_q90_m,ssh_total_q90_m,tide_range_proxy_m,n_episodes_zos,n_episodes_ssh_total,rayleigh_R_zos_springneap,rayleigh_p_zos_springneap,rayleigh_R_ssh_total_springneap,rayleigh_p_ssh_total_springneap,rayleigh_R_zos_annual,rayleigh_p_zos_annual,zos_annual_peak_doy,var_tide,var_zos,var_ssh_total,var_ratio_tide_over_ssh,latitude_band,sig_zos_springneap_p01,sig_ssh_springneap_p01,sig_zos_annual_p01
-35.0,-54.8,0.3984954118728642,0.5752924323081975,0.30098847299814224,688,656,0.006301275032810122,0.9730710318326422,0.11449460674327173,0.00018022701533203057,0.23660795967329104,1.1307657404160454e-17,136.62524905760404,0.003481053181370765,0.044992369798844516,0.049532667188888324,0.07027792725346457,RS,False,True,True
-35.0,-54.6,0.3597412645816804,0.5685023307800298,0.3354601636528969,689,631,0.016059883101287375,0.8372862408839361,0.13789161482628504,5.868506790301516e-06,0.2519680768434159,5.3696800185654857e-20,132.25910329442462,0.004405363407384477,0.03534328001108125,0.04080992369447932,0.10794833728102327,RS,False,True,True
-35.0,-54.4,0.3211511790752412,0.5619852542877198,0.36422547698020935,698,637,0.013408884132632342,0.8821308495107721,0.17973627220244617,9.924451264008472e-10,0.2646041511837452,2.8906090579206796e-22,125.87199214449359,0.00520395709968192,0.0277076258642145,0.03389013775511934,0.15355373109676504,RS,False,True,True
-35.0,-54.2,0.29313722252845775,0.5559058070182802,0.38768020272254944,693,624,0.022099712531570174,0.7130124179998957,0.2099679863599713,8.48260536675748e-13,0.2698340348561658,5.755413380136759e-23,120.46628553276643,0.005875867712476558,0.022474475129096023,0.029253792928226108,0.20085832038576815,RS,False,True,True
-35.0,-54.0,0.2719199061393738,0.5539866924285889,0.40945547819137573,666,583,0.019241954111919944,0.7815891442919075,0.23887787837815166,2.279891889014038e-15,0.28305929489684856,3.043120200150078e-24,116.19579007054995,0.006438196826607491,0.018637665659541093,0.025918573441807535,0.24840089448065308,RS,False,True,True
-34.8,-54.4,0.4010806262493134,0.6257703304290773,0.3560515306890011,678,644,0.01736178189980196,0.8152705711535024,0.13160043095933563,1.376712279147187e-05,0.23810234593017035,1.2175263839683706e-17,140.70133771817277,0.005023016095778204,0.04576426432093986,0.05208691778306048,0.09643527222514539,RS,False,True,True
-34.8,-54.2,0.36328957676887513,0.6133225083351138,0.38500498980283737,669,625,0.018748835296215783,0.7905621475077748,0.16352429971506194,4.9943175970624324e-08,0.2615192209635095,6.778537228079525e-21,136.857928890013,0.005845908922283878,0.03688656917665195,0.04403957347454864,0.1327421784786891,RS,False,True,True
-34.8,-54.0,0.3240333318710328,0.5972470045089723,0.4111306890845299,676,606,0.024777784528604865,0.6604861000600974,0.2003035751199146,2.1969027081488015e-11,0.26676451408906743,6.201523980154926e-22,132.51372811529717,0.0065479684250566396,0.028405146545455916,0.03614948471407073,0.1811358716963378,RS,False,True,True
-34.8,-53.8,0.2850910365581514,0.5782660007476806,0.4278350919485092,670,573,0.03460716175571968,0.4483995714850211,0.23963161319939436,3.287609914866616e-15,0.282338085144205,2.9045246778509517e-24,129.36444271186429,0.0071377869006404564,0.021770305167341086,0.02996162278150172,0.23823098477320526,RS,False,True,True
-34.8,-53.6,0.2525796711444855,0.555918622016907,0.43983428180217743,636,544,0.03165113525560753,0.528982581771902,0.25474106412126407,2.7342425594751053e-16,0.29444729910215484,5.153394479432826e-25,125.17791192504352,0.0074840392162349115,0.016610702185718956,0.02500184929334104,0.2993394259931085,RS,False,True,True
-34.6,-54.0,0.38660882115364076,0.6597084283828736,0.4161398559808731,666,622,0.019171981903365175,0.7829887626761574,0.15251442513721794,4.838261671863005e-07,0.2584215263250064,2.493979774650186e-20,139.05224497144664,0.007000256915818941,0.04259018503235594,0.051158716495595405,0.13683409974567365,RS,False,True,True
-34.6,-53.8,0.3496963620185852,0.6406321048736573,0.4361196309328079,654,596,0.011339611565414727,0.9193998286067431,0.19288856682857733,1.9349661550542596e-10,0.2608989320008845,2.3723931243308815e-20,138.84724406033197,0.007674542796541432,0.03406473286253688,0.04323313173476966,0.17751531033245238,RS,False,True,True
-34.6,-53.6,0.30851983428001406,0.6126565098762512,0.457632452249527,639,572,0.02373226495374805,0.6979087717088804,0.22137054256938243,4.850013598732891e-13,0.26779434875611857,6.170278928816597e-21,134.39621802800625,0.00814789691273132,0.02619067590018756,0.03568067501428534,0.2283560193149142,RS,False,True,True
-34.6,-53.4,0.26857616901397713,0.5781632423400881,0.45680123567581177,625,542,0.029451911993337944,0.5816896459164675,0.25140713651027186,7.982851075063529e-16,0.28649757692527866,2.3867185650012613e-23,128.63128767774663,0.008121982801115207,0.018988813647473728,0.02821984713267656,0.28781101339526866,RS,False,True,True
-34.4,-53.8,0.39924911856651313,0.7027344346046451,0.4599733278155327,682,637,0.02078855480826909,0.7448654989211146,0.1494939265506221,6.128518262225455e-07,0.24996218353456495,1.6990996703890415e-19,142.80776696831828,0.0086482284505186,0.045367703922403045,0.05582833099159599,0.15490752270241512,RS,False,True,True
-34.4,-53.6,0.36307646036148117,0.6844836711883545,0.48156052827835083,658,596,0.023604797415258845,0.6932246575574722,0.19775883170628555,6.096276913996964e-11,0.2615118620749716,1.4529822969640355e-20,140.9304171719336,0.009346510080135775,0.03671397450299164,0.0478203434989696,0.19545050069197364,RS,False,True,True
-34.4,-53.4,0.320465010404587,0.6472969412803651,0.48293936252593994,645,568,0.02078971447510962,0.7568494636618633,0.21072660077778485,8.551806842580283e-12,0.269123811565257,2.5006345501489056e-21,140.98542923933314,0.009391378605853882,0.02730255977495985,0.03825413738428894,0.2454996831195295,RS,False,True,True
-34.2,-53.6,0.39375160336494447,0.7371331691741945,0.5271440073847771,685,617,0.01569825013161006,0.844766342290761,0.18118759917727062,1.3709360463597903e-09,0.2526478052873032,5.458912318368945e-20,145.59928833931903,0.011034092365711954,0.043941162933599016,0.05697461633567275,0.1936668129663793,RS,False,True,True
-34.2,-53.4,0.3556049764156342,0.7041510343551636,0.5266898944973946,657,583,0.02159671022947617,0.7362105893392549,0.2055081823205951,1.5889885805167056e-11,0.2677130591174197,1.727260088262861e-21,145.65779950784693,0.011059689318767225,0.034375694028475165,0.04730463225270539,0.23379717359782906,RS,False,True,True
-34.2,-53.2,0.3143233239650727,0.6554824829101563,0.5101016610860825,647,543,0.023209052234188524,0.7058936589778326,0.2239698599152553,1.0736425102079244e-12,0.27313450139630946,5.167493688587502e-22,143.17350853201236,0.010336173863224272,0.02545126888293197,0.0373777515210674,0.2765327886937888,RS,False,True,True
-34.0,-53.4,0.3857406914234162,0.760126781463623,0.5639993026852608,677,602,0.022753550151494495,0.7044868109283403,0.20817199170455328,3.588034771059597e-12,0.24819207226426138,4.2939250754915654e-19,147.74265021762412,0.012946084618571095,0.04159463342317478,0.05668283055110046,0.22839516821412081,RS,False,True,True
-34.0,-53.2,0.35118530988693253,0.7162685632705689,0.5501849874854088,651,569,0.02412070517437491,0.6848732827764142,0.21723406633075204,1.6184015166808397e-12,0.26034628061164206,3.532098282591827e-20,147.21929984316347,0.012256301798628738,0.03272250163186482,0.046900235743249384,0.2613270829964401,RS,False,True,True
-34.0,-53.0,0.3103732466697693,0.661231589317322,0.5270839855074883,634,531,0.025199836591928773,0.6687422886545783,0.2288703316134437,5.903917835070906e-13,0.2792624579021456,1.5572001614917225e-22,146.80290968748852,0.011065026448719024,0.025229768021341168,0.03792001860335933,0.2917990775389223,RS,False,True,True
-33.8,-53.4,0.41205983757972753,0.8088099360466008,0.6049729138612747,700,624,0.01805751379844638,0.796038888227744,0.20532220527318287,2.899427523198399e-12,0.24667207201407074,1.7555868077109438e-19,149.63838231880473,0.014764268628712034,0.04851364675069552,0.06561115789527118,0.22502679578188248,RS,False,True,True
-33.8,-53.2,0.3831529259681705,0.772089171409607,0.586341492831707,683,601,0.026963967630883205,0.608775557285026,0.20816188910989167,3.75838155081505e-12,0.24783487667582502,3.3439715522996045e-19,150.10950980643872,0.014081691877480604,0.041236640580623894,0.05751860466235821,0.24481977544730077,RS,False,True,True
-33.8,-53.0,0.3509628474712375,0.7231743335723877,0.5628429651260376,661,580,0.02081715045149902,0.7510664219060583,0.22157424893317615,3.091569436758633e-13,0.2639837948664554,4.9174356925951185e-21,148.12280129746554,0.012900399247853318,0.03355170367193303,0.04843207327347568,0.26636066507023465,RS,False,True,True
-33.8,-52.8,0.31781363487243675,0.6702617049217224,0.5380574017763138,639,553,0.022254178530906093,0.7288733314153828,0.22230785556001545,9.83398377212269e-13,0.2815843432656456,4.542366654956255e-23,146.35752196049484,0.011667512885511717,0.02744992507136316,0.040862976845300075,0.28552772671660304,RS,False,True,True
-33.6,-53.0,0.38872051239013683,0.779094398021698,0.5920295789837837,687,607,0.018037983990052225,0.7998077309096278,0.20306776620100234,1.057936373684393e-11,0.2453106807129487,6.259134285107842e-19,151.86347092145334,0.01454455723697669,0.04289254964533543,0.059679772860564584,0.2437099965336412,RS,False,True,True
-33.6,-52.8,0.3597368836402895,0.7301914453506471,0.5718988105654716,665,585,0.020774521630866252,0.7506495555776435,0.2092443612529503,5.782629694358663e-12,0.261358551279585,9.459955264386562e-21,149.92326276372614,0.013361742272623888,0.03642376429537738,0.051869845876218366,0.2576013490479652,RS,False,True,True
-33.6,-52.6,0.32246721386909516,0.6717247486114503,0.5425610542297363,646,557,0.028662659891548436,0.5883588581315451,0.21399229049424467,6.363199817271644e-12,0.27634663826816214,1.7528346632281099e-22,147.2559868090426,0.011884641797160162,0.029064256455682964,0.04278301306102166,0.27778879856379046,RS,False,True,True
-33.4,-52.8,0.3973100006580353,0.7781919956207277,0.6037219613790512,689,613,0.02114922573078537,0.7349201317913598,0.18972055952627428,2.1769457002140006e-10,0.24637052273357296,3.837096586843508e-19,153.16949164095163,0.014710581742624629,0.04599413960505539,0.06302224668392584,0.2334188721706845,RS,False,True,True
-33.4,-52.6,0.3586552798748016,0.7198281288146976,0.5787986665964127,669,587,0.027057028502638376,0.6129407938919949,0.2003370977758175,4.706730247639651e-11,0.26280376987304993,4.280573727782148e-21,151.12119633197796,0.01340149198620001,0.036759867842720347,0.05224378048353055,0.25651841926762414,RS,False,True,True
-33.4,-52.4,0.31258133053779663,0.646401309967041,0.532644659280777,631,546,0.03112599901875562,0.5428111006146986,0.21629574542364977,6.090111682172301e-12,0.2717890900221021,2.753671841979983e-21,148.36213977431447,0.011548668761904838,0.02639080122456111,0.03969600566760549,0.2909277285631108,RS,False,True,True
-33.2,-52.6,0.3932338356971743,0.7599257230758671,0.6030004397034645,687,615,0.0222518370489724,0.7117997717763634,0.18808322133532648,2.9811912085876455e-10,0.24369297949375004,1.0918891037226124e-18,153.35878176984366,0.014528997225533018,0.0452438134387566,0.06204725816826103,0.23416018135939196,RS,False,True,True
-33.2,-52.4,0.3478644192218781,0.6931462645530702,0.5631073564291,659,579,0.03046381981280857,0.5426672315180472,0.1873694073866665,1.2616960033940538e-09,0.2709472373805874,4.651155420559456e-22,152.2735556850476,0.012872842380160714,0.033776629742243235,0.0486162365218692,0.26478483940997943,RS,False,True,True
-33.2,-52.2,0.29849590063095094,0.6109241485595704,0.5182038396596909,610,525,0.023677714984108214,0.7105226478430167,0.1975543914881597,1.0510884469535662e-09,0.2883909229448556,4.202682834715927e-23,150.49781619014297,0.010904922373509512,0.022500528102102707,0.035016678503274244,0.3114208097289937,RS,False,True,True
-33.0,-52.4,0.3706026375293732,0.7194030284881593,0.5886615142226219,675,601,0.022507858691812987,0.7105275931043905,0.17538559141202117,8.228676310598053e-09,0.251322447426794,1.651099326281596e-19,154.30099503724958,0.013934618647467307,0.03854332746848925,0.0545393614590093,0.2554965491838457,RS,False,True,True
-33.0,-52.2,0.32595074772834803,0.650281548500061,0.5463690645992756,636,559,0.01978570007668276,0.7797311848605545,0.1837221654872951,5.529243093082528e-09,0.2748181620068582,6.507907437979997e-22,152.5944739335879,0.012094030453404219,0.02804210112144695,0.04192585069997266,0.2884623746802616,RS,False,True,True
-32.8,-52.4,0.39021986126899766,0.7390720009803777,0.5960876233875751,697,610,0.02530624588277048,0.6401106263519952,0.16761245093338528,3.2396953900208475e-08,0.24704089883414465,1.8543995988196797e-19,156.34209534389575,0.014575088292343712,0.044304454182959606,0.06102674061593817,0.23883117704203885,RS,False,True,True
-32.8,-52.2,0.3506090521812439,0.6794378042221071,0.5643955245614052,657,581,0.013220929486375007,0.8915831111821607,0.17402315011947078,2.0252407224786238e-08,0.2643208941261874,5.782593176576115e-21,154.78596330099734,0.012937998316146442,0.03337988458695702,0.048228858330364166,0.2682625872568265,RS,False,True,True
-32.8,-52.0,0.3107394576072696,0.6128527164459229,0.5271204728633165,613,542,0.019282411347438518,0.7963188010765364,0.16753897026366046,2.2488206914389835e-07,0.2787157765060204,9.77167181828327e-22,151.9209537814429,0.01105000862244236,0.02482543620434776,0.03754274511691162,0.2943313971322981,RS,False,True,True
-32.6,-52.2,0.3637580871582032,0.691840994358063,0.5825765933841467,670,594,0.021571001842179718,0.7323036362266231,0.15563167612582027,5.231508801280023e-07,0.2552040422245577,5.904474133176136e-20,155.0473800627511,0.013274746008129638,0.03617713389869428,0.05137920251516251,0.2583680819921666,RS,False,True,True
-32.6,-52.0,0.3276467561721802,0.6317780256271366,0.5514350086450577,633,564,0.017705961032520322,0.8201196928683581,0.15628824975236852,9.669322984900584e-07,0.2638253938188378,3.7248003902576796e-20,154.21100533696466,0.011467251610222549,0.0282767880498074,0.04145691026091512,0.27660651838382855,RS,False,True,True
-32.4,-52.2,0.3854896068572999,0.7063314676284793,0.5852934420108795,686,611,0.023905380826797093,0.6758414487018535,0.15517775447346877,3.771998623367528e-07,0.24688442536807517,3.8610071753773567e-19,157.9593580269861,0.013064106877623341,0.04160016778377681,0.05662039992221866,0.2307314483043204,RS,False,True,True
-32.4,-52.0,0.347666680812836,0.64963116645813,0.5501067098230124,657,586,0.016302349913948862,0.8398874414355627,0.14406743906858643,4.950576514966149e-06,0.25610450187412437,1.0200073201727487e-19,155.94376561587757,0.011353315112189157,0.033566244452858586,0.046664773577417794,0.2432951933936587,RS,False,True,True
-32.4,-51.8,0.314133417606354,0.5897197961807255,0.517127700150013,625,557,0.01771170552759325,0.8220748279291182,0.1429553410185196,1.0848876928410394e-05,0.27644709256537514,8.497572983386464e-22,154.19278557720816,0.009694371549578147,0.027716258249305962,0.03896903555950735,0.24877114381685006,RS,False,True,True
-32.2,-52.0,0.38323922157287604,0.6702914237976075,0.5418990235775709,681,617,0.014285424925479424,0.8703333087457868,0.13023154084643507,2.7517311172018814e-05,0.24431223393644386,1.2683474331991452e-18,159.42076071700478,0.01076484163019493,0.042223100743420776,0.05481786677447155,0.19637469065483723,RS,False,True,True
-32.2,-51.8,0.3466486632823944,0.6130929112434388,0.508338799700141,651,600,0.016629730265739558,0.8353479900796097,0.12830821780938018,4.965012496826968e-05,0.25667306095816234,1.2505662994500124e-19,156.41129121926454,0.009195232901233957,0.0348343570561362,0.04564395881658663,0.2014556392486378,RS,False,True,True
-32.2,-51.6,0.3112310707569123,0.551975953578949,0.4641580656170845,623,566,0.012770616001987724,0.9034569392376665,0.12041323799604617,0.0002667222774694527,0.28023826180080513,2.6142588962047646e-22,154.03459249951024,0.007634822887434873,0.027011950139926327,0.036017721046125835,0.21197406903277952,RS,False,True,True
-32.0,-51.8,0.38382242321968096,0.6342631101608277,0.48845090717077255,678,630,0.02068660427503278,0.7482954398986719,0.08978834127925286,0.0061872953391936564,0.24015459985798776,6.1579014489568324e-18,161.4649217805034,0.00830159676701711,0.043101441530174145,0.053070739502816905,0.15642511946863816,RS,False,True,True
-32.0,-51.6,0.34613051414489754,0.5768885254859927,0.445168424397707,649,610,0.015577879350264633,0.8543782450671455,0.09091948199545963,0.006417101646835589,0.26437510419867283,9.976286696126956e-21,159.18034246482196,0.007016819027876174,0.035073648211274955,0.04353324843411553,0.16118298726307156,RS,False,True,True
-32.0,-51.4,0.30308379530906693,0.5166911959648133,0.410128996707499,611,569,0.014376088670388469,0.8814563910696027,0.06752447734941829,0.07464098071992371,0.2849614369619987,1.2961813282016581e-22,155.85856186811472,0.006086759746288792,0.02629683701499633,0.033583687645471684,0.18124155424931457,RS,False,False,True
-32.0,-51.2,0.2543206810951234,0.46087228059768676,0.37625535763800144,563,518,0.020880127274806683,0.7824968744654133,0.05940070322529981,0.16080201747119152,0.3242159259427996,1.0716515108000315e-26,150.9587150050035,0.005517301571800175,0.017802578384257684,0.024257745372724952,0.22744494539891358,RS,False,False,True
-31.8,-51.4,0.352065545320511,0.5536262989044191,0.39049778413027525,647,617,0.01897738803377706,0.7922705761295169,0.050956487372790606,0.20152919055182208,0.2646444424344253,1.045723598201223e-20,162.39281022662712,0.005488088692447896,0.037973302268460296,0.044773148702408984,0.12257544647854114,RS,False,False,True
-31.8,-51.2,0.2981268405914307,0.49096477031707775,0.3673845883458853,597,567,0.021365040393624784,0.7616162620877516,0.020598697457867746,0.7863171506855079,0.2953906209937208,1.0759457239913577e-23,156.10455971807244,0.005080932873034782,0.026178530552712614,0.03228875576392877,0.1573592030049954,RS,False,False,True
-31.8,-51.0,0.24046162962913525,0.4390484333038331,0.36907794047147036,546,502,0.013351895945639377,0.9073270177456817,0.01417020037724186,0.9042010330176811,0.3367212760743261,8.296613921542384e-28,146.96415225264911,0.004841422626658424,0.015641090959421348,0.021267048618014477,0.22764901296917364,RS,False,False,True
-31.6,-51.2,0.3457275569438936,0.5304730892181397,0.3627539128065109,634,616,0.02619343004003691,0.6474483564841025,0.01600941369207191,0.8540516583470726,0.2608207885443127,9.644268877652373e-20,163.2715411974309,0.00460331914994035,0.03652050641967803,0.04220899667974595,0.10906014148754356,RS,False,False,True
-31.6,-51.0,0.28377331495285063,0.4716282367706299,0.36449909768998623,580,545,0.02836220896299925,0.6273490454846095,0.03177541961159888,0.5770028474469746,0.30626783215765047,1.0911376323848367e-24,155.44113495052704,0.004545684055113634,0.023266971751902704,0.028687388037696403,0.15845583603290822,RS,False,False,True
-31.6,-50.8,0.22720070779323584,0.42489345073699963,0.3657492585480213,533,514,0.039165678302913516,0.4416922856627438,0.06467026546868167,0.11650401006823287,0.3393423387421273,1.4211272415815756e-27,147.1054955975363,0.00448355098876002,0.01212586777676056,0.017244327115840424,0.2600015041840331,RS,False,False,True
-31.4,-50.8,0.2725760579109193,0.46067587137222304,0.3665903089568019,562,530,0.02473158644342149,0.7092871761742082,0.06014859566327844,0.14699048438773216,0.3161419274702094,1.9687992623465677e-25,155.5515858938309,0.0043298258843430006,0.020427877882650197,0.025524150070166108,0.16963643735208703,RS,False,False,True
-31.4,-50.6,0.22405009567737583,0.42284808158874515,0.3705907613039017,548,531,0.014149215804310881,0.8961789390024688,0.09798849445547322,0.006060271388237582,0.30853481327567267,1.0083814233616994e-23,145.22879424723462,0.004365486442231995,0.010260785448709217,0.01516906776760598,0.28778870983453764,RS,False,True,True
-31.2,-50.8,0.3208749115467072,0.5050358772277834,0.36435454711318016,609,579,0.011673048915397527,0.9204274542505568,0.05894185531399927,0.13378272397758076,0.2923166681523338,1.1353933345743359e-23,161.373518031502,0.004204441098799618,0.029583536661542807,0.034656892358581465,0.1213161600093249,RS,False,False,True
-31.2,-50.6,0.2597845435142518,0.4530470669269564,0.3706061374396086,548,529,0.03319590733754381,0.5468975146939834,0.08481451363559932,0.022178755773230984,0.31428690402877507,1.462402332029268e-24,153.5539735267586,0.004291676575125688,0.01682710791861086,0.021777823630368932,0.19706636659234364,RS,False,False,True
-31.2,-50.4,0.220442745089531,0.42334578037261966,0.37660437263548374,578,541,0.01033865688668983,0.9401372701965744,0.14481574544407694,1.1249453699639729e-05,0.25317168920467487,4.689938708051165e-17,145.43669964699075,0.004362184632747329,0.008529460575203346,0.013345102031878617,0.3268753301643551,RS,False,True,True
-31.0,-50.6,0.3004748463630677,0.488977587223053,0.3741476899012923,590,557,0.017446115306710166,0.8357397740442112,0.07409618215024376,0.04691011918871103,0.31325733024727564,3.5487630453461015e-26,162.07529590838524,0.00425158728938455,0.023804738186318345,0.028791033208988674,0.14767053542410516,RS,False,False,True
-31.0,-50.4,0.2510921478271485,0.4484149813652039,0.3778007784858346,552,542,0.022580547898382194,0.7548506769775801,0.10607068386696808,0.0022213712945827946,0.32133164985679485,8.954203818959134e-26,154.47900869987367,0.00431987938416673,0.013653466794465604,0.018526066270964373,0.23317844819205966,RS,False,True,True
-31.0,-50.2,0.21868550777435308,0.42402778863906865,0.3817964568734169,589,544,0.006364124611683521,0.9764461051565508,0.1728841609205119,7.790064476047106e-08,0.23153770616088912,1.2974065715964783e-14,147.584540146219,0.004379094719675784,0.007905915937894527,0.012689246694585238,0.34510281225318395,RS,False,True,True
-30.8,-50.4,0.2908334851264958,0.4845300078392031,0.3822125745937228,565,545,0.016257137134255834,0.8613932578715945,0.09441272848059178,0.007716468163606954,0.31511863009518565,2.0902790888002945e-25,161.32045156961723,0.0042890090458560445,0.02083443361783516,0.025766627277207896,0.16645597422251404,RS,False,True,True
-30.8,-50.2,0.24774158895015716,0.44777483940124513,0.38759931921958923,555,539,0.02114748597561805,0.7803528263278541,0.120341827056205,0.00039879474729546954,0.3170772233501917,2.8481008725017293e-25,156.47199131429502,0.004334313456235572,0.013007821102806374,0.017834653191219997,0.24302762771800662,RS,False,True,True
-30.6,-50.4,0.32210336923599275,0.5144214868545532,0.3844032296910882,592,579,0.00964221329550878,0.9464904562870042,0.08397484309789956,0.01679519991775279,0.312214510134856,4.258069785614412e-26,165.44949135892702,0.004239633458263315,0.026082222371763265,0.030995218778402764,0.13678346613954084,RS,False,False,True
-30.6,-50.2,0.28255106806755076,0.48251782059669507,0.39382399804890156,553,532,0.026876145562581888,0.6708847771212053,0.11666219709608001,0.0007041526624550385,0.3355779831501068,5.738670752429405e-28,160.99545778327197,0.004326884713166903,0.018987072497134667,0.02386297078546514,0.1813221309310907,RS,False,True,True
-30.6,-50.0,0.24486831724643715,0.448778909444809,0.39646117482334375,552,528,0.015212109580972116,0.8801798009066172,0.152646631481329,4.270833999346406e-06,0.3295886788062008,5.183178082722765e-27,154.68049044128682,0.004350233300335194,0.011798237463454988,0.016581782657150622,0.2623501580186993,RS,False,True,True
-30.4,-50.2,0.3049903333187104,0.5078957915306092,0.39922833256423473,570,554,0.01788168608310052,0.8335055776841532,0.12372994026594397,0.0002022009493256661,0.32957750304519956,7.73501609242278e-28,162.48314917803486,0.0043555070592893146,0.022627686608516297,0.027508318723328266,0.15833417894768148,RS,False,True,True
-30.4,-50.0,0.2669637024402619,0.475718516111374,0.401898262090981,547,524,0.031942209390967764,0.5725021490644296,0.13172260457819404,0.00010913865944591581,0.3463016314998051,2.544260612373975e-29,158.94437841688443,0.004371442260264885,0.01562674711536077,0.02042984026028975,0.2139733940437029,RS,False,True,True
-30.4,-49.8,0.23574099540710466,0.4466075301170351,0.402721812017262,571,526,0.01966057237886071,0.8020844885598808,0.15908620459340755,1.5383718635639732e-06,0.3197200137646285,2.3094560653363558e-26,155.07352105469613,0.004367552302090985,0.010655694803532009,0.015381028026322203,0.2839571122695186,RS,False,True,True
-30.2,-50.0,0.28129518628120437,0.49497571587562583,0.40762438252568245,548,531,0.03241056525395266,0.5625532144708404,0.13165849231640475,9.74820274782487e-05,0.34778239624387364,1.335131973105076e-29,159.5525680745454,0.004445320986402532,0.01839694526552375,0.02324015699694135,0.1912775798798426,RS,False,True,True
-30.2,-49.8,0.2506724774837494,0.4648957967758179,0.4082221193239093,553,535,0.021745737961458674,0.7700533138026371,0.1430089312775773,1.6906619557221628e-05,0.3445530150443015,2.375146326285635e-29,156.36775300230428,0.004410388152964559,0.013294919002446953,0.018041514904154607,0.24445775071520923,RS,False,True,True
-30.0,-50.0,0.29633471369743347,0.5178435087203981,0.4144969303160906,561,560,0.01850508463620259,0.82534561889093,0.1316303154310109,5.9084640922902735e-05,0.35048645909847514,1.0803265181960864e-30,161.94671751679505,0.004563868919150288,0.021390817155383747,0.02632274672905762,0.17338118115584963,SC/PR,False,True,True
-30.0,-49.8,0.2619814515113833,0.4847451806068422,0.41442962922155857,548,536,0.02419062156287956,0.7258322628785124,0.13017459737272102,0.00011022067565534232,0.361380377239219,9.496737158237021e-32,157.3509541419918,0.00450555264367852,0.01589018331088775,0.020712266909747864,0.21753063840433906,SC/PR,False,True,True
-29.8,-49.8,0.2794541358947754,0.5073948860168458,0.41779046319425106,555,556,0.02015063070340453,0.7983753266531983,0.13693725650163324,2.8491393252668384e-05,0.35549591550901444,3.5072327672982506e-31,159.2953520540427,0.004653583240024779,0.019261063853023296,0.024203175304008437,0.19227159996870619,SC/PR,False,True,True
-29.8,-49.6,0.25003474950790416,0.4755721390247347,0.4162571355700493,546,540,0.01882539425011925,0.8242017905307185,0.15543123916376955,2.0180514142426977e-06,0.3516314102379516,4.253325893278368e-30,156.84355654614512,0.004565490240027871,0.014425038930230845,0.019213283634255635,0.23762155011796077,SC/PR,False,True,True
-29.6,-49.8,0.29976847171783466,0.5320952773094177,0.42851496301591396,567,572,0.016564277578418878,0.8560347646151657,0.13569955472968998,2.5605777855281522e-05,0.3559030956127393,6.945652991127107e-32,161.81431180457798,0.00482500059055767,0.02329931497813459,0.028373452747489192,0.17005334646784012,SC/PR,False,True,True
-29.6,-49.6,0.26711886525154116,0.4975674927234655,0.42584287747740746,554,551,0.007154587842740557,0.9720646171883017,0.15034893065445734,3.670968607826769e-06,0.3705316032250145,1.3874104294285418e-33,158.88136811174252,0.004731539407884719,0.01789240211006492,0.022815793890785686,0.20738000310370894,SC/PR,False,True,True
-29.6,-49.4,0.24037515223026282,0.46876494288444526,0.42147532664239407,541,542,0.012760440893905118,0.915749341062885,0.1673748721686162,2.317738922252448e-07,0.36493537969974205,6.227417545712955e-32,156.08361474927761,0.004638427740134269,0.013040067523229518,0.017799530583110276,0.2605927003791666,SC/PR,False,True,True
-29.4,-49.6,0.290768986940384,0.5269441485404969,0.43355477042496204,564,570,0.02224774770095526,0.7565809180567188,0.1601845892328967,4.0971570516121756e-07,0.36071384094016223,1.6262387455338272e-32,161.9192564370943,0.0049366135064099256,0.02249115283638948,0.027589990537435563,0.17892769842424072,SC/PR,False,True,True
-29.4,-49.4,0.2576606154441834,0.49044497609138493,0.428466372191906,546,549,0.012801550077608491,0.914479662665208,0.16828962252542662,1.6036158940475184e-07,0.3756507941959082,5.703919684610048e-34,159.59936472529228,0.004804618581032238,0.016771279465550466,0.021657691801290326,0.22184351985034656,SC/PR,False,True,True
-29.4,-49.2,0.23166642487049108,0.4634016573429108,0.4229264799505472,545,547,0.009179317871108638,0.9551561149619467,0.20324756536504188,1.2370799947537255e-10,0.34127117331243234,1.8913504635164879e-28,157.21775431642286,0.004714535071344588,0.011789468224983453,0.0165173023380825,0.2854300886940052,SC/PR,False,True,True
-29.2,-49.4,0.27962908744812015,0.5180300712585452,0.43317889608442783,557,565,0.022827899012364018,0.748235745711196,0.1680369283129983,1.066662181880817e-07,0.3671553932243329,3.4108534868143686e-33,160.8124414658424,0.004968038851995818,0.02153697952087551,0.026542653389427316,0.18717189947462928,SC/PR,False,True,True
-29.2,-49.2,0.24773530960083018,0.48392976522445696,0.42730812914669514,544,546,0.0033460095186975194,0.9939335506758492,0.18590001957044297,5.5058617933029005e-09,0.3890341668486325,4.071220968815443e-36,158.08464059215282,0.004856727807250704,0.015450747213484288,0.02027109108310376,0.2395888700484827,SC/PR,False,True,True
-29.2,-49.0,0.2245428532361985,0.45971362590789794,0.4235648177564144,541,542,0.010967646315003226,0.9370502974496033,0.22876371460400696,3.384437221359484e-13,0.3301662131554386,1.366095322923645e-26,158.9681610008735,0.004787852852392814,0.010375980363292302,0.015096463577646435,0.3171506245662899,SC/PR,False,True,True
-29.0,-49.4,0.3103113830089569,0.5499903321266176,0.43103757686913013,578,590,0.010796197232905263,0.9349014576117217,0.15885621257113874,3.148260634690331e-07,0.35788933097554604,8.38586772428895e-33,165.10958783969056,0.0050685549422982805,0.027854370332979706,0.03292690927063036,0.15393351682780781,SC/PR,False,True,True
-29.0,-49.2,0.2711157083511353,0.5089423775672913,0.429184228181839,547,558,0.018575100373229014,0.8281362621655024,0.17569079895951623,2.9368957564245058e-08,0.3720568805978891,1.967642557895791e-33,160.0400491877381,0.00497497867208205,0.02053203760421006,0.025427732865304625,0.19565168072338288,SC/PR,False,True,True
-29.0,-49.0,0.23987548053264618,0.4772050619125368,0.4264155086129904,546,546,0.016767842423810787,0.8578003635650981,0.1977203262810788,4.429366207277251e-10,0.37544345766126275,6.176110531287936e-34,156.77269391255481,0.004912626573529625,0.014015607441948932,0.018805450745743222,0.2612341836391048,SC/PR,False,True,True
-29.0,-48.8,0.2186825722455979,0.4582068800926209,0.4238116927444935,546,547,0.011831664922246072,0.9264767714838856,0.2644622326370874,1.316888228257498e-17,0.3237150358730644,7.312626645534928e-26,156.90750244413897,0.004896302163880775,0.009278474469746882,0.014095684646930283,0.34736178387383815,SC/PR,False,True,True
-29.0,-48.6,0.20392580926418305,0.44744763374328617,0.42193676717579365,548,509,0.02133337158632478,0.7794220381044615,0.34044449768377305,1.4520059079590415e-26,0.208525721732596,3.518312949890368e-11,148.18111897515928,0.004920702945086634,0.006116306721861753,0.011035606207699835,0.4458933068537122,SC/PR,False,True,True
-28.8,-49.0,0.2720911800861359,0.5101401209831239,0.42482065223157406,546,555,0.015188239168687626,0.8817518203379185,0.18462659765967782,5.250308876034348e-09,0.36770891053533505,1.1610477338705886e-32,160.5564424454931,0.005034187299919192,0.021567865288349593,0.02642368818884655,0.19051796493890374,SC/PR,False,True,True
-28.8,-48.8,0.23944870829582227,0.47772496938705444,0.4233168102800846,544,555,0.0163890883842886,0.8641619063785188,0.2312660545420069,8.827651132176019e-14,0.3718001835153912,3.238533315076728e-33,159.1167843135356,0.005053009621947921,0.014164633171264937,0.019039547708827008,0.2653954652297372,SC/PR,False,True,True
-28.8,-48.6,0.2158256232738495,0.4594669342041016,0.4237916860729456,557,548,0.03048651365327284,0.596100134992244,0.3098604505615184,6.471998834623096e-24,0.2999245960722188,7.81091717951121e-23,155.68070870365034,0.005110715257830779,0.008732013805749035,0.013719552043759842,0.37251327459742545,SC/PR,False,True,True
-28.8,-48.4,0.2007758677005768,0.44954220056533817,0.4240131601691246,545,503,0.027703041861645246,0.6583876586838435,0.3718400352448232,7.58075783595597e-31,0.18614588466526186,5.419404831031671e-09,141.6233012371056,0.005148083176788865,0.0054528227143532835,0.010574891321551603,0.4868213790809447,SC/PR,False,True,True
-28.6,-48.8,0.2797905266284945,0.5160354614257814,0.4186662510037422,555,561,0.014878908064744416,0.8844731833222663,0.20594333306350154,3.6676541793390275e-11,0.36951156575638006,1.7979005627146735e-33,161.73268729135827,0.0051985234167229825,0.022613638402146523,0.027514017203926856,0.18894090885358023,SC/PR,False,True,True
-28.6,-48.6,0.23607251048088077,0.4800037145614625,0.42262045107781887,549,555,0.013245358929881287,0.9082525274162865,0.2772088395742728,1.475400581693185e-19,0.35906507233165047,1.9702933074688452e-31,158.0147539458174,0.005372427637889367,0.01289452571696272,0.017999436802956,0.29847754108656704,SC/PR,False,True,True
-28.6,-48.4,0.2120268315076828,0.4617860734462738,0.42414957098662853,562,534,0.019625645943746346,0.8055004217814361,0.34736431284204333,7.950103014185016e-29,0.2553791645815301,6.935500935915098e-17,153.6657414653098,0.005454328458111681,0.007359609619821092,0.012654052883380376,0.43103411281576876,SC/PR,False,True,True
-28.4,-48.6,0.2564450681209565,0.5045717358589173,0.420238109305501,555,550,0.01133341793913022,0.9312515815862291,0.24989466084581,7.338566592463445e-16,0.3620343461285224,3.0724470997807863e-32,158.84948844489745,0.005756753580979919,0.017050768037193163,0.02240124776647713,0.25698361274298065,SC/PR,False,True,True
-28.4,-48.4,0.2240888714790345,0.48001617193222074,0.42537132650613785,556,563,0.01261357253556644,0.9154085477144269,0.3572051215888306,6.949472814897666e-32,0.29888173577738397,1.2092671319658235e-22,156.6042192928951,0.0058941757994612634,0.009615341559828858,0.015216329769511134,0.38735857389680045,SC/PR,False,True,True
-28.2,-48.6,0.2713380515575409,0.5274001598358155,0.41891579143702984,566,567,0.014144165431064015,0.8930272811308104,0.2686571456791395,8.706758374882778e-19,0.35549133611132255,9.167931523679503e-32,160.56643293836783,0.006370541508828017,0.02001954142389355,0.025882390792834907,0.24613419833656136,SC/PR,False,True,True
-28.2,-48.4,0.23592425584793095,0.4994770288467408,0.4245272036641836,556,574,0.022056024389884663,0.7631764706715973,0.35083243136682984,2.023978358985697e-31,0.3219242377829666,4.8657603113920875e-26,157.31393396892486,0.006490136887563161,0.011958226996174747,0.0180380042074998,0.359803491168092,SC/PR,False,True,True
-28.2,-48.2,0.21306410729885103,0.4838426232337952,0.4296147972345352,575,548,0.017886221372595816,0.8320963871916938,0.4422713461766261,2.3903814434415273e-46,0.23832719534302477,4.227676041527568e-15,153.91636471884163,0.006547140041699165,0.007159268488428563,0.01350530717895317,0.48478275650792346,SC/PR,False,True,True
-28.0,-48.4,0.24790807068347945,0.5208571553230287,0.428765919059515,560,566,0.0076126867969873,0.9680948786572697,0.36464714382665386,2.7915408736659612e-33,0.33244606965664136,8.10349169781401e-28,160.4376720112924,0.0072773507560903,0.014091538945135314,0.020852414545090014,0.34899319406652846,SC/PR,False,True,True
-28.0,-48.2,0.22051452100276953,0.5029507517814636,0.4346730597317219,567,575,0.007224429401008261,0.9708654621405314,0.45664843816067124,1.1006476414694603e-51,0.26310534468944763,4.84282794941532e-18,155.11198162295088,0.007342125667982672,0.008529449850622173,0.01556410521690627,0.47173451770342706,SC/PR,False,True,True
-27.8,-48.4,0.25797864198684695,0.5441379547119141,0.4369272217154503,563,560,0.013407585087504887,0.9038232639692387,0.39225988563411657,1.033790712224373e-37,0.33933273444853,4.9908607958629127e-29,161.77466137052582,0.008276705989186336,0.01600460030573048,0.02367767997316427,0.3495573045402658,SC/PR,False,True,True
-27.8,-48.2,0.2276083618402483,0.523793363571167,0.444208238273859,568,572,0.007158055413932254,0.9713408846789328,0.4817459969318397,4.7239889540954893e-57,0.2781866469295543,3.927446362994678e-20,156.49346693270329,0.008373108112097443,0.009704075548780654,0.01765809419348645,0.4741796040020012,SC/PR,False,True,True
-27.6,-48.4,0.2699959814548496,0.572123908996582,0.4508454278111458,577,564,0.004761229929392771,0.9870160930145224,0.41132589976934997,1.623086216626694e-41,0.33341111051856637,9.168329919429379e-29,162.7986650748799,0.009643884390510294,0.01807532062645073,0.027055451242824338,0.3564488466282022,SC/PR,False,True,True
-27.6,-48.2,0.23548046350479127,0.5510460853576661,0.45919105783104897,574,577,0.009001912038990962,0.9545891962931309,0.5097638618858551,2.760614485008893e-64,0.2733979456780861,1.1550326319735616e-19,157.8714290391992,0.009798920430479882,0.011018448012758001,0.02031760784689129,0.48228711294765797,SC/PR,False,True,True
-27.6,-48.0,0.21082186698913574,0.5314715266227722,0.46247146278619766,568,540,0.009481118486535382,0.9502647534380992,0.5781388938403188,3.881065186380415e-77,0.2217931267238776,5.304052701081271e-13,149.07821319670683,0.009570034789701908,0.006832606467983075,0.016105796675997562,0.5941981624519147,SC/PR,False,True,True
-27.4,-48.4,0.27294924259185793,0.6278943538665772,0.49136916920542717,576,552,0.011612829132864882,0.9253221825190103,0.504493920572048,2.8773336511126995e-60,0.3234934870597671,3.647099747980582e-27,161.79497169387201,0.013515341669207431,0.01789992911835326,0.030688862627020034,0.44039891062329034,SC/PR,False,True,True
-27.4,-48.2,0.24291760623455053,0.5872432827949526,0.48263657465577126,582,570,0.005934027177241284,0.9797318594000815,0.5560247098469427,2.2255430265309074e-75,0.26766154074739873,4.002948520333549e-19,158.7877817748762,0.011960013551531468,0.01197616897387992,0.02335839493225169,0.5120220625697998,SC/PR,False,True,True
-27.4,-48.0,0.21434980332851417,0.5587425947189331,0.4810876026749611,577,546,0.013817783407975162,0.8957650908192484,0.6095676010891983,1.187027014737367e-86,0.21965891552980665,5.910716807186253e-13,150.98511054928287,0.011287929784790662,0.007603561436546303,0.01853397915959461,0.609039736561221,SC/PR,False,True,True
-27.2,-48.4,0.2733937501907349,0.6637063503265381,0.5390768088400364,582,566,0.01259180332933782,0.9119204313000746,0.5474789851249257,1.3709074045187267e-72,0.3136428799821051,6.704272173270542e-26,160.82021065219845,0.016296374940266353,0.018080583106371204,0.033601395461515526,0.48499101648712706,SC/PR,False,True,True
-27.2,-48.2,0.24710645377635962,0.6278036236763,0.5208504237234592,582,564,0.014979035285987064,0.8776746016065312,0.6036819817829161,8.189377762734636e-88,0.26578662959829774,7.26517993377988e-19,160.83422376981028,0.014761657758400019,0.012381262561568905,0.02650328822988206,0.5569745772811869,SC/PR,False,True,True
-27.2,-48.0,0.22009941935539246,0.5929900646209717,0.507976409047842,580,531,0.02492251586105489,0.6976750717146197,0.6444374261574143,3.892341987132745e-94,0.22161440758334608,3.0590761146849284e-13,155.6556355294782,0.013460536901255446,0.008420333163207113,0.021438579143359913,0.6278651589382277,SC/PR,False,True,True
-27.0,-48.4,0.26934294700622563,0.7012333750724793,0.5812836661934853,588,551,0.007805170953330652,0.9648414800867795,0.6193242157859321,2.9220859828838135e-90,0.29664066760305946,1.525796090691511e-23,160.6898560023478,0.01958560828104449,0.01622006971151412,0.03503468039176833,0.55903487807031,SC/PR,False,True,True
-27.0,-48.2,0.2498258978128433,0.6682019829750061,0.5635818839073181,583,547,0.022029347986697638,0.7537330520079588,0.6395888777963316,1.52463894069461e-95,0.2634810418302913,1.402037752938246e-18,160.88089597400509,0.017827677030455204,0.012645782639938223,0.029773653283109915,0.5987735821646227,SC/PR,False,True,True
-26.8,-48.4,0.2699296295642853,0.7381049394607544,0.6228529885411263,594,551,0.018721621719725644,0.8121749693359882,0.6446638463805958,8.883693177883372e-98,0.28455833381768053,5.950245957926497e-22,161.28655438096155,0.022957918066212658,0.016190875411909212,0.03833702573197647,0.5988445276562945,SC/PR,False,True,True
-26.8,-48.2,0.25311627984046947,0.7080046772956848,0.6058608219027519,584,537,0.017117799367129552,0.8428307016925258,0.6711092728523698,3.0436482879135424e-103,0.2637926512212256,1.1845119886672553e-18,159.48091530548044,0.021111900036430497,0.01308223101652489,0.03344004771393034,0.6313358227546959,SC/PR,False,True,True
-26.6,-48.6,0.2929101884365083,0.8045957803726198,0.6920249946415424,613,568,0.01731596956709129,0.8322124623235335,0.6327952922511726,3.805044693472768e-97,0.28409434015572343,1.4942513156687898e-22,163.87739948861645,0.028186440663733454,0.02004118846164313,0.04735002014506351,0.5952783246423189,SC/PR,False,True,True
-26.6,-48.4,0.27284453511238105,0.7773637533187867,0.6722691170871258,595,545,0.01266639217987482,0.9090238646613635,0.6761714828893151,2.2139890066445805e-106,0.2847574708995523,5.123556996359263e-22,161.4384607178134,0.026612311710717138,0.016754426692012468,0.04250135816483938,0.6261520304245954,SC/PR,False,True,True
-26.6,-48.2,0.25543318986892705,0.7467055678367616,0.6536831296980381,588,527,0.00921965277714444,0.9512867423234271,0.692879975231588,5.516939418511023e-108,0.26622983658412663,4.105466694813677e-19,157.90659446971654,0.024657140927003926,0.013657573540878732,0.03749881017248422,0.6575446211116527,SC/PR,False,True,True
-26.4,-48.4,0.279367804527283,0.8225337386131287,0.7298944257199764,601,546,0.013673320992646057,0.8937988128590671,0.6928777023486546,6.505946002534105e-112,0.284560046406419,3.3648422564601436e-22,160.88922661641064,0.031036774318739718,0.01801579916421825,0.04813099854040358,0.6448396098137439,SC/PR,False,True,True
-26.4,-48.2,0.26065622568130503,0.7905775904655461,0.7043419852852821,594,526,0.005773538234461887,0.9804106678909543,0.7053284613314312,1.0883785339970419e-111,0.2721558823225766,3.848160749701668e-20,157.8940078922333,0.028786597496239085,0.01466694372536354,0.04256612228995624,0.6762795375192416,SC/PR,False,True,True
-26.2,-48.4,0.2865118801593782,0.8872953772544863,0.8056265786290169,614,543,0.01697542812309004,0.8379456096006428,0.7035544000716251,9.39953993885268e-115,0.28069852334023254,4.531703212510916e-22,162.15915040057664,0.03767948158689578,0.01915875698806503,0.0558142846935122,0.6750867057385331,SC/PR,False,True,True
-26.2,-48.2,0.2694158375263214,0.8390948057174683,0.7603642791509628,597,530,0.012876728126894195,0.9058243566241865,0.7090771713457171,9.509501293180095e-114,0.2804758879806485,1.8809507434701275e-21,158.31440306602667,0.03365908146694621,0.016173341048189082,0.048841830602148834,0.6891445519543109,SC/PR,False,True,True
-26.0,-48.4,0.29522289037704474,0.9466719031333926,0.8701619431376457,624,541,0.018840565602850856,0.8014429125015594,0.7125349889537951,2.8673187403046887e-117,0.27425394750813814,1.9734592530932284e-21,163.1264445359179,0.044148308358463124,0.02065064815389559,0.06363617661727136,0.693761170222174,SC/PR,False,True,True
-26.0,-48.2,0.2791480123996737,0.8941023349761963,0.817949116230011,599,534,0.021917727110689164,0.7501020357547851,0.7143485952426133,2.5010427826384e-116,0.28341084977381925,5.879528184368048e-22,160.53292418057845,0.03929162946294216,0.018124863899215228,0.056292929896013734,0.6979851561381336,SC/PR,False,True,True
-25.8,-48.2,0.2884797036647797,0.9465181708335879,0.8740945309400558,613,537,0.013362732408701962,0.896394651587545,0.728797006045273,8.863704019142063e-122,0.27663762623976634,2.0040773785927928e-21,161.13426846174121,0.04500683197772372,0.019916312840173877,0.06369853447266997,0.7065599287379841,SC/PR,False,True,True
-25.8,-48.0,0.2714317083358765,0.8897505402565005,0.8213228657841682,593,523,0.020716646801763886,0.7754466141815126,0.7353461162132345,1.0169774858455434e-120,0.2897146808308085,1.097681373628912e-22,159.94514008323608,0.0394226229932466,0.016734360642194027,0.055026262420127516,0.7164328678595947,SC/PR,False,True,True
-25.6,-48.4,0.3133489787578583,1.0427987337112428,0.9841674715280533,631,540,0.027615439240256334,0.6182150769731855,0.7321292194063755,1.3657391257273073e-123,0.2446991079157008,2.3021120883497067e-17,165.52061145743045,0.055915992791634915,0.024314647440584303,0.07884961829124101,0.7091472857243537,SC/PR,False,True,True
-25.6,-48.2,0.29942629933357245,0.9906139969825746,0.9245287403464317,625,541,0.016305024635641506,0.8470150864904428,0.7228015407080675,1.1136149161873384e-120,0.27228877881719227,3.621541536479276e-21,163.48780366381632,0.049979239469129175,0.022229138638665623,0.07089338786061854,0.7049915510793747,SC/PR,False,True,True
-25.6,-48.0,0.28138065338134766,0.9310259342193604,0.866211861371994,597,530,0.017013518450872185,0.8414107795993968,0.7325197667423153,2.0728858847406357e-121,0.29084278245774675,5.294016588415837e-23,160.78252193372327,0.04385246211595175,0.018672372483628644,0.061313331400209926,0.7152190415117715,SC/PR,False,True,True
-25.6,-47.8,0.2647220075130463,0.8786876559257507,0.8151579350233078,588,524,0.021686783038905602,0.7585523265887606,0.7356929676111066,4.56861721017415e-121,0.284956159541222,8.47336432726103e-22,158.4664194425991,0.038709052685225454,0.015743597684961707,0.05334291936202245,0.7256643083690018,SC/PR,False,True,True
-25.4,-48.0,0.29562669992446955,0.9609321594238284,0.890170119702816,617,540,0.023468679325083296,0.7120536793730432,0.7196252798338164,2.1406921053489344e-119,0.28443998453972186,9.562882823289151e-23,162.93091188051272,0.046379735256607595,0.02150029377992501,0.06661854247624098,0.6961985887510012,SC/PR,False,True,True
-25.4,-47.8,0.2788790166378022,0.9157692551612855,0.8482950702309608,602,537,0.023262244160739652,0.7221409333571442,0.7333398068374485,2.6356106287077102e-123,0.29691582343055994,4.050549882758176e-24,159.9862328929926,0.04217594764253492,0.018466913713480252,0.05945669545753656,0.7093557305527786,SC/PR,False,True,True
-25.4,-47.6,0.2627306640148163,0.8651902794837956,0.7936756685376167,583,524,0.019433067974319058,0.8025199991759541,0.7364849028924405,2.5022706161858856e-121,0.2946302521310444,4.7340644280605266e-23,158.4272888610026,0.03753542956500554,0.015595496742128394,0.05203385626349581,0.72136551584662,SC/PR,False,True,True
-25.2,-47.8,0.29591482877731323,0.9464309573173523,0.8675607070326805,617,542,0.01952739501822776,0.7904872937149762,0.7171717961417379,5.030147113019281e-119,0.28852542345341264,2.2361656587532853e-23,161.166233549269,0.044529879039424056,0.021775440318953572,0.06507744090184374,0.6842598360096618,SC/PR,False,True,True
-25.2,-47.6,0.27693725824356086,0.9006102800369264,0.8316406309604645,606,524,0.02325856786731011,0.7206539625606659,0.7254709525780295,1.0196448826882709e-117,0.30094679002604424,6.703382446960005e-25,158.17934498190004,0.040637431802011854,0.018186803673005215,0.057669402973211145,0.7046619126764488,SC/PR,False,True,True
-25.0,-47.8,0.31079988479614257,0.9627275943756104,0.8790942877531052,631,554,0.021839343607898607,0.7402574656330903,0.6925833381636334,1.799655995739443e-113,0.2745620044102933,1.0417590741369375e-21,163.3191152377272,0.045525474108184076,0.02471816241507045,0.06902530538687539,0.6595475942195597,SP/RJ,False,True,True
-25.0,-47.6,0.29301460385322586,0.9263536930084232,0.8476327508687973,614,539,0.027493450878671142,0.6288729237024611,0.7068613503958736,5.641301928849476e-115,0.2985277959640463,7.875090476392996e-25,161.90080330421253,0.04267505715393242,0.021279197321136166,0.06275900550903693,0.6799830049535673,SP/RJ,False,True,True
-25.0,-47.4,0.2771561801433564,0.8806172490119935,0.8079219684004784,603,530,0.01997394706494086,0.7863159972839582,0.7099214049175477,5.089905343665552e-114,0.30373550772957014,3.219621976655e-25,159.77885788973276,0.03894299607942063,0.018518196259406813,0.05629029919492466,0.6918242865358917,SP/RJ,False,True,True
-25.0,-47.2,0.2604333102703095,0.8343190550804138,0.7657373175024986,575,516,0.01842446900435144,0.8228042494115262,0.7128139546050793,6.9041737886194e-112,0.3085997741693107,7.716736951125359e-25,158.79200268348316,0.034993176040877774,0.015724438834676984,0.04962273464870979,0.7051843532727919,SP/RJ,False,True,True
-24.8,-47.4,0.29700562953948983,0.9016525983810426,0.8152811005711555,619,545,0.03190766694423632,0.5326692209809353,0.6748242867275187,5.87114044146271e-106,0.3033615651022932,8.571377807592339e-26,162.5294542164405,0.04007567600961187,0.02271302867935285,0.06158160889748718,0.6507734488769934,SP/RJ,False,True,True
-24.8,-47.2,0.27912379503250123,0.8582275867462159,0.7790501341223717,600,531,0.017631719154102103,0.8299535167902025,0.688141005581171,2.506129584257113e-107,0.3007158834030052,1.2487437040919365e-24,161.2598955507291,0.036519645604146195,0.019435233693934174,0.05479191057268803,0.6665152797637621,SP/RJ,False,True,True
-24.8,-47.0,0.2624593019485474,0.8175962924957276,0.7472549602389336,581,521,0.01349673762624823,0.8996496819207742,0.686885971814339,6.637591423818951e-105,0.3182312281405409,1.443366019734882e-26,159.76219269060695,0.03307506298440017,0.016552514146233932,0.048503215723850614,0.6819148481352357,SP/RJ,False,True,True
-24.8,-46.8,0.24575612843036654,0.7809113621711731,0.7239220589399338,558,503,0.00614661089006149,0.9791572615485719,0.6834770363744197,3.023333488608137e-100,0.31803528999242714,1.5218336189368282e-25,158.45500503917765,0.029882539092625955,0.013817778409789596,0.04265854210751086,0.7005053997699691,SP/RJ,False,True,True
-24.6,-47.2,0.30433381795883185,0.8732613682746888,0.7794636934995651,617,549,0.02864487563015725,0.6029265772703607,0.6349689099243039,1.6165780067236365e-94,0.30530373051461845,5.0292717296141093e-26,162.6029021985824,0.03637280248360436,0.02460007619373333,0.059778545185498085,0.6084591448442975,SP/RJ,False,True,True
-24.6,-47.0,0.2853358507156373,0.8390258669853211,0.7610065340995789,594,539,0.02397739067046155,0.7108731482038283,0.6340441604188055,1.628954053861223e-92,0.31500143263481517,1.2830535865477194e-26,161.70920015107816,0.03369399800983736,0.02081047757932793,0.05330982981989291,0.6320409973858936,SP/RJ,False,True,True
-24.6,-46.8,0.26509054303169255,0.8046730995178223,0.7417530864477158,575,528,0.011009971232413372,0.9327270156979415,0.6494916739299471,4.519086334653841e-95,0.3246741961850045,2.6499933634407574e-27,161.08065362454604,0.030912988733776986,0.01713417771135671,0.046913484222464226,0.6589361085863347,SP/RJ,False,True,True
-24.6,-46.6,0.24773503839969635,0.7713032245635987,0.7116807177662849,569,519,0.016151908349347457,0.8621531688566343,0.6491813179316699,2.382669794989384e-93,0.3275001783065147,1.8031235750618384e-27,159.47362924323704,0.028195164324247474,0.014596014457321217,0.04172744045026618,0.6756983898366,SP/RJ,False,True,True
-24.4,-46.8,0.28428316116333013,0.825983476638794,0.7476013377308846,592,533,0.023743276670392742,0.7164110972342497,0.6028325514246518,9.967785451006566e-83,0.31314574333157646,3.045414864636908e-26,162.9274945405405,0.0312965035773826,0.02105780949983123,0.05116637439430263,0.6116615442830255,SP/RJ,False,True,True
-24.4,-46.6,0.26854893565177923,0.7961509704589844,0.7225134670734406,573,531,0.016012240266773198,0.863472040690094,0.6127515052054212,3.897426653994886e-85,0.32435665885200654,3.646253549908613e-27,161.45074498282193,0.028895546490913707,0.018339717161113447,0.046076628546141675,0.6271193748904039,SP/RJ,False,True,True
-24.4,-46.4,0.2539136111736298,0.7669069528579712,0.695135585963726,561,528,0.01604944439996504,0.8655539883564158,0.6104510581418156,5.081049079524815e-84,0.3420205702410044,2.3699204072041253e-29,159.5856960690548,0.02645150282156807,0.0162600945321793,0.041597822188466534,0.6358867226684297,SP/RJ,False,True,True
-24.4,-46.2,0.24148304462432865,0.7383247613906861,0.67262352257967,548,518,0.015390723643015594,0.8783620390047995,0.60268092582054,2.3948765198056014e-80,0.3587178482485705,2.5354862592762357e-31,159.10978621019706,0.024052936074598602,0.014392924344893337,0.03738861245017578,0.6433225118116284,SP/RJ,False,True,True
-24.4,-46.0,0.226557207107544,0.7091943502426148,0.6529788300395012,541,519,0.025746557880367397,0.6988292233017483,0.6092717797683173,2.906689194315342e-82,0.36749269063888507,2.416992083267106e-32,160.55639500082563,0.02198534000614787,0.012636587948768428,0.03363057543366073,0.6537307114924599,SP/RJ,False,True,True
-24.4,-45.2,0.19394102394580853,0.6281795978546143,0.5653480142354965,443,450,0.033874173289533314,0.601760008231784,0.7099680621718064,1.134741978016262e-96,0.33696330818732123,6.901271998011744e-23,156.55866206838488,0.015884415345469787,0.0053400168887767505,0.020680467929645487,0.7680878111418094,SP/RJ,False,True,True
-24.2,-46.6,0.2887809455394746,0.8179981708526611,0.7300401851534843,600,538,0.01944401690080711,0.7971803888938996,0.571557825617291,3.9855482218960784e-75,0.31294793019548883,1.5127687209160972e-26,162.4699956687193,0.029091858596505267,0.02270424115052212,0.050604474137136236,0.5748870844437078,SP/RJ,False,True,True
-24.2,-46.4,0.27523721456527717,0.7926738739013673,0.7095682770013809,578,537,0.026380198851890545,0.6690069724001206,0.5785763696989777,8.016054347050438e-77,0.3306378320588982,2.258562064512361e-28,161.03199355093525,0.02693848682176725,0.020322312633976172,0.04610177263348594,0.5843264864440489,SP/RJ,False,True,True
-24.2,-46.2,0.26115114092826847,0.7636478424072268,0.686098501086235,562,531,0.01803782450059442,0.8330127948861835,0.5757788123858198,3.104749019726427e-75,0.3485038511430795,1.990883646364202e-30,158.3006741054907,0.024656479249450976,0.018047734784090087,0.04160183070697905,0.5926777459174326,SP/RJ,False,True,True
-24.2,-46.0,0.24632074236869825,0.7340100765228273,0.6638700887560844,544,526,0.01708397850962588,0.8533045382227705,0.5834160979570117,1.6985681528892903e-76,0.37019259758443945,5.938970404551135e-33,159.9106950601198,0.022624915099188816,0.01604027015911581,0.037612886628926805,0.6015203066543889,SP/RJ,False,True,True
-24.2,-45.8,0.2329436749219895,0.7055420756340027,0.6423389762639999,535,520,0.009475793181215329,0.9531393195150792,0.5752201554825175,1.575236885667502e-73,0.3765141692856412,1.847177978347078e-33,161.61104690407356,0.020855031574028886,0.0142014344693537,0.034043780981999096,0.6125944584432658,SP/RJ,False,True,True
-24.2,-45.6,0.2219159871339798,0.6792738556861878,0.6166028156876564,519,513,0.015458119466377752,0.8834639456853958,0.587072323988279,1.577580006635878e-75,0.3825015656622354,1.825668497958465e-33,161.6853495259734,0.019154867679225442,0.01200558238687029,0.030245048189025518,0.6333224387513401,SP/RJ,False,True,True
-24.2,-45.4,0.2115052372217179,0.6579614639282226,0.590534970164299,509,500,0.005056887600823439,0.9870806740722591,0.6225499782760713,1.0465837447422993e-82,0.37092342155801955,4.704822539373084e-31,159.65900365677098,0.01766202882183517,0.009897759821942013,0.02676580841990788,0.6598727953495512,SP/RJ,False,True,True
-24.2,-45.2,0.20158078074455268,0.6385050535202027,0.5688418224453926,499,484,0.011090720038037762,0.9405227582801331,0.642933941321526,2.3955749498675466e-85,0.3456829363685968,8.209547715993792e-27,156.03600372442193,0.01646985517572872,0.007862490398657364,0.023633722275223014,0.6968794413309701,SP/RJ,False,True,True
-24.2,-45.0,0.19305995106697083,0.623768436908722,0.5558401048183441,459,454,0.029997534370857795,0.6618773380174128,0.7132661028062763,1.899847560883931e-98,0.3177683575736617,3.306985790323878e-21,154.87884509424381,0.01567063498198094,0.005658558056429804,0.02074603596922627,0.755355625779597,SP/RJ,False,True,True
-24.0,-46.4,0.2958217024803163,0.8097321510314942,0.7132989838719368,611,557,0.01911349144518917,0.8000735265282306,0.5318293176644094,1.853205593133874e-67,0.3084090001532909,2.799616207747809e-26,164.37475856457854,0.026763776537424303,0.024641241188930595,0.050256731228773666,0.532541131964849,SP/RJ,False,True,True
-24.0,-46.2,0.2856901168823244,0.785114049911499,0.684783086180687,597,555,0.018201453704762765,0.820671297151271,0.5326138299597216,2.062912840765768e-67,0.31495859092918566,9.727722770804048e-27,164.37464388299412,0.02448350544517476,0.02331144199392128,0.04667171661135113,0.5245897777674643,SP/RJ,False,True,True
-24.0,-46.0,0.2706991732120514,0.7629756212234498,0.6653106287121773,581,546,0.021328079837149357,0.767902922560282,0.5372455057941232,1.8434218659168958e-67,0.3425308744707668,2.0298746221597085e-30,160.99126065716854,0.023071857630297024,0.020670504793270778,0.04264331141395289,0.5410428239573326,SP/RJ,False,True,True
-24.0,-45.8,0.2580025851726532,0.7363830566406253,0.6420590281486511,556,540,0.025917196401288117,0.6885325866349445,0.5352519373146795,3.119356827811554e-66,0.37060228919498434,1.0354376406072092e-33,159.86143799181357,0.02156207527088514,0.018505092150605876,0.03898839474594616,0.553038292840386,SP/RJ,False,True,True
-24.0,-45.6,0.24555232524871826,0.7074280023574829,0.6200922429561615,548,529,0.02037151552892739,0.7967332379643751,0.539164755847982,8.032135075758612e-66,0.36276627071010453,5.68031325475376e-32,159.41507631146527,0.01994382407786027,0.01691709833208054,0.03581571697576188,0.5568455907599773,SP/RJ,False,True,True
-24.0,-45.4,0.2394479215145111,0.6805800199508667,0.5931856855750084,540,519,0.013329466599869999,0.9085914199943069,0.5362355718699525,6.880615678094495e-64,0.37424928145009545,2.1972824787828776e-33,159.54377330338397,0.018203563260337535,0.01616396309713145,0.03336156198767488,0.5456448132453353,SP/RJ,False,True,True
-24.0,-45.2,0.22698528170585638,0.6538746118545534,0.5723605677485466,515,517,0.0044252076261946695,0.9899753557078697,0.5632200271948561,4.077802019014225e-70,0.3788439409606814,1.2250216139197992e-32,160.18126427374568,0.01677303021110583,0.013637116978735835,0.029473053387359175,0.569097133936577,SP/RJ,False,True,True
-24.0,-45.0,0.20813623070716858,0.6372665643692018,0.5602196156978607,511,484,0.004001488019759041,0.9918592037424594,0.6212390677761301,1.040505211900981e-79,0.36195886550066997,8.253162321800388e-30,159.79077171445223,0.01619267173501991,0.009125279717036472,0.024549396813013873,0.6595955028286485,SP/RJ,False,True,True
-24.0,-44.8,0.19567106962203987,0.6262897968292237,0.5539568215608597,485,462,0.010457220184671108,0.9483959328074728,0.6986907501897917,3.813596626604888e-96,0.3351052470646674,1.15710005830519e-24,157.08487518821224,0.01577018860737463,0.006339886830241813,0.021485391952431442,0.7339958536613972,SP/RJ,False,True,True
-23.8,-45.8,0.2797641336917878,0.7627357006072998,0.6455196589231491,595,558,0.019084808015946492,0.8052887113385573,0.5060807585495558,2.693485931830456e-61,0.32638965222679744,1.7950052803753268e-28,163.80082860506198,0.022252903469382013,0.023233253450217487,0.04438397825839992,0.501372439843662,SP/RJ,False,True,True
-23.8,-45.6,0.2757605075836183,0.7453413248062135,0.6287098750472069,588,558,0.021914333421035957,0.7541426536219321,0.48973465365507896,1.758543325823348e-57,0.32480430188437304,6.628469046512091e-28,162.63083189799374,0.02102361825810644,0.02316977553962557,0.043076777404404645,0.48804993142213915,SP/RJ,False,True,True
-23.8,-45.4,0.2626218855381013,0.7185765624046326,0.6051710173487663,576,563,0.02473301226817541,0.7032099251253446,0.4894414423466846,6.326987308839906e-58,0.34739298780797667,5.835778463816163e-31,161.7128416511642,0.01888033854261454,0.019884830769276107,0.0377272290100169,0.5004432882574453,SP/RJ,False,True,True
-23.8,-45.2,0.24495047330856326,0.6739757895469668,0.5760587528347969,541,537,0.01064639302365621,0.9405738668925226,0.507870431891655,2.082118854945098e-59,0.37256957889185105,3.618917969354456e-33,160.16212161100262,0.016829568715764496,0.015982815850699085,0.031862570374792294,0.5281924376408444,SP/RJ,False,True,True
-23.8,-45.0,0.22709440886974347,0.6561323165893554,0.5691252127289772,515,514,0.015957630096048066,0.8771969713806826,0.5560645759532765,5.717418593992322e-68,0.3748640281694329,5.175086027001214e-32,159.74925205351818,0.016627759287469523,0.012677846639853746,0.028426002830274313,0.5849489070535304,SP/RJ,False,True,True
-23.8,-44.8,0.21158059239387525,0.6415423393249512,0.5603083744645119,510,495,0.012575075877738755,0.9225887222915525,0.6050735632504854,2.281034524950631e-77,0.3778333326713498,3.5222439364841634e-32,158.68383162140185,0.016362834075904317,0.00969347609452851,0.0252589804823248,0.6478026334971976,SP/RJ,False,True,True
-23.8,-44.6,0.20070688724517846,0.6331041097640991,0.5537148416042328,486,472,0.013061616237830287,0.9205051520554245,0.6490473320737894,8.435290708966765e-85,0.35709302324582887,9.515644396480214e-28,159.26475452020682,0.01616217305646601,0.007421850279261349,0.02289267150273748,0.7059976837798663,SP/RJ,False,True,True
-23.6,-45.2,0.2561506807804108,0.6918851137161255,0.5834067314863205,564,553,0.022645654320658484,0.7490014650354353,0.4807324458589317,6.034781901270556e-55,0.35478896482012057,1.5231050993236145e-31,161.151012028486,0.01738960170582811,0.018701386126893493,0.03508685133907769,0.49561590858569243,SP/RJ,False,True,True
-23.6,-45.0,0.23827631473541266,0.6722999811172486,0.576134979724884,532,523,0.009909625855268493,0.9491438049933323,0.5215685982128776,5.779326969334246e-61,0.37474472099437706,5.3926667437173776e-33,159.53648565963138,0.017109378795874326,0.015302761967786415,0.03146975825785655,0.5436768422459332,SP/RJ,False,True,True
-23.6,-44.8,0.22723777294158937,0.6608241796493531,0.5702368319034576,518,512,0.01711590969971904,0.8593190393281762,0.5520705654137661,9.518191741214432e-67,0.3803013966916839,4.73506560430035e-33,159.7018234326492,0.01694566261947514,0.01318262234799908,0.029220250878778203,0.5799287175792961,SP/RJ,False,True,True
-23.6,-44.6,0.21707263588905348,0.6503020286560058,0.564525693655014,501,492,0.02281508301953812,0.7706212948203333,0.6002931287039014,1.0738102263049034e-75,0.3925895605486,5.993445000066473e-34,157.75606623478274,0.016834590956691518,0.010886636427157897,0.026870242859973224,0.6265142836415842,SP/RJ,False,True,True
-23.6,-44.4,0.20647570490837097,0.6428016185760499,0.5595167279243469,497,475,0.01746336650022929,0.8594791001226942,0.6241894522880911,5.85721766538926e-79,0.39404490677775206,6.389283200129999e-34,158.20339261817549,0.016799759090988953,0.008912486748645213,0.024932870130410886,0.6737996469366802,SP/RJ,False,True,True
-23.6,-44.2,0.19890771806240082,0.6380865454673768,0.5547120496630669,481,457,0.026777667474150463,0.7085028522561126,0.68766902008654,4.0372144865853104e-92,0.37567163533323467,3.948723678748242e-30,159.18996529862275,0.01677846017756789,0.007289627886725303,0.02334752968331486,0.7186396336207892,SP/RJ,False,True,True
-23.6,-44.0,0.1936582565307618,0.6338940262794496,0.5506819784641266,474,443,0.034140999174890156,0.5757532126375849,0.7152985185984845,1.3752657356209897e-96,0.349080955531124,5.178711405910221e-26,157.77660605939275,0.016648006555976636,0.006025123097574346,0.022007817917968405,0.7564587556126716,SP/RJ,False,True,True
-23.4,-44.4,0.2237588942050934,0.6638749718666078,0.5736331269145012,514,500,0.01399414890209232,0.9043246669564221,0.5801202985382048,6.862674239102964e-72,0.3916829490460784,1.2168963969453762e-34,158.2104107330612,0.01751374733282273,0.012469214081945273,0.029060602074430262,0.6026629210216076,SP/RJ,False,True,True
-23.4,-44.2,0.21393038928508767,0.6544188499450684,0.5664271414279938,500,478,0.021678649186091345,0.7907491011407514,0.6189104302895487,3.9508761943168764e-78,0.40604609744754017,4.5431246989512564e-36,158.44388810906176,0.017538069838655662,0.0105257598060833,0.02720381422293365,0.644691575046507,SP/RJ,False,True,True
-23.4,-44.0,0.2059389054775238,0.6471904516220094,0.5622068047523499,496,472,0.032693792268191066,0.5887382433064976,0.6403529770080804,1.4939056928238473e-82,0.392264945677311,1.4196257170639973e-33,158.06583080146146,0.017412939829364697,0.009075016075028657,0.0256897763032301,0.6778159382872977,SP/RJ,False,True,True
-23.4,-43.8,0.1998297989368439,0.6373331785202027,0.5557743161916733,487,467,0.036300573069286794,0.5266139001811004,0.6794437928551826,6.441475206207281e-92,0.37802088895712427,7.8308354962690924e-31,157.83044402268925,0.017057842195231952,0.00797789432344197,0.024291031688761094,0.7022279833064573,SP/RJ,False,True,True
-23.4,-43.6,0.19496736228466038,0.6301565647125247,0.5470694154500961,478,455,0.04135175418563532,0.44181740682986564,0.7129210562059235,1.4297900535224855e-98,0.3675230337119452,8.764793058365565e-29,157.3649805098446,0.016723612686985075,0.0070797511809136,0.02310382584666507,0.7238460330326223,SP/RJ,False,True,True
-23.4,-43.4,0.19171497225761414,0.6254573464393616,0.5413698181509972,472,453,0.026988983415661263,0.7092794745454807,0.7235658967628765,4.346467256334602e-101,0.365325955242877,3.8828733813870446e-28,156.25545199604213,0.016457243351886613,0.006307780903073429,0.02211966538161886,0.7440095981543354,SP/RJ,False,True,True
-23.4,-43.2,0.18924169540405278,0.6239766597747803,0.5388815328478813,458,439,0.035824905526732946,0.5557955129209533,0.7410325645813282,1.0040351311335352e-102,0.35244275437787587,1.2385772029846663e-25,154.18687964708658,0.016252190553975396,0.0055659371269965105,0.02125405929300995,0.7646628970928123,SP/RJ,False,True,True
-23.4,-43.0,0.19139988422393805,0.6286647915840149,0.5394516736268997,454,434,0.03417561143001537,0.5887049331481532,0.7674644461590377,6.2353221901413465e-109,0.30439056527840325,2.45353795501265e-19,148.460886188163,0.01604716081398974,0.0047538094715346094,0.020323415720535084,0.7895897537427948,SP/RJ,False,True,True
-23.4,-42.8,0.1979368805885316,0.6382922291755677,0.5370335653424263,443,427,0.03265499446827196,0.6237627983801302,0.8030562207570298,2.3316381319412774e-117,0.2533314740100456,2.926925578716038e-13,139.61249174037584,0.015882060917958133,0.0040985049336256015,0.019568898136654505,0.8115970969366663,SP/RJ,False,True,True
-23.4,-42.6,0.20533322095870976,0.6475019335746766,0.5360589697957039,432,413,0.03522059033422079,0.5854131387540191,0.8220457515031714,6.414765402818729e-119,0.21376303137813724,2.172685812168339e-09,129.64369403999567,0.01578672609121613,0.003773595672000338,0.019179820268737113,0.8230904080445588,SP/RJ,False,True,True
-23.4,-42.2,0.20611977577209473,0.6515739440917969,0.5411793440580368,408,398,0.0384272037815534,0.5477386406065688,0.8337098663738096,7.730214329121838e-118,0.2307464194833777,2.811019148904066e-10,127.46526861733518,0.01592775680271716,0.0038624784795602517,0.01931745740204317,0.8245265653352761,SP/RJ,False,True,True
-23.4,-42.0,0.201214635372162,0.6473230361938477,0.5494190901517868,414,407,0.03324711322201535,0.6330555708191982,0.8184762604269817,3.7527026454314436e-116,0.23262424465704137,1.4051923665316313e-10,133.38146230947697,0.01614903775375811,0.004235672976742473,0.01983605507387141,0.8141254747285945,SP/RJ,False,True,True
-23.2,-44.4,0.23893515467643744,0.6977089405059814,0.5911901742219925,521,516,0.027391201528949492,0.6766555388070236,0.5323618540108553,1.276796328871177e-62,0.36658832753998605,4.524841178463429e-31,157.77018246513435,0.018486372903890737,0.015356011622126846,0.03285494183004848,0.5626664323290163,SP/RJ,False,True,True
-23.2,-44.2,0.23220199048519144,0.6724569320678712,0.5763361677527428,518,500,0.024505109386347056,0.7328563003043306,0.5544068245421487,9.970916189529647e-66,0.3801856289285792,4.941003964904298e-33,158.93128359801213,0.018098718917831828,0.014663649235921622,0.03178363373721897,0.5694351711786194,SP/RJ,False,True,True
-23.2,-44.0,0.225775745511055,0.6678936481475832,0.5732808709144592,510,487,0.023646168007636383,0.752072662746746,0.5812286573142869,2.7943174524241954e-70,0.3881905895083295,8.068556921765895e-34,159.19133768853408,0.01832465724416345,0.013682479568138319,0.031036941652429793,0.5904143987308385,SP/RJ,False,True,True
-23.2,-43.8,0.21995966434478761,0.6520425915718079,0.5620369091629982,499,483,0.02420346780634519,0.7467177402021371,0.5885279166978911,1.9114203698394295e-71,0.40132457033999763,3.170573425977776e-35,158.29172770719106,0.017622036460733674,0.012476573810468615,0.029199172794374423,0.6035114961930967,SP/RJ,False,True,True
-23.2,-43.6,0.2137833654880524,0.6426286339759829,0.5555683895945549,486,474,0.03088714186607906,0.6292132543321515,0.622541156013359,2.2290001212516655e-78,0.40730348697401697,2.66190358051598e-35,158.70356599703013,0.017232459386003044,0.011358705794952215,0.027754274637824743,0.6208938843070282,SP/RJ,False,True,True
-23.2,-43.4,0.20664390325546267,0.6363718748092652,0.5509801879525185,472,462,0.04233383323572493,0.42939460284059616,0.6401085476640421,9.919892296106063e-81,0.4136418275037452,2.523962154005215e-35,159.7604152198511,0.017032514217909526,0.010279191797840573,0.026529673670416875,0.6420174793519006,SP/RJ,False,True,True
-23.2,-43.2,0.2008558809757233,0.6306473016738893,0.5499028563499451,462,450,0.033478328055731525,0.5960722180150549,0.6700024181615318,4.184597513450762e-86,0.41006371173116735,4.716109331934367e-34,160.4692016731425,0.01688540448495649,0.009449929329632763,0.025596129297155115,0.6596858567530842,SP/RJ,False,True,True
-23.2,-43.0,0.19658777117729193,0.6270554780960084,0.5501869395375252,458,446,0.03751883888300627,0.5250653209424783,0.6985034319195674,9.790031962704875e-93,0.40712394647579253,2.5218494432810116e-33,159.60007770274132,0.016675548764098033,0.00832123583383922,0.02431260895400143,0.6858806800885732,SP/RJ,False,True,True
-23.2,-42.8,0.19546898007392907,0.6294416189193727,0.5475827530026436,452,443,0.046791328559347485,0.3719231333555296,0.7229123668762246,1.1750510355742166e-98,0.37574027689716993,1.9867290385106615e-28,161.0057810483351,0.016487331229355116,0.006915861701331152,0.022792680893786377,0.7233607712136139,SP/RJ,False,True,True
-23.2,-42.6,0.19807233214378359,0.6357586145401002,0.5470956191420555,460,456,0.04111224847996302,0.45979115727784875,0.7496460926913194,3.026930890658095e-109,0.3199967345275678,1.5615497687111415e-21,154.6261942567964,0.01641593007825322,0.005867590885604945,0.021733880204966267,0.7553152002053514,SP/RJ,False,True,True
-23.2,-42.4,0.20024760961532614,0.6427502751350403,0.5495930761098862,472,452,0.034125028405095514,0.577394285726817,0.76553503669006,6.293160095670579e-113,0.26825776885274766,1.0062105392292886e-15,149.42491829070033,0.01646066256142806,0.005407544350601942,0.021334882005929555,0.7715375485485781,SP/RJ,False,True,True
-23.2,-42.2,0.20064636766910562,0.6469877600669861,0.5571623519062996,478,449,0.03997921009279463,0.46602732242527034,0.7742055144557837,9.853108793825266e-115,0.25678410721271844,1.2590401380024673e-14,146.54839262660792,0.01664942749628166,0.005411178995338343,0.021487978969029955,0.7748251950673458,SP/RJ,False,True,True
-23.2,-42.0,0.19823583364486702,0.6495155811309816,0.5680695474147797,487,444,0.02830199884739753,0.6772152562737629,0.7843738854648743,1.8875083776825478e-116,0.2666453096818228,5.185796984470617e-16,149.2966939336629,0.0170127665990738,0.005719660679028799,0.022101685765069566,0.7697497276864506,SP/RJ,False,True,True
-23.2,-41.8,0.19479564428329474,0.6524220108985903,0.5759138092398643,495,442,0.02916594883841252,0.6565626314466528,0.7850274265533066,4.095462223043517e-116,0.28078138942337866,5.6871646948775445e-18,150.23695739299436,0.017407133892090317,0.006085806763911772,0.022828459695064748,0.762518983961653,SP/RJ,False,True,True
-23.0,-44.4,0.24889672100543983,0.7276572704315186,0.6142531931400299,542,530,0.020807527584466246,0.7909903037365374,0.5189351290839752,3.622509363693872e-61,0.3702607977691252,7.543487806146071e-33,159.19568820787785,0.019561502745427936,0.017612621038905922,0.0361580981166516,0.5409992163392973,SP/RJ,False,True,True
-23.0,-44.0,0.24842067062854767,0.7649417638778687,0.6669852212071419,535,504,0.023384077470072078,0.7465350955838878,0.5819019405612053,6.57507009428751e-73,0.3735386831082794,5.6361688263418984e-33,160.73376349293628,0.025534935322744076,0.018065671967465415,0.042416070452355466,0.6020108664103292,SP/RJ,False,True,True
-23.0,-43.4,0.23327120244503027,0.6527423024177552,0.5550683438777924,502,487,0.025763190434481213,0.7168261926990536,0.546313367602807,3.434920396639826e-62,0.3835478713307375,1.384064567610946e-32,160.856259811694,0.017253148158192406,0.015564598526422653,0.03190395501767378,0.5407839920986195,SP/RJ,False,True,True
-23.0,-43.2,0.2281564235687256,0.6527918815612793,0.5645669624209404,495,476,0.035080955802902894,0.5440276082231665,0.5843846534138107,1.9873156288069597e-69,0.41224476569301244,9.557224281455768e-37,160.09355574083952,0.017507640437049145,0.014836129132662674,0.031483744456031235,0.5560850762684699,SP/RJ,False,True,True
-23.0,-43.0,0.2233344584703449,0.644126057624817,0.5581158399581909,486,466,0.03217764096482855,0.6048243882663977,0.5879924854453383,8.478374774084344e-69,0.415840557163124,1.0802322765591248e-36,161.0181656565614,0.017076109562591923,0.014289776984866633,0.03051548268676875,0.5595883813430871,SP/RJ,False,True,True
-23.0,-42.8,0.21679080128669745,0.6368365049362185,0.5544382035732269,472,458,0.04366529079674016,0.40680650755808073,0.610093103294369,9.665833528101971e-73,0.43054258496319303,4.502980940460786e-38,162.4727152323187,0.016775066837745486,0.01318242814531038,0.02912271761427494,0.5760130994616702,SP/RJ,False,True,True
-23.0,-42.6,0.21155453622341155,0.6358613729476932,0.5537085011601448,465,447,0.03251334496937447,0.6119155916613412,0.6331012780778558,2.1176141749630638e-76,0.4240460752878644,1.7976536317969045e-36,163.09438422089275,0.0166874288680169,0.011479318766908274,0.027367305777245735,0.6097578257736824,SP/RJ,False,True,True
-23.0,-42.4,0.21000387668609632,0.6363208293914797,0.5570706203579903,471,453,0.02838902388221107,0.6843610501781012,0.6580776835872405,1.2376757740228517e-83,0.38963278473708396,1.431053975027469e-31,163.69323682790338,0.016719818332420096,0.010437432144309412,0.026382401530905673,0.6337489145115792,SP/RJ,False,True,True
-23.0,-42.2,0.2089904099702835,0.6415391564369202,0.5644750669598579,470,453,0.039036012099557135,0.4888490785301241,0.6763297440197206,2.5205530196910046e-88,0.37113252221914755,7.739689146831011e-29,162.84291820621655,0.016938055590046564,0.009806667357504078,0.02597457193305304,0.6521014334212234,SP/RJ,False,True,True
-23.0,-42.0,0.206610307097435,0.6559364557266237,0.5828720033168793,479,462,0.044850601860510896,0.3817369755310148,0.7008640582061154,9.601583112589437e-97,0.3602742869123414,8.111879588626348e-28,161.27817022896917,0.01785358557205202,0.009130612308197327,0.02623250160220593,0.6805902785325927,SP/RJ,False,True,True
-23.0,-41.8,0.20549903810024267,0.671791672706604,0.5977248474955559,491,469,0.025157514605351393,0.7330899456202069,0.7377870513892704,7.398960719574406e-109,0.3371879370894735,3.102109138676073e-25,159.67020141939523,0.01880189616164389,0.008154581635151332,0.026218135066167894,0.7171332405677481,SP/RJ,False,True,True
-23.0,-41.6,0.20152043700218214,0.6780309081077576,0.6081216633319855,493,452,0.027359071187264525,0.6916228265178364,0.7709383090007597,1.5647955257969137e-114,0.3236298575700172,1.7667741310226377e-23,159.0121293360944,0.019163101103652203,0.007612105403739395,0.02606342146889751,0.7352488669425183,SP/RJ,False,True,True
-22.8,-41.8,0.2124258399009705,0.7018561601638794,0.631713293492794,492,464,0.026304019747413258,0.7116789168044375,0.7180397938387013,5.45155883476016e-102,0.3652945690767613,2.994324452839125e-29,160.53876540899446,0.02101522641997413,0.009923479709811339,0.030149655810995223,0.6970303923771536,SP/RJ,False,True,True
-22.8,-41.6,0.20734560191631324,0.7025975942611696,0.6356983631849289,493,465,0.02919996446029616,0.6570378027218459,0.7329558789501838,1.6526221282778391e-106,0.3558281966082434,6.090931353071475e-28,159.6014077577541,0.02103687066661159,0.009066524452420593,0.029331902129850235,0.7172010384284957,SP/RJ,False,True,True
-22.6,-41.8,0.2148626208305361,0.7283870458602906,0.6632920354604721,489,466,0.02211336952174282,0.7874886766355945,0.7203899169113727,4.171667748610145e-103,0.371064433037446,6.365946450043241e-30,162.64542684909583,0.023074988861661285,0.010918317351782796,0.033184786756802025,0.6953484146445964,SP/RJ,False,True,True
-22.6,-41.6,0.21141250133514408,0.7245593428611756,0.6609978228807449,495,464,0.026491746255381705,0.7067295132388749,0.7202828110582512,1.2522798572511024e-102,0.36547969537318487,1.912418435612447e-29,160.8946420200849,0.022820514907296273,0.010308487335002323,0.032321578466108725,0.7060458056287401,SP/RJ,False,True,True
-22.6,-41.4,0.20597750246524824,0.7192173123359681,0.6580458581447601,483,453,0.037835768642144316,0.5010908452273202,0.7299161490872894,7.143423896917022e-103,0.3635977180809464,1.6627971865149406e-28,158.92564567968182,0.02246758975389127,0.009523925529834033,0.031151078997704362,0.7212459560565138,SP/RJ,False,True,True
-22.4,-41.6,0.21678420007228863,0.7426754713058472,0.6825691312551498,494,462,0.020817279819015884,0.8074404727727346,0.7106911511979468,1.777064341770311e-99,0.3755219697363969,7.098618531415996e-31,163.45042606543348,0.024176042753104043,0.011909855172832927,0.03522991211336519,0.686236249335756,SP/RJ,False,True,True
-22.4,-41.4,0.21305112540721902,0.7389823555946353,0.680724062025547,495,461,0.025609513950961223,0.7229829361992008,0.7194932233035363,9.802829981901765e-102,0.3705002143474169,3.4820289523937806e-30,161.5123996521382,0.02394743587025059,0.01146351097922555,0.034526881976225506,0.6935881405897091,SP/RJ,False,True,True
-22.4,-41.2,0.2072267144918442,0.732175087928772,0.6749077066779137,486,453,0.02491273988012217,0.7398041771501199,0.7283026346907996,2.0360528384037976e-102,0.38192213324699587,2.35195186060167e-31,160.29138191923084,0.023398730547506425,0.01018528094585307,0.032687003854782036,0.715842010220929,SP/RJ,False,True,True
-22.4,-41.0,0.20331430435180664,0.7334149241447449,0.6698456853628159,458,426,0.025971082895923467,0.7344491425919834,0.7763788862423652,2.0880622131236507e-109,0.36560072611604433,2.1578398244105633e-27,160.36626670407497,0.022764587333603432,0.007566571193439399,0.02950409338105566,0.7715738639920516,SP/RJ,False,True,True
-22.4,-40.8,0.20539679229259494,0.7373621463775635,0.6626393422484398,387,407,0.01674301947345799,0.8973092811262797,0.8194360957939733,1.9982729577286692e-116,0.3493347668331682,1.4793205826158219e-21,155.93349788700866,0.02203814833803078,0.005481105695484738,0.026837349082165743,0.8211745605185655,SP/RJ,False,True,True
-22.2,-41.4,0.2237175345420838,0.75410932302475,0.6955659836530685,521,466,0.03926102409925148,0.44815215403367514,0.6970254623827868,1.595592206275613e-96,0.37400169819038015,3.1397859206095543e-32,164.88388976287126,0.02497636141956061,0.01391454828468807,0.037952009332909514,0.6581037963094811,SP/RJ,False,True,True
-22.2,-41.2,0.21985810697078717,0.7515309095382694,0.6956672966480255,517,468,0.0403533548387188,0.4311033060492151,0.7000809636045342,8.572761001755449e-98,0.38078169757765656,4.5640337466455906e-33,164.85841176914,0.02475620780664504,0.013496400342605932,0.037283765004006895,0.6639943096944336,SP/RJ,False,True,True
-22.2,-41.0,0.21198153495788574,0.7495239853858948,0.6937777027487755,489,455,0.02457197926425895,0.7445374316849097,0.7268443777242983,1.837161817898849e-102,0.37245792154603113,3.973006616592161e-30,161.26616526449135,0.024203981922119127,0.01079130107885864,0.034052880737561464,0.7107763395600575,SP/RJ,False,True,True
-22.2,-40.8,0.20745748281478885,0.7513004183769226,0.6906158700585365,465,437,0.027052383305994514,0.7117717862596007,0.7576705926615354,6.641817945805385e-107,0.3584838245546645,8.196521708912612e-27,160.41629852033128,0.02372860086261483,0.008056207352879265,0.030915843368364233,0.7675223535029287,SP/RJ,False,True,True
-22.2,-40.6,0.2049308627843858,0.7483002185821533,0.6829065158963203,418,414,0.0181764514578962,0.871145294679977,0.8053899058510191,2.071284622219101e-114,0.34328023449362943,1.9713729203597094e-22,155.08863119557097,0.023061606854673934,0.006286431115797855,0.028578730551132428,0.8069500082732024,SP/RJ,False,True,True
-22.0,-40.8,0.2194767206907273,0.7869715809822082,0.7265473455190659,503,458,0.038850742151908035,0.46825149189635856,0.7330401096292442,6.507310152102405e-105,0.35673110157602167,1.3247884469082434e-28,160.58607810330074,0.026282577658118016,0.01058070509849754,0.03581513958627365,0.7338398778205784,SP/RJ,False,True,True
-22.0,-40.6,0.2127020508050919,0.7736098170280457,0.714494951069355,476,439,0.01897056932645645,0.8427039539048271,0.7533829267774964,3.4880740604507747e-106,0.3542682569597033,7.987794509805869e-27,156.35780035818175,0.025030414921748855,0.00851059372436304,0.03260050509091228,0.7677922428486035,SP/RJ,False,True,True
-21.8,-40.8,0.2240211486816407,0.8286299586296082,0.7644850611686707,501,449,0.04819922101200023,0.3124160512680472,0.7301689131446333,5.019118382557263e-102,0.36840504437365024,3.2416844581905744e-30,160.36831341036824,0.02892789492909859,0.010229951970772002,0.03805365981531165,0.7601869325971867,SP/RJ,False,True,True
-21.8,-40.6,0.2196333020925522,0.8128908634185792,0.7452559918165207,473,436,0.033507228910635865,0.5882278373990841,0.7456379595063514,2.7346298573485057e-103,0.3651463995859065,3.617306153319811e-28,159.5994029810085,0.027422883051425474,0.008222042774236432,0.03467778720181271,0.7907910297688199,SP/RJ,False,True,True
-21.6,-40.8,0.22634662687778476,0.8543607234954834,0.7951295077800751,495,445,0.04956058136498766,0.296602548411725,0.7327396155408302,8.026932552858527e-102,0.3787567653232995,2.012973536848774e-31,161.11219647945438,0.030383037327642307,0.009722141115953832,0.03897679011231394,0.7795161489720364,SP/RJ,False,True,True
-21.6,-40.6,0.2210392087697984,0.8388661861419678,0.765596404671669,444,417,0.036582683733626,0.5522626998465946,0.7756150787048157,7.37062879348015e-107,0.3795678669638814,1.7908977810108188e-28,159.57413396415288,0.028879660176633577,0.00718719203402406,0.03513471982537858,0.8219692748417241,SP/RJ,False,True,True
-21.4,-40.8,0.22893290221691148,0.8643147110939027,0.8089002817869186,501,443,0.0493468181960414,0.2953737065890806,0.7352777630839394,4.596611973105668e-102,0.38022026343540594,5.226677342780607e-32,161.6296032697657,0.031028490472163904,0.010245192799965979,0.04010915381969421,0.7736012235922175,SP/RJ,False,True,True
-21.4,-40.6,0.2207269489765169,0.8469016194343567,0.778017446398735,449,417,0.03264219860576276,0.6200160135291275,0.7651676654570949,5.418226169374953e-104,0.39015827436103084,3.007436344290934e-30,160.70914621619042,0.029573377104747188,0.007487122389599786,0.03611011384869484,0.8189776755803855,SP/RJ,False,True,True
-21.2,-40.8,0.2355417400598526,0.8679805159568789,0.8159404844045639,525,452,0.04798265886526089,0.29871354482306484,0.7149587430519018,1.7808172069918814e-98,0.3592904639809762,3.6113615885563734e-30,161.96178634425956,0.031383957528239144,0.011887140473001306,0.042042912189854606,0.7464743970759575,SP/RJ,False,True,True
-21.2,-40.6,0.2243144720792771,0.8522137522697449,0.785382941365242,463,423,0.038412870916349144,0.5052545010888192,0.7441591066018739,8.826700272157069e-100,0.3884637709419093,6.818814638128679e-31,161.66685110902557,0.030038908069654376,0.008245413077518577,0.03729665979802753,0.8054047797396326,SP/RJ,False,True,True
-21.2,-40.4,0.22295442521572115,0.839678978919983,0.7555162906646729,371,385,0.03319541776530362,0.6647264117334097,0.842328749804585,2.534877707521767e-116,0.3814139764928794,2.7054885594300948e-24,157.7019844781113,0.027677055935575137,0.004804338630388585,0.03176641449490001,0.8712678587008488,SP/RJ,False,True,True
-21.0,-40.8,0.2435862988233567,0.8687703132629396,0.8099158853292465,535,455,0.05431703579817646,0.20636256633850703,0.6937549094623566,2.4190320429605664e-93,0.36088769962904593,5.84456639212632e-31,163.37507366428466,0.03128020623918866,0.012546712187145018,0.04262928476081073,0.733772720201599,SP/RJ,False,True,True
-21.0,-40.6,0.23032971024513257,0.8593580961227417,0.7926457524299622,475,425,0.0361094296751358,0.5385376133250359,0.7409251186503788,2.1868096225030567e-99,0.3828934915029965,7.94968469171355e-31,162.32207360115137,0.03037691318811208,0.00870244575962842,0.038084139073947365,0.7976263590764048,SP/RJ,False,True,True
-21.0,-40.4,0.22431136965751647,0.8467735767364503,0.766986295580864,388,387,0.04156799386204078,0.5117854526812579,0.8239652538977071,7.1825288840761e-112,0.4130135316963631,3.158478924266374e-29,161.14578571708563,0.028436065644528465,0.005412250170702801,0.03308412036933594,0.8595079853138387,SP/RJ,False,True,True
-21.0,-40.2,0.23639390468597413,0.8523340582847595,0.7400589138269424,290,363,0.08337714999944221,0.1331825559193098,0.8676394447937011,2.586595548807294e-116,0.38358853876972493,1.4756970835813908e-19,140.2527944539221,0.026821527492613437,0.003526899125154627,0.029702823888442573,0.9029958765317848,SP/RJ,False,True,True
-21.0,-29.4,0.2586501181125642,0.7974077701568604,0.6507435515522957,62,341,0.11865520721633872,0.4194078383698538,0.8791402691335738,4.177820006959771e-112,0.3972515539769588,4.0242146363147065e-05,89.17927421970924,0.01923000694335658,0.0024505140198161127,0.021378807170726724,0.8994892366907906,SP/RJ,False,True,True
-21.0,-29.2,0.2561116635799408,0.7895741105079651,0.6452091410756111,65,342,0.03223662297082446,0.9351513211736929,0.87742496941027,5.351423535109649e-112,0.44410333716103123,1.4947867129054523e-06,86.13334659950662,0.018860124221290138,0.0024461335547021263,0.020995232445321928,0.8983050923778876,SP/RJ,False,True,True
-20.8,-40.4,0.2280633926391602,0.8494580149650574,0.7770366370677948,425,399,0.041570711723608794,0.48003050564601235,0.8017151184266669,3.27659854555236e-109,0.40567392460781165,7.819203366355415e-31,161.77913290902734,0.02922648155920856,0.006703800463800097,0.035094709005233926,0.8327888273656808,SP/RJ,False,True,True
-20.8,-40.2,0.22876267433166508,0.8529721140861513,0.7569824755191803,331,369,0.04472539905048468,0.5161024049017882,0.8548514789090121,8.76532201475084e-115,0.38108656943653546,7.871095265175386e-22,150.70286376665734,0.027955015035981197,0.004310866715901477,0.03158222800624228,0.8851501873286407,SP/RJ,False,True,True
-20.8,-40.0,0.2504227161407471,0.8723731994628906,0.7433132380247116,242,362,0.08464573319273296,0.17667791022421972,0.8825092234365359,5.0866141283946276e-120,0.4231410246510016,1.0327381772373588e-19,127.23158259535273,0.027024389357948694,0.0030988889444787094,0.029501587845397543,0.9160316895337784,SP/RJ,False,True,True
-20.8,-29.6,0.2616436839103701,0.8144605159759521,0.6679073348641396,58,343,0.1502183750863277,0.2712108783440038,0.8747014706458345,1.2487467006828906e-111,0.4943951227943487,3.028901932545539e-07,79.61637533955572,0.020222663577816782,0.002471064755032655,0.022378091469364005,0.9036813351800782,SP/RJ,False,True,True
-20.8,-29.4,0.25966356396675117,0.8064957857131958,0.6612729206681252,58,341,0.16260130822393723,0.21646138417854582,0.8762475735387727,2.2970182008671115e-111,0.4992918666115578,2.209822174848828e-07,69.16557856987403,0.019797518763694337,0.0024510849929167953,0.021934374689413966,0.9025795831439442,SP/RJ,False,True,True
-20.8,-29.2,0.2557818710803986,0.7974100828170777,0.6543762683868408,60,347,0.029223582823014814,0.9504440840572093,0.8794359882078441,3.5117241015687004e-114,0.4505941843260221,2.8701519422727167e-06,58.49938996997131,0.019320469615611326,0.002440503040553711,0.021450956901499073,0.9006810141071674,SP/RJ,False,True,True
-20.8,-29.0,0.2523271024227142,0.7889559030532837,0.6503444015979767,75,345,0.131986820848972,0.27158168853016934,0.8798225738949843,1.2934784092986487e-113,0.5092870407890739,1.2432424202320551e-09,64.02078831027916,0.01901835149336896,0.0024289370423302052,0.02114164426810094,0.8995682290456632,SP/RJ,False,True,True
-20.8,-28.8,0.24878941476345068,0.7838717460632325,0.6465429589152336,68,350,0.15504908921677305,0.19543883588235195,0.8717707468732122,3.587038396131233e-113,0.46520177735390983,1.9029133624588844e-07,81.7384156538079,0.018778346862548763,0.002413652479813873,0.020890107021212002,0.898910993777153,SP/RJ,False,True,True
-20.8,-28.6,0.247070786356926,0.7804793715476991,0.6429813876748085,62,348,0.14438694884883876,0.2755944684923318,0.8694613646366394,6.426030128961992e-112,0.4803935569461597,2.771440291968203e-07,79.99490565108432,0.018561763501501006,0.0024127772320021563,0.02066393034175489,0.8982687801649182,SP/RJ,False,True,True
-20.6,-40.4,0.23737165033817303,0.850057053565979,0.7755755484104156,474,417,0.03954004553684836,0.4768437283970624,0.7577754286529916,5.465761156487526e-102,0.38656244399332507,2.6386924745931264e-31,162.53514914951887,0.029213416885363563,0.008747457956199413,0.03703941688482407,0.7887115765403153,SP/RJ,False,True,True
-20.6,-40.2,0.2283749550580979,0.8561957955360414,0.7717881798744202,389,385,0.02840168192188209,0.7309216989712733,0.8379618297178144,4.094981072468796e-115,0.4062282597890265,1.9724160564712067e-28,159.25574601316256,0.029039879847190312,0.005406481221982722,0.033707513965655064,0.8615254117161932,SP/RJ,False,True,True
-20.6,-40.0,0.24146243929862976,0.8745466470718384,0.7606400847434998,279,365,0.05393918220528322,0.4444724632104362,0.8699302062729579,1.387584873005544e-117,0.40263073363022506,1.425850434947332e-20,137.06485018267435,0.028271449544598422,0.003480319237899354,0.03111372810501506,0.9086487305274579,SP/RJ,False,True,True
-20.6,-29.8,0.2608545243740082,0.8295952439308166,0.6856191456317902,55,346,0.08310081407469459,0.685905139596408,0.8705139974079742,1.5433892606685135e-111,0.5558825020523486,1.3248706167023352e-08,80.26663037214747,0.02125578670752448,0.0024815223955323893,0.023396657584534665,0.9084967214109543,SP/RJ,False,True,True
-20.6,-29.6,0.2606647849082947,0.8240547895431519,0.6800524070858955,59,345,0.09092490474105647,0.6159182800831698,0.8708561952758905,2.6735886242149305e-111,0.579762654204482,8.543974876811502e-10,78.75491261090629,0.02089747184713488,0.0024394292259580287,0.023018793382465277,0.9078439299539337,SP/RJ,False,True,True
-20.6,-29.4,0.2589506924152375,0.8174432396888733,0.6735916584730148,64,344,0.04625834715479203,0.8728826877915628,0.8718172069651842,3.2180051183805346e-111,0.5398779650338638,2.6183855972803645e-09,75.93079188667674,0.020471194551979415,0.0024060993677927963,0.02257285658205927,0.9068942815261476,SP/RJ,False,True,True
-20.6,-29.2,0.2544608235359192,0.810839056968689,0.6706581562757492,66,344,0.08567334502844058,0.6177639980817469,0.8756502965697733,3.331014208121427e-112,0.5618853067180348,3.23773253928396e-10,64.24530821995376,0.02022397852020594,0.0023968354241218413,0.022325980610784862,0.9058495065805298,SP/RJ,False,True,True
-20.6,-29.0,0.25074008107185364,0.7999209523200989,0.6628115996718407,68,346,0.0696638498441763,0.7203770140016748,0.8753756683903537,8.569093627497339e-113,0.4800347505505086,6.647403384217027e-08,73.72585830170253,0.019721444235911885,0.0023902991581158245,0.02181547420700373,0.9040117142895032,SP/RJ,False,True,True
-20.6,-28.8,0.24648508131504068,0.7908234834671021,0.6564262881875038,70,356,0.07081652219761209,0.705407210306354,0.865853258193517,1.4292460230438606e-113,0.5232792047634011,1.6131508643055668e-09,77.70489159084481,0.019298223575322175,0.0023680880186588297,0.021385848030317577,0.9023829005033661,SP/RJ,False,True,True
-20.6,-28.6,0.24452881515026098,0.7885116815567017,0.6546767726540565,66,352,0.12857007556846312,0.3371550912247943,0.867332139459466,1.1522745036906564e-112,0.4798256911733783,1.0930961649217693e-07,79.96436051792433,0.019158118305539682,0.0023496348316110636,0.021220845102120512,0.9027971418360379,SP/RJ,False,True,True
-20.4,-40.2,0.23237067759037025,0.860408103466034,0.7796582281589508,422,385,0.04292878879385876,0.4597225141937993,0.8229974766683205,5.0534697711255676e-111,0.40559551482331424,1.2890460432375793e-30,162.10139060289092,0.029639569860589444,0.006566755898598502,0.03541319260282042,0.8369640713565275,SP/RJ,False,True,True
-20.4,-40.0,0.2357127636671067,0.8756356954574586,0.7706778645515442,322,370,0.0410190634464602,0.5820657945297592,0.8540901714318551,6.818865114739655e-115,0.3821559156413786,2.1709524902923523e-21,148.19917818000152,0.029011003722782508,0.004037896767676253,0.03237811540576875,0.8960065574914119,SP/RJ,False,True,True
-20.4,-39.8,0.25308438539505007,0.8929302096366883,0.7586913406848907,220,361,0.0995989635304525,0.11272062279555728,0.8849438333853208,2.3843584152752045e-120,0.3709326697491129,3.050491201485528e-14,118.95976285148227,0.0281486231253004,0.0028485093195369823,0.03036334499974866,0.9270593581021264,SP/RJ,False,True,True
-20.4,-29.6,0.2568973064422608,0.8328274011611939,0.6931486874818802,63,348,0.1350378622934848,0.3182540752558753,0.8758753169264273,1.3878272460182322e-113,0.5446578511754122,2.5137423469978145e-09,71.02939557775267,0.021615304037519805,0.0023897545857526664,0.02368375933458009,0.9126635570037994,SP/RJ,False,True,True
-20.4,-29.4,0.2549905717372895,0.8303510427474976,0.691443532705307,68,348,0.13961955979502969,0.26653578455065574,0.8727833773082064,8.847990404798962e-113,0.5510939942523236,3.7847169603317566e-10,74.49879020316514,0.021475055604047756,0.002353648502673824,0.02352624425360724,0.9128127453133544,SP/RJ,False,True,True
-20.4,-29.2,0.2511016845703125,0.8244434833526612,0.688272014260292,68,349,0.07140544363620023,0.7084997569219333,0.8782831112498615,1.5183739340140771e-114,0.5443586179438257,6.075564663275253e-10,70.62523143771519,0.021203609421014336,0.002342325545233727,0.023246448058543125,0.912122547393728,SP/RJ,False,True,True
-20.4,-29.0,0.2469557821750641,0.8191362142562867,0.6857322454452515,70,352,0.07372824825400329,0.6850200423940368,0.8781946970924629,1.612287354660922e-115,0.5550533026143457,1.6167830083612748e-10,75.08545426576107,0.02102843533325207,0.002330533796169985,0.02306195782712334,0.9118235099936038,SP/RJ,False,True,True
-20.4,-28.8,0.24324193298816682,0.8083426713943481,0.6771171241998672,73,355,0.09819517293089824,0.49621196976241205,0.868977330287244,4.523257800375474e-114,0.5726234876228584,1.997627379582779e-11,70.63663591503446,0.020475895943663443,0.0022976922084608307,0.02249534541761281,0.9102281189081796,SP/RJ,False,True,True
-20.4,-28.6,0.24040549695491795,0.79700083732605,0.6676318421959877,70,353,0.03856321399344007,0.9017709664012589,0.865004033619689,2.21865802711239e-112,0.5236082329686158,1.5740804354626475e-09,70.64285501368848,0.01988224963857199,0.002264661146837433,0.02186891993948198,0.909155536423028,SP/RJ,False,True,True
-20.2,-40.0,0.23596912622451782,0.8791230916976929,0.7797029167413712,366,373,0.02559925521947294,0.7869744804797448,0.8507652041779336,6.23580145813134e-115,0.37719956424374185,1.612483771662675e-23,154.40379903528765,0.02969564522269744,0.004736955539984056,0.033716148709827164,0.8807543672401149,SP/RJ,False,True,True
-20.2,-39.8,0.24691974818706514,0.889680552482605,0.7659559398889542,262,363,0.05445777609114566,0.4602008053846902,0.8758462810771083,1.5510274627314482e-118,0.3827979072099146,9.505386538403092e-18,127.45215951138748,0.028697526829398808,0.0031566469335109555,0.03119322704035196,0.9199922403756212,SP/RJ,False,True,True
-20.2,-29.6,0.25181429386138915,0.8371099710464479,0.7042173892259598,61,347,0.1940905804730965,0.10018089965655776,0.8717413135867152,3.505621278013463e-112,0.553198122262273,2.545238447532337e-09,71.60272266863932,0.022211482070485476,0.002352758741796878,0.024231088818996164,0.9166522493645684,SP/RJ,False,True,True
-20.2,-29.4,0.24910182654857638,0.8320963978767395,0.7010103911161423,60,351,0.13024271469242607,0.3629126890227911,0.8738414760056946,4.838513706339606e-114,0.5313227893559721,1.4979645376002523e-08,74.62568960469142,0.021971594112191347,0.002309594781952041,0.02395889051930942,0.9170539050831077,SP/RJ,False,True,True
-20.2,-29.2,0.24646778106689454,0.8269546389579775,0.6967599838972092,63,348,0.03777213216445978,0.9146588117703427,0.8766169156503136,8.890735876404552e-114,0.5342076999190375,5.183450406394141e-09,83.8647527059166,0.02169986218471871,0.002286985445863434,0.023665958924256447,0.9169230054936593,SP/RJ,False,True,True
-20.2,-29.0,0.24253673851490035,0.8202033281326295,0.6913926601409912,69,353,0.03699409069051959,0.9104831291614138,0.8770943388398975,1.4678485385183568e-115,0.5555276949745682,2.0852696313469697e-10,73.92930806397237,0.021371192258619498,0.0022630353410378833,0.023324564543899088,0.9162525721925846,SP/RJ,False,True,True
-20.2,-28.8,0.23912551999092105,0.8127122879028323,0.6847207099199295,67,359,0.02068958013249036,0.9719319896921261,0.8642204468767579,4.164642160628987e-114,0.4632127356153918,2.738670437727436e-07,72.31261045861659,0.020955381414178246,0.0022258016689452307,0.022891242180041082,0.9154322534951503,SP/RJ,False,True,True
-20.2,-28.6,0.2375218510627747,0.8035030126571655,0.6770424693822861,65,355,0.04814592052793751,0.8610510189896631,0.8641148516257687,8.60284153007707e-113,0.41455546463627535,9.116515978265469e-06,69.34080704413881,0.020471833104771298,0.0021884453602870222,0.022373453288329397,0.9150055130492513,SP/RJ,False,True,True
-20.0,-40.0,0.2389599233865738,0.8805432081222534,0.7872499823570251,405,387,0.022409428080541666,0.8161489791424457,0.8358457217987633,3.919895349272299e-115,0.3954403021006614,3.975308124650539e-28,159.69822536648644,0.030308125901487692,0.0057523955084164136,0.03527848587742951,0.8591107341394786,ES/BA-S,False,True,True
-20.0,-39.8,0.2401184171438217,0.8846059203147889,0.7743984162807465,309,375,0.059020542457583536,0.3411024122535817,0.8643569064823083,2.698592234953576e-119,0.36986481328878706,2.0494320604229991e-19,143.8045400414801,0.029397688211374777,0.003884127972835192,0.03258270964623877,0.9022481104412486,ES/BA-S,False,True,True
-20.0,-39.6,0.24915258586406708,0.900050985813141,0.7690595537424088,225,358,0.06460061870564587,0.3914607491876486,0.8846864499992524,2.8838620596632357e-119,0.35985218596067303,9.880889056958363e-14,121.51083798885344,0.029030875192010704,0.002903376065347378,0.031238550701340677,0.9293284912467074,ES/BA-S,False,True,True
-19.8,-40.0,0.24663844406604774,0.8844812870025635,0.7929766476154327,438,395,0.01823472871980813,0.8646044002070069,0.8100094495699338,2.325713001860143e-110,0.38864441338900124,2.428937530958909e-29,161.11739560078243,0.030787490288214574,0.0071704213535056715,0.037123342774762945,0.8293296881967325,ES/BA-S,False,True,True
-19.8,-39.8,0.24017661809921273,0.888762402534485,0.7891110926866531,397,382,0.019084744438038186,0.8655160212839322,0.8367058877158634,7.305068415291599e-114,0.38069694913746205,8.750572628171751e-26,155.575937206798,0.03057300473229645,0.005478278455481448,0.035257433732804655,0.8671364162233492,ES/BA-S,False,True,True
-19.8,-39.6,0.24114936590194705,0.8920822381973267,0.776425912976265,314,370,0.05846828817866989,0.34210805015935225,0.8678433349526921,1.2171354731050667e-118,0.36910509061905766,1.2440427111992793e-19,142.72415982766125,0.029699028868154377,0.003772601136224734,0.03271803946554399,0.9077264210598868,ES/BA-S,False,True,True
-19.8,-39.4,0.24695604741573335,0.9045300364494324,0.7753731608390808,232,359,0.06748330837899219,0.34803545968576444,0.8885889150410032,1.1463934056354824e-120,0.3714397042075031,5.302919094478349e-15,124.85428004167343,0.02962773407589972,0.0030094607313666945,0.03191469592473387,0.9283414181909294,ES/BA-S,False,True,True
-19.6,-39.6,0.24337430298328416,0.9339073538780213,0.8306407481431961,367,373,0.03064152060573262,0.7087951562651622,0.8569805638507632,1.2632480401542827e-116,0.35601406566362,3.054373199949865e-21,149.95019778828427,0.03409107430796571,0.00505445601139059,0.03828882543472232,0.8903661556839016,ES/BA-S,False,True,True
-19.6,-39.4,0.24192434847354904,0.9301493048667908,0.8147630393505096,310,366,0.05064451702577519,0.45188144208821507,0.8778452471992858,4.46152671979187e-120,0.36945763854041536,1.9612290906056402e-19,143.1487490658949,0.03282149497884631,0.0037828913091579814,0.035792280321297235,0.9169992714690705,ES/BA-S,False,True,True
-19.4,-39.6,0.2483432471752167,1.0388490676879882,0.9451314508914948,407,379,0.03166143401351715,0.6652471595632029,0.8521270686519709,3.5253818776508154e-117,0.3836388805571306,9.331538383671448e-27,155.85383140037274,0.044527032989189,0.0060052503627161585,0.04951331915338901,0.8992940435127603,ES/BA-S,False,True,True
-19.4,-39.4,0.24328607022762302,1.0276900768280033,0.9277533441781998,345,364,0.028859146233872493,0.7505291711026946,0.8740297857397422,2.2647657225981992e-118,0.3847124916106789,4.5667444785856866e-23,153.02256453278312,0.04265717087250674,0.004567079789803147,0.046275580204055526,0.921807369770554,ES/BA-S,False,True,True
-19.2,-39.6,0.25185903906822216,1.2020446777343754,1.1365723758935928,400,373,0.03240023092338554,0.6573785699325935,0.8637503484416014,1.7480533292437754e-118,0.38204565487146963,3.9389982224392937e-26,158.07076312785682,0.06358306782802185,0.006148324393820406,0.0685452127062039,0.9276077105566713,ES/BA-S,False,True,True
-19.2,-39.4,0.24478320479393006,1.1653007984161379,1.0859604179859161,356,368,0.0246274126781054,0.8060198728059645,0.8808884866374281,1.3866827754508868e-121,0.3896846183889104,2.6985338119525382e-24,155.14907656672764,0.058290804056855564,0.0049002066573093405,0.062108895872160286,0.9385258462304086,ES/BA-S,False,True,True
-19.0,-39.6,0.252815967798233,1.3281674623489381,1.2785093933343887,400,368,0.0353128737854352,0.6075435176130035,0.8694940965848668,1.9189958249181736e-118,0.3906882864926536,3.34124772102778e-27,159.08445806271325,0.0801085470209045,0.006332273566576241,0.0851468165451198,0.9408284451651169,ES/BA-S,False,True,True
-19.0,-39.4,0.24572264850139625,1.2892568111419678,1.2314125448465347,362,367,0.02281724054309192,0.8284232909717032,0.8864130354356196,8.762817827661859e-123,0.3983221626418505,1.1680431611043707e-25,156.33124830009928,0.0740776092327455,0.005123767147988105,0.07801817819823198,0.9494916562205015,ES/BA-S,False,True,True
-18.8,-39.6,0.25493972301483153,1.435256552696228,1.4024076461791992,401,371,0.03512379873484272,0.6100332794742424,0.8694395584314678,2.0913444645118866e-119,0.39848637925624275,2.960695275158419e-28,161.04163687992803,0.09543612004248553,0.006637678133760526,0.10070425462205536,0.9476870704287399,ES/BA-S,False,True,True
-18.8,-39.4,0.24740486443042756,1.3981725454330451,1.3540718853473663,362,367,0.019221072036349714,0.8749675939515799,0.8794842334542954,7.325632170669572e-121,0.4051269275469732,1.896595796275524e-26,157.168711239085,0.08885993768870393,0.005354109061566918,0.09294740871146602,0.9560238302559815,ES/BA-S,False,True,True
-18.6,-39.6,0.2586121141910554,1.530879640579224,1.5082025229930878,404,372,0.025805792746662566,0.7643334294387045,0.872706767665959,1.225619602626646e-120,0.3889432751357982,3.089388538778874e-27,162.19734756522195,0.10963423370661445,0.007110013441569071,0.11530682085129515,0.9508044094633714,ES/BA-S,False,True,True
-18.6,-39.4,0.24985849261283896,1.4867010354995729,1.4529815912246704,372,365,0.029030765342417664,0.7311323427841011,0.8796949202830534,2.9777275607311014e-120,0.414057862981763,3.220889419395092e-28,158.2473815284015,0.10186804818623814,0.005781451373743102,0.10633015111868767,0.9580353936724039,ES/BA-S,False,True,True
-18.4,-39.6,0.2635141491889954,1.6032758235931397,1.592266008257866,419,369,0.015127124089928778,0.9086722417841712,0.8713358118458684,2.824465421284427e-119,0.38487837583961393,1.1833256551490039e-27,161.76551376841272,0.12101983150315569,0.00793192287397702,0.12744168202880848,0.9496094964895306,ES/BA-S,False,True,True
-18.4,-39.4,0.25432175993919376,1.559896469116211,1.5379762798547745,399,366,0.031145456491213547,0.6793257432330815,0.872039761694398,1.7401566064338656e-118,0.40181109487884786,1.5075570153626707e-28,161.9078992328135,0.11317295716317238,0.006562411169019553,0.11835207959603108,0.9562397006412012,ES/BA-S,False,True,True
-18.2,-39.4,0.2612555146217347,1.6135190248489382,1.6047020554542542,412,372,0.018649512769661702,0.8666379554717705,0.8604183653708516,3.0093988740515026e-117,0.3956865366580504,1.2907911916502971e-28,163.83804275457172,0.12157498123209554,0.0078475865546942,0.12795062253873846,0.9501710802171938,ES/BA-S,False,True,True
-18.2,-39.2,0.25531334877014167,1.5511739015579227,1.5295029878616333,402,365,0.03238274503064735,0.6562980401755056,0.8710883187629247,6.720336910953094e-118,0.4027483434942703,7.158381000511479e-29,161.43511610999855,0.11049190883522524,0.0068321924883981205,0.11598103199744994,0.9526722338326374,ES/BA-S,False,True,True
-18.2,-39.0,0.2537063837051393,1.481262254714966,1.4498230665922165,396,365,0.040822694180231885,0.5171758377313085,0.8679089323299741,4.906477016884005e-117,0.4079303121367507,3.922415400390589e-29,161.19399664419356,0.09922143203928208,0.006383894888337789,0.10433482112046834,0.9509905798824135,ES/BA-S,False,True,True
-18.0,-39.4,0.27093097567558294,1.6403370857238773,1.6411474645137787,425,368,0.01269032060160378,0.9339185432123008,0.8597717043314477,8.509603231532467e-116,0.3922144209502097,5.357610999741496e-29,166.6749261298008,0.1261728730086603,0.009607569477316008,0.1342196362481138,0.9400477943139518,ES/BA-S,False,True,True
-18.0,-39.2,0.263802170753479,1.5787684917449951,1.5606091618537903,417,369,0.017069594391689966,0.8857106823497997,0.863988146629972,2.911006549348827e-117,0.40128500146709983,1.0889275793879339e-29,165.41148699206573,0.11482353752135475,0.008472672051282274,0.12186946363051109,0.9421846465943391,ES/BA-S,False,True,True
-18.0,-39.0,0.2602618575096134,1.506297135353089,1.4726904928684235,403,368,0.021173089660163822,0.8348853087473742,0.8592968543670988,1.143921980530559e-115,0.4040737480204869,4.1142823204587237e-29,165.09398920239224,0.10255741573556643,0.007563810784974668,0.10882437268351362,0.9424121932117822,ES/BA-S,False,True,True
-18.0,-38.8,0.2551350235939026,1.436190700531006,1.3900336474180222,385,365,0.03500735969406998,0.6241559469777757,0.8606812079461649,4.379009472049031e-115,0.4182779831342887,1.0889066207653696e-29,159.64147783287294,0.09137460767965394,0.006579812040217179,0.09677583674088137,0.9441882473649977,ES/BA-S,False,True,True
-17.8,-39.0,0.2622638940811158,1.492605495452881,1.4511630535125732,396,365,0.03453516236952169,0.6238504373007209,0.8573460072379046,3.433972470990835e-114,0.4141673128881987,6.004618699264918e-30,166.04244577897012,0.09900292082571725,0.00750866773535254,0.10529447312252331,0.9402480290728551,ES/BA-S,False,True,True
-17.8,-38.8,0.2562672793865204,1.4238862991333008,1.364041954278946,362,363,0.025933181165045432,0.7841456438066333,0.8717624452552662,1.990992084423932e-117,0.409751119458985,5.418614046588782e-27,159.4419030053204,0.08770910058919926,0.005821825985048286,0.09248468682005223,0.9483634924325921,ES/BA-S,False,True,True
-17.6,-39.0,0.26281319260597236,1.4407438278198244,1.3740501403808594,371,362,0.016803941365366344,0.9006609247145155,0.8618827121577564,1.8997050492098567e-114,0.416044638208452,2.1608385223319204e-28,162.73207909167658,0.08827254710079221,0.006210707588234986,0.09346325315850364,0.944462600195303,ES/BA-S,False,True,True
-17.6,-38.8,0.2563021242618562,1.3723503828048706,1.2902526557445526,311,357,0.033671047006930126,0.7031915415549682,0.8784318560089768,3.0325439739860048e-117,0.4270600134650469,3.179115052820744e-25,160.92404263016147,0.07793896123050809,0.0046762985455678155,0.08174814521288866,0.95340342007197,ES/BA-S,False,True,True
-17.4,-39.0,0.26281319260597236,1.3783980369567872,1.2959660291671753,348,363,0.04666191601966834,0.4690548365549227,0.8582183751969849,8.649555749971769e-114,0.42903252499026256,2.929152774791947e-28,162.47177686226695,0.07795526665486105,0.005540491674274698,0.08260943682892138,0.9436605507467771,ES/BA-S,False,True,True
-17.4,-38.8,0.25722681879997256,1.313712787628174,1.2167902439832687,285,356,0.018654515372631516,0.9057317352319788,0.8749781976625008,5.452578357202384e-116,0.4455577372928353,4.458258349363655e-25,158.08465185964846,0.06870748637839702,0.004209600274601567,0.07217201502382735,0.951996232275259,ES/BA-S,False,True,True
-17.2,-39.0,0.2641682267189026,1.3264527797698975,1.2317758053541183,326,366,0.046644481956799703,0.49234376492037285,0.8552852565177963,5.907750447632231e-114,0.43286772218010583,5.2603378497236784e-27,164.54632494909578,0.0699494555582347,0.0052435425118628354,0.07440357005114051,0.940135742278975,ES/BA-S,False,True,True
-17.2,-38.8,0.25774190425872806,1.2553389072418213,1.144194096326828,242,356,0.05408827169343771,0.49310409160401336,0.8757209551475602,3.456104870584394e-116,0.4576441969573397,1.3679023978994118e-22,155.9614051928578,0.06036372306055945,0.003628521919862789,0.06335915261868867,0.952723017364887,ES/BA-S,False,True,True
-17.0,-39.0,0.26673176884651184,1.2827119350433354,1.1785868704319,320,361,0.04448856698285342,0.5311675574718508,0.8526821675958451,1.0804901282253615e-111,0.43224879182269493,1.8019108148424942e-26,162.60977275381674,0.06383090848483082,0.0052687783761567845,0.06835885994073838,0.9337620396268613,ES/BA-S,False,True,True
-17.0,-38.8,0.2576967000961304,1.2099591493606567,1.0913389176130295,225,356,0.03491821846766599,0.7604746954514124,0.8789212678030754,4.824122418991418e-117,0.46017778920065994,2.478188710626412e-21,151.39833848495,0.05470235239226417,0.0033569165388125243,0.05748986218697161,0.9515130200583582,ES/BA-S,False,True,True
-16.8,-39.0,0.268807053565979,1.2480921506881715,1.1352690011262894,307,361,0.03457537859083824,0.6931442722466262,0.8580480607054737,4.138874205011477e-113,0.4381788665264856,4.3104390438717685e-26,161.41546922878175,0.05919551355930612,0.004903738370186932,0.06342435425043517,0.9333246551564214,ES/BA-S,False,True,True
-16.8,-38.8,0.2592347741127015,1.205370092391968,1.0855470597743988,221,354,0.04272638150836256,0.6685017451539856,0.8795990369393888,1.4752024229614934e-116,0.4812393831436543,1.090543985449603e-22,151.1340230684486,0.05398632858069661,0.0033778889042597408,0.05680948861092158,0.9503047800771397,ES/BA-S,False,True,True
-16.6,-39.0,0.27246925234794617,1.244774627685547,1.1270425468683243,311,361,0.04184801038670241,0.5804201099190897,0.8603083329893612,1.0407862721015613e-113,0.4481634945552459,1.665417487954591e-27,161.56117069014252,0.05841853284830606,0.005105913115136271,0.06285963168140937,0.9293489523512948,ES/BA-S,False,True,True
-16.6,-38.8,0.2612077713012696,1.2195132255554202,1.1003280133008957,237,354,0.04676421546701785,0.5960189575061179,0.8727389254085784,9.75079046166768e-115,0.48193175799134225,2.8181726390976205e-24,153.41459025065834,0.05554628743008629,0.003630907012957608,0.0585993497089695,0.9478993829445876,ES/BA-S,False,True,True
-16.4,-38.8,0.26489133834838874,1.2301491498947144,1.1102856695652008,258,356,0.019304758593827926,0.9084889874342449,0.8682115107389479,3.408601281532751e-114,0.4915947589575177,2.9359894928230163e-27,157.19879366924764,0.05657989784191295,0.004127105138347699,0.06008564682948526,0.9416541358451024,ES/BA-S,False,True,True
-16.4,-38.6,0.25868211984634404,1.1967764616012575,1.0739309042692184,201,348,0.05186040335356733,0.5829768714236072,0.8822016072042637,3.0697683353190114e-115,0.49759760320055735,4.890851198921873e-22,147.39627626588987,0.05274110222908364,0.0033644119720806958,0.055554245191692796,0.9493622323028194,ES/BA-S,False,True,True
-16.2,-38.8,0.26960950493812563,1.2438056707382203,1.1227103173732758,276,359,0.029506435289273335,0.7866980109079219,0.8640666799183805,4.5748384627091465e-114,0.4765574104881466,1.833058000218314e-27,158.22291549665016,0.057822560310990596,0.004704029599648543,0.06187401751058306,0.9345208641268608,ES/BA-S,False,True,True
-16.2,-38.6,0.2617172777652741,1.2178786754608155,1.09574593603611,222,346,0.0621830376649655,0.4243024300244277,0.8754595057363697,8.151176231043868e-113,0.5086734985846508,3.7668035780850374e-25,151.9461943249153,0.05491514136740314,0.003712487719222191,0.05808703597758934,0.9453941046086437,ES/BA-S,False,True,True
-16.0,-38.8,0.2727613270282746,1.2427058935165405,1.1205286532640457,282,358,0.01718976838434886,0.9201798624386414,0.8585288077829688,2.7688568106010433e-112,0.47236416050600233,1.393851014767879e-27,158.73108293177899,0.05706840164272579,0.0049079072755925145,0.06136486268902287,0.929984996983206,ES/BA-S,False,True,True
-16.0,-38.6,0.2630575776100159,1.2219014167785647,1.0970881283283234,211,346,0.05218586859923866,0.5634601112316712,0.8755595520646371,7.678998771318815e-113,0.49861405631555356,3.883175853875296e-23,149.0746862702194,0.0546441537251629,0.00344167143330453,0.05760635810470774,0.948578516729688,ES/BA-S,False,True,True
-15.8,-38.8,0.2701229572296143,1.2141024827957154,1.0879675149917603,250,350,0.050445026480760984,0.5297729262358698,0.8628712816698372,7.321113097163247e-111,0.4832842920488648,1.183438354509281e-25,154.76150529238518,0.053437319498445636,0.004019095123468148,0.056953078539516304,0.9382692010471164,ES/BA-S,False,True,True
-15.8,-38.6,0.2627740919589997,1.2012811660766602,1.0698062479496002,168,341,0.061665362135730206,0.528589047966498,0.8752334251873183,4.16945195637125e-111,0.4939333175846891,1.7895328121890604e-18,138.73065269837014,0.05161494543129415,0.002754754905121905,0.053957779905170915,0.9565802285046897,ES/BA-S,False,True,True
-15.8,-38.4,0.26827972531318667,1.212891983985901,1.0681341737508774,131,339,0.07286441760410178,0.49968693303157885,0.882858998856786,2.1745714385792835e-112,0.4537647483728538,7.643647782505952e-13,130.73319759871302,0.05149940269153915,0.0022540499822795404,0.0533551343387489,0.9652192489024991,ES/BA-S,False,True,True
-15.6,-38.8,0.2679281413555145,1.2111937522888183,1.0835114568471909,211,344,0.07301923453762739,0.325028510813387,0.867999833885815,3.0487345847330103e-110,0.5311364958368799,6.398188122430099e-26,148.69165537202778,0.05292016034704287,0.0035213535179406934,0.055982746763610286,0.9452941023151413,ES/BA-S,False,True,True
-15.6,-38.6,0.26499873399734497,1.2064384937286379,1.0695198625326157,155,342,0.07193245918493822,0.44912215775744707,0.8781954307935299,3.3939114247253026e-112,0.49778958789867084,2.0471766771593656e-17,132.2872301540486,0.05154474379951154,0.002519668681967591,0.053664451770714126,0.9605007057510022,ES/BA-S,False,True,True
-15.4,-38.8,0.26754361987113956,1.2098715543746947,1.0807212591171265,193,341,0.06933794520917405,0.3958956446689287,0.8701678656600151,8.103796027383876e-110,0.5261354978605894,2.0263144653738862e-23,145.5605567379478,0.05257431782858924,0.0032059211789294637,0.05535278344255777,0.9498044101639103,ES/BA-S,False,True,True
-15.4,-38.6,0.26874053478240967,1.2135686874389653,1.0716378390789032,147,346,0.06380348373976993,0.5504650714371281,0.8811134237720752,2.7659786453449203e-114,0.4103582332502337,7.331735263380085e-12,130.03873878576928,0.051702867107970396,0.0023345179658910272,0.053636449816767746,0.9639502108099467,ES/BA-S,False,True,True
-15.2,-38.8,0.2685755133628846,1.210032892227173,1.0761532336473465,176,342,0.04222536200592344,0.7312111572185757,0.8762900972741802,1.0458072188705308e-111,0.4971067792353257,1.775580566001964e-19,142.74106836059764,0.052056024396540404,0.0028595700569775534,0.054525044688531754,0.9547176842110748,ES/BA-S,False,True,True
-15.2,-38.6,0.271145224571228,1.2196216344833375,1.0742452442646027,144,349,0.036341724541800804,0.8273011695799641,0.8850554321784836,2.504865318251717e-116,0.39565724999583407,7.306478352188798e-11,123.954340513322,0.05191862788724525,0.0021958755132789895,0.0537126786798351,0.9665991189290031,ES/BA-S,False,True,True
-15.0,-38.8,0.2692829251289368,1.215267109870911,1.0767795592546463,168,342,0.027801288507609927,0.8785451435459317,0.8806071030349448,8.1375165880465e-113,0.4627527264758956,1.4769026584255104e-16,137.29500238737714,0.052103602364302594,0.002610266701752079,0.05434221553939127,0.958805264877985,BA-N,False,True,True
-15.0,-38.6,0.2723468005657196,1.2261090040206912,1.077491134405136,139,348,0.05540634137176032,0.6534412021202048,0.8866337364195052,2.0899866812619587e-116,0.34770159528288647,3.137468675986456e-08,117.06800091734868,0.05222274611947083,0.00213613236437317,0.053945208179203626,0.9680701564073892,BA-N,False,True,True
-14.8,-38.8,0.27080075144767773,1.2230756044387818,1.0803509503602982,165,347,0.06477875299329539,0.5010679815601006,0.8754247306984243,3.8904256659475647e-113,0.456126637048283,6.665746192878779e-16,134.82314729074778,0.05249031040079469,0.0024450200547865434,0.05455864012593198,0.9620897859557499,BA-N,False,True,True
-14.8,-38.6,0.2728236556053162,1.2309822797775272,1.0810364186763763,138,349,0.05082976681059896,0.7008342070562184,0.8855558533270221,1.847157684652941e-116,0.3368915359090135,1.0467747399922147e-07,113.75392725575892,0.052597156462638975,0.002120345151674811,0.05432254502653865,0.9682380756818967,BA-N,False,True,True
-14.6,-38.8,0.2710898041725159,1.2285038471221923,1.084098920226097,161,348,0.03638472501575639,0.8085212376170081,0.8830102891215885,1.8820580997056224e-115,0.44696861285517303,4.9752549430712994e-15,131.5746327427847,0.05290248893721016,0.0023748628287881737,0.05491259714675022,0.9633944064935014,BA-N,False,True,True
-14.6,-38.6,0.27204693555831916,1.2357262372970583,1.0849040895700455,134,348,0.12805489008985926,0.11100822515790507,0.8828893619067957,2.0249679043043233e-115,0.33958758957256724,1.2898842316576645e-07,103.66166347748349,0.05301098320202943,0.002129034674253168,0.05478537276981008,0.9676119833073684,BA-N,False,True,True
-14.4,-38.8,0.2717026054859162,1.2346566677093507,1.087972715497017,166,348,0.022605769250282653,0.9188935893928978,0.8833167616880003,1.5633568087831472e-115,0.448754142591997,1.5004649064600863e-15,133.265330793298,0.05331439878691299,0.0023810342241641766,0.05534406276008177,0.9633264369844434,BA-N,False,True,True
-14.4,-38.6,0.2712610960006714,1.2406157016754151,1.0889379233121872,132,345,0.09344695772870776,0.3163802083866123,0.8789803245195311,2.1393950424408355e-113,0.34292208886690567,1.1902749748491247e-07,93.67822510438164,0.053445347499579125,0.0021378472943189065,0.055249811703841446,0.9673399030944234,BA-N,False,True,True
-14.2,-38.8,0.2723221778869629,1.239166498184204,1.0917633324861526,174,347,0.03777416406940453,0.7806302931314062,0.8814848458203829,1.0235833754299023e-114,0.4589581760995197,7.602230276032324e-17,135.49806722049283,0.05371605905589206,0.002514765435980406,0.055883950823919525,0.9612072565367092,BA-N,False,True,True
-14.2,-38.6,0.27008292675018314,1.2457465648651123,1.0929239392280579,135,347,0.04014805823398474,0.8050233878760786,0.8796892091828002,3.0159186750433855e-114,0.3877868008009804,7.509508693490287e-10,101.66329918893247,0.053880019758930545,0.0021385204005723414,0.05569087361830645,0.9674838309812284,BA-N,False,True,True
-14.0,-38.8,0.2736891984939575,1.2454734563827516,1.0955829322338104,173,346,0.05003501313013902,0.6491283910237977,0.8758986371439257,6.272581531968255e-113,0.503519044297808,1.3380687802294472e-19,138.6929813748077,0.05414708957534,0.002669280140410927,0.056462353751023875,0.9589945508489913,BA-N,False,True,True
-14.0,-38.6,0.2686246395111084,1.2515051603317262,1.0967603027820587,145,349,0.04480087663860299,0.7481329038904566,0.8787200618193602,1.166251433630225e-114,0.3603576384447383,3.750230567009959e-09,112.69193334454617,0.05430301780177586,0.0021433759521453013,0.05612844624837253,0.9674776593936164,BA-N,False,True,True
-13.8,-38.8,0.27611648440361025,1.2534930467605592,1.1022074520587921,175,346,0.04885691556987858,0.659165899882137,0.873769489971932,2.23117835845916e-112,0.5224501417178964,4.10949373302851e-21,143.3008685845909,0.05491125257210954,0.0028550097433013228,0.05738917169806531,0.9568225319753255,BA-N,False,True,True
-13.8,-38.6,0.26878083348274234,1.2561976909637453,1.1003170013427734,143,348,0.03712644182529958,0.8216126276052212,0.8782961890550641,3.238798397948537e-114,0.3521132825013316,1.1944321699823954e-08,112.59213324615284,0.05469422382645508,0.0021639486266066496,0.056546944741515996,0.9672357025913608,BA-N,False,True,True
-13.6,-38.8,0.27973766326904304,1.2583617687225344,1.1041911989450455,171,345,0.06724396040358696,0.46216649465821086,0.8700734454281218,4.2467479117766455e-111,0.5896457258834397,1.1368176561076415e-25,142.94130374327264,0.05508296521838246,0.0029289328660409494,0.05762733389920908,0.9558478848721902,BA-N,False,True,True
-13.6,-38.6,0.2700879693031311,1.2597014188766482,1.1033234298229218,152,346,0.027954052541889558,0.888331814803603,0.8757739386076585,6.757099027343137e-113,0.3748168194937433,2.6566577856713323e-10,124.2962544147371,0.055011805771867595,0.0022340188574060554,0.05695072386776851,0.9659544609054872,BA-N,False,True,True
-13.4,-38.8,0.28295803070068365,1.261147689819336,1.1077204644680023,172,343,0.051909907643203156,0.6297438784045388,0.8687335058855292,4.187134778578471e-110,0.5908427352229106,6.524737150963996e-26,144.45882116406753,0.05537483668875856,0.0031352194105287385,0.058098850173130996,0.9531141584342023,BA-N,False,True,True
-13.4,-38.6,0.27329284548759464,1.2621192932128906,1.1057126224040985,161,345,0.06849978499480333,0.47048792566692516,0.8742877575154167,3.4984590353570852e-112,0.4570606506572993,1.2935103720792345e-15,137.38797082217968,0.05521459993389885,0.0024713512007651342,0.05737004081717398,0.9624291554865011,BA-N,False,True,True
-13.4,-38.4,0.26541057825088504,1.2615677356719972,1.1064114272594452,142,345,0.05287544303243505,0.673084486192343,0.8792991409612895,1.7684615592754565e-113,0.3349556658288647,7.974461425485026e-08,116.62824844402662,0.05534023460050465,0.0021248065896497157,0.057230262633167384,0.9669750243017864,BA-N,False,True,True
-13.2,-38.6,0.28118065595626834,1.2620689868927002,1.1098936051130295,166,346,0.05343077934784603,0.623245448441094,0.8669542425892197,1.2682653072904562e-110,0.5903624428764013,5.262815260211218e-25,144.171628063294,0.055523574446629725,0.0031537650298243372,0.05825832996334534,0.9530581202990842,BA-N,False,True,True
-13.2,-38.4,0.2703300476074219,1.260646176338196,1.1080992817878723,168,346,0.07717375806923026,0.3682178572704365,0.87524722187142,9.251230286489673e-113,0.44526622191942666,1.655085268973771e-15,136.41358987829818,0.05537845078895331,0.00247329054019697,0.05756849913930323,0.9619575222023683,BA-N,False,True,True
-13.2,-38.2,0.2608253419399261,1.2571426391601563,1.1077812016010284,147,348,0.04974910090097649,0.6957197669019285,0.8786910978895199,2.553435449830802e-114,0.37795558794212847,3.786565663954209e-10,115.682223090591,0.05532671469451268,0.002113109326689157,0.05726384978542632,0.9661717628456297,BA-N,False,True,True
-13.2,-38.0,0.255684095621109,1.25279598236084,1.107630506157875,142,344,0.004282224123920779,0.997408592673573,0.8836561998231344,2.8239276920890363e-114,0.3600323680596336,5.804057369677487e-09,94.26583390694613,0.05524849357736515,0.0021000155192996057,0.057228468263223635,0.9654022771192906,BA-N,False,True,True
-13.0,-38.4,0.2827112317085267,1.2577792644500734,1.107685461640358,175,341,0.04714955915809354,0.6783149864422362,0.8655015586980217,1.2271293186647025e-108,0.5797992066496511,1.9039653584815045e-25,147.46591041742627,0.05516635584460045,0.003464533514813729,0.058161001843056157,0.9485111001606098,BA-N,False,True,True
-13.0,-38.2,0.26958851814270024,1.2570227622985841,1.1076625734567642,163,346,0.04573707678425675,0.7116929787962554,0.8714410397830333,8.904747554929259e-112,0.4722156217834773,1.1211131612623092e-16,142.87126895029454,0.05520792629677964,0.0026048296278955484,0.05751962319318171,0.9598102913741602,BA-N,False,True,True
-13.0,-38.0,0.25849178433418274,1.2532530307769776,1.1078680157661438,157,351,0.056923327452166286,0.6019911306982049,0.8776222985074138,4.905655224918384e-115,0.3530447270854781,1.7937129691858012e-09,118.51997510589815,0.05522718180504201,0.0021036911788134033,0.057216373944899694,0.9652338657152005,BA-N,False,True,True
-13.0,-37.8,0.251532644033432,1.2484804153442386,1.1079351603984833,133,345,0.03281281290254353,0.8670149600469595,0.8893481623776689,4.2187606737216155e-116,0.31236475908516986,1.743959409578253e-06,101.06289582616269,0.05517386812177292,0.0020508414136983866,0.05715950241678819,0.9652615188890785,BA-N,False,True,True
-12.8,-38.0,0.26776941418647765,1.2552358150482177,1.1088735163211823,159,345,0.040061133786644026,0.7753209346077209,0.8745871910904464,2.928452022330598e-112,0.475556054530821,1.6555057862768366e-16,145.21494484367312,0.05518750373742514,0.0025557107804440988,0.05749647613435787,0.9598414972156359,BA-N,False,True,True
-12.8,-37.8,0.2553884983062744,1.2497080802917482,1.1084098815917969,151,352,0.05507828908188655,0.6332397993764222,0.8811496421875561,2.658833221139007e-116,0.3121692967126445,2.936880249767384e-07,118.58783443550519,0.05518087942243637,0.0020503819518163102,0.057136314602432826,0.9657759658878454,BA-N,False,True,True
-12.6,-37.8,0.26465173363685607,1.2536897897720338,1.1091747432947159,161,344,0.05467916103216347,0.6186450660889562,0.8773650292017977,1.2036121182901408e-112,0.4223576760433105,1.3525756682276165e-13,135.74894363488082,0.055129894413770815,0.0023843885299269034,0.05731813128572912,0.9618229550951336,BA-N,False,True,True
-12.6,-37.6,0.25249081850051885,1.2472742080688477,1.109619066119194,138,350,0.06034391444148773,0.6058353570274204,0.8782174687702156,7.348630144846459e-115,0.31311706885052637,9.878952834929046e-07,109.69222592529121,0.055200458421565006,0.0019937590809945755,0.05710497424039074,0.9666488630078278,BA-N,False,True,True
-12.4,-37.8,0.2733795166015625,1.2772983312606812,1.1265585869550705,159,341,0.08628980482379575,0.3065487958521994,0.8732394554688617,1.3435091001590307e-110,0.5900952856594235,5.637073713767555e-24,142.87827037842044,0.056805219439026514,0.0028759077448948134,0.05938768056873741,0.9565152047532507,BA-N,False,True,True
-12.4,-37.6,0.2601327002048493,1.2536561965942383,1.1106182485818863,150,344,0.005119424658193498,0.9960894540174731,0.8768742877398452,1.611016871146269e-112,0.3825938419505853,1.392612586399108e-10,127.94123548012395,0.05523222469698554,0.0022599657386914015,0.05734073190345269,0.963228456692577,BA-N,False,True,True
-12.4,-37.4,0.24905434846878052,1.2458003520965577,1.1111455410718918,129,347,0.023794139373821962,0.929821825434632,0.8807303687683473,1.6122374471035935e-114,0.26881115606831757,7.797676441437314e-05,110.08226963133623,0.05525830200259187,0.0019567414715474353,0.05708625721990221,0.9679790670061121,BA-N,False,True,True
-12.2,-37.6,0.26898759603500366,1.2640386104583743,1.115649238228798,153,341,0.038082766932830116,0.8015155383034582,0.8704863914609091,6.728026645664541e-110,0.5525641195636841,1.4618040245565815e-20,145.18234433331145,0.05571246614294967,0.002684305784335825,0.05817094217863196,0.9577370428669906,BA-N,False,True,True
-12.2,-37.4,0.2551464080810547,1.2519753932952884,1.1127117574214935,139,346,0.09013955050927559,0.3238032999908622,0.8735276151877585,2.576624810826271e-112,0.30958798898662215,1.23050334001415e-06,118.11251384781445,0.05534720270571264,0.0020656700393857207,0.057254110330351084,0.9666939611211185,BA-N,False,True,True
-12.0,-37.4,0.2629478394985199,1.259483408927918,1.1143857687711716,151,343,0.03143497168066414,0.8617804004901659,0.8714026183312256,8.729963554756703e-111,0.4295754225868004,3.151376216577653e-13,142.60981188400038,0.05543107189051005,0.002349299416704929,0.0575828005378494,0.9626324418534488,BA-N,False,True,True
-12.0,-37.2,0.25128920674324035,1.2517498731613161,1.1147399693727493,131,347,0.028025111699487123,0.9025636151121862,0.8767116968630424,1.8006361927082234e-113,0.24180873672651468,0.00043283581346763105,109.06559025659487,0.055417824966865016,0.001981305325754315,0.05721397109979644,0.9686065116892785,BA-N,False,True,True
-11.8,-37.4,0.269802725315094,1.2704785585403444,1.1227196007966995,156,337,0.02913980835923024,0.8762815660682728,0.8686381447399247,3.9483906699029655e-108,0.5384623311033658,5.171571789609246e-20,142.6244105536064,0.05621830465401428,0.0026513565166479403,0.05865792947582051,0.9584092919131781,BA-N,False,True,True
-11.8,-37.2,0.2557891607284546,1.2561613559722904,1.1164154410362244,142,345,0.05972679822359722,0.6033715507004822,0.8755560842739649,1.6463627289367386e-112,0.2852549294060141,7.827527781538814e-06,120.90438985415591,0.05549964743949392,0.0020937179965128125,0.05738380045968094,0.967165767950297,BA-N,False,True,True
-11.6,-37.4,0.2759458601474762,1.460342073440552,1.2817706763744354,166,346,0.02820077931656828,0.8766513254490007,0.8724525097256546,4.883319690871845e-112,0.5884916807344607,7.35033407822965e-25,143.6332409332428,0.07375630540314368,0.002949846339059727,0.0765028319950183,0.964099020647321,BA-N,False,True,True
-11.6,-37.2,0.26469199657440184,1.2622509479522706,1.1177826821804047,154,340,0.03617594473185234,0.817952169300732,0.8715886359520151,7.504386436324212e-110,0.47073014222305737,8.890229131858935e-16,140.67318039597254,0.055545462467792524,0.0024118001581045823,0.057726452960916504,0.9622185258013235,BA-N,False,True,True
-11.6,-37.0,0.25214393734931945,1.2557638168334961,1.1179927289485931,134,344,0.030946022824188197,0.8799605966989242,0.8753737973127694,3.924456056467388e-112,0.25499982073136407,0.00014680225269596254,113.71329726144774,0.055531259524860335,0.001999092164928343,0.05730047773161515,0.9691238489312164,BA-N,False,True,True
-11.4,-37.2,0.2732966125011444,1.2863797664642336,1.1348125338554382,160,337,0.026706452321496855,0.8924529569218175,0.870882722528124,1.0819444635381059e-108,0.5602847770932564,5.722099744857918e-22,142.62891052028382,0.057278068532023114,0.002767433285306202,0.05982321778661096,0.9574554938909108,BA-N,False,True,True
-11.4,-37.0,0.2611164331436157,1.261824917793274,1.119323581457138,146,344,0.03511907479729065,0.8356811846662825,0.8720374997942923,2.8255162822320005e-111,0.3736920023351463,7.203468098241846e-10,141.065024760163,0.05557976088982673,0.00225052148733471,0.05760886709830873,0.9647778838452186,BA-N,False,True,True
-11.4,-36.8,0.24974260628223424,1.2565633773803713,1.1197337210178375,135,346,0.08487393584648277,0.378845164793089,0.8754388774038118,8.252079446676209e-113,0.23104823164668206,0.0006903929336116473,105.7671704948477,0.05556458764419536,0.00196411518089735,0.0572945565168086,0.969805702709197,BA-N,False,True,True
-11.2,-37.0,0.2715536952018738,1.2745607614517211,1.1275189518928528,155,338,0.10641714644237953,0.1729736045850202,0.8684778315019301,2.0493814979610435e-108,0.5060815072649547,6.660130558047036e-18,140.99350829417585,0.05620339304609679,0.0026920708700385407,0.05868836199932331,0.9576582329345779,BA-N,False,True,True
-11.2,-36.8,0.2595473825931549,1.2618274211883547,1.1218740195035934,146,344,0.052709826397668615,0.6672919656947348,0.8692208270774158,1.4868110879616403e-110,0.34742050641305844,1.3527294647344537e-08,134.79971953030227,0.05562714971815463,0.0021699148098900277,0.057606573502948885,0.9656389251359841,BA-N,False,True,True
-11.0,-37.0,0.281624794006348,1.2904375076293948,1.1382079124450684,165,335,0.07762709790531173,0.3705505883227651,0.8720676127312754,2.4660742547805064e-108,0.5967286604864698,2.349365755488194e-25,146.21790742379366,0.0571017368761014,0.0030673678590642317,0.0599351561654256,0.9527252539143513,BA-N,False,True,True
-11.0,-36.8,0.27111408114433294,1.2713346242904664,1.1257990151643753,157,339,0.08086800926048046,0.3587509781488383,0.8672420610068338,1.9834274459680886e-108,0.49407026726771974,2.139340063582734e-17,140.80423694582976,0.05585525926640053,0.0026722605129593604,0.05831705790901238,0.9577859595308665,BA-N,False,True,True
-11.0,-36.6,0.2597129464149475,1.2636849403381347,1.123838186264038,145,344,0.03853343995965608,0.8068338956985934,0.8679090929352218,3.215721359334888e-110,0.353002609668908,8.402218720112326e-09,137.28840886506094,0.0556117105059947,0.0021948999865057093,0.05764794792454462,0.9646780589446974,BA-N,False,True,True
-10.8,-36.8,0.2824957430362702,1.2897359371185304,1.1391078531742096,162,333,0.05726749186096205,0.5885553257699473,0.8697588669233008,4.161580645779801e-107,0.6324263445597126,9.458211120169394e-28,146.5647958273256,0.057171747966034435,0.0032314760696567925,0.06012349473575017,0.9509052695175321,BA-N,False,True,True
-10.8,-36.6,0.2725671589374542,1.2850896358489992,1.1402791440486908,156,337,0.08468949762180597,0.327163481823126,0.8683936542331298,4.545364494783731e-108,0.5360288912851799,7.408945282292647e-20,142.3545353109119,0.057217606296066315,0.00288851752909215,0.05987840251749884,0.9555633398760941,BA-N,False,True,True
-10.8,-36.4,0.26045623421669006,1.2651463747024536,1.12599515914917,141,343,0.05277509235487204,0.675977836385491,0.8686149318567922,4.488649499088196e-110,0.3893579350526624,2.472149615684969e-10,139.14092569925063,0.05571933465377657,0.002288503942084238,0.05785604957236478,0.9630684269945589,BA-N,False,True,True
-10.8,-36.2,0.24787013530731203,1.2597626209259034,1.1259705424308777,125,338,0.030004098526690517,0.893949237293746,0.8746480182865498,5.729891274637005e-110,0.2646055586995475,0.0001398653913842433,122.05820702119959,0.05568267165139683,0.0019498133054163243,0.05750736890539312,0.9682702010415718,BA-N,False,True,True
-10.6,-36.6,0.2825334489345551,1.3101570129394533,1.1604654490947723,168,335,0.028287527925414477,0.8745393859301761,0.8709993817092941,4.555327864773791e-108,0.6205861447877238,9.466227914853892e-28,150.13386111086416,0.05904306582603548,0.003461755702051407,0.062205734334898316,0.9491579266336458,BA-N,False,True,True
-10.6,-36.4,0.2716143488883972,1.2773411750793457,1.1326364576816559,162,336,0.05664569055758404,0.595337663196806,0.8692204239457268,5.97260557669562e-108,0.5699104853158619,6.477480499530418e-23,144.82419722846348,0.05639441421856946,0.0030781948334801614,0.05921813575028134,0.9523166088237003,BA-N,False,True,True
-10.6,-36.2,0.2615980803966523,1.270694923400879,1.1282618343830109,154,340,0.06749364040528961,0.49656091972442656,0.8720528846858687,5.723892010919875e-110,0.40789426778296917,3.0622646751515556e-12,140.17121198822804,0.05589265746844661,0.002386629696124761,0.05813295602298207,0.9614625040975074,BA-N,False,True,True
-10.6,-36.0,0.24591807425022125,1.2613066673278808,1.1272146105766296,136,341,0.030887879751062747,0.8787045779933529,0.868661384798345,1.9517531107704267e-109,0.2953247336384459,5.63192364474334e-06,125.1934090200639,0.055760319799002214,0.0019387306604113782,0.057568099788626786,0.9685975393271237,BA-N,False,True,True
-10.4,-36.2,0.2699563205242157,1.3001435041427611,1.1528602838516235,163,341,0.05210777139619507,0.6430562778197719,0.8729185425194109,1.6214856196225188e-110,0.5097918697283144,5.770655587431302e-19,144.0953647104629,0.0583483323596544,0.002785105514791084,0.06092977902847463,0.9576324301518666,BA-N,False,True,True
-10.4,-36.0,0.2590411305427551,1.271857500076294,1.131277710199356,149,341,0.12924130512667134,0.08283970074900647,0.8705078183984157,6.644330238404062e-110,0.40135156231530594,1.6156365154052176e-11,137.84282087893695,0.05592620735810037,0.002331852284388573,0.058121332942523064,0.9622320157971345,BA-N,False,True,True
-10.4,-35.8,0.2439851611852646,1.2625633955001831,1.1305308043956757,141,345,0.05697393390295326,0.6335365464495207,0.8759835739693318,1.276677676408239e-112,0.25110928996192594,0.00012300091350994863,128.24191515355886,0.05581279456788814,0.001914315458799745,0.0575425368170795,0.969939763783964,BA-N,False,True,True
-10.2,-36.0,0.26763512492179875,1.2927583932876587,1.1491575241088867,157,346,0.08339575610616283,0.3361063023348968,0.869118381489017,3.528275699378651e-111,0.5115256026841352,1.937253660479174e-18,145.4306689692761,0.057548574098346406,0.0027779001375815345,0.06011309339946433,0.9573384240255921,BA-N,False,True,True
-10.2,-35.8,0.25394713282585146,1.270104193687439,1.1319066286087036,148,347,0.06757523155749606,0.5095053792055676,0.8712689343328017,4.644170513816523e-112,0.3651564273840436,1.4537675386933618e-09,137.89314359041288,0.05587657991226805,0.0022133516903963127,0.05790396128425024,0.9649871731222363,BA-N,False,True,True
-10.2,-35.6,0.24211499094963077,1.2661571502685547,1.1309027969837189,133,348,0.037608205123967994,0.8290525371980896,0.8750863176891848,2.227967474176562e-113,0.20855534814991017,0.0029469660565962265,132.9735458005138,0.05587476290404471,0.001859925075714398,0.05751711717476542,0.9714458173254681,BA-N,False,True,True
-10.0,-35.8,0.26172645688056945,1.2845091104507447,1.1404868364334106,154,349,0.055556181886215285,0.6224188587552584,0.8705413520603164,1.5915867049254263e-112,0.45671621805220547,5.412031086275784e-15,145.6426886042169,0.05678888890046531,0.0025640809053451914,0.05911048318577443,0.9607244914914207,NE,False,True,True
-10.0,-35.6,0.25165572166442873,1.2734164714813236,1.1312710344791412,145,348,0.043054601187790247,0.7649199660019628,0.871520963288483,1.8813706430828945e-112,0.33524244642891976,5.477720648976672e-08,140.35129588880625,0.05594245937845972,0.0020834474525419497,0.0578034420298546,0.9678049855502773,NE,False,True,True
-10.0,-35.4,0.23999773859977722,1.2684737205505374,1.1315820515155792,132,348,0.06663261253008458,0.5573867830146554,0.8784545316155646,2.944333178114538e-114,0.19361315918442598,0.006899404604795283,122.68147798881455,0.055948910982303215,0.001814685642141912,0.05754898565254593,0.9721963010798622,NE,False,True,True
-9.8,-35.8,0.26653119921684265,1.3108145236968993,1.1638075709342957,153,348,0.0358821725272718,0.8216736568739501,0.86965507009094,5.725660130673434e-112,0.5272103299027163,5.835946959702585e-19,149.5661203783191,0.05908998352159186,0.0028265820690475747,0.06163613613238919,0.9586905868770162,NE,False,True,True
-9.8,-35.6,0.2579915046691895,1.292464828491211,1.1488498449325562,152,346,0.06663518858738257,0.5099490086521173,0.874498182379494,1.445714433317071e-112,0.4125730125570931,2.3529397380492295e-12,144.04154834746134,0.0576668228722481,0.0024460435300711183,0.05987400589918031,0.9631362058745693,NE,False,True,True
-9.8,-35.4,0.24912088811397556,1.2782323360443115,1.1364150941371918,153,346,0.038385907658198506,0.7986850640640812,0.8728742408546833,3.8004773805094743e-112,0.3269618705553883,5.261715453350674e-08,140.85924422446632,0.056228779741290126,0.0020227795719611444,0.05804429601488607,0.9687218831436886,NE,False,True,True
-9.6,-35.6,0.26400475502014165,1.3800907373428346,1.2202954292297363,156,355,0.021343725446138415,0.9316044049314292,0.8697198191575273,2.8805109803756118e-114,0.50847550964464,3.7730870939953366e-18,149.80791425076356,0.06683125239037283,0.002743630044603852,0.06936680731220722,0.9634471439571619,NE,False,True,True
-9.6,-35.4,0.254870754480362,1.3083268642425538,1.1663415729999542,158,348,0.05026005621390377,0.6715893927285077,0.874697617763378,2.8126396934603875e-113,0.38977722452978025,1.669437579592582e-11,146.33313601539706,0.05924402044510861,0.0023450609276423778,0.061373923770764074,0.9652962822841374,NE,False,True,True
-9.6,-35.2,0.244161057472229,1.2791316509246828,1.1416162252426147,150,351,0.03465518808491067,0.835603442936604,0.8694709110191267,6.733700330316468e-113,0.2587277263988795,3.789778006281452e-05,137.10411594861415,0.0562750516308954,0.001909300166175277,0.05797052158888987,0.9707528945484007,NE,False,True,True
-9.4,-35.4,0.26139921545982364,1.3662788867950442,1.2015475630760193,157,350,0.042590765770767675,0.752754619875915,0.8785019007392751,6.186028028327699e-115,0.44912469538653615,8.068924504147236e-15,150.49076527896517,0.0638858652194925,0.0025993298254213307,0.06625673688425997,0.9642168966318246,NE,False,True,True
-9.4,-35.2,0.24926563203334814,1.3091464757919313,1.1726915836334229,155,350,0.055583790655903305,0.6202047112465582,0.8704011617464376,8.162138564414314e-113,0.3585386729089795,1.2206588587723381e-09,146.1528253853783,0.05938271783041908,0.002116265895251613,0.061287282867853676,0.9689239765851396,NE,False,True,True
-9.4,-35.0,0.23688473999500276,1.2739978790283204,1.1443465054035187,137,350,0.12332167907425744,0.12445076928273445,0.8722587427862762,2.675280163780268e-113,0.15748988875039854,0.03314743839317387,136.61154359692574,0.05614332609355135,0.00174834129493337,0.05761038047850565,0.974534895052435,NE,False,True,False
-9.2,-35.2,0.2552916705608368,1.3438078880310058,1.1997250616550446,156,349,0.06158616810240368,0.5541340888476917,0.8816039856619444,2.0371923787677324e-115,0.39881005123216623,7.133478984056872e-12,143.88992045817307,0.06194974593576391,0.0023348519581532154,0.06407450427062761,0.9668392544109357,NE,False,True,True
-9.2,-35.0,0.24347668886184692,1.294326448440552,1.1627677083015442,159,353,0.06508584491870717,0.5106127818656289,0.8692938830370038,1.6718512161210203e-113,0.2679418981240639,9.2503946946966e-06,144.9839784420716,0.05762961020120154,0.0018992853396360935,0.05926302824693729,0.9724378234785839,NE,False,True,True
-9.2,-34.8,0.22842216193675996,1.2723111391067505,1.1501769423484802,131,347,0.10427319201501256,0.2410439786401046,0.870943573664062,5.636336560992393e-112,0.07038827971499129,0.5234233634075578,111.10481423781938,0.056328130088079936,0.0016683865302565464,0.05761902119719449,0.9775960944442873,NE,False,True,False
-9.0,-35.0,0.24774926602840458,1.3071877956390383,1.176371693611145,157,352,0.0882907484985889,0.2945410510529672,0.867245649253849,1.213762881345242e-112,0.33512972437984223,1.3863809923026227e-08,147.13773587041413,0.058542262070264785,0.002065853896083654,0.06036285444337772,0.9698391934924034,NE,False,True,True
-9.0,-34.8,0.2345643788576126,1.2816613912582397,1.155164361000061,150,349,0.0968375250507571,0.24531113542023156,0.8679917734189448,7.297551146696521e-112,0.232840488216753,0.0002698094450518451,136.80865631871714,0.05647150911355281,0.0017225501471507597,0.05784527099510984,0.976251094377738,NE,False,True,True
-8.8,-35.0,0.2531815469264984,1.326402521133423,1.1935475170612335,158,348,0.07303606554541474,0.4311636139406591,0.8710285796292806,2.5242251389703547e-112,0.37917509666169297,6.462874418972145e-11,147.68112091365475,0.06019379233435694,0.002205661241596613,0.06215409340907644,0.9684606279779919,NE,False,True,True
-8.8,-34.8,0.2390188723802567,1.2883278846740722,1.159963607788086,155,345,0.06646951135705638,0.504914879469057,0.8689206871936105,8.388293589824308e-111,0.24840218935612368,6.222451802783668e-05,149.0963995453025,0.056731836289918625,0.0018051425104744052,0.05822544968065331,0.9743477568842036,NE,False,True,True
-8.6,-34.8,0.24280259907245638,1.3035822868347169,1.1710101664066315,158,343,0.031647529987551146,0.8540320907014095,0.870620188662409,1.3830505510625356e-110,0.29146195211676984,1.1496731431627801e-06,148.40710770695588,0.05786613439945171,0.0018854601466517765,0.05944180626796627,0.9734921940054889,NE,False,True,True
-8.6,-34.6,0.22772520482540135,1.28147714138031,1.1584503054618835,149,343,0.055863339347456645,0.6288970332114056,0.8771693896136997,2.9007257906375124e-112,0.12892682783657858,0.08385299227132455,136.4726637444425,0.05673159540249879,0.0016281536624476046,0.05797340045366456,0.9785797444785339,NE,False,True,False
-8.4,-34.8,0.24674557447433473,1.3168632030487062,1.1801277101039886,162,341,0.06300060748516238,0.5264272774159733,0.869206900550509,1.4199475903874956e-109,0.31955096736580807,4.430545042016232e-08,145.81275049025433,0.058809993436487754,0.001954889498248616,0.060459327838690166,0.9727199348526838,NE,False,True,True
-8.4,-34.6,0.230695641040802,1.2894045352935792,1.1608785688877106,150,342,0.06238464324804331,0.5585579135632462,0.8739853951779276,4.066134923396561e-111,0.10431263702402245,0.1957020835902761,150.41320486507846,0.05703880666771729,0.001647048501467372,0.05834217337998756,0.977659956138738,NE,False,True,False
-8.2,-34.8,0.25089595913887025,1.3353690147399904,1.1919753849506378,159,340,0.057517955140172015,0.5916725618902341,0.8751728749860189,9.236749354474631e-111,0.3292412930178673,2.119909388601962e-08,153.052668190382,0.060061279870421785,0.0020307430324064566,0.06178021668420348,0.9721765816625696,NE,False,True,True
-8.2,-34.6,0.23433141112327577,1.299459481239319,1.1629337072372437,166,343,0.05924513191666014,0.5591080346473914,0.8758623737412415,6.2876361194701105e-112,0.18978415725551637,0.0024406259857653544,141.35821856489972,0.05742879838672482,0.0016811730889148037,0.05877256477836539,0.9771361621411625,NE,False,True,True
-8.0,-34.8,0.25360769033432007,1.3544982433319093,1.200874388217926,170,343,0.019814297763939552,0.9356128802626615,0.8784095724595375,1.3906805748070512e-112,0.35484219527942334,2.699135564207484e-10,155.7048056223664,0.06119895661397086,0.0020183812431725464,0.06290838603833165,0.9728266844531793,NE,False,True,True
-8.0,-34.6,0.2373002469539643,1.324908518791199,1.1748306155204773,158,342,0.04958958318587358,0.6787170585469917,0.8782314545792939,3.3223792966932163e-112,0.25545287255756244,2.8919284843547067e-05,146.73209596756266,0.05907632708159807,0.0017199627057980353,0.06046413376665632,0.9770474395545948,NE,False,True,True
-8.0,-34.4,0.22069697380065925,1.2972810029983521,1.1600333750247955,159,343,0.055132121236775196,0.6174635871377419,0.8785590178659827,1.2726878621854969e-112,0.12620789246389058,0.07928116391580499,175.08727799648082,0.0577151579189244,0.0015604685190946297,0.05896527398904799,0.9787991136892574,NE,False,True,False
-7.8,-34.8,0.25586649775505066,1.3780440330505372,1.2117779552936554,179,342,0.015662302150729206,0.9571547346817698,0.8791518898507222,1.9272525727273313e-112,0.35839837359098425,5.230369943752286e-11,159.90438562919672,0.0628907050397809,0.001976642900253615,0.06455730790241668,0.9741841331866724,NE,False,True,True
-7.8,-34.6,0.23888231515884403,1.3429635286331179,1.1859000027179718,159,344,0.04066738076680833,0.7693250079218102,0.8807369626928794,1.6163425319327377e-113,0.24612103940783683,5.823724785218059e-05,148.02897851854593,0.06048283242865434,0.001736155217157529,0.06189581271752675,0.9771716336398908,NE,False,True,True
-7.8,-34.4,0.2221620529890061,1.3078707218170167,1.1610563397407532,152,341,0.08139223062336642,0.3659333142972193,0.8820533884196962,7.46382007839319e-113,0.12790436275090722,0.08302192918769073,177.8979688114886,0.058117387954631006,0.0015513154654654894,0.05936943194242162,0.978910965680034,NE,False,True,False
-7.6,-34.8,0.2560857295989991,1.4305496692657471,1.2397684454917908,185,357,0.019058697067657174,0.935173800732061,0.870911732673673,3.0955895322488328e-115,0.3515745381803451,6.091338014365902e-11,164.22335439391603,0.07037563185548157,0.001900856774722204,0.07197881571022918,0.9777270042730117,NE,False,True,True
-7.6,-34.6,0.23996602892875676,1.35931191444397,1.1949880421161652,173,342,0.02685728629664451,0.8829830090345475,0.8838995338976846,1.1506472068153367e-113,0.2403961491161091,4.038772548348628e-05,147.7324805572678,0.06165852570408923,0.0017447040080213311,0.06309177731219558,0.9772830681086345,NE,False,True,True
-7.6,-34.4,0.22296271920204166,1.315021848678589,1.1597090661525726,157,339,0.05441036535632387,0.6289776391256461,0.8848119668615327,6.870898028702917e-113,0.13392246083001003,0.059634761739282935,184.23722560792547,0.058165505523947586,0.0015475773103600205,0.05942301879129387,0.9788379437308136,NE,False,True,False
-7.4,-34.6,0.23826000690460208,1.364900851249695,1.193029522895813,176,339,0.017482568939581097,0.9477693740938176,0.8872046060626207,1.6689780399438573e-113,0.19178592085847745,0.0014802494217985166,156.65722579672538,0.06170171768797179,0.0016889961635849614,0.06309760302241627,0.9778773635196797,NE,False,True,True
-7.4,-34.4,0.22047727406024933,1.31699960231781,1.1597325503826141,157,340,0.06858423671033861,0.4785425529572815,0.8839535532785807,5.252783293905188e-113,0.17077379135645973,0.010074205650203593,196.0589865987788,0.058327427424135846,0.0015217371617621787,0.05956013920260195,0.9793030742545301,NE,False,True,False
-7.2,-34.6,0.23353544771671297,1.3646151781082154,1.1923038065433502,167,340,0.025877858217906703,0.8944753848489654,0.8910092002356148,7.935122256265103e-115,0.09839723413772154,0.19869904075156755,161.76235943856184,0.06181689806108429,0.0016063525020200726,0.06315350204461283,0.9788356315919847,NE,False,True,False
-7.2,-34.4,0.21515513956546783,1.3183613300323487,1.1613836288452148,165,337,0.09893879056652602,0.19904613717533373,0.8869613344080456,9.183492881334688e-113,0.15180801796524124,0.02208100494129994,196.28746010563805,0.058585795871991954,0.0015205932995470733,0.05985821099439897,0.9787428474511863,NE,False,True,False
-7.0,-34.8,0.24639291465282448,1.406612038612366,1.2235355377197266,193,346,0.02502848299503183,0.8863832277585054,0.8884890276236633,3.238574584646656e-116,0.16452953459627973,0.005265234374453533,167.45081506828424,0.0660706530684755,0.0016302970563835321,0.06746572897958755,0.9793217099672317,NE,False,True,True
-7.0,-34.6,0.23076942861080177,1.3517897367477418,1.1778413355350494,167,342,0.043255903921953345,0.7322159654308588,0.8880373777801458,9.74105886318588e-115,0.12651785296005738,0.06884886635071555,153.75210482503252,0.060312811724738805,0.001583976812352463,0.061617662145829644,0.9788234351053003,NE,False,True,False
-7.0,-34.4,0.21857294142246247,1.3262585878372193,1.1642674803733826,155,340,0.08051548241684037,0.3667013086446097,0.8871150584683646,8.060369855716053e-114,0.169048750384829,0.011712299763692422,181.22989647999898,0.058932950570017247,0.0015227730523392088,0.06014386280178293,0.9798664040625973,NE,False,True,False
-6.8,-34.8,0.24096349179744725,1.3918971538543703,1.2017911970615387,185,341,0.013495308128824726,0.9669549599597377,0.8891109389894236,1.1226077553812547e-114,0.16583702000806,0.006039798319279978,168.68534770803473,0.06310565788723431,0.0016145288928702177,0.06444586274488141,0.9792041754029657,NE,False,True,True
-6.8,-34.6,0.2258008360862732,1.3426559686660768,1.170038253068924,162,343,0.04203380734123612,0.7516599605697046,0.8862496420430568,1.3003304203079032e-114,0.14322556901639028,0.03579138427366892,180.71570066366266,0.059522638812357594,0.0015273926012798393,0.06076562011489903,0.9795446619290458,NE,False,True,False
-6.6,-34.8,0.23827308416366577,1.373365044593811,1.1858216226100922,182,342,0.022923465593204486,0.9090198992289554,0.8858859557285345,3.52208430291073e-114,0.15677407528751475,0.011236359795324103,164.02405402660426,0.06131071310256784,0.0016162749386195861,0.06263009356818579,0.9789337618635117,NE,False,True,False
-6.6,-34.6,0.2201195001602173,1.3416004180908203,1.1707077026367188,172,341,0.08128830851847832,0.3213871264863835,0.8911844536014278,3.249799484625407e-115,0.17611929188554037,0.004694451866377698,179.94203054015082,0.05969163694747542,0.0014911636346578536,0.06091583527063364,0.9799034468177376,NE,False,True,True
-6.4,-34.8,0.23598431646823886,1.3653400659561157,1.177446186542511,179,341,0.04271044482469697,0.721974609688522,0.8899551177480876,6.7795368212745895e-115,0.20595394033000247,0.0004744682555944601,174.6750249613251,0.060439413519721846,0.0016197200797556622,0.0617337265889582,0.9790339391325866,NE,False,True,True
-6.4,-34.6,0.21987272799015048,1.3459354162216188,1.172589361667633,159,341,0.08125226428491594,0.3505914148816636,0.8854475835828064,9.959204016808385e-114,0.17953139770696352,0.005797031146053477,175.1721524551378,0.05996577039280604,0.0015184035052494382,0.0611786838430701,0.980174247400037,NE,False,True,True
-6.2,-35.0,0.24639422893524177,1.3945258855819707,1.1923760175704956,192,343,0.01781093087770925,0.9410543922388399,0.8898342090887377,1.5138762635760313e-115,0.23199685975125375,2.8965255533324665e-05,164.2001322937035,0.06206740714115464,0.0016479389565702406,0.06338640585968257,0.9791911420021546,NE,False,True,True
-6.2,-34.8,0.22901896536350252,1.361824226379395,1.1758836507797241,177,344,0.03932735739786832,0.7610258024660458,0.8869129060509001,4.0043258506351484e-115,0.19801616058967325,0.0009213359225232514,181.2997096160481,0.06036280797290734,0.0015373820593571918,0.06159236176837568,0.9800372357843299,NE,False,True,True
-6.2,-34.6,0.21454023122787477,1.3464545726776127,1.174312949180603,161,342,0.0765437320865713,0.3899494735025965,0.8868488704380021,1.9821711744516367e-114,0.25216882248303674,3.125098041945447e-05,185.39198165727265,0.06023783831911208,0.0014980233158638316,0.0614367304040344,0.9804857439997557,NE,False,True,True
-6.0,-35.0,0.24445326626300812,1.3909549951553346,1.1886158287525177,192,341,0.02485402400045868,0.8884185352651989,0.8919390775669644,2.0682507428462856e-115,0.2292705868779972,3.709894454266442e-05,169.03534983435543,0.0618349165917614,0.0016549498322805361,0.06313050068109569,0.97947768391892,NE,False,True,True
-6.0,-34.8,0.22748459577560426,1.3658584594726564,1.1778376400470734,170,344,0.06009418505842721,0.5419020401774424,0.8899645614460016,6.378142084548885e-116,0.1990284714787145,0.0011340368097521858,189.4339299370348,0.060695115929723056,0.0015404167885038516,0.06188547852347235,0.9807650740989616,NE,False,True,True
-5.8,-35.0,0.24060793220996857,1.3817647218704223,1.1814038455486298,196,344,0.03661857907090057,0.7693278504510258,0.8935383408260424,7.357960818161792e-117,0.27725900162313594,2.2026971337605575e-07,176.04962420537765,0.061139775393002756,0.0016353421145362797,0.06240464447000034,0.9797311708488998,NE,False,True,True
-5.8,-34.8,0.21990571022033698,1.363357949256897,1.1791399717330933,172,344,0.0629092334381232,0.506923486757611,0.8892691387020595,9.699664946420778e-116,0.21217894846673552,0.0004058009317748061,181.55727314721946,0.06094473868026981,0.001496256816778155,0.062107850208820495,0.9812727131169402,NE,False,True,True
-5.6,-35.0,0.23534652590751654,1.38363676071167,1.183402180671692,186,343,0.04761393250444129,0.6565324500254898,0.89477587558522,7.694017174190754e-117,0.22035805441636225,0.00010952375091058736,187.64489854375984,0.06146619840939294,0.0015686351867700695,0.0626503949919164,0.9810983381241851,NE,False,True,True
-5.6,-34.8,0.21556692123413088,1.365896272659302,1.181775450706482,178,343,0.03199844579936916,0.833777120741899,0.8920836125886885,3.908574223735518e-116,0.19281337788456726,0.0012795177286764085,177.65499386831124,0.06129818341738885,0.0014887129628917508,0.062467027175952115,0.9812886283947696,NE,False,True,True
-5.4,-35.2,0.24075241684913637,1.466033697128296,1.2572539448738098,180,348,0.05344348381510548,0.5986637068063075,0.8907610308012065,1.6905050974065913e-117,0.18585077147138782,0.0019220306201137099,188.74923911536453,0.07116471916470005,0.0014968747662579827,0.07230924021014408,0.9841718562922548,NE,False,True,True
-5.4,-35.0,0.22759484052658088,1.3849893808364868,1.1867490410804749,173,342,0.04546775229472231,0.6999147608484578,0.8933314266418179,4.0653308354122545e-116,0.20249302914152192,0.0007872552034320089,187.65601773250546,0.06200809934763164,0.0015180840347395934,0.06314394598658182,0.9820117887597404,NE,False,True,True
-5.4,-34.8,0.21049404740333563,1.3667383909225468,1.1829259097576141,173,345,0.030983152477835865,0.8473576684496175,0.8917641459459931,9.775040411052381e-117,0.1419049499022073,0.030462949688254432,181.47897543224317,0.06157997497052212,0.0014874430130495918,0.06276205472891866,0.9811656937698714,NE,False,True,False
-5.2,-35.4,0.2236223936080933,1.5674695253372195,1.3757970333099365,178,366,0.023452102533168543,0.9069764266809448,0.88585953774062,2.723512492162526e-122,0.13173528111274085,0.045329067788357685,242.75742681015043,0.09175704923238032,0.0013540135003718636,0.09293546149757459,0.9873201010012198,NE,False,True,False
-5.2,-35.2,0.22141585648059847,1.4429341316223145,1.2438335120677948,172,344,0.028434891644049134,0.8704948529343217,0.8934646529284889,7.69371309385723e-117,0.10901637500074822,0.12947389717388286,195.23307188716927,0.06804126136277133,0.001398624953900981,0.06912513245068688,0.9843201589712863,NE,False,True,False
-5.2,-35.0,0.21808527410030365,1.3861247062683106,1.190990537405014,173,340,0.039063157986401614,0.768493073461101,0.8938556792071719,1.4478959679929392e-115,0.19134089961146436,0.0017049868264890366,182.3178371233656,0.06247527820149671,0.0014760359625621289,0.06358105425746796,0.9826084032596648,NE,False,True,True
-5.0,-36.6,0.23444356620311738,1.6442528486251833,1.4049152135849,214,349,0.01571535710957355,0.9486342527869462,0.8861786744228392,1.2640399854752944e-116,0.04054750023365562,0.7038712751333563,199.2330873475897,0.0870095520207669,0.0015552718746262748,0.08830098208938704,0.9853746805747549,N_equatorial,False,True,False
-5.0,-36.2,0.22132111191749573,1.7295754909515384,1.6299958527088165,218,386,0.015376586101779331,0.9498713843791686,0.8847169732719748,1.0026732046957514e-128,0.0671852007135078,0.37423520618024625,245.81083989110394,0.1257775916123233,0.0014599671490352158,0.12720208019260157,0.9888013735457675,N_equatorial,False,True,False
-5.0,-35.6,0.21416643559932716,1.5154320716857912,1.314363718032837,177,346,0.057349235639595625,0.559353026724898,0.8958480841670635,3.6866414830571804e-118,0.09438852822563325,0.20680474314254813,237.997427360179,0.07555586838969898,0.0013625382311124533,0.07666221479179941,0.9855685567511314,N_equatorial,False,True,False
-5.0,-35.4,0.2102723777294159,1.4766231060028077,1.2770361602306366,174,349,0.02977571715095471,0.8573934917477909,0.8967994847927353,1.8795073833684052e-119,0.1180490804943114,0.08836501509058958,245.54350564852044,0.07156077165793467,0.0013730990543333245,0.07266307957963561,0.9848298760790498,N_equatorial,False,True,False
-5.0,-35.2,0.20415676236152655,1.4216468334197998,1.2303484976291656,164,348,0.021013255928156078,0.9303422848075273,0.8969001467190275,3.925182430798374e-119,0.1716760414611446,0.007791606830811683,239.78211206370509,0.06653003922298084,0.001414040462104278,0.06766272618348221,0.983259808990997,N_equatorial,False,True,True
-5.0,-35.0,0.18616290390491486,1.3708413600921638,1.1974671483039856,163,346,0.11358015171843427,0.12207683076642374,0.893517118604907,1.5278855094157102e-117,0.1195081659035891,0.09737602151465402,271.3664905920426,0.06316345773218328,0.0016327007896675676,0.06459494002745725,0.9778390955287598,N_equatorial,False,True,False
-4.8,-37.2,0.26364179253578185,2.2768725872039797,2.075831711292267,226,367,0.025661422668368617,0.8619842328738648,0.9011584139849871,6.312939299833442e-127,0.0428863107989735,0.6603808838956133,213.79148636398514,0.2029888228266228,0.001665483528883752,0.20416364834999984,0.9942456674688581,N_equatorial,False,True,False
-4.8,-37.0,0.24878689646720886,1.6326786756515506,1.4163551926612854,220,356,0.03343678616074986,0.782333706003856,0.8927415866124109,8.984163487381931e-121,0.06135164074745292,0.43736779712974,176.25862696827457,0.08609056679978742,0.001598011247382415,0.0872785293256535,0.9863888342866829,N_equatorial,False,True,False
-4.8,-36.8,0.2403265655040741,1.5711852788925174,1.3412612080574036,223,352,0.017422479853452827,0.9346870662431709,0.8863544665133943,1.0948588097848994e-117,0.07110107719546,0.3242499960494248,209.93943852862012,0.0776919910911306,0.0015396023549844697,0.07883274831180112,0.9855293993283278,N_equatorial,False,True,False
-4.8,-36.6,0.23302745223045349,1.5222513675689697,1.2929977476596832,227,350,0.01462384325945096,0.9527133359340227,0.8913665389675298,2.4120041900543217e-118,0.0926772554429738,0.14232952674762958,213.73729909284486,0.07261202010701365,0.0015000931744550631,0.07372003357482601,0.9849699815086529,N_equatorial,False,True,False
-4.8,-36.4,0.2280194640159607,1.476010870933533,1.2469657957553864,217,350,0.04737743374534331,0.6149382953786341,0.8914640600857706,2.271644732392896e-118,0.07332153087539232,0.31177322586530803,220.35224456299258,0.06776625746244842,0.0014596254102899472,0.06885477177956581,0.9841911564153869,N_equatorial,False,True,False
-4.8,-36.2,0.22333736121654515,1.4610797882080078,1.2371156513690948,213,351,0.03815398080810653,0.733847067432111,0.8913161604017029,1.1307542762020671e-118,0.06530298985107909,0.4036656269704169,237.75376782775058,0.06685161560158602,0.001425920202576132,0.06792050451211651,0.9842626476612846,N_equatorial,False,True,False
-4.8,-36.0,0.2191106945276261,1.454371166229248,1.2323906123638153,198,349,0.02233425926913197,0.9061692080015062,0.8971008604043403,1.5606228189264406e-119,0.0862486953021935,0.22948776759488007,243.5735326830069,0.06656768459393482,0.0013934426655699947,0.06761464503311734,0.9845157740801608,N_equatorial,False,True,False
-4.8,-35.8,0.21402959525585175,1.4496638774871828,1.2358004450798035,190,349,0.02943262501206989,0.8485759037030494,0.8976460483709049,1.1146983535461671e-119,0.10901706329497525,0.10446887490993,252.35751120547633,0.06694060791901152,0.0013700665028571536,0.06797641701795747,0.9847622286612677,N_equatorial,False,True,False
-4.8,-35.6,0.2080265313386917,1.4497951745986948,1.2442652881145477,177,348,0.00858401643058749,0.9870784737946595,0.8975402885092519,2.647254143250597e-119,0.12451110727353148,0.06412401551172064,229.81530315480828,0.06787798368315894,0.001353215137249208,0.06891660479569184,0.9849293052724816,N_equatorial,False,True,False
-4.8,-35.4,0.20375116765499116,1.433593535423279,1.2341966032981873,169,344,0.01113113395143673,0.9793382252943528,0.8999650909295296,1.480136777078128e-118,0.13414433679856502,0.047557000229680554,229.38189551033014,0.0668359898945144,0.0013708846746846829,0.06791518981455799,0.9841095942897261,N_equatorial,False,True,False
-4.6,-37.4,0.2635697901248932,1.6884422779083252,1.4163043200969696,226,347,0.018984800221342007,0.9219329910835913,0.8932581273896937,8.103248857915878e-118,0.11866632483249484,0.04130990168370635,174.90488593212567,0.08637157834826885,0.0016406602421451943,0.0874813446122097,0.9873142523259072,N_equatorial,False,True,False
-4.6,-37.2,0.25191749334335334,1.6190922737121582,1.3742054402828217,228,354,0.04153964515347224,0.6752107932917272,0.8895674032288284,3.145867190367405e-119,0.12143394053710425,0.03448640078732515,186.48534406503515,0.08141065679083986,0.0016035668765224584,0.0825051690460109,0.9867340159674036,N_equatorial,False,True,False
-4.6,-37.0,0.24243903160095215,1.5279053449630742,1.2878970205783844,230,350,0.02509619290107821,0.8653974916539052,0.8907527550540905,3.5171252203722565e-118,0.14534956085554349,0.007640009490073605,185.0918165262932,0.07173593938802014,0.0015738488268930068,0.07283386372828034,0.98492563370857,N_equatorial,False,True,True
-4.6,-36.8,0.2369577020406723,1.4870539665222169,1.247724711894989,222,350,0.035679424871748674,0.7542252807694408,0.891120116155445,2.8064584270958506e-118,0.138752640728139,0.013772806692669228,196.25123250084818,0.06770863994807381,0.0015402194939423883,0.06879844112590916,0.9841595076865058,N_equatorial,False,True,False
-4.6,-36.6,0.23187752664089203,1.4791657447814943,1.2441764771938324,220,350,0.018380786645653402,0.9285183156724094,0.8921074799591353,1.5292444968871174e-118,0.10883464278201363,0.07370400042195951,210.93798414292542,0.0674587607259487,0.0014938874521142336,0.06851104769426607,0.9846406236113444,N_equatorial,False,True,False
-4.6,-36.0,0.2152775675058365,1.4509929180145265,1.2329292297363281,202,349,0.043416420060317165,0.6838588098826736,0.8963814958570714,2.4321337443580223e-119,0.12124309875466319,0.05115151129685326,240.5673899840035,0.06663460461536995,0.0013767054266893082,0.0676168974616394,0.9854726720221565,N_equatorial,False,True,False
-4.4,-37.6,0.2650672435760498,1.70180253982544,1.4084472060203552,227,348,0.031364873228612165,0.8002144225770655,0.8987038864402053,1.2927862012260058e-119,0.18610605675476094,0.0003656040997367124,202.8686900981177,0.08664369499116333,0.0016367263808772894,0.08767084306161492,0.9882840402284062,N_equatorial,False,True,True
-4.4,-37.4,0.25344995260238656,1.6245441436767578,1.3560499846935272,232,351,0.06579285481877196,0.36671191968012473,0.8963989054620533,4.8811157518215555e-120,0.16728165670860748,0.0014678132377781334,197.1353171882462,0.08023148797009995,0.0016075955872699845,0.08125925015541464,0.9873520592012722,N_equatorial,False,True,True
-4.4,-37.2,0.2459870666265488,1.5243335485458374,1.276507943868637,231,352,0.04987044196433246,0.5634796290182941,0.8936229290450647,1.2321872173268998e-119,0.16677145636780188,0.0015711374886432522,195.39191366947242,0.07107015179288897,0.0015910263465032783,0.07212831907869768,0.9853293782618979,N_equatorial,False,True,True
-4.4,-37.0,0.23981446027755737,1.4951440572738648,1.248895525932312,240,350,0.03944145966941258,0.6888593664286919,0.8941613054159028,4.315442392822885e-119,0.15878224770116803,0.0022957365016269765,200.62720539423296,0.06792267500974344,0.0015590053439562515,0.06897992748738707,0.984673041620159,N_equatorial,False,True,True
-4.2,-37.8,0.264082145690918,1.7003986358642578,1.401117980480194,216,349,0.027296007955901664,0.8516385163436351,0.8994054790534578,3.757578732127459e-120,0.2004981140511014,0.0001581878043551688,211.74926284506313,0.08635269729630562,0.0016144841696438584,0.08732694646955884,0.9888436592295962,N_equatorial,False,True,True
-4.2,-37.6,0.25507407188415526,1.6331427097320557,1.349173903465271,223,349,0.044868360587216764,0.638805101001001,0.89661493183117,2.1060883867234308e-119,0.24586004386267796,1.169498414400982e-06,204.96732792700928,0.07982696323970748,0.0016032444782692191,0.08081008919710625,0.9878341186457448,N_equatorial,False,True,True
-4.2,-37.4,0.24797846376895905,1.5485916376113893,1.2859094142913818,223,350,0.0813066049734618,0.2291615090555033,0.8969766389406159,7.581123907932091e-120,0.24138918809461687,1.9276490864169816e-06,204.20364742998615,0.07229058995745437,0.0015904782968411703,0.07330452068017221,0.9861682374659863,N_equatorial,False,True,True
-4.2,-32.6,0.14545124173164367,1.2842318296432496,1.1578802168369293,117,344,0.061417169608440354,0.6441259431261411,0.8934090520490968,7.957137628352504e-117,0.07705129647097834,0.5002356583292469,310.43695740089953,0.05917332083271801,0.0016257155111755362,0.06047526041724716,0.9784715340529918,N_equatorial,False,True,False
-4.2,-32.4,0.14361516833305363,1.2779390335083007,1.1538380086421967,131,343,0.05754849506542983,0.6488510836453066,0.8929755651207337,2.2824791405485302e-116,0.08446209453015611,0.3935182934746995,283.31120667317487,0.058753417360950404,0.0016250117757852188,0.06004758249383218,0.9784476730097385,N_equatorial,False,True,False
-4.2,-32.2,0.14242396354675313,1.2719151258468628,1.1503079533576965,130,343,0.056098219604983054,0.6650726634883694,0.8927842084300243,2.5618010637075505e-116,0.11321911773832312,0.1891270284418081,243.8000684500355,0.05832054380273714,0.0016224390938886838,0.059598697292936535,0.978554002885045,N_equatorial,False,True,False
-4.0,-38.0,0.2612384557723999,1.6858461141586307,1.3871396481990814,206,348,0.05875823824475745,0.4915913429902197,0.89994114218175,6.026953436226347e-120,0.2187887111967943,4.737254986172083e-05,221.33403080443475,0.08480486494213954,0.0015863914727278126,0.08573314777373282,0.9891724163208937,N_equatorial,False,True,True
-4.0,-37.8,0.25373029708862305,1.6258222103118898,1.3385716676712036,212,351,0.05303361198243724,0.5514105385639693,0.899495204200149,7.131170092291344e-121,0.22509283275052838,1.9304242707362322e-05,209.6437122097065,0.07876290611758523,0.0015817882438690612,0.07970067894978658,0.9882338162665819,N_equatorial,False,True,True
-4.0,-37.6,0.24756643176078796,1.5533165454864506,1.2821020483970642,214,350,0.054050186051971906,0.5357008605760185,0.8969066658961734,7.916541256531844e-120,0.26291087006938063,2.994292469352484e-07,202.4329483514516,0.07200223191855523,0.0015728466990202162,0.07297255163714439,0.9867029493032659,N_equatorial,False,True,True
-4.0,-32.8,0.14250904023647315,1.2887794494628906,1.1638834178447723,116,342,0.0332292443400483,0.8802327963711584,0.892349019232454,7.340552250000464e-116,0.14789758420144097,0.07884179507733528,321.9223233116849,0.05965426972530549,0.00161625225990685,0.060933352914091334,0.9790084883300416,N_equatorial,False,True,False
-4.0,-32.6,0.14067824780941016,1.2819780588150025,1.1598210036754608,118,340,0.08151570297904821,0.4574615330503842,0.8915673889436572,5.686761264799649e-115,0.18513105087564904,0.0172130650902676,301.5225700578377,0.05926890796770817,0.0016171374220224368,0.060540102109218286,0.9790024447065385,N_equatorial,False,True,False
-4.0,-32.4,0.1388470262289048,1.2750851154327394,1.1554554104804993,120,340,0.03527773594759251,0.8617700357210918,0.8924686980900604,3.3192375127702867e-115,0.1695552869971462,0.031415877518777405,291.9478949358756,0.05881839664745778,0.0016176259785799733,0.06008304760848869,0.9789516176131479,N_equatorial,False,True,False
-4.0,-32.2,0.13788270950317383,1.270311498641968,1.1515527963638306,124,340,0.058844463678866706,0.6518045077573793,0.8925194986266597,3.2199704379693436e-115,0.16282149822526967,0.03703167802972644,268.50454093535575,0.05838109181289563,0.001617185813822063,0.05963288177027097,0.9790083940233222,N_equatorial,False,True,False
-4.0,-32.0,0.13641773164272308,1.264822769165039,1.1476758420467377,128,341,0.07677940766864944,0.47107859032665533,0.8941416975778411,5.51813256342613e-116,0.19319252588236535,0.008198545015392219,272.2286619350692,0.057953448095193,0.0016114671579406169,0.05917764162239074,0.9793132424064944,N_equatorial,False,True,True
-3.8,-38.2,0.25352373719215393,1.6564018249511718,1.3633281886577606,188,349,0.060172717522358664,0.5068671312832594,0.8966975172901193,2.001508109437699e-119,0.2497391048869314,6.911041402448901e-06,224.28077546248414,0.08200622325522695,0.0015424261824352038,0.0828781197166207,0.9894797750675938,N_equatorial,False,True,True
-3.8,-38.0,0.2504104614257814,1.609590744972229,1.3252403140068054,203,351,0.048549701507993606,0.6202771844308508,0.9002643318023823,4.4176934738048015e-121,0.2560798677256327,1.3651566523556924e-06,222.15123588037702,0.07742888009491664,0.0015735398189541056,0.07833558101569217,0.9884254267470882,N_equatorial,False,True,True
-3.8,-32.8,0.13815611898899083,1.2887799739837646,1.1653511822223663,126,341,0.060903638118393444,0.627542785939948,0.8915877957602493,2.552593139020528e-115,0.17295937676844747,0.022760986306430777,293.7413856356536,0.059681897511466075,0.0016242364610128909,0.06093433822962177,0.9794460602257455,N_equatorial,False,True,False
-3.8,-32.6,0.13675714135169983,1.2845206260681155,1.1618841886520386,131,341,0.09090305744630707,0.33939240786541247,0.8921666147682792,1.8046560908547493e-115,0.21592296299680666,0.002119360733834131,295.4269621052099,0.05929368735626724,0.0016272925019855525,0.06054840466461236,0.9792774505737153,N_equatorial,False,True,True
-3.8,-32.4,0.1348845720291138,1.2789703369140628,1.161197006702423,141,339,0.06542992770142503,0.5476411137664099,0.893221142238606,4.6719201940892225e-115,0.23653600285953807,0.0003443854427057596,278.2568835310269,0.05923712287416343,0.0016186733646203163,0.060470420262993554,0.9796049476179204,N_equatorial,False,True,True
-3.8,-32.2,0.13410797715187073,1.2697199583053589,1.1528601944446564,143,340,0.08168857369878334,0.3857782081008869,0.8948178690845804,8.136668636519352e-116,0.24129675262137454,0.00022017382374336364,269.1436244904181,0.058378936911389304,0.0016204726832512201,0.05960203742593548,0.9794788808005757,N_equatorial,False,True,True
-3.8,-32.0,0.13226722180843353,1.262978219985962,1.1492448151111603,144,339,0.08194867472634451,0.38086702654858323,0.8929993056154637,5.332699065416529e-115,0.2532780653077204,8.629014886424966e-05,270.68180480432244,0.05799344489439957,0.0016127214742270792,0.05918821737496648,0.9798140147895004,N_equatorial,False,True,True
-3.6,-38.6,0.2521076679229736,1.638645720481873,1.345272183418274,180,347,0.008008936021565927,0.9885521391244232,0.8993377209337343,1.9519769520927883e-119,0.23694834178927884,3.631286990521742e-05,227.4238977509898,0.08015064152713525,0.0015325159703562048,0.08098383331417433,0.9897116281985968,N_equatorial,False,True,True
-3.6,-38.4,0.24386228024959566,1.618800115585327,1.3335667252540588,179,349,0.029763659299413145,0.8537097208484837,0.8987710061804034,5.563101991201575e-120,0.2382249183168606,3.4386381178953065e-05,232.69582100327182,0.07871814261209006,0.001521803986753744,0.07955791596381402,0.9894445028938929,N_equatorial,False,True,True
-3.6,-38.2,0.24019544124603276,1.5811218261718751,1.3034967184066772,181,350,0.07079973858111545,0.40417436341720264,0.9011582572727916,5.667350381938252e-121,0.23649802277029927,3.568832631363402e-05,222.23488981026347,0.07515049227104308,0.0015232433521066078,0.0759985377054987,0.9888412927398434,N_equatorial,False,True,True
-3.6,-38.0,0.2387157827615738,1.535603165626526,1.2638661563396454,181,351,0.06256496058865717,0.49300493228562925,0.8989995383707627,9.70705147280849e-121,0.24473619259568513,1.707418997210959e-05,229.11176714500894,0.07056728708085934,0.001529804654487953,0.0714391663981427,0.9877954998463416,N_equatorial,False,True,True
-3.6,-32.8,0.13390790522098545,1.2867441892623903,1.166672796010971,143,340,0.06538103141554781,0.5434633508411353,0.8925434671224997,3.1741689729029244e-115,0.250998762794053,0.00010909179962212397,295.92148780990084,0.05972113426926843,0.001644505131257263,0.060953631542740756,0.9797797564759025,N_equatorial,False,True,True
-3.6,-32.6,0.13287519216537477,1.281921672821045,1.1627788841724396,138,340,0.028607191010577085,0.8935531584717398,0.8924908999637096,3.275483525079243e-115,0.2671394193747692,4.5682568562237066e-05,286.9697901803444,0.05930329074342201,0.0016443035854400415,0.06054013353079501,0.9795698701796908,N_equatorial,False,True,True
-3.6,-32.4,0.13177896142005927,1.2751611232757571,1.158644050359726,138,339,0.030975157092004452,0.8763779354903792,0.893483433658134,3.995284323568536e-115,0.2638146150369118,5.876125373327132e-05,291.3033768555377,0.05886534253193756,0.0016392281427615291,0.06008578304920187,0.9796883646125584,N_equatorial,False,True,True
-3.6,-32.2,0.1300700843334198,1.2686223506927494,1.154650717973709,141,341,0.03276507302569972,0.8599554642315873,0.8922209495347109,1.7468410546305994e-115,0.2776394053287514,1.593281596849298e-05,287.3253334679467,0.05844988389063367,0.0016344593527050377,0.05964879838207318,0.9799004418536648,N_equatorial,False,True,True
-3.6,-32.0,0.12872707843780518,1.2618043184280396,1.1508886516094208,144,340,0.022475547351294548,0.9300671845521882,0.8937704561585128,1.5236762651891951e-115,0.30322225111690027,1.355421174307742e-06,289.73686225547556,0.05805147202841734,0.0016278045458908133,0.059225784357009585,0.980172278994001,N_equatorial,False,True,True
-3.4,-38.8,0.24970915317535403,1.6171961545944216,1.3243513703346252,178,347,0.026400049113556225,0.8836160447928675,0.9017711380829198,4.361227589177957e-120,0.2613856420598909,4.366475510204987e-06,238.40101336143988,0.07799358250889982,0.0015771058297056062,0.07884791272695939,0.9891648340645616,N_equatorial,False,True,True
-3.4,-38.6,0.24060572981834413,1.5898889780044556,1.3061630725860596,177,348,0.007573280054087764,0.9899278144437598,0.9032468543605155,7.803282504758161e-121,0.2409074978310572,3.054382755917935e-05,236.61811872194025,0.075849618237068,0.0015534115599195844,0.07669963467338936,0.9889175947194404,N_equatorial,False,True,True
-3.4,-38.4,0.23577122986316681,1.5598730087280275,1.2825758457183838,178,349,0.0345462861516991,0.8090454744648254,0.9010765238784867,1.3350572765185486e-120,0.21919214939649134,0.00017816186927731924,228.8653739103133,0.07301669069356667,0.0015398805524372444,0.07386257306049471,0.9885478892505513,N_equatorial,False,True,True
-3.4,-38.2,0.2292749792337418,1.523371529579163,1.255072444677353,181,350,0.012914414372371279,0.970343161693567,0.9016423519004231,4.19407744512181e-121,0.2348325113715194,4.129014721696503e-05,223.92223824998237,0.06973636597372462,0.0015392909565424156,0.07059038210391085,0.9879018060997448,N_equatorial,False,True,True
-3.4,-32.4,0.1283999294042588,1.2739865303039553,1.1601144075393677,139,340,0.02794687051092281,0.8974536617756537,0.8913963022964825,6.298287350194591e-115,0.2848453354102405,1.0388246066863384e-05,291.87907261444883,0.05893017533173441,0.001671915096497093,0.0601346660544573,0.9799701103913653,N_equatorial,False,True,True
-3.2,-39.2,0.25323805809021,1.6324627161026002,1.33786079287529,175,345,0.06438632484202121,0.48473309337530346,0.9042174996981379,4.880131751340542e-120,0.2916759291020345,2.5688634583692085e-07,244.6583626675363,0.07993438771308298,0.0016483262783870728,0.08084159582971247,0.9887779538823,N_equatorial,False,True,True
-3.2,-39.0,0.2468337118625641,1.5953193664550782,1.3070376813411713,180,347,0.03943007176440705,0.7564015319575297,0.9032439344110706,1.757111458317635e-120,0.2841305526268854,3.753777002437892e-07,235.9006759138812,0.07622382412820333,0.0016099829988101856,0.07710767579743631,0.988537435993339,N_equatorial,False,True,True
-3.2,-38.8,0.23977498710155487,1.562142825126648,1.2774414122104645,181,347,0.02125639608149719,0.9216723523279052,0.903361470342643,1.6340415138610062e-120,0.25955702126801256,4.235279614446189e-06,243.88951094392695,0.07265523050371107,0.0015970453049726063,0.07354060873104618,0.9879606894393121,N_equatorial,False,True,True
-3.2,-38.6,0.23282960653305054,1.524429225921631,1.2466948926448822,181,348,0.02411602536905595,0.9003325005067826,0.9038982431099913,5.211192309172796e-121,0.24402039292631497,1.82231058723018e-05,229.95338792732088,0.06916034023540783,0.0015557125581192252,0.07003162811378842,0.9875586516857082,N_equatorial,False,True,True
-3.0,-39.4,0.24730951786041266,1.6539546966552734,1.3516338169574738,179,346,0.08512928338559804,0.27364212314339126,0.9044031092837438,1.9330079494343583e-120,0.32554359824900814,3.6110027047139336e-09,247.3759190319335,0.08210931074680686,0.0016854071160633598,0.08300865821542501,0.989165618527598,N_equatorial,False,True,True
-3.0,-39.2,0.24090113043785102,1.5881624937057501,1.3014268279075623,174,346,0.060943827094161136,0.5246606873165031,0.902628085152298,5.7705196840854356e-120,0.30167492471669305,9.542956272061463e-08,232.86103636840963,0.07582793340828357,0.0016404203058765696,0.0767313584366173,0.9882261301410429,N_equatorial,False,True,True
-3.0,-39.0,0.23529770970344543,1.5382962226867676,1.2593915462493896,175,346,0.014330913865910042,0.9647947612913828,0.9022904423954613,7.103237913586552e-120,0.2998370691513558,1.0641673323396864e-07,230.78150227029926,0.07091516296987169,0.0016237123099565125,0.07183093689160662,0.9872509818002675,N_equatorial,False,True,True
-3.0,-38.8,0.23247709572315223,1.5064340114593506,1.2308109998703003,180,347,0.01576190820674035,0.9563823975634528,0.9040090965014863,1.095019320321532e-120,0.3093172376965338,2.2658914873589803e-08,231.36369215934533,0.06758280866793757,0.001643108077158292,0.06854373084119564,0.9859808889673024,N_equatorial,False,True,True
-2.8,-41.6,0.2512849152088166,1.8152573108673098,1.4792700409889221,129,340,0.07110400327477985,0.5217905359440157,0.8976961518809189,1.4456761279690752e-116,0.4769215247225895,8.317545117999053e-14,281.9448370257593,0.09688780031101171,0.002454313586892576,0.09853175164253722,0.9833155170376998,N_equatorial,False,True,True
-2.8,-41.4,0.2404488533735276,1.8117088079452517,1.4874748587608337,130,340,0.02275966483300634,0.9351107858904336,0.9011042760347885,1.8550223551890754e-117,0.4100218409803427,1.4094363038252073e-10,283.02347843361537,0.09714337744093275,0.0023326775184622076,0.09870890447678246,0.9841399613930683,N_equatorial,False,True,True
-2.8,-41.2,0.2345434427261353,1.8055843353271486,1.4861896634101868,130,340,0.014129650292509417,0.9744756972888049,0.8997666053258061,4.156816654257302e-117,0.4205346460110962,4.2793072022144204e-11,276.59230763091097,0.09691360888679486,0.0022508694370872834,0.09842257739262743,0.9846684719521925,N_equatorial,False,True,True
-2.8,-41.0,0.23045136928558363,1.79606831073761,1.481015145778656,129,340,0.059351011898273284,0.6356890068695505,0.8994816344304881,4.935617550508805e-117,0.444294095592648,3.3831257494029617e-12,281.86213785913736,0.09653830164382328,0.0022057603320228287,0.09801255501889372,0.9849585252135683,N_equatorial,False,True,True
-2.8,-40.8,0.22550702095031738,1.7837684154510498,1.4738989472389221,136,339,0.018539020099959683,0.9544930693791278,0.9029255166495147,1.3861917397797799e-117,0.46302235080820103,9.409860421390411e-14,285.06172315003334,0.09568008650071896,0.0021806030259882265,0.09715330438731268,0.984836152554106,N_equatorial,False,True,True
-2.8,-40.6,0.21939172148704536,1.7677699327468883,1.4650425910949707,135,338,0.06392028098653728,0.5768909259251149,0.9027515607211086,3.456687579102569e-117,0.47573578888987444,2.6302858541376343e-14,287.64742416201204,0.09461520709748857,0.0021413546000343176,0.09606502599203234,0.9849079425152706,N_equatorial,False,True,True
-2.8,-40.4,0.21609289944171906,1.7404377460479736,1.4428098797798157,135,343,0.05906172982310622,0.6252621378337804,0.9034817338422605,3.8779743768113044e-119,0.45635490782600135,2.524601755305876e-13,286.1556132526082,0.09123241329227165,0.0021322152104609553,0.09270132328122475,0.9841543794957821,N_equatorial,False,True,True
-2.8,-40.2,0.21396394968032842,1.730741143226624,1.4346159100532532,141,343,0.04399344413008693,0.761809291523353,0.9025055176069878,7.036855065120344e-119,0.4361701455428164,8.813655855738354e-13,286.7546150465699,0.08978171124846378,0.002061046826124672,0.0911654226041122,0.9848219717945342,N_equatorial,False,True,True
-2.8,-40.0,0.21636402308940894,1.744129300117493,1.4377110004425049,140,347,0.07993595478014262,0.4095094195081391,0.8993115612984941,1.9836349486716107e-119,0.43063730313417375,2.0866344897934347e-12,287.0368149307706,0.09015434444585849,0.0019553359854974544,0.09136940943009164,0.986701621562271,N_equatorial,False,True,True
-2.8,-39.8,0.23223403096199036,1.717386031150818,1.41282719373703,146,349,0.07332617634254043,0.45686573823960147,0.9002561650422788,2.2193886840319062e-120,0.45517859778772096,3.216844480869743e-14,272.96534244894417,0.08903980644709918,0.0018429529757576176,0.090077345422321,0.9884816879276649,N_equatorial,False,True,True
-2.8,-39.6,0.23824701607227328,1.672054433822632,1.3623383343219757,157,346,0.09435645933370483,0.247474799927415,0.9015782759960858,1.1007335975067724e-119,0.39800774037785114,6.735655480368233e-12,263.49739854903606,0.08387457354300462,0.0017667132699882863,0.08481842158268026,0.9888721338824304,N_equatorial,False,True,True
-2.8,-39.4,0.23535125553607944,1.6124438047409058,1.311857134103775,160,346,0.10575083543355776,0.1671732690869923,0.9033773962147914,3.637667535829163e-120,0.38102783260816425,3.7968064730012765e-11,255.2287780829848,0.07761428055011521,0.001721645085356347,0.07855161315634783,0.9880673029035448,N_equatorial,False,True,True
-2.8,-39.2,0.23261948823928835,1.5478425979614259,1.261272668838501,164,345,0.0668662229978897,0.48102272202090984,0.9019750158421933,1.933990251704933e-119,0.3510706685745769,9.304356766905438e-10,242.71890333369723,0.07151340743809155,0.0017037525016489476,0.07247781133144039,0.9866938049641341,N_equatorial,False,True,True
-2.6,-42.4,0.2665627777576447,1.8194579839706422,1.4562175273895264,147,350,0.0443343574241491,0.7496919630002628,0.8986259165869717,2.729806462239764e-120,0.5269153939389839,2.870365653760162e-18,273.29714916751686,0.09702129288629341,0.002655010294912994,0.09868328065258897,0.9831583652741894,N_equatorial,False,True,True
-2.6,-42.2,0.25658547282218935,1.7868165254592896,1.4412529468536377,148,347,0.03600457703708164,0.8259087340157183,0.8985008585758393,3.265060454907765e-119,0.46600343096759056,5.590000796396724e-15,278.65230839368684,0.09486967990999123,0.002524209032817058,0.09646053191491527,0.9835077417328854,N_equatorial,False,True,True
-2.6,-42.0,0.25061801075935364,1.7619563102722169,1.421580195426941,142,346,0.038914751909127104,0.8070551695728102,0.89918713587852,4.7779749755057603e-119,0.4344156131511832,9.056698601741135e-13,284.3115823053643,0.09215579350886924,0.002424737541302939,0.09369383138184503,0.9835844275947304,N_equatorial,False,True,True
-2.6,-41.8,0.2475172460079193,1.756046509742737,1.4185001850128174,139,346,0.06352683171156803,0.5714930819744493,0.8980734004576906,9.453852059509915e-119,0.501297666725418,5.31025496468562e-16,277.48200020879295,0.09137079329575723,0.002432873165501499,0.09293408094911487,0.9831785321661103,N_equatorial,False,True,True
-2.6,-41.6,0.24132603406906128,1.7532321691513066,1.4217451214790344,133,344,0.10147386086146645,0.2546508648684401,0.8968698381047965,9.747980431757309e-118,0.501392747395985,2.12007211066153e-15,277.6228450746379,0.09123954473114128,0.0024023846361755845,0.09279262160538466,0.983262927080042,N_equatorial,False,True,True
-2.6,-41.4,0.23494338691234595,1.7493674993515016,1.424141526222229,131,346,0.07603911030230794,0.4697122935679991,0.8923726666605198,3.0664964365455572e-117,0.503800721590052,2.565324645023474e-15,278.5088360473381,0.0910222790320861,0.002323749520751528,0.09252120734456237,0.983799083956027,N_equatorial,False,True,True
-2.6,-41.2,0.2285352408885956,1.7420597076416018,1.4233128428459167,130,344,0.06277308040055203,0.6000198064308665,0.8978057639307907,5.516882357240899e-118,0.4643157866008198,2.7978293441015076e-13,278.95924842027574,0.09083980971798523,0.0022433757756936874,0.09227097233837019,0.9844895682345616,N_equatorial,False,True,True
-2.6,-41.0,0.22589800953865052,1.7408421516418457,1.4265161752700806,135,339,0.05242163834371428,0.6908281208976316,0.9003154203872064,6.674806843410456e-117,0.4522379048326081,4.097843199501127e-13,279.8850152748668,0.09097422547143803,0.002212973309885677,0.09236986545825696,0.9848907435352969,N_equatorial,False,True,True
-2.6,-40.8,0.2205827742815018,1.7322154760360724,1.4238926768302917,134,339,0.05638903478173846,0.6538803035729649,0.9021953556025033,2.1527164547323947e-117,0.4862305546182893,9.71120524485314e-15,282.06951051653976,0.090734978382045,0.0021536880485595222,0.09208283285862867,0.9853625867630182,N_equatorial,False,True,True
-2.6,-40.6,0.21676455140113832,1.7235076904296878,1.4200197458267212,135,340,0.04532349402603596,0.7584829847202624,0.9008050606530527,2.2221697344015925e-117,0.49226069507342185,3.866018229384297e-15,282.1560584076818,0.09027139147387164,0.0021306990945280874,0.09159265371370945,0.9855745828266133,N_equatorial,False,True,True
-2.6,-40.4,0.21192053854465484,1.7108775138854986,1.4127084612846375,143,341,0.06919529954118118,0.5050461855651807,0.9020285208662338,4.733640581852486e-118,0.49267620704462683,6.069115500339411e-16,280.21818203901944,0.08947808445517855,0.0020832016215624333,0.09075730027037499,0.9859050918065486,N_equatorial,False,True,True
-2.6,-40.2,0.20997261404991155,1.698055720329285,1.4053252041339874,146,344,0.06878828206241623,0.501929518765125,0.9042040661570016,1.1078616667682452e-119,0.507893803474217,4.4855784188162335e-17,278.6486093446495,0.08859376564398504,0.0020642131601300243,0.08985575815137824,0.9859553518510505,N_equatorial,False,True,True
-2.6,-40.0,0.20928372144699103,1.6736314773559575,1.3857832551002502,147,345,0.05236556444561097,0.6689799927419137,0.9009255745572636,3.679527940257713e-119,0.5438815627971443,2.7885786519855735e-19,278.9719480212842,0.08636336405314998,0.0020330821390840076,0.08759406680409404,0.9859499302196284,N_equatorial,False,True,True
-2.6,-39.8,0.2146022975444794,1.641401791572571,1.3520020246505737,137,347,0.10985058180675977,0.1916382850242063,0.9038020767790319,1.2445310401033069e-120,0.5138137467361421,1.8825235219586698e-16,276.16352331409405,0.08273949616788215,0.0019484244206792478,0.08388082474684058,0.9863934506795438,N_equatorial,False,True,True
-2.6,-39.6,0.2253191411495209,1.606822967529297,1.307277649641037,147,345,0.11050556017443844,0.16621781466897367,0.90155632341599,2.5000059896253714e-119,0.47395915201407246,2.556012054246448e-15,265.5928655169115,0.07751753819153782,0.0018461924559878369,0.07855064198613548,0.98684792678359,N_equatorial,False,True,True
-2.4,-44.2,0.3228112816810608,2.4602964878082276,1.7279151678085327,193,329,0.07154360846714845,0.37285335125990204,0.8901033068648617,7.75353867405226e-111,0.38290607446215874,2.1744287825211465e-13,256.34896453623793,0.12908952679496705,0.0030325866723308406,0.13091595777764664,0.9860488284722196,N_equatorial,False,True,True
-2.4,-44.0,0.3082979917526245,2.827129793167115,2.5593777298927307,179,350,0.06236237877293571,0.4991376336038472,0.8917808382452814,1.8695710486162676e-118,0.42813206853852237,2.4943112145534754e-15,257.3181374803832,0.2950847874369744,0.0029015685220229953,0.2973569000901832,0.9923589711470638,N_equatorial,False,True,True
-2.4,-43.0,0.2783288061618805,1.8528841972351076,1.458411157131195,173,346,0.024433715695857512,0.9021276918663945,0.8986227386777521,6.752697064900796e-119,0.5629189125194876,7.529886139667084e-24,269.4966003217772,0.098548354157906,0.0027194430879539,0.10025596455892856,0.9829674931707544,N_equatorial,False,True,True
-2.4,-42.8,0.2696709454059601,1.8094385147094727,1.4239279627799988,171,346,0.05046043736422308,0.647644566164547,0.9014214359909215,1.2121454952457063e-119,0.5360759052407488,1.2798493921116226e-21,269.49132557208,0.09442857252058108,0.0026394396010405827,0.09605715204167774,0.9830457234419147,N_equatorial,False,True,True
-2.4,-42.6,0.2620273053646088,1.7661238193511963,1.3982529044151306,159,346,0.07732869730211236,0.38704895810435713,0.9023960846638569,6.656182196456644e-120,0.5349807804513299,3.8667988933973394e-20,266.9545002202532,0.09059505160217743,0.0026060250069384985,0.09221434914319644,0.9824398528421595,N_equatorial,False,True,True
-2.4,-42.4,0.25549327135086064,1.7295167922973633,1.3766121864318848,157,347,0.028997373676250604,0.8766735102118227,0.9022753840946074,3.1952977610605685e-120,0.5371753267276292,4.773978861140253e-20,268.1172083918794,0.08739805371719929,0.0025937427484403826,0.08904225978228412,0.9815345424846016,N_equatorial,False,True,True
-2.4,-42.2,0.24868721663951876,1.6995267868041992,1.3576014041900635,156,349,0.03794421354493526,0.7993437614111655,0.8951208428241115,5.287891220214254e-119,0.5509698563603198,7.882913597187411e-21,270.47168227714485,0.08505695542955542,0.0025313427413545457,0.08667841416377556,0.9812933964025178,N_equatorial,False,True,True
-2.4,-42.0,0.24296396374702467,1.6736469745635987,1.3384096324443817,150,348,0.06322292414767923,0.5498171438906226,0.8994482136117719,8.169528734462776e-120,0.5287002053157038,1.0333345860863189e-18,275.56726388977705,0.08254420424302862,0.0024562037536659353,0.08413494859504198,0.9810929420106985,N_equatorial,False,True,True
-2.4,-41.8,0.2392137348651886,1.6569743156433108,1.3252307772636414,152,349,0.07891865825117474,0.388665954013565,0.9001152997856164,2.4216705084406734e-120,0.5185333431293211,2.518685100793684e-18,274.3369468139474,0.08077202057317644,0.002440568196192274,0.0823722364049854,0.980573359403022,N_equatorial,False,True,True
-2.4,-41.6,0.23467774987220769,1.6428394317626955,1.3153942823410034,144,349,0.12413729165592906,0.10862034843136369,0.8985920916061213,6.21366900460255e-120,0.5168932329373779,2.2940091891928442e-17,273.0958051431114,0.07944848525352073,0.0023855694708703923,0.08101001425792781,0.9807242472586744,N_equatorial,False,True,True
-2.4,-40.8,0.21710120141506198,1.6462900876998905,1.3373791873455048,134,348,0.09636687711422481,0.2886216068094047,0.8985884728610205,1.3880945766339847e-119,0.5067121249358881,9.027575106462027e-16,284.46652168852324,0.08130651558703521,0.0021690391828613946,0.08265480414818084,0.9836877169446985,N_equatorial,False,True,True
-2.4,-40.6,0.21371270716190338,1.6321032047271729,1.3303296267986298,134,348,0.0882015286098836,0.3532478215823668,0.8982107306727984,1.7518599637920477e-119,0.5229388230492065,1.3158969782218432e-16,280.0055916687331,0.08044599811905266,0.002156327981841176,0.08177880318903744,0.9837023162725443,N_equatorial,False,True,True
-2.4,-40.4,0.21009412407875064,1.6187259197235109,1.3245739340782166,140,347,0.09122290550852047,0.312458820057888,0.8990193965590203,2.3740113215020867e-119,0.540696839080204,2.9266190883716455e-18,280.56733760949714,0.07979071612024116,0.0021265086544870024,0.08109280363322556,0.9839432421294299,N_equatorial,False,True,True
-2.4,-40.2,0.20534084737300878,1.603954291343689,1.3168587982654572,142,345,0.058339545313661256,0.6175435097601814,0.8971760565070491,3.6399124172364225e-118,0.532508460991062,5.02508858753956e-18,279.2928856446955,0.07886429234699874,0.0020975107973524006,0.08014732731328672,0.9839915439566345,N_equatorial,False,True,True
-2.4,-40.0,0.20337535440921783,1.5845577716827393,1.30272176861763,145,345,0.07106521605164945,0.48157906980722825,0.8961256293446095,6.904881583390177e-118,0.5332231082018208,2.0704076257788693e-18,274.7958795737628,0.07727856963534277,0.0021338648271297606,0.07860027929343455,0.9831844152467003,N_equatorial,False,True,True
-2.2,-44.2,0.31231260299682617,2.5175943374633794,1.8267956972122192,199,333,0.06049458563965259,0.4833113120298457,0.8924878236488628,8.296077961267008e-113,0.47600258477804946,3.2296793341856353e-20,255.25307671359644,0.1503522246859546,0.0029158028399118656,0.1521307346514654,0.9883093316443557,N_equatorial,False,True,True
-2.2,-44.0,0.29937437772750863,2.4575499534606933,1.837908923625946,186,336,0.04370467569992596,0.7015291834362251,0.8999131459656308,9.475605349316631e-116,0.47421163807823374,6.77071844972283e-19,258.2572978431074,0.15319985990245405,0.002883608472549847,0.15507087547267492,0.9879344489123584,N_equatorial,False,True,True
-2.2,-43.8,0.289520263671875,2.390020513534546,1.8780126571655273,168,343,0.06544697854650039,0.48761830993137806,0.8955915584831254,4.697446865955172e-117,0.48005545281904716,1.3099368493631898e-17,258.9672936124131,0.15851372643813386,0.0027712228784960886,0.16028138993239122,0.9889714988433592,N_equatorial,False,True,True
-2.2,-43.6,0.2825503647327423,2.1253589630126957,1.6812188029289246,164,345,0.04757584480444781,0.6905370606682334,0.8856744790355022,3.8676175283622886e-115,0.505550208051099,8.4057157564958155e-19,261.95179744260685,0.1261425201513807,0.00269892698110437,0.12794857320690442,0.9858845393093741,N_equatorial,False,True,True
-2.2,-43.4,0.27640468478202823,2.0124797344207765,1.601792812347412,155,349,0.0807124351608032,0.36490084108441395,0.8983967802531272,7.010835949757367e-120,0.49737979574837987,2.1629900660992182e-17,264.97115439072724,0.11434352380011521,0.0026536018776500817,0.11604521805123559,0.9853359381825707,N_equatorial,False,True,True
-2.2,-43.2,0.2704798996448517,1.8754086494445803,1.4818364977836609,163,348,0.12889846887306985,0.06645854079810642,0.8971855274444712,3.29316501365551e-119,0.5287572941052938,3.4294891251940756e-20,267.7184151637158,0.10054190453452866,0.002628107659217037,0.10221254781359189,0.9836552036437832,N_equatorial,False,True,True
-2.2,-43.0,0.26403392553329474,1.7833133459091188,1.4061517715454102,164,348,0.07375883091738225,0.4103643839606819,0.89541398909161,9.784046112415682e-119,0.5377843343520143,6.514011412691887e-21,267.65844140308144,0.09139416579298332,0.002587625374789574,0.0930293363718106,0.9824230652114727,N_equatorial,False,True,True
-2.2,-42.8,0.2581595003604889,1.7099887609481812,1.343048334121704,160,349,0.06442520013595056,0.5154531637552704,0.8953967507790848,4.461732931221098e-119,0.5281658580893017,8.21936816755527e-20,267.324924564942,0.08406460035359348,0.002581718416527197,0.08571138534032074,0.9807868583597309,N_equatorial,False,True,True
-2.2,-42.6,0.2523271322250366,1.6492364883422852,1.2978970110416412,161,350,0.06519440942611367,0.5051499619701215,0.8968420229797579,8.239555911267177e-120,0.5242651356413186,1.1326887759506208e-19,269.0234488634527,0.07836943522375085,0.0025673774619310134,0.08002950617933491,0.9792567637258179,N_equatorial,False,True,True
-2.0,-44.4,0.3246915638446809,2.5681135654449467,1.8958938717842102,237,332,0.06882106144549531,0.3258002250394648,0.8915809350162321,3.1027833539369374e-112,0.5154060163576784,2.070822019955014e-27,258.78178630571546,0.163201645131632,0.0030481961678850305,0.16499062072949292,0.9891571072952443,N_equatorial,False,True,True
-2.0,-44.2,0.30407503843307504,2.4986340522766115,1.861994445323944,198,334,0.06585918073822138,0.42419084503491317,0.8946037285719628,1.0854211596211152e-113,0.518804234776,2.1433872356832277e-23,260.0975003443569,0.15866259196856455,0.002904656689159726,0.16046638794594273,0.9887590416879962,N_equatorial,False,True,True
-2.0,-44.0,0.2923673093318939,2.393950843811036,1.815641462802887,182,338,0.08911971414750675,0.23588823928733102,0.89954187275515,2.372016575898111e-116,0.5514944541101401,4.0947429825975296e-24,263.6851991878869,0.14895719722096684,0.002871421091260658,0.1508188426936123,0.9876564132213416,N_equatorial,False,True,True
-2.0,-43.8,0.28321130871772765,2.254023694992066,1.7554008960723877,163,346,0.08098625620795992,0.34385022873974386,0.8905946938214974,9.034011181640383e-117,0.5477243668524927,1.788469830858427e-21,261.6941135926949,0.1373960512486072,0.0027784520382023127,0.1392391449215691,0.9867631069265753,N_equatorial,False,True,True
-2.0,-43.6,0.27630259990692146,2.076240587234497,1.624607801437378,151,348,0.07814004267282924,0.39838516982495875,0.8872338461967781,1.4510188934459864e-116,0.5300712265156371,6.575369564829782e-19,263.58202198135984,0.11892673925629138,0.002712492146948816,0.12074382457497959,0.9849509047350091,N_equatorial,False,True,True
-2.0,-43.4,0.2700763642787934,1.914965558052063,1.513174295425415,155,350,0.07185219106910172,0.44992579122283277,0.897405380774285,5.8142923797467554e-120,0.553362472889044,7.29090397683254e-21,260.8296657779032,0.10270903416050747,0.0026819392863253843,0.10449400690493481,0.9829179414466205,N_equatorial,False,True,True
-2.0,-43.2,0.2645956873893738,1.7828208684921267,1.3958597779273987,158,347,0.0904586301025655,0.2748790359409179,0.9003037315494147,1.0772410503272197e-119,0.5316033818794852,8.350014985023014e-20,265.9466956361359,0.0900282686708928,0.0026819192761801717,0.09180323360867818,0.9806655510049747,N_equatorial,False,True,True
-2.0,-43.0,0.25910213589668274,1.6876965284347536,1.3198818564414978,162,349,0.06859891092296888,0.4672538209064142,0.8936776470847733,1.2847452894393715e-118,0.5670744238736513,1.0370371258474269e-22,267.1127480850827,0.08075930645146555,0.0026613010445702095,0.08252112905117755,0.9786500424804009,N_equatorial,False,True,True
-1.8,-44.4,0.3088346600532532,2.557262134552002,1.9467800855636597,212,334,0.08561075105175515,0.21161863233424538,0.8957930462964053,5.388513209986309e-114,0.5230461267289419,2.5445408387410873e-25,260.9190570281816,0.17296681439996883,0.0029065530236467665,0.17463774245495695,0.9904320335827802,N_equatorial,False,True,True
-1.8,-44.2,0.2959494292736054,2.441424751281738,1.8614895939826965,183,332,0.06357461555384504,0.47789632048594466,0.8990141470290524,4.002190316666389e-114,0.5529470127125335,2.3488195600800552e-24,262.58214438496805,0.15721959475192193,0.0028834124744842285,0.15901064869795903,0.9887362641388929,N_equatorial,False,True,True
-1.6,-44.6,0.2932170331478119,2.623687028884888,2.0362187027931213,210,332,0.0660334309134047,0.4007158366399503,0.8940941543517387,7.156939509694756e-113,0.4949187884823957,9.824847771741351e-23,267.1515166433592,0.18996043379462557,0.002709444925004201,0.19137780053841744,0.9925938811094898,N_equatorial,False,True,True
-1.6,-44.4,0.28782846927642836,2.491870927810669,1.9295762181282043,187,334,0.0876919333081039,0.23765819985453113,0.8962518386913851,4.111839904320206e-114,0.5411536524211712,6.549554317155282e-24,266.97823658907726,0.1686703711953407,0.002756582346163913,0.17027382554020243,0.9905830838076569,N_equatorial,False,True,True
-1.6,-44.2,0.2840908646583557,2.3413375377655035,1.8151199221611023,174,338,0.10749993501056236,0.13387957959878913,0.8970436809480989,1.0568884771757832e-115,0.5402867224577905,2.799797986537235e-22,261.9844271704635,0.1488064364030403,0.00280510546861432,0.1505514588547644,0.9884091295760375,N_equatorial,False,True,True
-1.4,-48.6,0.42230323553085336,2.9167283058166507,2.275603413581848,334,351,0.040355096905497274,0.5808067388771925,0.8770802530740605,6.815192344039415e-115,0.2771109972288274,4.576649677793714e-12,60.28243879850658,0.23067412197851664,0.0052456249633782495,0.23484854547159204,0.9822250400372169,N_equatorial,False,True,True
-1.4,-45.2,0.2626797676086426,3.366448736190796,3.7176569402217865,156,358,0.07991223466596174,0.3698700667156359,0.9004402118099115,1.4140691263907268e-123,0.3910356025722404,1.9391773607296583e-11,269.8748329224603,0.6097432998457207,0.00257400888435794,0.6121452657515205,0.99607615048227,N_equatorial,False,True,True
-1.4,-45.0,0.25603808164596564,3.4359409332275392,3.8874292969703674,152,361,0.08161538037505761,0.3639155960252871,0.8999700130453427,1.7078457791285668e-124,0.4073046318182262,4.6241227201626044e-12,274.20275718214515,0.6743073939965332,0.002569767447984191,0.6770500701930274,0.9959490792228818,N_equatorial,False,True,True
-1.4,-44.8,0.25133663415908813,2.6362551689147957,2.3065330386161804,152,342,0.06473499434170975,0.5296471849491109,0.9011795550090743,3.5357322154323197e-118,0.3777044888808019,1.8732340351369414e-10,283.144677821646,0.24776846936838964,0.0025229963506694475,0.2493538202185872,0.9936421633772933,N_equatorial,False,True,True
-1.4,-44.6,0.2563501536846161,2.4815742015838627,1.9473143219947815,153,336,0.0835269669330356,0.34444817359856095,0.9050338751577811,4.447628837691624e-117,0.3831403754069989,8.293662072341566e-11,274.88915356363526,0.1706896524408096,0.002533106877805191,0.17219774961172873,0.9912420622550552,N_equatorial,False,True,True
-1.4,-44.4,0.26595286726951606,2.3680849075317383,1.8571577072143555,162,337,0.0910797250333754,0.26119001824889376,0.8983517771223125,1.0772292010373952e-115,0.47654956690494316,7.67389541099127e-17,270.9165579462122,0.15515146978420072,0.002587020939143987,0.1566584950924625,0.990380187762098,N_equatorial,False,True,True
-1.2,-48.6,0.41796462535858164,2.7805544853210455,2.2309438586235046,330,356,0.02941353110615457,0.7519160555170085,0.8671379783626001,6.549132632795929e-114,0.2599679655598836,1.4494466934185022e-10,62.543278626657504,0.22270787426456742,0.0050833967824548305,0.22716927798489459,0.9803608843594431,N_equatorial,False,True,True
-1.2,-45.6,0.25756182074546813,3.886730003356934,4.6408387422561646,151,352,0.04555012878287008,0.7316727353929492,0.9059249070918579,5.690078066135785e-123,0.30455813787018876,6.168982928133597e-07,274.46446778582657,1.113867805572926,0.0028360956600351358,1.1176349688307126,0.9966293437814246,N_equatorial,False,True,True
-1.2,-45.4,0.25608640313148506,2.5993614673614505,2.010923981666565,146,332,0.09897751164816944,0.23957389428686374,0.8960076907394002,2.335944033358978e-113,0.4268719776219015,1.1046556324789957e-12,269.2273378353198,0.17242076104214119,0.002697771363764693,0.1740547450162341,0.9906122411432075,N_equatorial,False,True,True
-1.2,-45.2,0.2515096545219422,2.629601812362671,2.026377856731415,147,333,0.09480240699441612,0.2672342388539564,0.903738367200654,1.0990584846123432e-115,0.4060947833244194,1.2470020144084063e-11,273.7620314519522,0.1817273469355038,0.0026731013532522714,0.18345431227226333,0.9905864009661624,N_equatorial,False,True,True
-1.2,-45.0,0.24553972184658057,2.534763050079346,1.9704031944274902,146,332,0.08410989092802687,0.3565940587634172,0.9075110730870061,2.646154543836581e-116,0.42711886211751016,1.0709780316670826e-12,279.44131784856916,0.17368380027173413,0.0026830567697812327,0.17542088236196057,0.9900976322383206,N_equatorial,False,True,True
-1.2,-44.8,0.24165804088115692,2.4502184867858885,1.9111301898956299,140,334,0.10036350922627624,0.24446000305935323,0.9090803304249789,2.0198257051368128e-117,0.374975034354567,1.4802010785135051e-09,284.35806384155484,0.16452500954689267,0.002593945873609186,0.166137420805845,0.990294713550196,N_equatorial,False,True,True
-1.2,-44.6,0.24422853589057925,2.3405305385589603,1.8455003499984741,142,340,0.07665379996883034,0.43489615365830303,0.9078618894166458,3.0898656204457384e-119,0.4250809282928985,2.8523421603876953e-12,277.1257643937687,0.1522374721423242,0.002564633077985198,0.1537840088256323,0.9899434492889202,N_equatorial,False,True,True
-1.0,-48.4,0.4019771993160248,2.8920578002929687,2.4145926237106323,282,352,0.008852162160391995,0.978182508680614,0.8546437571386826,2.23325246849342e-109,0.34041568570886827,2.8880661309539296e-15,69.8903814815594,0.2569437910736519,0.005104806479635608,0.261295508673927,0.9833456088764785,N_equatorial,False,True,True
-1.0,-46.0,0.2526932656764984,2.7050770759582523,2.0631337761878967,135,337,0.06319497839725967,0.5841038228989583,0.8993759907080666,5.84644074620806e-116,0.27112672440373176,4.210024385067099e-05,272.6472935107205,0.19988041466313428,0.0029839008261296775,0.20188358005372314,0.9900776210226914,N_equatorial,False,True,True
-1.0,-45.8,0.2478707492351532,2.650219869613648,1.987857699394226,134,328,0.09014380850278886,0.337222091930344,0.9045040734088924,4.043386383430798e-114,0.28981404661251736,1.0559176213430705e-05,274.7665776098041,0.17797530293746197,0.0028294531720506975,0.1797803658176764,0.9899596217195096,N_equatorial,False,True,True
-1.0,-45.6,0.24250038266181945,2.605506086349487,1.9823298454284668,136,329,0.06670306166214071,0.546866368130401,0.9082831204433963,1.9507913479979072e-115,0.2994108282911001,3.989279491364368e-06,275.3966122427134,0.1760379975411256,0.0027403341991211892,0.1777420958849802,0.9904125225070073,N_equatorial,False,True,True
-1.0,-45.4,0.2377998173236847,2.5484649181365966,1.942801296710968,129,333,0.05625544930210713,0.6656554558221972,0.9033886006791817,1.3522297657908515e-115,0.41377518351357817,1.0994683257686011e-10,280.677988039017,0.1701683874980691,0.0027354254133858304,0.17194302725911415,0.9896789082445855,N_equatorial,False,True,True
-1.0,-45.2,0.23614015877246863,2.492701768875123,1.919817566871643,137,330,0.09589923384098245,0.2841555328527081,0.9085643727836432,7.286592177242392e-116,0.4450726154564415,6.466127845460528e-13,275.2482208691271,0.16538852058946157,0.002743751374909896,0.16718742781867565,0.9892401764134735,N_equatorial,False,True,True
-1.0,-45.0,0.23621326684951782,2.4221888542175294,1.8851740956306458,140,334,0.10137523661404912,0.2375632191541912,0.9110658721045539,6.14988614980015e-118,0.4598921329243798,6.033205402586471e-14,277.6081096157316,0.15908637318486096,0.002733988828574364,0.16085793722452818,0.9889867788296052,N_equatorial,False,True,True
-1.0,-44.8,0.23426003754138947,2.3141887664794925,1.814767599105835,140,339,0.10483244974577037,0.21496021470547658,0.9072588012596581,1.0093535611751875e-118,0.4693388317755955,1.945690427290563e-14,282.9353268775027,0.14721012566660177,0.0026910493399275037,0.14892123527126114,0.9885099690346876,N_equatorial,False,True,True
-1.0,-44.6,0.2329172670841217,2.200717353820801,1.731616497039795,134,343,0.08840116108916159,0.35158266153053774,0.9032665088644991,4.4226358105037573e-119,0.4654383663603567,1.072279029077284e-13,281.993965055063,0.13479655667847287,0.0026452471972652023,0.13642914875710546,0.9880334071310581,N_equatorial,False,True,True
-0.8,-48.4,0.39546592235565187,2.969755077362061,2.4748429656028748,283,340,0.028790793143316278,0.7911911698996701,0.8375566867393298,2.0954884096701763e-101,0.3214135269627639,1.0130756192840804e-13,75.10711401707434,0.2734924122766707,0.004956677875898947,0.27759579411461105,0.9852181411788747,N_equatorial,False,True,True
-0.8,-48.2,0.381384813785553,3.0152600765228272,2.554846704006195,241,340,0.03195277469491511,0.7822284150346047,0.8373526754522764,2.3489061135179874e-101,0.39686769519283827,1.518067355272953e-17,76.72581403571436,0.3000322605104866,0.005234413196672533,0.30433905263824645,0.9858487036401499,N_equatorial,False,True,True
-0.8,-46.6,0.26500363945961003,2.778663015365601,2.1875151991844177,148,329,0.06176362616459658,0.569377375365892,0.9037236328434324,2.836171874150749e-114,0.051009539092696676,0.6811034333160614,277.82725516974364,0.216384061539144,0.003471853983712871,0.21925993606734093,0.9868837208485107,N_equatorial,False,True,False
-0.8,-46.4,0.25266624689102174,2.698203754425049,2.043414056301117,134,330,0.04711504037753316,0.7434067614409323,0.9030468695692178,1.8764411149259902e-114,0.09747791195964332,0.2804034443032801,248.3465030553269,0.18710254861175155,0.0032659598942519686,0.18964175269938074,0.9866105219368314,N_equatorial,False,True,False
-0.8,-46.2,0.2441677808761597,2.6533125400543214,1.9843407273292542,130,330,0.04242569815501236,0.7919969925542145,0.8977070307921206,4.2684456706073555e-113,0.1862138127531266,0.010781249614506142,256.82257034529187,0.1802791802951862,0.0030889030439256375,0.18262027685979623,0.9871805223118385,N_equatorial,False,True,False
-0.8,-46.0,0.23938718438148499,2.6052379131317145,1.9516457915306091,121,329,0.13386096526996433,0.11430041553673094,0.902563591668332,5.591672345924108e-114,0.3467189830252539,3.225474813083546e-07,267.9769171140282,0.1748629125207068,0.0029465197482813088,0.17697805641685999,0.9880485528037944,N_equatorial,False,True,True
-0.8,-45.8,0.23407416343688972,2.5450613498687744,1.9210145473480225,127,331,0.0767867123126724,0.47380051702696935,0.9064717692047308,1.1079109673461707e-115,0.31118270650237106,3.5064654506497374e-06,271.8454333781142,0.16815926384647134,0.002877241795593241,0.1701652080054502,0.9882117844035744,N_equatorial,False,True,True
-0.8,-45.6,0.23022918105125428,2.4759636402130134,1.8751595616340637,124,330,0.10277713821282936,0.2703610453671366,0.9088908214644839,6.008616806782696e-116,0.36075935539450366,6.011361972475428e-08,277.5980587379771,0.16011723185791382,0.002856733747007075,0.16206540942792216,0.9879790661259226,N_equatorial,False,True,True
-0.8,-45.4,0.22832182347774507,2.413468933105469,1.8520749807357788,119,333,0.12098549038937757,0.1753612361853782,0.9073923140015058,1.2541420497317729e-116,0.46218998975661046,3.5141407170517518e-12,276.4313462600129,0.15449721032369698,0.002835140847449499,0.1564067846226228,0.9877909752858022,N_equatorial,False,True,True
-0.6,-48.4,0.3848332166671753,3.0224915504455567,2.5110527873039246,271,341,0.034124437434466394,0.729728358443928,0.8394117750968944,3.685732523843714e-102,0.3544052442543594,7.102743602148095e-16,79.57990905524221,0.28819192829452067,0.004838880702985775,0.2920663102293302,0.9867345811580686,N_equatorial,False,True,True
-0.6,-48.2,0.3690939664840699,2.9107326507568363,2.461537182331085,214,332,0.08521398872164664,0.21158433892685172,0.8452477704235393,8.010686352004183e-101,0.4533184681970782,7.367408506210585e-20,74.15994534995036,0.2765236298804022,0.005594360021463411,0.2810617621118661,0.9838536121122812,N_equatorial,False,True,True
-0.6,-48.0,0.3483382761478424,2.92079610824585,2.7262611389160156,186,337,0.06501830862202301,0.4561160729042657,0.8485419624372789,3.6571995842927324e-103,0.5742174197497446,1.6641349952209162e-26,74.1429991600618,0.33223999473575366,0.005921271043932103,0.33834872367414626,0.9819454648090361,N_equatorial,False,True,True
-0.6,-47.2,0.281837797164917,2.6733912944793703,2.160175085067749,129,334,0.07764854966780427,0.46027424715365617,0.8937453218424133,1.798244053830564e-113,0.3434373669773514,1.631095551839326e-07,74.80580393753183,0.2093850812127058,0.004229566362342582,0.21339380947814415,0.9812144116305823,N_equatorial,False,True,True
-0.6,-47.0,0.2681234300136567,2.6705547332763673,2.122131586074829,136,333,0.07551444218324958,0.4612656452047334,0.8908463727280863,2.1659016589305654e-112,0.26536867015250165,6.031894836885069e-05,69.60086163226852,0.20429879505886983,0.004057129985505843,0.20798262633005907,0.9822877932825833,N_equatorial,False,True,True
-0.6,-46.8,0.25583030581474303,2.665459394454956,2.0963292121887207,132,330,0.05706925476981967,0.6513999074852149,0.8945053783650354,2.753425507445334e-112,0.1515700366718775,0.04790717222772138,68.11067104569058,0.19600792388146068,0.003730625914781607,0.19932109699338732,0.9833777098264889,N_equatorial,False,True,False
-0.6,-46.6,0.24726858735084542,2.6359193801879885,2.029842436313629,133,330,0.030738162056659562,0.8823022646901205,0.9033560064199745,1.5650350572882274e-114,0.06610751141127888,0.5600748437183503,286.64963161456484,0.18565675990225441,0.003460377239380055,0.1886573617324227,0.9840949655893942,N_equatorial,False,True,False
-0.6,-46.4,0.2398701995611191,2.5939473628997805,1.9700154662132263,127,331,0.05756395138588582,0.6573627725216037,0.8979039110732562,1.709885774349533e-113,0.09194131365094868,0.3424630191856057,265.8426359215284,0.17472627003582927,0.00325580827902309,0.17742266942703167,0.9848023964473641,N_equatorial,False,True,False
-0.6,-46.2,0.2345606654882432,2.5362774848937994,1.8987005949020386,124,333,0.07443519153071763,0.5039834276236296,0.8973268015016492,4.8488650978768584e-114,0.2816145269236728,4.5566915332540575e-05,272.8856335090377,0.16515117230606235,0.003106206119685443,0.16762138634727008,0.985263133213264,N_equatorial,False,True,True
-0.6,-46.0,0.23095187246799476,2.474071073532105,1.8628423810005188,121,334,0.1035999759168457,0.27340650574410946,0.9017353554370658,1.605709383230947e-115,0.3204170706160629,3.033733482475456e-06,274.6553404353102,0.1579263121854315,0.003015365483644852,0.16022214583188388,0.9856709343484805,N_equatorial,False,True,True
-0.4,-48.2,0.3533686697483063,2.7218259334564214,2.261221945285797,183,324,0.09688147511764951,0.17960863000834804,0.8563556828359786,5.6371546215381637e-101,0.5717750444280212,6.856573638887678e-26,77.1532947344906,0.2353211300808123,0.005691310857711272,0.24041339980360318,0.9788186942701579,N_equatorial,False,True,True
-0.4,-48.0,0.331760621070862,2.5242253780364994,1.969957411289215,155,307,0.06017237880417775,0.5712621368535807,0.8800881217952057,5.250028888437431e-101,0.6784562530575236,2.3602576492167113e-30,74.52004859720813,0.17808189527543763,0.005614291244518401,0.18322613401020574,0.9719240993510152,N_equatorial,False,True,True
-0.4,-47.8,0.31404184699058535,2.552002716064453,2.0161970257759094,139,313,0.07731691631270783,0.43640807286572986,0.8998022280855698,1.0686341698545686e-107,0.6392489448619119,2.1057808010972874e-24,71.47732482929665,0.18214817456006147,0.0052655482359162216,0.18718981321091457,0.9730667039815223,N_equatorial,False,True,True
-0.4,-47.6,0.29675279855728154,2.581523799896241,2.0709707140922546,124,319,0.052070206595978635,0.7152851930305634,0.8948269681816534,1.4235291015461408e-108,0.5432424199149327,1.653386360771337e-16,73.21670791492842,0.18965189611916244,0.0048989391822379,0.19440505665846808,0.9755502216814452,N_equatorial,False,True,True
-0.4,-47.4,0.2803791284561159,2.582648229598999,2.074978828430176,120,331,0.07946291610292189,0.4696550169692164,0.8993954383228131,7.137289406701773e-114,0.38048241459775717,1.583115698973272e-08,69.98251703105015,0.19433203471399493,0.004550875695813175,0.19875714213193366,0.9777361086476009,N_equatorial,False,True,True
-0.4,-47.2,0.266681033372879,2.583810377120972,2.080342411994934,126,335,0.12178184435268899,0.1544029221870049,0.8971169604064588,1.1106836250250887e-114,0.302743434968416,7.66763445198033e-06,66.65491194643008,0.19511965859853037,0.0042261116323586015,0.1991584506763942,0.9797207094946409,N_equatorial,False,True,True
-0.4,-47.0,0.25457320809364326,2.5711599826812748,2.030121088027954,125,332,0.10658511209256623,0.24210320628712118,0.8903535879322295,6.341224203424748e-112,0.18831429669247624,0.01162336906275105,49.407234892268136,0.187995256572626,0.003935930730966348,0.1916587779709847,0.9808851885776224,N_equatorial,False,True,False
-0.4,-46.8,0.244735297560692,2.551131629943848,1.997797966003418,115,329,0.030744349392568242,0.8974003401984177,0.8954461968492429,3.529997804438834e-112,0.09689296359468406,0.34045276852744905,7.9305949520116625,0.17888150451939755,0.003634973888710192,0.18225906450109924,0.9814683566441694,N_equatorial,False,True,False
-0.4,-46.6,0.23852782845497142,2.5148336887359624,1.941448986530304,122,331,0.08420284867801872,0.4219042382163462,0.900149817830874,4.5853971379023014e-114,0.0966840215446625,0.32032667255178415,292.0135409546675,0.16751028127890774,0.0033895058933371457,0.17052143659828994,0.9823414851560522,N_equatorial,False,True,False
-0.2,-49.6,0.4766920685768128,2.5820388317108156,1.6951203346252441,406,346,0.035822372168749984,0.5942104396046363,0.8716541519479103,7.84649679504479e-112,0.3112274194354454,3.804355136379703e-18,64.9735083541926,0.13508375624380395,0.006605040378006826,0.1404817585347944,0.9615750660634458,N_equatorial,False,True,True
-0.2,-48.4,0.3642409443855286,2.5640168190002446,2.168580174446106,188,335,0.12695923526585853,0.048099307427614243,0.8229455525447745,1.984473100634223e-96,0.67176637491683,4.714259674715198e-36,76.46004952833347,0.20598484166982992,0.005951805845438366,0.2114857282684033,0.9739893247472848,N_equatorial,False,True,True
-0.2,-48.2,0.34230139851570135,2.4784976959228517,2.0247426629066467,151,315,0.0782096726133729,0.39773098265855306,0.8732621050496367,4.589261835738721e-102,0.6893616199426053,1.7047790567905664e-30,73.22528635641685,0.18621398605881173,0.005825921810092915,0.19171718706232044,0.9712952130800886,N_equatorial,False,True,True
-0.2,-48.0,0.31933347582817084,2.496535444259644,1.9672061800956726,146,312,0.09039118966838948,0.30384193020545686,0.8869373491808837,2.7585515631421624e-104,0.6784031297750465,1.2976949637801215e-28,71.70447459899938,0.1752891483349683,0.00531781356816643,0.18024414132517494,0.9725095475848647,N_equatorial,False,True,True
-0.2,-47.8,0.30020824074745184,2.517968034744263,1.9845227003097534,136,317,0.06458026569192905,0.5679582996518784,0.8929803724362122,1.9512252973649592e-107,0.562085920771245,5.32243136858734e-19,69.56497883864773,0.17946676530873773,0.004906226292799328,0.18408047655492596,0.974936444469647,N_equatorial,False,True,True
-0.2,-47.6,0.2830734848976135,2.5197880744934085,1.9755830764770508,123,320,0.09877855829390864,0.3017441832781427,0.9043855855480827,2.85968977972483e-111,0.39865347791926103,1.5732472415849635e-09,69.61270634618649,0.17944543724567424,0.004568397841175917,0.18378682540048816,0.9763781318636217,N_equatorial,False,True,True
-0.2,-47.4,0.26825220584869386,2.5088431358337404,1.985015332698822,121,332,0.14229976679812179,0.08608227744808832,0.8944511002461685,5.809011996686075e-113,0.31461689344059385,4.843985688393342e-06,71.10185592274553,0.17965933764893977,0.00425158628471254,0.18366019816387283,0.978215963203071,N_equatorial,False,True,True
-0.2,-47.2,0.25655570030212405,2.4878654479980473,1.9731847643852234,135,334,0.08704112676980404,0.36026186267875654,0.8968457056461543,2.8969265702272246e-114,0.2609155813673594,8.984495302097831e-05,62.336011228530936,0.17669576744290633,0.003960282137211343,0.18037451001658733,0.9796049753740553,N_equatorial,False,True,True
-0.0,-50.4,0.5328526496887207,2.3382636070251466,1.2462730407714844,522,343,0.04247299447038417,0.390164444180977,0.8528735309681756,4.20075372269474e-106,0.07572846547864803,0.05003692933453975,3.3029410598813618,0.06744367720448764,0.007521607961629144,0.07436095887773843,0.9069769704741983,AP,False,True,False
-0.0,-50.2,0.5174113869667053,2.1755928039550785,1.1263108253479004,495,347,0.03919380242786774,0.46770385611710424,0.8681051425274925,3.0423325797658736e-111,0.09928519259548356,0.007546899427303979,34.51592962985986,0.06025347647274825,0.007134970085068234,0.06675751660280317,0.9025721677342651,AP,False,True,True
-0.0,-50.0,0.5008087158203125,2.1726065635681153,1.151072382926941,469,354,0.03041413234544559,0.6482545293252809,0.8630525148219752,3.420376582366073e-112,0.15066929783625035,2.2622671996047178e-05,51.53993388990723,0.0654257563322635,0.0067323929061116495,0.07137035464317958,0.9167077375384155,AP,False,True,True
-0.0,-49.2,0.43348705768585205,2.792452335357666,2.105338215827942,328,339,0.07115454342271052,0.1900965879790573,0.8555893292330131,1.60186921933428e-105,0.48534874211806484,1.617246066052147e-33,71.27390770392493,0.19122744166866232,0.00646493943583878,0.1959265853277054,0.9760157936138001,AP,False,True,True
-0.0,-49.0,0.4110843241214752,2.4920855045318606,1.9283571243286133,289,329,0.06697639932935234,0.2737290963314398,0.8569078641922421,1.095527307325114e-102,0.573022798106562,1.2921991038064392e-40,71.01589244123079,0.1628976134327938,0.006453044794541915,0.16795934283285957,0.9698633650579187,AP,False,True,True
-0.0,-48.8,0.39216182827949525,2.361672115325928,1.8922159671783447,243,331,0.11575800268913149,0.03837252350763955,0.8458878677635461,1.1437325971896373e-100,0.6412222658992129,1.5941095916738505e-42,71.37642822770039,0.1564501306843741,0.006373837432116048,0.16177307629773938,0.9670962206123316,AP,False,True,True
-0.0,-48.6,0.37458468675613404,2.3200341224670415,1.9105613827705383,205,332,0.09930768355400485,0.13242143991133884,0.8276822171157451,1.161954264762974e-96,0.7066462564849246,2.2159981371851413e-43,75.45130043595215,0.15982773007302994,0.0062907826983932295,0.16543017182724928,0.9661340994067896,AP,False,True,True
-0.0,-48.4,0.35387905240058903,2.295277214050293,1.903143584728241,168,326,0.06463495601478965,0.49634105759459046,0.8281887879549431,5.213812868034909e-95,0.7513430609927509,4.517667710913904e-40,73.66626747923475,0.16327033237182725,0.006093091708518641,0.1690526775653555,0.9657956012480619,AP,False,True,True
-0.0,-48.2,0.32995530962944036,2.2950946331024173,1.839354395866394,148,319,0.08971411819077836,0.3043544106234446,0.868395953798268,3.180695936162562e-102,0.7108436084513311,1.0472389578886185e-31,72.12322425856496,0.15906921541232374,0.005647608868872323,0.1644228771551727,0.9674396784956117,AP,False,True,True
0.2,-50.6,0.5446900010108948,2.9378647327423097,1.6088674068450928,543,330,0.04800366740900446,0.2862667099747037,0.8560636097826282,8.456638206422024e-103,0.11128890716161051,0.0011827649313011514,318.84302093207964,0.10548112406376793,0.00774384476866888,0.11253022105322386,0.9373581876630112,AP,False,True,True
0.2,-49.6,0.45747783184051516,3.445564365386963,2.2779667377471924,402,402,0.05696136096252157,0.271508284133997,0.9084949243410543,1.7728089678089387e-141,0.2944429385999009,3.710546898438636e-16,60.229253270358974,0.2055417060907664,0.0061097837063648274,0.20803114594611002,0.988033331047513,AP,False,True,True
0.2,-49.4,0.43803771734237673,3.171698713302613,2.259318470954895,347,328,0.05467515602394493,0.35466134895023693,0.8564148323115228,2.9787377214033305e-102,0.40068312846773146,6.243496865191777e-25,73.94350362703317,0.21725701045119053,0.006177183241812085,0.22131653162501708,0.9816573974658852,AP,False,True,True
0.2,-49.2,0.4171966016292572,2.7078372955322267,2.026224970817566,307,328,0.07513379744299667,0.17681280613431882,0.8510006587051844,5.86275395700602e-101,0.5018043922844293,1.8268712406592758e-33,75.21706978676045,0.17684310997030206,0.0061111294676500175,0.18120579710527113,0.9759241304380866,AP,False,True,True
0.2,-49.0,0.3987548351287842,2.4828355789184573,1.9165928363800049,272,331,0.09409893268150332,0.08987273494298122,0.8585005421738146,1.0500864584188307e-103,0.5693783102429273,8.675132446831972e-38,73.58635808447883,0.16023833076744656,0.006100097808786573,0.164838532260427,0.9720926810625041,AP,False,True,True
0.2,-48.8,0.3815194308757783,2.2482039451599127,1.7678786516189575,233,328,0.1118908478495113,0.05393670913569001,0.8583535336284548,1.0199616569134366e-102,0.6473817314631098,1.5147950232715242e-41,74.102970309753,0.13896598184749165,0.006096186007436803,0.14395249264738075,0.9653600246290711,AP,False,True,True
0.2,-48.6,0.3635639071464539,2.1077011585235597,1.7068074345588684,200,326,0.06890858263614322,0.3873490099972815,0.8302924057856276,1.707446884854898e-95,0.7059058867746729,3.107155311375302e-42,73.48392174380493,0.13116452886086657,0.00600425001142986,0.13640529281023472,0.9615794677655285,AP,False,True,True
0.4,-50.0,0.48939481377601624,3.4398603916168216,1.2382831573486328,465,404,0.029303595383882965,0.6710228129226886,0.8591898707882039,4.262520721693255e-127,0.10916705926852548,0.0038788013156563455,39.503366926621204,0.04268320448411596,0.006271472373549561,0.04637489062166055,0.9203947203312584,AP,False,True,True
0.4,-49.8,0.47170035839080815,3.713022804260254,2.4367873668670654,434,379,0.04850818963211731,0.36036246360891133,0.8864341183615763,7.423206955625084e-127,0.20150272537205163,1.8906154694245637e-08,57.86728030386433,0.24897763192639785,0.006187048354225851,0.2517129483611706,0.9891331913889151,AP,False,True,True
0.4,-49.6,0.44710372686386113,3.88346781730652,2.798806667327881,391,336,0.06023333477881492,0.24218800605484547,0.8731538720040957,6.197714049473258e-109,0.2976745858585302,4.517096665651854e-16,67.66169171287467,0.3376263216464318,0.005921898814209202,0.34026927917803995,0.9922327471407572,AP,False,True,True
0.4,-49.4,0.4229957938194275,3.029539632797243,2.1771795749664307,333,325,0.06782873515123111,0.21620983348304862,0.8352009541582753,2.490494008303874e-96,0.42170550976493515,2.757013992704014e-26,75.96794583954458,0.20062332037811675,0.00595199118377006,0.20445114609142256,0.981277553163756,AP,False,True,True
0.4,-49.2,0.4041611969470979,2.6255711555480965,1.9317340850830078,294,326,0.07403820515080854,0.19967328630661768,0.8435934193482237,1.3719466194044626e-98,0.5048247524897637,1.8741451691100653e-32,73.68729088736272,0.1602216636379616,0.005862343057173093,0.16438385965916122,0.9746800201076331,AP,False,True,True
0.4,-29.4,0.11254729181528095,1.178218460083008,1.096121460199356,117,341,0.06543983528827416,0.6068758937845893,0.8812196080422079,1.2226674101329133e-112,0.6153034336372596,2.4166087933754087e-19,272.1369103692794,0.050727660013680884,0.002357256350973809,0.052337917392876646,0.9692334456660111,AP,False,True,True
0.6,-50.4,0.5234357595443726,3.191443204879761,1.8905303478240967,522,319,0.054114963397829445,0.21690530148487108,0.8553431752123466,3.6750948675323215e-99,0.11263767121101095,0.0013102967106679848,293.60697342898584,0.14445858613346724,0.007037383106822842,0.15070236527512657,0.9585688046086038,AP,False,True,True
0.6,-50.2,0.5050114989280702,3.4056896209716805,2.038541078567505,512,322,0.04169944475199057,0.4107357497562459,0.8544501641362058,6.765725997282507e-100,0.08638495940387006,0.021837253045160168,314.60731636863153,0.1831419763476819,0.006520081524201592,0.1885596497829898,0.9712681189133358,AP,False,True,False
0.6,-50.0,0.4828028082847595,3.56997938156128,2.154184937477112,478,336,0.033157645374379464,0.591483268266278,0.8737717543465864,4.337642121977851e-109,0.04193916148143776,0.4316065502344217,24.711336596254185,0.1896204412784115,0.005979807641690347,0.19356055752720558,0.9796440127103876,AP,False,True,False
0.6,-49.8,0.4603121340274811,3.6763767242431658,2.4179340600967407,437,340,0.04327729528532484,0.4413512345238742,0.8714544607392182,8.115181709150967e-110,0.15587904261217975,2.319927105379642e-05,69.2576582390575,0.2517226885371053,0.005727979096358729,0.25480322148520285,0.9879101491333521,AP,False,True,True
0.6,-49.6,0.43381986618041996,3.50505862236023,2.386036992073059,380,320,0.054336118970094514,0.3258662563941509,0.8555536262770144,1.5893292888605466e-99,0.2985790588658302,9.831878615773675e-16,79.79650498566188,0.2424098607168153,0.005588298395580862,0.2455227362585663,0.9873214367468081,AP,False,True,True
0.6,-49.4,0.41093004345893863,2.8570554733276374,1.9730820655822754,325,317,0.046194505857654666,0.5001583611888529,0.8538715719281573,3.428746254528205e-98,0.44544203888140216,2.3325227812686046e-28,78.97151797489528,0.16196900551520155,0.005632679479684545,0.16557145316337651,0.978242338402259,AP,False,True,True
0.6,-49.2,0.39421700239181523,2.46028528213501,1.7297593355178833,290,321,0.06768656175768971,0.2650449853182283,0.8609859385654032,4.0636195494050996e-101,0.4981322369368978,3.0719740598340434e-31,80.07784575185445,0.12946948579087128,0.005579922000381895,0.13334418156688066,0.9709421458778389,AP,False,True,True
0.6,-29.8,0.11771350204944613,1.1906339168548585,1.1004207134246826,119,342,0.05084121059276607,0.7360179007052486,0.8817001147326206,4.2542590945785824e-113,0.6229380213120453,4.390669114888759e-20,275.5191907262107,0.05128992739251506,0.002446078714561052,0.05294510398510794,0.9687378724752636,AP,False,True,True
0.6,-29.6,0.11663201302289967,1.1852163553237915,1.0972751379013062,120,342,0.01575743308204539,0.970762477505257,0.8814916324732759,4.814791076706358e-113,0.5956704917085688,1.0236557541320242e-18,276.06245075672706,0.050910549652487196,0.0024368234788510806,0.05256520240088751,0.9685218990353897,AP,False,True,True
0.6,-29.4,0.11549177318811418,1.1794907569885256,1.0933933854103088,121,341,0.008104601330971734,0.9921160783031698,0.8802061301285535,2.22622954777702e-112,0.6037411114555509,2.630140195785665e-19,273.12621377243755,0.05046890011358805,0.0024285746579023873,0.05212796304917422,0.9681732636661611,AP,False,True,True
0.6,-29.2,0.11458604484796527,1.1721431732177734,1.088742434978485,129,342,0.021353532733813158,0.9430843904940438,0.8776989848811521,4.5514855523089865e-112,0.5944500719045396,6.081969385447732e-20,272.1409470767255,0.049964199523695,0.0024217707594512885,0.051628213606663045,0.9677692880167116,AP,False,True,True
0.6,-29.0,0.11339457631111152,1.1648050546646118,1.0838924646377563,136,343,0.03889739120118277,0.8145735810995496,0.8787732258146841,1.1207743038666725e-112,0.59496137979243,5.515739654619932e-21,273.4611228667152,0.04944964216371195,0.0024135254274887073,0.05112101907167096,0.9673054853304908,AP,False,True,True
0.8,-50.2,0.500018835067749,3.3808698654174805,1.989286184310913,506,316,0.039631564325250675,0.45190610114309654,0.8643965323405534,2.5763850004855085e-100,0.09498567070459864,0.010346730321842917,283.90763105450225,0.17277646851171732,0.006382545253955782,0.17816704148387102,0.9697442752191533,AP,False,True,False
0.8,-50.0,0.47699208259582526,3.360577440261841,2.047327160835266,490,312,0.04787626443047353,0.3254182592296656,0.8720051127566628,8.684452793340521e-101,0.03494738045467177,0.5499002368458705,303.0957729005756,0.17833600827054466,0.005767957893378025,0.18299096509562632,0.9745618215486809,AP,False,True,False
0.8,-49.8,0.4502797067165376,3.1309298515319823,1.9363266229629517,451,312,0.04807604236015356,0.35280314841805194,0.8600758500620518,4.8872508580404266e-98,0.11382803151814938,0.002862501081477539,88.00612845704457,0.15711008206192908,0.005252940767334478,0.160765083993814,0.9772649518098995,AP,False,True,True
0.8,-49.6,0.4216788828372956,2.8479372024536134,1.8630064725875854,362,312,0.053424134997268266,0.3561129606874866,0.8486477845170511,1.9361690834514002e-95,0.3046521511317228,1.276137015777058e-15,89.47857286744507,0.1349545264712703,0.005290365337593295,0.13833188513030661,0.9755851034932771,AP,False,True,True
0.8,-49.4,0.4010932326316834,2.508051300048828,1.6911446452140808,317,310,0.044889060175926365,0.5283070696443254,0.8460570623963156,3.067324723113412e-94,0.42211918668524406,3.7687963423894904e-25,81.29280680341611,0.11594505187625843,0.005282701476316659,0.1196159187068514,0.9693112181866919,AP,False,True,True
0.8,-29.8,0.12138065248727804,1.189774250984192,1.0948031544685364,124,339,0.007602661394691198,0.9928869204129148,0.8855623162177801,4.4102837473433797e-113,0.6488522099955092,1.79678205750416e-22,275.8393083903423,0.05080353056982733,0.0025316107530137756,0.05252319622442254,0.9672589298022274,AP,False,True,True
0.8,-29.6,0.12027716040611268,1.1854589939117435,1.092987596988678,123,340,0.04366180064550726,0.7916466213585759,0.8856612358471078,1.9101288696630078e-113,0.643111648544018,6.099436375577653e-22,276.4945137629057,0.050526290288123145,0.0025206082333357094,0.05224196265939552,0.9671591134035654,AP,False,True,True
0.8,-29.4,0.11920523196458817,1.1799452781677249,1.0903625190258026,124,342,0.03712140366572383,0.8434606477242939,0.8811532680127407,5.885601684116215e-113,0.6350320796317248,1.304322480288313e-21,273.6604005938978,0.05018443946278766,0.002511273490774542,0.05189831368675993,0.9669763022683817,AP,False,True,True
0.8,-29.2,0.1184240773320198,1.1727477788925171,1.0849111378192902,132,342,0.024621737917894078,0.9233641123626457,0.8784096207044778,2.99011910399486e-112,0.6312473079002741,1.0840602565581447e-22,270.03189450327807,0.04961247351800684,0.0025026320263938674,0.051331789135591534,0.9665058310544531,AP,False,True,True
0.8,-29.0,0.11731315404176712,1.1649534702301025,1.079248696565628,138,344,0.04747007764984426,0.733433232901279,0.8763538768921375,2.194262120003795e-112,0.6343494437698378,6.815762319186413e-24,269.3397877263248,0.04903889935311725,0.0024930082139780234,0.05076501249690018,0.9659979765810491,AP,False,True,True
1.0,-50.0,0.47242653369903564,3.2540184497833256,2.0114885568618774,493,311,0.052309186820202455,0.2596227192997202,0.8659462051454554,4.6058236997115955e-99,0.07945632480953321,0.044413070648575456,276.3350397363703,0.17032805290512,0.005648772791457198,0.17502395814781616,0.9731699288920763,AP,False,True,False
1.0,-49.8,0.4400618195533753,2.652982568740845,1.6880463361740112,458,308,0.03132694241850682,0.6382084548269878,0.8489773858636582,2.8372389681023517e-94,0.10426072324037194,0.006827915842291465,113.98362350668629,0.11445618285705707,0.005086549066359484,0.11839973962970146,0.9666928594186273,AP,False,True,True
1.0,-49.6,0.4114391446113587,2.3963281154632567,1.569952130317688,357,305,0.030409137570469678,0.7191125360383894,0.8370116021412272,1.0096940861032044e-90,0.30145407641851046,4.175460604705498e-15,95.11061559256991,0.09735781978826435,0.005019408972766414,0.10096198326095651,0.9643017762103933,AP,False,True,True
1.0,-29.8,0.12512588500976562,1.1867646217346193,1.0859594345092773,130,340,0.06231735234748357,0.6044745275915381,0.8821927717987603,1.4875093555137857e-112,0.6674155113061105,8.959088981871075e-25,278.3470591339904,0.05005519366457152,0.0026296958690440993,0.05184830019263485,0.9654162909603342,AP,False,True,True
1.0,-29.6,0.12407602965831763,1.1802215099334719,1.0808802545070648,140,342,0.06302706653107233,0.574243372484696,0.8794940391110161,1.573824720952528e-112,0.669053299757894,9.462062727024368e-27,277.74260189019094,0.04952372072470931,0.0026160925915994777,0.05131227568504979,0.9651437217222936,AP,False,True,True
1.0,-29.4,0.1231605142354966,1.172965955734253,1.0762220919132233,137,342,0.03822777006516834,0.8190997987916101,0.8809920112997054,6.476533350324115e-113,0.654879411618741,3.6467556573575684e-25,276.81607504795653,0.04902996665278002,0.0026044331366148663,0.0508171861239678,0.9648304125531885,AP,False,True,True
1.0,-29.2,0.12231827527284622,1.1680742979049688,1.0749081671237946,130,344,0.037786421271440856,0.8311305390828633,0.8790148179155807,4.511250768195814e-113,0.6544687266876555,6.838566653252872e-24,273.58724411719317,0.0487776127752719,0.002593562337230735,0.050567210331833964,0.9646095257219391,AP,False,True,True
1.0,-29.0,0.12140263319015536,1.1627122402191163,1.0723475813865662,134,345,0.04644203651152706,0.7496888694278263,0.8799165400679974,1.2228272795381367e-113,0.6619705498580095,3.9668682754623346e-25,270.9766571994865,0.04845190717126273,0.002581651784854233,0.050248116685009774,0.964253197288827,AP,False,True,True
1.2,-49.8,0.4244471788406372,2.1846187591552733,1.4873393774032593,429,317,0.03219373179752167,0.6413191186655843,0.8330234600901637,1.940428558000151e-93,0.12593395232059706,0.0010885920319158515,117.24321142140802,0.08664219523468165,0.0048112796629070686,0.09076874918484194,0.95453772375163,AP,False,True,True
1.2,-49.6,0.3996695399284363,2.1104159832000735,1.4112228155136108,350,315,0.0411450210097497,0.5532620818914593,0.8403484288393797,1.736082585853856e-94,0.3066908195044732,2.5201404219691616e-15,102.25201740469204,0.0835345415951103,0.004791255576804825,0.08715406650922768,0.9584698103130489,AP,False,True,True
1.2,-29.6,0.1284780561923981,1.178696894645691,1.076564460992813,131,342,0.06598705970807785,0.5661739003040283,0.8806641288241057,7.866930718199863e-113,0.6864787590183478,2.6119152586837757e-26,278.7524634764239,0.049136205466159676,0.002722553429577092,0.051014656861171036,0.9631782019014008,AP,False,True,True
1.2,-29.4,0.12750140726566317,1.1722482204437257,1.0723455250263214,129,342,0.02567713532249103,0.9187545112139363,0.8806263413326614,8.04520877042759e-113,0.6539051234629526,1.1218251849964053e-23,275.9584187721252,0.04867339625113531,0.0027065432711036153,0.05054829671518789,0.9629087311365481,AP,False,True,True
1.2,-29.2,0.12664918303489686,1.1665718317031861,1.0689141154289246,138,342,0.002551783260821583,0.9991050506265649,0.8815246592766176,4.721314571751461e-113,0.6576521232862101,1.5256782878406023e-25,272.9945179989267,0.04827532110807242,0.0026925662867723302,0.05015582389335468,0.9625067910502132,AP,False,True,True
1.4,-49.8,0.4006741881370545,2.372059679031372,1.6264206767082214,372,331,0.00886622635327545,0.9712181272726217,0.8245261166035351,1.2468134839983949e-95,0.21657519373614711,2.1957821471261497e-08,98.15904474756759,0.11885055498027092,0.004500343755098642,0.12217410602172188,0.9727966002807498,AP,False,True,True
1.4,-49.6,0.38085469603538513,2.229505634307862,1.5324382781982422,327,316,0.045230881049354285,0.5125761372365102,0.8362715261116328,7.183190742350451e-94,0.3377422230257048,2.7596782916262512e-17,98.11259650044036,0.10648833794356068,0.004575856681626458,0.10950723630690729,0.9724319737657722,AP,False,True,True
1.6,-49.8,0.3694543421268465,2.822707748413086,1.9566385746002197,304,316,0.027909804105025672,0.789417738058799,0.8364376776119963,6.590095023131511e-94,0.3823236165897899,2.650675658636006e-20,84.21912866514408,0.17879047893874206,0.004350025713361262,0.18136097397086295,0.9858266363714288,AP,False,True,True
1.6,-49.6,0.35725985169410707,2.5632761955261234,1.752016305923462,283,308,0.020615818594231415,0.8868506111636177,0.8494088561110945,2.2735407026639388e-94,0.46181012194393634,1.450623481652945e-26,91.00539917527749,0.13561290421584837,0.004472203325671383,0.13810189770862782,0.9819771231671934,AP,False,True,True
1.8,-50.0,0.3496200442314148,4.469533824920655,3.056076765060425,270,319,0.01678452762866534,0.9268819594064166,0.8467891201758067,3.518118548314865e-97,0.5320221958492417,5.666527595027251e-33,72.24833177641726,0.4132581576240825,0.0046970286296856775,0.41477254587383244,0.9963488705681822,AP,False,True,True
1.8,-49.8,0.3427656292915344,3.335715055465699,2.258371114730835,247,313,0.04787745449160659,0.568153482823526,0.8627492297440836,5.698582889117475e-99,0.5752820109785486,4.7181397326378553e-35,82.74909258911616,0.222553143747866,0.004881746460619771,0.22462883813004145,0.9907594483439665,AP,False,True,True
1.8,-49.6,0.33522548675537117,2.8009618282318116,1.8798824548721313,238,314,0.027716855375783524,0.8331942928309741,0.8565289845380982,7.37528901103672e-98,0.5604894949452822,3.591010961775182e-32,89.69918017496992,0.1549914512214784,0.004537525835571631,0.15722777693904016,0.9857765226914782,AP,False,True,True
2.0,-50.2,0.3457015752792359,4.840381240844727,3.0807504653930664,262,310,0.03894380683293844,0.6725043794123985,0.8518321053361658,1.55283452157421e-95,0.5339543617142625,3.0527872042816274e-32,71.46812695077504,0.4237700413699384,0.004650213941174007,0.4251186949109835,0.9968275835497484,AP,False,True,True
2.0,-50.0,0.3317362070083618,4.163718509674073,2.7092323303222656,237,310,0.02729535026802297,0.8384217465954675,0.8588975954593565,3.922040266072529e-97,0.6127108083384861,5.595355823938563e-38,76.58582738170945,0.31334570767053166,0.00498772593335681,0.3148617978986916,0.9951849025881261,AP,False,True,True
2.0,-49.8,0.3217867076396942,3.4519259452819826,2.248484969139099,213,305,0.038555097893469135,0.7290609691451423,0.8653633411620222,5.38112625078938e-97,0.6337427542344474,1.8247647227990067e-36,85.2174667022557,0.2122286282506885,0.004989646731417185,0.214180666919938,0.9908860183446007,AP,False,True,True
2.0,-49.6,0.3128638565540314,2.871639633178711,1.9676824808120728,197,299,0.052957485098055694,0.5761024081202532,0.8623955574635115,2.0781801786458e-94,0.63772591277776,3.6564797035776457e-34,89.1798612729496,0.16106825248157539,0.0046019133184031944,0.1632182351434395,0.9868275584527999,AP,False,True,True
2.2,-50.6,0.3483067214488984,5.114397811889648,3.2471091747283936,285,321,0.04381149114688106,0.57906258235414,0.8756761409806038,1.2971181410202393e-104,0.5748915774895814,2.599840638791649e-40,73.98738275022397,0.45335070344644307,0.005116316809228601,0.45469549021010625,0.9970424453450335,AP,False,True,True
2.2,-50.4,0.33816935420036315,4.727160358428955,3.0222325325012207,250,312,0.032541808045689256,0.7677562784209156,0.843579179483308,2.676693461926826e-94,0.5588319357159,1.4467473010960036e-33,72.76133007882554,0.40634676447213636,0.004785544973705579,0.4077719067194847,0.9965050504366189,AP,False,True,True
2.2,-50.2,0.32795214653015137,4.2926130294799805,2.6925145387649536,230,310,0.018751134577859277,0.9224698794839206,0.8505190678426807,3.065569249065508e-95,0.5531594062568606,2.3363349724292626e-30,76.74392176931912,0.3258175257423608,0.00465469151488335,0.32720938255899756,0.9957462808500431,AP,False,True,True
2.2,-50.0,0.31409651041030884,3.7799445152282716,2.4215008020401,201,301,0.03221602595999814,0.8120871373638242,0.8630704435816251,3.375423212214356e-95,0.6321425099050101,2.8895380042780113e-34,83.2836717894438,0.25260147589159004,0.0049772143847239755,0.25437644398765924,0.9930222780527771,AP,False,True,True
2.4,-50.6,0.3348345339298248,4.8260516166687015,3.1199517250061035,253,314,0.03134151713424087,0.7802901310006474,0.8658032515918525,5.347898335620424e-100,0.5622729681163288,2.334227095689882e-34,73.95018233553091,0.43871415771121836,0.004877022215911903,0.4399566391927244,0.9971759001437372,AP,False,True,True
2.4,-50.4,0.3232832193374634,4.463786888122558,2.8847620487213135,228,315,0.01790248957132312,0.9296756736414586,0.8531343520202672,2.1465223675153156e-97,0.5637316455597006,3.4365000017947065e-31,77.86679753375014,0.3708657994190922,0.004611144756460516,0.3720789812644103,0.9967394507445827,AP,False,True,True
2.4,-50.2,0.3101199984550477,3.9507446289062504,2.5110188722610474,208,304,0.02549495109490178,0.8738071785022521,0.8696126294468572,1.251308333907758e-97,0.583329073298428,2.0413095622975492e-30,82.15205611688766,0.2878576206764736,0.004621612726666761,0.28927517535914316,0.995099632448897,AP,False,True,True
2.6,-50.8,0.33002138733863834,4.341880798339844,2.8317437171936035,260,311,0.02771520767261817,0.8192476476413563,0.872711185430511,1.2664506193292354e-100,0.5510172621335768,5.845154268424766e-34,81.26332840814702,0.3637792502533817,0.004802614677132711,0.36541265027297243,0.9955299850227667,AP,False,True,True
2.6,-50.6,0.32029576897621154,4.294597434997559,2.7926852703094482,219,311,0.03278260824343918,0.7906616784786973,0.8669182297805705,2.7531582628325526e-99,0.5562169355311614,2.9980473089861645e-29,80.29288353453983,0.35370866671393114,0.004651445102788345,0.3550956714629739,0.9960939970252851,AP,False,True,True
2.6,-50.4,0.3077433168888093,3.9745356559753424,2.578618884086609,208,301,0.03931154036052327,0.7255726752353883,0.886568863412955,1.7792841941747605e-100,0.5650911092354947,1.1655495869240967e-28,83.06956997443706,0.3014069322329536,0.00444284891336509,0.3027521383581539,0.9955567411266013,AP,False,True,True
2.8,-50.8,0.31613234877586366,3.7998960494995124,2.5121337175369263,239,306,0.017800485537160217,0.9272087597885188,0.8846521453556723,1.0040665458352458e-101,0.5394282702039892,4.617500433144412e-30,85.20882731072572,0.2834435643143035,0.0045915277371572786,0.28527422060345975,0.9935828190669184,AP,False,True,True
2.8,-50.6,0.3055955290794373,3.718249988555909,2.4537748098373413,213,309,0.018349719165005163,0.9309427716240892,0.8773198096864645,4.952745835266281e-101,0.5482778137987786,1.0011891580656806e-27,86.49370709079422,0.27132266267606114,0.004433199338586687,0.2729339134703617,0.9940965533604327,AP,False,True,True
3.0,-50.8,0.3025600790977478,3.254373598098755,2.2021771669387817,214,311,0.035297529012150025,0.7663731825160223,0.8893019967202694,1.665923018286646e-104,0.5229853198302002,1.5289554406202765e-25,91.26847670547625,0.21408403449190175,0.004387490994154232,0.21617331242690824,0.9903351717584801,AP,False,True,True
3.0,-50.6,0.2903533637523651,3.0892022609710694,2.1118918657302856,197,309,0.033709431133646356,0.7998335038776907,0.8933243109047339,9.050700891171507e-105,0.5277308010936271,5.25006657381498e-24,93.62293241528154,0.19425325854057407,0.0042235940950055275,0.19625818701755104,0.989784230113174,AP,False,True,True
3.2,-50.8,0.28804724216461186,2.7395650386810306,1.929018259048462,186,317,0.02793327901511195,0.8652228310178338,0.891336978041497,4.868768906238683e-107,0.5249467772988714,1.5649624692140549e-22,99.44501959815098,0.16372893079971865,0.004196439818192605,0.16610766422686807,0.9856795685002194,AP,False,True,True
3.2,-50.6,0.27076591253280646,2.5410084724426274,1.813577950000763,170,320,0.01936892591982454,0.9383850233003566,0.8924813812054293,2.4081219817475878e-108,0.5475861142225069,2.5190087616113353e-22,95.9126374416561,0.14227903754298712,0.004027236839076541,0.14465789648337402,0.9835552776708577,AP,False,True,True
3.4,-50.8,0.27010706663131717,2.2995163917541506,1.7055628895759583,171,326,0.04442124491857459,0.7141909497526528,0.8921822914041677,2.495951377578462e-110,0.5057109601309767,1.5417665664585993e-19,99.96800309624074,0.12495892863041948,0.004023397063228634,0.12759947080324002,0.979306009999898,AP,False,True,True
3.6,-51.0,0.2680623948574067,2.1180118560791015,1.5931313633918762,183,328,0.07024656464829518,0.4058904325452015,0.8960487852559821,5.519330689126712e-112,0.4803975945260723,4.909878324437122e-19,106.24951027256914,0.11325258875037184,0.004045875755795431,0.11619064810394535,0.9747134610098303,AP,False,True,True
3.6,-50.8,0.24886138141155248,2.005434703826905,1.537841558456421,162,328,0.03790141027044096,0.7928817607325673,0.9017612506044617,2.0027938757060313e-113,0.47111002684318964,1.6039007032883032e-16,99.23825502325255,0.1052598905744296,0.003859743830725507,0.10801443692723263,0.9744983501172281,AP,False,True,True
3.8,-51.0,0.24792016744613654,1.9079908132553105,1.4583054184913635,168,335,0.04667566053147406,0.6941150991844226,0.9011295033289747,1.027384539016311e-115,0.42062815848901475,5.0160568633448816e-14,104.05473638780255,0.09690421099293543,0.003923602154912862,0.09990081679820313,0.9700041911436944,AP,False,True,True
3.8,-50.8,0.22900308072566997,1.803379917144776,1.4116311073303223,146,335,0.05995402305571024,0.5924624221007226,0.9032421397954663,2.9206870885392445e-116,0.40644282074481614,1.412719938330596e-11,111.82755223337419,0.08961816933015378,0.003736217893242786,0.09237865723196617,0.9701176875208231,AP,False,True,True
4.0,-51.0,0.21942807734012604,1.7545514345169075,1.4006729125976562,152,343,0.0641182434161337,0.5360759428832874,0.9005593428722093,2.303596389239452e-118,0.3317751949819123,3.5343498318973266e-08,114.63116001498503,0.0892872566062165,0.0038216488083187353,0.0923275823629568,0.9670702331965305,AP,False,True,True
4.0,-50.8,0.2076479375362396,1.6257965087890625,1.3057001829147339,126,339,0.09862072636314274,0.29417225674323577,0.9011860154794997,3.953480236798509e-117,0.38593110992131563,3.6789262951122405e-09,131.1355619437758,0.0762841016168796,0.003655827045246972,0.07906952114611131,0.9647725256349462,AP,False,True,True
4.2,-51.2,0.20355381071567538,1.772559905052185,1.6266592741012573,153,357,0.10406072907195381,0.19093048725459238,0.8982350262197171,1.2773680062545013e-122,0.3769971653308245,1.7637518527488486e-10,102.08315036472871,0.12829222921299926,0.003848749205320903,0.13181169448005278,0.9732992942626489,AP,False,True,True
4.2,-51.0,0.19281595647335054,1.5636900186538696,1.2648945748806,131,344,0.07583171216802258,0.47165258768564716,0.892371881459543,1.4904608296836529e-116,0.3040097007043831,4.316939114712222e-06,123.99216825543174,0.0736447139341043,0.0037555787971867744,0.076742622066005,0.9596324956262733,AP,False,True,True
4.2,-50.8,0.18911708593368537,1.4840089797973635,1.1942245066165924,130,341,0.03191337253672404,0.8764066875081916,0.8991925791658499,2.6330394920585804e-117,0.3328785130426676,3.8535433989103775e-07,154.1781611380814,0.06544295310596644,0.0035857130675207385,0.06825451032632097,0.9588077446177163,AP,False,True,True
4.4,-51.6,0.18772310316562654,1.352993440628052,1.0924476385116577,159,341,0.107631119649089,0.1585846611927858,0.8967494464560839,1.1496125318105079e-116,0.42324023023206114,1.7120011799898274e-13,96.07265207426681,0.052470921511570776,0.0038096761214938767,0.055770031978187855,0.9408443863201048,AP,False,True,True
4.4,-51.4,0.17788629829883576,1.566256761550904,1.2933694422245026,139,352,0.09734849663868474,0.26830252548893113,0.8942944787451542,8.12466483520423e-120,0.3647412877910499,5.235632766345232e-09,104.72641322556179,0.08350254871018681,0.0037862758320749788,0.08690489700073868,0.9608497517634368,AP,False,True,True
4.4,-51.2,0.1828534752130509,1.502689909934998,1.1999106407165527,133,344,0.04904674982587649,0.7269249174174227,0.8938739192936027,6.004624594371555e-117,0.30350470388299206,3.7280975752947845e-06,125.82605552113226,0.06802416089033629,0.003748198274824429,0.07124101616391335,0.9548454605676087,AP,False,True,True
4.4,-51.0,0.17850884795188918,1.4183333396911622,1.151816338300705,138,339,0.08737208870730938,0.3493562827610813,0.8953560916114552,1.3056573245386456e-115,0.3091797017205653,1.408004659537087e-06,139.99474136763703,0.06163740567387398,0.0039224063447529135,0.06504377381299976,0.9476296048116909,AP,False,True,True
4.6,-51.6,0.17267147302627564,1.4696342706680299,1.1963801085948944,133,343,0.04238070967697276,0.7881286611548897,0.8968669969508027,2.169614827624599e-117,0.29598055655925914,6.974623914916851e-06,111.9587064393076,0.0675943370264023,0.003706799791416309,0.07081319825284617,0.9545443320473879,AP,False,True,True
4.6,-51.4,0.1689772784709931,1.4187302827835087,1.1579366028308868,138,345,0.020056306721952744,0.9461862047593477,0.8956400045469178,9.281015880352534e-118,0.254363198751888,0.0001180026860395192,133.54960250003975,0.06280937491613177,0.003739700532647544,0.06608097313571192,0.9504910708130585,AP,False,True,True
4.6,-51.2,0.16582268774509432,1.3538718938827514,1.1127289831638336,134,341,0.06126992082475135,0.6055427285712064,0.8954310419411228,2.542280522120384e-116,0.31503411214315274,1.246995278754678e-06,149.97587298478743,0.057695488188705964,0.0038470076823380376,0.06103814420287092,0.9452366047851152,AP,False,True,True
4.6,-51.0,0.17699514329433447,1.3391742706298828,1.0857687890529633,125,336,0.042303735301347546,0.8001898567623604,0.8962093200287613,8.563439583334523e-115,0.3932444929694199,2.0061066305007647e-09,168.16295306968928,0.05497818454186686,0.003938679589249994,0.05834757966217286,0.9422530439169116,AP,False,True,True
4.8,-52.0,0.1585741639137268,1.4517706871032716,1.219218134880066,148,347,0.09717932261562194,0.2475218680841064,0.8996699312702473,1.591201835752717e-119,0.3455198935458728,1.2967402650956417e-08,94.96071057628579,0.07048336525915577,0.0037487174252770683,0.07380979049951299,0.9549324660340397,AP,False,True,True
4.8,-51.8,0.15168672502040864,1.4005956649780273,1.1888082921504974,138,347,0.04576152945359788,0.7496922876772611,0.8941405548714574,4.725945631289186e-118,0.2979482531023826,3.765872800037065e-06,108.79098595958258,0.06591257334500776,0.0037355967573393318,0.06920942826073319,0.9523640781526881,AP,False,True,True
4.8,-51.6,0.15473565161228184,1.354415512084961,1.133432775735855,137,345,0.06892541584797249,0.5224412577060491,0.8965428100454471,5.35502965693923e-118,0.26982020179354077,4.006198536628436e-05,132.5564046745293,0.059791449414049944,0.003723715302356824,0.06301364575377591,0.9488651021349152,AP,False,True,True
4.8,-51.4,0.1596949875354767,1.3223299741744996,1.096319168806076,135,342,0.06848061711858648,0.5317986921156559,0.8976380209379181,3.024489590111247e-117,0.3138907529759961,1.2470329888463211e-06,155.33348916544554,0.05597894701155301,0.0038312307364557125,0.059277792471638883,0.9443493874765295,AP,False,True,True
5.0,-52.2,0.1433759957551956,1.3798792839050298,1.166890025138855,149,344,0.09007490067437056,0.2990038871346086,0.8968754525095537,9.714767693433496e-118,0.34358363580382634,1.4151517084172891e-08,100.92105230636676,0.06458339438145674,0.0037720260180305687,0.06798785780328057,0.9499254200408187,AP,False,True,True
5.0,-52.0,0.14069032669067383,1.3468069314956665,1.1458669304847717,138,346,0.06540217830847,0.5550051445699657,0.89580872464779,3.776337463415591e-118,0.2720715232463245,3.1248811720165174e-05,123.25715147226477,0.06160780523698404,0.0038059461902468826,0.0649768640931928,0.9481498699078998,AP,False,True,True
5.0,-51.8,0.1420954406261444,1.3189557075500489,1.114497572183609,131,345,0.0455478108437806,0.7627105298738288,0.8954157256370122,1.0638713923002706e-117,0.29474896098307934,9.215330411603499e-06,146.68979676325873,0.05812606435789098,0.003762643814908967,0.06139950884429827,0.9466861454102451,AP,False,True,True
5.0,-51.6,0.14928382933139808,1.2969083547592164,1.0824385583400726,125,341,0.047207175884768075,0.7575955262940351,0.9019293383134485,5.02690275451743e-118,0.3185090137797915,2.33546331400029e-06,160.21269326115464,0.054826950626657225,0.0037785804279601674,0.05806667923198072,0.9442067525098079,AP,False,True,True
5.2,-52.6,0.14008768200874339,1.362447190284729,1.1381049454212189,173,340,0.11740487173206877,0.09200181326493446,0.8899789045434608,1.4668032557331614e-114,0.3675915651122904,3.418422233119731e-11,86.12555094606601,0.06192188226333395,0.0037193357880778224,0.06524825939076936,0.9490196802413706,AP,False,True,True
5.2,-52.4,0.13213034570217133,1.3365966081619263,1.1318047642707825,147,339,0.09097642655176473,0.2966954738517509,0.8956370569807502,1.1037318785030948e-115,0.2781749156684199,9.499188562587889e-06,94.38918497946266,0.06117433536786722,0.0037057157396000366,0.06444916362832502,0.9491874203466228,AP,False,True,True
5.2,-52.2,0.1323122411966324,1.3073359966278078,1.107191801071167,132,341,0.011416265103738766,0.9830068621643627,0.9019338508617698,5.013174584328692e-118,0.19954052691344612,0.0050475826422454306,137.28503454216525,0.05846555330190888,0.0037710054584154207,0.06177998845703854,0.9463509910262529,AP,False,True,True
5.2,-52.0,0.14154484868049622,1.2870081663131716,1.0843276977539062,123,344,0.04540011585065296,0.7767597662564378,0.8997254110080819,1.7131475410526573e-118,0.2851212140972428,3.8331580439811886e-05,137.35628288010074,0.05554274479022914,0.0038260018164073045,0.05889397017570436,0.9430973090203094,AP,False,True,True
5.4,-52.6,0.11822886168956756,1.3020512819290162,1.108552247285843,145,339,0.04953692424041296,0.7013084124549228,0.8963782079668184,7.083961061669173e-116,0.22096703559950315,0.0007899995027900719,105.0227105045918,0.059019984875501884,0.0036986795410983097,0.06222988444601937,0.9484186802033695,AP,False,True,True
5.4,-52.4,0.11977787911891939,1.2729711294174197,1.0829770267009735,125,341,0.11453431712003698,0.19425706753004526,0.9068064501442646,2.5949012025520783e-119,0.22446731223651725,0.0017401246989027512,137.28989596364966,0.056256316649002006,0.003657146311906187,0.05939887334501269,0.9470940016360674,AP,False,True,True
5.6,-53.4,0.09459738731384283,1.359584665298462,1.1753486096858978,157,333,0.10750636654958806,0.162999917623532,0.9029917050489691,1.7106754386932766e-115,0.25068021539583885,4.567860891789471e-05,69.16694299153568,0.06514253400384587,0.0034286484023828495,0.06815153096692063,0.9558484318637646,AP,False,True,True
5.6,-53.2,0.09167269021272662,1.3448605298995973,1.16269189119339,166,331,0.08002857820813152,0.3458829822760409,0.9070562022247424,7.842296291556581e-116,0.24120520691876884,5.6977249551809495e-05,87.50632135003525,0.06451410873659144,0.003445223685897973,0.0674964114747548,0.9558153882109894,AP,False,True,True
5.6,-53.0,0.09349651038646704,1.3099017620086673,1.132419228553772,157,334,0.09678865094969635,0.2300319732605014,0.9017505288742875,1.591320084781612e-115,0.203968631623811,0.0013880117648391477,104.88927006424551,0.06170898538400638,0.0035756461272290654,0.06474765767032097,0.9530690005530895,AP,False,True,True
5.6,-52.8,0.09495955258607866,1.2633797168731689,1.0943809151649475,153,337,0.011832059949216737,0.9788758476684692,0.8977801010361726,1.5146684176748335e-115,0.19118282627601305,0.003603910843717756,108.28918417486193,0.057597107787941006,0.0036581623071872647,0.06072659707482931,0.948465920409931,AP,False,True,True
5.6,-52.6,0.11288130134344107,1.249598288536072,1.065788984298706,128,338,0.03194018947487485,0.8780023204381349,0.8999440719755414,1.8641095944807477e-116,0.18245905961349015,0.013836839045102795,157.53723617594662,0.0546504051248323,0.0036961310707808435,0.057806900411031786,0.9453958737840041,AP,False,True,False
5.8,-53.6,0.08320077657699587,1.3271501302719118,1.16999152302742,146,336,0.09022309193014448,0.30519263090806986,0.9049965550001025,4.54819102422808e-117,0.1700061984820234,0.014465672029008569,121.80093980508207,0.06399938135505305,0.0033606142668978,0.06686750122248003,0.9571074166823695,AP,False,True,False
5.8,-53.4,0.08216311782598498,1.3025122404098513,1.1464323103427887,140,338,0.024075965512138583,0.9223103870132883,0.8979608186746837,6.109655759617716e-116,0.18286876122502663,0.00905409012341051,137.74570049924725,0.0618616918318219,0.003443183785710469,0.0647457877515068,0.9554550802477837,AP,False,True,True
5.8,-53.2,0.08346669673919682,1.2729631185531622,1.117191880941391,138,339,0.011355398826951826,0.9824256672618376,0.9018327291475559,2.6783467763526152e-117,0.15225308976030494,0.040518325307377256,143.00258265118816,0.0591328563413321,0.0035154008200642545,0.06206936105612006,0.9526899477484081,AP,False,True,False
5.8,-53.0,0.08911404758691788,1.2454881191253664,1.086817890405655,145,338,0.03193476895027222,0.8629458633052988,0.8954446399321178,2.7441410415916736e-115,0.13777832442386734,0.06353810067232497,142.34117770814177,0.05628300994408264,0.003653541215395491,0.059364279897515214,0.9480955557996831,AP,False,True,False
5.8,-52.8,0.09779159277677538,1.2187225818634035,1.0547884404659271,142,337,0.0764633230379432,0.43669991331349695,0.8955996679083269,5.545599830572526e-115,0.2232525786814457,0.0007907733857056653,156.2308893510587,0.05319438301849388,0.003741009767328633,0.0563602545187201,0.9438279417426215,AP,False,True,True
6.0,-54.2,0.06836146116256714,1.2781935214996338,1.1299957931041718,142,335,0.08364377909469084,0.37094329235116325,0.9043631832191236,1.496544015525267e-116,0.13432599068952722,0.0769401951667125,118.34119081972825,0.06061360138688078,0.0032891928459918653,0.0634059934716554,0.9559601240847537,AP,False,True,False
6.0,-54.0,0.06714072078466415,1.2831895351409912,1.1443139910697937,150,339,0.09209173357922269,0.2806678534102784,0.9052179651211771,3.472166652684724e-118,0.1538885252528657,0.028394908019680802,144.16536859671413,0.06156613884836685,0.0033289742591724723,0.06437632005388291,0.9563475948428872,AP,False,True,False
6.0,-53.8,0.06902071684598929,1.2725398063659672,1.1364443898200989,141,337,0.11299520356036925,0.1653596274079229,0.9032413578397684,5.786311789876766e-117,0.1701157845408864,0.016643765193435935,153.80117204258553,0.0604297072564138,0.0033752952557536877,0.06326468418917171,0.9551886337679192,AP,False,True,False
6.0,-53.6,0.07732141464948661,1.260274386405945,1.1171598732471466,138,338,0.06570098200520809,0.5520172938140262,0.900499573766153,1.3361608309437677e-116,0.15241874516626536,0.04023482900737158,179.09681082931678,0.05852229913058808,0.003439592368236337,0.061374988490798525,0.9535203275738597,AP,False,True,False
6.0,-53.4,0.08063002526760102,1.2381430625915528,1.0931629240512848,131,340,0.09071174338055056,0.34094118798313877,0.8958691571313113,4.331730557700136e-116,0.15999978482094246,0.03465345612935037,163.5340682608176,0.05629148741692612,0.0035759952425377848,0.05926717863512198,0.9497919204739661,AP,False,True,False
6.0,-53.2,0.0869651839137078,1.2174830675125126,1.0663672089576721,130,339,0.13042225970925897,0.10945985547916738,0.8978861248417103,2.870369482896134e-116,0.2090976752745861,0.003263251982249028,158.31727838507013,0.053829664662782224,0.0036768442511453427,0.05688204429353953,0.9463384330034709,AP,False,True,True
