grid_lat,grid_lon,thr_hs_pct,thr_zos_pct,thr_hs_abs,thr_zos_abs,zos_mean,hat_m,n_hs_episodes,n_zos_episodes,n_candidate_events,n_rejected_by_hat,compound_count_total,compound_count_annual_mean,mean_overlap_duration,p95_overlap_duration,max_overlap_duration,mean_full_criterion_duration,p95_full_criterion_duration,mean_compound_intensity_norm,p95_compound_intensity_norm,max_compound_intensity_norm,mean_integrated_severity,p95_integrated_severity,max_integrated_severity
-35.0,-54.8,0.7,0.99,1.59,0.765303,0.131448,0.340699,1147,96,94,0,94,2.85,1.27,2.0,4.0,1.27,2.0,0.7297,0.9826,1.0,0.9483,1.8404,3.1838
-35.0,-54.6,0.7,0.99,1.73,0.693086,0.124738,0.38758,1146,97,95,0,95,2.88,1.25,2.0,4.0,1.25,2.0,0.7041,0.9813,1.0,0.907,1.7835,2.6759
-35.0,-54.4,0.7,0.99,1.85,0.613392,0.115913,0.424577,1129,98,95,0,95,2.88,1.24,2.0,4.0,1.24,2.0,0.6476,0.9532,1.0,0.8269,1.6659,2.5603
-35.0,-54.2,0.7,0.99,1.934,0.550924,0.108703,0.457002,1133,99,98,0,98,2.97,1.21,2.0,4.0,1.21,2.0,0.5834,0.9106,0.9757,0.731,1.5041,2.552
-35.0,-54.0,0.7,0.99,2.0,0.503555,0.105329,0.481176,1147,98,97,0,97,2.94,1.24,2.0,4.0,1.24,2.0,0.5319,0.8716,0.9306,0.6858,1.657,3.0563
-34.8,-54.4,0.7,0.99,1.62,0.775673,0.12998,0.414249,1128,98,94,0,94,2.85,1.28,2.0,4.0,1.28,2.0,0.711,0.9861,1.0,0.9238,1.8032,3.0147
-34.8,-54.2,0.7,0.99,1.8,0.698369,0.123438,0.45069,1120,97,95,0,95,2.88,1.27,2.0,4.0,1.27,2.0,0.6914,0.9706,1.0,0.9002,1.8473,3.2879
-34.8,-54.0,0.7,0.99,1.92,0.617392,0.11655,0.48048,1123,96,93,0,93,2.82,1.29,2.0,4.0,1.29,2.0,0.625,0.9394,1.0,0.8368,1.8296,3.3088
-34.8,-53.8,0.7,0.99,2.02,0.539174,0.104528,0.502553,1128,97,95,0,95,2.88,1.26,2.0,4.0,1.26,2.0,0.5585,0.8816,0.9428,0.7357,1.7017,3.195
-34.8,-53.6,0.7,0.99,2.13,0.467457,0.09527,0.513066,1120,94,91,0,91,2.76,1.32,2.0,4.0,1.32,2.0,0.5104,0.8301,0.8599,0.6836,1.6004,2.9559
-34.6,-54.0,0.7,0.99,1.74,0.742606,0.126087,0.487323,1109,101,97,0,97,2.94,1.25,2.2,4.0,1.25,2.2,0.6609,0.9549,1.0,0.837,1.6278,3.0319
-34.6,-53.8,0.7,0.99,1.86,0.67063,0.119396,0.511101,1120,98,95,0,95,2.88,1.27,2.0,4.0,1.27,2.0,0.6406,0.941,1.0,0.8383,1.6795,3.1944
-34.6,-53.6,0.7,0.99,2.03,0.58685,0.107752,0.526462,1118,95,92,0,92,2.79,1.3,2.0,4.0,1.3,2.0,0.5898,0.9204,0.9655,0.7979,1.7496,3.2902
-34.6,-53.4,0.7,0.99,2.14,0.501774,0.098321,0.526763,1127,97,94,0,94,2.85,1.28,2.0,4.0,1.28,2.0,0.5164,0.8601,0.8904,0.6968,1.6314,3.0954
-34.4,-53.8,0.7,0.99,1.22,0.755472,0.126765,0.535219,1166,101,97,0,97,2.94,1.24,2.0,4.0,1.24,2.0,0.559,0.7706,1.0,0.7121,1.349,2.5564
-34.4,-53.6,0.7,0.99,1.71,0.684916,0.121071,0.557542,1142,99,95,0,95,2.88,1.27,2.0,4.0,1.27,2.0,0.5779,0.8744,0.9674,0.7562,1.574,2.885
-34.4,-53.4,0.7,0.99,2.0,0.605543,0.113736,0.558083,1129,97,94,0,94,2.85,1.28,2.0,4.0,1.28,2.0,0.5616,0.8997,0.9838,0.7423,1.6006,3.1354
-34.2,-53.6,0.7,0.99,1.5,0.741867,0.124793,0.603595,1162,101,95,0,95,2.88,1.23,2.0,4.0,1.23,2.0,0.5264,0.7956,0.9725,0.6609,1.3367,2.4828
-34.2,-53.4,0.7,0.99,1.87,0.673555,0.119814,0.603226,1138,99,95,0,95,2.88,1.26,2.0,4.0,1.26,2.0,0.5599,0.8848,0.9884,0.728,1.5782,2.9022
-34.2,-53.2,0.7,0.99,2.04,0.594386,0.114078,0.581479,1128,97,92,0,92,2.79,1.32,3.0,4.0,1.32,3.0,0.5564,0.9028,1.0,0.752,1.5909,3.1244
-34.0,-53.4,0.7,0.99,1.66,0.72661,0.123465,0.650568,1139,101,96,0,96,2.91,1.23,2.0,4.0,1.23,2.0,0.5223,0.8254,0.9358,0.6629,1.4359,2.75
-34.0,-53.2,0.7,0.99,1.87,0.663485,0.120021,0.629783,1136,100,96,0,96,2.91,1.25,2.0,4.0,1.25,2.0,0.549,0.8913,0.9906,0.7039,1.5689,2.9186
-34.0,-53.0,0.7,0.99,2.06,0.597089,0.112387,0.598559,1123,99,94,0,94,2.85,1.29,2.0,4.0,1.29,2.0,0.5467,0.8928,1.0,0.7273,1.568,3.1327
-33.8,-53.4,0.7,0.99,1.32,0.769351,0.124568,0.689188,1192,104,93,0,93,2.82,1.17,2.0,3.0,1.17,2.0,0.4908,0.7617,0.8895,0.5853,1.2431,1.7696
-33.8,-53.2,0.7,0.99,1.63,0.726764,0.12211,0.672814,1163,98,94,0,94,2.85,1.27,2.0,4.0,1.27,2.0,0.5274,0.8484,0.9257,0.6911,1.5646,2.7181
-33.8,-53.0,0.7,0.99,1.89,0.668072,0.118129,0.642905,1133,97,93,0,93,2.82,1.29,2.4,4.0,1.29,2.4,0.5614,0.9101,0.9977,0.7504,1.6922,3.0357
-33.8,-52.8,0.7,0.99,2.09,0.600591,0.108563,0.607156,1124,101,97,0,97,2.94,1.25,2.0,4.0,1.25,2.0,0.5537,0.908,1.0,0.7168,1.6232,3.1909
-33.6,-53.0,0.7,0.99,1.26,0.734285,0.121074,0.677149,1165,99,96,0,96,2.91,1.24,2.0,4.0,1.24,2.0,0.475,0.7671,0.8965,0.6276,1.3987,2.4975
-33.6,-52.8,0.7,0.99,1.79,0.67697,0.114688,0.646935,1141,98,93,0,93,2.82,1.28,2.4,4.0,1.28,2.4,0.5346,0.8652,0.9441,0.7164,1.612,2.839
-33.6,-52.6,0.7,0.99,2.06,0.608963,0.107205,0.606629,1136,96,92,0,92,2.79,1.32,2.45,4.0,1.32,2.45,0.5472,0.8893,1.0,0.743,1.6387,3.0907
-33.4,-52.8,0.7,0.99,1.49,0.740723,0.117572,0.680058,1185,101,97,0,97,2.94,1.22,2.0,4.0,1.22,2.0,0.4964,0.7982,0.8984,0.6402,1.4946,2.5652
-33.4,-52.6,0.7,0.99,1.76,0.673067,0.11226,0.642206,1163,99,94,0,94,2.85,1.26,2.0,4.0,1.26,2.0,0.5102,0.8422,0.9145,0.6803,1.5668,2.7749
-33.4,-52.4,0.7,0.99,2.01,0.586635,0.106819,0.587714,1154,95,90,0,90,2.73,1.33,3.0,3.0,1.33,3.0,0.5144,0.8286,0.9534,0.7137,1.7425,2.2962
-33.2,-52.6,0.7,0.99,1.48,0.723451,0.114643,0.663173,1187,102,96,0,96,2.91,1.21,2.0,3.0,1.21,2.0,0.4637,0.7653,0.8567,0.5873,1.3917,1.8235
-33.2,-52.4,0.7,0.99,1.79,0.649575,0.111139,0.613792,1182,98,93,0,93,2.82,1.26,2.4,3.0,1.26,2.4,0.4843,0.8194,0.8913,0.6436,1.6163,2.0863
-33.2,-52.2,0.7,0.99,2.07,0.563346,0.107004,0.559928,1163,93,88,1,87,2.64,1.37,3.0,3.0,1.34,2.7,0.4909,0.7979,0.9375,0.6793,1.6927,2.1445
-33.0,-52.4,0.7,0.99,1.48,0.682233,0.11458,0.633565,1185,101,96,0,96,2.91,1.17,2.0,3.0,1.17,2.0,0.4071,0.6906,0.8936,0.5109,1.2571,1.7501
-33.0,-52.2,0.7,0.99,1.93,0.612138,0.110431,0.586189,1176,95,91,0,91,2.76,1.31,3.0,3.0,1.3,2.5,0.4634,0.7853,0.9353,0.6207,1.6097,1.9705
-32.8,-52.4,0.7,0.99,1.46,0.707425,0.11447,0.642113,1152,101,92,0,92,2.79,1.17,2.0,3.0,1.17,2.0,0.4084,0.7006,0.9006,0.5129,1.2863,1.8556
-32.8,-52.2,0.7,0.99,1.71,0.646512,0.112836,0.602867,1151,98,92,0,92,2.79,1.21,2.0,3.0,1.2,2.0,0.4199,0.7471,0.9214,0.5344,1.3527,1.8837
-32.8,-52.0,0.7,0.99,2.04,0.580579,0.107181,0.555541,1165,96,90,0,90,2.73,1.32,2.55,3.0,1.32,2.55,0.4611,0.7831,0.9376,0.6205,1.5282,1.9768
-32.6,-52.2,0.7,0.99,1.62,0.666568,0.115166,0.61308,1149,98,87,0,87,2.64,1.17,2.0,3.0,1.17,2.0,0.3971,0.7409,0.896,0.4911,1.1851,1.8781
-32.6,-52.0,0.7,0.99,1.97,0.610661,0.109348,0.570541,1155,97,92,0,92,2.79,1.25,2.0,3.0,1.25,2.0,0.4531,0.8043,0.9676,0.5814,1.3571,1.9846
-32.4,-52.2,0.7,0.99,1.49,0.695739,0.117442,0.612179,1101,101,81,0,81,2.45,1.16,2.0,3.0,1.16,2.0,0.4003,0.6909,0.7226,0.4931,1.1471,1.6656
-32.4,-52.0,0.7,0.99,1.75,0.64468,0.110113,0.572813,1142,96,88,0,88,2.67,1.26,2.0,3.0,1.26,2.0,0.4446,0.8067,0.9121,0.5822,1.4747,2.0154
-32.4,-51.8,0.7,0.99,2.03,0.588882,0.09879,0.530149,1147,97,91,0,91,2.76,1.3,2.5,3.0,1.3,2.5,0.4801,0.8407,0.9538,0.643,1.6018,2.0969
-32.2,-52.0,0.7,0.99,1.57,0.696337,0.114421,0.562711,1155,100,91,0,91,2.76,1.21,2.0,3.0,1.21,2.0,0.4697,0.7825,0.9079,0.5955,1.3301,2.1493
-32.2,-51.8,0.7,0.99,1.75,0.640756,0.105251,0.522609,1132,98,93,0,93,2.82,1.27,2.0,3.0,1.27,2.0,0.4839,0.8377,0.9268,0.638,1.5445,2.1378
-32.2,-51.6,0.7,0.99,1.99,0.581334,0.098206,0.475387,1137,96,90,0,90,2.73,1.31,2.55,4.0,1.31,2.55,0.5114,0.8549,0.9375,0.6922,1.6303,2.1849
-32.0,-51.8,0.7,0.99,1.2,0.695939,0.111584,0.50218,1175,101,93,0,93,2.82,1.23,2.0,3.0,1.23,2.0,0.4715,0.7318,0.889,0.608,1.3554,2.0597
-32.0,-51.6,0.7,0.99,1.59,0.640666,0.102784,0.460966,1128,97,91,0,91,2.76,1.29,2.5,4.0,1.29,2.5,0.5002,0.8023,0.9906,0.6655,1.5071,2.1761
-32.0,-51.4,0.7,0.99,2.02,0.570662,0.093313,0.421791,1137,96,90,0,90,2.73,1.31,2.55,4.0,1.31,2.55,0.5308,0.8855,0.957,0.72,1.6602,2.2656
-32.0,-51.2,0.7,0.99,2.25,0.484353,0.085132,0.388714,1145,89,82,0,82,2.49,1.43,3.0,4.0,1.43,3.0,0.5293,0.8627,1.0,0.7661,1.7634,2.3423
-31.8,-51.4,0.7,0.99,1.61,0.643971,0.09802,0.402355,1134,97,92,0,92,2.79,1.28,2.45,4.0,1.28,2.45,0.5439,0.8219,1.0,0.7191,1.5757,2.3251
-31.8,-51.2,0.7,0.99,2.07,0.55995,0.088323,0.381555,1130,93,88,0,88,2.67,1.34,3.0,4.0,1.34,3.0,0.5526,0.8881,0.9478,0.7625,1.7994,2.4999
-31.8,-51.0,0.7,0.99,2.29,0.45395,0.082398,0.383175,1140,88,82,0,82,2.49,1.44,3.0,5.0,1.44,3.0,0.4884,0.8132,0.9731,0.7182,1.6731,2.6813
-31.6,-51.2,0.7,0.99,1.62,0.626257,0.094876,0.376494,1128,94,89,0,89,2.7,1.31,2.6,5.0,1.31,2.6,0.5409,0.8395,0.9931,0.7337,1.5828,2.9495
-31.6,-51.0,0.7,0.99,2.08,0.533029,0.086368,0.380624,1134,90,85,0,85,2.58,1.38,3.0,5.0,1.38,3.0,0.5186,0.8563,0.9274,0.7366,1.6872,2.8888
-31.6,-50.8,0.7,0.99,2.34,0.414176,0.089498,0.382144,1116,87,82,0,82,2.49,1.4,3.0,5.0,1.4,3.0,0.4291,0.7645,0.9095,0.6216,1.5281,2.3642
-31.4,-50.8,0.7,0.99,2.18,0.507877,0.088925,0.381983,1110,90,83,0,83,2.52,1.4,3.0,5.0,1.4,3.0,0.4843,0.832,0.9012,0.6851,1.6355,2.6188
-31.4,-50.6,0.7,0.99,2.36,0.387117,0.097127,0.38644,1113,85,81,4,77,2.33,1.45,3.0,5.0,1.44,3.0,0.4064,0.7397,0.853,0.5886,1.4448,2.1135
-31.2,-50.8,0.7,0.99,1.93,0.578968,0.093651,0.380958,1119,93,88,0,88,2.67,1.33,2.0,5.0,1.33,2.0,0.5036,0.8287,0.9124,0.6833,1.5768,2.7814
-31.2,-50.6,0.7,0.99,2.09,0.473308,0.095343,0.387122,1125,92,84,0,84,2.55,1.38,3.0,5.0,1.38,3.0,0.4266,0.7412,0.8694,0.6058,1.4278,2.3451
-31.2,-50.4,0.7,0.99,2.32,0.364967,0.104889,0.39104,1115,85,80,7,73,2.21,1.49,3.0,5.0,1.41,3.0,0.3606,0.6913,0.7622,0.5288,1.3125,2.2906
-31.0,-50.6,0.7,0.99,1.93,0.546302,0.09754,0.388655,1109,92,80,0,80,2.42,1.35,3.0,4.0,1.35,3.0,0.4454,0.7617,0.8266,0.6069,1.4074,2.1504
-31.0,-50.4,0.7,0.99,2.19,0.445466,0.102053,0.392952,1123,91,83,0,83,2.52,1.39,3.0,5.0,1.39,3.0,0.3956,0.703,0.824,0.5556,1.3359,2.0927
-31.0,-50.2,0.7,0.99,2.4,0.354679,0.107627,0.39588,1119,86,80,14,66,2.0,1.52,3.75,5.0,1.41,3.0,0.3679,0.6781,0.7471,0.5268,1.2875,2.1868
-30.8,-50.4,0.7,0.99,1.99,0.522757,0.102161,0.395301,1117,91,83,0,83,2.52,1.34,2.9,4.0,1.34,2.9,0.4225,0.7265,0.8151,0.5753,1.3903,2.1165
-30.8,-50.2,0.7,0.99,2.27,0.431327,0.103453,0.398879,1106,87,78,0,78,2.36,1.46,3.0,5.0,1.45,3.0,0.3972,0.7089,0.8006,0.5611,1.4264,2.0255
-30.6,-50.4,0.7,0.99,1.57,0.569709,0.104434,0.39741,1117,94,68,0,68,2.06,1.22,2.0,3.0,1.22,2.0,0.3934,0.6439,0.6819,0.4697,1.106,1.3314
-30.6,-50.2,0.7,0.99,2.03,0.501684,0.102945,0.404066,1113,89,80,0,80,2.42,1.4,3.0,4.0,1.4,3.0,0.4078,0.6976,0.7912,0.5596,1.3158,1.9802
-30.6,-50.0,0.7,0.99,2.3,0.413882,0.106092,0.406059,1113,90,82,1,81,2.45,1.41,3.0,4.0,1.41,3.0,0.385,0.6812,0.7921,0.5296,1.3712,1.9431
-30.4,-50.2,0.7,0.99,1.7,0.537201,0.1047,0.412557,1096,93,75,0,75,2.27,1.32,3.0,4.0,1.32,3.0,0.3751,0.6342,0.7234,0.4865,1.1241,1.7398
-30.4,-50.0,0.7,0.99,2.11,0.474951,0.106848,0.413877,1093,91,83,0,83,2.52,1.36,3.0,5.0,1.36,3.0,0.3942,0.6959,0.7955,0.528,1.3178,2.045
-30.4,-49.8,0.7,0.99,2.35,0.395837,0.104427,0.413275,1081,88,82,4,78,2.36,1.42,3.0,4.0,1.41,3.0,0.3898,0.6695,0.7904,0.5338,1.4743,1.8758
-30.2,-50.0,0.7,0.99,1.93,0.50421,0.105923,0.423298,1071,91,83,0,83,2.52,1.33,2.0,4.0,1.33,2.0,0.3754,0.6874,0.7564,0.4869,1.2184,1.8195
-30.2,-49.8,0.7,0.99,2.23,0.438044,0.103083,0.421627,1073,88,81,1,80,2.42,1.43,3.0,4.0,1.43,3.0,0.3996,0.7047,0.8193,0.546,1.4661,1.9266
-30.0,-50.0,0.7,0.99,1.69,0.527055,0.1054,0.431692,1066,92,71,0,71,2.15,1.32,2.0,4.0,1.32,2.0,0.3622,0.6157,0.7068,0.4684,1.1207,1.6539
-30.0,-49.8,0.7,0.99,2.11,0.471376,0.101242,0.430222,1056,86,80,1,79,2.39,1.39,3.0,4.0,1.39,3.0,0.4052,0.7401,0.8171,0.5518,1.3549,1.9447
-29.8,-49.8,0.7,0.99,1.94,0.502901,0.100544,0.438053,1032,90,82,0,82,2.49,1.37,2.95,5.0,1.37,2.95,0.399,0.7283,0.7747,0.5365,1.3482,2.0132
-29.8,-49.6,0.7,0.99,2.18,0.444113,0.096261,0.435056,1037,87,81,1,80,2.42,1.43,3.0,5.0,1.43,3.0,0.4183,0.7144,0.8359,0.5751,1.6733,2.0526
-29.6,-49.8,0.7,0.99,1.71,0.537439,0.100793,0.444409,1029,93,80,0,80,2.42,1.3,2.0,4.0,1.3,2.0,0.3832,0.6703,0.7209,0.4995,1.2216,1.8212
-29.6,-49.6,0.7,0.99,2.06,0.481749,0.09474,0.44245,1033,88,80,0,80,2.42,1.4,3.0,5.0,1.4,3.0,0.4251,0.7466,0.8023,0.5791,1.4209,2.1112
-29.6,-49.4,0.7,0.99,2.24,0.424741,0.093312,0.439253,1045,87,80,2,78,2.36,1.45,3.0,5.0,1.42,3.0,0.4168,0.6865,0.8417,0.586,1.7398,1.974
-29.4,-49.6,0.7,0.99,1.89,0.524958,0.096182,0.44899,1019,90,78,0,78,2.36,1.36,3.0,5.0,1.36,3.0,0.4072,0.6988,0.7583,0.5567,1.3862,2.0381
-29.4,-49.4,0.7,0.99,2.12,0.467442,0.090965,0.445521,1035,87,78,0,78,2.36,1.42,3.0,5.0,1.42,3.0,0.4206,0.7294,0.8164,0.5875,1.628,2.0892
-29.4,-49.2,0.7,0.99,2.27,0.409275,0.0926,0.441797,1033,87,82,2,80,2.42,1.45,3.0,5.0,1.4,3.0,0.4088,0.6626,0.8459,0.5577,1.6463,1.8978
-29.2,-49.4,0.7,0.99,1.99,0.513148,0.090743,0.449673,1020,88,80,0,80,2.42,1.38,3.0,5.0,1.38,3.0,0.4134,0.7021,0.7948,0.5708,1.4756,2.1418
-29.2,-49.2,0.7,0.99,2.16,0.452147,0.087951,0.446082,1016,87,81,1,80,2.42,1.43,3.0,5.0,1.43,3.0,0.4201,0.7156,0.8322,0.5887,1.5805,2.0727
-29.2,-49.0,0.7,0.99,2.3,0.390634,0.095278,0.443349,1016,86,82,5,77,2.33,1.45,3.0,5.0,1.39,3.0,0.4033,0.6542,0.8479,0.5522,1.6035,1.8164
-29.0,-49.4,0.7,0.99,1.71,0.564854,0.092442,0.449269,1000,89,77,0,77,2.33,1.36,2.2,5.0,1.36,2.2,0.4175,0.6689,0.7675,0.5663,1.3725,2.0871
-29.0,-49.2,0.7,0.99,1.99,0.501091,0.085944,0.447561,1029,87,79,0,79,2.39,1.41,3.0,5.0,1.41,3.0,0.4273,0.7058,0.8151,0.6093,1.6564,2.2136
-29.0,-49.0,0.7,0.99,2.16,0.435328,0.088502,0.445677,1018,85,79,2,77,2.33,1.49,3.0,5.0,1.49,3.0,0.4277,0.707,0.8436,0.6147,1.5644,2.1035
-29.0,-48.8,0.7,0.99,2.29,0.378113,0.097313,0.443778,1017,86,82,7,75,2.27,1.48,3.0,5.0,1.37,3.0,0.4012,0.6573,0.8302,0.5594,1.5887,2.4503
-29.0,-48.6,0.7,0.99,2.38,0.322592,0.105334,0.442453,1005,89,84,28,56,1.7,1.52,3.25,5.0,1.36,2.25,0.3727,0.6207,0.7254,0.5106,1.1931,2.2781
-28.8,-49.0,0.7,0.99,1.94,0.506818,0.083165,0.445228,1038,86,80,0,80,2.42,1.44,3.0,5.0,1.44,3.0,0.4543,0.7367,0.8408,0.6574,1.7038,2.3011
-28.8,-48.8,0.7,0.99,2.15,0.432148,0.087761,0.444728,1018,84,78,1,77,2.33,1.51,3.0,5.0,1.51,3.0,0.4394,0.6992,0.8436,0.6448,1.7116,2.0622
-28.8,-48.6,0.7,0.99,2.3,0.361943,0.097997,0.444776,1009,86,81,10,71,2.15,1.51,3.0,5.0,1.41,3.0,0.4057,0.6655,0.7851,0.5544,1.5631,1.833
-28.8,-48.4,0.7,0.99,2.38,0.308629,0.107444,0.444843,1030,89,86,38,48,1.45,1.58,3.0,5.0,1.33,2.65,0.3406,0.599,0.6784,0.476,1.2047,2.2499
-28.6,-48.8,0.7,0.99,1.91,0.511988,0.083504,0.441854,1050,86,79,0,79,2.39,1.46,3.0,5.0,1.46,3.0,0.4874,0.7746,0.8632,0.7171,1.8354,2.4165
-28.6,-48.6,0.7,0.99,2.114,0.41232,0.091288,0.446283,1028,84,78,2,76,2.3,1.53,3.0,5.0,1.5,3.0,0.4164,0.6935,0.7783,0.6084,1.6181,1.9662
-28.6,-48.4,0.7,0.99,2.28,0.338439,0.102172,0.448277,1027,85,81,21,60,1.82,1.55,3.05,5.0,1.5,3.05,0.3854,0.6455,0.717,0.5683,1.4532,2.3787
-28.4,-48.6,0.7,0.99,1.85,0.459957,0.088191,0.447478,1040,83,73,1,72,2.18,1.51,3.0,5.0,1.51,3.0,0.3787,0.6649,0.7213,0.5838,1.4817,1.9364
-28.4,-48.4,0.7,0.99,2.17,0.375002,0.098764,0.451957,1027,83,78,7,71,2.15,1.55,3.0,5.0,1.48,3.0,0.3818,0.6713,0.7353,0.5502,1.503,1.8979
-28.2,-48.6,0.7,0.99,1.7,0.497254,0.087313,0.449557,1040,83,68,0,68,2.06,1.46,3.0,4.0,1.46,3.0,0.3652,0.6198,0.7343,0.5386,1.2111,1.7745
-28.2,-48.4,0.7,0.99,2.01,0.407737,0.096169,0.455688,1041,82,72,2,70,2.12,1.56,3.0,5.0,1.53,3.0,0.3664,0.6461,0.7836,0.5618,1.468,1.9354
-28.2,-48.2,0.7,0.99,2.21,0.338121,0.104498,0.459175,1042,87,81,18,63,1.91,1.54,3.9,5.0,1.38,3.0,0.3537,0.6375,0.7173,0.4989,1.2424,1.8321
-28.0,-48.4,0.7,0.99,1.92,0.433193,0.09408,0.46389,1044,83,72,0,72,2.18,1.5,3.0,5.0,1.47,3.0,0.3543,0.6288,0.7656,0.5331,1.3022,1.9961
-28.0,-48.2,0.7,0.99,2.14,0.361206,0.103058,0.468105,1049,83,75,14,61,1.85,1.59,3.0,5.0,1.46,3.0,0.3731,0.6265,0.7581,0.5366,1.3066,1.9117
-27.8,-48.4,0.7,0.99,1.75,0.45833,0.092964,0.476086,1043,84,70,0,70,2.12,1.41,3.0,4.0,1.4,3.0,0.323,0.5761,0.7223,0.4653,1.0058,1.8394
-27.8,-48.2,0.7,0.99,2.05,0.382234,0.101687,0.481567,1056,85,75,11,64,1.94,1.53,3.0,5.0,1.41,3.0,0.3381,0.6148,0.7907,0.4853,1.1962,1.9265
-27.6,-48.4,0.7,0.99,1.49,0.480951,0.093046,0.492605,1050,87,71,0,71,2.15,1.28,2.0,3.0,1.27,2.0,0.301,0.5369,0.6689,0.4064,0.8836,1.7179
-27.6,-48.2,0.7,0.99,1.98,0.401334,0.10046,0.500705,1055,83,72,8,64,1.94,1.53,3.0,5.0,1.41,3.0,0.3188,0.629,0.7634,0.4576,1.1017,1.9914
-27.6,-48.0,0.7,0.99,2.16,0.334097,0.104667,0.501159,1059,85,77,22,55,1.67,1.53,3.0,5.0,1.31,2.3,0.3384,0.5844,0.7553,0.4613,1.1891,1.9119
-27.4,-48.4,0.7,0.99,1.18,0.485302,0.096727,0.537301,1086,92,57,1,56,1.7,1.18,2.0,3.0,1.18,2.0,0.2655,0.516,0.57,0.327,0.6857,1.4676
-27.4,-48.2,0.7,0.99,1.95,0.415279,0.101803,0.528236,1058,85,72,10,62,1.88,1.4,3.0,4.0,1.34,2.95,0.3063,0.6205,0.6783,0.4196,0.9804,1.9026
-27.4,-48.0,0.7,0.99,2.13,0.348729,0.102672,0.524446,1066,87,76,22,54,1.64,1.52,3.0,5.0,1.37,3.0,0.3312,0.5909,0.7723,0.4596,1.0716,1.948
-27.2,-48.4,0.7,0.99,1.29,0.483645,0.097551,0.582978,1078,90,39,2,37,1.12,1.19,2.2,3.0,1.19,2.2,0.2662,0.4799,0.5695,0.3252,0.5274,1.3568
-27.2,-48.2,0.7,0.99,1.79,0.425884,0.103762,0.566661,1077,85,70,13,57,1.73,1.35,3.0,3.0,1.33,2.2,0.2791,0.5691,0.6337,0.361,0.7496,1.6662
-27.2,-48.0,0.7,0.99,2.07,0.365199,0.102155,0.552473,1056,86,77,21,56,1.7,1.46,3.0,5.0,1.36,3.0,0.3191,0.5862,0.7302,0.4244,0.9826,1.947
-27.0,-48.4,0.7,0.99,1.44,0.476197,0.104245,0.629906,1013,89,39,7,32,0.97,1.19,2.45,3.0,1.16,2.0,0.2937,0.4917,0.5947,0.3273,0.5131,1.2832
-27.0,-48.2,0.7,0.99,1.81,0.430489,0.104683,0.611887,1081,86,71,15,56,1.7,1.27,2.0,3.0,1.21,2.0,0.2861,0.5469,0.6321,0.3428,0.6949,1.6305
-26.8,-48.4,0.7,0.99,1.51,0.475709,0.104052,0.677386,1038,87,46,9,37,1.12,1.22,2.2,3.0,1.19,2.0,0.3008,0.5117,0.5844,0.3373,0.5671,1.336
-26.8,-48.2,0.7,0.99,1.8,0.43666,0.104442,0.657062,1083,84,69,14,55,1.67,1.29,2.3,3.0,1.24,2.0,0.2846,0.5575,0.6243,0.3438,0.6702,1.6031
-26.6,-48.6,0.7,0.99,1.32,0.512669,0.104919,0.750584,1028,95,40,5,35,1.06,1.09,1.3,3.0,1.06,1.3,0.2648,0.5107,0.6145,0.2807,0.5419,0.8203
-26.6,-48.4,0.7,0.99,1.51,0.480854,0.103449,0.728177,1064,87,54,10,44,1.33,1.23,2.0,3.0,1.2,2.0,0.275,0.5209,0.5915,0.3103,0.5555,1.3328
-26.6,-48.2,0.7,0.99,1.77,0.442573,0.103524,0.707378,1071,85,68,20,48,1.45,1.27,2.65,3.0,1.21,2.0,0.284,0.5555,0.6208,0.3447,0.6424,1.5588
-26.4,-48.4,0.7,0.99,1.26,0.491175,0.103151,0.786422,1102,89,56,13,43,1.3,1.26,2.0,3.0,1.16,2.0,0.2679,0.5108,0.5876,0.3065,0.5589,1.3133
-26.4,-48.2,0.7,0.99,1.72,0.454473,0.102609,0.763106,1073,86,69,20,49,1.49,1.24,2.0,3.0,1.18,2.0,0.2813,0.5579,0.6259,0.3397,0.6288,1.5556
-26.2,-48.4,0.7,0.99,1.03,0.503602,0.103907,0.868401,1108,88,56,16,40,1.21,1.25,2.05,3.0,1.15,2.0,0.2446,0.4859,0.5399,0.2921,0.5431,1.2495
-26.2,-48.2,0.7,0.99,1.55,0.470428,0.102032,0.825459,1079,85,69,25,44,1.33,1.2,2.0,3.0,1.14,2.0,0.2777,0.5402,0.6031,0.3328,0.606,1.4856
-26.0,-48.4,0.7,0.99,0.99,0.515635,0.103868,0.940288,1081,89,52,15,37,1.12,1.14,2.0,3.0,1.11,2.0,0.248,0.4835,0.5455,0.2931,0.5454,1.2011
-26.0,-48.2,0.7,0.99,1.44,0.489386,0.101391,0.890884,1062,88,66,24,42,1.27,1.26,2.0,3.0,1.14,2.0,0.2707,0.5253,0.5492,0.3157,0.5956,1.4119
-25.8,-48.2,0.7,0.99,1.4,0.508009,0.101785,0.951877,1057,87,66,26,40,1.21,1.23,2.0,3.0,1.15,2.0,0.2823,0.5436,0.5649,0.3312,0.7742,1.3957
-25.8,-48.0,0.7,0.99,1.67,0.475203,0.101349,0.893305,1041,88,72,30,42,1.27,1.31,2.0,3.0,1.21,2.0,0.309,0.5666,0.6104,0.3749,0.7763,1.5968
-25.6,-48.4,0.7,0.99,1.03,0.546474,0.104679,1.065991,1070,91,64,27,37,1.12,1.22,2.2,3.0,1.16,2.0,0.277,0.5312,0.5659,0.3292,0.6889,1.2324
-25.6,-48.2,0.7,0.99,1.29,0.528216,0.101752,1.007499,1036,89,67,29,38,1.15,1.26,2.15,3.0,1.18,2.0,0.3016,0.5698,0.5728,0.354,0.7668,1.3733
-25.6,-48.0,0.7,0.99,1.59,0.495586,0.101261,0.94467,1048,88,71,30,41,1.24,1.29,2.0,3.0,1.2,2.0,0.2998,0.5828,0.6216,0.3594,0.8162,1.5675
-25.6,-47.8,0.7,0.99,1.76,0.464495,0.10065,0.889423,1015,86,77,29,48,1.45,1.33,3.0,3.0,1.25,2.0,0.3178,0.6107,0.6329,0.3672,0.7771,1.6828
-25.4,-48.0,0.7,0.99,1.47,0.52275,0.101044,0.972441,1033,89,73,28,45,1.36,1.33,3.0,3.0,1.2,2.0,0.3142,0.6048,0.6261,0.3724,0.8282,1.5889
-25.4,-47.8,0.7,0.99,1.6,0.492566,0.100596,0.928446,1032,87,77,31,46,1.39,1.35,3.0,3.0,1.26,2.0,0.3209,0.6122,0.6273,0.3777,0.788,1.6582
-25.4,-47.6,0.7,0.99,1.79,0.461903,0.099648,0.876343,1011,84,78,30,48,1.45,1.35,3.0,3.0,1.25,2.0,0.3319,0.6404,0.6507,0.3859,0.7885,1.7281
-25.2,-47.8,0.7,0.99,1.45,0.5236,0.100738,0.953431,1009,89,79,29,50,1.52,1.3,3.0,3.0,1.22,2.55,0.312,0.6072,0.6379,0.373,0.7565,1.6411
-25.2,-47.6,0.7,0.99,1.7,0.48961,0.100392,0.909957,1000,86,79,29,50,1.52,1.34,3.0,3.0,1.24,2.0,0.3299,0.6466,0.6666,0.3816,0.7867,1.7231
-25.0,-47.8,0.7,0.99,1.01,0.546095,0.102003,0.960678,998,91,75,27,48,1.45,1.25,2.65,3.0,1.21,2.0,0.2533,0.5298,0.6139,0.316,0.694,1.4558
-25.0,-47.6,0.7,0.99,1.59,0.519301,0.101287,0.92836,1000,89,82,29,53,1.61,1.3,3.0,3.0,1.25,2.4,0.3237,0.6491,0.7081,0.3884,0.7775,1.7446
-25.0,-47.4,0.7,0.99,1.71,0.491191,0.098849,0.886895,1004,85,80,29,51,1.55,1.35,3.0,3.0,1.29,2.5,0.3491,0.6613,0.706,0.4302,0.8242,1.7561
-25.0,-47.2,0.7,0.99,1.81,0.458377,0.096849,0.842559,999,84,79,29,50,1.52,1.4,3.0,3.0,1.32,3.0,0.3563,0.6718,0.6886,0.4445,0.9593,1.7666
-24.8,-47.4,0.7,0.99,1.58,0.527572,0.099977,0.90016,990,90,83,28,55,1.67,1.31,3.0,3.0,1.25,2.3,0.3548,0.6681,0.7249,0.4303,0.801,1.7491
-24.8,-47.2,0.7,0.99,1.74,0.495925,0.097118,0.861248,995,85,80,28,52,1.58,1.4,3.0,3.0,1.31,2.45,0.3628,0.6897,0.7379,0.4521,0.8435,1.7903
-24.8,-47.0,0.7,0.99,1.83,0.464187,0.094113,0.823436,989,83,78,27,51,1.55,1.45,3.0,3.0,1.35,3.0,0.3583,0.6911,0.7163,0.4609,0.9417,1.7978
-24.8,-46.8,0.7,0.99,1.9,0.430262,0.092133,0.791171,990,80,75,31,44,1.33,1.5,3.0,3.0,1.39,3.0,0.3709,0.7009,0.7166,0.4841,0.9023,1.8193
-24.6,-47.2,0.7,0.99,1.56,0.541866,0.098852,0.864213,985,89,83,24,59,1.79,1.41,3.0,3.0,1.31,2.1,0.3512,0.6747,0.7364,0.4484,0.9186,1.7868
-24.6,-47.0,0.7,0.99,1.72,0.508424,0.095993,0.835846,995,86,81,24,57,1.73,1.42,3.0,3.0,1.32,3.0,0.362,0.6901,0.7701,0.4582,0.9287,1.8329
-24.6,-46.8,0.7,0.99,1.79,0.471034,0.092933,0.807554,981,85,80,25,55,1.67,1.42,3.0,3.0,1.35,3.0,0.3663,0.6962,0.7347,0.4664,0.9541,1.8517
-24.6,-46.6,0.7,0.99,1.89,0.439337,0.089954,0.779478,979,82,77,27,50,1.52,1.52,3.0,4.0,1.34,3.0,0.3824,0.7173,0.7588,0.4941,0.9608,1.9314
-24.4,-46.8,0.7,0.99,1.66,0.511817,0.093872,0.818604,973,86,79,21,58,1.76,1.47,3.0,3.0,1.36,3.0,0.3834,0.6971,0.7642,0.5016,1.0518,1.8747
-24.4,-46.6,0.7,0.99,1.74,0.483378,0.090568,0.793456,967,83,78,21,57,1.73,1.49,3.0,4.0,1.39,3.0,0.3886,0.6998,0.7837,0.5191,1.0823,1.9722
-24.4,-46.4,0.7,0.99,1.82,0.455203,0.087318,0.766807,968,83,78,23,55,1.67,1.51,3.0,4.0,1.36,3.0,0.4071,0.7088,0.7981,0.5331,1.0836,1.5716
-24.4,-46.2,0.7,0.99,1.87,0.428423,0.084103,0.740575,971,80,75,22,53,1.61,1.7,3.0,5.0,1.4,3.0,0.4015,0.7316,0.8062,0.533,1.0329,1.5461
-24.4,-46.0,0.7,0.99,1.94,0.405737,0.080115,0.718592,962,79,73,23,50,1.52,1.74,3.0,5.0,1.38,3.0,0.4055,0.7535,0.808,0.5294,1.071,1.5671
-24.4,-45.2,0.7,0.99,2.13,0.310408,0.100415,0.628043,975,69,60,31,29,0.88,2.0,3.6,5.0,1.62,3.0,0.3742,0.6374,0.6824,0.5629,1.3308,2.5956
-24.2,-46.6,0.7,0.99,1.65,0.519876,0.090908,0.800581,942,86,79,11,68,2.06,1.49,3.0,4.0,1.37,3.0,0.3623,0.6973,0.8022,0.4914,1.0852,2.0381
-24.2,-46.4,0.7,0.99,1.71,0.497989,0.088211,0.77656,952,85,78,11,67,2.03,1.52,3.0,4.0,1.37,3.0,0.3856,0.7058,0.8337,0.5216,1.1389,1.6381
-24.2,-46.2,0.7,0.99,1.75,0.472245,0.085181,0.750144,956,83,78,12,66,2.0,1.53,3.0,4.0,1.36,3.0,0.3909,0.7118,0.8262,0.5227,1.1184,1.6721
-24.2,-46.0,0.7,0.99,1.824,0.444901,0.080917,0.728185,960,78,73,12,61,1.85,1.67,3.0,4.0,1.43,3.0,0.3959,0.7211,0.829,0.5505,1.1308,1.6147
-24.2,-45.8,0.7,0.99,1.91,0.423619,0.077208,0.706449,962,77,71,11,60,1.82,1.72,3.0,5.0,1.43,3.0,0.41,0.762,0.8382,0.5629,1.2222,1.681
-24.2,-45.6,0.7,0.99,1.94,0.39943,0.078832,0.682859,961,77,71,17,54,1.64,1.74,3.0,5.0,1.41,3.0,0.4211,0.7569,0.8038,0.5683,1.189,1.6678
-24.2,-45.4,0.7,0.99,2.01,0.372946,0.083446,0.65938,974,74,68,24,44,1.33,1.89,3.0,6.0,1.55,3.0,0.4266,0.7333,0.7671,0.6054,1.3643,1.9058
-24.2,-45.2,0.7,0.99,2.06,0.340921,0.087915,0.638479,974,71,64,28,36,1.09,2.0,3.25,5.0,1.67,3.0,0.3956,0.6846,0.7324,0.6102,1.2876,2.2591
-24.2,-45.0,0.7,0.99,2.1,0.307043,0.096161,0.622446,987,71,63,32,31,0.94,2.1,4.5,5.0,1.55,3.0,0.3709,0.6197,0.6957,0.5268,1.2445,2.6825
-24.0,-46.4,0.7,0.99,1.36,0.533314,0.088691,0.774999,982,86,80,8,72,2.18,1.5,3.0,4.0,1.36,3.0,0.3991,0.7023,0.8451,0.5442,1.1852,1.7278
-24.0,-46.2,0.7,0.99,1.46,0.516709,0.084999,0.749386,965,84,78,8,70,2.12,1.54,3.0,4.0,1.41,3.0,0.3913,0.6885,0.828,0.5471,1.1721,1.7151
-24.0,-46.0,0.7,0.99,1.68,0.496988,0.082989,0.732638,956,83,77,7,70,2.12,1.56,3.0,4.0,1.43,3.0,0.4239,0.7464,0.8819,0.5917,1.2409,1.7689
-24.0,-45.8,0.7,0.99,1.7,0.473016,0.079571,0.713567,956,81,76,7,69,2.09,1.59,3.0,4.0,1.46,3.0,0.4148,0.7449,0.8739,0.5894,1.2602,1.6763
-24.0,-45.6,0.7,0.99,1.74,0.454133,0.076269,0.691409,951,82,76,7,69,2.09,1.61,3.0,4.0,1.46,3.0,0.4124,0.7454,0.8784,0.5814,1.2788,1.6819
-24.0,-45.4,0.7,0.99,1.85,0.437813,0.074367,0.665422,960,81,75,7,68,2.06,1.65,3.0,4.0,1.5,3.0,0.4218,0.7703,0.8662,0.6018,1.3975,1.7802
-24.0,-45.2,0.7,0.99,1.95,0.397507,0.074887,0.643223,975,80,74,12,62,1.88,1.69,3.0,4.0,1.52,3.0,0.3988,0.7155,0.81,0.569,1.1836,1.9799
-24.0,-45.0,0.7,0.99,2.02,0.350047,0.083797,0.632645,985,74,67,24,43,1.3,1.95,4.0,5.0,1.63,3.0,0.3831,0.6763,0.7435,0.5901,1.2723,2.2915
-24.0,-44.8,0.7,0.99,2.07,0.316433,0.092953,0.622273,994,71,65,31,34,1.03,2.03,4.0,5.0,1.68,3.35,0.3719,0.6221,0.7139,0.5926,1.2531,2.7551
-23.8,-45.8,0.7,0.99,1.35,0.515067,0.079724,0.716081,1001,84,80,3,77,2.33,1.52,3.0,4.0,1.42,3.0,0.4646,0.7667,0.9283,0.6606,1.3528,1.8398
-23.8,-45.6,0.7,0.99,1.2,0.511387,0.076551,0.700519,1010,84,80,4,76,2.3,1.53,3.0,4.0,1.43,3.0,0.4567,0.7598,0.9189,0.6605,1.3697,1.7941
-23.8,-45.4,0.7,0.99,0.95,0.481768,0.07688,0.679261,1000,83,77,3,74,2.24,1.58,3.0,4.0,1.5,3.0,0.347,0.6469,0.7842,0.5227,1.0841,1.9845
-23.8,-45.2,0.7,0.99,1.294,0.445804,0.079159,0.64868,986,82,75,9,66,2.0,1.62,3.0,4.0,1.5,3.0,0.286,0.5861,0.6733,0.4164,0.918,1.6686
-23.8,-45.0,0.7,0.99,1.88,0.407657,0.0797,0.641958,968,77,72,9,63,1.91,1.73,3.0,5.0,1.54,3.0,0.3459,0.6774,0.7822,0.5061,1.1594,2.4011
-23.8,-44.8,0.7,0.99,1.98,0.367493,0.083346,0.633815,983,73,68,20,48,1.45,1.88,4.0,5.0,1.58,3.0,0.3735,0.6717,0.7755,0.5712,1.2648,2.3553
-23.8,-44.6,0.7,0.99,2.04,0.332785,0.089246,0.626118,994,72,67,31,36,1.09,2.03,4.0,4.0,1.72,3.25,0.389,0.6419,0.7382,0.6316,1.3062,2.3298
-23.6,-45.2,0.7,0.99,1.1,0.471473,0.076362,0.657104,978,82,73,6,67,2.03,1.4,3.0,3.0,1.34,3.0,0.2427,0.5034,0.563,0.3216,0.8094,1.3503
-23.6,-45.0,0.7,0.99,1.56,0.435238,0.076185,0.649852,967,79,73,7,66,2.0,1.65,3.0,4.0,1.53,3.0,0.2956,0.6008,0.6726,0.4374,0.9424,2.1734
-23.6,-44.8,0.7,0.99,1.82,0.413479,0.077235,0.643862,967,76,71,7,64,1.94,1.72,3.0,5.0,1.56,3.0,0.3438,0.6596,0.7627,0.5263,1.1715,2.4324
-23.6,-44.6,0.7,0.99,1.93,0.381941,0.080236,0.638136,972,73,68,11,57,1.73,1.84,4.0,5.0,1.58,3.0,0.3732,0.6692,0.7866,0.5597,1.2787,2.4294
-23.6,-44.4,0.7,0.99,2.0,0.352952,0.083608,0.632744,969,71,66,18,48,1.45,1.96,4.0,5.0,1.62,3.0,0.3778,0.6457,0.7636,0.5896,1.2906,2.4002
-23.6,-44.2,0.7,0.99,2.04,0.330311,0.088367,0.627519,982,71,66,28,38,1.15,2.0,4.0,4.0,1.71,3.15,0.3949,0.6598,0.7345,0.6411,1.3189,2.3771
-23.6,-44.0,0.7,0.99,2.074,0.3108,0.093444,0.623142,976,70,64,29,35,1.06,2.11,4.0,5.0,1.6,3.3,0.3837,0.6475,0.715,0.5889,1.3672,2.3594
-23.4,-44.4,0.7,0.99,1.86,0.400814,0.076993,0.647998,954,74,69,9,60,1.82,1.8,3.05,5.0,1.62,3.0,0.3762,0.6565,0.7699,0.5848,1.334,1.8466
-23.4,-44.2,0.7,0.99,1.92,0.37593,0.079425,0.644203,966,71,66,12,54,1.64,1.91,4.0,5.0,1.59,3.0,0.3928,0.6863,0.7854,0.6127,1.346,2.4987
-23.4,-44.0,0.7,0.99,1.96,0.353949,0.081787,0.638865,974,70,65,18,47,1.42,1.98,4.0,5.0,1.64,3.0,0.3975,0.6692,0.7854,0.6376,1.3342,2.481
-23.4,-43.8,0.7,0.99,1.99,0.336629,0.083449,0.631576,974,69,64,23,41,1.24,1.98,4.0,4.0,1.68,3.0,0.4028,0.6529,0.7769,0.6645,1.3246,2.4609
-23.4,-43.6,0.7,0.99,2.02,0.323298,0.085872,0.625777,971,70,65,28,37,1.12,2.05,4.0,4.0,1.68,3.2,0.4086,0.6561,0.7691,0.654,1.3965,2.4131
-23.4,-43.4,0.7,0.99,2.05,0.310249,0.088391,0.622132,969,69,62,28,34,1.03,2.09,4.0,4.0,1.62,3.35,0.4032,0.6543,0.7642,0.614,1.4475,2.3533
-23.4,-43.2,0.7,0.99,2.09,0.298429,0.092378,0.620257,975,70,64,35,29,0.88,2.14,4.0,5.0,1.62,3.6,0.3858,0.6517,0.7397,0.5913,1.5398,2.2726
-23.4,-43.0,0.7,0.99,2.12,0.291593,0.101685,0.619911,969,71,65,39,26,0.79,2.0,4.0,5.0,1.65,3.75,0.3712,0.6338,0.6997,0.5769,1.5086,2.2106
-23.4,-42.8,0.7,0.99,2.16,0.286174,0.115117,0.620806,980,71,62,41,21,0.64,1.9,4.0,5.0,1.57,4.0,0.3576,0.6399,0.6599,0.5481,1.5644,2.1552
-23.4,-42.6,0.7,0.99,2.2,0.284754,0.125938,0.62258,981,66,55,40,15,0.45,1.87,3.3,4.0,1.67,3.3,0.3229,0.6242,0.6246,0.5594,1.6826,2.1402
-23.4,-42.2,0.7,0.99,2.26,0.285201,0.126278,0.631304,982,65,52,39,13,0.39,1.92,3.8,5.0,1.54,2.4,0.3358,0.5977,0.6067,0.5045,1.2577,1.6568
-23.4,-42.0,0.7,0.99,2.29,0.279606,0.116984,0.63872,984,67,53,40,13,0.39,1.92,3.8,5.0,1.54,2.4,0.333,0.6081,0.6191,0.5053,1.2755,1.6627
-23.2,-44.4,0.7,0.99,1.42,0.43957,0.076103,0.671855,966,80,75,7,68,2.06,1.65,3.0,4.0,1.51,3.0,0.3515,0.6096,0.751,0.5385,1.1362,1.8696
-23.2,-44.2,0.7,0.99,1.56,0.426051,0.073048,0.654414,971,76,71,7,64,1.94,1.75,3.0,5.0,1.58,3.0,0.3954,0.6687,0.8085,0.6168,1.3768,1.9604
-23.2,-44.0,0.7,0.99,1.63,0.409766,0.071939,0.655431,961,74,69,7,62,1.88,1.81,3.0,5.0,1.63,3.0,0.3713,0.6393,0.7894,0.5927,1.3275,1.8765
-23.2,-43.8,0.7,0.99,1.78,0.394202,0.072611,0.642301,965,72,67,10,57,1.73,1.88,4.0,5.0,1.63,3.0,0.3953,0.6775,0.8142,0.6335,1.379,1.9645
-23.2,-43.6,0.7,0.99,1.86,0.377501,0.07345,0.635576,961,68,63,13,50,1.52,2.02,4.0,5.0,1.7,3.0,0.4193,0.7059,0.8385,0.6885,1.3869,2.0383
-23.2,-43.4,0.7,0.99,1.9,0.359715,0.074073,0.633069,968,68,63,18,45,1.36,2.04,4.0,5.0,1.76,3.0,0.4302,0.6965,0.8537,0.7042,1.381,2.0461
-23.2,-43.2,0.7,0.99,1.95,0.343404,0.073207,0.632665,967,69,64,21,43,1.3,1.98,3.9,5.0,1.7,3.0,0.4251,0.6826,0.8569,0.6825,1.3739,2.0231
-23.2,-43.0,0.7,0.99,1.99,0.331272,0.07587,0.633021,970,70,65,22,43,1.3,1.98,3.9,5.0,1.67,3.0,0.409,0.6613,0.8288,0.6475,1.3589,1.9644
-23.2,-42.8,0.7,0.99,2.03,0.319505,0.085791,0.63375,967,72,66,29,37,1.12,2.0,4.0,5.0,1.62,3.0,0.402,0.647,0.7901,0.6273,1.3777,1.8707
-23.2,-42.6,0.7,0.99,2.08,0.309379,0.097424,0.635982,970,72,64,36,28,0.85,2.14,3.65,5.0,1.61,3.0,0.3894,0.656,0.7515,0.5857,1.5675,1.8091
-23.2,-42.4,0.7,0.99,2.12,0.303473,0.10425,0.640332,988,72,65,40,25,0.76,1.92,3.0,4.0,1.64,3.0,0.3908,0.6474,0.7175,0.6021,1.5897,1.7953
-23.2,-42.2,0.7,0.99,2.17,0.300455,0.104448,0.647502,980,71,66,45,21,0.64,1.81,3.0,3.0,1.62,3.0,0.4122,0.6539,0.7047,0.6375,1.6493,1.7826
-23.2,-42.0,0.7,0.99,2.22,0.298649,0.100016,0.65814,972,72,66,42,24,0.73,1.67,3.0,3.0,1.46,3.0,0.3648,0.6472,0.7008,0.5497,1.5341,1.7639
-23.2,-41.8,0.7,0.99,2.25,0.298482,0.094509,0.669163,979,72,65,42,23,0.7,1.65,3.9,4.0,1.43,3.0,0.3645,0.6593,0.6976,0.533,1.5361,1.7582
-23.0,-44.4,0.7,0.99,0.57,0.462839,0.074324,0.697688,997,81,75,5,70,2.12,1.64,3.0,4.0,1.51,3.0,0.2299,0.4856,0.5714,0.3686,0.9312,1.3755
-23.0,-44.0,0.7,0.99,0.78,0.463417,0.070787,0.752706,1009,82,76,12,64,1.94,1.64,3.0,4.0,1.5,3.0,0.2351,0.4575,0.6093,0.3592,0.917,1.3656
-23.0,-43.4,0.7,0.99,1.32,0.428965,0.067241,0.637959,975,75,71,8,63,1.91,1.78,3.0,5.0,1.67,3.0,0.3695,0.5949,0.8097,0.6112,1.2802,1.9402
-23.0,-43.2,0.7,0.99,1.43,0.416117,0.066532,0.647089,983,72,68,8,60,1.82,1.87,4.0,5.0,1.7,3.0,0.3809,0.6256,0.8415,0.6415,1.381,2.0167
-23.0,-43.0,0.7,0.99,1.63,0.403906,0.0645,0.643499,961,71,66,10,56,1.7,1.91,4.0,5.0,1.73,3.0,0.414,0.6985,0.8864,0.6881,1.4688,2.1129
-23.0,-42.8,0.7,0.99,1.74,0.389164,0.06449,0.641843,963,72,67,12,55,1.67,1.91,4.0,5.0,1.75,3.0,0.4208,0.7059,0.908,0.6893,1.4867,2.1122
-23.0,-42.6,0.7,0.99,1.8,0.37622,0.06902,0.643954,976,72,67,19,48,1.45,1.96,4.0,5.0,1.69,3.0,0.4311,0.7213,0.8955,0.6836,1.4736,2.08
-23.0,-42.4,0.7,0.99,1.86,0.366525,0.073523,0.648192,973,73,68,25,43,1.3,1.88,3.0,5.0,1.67,3.0,0.4418,0.7193,0.8683,0.7077,1.4592,2.0632
-23.0,-42.2,0.7,0.99,1.9,0.360602,0.077186,0.656045,978,72,68,25,43,1.3,1.86,3.0,6.0,1.58,3.0,0.43,0.7023,0.8558,0.6432,1.4275,2.0568
-23.0,-42.0,0.7,0.99,2.01,0.353099,0.080343,0.677808,977,69,65,26,39,1.18,1.95,4.0,6.0,1.54,3.0,0.3833,0.6692,0.8331,0.5631,1.3835,1.9355
-23.0,-41.8,0.7,0.99,2.13,0.337551,0.086782,0.697625,966,71,65,34,31,0.94,1.81,3.5,4.0,1.52,3.0,0.3481,0.6594,0.7987,0.5195,1.475,1.7758
-23.0,-41.6,0.7,0.99,2.19,0.326541,0.088549,0.706657,965,72,66,37,29,0.88,1.72,4.0,4.0,1.41,2.6,0.3536,0.6546,0.7706,0.4833,1.256,1.7644
-22.8,-41.8,0.7,0.99,1.7,0.367896,0.081481,0.739432,968,71,63,27,36,1.09,1.75,3.25,4.0,1.36,3.0,0.2209,0.4505,0.6295,0.3323,0.9907,1.2001
-22.8,-41.6,0.7,0.99,2.03,0.352583,0.084002,0.741352,967,70,65,34,31,0.94,1.77,4.0,4.0,1.52,3.0,0.3074,0.5808,0.7536,0.4535,1.2698,1.5752
-22.6,-41.8,0.7,0.99,1.5,0.382561,0.077958,0.776155,942,70,60,27,33,1.0,1.73,3.4,4.0,1.36,2.4,0.1739,0.3869,0.5113,0.2655,0.8263,0.9769
-22.6,-41.6,0.7,0.99,1.88,0.369437,0.079104,0.773195,949,70,63,31,32,0.97,1.75,3.45,4.0,1.53,3.0,0.2997,0.5468,0.6854,0.4455,1.1676,1.4714
-22.6,-41.4,0.7,0.99,2.02,0.35712,0.078402,0.769919,970,68,60,33,27,0.82,1.96,4.0,4.0,1.67,3.0,0.3435,0.5911,0.731,0.5331,1.2822,1.5723
-22.4,-41.6,0.7,0.99,1.42,0.389513,0.074417,0.796984,950,71,62,28,34,1.03,1.88,3.35,4.0,1.56,3.0,0.2478,0.4663,0.5959,0.3921,1.0287,1.3872
-22.4,-41.4,0.7,0.99,1.75,0.37808,0.073609,0.795288,955,72,64,31,33,1.0,1.82,3.4,4.0,1.58,3.0,0.3105,0.5575,0.6774,0.4763,1.2184,1.6192
-22.4,-41.2,0.7,0.99,1.96,0.365077,0.075151,0.790209,975,71,63,33,30,0.91,1.87,4.0,4.0,1.6,3.0,0.3311,0.593,0.6977,0.5085,1.2501,1.6731
-22.4,-41.0,0.7,0.99,2.08,0.341893,0.090727,0.78413,994,69,60,36,24,0.73,2.0,4.0,5.0,1.46,2.85,0.3167,0.5786,0.6596,0.4646,1.2014,1.7723
-22.4,-40.8,0.7,0.99,2.17,0.317986,0.109212,0.775374,1001,68,61,45,16,0.48,1.69,4.25,5.0,1.5,3.25,0.3623,0.5726,0.6147,0.5132,1.3187,1.7459
-22.2,-41.4,0.7,0.99,1.08,0.404216,0.06814,0.813512,963,73,67,30,37,1.12,1.68,3.0,4.0,1.51,3.0,0.2249,0.4336,0.5419,0.3683,0.9435,1.1726
-22.2,-41.2,0.7,0.99,1.72,0.396361,0.066784,0.813636,962,73,66,29,37,1.12,1.73,3.2,4.0,1.54,3.0,0.305,0.5511,0.6467,0.4668,1.1488,1.5629
-22.2,-41.0,0.7,0.99,1.95,0.374686,0.076442,0.810288,982,71,64,34,30,0.91,1.77,3.55,4.0,1.53,3.0,0.311,0.5785,0.6455,0.4637,1.1201,1.1838
-22.2,-40.8,0.7,0.99,2.08,0.347805,0.090461,0.806583,1000,66,59,34,25,0.76,1.96,3.8,4.0,1.44,3.0,0.3037,0.5383,0.6159,0.4195,1.1917,1.5356
-22.2,-40.6,0.7,0.99,2.16,0.318968,0.100495,0.798453,1023,69,61,45,16,0.48,1.75,4.25,5.0,1.56,3.25,0.3573,0.5345,0.5832,0.5257,1.5705,1.649
-22.0,-40.8,0.7,0.99,1.88,0.381815,0.082928,0.854338,1009,73,64,38,26,0.79,1.69,3.75,4.0,1.54,3.0,0.264,0.4645,0.5207,0.393,1.1093,1.2874
-22.0,-40.6,0.7,0.99,2.06,0.354961,0.090093,0.83564,1005,71,62,41,21,0.64,1.71,4.0,4.0,1.38,3.0,0.3006,0.4974,0.5374,0.4064,1.1022,1.3934
-21.8,-40.8,0.7,0.99,1.63,0.390375,0.088736,0.903909,1010,72,58,33,25,0.76,1.68,3.0,4.0,1.4,2.8,0.1932,0.3477,0.3749,0.2647,0.66,0.8828
-21.8,-40.6,0.7,0.99,1.91,0.367329,0.097986,0.879408,1011,70,57,37,20,0.61,1.8,4.0,4.0,1.45,3.0,0.2433,0.4257,0.4312,0.3383,0.8799,1.1122
-21.6,-40.8,0.7,0.99,1.53,0.387107,0.093247,0.934757,980,75,53,31,22,0.67,1.41,3.0,3.0,1.32,2.95,0.1772,0.2757,0.2863,0.2161,0.5153,0.6763
-21.6,-40.6,0.7,0.99,1.81,0.362942,0.107174,0.907387,995,70,56,36,20,0.61,1.65,3.05,4.0,1.35,2.05,0.2079,0.3399,0.3468,0.2553,0.6126,0.6961
-21.4,-40.8,0.7,0.99,1.46,0.393443,0.090808,0.948337,941,76,50,30,20,0.61,1.45,3.0,3.0,1.35,3.0,0.1681,0.2532,0.257,0.2087,0.4615,0.5831
-21.4,-40.6,0.7,0.99,1.71,0.36451,0.103684,0.920794,980,70,54,35,19,0.58,1.58,3.0,3.0,1.37,2.1,0.1808,0.2935,0.3096,0.2306,0.5243,0.5975
-21.2,-40.8,0.7,0.99,1.39,0.407269,0.085202,0.95555,920,78,50,27,23,0.7,1.43,2.9,3.0,1.3,2.0,0.1548,0.2728,0.2748,0.2086,0.4643,0.4791
-21.2,-40.6,0.7,0.99,1.57,0.372986,0.100793,0.928676,948,72,49,31,18,0.55,1.5,3.0,3.0,1.39,2.15,0.1557,0.2545,0.2763,0.2266,0.4517,0.5126
-21.2,-40.4,0.7,0.99,1.79,0.332395,0.131564,0.886068,951,63,52,42,10,0.3,1.8,3.55,4.0,1.6,2.55,0.1932,0.2818,0.285,0.227,0.4873,0.537
-21.0,-40.8,0.7,0.99,1.22,0.424294,0.087034,0.951343,873,76,52,27,25,0.76,1.48,2.8,3.0,1.4,2.0,0.162,0.2819,0.2969,0.2345,0.5048,0.5183
-21.0,-40.6,0.7,0.99,1.4,0.384989,0.103195,0.932945,883,75,54,34,20,0.61,1.6,3.0,3.0,1.45,3.0,0.1554,0.2547,0.2736,0.2196,0.4612,0.4727
-21.0,-40.4,0.7,0.99,1.69,0.339973,0.126646,0.898775,943,64,49,37,12,0.36,1.75,3.45,4.0,1.5,2.45,0.1479,0.2462,0.2535,0.1972,0.4308,0.4808
-21.0,-40.2,0.7,0.99,1.9,0.316719,0.158401,0.871251,946,54,40,33,7,0.21,1.71,3.4,4.0,1.14,1.7,0.1709,0.2045,0.2045,0.1424,0.2005,0.2034
-21.0,-29.4,0.7,0.99,2.34,0.315867,0.19255,0.770816,924,9,6,5,1,0.03,2.0,2.0,2.0,1.0,1.0,0.0349,0.0349,0.0349,0.0608,0.0608,0.0608
-21.0,-29.2,0.7,0.99,2.334,0.312539,0.189978,0.764102,923,14,8,7,1,0.03,3.0,3.0,3.0,1.0,1.0,0.0398,0.0398,0.0398,0.0632,0.0632,0.0632
-20.8,-40.4,0.7,0.99,1.55,0.35602,0.116691,0.910979,922,68,51,36,15,0.45,1.6,3.3,4.0,1.4,2.3,0.1545,0.2448,0.2535,0.1839,0.3745,0.4243
-20.8,-40.2,0.7,0.99,1.79,0.327114,0.142521,0.890282,940,53,44,36,8,0.24,2.12,3.65,4.0,1.5,2.0,0.1616,0.2224,0.2298,0.1983,0.3487,0.3799
-20.8,-40.0,0.7,0.99,1.96,0.318337,0.176918,0.875556,947,48,35,34,1,0.03,4.0,4.0,4.0,1.0,1.0,0.1772,0.1772,0.1772,0.1288,0.1288,0.1288
-20.8,-29.6,0.7,0.99,2.33,0.312983,0.194201,0.790647,920,13,5,5,0,0.0,,,,,,,,,0.0,0.0,0.0
-20.8,-29.4,0.7,0.99,2.33,0.313782,0.192634,0.782981,917,12,7,7,0,0.0,,,,,,,,,0.0,0.0,0.0
-20.8,-29.2,0.7,0.99,2.33,0.310255,0.189812,0.774233,910,16,9,8,1,0.03,1.0,1.0,1.0,1.0,1.0,0.0217,0.0217,0.0217,0.0428,0.0428,0.0428
-20.8,-29.0,0.7,0.99,2.33,0.304787,0.186499,0.769028,903,26,10,9,1,0.03,2.0,2.0,2.0,1.0,1.0,0.0244,0.0244,0.0244,0.0383,0.0383,0.0383
-20.8,-28.8,0.7,0.99,2.33,0.302096,0.184031,0.765312,906,18,8,5,3,0.09,2.67,3.9,4.0,1.0,1.0,0.0727,0.146,0.1578,0.0527,0.065,0.0651
-20.8,-28.6,0.7,0.99,2.33,0.300268,0.18235,0.762137,904,17,8,6,2,0.06,4.0,4.0,4.0,1.5,1.95,0.1015,0.1508,0.1562,0.1288,0.1851,0.1914
-20.6,-40.4,0.7,0.99,1.3,0.385961,0.107236,0.91261,873,72,50,30,20,0.61,1.65,3.0,3.0,1.4,2.05,0.1381,0.2328,0.2733,0.1929,0.4272,0.4681
-20.6,-40.2,0.7,0.99,1.6,0.341237,0.129715,0.907403,906,58,50,36,14,0.42,1.86,3.35,4.0,1.43,2.0,0.1154,0.2095,0.2314,0.1536,0.2925,0.3183
-20.6,-40.0,0.7,0.99,1.86,0.31967,0.163419,0.89504,917,52,41,37,4,0.12,1.75,3.55,4.0,1.0,1.0,0.1539,0.1987,0.2047,0.1138,0.1664,0.1674
-20.6,-29.8,0.7,0.99,2.32,0.311151,0.193309,0.810998,917,13,7,6,1,0.03,2.0,2.0,2.0,2.0,2.0,0.1162,0.1162,0.1162,0.2202,0.2202,0.2202
-20.6,-29.6,0.7,0.99,2.33,0.30972,0.193038,0.804873,913,12,7,6,1,0.03,1.0,1.0,1.0,1.0,1.0,0.1028,0.1028,0.1028,0.0656,0.0656,0.0656
-20.6,-29.4,0.7,0.99,2.33,0.309976,0.192132,0.79752,909,12,7,7,0,0.0,,,,,,,,,0.0,0.0,0.0
-20.6,-29.2,0.7,0.99,2.33,0.306612,0.189232,0.794126,908,20,7,7,0,0.0,,,,,,,,,0.0,0.0,0.0
-20.6,-29.0,0.7,0.99,2.33,0.302194,0.185154,0.78518,908,18,9,8,1,0.03,2.0,2.0,2.0,1.0,1.0,0.1533,0.1533,0.1533,0.0652,0.0652,0.0652
-20.6,-28.8,0.7,0.99,2.33,0.297836,0.182085,0.777077,904,16,9,7,2,0.06,4.0,4.0,4.0,1.5,1.95,0.0957,0.148,0.1538,0.1212,0.1817,0.1884
-20.6,-28.6,0.7,0.99,2.33,0.294754,0.179973,0.775593,901,16,7,5,2,0.06,4.0,4.0,4.0,1.5,1.95,0.0976,0.1474,0.153,0.1226,0.1822,0.1888
-20.4,-40.2,0.7,0.99,1.36,0.359068,0.121862,0.917585,887,64,53,37,16,0.48,1.62,2.25,3.0,1.44,2.0,0.1219,0.2329,0.2361,0.1549,0.288,0.2968
-20.4,-40.0,0.7,0.99,1.77,0.325835,0.152222,0.907028,889,53,46,37,9,0.27,2.0,4.0,4.0,1.11,1.6,0.1297,0.2149,0.2283,0.1234,0.2326,0.2684
-20.4,-39.8,0.7,0.99,1.934,0.320872,0.183255,0.894402,899,46,39,38,1,0.03,1.0,1.0,1.0,1.0,1.0,0.1239,0.1239,0.1239,0.1308,0.1308,0.1308
-20.4,-29.6,0.7,0.99,2.32,0.307814,0.189982,0.820567,913,12,7,6,1,0.03,2.0,2.0,2.0,1.0,1.0,0.1603,0.1603,0.1603,0.0654,0.0654,0.0654
-20.4,-29.4,0.7,0.99,2.32,0.305715,0.188882,0.819149,909,13,5,4,1,0.03,3.0,3.0,3.0,2.0,2.0,0.1577,0.1577,0.1577,0.1974,0.1974,0.1974
-20.4,-29.2,0.7,0.99,2.32,0.301626,0.186187,0.815344,905,12,6,5,1,0.03,3.0,3.0,3.0,2.0,2.0,0.1541,0.1541,0.1541,0.1938,0.1938,0.1938
-20.4,-29.0,0.7,0.99,2.32,0.297553,0.18256,0.813267,907,12,6,5,1,0.03,4.0,4.0,4.0,2.0,2.0,0.1533,0.1533,0.1533,0.1938,0.1938,0.1938
-20.4,-28.8,0.7,0.99,2.33,0.292721,0.179635,0.802867,900,17,7,6,1,0.03,5.0,5.0,5.0,2.0,2.0,0.1502,0.1502,0.1502,0.1904,0.1904,0.1904
-20.4,-28.6,0.7,0.99,2.33,0.288577,0.177482,0.791805,891,16,7,6,1,0.03,4.0,4.0,4.0,2.0,2.0,0.1501,0.1501,0.1501,0.1928,0.1928,0.1928
-20.2,-40.0,0.7,0.99,1.69,0.338936,0.144534,0.917964,850,57,45,32,13,0.39,2.31,4.0,4.0,1.23,2.0,0.1255,0.2155,0.2495,0.1421,0.2352,0.2561
-20.2,-39.8,0.7,0.99,1.87,0.321745,0.173014,0.902548,875,52,44,41,3,0.09,1.0,1.0,1.0,1.0,1.0,0.1065,0.1224,0.1241,0.0755,0.1269,0.1309
-20.2,-29.6,0.7,0.99,2.31,0.301827,0.185897,0.833773,911,15,8,7,1,0.03,3.0,3.0,3.0,2.0,2.0,0.1583,0.1583,0.1583,0.2077,0.2077,0.2077
-20.2,-29.4,0.7,0.99,2.32,0.298978,0.184233,0.830219,894,12,7,6,1,0.03,3.0,3.0,3.0,2.0,2.0,0.1553,0.1553,0.1553,0.2026,0.2026,0.2026
-20.2,-29.2,0.7,0.99,2.32,0.296539,0.181945,0.82612,900,14,8,7,1,0.03,3.0,3.0,3.0,2.0,2.0,0.1542,0.1542,0.1542,0.1991,0.1991,0.1991
-20.2,-29.0,0.7,0.99,2.32,0.292946,0.179321,0.820817,903,14,7,6,1,0.03,4.0,4.0,4.0,1.0,1.0,0.139,0.139,0.139,0.1263,0.1263,0.1263
-20.2,-28.8,0.7,0.99,2.32,0.287707,0.177051,0.813605,903,17,6,5,1,0.03,4.0,4.0,4.0,1.0,1.0,0.1386,0.1386,0.1386,0.1259,0.1259,0.1259
-20.2,-28.6,0.7,0.99,2.32,0.283883,0.175269,0.804866,900,14,5,4,1,0.03,9.0,9.0,9.0,1.0,1.0,0.223,0.223,0.223,0.127,0.127,0.127
-20.0,-40.0,0.7,0.99,1.61,0.355846,0.136669,0.927341,827,58,47,32,15,0.45,2.07,3.3,4.0,1.27,2.0,0.1354,0.233,0.2702,0.1658,0.3353,0.3552
-20.0,-39.8,0.7,0.99,1.79,0.325839,0.157486,0.912863,855,56,47,41,6,0.18,1.83,3.5,4.0,1.17,1.75,0.1377,0.2372,0.2548,0.1266,0.1939,0.2046
-20.0,-39.6,0.7,0.99,1.92,0.320473,0.178778,0.908498,879,49,39,38,1,0.03,1.0,1.0,1.0,1.0,1.0,0.134,0.134,0.134,0.1411,0.1411,0.1411
-19.8,-40.0,0.7,0.99,1.34,0.380776,0.129643,0.935606,828,62,51,33,18,0.55,2.11,4.0,4.0,1.5,2.15,0.1677,0.3242,0.4193,0.2356,0.5583,0.7024
-19.8,-39.8,0.7,0.99,1.61,0.352128,0.140038,0.931915,847,57,49,34,15,0.45,2.2,4.0,4.0,1.33,2.0,0.1557,0.3219,0.4116,0.191,0.3759,0.4396
-19.8,-39.6,0.7,0.99,1.82,0.32627,0.160036,0.918094,872,57,46,39,7,0.21,2.0,4.1,5.0,1.14,1.7,0.152,0.3219,0.3735,0.122,0.2032,0.2255
-19.8,-39.4,0.7,0.99,1.92,0.319991,0.174987,0.918504,874,47,39,36,3,0.09,1.33,1.9,2.0,1.0,1.0,0.1661,0.2964,0.3187,0.0895,0.0928,0.0931
-19.6,-39.6,0.7,0.99,1.68,0.349754,0.147066,0.982108,879,59,49,36,13,0.39,1.85,2.8,4.0,1.23,2.0,0.1493,0.3197,0.3964,0.1655,0.3419,0.4147
-19.6,-39.4,0.7,0.99,1.81,0.327973,0.160308,0.965226,889,56,47,43,4,0.12,1.75,2.0,2.0,1.0,1.0,0.1797,0.3222,0.3472,0.0558,0.1235,0.1339
-19.4,-39.6,0.7,0.99,1.39,0.368849,0.143362,1.115143,900,62,52,38,14,0.42,1.79,3.35,4.0,1.21,2.0,0.1098,0.278,0.347,0.1289,0.2883,0.3835
-19.4,-39.4,0.7,0.99,1.7,0.344057,0.152701,1.095759,894,58,49,42,7,0.21,1.71,2.0,2.0,1.0,1.0,0.1573,0.3193,0.3482,0.0886,0.1561,0.1611
-19.2,-39.6,0.7,0.99,1.37,0.376666,0.145541,1.322787,913,61,46,42,4,0.12,2.0,2.0,2.0,1.0,1.0,0.1564,0.3053,0.3215,0.1035,0.1879,0.1979
-19.2,-39.4,0.7,0.99,1.67,0.35232,0.150887,1.272525,884,61,50,44,6,0.18,1.83,2.0,2.0,1.0,1.0,0.1625,0.3211,0.344,0.0697,0.1538,0.1593
-19.0,-39.6,0.7,0.99,1.28,0.379,0.144878,1.481503,892,61,48,45,3,0.09,2.0,2.0,2.0,1.0,1.0,0.1829,0.2707,0.2789,0.1169,0.1714,0.1778
-19.0,-39.4,0.7,0.99,1.64,0.358038,0.149763,1.433717,853,59,50,46,4,0.12,2.0,2.0,2.0,1.0,1.0,0.1856,0.3035,0.3136,0.0866,0.1414,0.1448
-18.8,-39.6,0.7,0.99,1.1,0.383885,0.144824,1.620159,891,61,48,45,3,0.09,2.0,2.0,2.0,1.0,1.0,0.1483,0.2365,0.2461,0.1019,0.1541,0.1609
-18.8,-39.4,0.7,0.99,1.53,0.363749,0.14954,1.571999,853,59,50,46,4,0.12,2.0,2.0,2.0,1.0,1.0,0.1585,0.2661,0.2772,0.0713,0.1291,0.1338
-18.6,-39.6,0.7,0.99,1.1,0.392729,0.144373,1.739896,893,61,49,46,3,0.09,2.0,2.0,2.0,1.0,1.0,0.164,0.2498,0.2565,0.1039,0.1633,0.1718
-18.6,-39.4,0.7,0.99,1.46,0.370456,0.14803,1.684572,874,58,49,45,4,0.12,2.0,2.0,2.0,1.0,1.0,0.1723,0.2845,0.2951,0.0748,0.1572,0.1672
-18.4,-39.6,0.7,0.99,1.18,0.407007,0.143022,1.841177,833,64,54,51,3,0.09,2.33,2.9,3.0,1.33,1.9,0.2134,0.3801,0.4029,0.2097,0.4392,0.4772
-18.4,-39.4,0.7,0.99,1.43,0.384634,0.145254,1.785987,864,63,57,54,3,0.09,2.33,2.9,3.0,1.33,1.9,0.2467,0.4085,0.4295,0.2036,0.418,0.4517
-18.2,-39.4,0.7,0.99,1.28,0.403572,0.14188,1.862386,817,64,59,56,3,0.09,2.67,3.0,3.0,1.33,1.9,0.2392,0.3919,0.4106,0.2277,0.4614,0.5012
-18.2,-39.2,0.7,0.99,1.47,0.386003,0.144437,1.780442,839,62,57,53,4,0.12,2.5,3.0,3.0,1.25,1.85,0.2202,0.3946,0.4213,0.1665,0.417,0.4694
-18.2,-39.0,0.7,0.99,1.6,0.376593,0.14565,1.690964,847,60,54,51,3,0.09,2.33,2.9,3.0,1.33,1.9,0.2643,0.4105,0.4299,0.1741,0.4096,0.4468
-18.0,-39.4,0.7,0.99,1.02,0.428005,0.137817,1.905866,811,63,60,56,4,0.12,2.75,3.0,3.0,1.5,2.0,0.1988,0.3716,0.3977,0.2546,0.5441,0.5822
-18.0,-39.2,0.7,0.99,1.33,0.41288,0.139275,1.824537,814,61,58,54,4,0.12,2.75,3.0,3.0,1.5,2.0,0.2352,0.4132,0.4389,0.2689,0.5314,0.5559
-18.0,-39.0,0.7,0.99,1.48,0.398718,0.141995,1.729094,852,59,54,51,3,0.09,2.33,2.9,3.0,1.33,1.9,0.2816,0.4265,0.4452,0.2085,0.4717,0.5121
-18.0,-38.8,0.7,0.99,1.5,0.382177,0.144966,1.637309,877,54,49,46,3,0.09,2.0,2.0,2.0,1.33,1.9,0.2402,0.3854,0.4064,0.1787,0.4128,0.449
-17.8,-39.0,0.7,0.99,1.31,0.397163,0.14428,1.712443,872,58,54,51,3,0.09,2.0,2.0,2.0,1.33,1.9,0.2425,0.3734,0.3909,0.1961,0.4489,0.4876
-17.8,-38.8,0.7,0.99,1.4,0.373105,0.152091,1.616846,882,53,46,44,2,0.06,2.5,2.95,3.0,1.5,1.95,0.2458,0.3291,0.3384,0.2212,0.3674,0.3836
-17.6,-39.0,0.7,0.99,0.99,0.386391,0.155088,1.633249,871,56,50,48,2,0.06,2.5,2.95,3.0,1.5,1.95,0.187,0.2757,0.2855,0.1873,0.3271,0.3427
-17.6,-38.8,0.7,0.99,1.41,0.359402,0.163049,1.538098,840,52,44,43,1,0.03,2.0,2.0,2.0,2.0,2.0,0.2764,0.2764,0.2764,0.3004,0.3004,0.3004
-17.4,-39.0,0.7,0.99,1.16,0.378449,0.161027,1.547085,836,54,46,44,2,0.06,2.0,2.0,2.0,1.5,1.95,0.1566,0.2201,0.2271,0.1598,0.2816,0.2951
-17.4,-38.8,0.7,0.99,1.48,0.351919,0.168466,1.456344,813,51,40,39,1,0.03,2.0,2.0,2.0,2.0,2.0,0.2561,0.2561,0.2561,0.26,0.26,0.26
-17.2,-39.0,0.7,0.99,1.29,0.374308,0.165297,1.474319,809,56,46,44,2,0.06,2.0,2.0,2.0,1.5,1.95,0.1707,0.2176,0.2229,0.1764,0.3021,0.3161
-17.2,-38.8,0.7,0.99,1.49,0.341281,0.175932,1.373565,806,43,38,37,1,0.03,2.0,2.0,2.0,2.0,2.0,0.226,0.226,0.226,0.2427,0.2427,0.2427
-17.0,-39.0,0.7,0.99,1.23,0.372631,0.1663,1.415185,813,55,47,45,2,0.06,2.5,2.95,3.0,1.5,1.95,0.1728,0.2092,0.2132,0.1923,0.3145,0.3281
-17.0,-38.8,0.7,0.99,1.47,0.33701,0.17962,1.312467,791,45,38,37,1,0.03,2.0,2.0,2.0,1.0,1.0,0.1996,0.1996,0.1996,0.1695,0.1695,0.1695
-16.8,-39.0,0.7,0.99,1.23,0.371222,0.171997,1.366177,775,53,46,44,2,0.06,2.5,2.95,3.0,1.5,1.95,0.159,0.185,0.1878,0.1927,0.3153,0.3289
-16.8,-38.8,0.7,0.99,1.48,0.340059,0.180782,1.306837,767,43,38,37,1,0.03,2.0,2.0,2.0,1.0,1.0,0.1844,0.1844,0.1844,0.1877,0.1877,0.1877
-16.6,-39.0,0.7,0.99,1.02,0.378,0.174012,1.357535,791,55,46,44,2,0.06,3.0,3.0,3.0,1.5,1.95,0.138,0.191,0.1969,0.1946,0.3322,0.3475
-16.6,-38.8,0.7,0.99,1.51,0.343039,0.179433,1.324238,762,45,38,37,1,0.03,2.0,2.0,2.0,1.0,1.0,0.1832,0.1832,0.1832,0.2033,0.2033,0.2033
-16.4,-38.8,0.7,0.99,1.44,0.353368,0.17702,1.338481,775,48,39,38,1,0.03,2.0,2.0,2.0,1.0,1.0,0.1927,0.1927,0.1927,0.218,0.218,0.218
-16.4,-38.6,0.7,0.99,1.59,0.333769,0.180393,1.295215,772,42,35,34,1,0.03,2.0,2.0,2.0,1.0,1.0,0.1499,0.1499,0.1499,0.1861,0.1861,0.1861
-16.2,-38.8,0.7,0.99,1.23,0.366271,0.175332,1.355504,794,51,42,41,1,0.03,2.0,2.0,2.0,2.0,2.0,0.2063,0.2063,0.2063,0.2223,0.2223,0.2223
-16.2,-38.6,0.7,0.99,1.54,0.34271,0.178842,1.323611,788,46,39,38,1,0.03,2.0,2.0,2.0,1.0,1.0,0.1617,0.1617,0.1617,0.2009,0.2009,0.2009
-16.0,-38.8,0.7,0.99,1.17,0.370151,0.176236,1.351447,789,51,42,40,2,0.06,2.5,2.95,3.0,1.5,1.95,0.1412,0.1804,0.1848,0.1391,0.2003,0.2071
-16.0,-38.6,0.7,0.99,1.55,0.340646,0.184015,1.323896,784,42,35,34,1,0.03,2.0,2.0,2.0,1.0,1.0,0.1374,0.1374,0.1374,0.183,0.183,0.183
-15.8,-38.8,0.7,0.99,1.14,0.357014,0.183285,1.310747,800,50,36,35,1,0.03,2.0,2.0,2.0,2.0,2.0,0.1213,0.1213,0.1213,0.1481,0.1481,0.1481
-15.8,-38.6,0.7,0.99,1.61,0.32766,0.192251,1.290048,762,35,25,25,0,0.0,,,,,,,,,0.0,0.0,0.0
-15.8,-38.4,0.7,0.99,1.67,0.322092,0.204095,1.290004,771,25,18,18,0,0.0,,,,,,,,,0.0,0.0,0.0
-15.6,-38.8,0.7,0.99,1.32,0.346948,0.187608,1.3051,793,43,32,31,1,0.03,2.0,2.0,2.0,1.0,1.0,0.0826,0.0826,0.0826,0.125,0.125,0.125
-15.6,-38.6,0.7,0.99,1.61,0.324061,0.1975,1.289537,775,31,21,21,0,0.0,,,,,,,,,0.0,0.0,0.0
-15.4,-38.8,0.7,0.99,1.42,0.340436,0.191112,1.301436,782,39,30,30,0,0.0,,,,,,,,,0.0,0.0,0.0
-15.4,-38.6,0.7,0.99,1.61,0.322422,0.202938,1.292143,776,27,19,19,0,0.0,,,,,,,,,0.0,0.0,0.0
-15.2,-38.8,0.7,0.99,1.41,0.33474,0.196381,1.295797,767,40,29,29,0,0.0,,,,,,,,,0.0,0.0,0.0
-15.2,-38.6,0.7,0.99,1.62,0.320633,0.207514,1.295563,759,29,20,20,0,0.0,,,,,,,,,0.0,0.0,0.0
-15.0,-38.8,0.7,0.99,1.5,0.329965,0.200121,1.297176,744,36,24,24,0,0.0,,,,,,,,,0.0,0.0,0.0
-15.0,-38.6,0.7,0.99,1.63,0.320779,0.210182,1.300468,748,31,16,16,0,0.0,,,,,,,,,0.0,0.0,0.0
-14.8,-38.8,0.7,0.99,1.52,0.327773,0.203163,1.303494,725,36,24,24,0,0.0,,,,,,,,,0.0,0.0,0.0
-14.8,-38.6,0.7,0.99,1.64,0.322098,0.210939,1.306485,738,27,14,14,0,0.0,,,,,,,,,0.0,0.0,0.0
-14.6,-38.8,0.7,0.99,1.53,0.32824,0.204407,1.310174,716,35,24,24,0,0.0,,,,,,,,,0.0,0.0,0.0
-14.6,-38.6,0.7,0.99,1.65,0.323306,0.2105,1.313147,736,23,13,12,1,0.03,11.0,11.0,11.0,1.0,1.0,0.0674,0.0674,0.0674,0.0174,0.0174,0.0174
-14.4,-38.8,0.7,0.99,1.54,0.329901,0.204815,1.316916,722,34,24,23,1,0.03,1.0,1.0,1.0,1.0,1.0,0.0114,0.0114,0.0114,0.0151,0.0151,0.0151
-14.4,-38.6,0.7,0.99,1.654,0.323051,0.209373,1.320095,739,24,14,13,1,0.03,12.0,12.0,12.0,1.0,1.0,0.0808,0.0808,0.0808,0.0313,0.0313,0.0313
-14.2,-38.8,0.7,0.99,1.47,0.333404,0.203552,1.323417,712,36,27,26,1,0.03,1.0,1.0,1.0,1.0,1.0,0.0158,0.0158,0.0158,0.0196,0.0196,0.0196
-14.2,-38.6,0.7,0.99,1.65,0.323234,0.208024,1.326971,731,23,15,14,1,0.03,11.0,11.0,11.0,1.0,1.0,0.0791,0.0791,0.0791,0.0563,0.0563,0.0563
-14.0,-38.8,0.7,0.99,1.42,0.339547,0.203892,1.330248,749,39,29,28,1,0.03,1.0,1.0,1.0,1.0,1.0,0.017,0.017,0.017,0.0575,0.0575,0.0575
-14.0,-38.6,0.7,0.99,1.64,0.3249,0.207051,1.333567,728,27,16,15,1,0.03,11.0,11.0,11.0,2.0,2.0,0.1207,0.1207,0.1207,0.1599,0.1599,0.1599
-13.8,-38.8,0.7,0.99,1.37,0.34607,0.203897,1.3407,746,38,29,28,1,0.03,2.0,2.0,2.0,2.0,2.0,0.0719,0.0719,0.0719,0.1165,0.1165,0.1165
-13.8,-38.6,0.7,0.99,1.64,0.326845,0.206741,1.339513,715,27,17,16,1,0.03,11.0,11.0,11.0,2.0,2.0,0.1188,0.1188,0.1188,0.1815,0.1815,0.1815
-13.6,-38.8,0.7,0.99,1.36,0.351721,0.206297,1.343764,746,38,28,27,1,0.03,1.0,1.0,1.0,1.0,1.0,0.0672,0.0672,0.0672,0.0725,0.0725,0.0725
-13.6,-38.6,0.7,0.99,1.62,0.328939,0.206858,1.344172,708,36,21,20,1,0.03,2.0,2.0,2.0,2.0,2.0,0.1229,0.1229,0.1229,0.2067,0.2067,0.2067
-13.4,-38.8,0.7,0.99,1.35,0.356999,0.206623,1.34829,716,41,29,28,1,0.03,1.0,1.0,1.0,1.0,1.0,0.1095,0.1095,0.1095,0.0702,0.0702,0.0702
-13.4,-38.6,0.7,0.99,1.6,0.336075,0.206286,1.347042,691,40,29,28,1,0.03,2.0,2.0,2.0,2.0,2.0,0.1282,0.1282,0.1282,0.2182,0.2182,0.2182
-13.4,-38.4,0.7,0.99,1.69,0.321755,0.204509,1.350069,696,28,15,14,1,0.03,7.0,7.0,7.0,2.0,2.0,0.1262,0.1262,0.1262,0.2078,0.2078,0.2078
-13.2,-38.6,0.7,0.99,1.544,0.355094,0.204848,1.351313,632,42,30,29,1,0.03,1.0,1.0,1.0,1.0,1.0,0.1344,0.1344,0.1344,0.1063,0.1063,0.1063
-13.2,-38.4,0.7,0.99,1.65,0.33274,0.203496,1.350203,651,35,27,26,1,0.03,2.0,2.0,2.0,2.0,2.0,0.1346,0.1346,0.1346,0.2235,0.2235,0.2235
-13.2,-38.2,0.7,0.99,1.71,0.316887,0.200369,1.350511,664,28,15,14,1,0.03,7.0,7.0,7.0,2.0,2.0,0.1271,0.1271,0.1271,0.2045,0.2045,0.2045
-13.2,-38.0,0.7,0.99,1.76,0.30561,0.194694,1.350577,695,23,12,11,1,0.03,5.0,5.0,5.0,1.0,1.0,0.0507,0.0507,0.0507,0.0753,0.0753,0.0753
-13.0,-38.4,0.7,0.99,1.52,0.361607,0.201955,1.348136,635,41,34,33,1,0.03,1.0,1.0,1.0,1.0,1.0,0.1289,0.1289,0.1289,0.1053,0.1053,0.1053
-13.0,-38.2,0.7,0.99,1.66,0.334849,0.201245,1.348924,638,36,27,26,1,0.03,2.0,2.0,2.0,2.0,2.0,0.0974,0.0974,0.0974,0.1641,0.1641,0.1641
-13.0,-38.0,0.7,0.99,1.73,0.313425,0.197739,1.349592,676,30,16,15,1,0.03,6.0,6.0,6.0,1.0,1.0,0.0445,0.0445,0.0445,0.0615,0.0615,0.0615
-13.0,-37.8,0.7,0.99,1.78,0.299842,0.190653,1.350038,691,20,11,10,1,0.03,5.0,5.0,5.0,1.0,1.0,0.0361,0.0361,0.0361,0.0185,0.0185,0.0185
-12.8,-38.0,0.7,0.99,1.67,0.332342,0.200284,1.34956,648,35,28,27,1,0.03,1.0,1.0,1.0,1.0,1.0,0.0147,0.0147,0.0147,0.0355,0.0355,0.0355
-12.8,-37.8,0.7,0.99,1.75,0.308603,0.195262,1.349639,686,27,12,11,1,0.03,6.0,6.0,6.0,1.0,1.0,0.0363,0.0363,0.0363,0.0187,0.0187,0.0187
-12.6,-37.8,0.7,0.99,1.69,0.32646,0.199515,1.349527,663,32,21,21,0,0.0,,,,,,,,,0.0,0.0,0.0
-12.6,-37.6,0.7,0.99,1.78,0.302902,0.192322,1.351438,683,28,14,14,0,0.0,,,,,,,,,0.0,0.0,0.0
-12.4,-37.8,0.7,0.99,1.43,0.344245,0.201528,1.373806,680,38,27,27,0,0.0,,,,,,,,,0.0,0.0,0.0
-12.4,-37.6,0.7,0.99,1.72,0.317787,0.196985,1.352773,684,29,18,18,0,0.0,,,,,,,,,0.0,0.0,0.0
-12.4,-37.4,0.7,0.99,1.81,0.295176,0.188905,1.354573,687,23,11,11,0,0.0,,,,,,,,,0.0,0.0,0.0
-12.2,-37.6,0.7,0.99,1.59,0.335733,0.199839,1.360619,683,33,22,22,0,0.0,,,,,,,,,0.0,0.0,0.0
-12.2,-37.4,0.7,0.99,1.76,0.3076,0.193985,1.356948,699,27,15,15,0,0.0,,,,,,,,,0.0,0.0,0.0
-12.0,-37.4,0.7,0.99,1.71,0.323159,0.198422,1.359817,672,31,20,20,0,0.0,,,,,,,,,0.0,0.0,0.0
-12.0,-37.2,0.7,0.99,1.81,0.298409,0.19096,1.360825,700,26,14,14,0,0.0,,,,,,,,,0.0,0.0,0.0
-11.8,-37.4,0.7,0.99,1.61,0.335567,0.201015,1.370144,651,32,21,21,0,0.0,,,,,,,,,0.0,0.0,0.0
-11.8,-37.2,0.7,0.99,1.77,0.309568,0.195055,1.363171,684,28,15,15,0,0.0,,,,,,,,,0.0,0.0,0.0
-11.6,-37.4,0.7,0.99,1.49,0.345132,0.203258,1.602126,663,36,26,26,0,0.0,,,,,,,,,0.0,0.0,0.0
-11.6,-37.2,0.7,0.99,1.67,0.325711,0.199272,1.365042,672,32,22,22,0,0.0,,,,,,,,,0.0,0.0,0.0
-11.6,-37.0,0.7,0.99,1.81,0.304023,0.192599,1.365911,686,27,13,13,0,0.0,,,,,,,,,0.0,0.0,0.0
-11.4,-37.2,0.7,0.99,1.5,0.339389,0.202991,1.388061,641,34,22,22,0,0.0,,,,,,,,,0.0,0.0,0.0
-11.4,-37.0,0.7,0.99,1.77,0.318335,0.197975,1.367612,658,32,19,19,0,0.0,,,,,,,,,0.0,0.0,0.0
-11.4,-36.8,0.7,0.99,1.84,0.29989,0.190849,1.368654,677,29,14,14,0,0.0,,,,,,,,,0.0,0.0,0.0
-11.2,-37.0,0.7,0.99,1.62,0.335181,0.202253,1.376672,657,34,21,21,0,0.0,,,,,,,,,0.0,0.0,0.0
-11.2,-36.8,0.7,0.99,1.8,0.314188,0.197201,1.370282,663,28,16,16,0,0.0,,,,,,,,,0.0,0.0,0.0
-11.0,-37.0,0.7,0.99,1.18,0.347594,0.207078,1.390123,656,34,24,24,0,0.0,,,,,,,,,0.0,0.0,0.0
-11.0,-36.8,0.7,0.99,1.76,0.33341,0.20147,1.374372,630,35,20,20,0,0.0,,,,,,,,,0.0,0.0,0.0
-11.0,-36.6,0.7,0.99,1.82,0.314915,0.196778,1.372764,627,28,15,15,0,0.0,,,,,,,,,0.0,0.0,0.0
-10.8,-36.8,0.7,0.99,1.35,0.349729,0.205188,1.392731,627,33,23,23,0,0.0,,,,,,,,,0.0,0.0,0.0
-10.8,-36.6,0.7,0.99,1.71,0.335536,0.199707,1.394202,611,34,21,21,0,0.0,,,,,,,,,0.0,0.0,0.0
-10.8,-36.4,0.7,0.99,1.81,0.316753,0.195846,1.37753,617,31,16,16,0,0.0,,,,,,,,,0.0,0.0,0.0
-10.8,-36.2,0.7,0.99,1.87,0.298323,0.188413,1.378938,624,25,11,11,0,0.0,,,,,,,,,0.0,0.0,0.0
-10.6,-36.6,0.7,0.99,1.5,0.354631,0.201982,1.422749,607,34,27,27,0,0.0,,,,,,,,,0.0,0.0,0.0
-10.6,-36.4,0.7,0.99,1.69,0.341647,0.196731,1.38846,623,30,24,24,0,0.0,,,,,,,,,0.0,0.0,0.0
-10.6,-36.2,0.7,0.99,1.81,0.319668,0.195147,1.383781,615,33,20,20,0,0.0,,,,,,,,,0.0,0.0,0.0
-10.6,-36.0,0.7,0.99,1.89,0.29694,0.186451,1.384103,625,26,12,12,0,0.0,,,,,,,,,0.0,0.0,0.0
-10.4,-36.2,0.7,0.99,1.56,0.33372,0.1983,1.416001,625,29,22,22,0,0.0,,,,,,,,,0.0,0.0,0.0
-10.4,-36.0,0.7,0.99,1.82,0.315683,0.19314,1.388901,611,32,17,17,0,0.0,,,,,,,,,0.0,0.0,0.0
-10.4,-35.8,0.7,0.99,1.9,0.292982,0.184821,1.389181,638,28,10,10,0,0.0,,,,,,,,,0.0,0.0,0.0
-10.2,-36.0,0.7,0.99,1.64,0.331763,0.195241,1.411976,613,29,20,20,0,0.0,,,,,,,,,0.0,0.0,0.0
-10.2,-35.8,0.7,0.99,1.85,0.309885,0.189775,1.392141,630,32,19,19,0,0.0,,,,,,,,,0.0,0.0,0.0
-10.2,-35.6,0.7,0.99,1.91,0.288784,0.183547,1.393638,650,29,10,10,0,0.0,,,,,,,,,0.0,0.0,0.0
-10.0,-35.8,0.7,0.99,1.64,0.325988,0.192554,1.405856,616,28,20,20,0,0.0,,,,,,,,,0.0,0.0,0.0
-10.0,-35.6,0.7,0.99,1.86,0.305764,0.189189,1.396168,622,31,18,18,0,0.0,,,,,,,,,0.0,0.0,0.0
-10.0,-35.4,0.7,0.99,1.93,0.284462,0.182,1.398335,631,33,11,11,0,0.0,,,,,,,,,0.0,0.0,0.0
-9.8,-35.8,0.7,0.99,1.74,0.335752,0.193949,1.436392,599,29,21,21,0,0.0,,,,,,,,,0.0,0.0,0.0
-9.8,-35.6,0.7,0.99,1.79,0.320581,0.190763,1.418245,596,29,20,20,0,0.0,,,,,,,,,0.0,0.0,0.0
-9.8,-35.4,0.7,0.99,1.87,0.300485,0.187452,1.403642,619,32,17,17,0,0.0,,,,,,,,,0.0,0.0,0.0
-9.6,-35.6,0.7,0.99,1.31,0.329686,0.192467,1.525435,617,29,19,19,0,0.0,,,,,,,,,0.0,0.0,0.0
-9.6,-35.4,0.7,0.99,1.74,0.314182,0.188841,1.439302,610,32,20,20,0,0.0,,,,,,,,,0.0,0.0,0.0
-9.6,-35.2,0.7,0.99,1.85,0.292354,0.18443,1.407447,619,35,16,16,0,0.0,,,,,,,,,0.0,0.0,0.0
-9.4,-35.4,0.7,0.99,1.25,0.323708,0.191507,1.505995,614,28,19,19,0,0.0,,,,,,,,,0.0,0.0,0.0
-9.4,-35.2,0.7,0.99,1.76,0.302802,0.186527,1.442442,599,36,19,19,0,0.0,,,,,,,,,0.0,0.0,0.0
-9.4,-35.0,0.7,0.99,1.89,0.279882,0.179621,1.408616,627,38,15,15,0,0.0,,,,,,,,,0.0,0.0,0.0
-9.2,-35.2,0.7,0.99,1.51,0.312326,0.188958,1.488888,606,33,19,19,0,0.0,,,,,,,,,0.0,0.0,0.0
-9.2,-35.0,0.7,0.99,1.82,0.291298,0.18341,1.427484,621,35,19,19,0,0.0,,,,,,,,,0.0,0.0,0.0
-9.2,-34.8,0.7,0.99,1.94,0.268426,0.172688,1.414111,653,39,15,15,0,0.0,,,,,,,,,0.0,0.0,0.0
-9.0,-35.0,0.7,0.99,1.74,0.300754,0.185746,1.441883,606,35,17,17,0,0.0,,,,,,,,,0.0,0.0,0.0
-9.0,-34.8,0.7,0.99,1.9,0.277685,0.177705,1.417307,645,38,16,16,0,0.0,,,,,,,,,0.0,0.0,0.0
-8.8,-35.0,0.7,0.99,1.61,0.307443,0.18851,1.461161,622,35,20,20,0,0.0,,,,,,,,,0.0,0.0,0.0
-8.8,-34.8,0.7,0.99,1.86,0.284474,0.180763,1.421714,641,34,20,20,0,0.0,,,,,,,,,0.0,0.0,0.0
-8.6,-34.8,0.7,0.99,1.81,0.290891,0.183494,1.436247,617,35,22,22,0,0.0,,,,,,,,,0.0,0.0,0.0
-8.6,-34.6,0.7,0.99,1.96,0.267868,0.172119,1.424191,652,37,17,16,1,0.03,7.0,7.0,7.0,1.0,1.0,0.1235,0.1235,0.1235,0.0084,0.0084,0.0084
-8.4,-34.8,0.7,0.99,1.63,0.296444,0.186156,1.448603,597,35,22,22,0,0.0,,,,,,,,,0.0,0.0,0.0
-8.4,-34.6,0.7,0.99,1.91,0.271602,0.174928,1.429391,650,38,20,19,1,0.03,8.0,8.0,8.0,1.0,1.0,0.1193,0.1193,0.1193,0.0137,0.0137,0.0137
-8.2,-34.8,0.7,0.99,1.72,0.30165,0.189144,1.464965,605,35,21,21,0,0.0,,,,,,,,,0.0,0.0,0.0
-8.2,-34.6,0.7,0.99,1.87,0.276632,0.177795,1.436222,637,37,20,19,1,0.03,6.0,6.0,6.0,1.0,1.0,0.1092,0.1092,0.1092,0.0175,0.0175,0.0175
-8.0,-34.8,0.7,0.99,1.6,0.303502,0.192247,1.481607,595,36,22,22,0,0.0,,,,,,,,,0.0,0.0,0.0
-8.0,-34.6,0.7,0.99,1.81,0.280099,0.180163,1.459484,628,35,22,21,1,0.03,6.0,6.0,6.0,1.0,1.0,0.1024,0.1024,0.1024,0.02,0.02,0.02
-8.0,-34.4,0.7,0.99,1.98,0.25855,0.165682,1.445025,651,36,22,22,0,0.0,,,,,,,,,0.0,0.0,0.0
-7.8,-34.8,0.7,0.99,1.46,0.30439,0.19542,1.506723,626,38,22,22,0,0.0,,,,,,,,,0.0,0.0,0.0
-7.8,-34.6,0.7,0.99,1.7,0.282453,0.181605,1.478786,630,36,24,23,1,0.03,7.0,7.0,7.0,1.0,1.0,0.0808,0.0808,0.0808,0.0216,0.0216,0.0216
-7.8,-34.4,0.7,0.99,1.97,0.26006,0.167217,1.453005,651,36,23,23,0,0.0,,,,,,,,,0.0,0.0,0.0
-7.6,-34.8,0.7,0.99,1.18,0.302577,0.197335,1.57282,690,37,23,22,1,0.03,5.0,5.0,5.0,1.0,1.0,0.0048,0.0048,0.0048,0.0255,0.0255,0.0255
-7.6,-34.6,0.7,0.99,1.56,0.28373,0.182638,1.495883,643,39,25,24,1,0.03,5.0,5.0,5.0,1.0,1.0,0.049,0.049,0.049,0.0222,0.0222,0.0222
-7.6,-34.4,0.7,0.99,1.96,0.260493,0.16802,1.457574,639,36,23,23,0,0.0,,,,,,,,,0.0,0.0,0.0
-7.4,-34.6,0.7,0.99,1.63,0.280675,0.181755,1.500972,653,37,24,23,1,0.03,3.0,3.0,3.0,1.0,1.0,0.0538,0.0538,0.0538,0.0343,0.0343,0.0343
-7.4,-34.4,0.7,0.99,1.96,0.258455,0.165867,1.462508,654,36,22,22,0,0.0,,,,,,,,,0.0,0.0,0.0
-7.2,-34.6,0.7,0.99,1.72,0.27322,0.178283,1.504667,677,40,23,22,1,0.03,4.0,4.0,4.0,1.0,1.0,0.0584,0.0584,0.0584,0.0417,0.0417,0.0417
-7.2,-34.4,0.7,0.99,1.96,0.252366,0.160614,1.468047,671,31,21,21,0,0.0,,,,,,,,,0.0,0.0,0.0
-7.0,-34.8,0.7,0.99,1.19,0.286656,0.191582,1.546305,767,39,25,25,0,0.0,,,,,,,,,0.0,0.0,0.0
-7.0,-34.6,0.7,0.99,1.81,0.269965,0.175794,1.490822,699,38,24,23,1,0.03,3.0,3.0,3.0,1.0,1.0,0.0468,0.0468,0.0468,0.0392,0.0392,0.0392
-7.0,-34.4,0.7,0.99,1.964,0.255742,0.163519,1.474373,687,32,20,20,0,0.0,,,,,,,,,0.0,0.0,0.0
-6.8,-34.8,0.7,0.99,1.24,0.281148,0.185733,1.525076,747,38,25,24,1,0.03,3.0,3.0,3.0,1.0,1.0,0.033,0.033,0.033,0.0294,0.0294,0.0294
-6.8,-34.6,0.7,0.99,1.89,0.264126,0.171232,1.483497,673,39,20,20,0,0.0,,,,,,,,,0.0,0.0,0.0
-6.6,-34.8,0.7,0.99,1.62,0.278639,0.182621,1.505313,744,39,23,22,1,0.03,3.0,3.0,3.0,1.0,1.0,0.026,0.026,0.026,0.0539,0.0539,0.0539
-6.6,-34.6,0.7,0.99,1.91,0.256825,0.16577,1.486998,707,41,22,22,0,0.0,,,,,,,,,0.0,0.0,0.0
-6.4,-34.8,0.7,0.99,1.77,0.276355,0.180119,1.497272,734,37,24,23,1,0.03,3.0,3.0,3.0,1.0,1.0,0.0353,0.0353,0.0353,0.0662,0.0662,0.0662
-6.4,-34.6,0.7,0.99,1.96,0.258015,0.164893,1.491658,711,34,22,21,1,0.03,3.0,3.0,3.0,1.0,1.0,0.033,0.033,0.033,0.0662,0.0662,0.0662
-6.2,-35.0,0.7,0.99,1.28,0.287636,0.190358,1.519458,760,41,29,28,1,0.03,3.0,3.0,3.0,1.0,1.0,0.0075,0.0075,0.0075,0.0466,0.0466,0.0466
-6.2,-34.8,0.7,0.99,1.84,0.268346,0.174104,1.497613,730,34,23,22,1,0.03,3.0,3.0,3.0,1.0,1.0,0.033,0.033,0.033,0.0662,0.0662,0.0662
-6.2,-34.6,0.7,0.99,2.0,0.253993,0.160037,1.496253,705,33,21,21,0,0.0,,,,,,,,,0.0,0.0,0.0
-6.0,-35.0,0.7,0.99,1.65,0.286105,0.188116,1.51699,794,41,31,30,1,0.03,3.0,3.0,3.0,1.0,1.0,0.0214,0.0214,0.0214,0.0588,0.0588,0.0588
-6.0,-34.8,0.7,0.99,1.91,0.267097,0.172533,1.50305,739,34,20,19,1,0.03,3.0,3.0,3.0,1.0,1.0,0.0307,0.0307,0.0307,0.0662,0.0662,0.0662
-5.8,-35.0,0.7,0.99,1.67,0.282479,0.18435,1.509022,763,39,26,25,1,0.03,3.0,3.0,3.0,1.0,1.0,0.0353,0.0353,0.0353,0.076,0.076,0.076
-5.8,-34.8,0.7,0.99,1.96,0.259696,0.165835,1.506931,744,35,22,21,1,0.03,3.0,3.0,3.0,1.0,1.0,0.033,0.033,0.033,0.0735,0.0735,0.0735
-5.6,-35.0,0.7,0.99,1.78,0.276376,0.179823,1.513292,753,36,23,22,1,0.03,3.0,3.0,3.0,1.0,1.0,0.0422,0.0422,0.0422,0.0833,0.0833,0.0833
-5.6,-34.8,0.7,0.99,2.01,0.255109,0.162221,1.511965,743,38,21,21,0,0.0,,,,,,,,,0.0,0.0,0.0
-5.4,-35.2,0.7,0.99,1.78,0.279171,0.18726,1.60568,764,35,22,22,0,0.0,,,,,,,,,0.0,0.0,0.0
-5.4,-35.0,0.7,0.99,1.94,0.266148,0.173118,1.520551,756,35,24,23,1,0.03,3.0,3.0,3.0,1.0,1.0,0.0468,0.0468,0.0468,0.0882,0.0882,0.0882
-5.4,-34.8,0.7,0.99,2.05,0.250165,0.157498,1.516327,730,39,19,19,0,0.0,,,,,,,,,0.0,0.0,0.0
-5.2,-35.4,0.7,0.99,1.65,0.26181,0.173969,1.73851,763,40,19,19,0,0.0,,,,,,,,,0.0,0.0,0.0
-5.2,-35.2,0.7,0.99,1.82,0.258816,0.169999,1.594263,758,40,21,21,0,0.0,,,,,,,,,0.0,0.0,0.0
-5.2,-35.0,0.7,0.99,2.0,0.255318,0.164647,1.530478,771,42,24,23,1,0.03,3.0,3.0,3.0,1.0,1.0,0.0468,0.0468,0.0468,0.0882,0.0882,0.0882
-5.0,-36.6,0.7,0.99,1.26,0.274696,0.180246,1.840329,678,48,19,19,0,0.0,,,,,,,,,0.0,0.0,0.0
-5.0,-36.2,0.7,0.99,1.21,0.259894,0.168888,1.97077,684,48,15,15,0,0.0,,,,,,,,,0.0,0.0,0.0
-5.0,-35.6,0.7,0.99,1.56,0.253028,0.164347,1.6972,879,39,11,11,0,0.0,,,,,,,,,0.0,0.0,0.0
-5.0,-35.4,0.7,0.99,1.73,0.249514,0.160162,1.64942,817,35,16,16,0,0.0,,,,,,,,,0.0,0.0,0.0
-5.0,-35.2,0.7,0.99,1.894,0.243809,0.15359,1.587488,805,39,16,16,0,0.0,,,,,,,,,0.0,0.0,0.0
-5.0,-35.0,0.7,0.99,2.02,0.233161,0.134739,1.545186,796,34,12,12,0,0.0,,,,,,,,,0.0,0.0,0.0
-4.8,-37.2,0.7,0.99,1.57,0.30367,0.20818,2.560722,756,51,22,22,0,0.0,,,,,,,,,0.0,0.0,0.0
-4.8,-37.0,0.7,0.99,1.6,0.287392,0.193824,1.806893,746,56,22,22,0,0.0,,,,,,,,,0.0,0.0,0.0
-4.8,-36.8,0.7,0.99,1.67,0.278437,0.186307,1.73733,763,57,20,20,0,0.0,,,,,,,,,0.0,0.0,0.0
-4.8,-36.6,0.7,0.99,1.71,0.270272,0.179867,1.683603,789,56,17,17,0,0.0,,,,,,,,,0.0,0.0,0.0
-4.8,-36.4,0.7,0.99,1.72,0.265168,0.175549,1.627938,799,52,18,18,0,0.0,,,,,,,,,0.0,0.0,0.0
-4.8,-36.2,0.7,0.99,1.73,0.260402,0.171709,1.615296,812,48,19,19,0,0.0,,,,,,,,,0.0,0.0,0.0
-4.8,-36.0,0.7,0.99,1.74,0.254793,0.167736,1.610028,807,42,17,17,0,0.0,,,,,,,,,0.0,0.0,0.0
-4.8,-35.8,0.7,0.99,1.78,0.250103,0.163059,1.612341,838,43,15,15,0,0.0,,,,,,,,,0.0,0.0,0.0
-4.8,-35.6,0.7,0.99,1.84,0.244513,0.157427,1.618963,809,40,14,14,0,0.0,,,,,,,,,0.0,0.0,0.0
-4.8,-35.4,0.7,0.99,1.92,0.241009,0.15305,1.603576,811,40,17,17,0,0.0,,,,,,,,,0.0,0.0,0.0
-4.6,-37.4,0.7,0.99,1.36,0.302927,0.208166,1.853448,765,60,20,20,0,0.0,,,,,,,,,0.0,0.0,0.0
-4.6,-37.2,0.7,0.99,1.71,0.290823,0.197244,1.780435,787,58,18,18,0,0.0,,,,,,,,,0.0,0.0,0.0
-4.6,-37.0,0.7,0.99,1.83,0.281652,0.188369,1.678176,791,55,14,14,0,0.0,,,,,,,,,0.0,0.0,0.0
-4.6,-36.8,0.7,0.99,1.87,0.275912,0.183296,1.631472,816,56,14,14,0,0.0,,,,,,,,,0.0,0.0,0.0
-4.6,-36.6,0.7,0.99,1.88,0.269258,0.178935,1.626712,826,53,19,19,0,0.0,,,,,,,,,0.0,0.0,0.0
-4.6,-36.0,0.7,0.99,1.9,0.251411,0.164376,1.61029,807,43,16,16,0,0.0,,,,,,,,,0.0,0.0,0.0
-4.4,-37.6,0.7,0.99,1.55,0.304831,0.210214,1.858766,808,58,24,24,0,0.0,,,,,,,,,0.0,0.0,0.0
-4.4,-37.4,0.7,0.99,1.77,0.292583,0.198773,1.779353,838,57,20,20,0,0.0,,,,,,,,,0.0,0.0,0.0
-4.4,-37.2,0.7,0.99,1.86,0.28539,0.191573,1.666838,840,56,21,21,0,0.0,,,,,,,,,0.0,0.0,0.0
-4.4,-37.0,0.7,0.99,1.91,0.278722,0.185897,1.636325,849,54,16,16,0,0.0,,,,,,,,,0.0,0.0,0.0
-4.2,-37.8,0.7,0.99,1.44,0.302333,0.209607,1.854103,849,52,25,25,0,0.0,,,,,,,,,0.0,0.0,0.0
-4.2,-37.6,0.7,0.99,1.69,0.294261,0.200578,1.782573,852,51,23,23,0,0.0,,,,,,,,,0.0,0.0,0.0
-4.2,-37.4,0.7,0.99,1.88,0.287046,0.193629,1.690868,881,51,23,23,0,0.0,,,,,,,,,0.0,0.0,0.0
-4.2,-32.6,0.7,0.99,2.12,0.191014,0.093624,1.490892,820,25,10,10,0,0.0,,,,,,,,,0.0,0.0,0.0
-4.2,-32.4,0.7,0.99,2.1,0.189782,0.092195,1.48497,794,27,10,10,0,0.0,,,,,,,,,0.0,0.0,0.0
-4.2,-32.2,0.7,0.99,2.13,0.188994,0.090933,1.479976,823,27,10,10,0,0.0,,,,,,,,,0.0,0.0,0.0
-4.0,-38.0,0.7,0.99,1.52,0.299081,0.207565,1.836123,868,48,25,25,0,0.0,,,,,,,,,0.0,0.0,0.0
-4.0,-37.8,0.7,0.99,1.66,0.291603,0.199599,1.772287,880,48,23,23,0,0.0,,,,,,,,,0.0,0.0,0.0
-4.0,-37.6,0.7,0.99,1.85,0.286349,0.193576,1.693911,890,47,22,22,0,0.0,,,,,,,,,0.0,0.0,0.0
-4.0,-32.8,0.7,0.99,2.14,0.186986,0.090554,1.500969,857,27,13,13,0,0.0,,,,,,,,,0.0,0.0,0.0
-4.0,-32.6,0.7,0.99,2.11,0.185238,0.088876,1.493792,826,24,11,11,0,0.0,,,,,,,,,0.0,0.0,0.0
-4.0,-32.4,0.7,0.99,2.08,0.184024,0.08732,1.487338,786,26,11,11,0,0.0,,,,,,,,,0.0,0.0,0.0
-4.0,-32.2,0.7,0.99,2.12,0.183355,0.086454,1.482734,822,28,10,10,0,0.0,,,,,,,,,0.0,0.0,0.0
-4.0,-32.0,0.7,0.99,2.15,0.182195,0.085138,1.477778,880,25,9,9,0,0.0,,,,,,,,,0.0,0.0,0.0
-3.8,-38.2,0.7,0.99,1.56,0.292145,0.200718,1.806007,836,45,24,24,0,0.0,,,,,,,,,0.0,0.0,0.0
-3.8,-38.0,0.7,0.99,1.72,0.288368,0.196824,1.755204,873,47,22,22,0,0.0,,,,,,,,,0.0,0.0,0.0
-3.8,-32.8,0.7,0.99,2.07,0.181734,0.086276,1.505154,881,25,11,11,0,0.0,,,,,,,,,0.0,0.0,0.0
-3.8,-32.6,0.7,0.99,2.0,0.180644,0.084839,1.501549,894,26,11,11,0,0.0,,,,,,,,,0.0,0.0,0.0
-3.8,-32.4,0.7,0.99,1.98,0.17842,0.083149,1.497121,900,28,11,11,0,0.0,,,,,,,,,0.0,0.0,0.0
-3.8,-32.2,0.7,0.99,2.12,0.178403,0.082305,1.486614,859,27,9,9,0,0.0,,,,,,,,,0.0,0.0,0.0
-3.8,-32.0,0.7,0.99,2.14,0.176334,0.080699,1.481335,885,24,11,11,0,0.0,,,,,,,,,0.0,0.0,0.0
-3.6,-38.6,0.7,0.99,1.45,0.289752,0.199525,1.784805,877,48,26,26,0,0.0,,,,,,,,,0.0,0.0,0.0
-3.6,-38.4,0.7,0.99,1.61,0.281734,0.19141,1.769613,896,50,23,23,0,0.0,,,,,,,,,0.0,0.0,0.0
-3.6,-38.2,0.7,0.99,1.74,0.277686,0.187527,1.730015,875,45,23,23,0,0.0,,,,,,,,,0.0,0.0,0.0
-3.6,-38.0,0.7,0.99,1.83,0.276373,0.185679,1.678095,867,42,19,19,0,0.0,,,,,,,,,0.0,0.0,0.0
-3.6,-32.8,0.7,0.99,2.07,0.176641,0.081873,1.508328,894,24,13,13,0,0.0,,,,,,,,,0.0,0.0,0.0
-3.6,-32.6,0.7,0.99,2.02,0.175778,0.08054,1.503295,911,21,13,13,0,0.0,,,,,,,,,0.0,0.0,0.0
-3.6,-32.4,0.7,0.99,2.0,0.174168,0.079109,1.497304,897,22,13,13,0,0.0,,,,,,,,,0.0,0.0,0.0
-3.6,-32.2,0.7,0.99,2.08,0.172518,0.07764,1.490777,878,22,13,13,0,0.0,,,,,,,,,0.0,0.0,0.0
-3.6,-32.0,0.7,0.99,2.14,0.171446,0.076329,1.484888,883,27,13,13,0,0.0,,,,,,,,,0.0,0.0,0.0
-3.4,-38.8,0.7,0.99,1.6,0.287466,0.196521,1.759959,879,48,26,26,0,0.0,,,,,,,,,0.0,0.0,0.0
-3.4,-38.6,0.7,0.99,1.71,0.278273,0.18748,1.73782,885,47,25,25,0,0.0,,,,,,,,,0.0,0.0,0.0
-3.4,-38.4,0.7,0.99,1.8,0.273267,0.182701,1.707105,871,45,21,21,0,0.0,,,,,,,,,0.0,0.0,0.0
-3.4,-38.2,0.7,0.99,1.86,0.266918,0.176086,1.671651,887,48,24,24,0,0.0,,,,,,,,,0.0,0.0,0.0
-3.4,-32.4,0.7,0.99,2.04,0.170854,0.074882,1.499928,885,22,13,13,0,0.0,,,,,,,,,0.0,0.0,0.0
-3.2,-39.2,0.7,0.99,1.35,0.290907,0.199455,1.774932,867,49,24,24,0,0.0,,,,,,,,,0.0,0.0,0.0
-3.2,-39.0,0.7,0.99,1.63,0.284611,0.192811,1.737566,885,51,24,24,0,0.0,,,,,,,,,0.0,0.0,0.0
-3.2,-38.8,0.7,0.99,1.78,0.27722,0.185921,1.704213,879,51,23,23,0,0.0,,,,,,,,,0.0,0.0,0.0
-3.2,-38.6,0.7,0.99,1.86,0.269571,0.1795,1.666362,887,47,23,23,0,0.0,,,,,,,,,0.0,0.0,0.0
-3.0,-39.4,0.7,0.99,1.51,0.285497,0.192986,1.803254,843,48,26,26,0,0.0,,,,,,,,,0.0,0.0,0.0
-3.0,-39.2,0.7,0.99,1.68,0.2786,0.186744,1.733309,875,52,25,25,0,0.0,,,,,,,,,0.0,0.0,0.0
-3.0,-39.0,0.7,0.99,1.83,0.272225,0.180912,1.680708,888,48,21,21,0,0.0,,,,,,,,,0.0,0.0,0.0
-3.0,-38.8,0.7,0.99,1.88,0.270362,0.177409,1.646006,895,49,23,23,0,0.0,,,,,,,,,0.0,0.0,0.0
-2.8,-41.6,0.7,0.99,0.9,0.302969,0.1873,2.004612,784,32,16,15,1,0.03,24.0,24.0,24.0,1.0,1.0,0.0309,0.0309,0.0309,0.0226,0.0226,0.0226
-2.8,-41.4,0.7,0.99,1.02,0.290566,0.177714,2.015229,676,35,15,14,1,0.03,25.0,25.0,25.0,1.0,1.0,0.0171,0.0171,0.0171,0.0132,0.0132,0.0132
-2.8,-41.2,0.7,0.99,1.29,0.282763,0.172727,2.013555,722,36,16,16,0,0.0,,,,,,,,,0.0,0.0,0.0
-2.8,-41.0,0.7,0.99,1.23,0.277108,0.16873,2.007533,703,34,14,14,0,0.0,,,,,,,,,0.0,0.0,0.0
-2.8,-40.8,0.7,0.99,1.15,0.271163,0.164066,1.997641,673,35,15,15,0,0.0,,,,,,,,,0.0,0.0,0.0
-2.8,-40.6,0.7,0.99,1.15,0.264294,0.158599,1.984487,711,36,14,14,0,0.0,,,,,,,,,0.0,0.0,0.0
-2.8,-40.4,0.7,0.99,1.3,0.260045,0.155817,1.956,761,37,12,12,0,0.0,,,,,,,,,0.0,0.0,0.0
-2.8,-40.2,0.7,0.99,1.42,0.256324,0.15461,1.943465,781,43,13,13,0,0.0,,,,,,,,,0.0,0.0,0.0
-2.8,-40.0,0.7,0.99,1.51,0.257942,0.158541,1.948853,829,44,18,17,1,0.03,1.0,1.0,1.0,1.0,1.0,0.0085,0.0085,0.0085,0.0121,0.0121,0.0121
-2.8,-39.8,0.7,0.99,1.6,0.272707,0.175583,1.899586,819,46,21,20,1,0.03,22.0,22.0,22.0,1.0,1.0,0.0205,0.0205,0.0205,0.0241,0.0241,0.0241
-2.8,-39.6,0.7,0.99,1.69,0.277403,0.182589,1.832702,823,53,22,21,1,0.03,25.0,25.0,25.0,1.0,1.0,0.0489,0.0489,0.0489,0.0491,0.0491,0.0491
-2.8,-39.4,0.7,0.99,1.76,0.274029,0.180401,1.764647,845,51,24,23,1,0.03,23.0,23.0,23.0,1.0,1.0,0.0635,0.0635,0.0635,0.0498,0.0498,0.0498
-2.8,-39.2,0.7,0.99,1.85,0.271023,0.177443,1.691989,878,50,22,22,0,0.0,,,,,,,,,0.0,0.0,0.0
-2.6,-42.4,0.7,0.99,1.3,0.318687,0.200274,1.975753,852,32,18,17,1,0.03,24.0,24.0,24.0,2.0,2.0,0.1071,0.1071,0.1071,0.0637,0.0637,0.0637
-2.6,-42.2,0.7,0.99,1.27,0.306793,0.191351,1.951352,843,35,19,18,1,0.03,24.0,24.0,24.0,2.0,2.0,0.0872,0.0872,0.0872,0.0623,0.0623,0.0623
-2.6,-42.0,0.7,0.99,1.25,0.299628,0.186399,1.930328,823,32,19,18,1,0.03,25.0,25.0,25.0,1.0,1.0,0.0756,0.0756,0.0756,0.0376,0.0376,0.0376
-2.6,-41.8,0.7,0.99,1.28,0.297077,0.1837,1.928852,799,35,17,16,1,0.03,23.0,23.0,23.0,1.0,1.0,0.0718,0.0718,0.0718,0.0385,0.0385,0.0385
-2.6,-41.6,0.7,0.99,1.47,0.289877,0.177417,1.934676,769,35,13,12,1,0.03,25.0,25.0,25.0,1.0,1.0,0.0612,0.0612,0.0612,0.0347,0.0347,0.0347
-2.6,-41.4,0.7,0.99,1.294,0.282455,0.172047,1.938719,763,34,12,11,1,0.03,30.0,30.0,30.0,1.0,1.0,0.0417,0.0417,0.0417,0.0299,0.0299,0.0299
-2.6,-41.2,0.7,0.99,1.63,0.275338,0.16665,1.937048,713,40,14,13,1,0.03,29.0,29.0,29.0,1.0,1.0,0.0503,0.0503,0.0503,0.0259,0.0259,0.0259
-2.6,-41.0,0.7,0.99,1.55,0.271859,0.164323,1.940247,722,38,15,14,1,0.03,30.0,30.0,30.0,1.0,1.0,0.0295,0.0295,0.0295,0.0259,0.0259,0.0259
-2.6,-40.8,0.7,0.99,1.45,0.264979,0.159809,1.934839,739,35,15,14,1,0.03,31.0,31.0,31.0,1.0,1.0,0.0489,0.0489,0.0489,0.0244,0.0244,0.0244
-2.6,-40.6,0.7,0.99,1.73,0.260878,0.156351,1.928443,694,36,13,12,1,0.03,30.0,30.0,30.0,1.0,1.0,0.058,0.058,0.058,0.0243,0.0243,0.0243
-2.6,-40.4,0.7,0.99,1.76,0.254669,0.152241,1.917338,726,39,14,13,1,0.03,19.0,19.0,19.0,1.0,1.0,0.0432,0.0432,0.0432,0.0234,0.0234,0.0234
-2.6,-40.2,0.7,0.99,1.77,0.251462,0.150663,1.902774,775,41,15,14,1,0.03,19.0,19.0,19.0,1.0,1.0,0.0393,0.0393,0.0393,0.0265,0.0265,0.0265
-2.6,-40.0,0.7,0.99,1.76,0.250493,0.150463,1.87312,785,40,17,16,1,0.03,19.0,19.0,19.0,1.0,1.0,0.0514,0.0514,0.0514,0.0442,0.0442,0.0442
-2.6,-39.8,0.7,0.99,1.77,0.255257,0.156695,1.825626,805,39,17,16,1,0.03,24.0,24.0,24.0,1.0,1.0,0.0667,0.0667,0.0667,0.0603,0.0603,0.0603
-2.6,-39.6,0.7,0.99,1.8,0.264964,0.168318,1.768004,829,45,22,21,1,0.03,24.0,24.0,24.0,1.0,1.0,0.073,0.073,0.073,0.0644,0.0644,0.0644
-2.4,-44.2,0.7,0.99,0.69,0.381012,0.251024,2.614275,866,45,28,27,1,0.03,23.0,23.0,23.0,2.0,2.0,0.1618,0.1618,0.1618,0.2373,0.2373,0.2373
-2.4,-44.0,0.7,0.99,0.9,0.361947,0.238117,3.150891,918,38,25,24,1,0.03,18.0,18.0,18.0,2.0,2.0,0.1612,0.1612,0.1612,0.2044,0.2044,0.2044
-2.4,-43.0,0.7,0.99,1.21,0.328682,0.211204,2.001206,876,30,21,19,2,0.06,14.5,21.25,22.0,1.5,1.95,0.0695,0.0961,0.0991,0.04,0.0735,0.0772
-2.4,-42.8,0.7,0.99,1.49,0.319491,0.203345,1.955848,865,34,21,20,1,0.03,22.0,22.0,22.0,2.0,2.0,0.1099,0.1099,0.1099,0.0821,0.0821,0.0821
-2.4,-42.6,0.7,0.99,1.59,0.311484,0.19587,1.913208,856,33,21,19,2,0.06,17.0,26.0,27.0,1.5,1.95,0.088,0.125,0.1292,0.0472,0.0896,0.0943
-2.4,-42.4,0.7,0.99,1.8,0.303866,0.189279,1.879237,829,33,18,17,1,0.03,27.0,27.0,27.0,2.0,2.0,0.1463,0.1463,0.1463,0.154,0.154,0.154
-2.4,-42.2,0.7,0.99,1.82,0.296249,0.183461,1.852244,816,37,20,19,1,0.03,28.0,28.0,28.0,2.0,2.0,0.1368,0.1368,0.1368,0.1659,0.1659,0.1659
-2.4,-42.0,0.7,0.99,1.82,0.289987,0.178611,1.827438,810,36,18,17,1,0.03,27.0,27.0,27.0,1.0,1.0,0.1097,0.1097,0.1097,0.0808,0.0808,0.0808
-2.4,-41.8,0.7,0.99,1.84,0.286318,0.175131,1.811669,794,33,15,14,1,0.03,30.0,30.0,30.0,1.0,1.0,0.1091,0.1091,0.1091,0.085,0.085,0.085
-2.4,-41.6,0.7,0.99,1.87,0.280713,0.170912,1.800203,763,34,14,13,1,0.03,35.0,35.0,35.0,1.0,1.0,0.1079,0.1079,0.1079,0.0765,0.0765,0.0765
-2.4,-40.8,0.7,0.99,1.92,0.260712,0.155964,1.826859,733,33,13,12,1,0.03,33.0,33.0,33.0,1.0,1.0,0.0851,0.0851,0.0851,0.0428,0.0428,0.0428
-2.4,-40.6,0.7,0.99,1.9,0.257033,0.152924,1.813602,739,34,16,15,1,0.03,26.0,26.0,26.0,1.0,1.0,0.0915,0.0915,0.0915,0.052,0.052,0.052
-2.4,-40.4,0.7,0.99,1.88,0.25267,0.149721,1.802334,760,37,17,16,1,0.03,26.0,26.0,26.0,1.0,1.0,0.089,0.089,0.089,0.0592,0.0592,0.0592
-2.4,-40.2,0.7,0.99,1.88,0.246997,0.145641,1.78946,786,39,17,16,1,0.03,22.0,22.0,22.0,1.0,1.0,0.0926,0.0926,0.0926,0.0654,0.0654,0.0654
-2.4,-40.0,0.7,0.99,1.89,0.245369,0.143374,1.769113,813,38,18,17,1,0.03,19.0,19.0,19.0,1.0,1.0,0.0925,0.0925,0.0925,0.0702,0.0702,0.0702
-2.2,-44.2,0.7,0.99,1.2,0.366039,0.242157,2.693342,940,42,30,29,1,0.03,22.0,22.0,22.0,2.0,2.0,0.2202,0.2202,0.2202,0.2905,0.2905,0.2905
-2.2,-44.0,0.7,0.99,1.43,0.351695,0.229476,2.664917,932,36,26,25,1,0.03,18.0,18.0,18.0,2.0,2.0,0.2171,0.2171,0.2171,0.2282,0.2282,0.2282
-2.2,-43.8,0.7,0.99,1.48,0.340738,0.221467,2.623215,932,33,23,22,1,0.03,25.0,25.0,25.0,2.0,2.0,0.1735,0.1735,0.1735,0.1421,0.1421,0.1421
-2.2,-43.6,0.7,0.99,1.55,0.332339,0.215362,2.320195,920,29,18,17,1,0.03,28.0,28.0,28.0,1.0,1.0,0.1966,0.1966,0.1966,0.077,0.077,0.077
-2.2,-43.4,0.7,0.99,1.63,0.325567,0.209738,2.197052,915,33,20,19,1,0.03,21.0,21.0,21.0,2.0,2.0,0.2082,0.2082,0.2082,0.1757,0.1757,0.1757
-2.2,-43.2,0.7,0.99,1.74,0.31984,0.204223,2.034414,906,32,20,19,1,0.03,23.0,23.0,23.0,2.0,2.0,0.2005,0.2005,0.2005,0.1998,0.1998,0.1998
-2.2,-43.0,0.7,0.99,1.74,0.313301,0.198098,1.929457,874,37,20,18,2,0.06,14.5,21.25,22.0,1.5,1.95,0.1316,0.1696,0.1738,0.1002,0.1867,0.1963
-2.2,-42.8,0.7,0.99,1.8,0.306494,0.192179,1.845262,878,36,20,18,2,0.06,15.5,23.15,24.0,1.5,1.95,0.138,0.1806,0.1853,0.1047,0.199,0.2095
-2.2,-42.6,0.7,0.99,1.87,0.299594,0.186508,1.783193,879,36,18,16,2,0.06,15.5,23.15,24.0,1.5,1.95,0.1314,0.17,0.1743,0.1004,0.1908,0.2008
-2.0,-44.4,0.7,0.99,0.86,0.376871,0.252914,2.759919,931,48,31,30,1,0.03,23.0,23.0,23.0,2.0,2.0,0.1836,0.1836,0.1836,0.2827,0.2827,0.2827
-2.0,-44.2,0.7,0.99,1.33,0.356962,0.234063,2.703656,951,37,27,26,1,0.03,19.0,19.0,19.0,2.0,2.0,0.1972,0.1972,0.1972,0.2726,0.2726,0.2726
-2.0,-44.0,0.7,0.99,1.56,0.343638,0.222854,2.60369,922,36,22,21,1,0.03,23.0,23.0,23.0,2.0,2.0,0.2092,0.2092,0.2092,0.2467,0.2467,0.2467
-2.0,-43.8,0.7,0.99,1.65,0.333408,0.21484,2.45852,913,31,17,16,1,0.03,31.0,31.0,31.0,2.0,2.0,0.2236,0.2236,0.2236,0.2312,0.2312,0.2312
-2.0,-43.6,0.7,0.99,1.72,0.32532,0.208626,2.261335,915,30,16,15,1,0.03,31.0,31.0,31.0,2.0,2.0,0.2548,0.2548,0.2548,0.2558,0.2558,0.2558
-2.0,-43.4,0.7,0.99,1.81,0.318332,0.202888,2.084741,924,31,16,15,1,0.03,29.0,29.0,29.0,3.0,3.0,0.2409,0.2409,0.2409,0.2524,0.2524,0.2524
-2.0,-43.2,0.7,0.99,1.84,0.312752,0.197471,1.924317,904,31,17,16,1,0.03,29.0,29.0,29.0,2.0,2.0,0.2177,0.2177,0.2177,0.2503,0.2503,0.2503
-2.0,-43.0,0.7,0.99,1.87,0.307773,0.192215,1.81563,886,34,18,16,2,0.06,15.0,22.2,23.0,1.5,1.95,0.1577,0.2055,0.2108,0.1279,0.2358,0.2478
-1.8,-44.4,0.7,0.99,0.93,0.360235,0.238774,2.786406,1000,41,28,27,1,0.03,26.0,26.0,26.0,2.0,2.0,0.1577,0.1577,0.1577,0.2181,0.2181,0.2181
-1.8,-44.2,0.7,0.99,1.45,0.347553,0.226238,2.659747,958,37,24,23,1,0.03,22.0,22.0,22.0,2.0,2.0,0.1872,0.1872,0.1872,0.2233,0.2233,0.2233
-1.6,-44.6,0.7,0.99,0.74,0.342586,0.224869,2.888404,1065,35,25,24,1,0.03,28.0,28.0,28.0,2.0,2.0,0.1439,0.1439,0.1439,0.1546,0.1546,0.1546
-1.6,-44.4,0.7,0.99,0.99,0.337728,0.219024,2.736742,1088,34,21,20,1,0.03,31.0,31.0,31.0,2.0,2.0,0.1481,0.1481,0.1481,0.1825,0.1825,0.1825
-1.6,-44.2,0.7,0.99,1.46,0.333509,0.214992,2.558309,1024,30,19,18,1,0.03,32.0,32.0,32.0,2.0,2.0,0.2225,0.2225,0.2225,0.2341,0.2341,0.2341
-1.4,-48.6,0.7,0.99,0.14,0.49858,0.328597,3.063851,757,56,29,27,2,0.06,1.5,1.95,2.0,1.0,1.0,0.0,0.0,0.0,0.0,0.0,0.0
-1.4,-45.2,0.7,0.99,0.76,0.317464,0.196257,4.057414,1110,25,17,15,2,0.06,9.5,16.25,17.0,1.0,1.0,0.0723,0.0911,0.0932,0.0441,0.0551,0.0563
-1.4,-45.0,0.7,0.99,0.77,0.311316,0.189715,4.085818,1114,23,11,10,1,0.03,27.0,27.0,27.0,1.0,1.0,0.0971,0.0971,0.0971,0.0337,0.0337,0.0337
-1.4,-44.8,0.7,0.99,0.9,0.306227,0.185901,2.990314,1161,22,14,13,1,0.03,29.0,29.0,29.0,2.0,2.0,0.1242,0.1242,0.1242,0.1283,0.1283,0.1283
-1.4,-44.6,0.7,0.99,0.93,0.308229,0.190229,2.763478,1179,26,16,15,1,0.03,36.0,36.0,36.0,2.0,2.0,0.1316,0.1316,0.1316,0.1152,0.1152,0.1152
-1.4,-44.4,0.7,0.99,1.27,0.3149,0.199139,2.615062,1089,26,15,14,1,0.03,37.0,37.0,37.0,1.0,1.0,0.2028,0.2028,0.2028,0.1398,0.1398,0.1398
-1.2,-48.6,0.7,0.99,0.22,0.493287,0.325633,2.93269,690,57,30,29,1,0.03,1.0,1.0,1.0,1.0,1.0,0.0156,0.0156,0.0156,0.0193,0.0193,0.0193
-1.2,-45.6,0.7,0.99,0.86,0.318606,0.188484,4.560236,1251,33,25,25,0,0.0,,,,,,,,,0.0,0.0,0.0
-1.2,-45.4,0.7,0.99,1.26,0.313544,0.18836,2.918687,1185,27,18,17,1,0.03,22.0,22.0,22.0,1.0,1.0,0.1538,0.1538,0.1538,0.0545,0.0545,0.0545
-1.2,-45.2,0.7,0.99,1.244,0.307394,0.183768,2.954317,1172,23,15,14,1,0.03,26.0,26.0,26.0,2.0,2.0,0.1487,0.1487,0.1487,0.159,0.159,0.159
-1.2,-45.0,0.7,0.99,1.23,0.301003,0.177306,2.84069,1164,21,14,13,1,0.03,27.0,27.0,27.0,1.0,1.0,0.192,0.192,0.192,0.1022,0.1022,0.1022
-1.2,-44.8,0.7,0.99,1.37,0.296763,0.174952,2.736868,1094,20,14,13,1,0.03,35.0,35.0,35.0,1.0,1.0,0.2209,0.2209,0.2209,0.1325,0.1325,0.1325
-1.2,-44.6,0.7,0.99,1.4,0.296139,0.177657,2.608679,1083,22,13,12,1,0.03,39.0,39.0,39.0,1.0,1.0,0.2212,0.2212,0.2212,0.1472,0.1472,0.1472
-1.0,-48.4,0.7,0.99,0.44,0.479411,0.308084,3.092678,658,56,32,32,0,0.0,,,,,,,,,0.0,0.0,0.0
-1.0,-46.0,0.7,0.99,0.99,0.318455,0.182353,3.031009,1276,29,18,18,0,0.0,,,,,,,,,0.0,0.0,0.0
-1.0,-45.8,0.7,0.99,1.18,0.309667,0.178646,2.968626,1281,34,23,23,0,0.0,,,,,,,,,0.0,0.0,0.0
-1.0,-45.6,0.7,0.99,1.32,0.301767,0.17422,2.928292,1259,30,23,23,0,0.0,,,,,,,,,0.0,0.0,0.0
-1.0,-45.4,0.7,0.99,1.4,0.295966,0.169282,2.860276,1227,26,19,18,1,0.03,19.0,19.0,19.0,1.0,1.0,0.1547,0.1547,0.1547,0.0701,0.0701,0.0701
-1.0,-45.2,0.7,0.99,1.35,0.293307,0.167455,2.797509,1197,23,15,14,1,0.03,24.0,24.0,24.0,1.0,1.0,0.2008,0.2008,0.2008,0.1087,0.1087,0.1087
-1.0,-45.0,0.7,0.99,1.33,0.292209,0.167379,2.715078,1165,21,13,12,1,0.03,28.0,28.0,28.0,1.0,1.0,0.2382,0.2382,0.2382,0.1406,0.1406,0.1406
-1.0,-44.8,0.7,0.99,1.34,0.28901,0.166292,2.588355,1136,21,11,10,1,0.03,32.0,32.0,32.0,1.0,1.0,0.258,0.258,0.258,0.1565,0.1565,0.1565
-1.0,-44.6,0.7,0.99,1.35,0.286142,0.16552,2.451983,1106,19,11,10,1,0.03,40.0,40.0,40.0,2.0,2.0,0.2608,0.2608,0.2608,0.2743,0.2743,0.2743
-0.8,-48.4,0.7,0.99,0.61,0.470553,0.302229,3.195137,752,51,28,28,0,0.0,,,,,,,,,0.0,0.0,0.0
-0.8,-48.2,0.7,0.99,0.52,0.46194,0.2845,3.260997,777,49,35,35,0,0.0,,,,,,,,,0.0,0.0,0.0
-0.8,-46.6,0.7,0.99,1.09,0.345432,0.189535,3.11249,1205,24,18,15,3,0.09,9.67,14.7,15.0,1.0,1.0,0.0595,0.1147,0.1211,0.0724,0.114,0.1154
-0.8,-46.4,0.7,0.99,1.14,0.326619,0.179902,3.022545,1239,27,21,18,3,0.09,9.67,16.8,18.0,1.0,1.0,0.0778,0.1246,0.1302,0.0797,0.1167,0.1176
-0.8,-46.2,0.7,0.99,1.0,0.312272,0.17353,2.966771,1334,21,18,18,0,0.0,,,,,,,,,0.0,0.0,0.0
-0.8,-46.0,0.7,0.99,1.16,0.303627,0.16916,2.918617,1321,25,17,16,1,0.03,2.0,2.0,2.0,1.0,1.0,0.0,0.0,0.0,0.0294,0.0294,0.0294
-0.8,-45.8,0.7,0.99,1.29,0.296675,0.164391,2.858238,1287,29,21,20,1,0.03,2.0,2.0,2.0,1.0,1.0,0.0052,0.0052,0.0052,0.0441,0.0441,0.0441
-0.8,-45.6,0.7,0.99,1.34,0.290502,0.160677,2.774863,1268,24,20,19,1,0.03,13.0,13.0,13.0,1.0,1.0,0.066,0.066,0.066,0.0135,0.0135,0.0135
-0.8,-45.4,0.7,0.99,1.34,0.287433,0.158807,2.70845,1273,24,16,15,1,0.03,18.0,18.0,18.0,1.0,1.0,0.142,0.142,0.142,0.061,0.061,0.061
-0.6,-48.4,0.7,0.99,0.77,0.465149,0.293061,3.257537,848,44,25,25,0,0.0,,,,,,,,,0.0,0.0,0.0
-0.6,-48.2,0.7,0.99,0.8,0.451106,0.267368,3.184237,959,42,31,31,0,0.0,,,,,,,,,0.0,0.0,0.0
-0.6,-48.0,0.7,0.99,0.67,0.438451,0.244063,3.23461,1024,38,32,32,0,0.0,,,,,,,,,0.0,0.0,0.0
-0.6,-47.2,0.7,0.99,0.97,0.377857,0.197097,2.959708,1147,23,19,15,4,0.12,9.75,20.65,22.0,2.0,3.0,0.0679,0.0769,0.0773,0.1202,0.1666,0.169
-0.6,-47.0,0.7,0.99,1.27,0.363139,0.185737,2.972664,1085,23,16,12,4,0.12,11.25,24.05,26.0,2.0,2.85,0.0913,0.1259,0.1305,0.1607,0.2367,0.2413
-0.6,-46.8,0.7,0.99,1.31,0.346426,0.177755,2.976737,1122,22,16,12,4,0.12,10.25,21.35,23.0,1.5,2.0,0.0949,0.1431,0.1481,0.1424,0.2032,0.207
-0.6,-46.6,0.7,0.99,1.29,0.329468,0.172401,2.950558,1192,21,15,11,4,0.12,8.75,16.1,17.0,1.0,1.0,0.0673,0.137,0.1468,0.0806,0.1267,0.1274
-0.6,-46.4,0.7,0.99,1.29,0.312561,0.167372,2.905302,1261,24,19,16,3,0.09,8.67,16.7,18.0,1.0,1.0,0.094,0.1332,0.1395,0.0957,0.1189,0.1201
-0.6,-46.2,0.7,0.99,1.24,0.300307,0.162845,2.835536,1325,23,17,15,2,0.06,3.0,3.9,4.0,1.0,1.0,0.0587,0.1115,0.1174,0.0474,0.0901,0.0949
-0.6,-46.0,0.7,0.99,1.24,0.294565,0.159449,2.771571,1343,27,21,21,0,0.0,,,,,,,,,0.0,0.0,0.0
-0.4,-48.2,0.7,0.99,0.94,0.444609,0.25183,2.960708,1062,34,26,23,3,0.09,4.0,4.9,5.0,1.0,1.0,0.0088,0.0238,0.0265,0.0108,0.0277,0.0305
-0.4,-48.0,0.7,0.99,1.08,0.427767,0.231063,2.72851,1084,31,27,23,4,0.12,6.25,11.55,12.0,2.0,3.7,0.0638,0.0765,0.0792,0.0724,0.1356,0.1477
-0.4,-47.8,0.7,0.99,1.2,0.408651,0.215824,2.774426,1037,28,23,19,4,0.12,9.75,20.35,22.0,2.5,4.55,0.1102,0.153,0.1621,0.1784,0.3286,0.3627
-0.4,-47.6,0.7,0.99,1.28,0.392309,0.203116,2.835506,1021,23,18,13,5,0.15,11.0,22.4,24.0,2.0,4.4,0.1126,0.1928,0.2087,0.154,0.3464,0.3938
-0.4,-47.4,0.7,0.99,1.36,0.379485,0.191846,2.847995,993,22,17,13,4,0.12,12.25,25.35,27.0,2.75,4.7,0.1262,0.2043,0.2111,0.2391,0.3769,0.3928
-0.4,-47.2,0.7,0.99,1.39,0.364253,0.182594,2.870207,1014,23,18,14,4,0.12,12.25,25.35,27.0,2.25,3.0,0.1047,0.1397,0.1418,0.1982,0.2727,0.278
-0.4,-47.0,0.7,0.99,1.4,0.348856,0.174204,2.866034,1044,22,16,12,4,0.12,11.5,24.2,26.0,2.0,2.85,0.1008,0.1427,0.1483,0.1804,0.2495,0.2508
-0.4,-46.8,0.7,0.99,1.37,0.331484,0.167724,2.847996,1096,17,14,10,4,0.12,10.75,22.2,24.0,1.75,2.0,0.1061,0.1574,0.1612,0.1628,0.2446,0.2548
-0.4,-46.6,0.7,0.99,1.29,0.314038,0.164082,2.81404,1176,20,16,13,3,0.09,12.33,20.7,22.0,1.67,2.0,0.1316,0.1688,0.1705,0.1532,0.2143,0.225
-0.2,-49.6,0.7,0.99,0.24,0.570455,0.370453,2.594349,807,65,42,40,2,0.06,2.5,2.95,3.0,1.0,1.0,0.0448,0.0607,0.0625,0.0531,0.0728,0.075
-0.2,-48.4,0.7,0.99,0.74,0.456491,0.259119,2.767483,1125,37,30,29,1,0.03,4.0,4.0,4.0,2.0,2.0,0.0111,0.0111,0.0111,0.0312,0.0312,0.0312
-0.2,-48.2,0.7,0.99,0.87,0.437971,0.238683,2.667735,1134,33,30,27,3,0.09,6.33,7.9,8.0,2.0,2.0,0.0737,0.1027,0.1075,0.1248,0.1558,0.1591
-0.2,-48.0,0.7,0.99,1.2,0.415415,0.221328,2.708041,1075,30,24,20,4,0.12,7.5,15.1,16.0,1.75,2.85,0.0675,0.0744,0.0745,0.1167,0.1676,0.1771
-0.2,-47.8,0.7,0.99,1.34,0.394897,0.206332,2.748529,1038,23,20,14,6,0.18,9.5,20.25,23.0,2.17,4.5,0.1005,0.1803,0.2014,0.1471,0.3157,0.3609
-0.2,-47.6,0.7,0.99,1.39,0.377141,0.193605,2.760031,1022,22,17,12,5,0.15,11.0,22.2,24.0,2.6,4.6,0.1225,0.2105,0.2223,0.1864,0.3765,0.4094
-0.2,-47.4,0.7,0.99,1.46,0.362241,0.183301,2.768685,989,24,17,13,4,0.12,12.5,26.2,28.0,2.5,3.85,0.1181,0.1867,0.1905,0.2201,0.3006,0.3049
-0.2,-47.2,0.7,0.99,1.49,0.348035,0.175094,2.76283,965,22,15,11,4,0.12,12.75,27.05,29.0,2.0,2.85,0.1025,0.1436,0.1461,0.1954,0.291,0.2924
-0.0,-50.4,0.7,0.99,0.2,0.626957,0.422092,2.19094,778,84,57,50,7,0.21,2.29,5.5,7.0,1.14,1.7,0.0648,0.1236,0.1409,0.0719,0.1483,0.1483
-0.0,-50.2,0.7,0.99,0.14,0.612409,0.409617,2.009903,707,77,50,45,5,0.15,1.8,2.8,3.0,1.2,1.8,0.0695,0.143,0.1497,0.0877,0.1873,0.1936
-0.0,-50.0,0.7,0.99,0.18,0.593121,0.395767,2.026225,763,73,45,41,4,0.12,1.75,2.85,3.0,1.25,1.85,0.0757,0.1355,0.1455,0.0991,0.1582,0.1604
-0.0,-49.2,0.7,0.99,0.68,0.524031,0.326816,2.970676,1082,55,44,44,0,0.0,,,,,,,,,0.0,0.0,0.0
-0.0,-49.0,0.7,0.99,0.69,0.505838,0.304028,2.638095,1168,56,46,44,2,0.06,3.5,4.85,5.0,1.5,1.95,0.0323,0.04,0.0408,0.0389,0.0637,0.0664
-0.0,-48.8,0.7,0.99,0.71,0.488029,0.284761,2.498322,1186,50,42,40,2,0.06,4.0,5.8,6.0,1.5,1.95,0.0456,0.0569,0.0581,0.0864,0.0979,0.0992
-0.0,-48.6,0.7,0.99,0.79,0.468487,0.266646,2.464769,1140,48,38,36,2,0.06,3.5,4.85,5.0,1.5,1.95,0.0423,0.0517,0.0528,0.0704,0.0766,0.0773
-0.0,-48.4,0.7,0.99,0.94,0.447183,0.246931,2.456981,1117,34,30,27,3,0.09,6.33,9.5,10.0,2.0,2.0,0.0738,0.1241,0.1319,0.1548,0.2471,0.2615
-0.0,-48.2,0.7,0.99,1.19,0.426741,0.227705,2.458865,1052,31,25,19,6,0.18,6.83,16.5,18.0,1.67,3.5,0.0712,0.1177,0.1272,0.111,0.2484,0.261
0.2,-50.6,0.7,0.99,0.3,0.638479,0.431991,2.878966,637,85,54,48,6,0.18,1.83,2.75,3.0,1.17,1.75,0.0379,0.0963,0.1124,0.046,0.1024,0.119
0.2,-49.6,0.7,0.99,0.56,0.544193,0.355506,3.52509,1109,62,53,51,2,0.06,2.0,2.0,2.0,2.0,2.0,0.0777,0.1136,0.1176,0.1741,0.2623,0.2721
0.2,-49.4,0.7,0.99,0.83,0.523572,0.334045,3.404997,1068,57,44,44,0,0.0,,,,,,,,,0.0,0.0,0.0
0.2,-49.2,0.7,0.99,1.08,0.507219,0.313647,2.886956,1047,57,44,44,0,0.0,,,,,,,,,0.0,0.0,0.0
0.2,-49.0,0.7,0.99,1.04,0.492093,0.294285,2.641126,1068,53,41,39,2,0.06,4.0,5.8,6.0,1.0,1.0,0.0168,0.023,0.0237,0.011,0.021,0.0221
0.2,-48.8,0.7,0.99,1.04,0.476173,0.276251,2.370161,1079,49,34,31,3,0.09,4.33,5.0,5.0,1.33,1.9,0.0319,0.0639,0.0691,0.0597,0.1012,0.1081
0.2,-48.6,0.7,0.99,1.17,0.455286,0.258098,2.219122,1036,42,32,29,3,0.09,5.67,6.9,7.0,1.67,2.0,0.0732,0.0964,0.1,0.0998,0.1389,0.1417
0.4,-50.0,0.7,0.99,0.51,0.573621,0.387932,3.331347,1039,75,65,62,3,0.09,1.67,2.0,2.0,1.33,1.9,0.0718,0.1471,0.1591,0.0927,0.1921,0.2086
0.4,-49.8,0.7,0.99,0.62,0.555268,0.369455,3.806559,1050,69,58,56,2,0.06,4.0,4.9,5.0,1.0,1.0,0.0417,0.0792,0.0833,0.0544,0.0855,0.0889
0.4,-49.6,0.7,0.99,0.8,0.530424,0.346721,4.162305,1043,60,47,47,0,0.0,,,,,,,,,0.0,0.0,0.0
0.4,-49.4,0.7,0.99,1.18,0.512419,0.322012,3.250249,1001,57,43,43,0,0.0,,,,,,,,,0.0,0.0,0.0
0.4,-49.2,0.7,0.99,1.23,0.495382,0.303104,2.800498,986,56,40,39,1,0.03,9.0,9.0,9.0,1.0,1.0,0.0191,0.0191,0.0191,0.0,0.0,0.0
0.4,-29.4,0.7,0.99,2.04,0.164894,0.046954,1.419356,902,24,16,15,1,0.03,8.0,8.0,8.0,1.0,1.0,0.0565,0.0565,0.0565,0.0206,0.0206,0.0206
0.6,-50.4,0.7,0.99,0.3,0.610634,0.416202,3.234794,872,85,68,66,2,0.06,1.5,1.95,2.0,1.0,1.0,0.0216,0.041,0.0432,0.041,0.0647,0.0673
0.6,-50.2,0.7,0.99,0.53,0.588319,0.402265,3.51504,990,87,74,73,1,0.03,1.0,1.0,1.0,1.0,1.0,0.0,0.0,0.0,0.027,0.027,0.027
0.6,-50.0,0.7,0.99,0.88,0.565169,0.383787,3.696011,1073,75,66,66,0,0.0,,,,,,,,,0.0,0.0,0.0
0.6,-49.8,0.7,0.99,1.03,0.540605,0.362689,3.892893,1074,70,58,58,0,0.0,,,,,,,,,0.0,0.0,0.0
0.6,-49.6,0.7,0.99,1.14,0.515025,0.336519,3.777912,1017,61,46,46,0,0.0,,,,,,,,,0.0,0.0,0.0
0.6,-49.4,0.7,0.99,1.24,0.498751,0.312836,3.036217,976,57,40,39,1,0.03,8.0,8.0,8.0,2.0,2.0,0.0075,0.0075,0.0075,0.0105,0.0105,0.0105
0.6,-49.2,0.7,0.99,1.28,0.481268,0.295542,2.584148,959,52,37,33,4,0.12,6.0,8.55,9.0,1.25,1.85,0.0675,0.0757,0.0769,0.05,0.0674,0.0676
0.6,-29.8,0.7,0.99,2.03,0.169041,0.051108,1.428497,888,24,15,14,1,0.03,12.0,12.0,12.0,1.0,1.0,0.0651,0.0651,0.0651,0.0248,0.0248,0.0248
0.6,-29.6,0.7,0.99,2.03,0.168485,0.050122,1.423168,897,23,15,14,1,0.03,12.0,12.0,12.0,1.0,1.0,0.0619,0.0619,0.0619,0.0214,0.0214,0.0214
0.6,-29.4,0.7,0.99,2.03,0.16788,0.04914,1.417093,898,26,16,15,1,0.03,10.0,10.0,10.0,1.0,1.0,0.0538,0.0538,0.0538,0.0202,0.0202,0.0202
0.6,-29.2,0.7,0.99,2.03,0.167069,0.04816,1.410312,898,29,16,15,1,0.03,10.0,10.0,10.0,1.0,1.0,0.0528,0.0528,0.0528,0.0192,0.0192,0.0192
0.6,-29.0,0.7,0.99,2.03,0.166021,0.047173,1.403462,893,28,16,15,1,0.03,11.0,11.0,11.0,1.0,1.0,0.0544,0.0544,0.0544,0.0209,0.0209,0.0209
0.8,-50.2,0.7,0.99,0.44,0.580386,0.397642,3.48617,991,83,67,66,1,0.03,1.0,1.0,1.0,1.0,1.0,0.0,0.0,0.0,0.0247,0.0247,0.0247
0.8,-50.0,0.7,0.99,0.63,0.555493,0.380305,3.506284,1073,81,69,69,0,0.0,,,,,,,,,0.0,0.0,0.0
0.8,-49.8,0.7,0.99,1.01,0.526039,0.357923,3.253789,1083,70,58,56,2,0.06,3.0,3.9,4.0,1.0,1.0,0.021,0.0255,0.026,0.0128,0.019,0.0197
0.8,-49.6,0.7,0.99,1.14,0.499795,0.327364,2.984089,1005,61,44,42,2,0.06,6.0,6.0,6.0,1.0,1.0,0.062,0.0838,0.0862,0.0612,0.0783,0.0802
0.8,-49.4,0.7,0.99,1.23,0.484339,0.306025,2.629218,978,58,39,37,2,0.06,7.5,8.85,9.0,2.0,2.9,0.0661,0.0731,0.0739,0.0778,0.1147,0.1188
0.8,-29.8,0.7,0.99,2.03,0.172587,0.05354,1.423599,883,22,14,13,1,0.03,11.0,11.0,11.0,1.0,1.0,0.0654,0.0654,0.0654,0.0251,0.0251,0.0251
0.8,-29.6,0.7,0.99,2.03,0.172263,0.052568,1.419397,880,23,14,13,1,0.03,10.0,10.0,10.0,1.0,1.0,0.0597,0.0597,0.0597,0.0191,0.0191,0.0191
0.8,-29.4,0.7,0.99,2.03,0.17096,0.051603,1.414405,882,25,14,13,1,0.03,10.0,10.0,10.0,1.0,1.0,0.0517,0.0517,0.0517,0.0155,0.0155,0.0155
0.8,-29.2,0.7,0.99,2.03,0.170009,0.050636,1.406857,884,27,16,15,1,0.03,10.0,10.0,10.0,1.0,1.0,0.0482,0.0482,0.0482,0.0143,0.0143,0.0143
0.8,-29.0,0.7,0.99,2.02,0.169195,0.04967,1.399467,891,29,15,15,0,0.0,,,,,,,,,0.0,0.0,0.0
1.0,-50.0,0.7,0.99,0.49,0.547649,0.375843,3.384965,1111,82,72,71,1,0.03,2.0,2.0,2.0,1.0,1.0,0.0,0.0,0.0,0.0221,0.0221,0.0221
1.0,-49.8,0.7,0.99,0.89,0.51258,0.349217,2.713614,1080,74,61,59,2,0.06,3.0,3.9,4.0,1.0,1.0,0.0723,0.0828,0.084,0.074,0.0816,0.0824
1.0,-49.6,0.7,0.99,1.13,0.487928,0.319382,2.455517,942,61,43,41,2,0.06,6.5,6.95,7.0,1.5,1.95,0.1014,0.1159,0.1175,0.1385,0.1615,0.1641
1.0,-29.8,0.7,0.99,2.02,0.177007,0.056222,1.415641,884,23,14,13,1,0.03,10.0,10.0,10.0,1.0,1.0,0.0663,0.0663,0.0663,0.026,0.026,0.026
1.0,-29.6,0.7,0.99,2.02,0.176336,0.05526,1.408623,872,23,15,14,1,0.03,10.0,10.0,10.0,1.0,1.0,0.0621,0.0621,0.0621,0.0216,0.0216,0.0216
1.0,-29.4,0.7,0.99,2.02,0.174656,0.054311,1.402179,883,26,15,14,1,0.03,10.0,10.0,10.0,1.0,1.0,0.0515,0.0515,0.0515,0.0178,0.0178,0.0178
1.0,-29.2,0.7,0.99,2.02,0.173221,0.053364,1.398248,886,27,14,14,0,0.0,,,,,,,,,0.0,0.0,0.0
1.0,-29.0,0.7,0.99,2.02,0.17243,0.052413,1.393432,881,30,15,15,0,0.0,,,,,,,,,0.0,0.0,0.0
1.2,-49.8,0.7,0.99,0.8,0.493739,0.335301,2.187036,915,76,57,53,4,0.12,4.0,5.0,5.0,1.25,1.85,0.0448,0.0841,0.0885,0.0542,0.1157,0.1247
1.2,-49.6,0.7,0.99,1.23,0.473184,0.309401,2.140021,820,61,41,35,6,0.18,7.0,9.0,9.0,1.33,2.5,0.0701,0.1021,0.1102,0.0665,0.1497,0.1643
1.2,-29.6,0.7,0.99,2.02,0.180165,0.058197,1.404569,872,29,17,16,1,0.03,9.0,9.0,9.0,1.0,1.0,0.0605,0.0605,0.0605,0.0174,0.0174,0.0174
1.2,-29.4,0.7,0.99,2.02,0.179136,0.057255,1.398319,877,29,17,17,0,0.0,,,,,,,,,0.0,0.0,0.0
1.2,-29.2,0.7,0.99,2.01,0.177523,0.056331,1.392795,885,28,17,17,0,0.0,,,,,,,,,0.0,0.0,0.0
1.4,-49.8,0.7,0.99,1.15,0.469349,0.314324,2.427619,742,63,40,39,1,0.03,6.0,6.0,6.0,1.0,1.0,0.0492,0.0492,0.0492,0.049,0.049,0.049
1.4,-49.6,0.7,0.99,1.31,0.453119,0.292287,2.302629,695,54,36,33,3,0.09,7.0,7.9,8.0,1.33,1.9,0.0665,0.0994,0.1019,0.0588,0.0667,0.0671
1.6,-49.8,0.7,0.99,1.3,0.442999,0.282784,2.972669,628,53,32,30,2,0.06,10.5,13.65,14.0,1.5,1.95,0.1127,0.1354,0.1379,0.0725,0.101,0.1041
1.6,-49.6,0.7,0.99,1.394,0.430054,0.269275,2.707691,585,49,32,30,2,0.06,11.0,13.7,14.0,1.5,1.95,0.1323,0.1325,0.1325,0.081,0.0836,0.0839
1.8,-50.0,0.7,0.99,1.29,0.428165,0.258355,4.942067,488,49,31,31,0,0.0,,,,,,,,,0.0,0.0,0.0
1.8,-49.8,0.7,0.99,1.48,0.420777,0.249279,3.615597,505,49,31,28,3,0.09,8.0,13.4,14.0,1.67,2.0,0.0923,0.1435,0.1447,0.072,0.1248,0.1299
1.8,-49.6,0.7,0.99,1.49,0.409141,0.245384,2.987294,521,43,29,26,3,0.09,8.0,13.4,14.0,2.33,4.6,0.0981,0.1725,0.1789,0.131,0.3088,0.3381
2.0,-50.2,0.7,0.99,1.39,0.423585,0.254959,5.31965,477,50,32,32,0,0.0,,,,,,,,,0.0,0.0,0.0
2.0,-50.0,0.7,0.99,1.52,0.410169,0.237464,4.579433,484,50,32,31,1,0.03,13.0,13.0,13.0,1.0,1.0,0.1063,0.1063,0.1063,0.0145,0.0145,0.0145
2.0,-49.8,0.7,0.99,1.58,0.397746,0.227111,3.735987,481,42,29,27,2,0.06,7.5,13.35,14.0,2.0,2.9,0.1006,0.1635,0.1705,0.1257,0.1985,0.2066
2.0,-49.6,0.7,0.99,1.57,0.387219,0.221994,3.102664,494,39,26,23,3,0.09,8.33,12.7,13.0,2.33,4.6,0.1161,0.1981,0.2067,0.1359,0.2984,0.3269
2.2,-50.6,0.7,0.99,0.73,0.429828,0.253006,5.623373,472,53,37,37,0,0.0,,,,,,,,,0.0,0.0,0.0
2.2,-50.4,0.7,0.99,1.17,0.416014,0.24632,5.177614,480,49,35,35,0,0.0,,,,,,,,,0.0,0.0,0.0
2.2,-50.2,0.7,0.99,1.54,0.40404,0.23742,4.676989,470,46,30,30,0,0.0,,,,,,,,,0.0,0.0,0.0
2.2,-50.0,0.7,0.99,1.62,0.390967,0.219998,4.119654,485,40,28,26,2,0.06,10.5,11.85,12.0,1.5,1.95,0.1153,0.1416,0.1445,0.0283,0.0537,0.0565
2.4,-50.6,0.7,0.99,1.38,0.413636,0.242853,5.293974,468,52,33,33,0,0.0,,,,,,,,,0.0,0.0,0.0
2.4,-50.4,0.7,0.99,1.54,0.398284,0.233849,4.884984,459,44,29,29,0,0.0,,,,,,,,,0.0,0.0,0.0
2.4,-50.2,0.7,0.99,1.62,0.38586,0.220121,4.306118,468,41,27,26,1,0.03,10.0,10.0,10.0,1.0,1.0,0.1096,0.1096,0.1096,0.0133,0.0133,0.0133
2.6,-50.8,0.7,0.99,1.01,0.40587,0.239172,4.752028,600,47,33,33,0,0.0,,,,,,,,,0.0,0.0,0.0
2.6,-50.6,0.7,0.99,1.43,0.395717,0.230891,4.697703,468,42,28,28,0,0.0,,,,,,,,,0.0,0.0,0.0
2.6,-50.4,0.7,0.99,1.58,0.381118,0.220426,4.333643,474,39,26,26,0,0.0,,,,,,,,,0.0,0.0,0.0
2.8,-50.8,0.7,0.99,1.24,0.390367,0.227993,4.157855,473,40,29,28,1,0.03,9.0,9.0,9.0,1.0,1.0,0.0445,0.0445,0.0445,0.0,0.0,0.0
2.8,-50.6,0.7,0.99,1.53,0.377105,0.218979,4.068867,460,37,28,28,0,0.0,,,,,,,,,0.0,0.0,0.0
3.0,-50.8,0.7,0.99,1.46,0.372965,0.217488,3.531451,457,36,29,28,1,0.03,13.0,13.0,13.0,1.0,1.0,0.1116,0.1116,0.1116,0.0123,0.0123,0.0123
3.0,-50.6,0.7,0.99,1.61,0.359838,0.20666,3.36274,453,29,24,23,1,0.03,13.0,13.0,13.0,1.0,1.0,0.1278,0.1278,0.1278,0.0123,0.0123,0.0123
3.2,-50.8,0.7,0.99,1.58,0.356249,0.204661,2.964172,445,30,25,23,2,0.06,11.5,12.85,13.0,1.5,1.95,0.1167,0.1505,0.1543,0.0879,0.167,0.1758
3.2,-50.6,0.7,0.99,1.68,0.340849,0.1891,2.765468,441,27,23,22,1,0.03,14.0,14.0,14.0,2.0,2.0,0.1525,0.1525,0.1525,0.1597,0.1597,0.1597
3.4,-50.8,0.7,0.99,1.62,0.337904,0.188402,2.505258,439,26,21,20,1,0.03,12.0,12.0,12.0,2.0,2.0,0.1578,0.1578,0.1578,0.2015,0.2015,0.2015
3.6,-51.0,0.7,0.99,1.27,0.335428,0.186355,2.309414,510,29,21,20,1,0.03,11.0,11.0,11.0,1.0,1.0,0.1503,0.1503,0.1503,0.1018,0.1018,0.1018
3.6,-50.8,0.7,0.99,1.62,0.315248,0.168247,2.202086,436,26,19,18,1,0.03,11.0,11.0,11.0,1.0,1.0,0.1961,0.1961,0.1961,0.1088,0.1088,0.1088
3.8,-51.0,0.7,0.99,1.05,0.316477,0.167289,2.080939,496,29,21,20,1,0.03,10.0,10.0,10.0,1.0,1.0,0.0891,0.0891,0.0891,0.0718,0.0718,0.0718
3.8,-50.8,0.7,0.99,1.54,0.294919,0.150061,1.986709,442,29,20,19,1,0.03,9.0,9.0,9.0,1.0,1.0,0.1494,0.1494,0.1494,0.08,0.08,0.08
4.0,-51.0,0.7,0.99,1.17,0.285958,0.139598,1.941237,496,26,17,15,2,0.06,9.0,9.0,9.0,1.0,1.0,0.0675,0.0907,0.0933,0.0385,0.0599,0.0623
4.0,-50.8,0.7,0.99,1.63,0.271751,0.12938,1.807062,445,28,18,18,0,0.0,,,,,,,,,0.0,0.0,0.0
4.2,-51.2,0.7,0.99,0.8,0.270304,0.123753,1.998946,529,22,14,12,2,0.06,9.5,9.95,10.0,1.0,1.0,0.0581,0.0811,0.0837,0.0594,0.0868,0.0899
4.2,-51.0,0.7,0.99,1.12,0.25845,0.112943,1.749204,502,24,14,13,1,0.03,4.0,4.0,4.0,1.0,1.0,0.0969,0.0969,0.0969,0.0949,0.0949,0.0949
4.2,-50.8,0.7,0.99,1.63,0.252669,0.11172,1.654944,460,22,12,12,0,0.0,,,,,,,,,0.0,0.0,0.0
4.4,-51.6,0.7,0.99,0.8,0.254872,0.108909,1.514566,471,21,13,11,2,0.06,9.0,9.9,10.0,1.5,1.95,0.0479,0.054,0.0547,0.0368,0.0384,0.0385
4.4,-51.4,0.7,0.99,1.07,0.247136,0.09927,1.755413,470,20,12,10,2,0.06,8.5,9.85,10.0,1.5,1.95,0.12,0.1384,0.1404,0.1,0.1051,0.1057
4.4,-51.2,0.7,0.99,1.08,0.249852,0.103241,1.680212,493,20,12,10,2,0.06,5.5,8.65,9.0,1.0,1.0,0.0869,0.1076,0.11,0.0548,0.0853,0.0887
4.4,-51.0,0.7,0.99,1.13,0.243989,0.096584,1.590975,498,18,10,10,0,0.0,,,,,,,,,0.0,0.0,0.0
4.6,-51.6,0.7,0.99,1.55,0.240081,0.095259,1.654176,445,22,12,10,2,0.06,5.5,7.75,8.0,1.0,1.0,0.1606,0.2006,0.205,0.0764,0.1123,0.1163
4.6,-51.4,0.7,0.99,1.61,0.235908,0.090286,1.599656,458,21,11,9,2,0.06,4.0,6.7,7.0,1.0,1.0,0.1659,0.2054,0.2098,0.0759,0.1167,0.1212
4.6,-51.2,0.7,0.99,1.43,0.231094,0.085085,1.529998,471,21,9,8,1,0.03,5.0,5.0,5.0,1.0,1.0,0.084,0.084,0.084,0.0225,0.0225,0.0225
4.6,-51.0,0.7,0.99,1.73,0.240669,0.094501,1.500165,460,14,7,7,0,0.0,,,,,,,,,0.0,0.0,0.0
4.8,-52.0,0.7,0.99,1.51,0.228916,0.080716,1.654961,456,20,12,10,2,0.06,6.0,6.9,7.0,1.0,1.0,0.16,0.2096,0.2151,0.0878,0.1204,0.1241
4.8,-51.8,0.7,0.99,1.73,0.220366,0.073422,1.604465,450,22,12,10,2,0.06,5.5,7.75,8.0,1.0,1.0,0.1947,0.2548,0.2615,0.0928,0.141,0.1464
4.8,-51.6,0.7,0.99,1.8,0.220047,0.076438,1.542312,438,22,11,10,1,0.03,4.0,4.0,4.0,1.0,1.0,0.1272,0.1272,0.1272,0.0289,0.0289,0.0289
4.8,-51.4,0.7,0.99,1.88,0.224285,0.079151,1.500167,448,19,9,8,1,0.03,1.0,1.0,1.0,1.0,1.0,0.1312,0.1312,0.1312,0.0211,0.0211,0.0211
5.0,-52.2,0.7,0.99,1.26,0.214177,0.06435,1.587629,484,24,14,12,2,0.06,6.0,6.9,7.0,1.0,1.0,0.12,0.169,0.1745,0.088,0.1164,0.1196
5.0,-52.0,0.7,0.99,1.56,0.21026,0.061692,1.552442,464,22,13,11,2,0.06,3.5,4.85,5.0,1.0,1.0,0.1575,0.2077,0.2133,0.0925,0.13,0.1342
5.0,-51.8,0.7,0.99,1.82,0.20832,0.063573,1.515197,442,17,9,8,1,0.03,2.0,2.0,2.0,1.0,1.0,0.1306,0.1306,0.1306,0.0325,0.0325,0.0325
5.0,-51.6,0.7,0.99,1.91,0.213288,0.070024,1.479345,447,19,8,7,1,0.03,1.0,1.0,1.0,1.0,1.0,0.1301,0.1301,0.1301,0.0176,0.0176,0.0176
5.2,-52.6,0.7,0.99,1.2,0.212383,0.06142,1.561166,499,26,15,12,3,0.09,5.0,8.6,9.0,1.0,1.0,0.0779,0.1665,0.1789,0.0657,0.1183,0.1237
5.2,-52.4,0.7,0.99,1.47,0.202643,0.053775,1.542537,480,23,15,13,2,0.06,3.5,4.85,5.0,1.0,1.0,0.1631,0.2235,0.2302,0.1044,0.1336,0.1369
5.2,-52.2,0.7,0.99,1.56,0.200427,0.053225,1.510593,471,23,12,10,2,0.06,2.5,3.85,4.0,1.0,1.0,0.163,0.2181,0.2242,0.0934,0.1228,0.1261
5.2,-52.0,0.7,0.99,1.8,0.204716,0.061947,1.477151,464,18,10,9,1,0.03,3.0,3.0,3.0,1.0,1.0,0.1243,0.1243,0.1243,0.0383,0.0383,0.0383
5.4,-52.6,0.7,0.99,1.5,0.190997,0.040494,1.516122,491,22,14,12,2,0.06,4.0,4.0,4.0,1.0,1.0,0.1832,0.2545,0.2624,0.1023,0.1201,0.122
5.4,-52.4,0.7,0.99,1.58,0.18845,0.042148,1.481362,483,19,11,10,1,0.03,3.0,3.0,3.0,1.0,1.0,0.1097,0.1097,0.1097,0.0742,0.0742,0.0742
5.6,-53.4,0.7,0.99,1.21,0.15961,0.018571,1.613339,505,25,14,10,4,0.12,6.0,11.1,12.0,1.0,1.0,0.0631,0.1611,0.1782,0.0302,0.0655,0.0724
5.6,-53.2,0.7,0.99,1.57,0.159295,0.016047,1.599135,500,28,13,9,4,0.12,4.25,7.55,8.0,1.0,1.0,0.093,0.2138,0.2333,0.0371,0.077,0.0843
5.6,-53.0,0.7,0.99,1.61,0.163662,0.016639,1.556313,500,25,11,8,3,0.09,4.67,7.5,8.0,1.0,1.0,0.1433,0.2401,0.2536,0.0646,0.087,0.0909
5.6,-52.8,0.7,0.99,1.63,0.166775,0.017655,1.499172,496,26,13,10,3,0.09,2.67,3.0,3.0,1.0,1.0,0.1538,0.2515,0.2656,0.0708,0.0933,0.0964
5.6,-52.6,0.7,0.99,1.59,0.183282,0.034861,1.461278,503,18,10,9,1,0.03,3.0,3.0,3.0,1.0,1.0,0.1059,0.1059,0.1059,0.0751,0.0751,0.0751
5.8,-53.6,0.7,0.99,1.39,0.147577,0.008678,1.588477,519,20,9,6,3,0.09,6.0,8.7,9.0,1.0,1.0,0.0872,0.1577,0.1645,0.0378,0.0575,0.0607
5.8,-53.4,0.7,0.99,1.27,0.148983,0.006835,1.561184,506,24,10,7,3,0.09,3.67,6.6,7.0,1.0,1.0,0.0763,0.1501,0.159,0.0338,0.0522,0.055
5.8,-53.2,0.7,0.99,1.74,0.152715,0.007779,1.525109,496,24,10,8,2,0.06,2.0,2.9,3.0,1.0,1.0,0.0707,0.1215,0.1272,0.0405,0.0443,0.0447
5.8,-53.0,0.7,0.99,1.75,0.161045,0.012434,1.486704,507,23,12,10,2,0.06,2.0,2.9,3.0,1.0,1.0,0.09,0.1397,0.1452,0.0557,0.0584,0.0587
5.8,-52.8,0.7,0.99,1.74,0.17033,0.020173,1.44521,506,22,9,8,1,0.03,2.0,2.0,2.0,1.0,1.0,0.1353,0.1353,0.1353,0.0642,0.0642,0.0642
6.0,-54.2,0.7,0.99,1.6,0.12723,-0.006022,1.546589,497,25,8,6,2,0.06,4.5,7.65,8.0,1.0,1.0,0.0794,0.1509,0.1588,0.0323,0.0614,0.0647
6.0,-54.0,0.7,0.99,1.7,0.126957,-0.007635,1.555553,506,25,7,5,2,0.06,4.5,6.75,7.0,1.0,1.0,0.0933,0.1685,0.1768,0.0517,0.063,0.0642
6.0,-53.8,0.7,0.99,1.78,0.128935,-0.006673,1.541895,508,23,8,6,2,0.06,2.0,2.9,3.0,1.0,1.0,0.0061,0.0116,0.0122,0.0221,0.0419,0.0441
6.0,-53.6,0.7,0.99,1.81,0.140658,0.00113,1.518222,505,24,11,9,2,0.06,1.0,1.0,1.0,1.0,1.0,0.0072,0.0137,0.0145,0.0229,0.042,0.0441
6.0,-53.4,0.7,0.99,1.82,0.148093,0.00331,1.490253,504,25,9,8,1,0.03,3.0,3.0,3.0,1.0,1.0,0.1426,0.1426,0.1426,0.0281,0.0281,0.0281
6.0,-53.2,0.7,0.99,1.82,0.15634,0.009696,1.457728,507,22,8,7,1,0.03,2.0,2.0,2.0,1.0,1.0,0.1407,0.1407,0.1407,0.0285,0.0285,0.0285
