grid_lat,grid_lon,hs_prime_trend_mm_per_year,hs_prime_trend_low_mm_per_year,hs_prime_trend_high_mm_per_year,hs_star_trend_mm_per_year,hs_star_trend_low_mm_per_year,hs_star_trend_high_mm_per_year,zos_prime_trend_mm_per_year,zos_prime_trend_low_mm_per_year,zos_prime_trend_high_mm_per_year,zos_star_trend_mm_per_year,zos_star_trend_low_mm_per_year,zos_star_trend_high_mm_per_year
-35.000000,-54.799988,0.769603,-0.843578,2.466456,0.769602,-0.843579,2.491589,3.137166,2.191403,4.075639,3.135031,2.191405,4.075637
-35.000000,-54.600006,1.121960,-0.700712,3.189974,1.129838,-0.707014,3.202053,3.279036,2.334046,4.149217,3.279037,2.334045,4.149219
-35.000000,-54.399994,1.052904,-1.000001,3.122096,1.052905,-1.000001,3.127398,3.268000,2.454679,4.153204,3.268001,2.454166,4.154231
-35.000000,-54.200012,1.028933,-1.121291,3.051059,1.040857,-1.113711,3.051059,3.220763,2.472597,4.158157,3.220762,2.472013,4.158154
-35.000000,-54.000000,1.059378,-1.036474,3.215953,1.047996,-1.026577,3.226791,3.302187,2.538750,4.203541,3.302187,2.538749,4.203542
-34.799999,-54.399994,1.104585,-0.545660,3.010275,1.113446,-0.545663,3.010274,3.156577,2.260211,4.066186,3.156576,2.260212,4.066187
-34.799999,-54.200012,1.101441,-0.844748,3.168925,1.101440,-0.844749,3.152815,3.265197,2.339606,4.045528,3.265199,2.339607,4.045527
-34.799999,-54.000000,1.071190,-0.816441,3.283239,1.067372,-0.816433,3.283245,3.304963,2.385751,4.172829,3.304963,2.385751,4.172830
-34.799999,-53.799988,1.413247,-0.617351,3.563411,1.413245,-0.617352,3.565297,3.296099,2.517385,4.172820,3.295939,2.517384,4.172027
-34.799999,-53.600006,1.614148,-0.385591,3.739709,1.623767,-0.385591,3.739736,3.307953,2.589285,4.197489,3.307268,2.592875,4.197490
-34.599998,-54.000000,0.773922,-0.970319,2.832012,0.773918,-0.970319,2.832009,3.134007,2.342888,4.092703,3.132699,2.342890,4.094489
-34.599998,-53.799988,1.145969,-0.691780,3.107878,1.145966,-0.691780,3.107877,3.241837,2.353747,4.113478,3.243540,2.353748,4.113476
-34.599998,-53.600006,1.572683,-0.495108,3.476757,1.567985,-0.495107,3.440524,3.343040,2.404255,4.208202,3.341322,2.404256,4.208201
-34.599998,-53.399994,1.733385,-0.439371,3.532533,1.729300,-0.460509,3.532536,3.338090,2.545493,4.261197,3.338090,2.545490,4.261176
-34.400002,-53.799988,0.109249,-1.150685,1.418787,0.109250,-1.150685,1.418787,3.190741,2.302978,4.122167,3.192516,2.302977,4.124267
-34.400002,-53.600006,1.257249,-0.479848,2.921764,1.257247,-0.471831,2.907579,3.204610,2.330032,4.089908,3.204618,2.330032,4.089907
-34.400002,-53.399994,1.897175,-0.158945,3.864217,1.901724,-0.147873,3.851270,3.337112,2.395766,4.239712,3.337894,2.395760,4.238231
-34.200001,-53.600006,0.552113,-1.038293,2.132794,0.550342,-1.034775,2.138305,3.210467,2.370793,4.133917,3.210468,2.370794,4.142915
-34.200001,-53.399994,1.603966,-0.223031,3.452053,1.600046,-0.233755,3.452056,3.284894,2.367900,4.105236,3.284895,2.359986,4.105237
-34.200001,-53.200012,2.060982,0.085235,4.019180,2.055779,0.085237,4.019178,3.311751,2.332065,4.228598,3.311751,2.332063,4.228600
-34.000000,-53.399994,-5.079014,-7.053722,-2.485121,-5.076972,-7.043323,-2.468961,3.190015,2.337296,4.139454,3.199454,2.337297,4.144019
-34.000000,-53.200012,2.087906,0.202614,4.057522,2.081400,0.220480,4.068490,3.281925,2.344665,4.178088,3.281924,2.347617,4.175034
-34.000000,-53.000000,2.183104,0.249498,4.058190,2.183106,0.233156,4.157444,3.317314,2.380097,4.144335,3.317949,2.380096,4.142468
-33.799999,-53.399994,-1.642716,-3.043978,-0.156937,-1.638695,-3.043983,-0.147215,3.299330,2.366907,4.240060,3.299332,2.366908,4.238035
-33.799999,-53.200012,0.699332,-0.823723,2.356164,0.699333,-0.817084,2.356165,3.299592,2.314466,4.213985,3.300800,2.314467,4.216291
-33.799999,-53.000000,2.311889,0.341959,4.087668,2.311888,0.341959,4.095892,3.273958,2.315239,4.145967,3.274893,2.315239,4.143362
-33.799999,-52.799988,2.527100,0.438360,4.241899,2.518212,0.438360,4.328450,3.346762,2.366197,4.168657,3.345559,2.368202,4.168657
-33.599998,-53.000000,1.459842,0.165561,2.701111,1.456088,0.158469,2.707189,3.315686,2.290161,4.265211,3.315685,2.290163,4.265213
-33.599998,-52.799988,2.873939,1.132513,4.454991,2.862789,1.132514,4.454992,3.289935,2.300418,4.236236,3.289932,2.300417,4.236236
-33.599998,-52.600006,2.472779,0.457652,4.366460,2.470256,0.457652,4.353372,3.441627,2.376346,4.204528,3.441624,2.376346,4.204525
-33.400002,-52.799988,1.587375,0.295249,3.128647,1.590623,0.286844,3.138174,3.356214,2.288420,4.356601,3.346102,2.288420,4.359357
-33.400002,-52.600006,2.644275,0.999499,4.244619,2.644274,0.968037,4.244618,3.332781,2.302617,4.323720,3.332783,2.307984,4.326156
-33.400002,-52.399994,2.174018,0.195355,3.969069,2.183751,0.195354,3.936679,3.420741,2.369799,4.268602,3.420742,2.369800,4.268594
-33.200001,-52.600006,1.975210,0.813490,3.680365,1.971117,0.813489,3.680365,3.354577,2.338208,4.410708,3.356111,2.326651,4.406273
-33.200001,-52.399994,2.916773,1.260274,4.554552,2.922929,1.244334,4.562086,3.384378,2.302788,4.335192,3.384378,2.302789,4.337777
-33.200001,-52.200012,3.101175,1.090614,4.975342,3.083743,1.095627,4.991615,3.361097,2.364523,4.310910,3.361097,2.367196,4.308985
-33.000000,-52.399994,1.960211,0.644609,3.576111,1.960209,0.641364,3.571917,3.372555,2.374644,4.431650,3.372555,2.377022,4.436595
-33.000000,-52.200012,3.317784,1.440518,5.007932,3.322932,1.440522,5.007929,3.407682,2.389768,4.355800,3.407682,2.389772,4.358404
-32.799999,-52.399994,4.800949,3.244617,6.249409,4.800948,3.244618,6.251059,3.385916,2.409637,4.475007,3.385910,2.409637,4.474843
-32.799999,-52.200012,3.845351,1.728543,5.264009,3.843032,1.768614,5.264010,3.443095,2.371552,4.442208,3.441806,2.371552,4.446812
-32.799999,-52.000000,2.476073,0.690446,4.673975,2.484351,0.759336,4.673972,3.427857,2.414835,4.374515,3.426715,2.410105,4.355444
-32.599998,-52.200012,3.290305,1.479462,5.154109,3.290304,1.479469,5.154110,3.459156,2.401491,4.480383,3.457780,2.401492,4.480384
-32.599998,-52.000000,2.412914,0.609291,4.887445,2.412914,0.609289,4.868587,3.475692,2.401388,4.471633,3.475691,2.394118,4.474472
-32.400002,-52.200012,-7.069559,-9.774121,-2.993607,-7.068906,-9.765075,-2.993610,3.468435,2.402795,4.521073,3.468436,2.402795,4.524506
-32.400002,-52.000000,2.595556,1.027395,4.804483,2.571947,1.027397,4.804484,3.410072,2.403887,4.498279,3.410072,2.403886,4.498278
-32.400002,-51.799988,2.502474,0.761643,4.895834,2.496569,0.761642,4.895834,3.467464,2.464015,4.452506,3.467463,2.464014,4.454966
-32.200001,-52.000000,1.972890,0.357688,3.786864,1.972890,0.357687,3.820053,3.459501,2.382254,4.529673,3.459501,2.382253,4.533319
-32.200001,-51.799988,2.346308,0.726966,4.262750,2.346309,0.742648,4.282917,3.464560,2.370380,4.467440,3.461399,2.370381,4.467439
-32.200001,-51.600006,3.093614,1.293992,5.094179,3.113768,1.294801,5.118576,3.398273,2.426874,4.415452,3.401743,2.426874,4.428922
-32.000000,-51.799988,1.869712,0.746575,3.230904,1.860806,0.746576,3.226109,3.475307,2.362476,4.545681,3.468167,2.362484,4.549577
-32.000000,-51.600006,3.156737,1.520775,4.785962,3.146319,1.500043,4.793191,3.414133,2.338965,4.510405,3.419749,2.338966,4.510406
-32.000000,-51.399994,4.574001,2.430012,6.803655,4.573999,2.403749,6.803651,3.414848,2.471698,4.432816,3.414846,2.471697,4.432818
-32.000000,-51.200012,3.016128,1.249999,5.542309,3.001770,1.249999,5.566920,3.418600,2.511627,4.400794,3.419350,2.511628,4.400795
-31.799999,-51.399994,2.820870,1.371570,4.547949,2.820181,1.357125,4.547944,3.438826,2.393760,4.523194,3.438827,2.393763,4.523193
-31.799999,-51.200012,3.138095,1.308843,5.442923,3.140042,1.308842,5.450539,3.415899,2.408640,4.400580,3.414432,2.399964,4.400580
-31.799999,-51.000000,2.857028,0.888214,5.302232,2.866471,0.905951,5.227335,3.462395,2.549085,4.334296,3.462395,2.549086,4.334296
-31.600000,-51.200012,3.965756,2.184569,5.654494,3.970235,2.184571,5.684929,3.439919,2.410787,4.522335,3.443972,2.410789,4.517114
-31.600000,-51.000000,2.970253,1.256059,5.359907,2.972313,1.256059,5.375433,3.377972,2.430974,4.356213,3.377973,2.430974,4.356214
-31.600000,-50.799988,2.797584,0.571774,5.151954,2.797584,0.669327,5.166343,3.376705,2.632804,4.227317,3.378410,2.634572,4.227748
-31.400000,-50.799988,2.831279,1.056996,5.128764,2.815950,1.093661,5.167679,3.413227,2.446666,4.359153,3.411799,2.446664,4.364643
-31.400000,-50.600006,2.993945,0.877006,5.371969,3.010084,0.861303,5.371972,3.350831,2.661155,4.148513,3.348617,2.661155,4.148512
-31.200001,-50.799988,2.535564,0.787672,4.406878,2.533742,0.787672,4.406875,3.374643,2.455622,4.436046,3.374646,2.455622,4.430826
-31.200001,-50.600006,3.315850,1.446651,5.356167,3.315849,1.391090,5.369865,3.351137,2.514290,4.310513,3.353397,2.517238,4.310512
-31.200001,-50.399994,3.708076,1.583331,5.874750,3.723850,1.583334,5.874755,3.282336,2.727172,4.129724,3.282336,2.734717,4.128215
-31.000000,-50.600006,2.636057,0.743650,4.752509,2.591474,0.735430,4.722863,3.429235,2.474135,4.403918,3.414864,2.474133,4.403915
-31.000000,-50.399994,3.023100,0.927181,5.143379,2.983731,0.969902,5.143379,3.342578,2.561584,4.201611,3.342576,2.561585,4.201710
-31.000000,-50.200012,3.070831,0.884542,5.286897,3.057710,0.884540,5.286876,3.298501,2.786130,4.111486,3.297265,2.786662,4.111486
-30.799999,-50.399994,2.357444,0.761652,4.581569,2.372611,0.761645,4.581569,3.407773,2.531774,4.385030,3.407773,2.518344,4.391580
-30.799999,-50.200012,2.894028,0.905642,5.141969,2.898121,0.870260,5.141969,3.295630,2.523099,4.232131,3.290311,2.523100,4.232133
-30.600000,-50.399994,2.522246,0.821918,4.515069,2.513859,0.821918,4.450776,3.498697,2.588375,4.455417,3.483745,2.588373,4.455416
-30.600000,-50.200012,2.821553,1.081598,5.165298,2.841328,1.058542,5.131716,3.319555,2.531649,4.295640,3.320709,2.531647,4.295639
-30.600000,-50.000000,3.218532,1.079908,5.426768,3.190830,1.079909,5.484046,3.309212,2.518966,4.215874,3.309213,2.516777,4.215872
-30.400000,-50.200012,1.890413,0.291564,4.050236,1.892490,0.271803,4.034234,3.355940,2.513176,4.317487,3.358086,2.513178,4.317488
-30.400000,-50.000000,2.957533,0.956797,5.115457,2.957534,0.956797,5.115459,3.263064,2.420142,4.253003,3.278095,2.420141,4.247335
-30.400000,-49.799988,3.074040,1.046596,5.274592,3.037957,1.027702,5.274588,3.352659,2.663873,4.225719,3.352659,2.663872,4.225722
-30.200001,-50.000000,3.098181,1.076320,5.142464,3.098172,1.076320,5.142467,3.282565,2.344105,4.202155,3.280395,2.337265,4.204498
-30.200001,-49.799988,3.289042,1.128118,5.276334,3.289041,1.092767,5.381889,3.327493,2.446942,4.220388,3.327494,2.446942,4.217512
-30.000000,-50.000000,2.631694,0.827394,4.818875,2.671829,0.815652,4.818873,3.231588,2.336666,4.214651,3.234811,2.336666,4.211276
-30.000000,-49.799988,3.002706,1.073058,5.173521,3.076601,1.112916,5.173516,3.256482,2.357173,4.156097,3.256482,2.357172,4.153293
-29.799999,-49.799988,2.551890,0.868778,4.610664,2.551891,0.785802,4.610663,3.200419,2.317789,4.206384,3.203953,2.317790,4.206385
-29.799999,-49.600006,2.709280,0.864183,4.512425,2.723232,0.901619,4.450532,3.227964,2.368015,4.174781,3.230230,2.368016,4.174784
-29.600000,-49.799988,1.639024,0.017123,3.672142,1.620603,0.017123,3.682191,3.305904,2.393448,4.276624,3.298661,2.393449,4.276622
-29.600000,-49.600006,2.074810,0.389989,4.116443,2.075228,0.403750,4.092845,3.254911,2.360626,4.253256,3.250031,2.360625,4.253257
-29.600000,-49.399994,2.418003,0.586551,4.284923,2.405687,0.586550,4.284934,3.190689,2.331235,4.143262,3.193181,2.319606,4.143262
-29.400000,-49.600006,1.974333,0.440706,3.694977,1.991910,0.479441,3.694979,3.416926,2.369303,4.391969,3.416926,2.369303,4.391968
-29.400000,-49.399994,1.508722,0.080822,3.426140,1.523041,0.071994,3.449303,3.275888,2.314103,4.250720,3.275888,2.314102,4.250717
-29.400000,-49.200012,2.141607,0.363554,4.087956,2.130322,0.371384,4.116392,3.165549,2.361564,3.992760,3.165548,2.361563,3.992761
-29.200001,-49.399994,1.667580,0.246069,3.196346,1.676256,0.253240,3.196347,3.386718,2.371438,4.428938,3.386717,2.355628,4.424995
-29.200001,-49.200012,1.942009,0.405280,3.559108,1.930738,0.405282,3.604695,3.224118,2.325509,4.120965,3.224119,2.313814,4.111866
-29.200001,-49.000000,2.501369,0.750098,4.229139,2.485284,0.731009,4.280275,3.081987,2.296593,3.869648,3.081423,2.296593,3.869647
-29.000000,-49.399994,1.415348,0.183440,2.708219,1.415348,0.168312,2.708216,3.543596,2.555460,4.587994,3.543596,2.555460,4.583598
-29.000000,-49.200012,1.713272,0.556374,3.126957,1.739041,0.556376,3.120621,3.367320,2.400460,4.336275,3.367317,2.400461,4.329306
-29.000000,-49.000000,2.261831,0.835625,3.826543,2.245894,0.835615,3.859101,3.141984,2.248169,3.924058,3.141983,2.219045,3.927372
-29.000000,-48.799988,2.983848,1.157789,4.521044,3.009443,1.157788,4.498629,3.033235,2.234849,3.706020,3.031129,2.230589,3.708859
-29.000000,-48.600006,3.288016,1.297944,4.984631,3.318089,1.319389,4.983346,3.040824,2.389759,3.653859,3.040824,2.389757,3.653859
-28.799999,-49.000000,2.382300,1.343606,3.634706,2.382302,1.335611,3.634702,3.362400,2.435497,4.338297,3.362400,2.435497,4.338297
-28.799999,-48.799988,2.229941,0.763617,3.829745,2.229942,0.753070,3.918235,3.160792,2.243002,3.919283,3.158687,2.243003,3.919284
-28.799999,-48.600006,2.688975,0.845415,4.486300,2.712289,0.819034,4.456621,3.053684,2.276037,3.719742,3.053685,2.276036,3.719742
-28.799999,-48.399994,3.204175,1.167058,4.739085,3.226352,1.130959,4.740704,3.034507,2.404574,3.652451,3.034599,2.404573,3.652451
-28.600000,-48.799988,2.235973,1.095604,3.738960,2.192231,1.096311,3.810871,3.389107,2.492431,4.279392,3.391441,2.492904,4.279391
-28.600000,-48.600006,2.632494,1.144458,4.378416,2.650756,1.144459,4.356163,3.101069,2.260986,3.910428,3.098138,2.260987,3.908084
-28.600000,-48.399994,3.133880,1.235617,4.806972,3.110073,1.235618,4.806974,3.013200,2.352199,3.694876,3.012633,2.353133,3.694874
-28.400000,-48.600006,1.615634,0.220673,3.351883,1.607306,0.188978,3.351884,3.252636,2.365975,4.052188,3.252637,2.365974,4.058117
-28.400000,-48.399994,2.694324,1.034772,4.618799,2.651584,1.034772,4.618801,3.087852,2.294189,3.745720,3.089209,2.293039,3.745719
-28.200001,-48.600006,1.045949,-0.505123,3.047945,1.045949,-0.526868,3.047946,3.355018,2.438753,4.152671,3.355570,2.438752,4.135423
-28.200001,-48.399994,2.505716,0.950187,4.470891,2.507025,0.964085,4.470891,3.129567,2.272994,3.859413,3.130475,2.275771,3.859414
-28.200001,-48.200012,3.014973,1.501374,5.148580,3.061338,1.501371,5.148401,3.008502,2.297729,3.723117,3.008501,2.297729,3.723116
-28.000000,-48.399994,2.603210,0.915890,4.611169,2.603210,0.937411,4.611172,3.204086,2.338373,3.956180,3.204084,2.338370,3.954851
-28.000000,-48.200012,3.072037,1.527186,5.166441,3.072041,1.550525,5.118097,3.064968,2.308530,3.749698,3.064968,2.309656,3.749698
-27.799999,-48.399994,2.005137,0.446186,4.003495,2.005138,0.431067,3.979193,3.285040,2.416329,4.053045,3.286556,2.411883,4.056094
-27.799999,-48.200012,3.098249,1.372147,5.114150,3.109006,1.363473,5.114156,3.114757,2.356573,3.817194,3.115962,2.356572,3.816046
-27.600000,-48.399994,2.137098,0.622309,3.981735,2.138650,0.619689,3.997019,3.361188,2.457506,4.162105,3.359413,2.455333,4.153821
-27.600000,-48.200012,2.989628,1.343031,5.186340,2.971916,1.376186,5.244912,3.169850,2.371450,3.875999,3.169850,2.371451,3.875997
-27.600000,-48.000000,3.371152,1.700662,5.466542,3.380731,1.665752,5.469863,2.985912,2.225769,3.622687,2.985912,2.225770,3.622688
-27.400000,-48.399994,0.947952,-0.244215,2.499499,0.942231,-0.257107,2.515975,3.375908,2.503592,4.212099,3.375906,2.503595,4.213714
-27.400000,-48.200012,3.186866,1.317026,5.342992,3.208982,1.318261,5.283273,3.203196,2.371771,3.943652,3.203196,2.371770,3.943652
-27.400000,-48.000000,3.290710,1.407098,5.430139,3.278602,1.407101,5.440568,3.022283,2.218519,3.662398,3.022282,2.218518,3.662398
-27.200001,-48.399994,1.602270,0.077627,3.073972,1.612276,0.095367,3.073974,3.400716,2.515139,4.207286,3.400716,2.515139,4.207284
-27.200001,-48.200012,2.686452,0.803820,4.619615,2.688242,0.827577,4.645631,3.198872,2.385065,3.998102,3.198871,2.384819,4.000622
-27.200001,-48.000000,3.420994,1.493956,5.511416,3.406385,1.493957,5.511415,3.072439,2.237365,3.709060,3.072178,2.237832,3.709058
-27.000000,-48.399994,2.339856,0.712370,4.602733,2.339855,0.697700,4.602747,3.311251,2.448203,4.161573,3.311251,2.448206,4.164154
-27.000000,-48.200012,2.862529,0.949772,4.870755,2.875538,0.948890,4.870753,3.186508,2.408993,3.987849,3.186509,2.408993,3.990381
-26.799999,-48.399994,2.226325,0.428973,4.228710,2.220743,0.411076,4.228707,3.284202,2.526891,4.116273,3.285359,2.526881,4.116270
-26.799999,-48.200012,2.900114,0.989549,4.887843,2.900115,0.974896,4.888349,3.161221,2.427896,3.989038,3.161221,2.427898,3.989038
-26.600000,-48.600006,1.753613,0.004628,3.691781,1.753615,-0.008011,3.691781,3.517587,2.691959,4.352635,3.517588,2.691959,4.357750
-26.600000,-48.399994,2.332643,0.471872,4.273392,2.339563,0.451249,4.285104,3.313843,2.562368,4.119808,3.315147,2.562374,4.119808
-26.600000,-48.200012,2.945139,1.023227,5.024653,2.939497,1.023228,5.024658,3.185694,2.435931,3.964084,3.184870,2.435932,3.964083
-26.400000,-48.399994,1.872214,0.442574,3.525780,1.861397,0.442572,3.538450,3.384710,2.639217,4.237718,3.384710,2.639216,4.237718
-26.400000,-48.200012,3.148901,1.067351,5.249372,3.134244,1.053708,5.289348,3.204885,2.471405,4.002138,3.206835,2.471406,4.002138
-26.200001,-48.399994,1.645891,0.417810,2.960894,1.645891,0.379548,2.952118,3.463092,2.687336,4.380081,3.463091,2.687335,4.369329
-26.200001,-48.200012,2.816700,0.853667,4.608823,2.816703,0.801896,4.613063,3.292967,2.482480,4.058637,3.294080,2.482480,4.058637
-26.000000,-48.399994,1.985273,0.682902,3.296805,1.985273,0.682902,3.296804,3.577570,2.697892,4.476698,3.577572,2.697890,4.476700
-26.000000,-48.200012,2.959980,1.057506,4.438356,2.968486,1.006552,4.438357,3.344556,2.580860,4.182636,3.339826,2.585286,4.182637
-25.799999,-48.200012,2.617201,0.835380,4.060271,2.617199,0.867752,4.060274,3.422801,2.579272,4.338424,3.422800,2.583708,4.327340
-25.799999,-48.000000,2.997207,1.055849,4.808870,2.991076,1.055850,4.808872,3.235919,2.436499,4.070760,3.235863,2.438406,4.070759
-25.600000,-48.399994,1.868885,0.821914,3.108061,1.868883,0.821923,3.115430,3.670081,2.806250,4.552939,3.670081,2.806247,4.552939
-25.600000,-48.200012,2.326550,0.864259,3.682581,2.332037,0.859464,3.692684,3.548531,2.697233,4.418269,3.546847,2.697234,4.418991
-25.600000,-48.000000,2.777756,0.994494,4.302225,2.785617,1.009784,4.324045,3.298390,2.463488,4.174209,3.298389,2.466718,4.178599
-25.600000,-47.799988,3.089770,1.182649,4.764839,3.083741,1.182646,4.764842,3.196975,2.337479,4.006630,3.196975,2.341057,4.006630
-25.400000,-48.000000,2.306885,1.003402,3.936074,2.323986,0.988838,3.936071,3.443566,2.609194,4.395620,3.440874,2.604520,4.398959
-25.400000,-47.799988,2.611303,0.970816,4.147946,2.616544,0.970817,4.147945,3.284773,2.436926,4.192033,3.286226,2.436923,4.192033
-25.400000,-47.600006,2.947567,1.088585,4.607724,2.947567,1.088585,4.607723,3.182388,2.337825,4.017195,3.182388,2.339523,4.017195
-25.200001,-47.799988,2.418270,0.922375,3.779631,2.399064,0.913462,3.803704,3.501884,2.732087,4.451989,3.504594,2.732088,4.445586
-25.200001,-47.600006,2.738281,0.961948,4.178024,2.738281,0.934385,4.214432,3.305133,2.454101,4.159911,3.305134,2.454101,4.162637
-25.000000,-47.799988,1.113010,0.239883,2.246584,1.115162,0.241134,2.246565,3.715142,2.840454,4.630409,3.709484,2.840454,4.634047
-25.000000,-47.600006,2.188942,0.746752,3.727854,2.176797,0.728780,3.727854,3.504233,2.672917,4.392255,3.504232,2.668731,4.395535
-25.000000,-47.399994,2.353518,0.771888,3.773516,2.313713,0.771889,3.773515,3.329431,2.464250,4.169885,3.329433,2.464249,4.169888
-25.000000,-47.200012,2.515617,0.945203,4.104112,2.501205,0.958909,4.104108,3.244707,2.370263,4.007410,3.244269,2.370265,4.007408
-24.799999,-47.399994,1.551712,0.246155,2.918723,1.518385,0.172777,2.918722,3.649665,2.728528,4.581542,3.648403,2.728528,4.581542
-24.799999,-47.200012,1.989325,0.491054,3.637712,1.998549,0.530985,3.679832,3.491871,2.591209,4.277399,3.490720,2.591208,4.277396
-24.799999,-47.000000,2.239565,0.683167,4.001096,2.226715,0.661612,4.001094,3.296187,2.427097,4.067273,3.292187,2.427105,4.067271
-24.799999,-46.799988,2.383606,0.768677,4.111632,2.383606,0.743678,4.087668,3.164521,2.321835,3.853999,3.164523,2.321836,3.858934
-24.600000,-47.200012,1.583424,0.321914,3.273425,1.585165,0.321917,3.273425,3.799601,2.869392,4.809094,3.799709,2.869392,4.809095
-24.600000,-47.000000,1.714623,0.392762,3.590869,1.684902,0.392760,3.606577,3.599102,2.691324,4.448710,3.599103,2.691325,4.448708
-24.600000,-46.799988,1.645866,0.097628,3.521795,1.652824,0.234834,3.544784,3.351593,2.455069,4.082978,3.353127,2.455079,4.088840
-24.600000,-46.600006,2.126413,0.581502,3.915299,2.118332,0.594022,3.915302,3.217369,2.343263,3.867329,3.217371,2.343265,3.867326
-24.400000,-46.799988,1.807529,0.466999,3.502285,1.802070,0.466998,3.502283,3.614707,2.770495,4.536633,3.614707,2.770495,4.536631
-24.400000,-46.600006,1.954752,0.517908,3.744293,1.954753,0.527397,3.742409,3.386565,2.498767,4.203589,3.388152,2.501007,4.204908
-24.400000,-46.399994,2.144349,0.541719,3.974830,2.130463,0.541719,3.959959,3.256043,2.372053,3.966281,3.252350,2.367631,3.979537
-24.400000,-46.200012,2.235294,0.526636,4.054793,2.235294,0.526636,4.058446,3.171231,2.328504,3.843536,3.171232,2.328504,3.843535
-24.400000,-46.000000,2.303331,0.544900,4.098629,2.344522,0.544901,4.202378,3.087501,2.258048,3.717087,3.087502,2.258048,3.717085
-24.400000,-45.200012,2.526638,0.572431,4.484936,2.526636,0.451385,4.484933,3.025755,2.444025,3.636024,3.026598,2.445317,3.636025
-24.200001,-46.600006,1.995156,0.712090,3.586301,1.997385,0.712089,3.592050,3.791943,2.853954,4.793180,3.791942,2.857218,4.793180
-24.200001,-46.399994,2.223047,0.561222,3.740507,2.189529,0.626714,3.700002,3.610149,2.726577,4.493037,3.612872,2.726580,4.493045
-24.200001,-46.200012,2.241201,0.605953,3.875059,2.241202,0.582196,3.879874,3.481084,2.573742,4.195259,3.482664,2.577779,4.195259
-24.200001,-46.000000,2.221226,0.651802,3.911720,2.192308,0.632041,3.872604,3.307255,2.412525,3.970428,3.308192,2.412525,3.970427
-24.200001,-45.799988,2.289168,0.626106,4.007610,2.289168,0.631962,4.007608,3.185618,2.373260,3.910169,3.182943,2.373258,3.910170
-24.200001,-45.600006,2.438460,0.666666,4.050030,2.391128,0.666667,4.131125,3.134552,2.310296,3.791040,3.136982,2.310320,3.791042
-24.200001,-45.399994,2.534935,0.679061,4.436074,2.534245,0.712516,4.436074,3.078949,2.364301,3.773899,3.074044,2.365322,3.773896
-24.200001,-45.200012,2.437630,0.616444,4.413697,2.437631,0.616438,4.372603,3.039057,2.339833,3.748120,3.040240,2.339835,3.745754
-24.200001,-45.000000,2.530463,0.785804,4.354726,2.578799,0.780827,4.382947,3.047819,2.396319,3.651101,3.047818,2.398459,3.648062
-24.000000,-46.399994,2.021548,0.727739,3.246575,2.022122,0.727740,3.246574,3.885643,3.012853,5.006698,3.882665,3.012854,5.011084
-24.000000,-46.200012,1.669575,0.370813,2.991800,1.671999,0.367504,2.991803,3.842810,2.922169,4.920226,3.842810,2.930871,4.924504
-24.000000,-46.000000,2.311640,0.754337,3.812784,2.311644,0.763836,3.812785,3.690065,2.785049,4.683482,3.690065,2.790309,4.690656
-24.000000,-45.799988,2.187953,0.477492,3.755916,2.162635,0.477493,3.755916,3.564244,2.693818,4.413551,3.564243,2.693819,4.413547
-24.000000,-45.600006,2.483275,0.790633,4.158293,2.497118,0.825835,4.158297,3.453262,2.623694,4.240758,3.453263,2.623827,4.240758
-24.000000,-45.399994,2.648018,1.019178,4.229451,2.646767,1.033280,4.229452,3.439663,2.640123,4.273486,3.433506,2.640124,4.273484
-24.000000,-45.200012,2.545397,1.036569,4.231895,2.510654,1.075910,4.255704,3.322456,2.541766,4.127564,3.322614,2.541766,4.124999
-24.000000,-45.000000,2.466589,1.041101,4.256538,2.463188,1.041081,4.256539,3.095391,2.352574,3.799069,3.095394,2.358235,3.801578
-24.000000,-44.799988,2.561301,0.913567,4.361305,2.535960,0.875487,4.361304,3.005667,2.397970,3.622571,3.006818,2.396219,3.619759
-23.799999,-45.799988,2.590502,0.931488,4.049633,2.573450,0.916842,4.045877,3.860354,2.978225,4.924389,3.860353,2.980444,4.920356
-23.799999,-45.600006,2.259106,0.847944,3.754026,2.272715,0.840181,3.778910,3.830742,2.874900,4.902131,3.830742,2.874913,4.902130
-23.799999,-45.399994,1.768840,0.670090,2.782342,1.766455,0.670091,2.764841,3.667719,2.750930,4.627896,3.667721,2.750930,4.619851
-23.799999,-45.200012,1.743104,0.460701,3.007379,1.743105,0.541975,3.007377,3.458248,2.654679,4.304585,3.458247,2.650904,4.301652
-23.799999,-45.000000,2.412099,1.061973,4.068494,2.418093,1.028005,4.068490,3.265223,2.429121,3.952364,3.265224,2.426036,3.952294
-23.799999,-44.799988,2.488328,1.000281,4.082193,2.473121,0.969700,4.127442,3.084791,2.324924,3.798903,3.085536,2.324925,3.798904
-23.799999,-44.600006,2.526704,1.054797,4.203527,2.485056,1.051370,4.176129,3.009313,2.316773,3.629613,3.008846,2.319756,3.627734
-23.600000,-45.200012,1.134687,-0.007828,2.252800,1.144649,-0.007828,2.238468,3.634133,2.795197,4.536851,3.634130,2.796161,4.536849
-23.600000,-45.000000,2.035322,0.487672,3.236001,2.078289,0.487670,3.258752,3.437906,2.649108,4.229430,3.437905,2.649108,4.228021
-23.600000,-44.799988,2.228964,0.757269,3.673369,2.245138,0.783751,3.661410,3.321522,2.464421,4.017636,3.315097,2.464421,4.017642
-23.600000,-44.600006,2.443578,1.013701,3.862709,2.450423,1.024660,3.879105,3.150908,2.344806,3.935606,3.150908,2.344805,3.935606
-23.600000,-44.399994,2.469122,0.992895,4.006847,2.465457,0.991520,4.014870,3.002304,2.288626,3.693066,3.002304,2.294901,3.693065
-23.600000,-44.200012,2.594258,0.976335,4.114571,2.593933,0.950685,4.123288,2.980260,2.309153,3.536034,2.979602,2.312363,3.536033
-23.600000,-44.000000,2.624824,1.022990,4.138424,2.653944,1.008715,4.129100,2.893975,2.363466,3.516975,2.892714,2.365621,3.516974
-23.400000,-44.399994,2.398837,1.114844,3.975820,2.384661,1.120240,4.021552,3.287632,2.457165,4.011571,3.289270,2.461321,4.007610
-23.400000,-44.200012,2.627415,1.281582,4.306085,2.621776,1.281583,4.333824,3.132433,2.336465,3.870067,3.131180,2.336464,3.870069
-23.400000,-44.000000,2.678545,1.336241,4.318306,2.678547,1.336240,4.324852,3.028870,2.342005,3.718737,3.029605,2.342005,3.718735
-23.400000,-43.799988,2.622994,1.008492,4.138216,2.643333,1.044128,4.205479,2.963693,2.336700,3.577996,2.964402,2.336706,3.577996
-23.400000,-43.600006,2.596085,0.871496,4.104604,2.652012,0.831401,4.104611,2.911637,2.270180,3.543705,2.911637,2.270180,3.541786
-23.400000,-43.399994,2.619483,0.793144,4.164925,2.617610,0.732655,4.104874,2.985244,2.283641,3.540127,2.985243,2.283641,3.542358
-23.400000,-43.200012,2.647069,0.523971,3.998318,2.660397,0.719801,3.995251,2.956616,2.297073,3.528549,2.956617,2.300297,3.529730
-23.400000,-43.000000,2.579698,0.479135,4.095891,2.615753,0.557070,4.129155,2.963842,2.375094,3.470894,2.963841,2.375092,3.469282
-23.400000,-42.799988,2.445155,0.464772,4.272361,2.445153,0.429926,4.266827,3.055206,2.510406,3.525777,3.055205,2.511601,3.525776
-23.400000,-42.600006,2.415613,0.630148,4.105937,2.402460,0.637920,4.105938,3.185291,2.621389,3.675866,3.185288,2.621384,3.675074
-23.400000,-42.200012,2.431777,0.594786,4.211348,2.409713,0.532485,4.211348,3.219481,2.683163,3.758835,3.219487,2.683162,3.758496
-23.400000,-42.000000,2.276882,0.516807,4.091314,2.202199,0.546931,4.147943,3.170811,2.609167,3.710222,3.170443,2.609166,3.711162
-23.200001,-44.399994,2.149070,0.933059,3.328766,2.149070,0.933060,3.345202,3.534528,2.655605,4.361810,3.531558,2.653266,4.361259
-23.200001,-44.200012,2.351559,0.886807,3.570075,2.364500,0.901559,3.570074,3.491078,2.607154,4.298508,3.493040,2.602181,4.298509
-23.200001,-44.000000,2.425048,1.024884,3.718883,2.411218,1.072227,3.718916,3.434170,2.523562,4.190435,3.434170,2.523560,4.190435
-23.200001,-43.799988,2.613449,1.161078,4.011504,2.585274,1.193629,3.958420,3.321538,2.472812,4.055296,3.321538,2.469007,4.055295
-23.200001,-43.600006,2.608446,1.166344,4.007210,2.595483,0.937471,4.010274,3.243949,2.454120,4.020117,3.241263,2.454120,4.022024
-23.200001,-43.399994,2.471897,0.925283,3.884325,2.482011,0.925280,3.884321,3.147457,2.418603,3.902936,3.142811,2.418811,3.906102
-23.200001,-43.200012,2.413969,0.525765,3.758906,2.426968,0.525765,3.776869,3.090393,2.375566,3.829856,3.090393,2.375565,3.824494
-23.200001,-43.000000,2.308968,0.273975,3.646654,2.343144,0.273973,3.606165,3.045411,2.374253,3.741079,3.045411,2.374255,3.743633
-23.200001,-42.799988,2.099706,0.166746,3.746788,2.113616,0.169953,3.706576,3.043997,2.424294,3.658862,3.047471,2.424294,3.658862
-23.200001,-42.600006,2.152224,0.090904,3.771036,2.182903,0.126272,3.758905,3.083847,2.460359,3.589509,3.083847,2.460364,3.589509
-23.200001,-42.399994,2.065916,0.178079,3.837445,2.039906,0.178083,3.837443,3.114392,2.563386,3.650804,3.114392,2.563387,3.650804
-23.200001,-42.200012,2.231772,0.376572,4.006449,2.184797,0.396015,4.006447,3.152561,2.572536,3.632451,3.152561,2.572545,3.632452
-23.200001,-42.000000,2.212221,0.472074,4.186953,2.212223,0.485324,4.217221,3.128945,2.551599,3.651164,3.128074,2.554560,3.655394
-23.200001,-41.799988,2.227717,0.533927,4.067772,2.241628,0.575338,4.067772,3.141065,2.526243,3.648933,3.140246,2.527791,3.648936
-23.000000,-44.399994,0.772403,0.222222,1.296649,0.778995,0.211706,1.293104,3.696682,2.792205,4.550440,3.696680,2.792204,4.555686
-23.000000,-44.000000,0.544903,-0.246576,1.312209,0.544899,-0.219178,1.305487,3.775616,2.765892,4.577755,3.775615,2.765896,4.583034
-23.000000,-43.399994,1.595043,0.342466,2.719317,1.588794,0.341049,2.730593,3.627988,2.702347,4.401073,3.627989,2.702348,4.406417
-23.000000,-43.200012,1.561398,0.264839,2.805284,1.566610,0.257528,2.805282,3.604935,2.672016,4.329012,3.604935,2.672015,4.334205
-23.000000,-43.000000,1.993249,0.533827,3.299836,1.970154,0.541332,3.337226,3.589456,2.666773,4.315510,3.589457,2.666776,4.315513
-23.000000,-42.799988,1.994232,0.239102,3.282780,2.004251,0.311154,3.300535,3.543309,2.683345,4.231138,3.534428,2.683343,4.231137
-23.000000,-42.600006,1.992640,0.256706,3.284242,1.979530,0.257113,3.284249,3.420577,2.588392,4.053360,3.422555,2.592406,4.053354
-23.000000,-42.399994,2.294316,0.586186,3.722292,2.294312,0.618849,3.731901,3.339342,2.552713,3.949568,3.337830,2.552713,3.943657
-23.000000,-42.200012,2.595101,0.809367,3.845890,2.654809,0.837442,3.883389,3.308421,2.555297,3.867154,3.308423,2.561845,3.877506
-23.000000,-42.000000,2.354576,0.755532,3.832307,2.387294,0.727081,3.867806,3.254703,2.524965,3.817531,3.256044,2.527200,3.826641
-23.000000,-41.799988,2.203521,0.533086,3.784244,2.203516,0.563034,3.773212,3.183369,2.494589,3.755000,3.183369,2.494588,3.754999
-23.000000,-41.600006,2.197864,0.574289,3.882728,2.224354,0.602422,3.905694,3.167240,2.501653,3.717937,3.170538,2.501653,3.724343
-22.799999,-41.799988,1.288951,0.259832,2.612330,1.271426,0.259832,2.585780,3.219883,2.491627,3.790067,3.214667,2.494007,3.790066
-22.799999,-41.600006,2.116209,0.662519,3.613946,2.116210,0.662516,3.624048,3.140036,2.430861,3.719108,3.141204,2.434434,3.719108
-22.600000,-41.799988,1.239918,0.036529,2.377686,1.252151,0.036529,2.412438,3.267741,2.551983,3.901367,3.267741,2.547066,3.901367
-22.600000,-41.600006,1.941815,0.627090,3.476029,1.981920,0.627093,3.476027,3.164959,2.433094,3.753843,3.165850,2.433090,3.753843
-22.600000,-41.399994,1.815072,0.438340,3.162857,1.809729,0.427392,3.158158,3.150299,2.445573,3.700779,3.150298,2.442501,3.697384
-22.400000,-41.600006,1.805663,0.803084,2.961068,1.816949,0.818005,2.931060,3.349829,2.576846,3.968774,3.349829,2.585267,3.968773
-22.400000,-41.399994,2.036757,0.702098,3.371387,2.051334,0.718852,3.371384,3.246010,2.497281,3.878773,3.246010,2.492594,3.878772
-22.400000,-41.200012,1.993768,0.575480,3.295750,2.011229,0.575479,3.253300,3.197464,2.497710,3.807018,3.197464,2.497709,3.807019
-22.400000,-41.000000,1.845205,0.476025,3.366438,1.861942,0.476027,3.366439,3.182752,2.516277,3.679647,3.183958,2.516278,3.681643
-22.400000,-40.799988,1.817194,0.463259,3.332317,1.819004,0.479457,3.332601,3.243797,2.612780,3.662517,3.243797,2.612780,3.667306
-22.200001,-41.399994,0.998334,0.180012,1.974315,0.997468,0.180499,1.912783,3.509474,2.788876,4.188804,3.518218,2.792004,4.190334
-22.200001,-41.200012,1.355250,0.224952,2.666190,1.370082,0.196916,2.688214,3.495838,2.721897,4.103183,3.497571,2.724878,4.103183
-22.200001,-41.000000,1.578564,0.573430,3.023978,1.576540,0.544702,3.040138,3.348352,2.564332,3.859009,3.349581,2.570001,3.858447
-22.200001,-40.799988,1.888692,0.500629,3.428894,1.842059,0.536160,3.475878,3.251297,2.611604,3.756649,3.252521,2.611604,3.759362
-22.200001,-40.600006,1.950098,0.448543,3.349939,1.937063,0.512310,3.349937,3.270188,2.653317,3.714968,3.270188,2.656887,3.716478
-22.000000,-40.799988,1.879187,0.696354,3.039384,1.869053,0.714711,3.039385,3.339543,2.565235,3.867298,3.340975,2.587584,3.873392
-22.000000,-40.600006,2.231764,0.721460,3.380138,2.225747,0.721461,3.382831,3.299339,2.665315,3.742121,3.299341,2.666396,3.746955
-21.799999,-40.799988,1.296327,0.136610,2.536338,1.257364,0.104278,2.548659,3.349425,2.719739,3.895945,3.351131,2.722856,3.895949
-21.799999,-40.600006,1.888733,0.643841,3.159814,1.895640,0.715889,3.148075,3.369157,2.770684,3.788785,3.362656,2.774070,3.790891
-21.600000,-40.799988,1.020854,-0.285748,2.339041,1.025705,-0.285132,2.339042,3.416777,2.773782,3.918695,3.414392,2.780739,3.918694
-21.600000,-40.600006,1.616237,0.443834,3.045204,1.606438,0.443836,3.048418,3.441525,2.851751,3.830238,3.436818,2.851751,3.833793
-21.400000,-40.799988,0.909716,-0.249926,2.288730,0.910835,-0.287350,2.310502,3.436261,2.755108,3.972346,3.436260,2.759574,3.967391
-21.400000,-40.600006,0.982919,-0.000007,2.312569,0.996978,-0.004383,2.319634,3.443634,2.873736,3.842237,3.442717,2.873739,3.842237
-21.200001,-40.799988,0.753929,-0.528021,2.011735,0.753929,-0.512449,2.011740,3.516990,2.859778,4.030552,3.520344,2.859778,4.036075
-21.200001,-40.600006,0.905992,-0.345891,2.133073,0.879520,-0.345892,2.127733,3.445907,2.877377,3.855438,3.445907,2.877379,3.861985
-21.200001,-40.399994,1.415240,0.140772,2.714819,1.421994,0.202318,2.670764,3.363010,2.877944,3.676794,3.362109,2.875799,3.687774
-21.000000,-40.799988,0.587554,-0.536563,1.520549,0.589932,-0.530511,1.520548,3.597611,2.948016,4.114389,3.601235,2.948016,4.114390
-21.000000,-40.600006,1.009746,0.076716,2.054788,1.013367,0.050092,2.038051,3.526325,2.895516,3.906863,3.525168,2.895517,3.903766
-21.000000,-40.399994,1.711201,0.591781,2.689634,1.718853,0.591779,2.701891,3.389906,2.879563,3.700033,3.389907,2.883021,3.703321
-21.000000,-40.200012,1.961166,0.906394,3.410958,1.988708,0.906393,3.530320,3.239435,2.740985,3.671742,3.239463,2.740983,3.671745
-21.000000,-29.399994,1.752609,-0.228324,3.861643,1.770372,-0.228315,3.861643,2.808688,2.124535,3.643561,2.816171,2.124533,3.643561
-21.000000,-29.200012,1.789850,-0.332679,3.875433,1.808858,-0.332682,3.877216,2.828946,2.056775,3.631383,2.837006,2.052671,3.631386
-20.799999,-40.399994,0.773431,-0.236302,1.774181,0.775419,-0.236301,1.798131,3.490277,2.899154,3.785106,3.490277,2.899155,3.785109
-20.799999,-40.200012,1.726302,0.636460,3.039899,1.738300,0.615950,3.031345,3.309623,2.808260,3.672348,3.309624,2.808260,3.665487
-20.799999,-40.000000,2.276359,1.083097,3.591188,2.305090,1.134826,3.581213,3.193209,2.639121,3.724761,3.193622,2.640015,3.724764
-20.799999,-29.600006,1.926941,-0.362016,3.901646,1.931793,-0.362026,3.866119,3.031122,2.300455,3.776877,3.033203,2.300455,3.779372
-20.799999,-29.399994,1.806508,-0.378536,3.850681,1.806507,-0.381979,3.910519,2.996386,2.244926,3.733947,2.996384,2.244926,3.733947
-20.799999,-29.200012,1.729239,-0.456618,3.937842,1.729238,-0.434442,3.937843,2.953104,2.175860,3.691969,2.947981,2.179808,3.691970
-20.799999,-29.000000,1.706475,-0.487596,3.876712,1.660248,-0.449772,3.876712,2.950889,2.118272,3.695922,2.952797,2.122985,3.687909
-20.799999,-28.799988,1.657409,-0.590565,3.780822,1.715984,-0.481758,3.781448,2.966853,2.188711,3.721350,2.966853,2.194597,3.724414
-20.799999,-28.600006,1.596346,-0.606660,3.736179,1.698387,-0.604509,3.727168,3.027243,2.224282,3.747818,3.027243,2.225516,3.747817
-20.600000,-40.399994,1.872179,0.845419,2.641878,1.889215,0.877092,2.609185,3.584123,2.921792,3.907650,3.584706,2.923908,3.920197
-20.600000,-40.200012,1.643737,0.663490,2.671230,1.667483,0.689494,2.671230,3.415888,2.893781,3.722910,3.419339,2.893780,3.720698
-20.600000,-40.000000,2.004354,0.808102,3.210957,2.030097,0.794522,3.210961,3.270140,2.707986,3.656868,3.269994,2.708281,3.656877
-20.600000,-29.799988,1.872143,-0.391387,3.869865,1.872149,-0.402114,4.009214,3.147532,2.392451,3.785661,3.145101,2.397677,3.785661
-20.600000,-29.600006,1.822817,-0.463007,3.854623,1.851608,-0.536621,3.895973,3.090094,2.397354,3.750480,3.090096,2.397354,3.751951
-20.600000,-29.399994,1.730815,-0.513745,3.852739,1.789034,-0.529369,3.852741,3.114288,2.342972,3.700049,3.114287,2.342973,3.700052
-20.600000,-29.200012,1.679793,-0.552316,3.844179,1.663855,-0.565992,3.849315,3.065574,2.304831,3.700105,3.065572,2.309748,3.693677
-20.600000,-29.000000,1.642003,-0.585192,3.728788,1.642003,-0.674963,3.730353,3.052340,2.350916,3.703699,3.050504,2.345530,3.700302
-20.600000,-28.799988,1.606785,-0.660786,3.698630,1.611300,-0.692705,3.698630,3.029419,2.296081,3.691230,3.029417,2.296080,3.686951
-20.600000,-28.600006,1.523461,-0.702627,3.620220,1.546973,-0.698203,3.669540,3.013307,2.294493,3.686237,3.013306,2.294493,3.686218
-20.400000,-40.200012,1.370591,0.458037,2.287671,1.391599,0.508120,2.249312,3.499879,2.930001,3.824014,3.502512,2.930001,3.824015
-20.400000,-40.000000,1.798240,0.614158,2.933464,1.830512,0.614155,2.886436,3.323784,2.809083,3.646673,3.323785,2.809082,3.647709
-20.400000,-39.799988,2.316160,0.949048,3.622408,2.352760,0.947488,3.619323,3.162775,2.583216,3.740761,3.162416,2.583217,3.740760
-20.400000,-29.600006,1.815657,-0.581423,3.936021,1.829723,-0.549536,3.994862,3.184714,2.512451,3.685114,3.182602,2.512451,3.685114
-20.400000,-29.399994,1.732837,-0.566937,3.824725,1.747208,-0.578158,3.921232,3.113643,2.450268,3.657487,3.113646,2.450269,3.651605
-20.400000,-29.200012,1.633394,-0.618867,3.688268,1.673147,-0.613079,3.748489,3.093391,2.407865,3.662288,3.091087,2.407865,3.656480
-20.400000,-29.000000,1.564141,-0.644485,3.743332,1.572613,-0.644485,3.743329,3.047823,2.402583,3.635465,3.048929,2.398785,3.638071
-20.400000,-28.799988,1.632830,-0.678410,3.615855,1.604323,-0.710668,3.619474,3.057840,2.340798,3.644129,3.059358,2.353440,3.642523
-20.400000,-28.600006,1.610518,-0.727984,3.592462,1.595292,-0.727984,3.609283,3.012219,2.307359,3.624126,3.012220,2.307360,3.624128
-20.200001,-40.000000,1.921292,0.840161,2.960003,1.896556,0.840163,2.960000,3.389968,2.883009,3.744936,3.391840,2.881404,3.744936
-20.200001,-39.799988,2.063587,0.683563,3.488520,2.070955,0.740060,3.524351,3.155214,2.624149,3.643905,3.155190,2.624154,3.643983
-20.200001,-29.600006,1.822123,-0.683580,3.872258,1.856697,-0.611098,3.901370,3.054420,2.449606,3.645053,3.054420,2.449608,3.651987
-20.200001,-29.399994,1.750177,-0.649439,3.815994,1.838343,-0.612106,3.876143,3.013317,2.450060,3.619495,3.011418,2.451638,3.619495
-20.200001,-29.200012,1.656682,-0.619238,3.779110,1.674288,-0.655824,3.779110,3.079342,2.453447,3.584565,3.081171,2.453448,3.590179
-20.200001,-29.000000,1.558950,-0.680165,3.740447,1.585020,-0.622071,3.740448,3.054807,2.416169,3.599848,3.054805,2.420707,3.599849
-20.200001,-28.799988,1.560255,-0.747122,3.705856,1.560259,-0.771689,3.745417,2.985457,2.435949,3.546136,2.985456,2.435949,3.546136
-20.200001,-28.600006,1.620648,-0.760078,3.607303,1.646160,-0.712325,3.709588,2.927795,2.426183,3.518895,2.927663,2.419373,3.513969
-20.000000,-40.000000,1.870532,0.689765,2.961095,1.848510,0.665984,2.961096,3.502247,2.995883,3.841813,3.502691,2.995883,3.838789
-20.000000,-39.799988,2.372851,1.115458,3.742990,2.356174,1.173326,3.760823,3.331181,2.800720,3.652908,3.332710,2.801737,3.652909
-20.000000,-39.600006,2.465658,0.980190,3.963660,2.516952,0.951616,3.963014,3.163826,2.645352,3.639525,3.163694,2.645354,3.638595
-19.799999,-40.000000,1.241407,0.036433,2.384033,1.276824,0.004566,2.398586,3.616707,3.066354,3.916348,3.616706,3.066355,3.927599
-19.799999,-39.799988,1.790111,0.516635,3.095890,1.766701,0.516633,3.124983,3.504033,2.995823,3.845418,3.504032,2.994010,3.845556
-19.799999,-39.600006,2.250851,0.860272,3.700344,2.248698,0.860275,3.721124,3.305793,2.784033,3.675963,3.305793,2.784033,3.675960
-19.799999,-39.399994,2.572010,0.951595,4.094370,2.572008,0.954796,4.077808,3.155162,2.705159,3.637909,3.155025,2.705335,3.637911
-19.600000,-39.600006,1.747822,0.645506,3.141556,1.725405,0.621003,3.141553,3.472568,2.919106,3.842199,3.471559,2.919104,3.843664
-19.600000,-39.399994,1.974885,0.632127,3.469360,1.976852,0.697383,3.471324,3.305639,2.797184,3.718991,3.303701,2.797183,3.718168
-19.400000,-39.600006,1.562200,0.412480,2.657539,1.569864,0.343986,2.670487,3.556159,2.987119,3.917280,3.553248,2.987117,3.917280
-19.400000,-39.399994,1.627643,0.308218,3.094281,1.627647,0.308219,3.098380,3.376986,2.844731,3.789657,3.375173,2.844729,3.789655
-19.200001,-39.600006,0.813913,-0.207266,2.097683,0.800789,-0.190638,2.076218,3.542170,2.978785,3.921055,3.539909,2.978784,3.923855
-19.200001,-39.399994,1.634440,0.258905,2.957579,1.623458,0.258904,2.990286,3.417102,2.855908,3.834245,3.416063,2.853975,3.834246
-19.000000,-39.600006,0.868742,-0.132149,2.052305,0.868743,-0.136987,2.056324,3.544162,2.997518,3.906450,3.525131,2.997520,3.906452
-19.000000,-39.399994,1.720757,0.358332,3.134100,1.719356,0.351598,3.128947,3.422215,2.857595,3.834909,3.422216,2.858871,3.837105
-18.799999,-39.600006,0.716439,-0.276582,1.677310,0.710663,-0.276582,1.687095,3.523599,2.973841,3.948887,3.521392,2.978143,3.946684
-18.799999,-39.399994,1.667416,0.438964,2.917889,1.679261,0.419521,2.935393,3.434803,2.882212,3.835907,3.432802,2.891707,3.838235
-18.600000,-39.600006,1.180616,0.261327,2.136985,1.188116,0.254204,2.122769,3.553658,3.019646,3.983451,3.546524,3.019646,3.983450
-18.600000,-39.399994,1.231870,0.027404,2.500529,1.225358,0.018836,2.499388,3.441250,2.908938,3.838044,3.442502,2.908939,3.840668
-18.400000,-39.600006,0.075555,-1.129379,1.302617,0.064850,-1.129375,1.301488,3.596629,3.038317,4.004430,3.599455,3.038320,4.004431
-18.400000,-39.399994,0.222873,-1.105481,1.585829,0.222875,-1.187817,1.622913,3.451623,2.937867,3.865761,3.453543,2.937865,3.865760
-18.200001,-39.399994,0.591650,-0.709866,1.771578,0.609776,-0.737235,1.760412,3.571341,2.981964,3.953291,3.571341,2.981962,3.950865
-18.200001,-39.200012,1.178883,-0.289627,2.497778,1.163922,-0.324705,2.423726,3.420190,2.903640,3.851375,3.423188,2.896313,3.851373
-18.200001,-39.000000,1.346878,-0.254636,2.761642,1.362376,-0.284930,2.742491,3.384377,2.920946,3.808208,3.385232,2.920954,3.808209
-18.000000,-39.399994,0.878883,-0.467212,2.007828,0.868196,-0.467213,1.972604,3.570365,2.946622,4.052499,3.572411,2.946623,4.052500
-18.000000,-39.200012,1.230626,-0.218125,2.517260,1.246946,-0.218124,2.527398,3.537615,2.932828,3.971279,3.539874,2.932827,3.965248
-18.000000,-39.000000,1.367820,0.047611,2.826899,1.386789,-0.018524,2.826898,3.543472,2.924552,3.915915,3.548583,2.924551,3.918572
-18.000000,-38.799988,1.413666,-0.019102,2.794521,1.419584,0.005608,2.794521,3.448721,2.901049,3.860267,3.448720,2.901050,3.862686
-17.799999,-39.000000,1.397444,0.071112,2.679154,1.397443,0.103105,2.620550,3.564505,2.945480,3.956149,3.555313,2.942117,3.956154
-17.799999,-38.799988,1.169336,-0.373480,2.558503,1.175756,-0.356167,2.495318,3.486808,2.981532,3.895333,3.486809,2.977470,3.895333
-17.600000,-39.000000,0.778153,-0.081658,1.804532,0.784635,-0.101839,1.821918,3.547018,3.024995,3.973594,3.547410,3.024995,3.968631
-17.600000,-38.799988,0.892231,-0.595592,2.489727,0.892231,-0.595592,2.489727,3.488032,3.029794,3.902183,3.488031,3.025064,3.902184
-17.400000,-39.000000,0.988011,-0.302675,2.228986,1.000590,-0.302675,2.254447,3.548968,3.030995,3.938283,3.547865,3.030996,3.938283
-17.400000,-38.799988,1.291066,-0.556284,3.035227,1.279785,-0.547839,3.073059,3.494655,3.029971,3.882110,3.494654,3.023367,3.882112
-17.200001,-39.000000,0.994006,-0.413623,2.667295,0.994007,-0.387692,2.632486,3.531594,3.037899,3.949524,3.531427,3.042659,3.949524
-17.200001,-38.799988,1.210761,-0.630134,2.855180,1.184709,-0.618855,2.855185,3.481959,3.037216,3.858277,3.482875,3.037216,3.858275
-17.000000,-39.000000,0.957835,-0.202604,2.391388,0.932824,-0.219178,2.392696,3.549383,3.049632,3.945039,3.554934,3.053600,3.945040
-17.000000,-38.799988,1.069707,-0.568542,2.751208,1.069708,-0.529391,2.708588,3.436290,3.039530,3.814351,3.436290,3.036573,3.814352
-16.799999,-39.000000,0.852436,-0.371233,2.322898,0.871644,-0.422816,2.332053,3.521766,3.038473,3.931478,3.521766,3.043277,3.929287
-16.799999,-38.799988,1.028277,-0.733944,2.598171,1.032695,-0.718651,2.598171,3.416009,3.030923,3.806018,3.418821,3.031300,3.806016
-16.600000,-39.000000,0.006359,-1.180824,1.410959,0.044153,-1.180822,1.410961,3.536461,3.035838,3.926975,3.536461,3.043825,3.930198
-16.600000,-38.799988,1.039611,-0.732419,2.565558,1.021918,-0.732421,2.620276,3.433385,3.039227,3.813502,3.433384,3.039226,3.813502
-16.400000,-38.799988,1.184223,-0.508096,2.866057,1.184333,-0.527641,2.890412,3.480530,3.023077,3.885648,3.483483,3.035452,3.885649
-16.400000,-38.600006,1.490185,-0.093681,3.631782,1.473979,-0.101588,3.631781,3.421184,3.049586,3.763538,3.423882,3.049586,3.758728
-16.200001,-38.799988,1.082890,-0.290411,2.424658,1.031826,-0.290411,2.424658,3.523741,3.069579,3.915815,3.522296,3.069579,3.915814
-16.200001,-38.600006,1.717279,0.162671,3.767122,1.677835,0.145126,3.767124,3.429657,3.050777,3.818248,3.429658,3.047316,3.818246
-16.000000,-38.799988,1.026152,-0.290932,2.399543,1.021852,-0.274858,2.412764,3.502453,3.085155,3.910321,3.502453,3.085155,3.910322
-16.000000,-38.600006,1.859555,0.399037,3.773345,1.859553,0.400000,3.773349,3.415457,3.025932,3.786357,3.408715,3.025931,3.786357
-15.800000,-38.799988,1.322093,0.206535,2.643260,1.322093,0.212334,2.664991,3.451299,3.066611,3.848447,3.451298,3.066612,3.848447
-15.800000,-38.600006,1.873885,0.311641,3.819461,1.816838,0.242045,3.859106,3.417875,3.006537,3.769510,3.417875,3.003596,3.771775
-15.800000,-38.399994,2.121602,0.295416,4.255704,2.088910,0.303226,4.255707,3.361188,3.018246,3.766693,3.360628,3.018245,3.766693
-15.600000,-38.799988,1.316977,-0.383561,3.041152,1.338913,-0.347033,3.062564,3.453461,3.032764,3.820067,3.451728,3.033371,3.820067
-15.600000,-38.600006,1.779387,0.295807,3.897180,1.745270,0.251660,3.909978,3.429184,3.056023,3.793127,3.428717,3.056022,3.793127
-15.400000,-38.799988,1.348560,-0.407906,3.125240,1.357007,-0.424327,3.128534,3.440980,3.020022,3.815735,3.437067,3.020022,3.817273
-15.400000,-38.600006,1.889483,0.171235,3.738478,1.902917,0.177005,3.784326,3.420736,3.056781,3.802302,3.421032,3.056190,3.802304
-15.200000,-38.799988,1.469855,-0.315020,2.958924,1.469852,-0.272916,2.971357,3.443223,3.041507,3.803309,3.443223,3.041507,3.803498
-15.200000,-38.600006,1.940511,0.033269,3.831232,1.948895,0.033272,3.831234,3.388048,3.036792,3.773201,3.388081,3.036791,3.773158
-15.000000,-38.799988,1.326922,-0.458263,3.283104,1.326923,-0.457324,3.283107,3.466888,3.029408,3.754295,3.466888,3.029406,3.754296
-15.000000,-38.600006,1.952542,0.013548,3.956065,1.941892,0.027397,3.998042,3.326788,2.917942,3.702977,3.326355,2.918547,3.703476
-14.800000,-38.799988,1.415459,-0.417407,3.431095,1.435566,-0.417405,3.461408,3.453391,3.026794,3.736021,3.452895,3.026795,3.735415
-14.800000,-38.600006,1.992983,0.065486,4.051201,1.996769,0.038355,4.020551,3.254991,2.866181,3.589159,3.254993,2.866182,3.590721
-14.600000,-38.799988,1.642509,-0.313698,3.642963,1.657925,-0.328554,3.649412,3.387942,3.005684,3.700013,3.387636,3.004976,3.700013
-14.600000,-38.600006,2.070995,0.106163,4.196352,2.107480,0.142253,4.196348,3.211616,2.818311,3.627413,3.211616,2.818313,3.625822
-14.400000,-38.799988,1.768175,-0.018257,3.589043,1.788352,-0.036163,3.584470,3.393138,3.004136,3.714801,3.393363,3.004897,3.714470
-14.400000,-38.600006,2.108141,0.291475,4.276464,2.141494,0.321878,4.281555,3.243389,2.846174,3.609139,3.243389,2.846175,3.609140
-14.200000,-38.799988,1.724667,0.054795,3.546305,1.701797,0.054794,3.552437,3.414756,2.988300,3.744105,3.414757,2.988299,3.743526
-14.200000,-38.600006,2.249035,0.400686,4.308219,2.237128,0.467645,4.308220,3.262462,2.869331,3.618716,3.262460,2.869331,3.621245
-14.000000,-38.799988,1.692078,-0.134879,3.248099,1.692078,-0.134879,3.283965,3.428875,3.035575,3.790338,3.428877,3.035576,3.790339
-14.000000,-38.600006,2.238168,0.384863,4.373850,2.238175,0.384866,4.407533,3.257230,2.885364,3.642508,3.257232,2.885369,3.642509
-13.800000,-38.799988,1.506476,-0.207437,3.028373,1.520192,-0.222733,3.028377,3.430685,3.020350,3.804092,3.430687,3.021873,3.804090
-13.800000,-38.600006,2.264351,0.505936,4.391341,2.231694,0.505936,4.424654,3.277948,2.895393,3.653718,3.277949,2.894643,3.653718
-13.600000,-38.799988,1.113266,-0.558428,2.745327,1.139871,-0.586760,2.753204,3.418653,3.029839,3.796792,3.418773,3.029839,3.797806
-13.600000,-38.600006,2.071956,0.313109,4.212603,2.071955,0.318112,4.212601,3.318886,2.943490,3.710730,3.319520,2.943487,3.710731
-13.400000,-38.799988,1.324290,-0.357305,2.974316,1.338266,-0.346995,2.974315,3.458430,3.043403,3.866945,3.458431,3.042366,3.868021
-13.400000,-38.600006,2.117185,0.290237,3.996694,2.150030,0.326484,3.980430,3.390808,3.019477,3.757766,3.390766,3.019479,3.757765
-13.400000,-38.399994,2.417105,0.547289,4.288360,2.415139,0.528979,4.257568,3.269691,2.922362,3.616749,3.269692,2.922362,3.616748
-13.200000,-38.600006,2.526296,0.823320,4.327906,2.502860,0.809361,4.324378,3.445348,3.074197,3.871615,3.445349,3.077285,3.871617
-13.200000,-38.399994,2.637558,0.915531,4.571014,2.652062,0.826763,4.507634,3.374551,3.052119,3.749541,3.373986,3.051081,3.749542
-13.200000,-38.200012,2.677424,0.560117,4.311642,2.654746,0.555360,4.230921,3.292079,2.912514,3.630357,3.291828,2.911983,3.630493
-13.200000,-38.000000,2.530539,0.493150,4.236788,2.542691,0.493151,4.237723,3.198004,2.794565,3.517475,3.198654,2.794566,3.517476
-13.000000,-38.399994,2.394154,0.547921,4.250424,2.430538,0.547948,4.253419,3.537128,3.095753,3.961493,3.536657,3.093817,3.961492
-13.000000,-38.200012,2.375273,0.267128,4.022261,2.346959,0.267122,4.022259,3.397583,3.059371,3.762742,3.398483,3.058204,3.762740
-13.000000,-38.000000,2.419650,0.316339,4.180486,2.498964,0.294762,4.090025,3.282132,2.907090,3.603693,3.282132,2.907376,3.603687
-13.000000,-37.799988,2.523298,0.606653,4.352250,2.604908,0.570205,4.352251,3.124545,2.739223,3.511381,3.122433,2.739223,3.511383
-12.800000,-38.000000,2.320747,0.315981,3.976027,2.355453,0.315982,3.976027,3.375632,3.034089,3.754969,3.375631,3.034089,3.754967
-12.800000,-37.799988,2.497338,0.324552,4.066531,2.520027,0.324552,4.066531,3.225887,2.858167,3.541409,3.226454,2.859788,3.541410
-12.600000,-37.799988,2.471193,0.561644,4.210560,2.450578,0.561644,4.142618,3.303169,2.936415,3.698144,3.303166,2.937476,3.698145
-12.600000,-37.600006,2.576102,0.366487,4.240309,2.525139,0.434821,4.270497,3.167267,2.786536,3.532908,3.166771,2.787339,3.532907
-12.400000,-37.799988,1.691347,0.140643,3.159248,1.708519,0.140640,3.177104,3.382722,3.034973,3.812663,3.382469,3.034973,3.812663
-12.400000,-37.600006,2.268575,0.317805,3.903267,2.284236,0.352945,3.918824,3.266254,2.899372,3.654605,3.266420,2.899371,3.654808
-12.400000,-37.399994,2.440875,0.454777,4.136986,2.440887,0.424652,4.136987,3.139606,2.693806,3.545627,3.139606,2.693804,3.545627
-12.200000,-37.600006,1.716703,-0.061318,3.398361,1.720525,-0.061318,3.409316,3.373739,2.973735,3.772709,3.373739,2.973348,3.772706
-12.200000,-37.399994,2.152213,0.233719,3.783804,2.152214,0.239070,3.827230,3.191418,2.865296,3.571129,3.191419,2.865297,3.571129
-12.000000,-37.399994,1.740917,-0.134050,3.397663,1.802349,-0.123769,3.486123,3.296817,2.944901,3.661002,3.296588,2.944902,3.661001
-12.000000,-37.200012,2.196344,0.277443,3.878281,2.196347,0.279453,3.883775,3.166833,2.783498,3.584358,3.167516,2.783499,3.586048
-11.800000,-37.399994,1.524483,-0.142058,3.400910,1.497160,-0.132876,3.400912,3.345434,2.949725,3.750147,3.345961,2.948365,3.750148
-11.800000,-37.200012,2.073475,0.244895,3.813112,2.086757,0.238302,3.813111,3.279167,2.863122,3.563213,3.278915,2.863122,3.569164
-11.600000,-37.399994,1.305834,-0.085385,2.986602,1.292100,-0.085383,3.029354,3.362373,2.957354,3.764623,3.362372,2.954887,3.772295
-11.600000,-37.200012,1.676642,-0.076548,3.468275,1.684331,-0.129594,3.460618,3.312684,2.952992,3.694058,3.312683,2.951124,3.697471
-11.600000,-37.000000,2.146591,0.347951,3.795575,2.167785,0.339928,3.795573,3.230672,2.817521,3.585432,3.230285,2.818658,3.584714
-11.400000,-37.200012,1.487197,-0.051230,3.159825,1.497190,-0.051229,3.187207,3.337405,2.948381,3.757893,3.337405,2.948379,3.757892
-11.400000,-37.000000,1.894399,0.219178,3.721087,2.013357,0.201310,3.721811,3.297239,2.916817,3.630843,3.297239,2.917111,3.631057
-11.400000,-36.799988,2.121092,0.465054,3.803652,2.121092,0.455375,3.803653,3.190081,2.800321,3.571348,3.190548,2.800321,3.571347
-11.200000,-37.000000,1.819355,0.280822,3.295840,1.856510,0.275026,3.316429,3.316631,2.955073,3.728108,3.316630,2.955282,3.729544
-11.200000,-36.799988,1.769435,0.050737,3.534024,1.806672,0.050736,3.552780,3.279448,2.867302,3.613672,3.279439,2.867315,3.613672
-11.000000,-37.000000,0.869536,-0.186301,2.117488,0.904105,-0.186302,2.133440,3.339515,2.976241,3.756677,3.339516,2.976241,3.755309
-11.000000,-36.799988,1.749476,0.081913,3.326028,1.749475,0.041692,3.326028,3.331635,2.963108,3.724423,3.329689,2.963107,3.723075
-11.000000,-36.600006,1.876248,0.203518,3.699726,1.852851,0.176288,3.699725,3.281392,2.852487,3.617016,3.281330,2.852489,3.616951
-10.800000,-36.799988,0.922039,-0.260274,2.332193,0.921580,-0.278953,2.380913,3.395923,3.015465,3.825534,3.394131,3.015465,3.825533
-10.800000,-36.600006,1.543633,-0.029780,3.241525,1.534457,-0.034247,3.212327,3.385798,2.988016,3.817520,3.385799,2.988017,3.817520
-10.800000,-36.399994,1.844548,0.224657,3.579570,1.865077,0.255708,3.618678,3.331969,2.913882,3.689594,3.331877,2.913882,3.689594
-10.800000,-36.200012,2.114907,0.338115,3.818483,2.159612,0.338115,3.894626,3.223319,2.836743,3.583673,3.223318,2.836744,3.583674
-10.600000,-36.600006,1.640793,0.338122,3.059932,1.640792,0.370370,3.059931,3.477397,3.040500,3.877220,3.476393,3.040491,3.877220
-10.600000,-36.399994,1.701064,0.155821,3.367126,1.667486,0.196347,3.324254,3.465347,3.004845,3.843399,3.465348,3.004845,3.856922
-10.600000,-36.200012,2.059073,0.447284,3.732855,2.052806,0.439871,3.773908,3.349270,2.949111,3.733453,3.349930,2.949109,3.732963
-10.600000,-36.000000,1.951050,0.053353,3.837009,1.951428,0.053353,3.838905,3.251465,2.854085,3.593813,3.251621,2.854087,3.593812
-10.400000,-36.200012,1.667254,0.296535,3.019568,1.708487,0.284627,3.025945,3.399956,3.032430,3.792754,3.399946,3.034770,3.796922
-10.400000,-36.000000,1.886356,0.037668,3.462783,1.900392,0.011280,3.497718,3.367430,2.958197,3.706362,3.367425,2.958196,3.706358
-10.400000,-35.799988,1.994062,0.159542,3.856209,2.037446,0.157104,3.947556,3.222533,2.861903,3.606778,3.222546,2.861904,3.606782
-10.200000,-36.000000,1.785797,0.399797,3.388698,1.814093,0.399797,3.388699,3.432341,3.023567,3.830963,3.432341,3.025994,3.824460
-10.200000,-35.799988,2.068586,0.316588,3.870838,2.063455,0.352739,3.870841,3.322059,2.936412,3.718401,3.322617,2.935057,3.718400
-10.200000,-35.600006,2.099401,0.346576,4.013697,2.129369,0.346575,4.048471,3.243724,2.842685,3.616381,3.243724,2.842686,3.616380
-10.000000,-35.799988,1.871817,0.502294,3.445479,1.893832,0.502285,3.445479,3.421862,2.961157,3.805458,3.422560,2.963293,3.806527
-10.000000,-35.600006,2.161554,0.510275,3.961841,2.184634,0.505172,3.961838,3.315248,2.887900,3.655757,3.314915,2.887886,3.655757
-10.000000,-35.399994,2.295713,0.624401,4.105332,2.295711,0.620548,4.153944,3.248866,2.829982,3.605654,3.248957,2.829983,3.605653
-9.800000,-35.799988,2.012347,0.605783,3.664911,2.011467,0.551119,3.679059,3.487074,3.050771,3.840160,3.487073,3.049428,3.840542
-9.800000,-35.600006,2.071348,0.609887,3.806265,2.092157,0.542465,3.806264,3.390486,2.957750,3.746777,3.388549,2.957751,3.743910
-9.800000,-35.399994,2.252485,0.673726,4.144245,2.258875,0.655774,4.106203,3.290456,2.907949,3.661332,3.290456,2.906673,3.661332
-9.600000,-35.600006,1.552057,0.480823,2.811930,1.525043,0.480822,2.820206,3.448906,3.031613,3.814254,3.448615,3.029616,3.814254
-9.600000,-35.399994,2.060968,0.631382,3.725696,2.048999,0.631382,3.685724,3.363079,2.969230,3.713357,3.359997,2.970887,3.708546
-9.600000,-35.200012,2.218825,0.587986,4.071142,2.235279,0.503502,4.004248,3.290915,2.895073,3.644694,3.289850,2.895853,3.644695
-9.400000,-35.399994,1.409112,0.128125,2.590751,1.420615,0.142116,2.599452,3.441561,3.021161,3.791881,3.440327,3.021165,3.789932
-9.400000,-35.200012,1.920768,0.422552,3.589042,1.948309,0.394770,3.589041,3.335212,2.934782,3.676950,3.333365,2.934776,3.674930
-9.400000,-35.000000,2.259817,0.566693,3.950688,2.267821,0.566691,3.950686,3.268647,2.898599,3.593180,3.269017,2.898597,3.593179
-9.200000,-35.200012,2.082349,0.606165,3.123288,2.051074,0.610449,3.110201,3.373143,2.986021,3.717515,3.373143,2.986021,3.717282
-9.200000,-35.000000,2.272029,0.653621,3.804303,2.248290,0.653620,3.804306,3.306037,2.896721,3.642670,3.306037,2.897591,3.642671
-9.200000,-34.799988,2.171291,0.655429,4.006847,2.188175,0.655427,4.006847,3.254460,2.860205,3.578110,3.254460,2.860203,3.578108
-9.000000,-35.000000,2.068100,0.777661,3.724524,2.068105,0.765030,3.696138,3.359929,2.935063,3.712781,3.360462,2.935316,3.712780
-9.000000,-34.799988,2.216659,0.621584,3.989725,2.237145,0.551506,3.989726,3.268765,2.900039,3.628718,3.268989,2.900038,3.626380
-8.800000,-35.000000,2.652056,1.073974,3.773974,2.652053,1.118228,3.773971,3.364300,2.964136,3.735683,3.364303,2.965230,3.735682
-8.800000,-34.799988,2.418093,0.826502,4.074485,2.411949,0.826502,4.074484,3.297435,2.933347,3.629726,3.297437,2.931628,3.629730
-8.600000,-34.799988,2.349582,0.772602,3.893838,2.324979,0.782777,3.890411,3.312236,2.902941,3.658395,3.311324,2.904257,3.656907
-8.600000,-34.600006,2.129659,0.771925,4.092467,2.129661,0.761981,4.092467,3.210734,2.839830,3.573877,3.210735,2.839985,3.573879
-8.400000,-34.799988,2.343846,0.745894,3.736306,2.363139,0.719476,3.713196,3.347692,2.918592,3.681888,3.347692,2.913344,3.680140
-8.400000,-34.600006,2.282540,0.776606,4.062447,2.260274,0.788122,4.038779,3.222281,2.824809,3.626627,3.221978,2.824809,3.626625
-8.200000,-34.799988,2.377623,0.586212,3.780818,2.412640,0.546450,3.780822,3.359923,2.942769,3.677045,3.359924,2.939969,3.675468
-8.200000,-34.600006,2.096398,0.572601,3.929015,2.111923,0.572601,3.929017,3.254035,2.886905,3.616418,3.253576,2.886905,3.615639
-8.000000,-34.799988,1.929762,0.057571,3.409002,1.929761,0.057572,3.426939,3.355822,2.965723,3.657966,3.355820,2.965724,3.657965
-8.000000,-34.600006,1.897493,0.309089,3.666271,1.987159,0.309085,3.705121,3.287284,2.896875,3.670097,3.287283,2.896877,3.670095
-8.000000,-34.399994,1.938560,0.572671,3.875990,1.954520,0.568526,3.945019,3.142491,2.788190,3.542001,3.142161,2.788189,3.542000
-7.800000,-34.799988,1.548605,-0.070150,3.005873,1.548608,-0.006849,3.011610,3.343086,3.000743,3.621774,3.343085,2.995763,3.621775
-7.800000,-34.600006,1.811897,0.169861,3.528153,1.830386,0.171165,3.528158,3.288483,2.889790,3.665465,3.287966,2.890027,3.665467
-7.800000,-34.399994,1.964388,0.546901,3.824590,1.999768,0.582103,3.851272,3.159779,2.794885,3.548608,3.160139,2.794888,3.549738
-7.600000,-34.799988,0.686817,-0.457651,2.233790,0.711417,-0.439195,2.256360,3.308979,2.990179,3.561326,3.308978,2.991744,3.561323
-7.600000,-34.600006,1.334698,-0.019955,3.112738,1.340471,-0.008430,3.152826,3.279275,2.893003,3.666274,3.278736,2.893003,3.666273
-7.600000,-34.399994,1.946338,0.357761,3.878082,1.947325,0.362022,3.847032,3.190132,2.783882,3.549778,3.190132,2.783882,3.549778
-7.400000,-34.600006,1.187332,-0.254611,3.106163,1.196323,-0.292246,3.106164,3.270849,2.887323,3.637228,3.270849,2.886120,3.637225
-7.400000,-34.399994,1.905992,0.208335,3.835615,1.924298,0.208334,3.785290,3.186172,2.763039,3.535313,3.185039,2.763965,3.535312
-7.200000,-34.600006,1.091085,-0.477491,3.088515,1.066957,-0.477495,3.079663,3.246675,2.877225,3.611594,3.246675,2.877226,3.611596
-7.200000,-34.399994,1.930753,0.257295,3.771288,1.928244,0.257296,3.767124,3.138130,2.699917,3.547426,3.137837,2.698149,3.547798
-7.000000,-34.799988,-0.200342,-2.074543,1.584316,-0.200341,-2.061415,1.599695,3.199272,2.866089,3.533654,3.200679,2.867312,3.533654
-7.000000,-34.600006,1.269924,-0.702932,3.199250,1.269924,-0.713066,3.199253,3.246191,2.858869,3.553518,3.245953,2.859911,3.553516
-7.000000,-34.399994,2.036704,0.173515,3.779305,2.003513,0.183598,3.785386,3.216495,2.788477,3.547458,3.216494,2.789402,3.547458
-6.800000,-34.799988,0.157223,-1.181998,2.088277,0.160292,-1.214612,2.094916,3.242555,2.887929,3.567867,3.242554,2.886902,3.567868
-6.800000,-34.600006,1.385339,-0.693298,3.414695,1.385338,-0.711784,3.414693,3.226927,2.793865,3.528345,3.226925,2.793865,3.528343
-6.600000,-34.799988,0.462849,-1.339723,2.767101,0.468047,-1.339726,2.771691,3.274779,2.891997,3.592477,3.274105,2.891999,3.592477
-6.600000,-34.600006,1.483259,-0.503600,3.653930,1.483258,-0.483830,3.669153,3.167041,2.759719,3.527180,3.168153,2.759720,3.527182
-6.400000,-34.799988,0.673495,-1.154599,3.184936,0.684615,-1.143928,3.184930,3.267784,2.893010,3.631919,3.266232,2.894232,3.631918
-6.400000,-34.600006,1.592468,-0.361636,3.891160,1.592465,-0.361641,3.879781,3.200263,2.779360,3.534716,3.200264,2.780180,3.534716
-6.200000,-35.000000,0.020214,-1.542076,1.990867,0.029631,-1.523111,1.990868,3.252086,2.885533,3.594494,3.252086,2.885533,3.594495
-6.200000,-34.799988,1.045630,-1.139819,3.593608,1.051656,-1.167207,3.593606,3.236589,2.848781,3.549507,3.236387,2.848782,3.550328
-6.200000,-34.600006,1.942562,-0.256803,4.071981,1.929460,-0.268170,4.087865,3.180106,2.742562,3.545845,3.182297,2.743405,3.544627
-6.000000,-35.000000,0.798171,-0.926492,3.174168,0.798174,-0.936198,3.174168,3.269261,2.897168,3.631760,3.269261,2.897168,3.631757
-6.000000,-34.799988,1.210584,-0.818005,3.651310,1.210586,-0.825920,3.651310,3.252214,2.845383,3.572747,3.252214,2.849021,3.573766
-5.800000,-35.000000,1.114977,-0.465748,3.301793,1.118670,-0.465753,3.292823,3.272239,2.900044,3.610737,3.272240,2.911049,3.611687
-5.800000,-34.799988,1.583685,-0.491379,3.968866,1.559360,-0.503849,3.975894,3.206737,2.824512,3.555683,3.206737,2.823512,3.555684
-5.600000,-35.000000,1.252874,-0.505462,3.324204,1.231792,-0.505466,3.324201,3.276016,2.904783,3.621373,3.275449,2.908457,3.622748
-5.600000,-34.799988,1.791183,-0.208150,4.113014,1.801022,-0.226426,4.115925,3.172347,2.775391,3.582542,3.172345,2.775391,3.582541
-5.400000,-35.200012,0.104024,-1.565916,2.756584,0.100385,-1.565919,2.756585,3.183083,2.878632,3.573867,3.183486,2.878632,3.573868
-5.400000,-35.000000,1.273677,-0.780821,3.739685,1.277541,-0.780826,3.739731,3.212937,2.870678,3.617262,3.215816,2.870679,3.617259
-5.400000,-34.799988,2.240377,0.043473,4.272636,2.240377,0.047544,4.268927,3.160735,2.806527,3.565240,3.160736,2.805623,3.565616
-5.200000,-35.399994,0.083577,-1.863016,2.277994,0.083578,-1.863395,2.319071,3.058909,2.721837,3.467563,3.058909,2.722484,3.467802
-5.200000,-35.200012,0.508818,-1.174115,3.123136,0.515430,-1.124266,3.144459,3.142393,2.800782,3.539783,3.142740,2.801570,3.540627
-5.200000,-35.000000,1.646852,-0.273042,4.131676,1.639934,-0.281607,4.118831,3.217481,2.825288,3.611264,3.217865,2.825287,3.614358
-5.000000,-36.600006,-0.572725,-2.279450,0.900496,-0.572723,-2.268693,0.897003,3.214665,2.761854,3.657423,3.214518,2.761854,3.657659
-5.000000,-36.200012,-0.079834,-1.327714,1.273974,-0.087120,-1.322541,1.273973,3.125432,2.701350,3.527659,3.125330,2.701349,3.527654
-5.000000,-35.600006,-0.567063,-2.123047,1.293154,-0.568715,-2.117980,1.293158,3.075508,2.674482,3.451966,3.075509,2.674479,3.451966
-5.000000,-35.399994,-0.092907,-1.892302,2.356164,-0.092905,-1.890412,2.356164,3.085452,2.696171,3.480467,3.085381,2.696204,3.480433
-5.000000,-35.200012,1.204997,-0.883119,3.546890,1.204995,-0.878383,3.546889,3.086878,2.684723,3.558634,3.086876,2.684723,3.558633
-5.000000,-35.000000,2.093250,0.198869,4.145704,2.096159,0.198622,4.145704,3.006022,2.522167,3.541654,3.005795,2.522164,3.541654
-4.800000,-37.200012,-2.507410,-4.971799,-0.332672,-2.507409,-4.971798,-0.332679,3.314033,2.868534,3.710275,3.314415,2.868531,3.711121
-4.800000,-37.000000,-2.182112,-4.735402,0.025116,-2.182112,-4.735399,0.025115,3.265273,2.858287,3.694214,3.265653,2.858289,3.695228
-4.800000,-36.799988,-1.830843,-4.277397,0.454794,-1.830843,-4.277394,0.454796,3.228496,2.839663,3.642118,3.228680,2.839665,3.642108
-4.800000,-36.600006,-1.221875,-3.647543,0.910953,-1.209930,-3.647541,0.910956,3.201531,2.841374,3.593821,3.201586,2.841374,3.594662
-4.800000,-36.399994,-0.906967,-3.115461,1.287414,-0.910286,-3.115459,1.263698,3.159322,2.821428,3.578276,3.159322,2.821098,3.578024
-4.800000,-36.200012,-0.772499,-2.698629,1.472307,-0.775196,-2.698629,1.483466,3.135390,2.790693,3.550869,3.135390,2.791026,3.550869
-4.800000,-36.000000,-0.459952,-2.321920,1.867340,-0.457314,-2.321919,1.867339,3.107308,2.769639,3.512426,3.107307,2.769640,3.512571
-4.800000,-35.799988,-0.175592,-1.931522,2.124195,-0.175592,-1.931511,2.122267,3.098601,2.746495,3.499250,3.098599,2.746494,3.499249
-4.800000,-35.600006,0.283881,-1.833727,2.450533,0.283880,-1.831266,2.450533,3.085111,2.732112,3.472696,3.085112,2.732112,3.472696
-4.800000,-35.399994,0.817067,-1.342220,2.991219,0.817066,-1.345798,2.986054,3.100177,2.724659,3.490629,3.100150,2.724709,3.490628
-4.600000,-37.399994,-1.869888,-4.019339,0.026040,-1.868159,-4.019339,0.024409,3.346130,2.896876,3.719522,3.346131,2.892476,3.721094
-4.600000,-37.200012,-1.874657,-4.732419,0.611577,-1.874658,-4.732422,0.610213,3.272219,2.912356,3.646798,3.271786,2.910919,3.646797
-4.600000,-37.000000,-1.566045,-4.441583,1.201570,-1.566049,-4.441580,1.201568,3.241211,2.874215,3.635742,3.241075,2.873862,3.635156
-4.600000,-36.799988,-1.041211,-3.890412,1.420549,-1.040713,-3.890415,1.420549,3.225102,2.859588,3.618363,3.224693,2.861221,3.618363
-4.600000,-36.600006,-0.903850,-3.437549,1.583956,-0.901702,-3.437550,1.587850,3.192048,2.829606,3.587874,3.192048,2.830675,3.587876
-4.600000,-36.000000,-0.202161,-2.536353,2.006575,-0.203136,-2.536354,2.006574,3.123236,2.789083,3.528125,3.123235,2.789496,3.528121
-4.400000,-37.600006,-1.853094,-4.226651,0.473581,-1.853093,-4.226653,0.473582,3.308540,2.894726,3.660105,3.307946,2.894718,3.661856
-4.400000,-37.399994,-1.067254,-3.995619,1.014153,-1.067248,-3.995618,1.013700,3.301471,2.926314,3.655608,3.300893,2.926315,3.656581
-4.400000,-37.200012,-0.709444,-3.579908,1.331702,-0.709444,-3.579893,1.331703,3.289409,2.905717,3.667167,3.289409,2.905717,3.668035
-4.400000,-37.000000,-0.445377,-2.966979,1.594027,-0.445377,-2.963154,1.594022,3.246871,2.873325,3.640370,3.247471,2.873326,3.640371
-4.200000,-37.799988,-1.210478,-3.285520,0.747714,-1.210477,-3.285519,0.747717,3.274223,2.911392,3.643200,3.274223,2.911391,3.643375
-4.200000,-37.600006,-0.529442,-2.942621,1.527399,-0.529443,-2.942624,1.527399,3.265921,2.914212,3.643303,3.265919,2.914211,3.643303
-4.200000,-37.399994,-0.349768,-2.891080,1.976036,-0.340780,-2.885898,1.970527,3.270250,2.932015,3.651559,3.270250,2.932014,3.650532
-4.200000,-32.600006,2.138699,0.548164,4.080420,2.151447,0.562748,4.106163,3.216090,2.803697,3.602356,3.216838,2.805188,3.601781
-4.200000,-32.399994,2.008939,0.495759,4.143073,2.043225,0.558905,4.170471,3.171574,2.791137,3.589180,3.171837,2.791137,3.589178
-4.200000,-32.200012,2.055187,0.577725,4.136984,2.105124,0.577725,4.136986,3.175129,2.809982,3.605473,3.176107,2.809982,3.605473
-4.000000,-38.000000,-0.158599,-2.367299,1.748154,-0.157639,-2.365626,1.748155,3.219362,2.892083,3.572051,3.218640,2.892083,3.570720
-4.000000,-37.799988,-0.128737,-2.433866,1.652966,-0.128735,-2.430037,1.652968,3.240642,2.899298,3.594414,3.240642,2.898908,3.596756
-4.000000,-37.600006,0.093538,-2.342835,2.054793,0.093538,-2.328725,2.054797,3.246039,2.911178,3.619337,3.245806,2.913807,3.619335
-4.000000,-32.799988,2.331257,0.438022,4.364385,2.324533,0.449229,4.396514,3.135831,2.772284,3.573539,3.136124,2.772282,3.573537
-4.000000,-32.600006,2.127159,0.559314,4.091311,2.117351,0.573703,4.091334,3.116130,2.745842,3.565791,3.117454,2.745843,3.565793
-4.000000,-32.399994,2.000475,0.525954,4.009136,2.017443,0.493151,4.009143,3.096915,2.760052,3.561205,3.096915,2.760054,3.560575
-4.000000,-32.200012,2.104451,0.424005,4.078769,2.106275,0.424005,4.078767,3.096506,2.738968,3.559555,3.095874,2.738967,3.559559
-4.000000,-32.000000,2.161098,0.306849,4.280820,2.161093,0.306849,4.280821,3.091685,2.736557,3.554375,3.091686,2.737283,3.548816
-3.800000,-38.200012,-0.575649,-2.813112,1.623962,-0.575648,-2.813111,1.612083,3.210564,2.862331,3.556227,3.210565,2.864594,3.556226
-3.800000,-38.000000,-0.140030,-2.462290,2.082195,-0.140031,-2.461538,2.082198,3.241549,2.880529,3.562241,3.241583,2.882494,3.562242
-3.800000,-32.799988,2.386786,0.407916,4.140030,2.385947,0.407914,4.140031,3.080858,2.749156,3.547805,3.083415,2.751335,3.546709
-3.800000,-32.600006,2.083074,0.273974,3.794523,2.083074,0.273968,3.794525,3.087330,2.732982,3.550719,3.087330,2.732984,3.550141
-3.800000,-32.399994,2.033972,0.124930,3.780823,2.033972,0.124932,3.796484,3.065452,2.726235,3.532762,3.065452,2.728391,3.531650
-3.800000,-32.200012,2.098413,0.268017,4.191089,2.125292,0.268017,4.179135,3.040246,2.717903,3.546573,3.040215,2.717903,3.545963
-3.800000,-32.000000,2.211461,0.401831,4.120127,2.221143,0.401825,4.136986,3.056120,2.713114,3.489780,3.056123,2.713113,3.489784
-3.600000,-38.600006,-1.047943,-2.794522,0.920550,-1.047945,-2.794512,0.920548,3.174574,2.834559,3.562693,3.174576,2.834561,3.561229
-3.600000,-38.399994,-0.307189,-2.319635,1.641553,-0.307193,-2.319633,1.641552,3.186224,2.850827,3.544548,3.186219,2.850827,3.544546
-3.600000,-38.200012,0.245195,-1.919765,2.273974,0.250979,-1.919765,2.273972,3.200774,2.860846,3.540289,3.200774,2.860847,3.540289
-3.600000,-38.000000,0.352319,-1.945209,2.326658,0.353712,-1.945203,2.326658,3.222039,2.870622,3.557011,3.221375,2.873946,3.557014
-3.600000,-32.799988,2.264756,0.373515,4.047586,2.262146,0.360843,4.047585,3.081427,2.706279,3.514394,3.082037,2.706278,3.514396
-3.600000,-32.600006,2.017719,0.251273,3.894978,2.017716,0.256812,3.894975,3.050392,2.692601,3.488363,3.050392,2.692602,3.488364
-3.600000,-32.399994,1.934967,0.127856,3.788131,1.934967,0.127854,3.788130,3.048615,2.693152,3.478623,3.048615,2.693151,3.478624
-3.600000,-32.200012,2.191160,0.187871,4.272505,2.186698,0.187865,4.294814,3.047787,2.657617,3.473527,3.047785,2.658510,3.473526
-3.600000,-32.000000,2.184951,0.351329,4.118016,2.219881,0.351330,4.135638,3.049716,2.653122,3.449219,3.049360,2.653123,3.448806
-3.400000,-38.799988,0.104424,-1.859728,1.917627,0.103591,-1.859725,1.902660,3.167245,2.842185,3.584691,3.164350,2.842186,3.584312
-3.400000,-38.600006,0.486493,-1.626302,2.201262,0.486498,-1.626299,2.201264,3.149107,2.811409,3.572722,3.149107,2.811408,3.573865
-3.400000,-38.399994,0.687362,-1.635884,2.595894,0.688325,-1.630325,2.595891,3.170375,2.816276,3.564185,3.170375,2.816277,3.564185
-3.400000,-38.200012,0.598747,-1.643833,2.455015,0.598741,-1.643866,2.461752,3.179861,2.822847,3.564625,3.179113,2.822847,3.563415
-3.400000,-32.399994,2.170250,0.197868,4.083267,2.169983,0.197868,4.066813,3.032700,2.663555,3.472746,3.032366,2.665040,3.471682
-3.200000,-39.200012,-0.365152,-2.249621,1.248858,-0.365152,-2.249623,1.248859,3.141753,2.851227,3.605077,3.144827,2.851226,3.603346
-3.200000,-39.000000,0.219210,-1.806261,2.036533,0.220963,-1.806261,2.036531,3.185215,2.853916,3.603554,3.185214,2.853915,3.600816
-3.200000,-38.799988,0.490829,-1.754519,2.247715,0.490904,-1.754520,2.247718,3.177932,2.824224,3.594739,3.177933,2.824225,3.593302
-3.200000,-38.600006,0.851326,-1.348506,2.613792,0.851480,-1.348767,2.614871,3.168502,2.811674,3.587455,3.167071,2.811674,3.588531
-3.000000,-39.399994,0.060086,-1.986302,1.596534,0.060087,-1.986302,1.594558,3.153626,2.849118,3.612229,3.151880,2.849117,3.613847
-3.000000,-39.200012,0.426253,-1.609592,2.224446,0.424568,-1.609588,2.224446,3.189159,2.835460,3.621921,3.188025,2.835462,3.621920
-3.000000,-39.000000,0.993228,-1.017611,2.643838,0.995806,-1.019439,2.643837,3.169929,2.829897,3.604442,3.169046,2.829897,3.604443
-3.000000,-38.799988,1.047700,-1.062622,2.536430,1.047700,-1.062623,2.536428,3.199986,2.823667,3.612574,3.198503,2.819385,3.612575
-2.800000,-41.600006,0.210055,-1.235960,1.713154,0.210055,-1.221601,1.709163,3.513434,3.067162,3.964234,3.518193,3.067160,3.960697
-2.800000,-41.399994,-0.346279,-1.925637,1.448833,-0.344051,-1.925636,1.448832,3.510020,3.041866,3.954791,3.508935,3.041867,3.954791
-2.800000,-41.200012,-1.507539,-3.577308,0.583857,-1.507908,-3.568066,0.593521,3.469191,3.011697,3.907037,3.469968,3.017692,3.907039
-2.800000,-41.000000,-2.563844,-4.650683,-0.373124,-2.567419,-4.650690,-0.373128,3.439205,2.974914,3.880083,3.439940,2.972711,3.880082
-2.800000,-40.799988,-3.053951,-5.202052,-0.697575,-3.053950,-5.202054,-0.697577,3.411502,2.953328,3.860908,3.408859,2.953328,3.860909
-2.800000,-40.600006,-2.910706,-4.725409,-0.551224,-2.909643,-4.725408,-0.548829,3.390315,2.957982,3.833311,3.389573,2.957980,3.833314
-2.800000,-40.399994,-2.751700,-4.535959,-0.553292,-2.751701,-4.535961,-0.544540,3.356977,2.897461,3.796469,3.356295,2.897461,3.796472
-2.800000,-40.200012,-1.984068,-3.917809,0.063926,-1.976623,-3.917812,0.063927,3.307834,2.874303,3.740182,3.307838,2.874303,3.740182
-2.800000,-40.000000,-1.368609,-3.458117,0.535159,-1.375694,-3.469155,0.535158,3.265268,2.824508,3.695317,3.263914,2.824510,3.698797
-2.800000,-39.799988,-0.670284,-2.657536,1.391992,-0.664475,-2.657536,1.391991,3.201094,2.831190,3.624793,3.202379,2.831190,3.624794
-2.800000,-39.600006,0.079184,-1.908675,1.980821,0.079181,-1.908674,1.980821,3.186512,2.856928,3.637712,3.185349,2.856928,3.637712
-2.800000,-39.399994,0.702117,-1.386300,2.396134,0.702119,-1.386301,2.396118,3.167080,2.860427,3.636984,3.165983,2.860426,3.636982
-2.800000,-39.200012,0.999315,-1.022832,2.506848,0.999314,-1.022830,2.506849,3.167929,2.834591,3.639220,3.167119,2.834592,3.639219
-2.600000,-42.399994,-0.065468,-2.238143,1.974315,-0.072346,-2.238145,1.974365,3.542921,3.081720,4.038947,3.547916,3.081719,4.045104
-2.600000,-42.200012,0.170039,-1.819498,2.293760,0.172649,-1.819501,2.293760,3.541793,3.049949,3.998629,3.540438,3.049951,3.997288
-2.600000,-42.000000,0.281774,-1.585754,2.244075,0.281318,-1.585754,2.251686,3.529087,3.032740,3.964655,3.529086,3.032739,3.961442
-2.600000,-41.799988,0.259032,-1.618263,2.263211,0.259028,-1.618265,2.263204,3.501459,3.013764,3.946885,3.501459,3.013763,3.946885
-2.600000,-41.600006,0.116006,-2.034249,2.160732,0.098998,-2.031782,2.160731,3.474489,2.992206,3.907305,3.473473,2.992203,3.908186
-2.600000,-41.399994,0.101087,-1.783690,2.102656,0.099279,-1.788080,2.107824,3.444572,2.953130,3.880590,3.442631,2.950475,3.880589
-2.600000,-41.200012,-0.326119,-2.886986,2.099316,-0.328165,-2.886987,2.099316,3.429887,2.933422,3.858840,3.430251,2.933423,3.858838
-2.600000,-41.000000,-0.313942,-2.562189,1.979949,-0.313942,-2.542689,1.983560,3.406931,2.940645,3.839881,3.408010,2.940203,3.839888
-2.600000,-40.799988,-0.213084,-2.200628,1.773446,-0.213085,-2.204000,1.773447,3.412589,2.923471,3.794482,3.411637,2.923470,3.794484
-2.600000,-40.600006,-0.584923,-3.162929,1.845890,-0.582311,-3.161266,1.845889,3.376408,2.897861,3.778880,3.376634,2.897862,3.780168
-2.600000,-40.399994,-0.753767,-3.115466,1.750264,-0.753768,-3.115461,1.750264,3.331091,2.870604,3.736836,3.330974,2.870603,3.736838
-2.600000,-40.200012,-0.731097,-2.680239,1.658130,-0.727899,-2.684508,1.714284,3.290766,2.838433,3.702819,3.288181,2.838432,3.702818
-2.600000,-40.000000,-0.510911,-2.597745,1.780827,-0.509523,-2.595591,1.780814,3.256993,2.800094,3.677882,3.256163,2.800093,3.677882
-2.600000,-39.799988,-0.114933,-2.258694,2.044522,-0.112626,-2.254085,2.044520,3.229883,2.805334,3.649300,3.228974,2.805334,3.649222
-2.600000,-39.600006,0.305963,-1.590754,2.062170,0.305962,-1.590756,2.062170,3.202385,2.852599,3.652507,3.202383,2.852598,3.652507
-2.400000,-44.200012,1.055057,-0.259501,2.684930,1.055058,-0.258935,2.684932,3.892143,3.425154,4.398911,3.891241,3.420482,4.398911
-2.400000,-44.000000,0.063193,-1.643835,2.262692,0.060465,-1.643834,2.262691,3.827591,3.326794,4.312852,3.829292,3.326793,4.312852
-2.400000,-43.000000,0.317757,-1.504528,2.567869,0.309407,-1.494511,2.567872,3.505230,3.080600,3.984888,3.509963,3.080601,3.979469
-2.400000,-42.799988,0.297496,-2.092079,2.602740,0.297497,-2.077014,2.602741,3.496266,3.045559,3.952799,3.496265,3.038930,3.950061
-2.400000,-42.600006,0.625753,-1.646174,2.909648,0.625753,-1.646173,2.889582,3.470634,3.026559,3.942781,3.465129,3.026559,3.940138
-2.400000,-42.399994,0.637006,-1.955134,3.283325,0.634230,-1.959255,3.289405,3.431566,2.983443,3.893440,3.431566,2.980758,3.893439
-2.400000,-42.200012,0.632804,-1.823872,3.378863,0.617815,-1.823876,3.385292,3.410233,2.976973,3.892829,3.411721,2.976972,3.894413
-2.400000,-42.000000,0.544751,-1.681207,3.313358,0.544749,-1.684606,3.313356,3.379584,2.966307,3.864334,3.382181,2.966308,3.870766
-2.400000,-41.799988,0.627497,-1.755359,3.519075,0.626573,-1.759884,3.521444,3.376739,2.961546,3.838013,3.378222,2.966542,3.844270
-2.400000,-41.600006,0.573507,-1.762163,3.503431,0.572867,-1.760329,3.516263,3.363214,2.943240,3.817662,3.363215,2.943242,3.822757
-2.400000,-40.799988,0.463978,-1.960865,3.042806,0.463978,-1.960865,3.042809,3.323731,2.879956,3.751888,3.325612,2.879957,3.751888
-2.400000,-40.600006,0.320800,-2.073057,2.713770,0.321190,-2.073059,2.713771,3.304166,2.858432,3.722932,3.303218,2.858431,3.722930
-2.400000,-40.399994,-0.036875,-1.937902,2.568311,-0.037407,-1.937900,2.568297,3.286868,2.825892,3.719955,3.289846,2.825890,3.718289
-2.400000,-40.200012,0.101102,-1.575328,2.349842,0.100532,-1.575354,2.349842,3.261789,2.797945,3.692585,3.262512,2.799100,3.692590
-2.400000,-40.000000,0.454598,-1.383564,2.438357,0.452429,-1.383562,2.438356,3.254715,2.809425,3.688349,3.254717,2.802272,3.689290
-2.200000,-44.200012,1.665335,-0.477235,4.230583,1.665334,-0.478539,4.230121,3.746865,3.267816,4.195065,3.747480,3.267819,4.199460
-2.200000,-44.000000,1.470767,-0.655428,4.184200,1.468597,-0.655425,4.117979,3.699565,3.246770,4.173198,3.699670,3.242842,4.176478
-2.200000,-43.799988,1.616782,-0.678221,3.967123,1.610581,-0.686303,3.967123,3.655521,3.196137,4.092917,3.655520,3.196135,4.099363
-2.200000,-43.600006,1.780630,-0.600001,4.196998,1.775402,-0.599997,4.207961,3.516889,3.144513,4.020875,3.516887,3.144513,4.028401
-2.200000,-43.399994,1.803870,-0.715901,4.055362,1.803872,-0.727709,4.052836,3.471957,3.080042,3.931586,3.473829,3.084013,3.933873
-2.200000,-43.200012,1.425618,-1.143543,4.046576,1.416182,-1.152253,4.063649,3.464385,3.040088,3.926652,3.468026,3.040093,3.912302
-2.200000,-43.000000,1.557121,-0.908084,4.042075,1.550000,-0.900844,4.042075,3.438372,3.010481,3.877857,3.436794,3.010480,3.877852
-2.200000,-42.799988,1.466953,-0.828805,4.269296,1.466953,-0.818493,4.275679,3.409139,2.985487,3.859955,3.411369,2.985488,3.857311
-2.200000,-42.600006,1.527013,-0.952331,4.059687,1.523848,-0.944218,4.055037,3.379081,2.980965,3.852401,3.379957,2.982951,3.846148
-2.000000,-44.399994,1.994095,0.139269,4.068492,1.997548,0.139269,4.068494,3.697973,3.210044,3.972647,3.700421,3.210044,3.972645
-2.000000,-44.200012,2.551204,0.283109,5.312939,2.551205,0.283105,5.320554,3.629501,3.213394,4.043805,3.629500,3.213396,4.043787
-2.000000,-44.000000,2.588231,0.106648,5.647752,2.587446,0.098479,5.647749,3.570371,3.151561,4.024945,3.572500,3.143569,4.027523
-2.000000,-43.799988,2.324929,-0.132773,5.320832,2.324932,-0.132772,5.320836,3.531509,3.118921,3.977561,3.531510,3.118917,3.979986
-2.000000,-43.600006,2.106327,-0.330597,5.212573,2.102687,-0.330599,5.220199,3.464751,3.075754,3.939535,3.466652,3.075752,3.937639
-2.000000,-43.399994,2.381240,-0.107100,5.063444,2.378524,-0.107097,5.048455,3.436431,3.007100,3.906835,3.437095,3.010310,3.906837
-2.000000,-43.200012,2.175786,-0.442268,4.733277,2.178766,-0.460429,4.733281,3.435001,2.976734,3.880251,3.427543,2.976731,3.877511
-2.000000,-43.000000,2.209165,-0.377335,4.770726,2.204297,-0.377335,4.763675,3.396092,2.977644,3.852618,3.402622,2.976872,3.852619
-1.800000,-44.399994,2.562813,0.757640,4.636001,2.557426,0.757639,4.636006,3.625103,3.171843,3.961231,3.624735,3.169160,3.961230
-1.800000,-44.200012,3.050436,0.680364,6.124537,3.050820,0.680365,6.124535,3.561501,3.152997,3.940867,3.563483,3.152998,3.937789
-1.600000,-44.600006,2.519114,1.195892,4.075342,2.519113,1.195890,4.075343,3.638822,3.234730,4.053682,3.639298,3.250042,4.053682
-1.600000,-44.399994,2.894296,1.209590,4.784237,2.894425,1.209587,4.784474,3.578172,3.187044,3.974033,3.580352,3.187044,3.974030
-1.600000,-44.200012,3.262365,1.141557,5.983564,3.267503,1.141554,5.983560,3.527743,3.122862,3.919549,3.530468,3.122860,3.907668
-1.400000,-48.600006,0.129978,-0.388129,0.821917,0.129978,-0.388127,0.821917,4.867336,4.294428,5.324555,4.865122,4.294429,5.324558
-1.400000,-45.200012,2.172752,0.522375,3.645410,2.167080,0.522374,3.652966,3.848543,3.406431,4.223669,3.843041,3.406429,4.223669
-1.400000,-45.000000,1.760561,-0.038988,3.326414,1.760563,-0.038988,3.329926,3.810246,3.391829,4.212938,3.810245,3.389043,4.214628
-1.400000,-44.799988,2.612127,0.950726,4.347602,2.611469,0.950160,4.347602,3.782530,3.361492,4.174086,3.782532,3.361495,4.177492
-1.400000,-44.600006,2.854091,1.260288,4.525120,2.853835,1.260310,4.525115,3.709366,3.302872,4.071554,3.705523,3.304630,4.073436
-1.400000,-44.399994,3.223086,1.426485,5.477631,3.223086,1.426484,5.477619,3.571663,3.152980,4.002758,3.571663,3.152980,4.005407
-1.200000,-48.600006,-0.481658,-1.524262,0.630137,-0.481818,-1.525012,0.630136,4.771501,4.241582,5.267491,4.771500,4.241581,5.267490
-1.200000,-45.600006,2.032457,0.362873,3.661118,2.032456,0.368622,3.658256,4.008763,3.534927,4.427710,4.008765,3.534927,4.423848
-1.200000,-45.399994,3.920627,1.408631,6.013724,3.920629,1.413696,6.013698,3.922272,3.417443,4.301966,3.922930,3.417462,4.301969
-1.200000,-45.200012,3.632998,1.163786,5.786658,3.633468,1.163788,5.786656,3.826786,3.366669,4.227885,3.824540,3.366666,4.227674
-1.200000,-45.000000,3.278856,0.815832,5.860525,3.279749,0.815828,5.860522,3.757231,3.362497,4.183712,3.757233,3.357787,4.183712
-1.200000,-44.799988,3.429055,0.712332,6.283110,3.430882,0.712328,6.283104,3.726280,3.305610,4.109459,3.725583,3.308583,4.106011
-1.200000,-44.600006,3.494958,0.878820,6.084686,3.493779,0.878820,6.084682,3.681575,3.252153,4.028060,3.681485,3.252154,4.043487
-1.000000,-48.399994,-1.370514,-2.787430,0.468495,-1.370515,-2.784593,0.468492,4.954585,4.327814,5.479487,4.959082,4.327814,5.479285
-1.000000,-46.000000,3.203973,1.214611,4.610769,3.200411,1.214612,4.602058,4.089033,3.684736,4.578976,4.089034,3.677512,4.578978
-1.000000,-45.799988,3.690334,1.482191,5.464225,3.690331,1.482193,5.463797,4.044003,3.619693,4.485918,4.044003,3.619701,4.481710
-1.000000,-45.600006,3.884752,1.434443,5.746864,3.880894,1.434442,5.764866,3.966084,3.524323,4.376091,3.967421,3.524324,4.376096
-1.000000,-45.399994,4.204169,1.757685,6.365145,4.197574,1.746877,6.365146,3.878864,3.437100,4.288535,3.881484,3.440293,4.285510
-1.000000,-45.200012,4.077222,1.413239,6.547926,4.077224,1.413242,6.547950,3.818930,3.350390,4.245364,3.821976,3.350388,4.245364
-1.000000,-45.000000,3.676847,1.022832,6.367368,3.679932,1.022832,6.367370,3.731603,3.335634,4.159184,3.731613,3.332568,4.159184
-1.000000,-44.799988,3.630422,0.779298,6.222221,3.630425,0.779299,6.222222,3.721959,3.288981,4.077749,3.721959,3.288982,4.077765
-1.000000,-44.600006,3.505020,0.861873,6.155243,3.505804,0.861872,6.155240,3.694650,3.246667,4.042537,3.694651,3.249696,4.042519
-0.800000,-48.399994,-1.417530,-3.226787,0.773577,-1.418066,-3.224376,0.775339,4.847857,4.238731,5.313667,4.847853,4.238685,5.313667
-0.800000,-48.200012,0.031591,-1.194942,1.096143,0.031744,-1.194943,1.103628,4.851771,4.419115,5.487542,4.853649,4.419084,5.473344
-0.800000,-46.600006,2.503023,0.651827,4.331739,2.492859,0.651826,4.331739,4.335421,3.912524,4.861656,4.334293,3.911349,4.861658
-0.800000,-46.399994,3.504076,1.879453,5.350418,3.504077,1.879450,5.316187,4.238709,3.797102,4.739722,4.240775,3.796718,4.740963
-0.800000,-46.200012,3.903647,2.173151,5.205481,3.907859,2.173151,5.205480,4.145502,3.698791,4.613462,4.145282,3.698792,4.616575
-0.800000,-46.000000,4.158405,2.011415,5.878995,4.182850,2.020221,5.878997,4.048600,3.570331,4.502773,4.047696,3.570332,4.500924
-0.800000,-45.799988,4.374033,2.021921,6.283877,4.353599,2.021917,6.312062,3.957849,3.501400,4.411266,3.958826,3.501400,4.411264
-0.800000,-45.600006,4.243830,1.898628,6.274122,4.237395,1.898630,6.255758,3.940398,3.463877,4.308874,3.939623,3.469930,4.306197
-0.800000,-45.399994,4.230696,2.005367,6.526640,4.206214,1.997264,6.526642,3.850004,3.403843,4.293972,3.849433,3.403843,4.293972
-0.600000,-48.399994,-0.963608,-2.705806,1.435042,-0.963621,-2.705806,1.435355,4.662345,4.043488,5.119847,4.662344,4.042119,5.107377
-0.600000,-48.200012,0.061587,-1.232870,1.755463,0.061588,-1.232879,1.755465,4.875822,4.391240,5.608819,4.875823,4.391240,5.608819
-0.600000,-48.000000,0.451794,-0.571563,1.643864,0.454940,-0.571564,1.643823,4.800144,4.188109,5.461358,4.800141,4.188106,5.479877
-0.600000,-47.200012,1.729388,0.309798,3.309198,1.737183,0.309799,3.309198,4.401908,3.938510,5.018396,4.401911,3.938514,5.020411
-0.600000,-47.000000,3.185306,1.397259,5.145577,3.174538,1.397263,5.131586,4.413981,3.918534,4.979127,4.412930,3.918531,4.979125
-0.600000,-46.799988,3.716874,1.637747,5.452751,3.735154,1.637747,5.421418,4.339259,3.864333,4.887776,4.339567,3.864335,4.887775
-0.600000,-46.600006,3.969595,1.884324,5.844752,3.971847,1.884321,5.821177,4.258192,3.818850,4.785468,4.258191,3.818853,4.786788
-0.600000,-46.399994,4.251318,2.320657,6.244862,4.269395,2.320000,6.244863,4.163655,3.718429,4.676081,4.163661,3.719103,4.674703
-0.600000,-46.200012,4.527336,2.482338,6.403005,4.527338,2.511231,6.403007,4.099214,3.577202,4.526253,4.097560,3.581502,4.526254
-0.600000,-46.000000,4.444140,2.318230,6.289845,4.435518,2.318230,6.289841,4.014531,3.498649,4.436497,4.013551,3.497883,4.443505
-0.400000,-48.200012,1.257112,-0.148576,3.114250,1.259172,-0.146244,3.118366,4.571746,4.108611,5.249907,4.569257,4.106575,5.243270
-0.400000,-48.000000,1.978217,0.623836,3.627092,1.972248,0.616023,3.627094,4.423579,3.962721,5.113155,4.419546,3.962724,5.118728
-0.400000,-47.799988,2.410995,0.637342,4.133559,2.402803,0.617983,4.112015,4.403947,3.971282,5.085241,4.405677,3.971283,5.083217
-0.400000,-47.600006,2.585203,0.710762,4.477170,2.568523,0.703991,4.477169,4.408656,3.888737,5.092789,4.408655,3.888738,5.095850
-0.400000,-47.399994,2.946229,1.111271,4.853227,2.957968,1.092893,4.853229,4.405794,3.892981,5.016483,4.405795,3.892980,5.016102
-0.400000,-47.200012,3.186335,1.429071,5.324657,3.152918,1.415210,5.324657,4.350251,3.844862,4.982305,4.349666,3.844863,4.982305
-0.400000,-47.000000,3.430839,1.612573,5.423288,3.404527,1.588207,5.423288,4.324202,3.871534,4.879360,4.324380,3.871690,4.879511
-0.400000,-46.799988,3.735471,1.946151,5.547981,3.735469,1.946150,5.518983,4.288016,3.848790,4.838318,4.288016,3.848790,4.838318
-0.400000,-46.600006,4.235426,2.570365,6.000008,4.220693,2.570362,5.928957,4.198385,3.804252,4.719395,4.198385,3.804252,4.719394
-0.200000,-49.600006,-0.077150,-0.856165,0.641672,-0.077150,-0.857485,0.641673,5.078535,4.352996,5.680005,5.073514,4.352997,5.677036
-0.200000,-48.399994,1.713673,0.556136,2.788074,1.713672,0.545276,2.788075,4.526065,3.961744,5.096615,4.523593,3.955434,5.098181
-0.200000,-48.200012,2.250722,1.023973,3.468804,2.270473,1.023972,3.468806,4.371189,3.827346,4.999780,4.368829,3.823602,5.005296
-0.200000,-48.000000,2.778066,1.136014,4.254658,2.718624,1.133563,4.243638,4.292104,3.784700,4.949109,4.292101,3.784702,4.949109
-0.200000,-47.799988,3.113761,1.288276,4.888938,3.143584,1.266516,4.898630,4.298400,3.832066,5.005446,4.298397,3.832065,5.005445
-0.200000,-47.600006,3.183604,1.392962,5.124998,3.183353,1.434426,5.071946,4.335213,3.843516,4.963901,4.335212,3.843511,4.963901
-0.200000,-47.399994,3.498857,1.807174,5.669709,3.501312,1.763081,5.669709,4.335544,3.845955,4.943268,4.335541,3.845955,4.946113
-0.200000,-47.200012,3.631970,2.056329,5.868206,3.620652,2.032196,5.902502,4.321202,3.841762,4.893013,4.320835,3.841763,4.893012
-0.000000,-50.399994,1.147943,0.417404,1.900683,1.149706,0.417405,1.900685,4.873619,4.260487,5.415482,4.872400,4.259100,5.415479
-0.000000,-50.200012,0.145908,-0.378083,0.628031,0.145909,-0.378082,0.627135,4.900587,4.282321,5.438184,4.900587,4.282322,5.432658
-0.000000,-50.000000,0.180441,-0.351597,0.726111,0.182345,-0.351600,0.723827,4.930618,4.245757,5.436154,4.932210,4.238837,5.436154
-0.000000,-49.200012,1.064964,-0.013699,2.282193,1.044139,-0.013696,2.282192,5.029073,4.325961,5.713493,5.032674,4.325961,5.713493
-0.000000,-49.000000,1.286526,0.238356,2.365297,1.292581,0.238357,2.365297,4.795287,4.155979,5.404915,4.812894,4.155977,5.404909
-0.000000,-48.799988,1.370545,0.407672,2.382190,1.378356,0.398174,2.382192,4.613721,4.058674,5.270378,4.626923,4.058676,5.277743
-0.000000,-48.600006,1.681401,0.592465,2.639270,1.681400,0.595240,2.632329,4.469124,3.951662,5.138986,4.464661,3.951662,5.138987
-0.000000,-48.399994,2.078455,1.001844,3.269407,2.078454,0.989690,3.269406,4.378417,3.837047,4.979491,4.378418,3.837045,4.979491
-0.000000,-48.200012,2.671491,1.198258,4.137708,2.671490,1.217180,4.097136,4.264316,3.743538,4.880177,4.258638,3.743539,4.875056
0.200000,-50.600006,-0.937856,-1.816938,0.541094,-0.942931,-1.816940,0.541096,4.808015,4.106991,5.347809,4.808006,4.113421,5.347809
0.200000,-49.600006,0.834557,-0.191781,1.841096,0.834769,-0.191781,1.838964,5.034876,4.394464,5.707389,5.034877,4.394464,5.711502
0.200000,-49.399994,1.031789,-0.076713,2.372146,1.031790,-0.133561,2.370987,4.947658,4.321696,5.649363,4.939558,4.321693,5.644039
0.200000,-49.200012,1.303714,-0.201577,3.089042,1.313616,-0.214612,3.089040,4.751978,4.101471,5.335591,4.748951,4.101469,5.335591
0.200000,-49.000000,1.747890,0.144455,3.111546,1.750647,0.138688,3.111545,4.668710,3.987658,5.147176,4.668709,3.980489,5.153019
0.200000,-48.799988,1.976961,0.523289,3.315068,1.973511,0.523288,3.315066,4.513058,3.935501,5.068172,4.513067,3.931378,5.063439
0.200000,-48.600006,2.342432,0.748598,3.815962,2.333601,0.767124,3.792563,4.382917,3.824518,4.968340,4.382915,3.832269,4.968337
0.400000,-50.000000,-0.551222,-1.687492,0.901987,-0.549778,-1.689473,0.908397,4.881015,4.222157,5.447297,4.882664,4.222155,5.447301
0.400000,-49.799988,0.132529,-1.055578,1.648161,0.122951,-1.056786,1.648161,5.064132,4.364935,5.660370,5.051939,4.361409,5.660368
0.400000,-49.600006,0.958670,-0.316821,2.383559,0.958670,-0.323251,2.366004,4.946847,4.355467,5.621877,4.945487,4.350784,5.627499
0.400000,-49.399994,1.992801,-0.227249,3.671233,1.992800,-0.234122,3.671233,4.701199,4.066630,5.324908,4.698468,4.071112,5.324907
0.400000,-49.200012,2.244635,0.502292,4.025113,2.223363,0.502289,4.025115,4.597620,3.917683,5.106157,4.597620,3.917683,5.102487
0.400000,-29.399994,2.032109,0.228304,3.564516,2.032232,0.228303,3.564195,3.175318,2.767086,3.630411,3.183505,2.767087,3.630413
0.600000,-50.399994,0.145579,-0.720638,0.863684,0.146545,-0.724502,0.860163,4.736156,4.065343,5.266835,4.736157,4.066699,5.266836
0.600000,-50.200012,-0.269056,-1.410959,1.001054,-0.269170,-1.410959,1.001054,4.716639,4.092267,5.214551,4.717778,4.092265,5.214550
0.600000,-50.000000,1.212285,-0.587332,2.849299,1.216383,-0.583171,2.849311,4.763713,4.106379,5.261563,4.761152,4.106380,5.270094
0.600000,-49.799988,1.588107,-0.193609,3.187202,1.588108,-0.193606,3.196792,4.872913,4.192735,5.411241,4.872912,4.192736,5.411242
0.600000,-49.600006,1.984292,0.045668,3.609588,1.984292,0.074009,3.609589,4.788971,4.094717,5.338848,4.788972,4.087254,5.338851
0.600000,-49.399994,2.311814,0.323339,4.000000,2.304075,0.327988,4.000000,4.555241,3.863230,5.026961,4.555209,3.863230,5.026963
0.600000,-49.200012,2.314794,0.443941,4.050221,2.319459,0.419521,4.050228,4.489593,3.832927,4.975174,4.489595,3.818276,4.970813
0.600000,-29.799988,2.152740,0.151832,3.606163,2.152739,0.162032,3.604833,3.191796,2.761385,3.637734,3.189895,2.761162,3.637735
0.600000,-29.600006,2.102515,0.214618,3.598711,2.101947,0.214602,3.598710,3.188348,2.744816,3.637494,3.187448,2.744817,3.641071
0.600000,-29.399994,2.150784,0.184427,3.565297,2.150785,0.184426,3.565297,3.189153,2.774254,3.631271,3.188129,2.771183,3.631273
0.600000,-29.200012,2.106357,0.291406,3.528768,2.106357,0.291406,3.528768,3.190346,2.769254,3.623279,3.190641,2.766730,3.623277
0.600000,-29.000000,2.083589,0.263433,3.592464,2.083057,0.263435,3.592470,3.194148,2.785668,3.618535,3.190952,2.780897,3.619449
0.800000,-50.200012,0.091427,-0.817590,1.127380,0.091427,-0.822000,1.126379,4.682401,4.070293,5.219939,4.682658,4.070293,5.219940
0.800000,-50.000000,1.556961,0.317231,2.645795,1.553557,0.317232,2.645791,4.628118,4.031206,5.116808,4.628119,4.030450,5.116343
0.800000,-49.799988,1.854772,0.157118,3.283104,1.858751,0.157100,3.283105,4.567433,3.920593,5.093542,4.567437,3.920593,5.087538
0.800000,-49.600006,2.259999,0.338392,3.760273,2.239452,0.320939,3.760276,4.564587,3.969656,5.135640,4.564587,3.969657,5.130545
0.800000,-49.399994,2.174127,0.410961,3.926936,2.158359,0.419979,3.926943,4.440050,3.829103,4.981709,4.440050,3.829103,4.980923
0.800000,-29.799988,2.232306,0.219082,3.555701,2.232305,0.221342,3.560071,3.205548,2.750170,3.639442,3.204303,2.746928,3.634642
0.800000,-29.600006,2.276136,0.239032,3.656480,2.276141,0.237011,3.656480,3.197139,2.758946,3.633733,3.197523,2.758946,3.633731
0.800000,-29.399994,2.205823,0.345203,3.643836,2.205822,0.345205,3.643836,3.186565,2.774079,3.632607,3.188392,2.774079,3.632610
0.800000,-29.200012,2.212842,0.326662,3.650685,2.212843,0.326661,3.650685,3.188651,2.803108,3.616952,3.185365,2.804991,3.616951
0.800000,-29.000000,2.163518,0.374428,3.671233,2.163518,0.374429,3.671231,3.192631,2.799917,3.598742,3.191074,2.799917,3.598744
1.000000,-50.000000,0.744454,-0.036800,1.462709,0.743267,-0.045818,1.462709,4.605912,3.983260,5.094780,4.605713,3.983261,5.094779
1.000000,-49.799988,1.367692,-0.036546,2.681016,1.376978,-0.067500,2.687568,4.494299,3.885799,5.024016,4.494301,3.885477,5.024021
1.000000,-49.600006,2.077560,0.287378,3.720204,2.117986,0.282192,3.756969,4.443601,3.873749,4.997647,4.442701,3.871274,5.001939
1.000000,-29.799988,2.216780,0.259671,3.604158,2.216782,0.252433,3.599753,3.205058,2.780797,3.633792,3.205057,2.780798,3.633791
1.000000,-29.600006,2.119396,0.333331,3.533001,2.119396,0.333333,3.533002,3.205116,2.788260,3.631850,3.204049,2.788259,3.616037
1.000000,-29.399994,2.217141,0.336726,3.572001,2.217139,0.343849,3.565823,3.202662,2.790817,3.634295,3.202662,2.790814,3.634296
1.000000,-29.200012,2.194773,0.400421,3.685087,2.190319,0.400425,3.681215,3.203668,2.782127,3.626744,3.208726,2.782128,3.626748
1.000000,-29.000000,2.196919,0.350055,3.698630,2.196919,0.347330,3.698630,3.199176,2.800881,3.636796,3.200999,2.800883,3.640047
1.200000,-49.799988,0.914484,-0.303477,2.089222,0.914484,-0.349705,2.088715,4.404859,3.785262,4.926008,4.404860,3.785263,4.926007
1.200000,-49.600006,2.069546,0.256533,3.804576,2.069547,0.239725,3.840597,4.343219,3.830352,4.937936,4.343220,3.830352,4.937935
1.200000,-29.600006,2.297993,0.365322,3.674397,2.291501,0.358114,3.671233,3.217142,2.773041,3.575287,3.217141,2.773984,3.575288
1.200000,-29.399994,2.221169,0.432437,3.808215,2.214914,0.425489,3.808223,3.209470,2.764444,3.598636,3.211280,2.764445,3.600494
1.200000,-29.200012,2.269937,0.557810,3.840923,2.266772,0.563036,3.831773,3.213630,2.799272,3.605057,3.211730,2.799270,3.605058
1.400000,-49.799988,1.373988,-0.329909,3.001246,1.343509,-0.329909,3.001244,4.320160,3.729478,4.875175,4.320160,3.729479,4.875177
1.400000,-49.600006,1.993150,-0.075341,3.905356,1.981151,-0.060233,3.905354,4.324392,3.738071,4.886463,4.324394,3.737065,4.886467
1.600000,-49.799988,1.248346,-0.668298,3.048155,1.263454,-0.651642,3.041103,4.323771,3.733160,4.815692,4.322046,3.733161,4.815695
1.600000,-49.600006,1.608342,-0.438359,3.361196,1.605681,-0.438356,3.359056,4.307036,3.738025,4.803449,4.307740,3.738026,4.799500
1.800000,-50.000000,0.848538,-1.041665,2.455726,0.799334,-1.041666,2.492031,4.339827,3.711143,4.800218,4.339823,3.711143,4.800220
1.800000,-49.799988,1.109064,-0.948095,3.001247,1.109063,-0.956875,3.000001,4.303216,3.715130,4.810596,4.303411,3.715131,4.810592
1.800000,-49.600006,1.278694,-0.735813,3.117057,1.281572,-0.794524,3.099284,4.237095,3.666359,4.767156,4.239965,3.664152,4.767158
2.000000,-50.200012,0.542164,-1.385516,2.510960,0.520186,-1.384694,2.549315,4.265644,3.699332,4.780113,4.263483,3.691996,4.778067
2.000000,-50.000000,0.964867,-1.119374,3.075341,0.945089,-1.119374,3.068493,4.316514,3.705792,4.782948,4.318418,3.705791,4.780281
2.000000,-49.799988,1.209888,-0.915272,3.375348,1.187566,-0.905933,3.375341,4.295063,3.677112,4.776650,4.293388,3.670578,4.776648
2.000000,-49.600006,1.302527,-0.744541,3.327181,1.262348,-0.719249,3.341032,4.225146,3.622419,4.737676,4.225146,3.622421,4.737676
2.200000,-50.600006,-0.609172,-1.773933,0.471233,-0.616573,-1.786693,0.463470,4.252436,3.664672,4.780636,4.248450,3.664676,4.778727
2.200000,-50.399994,0.184672,-1.436074,1.794873,0.184672,-1.436072,1.776255,4.253424,3.675735,4.793874,4.246150,3.682720,4.792519
2.200000,-50.200012,0.910044,-1.179034,3.048910,0.910046,-1.273320,3.065751,4.227673,3.666303,4.821159,4.229458,3.663576,4.821158
2.200000,-50.000000,1.063058,-0.916284,3.373894,1.082153,-0.935794,3.356665,4.272900,3.645817,4.802454,4.272899,3.645816,4.802453
2.400000,-50.600006,0.376378,-1.503410,2.245055,0.376376,-1.485323,2.245051,4.222874,3.666047,4.751499,4.225789,3.666045,4.748320
2.400000,-50.399994,0.802416,-1.122482,3.088046,0.800926,-1.148958,2.958906,4.222862,3.635956,4.783855,4.222861,3.633643,4.783853
2.400000,-50.200012,1.230617,-0.840679,3.456900,1.223699,-0.916089,3.448141,4.213960,3.629435,4.749315,4.213962,3.629006,4.749316
2.600000,-50.799988,0.396637,-0.691789,1.981166,0.400104,-0.721429,1.960426,4.132520,3.557864,4.646726,4.130744,3.554509,4.646724
2.600000,-50.600006,1.023036,-0.802479,3.057532,1.016356,-0.868885,2.998573,4.177750,3.627286,4.751142,4.177446,3.627288,4.751144
2.600000,-50.399994,1.337258,-0.794520,3.562582,1.323691,-0.794521,3.553105,4.165722,3.592561,4.701010,4.167454,3.592561,4.701009
2.800000,-50.799988,0.800889,-0.811242,2.647101,0.779917,-0.811401,2.632192,4.123821,3.586128,4.639616,4.122639,3.586130,4.639616
2.800000,-50.600006,1.346752,-0.783126,3.458573,1.328225,-0.775555,3.512881,4.146112,3.576568,4.700075,4.145821,3.576568,4.700075
3.000000,-50.799988,0.902778,-1.020623,2.968950,0.892504,-0.978370,2.968949,4.113969,3.532685,4.651779,4.113971,3.532687,4.651782
3.000000,-50.600006,1.405959,-0.924209,3.583822,1.373760,-0.943247,3.583820,4.092813,3.518611,4.622887,4.093449,3.518611,4.622887
3.200000,-50.799988,0.993185,-1.165362,3.171229,0.993182,-1.165456,3.251365,4.080815,3.474084,4.590213,4.080782,3.473117,4.590213
3.200000,-50.600006,1.295560,-1.111870,3.554034,1.294068,-1.108940,3.540672,4.009740,3.425183,4.579888,4.009743,3.425184,4.580182
3.400000,-50.799988,0.930457,-1.420762,3.186445,0.909591,-1.412778,3.149123,4.025162,3.431140,4.555553,4.025160,3.431140,4.555552
3.600000,-51.000000,0.529900,-1.131968,2.363013,0.529898,-1.099290,2.404754,4.013381,3.425381,4.568123,4.013383,3.425379,4.568024
3.600000,-50.799988,0.814386,-1.511646,3.087361,0.859841,-1.505629,3.061552,4.001543,3.404146,4.522361,4.001542,3.405044,4.521793
3.800000,-51.000000,0.552800,-0.873667,1.979506,0.566781,-0.873668,1.991447,4.050159,3.471636,4.612110,4.049705,3.471636,4.612111
3.800000,-50.799988,0.847539,-1.417808,2.928181,0.833001,-1.415526,2.949046,3.979268,3.371629,4.528825,3.979269,3.371628,4.509897
4.000000,-51.000000,0.662455,-0.941092,2.243852,0.665636,-0.926829,2.243850,4.060465,3.438709,4.593177,4.060474,3.438341,4.590782
4.000000,-50.799988,1.028428,-1.247837,3.196356,1.021399,-1.238832,3.183559,3.924698,3.359498,4.447130,3.926666,3.363115,4.454756
4.200000,-51.200012,0.439496,-0.591781,1.490409,0.446351,-0.593509,1.484081,4.043623,3.480353,4.558942,4.043623,3.480354,4.558942
4.200000,-51.000000,0.758804,-0.868951,2.123291,0.795029,-0.855248,2.130138,4.044933,3.444640,4.570715,4.044933,3.446637,4.570712
4.200000,-50.799988,1.373295,-1.068499,3.514225,1.373288,-1.084552,3.514224,3.956849,3.335498,4.458276,3.953307,3.335498,4.458274
4.400000,-51.600006,0.861604,-0.597267,1.830348,0.882973,-0.588734,1.830348,3.885908,3.357242,4.382672,3.885713,3.357242,4.382671
4.400000,-51.399994,1.159216,-0.566781,2.657534,1.098313,-0.584420,2.556237,4.013730,3.459526,4.525998,4.013731,3.459526,4.524515
4.400000,-51.200012,1.125076,-0.615097,2.642526,1.094261,-0.648908,2.611458,4.041982,3.468479,4.582005,4.039134,3.468479,4.567561
4.400000,-51.000000,1.254684,-0.489674,2.483352,1.281792,-0.520109,2.532460,3.921415,3.414721,4.558113,3.919593,3.411419,4.558110
4.600000,-51.600006,1.279641,-1.255713,3.178088,1.206995,-1.255706,3.194229,4.015849,3.458828,4.539467,4.014265,3.458828,4.542865
4.600000,-51.399994,1.519481,-1.046212,3.823162,1.518468,-0.966249,3.714586,4.017648,3.498313,4.612272,4.024553,3.498312,4.619540
4.600000,-51.200012,1.245202,-0.949968,3.293759,1.245207,-0.944151,3.293758,3.951846,3.423060,4.611284,3.948527,3.423062,4.605314
4.600000,-51.000000,2.013236,-0.465753,4.115412,1.962326,-0.465754,4.034961,3.902814,3.356551,4.518342,3.902812,3.356550,4.518343
4.800000,-52.000000,1.302731,-1.227508,3.134546,1.341810,-1.266721,3.158905,3.918851,3.455766,4.518970,3.918187,3.455765,4.518968
4.800000,-51.799988,1.544208,-1.365022,3.731396,1.532348,-1.363227,3.755531,4.072448,3.491082,4.638138,4.072449,3.491082,4.638139
4.800000,-51.600006,1.592865,-1.073033,3.942429,1.592859,-1.066230,3.940397,4.028144,3.457535,4.579209,4.028142,3.460771,4.579208
4.800000,-51.399994,1.768301,-0.995366,4.160958,1.729327,-0.875825,4.234972,3.948355,3.397002,4.613148,3.948355,3.400302,4.618470
5.000000,-52.200012,1.140870,-0.602759,2.632062,1.116564,-0.602737,2.666150,4.035359,3.429872,4.591126,4.035360,3.429874,4.591128
5.000000,-52.000000,1.429263,-0.692158,3.250312,1.481640,-0.742294,3.243024,4.111260,3.561609,4.685997,4.111259,3.561607,4.684154
5.000000,-51.799988,1.715175,-1.095070,3.919246,1.668368,-1.186976,3.919250,4.045853,3.475498,4.618238,4.045853,3.479331,4.618240
5.000000,-51.600006,1.731624,-1.137565,4.178083,1.695325,-1.215349,4.217465,3.973065,3.392436,4.565681,3.973067,3.395616,4.552069
5.200000,-52.600006,0.438101,-1.146121,1.929216,0.420586,-1.146119,1.922025,3.974769,3.440579,4.494999,3.974768,3.440578,4.494998
5.200000,-52.399994,1.053510,-1.078777,2.792393,1.048454,-1.080514,2.807241,4.093978,3.503045,4.594406,4.093977,3.504315,4.594404
5.200000,-52.200012,1.169657,-1.228287,2.917808,1.175057,-1.301791,2.917808,4.111950,3.541141,4.688427,4.111949,3.536430,4.688426
5.200000,-52.000000,1.502472,-1.058116,3.693143,1.502460,-1.156166,3.693145,4.088575,3.510303,4.669938,4.095519,3.510306,4.669817
5.400000,-52.600006,1.221031,-0.836670,2.729680,1.210494,-0.885514,2.676712,4.129551,3.562964,4.678830,4.129551,3.565210,4.678831
5.400000,-52.399994,1.586936,-0.613284,3.267747,1.590239,-0.613278,3.261932,4.081357,3.545895,4.642148,4.081355,3.545895,4.642148
5.600000,-53.399994,-0.261462,-2.006444,1.499776,-0.247906,-2.006446,1.500946,4.117707,3.609426,4.562844,4.117235,3.610628,4.561688
5.600000,-53.200012,0.818590,-1.547155,2.857844,0.853233,-1.578083,2.828440,4.163454,3.613186,4.593718,4.164040,3.613185,4.593726
5.600000,-53.000000,0.981496,-1.234698,2.980216,0.960794,-1.234708,2.980213,4.281982,3.711532,4.753651,4.281047,3.708655,4.753649
5.600000,-52.799988,1.050514,-1.125578,2.899132,1.008561,-1.125569,2.955169,4.273478,3.704472,4.797198,4.273479,3.708560,4.795325
5.600000,-52.600006,1.331718,-0.789387,2.994654,1.317549,-0.789384,2.978925,4.159955,3.617020,4.679426,4.161313,3.617019,4.679425
5.800000,-53.600006,0.695236,-1.184899,2.702052,0.695247,-1.221311,2.752832,4.208454,3.705952,4.644470,4.206202,3.701810,4.643700
5.800000,-53.399994,0.696560,-1.009136,2.338733,0.673917,-1.009133,2.338729,4.243568,3.729839,4.712469,4.243567,3.729840,4.710383
5.800000,-53.200012,1.349686,-1.020089,3.651045,1.224305,-1.020092,3.609599,4.270789,3.707195,4.746989,4.268351,3.708834,4.746990
5.800000,-53.000000,1.488993,-0.659153,3.738202,1.488993,-0.663935,3.701370,4.283581,3.672130,4.771331,4.283581,3.672129,4.771330
5.800000,-52.799988,1.941859,-0.673958,3.748857,1.941429,-0.673967,3.720260,4.221382,3.672769,4.773336,4.221382,3.672769,4.769877
6.000000,-54.200012,0.293607,-2.132770,2.604750,0.330494,-2.115981,2.528831,4.194247,3.779338,4.657507,4.193902,3.779338,4.657507
6.000000,-54.000000,0.740419,-1.894324,3.078794,0.740424,-1.894321,3.095888,4.257908,3.822278,4.707584,4.257908,3.822281,4.699635
6.000000,-53.799988,0.839877,-1.804006,3.278689,0.802102,-1.804007,3.306621,4.281661,3.798223,4.760186,4.282491,3.798224,4.761155
6.000000,-53.600006,0.798960,-1.713575,3.458902,0.766268,-1.722591,3.458903,4.273435,3.804526,4.711448,4.280675,3.812065,4.709966
6.000000,-53.399994,1.052468,-1.391309,3.694571,1.073633,-1.489042,3.694570,4.289150,3.764961,4.789621,4.289150,3.757234,4.789617
6.000000,-53.200012,1.329697,-0.867304,3.911042,1.309594,-1.006668,3.886301,4.281741,3.688824,4.807658,4.283213,3.688824,4.801557
