grid_lat,grid_lon,surge_q90_anomaly_cm,surge_q99_anomaly_cm,springneap_swing_cm,surge_q99_over_swing,zos_seasonal_amplitude_cm,zos_synoptic_residual_std_cm,seasonal_over_synoptic,latitude_band
-35.0,-54.8,26.70471222341516,63.385493587856025,30.098847299814224,2.1059109990649794,18.509886778042862,20.035065505946744,0.9238745325064606,RS
-35.0,-54.6,23.500297090702716,56.83478870122962,33.54601636528969,1.6942336187505411,17.607706656943016,17.663669097383632,0.9968317771278389,RS
-35.0,-54.4,20.523804686948115,49.747928999348865,36.422547698020935,1.3658552776650488,16.48336301296088,15.574377400700378,1.0583641701285358,RS
-35.0,-54.2,18.443464564964714,44.22215073077433,38.768020272254944,1.1406863290984899,15.533355899676096,13.964833821210904,1.112319423098526,RS
-35.0,-54.0,16.65911945235981,39.82267054450764,40.94554781913757,0.9725763279663555,14.881190713407866,12.631303928233867,1.1781199152484159,RS
-34.8,-54.4,27.11002901893137,64.56925073962681,35.60515306890011,1.8134804985861965,18.965528404121933,20.17361342220085,0.9401155859986177,RS
-34.8,-54.2,23.98511675873885,57.49310223141798,38.50049898028374,1.4933079766280544,18.054147072907746,18.03341663866595,1.0011495566623434,RS
-34.8,-54.0,20.748349623386055,50.08420439213898,41.11306890845299,1.2182064176153362,16.672505606024014,15.763068093935594,1.0576941942183387,RS
-34.8,-53.8,18.056293876359103,43.46456626195628,42.78350919485092,1.015918681751971,15.299851315901403,13.734350035812138,1.113984373196201,RS
-34.8,-53.6,15.730945004930225,37.21870340298623,43.98342818021774,0.8461983283905538,14.340842365744713,11.888129537237552,1.2063161257474908,RS
-34.6,-54.0,26.052185495737234,61.65192254388621,41.61398559808731,1.4815192935213561,18.854610053747813,19.41463738032971,0.9711543761744786,RS
-34.6,-53.8,23.03005860370071,55.123394232210174,43.61196309328079,1.2639512262795372,17.765519369468873,17.29364027769425,1.0272862788977553,RS
-34.6,-53.6,20.076775537176665,47.909833775206096,45.7632452249527,1.0469063882970204,16.359484904552435,15.094047415370039,1.0838368566335508,RS
-34.6,-53.4,17.025474668655278,40.34530460945114,45.68012356758118,0.8832135611402742,14.885345257529195,12.757979742251582,1.1667478361195585,RS
-34.4,-53.8,27.248446433144707,62.87072738845927,45.99733278155327,1.3668341963878587,18.962265731074734,20.08455201917921,0.9441219158369687,RS
-34.4,-53.6,24.200550706086503,56.384509951768166,48.15605282783508,1.1708706723400073,18.08499253542327,17.978078616060966,1.0059469046523577,RS
-34.4,-53.4,20.672948486438347,49.180752284160185,48.293936252593994,1.0183628857032452,16.72696486205507,15.3936587967754,1.0866139806579944,RS
-34.2,-53.6,26.895816422117115,61.70737621845041,52.71440073847771,1.1705980785893386,18.667208256100988,19.766763566887214,0.9443735284703778,RS
-34.2,-53.4,23.57911822643933,55.37415704575235,52.668989449739456,1.0513616764679785,17.675124095889544,17.374609910836156,1.0172961687540372,RS
-34.2,-53.2,20.024556708308328,48.03085727688895,51.010166108608246,0.9415938221926997,16.384525444794075,14.835341480830294,1.1044252311930658,RS
-34.0,-53.4,26.22757477524627,60.31450111630308,56.39993026852608,1.069407370348497,18.22256295713701,19.224063300413043,0.9479038157737176,RS
-34.0,-53.2,23.116416668426748,54.34637949420183,55.01849874854088,0.9877837587424743,17.28400540100129,16.946667278172896,1.0199058680560091,RS
-34.0,-53.0,19.798653781377563,48.470184266530744,52.708398550748825,0.9195912909374883,16.241784507420864,14.779906221922781,1.0989098485164746,RS
-33.8,-53.4,28.749187419458856,64.47827250723499,60.49729138612747,1.0658042869340822,18.5897047676787,20.854569719026085,0.8913971862348664,RS
-33.8,-53.2,26.104316882407254,60.46545594147398,58.6341492831707,1.0312327658999378,18.003618914463047,19.15210376305607,0.94003348860252,RS
-33.8,-53.0,23.283396957515297,54.99432647049284,56.28429651260376,0.9770811732216985,17.179511058109064,17.191833064513602,0.999283263956886,RS
-33.8,-52.8,20.925063111195673,49.20284054459102,53.80574017763138,0.9144533721152317,16.27627811239182,15.47988525157193,1.0514469485966647,RS
-33.6,-53.0,26.764637523022532,61.32113271268922,59.20295789837837,1.0357781923319893,17.925004199328626,19.568110339695977,0.916031435236026,RS
-33.6,-52.8,24.504864192874862,56.22816321936409,57.189881056547165,0.9831837762307608,17.288152647460368,17.965208848575227,0.9623129234498963,RS
-33.6,-52.6,21.526238127493624,50.17584113671754,54.25610542297363,0.9247962187030034,16.33685062421079,15.95619291509405,1.023856424345224,RS
-33.4,-52.8,27.973769429122324,62.315068128501274,60.37219613790512,1.0321815689155676,18.033863750658107,20.30087296330346,0.8883294715087735,RS
-33.4,-52.6,24.639550793883398,56.08070086312015,57.879866659641266,0.968915515871849,17.192561824023517,18.049838821360193,0.9525050054008141,RS
-33.4,-52.4,20.576187820360502,47.9815071534369,53.2644659280777,0.9008164508440899,15.903496163727555,15.157844094998755,1.049192488328523,RS
-33.2,-52.6,27.85912697667614,60.88086431378854,60.30004397034645,1.0096321711428224,17.717499371975265,20.13726592074765,0.8798363909829847,RS
-33.2,-52.4,23.67250134978816,53.843533420901736,56.310735642910004,0.9561859351713351,16.73090006473106,17.265914807143925,0.9690132409206895,RS
-33.2,-52.2,19.149229076867353,45.634280947213355,51.820383965969086,0.8806241377366444,15.194865617119085,13.938494276388724,1.090136805010467,RS
-33.0,-52.4,25.60227294819903,56.765345891886454,58.86615142226219,0.9643121644677242,16.905926673362,18.52742139112851,0.912481360274834,RS
-33.0,-52.2,21.55196523008752,50.170686119178974,54.63690645992756,0.9182563466688172,15.97495725161186,15.651944315101543,1.0206372403330533,RS
-32.8,-52.4,27.574975161044346,59.295463590113805,59.608762338757515,0.994744082306839,17.05271638414564,19.95056412669353,0.8547485813360727,RS
-32.8,-52.2,23.77725878423396,53.36758843129813,56.43955245614052,0.9455707231691883,16.30775990922922,17.1789381373413,0.9492880048145449,RS
-32.8,-52.0,20.3558361305668,47.33981297153966,52.712047286331654,0.8980833681983544,15.453130330492016,14.677585146690781,1.052838745341981,RS
-32.6,-52.2,24.85916773040185,55.140184795450054,58.25765933841467,0.9464881600399456,16.357187293195512,17.93324879862136,0.91211511516268,RS
-32.6,-52.0,21.8298481256425,50.1312530786454,55.14350086450577,0.9091053758415508,15.789117610886466,15.728685396744948,1.0038421656112484,RS
-32.4,-52.2,26.804782731357058,57.82972131473107,58.52934420108795,0.9880466303542851,16.653081082983505,19.298714938813344,0.8629113977683058,RS
-32.4,-52.0,23.75533801621627,53.45668632096472,55.010670982301235,0.9717512141992145,16.20267761486026,17.227018647521714,0.9405386936869186,RS
-32.4,-51.8,21.53434236968345,49.0091546388942,51.7127700150013,0.9477186123403792,15.89239965608445,15.536005370550612,1.0229398920142885,RS
-32.2,-52.0,26.88178424704825,58.191578673012586,54.18990235775709,1.0738454239839144,16.90048226058296,19.42254874249972,0.8701475014760517,RS
-32.2,-51.8,24.139741533537162,53.55047559096352,50.833879970014095,1.0534406506556628,16.54216291303932,17.534062282625467,0.9434301445039909,RS
-32.2,-51.6,21.302492571360293,48.31274039793646,46.41580656170845,1.0408682726154095,16.06435844783709,15.28736519288231,1.0508258450786891,RS
-32.0,-51.8,27.22385594789827,58.43548617307982,48.845090717077255,1.1963430779881747,17.31457267669847,19.589848271802648,0.8838543533601955,RS
-32.0,-51.6,24.334700203700127,53.788241005702055,44.5168424397707,1.2082672098425475,16.951623016300005,17.547698837535382,0.9660311117284313,RS
-32.0,-51.4,20.977049898727106,47.73488516770139,41.0128996707499,1.163899298779539,16.244706588107785,15.034321818973861,1.0805081056337622,RS
-32.0,-51.2,16.9188266064931,39.922095802049704,37.625535763800144,1.0610372714070186,14.790933133455283,12.218308539872808,1.2105548886072945,RS
-31.8,-51.4,25.40453471991893,54.595049403642314,39.049778413027525,1.39808858391444,17.541043718578138,18.2558587031999,0.9608446254847237,RS
-31.8,-51.2,20.980403109893743,47.16267268310534,36.73845883458853,1.2837411851011733,16.42736467965685,14.967195920479293,1.0975579371670843,RS
-31.8,-51.0,15.80638290738065,37.15519930218652,36.907794047147036,1.0067033335756517,14.081777562897235,11.42237674483799,1.2328237701720952,RS
-31.6,-51.2,25.085132309732437,53.138029405412624,36.27539128065109,1.4648506199230409,17.578367462472418,17.855582494305704,0.9844746016030733,RS
-31.6,-51.0,19.740483433006368,44.66604557633207,36.44990976899862,1.225408947769781,15.948746479477158,14.052028777878913,1.1349782107323967,RS
-31.6,-50.8,13.770298449070795,32.4678277054146,36.57492585480213,0.8877072734011219,12.21676310519704,10.091227468932749,1.2106320210111257,RS
-31.4,-50.8,18.36515072063023,41.89526608661226,36.65903089568019,1.1428361596855277,15.085663672503705,13.147145239359768,1.1474478601894824,RS
-31.4,-50.6,12.692292829408181,28.999009688748846,37.05907613039017,0.7825076261134396,10.654163002286458,9.35916749777563,1.1383665272385186,RS
-31.2,-50.8,22.722366275576082,48.53163653829412,36.435454711318016,1.331989319820912,16.763684107889887,15.95384055586207,1.0507616676493767,RS
-31.2,-50.6,16.444201494158524,37.79658641904713,37.06061374396086,1.0198586208034992,13.81179717566125,11.916822017441417,1.1590168213846237,RS
-31.2,-50.4,11.555363028432074,26.00775530853384,37.660437263548374,0.6905855905636765,8.964641978683325,8.6288748173135,1.0389120445572024,RS
-31.0,-50.6,20.293508737847883,44.87624475316767,37.41476899012923,1.199425947678761,15.746780876948584,14.22061820589878,1.1073204166621073,RS
-31.0,-50.4,14.903955308640581,34.3413362185603,37.78007784858346,0.908980027944752,12.354709069519846,10.743302278890352,1.1499917575432803,RS
-31.0,-50.2,11.105893614850798,24.70519626434875,38.17964568734169,0.6470776723980878,8.069178889830006,8.37086874563426,0.9639595524703934,RS
-30.8,-50.4,18.867241245653453,42.05962548866483,38.22125745937228,1.1004249541860986,14.951585419901567,13.269770713856092,1.1267402988575643,RS
-30.8,-50.2,14.428854926239598,32.787384553562724,38.75993192195892,0.8459092399743734,11.964431159936527,10.491017192374008,1.1404452914855154,RS
-30.6,-50.4,21.766961966121645,46.527536306941926,38.44032296910882,1.2103835949643842,15.866165120521213,14.9340371884832,1.0624163392841186,RS
-30.6,-50.2,17.960615262363046,39.87388466295964,39.382399804890156,1.012479809775545,14.491512869491602,12.63232528501203,1.1471769878096358,RS
-30.6,-50.0,13.877633137831353,30.779027922281855,39.646117482334375,0.7763440628454087,11.425588853200434,9.988199532768721,1.1439087510933283,RS
-30.4,-50.2,20.02904297618335,43.25011958388745,39.92283325642347,1.0833429407700823,15.392534707716962,13.827841696345958,1.1131552592032117,RS
-30.4,-50.0,16.01159371957363,36.810325642676936,40.1898262090981,0.9159115406760302,13.608405241305968,11.406618407811653,1.1930271316857988,RS
-30.4,-49.8,13.131383899625556,29.140977744039294,40.2721812017262,0.723600681027682,10.751658122775876,9.514535505717264,1.1300244889847988,RS
-30.2,-50.0,17.53722802243971,39.828662668092434,40.762438252568245,0.9770922539351047,14.637793376723268,12.37731990906325,1.182630285414599,RS
-30.2,-49.8,14.758965423961975,33.49611263599043,40.82221193239093,0.8205364445088408,12.61684244662345,10.520348679625727,1.199279874730569,RS
-30.0,-50.0,19.09344975756138,42.16544513510197,41.44969303160906,1.0172679711511274,15.466081632682405,13.376645715544463,1.1562002882912485,SC/PR
-30.0,-49.8,16.0739666834065,37.01339465524636,41.44296292215586,0.8931165159395154,13.899874899247036,11.473535015917138,1.2114727396538083,SC/PR
-29.8,-49.8,17.89104888258179,40.23577329931455,41.779046319425106,0.9630610759204188,15.071413864049935,12.649327125332102,1.1914794925231442,SC/PR
-29.8,-49.6,15.3773451615897,34.785164194258755,41.62571355700493,0.8356652948812929,13.445431622650911,10.912522711200308,1.23211029919332,SC/PR
-29.6,-49.8,19.897516976766312,43.66456175940484,42.851496301591396,1.018974027233286,16.07471077405523,13.967732473626876,1.1508461236930645,SC/PR
-29.6,-49.6,17.237853922548236,38.700864472093485,42.584287747740746,0.9088061939969093,14.888546162455151,12.150678425945758,1.2253263266899677,SC/PR
-29.6,-49.4,14.706349709526107,33.14297691871256,42.14753266423941,0.7863562781418313,12.736140621212776,10.398216690093678,1.2248389315974177,SC/PR
-29.4,-49.6,19.45871968499499,42.877616717732685,43.355477042496204,0.9889780863373934,16.186489632975658,13.675663075800507,1.18359815851402,SC/PR
-29.4,-49.4,16.669540096545376,37.64767747046961,42.8466372191906,0.8786611952269519,14.651356228543902,11.736504767167773,1.2483577111927109,SC/PR
-29.4,-49.2,13.906622395216207,31.667519137560085,42.29264799505472,0.7487712554972431,11.780279236185741,9.94332953114231,1.184741911579028,SC/PR
-29.2,-49.4,18.88860626512115,42.24048323922697,43.31788960844278,0.9751279118407046,16.209746236911897,13.336777534994507,1.2154170071727581,SC/PR
-29.2,-49.2,15.978432433241673,36.41962196075318,42.730812914669514,0.8523035130054899,13.989298800723072,11.280670350667585,1.2401123661853297,SC/PR
-29.2,-49.0,12.926494787038816,29.535629043878558,42.35648177564144,0.697310725671839,10.531256232001047,9.409824007293272,1.1191767480282933,SC/PR
-29.0,-49.4,21.786959360486627,47.24122245157394,43.10375768691301,1.0959884935024382,17.376173892873513,15.296391267388701,1.1359655744370782,SC/PR
-29.0,-49.2,18.51714887879863,41.51471200250156,42.9184228181839,0.96729351351915,15.923434301406244,13.011062594422022,1.223838113593642,SC/PR
-29.0,-49.0,15.13739047990969,34.682664201127764,42.64155086129904,0.8133537242569039,13.044677208959566,10.79374401366002,1.208540539079941,SC/PR
-29.0,-48.8,12.136959851017135,28.080016017189134,42.38116927444935,0.6625587849016225,9.426382612848881,8.986104641693975,1.048995420007919,SC/PR
-29.0,-48.6,9.85922301508932,21.725873536844492,42.193676717579365,0.5149082807422831,5.80635877760489,7.509406171467605,0.7732114424262287,SC/PR
-28.8,-49.0,18.892572396490277,42.36523043462961,42.482065223157406,0.997249785576241,16.071326763876016,13.369092199166065,1.2021255089316019,SC/PR
-28.8,-48.8,15.168780785317193,34.438672524208734,42.33168102800846,0.8135437026803313,12.8622168736409,10.897031528489453,1.180341347091969,SC/PR
-28.8,-48.6,11.782834418547857,26.39461351229022,42.37916860729456,0.6228204653299173,8.708081383649988,8.782163146078382,0.9915645199028813,SC/PR
-28.8,-48.4,9.333235580485681,20.11855622009595,42.40131601691246,0.47447952351458467,5.0472008360137846,7.125491334954449,0.7083302187534061,SC/PR
-28.6,-48.8,19.62867862378214,42.848431293116505,41.86662510037422,1.0234508081410534,16.041804383320407,13.747260983458546,1.166909132126231,SC/PR
-28.6,-48.6,14.47846053421929,32.10320137322371,42.26204510778189,0.7596225239774876,11.836251238628815,10.48083725977027,1.129323063154618,SC/PR
-28.6,-48.4,10.985460937915466,23.62670338243066,42.41495709866285,0.5570370689630026,7.175009560808757,8.164364695042833,0.8788203159475734,SC/PR
-28.4,-48.6,16.82541477675602,37.17658948893707,42.0238109305501,0.8846553576584545,13.869526532938375,11.98014324383281,1.1577095741387058,SC/PR
-28.4,-48.4,12.532500631629434,27.62383735877176,42.537132650613785,0.6494052522454911,9.171356980291828,9.213042541411806,0.9954753751616141,SC/PR
-28.2,-48.6,18.40250383872427,40.994118919557636,41.891579143702984,0.97857659600115,14.775747654065174,12.98932066890936,1.1375304398660142,SC/PR
-28.2,-48.4,13.975508931669028,31.15680003503205,42.45272036641836,0.7339176327479406,10.767854989431212,10.18710040952194,1.0570088206224448,SC/PR
-28.2,-48.2,10.856593075979365,23.3623120820409,42.96147972345352,0.5437967274969571,6.666541948475476,8.095624709062829,0.8234746777493855,SC/PR
-28.0,-48.4,15.382768144678238,33.91129844434174,42.8765919059515,0.7909047090012457,11.841137635642232,11.018805914285068,1.0746298399077048,SC/PR
-28.0,-48.2,11.745695289941835,25.814842936368958,43.46730597317219,0.5938910258736015,7.74114203278485,8.78557907775435,0.8811191572318686,SC/PR
-27.8,-48.4,16.501427915648094,36.536559012488,43.69272217154503,0.8362161292912644,12.586529621863257,11.724422138628054,1.0735309146192242,SC/PR
-27.8,-48.2,12.592108322746876,28.054683698780636,44.4208238273859,0.6315660377618803,8.500165754155226,9.335458760002266,0.9105246965017028,SC/PR
-27.6,-48.4,17.695008106239218,38.790463752754064,45.08454278111458,0.860393859178782,13.11184906297056,12.47196306490018,1.0513059567880865,SC/PR
-27.6,-48.2,13.502071384058706,30.08740413533279,45.9191057831049,0.6552262641491357,9.250651800495255,9.914636707602703,0.9330298298677657,SC/PR
-27.6,-48.0,10.615531553414701,22.943056930688222,46.247146278619766,0.49609670599923883,6.145328325045991,7.935500779475029,0.7744096429226908,SC/PR
-27.4,-48.4,17.622197741607206,38.85749518308972,49.13691692054272,0.7908004331229119,12.647648421441199,12.456971851454743,1.01530681551345,SC/PR
-27.4,-48.2,14.111478905615776,31.347570102152766,48.263657465577126,0.6495067251069949,9.71556857246913,10.32039772504181,0.9413947825765377,SC/PR
-27.4,-48.0,11.16774654722292,24.60565632915573,48.10876026749611,0.5114589565879988,6.6627047191680955,8.349892066710057,0.7979390231559329,SC/PR
-27.2,-48.4,17.584253153823852,38.609387121223406,53.90768088400364,0.7162130978014343,12.32690727653927,12.565289164092436,0.9810285394597695,SC/PR
-27.2,-48.2,14.334465638891237,32.212239817873,52.085042372345924,0.6184547108091782,9.810658385353776,10.498181752016364,0.9345102434971144,SC/PR
-27.2,-48.0,11.794415063160676,26.304379052418458,50.7976409047842,0.5178267845493799,7.271403714111516,8.759513473910559,0.8301150213158245,SC/PR
-27.0,-48.4,16.50982191224889,37.19526328702761,58.128366619348526,0.6398814460175601,11.207816323716349,11.966671758518272,0.9365859237960844,SC/PR
-27.0,-48.2,14.514256080524548,32.58055879725655,56.35818839073181,0.5780980497700752,9.826924270973416,10.619625901080843,0.925355032513269,SC/PR
-26.8,-48.4,16.587756511099183,37.16566359651787,62.285298854112625,0.5967004137456083,11.085256951892319,11.969355611108872,0.926136486546025,SC/PR
-26.8,-48.2,14.867427036182937,33.22183494271521,60.58608219027519,0.5483410338100344,9.969811645053658,10.799307103763082,0.9231899370265726,SC/PR
-26.6,-48.6,18.79908477104469,40.77494620121282,69.20249946415424,0.5892120446073421,11.77551934372921,13.33380591575835,0.8831326493070141,SC/PR
-26.6,-48.4,16.93955040174353,37.74052429395541,67.22691170871258,0.5613901239057552,11.217066078428424,12.176185862212966,0.9212298666726966,SC/PR
-26.6,-48.2,15.190875495490447,33.9048697600931,65.36831296980381,0.5186743885490067,10.20106323008075,11.023958947782216,0.9253538840629469,SC/PR
-26.4,-48.4,17.621641602909,38.802353110706214,72.98944257199764,0.5316159672329477,11.439114406300984,12.633538927949303,0.9054560619585474,SC/PR
-26.4,-48.2,15.804704418355309,35.18633615034224,70.43419852852821,0.49956323611875275,10.575991057261042,11.410672652462907,0.9268507983162846,SC/PR
-26.2,-48.4,18.260512250800023,39.969515580077,80.56265786290169,0.49612955481304405,11.573226400270991,13.041516761188825,0.8874141414833416,SC/PR
-26.2,-48.2,16.738421400213795,36.839657624388266,76.03642791509628,0.4845001091519466,11.045878875710494,11.968389555866427,0.9229210683818565,SC/PR
-26.0,-48.4,19.135517874310885,41.17672304208126,87.01619431376457,0.47320758356318693,11.733045976573584,13.559716308905978,0.8652869801462849,SC/PR
-26.0,-48.2,17.775729825777958,38.79953520564547,81.7949116230011,0.4743514533578256,11.518535089134426,12.664966457431358,0.909480110180296,SC/PR
-25.8,-48.2,18.669456189545258,40.62239772644862,87.40945309400558,0.46473689387760786,11.821742435754182,13.286648355524907,0.8897460156562672,SC/PR
-25.8,-48.0,17.008243789305265,37.38533352815102,82.13228657841682,0.4551843749346599,11.354861168140792,12.145103143855984,0.9349332841100685,SC/PR
-25.6,-48.4,20.866971702684182,44.179483981240985,98.41674715280533,0.4489020950128168,11.93689745308069,14.78487525668749,0.8073722128755462,SC/PR
-25.6,-48.2,19.76739031645334,42.64634866091286,92.45287403464317,0.46127661369329387,12.041160821545596,14.075617692098575,0.8554623381327676,SC/PR
-25.6,-48.0,18.011918062038053,39.432494038409814,86.6211861371994,0.45522920889068225,11.779697713956766,12.834989731302995,0.9177800653184397,SC/PR
-25.6,-47.8,16.4072351322023,36.38457964514175,81.51579350233078,0.44635006397995014,11.244557330491785,11.759575266970556,0.9562043760266313,SC/PR
-25.4,-48.0,19.458266748796216,42.170628561387645,89.0170119702816,0.4737367344510097,12.117416947618464,13.814816903969382,0.8771319252256462,SC/PR
-25.4,-47.8,17.82832321868593,39.19701728568725,84.82950702309608,0.46206819609378713,11.848118950095474,12.749188096092817,0.9293234095217805,SC/PR
-25.4,-47.6,16.308290009223573,36.22557223292504,79.36756685376167,0.45642790460834326,11.308310328716974,11.690733150267738,0.9672883798958319,SC/PR
-25.2,-47.8,19.517719714533428,42.286224095713216,86.75607070326805,0.4874151601487908,12.277910699114496,13.892828387820547,0.8837588974955017,SC/PR
-25.2,-47.6,17.654490195536784,38.921779953265336,83.16406309604645,0.4680120054778281,11.944071506890626,12.631535994383453,0.9455755430061314,SC/PR
-25.0,-47.8,20.879640332540596,44.409105292638856,87.90942877531052,0.505168852890001,12.430610269657542,14.86104899171569,0.8364557762098087,SP/RJ
-25.0,-47.6,19.17280055674784,41.80146087798347,84.76327508687973,0.493155329771511,12.458794194923774,13.700075136051346,0.9093960486493116,SP/RJ
-25.0,-47.4,17.830693986163936,39.23415472720701,80.79219684004784,0.4856181198399974,12.285331494931793,12.716445181441108,0.966097940080102,SP/RJ
-25.0,-47.2,16.358425010145158,36.15284251064104,76.57373175024986,0.47213113014468006,11.750842910116841,11.685168935316094,1.005620284581617,SP/RJ
-24.8,-47.4,19.702894145944107,42.75952785680529,81.52811005711555,0.5244758872350844,12.913125561309474,14.146467851401686,0.9128162377317383,SP/RJ
-24.8,-47.2,18.20059182733324,39.8807509192827,77.90501341223717,0.5119150767390576,12.647404205686911,13.017790008221484,0.9715477202888775,SP/RJ
-24.8,-47.0,16.834630424716707,37.007378990390535,74.72549602389336,0.495244340413043,12.184256175614316,11.971641721110325,1.0177598410858784,SP/RJ
-24.8,-46.8,15.362354566494286,33.812978615204145,72.39220589399338,0.46708037415958503,11.605986029666042,10.897810440176578,1.0649832912195516,SP/RJ
-24.6,-47.2,20.548141623418783,44.30134215442462,77.94636934995651,0.5683567114656038,13.273551089935737,14.736702013820741,0.9007138149015435,SP/RJ
-24.6,-47.0,18.93426834201132,41.243056164734604,76.10065340995789,0.5419540347775501,13.119261098944257,13.463934546835063,0.9744002433544341,SP/RJ
-24.6,-46.8,17.215748481222263,37.81009536213503,74.17530864477158,0.5097396431905534,12.55064128695601,12.15639078310603,1.0324315424606025,SP/RJ
-24.6,-46.6,15.778134953577402,34.93830258806455,71.1680717766285,0.4909266433088643,12.080304621600806,11.177446209707329,1.0807750173836104,SP/RJ
-24.4,-46.8,19.041138737372897,41.79454907672833,74.76013377308846,0.5590486127751312,13.294897841881742,13.527594706653057,0.982798356262339,SP/RJ
-24.4,-46.6,17.798099382105555,39.280963046732545,72.25134670734406,0.5436710156537441,13.020819768041534,12.568264543535532,1.0360077736220767,SP/RJ
-24.4,-46.4,16.659595274636807,36.78853490323785,69.5135585963726,0.5292281915366878,12.800259143901988,11.780443627317124,1.0865685154861282,SP/RJ
-24.4,-46.2,15.737984610742133,34.43193645591115,67.262352257967,0.511905030080669,12.597319859796585,11.025223220528064,1.1425909124761668,SP/RJ
-24.4,-46.0,14.644256742323583,32.56228402408473,65.29788300395012,0.4986728899329694,12.269587015991997,10.288304354242312,1.192576210183043,SP/RJ
-24.4,-45.2,9.352640976091893,20.99936537899637,56.53480142354965,0.371441392739182,7.9833430232204305,6.779111713068694,1.1776385109320788,SP/RJ
-24.2,-46.6,19.78724981911949,42.89677251942918,73.00401851534843,0.5875946748110931,13.672724774715766,14.059093264303222,0.9725182497673257,SP/RJ
-24.2,-46.4,18.70266516386172,40.97787053762574,70.95682770013809,0.5775042637305782,13.539087542000638,13.24230843584704,1.022411432839777,SP/RJ
-24.2,-46.2,17.597037675298807,38.70645022622497,68.6098501086235,0.5641529629483916,13.376232916710881,12.415567418858757,1.0773758834729463,SP/RJ
-24.2,-46.0,16.540391026495104,36.39841836547666,66.38700887560844,0.5482762212359589,13.18182766701233,11.643958018754939,1.1320744755160008,SP/RJ
-24.2,-45.8,15.573588361374426,34.64112549029968,64.2338976264,0.5392966450795328,12.878983226055505,10.906035281395972,1.1809042327256247,SP/RJ
-24.2,-45.6,14.308350581958805,32.059730727508466,61.66028156876564,0.5199413611459812,12.147763879631151,10.000771674511753,1.2146826539987192,SP/RJ
-24.2,-45.4,12.805927804635065,28.949997535870565,59.0534970164299,0.49023341543712606,11.117495651776194,9.095651727571285,1.2222868668196885,SP/RJ
-24.2,-45.2,11.366616885779871,25.30066756498668,56.88418224453926,0.44477509505580487,9.920675346121119,8.14073872470359,1.2186455899900335,SP/RJ
-24.2,-45.0,9.689864683853882,21.088149357544673,55.58401048183441,0.3793923679623038,8.320857311265122,6.962618795501503,1.1950758120839773,SP/RJ
-24.0,-46.4,20.713090449166735,44.462339430642494,71.32989838719368,0.6233338394692723,13.937546705936683,14.681940009102634,0.9492987096593204,SP/RJ
-24.0,-46.2,20.06913845933265,43.171006611951036,68.4783086180687,0.6304333077607575,14.010554125350161,14.236277994858954,0.98414446039967,SP/RJ
-24.0,-46.0,18.771047636945077,41.39991287894946,66.53106287121773,0.6222644144297842,13.898386491626502,13.327477928037782,1.0428369543488545,SP/RJ
-24.0,-45.8,17.843176983529435,39.344507120782204,64.20590281486511,0.6127864479100987,13.750925513227916,12.542461771783822,1.0963498046422366,SP/RJ
-24.0,-45.6,16.928301891028426,37.78634878033345,62.00922429561615,0.6093665774658757,13.538151404515853,11.952392919223593,1.1326728878484082,SP/RJ
-24.0,-45.4,16.508077950893938,36.34456488650947,59.31856855750084,0.6127013137762862,13.348070622417074,11.67949155476832,1.1428640159397634,SP/RJ
-24.0,-45.2,15.209849215274918,32.26199362350092,57.23605677485466,0.5636655535234999,12.585669832642804,10.698237001162884,1.176424660556198,SP/RJ
-24.0,-45.0,12.433923516225628,26.625029478025255,56.02196156978607,0.47526057160384655,10.829235836925868,8.724454891981019,1.2412507109045212,SP/RJ
-24.0,-44.8,10.271844223566104,22.348015025682464,55.39568215608597,0.4034252157544238,8.972536754485553,7.3298799318734105,1.224104192412372,SP/RJ
-23.8,-45.8,20.003975907988284,43.534266392416654,64.55196589231491,0.6744065155976842,14.317511950874334,14.1758389806797,1.0099939742817141,SP/RJ
-23.8,-45.6,19.92091048329292,43.483529692582444,62.87098750472069,0.6916310911979467,14.492414464001186,14.13698262933473,1.0251419870835041,SP/RJ
-23.8,-45.4,18.574212057433197,40.48881648286346,60.51710173487663,0.6690475142091832,13.859504830435379,13.045674857142489,1.0623831256109622,SP/RJ
-23.8,-45.2,16.57910177577728,36.66443965305082,57.60587528347969,0.6364704897308541,13.280056473482821,11.589633947500996,1.14585642080148,SP/RJ
-23.8,-45.0,14.739484219010357,32.7957172078447,56.91252127289772,0.5762478357018833,12.530709565859482,10.248961633964486,1.2226321078550446,SP/RJ
-23.8,-44.8,12.82341213325584,28.414647651711324,56.03083744645119,0.5071251644037496,11.323411160825211,8.950679657264633,1.265089534472927,SP/RJ
-23.8,-44.6,11.146133385046106,24.35395570789154,55.37148416042328,0.4398284798964899,9.956463746666099,7.867489885199046,1.2655197390716701,SP/RJ
-23.6,-45.2,17.978828747819005,39.51107223803804,58.34067314863205,0.6772474520027797,13.769921110536846,12.600000253461385,1.0928508598048692,SP/RJ
-23.6,-45.0,16.209121732685517,35.90527883050194,57.6134979724884,0.6232094924638568,13.345686351084197,11.290312282960047,1.1820475835045088,SP/RJ
-23.6,-44.8,15.00023760457479,33.62435581345992,57.023683190345764,0.5896559803270056,12.811404938670682,10.445837546756904,1.2264602892133059,SP/RJ
-23.6,-44.6,13.683635190753318,30.1705129897874,56.452569365501404,0.5344400322055993,11.981790176835204,9.47364713481132,1.2647494683233036,SP/RJ
-23.6,-44.4,12.286773022617515,26.934395965541984,55.95167279243469,0.4813867865123744,11.095380660621949,8.560598521350354,1.2960987053591853,SP/RJ
-23.6,-44.2,11.054055765937058,24.194355384181222,55.471204966306686,0.43616062421713964,10.130025658915763,7.761367550679697,1.3051856638368624,SP/RJ
-23.6,-44.0,10.021377603626132,21.735601226901878,55.06819784641266,0.3947033329022917,9.175406247665698,7.099213385638352,1.2924539310548782,SP/RJ
-23.4,-44.4,14.67654701555515,32.382066691763626,57.36331269145012,0.5645083097962384,12.68237742928343,10.139349126864559,1.2508078448231976,SP/RJ
-23.4,-44.2,13.450528955225835,29.650531446699922,56.64271414279938,0.5234659372421546,12.018337055608022,9.278801041722529,1.2952467675044492,SP/RJ
-23.4,-44.0,12.415198916330592,27.216187471285114,56.220680475234985,0.4840956609067325,11.341360415023946,8.614099742629293,1.3166042597461505,SP/RJ
-23.4,-43.8,11.638042660412983,25.317959042248916,55.57743161916733,0.45554388363490617,10.742132444235278,8.089652252540102,1.3278855640379736,SP/RJ
-23.4,-43.6,10.909531322170892,23.742597845245957,54.70694154500961,0.4339960738933278,10.11594629361485,7.648764880116736,1.3225594526917215,SP/RJ
-23.4,-43.4,10.332419181385223,22.185813093700574,54.136981815099716,0.409808828454352,9.45462380841185,7.257351112321422,1.3027651083823035,SP/RJ
-23.4,-43.2,9.686335636014151,20.605031205052533,53.88815328478813,0.38236662325686055,8.662526377255494,6.872445503249226,1.2604721817233668,SP/RJ
-23.4,-43.0,8.971486434959871,18.990834817909672,53.94516736268997,0.35203959402384355,7.650522927279711,6.4278559085905576,1.1902138187408824,SP/RJ
-23.4,-42.8,8.281947803227602,17.10565168830601,53.70335653424263,0.31852109052809413,6.801408904327761,6.023840522339907,1.1290818339403537,SP/RJ
-23.4,-42.6,7.939499672941172,15.881554659894901,53.60589697957039,0.29626506699342203,6.451785492243756,5.792849510804241,1.1137498877211522,SP/RJ
-23.4,-42.2,7.984175267073135,15.892299237104874,54.11793440580368,0.29366049187939003,6.613861340326234,5.847238098484713,1.1311086069917673,SP/RJ
-23.4,-42.0,8.423032433417063,16.26213803949614,54.94190901517868,0.2959878593771366,6.908202741839975,6.117214803014822,1.1293052417311422,SP/RJ
-23.2,-44.4,16.28321013521536,36.34665606092792,59.11901742219925,0.6148048064019366,13.364698164738225,11.320129307225766,1.1806135603245616,SP/RJ
-23.2,-44.2,15.915435970560626,35.30033874584824,57.63361677527428,0.612495635724056,13.39800481028455,11.023769830223022,1.2153741430224958,SP/RJ
-23.2,-44.0,15.3836348570554,33.78261040818377,57.32808709144592,0.5892854989962601,13.262839547016513,10.606486800610314,1.2504460521511562,SP/RJ
-23.2,-43.8,14.734852633860939,32.15907367267927,56.20369091629982,0.5721879319379843,12.911986657016893,10.10716919553854,1.2775077182557153,SP/RJ
-23.2,-43.6,14.033289270226422,30.405003623787813,55.55683895945549,0.5472774224245714,12.529299406463076,9.631610432681692,1.3008519700868542,SP/RJ
-23.2,-43.4,13.25704292149607,28.56420234532418,55.098018795251846,0.5184252169115333,12.17909772202903,9.14168897881251,1.3322590333423348,SP/RJ
-23.2,-43.2,12.764912255768385,27.01967597818811,54.99028563499451,0.49135362121111503,11.85718934824586,8.752072172277577,1.3547865139645243,SP/RJ
-23.2,-43.0,12.071779171872258,25.54020611469756,55.01869395375252,0.4642096036697288,11.0661386075335,8.247239172354215,1.341799161667166,SP/RJ
-23.2,-42.8,10.96779080554794,23.37140043899365,54.75827530026436,0.4268103827382748,9.744494939569753,7.614272727148676,1.2797669966332799,SP/RJ
-23.2,-42.6,10.064852440831709,21.1955326442695,54.70956191420555,0.3874191622573749,8.54650165382462,7.106348881177037,1.20265720086755,SP/RJ
-23.2,-42.4,9.599719428745665,19.922285699573884,54.95930761098862,0.3624915699554883,7.925231682137679,6.869879871023671,1.1536201259596046,SP/RJ
-23.2,-42.2,9.619883520583349,19.600713891963178,55.71623519062996,0.3517953757087219,7.8163917005085,6.8846208912509175,1.1353409031485948,SP/RJ
-23.2,-42.0,9.822012123241187,19.863331731929524,56.806954741477966,0.34966373082882723,8.00270040449443,7.0749263595761915,1.1311355055537022,SP/RJ
-23.2,-41.8,10.028643165867177,20.397314583103498,57.591380923986435,0.3541730421436752,8.263208315439078,7.289328904695784,1.133603439147316,SP/RJ
-23.0,-44.4,17.457266387827243,38.85146569956047,61.42531931400299,0.6324992060839575,13.722912994707492,12.184350868642086,1.1262736228341128,SP/RJ
-23.0,-44.0,17.763360449576798,39.26303947856467,66.69852212071419,0.5886643096454901,14.034920678936903,12.326854045640975,1.138564683817274,SP/RJ
-23.0,-43.4,16.602984448956835,36.172387680100776,55.506834387779236,0.6516744843958303,13.879457080027406,11.334550746831832,1.2245264404420184,SP/RJ
-23.0,-43.2,16.162491693503654,34.958534374243996,56.45669624209404,0.6192097076374611,13.756537756390857,11.047338684514882,1.245235449843995,SP/RJ
-23.0,-43.0,15.883431168217339,33.940621884483924,55.81158399581909,0.6081286258964886,13.748708238386357,10.810279890889552,1.2718179711492197,SP/RJ
-23.0,-42.8,15.230034461297915,32.4673629906558,55.44382035732269,0.585590292685661,13.364061147275319,10.3690879123854,1.288836709669764,SP/RJ
-23.0,-42.6,14.25345953593013,30.720021032187887,55.37085011601448,0.5548049373961657,12.513399123301664,9.696468012117842,1.290511050793284,SP/RJ
-23.0,-42.4,13.648076082657767,29.30015649933713,55.70706203579903,0.5259684397017379,11.853426230379949,9.282935073810213,1.2769050021497852,SP/RJ
-23.0,-42.2,13.180487986217148,28.341645773063302,56.447506695985794,0.5020885320179923,11.428570944930177,9.023178798788422,1.266579239953079,SP/RJ
-23.0,-42.0,12.626765332766798,27.275651357718733,58.28720033168793,0.4679526757590771,10.999434882852231,8.716720768209786,1.2618776229436637,SP/RJ
-23.0,-41.8,11.871708095769351,25.076917410592465,59.77248474955559,0.41953948402285407,10.20038541880433,8.303713409072605,1.2284125085120867,SP/RJ
-23.0,-41.6,11.297179128898039,23.799252655280455,60.81216633319855,0.391356764448761,9.697271482389262,8.061598506992858,1.2028968540144456,SP/RJ
-22.8,-41.8,13.094496879215423,28.641509923572706,63.171329349279404,0.4533941301949097,11.397178734020196,9.082477868111734,1.2548534551386352,SP/RJ
-22.8,-41.6,12.334353295330784,26.85811093187786,63.56983631849289,0.42249772041751593,10.800591545414298,8.734995042927117,1.2364736891476236,SP/RJ
-22.6,-41.8,13.690451018347389,30.460336200728033,66.32920354604721,0.4592296390168742,11.91270091479271,9.498737437370206,1.2541351935811405,SP/RJ
-22.6,-41.6,13.230808635126307,29.033298869501202,66.0997822880745,0.4392344099254211,11.544160217033884,9.275437662676778,1.2445946635473781,SP/RJ
-22.6,-41.4,12.757523027710377,27.87180855637017,65.80458581447601,0.423554197802409,11.178743961303695,8.925405860151491,1.2524633766193751,SP/RJ
-22.4,-41.6,14.236722942220725,31.509620602952964,68.25691312551498,0.461632663419911,12.369744958408226,9.917590649921973,1.2472530269744038,SP/RJ
-22.4,-41.4,13.94423082421288,30.447077005605472,68.0724062025547,0.4472748754467095,12.154567818151564,9.75906967813955,1.2454637807718456,SP/RJ
-22.4,-41.2,13.207562292063828,28.992574358428076,67.49077066779137,0.4295783567376599,11.54468786149407,9.217389087010199,1.252490022121738,SP/RJ
-22.4,-41.0,11.258700677127791,25.116545745105682,66.98456853628159,0.37496017805207676,9.951736725368033,7.99680937809244,1.244463417201264,SP/RJ
-22.4,-40.8,9.618513453093716,20.87742643365019,66.26393422484398,0.3150646981329208,8.287508820959063,6.854071259639739,1.209136658639681,SP/RJ
-22.2,-41.4,15.557773892218545,33.607643667990615,69.55659836530685,0.4831697417329898,13.128804512973186,10.730778076174984,1.2234718134859597,SP/RJ
-22.2,-41.2,15.30744427138136,32.95769321614071,69.56672966480255,0.4737565410210124,12.972600953322196,10.577620163344076,1.2264196249244932,SP/RJ
-22.2,-41.0,13.55398427314454,29.824480522343343,69.37777027487755,0.42988525581288556,11.733193360920085,9.490588193954611,1.2362978059035357,SP/RJ
-22.2,-40.8,11.699608411584173,25.73435255507015,69.06158700585365,0.37262903548522436,10.195487812909782,8.251045014326063,1.2356601854925813,SP/RJ
-22.2,-40.6,10.443538392283251,21.84724309513737,68.29065158963203,0.3199155753619174,8.996256338802457,7.314458964267215,1.229927788610368,SP/RJ
-22.0,-40.8,13.654826014347346,29.888703136749527,72.65473455190659,0.4113799784843505,11.578814715107914,9.427630738998074,1.2281786416613998,SP/RJ
-22.0,-40.6,12.26091391124845,26.486790302182435,71.4494951069355,0.37070647262854345,10.401198536102369,8.482182541297847,1.2262408272235668,SP/RJ
-21.8,-40.8,13.528545542320314,30.16393212850954,76.44850611686707,0.3945653572667312,11.209707714683105,9.260663358084683,1.2104648750563727,SP/RJ
-21.8,-40.6,12.164737613514975,26.934297294930467,74.52559918165207,0.3614100066378479,10.193627919218814,8.300571744738239,1.2280633470436046,SP/RJ
-21.6,-40.8,13.309997088307856,29.38601917683552,79.51295077800751,0.3695752564746145,10.821128110765683,9.00735300303704,1.2013660513934656,SP/RJ
-21.6,-40.6,11.386483991919654,25.576741839228745,76.5596404671669,0.3340760442859903,9.541869191972584,7.725959244312448,1.2350400630183156,SP/RJ
-21.4,-40.8,13.812471637823895,30.263453433611687,80.89002817869186,0.37413083064772273,10.910613215126556,9.238859426723081,1.1809480706642193,SP/RJ
-21.4,-40.6,11.70426152777746,26.082603798628547,77.8017446398735,0.33524445909740147,9.615529497608602,7.866925039148118,1.222272927447372,SP/RJ
-21.2,-40.8,15.033968934033254,32.206730553124274,81.59404844045639,0.39471911455193054,11.825955547898447,9.951860600456211,1.1883160368380083,SP/RJ
-21.2,-40.6,12.352150546973997,27.21933333820704,78.5382941365242,0.34657403292833555,10.115574384213039,8.246313837305602,1.2266783175836777,SP/RJ
-21.2,-40.4,9.139022028420078,20.083048558209033,75.55162906646729,0.26581886858509396,8.216294115637133,6.273127777537073,1.309760363093222,SP/RJ
-21.0,-40.8,15.655234730727955,33.725955462940014,80.99158853292465,0.41641306305814413,12.388466177679394,10.221881014384685,1.2119556234557802,SP/RJ
-21.0,-40.6,12.713429153996017,28.17931515081454,79.26457524299622,0.35550957113473525,10.548169408532985,8.468102075539436,1.2456355998591389,SP/RJ
-21.0,-40.4,9.766560182680676,21.332698807825633,76.6986295580864,0.27813663595735666,8.671437098963123,6.638655796987368,1.3062037502981,SP/RJ
-21.0,-40.2,7.799331894641667,15.83182643962457,74.00589138269424,0.21392656913969324,7.730008593783473,5.3313244822454005,1.4499227386226952,SP/RJ
-21.0,-29.4,6.610060103523846,12.331714280235866,65.07435515522957,0.18950190517938392,7.2013929730700115,4.217891344369504,1.7073443541126792,SP/RJ
-21.0,-29.2,6.613397271499332,12.256144673690489,64.52091410756111,0.18995615364746063,7.226488829285568,4.211429558936901,1.7159229967293492,SP/RJ
-20.8,-40.4,11.137245794085961,23.93287827566096,77.70366370677948,0.3080019285316256,9.534553235508456,7.387623515557095,1.290611685263913,SP/RJ
-20.8,-40.2,8.624171997922872,18.45930710019489,75.69824755191803,0.2438538235318391,8.271882300104869,5.889532965065487,1.4045056457227745,SP/RJ
-20.8,-40.0,7.3504855810054,14.141955512607868,74.33132380247116,0.19025566597184315,7.561290642105647,4.952814420460201,1.526665447199024,SP/RJ
-20.8,-29.6,6.744314304192997,11.878232231934973,66.79073348641396,0.17784251814439422,7.288917899390282,4.223109870404509,1.7259598075984026,SP/RJ
-20.8,-29.4,6.702955422242546,12.114814576943767,66.12729206681252,0.18320445610722144,7.260737538197951,4.2045029124590165,1.7268955901261314,SP/RJ
-20.8,-29.2,6.596954923216158,12.044221263471883,65.43762683868408,0.18405651068555906,7.275192644406661,4.192112397269671,1.7354478971377305,SP/RJ
-20.8,-29.0,6.5827871646429506,11.828786977722782,65.03444015979767,0.18188496662165446,7.291260389611337,4.181794744793683,1.7435720389406788,SP/RJ
-20.8,-28.8,6.475824930128013,11.806473650392443,64.65429589152336,0.1826092680709304,7.263869141981235,4.180644971519394,1.7374996421524138,SP/RJ
-20.8,-28.6,6.472103502924373,11.791874613935866,64.29813876748085,0.1833937162097089,7.248648814821049,4.194929119290948,1.7279550163284425,SP/RJ
-20.6,-40.4,13.013592731072555,27.87250406654082,77.55755484104156,0.35937832392559355,10.951311825555749,8.463912438430745,1.2938829300538206,SP/RJ
-20.6,-40.2,9.865977333892562,21.152170645106956,77.17881798744202,0.2740670458123456,8.774205339978593,6.601040828293722,1.3292154325678673,SP/RJ
-20.6,-40.0,7.8043181819602205,15.625114671675775,76.06400847434998,0.20542060542266607,7.859230870010844,5.2742082368331955,1.4901252504830524,SP/RJ
-20.6,-29.8,6.754591154758441,11.784231948558785,68.56191456317902,0.17187722985331383,7.467293911358008,4.207505255373052,1.7747556944396337,SP/RJ
-20.6,-29.6,6.762722197833234,11.668234769168059,68.00524070858955,0.17157846435935453,7.360300852633525,4.173149059452289,1.7637282416170246,SP/RJ
-20.6,-29.4,6.681821657176104,11.784362388606148,67.35916584730148,0.1749481639265022,7.222022513389536,4.160946542046586,1.7356681804033325,SP/RJ
-20.6,-29.2,6.5228636851871915,11.738020717200126,67.06581562757492,0.17502241055835152,7.221813518791345,4.152113138438932,1.7393103891929416,SP/RJ
-20.6,-29.0,6.558563886816884,11.7039825307683,66.28115996718407,0.176580834381338,7.286235290826914,4.1365829274766925,1.7614140508169394,SP/RJ
-20.6,-28.8,6.43997829723639,11.575062270644127,65.64262881875038,0.17633453258864287,7.2621929346454035,4.124274190561216,1.7608414472698264,SP/RJ
-20.6,-28.6,6.455592637283425,11.478071515781496,65.46767726540565,0.1753242515271994,7.232144891540574,4.118847632186576,1.7558660910457713,SP/RJ
-20.4,-40.2,11.050869108134192,23.72057920783128,77.96582281589508,0.3042432998346463,9.631423313402356,7.288026308544839,1.321540689570509,SP/RJ
-20.4,-40.0,8.349033781938278,17.36127079432457,77.06778645515442,0.22527273187516625,8.182878359373372,5.705951381232508,1.4340953528429536,SP/RJ
-20.4,-39.8,6.982967701895026,13.76177474592426,75.86913406848907,0.18138831970193758,7.174760343063574,4.760717330980517,1.5070754771289603,SP/RJ
-20.4,-29.6,6.691508513875233,11.783189279027201,69.31486874818802,0.16999511781280302,7.470855393023193,4.098455702593892,1.822846441476707,SP/RJ
-20.4,-29.4,6.610865090232442,11.683347437720837,69.1443532705307,0.1689703769736505,7.3212977919975195,4.084317298599442,1.7925389377823497,SP/RJ
-20.4,-29.2,6.491474603909109,11.543912982243153,68.8272014260292,0.16772312026444613,7.2746409716994975,4.0810122445937385,1.7825579870132644,SP/RJ
-20.4,-29.0,6.439622103337142,11.499347387913552,68.57322454452515,0.16769442394307904,7.278457396217597,4.0696689179746155,1.7884642566550413,SP/RJ
-20.4,-28.8,6.360700448853965,11.308564683301439,67.71171241998672,0.1670104665668365,7.238484687149057,4.045901465788786,1.7890907003929837,SP/RJ
-20.4,-28.6,6.292359068968739,11.109486117938003,66.76318421959877,0.16640138195620605,7.1879328476473905,4.025001622791716,1.7858211054985578,SP/RJ
-20.2,-40.0,9.143476199039116,19.44016523254741,77.97029167413712,0.24932785058434953,8.44564368165726,6.201869776501639,1.36178990949747,SP/RJ
-20.2,-39.8,7.39055973065007,14.873064873338809,76.59559398889542,0.19417650675174683,7.368384474869735,5.0543277412066985,1.4578366999822938,SP/RJ
-20.2,-29.6,6.591680406390418,11.592936872302282,70.42173892259598,0.1646215650119724,7.575794481814935,4.045482335302822,1.8726554348550515,SP/RJ
-20.2,-29.4,6.486915256736895,11.474542703388327,70.10103911161423,0.16368577197719802,7.463211053492327,4.014385028341061,1.8591169010453612,SP/RJ
-20.2,-29.2,6.45228640630929,11.45944587782112,69.67599838972092,0.16446762361013684,7.365158885145828,4.007504763688306,1.8378415795985994,SP/RJ
-20.2,-29.0,6.32154332722836,11.362466386215008,69.13926601409912,0.16434172708599387,7.285865646197062,3.9978579783439288,1.82244233928869,SP/RJ
-20.2,-28.8,6.207412853126143,11.065563454513159,68.47207099199295,0.16160696316323123,7.222212592314333,3.9721536537681867,1.8182107798027844,SP/RJ
-20.2,-28.6,6.225298826295217,10.861376945573168,67.70424693822861,0.16042386462820823,7.162994677648382,3.9458513241652393,1.8153230036267882,SP/RJ
-20.0,-40.0,10.229067996902765,21.9176565565303,78.72499823570251,0.27840783801491964,8.945896377875824,6.84205467761023,1.3074868295265387,ES/BA-S
-20.0,-39.8,8.263197792559717,16.835238648444257,77.43984162807465,0.21739763788903327,7.847586620337836,5.635057896429305,1.3926363782900113,ES/BA-S
-20.0,-39.6,7.037473900097909,14.169530315178932,76.90595537424088,0.18424490335276325,7.083853559220846,4.845749584596313,1.461869507607043,ES/BA-S
-19.8,-40.0,11.699567828655058,25.11331531810741,79.29766476154327,0.31669678285767794,10.098240747596137,7.627726573568968,1.3238860426103645,ES/BA-S
-19.8,-39.8,10.013908862490828,21.20901560725702,78.91110926866531,0.26877097285564167,8.797521462774968,6.683922095687106,1.3162214246111115,ES/BA-S
-19.8,-39.6,8.111294824601531,16.623314816476213,77.6425912976265,0.2141004639161803,7.90438950759634,5.546678264386714,1.4250672440021748,ES/BA-S
-19.8,-39.4,7.196876144051023,14.500391161083643,77.53731608390808,0.187011775664144,7.347612008157031,4.914387956076844,1.4951225002640267,ES/BA-S
-19.6,-39.6,9.630798334772761,20.268762762243902,83.06407481431961,0.24401358598831613,8.680564352357289,6.422795874603025,1.3515242461124937,ES/BA-S
-19.6,-39.4,8.161680999480955,16.766555431567877,81.47630393505096,0.20578443819608433,8.060618653597635,5.536996548290706,1.455774549125551,ES/BA-S
-19.4,-39.6,10.498105018965035,22.548714965215925,94.51314508914948,0.23857755388360913,9.279605746896271,6.984595525041214,1.3285816929021836,ES/BA-S
-19.4,-39.4,9.058493226265888,19.135634570813153,92.77533441781998,0.20625778059321814,8.537421287499757,6.094432573723454,1.4008558113038136,ES/BA-S
-19.2,-39.6,10.631789957651709,23.11246541655975,113.65723758935928,0.20335234171416783,9.41893454804354,7.0530064456599675,1.3354495874364944,ES/BA-S
-19.2,-39.4,9.389627650399959,20.143272355218674,108.59604179859161,0.18548808981986223,8.725824810193066,6.302249095017598,1.3845572713226277,ES/BA-S
-19.0,-39.6,10.79383496166488,23.412207044375126,127.85093933343887,0.18312111875310846,9.479942604466835,7.14516100858425,1.3267640285610864,ES/BA-S
-19.0,-39.4,9.595982469949039,20.827478744420304,123.14125448465347,0.16913485924423433,8.797454787509176,6.433277619719317,1.367491861464702,ES/BA-S
-18.8,-39.6,11.011572271793774,23.90611150881617,140.24076461791992,0.17046478300333978,9.75409232946272,7.301476628421424,1.335906807055212,ES/BA-S
-18.8,-39.4,9.786534933679958,21.420979945295684,135.40718853473663,0.15819677062270932,8.929550833288028,6.567628925894647,1.3596308399947608,ES/BA-S
-18.6,-39.6,11.423957639572507,24.835648947594024,150.82025229930878,0.1646705171816494,10.331244690183144,7.536175475973467,1.3708869602520277,ES/BA-S
-18.6,-39.4,10.182865543423434,22.24257390028071,145.29815912246704,0.153082282904446,9.136242608888477,6.810786120812949,1.3414373094126697,ES/BA-S
-18.4,-39.6,12.04925355260317,26.39853069131316,159.2266008257866,0.1657922140798345,11.196945156227782,7.931459781376578,1.411713034531009,ES/BA-S
-18.4,-39.4,10.906814401671832,23.93805462651007,153.79762798547745,0.1556464487785888,9.943192550338814,7.231435020281879,1.3749957681222769,ES/BA-S
-18.2,-39.4,11.937551835402665,26.169244387969155,160.47020554542542,0.16307852475805076,11.260733484633938,7.8736722279984335,1.4301755468803063,ES/BA-S
-18.2,-39.2,11.087643624777973,24.156626225943736,152.95029878616333,0.15793775113650885,10.21741959623101,7.3680334189643775,1.3867227542606795,ES/BA-S
-18.2,-39.0,10.805642485606553,23.09433841704116,144.98230665922165,0.15929073656776613,9.67609485679017,7.133704546055266,1.3563913103382974,ES/BA-S
-18.0,-39.4,13.31139886999032,29.018802649020124,164.11474645137787,0.17682020218467998,12.764062139899258,8.669038829984586,1.4723733957391851,ES/BA-S
-18.0,-39.2,12.452703388592004,27.36046508159279,156.06091618537903,0.17531913659338189,11.842029581400215,8.15267333604592,1.4525333094167179,ES/BA-S
-18.0,-39.0,11.826664935746493,25.672300588288554,147.26904928684235,0.1743224439392251,11.196339354858535,7.69534408522058,1.454949802226758,ES/BA-S
-18.0,-38.8,11.016926111414591,23.72109979553475,139.00336474180222,0.17065126329565136,10.23944326880913,7.193174643633296,1.423494322895677,ES/BA-S
-17.8,-39.0,11.79836167277648,25.288261308091403,145.11630535125732,0.17426202553104278,11.492969625457567,7.620745568950388,1.5081161707174675,ES/BA-S
-17.8,-38.8,10.4176237757178,22.10135807347018,136.4041954278946,0.16202843324678606,9.920163199312201,6.723954358777756,1.47534659963329,ES/BA-S
-17.6,-39.0,10.772558185029688,23.130358549523997,137.40501403808594,0.1683370778821268,10.481102145416354,6.934319197882226,1.5114825040960522,ES/BA-S
-17.6,-38.8,9.325290271714842,19.635310480073592,129.02526557445526,0.15218190323152522,8.976114948183476,6.01806491762683,1.4915284349779205,ES/BA-S
-17.4,-39.0,10.178625407262235,21.742210927052856,129.59660291671753,0.16776837075756545,10.086792389791107,6.524722506240288,1.5459343106383499,ES/BA-S
-17.4,-38.8,8.876124160707501,18.34536494535258,121.67902439832687,0.15076850785142254,8.666527890200568,5.683650197837861,1.5248172544991307,ES/BA-S
-17.2,-39.0,9.887083940713918,20.901088767259626,123.17758053541183,0.16968257272475695,10.13585964842508,6.30964885291865,1.6064062968791906,ES/BA-S
-17.2,-38.8,8.181037451986295,16.534936930898642,114.4194096326828,0.14451164347010925,8.029633298840604,5.271473615827881,1.523223653198453,ES/BA-S
-17.0,-39.0,10.043225066728152,20.633149521417177,117.85868704319,0.17506685369620686,10.335866794887908,6.294862980635937,1.641952624970993,ES/BA-S
-17.0,-38.8,7.807652599631129,15.738969213782115,109.13389176130295,0.1442170618107004,7.605503256287221,5.0788191773759035,1.4974943959743001,ES/BA-S
-16.8,-39.0,9.680976799958824,19.92250209235536,113.52690011262894,0.175487061415316,9.970451869135715,6.074044171040349,1.6414849132432303,ES/BA-S
-16.8,-38.8,7.845261581993149,15.927660592651401,108.55470597743988,0.14672473615249373,7.745914683230276,5.083475215162942,1.5237439655702139,ES/BA-S
-16.6,-39.0,9.84571070855303,20.39876694863481,112.70425468683243,0.1809937611079208,10.307516912963399,6.179789491948999,1.667939810311012,ES/BA-S
-16.6,-38.8,8.177481534309234,16.360629441566292,110.03280133008957,0.14868865687137892,8.29177424990967,5.244894288971054,1.580923044978349,ES/BA-S
-16.4,-38.8,8.787160706076225,17.634841393980555,111.02856695652008,0.1588315681034282,9.102104238243722,5.562392650247794,1.636364926132685,ES/BA-S
-16.4,-38.6,7.828889004505993,15.337620727337711,107.39309042692184,0.14281757482130153,7.905068712047495,5.048383022247083,1.5658615198592587,ES/BA-S
-16.2,-38.8,9.427719500972948,19.09382667870731,112.27103173732758,0.17006904081348212,9.921181617347044,5.907968574775279,1.6792881498568932,ES/BA-S
-16.2,-38.6,8.28749388953648,16.386810128893455,109.57459360361099,0.14954935802156086,8.610949860292461,5.257503185140636,1.6378401604453086,ES/BA-S
-16.0,-38.8,9.652551175850451,19.39155423809866,112.05286532640457,0.17305719208171966,10.35216135261663,5.9919210303274095,1.727686546638444,ES/BA-S
-16.0,-38.6,7.904261974668067,15.663097767209564,109.70881283283234,0.1427697316447681,8.398814534991237,5.039713933683665,1.6665260460234717,ES/BA-S
-15.8,-38.8,8.683776457768596,17.372832854252948,108.79675149917603,0.15968154025614012,9.53593380204825,5.396985545778694,1.7669000076360912,ES/BA-S
-15.8,-38.6,7.052339587030226,13.540887508210941,106.98062479496002,0.1265732700118692,7.237670653938505,4.542937565107733,1.593169738789238,ES/BA-S
-15.8,-38.4,6.418452882402264,11.79967906438621,106.81341737508774,0.1104700079293434,6.143509624784518,4.212888255542396,1.458265506259805,ES/BA-S
-15.6,-38.8,8.03202435101655,15.934005108729862,108.35114568471909,0.1470589443981953,8.826410010926129,5.057892279549775,1.7450767084568684,ES/BA-S
-15.6,-38.6,6.749888509573762,12.656070798697291,106.95198625326157,0.11833413517658103,6.5074884055526665,4.392734013858956,1.4814209977252706,ES/BA-S
-15.4,-38.8,7.643209691130454,14.93244587906532,108.07212591171265,0.1381711126073719,8.245685063372548,4.842502320615047,1.702773590478169,ES/BA-S
-15.4,-38.6,6.580211573776385,11.94831519716658,107.16378390789032,0.11149583153424693,6.155152032946812,4.295567161644111,1.4329078795245638,ES/BA-S
-15.2,-38.8,7.219445038959918,13.835882116482177,107.61532336473465,0.12856795560227968,7.448889569333733,4.621329424668918,1.611849942912777,ES/BA-S
-15.2,-38.6,6.363156539312509,11.311937075964117,107.42452442646027,0.10530125347408863,5.903698764847565,4.225969930128473,1.3970044421655616,ES/BA-S
-15.0,-38.8,6.916175140557051,12.984360469994305,107.67795592546463,0.12058513145422413,6.765476850385143,4.462790919995076,1.5159744141436517,BA-N
-15.0,-38.6,6.216467055286951,11.059734376873559,107.74911344051361,0.10264339096376365,5.788473591323099,4.2023900153512805,1.3774241729534558,BA-N
-14.8,-38.8,6.763811095810973,12.461043223000578,108.03509503602982,0.11534254881568631,6.275154546379741,4.364965048349002,1.4376185093975142,BA-N
-14.8,-38.6,6.188448669751592,11.115918400128773,108.10364186763763,0.10282649324376261,5.774460957258235,4.191038169842337,1.3778115882622621,BA-N
-14.6,-38.8,6.668301809207936,12.38329063691331,108.40989202260971,0.11422657476986216,6.1427307460842515,4.322680454258222,1.4210466887583881,BA-N
-14.6,-38.6,6.154706697636881,11.280658703023228,108.49040895700455,0.10397839598423696,5.794753951060044,4.194458374028613,1.3815261553053415,BA-N
-14.4,-38.8,6.688746202143364,12.508588898333233,108.79727154970169,0.11497153118053106,6.140615376599262,4.327813577551944,1.4188724321329806,BA-N
-14.4,-38.6,6.188772898978695,11.367785674399828,108.89379233121872,0.10439333070357952,5.818305018972894,4.197088471678918,1.3862717115051564,BA-N
-14.2,-38.8,6.876979269551548,12.985112824010159,109.17633324861526,0.11893706664832376,6.4573226171012745,4.404377951148681,1.466114554364522,BA-N
-14.2,-38.6,6.205858401858364,11.520991615855234,109.29239392280579,0.10541439529627848,5.837303186712672,4.191535900763171,1.392640627424866,BA-N
-14.0,-38.8,6.9797532480850775,13.565554253448544,109.55829322338104,0.12382042339587573,6.949928579228362,4.496007237449749,1.545800131578645,BA-N
-14.0,-38.6,6.1573404311209,11.78483583917907,109.67603027820587,0.10745133471083405,5.863180882609434,4.186809150002704,1.4003936345189385,BA-N
-13.8,-38.8,7.221900073695975,14.217301217723682,110.22074520587921,0.12898934035664028,7.530779179809008,4.5992793142287836,1.6373824387031786,BA-N
-13.8,-38.6,6.204011386671001,12.010445421972202,110.03170013427734,0.10915441102259837,5.910210375702684,4.191706189405267,1.4099772523754208,BA-N
-13.6,-38.8,7.344050407780567,14.542396664990331,110.41911989450455,0.1317017983740884,7.679332410482786,4.638812906905344,1.6554520659911331,BA-N
-13.6,-38.6,6.322979851327062,12.208035989365692,110.33234298229218,0.11064784504145829,6.031918918981424,4.2280324725239105,1.4266491466610447,BA-N
-13.4,-38.8,7.633484525026987,15.037549776377372,110.77204644680023,0.1357522069757857,8.287998126720488,4.743730516396226,1.7471477559852653,BA-N
-13.4,-38.6,6.700729672469949,12.97894794181809,110.57126224040985,0.11738084271479671,6.392451015153925,4.364621848238002,1.4646059240469036,BA-N
-13.4,-38.4,6.090169080911631,11.724562534509644,110.64114272594452,0.10596928272470131,5.793905058688101,4.165408343768352,1.3909572797000942,BA-N
-13.2,-38.6,7.633314231100161,15.024679878416134,110.98936051130295,0.13537045180908172,8.358760728035097,4.752260685690954,1.7589019796837546,BA-N
-13.2,-38.4,6.683377952142683,12.924402088685948,110.80992817878723,0.11663577714654738,6.453836935216198,4.363085757704295,1.4791909427450685,BA-N
-13.2,-38.2,6.045617597952011,11.651746052160386,110.77812016010284,0.10518093316009172,5.687529860406782,4.158345872979877,1.3677385273224252,BA-N
-13.2,-38.0,6.098983057042942,11.091565020582058,110.7630506157875,0.10013777120545589,5.623494225406092,4.180354775786,1.3452193718052912,BA-N
-13.0,-38.4,8.075662807383052,15.965278462328406,110.7685461640358,0.14413187692005652,9.041241623610704,4.9357660046212075,1.8317808451911346,BA-N
-13.0,-38.2,6.8343676909301205,13.360392151722655,110.76625734567642,0.12061788916481934,6.86407250832369,4.443850680244903,1.5446226712427267,BA-N
-13.0,-38.0,6.075242841222975,11.568573796728346,110.78680157661438,0.10442194947498437,5.628952618746908,4.149323776687872,1.3565951759108381,BA-N
-13.0,-37.8,6.087937792192097,10.918860038171404,110.79351603984833,0.09855143539486819,5.467185730436372,4.143538803507788,1.319448420709377,BA-N
-12.8,-38.0,6.748563860952828,13.205787037908994,110.88735163211823,0.11909191484454187,6.749208676285762,4.409351033398165,1.5306580549302133,BA-N
-12.8,-37.8,6.012679648285118,11.334097099189943,110.84098815917969,0.10225546783210693,5.5296586196932065,4.111477776317848,1.3449321437523254,BA-N
-12.6,-37.8,6.513698088210873,12.694515811485086,110.91747432947159,0.11445009804115291,6.188797269025326,4.303775098041706,1.437992722212956,BA-N
-12.6,-37.6,6.016912505229683,11.057984754642197,110.9619066119194,0.09965568448023009,5.393008133145916,4.0772779439395155,1.3226981842535674,BA-N
-12.4,-37.8,7.185179241762551,14.271776445970918,112.65585869550705,0.12668472471143755,7.784889082179819,4.575637618226297,1.7013779787039949,BA-N
-12.4,-37.6,6.3148191549971315,12.080225763578662,111.06182485818863,0.10877027978788863,5.881391499383945,4.2231098506945886,1.3926683669894624,BA-N
-12.4,-37.4,6.01492789299431,10.627087025951756,111.11455410718918,0.09564081961486427,5.285887869021949,4.062971972651636,1.3009904829769712,BA-N
-12.2,-37.6,6.914869957936312,13.589444213879606,111.56492382287979,0.121807497806875,7.305020200120483,4.46108817061676,1.6374973819695966,BA-N
-12.2,-37.4,6.116143284430597,11.36150497018346,111.27117574214935,0.10210645204748871,5.534143846271286,4.110766534510578,1.3462559354347214,BA-N
-12.0,-37.4,6.4526051713610695,12.473702593007186,111.43857687711716,0.11193343402762478,6.153168624856531,4.271242345461429,1.4406039571589315,BA-N
-12.0,-37.2,6.0328988566355495,10.74486429833934,111.47399693727493,0.09638897494978443,5.367410742114783,4.082667612170381,1.3146822744312077,BA-N
-11.8,-37.4,6.878787196012376,13.455257571073403,112.27196007966995,0.11984521835661674,7.294371765546312,4.426562846264428,1.647863595046894,BA-N
-11.8,-37.2,6.073450732666813,11.451299596268495,111.64154410362244,0.10257202807621266,5.591123324008238,4.129758357163935,1.3538621005050473,BA-N
-11.6,-37.4,7.268746260967449,14.18738031801242,128.17706763744354,0.11068579254865049,8.199103272983024,4.5762739497836336,1.7916548185168588,BA-N
-11.6,-37.2,6.541998369717689,12.643860800290197,111.77826821804047,0.1131155545872873,6.447056184551609,4.298809514779772,1.499730602713596,BA-N
-11.6,-37.0,5.954529332684885,11.142429637479193,111.79927289485931,0.09966459842684305,5.385069417783756,4.09066004236229,1.3164304444800465,BA-N
-11.4,-37.2,7.0305903103503296,13.639791503206158,113.48125338554382,0.12019422676683009,7.743128643715419,4.471768767768198,1.731558371158783,BA-N
-11.4,-37.0,6.31412813421266,12.035980317554634,111.9323581457138,0.10752905162496591,5.933635857904193,4.201996327150126,1.412099249008268,BA-N
-11.4,-36.8,5.889389375665921,10.904122988203294,111.97337210178375,0.09738139330386023,5.332972126569207,4.069198323309651,1.310570707753481,BA-N
-11.2,-37.0,6.930025570335046,13.292771093787797,112.75189518928528,0.11789399257078739,7.537221776594394,4.4210241240924635,1.7048587759383953,BA-N
-11.2,-36.8,6.234663676003505,11.698726605156933,112.18740195035934,0.10427843413588794,5.792189219323435,4.153282044427391,1.3946053163172545,BA-N
-11.0,-37.0,7.454656662819262,14.051539006111438,113.82079124450684,0.12345318331100238,8.587074290934144,4.605096896488526,1.8646891659287237,BA-N
-11.0,-36.8,6.964419053917381,13.194032119636972,112.57990151643753,0.11719704798027863,7.407389617385923,4.415457305641499,1.6776041765643892,BA-N
-11.0,-36.6,6.293517344833005,11.81376242005882,112.38381862640381,0.10511978116112224,5.818855034461265,4.16740452736388,1.3962779462021704,BA-N
-10.8,-36.8,7.730744875319065,14.454098380453631,113.91078531742096,0.12688963859020197,8.873348579543997,4.708195741992902,1.884660083352451,BA-N
-10.8,-36.6,7.286027254323329,13.582905234555565,114.02791440486908,0.11911912364132098,7.953532965345378,4.545863712464536,1.7496197573053454,BA-N
-10.8,-36.4,6.461019420190084,12.09071984247706,112.59951591491699,0.1073780801296971,5.903310736149347,4.240274885668075,1.392200009509349,BA-N
-10.8,-36.2,5.945689153777095,10.990960192786167,112.59705424308777,0.0976132125895371,5.22016659351203,4.061715311254913,1.2852123286551072,BA-N
-10.6,-36.6,8.055145309255613,15.264874384687428,116.04654490947723,0.13154096398643217,9.271579116348244,4.849588026879161,1.9118281934382688,BA-N
-10.6,-36.4,7.488348640233839,14.491587437421643,113.26364576816559,0.12794562049577532,8.309891158211279,4.669544052842432,1.7795936956956016,BA-N
-10.6,-36.2,6.6450581382312635,12.452048165658924,112.82618343830109,0.11036487973085005,6.2801475903021045,4.29886874915616,1.4608837712328056,BA-N
-10.6,-36.0,5.946711040708738,11.048923410150714,112.72146105766296,0.09801969657311846,4.98207171325265,4.06925993653605,1.2243188665636409,BA-N
-10.4,-36.2,7.1656147014211555,13.542027689130201,115.28602838516235,0.11746460415729873,7.561281158283467,4.507587437722705,1.6774563472702217,BA-N
-10.4,-36.0,6.590130681997708,12.254367465979033,113.12777101993561,0.10832324685173496,6.114240502070883,4.267330146863692,1.4328023123696187,BA-N
-10.4,-35.8,5.916386387149972,10.816053709785619,113.05308043956757,0.09567234849091381,4.9123828624636685,4.06122947502644,1.209580225070066,BA-N
-10.2,-36.0,7.239415740769981,13.652212476533517,114.91575241088867,0.11880192393223127,7.4497555446646935,4.526660083567854,1.6457510409734355,BA-N
-10.2,-35.8,6.417228822912172,12.011018996442738,113.19066286087036,0.10611316068716925,5.547062025450197,4.224127650618586,1.3131852264544799,BA-N
-10.2,-35.6,5.8568066398189815,10.523677949099369,113.09027969837189,0.09305554798491558,4.726238967876367,4.034938675070935,1.1713285748495992,BA-N
-10.0,-35.8,6.917260032374956,13.343374829967097,114.04868364334106,0.11699718404199376,6.737517664304679,4.434861072082009,1.519217300113001,NE
-10.0,-35.6,6.246645592569092,11.657494806169247,113.12710344791412,0.10304776177299174,5.0938386260071775,4.1607889591734555,1.224248255796918,NE
-10.0,-35.4,5.79974702483147,10.246130024251634,113.15820515155792,0.09054694717478531,4.469129804170477,4.011611728441555,1.1140484440418814,NE
-9.8,-35.8,7.258252312005739,14.180296827615438,116.38075709342957,0.12184399879983257,7.462756641702706,4.584379245668715,1.627866335175795,NE
-9.8,-35.6,6.722803421087967,12.981751270361633,114.88498449325562,0.11299780669878345,6.375474503333159,4.368530434159255,1.4594094282784023,NE
-9.8,-35.4,6.1668708854831165,11.303327553860024,113.64150941371918,0.09946477842624861,4.806009821169469,4.129752466478891,1.163752515478771,NE
-9.6,-35.6,7.153741236255942,13.721866007374093,122.02954292297363,0.11244708190077776,7.237082907998574,4.539942861797657,1.5940911875558152,NE
-9.6,-35.4,6.602949201170569,12.534115850035295,116.63415729999542,0.10746522408350943,6.032589677207548,4.315576594296162,1.397864119751863,NE
-9.6,-35.2,5.9730633946597225,10.792365953558642,114.16162252426147,0.09453584939426612,4.365169892675386,4.064751283410263,1.073908238984078,NE
-9.4,-35.4,6.989197121749361,13.220096217284635,120.15475630760193,0.11002557554559518,6.853524803493152,4.458376191200502,1.5372244309531249,NE
-9.4,-35.2,6.2738370235879914,11.627448671670711,117.26915836334229,0.09915180456607925,5.197687955590852,4.188557733068212,1.2409254657171525,NE
-9.4,-35.0,5.726416561810358,10.026107106415601,114.43465054035187,0.08761425895979123,3.7982306910279706,3.976506869244028,0.9551676423358099,NE
-9.2,-35.2,6.633320627265044,12.336770710997646,119.97250616550446,0.10282998251265024,6.0495935185858,4.31144808784577,1.4031465519995392,NE
-9.2,-35.0,6.006676790418145,10.788805243672842,116.27677083015442,0.09278555954595659,4.19529594054816,4.067274381593702,1.0314760075036529,NE
-9.2,-34.8,5.573397341694989,9.573801282372626,115.01769423484802,0.08323763874821236,3.443252706054614,3.934797724111652,0.875077436625281,NE
-9.0,-35.0,6.200315516825658,11.500769716139727,117.6371693611145,0.09776476073506542,5.018959158958877,4.165544572209004,1.2048746741166914,NE
-9.0,-34.8,5.685934643782314,9.99800149682873,115.5164361000061,0.08655046705365074,3.56355283553115,3.963792323058521,0.8990261207180148,NE
-8.8,-35.0,6.467185242956608,11.89337752658698,119.35475170612335,0.0996472897524096,5.5927947288393485,4.244728419113361,1.3175859976473057,NE
-8.8,-34.8,5.82559805619641,10.371064181207847,115.9963607788086,0.08940853067782227,3.7527053105538695,4.012998184579004,0.9351375550017994,NE
-8.6,-34.8,5.930902567800819,10.73978116839819,117.10101664066315,0.0917138166387944,4.188443947992432,4.068653161273663,1.029442368757053,NE
-8.6,-34.6,5.560573804540963,9.574900436563807,115.84503054618835,0.08265266443817128,2.8766700972286148,3.917040313466795,0.7343988999394812,NE
-8.4,-34.8,6.058989295380984,11.02882982196178,118.01277101039886,0.09345454502538508,4.580965008191806,4.107025734932033,1.115397200759838,NE
-8.4,-34.6,5.576749636110831,9.667384816584157,116.08785688877106,0.08327645178123073,2.9894180320291035,3.9195245227042457,0.7626991525917479,NE
-8.2,-34.8,6.175175240368586,11.250541022152644,119.19753849506378,0.09438568249140944,4.936805391453339,4.15097928701681,1.1893110155703233,NE
-8.2,-34.6,5.653609077764591,9.88366023762329,116.29337072372437,0.08498902539426505,3.161775286252028,3.9346341482702147,0.8035754194940946,NE
-8.0,-34.8,6.136021908166486,11.125430520417758,120.0874388217926,0.09264441501602577,4.95671434897347,4.136854343783454,1.1981844022190529,NE
-8.0,-34.6,5.713715741102862,9.99363250440852,117.48306155204773,0.08506445416372732,3.4607415462227675,3.9610794185891964,0.8736864830282467,NE
-8.0,-34.4,5.501494109537869,9.286766588595166,116.00333750247955,0.08005602932240344,2.0854327392787115,3.881037003341772,0.5373390507441818,NE
-7.8,-34.8,6.0446291638985326,10.896960921444002,121.17779552936554,0.08992539329371851,4.851491680294787,4.104704317876263,1.1819345084531947,NE
-7.8,-34.6,5.727750710443891,10.084835223154451,118.59000027179718,0.08503950754735604,3.590750736032136,3.9701741887776483,0.9044315350651326,NE
-7.8,-34.4,5.49453702307654,9.284314361581325,116.10563397407532,0.07996437419784794,2.079781348441162,3.86322361828956,0.538353860386157,NE
-7.6,-34.8,5.875078388158695,10.5242527207774,123.97684454917908,0.08488885774635636,4.584932054455221,4.051782168735039,1.1315840446295835,NE
-7.6,-34.6,5.732762376695696,10.109169999986706,119.49880421161652,0.08459641137567124,3.6598303206417078,3.9753731415315214,0.9206256093061367,NE
-7.6,-34.4,5.494237949168113,9.2472224729413,115.97090661525726,0.07973743366187261,2.062090377984238,3.855388561508232,0.5348592872251366,NE
-7.4,-34.6,5.65047785586602,9.89195951766258,119.3029522895813,0.08291462472489411,3.374720251355284,3.9368883499900504,0.857204967817747,NE
-7.4,-34.4,5.460989239542879,9.258767905562317,115.97325503826141,0.079835371547584,1.9451264725286188,3.832488307789883,0.5075361791906765,NE
-7.2,-34.6,5.525221768270577,9.493725303064426,119.23038065433502,0.07962505236469905,2.8259250827746856,3.881297372526488,0.7280877530224336,NE
-7.2,-34.4,5.454130849030555,9.175260445263914,116.13836288452148,0.07900283952157174,1.2884323498672496,3.8618298244513154,0.33363260641613296,NE
-7.0,-34.8,5.4811286273748845,9.507388705328209,122.35355377197266,0.07770423017746504,3.2422829978641543,3.8783054667130092,0.8360050608937968,NE
-7.0,-34.6,5.497572067598042,9.417110029081034,117.78413355350494,0.07995228003102124,2.704207491207977,3.861527522266001,0.7002947604581901,NE
-7.0,-34.4,5.505433417600162,9.222336567681792,116.42674803733826,0.0792114932620481,1.9946001627276804,3.8281964936119026,0.5210286791851104,NE
-6.8,-34.8,5.523080201806407,9.541481288136817,120.17911970615387,0.07939383573008679,3.0134170682710626,3.8783640083513933,0.7769814957498019,NE
-6.8,-34.6,5.456837986249069,9.28933331801329,117.0038253068924,0.07939341550285262,2.405470293491263,3.811368795705782,0.6311302900421166,NE
-6.6,-34.8,5.565214693196421,9.601802646763927,118.58216226100922,0.08097172849344372,2.9373770328322917,3.8854747686061786,0.755989218245781,NE
-6.6,-34.6,5.43494572840266,9.105472113709965,117.07077026367188,0.07777750238767733,1.9502057813025997,3.792873693708973,0.5141763050368107,NE
-6.4,-34.8,5.586549461760742,9.623656154551725,117.7446186542511,0.08173329927553566,2.931608066130989,3.8876324266077775,0.7540857119275074,NE
-6.4,-34.6,5.497935524623415,9.31214587990524,117.2589361667633,0.07941523421858179,2.0532560491749923,3.8202422005577357,0.5374675063469084,NE
-6.2,-35.0,5.603618096211918,9.727768133977413,119.23760175704956,0.08158305761464452,3.201904618140325,3.9013944778866465,0.8207077331679544,NE
-6.2,-34.8,5.491533367907342,9.424232034956741,117.58836507797241,0.08014595686152766,2.473201782861792,3.8177217134765913,0.6478213889009689,NE
-6.2,-34.6,5.450368062567931,9.395595685553765,117.4312949180603,0.08000929983876702,2.122585331832938,3.791396052899239,0.5598426812228757,NE
-6.0,-35.0,5.6337736126650215,9.798939335035156,118.86158287525177,0.08243991959386399,3.1573597081549747,3.911867844296006,0.8071233062637331,NE
-6.0,-34.8,5.495189171988205,9.456382614332867,117.78376400470734,0.08028596041433125,2.511657654517416,3.8188447680621227,0.6577009035619846,NE
-5.8,-35.0,5.625808513380626,9.812946892000774,118.14038455486298,0.0830617483511217,2.944724128111942,3.9049997552204765,0.7540907330852528,NE
-5.8,-34.8,5.407062791591419,9.386092089420078,117.91399717330933,0.07960116961877269,2.20745183237748,3.784984885501753,0.583212852667667,NE
-5.6,-35.0,5.552369025444323,9.655278590416241,118.34021806716919,0.08158915665455309,2.5837112415552754,3.85092541427027,0.6709325586989784,NE
-5.6,-34.8,5.334577005837781,9.288739126656873,118.1775450706482,0.07859986532216365,1.9854225187535963,3.7889541990180313,0.5240027760874361,NE
-5.4,-35.2,5.349266294383473,9.191133383655014,125.72539448738098,0.0731048283533326,2.2816843507547366,3.78670678051471,0.6025511039026364,NE
-5.4,-35.0,5.447721339006217,9.303065992135782,118.67490410804749,0.078391181876716,2.1776051889367127,3.8195814870940135,0.5701161753701615,NE
-5.4,-34.8,5.299613573112075,9.266707636870919,118.29259097576141,0.07833717699842843,1.9602433516449858,3.794189856705945,0.516643453721854,NE
-5.2,-35.4,4.965328230438895,8.784124626694384,137.57970333099365,0.0638475328410998,1.5069789701499525,3.6403536472780202,0.41396499246076185,NE
-5.2,-35.2,5.1417329869710064,8.881698485418424,124.38335120677948,0.0714058465160113,1.3126685756328027,3.7046947015896095,0.3543257086932327,NE
-5.2,-35.0,5.343815384484135,9.067071674443088,119.0990537405014,0.07613050977045417,1.9301494979102634,3.7832858286910347,0.5101780794019649,NE
-5.0,-36.6,5.419777702426728,9.445040475463685,140.49152135849,0.06722854435722796,2.267363301859007,3.871900070411037,0.5855944783250323,N_equatorial
-5.0,-36.2,5.243317202922912,9.100583271381463,162.99958527088165,0.055831941266952394,2.2821152718500297,3.749802857039961,0.60859606727472,N_equatorial
-5.0,-35.6,4.981898466976798,8.868024448784498,131.4363718032837,0.06747009467103189,1.8733843658657212,3.6383025585385824,0.5149061508007773,N_equatorial
-5.0,-35.4,5.011051652458046,8.935260949161371,127.70361602306366,0.06996873876733167,1.6591873298010873,3.661274599493148,0.45317205380628334,N_equatorial
-5.0,-35.2,5.056677401766815,9.02193915914061,123.03484976291656,0.07332832263806183,1.636434545106538,3.7140465971998835,0.44060689662329194,N_equatorial
-5.0,-35.0,5.1423418896820925,9.842193462195672,119.74671483039856,0.08219176180436777,2.768572238151987,3.9200721232108453,0.7062554338628622,N_equatorial
-4.8,-37.2,5.546200585807395,9.549034667457171,207.58317112922668,0.04600100584026926,2.3527734139436625,4.003433432134221,0.5876889059922259,N_equatorial
-4.8,-37.0,5.496330640355176,9.356798431912486,141.63551926612854,0.06606251369991002,1.8439199346975077,3.9427148755583135,0.4676777278844941,N_equatorial
-4.8,-36.8,5.401959958414632,9.213022055964066,134.12612080574036,0.06868924561911109,1.6776758879320757,3.87693199704457,0.43273286433989233,N_equatorial
-4.8,-36.6,5.316002520114507,9.040431293040834,129.29977476596832,0.06991838392142563,1.4856896167949079,3.833003065559754,0.3876045991572785,N_equatorial
-4.8,-36.4,5.247074672602267,8.961932846926302,124.69657957553864,0.07186991718162844,1.393772821335601,3.783608220747009,0.3683713376276639,N_equatorial
-4.8,-36.2,5.162802884743237,8.869295487568396,123.71156513690948,0.07169334150572662,1.3387703154282753,3.741571028425502,0.3578096754698376,N_equatorial
-4.8,-36.0,5.137450977965813,8.705674990817508,123.23906123638153,0.0706405493800329,1.2906660331366282,3.6990153494503493,0.3489215132152434,N_equatorial
-4.8,-35.8,5.097011273785082,8.704361444397415,123.58004450798035,0.07043500816861512,1.3031068860386656,3.666851065305353,0.3553749151058446,N_equatorial
-4.8,-35.6,5.05992903293544,8.708572943820295,124.42652881145477,0.06998968007069067,1.3754022735753297,3.641715209335293,0.37767980045490046,N_equatorial
-4.8,-35.4,5.070104314080612,8.795869065514934,123.41966032981873,0.07126797336833873,1.4339165288088873,3.663396013669265,0.39141728698139666,N_equatorial
-4.6,-37.4,5.540389009682379,9.47607309457464,141.63043200969696,0.06690704081115734,2.052899444743328,3.9857783459954303,0.5150560985926139,N_equatorial
-4.6,-37.2,5.4673212211918205,9.357837263901162,137.42054402828217,0.0680963485486948,1.8923482131412177,3.9453087092520955,0.4796451564622801,N_equatorial
-4.6,-37.0,5.406991749294743,9.328253536709285,128.78970205783844,0.07243011970413629,1.5739022335423098,3.9175157137099395,0.4017602859981392,N_equatorial
-4.6,-36.8,5.366132843262483,9.261602926022332,124.7724711894989,0.07422793535888395,1.5637362747829786,3.878159258434768,0.4032161060384368,N_equatorial
-4.6,-36.6,5.294216068937979,9.032306047632895,124.41764771938324,0.07259666303935224,1.479264293960361,3.822160428841227,0.38702307804720615,N_equatorial
-4.6,-36.0,5.090151398775639,8.703541427252354,123.29292297363281,0.0705923845208348,1.3667834801233236,3.6769400431496013,0.3717176413223647,N_equatorial
-4.4,-37.6,5.4853735729529065,9.461772756226217,140.84472060203552,0.06717875342279228,2.3046732176634444,3.9504791337681664,0.5833908089688176,N_equatorial
-4.4,-37.4,5.467700255500193,9.381034386741025,135.60499846935272,0.06917911944714321,2.059649095863575,3.9304477930859747,0.5240240309225556,N_equatorial
-4.4,-37.2,5.441388117951062,9.381727623623515,127.65079438686371,0.07349525452376636,2.010978464682414,3.922330240644355,0.5126999363398971,N_equatorial
-4.4,-37.0,5.391782619807667,9.28252682909721,124.8895525932312,0.07432588744497037,1.9567755401035558,3.8864888711202155,0.5034815755279772,N_equatorial
-4.2,-37.8,5.447514959784313,9.272590943785472,140.1117980480194,0.06617994396594318,2.464788605322768,3.9015295744934217,0.6317493071016381,N_equatorial
-4.2,-37.6,5.4495949608270005,9.368302927631497,134.9173903465271,0.06943732682324778,2.5164750275064263,3.8954427989341482,0.6460048722047649,N_equatorial
-4.2,-37.4,5.434934303101429,9.341705664929268,128.59094142913818,0.07264668538162265,2.4634086235380797,3.8926313854505588,0.6328389152760604,N_equatorial
-4.2,-32.6,5.1827466047618636,9.739034251055502,115.78802168369293,0.08411089601012765,3.207889669228245,3.8593443570780748,0.8312006839568343,N_equatorial
-4.2,-32.4,5.142020133414343,9.758667436518738,115.38380086421967,0.08457571481808315,3.216913144523402,3.859109517440239,0.8335894925980728,N_equatorial
-4.2,-32.2,5.1491301752430605,9.806147525439876,115.03079533576965,0.08524801986125696,3.204714732974924,3.858642735926021,0.8305290104049595,N_equatorial
-4.0,-38.0,5.367301592270607,9.15159452859568,138.71396481990814,0.06597457249871823,2.776876581146248,3.8327849612501232,0.7245062296008712,N_equatorial
-4.0,-37.8,5.413140384913836,9.200392572642716,133.85716676712036,0.06873290982356746,2.7518075594616693,3.847731196306578,0.7151766636149424,N_equatorial
-4.0,-37.6,5.399033516684993,9.277320593635052,128.21020483970642,0.07236023532786594,2.7480799463823673,3.8483846262599375,0.7140866138042693,N_equatorial
-4.0,-32.8,5.195540271612645,9.64320697626733,116.38834178447723,0.08285371909606026,3.516370988155848,3.8089710485284236,0.9231813377826487,N_equatorial
-4.0,-32.6,5.180177694463352,9.636118298673226,115.98210036754608,0.08308280560652433,3.5389517242155693,3.807458841189388,0.9294786554042062,N_equatorial
-4.0,-32.4,5.152712759849207,9.67042726027644,115.54554104804993,0.08369364297887504,3.530590189059489,3.8098561385539824,0.9266990827636636,N_equatorial
-4.0,-32.2,5.142886654617514,9.69015438962194,115.15527963638306,0.084148589801699,3.49247815799744,3.815938644090572,0.9152343587614943,N_equatorial
-4.0,-32.0,5.12799777113421,9.705774560799432,114.76758420467377,0.08456895410023083,3.4581370589519835,3.8129653684669558,0.9069416385343058,N_equatorial
-3.8,-38.2,5.28054574944464,9.142661728639276,136.33281886577606,0.06706134153684971,2.9394592472714782,3.7647392761575222,0.7807869367972899,N_equatorial
-3.8,-38.0,5.35860936321294,9.154379889145236,132.52403140068054,0.06907713108626597,3.0146265217384896,3.8070014531431293,0.7918637696472532,N_equatorial
-3.8,-32.8,5.188035951673562,9.545822070657774,116.53511822223663,0.08191369448352513,3.859980189885631,3.7712184469558903,1.0235366219640205,N_equatorial
-3.8,-32.6,5.191803859931735,9.580506908160935,116.18841886520386,0.0824566424238527,3.8699543547247472,3.7744575332405077,1.0253008069751024,N_equatorial
-3.8,-32.4,5.1735141311645405,9.527013901329019,116.11970067024231,0.08204476799663747,3.8517640580495742,3.7648892261176443,1.023075003463386,N_equatorial
-3.8,-32.2,5.180319676091724,9.609828362157394,115.28601944446564,0.08335640703412905,3.800378863231836,3.7759301116321984,1.0064748951587639,N_equatorial
-3.8,-32.0,5.156813986849179,9.563442237924919,114.92448151111603,0.08321501313016494,3.7653494753643715,3.769037717312558,0.9990214367101594,N_equatorial
-3.6,-38.6,5.258242721655234,9.022667164900163,134.5272183418274,0.06706945461381641,3.2474137266239933,3.7327063745071123,0.8699890644499998,N_equatorial
-3.6,-38.4,5.245196690519729,9.032375266512313,133.35667252540588,0.0677309586049513,3.225035893091399,3.7135123065211584,0.8684597294663695,N_equatorial
-3.6,-38.2,5.2668496061511805,9.015909640903065,130.34967184066772,0.06916710654955553,3.010729746226437,3.7289665249553487,0.8073898561646348,N_equatorial
-3.6,-38.0,5.3037001446382765,9.069439883579463,126.38661563396454,0.07175949635241428,2.971219090790489,3.7533471855010427,0.7916185058147915,N_equatorial
-3.6,-32.8,5.203529593123432,9.476851460112565,116.6672796010971,0.08122972861384391,4.242561851820177,3.738297705635727,1.1348913826269746,N_equatorial
-3.6,-32.6,5.233505276615475,9.52376940625414,116.27788841724396,0.081905249019312,4.229701684973204,3.7395687327711715,1.1310667050739895,N_equatorial
-3.6,-32.4,5.267034162872977,9.50592153250569,115.8644050359726,0.08204350188096485,4.215589021992831,3.7340215352482975,1.1289675172461242,N_equatorial
-3.6,-32.2,5.243047386437983,9.487794011861405,115.46507179737091,0.08217025169751324,4.18264110775489,3.732591252819483,1.1205730347772351,N_equatorial
-3.6,-32.0,5.239806674353957,9.511664830081328,115.08886516094208,0.08264626483874062,4.126252134762304,3.7315710782491704,1.1057680661139424,N_equatorial
-3.4,-38.8,5.318852285349568,9.094540218317682,132.43513703346252,0.0686716563446433,3.6271480820276674,3.7443131524169075,0.9687085279409359,N_equatorial
-3.4,-38.6,5.312582115239153,9.07934496790791,130.61630725860596,0.06951157293041368,3.5843612718492595,3.714028269370044,0.9650872346368063,N_equatorial
-3.4,-38.4,5.307052468156693,9.056587253904217,128.25758457183838,0.07061248879852036,3.4277232314870205,3.7114015669658302,0.9235657122086295,N_equatorial
-3.4,-38.2,5.318913299923844,9.083254475480018,125.50724446773529,0.07237235200247816,3.41285971869332,3.7115302944667534,0.9195289942214134,N_equatorial
-3.4,-32.4,5.351769801889696,9.597203370844156,116.01144075393677,0.08272635274998497,4.683429107275093,3.707693496790495,1.2631651217473148,N_equatorial
-3.2,-39.2,5.378344300304483,9.14524650863272,133.786079287529,0.06835723535165444,4.294312918763474,3.7541001928132838,1.143899389521983,N_equatorial
-3.2,-39.0,5.402271668886055,9.179974238847594,130.70376813411713,0.07023496238783171,3.865348682457115,3.7572602768964765,1.0287678780800142,N_equatorial
-3.2,-38.8,5.385411812486584,9.129956378164222,127.74414122104645,0.0714706466448891,3.874030292474445,3.7343061856454605,1.0374163498874514,N_equatorial
-3.2,-38.6,5.332974939425733,9.007110028346313,124.66948926448822,0.07224790990550696,3.6026409267854524,3.7130906155052203,0.9702539743418732,N_equatorial
-3.0,-39.4,5.4323746538069315,9.251089749326935,135.16338169574738,0.06844375771946228,4.68311445946146,3.741916829844015,1.2515282066428717,N_equatorial
-3.0,-39.2,5.4157248237543945,9.185618469994616,130.14268279075623,0.07058113658808832,4.299210571083736,3.7374275453024484,1.150312753617763,N_equatorial
-3.0,-39.0,5.438548964671966,9.13128916662204,125.93915462493896,0.07250556186291746,4.208398540995336,3.726756125454052,1.1292390484721089,N_equatorial
-3.0,-38.8,5.5068553467514185,9.295324601721958,123.08109998703003,0.07552194937079271,4.212874315008744,3.750378641101457,1.1233197279972391,N_equatorial
-2.8,-41.6,6.398524890116697,11.56690479295635,147.9270040988922,0.07819332827982942,8.095330410233812,4.0752023376990625,1.9864855139449569,N_equatorial
-2.8,-41.4,6.2735341500843615,11.285241873225072,148.74748587608337,0.07586845456081479,7.66200147352871,4.04443648812692,1.8944546405962164,N_equatorial
-2.8,-41.2,6.181669883258048,11.003597907550025,148.61896634101868,0.07403898828297155,7.429336116335886,4.002321050278742,1.8562569126778241,N_equatorial
-2.8,-41.0,6.172100494615823,10.837770889513271,148.1015145778656,0.07317798822249871,7.333798176454661,3.9712410307396153,1.8467270356261387,N_equatorial
-2.8,-40.8,6.144070370321042,10.709637148504026,147.3898947238922,0.07266194991567472,7.325629477047005,3.951403169529118,1.8539311638807001,N_equatorial
-2.8,-40.6,6.079237804627819,10.56947098753491,146.50425910949707,0.07214446222778617,7.171479547939519,3.9445885929964764,1.8180551352484036,N_equatorial
-2.8,-40.4,6.02754044963813,10.422787849445104,144.28098797798157,0.07223950983088433,7.268796730098516,3.915507181965166,1.856412564783078,N_equatorial
-2.8,-40.2,5.935428540218315,10.171469847667652,143.46159100532532,0.07090030004818562,7.064426605303482,3.865489674760397,1.827563180786758,N_equatorial
-2.8,-40.0,5.782311879061952,9.940153382682093,143.7711000442505,0.06913874471032544,6.627460546622821,3.796516223209232,1.7456689651705384,N_equatorial
-2.8,-39.8,5.665071411473241,9.712404175145114,141.282719373703,0.06874445946538658,6.008928417559178,3.7150721813150747,1.6174459402918293,N_equatorial
-2.8,-39.6,5.565820699864421,9.481410807305357,136.23383343219757,0.06959659409440443,5.423868797166903,3.7205627339191527,1.4578087200947498,N_equatorial
-2.8,-39.4,5.494991922184692,9.362780177399374,131.1857134103775,0.07137042543733826,5.053575059369134,3.727872012039548,1.355619249547219,N_equatorial
-2.8,-39.2,5.517627839257114,9.357929948975432,126.1272668838501,0.07419434496739788,4.824269072766746,3.7416421637234967,1.2893453894495013,N_equatorial
-2.6,-42.4,6.6288490158192905,11.841224775897704,145.62175273895264,0.0813149447330493,8.555930236338947,4.164750134905534,2.0543681995782,N_equatorial
-2.6,-42.2,6.523478704918909,11.54425616883186,144.12529468536377,0.08009875153444666,8.189981538537236,4.112371872777176,1.9915469203436504,N_equatorial
-2.6,-42.0,6.421890745824485,11.322918663686417,142.1580195426941,0.07965022796540736,7.920774090179947,4.064788200037272,1.9486314416350936,N_equatorial
-2.6,-41.8,6.381721219999392,11.33767636774261,141.85001850128174,0.07992721106088657,8.14324851821064,4.025576678302984,2.0228775077372263,N_equatorial
-2.6,-41.6,6.390900338465921,11.246033871943705,142.17451214790344,0.07910021073428768,8.170969163046117,3.989676472564018,2.048028009096922,N_equatorial
-2.6,-41.4,6.289643843231829,11.04077949052873,142.4141526222229,0.07752585882258643,7.95190954213183,3.951792383389908,2.0122285714085417,N_equatorial
-2.6,-41.2,6.1884911877117945,10.868784270902715,142.33128428459167,0.07636258132239263,7.681326188981655,3.9223065775250516,1.9583696575366931,N_equatorial
-2.6,-41.0,6.157478961545099,10.753565105992424,142.65161752700806,0.07538340814086082,7.590268312703135,3.905117040712469,1.9436724260941303,N_equatorial
-2.6,-40.8,6.07732803968967,10.516977323575619,142.38926768302917,0.0738607445259661,7.4029485921115965,3.8795218852440354,1.9082115815016019,N_equatorial
-2.6,-40.6,6.041315486623056,10.452677300168284,142.00197458267212,0.07360937994621224,7.3707317296141,3.862156159313911,1.9084499501240948,N_equatorial
-2.6,-40.4,5.967978870823656,10.242849683716566,141.27084612846375,0.07250504944524998,7.240968245519337,3.837129239022264,1.887079583320056,N_equatorial
-2.6,-40.2,5.931002003548577,10.079988462326945,140.53252041339874,0.07172708802684999,7.278267322911951,3.804822887603337,1.9129056825813358,N_equatorial
-2.6,-40.0,5.882025675760219,10.003000454889236,138.57832551002502,0.07218300854822783,7.215112181953363,3.768818720296299,1.9144227190067984,N_equatorial
-2.6,-39.8,5.790758350115937,9.856257894259613,135.20020246505737,0.07290120661473841,6.801832842543545,3.7209959948125952,1.8279602697841961,N_equatorial
-2.6,-39.6,5.700100033876959,9.664564221499017,130.7277649641037,0.07392893333832176,6.061046839066261,3.713528790563868,1.6321529146259677,N_equatorial
-2.4,-44.2,7.1786966180960645,12.998778686539358,172.79151678085327,0.07522810684638732,7.920543902850915,4.738176008186249,1.6716440860716066,N_equatorial
-2.4,-44.0,7.01810733450653,12.383017341029657,255.93777298927307,0.048382922131422375,7.5362960828907175,4.603794779495658,1.6369748096626309,N_equatorial
-2.4,-43.0,6.712480620264335,11.747791842340746,145.8411157131195,0.08055198827091765,8.64448864011749,4.195039708022655,2.060645248145242,N_equatorial
-2.4,-42.8,6.632554522369113,11.61457311234256,142.39279627799988,0.08156713974256749,8.531188186618028,4.137141668317183,2.06209718462171,N_equatorial
-2.4,-42.6,6.6157061558769765,11.561360786537984,139.82529044151306,0.08268433235526829,8.58677781742482,4.09668531892863,2.0960306074156665,N_equatorial
-2.4,-42.4,6.62140616890092,11.458718152009425,137.66121864318848,0.08323853489710777,8.72935558820919,4.0553869975799115,2.1525333077751916,N_equatorial
-2.4,-42.2,6.522670815138837,11.278809557108893,135.76014041900635,0.08307894734270521,8.643912899167324,4.012851432368745,2.1540575435818994,N_equatorial
-2.4,-42.0,6.435330350974727,11.137621839622176,133.84096324443817,0.08321534431339356,8.468661199951036,3.9747965972971313,2.130589828347378,N_equatorial
-2.4,-41.8,6.408313442725374,11.11871807720108,132.52307772636414,0.08390024038046563,8.515601077557166,3.951555326713204,2.154999835125733,N_equatorial
-2.4,-41.6,6.37657851035929,10.980091631964198,131.53942823410034,0.08347376736671654,8.37187219974992,3.925010600734525,2.1329553092629125,N_equatorial
-2.4,-40.8,6.113670307282399,10.474772947911207,133.73791873455048,0.0783231341344712,7.673206675475288,3.8348152271987215,2.0009325667251137,N_equatorial
-2.4,-40.6,6.078826033375318,10.410843276283794,133.03296267986298,0.07825762176955313,7.664759335752016,3.8227662472041466,2.0050295623902676,N_equatorial
-2.4,-40.4,6.037336292513959,10.294894638308621,132.45739340782166,0.07772231034783977,7.581250667731347,3.807445801825396,1.9911644347233213,N_equatorial
-2.4,-40.2,5.969985477900114,10.13560628173311,131.68587982654572,0.0769680568264688,7.507689090730866,3.792538486218737,1.9795947010194312,N_equatorial
-2.4,-40.0,6.000092559361795,10.199439459348062,130.272176861763,0.07829330640702421,7.711706526574452,3.7906006626318254,2.0344286335929125,N_equatorial
-2.2,-44.2,7.0155615088238035,12.38818876712458,182.67956972122192,0.06781376147332496,7.903908314754554,4.559587299495307,1.7334701137599502,N_equatorial
-2.2,-44.0,6.989829913999482,12.221922056104576,183.7908923625946,0.06649906259768507,8.064025419972912,4.45589085730878,1.8097448250434331,N_equatorial
-2.2,-43.8,6.80537498720274,11.927185542660807,187.80126571655273,0.06350961212722832,8.088884513684594,4.3544064534390365,1.8576319413857496,N_equatorial
-2.2,-43.6,6.718846913255577,11.697714205659748,168.12188029289246,0.06957877335942621,8.210526498598728,4.263938427668873,1.9255734194753567,N_equatorial
-2.2,-43.4,6.666695621758789,11.582961824685412,160.1792812347412,0.07231248470712445,8.348128636918615,4.189323329967203,1.9927152858320845,N_equatorial
-2.2,-43.2,6.625684601006188,11.561670285401021,148.1836497783661,0.07802257740778737,8.442156924486063,4.143755680894183,2.037320144961907,N_equatorial
-2.2,-43.0,6.5935994220835346,11.5202650858027,140.61517715454102,0.08192760780823484,8.468396044678835,4.096430995599439,2.067261978482232,N_equatorial
-2.2,-42.8,6.598025872981358,11.431521132266322,134.3048334121704,0.08511623030858415,8.637070973997737,4.057725360794168,2.1285499155387173,N_equatorial
-2.2,-42.6,6.581867142357681,11.308594031967974,129.78970110416412,0.0871301338685736,8.730081485277722,4.027327115916105,2.167711048545375,N_equatorial
-2.0,-44.4,7.177763166335543,12.39570909967751,189.58938717842102,0.0653818722880939,8.578491013487602,4.587965239279502,1.8697811701020595,N_equatorial
-2.0,-44.2,7.001193366258033,12.289934954850526,186.1994445323944,0.06600414402800413,8.258265759594616,4.425798623228212,1.8659379837691243,N_equatorial
-2.0,-44.0,6.9513749636911815,12.078486040999836,181.5641462802887,0.06652462112400614,8.679325808478103,4.329653505505198,2.0046236488537135,N_equatorial
-2.0,-43.8,6.837154019351699,11.856842029567444,175.54008960723877,0.06754492410307225,8.679502308091097,4.247746742611525,2.0433191604909378,N_equatorial
-2.0,-43.6,6.767640636891869,11.669410155744082,162.4607801437378,0.0718290909684142,8.67983378604584,4.185401976017307,2.0738351622572915,N_equatorial
-2.0,-43.4,6.718865955259454,11.544458592321508,151.3174295425415,0.07629298638777028,8.7842601411562,4.1350641072926795,2.124334693061737,N_equatorial
-2.0,-43.2,6.71242768192038,11.528023547170008,139.58597779273987,0.08258726076545492,8.939787456149576,4.102987141748382,2.178848518725827,N_equatorial
-2.0,-43.0,6.688672384358604,11.55576475534553,131.98818564414978,0.08755150848501511,8.982251944945277,4.072385208625747,2.2056488973390604,N_equatorial
-1.8,-44.4,7.006058934740656,12.146139625124553,194.67800855636597,0.06239091777851132,8.442258488610388,4.434195900484057,1.9038984018926164,N_equatorial
-1.8,-44.2,6.971136246568577,12.131512318498494,186.14895939826965,0.06517099186433198,8.649300764080827,4.334522031409057,1.9954451036136804,N_equatorial
-1.6,-44.6,6.834794713035416,11.771641803756541,203.62187027931213,0.057811284159256314,8.130434985398082,4.345585580576658,1.8709641852960994,N_equatorial
-1.6,-44.4,6.880453121769217,11.870412838566077,192.95762181282043,0.061518237668170654,8.210103459544719,4.276548410378665,1.919796684545834,N_equatorial
-1.6,-44.2,6.909896860755765,11.851667056716758,181.51199221611023,0.06529412691700298,8.727296522454223,4.24558955519392,2.055614752438215,N_equatorial
-1.4,-48.6,9.37058465565665,16.998251725091755,227.56034135818481,0.07469777740549328,10.97016233210628,6.456160500702938,1.6991774493387926,N_equatorial
-1.4,-45.2,6.6423072683918,12.120737181912611,371.76569402217865,0.03260316209055459,7.417666909130621,4.439292256913512,1.6709120463016938,N_equatorial
-1.4,-45.0,6.632321751655256,12.160079515517852,388.74292969703674,0.03128051621413333,7.2918244257615115,4.399871990563814,1.6572810394029471,N_equatorial
-1.4,-44.8,6.543532555316614,12.03259128830306,230.65330386161804,0.05216743522356867,7.371678498713758,4.335017640779547,1.700495617219251,N_equatorial
-1.4,-44.6,6.61209509253878,11.799983118776261,194.73143219947815,0.06059619130561647,7.648548244140526,4.229347376691819,1.8084464488048735,N_equatorial
-1.4,-44.4,6.6813885344899155,11.576128400746619,185.71577072143555,0.06233250065827871,7.952668412290295,4.163675823798354,1.910011429524644,N_equatorial
-1.2,-48.6,9.233144286494237,16.765402558665244,223.09438586235046,0.07514937004739115,10.596606714449475,6.373929751927751,1.6624919205054942,N_equatorial
-1.2,-45.6,6.907785705626157,13.012192062437677,464.08387422561646,0.028038449050077834,8.078303163074416,4.6770109484057745,1.7272363165683886,N_equatorial
-1.2,-45.4,6.772656946633187,12.51838567778853,201.0923981666565,0.062251909032453055,7.598586785021041,4.527783724157352,1.6782132822466436,N_equatorial
-1.2,-45.2,6.774149876986391,12.36261354104124,202.63778567314148,0.06100843186760028,7.92736177839172,4.420652703901344,1.7932559532205756,N_equatorial
-1.2,-45.0,6.82336300719055,12.36967396843703,197.04031944274902,0.06277737471914269,8.229878900999127,4.362652435080892,1.8864392759829212,N_equatorial
-1.2,-44.8,6.670597063748854,12.181069897859103,191.113018989563,0.06373752014520964,8.000950243818709,4.284977926214536,1.8672092089134662,N_equatorial
-1.2,-44.6,6.657188253060428,11.848261551514714,184.5500349998474,0.06420080901921535,8.006343501500504,4.197199563025901,1.9075441568302425,N_equatorial
-1.0,-48.4,9.389291271996347,17.132658943962888,241.45926237106323,0.07095465618392481,11.13399755470062,6.313000717674805,1.7636616963353486,N_equatorial
-1.0,-46.0,7.0339791147715385,13.610106524706522,206.31337761878967,0.06596812422825171,7.884409774052631,4.895512571347109,1.6105381528788638,N_equatorial
-1.0,-45.8,6.922501665097674,13.102078181249096,198.7857699394226,0.0659105437237373,7.7157316194046395,4.741351439100564,1.6273275074644789,N_equatorial
-1.0,-45.6,6.828011635502082,12.754699352939827,198.23298454284668,0.06434196298034844,7.788201927080651,4.6145715825214015,1.6877410584722534,N_equatorial
-1.0,-45.4,6.851785321265835,12.668382306129114,194.2801296710968,0.06520678325455019,8.319726743657668,4.509672053701576,1.844862917876427,N_equatorial
-1.0,-45.2,6.8684832139595535,12.58520325857242,191.9817566871643,0.06555416241492207,8.517972225152686,4.429231347004582,1.9231265106333302,N_equatorial
-1.0,-45.0,6.883383964496778,12.482919072109375,188.51740956306458,0.06621626671532145,8.610525989062396,4.346346186489249,1.9810952969711617,N_equatorial
-1.0,-44.8,6.796846979176463,12.27185099652952,181.4767599105835,0.06762216276384954,8.55083262693937,4.275418402110052,1.9999990229539333,N_equatorial
-1.0,-44.6,6.7397109891684295,12.062139930895116,173.1616497039795,0.06965826412208125,8.444749827547707,4.215561777210958,2.0032323741996745,N_equatorial
-0.8,-48.4,9.323709635169863,16.832459835441462,247.48429656028748,0.06801425411386072,10.982544893958629,6.1867402133394185,1.7751747309962733,N_equatorial
-0.8,-48.2,9.68848557878058,17.744033650641843,255.4846704006195,0.0694524396427302,12.480532194636334,6.173498459214563,2.0216304056912646,N_equatorial
-0.8,-46.6,7.546823211474024,15.589703031344,218.75151991844177,0.07126671868225823,7.823638636624566,5.315879655050033,1.471748636971529,N_equatorial
-0.8,-46.4,7.276402799603695,14.671645252225138,204.3414056301117,0.07179966882866116,7.9020923811945725,5.156562707204385,1.5324340708887974,N_equatorial
-0.8,-46.2,7.063744181634515,13.874122733117664,198.43407273292542,0.06991804654330205,7.976928281485829,4.99534748235283,1.5968715509113416,N_equatorial
-0.8,-46.0,7.022713876062611,13.446738696390367,195.1645791530609,0.06889948347565954,8.093650037350667,4.833322056126113,1.6745521906805632,N_equatorial
-0.8,-45.8,6.968354125044768,13.228464503310125,192.10145473480225,0.0688618653178454,8.361707860110798,4.710205835668829,1.775231943536385,N_equatorial
-0.8,-45.6,6.9552540913282055,12.982514990871957,187.51595616340637,0.06923418815387983,8.667178331070339,4.614755363658,1.8781447006543124,N_equatorial
-0.8,-45.4,6.951476994592512,12.862628344137034,185.20749807357788,0.06944982507688248,8.825140063712976,4.52230614185376,1.9514689600592632,N_equatorial
-0.6,-48.4,9.177263857595735,17.208797694914153,251.10527873039246,0.06853220203861565,11.066041445864428,6.002941955509809,1.8434363563531453,N_equatorial
-0.6,-48.2,10.172623274842463,18.373866675416156,246.15371823310852,0.07464387215965608,13.77974670481571,6.149712180653541,2.240714085476324,N_equatorial
-0.6,-48.0,10.427486923164953,19.4387474326559,272.62611389160156,0.07130185423244124,15.622754928962882,6.057585082201084,2.5790401153203777,N_equatorial
-0.6,-47.2,8.474033453262924,18.075913646019576,216.0175085067749,0.08367800263492375,11.087194336389455,5.56779547997229,1.9913077583885384,N_equatorial
-0.6,-47.0,8.238658355401402,17.74016814105355,212.2131586074829,0.08359598555274514,10.118605132058928,5.5466678652520836,1.8242673579661075,N_equatorial
-0.6,-46.8,7.807543104501718,16.867139285417554,209.63292121887207,0.0804603551166805,8.296544773092796,5.4419616136886235,1.5245504033368775,N_equatorial
-0.6,-46.6,7.486790640329286,15.706746084665207,202.98424363136292,0.07737913940349984,8.239331812045684,5.284777620876943,1.5590687826668606,N_equatorial
-0.6,-46.4,7.249780884791212,14.51887100081522,197.00154662132263,0.07369927419262076,8.388938107366236,5.116670300027304,1.6395307134253834,N_equatorial
-0.6,-46.2,7.171579359945526,13.746180950578907,189.87005949020386,0.07239783348405243,8.55858054056055,4.9527109422494755,1.7280597717809316,N_equatorial
-0.6,-46.0,7.15031037046667,13.511589560053302,186.28423810005188,0.07253211381628717,8.771613873720323,4.8095643658716085,1.8237855253509423,N_equatorial
-0.4,-48.2,10.153905002698998,19.27792545996674,226.1221945285797,0.08525445943135931,15.284532863905683,5.93366329191178,2.5759016162477812,N_equatorial
-0.4,-48.0,10.069739154154373,19.670373013788726,196.9957411289215,0.09985176786596461,15.756079958142374,5.800357837523809,2.716397918799557,N_equatorial
-0.4,-47.8,9.821801767841329,19.282681212917293,201.61970257759094,0.09563887341564044,14.885868704010674,5.71898742341115,2.602885371468756,N_equatorial
-0.4,-47.6,9.363664593281056,18.919328655781054,207.09707140922546,0.09135488265015737,13.72119305223938,5.6727363991094935,2.418796165884481,N_equatorial
-0.4,-47.4,8.853276796371281,18.76384098056007,207.49788284301758,0.09042907196675275,12.476205194574028,5.6254302370859595,2.2178224009114818,N_equatorial
-0.4,-47.2,8.40865935884879,18.165865918029994,208.0342411994934,0.08732151886770374,11.05932043747673,5.572905920449185,1.9844800173094135,N_equatorial
-0.4,-47.0,8.036909885656232,17.465174503576144,203.0121088027954,0.08603021074246216,9.56683684306246,5.500637350151236,1.7392233361465697,N_equatorial
-0.4,-46.8,7.701127107345604,16.375949259006504,199.7797966003418,0.0819699966546992,8.460858015139431,5.382243129447791,1.5719947634560871,N_equatorial
-0.4,-46.6,7.444597147348753,14.995577834490122,194.1448986530304,0.07723910305410468,8.550503143614725,5.21792517638565,1.6386787572790535,N_equatorial
-0.2,-49.6,10.623942805166852,20.0002607830721,169.5120334625244,0.1179872624647249,9.650432818382065,7.476871765985958,1.2907046048702007,N_equatorial
-0.2,-48.4,10.512220825761066,19.73721977671927,216.8580174446106,0.09101448039273213,15.713485035174186,5.983644520621325,2.626072618622495,N_equatorial
-0.2,-48.2,10.36185003719105,19.928769006345398,202.47426629066467,0.09842618210916929,16.430619034759143,5.781958246960532,2.8417048918325225,N_equatorial
-0.2,-48.0,9.80059225902198,19.408794478031368,196.72061800956726,0.09866171972420017,15.284470309534859,5.6551155332223635,2.702768885930356,N_equatorial
-0.2,-47.8,9.387622159763911,18.85648826961192,198.45227003097534,0.09501775044784679,14.097130088241405,5.592163155439781,2.520872459618495,N_equatorial
-0.2,-47.6,8.946821957225154,18.353558688754372,197.55830764770508,0.09290198376007183,12.957579285102621,5.548022006536035,2.3355313424924247,N_equatorial
-0.2,-47.4,8.495098215460686,17.893940430998693,198.5015332698822,0.09014509931603468,11.655485819922543,5.505602725483128,2.117022676913135,N_equatorial
-0.2,-47.2,8.146190990262042,17.29411279087543,197.31847643852234,0.08764568378503411,10.219539583616015,5.4517999882890615,1.8745257723262907,N_equatorial
-0.0,-50.4,11.076111114367325,20.486524618014144,124.62730407714844,0.1643823138895174,8.786971114815467,8.106664707588804,1.0839193961716236,AP
-0.0,-50.2,10.779471388473794,20.279280892029085,112.63108253479004,0.18005048371762847,8.749744395909765,7.905888702335486,1.1067376136126221,AP
-0.0,-50.0,10.50421380611225,19.73545693965716,115.10723829269409,0.1714527881337396,8.831097935619086,7.664200559728865,1.152252980176644,AP
-0.0,-49.2,10.667102827436247,19.721485151654996,210.5338215827942,0.09367371476653387,11.716738081305012,6.9682154731473895,1.681454617248341,AP
-0.0,-49.0,10.705634015400973,20.18102075417812,192.83571243286133,0.10465395905960338,14.155606985134678,6.585458292221902,2.14952496196869,AP
-0.0,-48.8,10.740088438421258,20.326825951963386,189.22159671783447,0.10742339301932095,15.380468687149982,6.314632649546908,2.4356870052058484,AP
-0.0,-48.6,10.793882006599897,20.184069031670077,191.05613827705383,0.10564470324633489,16.256983083157422,6.086995925067285,2.6707727889562736,AP
-0.0,-48.4,10.694761716053765,20.025152527020243,190.3143584728241,0.10522144880560723,16.799994488964458,5.855729953190724,2.86898381982426,AP
-0.0,-48.2,10.225004673189291,19.90357029456532,183.9354395866394,0.10820954536708577,16.202517700799163,5.681146523549291,2.8519802532177354,AP
0.2,-50.6,11.269946652339785,20.648839789317915,160.88674068450928,0.12834394992070378,9.4011067198847,8.224324800019325,1.1430855357101912,AP
0.2,-49.6,10.197203507994478,18.868721595381555,227.79667377471924,0.08283141839920753,9.077160346751501,7.209099801351523,1.2591253550200212,AP
0.2,-49.4,10.399269848965536,18.95271661867986,225.9318470954895,0.08388687501266497,11.01625062497863,6.984026130750178,1.577349571542244,AP
0.2,-49.2,10.354979753514042,19.357221722622615,202.6224970817566,0.09553342793328683,12.399507418333972,6.607264744303714,1.8766475838619747,AP
0.2,-49.0,10.446996077874148,19.78077672419827,191.6592836380005,0.10320802806275496,14.168583558315795,6.323778483795346,2.240524963773277,AP
0.2,-48.8,10.526836183866978,19.992162612280346,176.78786516189575,0.11308560456891238,15.377104845981224,6.108608235106667,2.517284503138989,AP
0.2,-48.6,10.546564369841132,19.718749313993953,170.68074345588684,0.11553001770870742,16.13018760728104,5.90024111498591,2.733818380118786,AP
0.4,-50.0,10.146259333999247,18.56888189545401,123.82831573486328,0.14995667013038463,7.844380978518889,7.462999851533693,1.0511029257098028,AP
0.4,-49.8,10.224565563632737,18.581316051913955,243.67873668670654,0.0762533338138716,8.182978100777206,7.380156293044195,1.1087811390240707,AP
0.4,-49.6,10.038322144614748,18.3703102408519,279.8806667327881,0.06563622437840867,9.332432692580033,7.064185280898588,1.3210911550996178,AP
0.4,-49.4,10.098369803644658,19.0407304432168,217.71795749664307,0.08745594833862237,11.519982020104248,6.700084379146926,1.7193786478210002,AP
0.4,-49.2,10.10576768179045,19.22781999368771,193.17340850830078,0.09953657774207303,12.755277380064388,6.386075398020338,1.9973577800253473,AP
0.4,-29.4,6.55931263750838,11.794001366556145,109.61214601993561,0.1075975774109114,8.884226986974067,3.763124668722943,2.3608643797573214,AP
0.6,-50.4,10.723339305382535,19.443129764061723,189.05303478240967,0.10284484344004192,8.941290675754137,7.863558926145344,1.13705394208028,AP
0.6,-50.2,10.274630917952809,18.605412616179706,203.8541078567505,0.09126827421723502,8.42716449627085,7.573324622701995,1.1127430707260801,AP
0.6,-50.0,9.901586370053533,18.138164834561582,215.41849374771118,0.08419966419319697,7.135031487021237,7.295813102802798,0.9779624815608566,AP
0.6,-49.8,9.762333949628655,17.79162116867617,241.79340600967407,0.07358191218814433,7.737751369112083,7.113114697158555,1.0878147897998958,AP
0.6,-49.6,9.73013431833986,17.85064656542542,238.6036992073059,0.07481294977709568,9.994136549054138,6.774681659480517,1.4752186230135707,AP
0.6,-49.4,9.809380279931057,18.59146629467867,197.30820655822754,0.09422550951621038,11.480661536212095,6.443606329850733,1.781713678414312,AP
0.6,-49.2,9.867536344402495,18.572650947445084,172.97593355178833,0.10737130053924239,12.603148486703331,6.210620469022383,2.0292897544723414,AP
0.6,-29.8,6.660512851027625,11.79323159292139,110.04207134246826,0.10717020725844933,9.163452582520282,3.770611990135928,2.430229524144155,AP
0.6,-29.6,6.650993514494953,11.83630515976434,109.72751379013062,0.10786998402609348,9.119976224200114,3.772520161564873,2.417475807582449,AP
0.6,-29.4,6.635222209644024,11.874049229573888,109.33933854103088,0.10859814398015596,9.081549003592505,3.7743515559147505,2.4061216527010836,AP
0.6,-29.2,6.642592528519109,11.89085043376393,108.87424349784851,0.10921637709472497,9.048735711469014,3.7767462824798197,2.395907756220149,AP
0.6,-29.0,6.622111330185312,11.884722838554751,108.38924646377563,0.10964854195685085,9.013120641544628,3.7786018199521347,2.385305748267173,AP
0.8,-50.2,10.237683891683835,18.274407743841415,198.9286184310913,0.09186414648615103,8.145576714698377,7.509128498440982,1.0847566020996353,AP
0.8,-50.0,9.66872315097526,17.518815085179344,204.7327160835266,0.08556920173926692,6.770732733847684,7.17202840190845,0.9440471167188934,AP
0.8,-49.8,9.235624783720853,16.811555975165238,193.63266229629517,0.08682190171738861,7.437438294772952,6.81446790044094,1.0914187877077977,AP
0.8,-49.6,9.431471402399044,17.243071849100083,186.30064725875854,0.09255508288787996,10.141738558009505,6.550114025472095,1.5483300777009827,AP
0.8,-49.4,9.506862457536581,17.83147543265712,169.11446452140808,0.10544027374074702,11.243317222593369,6.262056649687631,1.79546718459569,AP
0.8,-29.8,6.784034067833312,11.904641831362127,109.48031544685364,0.10873773776383704,9.421870806934008,3.7843780289397078,2.489674851424341,AP
0.8,-29.6,6.770948620645989,11.969543190805897,109.2987596988678,0.10951215936743962,9.37026410796108,3.7853820133330043,2.4753813683683203,AP
0.8,-29.4,6.760270200579763,11.935717098324885,109.03625190258026,0.10946558497800339,9.324510178203496,3.7868672771284895,2.4623282243137123,AP
0.8,-29.2,6.778852382982685,11.937357375706142,108.49111378192902,0.11003073855155228,9.279910843980096,3.789372835691271,2.4489305345134302,AP
0.8,-29.0,6.764307800195257,11.952454778811973,107.9248696565628,0.11074791951889242,9.233304381646054,3.7918648529341277,2.4350299232055606,AP
1.0,-50.0,9.658401276173556,17.18060043007369,201.14885568618774,0.08541236971726619,6.937355217484131,7.090394310333964,0.9784159968893713,AP
1.0,-49.8,9.08452492710774,16.33639222141924,168.80463361740112,0.09677691821212668,7.753047771842131,6.690656292474793,1.1587873345941033,AP
1.0,-49.6,9.205732070206912,16.854608856438897,156.9952130317688,0.10735746989322711,10.204172236630171,6.359015690709683,1.6046779459182872,AP
1.0,-29.8,6.890390346928485,12.078548024578936,108.59594345092773,0.11122467046880975,9.735359358302258,3.800220458235991,2.561788050270451,AP
1.0,-29.6,6.881563343694302,12.107558467080679,108.08802545070648,0.11201572437459621,9.672670242860626,3.800425735104939,2.545154389812998,AP
1.0,-29.4,6.884984957440141,12.034547375900978,107.62220919132233,0.11182215516972806,9.614900494686482,3.8021308802897016,2.528818916921103,AP
1.0,-29.2,6.895475418753989,11.985716701932313,107.49081671237946,0.11150456446901243,9.55950673871329,3.804574267100412,2.5126350723070248,AP
1.0,-29.0,6.89893150850015,12.001625841099756,107.23475813865662,0.11191917666827225,9.50119533928598,3.8067302474359597,2.4958940407415398,AP
1.2,-49.8,8.914630358707537,15.843781655323136,148.73393774032593,0.10652432051509818,8.095552692054813,6.471651032260334,1.25092540554173,AP
1.2,-49.6,9.026882398944963,16.378315199237914,141.12228155136108,0.1160576134341838,10.186359888143414,6.1991960333936,1.6431743460396975,AP
1.2,-29.6,7.028146750082276,12.196862227071984,107.65644609928131,0.11329430488374079,10.02913972987247,3.8164725423323316,2.6278558586834317,AP
1.2,-29.4,7.024611828922167,12.188057778476605,107.23455250263214,0.11365793481702123,9.957609371281231,3.817072191325478,2.6087034439407475,AP
1.2,-29.2,7.0317956450048085,12.119179809338144,106.89141154289246,0.11337842427569651,9.89168530023323,3.8187834313817017,2.590271346352377,AP
1.4,-49.8,8.634995531130368,15.50248057751708,162.64206767082214,0.09531654878424921,8.82695412122848,6.16288576036008,1.4322761226573095,AP
1.4,-49.6,8.85677956212193,16.083196865207256,153.24382781982422,0.1049516779502337,10.435420637700716,5.976118173921485,1.746187129170016,AP
1.6,-49.8,8.66704346411044,16.02155889742188,195.66385746002197,0.08188307797568287,9.87080416861478,5.845760036284569,1.6885407726876924,AP
1.6,-49.6,8.798478627381934,16.077900076089495,175.2016305923462,0.09176798196301646,10.97052731534707,5.7389382053934614,1.9115953026009156,AP
1.8,-50.0,9.12648896054441,16.980976856509965,305.6076765060425,0.05556462799184371,10.529712463342817,5.866527108121578,1.7948800490098404,AP
1.8,-49.8,9.348707581812846,17.14983525400826,225.8371114730835,0.07593895946571327,11.966355948552204,5.766151818003095,2.075275907788417,AP
1.8,-49.6,8.984172772716606,16.375715803455424,187.98824548721313,0.08711031778084918,11.629825512236657,5.568683690144939,2.0884334897344408,AP
2.0,-50.2,9.074263137903621,16.86259607705154,308.07504653930664,0.05473535187764737,10.3121275793774,5.866035092628881,1.757938269468482,AP
2.0,-50.0,9.427222421787334,17.270478418491436,270.92323303222656,0.06374676038373238,12.006743386622839,5.779868422100289,2.0773385326062193,AP
2.0,-49.8,9.467541318067516,17.06349835885426,224.8484969139099,0.07588887003050565,12.452858596336084,5.641493326485472,2.2073691974202765,AP
2.0,-49.6,9.087009687620482,16.522543568807915,196.76824808120728,0.08396956180648098,12.126327156522013,5.443269207531239,2.227765464868829,AP
2.2,-50.6,9.53009551506137,17.682182845879506,324.71091747283936,0.054455153474655016,11.058314327311209,6.0566190297220075,1.8258230001002347,AP
2.2,-50.4,9.184919034869484,16.969419991404823,302.22325325012207,0.05614862459759446,10.729778235741813,5.889327527248421,1.8219021078549051,AP
2.2,-50.2,9.053254104352664,16.662026262975406,269.25145387649536,0.06188277174769951,10.993463997743754,5.746611993520045,1.913033977261755,AP
2.2,-50.0,9.409814946292238,17.09681498253185,242.15008020401,0.0706042094560856,12.40036141828888,5.652193449496736,2.1939025139688013,AP
2.4,-50.6,9.198189554501893,17.078292546559695,311.99517250061035,0.05473896409895985,10.822075749542638,5.926640252297824,1.8260051713695291,AP
2.4,-50.4,8.943375757241176,16.443421772026937,288.47620487213135,0.0570009640112798,10.749477770752886,5.762693004244509,1.8653566592624946,AP
2.4,-50.2,8.999911679170856,16.573910011194464,251.10188722610474,0.06600472100900812,11.47805807970709,5.615241279943013,2.0440899166177195,AP
2.6,-50.8,9.084940722208646,16.669843485575335,283.17437171936035,0.05886776894519242,10.7633292031845,5.88143957103359,1.8300501217753695,AP
2.6,-50.6,8.940518492783173,16.48267065914974,279.2685270309448,0.0590208672433874,10.731229974808246,5.79644447349668,1.8513469807008567,AP
2.6,-50.4,8.731736997218938,16.0691692625006,257.8618884086609,0.06231696107427127,10.848853912705113,5.630243004834521,1.9268891064541134,AP
2.8,-50.8,8.813978122864228,16.23740510860486,251.21337175369263,0.06463591088027416,10.652455336938548,5.773757082677138,1.844978093882552,AP
2.8,-50.6,8.661607764868402,15.81252958646262,245.37748098373413,0.0644416493439788,10.659954419732957,5.6719538900247475,1.8794148588691093,AP
3.0,-50.8,8.507238471602232,15.547690594290522,220.21771669387817,0.07060145217972252,10.522076420378612,5.680300699547446,1.8523801779044753,AP
3.0,-50.6,8.369366482319322,15.317858651699497,211.18918657302856,0.0725314534340641,10.617163686343423,5.553147402709882,1.911918217975332,AP
3.2,-50.8,8.338666156655721,15.158858732110419,192.9018259048462,0.07858328277093612,10.369910688140688,5.5815953526884305,1.8578757564619797,AP
3.2,-50.6,8.166586285741218,15.174927240521791,181.3577950000763,0.0836739729908792,10.285711504481315,5.44448711226528,1.889197511609455,AP
3.4,-50.8,8.170539141004191,14.95026862651596,170.55628895759583,0.08765592120870394,10.05229700229068,5.498389512025873,1.8282256977801719,AP
3.6,-51.0,8.170757631785259,14.907291392809723,159.31313633918762,0.09357226739338788,9.899981778882378,5.556781017241615,1.7816037285192006,AP
3.6,-50.8,8.061444532752999,14.700138163448337,153.7841558456421,0.09558941935607021,9.762134012095697,5.4281453130485655,1.7984290119552948,AP
3.8,-51.0,8.06310272610622,14.918780092362926,145.83054184913635,0.10230216457535078,9.557890779655153,5.527577307853314,1.7291283771057828,AP
3.8,-50.8,7.8942571385611,14.485804329704113,141.16311073303223,0.10261749159877666,9.625480622562762,5.376205461578167,1.7903855593601576,AP
4.0,-51.0,7.983046987839707,14.636083164998063,140.06729125976562,0.10449322631544515,9.12229261314282,5.521358527246583,1.6521826228321328,AP
4.0,-50.8,7.826782434220347,14.237124889130593,130.5700182914734,0.10903823921774176,9.54565443374953,5.3396342399567525,1.787698183954046,AP
4.2,-51.2,7.980055692674573,14.655083480359954,162.66592741012573,0.09009313575184336,8.844701725078464,5.568769523945399,1.588268590942171,AP
4.2,-51.0,7.987293752154999,14.550726147613197,126.48945748806,0.11503509016936622,9.024067112332615,5.511026547627044,1.6374566579103538,AP
4.2,-50.8,7.739743116923474,14.094977739878779,119.42245066165924,0.11802619743428186,9.245507377226449,5.323763013543307,1.7366489367964875,AP
4.4,-51.6,7.881396084878238,14.596262901875761,109.24476385116577,0.13361064079704174,8.275371245517208,5.553535269353175,1.4901087044831258,AP
4.4,-51.4,7.861624220854713,14.78660509968466,129.33694422245026,0.1143262289717682,8.214103022248906,5.603959326007452,1.465767780313469,AP
4.4,-51.2,7.961290059923337,14.661156950830613,119.99106407165527,0.1221854065905723,8.754244251831505,5.5476138829856,1.5780197462337031,AP
4.4,-51.0,8.192532358732542,14.740584490862185,115.1816338300705,0.12797686576150874,9.618843268983847,5.589072446071437,1.721008872544663,AP
4.6,-51.6,7.741203086994182,14.482160764358525,119.63801085948944,0.12104982906617617,8.135673499484614,5.5715763494058645,1.4602103586630697,AP
4.6,-51.4,7.869113018053329,14.562164058225902,115.79366028308868,0.12575959705069156,8.274172490371347,5.602292674279643,1.4769261392498136,AP
4.6,-51.2,8.07373903702074,14.600904449923563,111.27289831638336,0.13121707685198117,8.854713543787522,5.6246260514877156,1.5742759541223985,AP
4.6,-51.0,8.249428201399043,14.616811323843192,108.57687890529633,0.13462176727876263,10.228398936588425,5.499777202539954,1.859784234871307,AP
4.8,-52.0,7.7858039846021505,14.819954108198335,121.92181348800659,0.12155293367299011,7.7556068810776315,5.5894494704526725,1.3875439651214037,AP
4.8,-51.8,7.826514531630871,14.694456268805855,118.88082921504974,0.12360660979428639,7.71246787643995,5.6472976061184985,1.3656917723060968,AP
4.8,-51.6,7.829781582178247,14.360894551099895,113.34327757358551,0.12670265814200066,8.174689506270823,5.603627739528034,1.4588209435481412,AP
4.8,-51.4,8.054408639280707,14.513457685320287,109.6319168806076,0.1323835074518114,8.909833866595687,5.594943589581012,1.5924796602395979,AP
5.0,-52.2,7.902598556765926,14.98269474197329,116.6890025138855,0.128398515877196,7.708931910338157,5.632277251377829,1.368706043093371,AP
5.0,-52.0,7.899784220100231,14.856783641219895,114.58669304847717,0.12965540104150286,8.006427459787737,5.689617903714976,1.4071994983283542,AP
5.0,-51.8,7.852269267426691,14.474685882912835,111.4497572183609,0.1298763339120867,7.991482975913169,5.657298110570194,1.4125971125654035,AP
5.0,-51.6,7.925991122465223,14.32636249516494,108.24385583400726,0.13235266228075357,8.60119816782467,5.577861624474932,1.5420243001518235,AP
5.2,-52.6,7.866724776327979,15.096244441569192,113.81049454212189,0.13264369425951303,8.334591222258044,5.517137439687201,1.510673118690801,AP
5.2,-52.4,7.8355118460975035,14.886790258439575,113.18047642707825,0.13153143305622217,7.810150521721451,5.599522928393462,1.394788559953666,AP
5.2,-52.2,7.9087134564401005,14.720191117572911,110.7191801071167,0.13295068752615105,8.040319607993997,5.669696630644051,1.4181216618428938,AP
5.2,-52.0,7.959736074145727,14.276823545630862,108.43276977539062,0.1316652113120794,8.317642421814101,5.681786927284476,1.4639131189295393,AP
5.4,-52.6,7.773439894521678,15.050254414880717,110.85522472858429,0.13576495335902714,7.865178521191616,5.6053872608259,1.4031463224956127,AP
5.4,-52.4,7.762989007083526,14.630196832267389,108.29770267009735,0.13509240243844073,7.792008775956481,5.604022151467138,1.3904314732083147,AP
5.6,-53.4,7.6026808798590935,14.103911477355116,117.53486096858978,0.11999768716384723,7.4961334325193825,5.398336474834669,1.3886006304838494,AP
5.6,-53.2,7.5625622076259225,14.324834952996776,116.26918911933899,0.12320404968416636,6.761571611968311,5.46393473820997,1.2374912834671699,AP
5.6,-53.0,7.68579085778677,14.70236315440616,113.2419228553772,0.1298314509652291,7.115366015093937,5.582108067525904,1.2746736410367636,AP
5.6,-52.8,7.7304339099279655,14.911956189905753,109.43809151649475,0.13625928580505436,7.299489322282629,5.652024642757254,1.291482218082065,AP
5.6,-52.6,7.8019953658815515,14.842035471462816,106.5788984298706,0.13925866836791284,8.218763236196652,5.599251647548644,1.4678324450366205,AP
5.8,-53.6,7.452320793431971,13.889942327302657,116.999152302742,0.1187183159358423,6.833582840594484,5.391407892697412,1.2674950544644337,AP
5.8,-53.4,7.532810695486232,14.214837647991335,114.64323103427887,0.12399194893365341,7.04754142239872,5.474078087029484,1.2874389642152655,AP
5.8,-53.2,7.568792429758572,14.493602481676573,111.7191880941391,0.12973243655748445,7.159652933361238,5.536616254287546,1.2931459585657241,AP
5.8,-53.0,7.668020567286055,14.86111145316366,108.68178904056549,0.13673966525906883,7.568535110677065,5.626949446278036,1.345051200999024,AP
5.8,-52.8,7.761813208344299,15.015656188013866,105.47884404659271,0.14235704158249085,7.998327452451156,5.65977230548733,1.4131889095072823,AP
6.0,-54.2,7.438369978340588,13.325262893112619,112.99957931041718,0.11792311948796957,6.514840844457366,5.358970628962756,1.2156888506250934,AP
6.0,-54.0,7.477538685342869,13.459166537067494,114.43139910697937,0.11761777485989504,6.462615629332634,5.409313950395973,1.1947200122964867,AP
6.0,-53.8,7.569335905619304,13.56076395303788,113.64443898200989,0.1193262431009455,6.676508056733906,5.441824257022598,1.2268878488896375,AP
6.0,-53.6,7.619156585223556,13.952810839898458,111.71598732471466,0.12489538135077387,7.268598083843303,5.452256399727807,1.3331357791988971,AP
6.0,-53.4,7.732005686313966,14.47830960229141,109.31629240512848,0.13244420647413188,7.492805582061014,5.551727553304894,1.3496349577890603,AP
6.0,-53.2,7.726900276894148,14.664339211935557,106.63672089576721,0.13751678679494764,7.692545136606002,5.6262364806046525,1.3672630297579107,AP
