grid_lat,grid_lon,Hazard_Frequency_mhws,Hazard_Severity_mhws,Hazard_Index_mhws,Hazard_Frequency_hat_q90,Hazard_Severity_hat_q90,Hazard_Index_hat_q90,Hazard_Frequency_hat_final,Hazard_Severity_hat_final,Hazard_Index_hat_final
-35.0,-54.8,1.0,0.8378651685393258,0.9962108534544586,1.0,1.0,1.0,0.9591836734693877,1.0,1.0
-35.0,-54.6,0.9373134328358209,0.8552808988764043,0.9713896908733151,0.8982558139534884,0.9676277187658068,0.9329417663596475,0.9693877551020408,0.9564483813139302,0.9829788612956518
-35.0,-54.4,0.9194029850746268,0.8312359550561796,0.9483863256036337,0.8343023255813954,0.8818917551846233,0.8580970403830093,0.9693877551020408,0.8719814404724243,0.9398655269077999
-35.0,-54.2,0.8895522388059701,0.8112359550561796,0.9210540833777744,0.7325581395348837,0.8215730905412242,0.7770656150380539,1.0,0.770853105557313,0.9038729392948784
-35.0,-54.0,0.8537313432835821,0.8222471910112359,0.9074514058735909,0.622093023255814,0.8028578654527062,0.71247544435426,0.9897959183673469,0.7231888642834545,0.8743359828113466
-34.8,-54.4,0.9432835820895522,0.8557303370786516,0.9749094319498335,0.9331395348837209,0.9607991906929693,0.9469693627883451,0.9591836734693877,0.974164293999789,0.9868130250623923
-34.8,-54.2,0.9134328358208955,0.8899999999999999,0.9773322422258592,0.8546511627906976,0.9441072331815884,0.899379197986143,0.9693877551020408,0.9492776547506063,0.979318802945622
-34.8,-54.0,0.8626865671641791,0.898876404494382,0.9543757700582947,0.7325581395348837,0.9108497723823977,0.8217039559586408,0.9489795918367347,0.882421174733734,0.9347774746036768
-34.8,-53.8,0.835820895522388,0.8775280898876403,0.9279409330807847,0.6482558139534884,0.8265048052604957,0.7373803096069921,0.9693877551020408,0.7758093430349046,0.8907776855073992
-34.8,-53.6,0.8208955223880597,0.8189887640449437,0.8876615973077843,0.561046511627907,0.7163631765300962,0.6387048440790015,0.9285714285714286,0.7208689233364969,0.841901846286337
-34.6,-54.0,0.8417910447761194,0.8961797752808988,0.9414406296548299,0.8023255813953488,0.9151492159838139,0.8587373986895814,0.9897959183673469,0.8826320784561846,0.9557184567120109
-34.6,-53.8,0.8298507462686567,0.9338202247191011,0.9555315471045809,0.7296511627906976,0.9142640364188164,0.821957599604757,0.9693877551020408,0.8840029526521144,0.94600150708285
-34.6,-53.6,0.817910447761194,0.9528089887640447,0.959396090402545,0.6656976744186046,0.8581183611532626,0.7619080177859336,0.9387755102040817,0.8414004007170727,0.9086314545326726
-34.6,-53.4,0.8029850746268656,0.8904494382022471,0.9170221960683352,0.5813953488372093,0.7616337885685381,0.6715145687028737,0.9591836734693877,0.7347885690182431,0.8646316654363949
-34.4,-53.8,0.8955223880597015,0.7717977528089888,0.9027041688887254,0.8313953488372093,0.7602427921092565,0.7958190704732329,0.9897959183673469,0.7509227037857218,0.8884917967239623
-34.4,-53.6,0.8149253731343283,0.8798876404494381,0.9177780025377443,0.7063953488372093,0.8152503793626709,0.7608228640999402,0.9693877551020408,0.7974269745861015,0.9018116849449893
-34.4,-53.4,0.8149253731343283,0.9157303370786516,0.9374298902149727,0.6308139534883721,0.8296661608497724,0.7302400571690723,0.9591836734693877,0.7827691658757776,0.8891217617490949
-34.2,-53.6,0.7313432835820896,0.7848314606741572,0.8198339432501517,0.6337209302325582,0.7250885179564999,0.679404724094529,0.9693877551020408,0.6969313508383423,0.8505170436570706
-34.2,-53.4,0.7970149253731343,0.923258426966292,0.9317374354070505,0.6511627906976745,0.8069044006069803,0.7290335956523274,0.9693877551020408,0.7676895497205525,0.8866332076698653
-34.2,-53.2,0.8,0.9370786516853931,0.9409514702366721,0.6133720930232558,0.806272129489125,0.7098221112561904,0.9387755102040817,0.7929979964146366,0.8839260606699708
-34.0,-53.4,0.7522388059701492,0.878314606741573,0.8825456518141195,0.627906976744186,0.7454476479514417,0.6866773123478138,0.9795918367346939,0.6990403880628493,0.8568018647404126
-34.0,-53.2,0.8029850746268656,0.9287640449438201,0.938029386343993,0.6308139534883721,0.7855336368234699,0.708173795155921,0.9795918367346939,0.742275651165243,0.8788698636155928
-34.0,-53.0,0.8119402985074626,0.970449438202247,0.9657947001599881,0.622093023255814,0.7859129994941833,0.7040030113749987,0.9591836734693877,0.766951386691975,0.881048103624029
-33.8,-53.4,0.7432835820895523,0.7553932584269661,0.8102401662406442,0.627906976744186,0.6322711178553364,0.6300890472997612,0.9489795918367347,0.6172097437519772,0.7994091400400718
-33.8,-53.2,0.8029850746268656,0.9014606741573032,0.9230594530977031,0.6424418604651163,0.761254425897825,0.7018481431814707,0.9591836734693877,0.7287778129283982,0.8615636753488699
-33.8,-53.0,0.844776119402985,0.9595505617977527,0.9778223211166074,0.6627906976744186,0.785786545270612,0.7242886214725153,0.9489795918367347,0.7913107666350311,0.8882732038032972
-33.8,-52.8,0.844776119402985,1.0,1.0,0.6395348837209303,0.8189175518462316,0.7292262177835809,0.9897959183673469,0.7558789412633132,0.8910215429364828
-33.6,-53.0,0.8626865671641791,0.8408988764044943,0.9225877636587654,0.688953488372093,0.6980273141122915,0.6934904012421923,0.9795918367346939,0.6618158810503005,0.8378018559527576
-33.6,-52.8,0.835820895522388,0.9391011235955055,0.9617002887143934,0.6598837209302325,0.7665655032878098,0.7132246121090211,0.9489795918367347,0.755457133818412,0.8699729120531479
-33.6,-52.6,0.835820895522388,0.9870786516853932,0.9880054800566396,0.6366279069767442,0.8090541224076885,0.7228410146922164,0.9387755102040817,0.7835073289043551,0.8790818657949313
-33.4,-52.8,0.8507462686567164,0.876067415730337,0.9353233785100866,0.6598837209302325,0.7582195245321195,0.7090516227311761,0.9897959183673469,0.6751028155646946,0.8497920621111462
-33.4,-52.6,0.844776119402985,0.9206741573033707,0.9565071075231246,0.6686046511627907,0.7460799190692969,0.7073422851160438,0.9591836734693877,0.7173890119160603,0.8557506414988225
-33.4,-52.4,0.817910447761194,0.9277528089887639,0.9456582504275547,0.6075581395348837,0.7518968133535661,0.6797274764442249,0.9183673469387755,0.7526099335653273,0.8528946535906358
-33.2,-52.6,0.7731343283582089,0.8110112359550561,0.8571010868166019,0.6046511627906976,0.7067526555386949,0.6557019091646963,0.9795918367346939,0.6193187809764843,0.8161106277900806
-33.2,-52.4,0.764179104477612,0.8773033707865168,0.8885378546865518,0.6046511627906976,0.7262266059686394,0.6654388843796686,0.9489795918367347,0.6786881788463566,0.8307887579528279
-33.2,-52.2,0.7820895522388059,0.8475280898876403,0.882032586108608,0.5494186046511628,0.7352048558421852,0.642311730246674,0.8877551020408163,0.7163344933038068,0.8187540642904847
-33.0,-52.4,0.6507462686567164,0.7540449438202247,0.7587644127328564,0.5203488372093024,0.6269600404653516,0.573654438837327,0.9795918367346939,0.5387535590003164,0.7749887957397448
-33.0,-52.2,0.7074626865671642,0.825505617977528,0.8290415417716397,0.5261627906976745,0.6954982296408702,0.6108305101692724,0.9285714285714286,0.6545397026257513,0.8080463065485606
-32.8,-52.4,0.5582089552238806,0.7183146067415729,0.6884376321741847,0.44476744186046513,0.6191198786039454,0.5319436602322052,0.9387755102040817,0.5408625962248234,0.7552319501564203
-32.8,-52.2,0.6238805970149254,0.7721348314606741,0.7539528126666544,0.47674418604651164,0.657814871016692,0.5672795285316018,0.9387755102040817,0.5635347463882737,0.7668041934690147
-32.8,-52.0,0.6955223880597015,0.8305617977528088,0.8252671067875466,0.5,0.7226858877086495,0.6113429438543247,0.9183673469387755,0.6543287989033006,0.8027303244402264
-32.6,-52.2,0.5283582089552239,0.7125842696629212,0.6689291822210779,0.3953488372093023,0.6143146181082448,0.5048317276587736,0.8877551020408163,0.517874090477697,0.7174565670146579
-32.6,-52.0,0.6477611940298508,0.8188764044943819,0.7926736423987202,0.47093023255813954,0.7210419828022256,0.5959861076801826,0.9387755102040817,0.6130971211641886,0.7921016555942213
-32.4,-52.2,0.5104477611940299,0.7008988764044943,0.6527023299435444,0.41569767441860467,0.5885179564997471,0.5021078154591759,0.826530612244898,0.5199831277022039,0.6872830547646666
-32.4,-52.0,0.6328358208955224,0.7429213483146067,0.7428455837731477,0.5058139534883721,0.6356853818917553,0.5707496676900636,0.8979591836734694,0.6139407360539914,0.7716989173608915
-32.4,-51.8,0.7044776119402985,0.8276404494382021,0.828575369168245,0.5494186046511628,0.7353313100657562,0.6423749573584595,0.9285714285714286,0.6780554676790045,0.8200491449611585
-32.2,-52.0,0.7044776119402985,0.7279775280898876,0.7739320325861087,0.5901162790697675,0.6584471421345474,0.6242817106021574,0.9285714285714286,0.627965833596963,0.7944825608984498
-32.2,-51.8,0.7373134328358208,0.7762921348314606,0.8184253112414719,0.622093023255814,0.7038442083965605,0.6629686158261872,0.9489795918367347,0.672782874617737,0.8277745922528034
-32.2,-51.6,0.7671641791044777,0.7992134831460673,0.8473592747200206,0.627906976744186,0.7391249367728883,0.6835159567585372,0.9183673469387755,0.7299377834018771,0.8413224102780414
-32.0,-51.8,0.7731343283582089,0.66438202247191,0.7767070008643042,0.6744186046511628,0.6506069802731411,0.6625127924621519,0.9489795918367347,0.6411473162501318,0.8116272760026715
-32.0,-51.6,0.7223880597014926,0.7413483146067416,0.7910829548171169,0.6482558139534884,0.7193980778958017,0.6838269459246451,0.9285714285714286,0.7017821364547083,0.8321596321487574
-32.0,-51.4,0.7373134328358208,0.7775280898876404,0.8191029625406866,0.6540697674418605,0.7714972180070815,0.712783492724471,0.9183673469387755,0.7592534008225245,0.8562855900031636
-32.0,-51.2,0.7313432835820896,0.7785393258426965,0.8163840820905127,0.5959302325581395,0.7917298937784523,0.6938300631682959,0.8367346938775511,0.8078667088474112,0.8394319659741994
-31.8,-51.4,0.7343283582089553,0.7248314606741572,0.7885737141175821,0.7209302325581395,0.750126454223571,0.7355283433908553,0.9387755102040817,0.7583043340714963,0.8662178371823263
-31.8,-51.2,0.7253731343283583,0.7807865168539324,0.8143428529395538,0.6715116279069767,0.8069044006069803,0.7392080142569786,0.8979591836734694,0.8040704418432985,0.8687442880241836
-31.8,-51.0,0.7044776119402985,0.7739325842696628,0.7991283399841851,0.5436046511627907,0.7759231158320689,0.6597638834974298,0.8367346938775511,0.7573552673204681,0.813650084361489
-31.6,-51.2,0.7164179104477612,0.699438202247191,0.7648310928851211,0.7063953488372093,0.7474709155285787,0.726933132182894,0.9081632653061225,0.7737003058103975,0.8584511977573904
-31.6,-51.0,0.7074626865671642,0.7426966292134831,0.7836389047242501,0.6308139534883721,0.7655538694992414,0.6981839114938068,0.8673469387755102,0.7767584097859327,0.8391787716615698
-31.6,-50.8,0.6925373134328359,0.7130337078651685,0.7591919674874492,0.47674418604651164,0.7064997470915528,0.5916219665690322,0.8367346938775511,0.6554887693767795,0.7616557260360646
-31.4,-50.8,0.6328358208955224,0.7270786516853932,0.7341593262104856,0.5494186046511628,0.7383662114314619,0.6438924080413123,0.8469387755102041,0.7224507012548772,0.8010425454321769
-31.4,-50.6,0.6985074626865672,0.683258426966292,0.7461400540649882,0.4186046511627907,0.6599645928174002,0.5392846219900954,0.7857142857142857,0.6206896551724138,0.7178520114942529
-31.2,-50.8,0.6567164179104478,0.6857303370786516,0.7245820997076078,0.6366279069767442,0.7094081942336875,0.6730180506052159,0.8979591836734694,0.7205525677528208,0.8261153731238358
-31.2,-50.6,0.6895522388059702,0.6686516853932583,0.733221464168153,0.5377906976744186,0.6557916034395549,0.5967911505569867,0.8571428571428571,0.6388273753031741,0.7635681394776618
-31.2,-50.4,0.7194029850746269,0.6143820224719101,0.7198330237775612,0.34593023255813954,0.610900354071826,0.4784152933149828,0.7448979591836735,0.5576294421596542,0.6648316944356568
-31.0,-50.6,0.5880597014925373,0.6297752808988764,0.6562597693962743,0.5377906976744186,0.636949924127466,0.5873703109009423,0.8163265306122449,0.639987345776653,0.7433268744068333
-31.0,-50.4,0.6716417910447762,0.6558426966292134,0.7163785652549697,0.4738372093023256,0.6325240263024785,0.553180617802402,0.8469387755102041,0.585890540968048,0.7313399636191079
-31.0,-50.2,0.7044776119402985,0.6180898876404494,0.7136826716195589,0.2877906976744186,0.6310065756196257,0.4593986366470222,0.673469387755102,0.5555204049351471,0.6272968733523147
-30.8,-50.4,0.6179104477611941,0.6415730337078651,0.67909487118189,0.5290697674418605,0.6402377339403136,0.584653750691087,0.8469387755102041,0.6066645576294422,0.7419433679566945
-30.8,-50.2,0.6895522388059702,0.6468539325842696,0.7212701594365472,0.4563953488372093,0.6167172483560952,0.5365562985966522,0.7959183673469388,0.5916903933354424,0.7082586382649655
-30.6,-50.4,0.3582089552238806,0.5234831460674156,0.4719588444068482,0.3372093023255814,0.5440060698027315,0.44060768606415646,0.6938775510204082,0.4953073921754719,0.6069798147562305
-30.6,-50.2,0.6119402985074627,0.6299999999999999,0.6694762684124386,0.5058139534883721,0.597622660596864,0.551718307042618,0.8163265306122449,0.590108615417062,0.7178679391191255
-30.6,-50.0,0.6746268656716418,0.6558426966292134,0.7180152264660989,0.4011627906976744,0.6273394031360647,0.5142510969168695,0.826530612244898,0.5584730570494568,0.706928956202327
-30.4,-50.2,0.4417910447761194,0.547752808988764,0.531091965648504,0.3866279069767442,0.5386949924127467,0.46266144969474543,0.7653061224489796,0.5130233048613307,0.6524806451896376
-30.4,-50.0,0.6208955223880597,0.6288764044943819,0.6737702054101765,0.45930232558139533,0.597749114820435,0.5285257202009152,0.8469387755102041,0.5567858272698514,0.7164844326689868
-30.4,-49.8,0.6835820895522388,0.6425842696629213,0.7156558597988193,0.37209302325581395,0.6356853818917553,0.5038892025737847,0.7959183673469388,0.5629020352209216,0.6935645804773455
-30.2,-50.0,0.48656716417910445,0.5965168539325842,0.5823783078026444,0.3953488372093023,0.563859382903389,0.4796041100563456,0.8469387755102041,0.5134451123062321,0.694362609406306
-30.2,-49.8,0.6298507462686567,0.6295505617977527,0.6790498170249544,0.40988372093023256,0.6244309559939303,0.5171573384620815,0.8163265306122449,0.5757671622904145,0.7105478224190657
-30.0,-50.0,0.3582089552238806,0.525505617977528,0.4730677283510179,0.29069767441860467,0.546914516944866,0.4188060956817353,0.7244897959183674,0.4939365179795423,0.6219050977187247
-30.0,-49.8,0.5880597014925373,0.6348314606741573,0.6590319792566983,0.4418604651162791,0.5986342943854325,0.5202473797508558,0.8061224489795918,0.5818833702414847,0.7084613035607578
-29.8,-49.8,0.5671641791044776,0.602696629213483,0.6299564169992091,0.4738372093023256,0.5738492665655033,0.5238432379339144,0.8367346938775511,0.565749235474006,0.7158511722731906
-29.8,-49.6,0.6597014925373135,0.6606741573033706,0.7124809209437467,0.436046511627907,0.6734951947395043,0.5547708531837057,0.8163265306122449,0.6064536539069914,0.7262107191816936
-29.6,-49.8,0.48656716417910445,0.527752808988764,0.5446762537008772,0.43023255813953487,0.5316135558927668,0.48092305701615085,0.8163265306122449,0.5267320468206264,0.6855194822313615
-29.6,-49.6,0.6179104477611941,0.6384269662921348,0.6773699406020706,0.48546511627906974,0.6222812341932221,0.5538731752361459,0.8163265306122449,0.6106717283560054,0.728363694681711
-29.6,-49.4,0.6716417910447762,0.6670786516853932,0.7225390316114676,0.42151162790697677,0.6943601416287305,0.5579358847678536,0.7959183673469388,0.6179479067805547,0.7216609107525748
-29.4,-49.6,0.564179104477612,0.5857303370786516,0.6190174515897681,0.4883720930232558,0.5920586747597371,0.5402153838914965,0.7959183673469388,0.5870505114415269,0.705890365214946
-29.4,-49.4,0.6656716417910448,0.6308988764044943,0.6994290075212857,0.47674418604651164,0.6478249873545776,0.5622845867005446,0.7959183673469388,0.619529684698935,0.7224682765650815
-29.4,-49.2,0.7164179104477612,0.6450561797752808,0.7350144357196712,0.42151162790697677,0.6746332827516439,0.5480724553293104,0.8163265306122449,0.5881050300537805,0.7168452757566172
-29.2,-49.4,0.6328358208955224,0.607191011235955,0.6684271501866529,0.5377906976744186,0.61848760748609,0.5781391525802543,0.8163265306122449,0.6019192238743013,0.7238962705191747
-29.2,-49.2,0.7194029850746269,0.6356179775280898,0.7314763051913422,0.49127906976744184,0.6628730399595347,0.5770760548634883,0.8163265306122449,0.6207951070336392,0.7335308358817533
-29.2,-49.0,0.7343283582089553,0.6247191011235955,0.7336839588811858,0.39244186046511625,0.6549064238745574,0.5236741421698369,0.7857142857142857,0.5823051776863861,0.698259934444093
-29.0,-49.4,0.5761194029850746,0.5247191011235954,0.5921127641185014,0.5348837209302325,0.5696762771876581,0.5522799990589453,0.7857142857142857,0.5971738901191606,0.705849173081655
-29.0,-49.2,0.7164179104477612,0.6132584269662921,0.7175803159307821,0.6046511627906976,0.6302478502781993,0.6174495065344485,0.8061224489795918,0.6425181904460613,0.7394103263735105
-29.0,-49.0,0.7492537313432835,0.6294382022471909,0.7444546608065613,0.4796511627906977,0.6743803743045018,0.5770157685475997,0.7857142857142857,0.6482125909522303,0.7319001766318675
-29.0,-48.8,0.7492537313432835,0.6139325842696628,0.7359532172345941,0.3313953488372093,0.6932220536165908,0.5123087012269001,0.7653061224489796,0.5898977116946114,0.691718623677458
-29.0,-48.6,0.7582089552238805,0.5701123595505617,0.7168373820776403,0.20930232558139536,0.6674253920080931,0.43836385879474427,0.5714285714285714,0.5384372034166404,0.5664939892439101
-28.8,-49.0,0.7522388059701492,0.6291011235955056,0.7459065080269957,0.6482558139534884,0.6707132018209409,0.6594845078872147,0.8163265306122449,0.693240535695455,0.7705081900945552
-28.8,-48.8,0.7761194029850746,0.6233707865168538,0.7558579598742161,0.5087209302325582,0.670966110268083,0.5898435202503205,0.7857142857142857,0.6799536011810609,0.7481013172694998
-28.8,-48.6,0.7880597014925373,0.5791011235955055,0.7381323672741316,0.3168604651162791,0.6793120890237735,0.4980862770700263,0.7244897959183674,0.5846251186333439,0.6681940709691027
-28.8,-48.4,0.7313432835820896,0.5692134831460673,0.7016145938689566,0.17732558139534885,0.6203844208396561,0.39885500111750244,0.4897959183673469,0.5019508594326689,0.5062040845020914
-28.6,-48.8,0.8029850746268656,0.6362921348314606,0.7776724470843525,0.7034883720930233,0.6982802225594336,0.7008842973262284,0.8061224489795918,0.7561952968469893,0.7974330160989841
-28.6,-48.6,0.764179104477612,0.5878651685393258,0.7298442413431655,0.49127906976744184,0.6158320687910976,0.5535555692792697,0.7755102040816326,0.6415691236950333,0.7233009068860067
-28.6,-48.4,0.7701492537313432,0.5461797752808988,0.7102622335828168,0.2558139534883721,0.6762771876580679,0.46604557057322,0.6122448979591837,0.5992829273436676,0.618383994164997
-28.4,-48.6,0.7134328358208956,0.4778651685393258,0.6417100351238529,0.5494186046511628,0.5565250379362671,0.5529718212937149,0.7346938775510204,0.6156279658335969,0.6892267742275652
-28.4,-48.4,0.7820895522388059,0.5164044943820224,0.7004836425826145,0.38372093023255816,0.5866211431461811,0.4851710366893696,0.7244897959183674,0.5801961404618792,0.6659334466940842
-28.2,-48.6,0.5791044776119403,0.3874157303370786,0.5184685264532265,0.4883720930232558,0.4984825493171472,0.4934273211702015,0.6938775510204082,0.5679637245597384,0.6440648177440332
-28.2,-48.4,0.746268656716418,0.4548314606741573,0.6470843524154546,0.45930232558139533,0.5319929185634801,0.49564762207243773,0.7142857142857143,0.5924285563640198,0.6669687423108018
-28.2,-48.2,0.7820895522388059,0.47831460674157295,0.6795996616340867,0.29651162790697677,0.5728376327769348,0.43467463034195575,0.6428571428571429,0.5260993356532743,0.5966548692396921
-28.0,-48.4,0.6985074626865672,0.414943820224719,0.5990281174718181,0.49127906976744184,0.5084724329792616,0.4998757513733517,0.7346938775510204,0.5621638721923442,0.6619378097648424
-28.0,-48.2,0.7820895522388059,0.44955056179775277,0.663828867761452,0.3372093023255814,0.5557663125948407,0.446487807460211,0.6224489795918368,0.5658546873352314,0.6065299966606911
-27.8,-48.4,0.6507462686567164,0.339438202247191,0.5314432041780834,0.47093023255813954,0.44777440566514926,0.4593523191116444,0.7142857142857143,0.4906675102815564,0.6150282083728777
-27.8,-48.2,0.7701492537313432,0.40348314606741564,0.6320243108552934,0.4069767441860465,0.4812847749114821,0.4441307595487643,0.6530612244897959,0.5117578825266266,0.5945430858729657
-27.6,-48.4,0.608955223880597,0.2630337078651685,0.46663877599808745,0.438953488372093,0.4147698533131007,0.42686167084259685,0.7244897959183674,0.42855636401982494,0.5885339774684523
-27.6,-48.2,0.7223880597014926,0.3689887640449438,0.5869250997627761,0.3953488372093023,0.47129489124936774,0.43332186422933505,0.6530612244897959,0.48254771696720444,0.579633730535344
-27.6,-48.0,0.7223880597014926,0.403820224719101,0.6060225454679196,0.26744186046511625,0.5418563480020233,0.4046491042335698,0.5612244897959183,0.4864494358325424,0.5347502328728602
-27.4,-48.4,0.48656716417910445,0.18921348314606734,0.359061402379595,0.3372093023255814,0.3435761254425898,0.3403927138840856,0.5714285714285714,0.3448275862068966,0.4676724137931035
-27.4,-48.2,0.6686567164179105,0.33449438202247184,0.5385525662480002,0.375,0.46914516944865964,0.42207258472432985,0.6326530612244898,0.4424760097015712,0.5487637966185104
-27.4,-48.0,0.7343283582089553,0.3648314606741572,0.591192372055389,0.2936046511627907,0.4934243803743045,0.3935145157685476,0.5510204081632653,0.4846567541917115,0.5286268849520194
-27.2,-48.4,0.41194029850746267,0.18730337078651682,0.31709759282075806,0.2761627906976744,0.325113808801214,0.3006382997494442,0.37755102040816324,0.3429294527048402,0.3677452414847622
-27.2,-48.2,0.591044776119403,0.2759550561797753,0.4639033450412844,0.3313953488372093,0.3882144663631765,0.3598049076001929,0.5816326530612245,0.38068121902351576,0.49118103887658615
-27.2,-48.0,0.6925373134328359,0.35910112359550556,0.5651372772577649,0.31976744186046513,0.44309559939301973,0.38143152062674246,0.5714285714285714,0.44753769904038804,0.5200973672185314
-27.0,-48.4,0.3522388059701492,0.18460674157303364,0.2828858566726125,0.21220930232558138,0.2962822458270106,0.254245774076296,0.32653061224489793,0.34514394179057256,0.34283388695560474
-27.0,-48.2,0.5552238805970149,0.28730337078651685,0.4504854815277957,0.2936046511627907,0.39592817400101166,0.3447664125819012,0.5714285714285714,0.3614889802805019,0.47617666701817285
-26.8,-48.4,0.4537313432835821,0.2233707865168539,0.3597859467809265,0.24709302325581395,0.3368740515933233,0.2919835374245686,0.37755102040816324,0.35568912791310764,0.3742579923723154
-26.8,-48.2,0.5970149253731343,0.2935955056179775,0.47684859964324466,0.29651162790697677,0.3901112797167426,0.3433114538118597,0.5612244897959183,0.36254349889275544,0.47150657755984393
-26.6,-48.6,0.42388059701492536,0.219438202247191,0.34126317144485924,0.23837209302325582,0.3010875063227112,0.2697297996729835,0.35714285714285715,0.2960033744595592,0.3333767223804
-26.6,-48.4,0.5014925373134328,0.23370786516853928,0.39164015520697326,0.2558139534883721,0.3319423368740516,0.29387814518121186,0.4489795918367347,0.327217125382263,0.39618374108053006
-26.6,-48.2,0.6208955223880597,0.29168539325842685,0.48889461005167434,0.28488372093023256,0.3854324734446131,0.33515809718742284,0.4897959183673469,0.3634925656437836,0.43553266371401456
-26.4,-48.4,0.5313432835820896,0.25269662921348307,0.4184179554607477,0.2616279069767442,0.3220789074355083,0.2918534072061263,0.4387755102040816,0.3232099546556997,0.38893008102218
-26.4,-48.2,0.5970149253731343,0.3189887640449438,0.4907712536089299,0.25290697674418605,0.38947900859888723,0.32119299267153667,0.5,0.3582199725825161,0.43804977767232595
-26.2,-48.4,0.5074626865671642,0.24853932584269658,0.40304529321980914,0.2441860465116279,0.2790844714213455,0.2616352589664867,0.40816326530612246,0.3080248866392492,0.3655543692221168
-26.2,-48.2,0.6059701492537314,0.32348314606741563,0.49814542378491694,0.25872093023255816,0.3731664137582195,0.31594367199538886,0.4489795918367347,0.35094379415796684,0.4082942282681289
-26.0,-48.4,0.49850746268656715,0.2573033707865168,0.4029404733444896,0.22674418604651161,0.2816135558927669,0.25417887096963926,0.37755102040816324,0.3090794052515027,0.35046761309712116
-26.0,-48.2,0.5970149253731343,0.32247191011235954,0.4926809981794443,0.2558139534883721,0.3515427415275671,0.3036783475079696,0.42857142857142855,0.3329115258884319,0.3886735913388871
-25.8,-48.2,0.6417910447761194,0.3179775280898876,0.5147667298037846,0.25290697674418605,0.3495194739504299,0.301213225347308,0.40816326530612246,0.3492565643783613,0.3865997047347886
-25.8,-48.0,0.6835820895522388,0.3797752808988763,0.5715625517203331,0.2761627906976744,0.40452706120384424,0.3403449259507593,0.42857142857142855,0.3953390277338395,0.42053762873914724
-25.6,-48.4,0.6776119402985075,0.31471910112359547,0.5326201290939517,0.26453488372093026,0.3225847243297926,0.2935598040253614,0.37755102040816324,0.3471475271538542,0.36989821698477976
-25.6,-48.2,0.6686567164179105,0.3351685393258427,0.5389221942293901,0.27906976744186046,0.33143651997976736,0.3052531437108139,0.3877551020408163,0.37329958873774116,0.38845499841822206
-25.6,-48.0,0.6776119402985075,0.38168539325842693,0.5693365085786792,0.26453488372093026,0.40440060698027314,0.3344677453506017,0.41836734693877553,0.37899398924391015,0.4069865153432458
-25.6,-47.8,0.6835820895522388,0.4184269662921348,0.592754555986686,0.2761627906976744,0.42931208902377344,0.3527374398607239,0.4897959183673469,0.3872192344194875,0.4476431509016134
-25.4,-48.0,0.7373134328358208,0.36775280898876406,0.5944307545192078,0.32558139534883723,0.37696004046535153,0.3512707179070944,0.45918367346938777,0.39270273120320576,0.43481701905163633
-25.4,-47.8,0.7104477611940299,0.38865168539325834,0.5911592710421303,0.3023255813953488,0.4088265048052605,0.35557604310030466,0.46938775510204084,0.3982916798481493,0.4428780449224929
-25.4,-47.6,0.7074626865671642,0.4161797752808989,0.6046157524044209,0.3081395348837209,0.430450177035913,0.3692948559598169,0.4897959183673469,0.4069387324686281,0.4577083113641956
-25.2,-47.8,0.7164179104477612,0.3742696629213482,0.5865471965280715,0.3372093023255814,0.4126201315123925,0.3749147169189869,0.5102040816326531,0.39333544237055784,0.4611816320433056
-25.2,-47.6,0.7164179104477612,0.4048314606741572,0.6033036650177457,0.3488372093023256,0.42071320182094085,0.38477520556163325,0.5102040816326531,0.402404302435938,0.46581052936834333
-25.0,-47.8,0.6626865671641791,0.29651685393258426,0.5144568675407786,0.34011627906976744,0.368361153262519,0.3542387161661432,0.4897959183673469,0.33322788147210797,0.4200850645013885
-25.0,-47.6,0.7134328358208956,0.40067415730337075,0.5993876312547124,0.36046511627906974,0.4387961557916034,0.39963063603533655,0.5408163265306123,0.40957502899926185,0.4850955877183733
-25.0,-47.4,0.7373134328358208,0.3993258426966291,0.6117416649809668,0.3633720930232558,0.4600404653515428,0.4117062791873993,0.5204081632653061,0.4536539069914584,0.4971775150268903
-25.0,-47.2,0.7223880597014926,0.4025842696629212,0.6053448941687047,0.3430232558139535,0.46206373292867986,0.40254349437131665,0.5102040816326531,0.46873352314668354,0.4996660691061197
-24.8,-47.4,0.7283582089552239,0.39831460674157304,0.6062772393754942,0.39244186046511625,0.473697521497218,0.4330696909811671,0.5612244897959183,0.45375935885268376,0.5180646727477239
-24.8,-47.2,0.746268656716418,0.3989887640449437,0.6164668346236598,0.38372093023255816,0.4853313100657562,0.43452612014915715,0.5306122448979592,0.47674786459981017,0.5141733892228197
-24.8,-47.0,0.7134328358208956,0.40988764044943815,0.6044392136670406,0.3633720930232558,0.4902630247850278,0.4268175589041418,0.5204081632653061,0.486027628387641,0.5137016019895251
-24.8,-46.8,0.6955223880597015,0.4270786516853932,0.6040447599257066,0.3313953488372093,0.49721800708143654,0.4143066779593229,0.4489795918367347,0.5104924601919223,0.48973052655629373
-24.6,-47.2,0.7582089552238805,0.37943820224719094,0.6122942680078707,0.42151162790697677,0.5087253414264037,0.46511848466669026,0.6020408163265306,0.4728461457344722,0.5486402202186369
-24.6,-47.0,0.7492537313432835,0.397752808988764,0.6174258445355744,0.42151162790697677,0.5146686899342438,0.46809015892061023,0.5816326530612245,0.4831804281345565,0.5434983435270132
-24.6,-46.8,0.7134328358208956,0.40808988764044934,0.6034535390500009,0.3953488372093023,0.5041729893778453,0.4497609132935738,0.5612244897959183,0.4918274807550353,0.5374952766353825
-24.6,-46.6,0.7164179104477612,0.42393258426966285,0.6137764578237923,0.3633720930232558,0.526302478502782,0.4448372857630189,0.5102040816326531,0.5210376463144574,0.5263629653063376
-24.4,-46.8,0.7671641791044777,0.397752808988764,0.6272458118023502,0.4418604651162791,0.5290844714213455,0.4854724682688123,0.5918367346938775,0.5289465359063588,0.5720664610355373
-24.4,-46.6,0.7582089552238805,0.4184269662921348,0.6336710862649184,0.4418604651162791,0.5297167425392009,0.48578860382774,0.5816326530612245,0.5474006116207951,0.5762773955147809
-24.4,-46.4,0.746268656716418,0.4338202247191011,0.6355642803288034,0.40988372093023256,0.5618361153262519,0.48585991812824225,0.5612244897959183,0.5621638721923442,0.5733961430981757
-24.4,-46.2,0.7194029850746269,0.4574157303370786,0.6337713087772853,0.3953488372093023,0.5698027314112292,0.4825757843102657,0.5408163265306123,0.5620584203311189,0.5629256520440086
-24.4,-46.0,0.7044776119402985,0.4650561797752809,0.6297771198440574,0.3691860465116279,0.5658826504805261,0.467534348496077,0.5102040816326531,0.5582621533270062,0.5453629740939927
-24.4,-45.2,0.5283582089552239,0.44089887640449427,0.5199691057209584,0.16279069767441862,0.5591805766312595,0.36098563715283905,0.29591836734693877,0.5935885268374986,0.45401914390663994
-24.2,-46.6,0.7701492537313432,0.42831460674157296,0.6456389415031538,0.4941860465116279,0.5610773899848255,0.5276317182482266,0.6938775510204082,0.518190446061373,0.6186597068438258
-24.2,-46.4,0.7761194029850746,0.44797752808988767,0.6596930800492837,0.49127906976744184,0.577137076378351,0.5342080730728964,0.6836734693877551,0.5500369081514288,0.6297063385356251
-24.2,-46.2,0.7671641791044777,0.44910112359550564,0.6553991430515457,0.48255813953488375,0.5811836115326252,0.5318708755337545,0.673469387755102,0.5511968786249077,0.6250900734647966
-24.2,-46.0,0.7343283582089553,0.46831460674157305,0.6479302671987348,0.45058139534883723,0.593955488113303,0.5222684417310701,0.6224489795918368,0.5805124960455552,0.6140115865232522
-24.2,-45.8,0.7432835820895523,0.48808988764044936,0.663682671619559,0.44476744186046513,0.591805766312595,0.51828660408653,0.6122448979591837,0.5935885268374986,0.6154774772399734
-24.2,-45.6,0.7104477611940299,0.4796629213483146,0.6410590485297633,0.39825581395348836,0.5871269600404654,0.4926913869969769,0.5510204081632653,0.5992829273436676,0.587133994164997
-24.2,-45.4,0.6865671641791045,0.46808988764044934,0.6216204784935361,0.3372093023255814,0.5953464845725848,0.4662778934490831,0.4489795918367347,0.6384055678582727,0.5550195085943268
-24.2,-45.2,0.6119402985074627,0.45730337078651684,0.5747899005130657,0.26744186046511625,0.5824481537683359,0.4249450071167261,0.3673469387755102,0.6434672571970894,0.5159364125276811
-24.2,-45.0,0.5343283582089552,0.44707865168539324,0.5266306846392909,0.17732558139534885,0.5691704602933738,0.3732480208443613,0.3163265306122449,0.5555204049351471,0.445005206685648
-24.0,-46.4,0.8597014925373134,0.45865168539325835,0.711372036999577,0.5843023255813954,0.6124178047546789,0.5983600651680372,0.7346938775510204,0.5738690287883581,0.667912316777391
-24.0,-46.2,0.8298507462686567,0.44,0.6847790507364976,0.5784883720930233,0.5915528578654528,0.5850206149792381,0.7142857142857143,0.5769271327638933,0.6590565573482372
-24.0,-46.0,0.808955223880597,0.47606741573033695,0.6930975192629508,0.5465116279069767,0.6349266565503288,0.5907191422286527,0.7142857142857143,0.6239586628703997,0.6830622341734331
-24.0,-45.8,0.808955223880597,0.487752808988764,0.6995044042737085,0.5406976744186046,0.6439049064238745,0.5923012904212396,0.7040816326530612,0.6215332700622166,0.6766159399275898
-24.0,-45.6,0.7910447761194029,0.4813483146067415,0.686172971183729,0.5232558139534884,0.6308801213960546,0.5770679676747715,0.7040816326530612,0.6130971211641886,0.6723099889275546
-24.0,-45.4,0.7522388059701492,0.5173033707865168,0.6846098677798415,0.5116279069767442,0.6373292867981791,0.5744785968874617,0.6938775510204082,0.63460930085416,0.6780818306443108
-24.0,-45.2,0.7134328358208956,0.49595505617977526,0.6516283859578146,0.45348837209302323,0.5862417804754679,0.5198650762842456,0.6326530612244898,0.600021090372245,0.6291774315441668
-24.0,-45.0,0.6358208955223881,0.44764044943820214,0.5825851891355117,0.30523255813953487,0.5830804248861913,0.44415649151286307,0.4387755102040816,0.622271433090794,0.5415760439734262
-24.0,-44.8,0.5671641791044776,0.43629213483146057,0.5387199102594751,0.22093023255813954,0.5738492665655033,0.3973897495618214,0.3469387755102041,0.6249077296214278,0.4960466536609371
-23.8,-45.8,0.9074626865671642,0.5129213483146067,0.7673136688795307,0.6656976744186046,0.6951188669701568,0.6804082706943807,0.7857142857142857,0.6966149952546662,0.7566055704945692
-23.8,-45.6,0.9373134328358209,0.5020224719101123,0.7777046286250207,0.6802325581395349,0.6930955993930198,0.6866640787662773,0.7755102040816326,0.6965095433934408,0.7513434127737354
-23.8,-45.4,0.8746268656716418,0.404943820224719,0.6901083138711633,0.625,0.5883915022761761,0.606695751138088,0.7551020408163265,0.5511968786249077,0.6667567401314634
-23.8,-45.2,0.6716417910447762,0.30629213483146056,0.5247264569043197,0.46511627906976744,0.452959028831563,0.4590376539506652,0.673469387755102,0.43910155014235996,0.5678747495518296
-23.8,-45.0,0.6388059701492538,0.44426966292134823,0.5823737104396918,0.4186046511627907,0.541224076884168,0.4799143640234793,0.6428571428571429,0.5336918696614995,0.6005302251397238
-23.8,-44.8,0.6388059701492538,0.44224719101123594,0.5812648264955221,0.31976744186046513,0.6034395548811331,0.4616034983707991,0.4897959183673469,0.6023410313192028,0.5574449014025098
-23.8,-44.6,0.6029850746268657,0.44853932584269657,0.5650747531216095,0.26453488372093026,0.5739757207890744,0.41925530225500235,0.3673469387755102,0.6660339554993145,0.5274548314527752
-23.6,-45.2,0.5253731343283582,0.18999999999999997,0.38076923076923075,0.38372093023255816,0.3706373292867982,0.37717912975967816,0.6836734693877551,0.3391331857007276,0.5220575635347464
-23.6,-45.0,0.6238805970149254,0.347752808988764,0.5212719983817282,0.4418604651162791,0.4742033383915023,0.4580319017538907,0.673469387755102,0.46124644099968365,0.5791778709269219
-23.6,-44.8,0.6656716417910448,0.44707865168539324,0.5986437779289799,0.4418604651162791,0.5556398583712696,0.49875016174377435,0.6530612244897959,0.5549931456290204,0.6166110847481457
-23.6,-44.6,0.6686567164179105,0.4592134831460674,0.606933742805127,0.40406976744186046,0.5742286292362165,0.48914919833903847,0.5816326530612245,0.5902140672782874,0.5981300968399592
-23.6,-44.4,0.6358208955223881,0.4756179775280898,0.5979247503631916,0.3313953488372093,0.6057157309054123,0.4685555398713108,0.4897959183673469,0.6217441737846673,0.5673485887025906
-23.6,-44.2,0.6029850746268657,0.47831460674157295,0.5813999889663288,0.26744186046511625,0.6036924633282752,0.43556716189669575,0.3877551020408163,0.6760518823157229,0.5429848149319836
-23.6,-44.0,0.5791044776119403,0.4795505617977528,0.5689843505765093,0.2238372093023256,0.6004046535154275,0.4121209314088765,0.35714285714285715,0.6210060107560899,0.4992634846567542
-23.4,-44.4,0.7134328358208956,0.4689887640449438,0.6368432667022196,0.4622093023255814,0.5830804248861913,0.5226448636058864,0.6122448979591837,0.6166824844458504,0.6272650181025694
-23.4,-44.2,0.6805970149253732,0.5022471910112359,0.6370749737950312,0.38953488372093026,0.6364441072331816,0.512989495477056,0.5510204081632653,0.6461035537277233,0.6110320222151921
-23.4,-44.0,0.6328358208955224,0.5285393258426966,0.6253038856911675,0.3488372093023256,0.6275923115832069,0.48821476044276624,0.47959183673469385,0.6723610671728355,0.5879759613694682
-23.4,-43.8,0.6238805970149254,0.5206741573033707,0.6160815756082311,0.2819767441860465,0.6528831562974203,0.4674299502417334,0.41836734693877553,0.7007276178424549,0.5712047216070865
-23.4,-43.6,0.6029850746268657,0.5093258426966292,0.5984028761102631,0.25290697674418605,0.6236722306525039,0.43828960369834497,0.37755102040816324,0.6896551724137931,0.5447198275862069
-23.4,-43.4,0.5850746268656717,0.49584269662921343,0.5811903492156898,0.20930232558139536,0.635179564997471,0.4222409452894332,0.3469387755102041,0.6474744279236528,0.5075650725860311
-23.4,-43.2,0.5492537313432836,0.510561797752809,0.5696206256091506,0.17732558139534885,0.640743550834598,0.4090345661149734,0.29591836734693877,0.6235368554254983,0.46930526995676475
-23.4,-43.0,0.49850746268656715,0.4961797752808988,0.5339119880836353,0.14825581395348839,0.6404906423874557,0.39437322817047205,0.2653061224489796,0.6083517874090477,0.44592955815670143
-23.4,-42.8,0.44477611940298506,0.4625842696629214,0.4860322918773792,0.11337209302325581,0.6508598887202833,0.38211599087176956,0.21428571428571427,0.5779816513761468,0.4043864678899083
-23.4,-42.6,0.39104477611940297,0.4759550561797752,0.4639033450412843,0.09593023255813954,0.6231664137582196,0.35954832315817953,0.15306122448979592,0.5898977116946114,0.3792186236774579
-23.4,-42.2,0.34328358208955223,0.483820224719101,0.4420290921127641,0.08430232558139535,0.5570308548305514,0.3206665902059734,0.1326530612244898,0.5320046398818938,0.33925236827305
-23.4,-42.0,0.3701492537313433,0.4659550561797753,0.4469639015060961,0.09593023255813954,0.5180829539706626,0.30700659326440105,0.1326530612244898,0.5328482547716967,0.33968296337305354
-23.2,-44.4,0.7373134328358208,0.4484269662921348,0.6386629029588627,0.502906976744186,0.5828275164390491,0.5428672465916176,0.6938775510204082,0.5678582726985131,0.6440109933565328
-23.2,-44.2,0.7432835820895523,0.5253932584269663,0.6841354199231321,0.502906976744186,0.6373292867981791,0.5701181317711825,0.6530612244897959,0.6504270800379627,0.6653221554360434
-23.2,-44.0,0.7194029850746269,0.4814606741573033,0.6469547067801908,0.4622093023255814,0.6043247344461306,0.533267018385856,0.6326530612244898,0.6250131814826532,0.641933811381771
-23.2,-43.8,0.6925373134328359,0.5182022471910113,0.6523694808657754,0.43023255813953487,0.6341679312089024,0.5322002446742187,0.5816326530612245,0.6680375408625961,0.6378524948152835
-23.2,-43.6,0.6805970149253732,0.541123595505618,0.6583901873885138,0.4011627906976744,0.6463075366717249,0.5237351636846996,0.5102040816326531,0.726036064536539,0.6309975746071919
-23.2,-43.4,0.6268656716417911,0.5857303370786516,0.6533873370234833,0.3633720930232558,0.6547799696509864,0.5090760313371211,0.45918367346938777,0.7425920067489191,0.6134063367780941
-23.2,-43.2,0.6179104477611941,0.5806741573033708,0.6457051435296715,0.31976744186046513,0.6514921598381386,0.48562980084930185,0.4387755102040816,0.7197089528630181,0.5913097780238321
-23.2,-43.0,0.6,0.5767415730337078,0.6337290130381213,0.2877906976744186,0.6384673748103187,0.4631290362423687,0.4387755102040816,0.6828008014341452,0.5724712423986783
-23.2,-42.8,0.564179104477612,0.5501123595505618,0.5994887732396698,0.21511627906976744,0.6660343955488113,0.4405753373092893,0.37755102040816324,0.6614995254666244,0.5303487161235896
-23.2,-42.6,0.5522388059701493,0.5220224719101123,0.5775409625039077,0.17732558139534885,0.6307536671724836,0.4040396242839162,0.2857142857142857,0.6176315511968786,0.4610827709234068
-23.2,-42.4,0.5194029850746269,0.5156179775280898,0.5560262233582817,0.14534883720930233,0.6516186140617097,0.39848372563550605,0.25510204081632654,0.634925656437836,0.4542849704734788
-23.2,-42.2,0.5044776119402985,0.5070786516853932,0.5431609628716968,0.13662790697674418,0.6339150227617603,0.38527146486925223,0.21428571428571427,0.6722556153116102,0.45250547031530103
-23.2,-42.0,0.5194029850746269,0.48662921348314603,0.5401322201585171,0.13953488372093023,0.6198786039453719,0.37970674383315106,0.24489795918367346,0.5796688811557523,0.42087265808991525
-23.2,-41.8,0.5014925373134328,0.4611235955056179,0.516327994262491,0.12790697674418605,0.612670713201821,0.3702888449730035,0.23469387755102042,0.5620584203311189,0.40667565204400863
-23.0,-44.4,0.817910447761194,0.25887640449438193,0.5789256882252339,0.5843023255813954,0.41502276176024283,0.4996625436708191,0.7142857142857143,0.3886955604766424,0.5629800256599529
-23.0,-44.0,0.7253731343283583,0.29011235955056175,0.5453152871512901,0.4796511627906977,0.42071320182094085,0.4501821823058193,0.6530612244897959,0.37878308552145945,0.5266705332349115
-23.0,-43.4,0.755223880597015,0.47393258426966295,0.6624671288548889,0.4941860465116279,0.6210166919575114,0.5576013692345696,0.6428571428571429,0.644521775809343,0.6570996564026855
-23.0,-43.2,0.7223880597014926,0.5129213483146067,0.6658406737895143,0.45348837209302323,0.6416287303995953,0.5475585512463093,0.6122448979591837,0.6764736897606242,0.6577834458153186
-23.0,-43.0,0.7044776119402985,0.5484269662921347,0.6754877802092718,0.4331395348837209,0.6723571067273647,0.5527483208055428,0.5714285714285714,0.7256142570916377,0.6620322770571901
-23.0,-42.8,0.6955223880597015,0.557752808988764,0.6756909836517773,0.4273255813953488,0.6433990895295904,0.5353623354624696,0.5612244897959183,0.7268796794263419,0.657469836373862
-23.0,-42.6,0.7014925373134329,0.5501123595505618,0.6747751889516174,0.37790697674418605,0.6231664137582196,0.5005366952512028,0.4897959183673469,0.7208689233364969,0.6179435129530036
-23.0,-42.4,0.6716417910447762,0.5759550561797753,0.6725776494602697,0.33430232558139533,0.6231664137582196,0.4787343696698074,0.4387755102040816,0.7462828218918064,0.6048735236739429
-23.0,-42.2,0.6626865671641791,0.56438202247191,0.6613223854796888,0.311046511627907,0.5981284774911482,0.45458749455952757,0.4387755102040816,0.6782663714014552,0.5701567937361594
-23.0,-42.0,0.608955223880597,0.5188764044943819,0.6069125949355448,0.2558139534883721,0.5386949924127467,0.3972544729505594,0.3979591836734694,0.5937994305599494,0.5062101260149742
-23.0,-41.8,0.573134328358209,0.4595505617977528,0.5547453980396845,0.18313953488372092,0.550455235204856,0.36679738504428844,0.3163265306122449,0.5478224190656964,0.4410760263981159
-23.0,-41.6,0.5462686567164179,0.44438202247191,0.5316988175582485,0.15406976744186046,0.5632271117855338,0.3586484396136971,0.29591836734693877,0.5096488453021196,0.41117493145629025
-22.8,-41.8,0.48955223880597015,0.2601123595505618,0.3995706063002262,0.16279069767441862,0.4017450682852807,0.28226788297984967,0.3673469387755102,0.3504165348518401,0.3663584396639601
-22.8,-41.6,0.5313432835820896,0.3938202247191011,0.49579341289836154,0.14534883720930233,0.5665149215983815,0.3559318794038419,0.3163265306122449,0.4782241906569651,0.40555193064782596
-22.6,-41.8,0.37910447761194027,0.18719101123595502,0.29903271483477073,0.11918604651162791,0.3648204350025291,0.2420032407570785,0.336734693877551,0.2799746915533059,0.3147787488136666
-22.6,-41.6,0.5223880597014925,0.3624719101123595,0.4736957281303444,0.15988372093023256,0.516691957511381,0.33828783922080674,0.32653061224489793,0.469788041758937,0.4064543129811241
-22.6,-41.4,0.5223880597014925,0.42674157303370785,0.5089335956895125,0.1686046511627907,0.5318664643399089,0.3502355577513498,0.2755102040816326,0.5621638721923442,0.42756280976484234
-22.4,-41.6,0.5104477611940299,0.31674157303370787,0.44207598521488084,0.17151162790697674,0.44815376833586246,0.3098326981214196,0.3469387755102041,0.4134767478645998,0.38812875672255615
-22.4,-41.4,0.5283582089552239,0.3837078651685393,0.4886123319663841,0.16279069767441862,0.5529843196762773,0.3578875086753479,0.336734693877551,0.502267215016345,0.4282405576645928
-22.4,-41.2,0.5104477611940299,0.42674157303370785,0.5023869508449954,0.1686046511627907,0.5370510875063228,0.35282786933455673,0.30612244897959184,0.5362227143309078,0.4299470104397342
-22.4,-41.0,0.4626865671641791,0.4097752808988764,0.46689806726861477,0.125,0.5313606474456247,0.32818032372281236,0.24489795918367346,0.489929347252979,0.37506810432704135
-22.4,-40.8,0.3701492537313433,0.4074157303370786,0.414867871788742,0.07848837209302326,0.5173242286292363,0.2979063003611298,0.16326530612244897,0.5411789518084994,0.35956008998558825
-22.2,-41.4,0.582089552238806,0.2642696629213483,0.4525864763971386,0.19476744186046513,0.43753161355589276,0.31614952770817895,0.37755102040816324,0.38837920489296635,0.39094355249745155
-22.2,-41.2,0.5462686567164179,0.37831460674157297,0.4954752753820409,0.1744186046511628,0.5448912493677289,0.35965492700944585,0.37755102040816324,0.4922492881999367,0.4439605741853843
-22.2,-41.0,0.5014925373134328,0.38247191011235954,0.47320472976700567,0.15406976744186046,0.5192210419828023,0.3366454047123314,0.30612244897959184,0.48898028050195086,0.4058336848395374
-22.2,-40.8,0.43283582089552236,0.37752808988764036,0.43285091671417275,0.11046511627906977,0.5418563480020233,0.3261607321405465,0.25510204081632654,0.44237055784034585,0.3560016388976765
-22.2,-40.6,0.3761194029850746,0.3930337078651685,0.4102557972746833,0.07267441860465117,0.5636064744562469,0.31814044653044904,0.16326530612244897,0.5543604344616682,0.3662881384231431
-22.0,-40.8,0.44776119402985076,0.2724719101123595,0.3834338623365638,0.12209302325581395,0.4444865958523015,0.2832898095540577,0.2653061224489796,0.414425814615628,0.34694650954339346
-22.0,-40.6,0.4208955223880597,0.3220224719101123,0.3958715680685559,0.10755813953488372,0.47357106727364695,0.2905646034042653,0.21428571428571427,0.42855636401982494,0.32811731080178563
-21.8,-40.8,0.29850746268656714,0.1858426966292134,0.25410360617149996,0.08139534883720931,0.373925139099646,0.22766024396842766,0.25510204081632654,0.2791310766635031,0.27268148704699635
-21.8,-40.6,0.3522388059701492,0.2621348314606741,0.32539307453244815,0.0872093023255814,0.4013657056145676,0.24428750397007448,0.20408163265306123,0.35674364652536117,0.2862545695806531
-21.6,-40.8,0.21194029850746268,0.1333707865168539,0.1778710531639052,0.061046511627906974,0.28464845725847243,0.1728474844431897,0.22448979591836735,0.22788147210798268,0.23089783472178282
-21.6,-40.6,0.2865671641791045,0.19651685393258422,0.25340940436565584,0.06686046511627906,0.3544511886697016,0.21065582689299034,0.20408163265306123,0.2692186017083202,0.24158032795528844
-21.4,-40.8,0.191044776119403,0.1225842696629213,0.16050037698376213,0.05813953488372093,0.25025290844714215,0.15419622166543154,0.20408163265306123,0.22007803437730675,0.21649816338008368
-21.4,-40.6,0.26865671641791045,0.1649438202247191,0.22627852663712097,0.061046511627906974,0.33586241780475473,0.19845446471633085,0.19387755102040816,0.24317199198565853,0.22307737090934654
-21.2,-40.8,0.19701492537313434,0.13932584269662915,0.1729527942772026,0.061046511627906974,0.28806272129489124,0.1745546164613991,0.23469387755102042,0.2199725825160814,0.23206933899258322
-21.2,-40.6,0.23880597014925373,0.15921348314606734,0.20677007668401404,0.05813953488372093,0.2922357106727365,0.17518762277822872,0.1836734693877551,0.23895391753664452,0.21571606207599564
-21.2,-40.4,0.20298507462686566,0.19674157303370784,0.20770609978116555,0.040697674418604654,0.340161861406171,0.19042976791238783,0.10204081632653061,0.2393757249815459,0.17426469295933072
-21.0,-40.8,0.2537313432835821,0.15460674157303367,0.21242759153349638,0.07848837209302326,0.27238239757207894,0.1754353848325511,0.25510204081632654,0.2472846145734472,0.2564265220218637
-21.0,-40.6,0.26865671641791045,0.1558426966292134,0.2212885488883576,0.05813953488372093,0.2953970662620132,0.17676830057286705,0.20408163265306123,0.23157228725086995,0.22236502161763155
-21.0,-40.4,0.23283582089552238,0.19359550561797748,0.22234778131263905,0.046511627906976744,0.30285786545270615,0.17468474667984146,0.12244897959183673,0.2079510703363914,0.16864169215086644
-21.0,-40.2,0.16716417910447762,0.2504494382022472,0.21751319443167402,0.029069767441860465,0.2816135558927669,0.15534166166731367,0.07142857142857142,0.15016345038489928,0.11310426113395901
-21.0,-29.4,0.008955223880597015,0.2464044943820224,0.12855238235348201,0.0029069767441860465,0.01732422862923622,0.010115602686711134,0.01020408163265306,0.06411473162501317,0.03793356093360047
-21.0,-29.2,0.0029850746268656717,0.24561797752808984,0.12484782728626859,0.0029069767441860465,0.0,0.0014534883720930232,0.01020408163265306,0.0666455762944216,0.03922534623361102
-20.8,-40.4,0.26865671641791045,0.17370786516853928,0.23108369039518933,0.046511627906976744,0.30741021750126457,0.17696092270412067,0.15306122448979592,0.1939259727934198,0.177108048613308
-20.8,-40.2,0.20597014925373133,0.22640449438202243,0.22560639217344927,0.03488372093023256,0.2843955488113303,0.15963963487078142,0.08163265306122448,0.20911104080987028,0.14840042708003795
-20.8,-40.0,0.11641791044776119,0.3247191011235955,0.23041063645892715,0.020348837209302327,0.32309054122407693,0.17171968921668962,0.01020408163265306,0.13582199725825161,0.07453414443389927
-20.8,-29.6,0.005970149253731343,0.2867415730337078,0.14903179536218022,0.0,0.0,0.0,0.0,0.0,0.0
-20.8,-29.4,0.0029850746268656717,0.3050561797752808,0.15743669431214252,0.0,0.0,0.0,0.0,0.0,0.0
-20.8,-29.2,0.0,0.3258426966292135,0.16719689586053443,0.0,0.0,0.0,0.01020408163265306,0.045133396604450066,0.02824517118352139
-20.8,-29.0,0.008955223880597015,0.23887640449438197,0.12442486989462843,0.0,0.0,0.0,0.01020408163265306,0.04038806284930929,0.025823073746001617
-20.8,-28.8,0.0029850746268656717,0.3520224719101123,0.1831874436823038,0.0,0.0,0.0,0.030612244897959183,0.055573130865759775,0.043990452212731554
-20.8,-28.6,0.0029850746268656717,0.3482022471910111,0.18109288512109448,0.0,0.0,0.0,0.02040816326530612,0.13582199725825161,0.07974247776723259
-20.6,-40.4,0.29850746268656714,0.14887640449438197,0.2338356718586219,0.05813953488372093,0.26036924633282754,0.15925439060827423,0.20408163265306123,0.20341664030370135,0.20799391015501423
-20.6,-40.2,0.2507462686567164,0.21460674157303364,0.24368782066606592,0.046511627906976744,0.26643904906423876,0.15647533848560774,0.14285714285714285,0.16197405884213856,0.15559092586734155
-20.6,-40.0,0.16716417910447762,0.24179775280898871,0.21276963533717058,0.02616279069767442,0.27579666160849775,0.15097972615308608,0.04081632653061224,0.12000421807444901,0.08208548630883335
-20.6,-29.8,0.0,0.3430337078651685,0.1766224093859762,0.0,0.0,0.0,0.01020408163265306,0.2322049984182221,0.12372963460930086
-20.6,-29.6,0.0029850746268656717,0.2882022471910111,0.14819599477739562,0.0,0.0,0.0,0.01020408163265306,0.06917642096383002,0.04051713153362157
-20.6,-29.4,0.005970149253731343,0.2442696629213483,0.12574523253461814,0.0,0.0,0.0,0.0,0.0,0.0
-20.6,-29.2,0.008955223880597015,0.23460674157303368,0.12208389267915924,0.0,0.0,0.0,0.0,0.0,0.0
-20.6,-29.0,0.008955223880597015,0.32224719101123583,0.1701355302598429,0.0029069767441860465,0.0042994436014162874,0.003603210172801167,0.01020408163265306,0.0687546135189286,0.040301833983619806
-20.6,-28.8,0.011940298507462687,0.3548314606741572,0.18963754390481619,0.0029069767441860465,0.008598887202832575,0.005752931973509311,0.02040816326530612,0.12780765580512496,0.0756518243171992
-20.6,-28.6,0.014925373134328358,0.33528089887640444,0.1805549936556391,0.0029069767441860465,0.006196256954982297,0.004551616849584172,0.02040816326530612,0.12928398186227988,0.07640536574220536
-20.4,-40.2,0.28059701492537314,0.19786516853932581,0.250875337906177,0.05232558139534884,0.2909711684370258,0.1716483749161873,0.16326530612244897,0.16334493303806813,0.16670730957151395
-20.4,-40.0,0.208955223880597,0.2230337078651685,0.22539491347762922,0.03197674418604651,0.26694486595852307,0.1494608050722848,0.09183673469387756,0.13012759675208266,0.1132942941755422
-20.4,-39.8,0.11343283582089553,0.2913483146067415,0.21047739016899905,0.01744186046511628,0.28110773899848257,0.1492747997317994,0.01020408163265306,0.13793103448275862,0.07561063218390805
-20.4,-29.6,0.008955223880597015,0.2586516853932584,0.13526729068206475,0.0,0.0,0.0,0.01020408163265306,0.06896551724137931,0.04040948275862069
-20.4,-29.4,0.011940298507462687,0.2774157303370786,0.14719193070854558,0.0,0.0,0.0,0.01020408163265306,0.20816197405884213,0.11145767425920068
-20.4,-29.2,0.014925373134328358,0.2506741573033707,0.13416668199120982,0.0,0.0,0.0,0.01020408163265306,0.2043657070547295,0.10951999630918487
-20.4,-29.0,0.008955223880597015,0.37943820224719094,0.2014923040144173,0.0,0.0,0.0,0.01020408163265306,0.2043657070547295,0.10951999630918487
-20.4,-28.8,0.008955223880597015,0.39617977528089887,0.21067139888559921,0.0029069767441860465,0.0027819929185634805,0.0028444848313747637,0.01020408163265306,0.2007803437730676,0.10768996713416994
-20.4,-28.6,0.014925373134328358,0.39337078651685387,0.21240460471873332,0.0029069767441860465,0.01024279210925645,0.006574884426721248,0.01020408163265306,0.203311188442476,0.10898175243418047
-20.2,-40.0,0.21492537313432836,0.2859550561797752,0.2631668474962761,0.046511627906976744,0.23836621143146183,0.1424389196692193,0.1326530612244898,0.14984709480122324,0.1441927879714577
-20.2,-39.8,0.15223880597014924,0.2823595505617977,0.22682561282848154,0.020348837209302327,0.30690440060698027,0.16362661890814129,0.030612244897959183,0.07961615522513972,0.05626241256283173
-20.2,-29.6,0.011940298507462687,0.2759550561797753,0.14639107008220087,0.0,0.0,0.0,0.01020408163265306,0.21902351576505324,0.11700158617174594
-20.2,-29.4,0.014925373134328358,0.21865168539325835,0.11660935287519075,0.0,0.0,0.0,0.01020408163265306,0.21364547084256036,0.11425654240922352
-20.2,-29.2,0.011940298507462687,0.25775280898876396,0.1364111145846742,0.0,0.0,0.0,0.01020408163265306,0.2099546556996731,0.11237268884670815
-20.2,-29.0,0.0,0.520561797752809,0.2739577778186432,0.0029069767441860465,0.006449165402124432,0.0046780710731552395,0.01020408163265306,0.13318570072761785,0.07318853474638828
-20.2,-28.8,0.011940298507462687,0.3938202247191011,0.21101436216186398,0.0029069767441860465,0.012898330804248863,0.007902653774217455,0.01020408163265306,0.13276389328271646,0.07297323719638653
-20.2,-28.6,0.014925373134328358,0.3844943820224718,0.20753783629709996,0.0029069767441860465,0.02099140111279717,0.01194918892849161,0.01020408163265306,0.1339238637561953,0.07356530545889137
-20.0,-40.0,0.2746268656716418,0.30483146067415723,0.3062496551977786,0.055232558139534885,0.29640870005058173,0.1758206290950583,0.15306122448979592,0.17483918591163133,0.1673658344757285
-20.0,-39.8,0.21194029850746268,0.3012359550561797,0.269908420529984,0.03197674418604651,0.25923115832068794,0.14560395125336723,0.061224489795918366,0.1335020563112939,0.09939167457555625
-20.0,-39.6,0.11940298507462686,0.33337078651685387,0.23679085676455985,0.014534883720930232,0.2690945877592312,0.14181473574008072,0.01020408163265306,0.14879257618896974,0.08115454409645331
-19.8,-40.0,0.3611940298507463,0.2729213483146067,0.33621710586807413,0.0755813953488372,0.32233181588265053,0.19895660561574385,0.1836734693877551,0.24844458504692607,0.2205602569510352
-19.8,-39.8,0.27761194029850744,0.3275280898876404,0.32033045844903363,0.04941860465116279,0.3168942842690946,0.1831564444601287,0.15306122448979592,0.2014130549404197,0.1809295801258392
-19.8,-39.6,0.19701492537313434,0.3192134831460674,0.27158186064473416,0.029069767441860465,0.2542994436014163,0.1416846055216384,0.07142857142857142,0.12865127069492777,0.10212408608386939
-19.8,-39.4,0.14029850746268657,0.31910112359550563,0.2404236929697126,0.014534883720930232,0.31259484066767834,0.1635648621943043,0.030612244897959183,0.0943794157966888,0.06379782681289324
-19.6,-39.6,0.25970149253731345,0.32168539325842693,0.30730704867687897,0.0436046511627907,0.29387961557916037,0.16874213337097554,0.1326530612244898,0.1745228303279553,0.1567876946465605
-19.6,-39.4,0.19402985074626866,0.3220224719101123,0.27148531602272935,0.023255813953488372,0.24064238745574104,0.1319491007046147,0.04081632653061224,0.05884213856374565,0.050867341558578506
-19.4,-39.6,0.2746268656716418,0.24808988764044937,0.27513930009746407,0.04941860465116279,0.2025796661608498,0.1259991354060063,0.14285714285714285,0.13592744911947693,0.142296302154733
-19.4,-39.4,0.21492537313432836,0.3198876404494381,0.28177145589289987,0.01744186046511628,0.2890743550834598,0.15325810777428803,0.07142857142857142,0.09343034904566065,0.08414674065872262
-19.2,-39.6,0.23283582089552238,0.25022471910112354,0.25339653174938853,0.020348837209302327,0.2550581689428427,0.13770350307607251,0.04081632653061224,0.10914267636823789,0.0765415743962881
-19.2,-39.4,0.21791044776119403,0.30741573033707853,0.2765699994483164,0.011627906976744186,0.31588265048052605,0.16375527872863513,0.061224489795918366,0.07349994727406939,0.06876559808780626
-19.0,-39.6,0.20298507462686566,0.24550561797752807,0.23444252376836647,0.014534883720930232,0.21598381385938292,0.11525934879015658,0.030612244897959183,0.12327322577243488,0.07854570898801363
-19.0,-39.4,0.21492537313432836,0.32494382022471907,0.28454366575332385,0.014534883720930232,0.2474709155285787,0.13100289962475448,0.04081632653061224,0.09132131182115363,0.06744525290871382
-18.8,-39.6,0.21492537313432836,0.23842696629213478,0.23710807480828996,0.014534883720930232,0.2052352048558422,0.10988504428838622,0.030612244897959183,0.10745544658863229,0.07047205086294774
-18.8,-39.4,0.21791044776119403,0.31696629213483146,0.2818063958513397,0.011627906976744186,0.26833586241780477,0.1399818846972745,0.04081632653061224,0.075187177053675,0.05921012162114661
-18.6,-39.6,0.23283582089552238,0.2635955056179775,0.26072748671362106,0.014534883720930232,0.23267577137076378,0.12360532754584701,0.030612244897959183,0.10956448381313931,0.07154853861295651
-18.6,-39.4,0.23880597014925373,0.3410112359550561,0.3064464223321503,0.011627906976744186,0.2902124430955994,0.1509201750361718,0.04081632653061224,0.07887799219656227,0.06109397518366199
-18.4,-39.6,0.2626865671641791,0.2787640449438201,0.28541072840618614,0.01744186046511628,0.24253920080930705,0.12999053063721167,0.030612244897959183,0.22113255298956025,0.12849474058842136
-18.4,-39.4,0.25970149253731345,0.3789887640449437,0.3387254270950183,0.014534883720930232,0.26757713707637837,0.1410560103986543,0.030612244897959183,0.21469998945481386,0.1252114529508946
-18.2,-39.4,0.29253731343283584,0.38808988764044944,0.3617186781662039,0.01744186046511628,0.2601163378856854,0.13877909917540082,0.030612244897959183,0.24011388801012337,0.13818313033850047
-18.2,-39.2,0.2835820895522388,0.41707865168539315,0.3727026977325806,0.01744186046511628,0.3018462316641376,0.15964404606462693,0.04081632653061224,0.1755773489402088,0.1104509385215649
-18.2,-39.0,0.2746268656716418,0.41573033707865165,0.367053458136413,0.01744186046511628,0.29261507334344966,0.15502846690428296,0.030612244897959183,0.18359169039333545,0.10933325863826497
-18.0,-39.4,0.34626865671641793,0.39157303370786517,0.39308832453704556,0.020348837209302327,0.3424380374304502,0.18139343731987626,0.04081632653061224,0.2684804386797427,0.157870223909452
-18.0,-39.2,0.3373134328358209,0.44595505617977527,0.41799499806910756,0.020348837209302327,0.3993424380374305,0.20984563762336642,0.04081632653061224,0.2835600548349678,0.16556711132201482
-18.0,-39.0,0.32238805970149254,0.43887640449438203,0.40593059820886745,0.02616279069767442,0.2674506828528073,0.14680673677524086,0.030612244897959183,0.21986713065485605,0.1278488479384161
-18.0,-38.8,0.28955223880597014,0.38505617977528084,0.3584186910388201,0.020348837209302327,0.29033889731917045,0.15534386726423638,0.030612244897959183,0.18844247600970157,0.11180918046328518
-17.8,-39.0,0.32238805970149254,0.40089887640449434,0.3851082219239044,0.02616279069767442,0.27250885179565,0.1493358212466622,0.030612244897959183,0.20679109986291258,0.12117462388836163
-17.8,-38.8,0.2507462686567164,0.32764044943820214,0.3056621122124349,0.020348837209302327,0.2276176024279211,0.12398321981861171,0.02040816326530612,0.2332595170304756,0.1294762118176386
-17.6,-39.0,0.2626865671641791,0.248876404494382,0.26902388789790177,0.01744186046511628,0.178553363682347,0.09799761207373164,0.02040816326530612,0.1975113360750817,0.11122974445498962
-17.6,-38.8,0.19402985074626866,0.2530337078651685,0.23366005259383218,0.00872093023255814,0.14175518462316644,0.07523805742786228,0.01020408163265306,0.31677739112095327,0.16689679338465324
-17.4,-39.0,0.17313432835820897,0.17629213483146067,0.18012743890104638,0.011627906976744186,0.1349266565503288,0.07327728176353648,0.02040816326530612,0.1685120742381103,0.0964280378923688
-17.4,-38.8,0.1582089552238806,0.2487640449438202,0.2116791408448114,0.005813953488372093,0.09446130500758726,0.050137629247979675,0.01020408163265306,0.2741748391859116,0.14515174083447574
-17.2,-39.0,0.1701492537313433,0.21674157303370784,0.20066845657330956,0.005813953488372093,0.24873545776428937,0.12727470562633073,0.02040816326530612,0.1860170832015185,0.10536288621744173
-17.2,-38.8,0.14328358208955225,0.2616853932584269,0.21058037109913752,0.005813953488372093,0.05981284774911483,0.03281340061874346,0.01020408163265306,0.25593166719392596,0.13584012179689972
-17.0,-39.0,0.191044776119403,0.22887640449438196,0.21877838871623234,0.00872093023255814,0.2202832574607992,0.11450209384667866,0.02040816326530612,0.20278392913634924,0.11392096383001159
-17.0,-38.8,0.1373134328358209,0.2432584269662921,0.19720388385222237,0.005813953488372093,0.1476985331310066,0.07675624330968935,0.01020408163265306,0.17874090477696933,0.0964406701465781
-16.8,-39.0,0.1880597014925373,0.21438202247191007,0.20919472590522076,0.00872093023255814,0.21459281740010117,0.11165687381632965,0.02040816326530612,0.20320573658125066,0.11413626138001336
-16.8,-38.8,0.14328358208955225,0.23449438202247183,0.19567204251641257,0.0029069767441860465,0.2864188163884674,0.14466289656632672,0.01020408163265306,0.19793314351998312,0.10623670867165806
-16.6,-39.0,0.19701492537313434,0.19224719101123594,0.20196859081630777,0.00872093023255814,0.2354577642893273,0.12208934726094271,0.02040816326530612,0.2052093219445323,0.1151589247425217
-16.6,-38.8,0.13432835820895522,0.2946067415730337,0.22372055389028853,0.005813953488372093,0.204855842185129,0.10533489783675055,0.01020408163265306,0.21438363387113782,0.1146333131217266
-16.4,-38.8,0.16417910447761194,0.3017977528089887,0.24402986446974015,0.005813953488372093,0.2501264542235711,0.1279702038559716,0.01020408163265306,0.22988505747126436,0.12254549808429119
-16.4,-38.6,0.12238805970149254,0.2974157303370785,0.21871402563489575,0.0029069767441860465,0.19296914516944869,0.09793806095681737,0.01020408163265306,0.1962459137403775,0.10537551847165103
-16.2,-38.8,0.18507462686567164,0.2605617977528089,0.23287758141929785,0.005813953488372093,0.300708143651998,0.15326104857018505,0.01020408163265306,0.23441948750395444,0.12485994674681009
-16.2,-38.6,0.15223880597014924,0.277191011235955,0.22399179830449256,0.0029069767441860465,0.29982296408700054,0.1513649704155933,0.01020408163265306,0.2118527892017294,0.11334152782171605
-16.0,-38.8,0.1761194029850746,0.25876404494382016,0.2269819231688703,0.00872093023255814,0.20144157814871017,0.10508125419063415,0.02040816326530612,0.1466835389644627,0.08528638967977784
-16.0,-38.6,0.1373134328358209,0.28831460674157294,0.22190735394177896,0.0029069767441860465,0.18955488113302987,0.09623092893860796,0.01020408163265306,0.19297690604239165,0.10370696245913741
-15.8,-38.8,0.1582089552238806,0.15516853932584265,0.1603624560951838,0.0029069767441860465,0.23166413758219526,0.11728555716319065,0.01020408163265306,0.15617420647474428,0.08492225122148407
-15.8,-38.6,0.08955223880597014,0.2846067415730336,0.1936878206660659,0.0029069767441860465,0.1016691957511381,0.052288086247662076,0.0,0.0,0.0
-15.8,-38.4,0.056716417910447764,0.20202247191011233,0.13040511962338402,0.0,0.0,0.0,0.0,0.0,0.0
-15.6,-38.8,0.12238805970149254,0.14898876404494377,0.13733426506555838,0.0029069767441860465,0.1306272129489125,0.06676709484654927,0.01020408163265306,0.13181482653168827,0.07248881770888256
-15.6,-38.6,0.06865671641791045,0.27528089887640445,0.17711800511226758,0.0029069767441860465,0.038694992412746584,0.020800984578466315,0.0,0.0,0.0
-15.4,-38.8,0.11343283582089553,0.16719101123595498,0.14240423692969711,0.0,0.0,0.0,0.0,0.0,0.0
-15.4,-38.6,0.05373134328358209,0.2529213483146067,0.15667537100719028,0.0,0.0,0.0,0.0,0.0,0.0
-15.2,-38.8,0.0955223880597015,0.17067415730337077,0.1344940142334357,0.0,0.0,0.0,0.0,0.0,0.0
-15.2,-38.6,0.050746268656716415,0.19719101123595498,0.1244827966678313,0.0,0.0,0.0,0.0,0.0,0.0
-15.0,-38.8,0.07164179104477612,0.18146067415730335,0.12731477224663934,0.0,0.0,0.0,0.0,0.0,0.0
-15.0,-38.6,0.03880597014925373,0.16730337078651683,0.10154931131502969,0.0,0.0,0.0,0.0,0.0,0.0
-14.8,-38.8,0.06567164179104477,0.22943820224719094,0.1503466411666268,0.0,0.0,0.0,0.0,0.0,0.0
-14.8,-38.6,0.03880597014925373,0.23842696629213478,0.14054506335166148,0.0,0.0,0.0,0.0,0.0,0.0
-14.6,-38.8,0.05970149253731343,0.25382022471910104,0.16044153073796869,0.0,0.0,0.0,0.0,0.0,0.0
-14.6,-38.6,0.03283582089552239,0.30370786516853926,0.17306405046065576,0.0,0.0,0.0,0.01020408163265306,0.018348623853211007,0.014573776758409785
-14.4,-38.8,0.05970149253731343,0.3321348314606741,0.20337998124275913,0.0,0.0,0.0,0.01020408163265306,0.015923231045027946,0.013335815845899681
-14.4,-38.6,0.03283582089552239,0.33595505617977517,0.19074458890380475,0.0,0.0,0.0,0.01020408163265306,0.03300643256353475,0.02205536662097086
-14.2,-38.8,0.0626865671641791,0.3315730337078652,0.20470861913606356,0.0,0.0,0.0,0.01020408163265306,0.020668564800168723,0.015757913283419453
-14.2,-38.6,0.03880597014925373,0.3761797752808988,0.2160723808823259,0.0,0.0,0.0,0.01020408163265306,0.05936939786987241,0.03551146349608071
-14.0,-38.8,0.07462686567164178,0.2928089887640448,0.19000165505066288,0.0,0.0,0.0,0.01020408163265306,0.06063482020457661,0.03615735614608598
-14.0,-38.6,0.03582089552238806,0.4379775280898876,0.24831828463193512,0.0,0.0,0.0,0.01020408163265306,0.16861752609933564,0.09127352894653591
-13.8,-38.8,0.08358208955223881,0.28067415730337075,0.18825833501903308,0.0,0.0,0.0,0.01020408163265306,0.12285141832753349,0.06791374477134522
-13.8,-38.6,0.04776119402985075,0.4130337078651685,0.24118869416502695,0.0,0.0,0.0,0.01020408163265306,0.19139512812401138,0.10289959664663081
-13.6,-38.8,0.09850746268656717,0.2448314606741573,0.17678975339745123,0.0,0.0,0.0,0.01020408163265306,0.0764525993883792,0.044231014271151885
-13.6,-38.6,0.0626865671641791,0.35910112359550556,0.21980176170948343,0.0029069767441860465,0.061456752655538696,0.032181864699862374,0.01020408163265306,0.21796899715279974,0.11646334229674155
-13.4,-38.8,0.1044776119402985,0.2478651685393258,0.18172640173596424,0.0029069767441860465,0.07258472432979261,0.03774585053698933,0.01020408163265306,0.07402720658019614,0.04299305335864178
-13.4,-38.6,0.08656716417910448,0.35292134831460664,0.22950679490244394,0.0029069767441860465,0.07283763277693475,0.0378723047605604,0.01020408163265306,0.23009596119371506,0.12265314685929207
-13.4,-38.4,0.05373134328358209,0.4213483146067415,0.24902076169109397,0.0029069767441860465,0.07359635811836115,0.0382516674312736,0.01020408163265306,0.21912896762627862,0.11705541055924638
-13.2,-38.6,0.10746268656716418,0.4232584269662921,0.279527942772026,0.0029069767441860465,0.08447142134547295,0.0436891990448295,0.01020408163265306,0.11209532848254772,0.0624236572463004
-13.2,-38.4,0.08358208955223881,0.3938202247191011,0.2502942312289671,0.0029069767441860465,0.08257460799190693,0.04274079236804649,0.01020408163265306,0.23568490983865864,0.12550583939681537
-13.2,-38.2,0.05373134328358209,0.4022471910112359,0.23854796888504753,0.0029069767441860465,0.0749873545776429,0.038947165660914475,0.01020408163265306,0.21564905620584202,0.11527920577173187
-13.2,-38.0,0.041791044776119404,0.2580898876404494,0.1529625406866621,0.0,0.0,0.0,0.01020408163265306,0.07940525150268903,0.04573809712116419
-13.0,-38.4,0.1373134328358209,0.3976404494382022,0.2818486915905037,0.0029069767441860465,0.0753667172483561,0.039136846996271075,0.01020408163265306,0.11104080987029422,0.06188541337129601
-13.0,-38.2,0.08358208955223881,0.3642696629213482,0.2340922047113775,0.0,0.0,0.0,0.01020408163265306,0.17304650427080037,0.09353415322155437
-13.0,-38.0,0.06567164179104477,0.3022471910112359,0.19026646315673332,0.0,0.0,0.0,0.01020408163265306,0.06485289465359063,0.038310331646103556
-13.0,-37.8,0.041791044776119404,0.18191011235955049,0.11119457878960626,0.0,0.0,0.0,0.01020408163265306,0.019508594326689863,0.015165845020914618
-12.8,-38.0,0.07761194029850746,0.3522471910112359,0.22422718328766622,0.0,0.0,0.0,0.01020408163265306,0.037435410734999466,0.02431599089598931
-12.8,-37.8,0.05373134328358209,0.27696629213483137,0.16985876901009578,0.0,0.0,0.0,0.01020408163265306,0.01971949804914057,0.015273493795915498
-12.6,-37.8,0.06865671641791045,0.2915730337078651,0.18605068132918953,0.0,0.0,0.0,0.0,0.0,0.0
-12.6,-37.6,0.041791044776119404,0.2821348314606741,0.16614593868956765,0.0,0.0,0.0,0.0,0.0,0.0
-12.4,-37.8,0.08656716417910448,0.22359550561797747,0.15859982713915297,0.0,0.0,0.0,0.0,0.0,0.0
-12.4,-37.6,0.056716417910447764,0.30168539325842686,0.18504845620552046,0.0,0.0,0.0,0.0,0.0,0.0
-12.4,-37.4,0.04477611940298507,0.2820224719101123,0.167720995237132,0.0,0.0,0.0,0.0,0.0,0.0
-12.2,-37.6,0.08358208955223881,0.23595505617977525,0.1637396789201714,0.0,0.0,0.0,0.0,0.0,0.0
-12.2,-37.4,0.04477611940298507,0.2719101123595505,0.16217657551628384,0.0,0.0,0.0,0.0,0.0,0.0
-12.0,-37.4,0.05970149253731343,0.2437078651685393,0.15489711101712056,0.0,0.0,0.0,0.0,0.0,0.0
-12.0,-37.2,0.041791044776119404,0.24999999999999997,0.14852700490998363,0.0,0.0,0.0,0.0,0.0,0.0
-11.8,-37.4,0.06865671641791045,0.2031460674157303,0.137567811103551,0.0,0.0,0.0,0.0,0.0,0.0
-11.8,-37.2,0.04477611940298507,0.23573033707865168,0.14233987384836058,0.0,0.0,0.0,0.0,0.0,0.0
-11.6,-37.4,0.10149253731343283,0.3179775280898876,0.21853105058938194,0.0,0.0,0.0,0.0,0.0,0.0
-11.6,-37.2,0.05373134328358209,0.2508988764044943,0.15556648706302062,0.0,0.0,0.0,0.0,0.0,0.0
-11.6,-37.0,0.03880597014925373,0.22910112359550558,0.1354318762757682,0.0,0.0,0.0,0.0,0.0,0.0
-11.4,-37.2,0.06567164179104477,0.22932584269662915,0.15028503650306183,0.0,0.0,0.0,0.0,0.0,0.0
-11.4,-37.0,0.04477611940298507,0.26775280898876397,0.15989720296437962,0.0,0.0,0.0,0.0,0.0,0.0
-11.4,-36.8,0.029850746268656716,0.23707865168539322,0.13489582375549383,0.0,0.0,0.0,0.0,0.0,0.0
-11.2,-37.0,0.056716417910447764,0.2933707865168539,0.18048971110171208,0.0,0.0,0.0,0.0,0.0,0.0
-11.2,-36.8,0.03582089552238806,0.2584269662921348,0.14987403225509846,0.0,0.0,0.0,0.0,0.0,0.0
-11.0,-37.0,0.0626865671641791,0.20887640449438197,0.13743632652310633,0.0,0.0,0.0,0.0,0.0,0.0
-11.0,-36.8,0.05373134328358209,0.2946067415730337,0.17953070118979753,0.0,0.0,0.0,0.0,0.0,0.0
-11.0,-36.6,0.029850746268656716,0.2601123595505618,0.14752477978631456,0.0,0.0,0.0,0.0,0.0,0.0
-10.8,-36.8,0.0626865671641791,0.27932584269662913,0.1760624505783482,0.0,0.0,0.0,0.0,0.0,0.0
-10.8,-36.6,0.05373134328358209,0.32044943820224714,0.1936997738097427,0.0,0.0,0.0,0.0,0.0,0.0
-10.8,-36.4,0.03582089552238806,0.24539325842696627,0.1427278912815609,0.0,0.0,0.0,0.0,0.0,0.0
-10.8,-36.2,0.008955223880597015,0.3017977528089887,0.1589234814910167,0.0,0.0,0.0,0.0,0.0,0.0
-10.6,-36.6,0.07462686567164178,0.3469662921348314,0.21969510288898286,0.0,0.0,0.0,0.0,0.0,0.0
-10.6,-36.4,0.05970149253731343,0.37494382022471906,0.2268513580610162,0.0,0.0,0.0,0.0,0.0,0.0
-10.6,-36.2,0.041791044776119404,0.24797752808988757,0.147418120965814,0.0,0.0,0.0,0.0,0.0,0.0
-10.6,-36.0,0.023880597014925373,0.2279775280898876,0.12663252358447194,0.0,0.0,0.0,0.0,0.0,0.0
-10.4,-36.2,0.0626865671641791,0.24988764044943818,0.1599220287243237,0.0,0.0,0.0,0.0,0.0,0.0
-10.4,-36.0,0.03880597014925373,0.2586516853932584,0.15163390279335773,0.0,0.0,0.0,0.0,0.0,0.0
-10.4,-35.8,0.023880597014925373,0.24044943820224715,0.13347064124018462,0.0,0.0,0.0,0.0,0.0,0.0
-10.2,-36.0,0.0626865671641791,0.2667415730337078,0.16916272825907058,0.0,0.0,0.0,0.0,0.0,0.0
-10.2,-35.8,0.03880597014925373,0.20999999999999996,0.12495908346972177,0.0,0.0,0.0,0.0,0.0,0.0
-10.2,-35.6,0.020895522388059702,0.24955056179775276,0.13682395777781864,0.0,0.0,0.0,0.0,0.0,0.0
-10.0,-35.8,0.07164179104477612,0.18494382022471906,0.1292245168171537,0.0,0.0,0.0,0.0,0.0,0.0
-10.0,-35.6,0.03880597014925373,0.1959550561797752,0.11725850052409936,0.0,0.0,0.0,0.0,0.0,0.0
-10.0,-35.4,0.023880597014925373,0.21606741573033705,0.12010242924658415,0.0,0.0,0.0,0.0,0.0,0.0
-9.8,-35.8,0.07761194029850746,0.22505617977528086,0.1544907041321098,0.0,0.0,0.0,0.0,0.0,0.0
-9.8,-35.6,0.06567164179104477,0.1995505617977528,0.13395980065834237,0.0,0.0,0.0,0.0,0.0,0.0
-9.8,-35.4,0.041791044776119404,0.20842696629213478,0.12573327939094134,0.0,0.0,0.0,0.0,0.0,0.0
-9.6,-35.6,0.11343283582089553,0.27011235955056173,0.19883410875521798,0.0,0.0,0.0,0.0,0.0,0.0
-9.6,-35.4,0.05970149253731343,0.20179775280898873,0.13191857150738334,0.0,0.0,0.0,0.0,0.0,0.0
-9.6,-35.2,0.04477611940298507,0.12539325842696625,0.08184409422755105,0.0,0.0,0.0,0.0,0.0,0.0
-9.4,-35.4,0.0955223880597015,0.23988764044943817,0.17244248698946282,0.0,0.0,0.0,0.0,0.0,0.0
-9.4,-35.2,0.05373134328358209,0.19876404494382016,0.1269819231688703,0.0,0.0,0.0,0.0,0.0,0.0
-9.4,-35.0,0.029850746268656716,0.19617977528089886,0.11247172621784145,0.0,0.0,0.0,0.0,0.0,0.0
-9.2,-35.2,0.06865671641791045,0.287752808988764,0.18395612276798026,0.0,0.0,0.0,0.0,0.0,0.0
-9.2,-35.0,0.04477611940298507,0.1828089887640449,0.1133240773092554,0.0,0.0,0.0,0.0,0.0,0.0
-9.2,-34.8,0.020895522388059702,0.19224719101123594,0.10540557935967929,0.0,0.0,0.0,0.0,0.0,0.0
-9.0,-35.0,0.03880597014925373,0.21202247191011234,0.1260679674138914,0.0,0.0,0.0,0.0,0.0,0.0
-9.0,-34.8,0.029850746268656716,0.21202247191011234,0.1211579837805035,0.0,0.0,0.0,0.0,0.0,0.0
-8.8,-35.0,0.03880597014925373,0.22258426966292127,0.13185880578899942,0.0,0.0,0.0,0.0,0.0,0.0
-8.8,-34.8,0.03582089552238806,0.1875280898876404,0.11100148954559663,0.0,0.0,0.0,0.0,0.0,0.0
-8.6,-34.8,0.041791044776119404,0.23101123595505613,0.13811581676750215,0.0,0.0,0.0,0.0,0.0,0.0
-8.6,-34.6,0.041791044776119404,0.22382022471910104,0.13417311829934347,0.0,0.0,0.0,0.01020408163265306,0.008857956342929452,0.009729581883370243
-8.4,-34.8,0.05373134328358209,0.1904494382022472,0.1224231780650619,0.0,0.0,0.0,0.0,0.0,0.0
-8.4,-34.6,0.041791044776119404,0.21808988764044937,0.13103128045752954,0.0,0.0,0.0,0.01020408163265306,0.014446904987873035,0.012582274420893528
-8.2,-34.8,0.05970149253731343,0.23651685393258423,0.15095441254896189,0.0,0.0,0.0,0.0,0.0,0.0
-8.2,-34.6,0.04776119402985075,0.2133707865168539,0.13171720701005904,0.0,0.0,0.0,0.01020408163265306,0.01845407571443636,0.014627601145910227
-8.0,-34.8,0.06567164179104477,0.21662921348314604,0.1433237095202192,0.0,0.0,0.0,0.0,0.0,0.0
-8.0,-34.6,0.050746268656716415,0.21707865168539325,0.13538682211883266,0.0,0.0,0.0,0.01020408163265306,0.021090372245070124,0.01597321083342121
-8.0,-34.4,0.04776119402985075,0.17955056179775275,0.11317420327700028,0.0,0.0,0.0,0.0,0.0,0.0
-7.8,-34.8,0.06865671641791045,0.18561797752808984,0.12795748358741424,0.0,0.0,0.0,0.0,0.0,0.0
-7.8,-34.6,0.04776119402985075,0.1929213483146067,0.12050515824123281,0.0,0.0,0.0,0.01020408163265306,0.022777602024675735,0.016834401033428238
-7.8,-34.4,0.050746268656716415,0.1731460674157303,0.11129939866492579,0.0,0.0,0.0,0.0,0.0,0.0
-7.6,-34.8,0.10149253731343283,0.29629213483146055,0.20664135052134092,0.0,0.0,0.0,0.01020408163265306,0.026890224612464406,0.018933552145945377
-7.6,-34.6,0.041791044776119404,0.16078651685393253,0.09961290203939017,0.0,0.0,0.0,0.01020408163265306,0.02341031319202784,0.017157347358430875
-7.6,-34.4,0.04477611940298507,0.19224719101123594,0.11849886904871366,0.0,0.0,0.0,0.0,0.0,0.0
-7.4,-34.6,0.041791044776119404,0.1887640449438202,0.11495246326707001,0.0,0.0,0.0,0.01020408163265306,0.03616998840029526,0.02367009824598404
-7.4,-34.4,0.05373134328358209,0.17112359550561793,0.11182717593188546,0.0,0.0,0.0,0.0,0.0,0.0
-7.2,-34.6,0.04477611940298507,0.17741573033707864,0.11036705345813641,0.0,0.0,0.0,0.01020408163265306,0.04397342613097121,0.027653102921016554
-7.2,-34.4,0.04477611940298507,0.18797752808988757,0.11615789183324442,0.0,0.0,0.0,0.0,0.0,0.0
-7.0,-34.8,0.06865671641791045,0.09853932584269662,0.08021386932455545,0.0,0.0,0.0,0.0,0.0,0.0
-7.0,-34.6,0.03880597014925373,0.1685393258426966,0.10222696261424447,0.0,0.0,0.0,0.01020408163265306,0.04133712960033745,0.02630749323350557
-7.0,-34.4,0.041791044776119404,0.18157303370786512,0.11100976479891134,0.0,0.0,0.0,0.0,0.0,0.0
-6.8,-34.8,0.04776119402985075,0.11449438202247188,0.07750510307287739,0.0029069767441860465,0.0,0.0014534883720930232,0.01020408163265306,0.03100284720025308,0.02103270325846251
-6.8,-34.6,0.03582089552238806,0.22584269662921344,0.13200867982125453,0.0,0.0,0.0,0.0,0.0,0.0
-6.6,-34.8,0.050746268656716415,0.10382022471910109,0.07328932124533367,0.0029069767441860465,0.021623672230652508,0.012265324487419276,0.01020408163265306,0.05683855320046399,0.034219678196070163
-6.6,-34.6,0.04477611940298507,0.18258426966292132,0.11320086798212545,0.0,0.0,0.0,0.0,0.0,0.0
-6.4,-34.8,0.03880597014925373,0.17123595505617975,0.10370547453980396,0.0029069767441860465,0.03123419322205362,0.017070584983119832,0.01020408163265306,0.0698091321311821,0.040840077858624195
-6.4,-34.6,0.03283582089552239,0.2437078651685393,0.1401671601169569,0.0029069767441860465,0.013024785027819931,0.007965880886002988,0.01020408163265306,0.0698091321311821,0.040840077858624195
-6.2,-35.0,0.04776119402985075,0.11067415730337074,0.07541054451166809,0.0029069767441860465,0.030349013657056147,0.016627995200621096,0.01020408163265306,0.04914056733101339,0.030290497908538085
-6.2,-34.8,0.04776119402985075,0.17123595505617975,0.10861545817319185,0.0029069767441860465,0.025923115832068792,0.014415046288127419,0.01020408163265306,0.0698091321311821,0.040840077858624195
-6.2,-34.6,0.04776119402985075,0.22056179775280896,0.1356599054782177,0.0,0.0,0.0,0.0,0.0,0.0
-6.0,-35.0,0.050746268656716415,0.13056179775280896,0.0879512311737987,0.0029069767441860465,0.03894790085988872,0.020927438802037384,0.01020408163265306,0.06200569440050616,0.03685707318359169
-6.0,-34.8,0.050746268656716415,0.19056179775280896,0.12084812151749756,0.0029069767441860465,0.030349013657056147,0.016627995200621096,0.01020408163265306,0.0698091321311821,0.040840077858624195
-5.8,-35.0,0.050746268656716415,0.1796629213483146,0.11487246915169459,0.0029069767441860465,0.06790591805766313,0.03540644740092459,0.01020408163265306,0.08014341453126647,0.046114867833667264
-5.8,-34.8,0.050746268656716415,0.20988764044943817,0.13144412365067396,0.0029069767441860465,0.03894790085988872,0.020927438802037384,0.01020408163265306,0.0775071180006327,0.044769258146156274
-5.6,-35.0,0.05373134328358209,0.18977528089887635,0.122053550083672,0.0029069767441860465,0.07473444613050076,0.038820711437343405,0.01020408163265306,0.08784140040071707,0.050044048121199336
-5.6,-34.8,0.04477611940298507,0.2515730337078651,0.15102613141102264,0.0,0.0,0.0,0.0,0.0,0.0
-5.4,-35.2,0.05970149253731343,0.1932584269662921,0.12723661707644493,0.0,0.0,0.0,0.0,0.0,0.0
-5.4,-35.0,0.041791044776119404,0.24348314606741567,0.14495393442321483,0.0029069767441860465,0.07258472432979261,0.03774585053698933,0.01020408163265306,0.09300854160075925,0.05268144310872087
-5.4,-34.8,0.041791044776119404,0.26146067415730334,0.1548106805936115,0.0,0.0,0.0,0.0,0.0,0.0
-5.2,-35.4,0.0626865671641791,0.19977528089887636,0.13244634877434303,0.0,0.0,0.0,0.0,0.0,0.0
-5.2,-35.2,0.029850746268656716,0.2340449438202247,0.1332324978392394,0.0,0.0,0.0,0.0,0.0,0.0
-5.2,-35.0,0.03880597014925373,0.25483146067415724,0.14953934423214843,0.0029069767441860465,0.06929691451694488,0.036101945630565464,0.01020408163265306,0.09300854160075925,0.05268144310872087
-5.0,-36.6,0.03283582089552239,0.19528089887640446,0.11361555012045091,0.0,0.0,0.0,0.0,0.0,0.0
-5.0,-36.2,0.04477611940298507,0.2605617977528089,0.15595450449622095,0.0,0.0,0.0,0.0,0.0,0.0
-5.0,-35.6,0.011940298507462687,0.11056179775280896,0.055709005314551564,0.0,0.0,0.0,0.0,0.0,0.0
-5.0,-35.4,0.011940298507462687,0.1679775280898876,0.08718898839625591,0.0,0.0,0.0,0.0,0.0,0.0
-5.0,-35.2,0.026865671641791045,0.19168539325842693,0.10837087846411297,0.0,0.0,0.0,0.0,0.0,0.0
-5.0,-35.0,0.03582089552238806,0.18662921348314604,0.11050865223707682,0.0,0.0,0.0,0.0,0.0,0.0
-4.8,-37.2,0.04776119402985075,0.19089887640449432,0.11939627429706318,0.0,0.0,0.0,0.0,0.0,0.0
-4.8,-37.0,0.023880597014925373,0.05101123595505617,0.029605178469629817,0.0,0.0,0.0,0.0,0.0,0.0
-4.8,-36.8,0.020895522388059702,0.04247191011235955,0.02328656282756211,0.0,0.0,0.0,0.0,0.0,0.0
-4.8,-36.6,0.020895522388059702,0.04292134831460672,0.023532981481822018,0.0,0.0,0.0,0.0,0.0,0.0
-4.8,-36.4,0.029850746268656716,0.0646067415730337,0.04033266518325089,0.0,0.0,0.0,0.0,0.0,0.0
-4.8,-36.2,0.026865671641791045,0.09089887640449437,0.05311149524632671,0.0,0.0,0.0,0.0,0.0,0.0
-4.8,-36.0,0.020895522388059702,0.12494382022471907,0.0685043858842568,0.0,0.0,0.0,0.0,0.0,0.0
-4.8,-35.8,0.01791044776119403,0.09235955056179773,0.04900237223928354,0.0,0.0,0.0,0.0,0.0,0.0
-4.8,-35.6,0.014925373134328358,0.16359550561797748,0.086423067728351,0.0,0.0,0.0,0.0,0.0,0.0
-4.8,-35.4,0.014925373134328358,0.19999999999999993,0.10638297872340421,0.0,0.0,0.0,0.0,0.0,0.0
-4.6,-37.4,0.01791044776119403,0.1292134831460674,0.0692087018885967,0.0,0.0,0.0,0.0,0.0,0.0
-4.6,-37.2,0.020895522388059702,0.01213483146067413,0.006653303665017731,0.0,0.0,0.0,0.0,0.0,0.0
-4.6,-37.0,0.01791044776119403,0.012584269662921333,0.0052630611081483595,0.0,0.0,0.0,0.0,0.0,0.0
-4.6,-36.8,0.020895522388059702,0.0,0.0,0.0,0.0,0.0,0.0,0.0,0.0
-4.6,-36.6,0.026865671641791045,0.012696629213483118,0.01023464940510122,0.0,0.0,0.0,0.0,0.0,0.0
-4.6,-36.0,0.014925373134328358,0.07011235955056178,0.03516798764228837,0.0,0.0,0.0,0.0,0.0,0.0
-4.4,-37.6,0.020895522388059702,0.11134831460674155,0.061050221592894305,0.0,0.0,0.0,0.0,0.0,0.0
-4.4,-37.4,0.020895522388059702,0.10999999999999997,0.060310965630114566,0.0,0.0,0.0,0.0,0.0,0.0
-4.4,-37.2,0.020895522388059702,0.0442696629213483,0.02427223744460177,0.0,0.0,0.0,0.0,0.0,0.0
-4.4,-37.0,0.026865671641791045,0.036741573033707835,0.023418047408006754,0.0,0.0,0.0,0.0,0.0,0.0
-4.2,-37.8,0.029850746268656716,0.10056179775280898,0.06004615752404421,0.0029069767441860465,0.0,0.0014534883720930232,0.0,0.0,0.0
-4.2,-37.6,0.03582089552238806,0.12483146067415726,0.07662608727633828,0.0,0.0,0.0,0.0,0.0,0.0
-4.2,-37.4,0.03880597014925373,0.08707865168539324,0.057563581529634596,0.0,0.0,0.0,0.0,0.0,0.0
-4.2,-32.6,0.008955223880597015,0.14528089887640447,0.07310818514500082,0.0,0.0,0.0,0.0,0.0,0.0
-4.2,-32.4,0.023880597014925373,0.10179775280898873,0.057450486401000374,0.0,0.0,0.0,0.0,0.0,0.0
-4.2,-32.2,0.023880597014925373,0.05988764044943818,0.03447194689126316,0.0,0.0,0.0,0.0,0.0,0.0
-4.0,-38.0,0.04776119402985075,0.11112359550561794,0.07565696316592802,0.0029069767441860465,0.0,0.0014534883720930232,0.0,0.0,0.0
-4.0,-37.8,0.041791044776119404,0.12191011235955053,0.07829768844590743,0.0029069767441860465,0.0,0.0014534883720930232,0.0,0.0,0.0
-4.0,-37.6,0.041791044776119404,0.11191011235955053,0.07281487338862429,0.0029069767441860465,0.0,0.0014534883720930232,0.0,0.0,0.0
-4.0,-32.8,0.011940298507462687,0.11887640449438198,0.060267750418360015,0.0,0.0,0.0,0.0,0.0,0.0
-4.0,-32.6,0.014925373134328358,0.1231460674157303,0.06424538884495852,0.0,0.0,0.0,0.0,0.0,0.0
-4.0,-32.4,0.029850746268656716,0.08157303370786516,0.049634969381562734,0.0,0.0,0.0,0.0,0.0,0.0
-4.0,-32.2,0.023880597014925373,0.10033707865168537,0.05664962577465565,0.0,0.0,0.0,0.0,0.0,0.0
-4.0,-32.0,0.023880597014925373,0.09303370786516851,0.05264532264293201,0.0,0.0,0.0,0.0,0.0,0.0
-3.8,-38.2,0.04477611940298507,0.14179775280898876,0.09083837510803804,0.0029069767441860465,0.0,0.0014534883720930232,0.0,0.0,0.0
-3.8,-38.0,0.04477611940298507,0.13168539325842696,0.08529395538718991,0.0029069767441860465,0.0032878098128477492,0.003097393278516898,0.0,0.0,0.0
-3.8,-32.8,0.005970149253731343,0.14044943820224715,0.06882252340057742,0.0,0.0,0.0,0.0,0.0,0.0
-3.8,-32.6,0.008955223880597015,0.10561797752808988,0.05136173890656319,0.0,0.0,0.0,0.0,0.0,0.0
-3.8,-32.4,0.026865671641791045,0.03595505617977528,0.022986814763051915,0.0,0.0,0.0,0.0,0.0,0.0
-3.8,-32.2,0.020895522388059702,0.11449438202247188,0.06277515217271373,0.0,0.0,0.0,0.0,0.0,0.0
-3.8,-32.0,0.023880597014925373,0.10415730337078648,0.05874418433586494,0.0,0.0,0.0,0.0,0.0,0.0
-3.6,-38.6,0.029850746268656716,0.09876404494382018,0.05906048290700453,0.0,0.0,0.0,0.0,0.0,0.0
-3.6,-38.4,0.04477611940298507,0.09595505617977525,0.06570367237352653,0.0,0.0,0.0,0.0,0.0,0.0
-3.6,-38.2,0.05373134328358209,0.08595505617977525,0.06513084094963129,0.0,0.0,0.0,0.0,0.0,0.0
-3.6,-38.0,0.041791044776119404,0.11168539325842694,0.07269166406149433,0.0,0.0,0.0,0.0,0.0,0.0
-3.6,-32.8,0.014925373134328358,0.11629213483146064,0.06048750436749479,0.0,0.0,0.0,0.0,0.0,0.0
-3.6,-32.6,0.020895522388059702,0.024044943820224686,0.013183398002905517,0.0,0.0,0.0,0.0,0.0,0.0
-3.6,-32.4,0.026865671641791045,0.018539325842696613,0.013438091910480142,0.0,0.0,0.0,0.0,0.0,0.0
-3.6,-32.2,0.020895522388059702,0.09191011235955053,0.050392614796152924,0.0,0.0,0.0,0.0,0.0,0.0
-3.6,-32.0,0.01791044776119403,0.11056179775280896,0.05898232773681016,0.0,0.0,0.0,0.0,0.0,0.0
-3.4,-38.8,0.050746268656716415,0.10550561797752805,0.07421339119880835,0.0,0.0,0.0,0.0,0.0,0.0
-3.4,-38.6,0.050746268656716415,0.1141573033707865,0.07895695029331176,0.0,0.0,0.0,0.0,0.0,0.0
-3.4,-38.4,0.05970149253731343,0.10483146067415729,0.07875374685080637,0.0,0.0,0.0,0.0,0.0,0.0
-3.4,-38.2,0.04776119402985075,0.12426966292134826,0.08286470880303057,0.0,0.0,0.0,0.0,0.0,0.0
-3.4,-32.4,0.01791044776119403,0.05943820224719097,0.030952205814744647,0.0,0.0,0.0,0.0,0.0,0.0
-3.2,-39.2,0.04477611940298507,0.04707865168539324,0.03890564372276062,0.0,0.0,0.0,0.0,0.0,0.0
-3.2,-39.0,0.04776119402985075,0.08651685393258424,0.06216554184519758,0.0,0.0,0.0,0.0,0.0,0.0
-3.2,-38.8,0.050746268656716415,0.09719101123595504,0.06965464609499991,0.0,0.0,0.0,0.0,0.0,0.0
-3.2,-38.6,0.04776119402985075,0.07943820224719099,0.05828444804060391,0.0,0.0,0.0,0.0,0.0,0.0
-3.0,-39.4,0.041791044776119404,0.1421348314606741,0.08938652788760366,0.0,0.0,0.0,0.0,0.0,0.0
-3.0,-39.2,0.04776119402985075,0.09752808988764042,0.06820279887456554,0.0,0.0,0.0,0.0,0.0,0.0
-3.0,-39.0,0.04477611940298507,0.16988764044943816,0.10623954099928279,0.0029069767441860465,0.033257460799190695,0.01808221877168837,0.0,0.0,0.0
-3.0,-38.8,0.050746268656716415,0.11449438202247188,0.0791417642840067,0.0,0.0,0.0,0.0,0.0,0.0
-2.8,-41.6,0.041791044776119404,0.32056179775280896,0.18721473362879051,0.0,0.0,0.0,0.01020408163265306,0.02383212063692924,0.017372644908432634
-2.8,-41.4,0.023880597014925373,0.43752808988764036,0.241525221133158,0.0,0.0,0.0,0.01020408163265306,0.013919645681746282,0.012313152483391333
-2.8,-41.2,0.014925373134328358,0.2467415730337078,0.13201051876643555,0.0,0.0,0.0,0.0,0.0,0.0
-2.8,-41.0,0.0029850746268656717,0.20988764044943817,0.10525754427260522,0.0,0.0,0.0,0.0,0.0,0.0
-2.8,-40.8,0.005970149253731343,0.1722471910112359,0.0862566431894665,0.0,0.0,0.0,0.0,0.0,0.0
-2.8,-40.6,0.005970149253731343,0.15662921348314604,0.07769359495393442,0.0,0.0,0.0,0.0,0.0,0.0
-2.8,-40.4,0.014925373134328358,0.10393258426966291,0.05371099137534711,0.0,0.0,0.0,0.0,0.0,0.0
-2.8,-40.2,0.008955223880597015,0.16842696629213483,0.08579874583938654,0.0,0.0,0.0,0.0,0.0,0.0
-2.8,-40.0,0.014925373134328358,0.10696629213483143,0.05537431729160153,0.0,0.0,0.0,0.01020408163265306,0.012759675208267426,0.0117210842208865
-2.8,-39.8,0.026865671641791045,0.19516853932584266,0.11028062303462734,0.0,0.0,0.0,0.01020408163265306,0.0254138985553095,0.018180010720939225
-2.8,-39.6,0.04477611940298507,0.21359550561797747,0.1302037551260597,0.0029069767441860465,0.05386949924127466,0.028388237992730353,0.01020408163265306,0.051776863861647156,0.03163610759604907
-2.8,-39.4,0.050746268656716415,0.13988764044943816,0.09306441824969196,0.0,0.0,0.0,0.01020408163265306,0.05251502689022461,0.032012878308552144
-2.8,-39.2,0.050746268656716415,0.15707865168539326,0.1024899317751338,0.0029069767441860465,0.049570055639858376,0.02623851619202221,0.0,0.0,0.0
-2.6,-42.4,0.05970149253731343,0.1995505617977528,0.1306864782360838,0.0029069767441860465,0.014162873039959535,0.00853492489207279,0.01020408163265306,0.06717283560054836,0.039494468171113226
-2.6,-42.2,0.03880597014925373,0.30955056179775275,0.17954081538829328,0.0029069767441860465,0.0,0.0014534883720930232,0.01020408163265306,0.06569650954339344,0.03874092674610707
-2.6,-42.0,0.03582089552238806,0.33348314606741564,0.19102594751650448,0.0,0.0,0.0,0.01020408163265306,0.03964989982073184,0.02544630303349854
-2.6,-41.8,0.03880597014925373,0.33168539325842694,0.19167693411059417,0.0,0.0,0.0,0.01020408163265306,0.04059896657175999,0.02593072252100249
-2.6,-41.6,0.03283582089552239,0.32292134831460667,0.1835984479302672,0.0,0.0,0.0,0.01020408163265306,0.036591795845196666,0.0238853957959858
-2.6,-41.4,0.03582089552238806,0.26078651685393256,0.15116773018996302,0.0,0.0,0.0,0.01020408163265306,0.031530106506379836,0.021301825195964706
-2.6,-41.2,0.020895522388059702,0.3582022471910112,0.19639566744515344,0.0,0.0,0.0,0.01020408163265306,0.02731203205736581,0.019148849695947132
-2.6,-41.0,0.026865671641791045,0.30988764044943806,0.17317898453447098,0.0,0.0,0.0,0.01020408163265306,0.02731203205736581,0.019148849695947132
-2.6,-40.8,0.020895522388059702,0.28269662921348304,0.15499733352948744,0.0,0.0,0.0,0.01020408163265306,0.025730254138985553,0.01834148388344054
-2.6,-40.6,0.014925373134328358,0.3761797752808988,0.2029790911932915,0.0,0.0,0.0,0.01020408163265306,0.0256248022777602,0.0182876594959401
-2.6,-40.4,0.014925373134328358,0.26651685393258423,0.14285293955387188,0.0,0.0,0.0,0.01020408163265306,0.024675735526732048,0.01780324000843615
-2.6,-40.2,0.011940298507462687,0.25775280898876396,0.1364111145846742,0.0,0.0,0.0,0.01020408163265306,0.027944743224717915,0.01947179602094977
-2.6,-40.0,0.020895522388059702,0.22415730337078646,0.12290130381213334,0.0,0.0,0.0,0.01020408163265306,0.04660972266160498,0.02899871260852754
-2.6,-39.8,0.023880597014925373,0.26943820224719095,0.14936464443994923,0.0029069767441860465,0.067653009610521,0.03527999317735352,0.01020408163265306,0.06358747231888642,0.037664438996098275
-2.6,-39.6,0.04776119402985075,0.15606741573033706,0.10029882859191967,0.0,0.0,0.0,0.01020408163265306,0.06791099862912581,0.039871238883616295
-2.4,-44.2,0.08955223880597014,0.2682022471910112,0.18469353978557898,0.00872093023255814,0.17172483560950938,0.09022288292103375,0.01020408163265306,0.25023726668775703,0.132933604871876
-2.4,-44.0,0.13432835820895522,0.4523595505617978,0.3102135015355193,0.005813953488372093,0.12379868487607487,0.06480631918222349,0.01020408163265306,0.21554360434461667,0.11522538138423143
-2.4,-43.0,0.08656716417910448,0.20752808988764043,0.149790360249361,0.0029069767441860465,0.06626201315123925,0.03458449494771265,0.02040816326530612,0.04218074449014025,0.03194642166684242
-2.4,-42.8,0.0626865671641791,0.23292134831460673,0.15061972452601188,0.0029069767441860465,0.04059180576631259,0.021749391255249318,0.01020408163265306,0.08657597806601287,0.04939815547119407
-2.4,-42.6,0.056716417910447764,0.23449438202247183,0.14820886739366296,0.0029069767441860465,0.026176024279210928,0.014541500511698488,0.02040816326530612,0.04977327849836549,0.035821777566874054
-2.4,-42.4,0.0626865671641791,0.2458426966292134,0.15770426083598446,0.0029069767441860465,0.04767324228629236,0.025290109515239204,0.01020408163265306,0.16239586628703995,0.08809789008400998
-2.4,-42.2,0.0626865671641791,0.27134831460674147,0.1716885194652347,0.0029069767441860465,0.060571573090541224,0.031739274917363634,0.01020408163265306,0.17494463777285668,0.09450299219656227
-2.4,-42.0,0.05373134328358209,0.3035955056179775,0.18445907427499586,0.0,0.0,0.0,0.01020408163265306,0.0852051038700833,0.04869843843368835
-2.4,-41.8,0.04776119402985075,0.3351685393258427,0.19849666231449642,0.0,0.0,0.0,0.01020408163265306,0.08963408204154803,0.05095906270870681
-2.4,-41.6,0.04477611940298507,0.33707865168539314,0.1979072803839717,0.0,0.0,0.0,0.01020408163265306,0.08067067383739322,0.046383989771169455
-2.4,-40.8,0.020895522388059702,0.41606741573033695,0.22812206918111766,0.0,0.0,0.0,0.01020408163265306,0.045133396604450066,0.02824517118352139
-2.4,-40.6,0.01791044776119403,0.4341573033707864,0.23640375880395,0.0,0.0,0.0,0.01020408163265306,0.05483496783718232,0.03319701483356181
-2.4,-40.4,0.020895522388059702,0.3635955056179775,0.19935269129627245,0.0,0.0,0.0,0.01020408163265306,0.062427501845407574,0.03707237073359345
-2.4,-40.2,0.01791044776119403,0.26651685393258423,0.1444896007650012,0.0,0.0,0.0,0.01020408163265306,0.06896551724137931,0.04040948275862069
-2.4,-40.0,0.03283582089552239,0.2322471910112359,0.133883484433329,0.0,0.0,0.0,0.01020408163265306,0.07402720658019614,0.04299305335864178
-2.2,-44.2,0.08059701492537313,0.3292134831460674,0.21323488846797478,0.005813953488372093,0.17223065250379363,0.08902230299608287,0.01020408163265306,0.30633765685964354,0.16156817902210974
-2.2,-44.0,0.08358208955223881,0.298876404494382,0.1982382905165597,0.0029069767441860465,0.18373798684876078,0.09332248179647341,0.01020408163265306,0.2406411473162501,0.12803558560933598
-2.2,-43.8,0.08059701492537313,0.3265168539325842,0.21175637654241525,0.0029069767441860465,0.11836115326251898,0.060634065003352514,0.01020408163265306,0.14984709480122324,0.08169278797145771
-2.2,-43.6,0.06567164179104477,0.2707865168539325,0.17301715735853912,0.0,0.0,0.0,0.01020408163265306,0.08119793314351997,0.04665311170867165
-2.2,-43.4,0.0626865671641791,0.25853932584269657,0.1646655878188271,0.0029069767441860465,0.08004552352048558,0.041476250132335815,0.01020408163265306,0.18527892017294104,0.09977778217160532
-2.2,-43.2,0.06865671641791045,0.2692134831460674,0.17379135327975873,0.0029069767441860465,0.2134547293879616,0.10818085306607382,0.01020408163265306,0.21069281872825055,0.11274945955921123
-2.2,-43.0,0.08059701492537313,0.27573033707865163,0.1839110686110447,0.0029069767441860465,0.21282245827010624,0.10786471750714614,0.02040816326530612,0.10566276494780132,0.06434870294210693
-2.2,-42.8,0.07761194029850746,0.31202247191011223,0.20217271373140364,0.0029069767441860465,0.22622660596863936,0.1145667913564127,0.02040816326530612,0.1104080987029421,0.0667708003796267
-2.2,-42.6,0.06865671641791045,0.31202247191011223,0.19726273009801573,0.0029069767441860465,0.1742539200809307,0.08858044841255838,0.02040816326530612,0.10587366867025202,0.0644563517171078
-2.0,-44.4,0.11641791044776119,0.3778651685393257,0.25954964232516226,0.00872093023255814,0.18601416287303998,0.09736754655279906,0.01020408163265306,0.2981124116840662,0.15736987679707548
-2.0,-44.2,0.08656716417910448,0.4335955056179775,0.27373894334209903,0.0029069767441860465,0.34408194233687406,0.17349445954053005,0.01020408163265306,0.2874617737003058,0.1519336136595311
-2.0,-44.0,0.07761194029850746,0.4492134831460674,0.2773920079442432,0.0029069767441860465,0.28894790085988875,0.1459274388020374,0.01020408163265306,0.26014974164293997,0.13799309729691728
-2.0,-43.8,0.07164179104477612,0.4533707865168538,0.27639805807388873,0.0029069767441860465,0.2554375316135559,0.129172254178871,0.01020408163265306,0.24380470315301064,0.12965031723434917
-2.0,-43.6,0.0626865671641791,0.4243820224719101,0.2555940712407363,0.0029069767441860465,0.2827516439049064,0.14282931032454624,0.01020408163265306,0.2697458610144469,0.1428911165594573
-2.0,-43.4,0.056716417910447764,0.35606741573033696,0.2148651133709704,0.0029069767441860465,0.2849013657056146,0.14390417122490032,0.01020408163265306,0.266160497732785,0.14106108738444234
-2.0,-43.2,0.056716417910447764,0.3864044943820224,0.23149837253351477,0.0029069767441860465,0.2841426403641882,0.14352480855418712,0.01020408163265306,0.26394600864705264,0.13993077524693312
-2.0,-43.0,0.07164179104477612,0.34011235955056174,0.21430055720038985,0.0029069767441860465,0.28199291856348,0.14244994765383304,0.02040816326530612,0.13487293050722346,0.07925805827972864
-1.8,-44.4,0.11044776119402985,0.3724719101123595,0.2533192960517847,0.0029069767441860465,0.2950177035913,0.148962340167743,0.01020408163265306,0.2299905093324897,0.12259932247179163
-1.8,-44.2,0.08955223880597014,0.43213483146067416,0.2745747439268836,0.0029069767441860465,0.25771370763783513,0.1303103421910106,0.01020408163265306,0.23547400611620795,0.12539819062181448
-1.6,-44.6,0.1044776119402985,0.4507865168539325,0.2929844241343166,0.0029069767441860465,0.20687910976226606,0.10489304325322606,0.01020408163265306,0.16302857745439206,0.08842083640901262
-1.6,-44.4,0.08358208955223881,0.42213483146067415,0.26581860644734184,0.0029069767441860465,0.23052604957005565,0.11671651315712085,0.01020408163265306,0.19244964673626488,0.10343784052163521
-1.6,-44.2,0.08955223880597014,0.39449438202247183,0.2539371816326155,0.005813953488372093,0.14908952959028834,0.07745174153933022,0.01020408163265306,0.2468628071285458,0.13121122447186193
-1.4,-48.6,0.2,0.4806741573033708,0.3617444233987385,0.0029069767441860465,0.05045523520485584,0.026681105974520943,0.02040816326530612,0.0,0.010416666666666666
-1.4,-45.2,0.08656716417910448,0.7529213483146067,0.4488193971937697,0.0,0.0,0.0,0.02040816326530612,0.046504270800379624,0.03415322155436043
-1.4,-45.0,0.11940298507462686,0.9341573033707864,0.5661909928465031,0.0,0.0,0.0,0.01020408163265306,0.035537277232943164,0.023347151920981406
-1.4,-44.8,0.06567164179104477,0.6724719101123595,0.39325382960333954,0.0029069767441860465,0.14782498735457766,0.07536598204938186,0.01020408163265306,0.13529473795212485,0.07426502249639706
-1.4,-44.6,0.050746268656716415,0.5357303370786516,0.3100976479891134,0.0029069767441860465,0.1005311077389985,0.051719042241592274,0.01020408163265306,0.12148054413160392,0.06721402773383951
-1.4,-44.4,0.07761194029850746,0.4341573033707864,0.26913698302653594,0.005813953488372093,0.10546282245827011,0.0556383879733211,0.01020408163265306,0.1474217019930402,0.0804548270589476
-1.2,-48.6,0.1253731343283582,0.27921348314606736,0.2103707313484985,0.0029069767441860465,0.08358624178047548,0.04324660926233077,0.01020408163265306,0.02035220921649267,0.015596440120918134
-1.2,-45.6,0.0955223880597015,0.7520224719101123,0.4532365435186377,0.0,0.0,0.0,0.0,0.0,0.0
-1.2,-45.4,0.041791044776119404,0.23123595505617975,0.13823902609463212,0.0029069767441860465,0.08636823469903895,0.0446376057216125,0.01020408163265306,0.05747126436781609,0.0345426245210728
-1.2,-45.2,0.04776119402985075,0.32348314606741563,0.19208977730373852,0.0029069767441860465,0.14504299443601418,0.07397498559010011,0.01020408163265306,0.16766845934830749,0.09078910945903196
-1.2,-45.0,0.04776119402985075,0.39337078651685387,0.2304078780411556,0.0029069767441860465,0.11368234699038948,0.05829466186728777,0.01020408163265306,0.10777180217230833,0.06021685735878238
-1.2,-44.8,0.050746268656716415,0.474943820224719,0.2767695250004597,0.0029069767441860465,0.1526302478502782,0.07776861229723213,0.01020408163265306,0.13972371612358958,0.07652564677141552
-1.2,-44.6,0.05373134328358209,0.5559550561797753,0.322823148641939,0.005813953488372093,0.09787556904400607,0.05184476126618908,0.01020408163265306,0.15522513972371613,0.08443783173398012
-1.0,-48.4,0.09850746268656717,0.38786516853932573,0.2552124901156696,0.005813953488372093,0.09446130500758726,0.050137629247979675,0.0,0.0,0.0
-1.0,-46.0,0.050746268656716415,0.40617977528089877,0.23906747089869246,0.0029069767441860465,0.07473444613050076,0.038820711437343405,0.0,0.0,0.0
-1.0,-45.8,0.04477611940298507,0.25483146067415724,0.15281266665440701,0.0029069767441860465,0.07094081942336875,0.0369238980837774,0.0,0.0,0.0
-1.0,-45.6,0.04477611940298507,0.20191011235955053,0.12379687011530185,0.0029069767441860465,0.05627212948912494,0.029589553116655492,0.0,0.0,0.0
-1.0,-45.4,0.03283582089552239,0.29292134831460664,0.16715000275841774,0.0,0.0,0.0,0.01020408163265306,0.07392175471897078,0.04293922897114134
-1.0,-45.2,0.03582089552238806,0.39966292134831455,0.22731109435627722,0.0029069767441860465,0.11431461810824482,0.05861079742621544,0.01020408163265306,0.11462617315195614,0.06371544254631095
-1.0,-45.0,0.050746268656716415,0.4104494382022471,0.24140844811416168,0.0029069767441860465,0.1638846737481032,0.08339582524614463,0.01020408163265306,0.14826531688284297,0.08088542215895111
-1.0,-44.8,0.04776119402985075,0.5153932584269663,0.29731054267272294,0.0029069767441860465,0.1901871522508852,0.09654706449753563,0.01020408163265306,0.16503216281767372,0.08944349977152097
-1.0,-44.6,0.04477611940298507,0.5759550561797753,0.3288787951231174,0.0029069767441860465,0.3105715730905413,0.15673927491736367,0.01020408163265306,0.28925445534113675,0.15284862824703857
-0.8,-48.4,0.11044776119402985,0.3679775280898876,0.25085510950918555,0.0029069767441860465,0.1997976732422863,0.10135232499323618,0.0,0.0,0.0
-0.8,-48.2,0.14626865671641792,0.4039325842696629,0.29020853638353045,0.005813953488372093,0.12759231158320689,0.0667031325357895,0.0,0.0,0.0
-0.8,-46.6,0.04477611940298507,0.3707865168539325,0.21638867945346546,0.0029069767441860465,0.1364441072331816,0.06967554198868382,0.030612244897959183,0.07634714752715385,0.054593856550318114
-0.8,-46.4,0.03283582089552239,0.3833707865168538,0.21674175692822592,0.00872093023255814,0.10837126960040466,0.0585460999164814,0.030612244897959183,0.08404513339660444,0.058523036837850186
-0.8,-46.2,0.04477611940298507,0.30213483146067416,0.17874823001526327,0.0029069767441860465,0.02554375316135559,0.014225364952770818,0.0,0.0,0.0
-0.8,-46.0,0.04776119402985075,0.27606741573033705,0.16609260927931738,0.0029069767441860465,0.06031866464339909,0.03161282069379257,0.01020408163265306,0.03100284720025308,0.02103270325846251
-0.8,-45.8,0.04776119402985075,0.22168539325842693,0.1362759521138675,0.005813953488372093,0.03249873545776429,0.019156344473068194,0.01020408163265306,0.046504270800379624,0.028944888221027098
-0.8,-45.6,0.04477611940298507,0.16516853932584266,0.10365214512955367,0.0,0.0,0.0,0.01020408163265306,0.014236001265422333,0.01247462564589265
-0.8,-45.4,0.03283582089552239,0.21404494382022465,0.1239035289358024,0.0,0.0,0.0,0.01020408163265306,0.06432563534746388,0.03804120970860136
-0.6,-48.4,0.11044776119402985,0.38426966292134823,0.2597877857261075,0.0,0.0,0.0,0.0,0.0,0.0
-0.6,-48.2,0.11940298507462686,0.46168539325842695,0.30714338255576606,0.005813953488372093,0.137202832574608,0.07150839303149005,0.0,0.0,0.0
-0.6,-48.0,0.09850746268656717,0.5795505617977528,0.36031004615752404,0.0029069767441860465,0.1336621143146181,0.06828454552940208,0.0,0.0,0.0
-0.6,-47.2,0.04477611940298507,0.4512359550561798,0.2604976185659906,0.005813953488372093,0.15819423368740515,0.08200409358788863,0.04081632653061224,0.12675313719287146,0.08553024710886147
-0.6,-47.0,0.041791044776119404,0.574943820224719,0.32668769193990327,0.011627906976744186,0.1704602933737987,0.09104410017527144,0.04081632653061224,0.16946114098913848,0.10732912404653942
-0.6,-46.8,0.03582089552238806,0.5433707865168539,0.3061034590558856,0.00872093023255814,0.15756196256954982,0.08314144640105398,0.04081632653061224,0.15016345038489928,0.09747926113395901
-0.6,-46.6,0.041791044776119404,0.35348314606741565,0.20526490005332937,0.00872093023255814,0.13694992412746587,0.072835427180012,0.04081632653061224,0.0849942001476326,0.06421578965868747
-0.6,-46.4,0.03880597014925373,0.31370786516853927,0.1818201879401975,0.011627906976744186,0.06853818917551846,0.04008304807613132,0.030612244897959183,0.10091743119266054,0.06713493883792049
-0.6,-46.2,0.04776119402985075,0.2640449438202247,0.15950091027786462,0.0029069767441860465,0.06499747091552859,0.03395222382985732,0.02040816326530612,0.049984182220816194,0.03592942634187493
-0.6,-46.0,0.05373134328358209,0.2442696629213483,0.1519318119126869,0.0029069767441860465,0.0753667172483561,0.039136846996271075,0.0,0.0,0.0
-0.4,-48.2,0.09253731343283582,0.43842696629213473,0.2796612662976516,0.0029069767441860465,0.09471421345472938,0.04881059509945772,0.030612244897959183,0.011388801012337867,0.02143803385004745
-0.4,-48.0,0.07761194029850746,0.507752808988764,0.3094880376615973,0.014534883720930232,0.0877592311583207,0.051147057439625464,0.04081632653061224,0.07634714752715385,0.05980218988365144
-0.4,-47.8,0.07462686567164178,0.6098876404494382,0.3638500156310341,0.020348837209302327,0.15237733940313608,0.08636308830621921,0.04081632653061224,0.18812612042602553,0.1168560406341172
-0.4,-47.6,0.06567164179104477,0.6592134831460673,0.385984479302672,0.01744186046511628,0.1426403641881639,0.08004111232664009,0.05102040816326531,0.16239586628703995,0.1089312234173433
-0.4,-47.4,0.050746268656716415,0.7717977528089888,0.4395290461391346,0.01744186046511628,0.16793120890237737,0.09268653468374682,0.04081632653061224,0.25213540018981334,0.14952744384688388
-0.4,-47.2,0.05373134328358209,0.65438202247191,0.3767888339248607,0.014534883720930232,0.22116843702579667,0.11785166037336345,0.04081632653061224,0.20900558894864493,0.12751326935920418
-0.4,-47.0,0.041791044776119404,0.6314606741573033,0.3576748377130878,0.014534883720930232,0.1909458775923116,0.10274038065662092,0.04081632653061224,0.19023515765053253,0.11793252838412598
-0.4,-46.8,0.04477611940298507,0.4825842696629213,0.2776853197006197,0.011627906976744186,0.1700809307030855,0.09085441883991484,0.04081632653061224,0.17167563007487083,0.10845943618404864
-0.4,-46.6,0.041791044776119404,0.38269662921348313,0.22128211258022398,0.00872093023255814,0.1411229135053111,0.07492192186893461,0.030612244897959183,0.16155225139723717,0.09808396165067314
-0.2,-49.6,0.19402985074626866,0.22494382022471904,0.2182588867025874,0.00872093023255814,0.2350784016186141,0.12189966592558611,0.02040816326530612,0.055994938310661185,0.03899741642939998
-0.2,-48.4,0.0955223880597015,0.47606741573033695,0.3019354898030489,0.011627906976744186,0.10040465351542742,0.056016280246085806,0.01020408163265306,0.032900980702309394,0.02200154223347042
-0.2,-48.2,0.07761194029850746,0.6517977528089888,0.3884652163519006,0.01744186046511628,0.1159585230146687,0.06670019173989249,0.030612244897959183,0.13160392280923758,0.08279783560054835
-0.2,-48.0,0.07462686567164178,0.5168539325842696,0.3128413541992313,0.01744186046511628,0.15591805766312597,0.08667995906412113,0.04081632653061224,0.12306232204998417,0.08364639354634609
-0.2,-47.8,0.07761194029850746,0.5806741573033708,0.3494694643152688,0.020348837209302327,0.12582195245321195,0.07308539483125714,0.061224489795918366,0.15511968786249078,0.11042567401314633
-0.2,-47.6,0.06567164179104477,0.6266292134831459,0.36811912686882803,0.020348837209302327,0.12620131512392516,0.07327507616661375,0.05102040816326531,0.19656226932405357,0.12637032496748568
-0.2,-47.4,0.056716417910447764,0.6870786516853932,0.39635245223339893,0.01744186046511628,0.1851289833080425,0.1012854218865794,0.04081632653061224,0.23209954655699672,0.1393008102218004
-0.2,-47.2,0.05373134328358209,0.6721348314606741,0.3865223707681274,0.014534883720930232,0.2276176024279211,0.12107624307442566,0.04081632653061224,0.20605293683433512,0.12600618650919188
-0.0,-50.4,0.44477611940298506,0.21764044943820224,0.3517341253057246,0.02616279069767442,0.13821446636317652,0.08218862853042547,0.07142857142857142,0.0758198882210271,0.07515806794614925
-0.0,-50.2,0.34328358208955223,0.1913483146067415,0.2816721528531234,0.020348837209302327,0.15756196256954982,0.08895539988942608,0.05102040816326531,0.0924812822946325,0.073245654504552
-0.0,-50.0,0.3164179104477612,0.16224719101123594,0.2509865940896302,0.020348837209302327,0.09269094587759233,0.05651989154344733,0.04081632653061224,0.10450279447432247,0.07417330134626876
-0.0,-49.2,0.25671641791044775,0.3828089887640449,0.3391833244450983,0.020348837209302327,0.08434496712190187,0.0523469021656021,0.0,0.0,0.0
-0.0,-49.0,0.2208955223880597,0.33651685393258424,0.2941622685227754,0.023255813953488372,0.1086241780475468,0.06593999600051759,0.02040816326530612,0.04102077401666139,0.031354353404337586
-0.0,-48.8,0.1582089552238806,0.3930337078651685,0.2907795288622446,0.020348837209302327,0.12721294891249368,0.07378089306089801,0.02040816326530612,0.09111040809870294,0.05692093746704629
-0.0,-48.6,0.14029850746268657,0.4743820224719101,0.32556133801651377,0.023255813953488372,0.11924633282751644,0.0712510733905024,0.02040816326530612,0.07423811030264685,0.04830903546697599
-0.0,-48.4,0.09850746268656717,0.5592134831460673,0.3491596020522628,0.01744186046511628,0.15680323722812342,0.08712254884661985,0.030612244897959183,0.16323948117684275,0.09894515185068016
-0.0,-48.2,0.08656716417910448,0.6946067415730336,0.4168465768035455,0.03197674418604651,0.14592817400101166,0.08895245909352908,0.061224489795918366,0.1170515659601392,0.09099507012548771
0.2,-50.6,0.32238805970149254,0.28887640449438196,0.3236883723496202,0.023255813953488372,0.11469398077895802,0.0689748973662232,0.061224489795918366,0.04850785616366129,0.056009218250202115
0.2,-49.6,0.44477611940298506,0.47449438202247185,0.49256238621526693,0.014534883720930232,0.12493677288821448,0.06973582830457235,0.02040816326530612,0.18359169039333545,0.10412492530493163
0.2,-49.4,0.26865671641791045,0.4702247191011235,0.3936583975431692,0.0029069767441860465,0.10369246332827517,0.05329972003623061,0.0,0.0,0.0
0.2,-49.2,0.208955223880597,0.460561797752809,0.35562717225399515,0.005813953488372093,0.010116337885685382,0.007965145687028738,0.0,0.0,0.0
0.2,-49.0,0.1880597014925373,0.44955056179775277,0.33813328674672205,0.01744186046511628,0.11469398077895802,0.06606792062203715,0.02040816326530612,0.011599704734788567,0.016337349291714997
0.2,-48.8,0.1373134328358209,0.4905617977528089,0.33279574835874143,0.01744186046511628,0.167298937784522,0.09237039912481915,0.030612244897959183,0.06295476115153432,0.047758159337762306
0.2,-48.6,0.12835820895522387,0.5224719101123595,0.3453814891778076,0.023255813953488372,0.15971168437025798,0.09148374916187318,0.030612244897959183,0.10524095750289993,0.0693417387254385
0.4,-50.0,0.5014925373134328,0.20853932584269655,0.3778407105684179,0.00872093023255814,0.16906929691451697,0.08889511357353755,0.030612244897959183,0.09775387535590004,0.06552020721290731
0.4,-49.8,0.3940298507462687,0.4778651685393258,0.4665872855330183,0.00872093023255814,0.1345472938796156,0.07163411205608686,0.02040816326530612,0.05736581250659074,0.03969713346690569
0.4,-49.6,0.27761194029850744,0.4934831460674157,0.41132054653450784,0.00872093023255814,0.2125695498229641,0.11064524002776112,0.0,0.0,0.0
0.4,-49.4,0.208955223880597,0.49730337078651676,0.3757718972397433,0.005813953488372093,0.3512898330804249,0.1785518932843985,0.0,0.0,0.0
0.4,-49.2,0.18507462686567164,0.5392134831460673,0.3856571470604461,0.0029069767441860465,0.49064238745574107,0.24677468209996356,0.01020408163265306,0.0,0.005208333333333333
0.4,-29.4,0.03880597014925373,0.23348314606741571,0.13783445815480241,0.0,0.0,0.0,0.01020408163265306,0.02172308341242223,0.016296157158423846
0.6,-50.4,0.4,0.27921348314606736,0.3609435627723938,0.011627906976744186,0.11722306525037937,0.06442548611356178,0.02040816326530612,0.043235263102393756,0.03248466554184681
0.6,-50.2,0.2835820895522388,0.30853932584269655,0.3131925927288107,0.01744186046511628,0.0537430450177036,0.03559245274140994,0.01020408163265306,0.028472002530844667,0.019740917958451967
0.6,-50.0,0.3522388059701492,0.3450561797752809,0.3708573162434028,0.005813953488372093,0.12126960040465352,0.0635417769465128,0.0,0.0,0.0
0.6,-49.8,0.3074626865671642,0.3947191011235954,0.3735366593721841,0.011627906976744186,0.19347496206373294,0.10255143452023856,0.0,0.0,0.0
0.6,-49.6,0.191044776119403,0.4904494382022471,0.36219404549550377,0.0029069767441860465,0.051340414769853314,0.02712369575701968,0.0,0.0,0.0
0.6,-49.4,0.1880597014925373,0.5455056179775281,0.39074366943121425,0.005813953488372093,0.43007081436519984,0.21794238392678597,0.01020408163265306,0.011072445428661816,0.010859894020879468
0.6,-49.2,0.16716417910447762,0.5141573033707865,0.36209933981868,0.011627906976744186,0.2445624683864441,0.12809518768159414,0.04081632653061224,0.05272593061267532,0.04774552708355303
0.6,-29.8,0.041791044776119404,0.23651685393258423,0.14113444528218613,0.0,0.0,0.0,0.01020408163265306,0.026152061583886953,0.0185567814334423
0.6,-29.6,0.04477611940298507,0.237752808988764,0.1434487577925302,0.0,0.0,0.0,0.01020408163265306,0.022566698302225033,0.01672675225842736
0.6,-29.4,0.041791044776119404,0.23033707865168535,0.13774618878611228,0.0,0.0,0.0,0.01020408163265306,0.021301275967520825,0.01608085960842209
0.6,-29.2,0.04776119402985075,0.20191011235955053,0.12543353132643115,0.0,0.0,0.0,0.01020408163265306,0.02024675735526732,0.015542615733417694
0.6,-29.0,0.056716417910447764,0.1802247191011236,0.11845381489177809,0.0,0.0,0.0,0.01020408163265306,0.022039438996098278,0.016457630320925162
0.8,-50.2,0.3283582089552239,0.3295505617977528,0.3492625829824013,0.014534883720930232,0.07561962569549824,0.045077254708214234,0.01020408163265306,0.026046609722661603,0.01850295704594186
0.8,-50.0,0.29850746268656714,0.31606741573033703,0.32550341124331084,0.005813953488372093,0.0830804248861912,0.04444718918728165,0.0,0.0,0.0
0.8,-49.8,0.2298507462686567,0.32089887640449427,0.29050920392063107,0.0029069767441860465,0.08560950935761255,0.0442582430508993,0.02040816326530612,0.01349783823684488,0.017306188266722908
0.8,-49.6,0.18507462686567164,0.39730337078651684,0.3078504569778775,0.005813953488372093,0.3849266565503288,0.19537030501935046,0.02040816326530612,0.06453653906991458,0.043357191816935564
0.8,-49.4,0.16716417910447762,0.46292134831460674,0.33400761323304956,0.00872093023255814,0.2570814365199798,0.13290118337626897,0.02040816326530612,0.08204154803332278,0.0522920401420085
0.8,-29.8,0.04776119402985075,0.22943820224719094,0.14052667389985105,0.0,0.0,0.0,0.01020408163265306,0.026468417167563006,0.018718254595943618
0.8,-29.6,0.04776119402985075,0.2142696629213483,0.13221004431857886,0.0,0.0,0.0,0.01020408163265306,0.02014130549404197,0.015488791345917255
0.8,-29.4,0.04776119402985075,0.21247191011235947,0.13122436970153917,0.0,0.0,0.0,0.01020408163265306,0.016345038489929346,0.013551113395901437
0.8,-29.2,0.041791044776119404,0.22719101123595498,0.13602125820629282,0.0,0.0,0.0,0.01020408163265306,0.015079616155225139,0.012905220745896166
0.8,-29.0,0.050746268656716415,0.19786516853932581,0.12485242464922121,0.0,0.0,0.0,0.0,0.0,0.0
1.0,-50.0,0.2835820895522388,0.30292134831460665,0.31011235955056177,0.005813953488372093,0.09231158320687911,0.0490627683476256,0.01020408163265306,0.02330486133080249,0.01710352297093044
1.0,-49.8,0.191044776119403,0.2113483146067415,0.2091680612000956,0.014534883720930232,0.04489124936772888,0.029713066544329557,0.02040816326530612,0.07803437730675945,0.0502467134169918
1.0,-49.6,0.14925373134328357,0.32056179775280896,0.2461345372294452,0.00872093023255814,0.09180576631259485,0.050263348272576495,0.02040816326530612,0.14605082779711062,0.08496344335477521
1.0,-29.8,0.04477611940298507,0.19629213483146063,0.1207166369370529,0.0,0.0,0.0,0.01020408163265306,0.02741748391859116,0.01920267408344757
1.0,-29.6,0.050746268656716415,0.20146067415730332,0.12682377388330052,0.0,0.0,0.0,0.01020408163265306,0.022777602024675735,0.016834401033428238
1.0,-29.4,0.04776119402985075,0.20842696629213478,0.12900660181319995,0.0,0.0,0.0,0.01020408163265306,0.01877043129811241,0.014789074308411544
1.0,-29.2,0.04477611940298507,0.22078651685393252,0.13414645359421834,0.0,0.0,0.0,0.0,0.0,0.0
1.0,-29.0,0.04477611940298507,0.22820224719101118,0.13821236138950696,0.0,0.0,0.0,0.0,0.0,0.0
1.2,-49.8,0.09253731343283582,0.09707865168539322,0.09250629838724507,0.005813953488372093,0.12923621648963077,0.06752508498900144,0.04081632653061224,0.057154908784140035,0.05000615135857147
1.2,-49.6,0.10746268656716418,0.2930337078651685,0.20812813770021518,0.014534883720930232,0.20460293373798685,0.10956890872945854,0.061224489795918366,0.07012548771485817,0.06704321768779219
1.2,-29.6,0.050746268656716415,0.196067415730337,0.12386675003218152,0.0,0.0,0.0,0.01020408163265306,0.018348623853211007,0.014573776758409785
1.2,-29.4,0.050746268656716415,0.19876404494382016,0.125345261957741,0.0,0.0,0.0,0.0,0.0,0.0
1.2,-29.2,0.04477611940298507,0.21505617977528085,0.1310046157524044,0.0,0.0,0.0,0.0,0.0,0.0
1.4,-49.8,0.11940298507462686,0.35707865168539316,0.24978944077677043,0.00872093023255814,0.261254425897825,0.13498767806519157,0.01020408163265306,0.05167141200042181,0.03158228320854863
1.4,-49.6,0.14029850746268657,0.47168539325842695,0.32408282609095423,0.00872093023255814,0.2702326757713708,0.13947680300196447,0.030612244897959183,0.06200569440050616,0.04727373985025835
1.6,-49.8,0.1582089552238806,0.7137078651685392,0.466599238676695,0.011627906976744186,0.17020738492665655,0.09091764595170036,0.02040816326530612,0.0764525993883792,0.04943934760448521
1.6,-49.6,0.16716417910447762,0.7638202247191009,0.4989849022600636,0.00872093023255814,0.17438037430450176,0.09155065226852994,0.02040816326530612,0.08541600759253401,0.054014420542022566
1.8,-50.0,0.19701492537313434,0.9241573033707864,0.6032613692785818,0.0029069767441860465,0.015174506828528073,0.00904074178635706,0.0,0.0,0.0
1.8,-49.8,0.19402985074626866,0.7883146067415729,0.5271446698173927,0.00872093023255814,0.02465857359635812,0.01668975191445813,0.030612244897959183,0.07592534008225245,0.05437855900031635
1.8,-49.6,0.1761194029850746,0.7680898876404493,0.5062358631089207,0.011627906976744186,0.10432473444613051,0.05797632071143735,0.030612244897959183,0.1381419382052093,0.0861349476255756
2.0,-50.2,0.14626865671641792,0.9214606741573033,0.5739596167638242,0.0029069767441860465,0.10192210419828024,0.052414540471233145,0.0,0.0,0.0
2.0,-50.0,0.1701492537313433,0.8629213483146067,0.5549568767355044,0.005813953488372093,0.052478502781992925,0.029146228135182507,0.01020408163265306,0.01529051987767584,0.013012869520897044
2.0,-49.8,0.1582089552238806,0.8726966292134831,0.5537698376211405,0.00872093023255814,0.0703085483055134,0.03951473926903577,0.02040816326530612,0.13255298956026573,0.07807392175471897
2.0,-49.6,0.12835820895522387,0.7656179775280898,0.47869398113242245,0.005813953488372093,0.07802225594334851,0.0419181047158603,0.030612244897959183,0.14330907940525148,0.08877234261309712
2.2,-50.6,0.16716417910447762,0.8051685393258426,0.521655418451976,0.0029069767441860465,0.029590288315629744,0.016248632529907894,0.0,0.0,0.0
2.2,-50.4,0.12835820895522387,0.8507865168539325,0.5253903161146766,0.00872093023255814,0.030601922104198282,0.01966142616837821,0.0,0.0,0.0
2.2,-50.2,0.12238805970149254,0.8598876404494381,0.5271069714411813,0.005813953488372093,0.10432473444613051,0.0550693439672513,0.0,0.0,0.0
2.2,-50.0,0.11641791044776119,0.919887640449438,0.5567305393626215,0.00872093023255814,0.1016691957511381,0.05519506299184812,0.02040816326530612,0.029842876726774225,0.02564896832929101
2.4,-50.6,0.13432835820895522,0.8441573033707863,0.5250289633866013,0.005813953488372093,0.026808295397066265,0.016311124442719177,0.0,0.0,0.0
2.4,-50.4,0.11940298507462686,0.8156179775280897,0.5011980727854503,0.00872093023255814,0.04843196762771877,0.028576448930138457,0.0,0.0,0.0
2.4,-50.2,0.10746268656716418,0.8025842696629213,0.48750528696739553,0.00872093023255814,0.10900354071825999,0.058862235475409065,0.01020408163265306,0.014025097542971631,0.01236697687089177
2.6,-50.8,0.1373134328358209,0.6089887640449437,0.3977270637562294,0.00872093023255814,0.027693474962063733,0.018207202597310936,0.0,0.0,0.0
2.6,-50.6,0.11044776119402985,0.7732584269662921,0.4730631309880653,0.011627906976744186,0.048052604957005564,0.029840255966874875,0.0,0.0,0.0
2.6,-50.4,0.08656716417910448,0.8417977528089886,0.4975486860736681,0.005813953488372093,0.10040465351542742,0.053109303501899754,0.0,0.0,0.0
2.8,-50.8,0.09850746268656717,0.593258426966292,0.3678258151124515,0.00872093023255814,0.04919069296914517,0.028955811600851655,0.01020408163265306,0.0,0.005208333333333333
2.8,-50.6,0.0955223880597015,0.5635955056179776,0.34992552272016775,0.0029069767441860465,0.08067779463834092,0.041792385691263485,0.0,0.0,0.0
3.0,-50.8,0.0626865671641791,0.5402247191011236,0.3191084793762298,0.005813953488372093,0.07005563985837127,0.03793479667337168,0.01020408163265306,0.012970578930718128,0.011828732995887378
3.0,-50.6,0.07164179104477612,0.5264044943820224,0.31644108939112525,0.0029069767441860465,0.09180576631259485,0.04735637152839045,0.01020408163265306,0.012970578930718128,0.011828732995887378
3.2,-50.8,0.056716417910447764,0.5182022471910113,0.30376064289523536,0.011627906976744186,0.14200809307030857,0.07681800002352637,0.02040816326530612,0.0926921860170832,0.05772830327955288
3.2,-50.6,0.0626865671641791,0.4842696629213483,0.2884293569208702,0.011627906976744186,0.13353566009104706,0.07258178353389562,0.01020408163265306,0.16840662237688495,0.09116588017153503
3.4,-50.8,0.06567164179104477,0.4214606741573033,0.25562901119917614,0.011627906976744186,0.10849772382397573,0.06006281540035996,0.01020408163265306,0.2124855003690815,0.1136644741467187
3.6,-51.0,0.05373134328358209,0.4553932584269662,0.26768697475128267,0.011627906976744186,0.1398583712696004,0.07574313912317229,0.01020408163265306,0.10734999472740693,0.06000155980878062
3.6,-50.8,0.056716417910447764,0.4011235955056179,0.239568583460527,0.00872093023255814,0.12202832574607993,0.06537462798931903,0.01020408163265306,0.11473162501318147,0.06376926693381138
3.8,-51.0,0.04477611940298507,0.46438202247191007,0.2677053642030931,0.011627906976744186,0.12253414264036419,0.06708102480855418,0.01020408163265306,0.07571443635980175,0.04385424355864881
3.8,-50.8,0.04477611940298507,0.3985393258426966,0.23160503135401533,0.0029069767441860465,0.20574102175012648,0.10432399924715627,0.01020408163265306,0.0843614889802805,0.048267843333684834
4.0,-51.0,0.05970149253731343,0.4023595505617977,0.2418828959708711,0.005813953488372093,0.08915022761760243,0.04748209055298726,0.02040816326530612,0.04059896657175999,0.031139055854335823
4.0,-50.8,0.029850746268656716,0.3846067415730336,0.2157827470163114,0.0029069767441860465,0.041350531107739,0.022128753925962523,0.0,0.0,0.0
4.2,-51.2,0.08358208955223881,0.3502247191011235,0.22639162176575514,0.005813953488372093,0.09484066767830046,0.050327310583336275,0.02040816326530612,0.06263840556785827,0.04238835284192766
4.2,-51.0,0.03880597014925373,0.317191011235955,0.18372993251071185,0.005813953488372093,0.09193222053616591,0.048873087012269,0.01020408163265306,0.10007381630285773,0.056287677071250306
4.2,-50.8,0.008955223880597015,0.42089887640449436,0.22422442486989463,0.0029069767441860465,0.08687405159332322,0.044890514168754635,0.0,0.0,0.0
4.4,-51.6,0.09850746268656717,0.330561797752809,0.22379411169753033,0.00872093023255814,0.07776934749620638,0.04324513886438226,0.02040816326530612,0.03880628493092903,0.03022404126682836
4.4,-51.4,0.06567164179104477,0.3648314606741572,0.22458026076242665,0.00872093023255814,0.11949924127465858,0.06411008575360835,0.02040816326530612,0.10545186122535063,0.06424105416710606
4.4,-51.2,0.041791044776119404,0.3631460674157302,0.21056290111991754,0.00872093023255814,0.09256449165402125,0.0506427109432897,0.02040816326530612,0.05778761995149214,0.039912431016907446
4.4,-51.0,0.023880597014925373,0.2768539325842696,0.15343055223523785,0.005813953488372093,0.1067273646939808,0.05627065909117644,0.0,0.0,0.0
4.6,-51.6,0.041791044776119404,0.4222471910112359,0.24296695415509664,0.005813953488372093,0.14390490642387457,0.07485942995612334,0.02040816326530612,0.08056522197616788,0.05153849871700235
4.6,-51.4,0.029850746268656716,0.4269662921348314,0.23900770518030856,0.005813953488372093,0.1445371775417299,0.075175565515051,0.02040816326530612,0.08003796267004112,0.05126937677950016
4.6,-51.2,0.023880597014925373,0.2982022471910112,0.1651354383125839,0.0029069767441860465,0.15945877592311583,0.08118287633365094,0.01020408163265306,0.02372666877570389,0.017318820520932192
4.6,-51.0,0.005970149253731343,0.38775280898876396,0.20441438790709646,0.0029069767441860465,0.1657814871016692,0.08434423192292763,0.0,0.0,0.0
4.8,-52.0,0.07164179104477612,0.4535955056179775,0.2765212674010188,0.005813953488372093,0.257460799190693,0.13163737633953254,0.02040816326530612,0.09258673415585784,0.05767447889205244
4.8,-51.8,0.03880597014925373,0.4848314606741572,0.2756440905496607,0.005813953488372093,0.21901871522508853,0.11241633435673032,0.02040816326530612,0.09785932721712537,0.06036569826707441
4.8,-51.6,0.029850746268656716,0.39606741573033705,0.22206642269993931,0.005813953488372093,0.1805766312594841,0.0931952923739281,0.01020408163265306,0.03047558789412633,0.020763581320960317
4.8,-51.4,0.011940298507462687,0.4437078651685393,0.23836683278471468,0.0029069767441860465,0.21294891249367728,0.10792794461893167,0.01020408163265306,0.022250342718548984,0.016565279095926044
5.0,-52.2,0.07462686567164178,0.4039325842696629,0.2509286673164273,0.00872093023255814,0.16451694486595853,0.08661893754925833,0.02040816326530612,0.09279763787830854,0.05778212766705332
5.0,-52.0,0.03880597014925373,0.4615730337078652,0.26289192519171006,0.005813953488372093,0.1928426909458776,0.09932832221712486,0.02040816326530612,0.09754297163344933,0.06020422510457309
5.0,-51.8,0.020895522388059702,0.44011235955056177,0.24130546718402324,0.005813953488372093,0.1681841173495195,0.0869990354189458,0.01020408163265306,0.03427185489823895,0.022701259270976132
5.0,-51.6,0.011940298507462687,0.43842696629213473,0.23547141359716064,0.0029069767441860465,0.09522003034901368,0.049063503546599864,0.01020408163265306,0.018559527575661712,0.014681425533410664
5.2,-52.6,0.09253731343283582,0.3882022471910112,0.252123981684106,0.011627906976744186,0.1317653009610521,0.07169660396889814,0.030612244897959183,0.06928187282505535,0.050987622587788675
5.2,-52.4,0.06567164179104477,0.3992134831460673,0.24343128781331025,0.00872093023255814,0.18778452200303491,0.09825272611779652,0.02040816326530612,0.11009174311926606,0.06660932721712538
5.2,-52.2,0.029850746268656716,0.4565168539325842,0.25520973169789807,0.005813953488372093,0.18310571573090545,0.09445983460963878,0.02040816326530612,0.09849203838447748,0.06068864459207705
5.2,-52.0,0.020895522388059702,0.4982022471910112,0.2731550782471175,0.0029069767441860465,0.2426656550328781,0.12278631588853207,0.01020408163265306,0.04038806284930929,0.025823073746001617
5.4,-52.6,0.056716417910447764,0.41730337078651686,0.24843965501388404,0.00872093023255814,0.13227111785533638,0.07049602404394725,0.02040816326530612,0.1078772540335337,0.06547901507961616
5.4,-52.4,0.03283582089552239,0.43685393258426963,0.24606557678515606,0.00872093023255814,0.11039453717754175,0.059557733705049944,0.01020408163265306,0.07824528102921016,0.04514602885865936
5.6,-53.4,0.0626865671641791,0.31011235955056177,0.19294212839515254,0.005813953488372093,0.1475720789074355,0.07669301619790381,0.04081632653061224,0.03184646209005589,0.037088298358466026
5.6,-53.2,0.050746268656716415,0.34910112359550555,0.2077723018076831,0.005813953488372093,0.16059686393525546,0.08320540871181378,0.04081632653061224,0.03912264051460508,0.04080218109599635
5.6,-53.0,0.03582089552238806,0.2997752808988764,0.1725445484470108,0.005813953488372093,0.12240768841679313,0.06411082095258261,0.030612244897959183,0.0681219023515765,0.050395554325283844
5.6,-52.8,0.029850746268656716,0.37292134831460666,0.20937586200555358,0.005813953488372093,0.10799190692969146,0.056902930209031775,0.030612244897959183,0.07465991774754824,0.053732666350311084
5.6,-52.6,0.01791044776119403,0.4189887640449438,0.22808712922267788,0.005813953488372093,0.11064744562468387,0.05823069955652798,0.01020408163265306,0.07919434778023832,0.04563044834616331
5.8,-53.6,0.05373134328358209,0.22629213483146063,0.1420750657422902,0.0029069767441860465,0.13189175518462318,0.06739936596440461,0.030612244897959183,0.039860803543182534,0.03597061847516608
5.8,-53.4,0.03880597014925373,0.22471910112359544,0.13302929439673403,0.0029069767441860465,0.11153262518968135,0.0572198009669337,0.030612244897959183,0.035642729094168504,0.033817642975148506
5.8,-53.2,0.01791044776119403,0.39269662921348314,0.21367163794847277,0.005813953488372093,0.1078654527061204,0.056839703097246244,0.02040816326530612,0.042708003796267005,0.032215543604344615
5.8,-53.0,0.020895522388059702,0.38629213483146063,0.21179683333639823,0.005813953488372093,0.09534648457258472,0.05058021903047841,0.02040816326530612,0.058736686702520295,0.0403968505044114
5.8,-52.8,0.0029850746268656717,0.5434831460674157,0.2881617903970283,0.00872093023255814,0.04160343955488113,0.025162184893719637,0.01020408163265306,0.0677000949066751,0.03976359010861542
6.0,-54.2,0.029850746268656716,0.20573033707865168,0.11770812262086469,0.0029069767441860465,0.1809559939301973,0.09193148533719167,0.02040816326530612,0.03406095117578825,0.027801943829308586
6.0,-54.0,0.023880597014925373,0.2946067415730337,0.16316408907850458,0.0029069767441860465,0.16590794132524028,0.08440745903471317,0.02040816326530612,0.05451861225350627,0.03824387500439383
6.0,-53.8,0.020895522388059702,0.317191011235955,0.17390996524393607,0.0029069767441860465,0.1360647445624684,0.06948586065332722,0.02040816326530612,0.02330486133080249,0.022311856304263772
6.0,-53.6,0.026865671641791045,0.27651685393258424,0.15488239945567223,0.0029069767441860465,0.11646433990895297,0.05968565832656951,0.02040816326530612,0.024148476220605293,0.022742451404267287
6.0,-53.4,0.011940298507462687,0.32685393258426954,0.17429798267713634,0.0029069767441860465,0.0204855842185129,0.011696280481349474,0.01020408163265306,0.029631973004323527,0.0203329862209568
6.0,-53.2,0.011940298507462687,0.36651685393258415,0.196044428915574,0.0029069767441860465,0.019221041982802226,0.011064009363494137,0.01020408163265306,0.03005378044922493,0.020548283770958558
