grid_lat,grid_lon,i_lat,i_lon,hs_q90,ssh_total_mean,ssh_total_q90,ssh_total_anomaly_q90,ssh_total_q90_minus_mean,threshold_translation_error,catalog_thr_ssh_total_abs,catalog_ssh_total_episode_count,ssh_total_exceedance_day_count,ssh_total_anomaly_exceedance_day_count,ssh_total_episode_count,ssh_total_anomaly_episode_count,ssh_total_mask_difference_day_count,compound_day_count_raw_ssh_total,compound_day_count_ssh_total_anomaly,compound_event_count_raw_ssh_total,compound_event_count_ssh_total_anomaly,delta_ssh_total_exceedance_day_count,delta_ssh_total_episode_count,delta_compound_day_count,delta_compound_event_count,delta_catalog_vs_recomputed_ssh_total_episode_count,ssh_total_episode_count_annual_mean,ssh_total_anomaly_episode_count_annual_mean,compound_event_count_raw_ssh_total_annual_mean,compound_event_count_ssh_total_anomaly_annual_mean
-35.0,-54.8,0,1,2.14,0.293926,0.575292,0.281366,0.281366,0.0,0.575292,656,1206,1206,656,656,0,510,510,322,322,0,0,0,0,0,19.87878787878788,19.87878787878788,9.757575757575758,9.757575757575758
-35.0,-54.6,0,2,2.34,0.315124,0.568502,0.253378,0.253378,0.0,0.568502,631,1206,1206,631,631,0,475,475,294,294,0,0,0,0,0,19.12121212121212,19.12121212121212,8.909090909090908,8.909090909090908
-35.0,-54.4,0,3,2.498,0.328593,0.561985,0.233392,0.233392,-0.0,0.561985,637,1206,1206,637,637,0,454,454,291,291,0,0,0,0,0,19.303030303030305,19.303030303030305,8.818181818181818,8.818181818181818
-35.0,-54.2,0,4,2.6,0.338284,0.555906,0.217622,0.217622,0.0,0.555906,624,1206,1206,624,624,0,429,429,276,276,0,0,0,0,0,18.90909090909091,18.90909090909091,8.363636363636363,8.363636363636363
-35.0,-54.0,0,5,2.67,0.347193,0.553987,0.206794,0.206794,0.0,0.553987,583,1206,1206,583,583,0,399,399,252,252,0,0,0,0,0,17.666666666666668,17.666666666666668,7.636363636363637,7.636363636363637
-34.8,-54.4,1,3,2.19,0.339181,0.62577,0.286589,0.286589,0.0,0.62577,644,1206,1206,644,644,0,459,459,302,302,0,0,0,0,0,19.515151515151516,19.515151515151516,9.151515151515152,9.151515151515152
-34.8,-54.2,1,4,2.43,0.350448,0.613323,0.262874,0.262874,0.0,0.613323,625,1206,1206,625,625,0,449,449,288,288,0,0,0,0,0,18.939393939393938,18.939393939393938,8.727272727272727,8.727272727272727
-34.8,-54.0,1,5,2.58,0.358933,0.597247,0.238314,0.238314,-0.0,0.597247,606,1206,1206,606,606,0,433,433,270,270,0,0,0,0,0,18.363636363636363,18.363636363636363,8.181818181818182,8.181818181818182
-34.8,-53.8,1,6,2.7,0.357671,0.578266,0.220595,0.220595,0.0,0.578266,573,1206,1206,573,573,0,397,397,247,247,0,0,0,0,0,17.363636363636363,17.363636363636363,7.484848484848484,7.484848484848484
-34.8,-53.6,1,7,2.85,0.352342,0.555919,0.203577,0.203577,-0.0,0.555919,544,1206,1206,544,544,0,376,376,235,235,0,0,0,0,0,16.484848484848484,16.484848484848484,7.121212121212121,7.121212121212121
-34.6,-54.0,2,5,2.3,0.372965,0.659708,0.286743,0.286743,-0.0,0.659708,622,1206,1206,622,622,0,426,426,270,270,0,0,0,0,0,18.848484848484848,18.848484848484848,8.181818181818182,8.181818181818182
-34.6,-53.8,2,6,2.47,0.377893,0.640632,0.262739,0.262739,0.0,0.640632,596,1206,1206,596,596,0,419,419,259,259,0,0,0,0,0,18.060606060606062,18.060606060606062,7.848484848484849,7.848484848484849
-34.6,-53.6,2,7,2.69,0.372685,0.612657,0.239971,0.239971,0.0,0.612657,572,1206,1206,572,572,0,414,414,258,258,0,0,0,0,0,17.333333333333332,17.333333333333332,7.818181818181818,7.818181818181818
-34.6,-53.4,2,8,2.85,0.362098,0.578163,0.216065,0.216065,0.0,0.578163,542,1206,1206,542,542,0,379,379,240,240,0,0,0,0,0,16.424242424242426,16.424242424242426,7.2727272727272725,7.2727272727272725
-34.4,-53.8,3,6,1.59,0.399115,0.702734,0.303619,0.303619,0.0,0.702734,637,1206,1206,637,637,0,428,428,287,287,0,0,0,0,0,19.303030303030305,19.303030303030305,8.696969696969697,8.696969696969697
-34.4,-53.6,3,7,2.25,0.403091,0.684484,0.281392,0.281392,0.0,0.684484,596,1206,1206,596,596,0,396,396,253,253,0,0,0,0,0,18.060606060606062,18.060606060606062,7.666666666666667,7.666666666666667
-34.4,-53.4,3,8,2.63,0.395054,0.647297,0.252243,0.252243,0.0,0.647297,568,1206,1206,568,568,0,388,388,249,249,0,0,0,0,0,17.21212121212121,17.21212121212121,7.545454545454546,7.545454545454546
-34.2,-53.6,4,7,1.95,0.42965,0.737133,0.307483,0.307483,0.0,0.737133,617,1206,1206,617,617,0,340,340,237,237,0,0,0,0,0,18.696969696969695,18.696969696969695,7.181818181818182,7.181818181818182
-34.2,-53.4,4,8,2.44,0.423826,0.704151,0.280325,0.280325,0.0,0.704151,583,1206,1206,583,583,0,390,390,251,251,0,0,0,0,0,17.666666666666668,17.666666666666668,7.606060606060606,7.606060606060606
-34.2,-53.2,4,9,2.69,0.406787,0.655482,0.248696,0.248696,0.0,0.655482,543,1206,1206,543,543,0,386,386,244,244,0,0,0,0,0,16.454545454545453,16.454545454545453,7.393939393939394,7.393939393939394
-34.0,-53.4,5,8,2.15,0.452041,0.760127,0.308086,0.308086,0.0,0.760127,602,1206,1206,602,602,0,355,355,238,238,0,0,0,0,0,18.242424242424242,18.242424242424242,7.212121212121212,7.212121212121212
-34.0,-53.2,5,9,2.45,0.437681,0.716269,0.278588,0.278588,0.0,0.716269,569,1206,1206,569,569,0,389,389,252,252,0,0,0,0,0,17.242424242424242,17.242424242424242,7.636363636363637,7.636363636363637
-34.0,-53.0,5,10,2.72,0.411751,0.661232,0.249481,0.249481,-0.0,0.661232,531,1206,1206,531,531,0,397,397,247,247,0,0,0,0,0,16.09090909090909,16.09090909090909,7.484848484848484,7.484848484848484
-33.8,-53.4,6,8,1.7,0.475463,0.80881,0.333347,0.333347,-0.0,0.80881,624,1206,1206,624,624,0,335,335,241,241,0,0,0,0,0,18.90909090909091,18.90909090909091,7.303030303030303,7.303030303030303
-33.8,-53.2,6,9,2.12,0.462762,0.772089,0.309327,0.309327,-0.0,0.772089,601,1206,1206,601,601,0,384,384,252,252,0,0,0,0,0,18.21212121212121,18.21212121212121,7.636363636363637,7.636363636363637
-33.8,-53.0,6,10,2.49,0.441207,0.723174,0.281968,0.281968,0.0,0.723174,580,1206,1206,580,580,0,412,412,263,263,0,0,0,0,0,17.575757575757574,17.575757575757574,7.96969696969697,7.96969696969697
-33.8,-52.8,6,11,2.74,0.411251,0.670262,0.25901,0.25901,0.0,0.670262,553,1206,1206,553,553,0,415,415,264,264,0,0,0,0,0,16.757575757575758,16.757575757575758,8.0,8.0
-33.6,-53.0,7,10,1.63,0.463319,0.779094,0.315775,0.315775,0.0,0.779094,607,1206,1206,607,607,0,401,401,266,266,0,0,0,0,0,18.393939393939394,18.393939393939394,8.06060606060606,8.06060606060606
-33.6,-52.8,7,11,2.32,0.437277,0.730191,0.292914,0.292914,0.0,0.730191,585,1206,1206,585,585,0,406,406,258,258,0,0,0,0,0,17.727272727272727,17.727272727272727,7.818181818181818,7.818181818181818
-33.6,-52.6,7,12,2.68,0.404734,0.671725,0.266991,0.266991,0.0,0.671725,557,1206,1206,557,557,0,416,416,260,260,0,0,0,0,0,16.87878787878788,16.87878787878788,7.878787878787879,7.878787878787879
-33.4,-52.8,8,11,1.91,0.453273,0.778192,0.324919,0.324919,-0.0,0.778192,613,1206,1206,613,613,0,390,390,258,258,0,0,0,0,0,18.575757575757574,18.575757575757574,7.818181818181818,7.818181818181818
-33.4,-52.6,8,12,2.27,0.42467,0.719828,0.295158,0.295158,0.0,0.719828,587,1206,1206,587,587,0,405,405,258,258,0,0,0,0,0,17.78787878787879,17.78787878787879,7.818181818181818,7.818181818181818
-33.4,-52.4,8,13,2.61,0.388838,0.646401,0.257564,0.257564,0.0,0.646401,546,1206,1206,546,546,0,402,402,252,252,0,0,0,0,0,16.545454545454547,16.545454545454547,7.636363636363637,7.636363636363637
-33.2,-52.6,9,12,1.87,0.434057,0.759926,0.325868,0.325868,-0.0,0.759926,615,1206,1206,615,615,0,350,350,235,235,0,0,0,0,0,18.636363636363637,18.636363636363637,7.121212121212121,7.121212121212121
-33.2,-52.4,9,13,2.3,0.403588,0.693146,0.289558,0.289558,0.0,0.693146,579,1206,1206,579,579,0,374,374,240,240,0,0,0,0,0,17.545454545454547,17.545454545454547,7.2727272727272725,7.2727272727272725
-33.2,-52.2,9,14,2.68,0.369352,0.610924,0.241572,0.241572,0.0,0.610924,525,1206,1206,525,525,0,375,375,235,235,0,0,0,0,0,15.909090909090908,15.909090909090908,7.121212121212121,7.121212121212121
-33.0,-52.4,10,13,1.86,0.412372,0.719403,0.307031,0.307031,-0.0,0.719403,601,1206,1206,601,601,0,292,292,202,202,0,0,0,0,0,18.21212121212121,18.21212121212121,6.121212121212121,6.121212121212121
-33.0,-52.2,10,14,2.47,0.382367,0.650282,0.267915,0.267915,0.0,0.650282,559,1206,1206,559,559,0,331,331,216,216,0,0,0,0,0,16.939393939393938,16.939393939393938,6.545454545454546,6.545454545454546
-32.8,-52.4,11,13,1.84,0.412753,0.739072,0.326319,0.326319,-0.0,0.739072,610,1206,1206,610,610,0,257,257,186,186,0,0,0,0,0,18.484848484848484,18.484848484848484,5.636363636363637,5.636363636363637
-32.8,-52.2,11,14,2.16,0.390597,0.679438,0.288841,0.288841,0.0,0.679438,581,1206,1206,581,581,0,288,288,195,195,0,0,0,0,0,17.606060606060606,17.606060606060606,5.909090909090909,5.909090909090909
-32.8,-52.0,11,15,2.6,0.360128,0.612853,0.252725,0.252725,0.0,0.612853,542,1206,1206,542,542,0,327,327,218,218,0,0,0,0,0,16.424242424242426,16.424242424242426,6.606060606060606,6.606060606060606
-32.6,-52.2,12,14,2.04,0.394007,0.691841,0.297834,0.297834,0.0,0.691841,594,1206,1206,594,594,0,239,239,171,171,0,0,0,0,0,18.0,18.0,5.181818181818182,5.181818181818182
-32.6,-52.0,12,15,2.51,0.365999,0.631778,0.265779,0.265779,0.0,0.631778,564,1206,1206,564,564,0,299,299,199,199,0,0,0,0,0,17.09090909090909,17.09090909090909,6.03030303030303,6.03030303030303
-32.4,-52.2,13,14,1.88,0.392874,0.706331,0.313457,0.313457,0.0,0.706331,611,1206,1206,611,611,0,235,235,169,169,0,0,0,0,0,18.515151515151516,18.515151515151516,5.121212121212121,5.121212121212121
-32.4,-52.0,13,15,2.22,0.365514,0.649631,0.284117,0.284117,0.0,0.649631,586,1206,1206,586,586,0,293,293,201,201,0,0,0,0,0,17.757575757575758,17.757575757575758,6.090909090909091,6.090909090909091
-32.4,-51.8,13,16,2.57,0.333041,0.58972,0.256679,0.256679,0.0,0.58972,557,1206,1206,557,557,0,348,348,226,226,0,0,0,0,0,16.87878787878788,16.87878787878788,6.848484848484849,6.848484848484849
-32.2,-52.0,14,15,1.99,0.363858,0.670291,0.306434,0.306434,0.0,0.670291,617,1206,1206,617,617,0,320,320,226,226,0,0,0,0,0,18.696969696969695,18.696969696969695,6.848484848484849,6.848484848484849
-32.2,-51.8,14,16,2.21,0.335453,0.613093,0.27764,0.27764,0.0,0.613093,600,1206,1206,600,600,0,356,356,234,234,0,0,0,0,0,18.181818181818183,18.181818181818183,7.090909090909091,7.090909090909091
-32.2,-51.6,14,17,2.52,0.306985,0.551976,0.244991,0.244991,0.0,0.551976,566,1206,1206,566,566,0,384,384,242,242,0,0,0,0,0,17.151515151515152,17.151515151515152,7.333333333333333,7.333333333333333
-32.0,-51.8,15,16,1.52,0.33354,0.634263,0.300723,0.300723,0.0,0.634263,630,1206,1206,630,630,0,349,349,241,241,0,0,0,0,0,19.09090909090909,19.09090909090909,7.303030303030303,7.303030303030303
-32.0,-51.6,15,17,2.0,0.306737,0.576889,0.270151,0.270151,0.0,0.576889,610,1206,1206,610,610,0,359,359,229,229,0,0,0,0,0,18.484848484848484,18.484848484848484,6.9393939393939394,6.9393939393939394
-32.0,-51.4,15,18,2.56,0.281745,0.516691,0.234946,0.234946,-0.0,0.516691,569,1206,1206,569,569,0,381,381,235,235,0,0,0,0,0,17.242424242424242,17.242424242424242,7.121212121212121,7.121212121212121
-32.0,-51.2,15,19,2.88,0.262846,0.460872,0.198026,0.198026,0.0,0.460872,518,1206,1206,518,518,0,388,388,233,233,0,0,0,0,0,15.696969696969697,15.696969696969697,7.0606060606060606,7.0606060606060606
-31.8,-51.4,16,18,2.02,0.279879,0.553626,0.273747,0.273747,0.0,0.553626,617,1206,1206,617,617,0,369,369,238,238,0,0,0,0,0,18.696969696969695,18.696969696969695,7.212121212121212,7.212121212121212
-31.8,-51.2,16,19,2.63,0.26186,0.490965,0.229105,0.229105,0.0,0.490965,567,1206,1206,567,567,0,380,380,234,234,0,0,0,0,0,17.181818181818183,17.181818181818183,7.090909090909091,7.090909090909091
-31.8,-51.0,16,20,2.92,0.252512,0.439048,0.186536,0.186536,0.0,0.439048,502,1206,1206,502,502,0,373,373,221,221,0,0,0,0,0,15.212121212121213,15.212121212121213,6.696969696969697,6.696969696969697
-31.6,-51.2,17,19,2.03,0.263487,0.530473,0.266986,0.266986,0.0,0.530473,616,1206,1206,616,616,0,359,359,228,228,0,0,0,0,0,18.666666666666668,18.666666666666668,6.909090909090909,6.909090909090909
-31.6,-51.0,17,20,2.63,0.253907,0.471628,0.217722,0.217722,-0.0,0.471628,545,1206,1206,545,545,0,371,371,227,227,0,0,0,0,0,16.515151515151516,16.515151515151516,6.878787878787879,6.878787878787879
-31.6,-50.8,17,21,2.97,0.257119,0.424893,0.167774,0.167774,0.0,0.424893,514,1206,1206,514,514,0,360,360,220,220,0,0,0,0,0,15.575757575757576,15.575757575757576,6.666666666666667,6.666666666666667
-31.4,-50.8,18,21,2.73,0.255598,0.460676,0.205078,0.205078,0.0,0.460676,530,1206,1206,530,530,0,331,331,201,201,0,0,0,0,0,16.060606060606062,16.060606060606062,6.090909090909091,6.090909090909091
-31.4,-50.6,18,22,3.0,0.264894,0.422848,0.157954,0.157954,0.0,0.422848,531,1206,1206,531,531,0,341,341,210,210,0,0,0,0,0,16.09090909090909,16.09090909090909,6.363636363636363,6.363636363636363
-31.2,-50.8,19,21,2.41,0.259779,0.505036,0.245257,0.245257,0.0,0.505036,579,1206,1206,579,579,0,332,332,211,211,0,0,0,0,0,17.545454545454547,17.545454545454547,6.393939393939394,6.393939393939394
-31.2,-50.6,19,22,2.61,0.263489,0.453047,0.189558,0.189558,0.0,0.453047,529,1206,1206,529,529,0,367,367,222,222,0,0,0,0,0,16.03030303030303,16.03030303030303,6.7272727272727275,6.7272727272727275
-31.2,-50.4,19,23,2.93,0.274226,0.423346,0.14912,0.14912,0.0,0.423346,541,1206,1206,541,541,0,336,336,209,209,0,0,0,0,0,16.393939393939394,16.393939393939394,6.333333333333333,6.333333333333333
-31.0,-50.6,20,22,2.4,0.266958,0.488978,0.22202,0.22202,0.0,0.488978,557,1206,1206,557,557,0,305,305,195,195,0,0,0,0,0,16.87878787878788,16.87878787878788,5.909090909090909,5.909090909090909
-31.0,-50.4,20,23,2.73,0.272783,0.448415,0.175632,0.175632,0.0,0.448415,542,1206,1206,542,542,0,353,353,222,222,0,0,0,0,0,16.424242424242426,16.424242424242426,6.7272727272727275,6.7272727272727275
-31.0,-50.2,20,24,3.028,0.278993,0.424028,0.145035,0.145035,0.0,0.424028,544,1206,1206,544,544,0,326,326,205,205,0,0,0,0,0,16.484848484848484,16.484848484848484,6.212121212121212,6.212121212121212
-30.8,-50.4,21,23,2.48,0.274959,0.48453,0.209571,0.209571,0.0,0.48453,545,1206,1206,545,545,0,322,322,207,207,0,0,0,0,0,16.515151515151516,16.515151515151516,6.2727272727272725,6.2727272727272725
-30.8,-50.2,21,24,2.85,0.277117,0.447775,0.170658,0.170658,0.0,0.447775,539,1206,1206,539,539,0,352,352,222,222,0,0,0,0,0,16.333333333333332,16.333333333333332,6.7272727272727275,6.7272727272727275
-30.6,-50.4,22,23,1.94,0.279962,0.514421,0.234459,0.234459,0.0,0.514421,579,1206,1206,579,579,0,172,172,122,122,0,0,0,0,0,17.545454545454547,17.545454545454547,3.696969696969697,3.696969696969697
-30.6,-50.2,22,24,2.53,0.280635,0.482518,0.201883,0.201883,0.0,0.482518,532,1206,1206,532,532,0,313,313,198,198,0,0,0,0,0,16.12121212121212,16.12121212121212,6.0,6.0
-30.6,-50.0,22,25,2.89,0.283729,0.448779,0.16505,0.16505,-0.0,0.448779,528,1206,1206,528,528,0,344,344,216,216,0,0,0,0,0,16.0,16.0,6.545454545454546,6.545454545454546
-30.4,-50.2,23,24,2.1,0.289696,0.507896,0.2182,0.2182,-0.0,0.507896,554,1206,1206,554,554,0,217,217,152,152,0,0,0,0,0,16.78787878787879,16.78787878787879,4.606060606060606,4.606060606060606
-30.4,-50.0,23,25,2.62,0.290721,0.475719,0.184997,0.184997,-0.0,0.475719,524,1206,1206,524,524,0,335,335,210,210,0,0,0,0,0,15.878787878787879,15.878787878787879,6.363636363636363,6.363636363636363
-30.4,-49.8,23,26,2.97,0.286656,0.446608,0.159951,0.159951,0.0,0.446608,526,1206,1206,526,526,0,350,350,214,214,0,0,0,0,0,15.93939393939394,15.93939393939394,6.484848484848484,6.484848484848484
-30.2,-50.0,24,25,2.4,0.298076,0.494976,0.196899,0.196899,0.0,0.494976,531,1206,1206,531,531,0,261,261,165,165,0,0,0,0,0,16.09090909090909,16.09090909090909,5.0,5.0
-30.2,-49.8,24,26,2.8,0.292489,0.464896,0.172406,0.172406,0.0,0.464896,535,1206,1206,535,535,0,332,332,208,208,0,0,0,0,0,16.21212121212121,16.21212121212121,6.303030303030303,6.303030303030303
-30.0,-50.0,25,25,2.1,0.305578,0.517844,0.212266,0.212266,0.0,0.517844,560,1206,1206,560,560,0,191,191,131,131,0,0,0,0,0,16.96969696969697,16.96969696969697,3.9696969696969697,3.9696969696969697
-30.0,-49.8,25,26,2.64,0.298627,0.484745,0.186118,0.186118,0.0,0.484745,536,1206,1206,536,536,0,318,318,200,200,0,0,0,0,0,16.242424242424242,16.242424242424242,6.0606060606060606,6.0606060606060606
-29.8,-49.8,26,26,2.43,0.305815,0.507395,0.20158,0.20158,-0.0,0.507395,556,1206,1206,556,556,0,300,300,195,195,0,0,0,0,0,16.848484848484848,16.848484848484848,5.909090909090909,5.909090909090909
-29.8,-49.6,26,27,2.74,0.297656,0.475572,0.177916,0.177916,-0.0,0.475572,540,1206,1206,540,540,0,367,367,226,226,0,0,0,0,0,16.363636363636363,16.363636363636363,6.848484848484849,6.848484848484849
-29.6,-49.8,27,26,2.14,0.313199,0.532095,0.218897,0.218897,0.0,0.532095,572,1206,1206,572,572,0,245,245,168,168,0,0,0,0,0,17.333333333333332,17.333333333333332,5.090909090909091,5.090909090909091
-29.6,-49.6,27,27,2.58,0.303738,0.497567,0.193829,0.193829,0.0,0.497567,551,1206,1206,551,551,0,346,346,215,215,0,0,0,0,0,16.696969696969695,16.696969696969695,6.515151515151516,6.515151515151516
-29.6,-49.4,27,28,2.83,0.298082,0.468765,0.170683,0.170683,0.0,0.468765,542,1206,1206,542,542,0,387,387,233,233,0,0,0,0,0,16.424242424242426,16.424242424242426,7.0606060606060606,7.0606060606060606
-29.4,-49.6,28,27,2.348,0.312336,0.526944,0.214608,0.214608,0.0,0.526944,570,1206,1206,570,570,0,299,299,192,192,0,0,0,0,0,17.272727272727273,17.272727272727273,5.818181818181818,5.818181818181818
-29.4,-49.4,28,28,2.66,0.302562,0.490445,0.187883,0.187883,0.0,0.490445,549,1206,1206,549,549,0,377,377,231,231,0,0,0,0,0,16.636363636363637,16.636363636363637,7.0,7.0
-29.4,-49.2,28,29,2.86,0.299885,0.463402,0.163516,0.163516,0.0,0.463402,547,1206,1206,547,547,0,405,405,242,242,0,0,0,0,0,16.575757575757574,16.575757575757574,7.333333333333333,7.333333333333333
-29.2,-49.4,29,28,2.47,0.308251,0.51803,0.209779,0.209779,0.0,0.51803,565,1206,1206,565,565,0,367,367,227,227,0,0,0,0,0,17.12121212121212,17.12121212121212,6.878787878787879,6.878787878787879
-29.2,-49.2,29,29,2.7,0.30092,0.48393,0.18301,0.18301,0.0,0.48393,546,1206,1206,546,546,0,417,417,248,248,0,0,0,0,0,16.545454545454547,16.545454545454547,7.515151515151516,7.515151515151516
-29.2,-49.0,29,30,2.9,0.304258,0.459714,0.155456,0.155456,0.0,0.459714,542,1206,1206,542,542,0,407,407,243,243,0,0,0,0,0,16.424242424242426,16.424242424242426,7.363636363636363,7.363636363636363
-29.0,-49.4,30,28,2.12,0.312437,0.54999,0.237554,0.237554,0.0,0.54999,590,1206,1206,590,590,0,305,305,203,203,0,0,0,0,0,17.87878787878788,17.87878787878788,6.151515151515151,6.151515151515151
-29.0,-49.2,30,29,2.48,0.302983,0.508942,0.20596,0.20596,0.0,0.508942,558,1206,1206,558,558,0,423,423,254,254,0,0,0,0,0,16.90909090909091,16.90909090909091,7.696969696969697,7.696969696969697
-29.0,-49.0,30,30,2.72,0.302059,0.477205,0.175146,0.175146,0.0,0.477205,546,1206,1206,546,546,0,431,431,251,251,0,0,0,0,0,16.545454545454547,16.545454545454547,7.606060606060606,7.606060606060606
-29.0,-48.8,30,31,2.92,0.307875,0.458207,0.150332,0.150332,-0.0,0.458207,547,1206,1206,547,547,0,413,413,242,242,0,0,0,0,0,16.575757575757574,16.575757575757574,7.333333333333333,7.333333333333333
-29.0,-48.6,30,32,3.06,0.313659,0.447448,0.133789,0.133789,-0.0,0.447448,509,1206,1206,509,509,0,366,366,217,217,0,0,0,0,0,15.424242424242424,15.424242424242424,6.575757575757576,6.575757575757576
-28.8,-49.0,31,30,2.468,0.299803,0.51014,0.210337,0.210337,-0.0,0.51014,555,1206,1206,555,555,0,450,450,268,268,0,0,0,0,0,16.818181818181817,16.818181818181817,8.121212121212121,8.121212121212121
-28.8,-48.8,31,31,2.74,0.30255,0.477725,0.175175,0.175175,0.0,0.477725,555,1206,1206,555,555,0,441,441,258,258,0,0,0,0,0,16.818181818181817,16.818181818181817,7.818181818181818,7.818181818181818
-28.8,-48.6,31,32,2.96,0.311223,0.459467,0.148243,0.148243,0.0,0.459467,548,1206,1206,548,548,0,409,409,243,243,0,0,0,0,0,16.606060606060606,16.606060606060606,7.363636363636363,7.363636363636363
-28.8,-48.4,31,33,3.08,0.319315,0.449542,0.130227,0.130227,-0.0,0.449542,503,1206,1206,503,503,0,344,344,206,206,0,0,0,0,0,15.242424242424242,15.242424242424242,6.242424242424242,6.242424242424242
-28.6,-48.8,32,31,2.45,0.301778,0.516035,0.214258,0.214258,-0.0,0.516035,561,1206,1206,561,561,0,472,472,277,277,0,0,0,0,0,17.0,17.0,8.393939393939394,8.393939393939394
-28.6,-48.6,32,32,2.71,0.310032,0.480004,0.169972,0.169972,0.0,0.480004,555,1206,1206,555,555,0,436,436,255,255,0,0,0,0,0,16.818181818181817,16.818181818181817,7.7272727272727275,7.7272727272727275
-28.6,-48.4,32,33,2.95,0.320102,0.461786,0.141684,0.141684,0.0,0.461786,534,1206,1206,534,534,0,369,369,221,221,0,0,0,0,0,16.181818181818183,16.181818181818183,6.696969696969697,6.696969696969697
-28.4,-48.6,33,32,2.34,0.313687,0.504572,0.190885,0.190885,-0.0,0.504572,550,1206,1206,550,550,0,397,397,248,248,0,0,0,0,0,16.666666666666668,16.666666666666668,7.515151515151516,7.515151515151516
-28.4,-48.4,33,33,2.81,0.324181,0.480016,0.155835,0.155835,0.0,0.480016,563,1206,1206,563,563,0,393,393,241,241,0,0,0,0,0,17.060606060606062,17.060606060606062,7.303030303030303,7.303030303030303
-28.2,-48.6,34,32,2.14,0.321508,0.5274,0.205892,0.205892,0.0,0.5274,567,1206,1206,567,567,0,303,303,211,211,0,0,0,0,0,17.181818181818183,17.181818181818183,6.393939393939394,6.393939393939394
-28.2,-48.4,34,33,2.58,0.330421,0.499477,0.169056,0.169056,-0.0,0.499477,574,1206,1206,574,574,0,387,387,245,245,0,0,0,0,0,17.393939393939394,17.393939393939394,7.424242424242424,7.424242424242424
-28.2,-48.2,34,34,2.87,0.33789,0.483843,0.145952,0.145952,0.0,0.483843,548,1206,1206,548,548,0,359,359,220,220,0,0,0,0,0,16.606060606060606,16.606060606060606,6.666666666666667,6.666666666666667
-28.0,-48.4,35,33,2.46,0.338479,0.520857,0.182379,0.182379,-0.0,0.520857,566,1206,1206,566,566,0,368,368,243,243,0,0,0,0,0,17.151515151515152,17.151515151515152,7.363636363636363,7.363636363636363
-28.0,-48.2,35,34,2.78,0.346722,0.502951,0.156229,0.156229,0.0,0.502951,575,1206,1206,575,575,0,361,361,229,229,0,0,0,0,0,17.424242424242426,17.424242424242426,6.9393939393939394,6.9393939393939394
-27.8,-48.4,36,33,2.23,0.349189,0.544138,0.194949,0.194949,0.0,0.544138,560,1206,1206,560,560,0,312,312,220,220,0,0,0,0,0,16.96969696969697,16.96969696969697,6.666666666666667,6.666666666666667
-27.8,-48.2,36,34,2.64,0.357498,0.523793,0.166295,0.166295,0.0,0.523793,572,1206,1206,572,572,0,359,359,231,231,0,0,0,0,0,17.333333333333332,17.333333333333332,7.0,7.0
-27.6,-48.4,37,33,1.9,0.364081,0.572124,0.208043,0.208043,0.0,0.572124,564,1206,1206,564,564,0,266,266,194,194,0,0,0,0,0,17.09090909090909,17.09090909090909,5.878787878787879,5.878787878787879
-27.6,-48.2,37,34,2.55,0.371953,0.551046,0.179093,0.179093,-0.0,0.551046,577,1206,1206,577,577,0,328,328,220,220,0,0,0,0,0,17.484848484848484,17.484848484848484,6.666666666666667,6.666666666666667
-27.6,-48.0,37,35,2.81,0.372283,0.531472,0.159189,0.159189,0.0,0.531472,540,1206,1206,540,540,0,323,323,206,206,0,0,0,0,0,16.363636363636363,16.363636363636363,6.242424242424242,6.242424242424242
-27.4,-48.4,38,33,1.5,0.407039,0.627894,0.220855,0.220855,0.0,0.627894,552,1206,1206,552,552,0,214,214,163,163,0,0,0,0,0,16.727272727272727,16.727272727272727,4.9393939393939394,4.9393939393939394
-27.4,-48.2,38,34,2.5,0.3955,0.587243,0.191743,0.191743,-0.0,0.587243,570,1206,1206,570,570,0,292,292,197,197,0,0,0,0,0,17.272727272727273,17.272727272727273,5.96969696969697,5.96969696969697
-27.4,-48.0,38,35,2.77,0.388042,0.558743,0.170701,0.170701,0.0,0.558743,546,1206,1206,546,546,0,321,321,210,210,0,0,0,0,0,16.545454545454547,16.545454545454547,6.363636363636363,6.363636363636363
-27.2,-48.4,39,33,1.64,0.431888,0.663706,0.231818,0.231818,0.0,0.663706,566,1206,1206,566,566,0,191,191,149,149,0,0,0,0,0,17.151515151515152,17.151515151515152,4.515151515151516,4.515151515151516
-27.2,-48.2,39,34,2.29,0.423636,0.627804,0.204168,0.204168,0.0,0.627804,564,1206,1206,564,564,0,256,256,181,181,0,0,0,0,0,17.09090909090909,17.09090909090909,5.484848484848484,5.484848484848484
-27.2,-48.0,39,35,2.68,0.40862,0.59299,0.18437,0.18437,0.0,0.59299,531,1206,1206,531,531,0,297,297,201,201,0,0,0,0,0,16.09090909090909,16.09090909090909,6.090909090909091,6.090909090909091
-27.0,-48.4,40,33,1.82,0.465862,0.701233,0.235372,0.235372,0.0,0.701233,551,1206,1206,551,551,0,155,155,122,122,0,0,0,0,0,16.696969696969695,16.696969696969695,3.696969696969697,3.696969696969697
-27.0,-48.2,40,34,2.33,0.450989,0.668202,0.217213,0.217213,0.0,0.668202,547,1206,1206,547,547,0,246,246,172,172,0,0,0,0,0,16.575757575757574,16.575757575757574,5.212121212121212,5.212121212121212
-26.8,-48.4,41,33,1.93,0.491665,0.738105,0.24644,0.24644,0.0,0.738105,551,1206,1206,551,551,0,197,197,148,148,0,0,0,0,0,16.696969696969695,16.696969696969695,4.484848484848484,4.484848484848484
-26.8,-48.2,41,34,2.32,0.477252,0.708005,0.230753,0.230753,0.0,0.708005,537,1206,1206,537,537,0,259,259,182,182,0,0,0,0,0,16.272727272727273,16.272727272727273,5.515151515151516,5.515151515151516
-26.6,-48.6,42,32,1.69,0.530059,0.804596,0.274537,0.274537,-0.0,0.804596,568,1206,1206,568,568,0,176,176,140,140,0,0,0,0,0,17.21212121212121,17.21212121212121,4.242424242424242,4.242424242424242
-26.6,-48.4,42,33,1.94,0.517503,0.777364,0.25986,0.25986,-0.0,0.777364,545,1206,1206,545,545,0,214,214,161,161,0,0,0,0,0,16.515151515151516,16.515151515151516,4.878787878787879,4.878787878787879
-26.6,-48.2,42,34,2.29,0.502744,0.746706,0.243962,0.243962,0.0,0.746706,527,1206,1206,527,527,0,256,256,176,176,0,0,0,0,0,15.969696969696969,15.969696969696969,5.333333333333333,5.333333333333333
-26.4,-48.4,43,33,1.63,0.54779,0.822534,0.274744,0.274744,0.0,0.822534,546,1206,1206,546,546,0,229,229,166,166,0,0,0,0,0,16.545454545454547,16.545454545454547,5.03030303030303,5.03030303030303
-26.4,-48.2,43,34,2.24,0.530923,0.790578,0.259655,0.259655,-0.0,0.790578,526,1206,1206,526,526,0,250,250,178,178,0,0,0,0,0,15.93939393939394,15.93939393939394,5.393939393939394,5.393939393939394
-26.2,-48.4,44,33,1.34,0.592276,0.887295,0.295019,0.295019,0.0,0.887295,543,1206,1206,543,543,0,211,211,160,160,0,0,0,0,0,16.454545454545453,16.454545454545453,4.848484848484849,4.848484848484849
-26.2,-48.2,44,34,2.0,0.563063,0.839095,0.276032,0.276032,-0.0,0.839095,530,1206,1206,530,530,0,252,252,185,185,0,0,0,0,0,16.060606060606062,16.060606060606062,5.606060606060606,5.606060606060606
-26.0,-48.4,45,33,1.26,0.630371,0.946672,0.3163,0.3163,0.0,0.946672,541,1206,1206,541,541,0,197,197,152,152,0,0,0,0,0,16.393939393939394,16.393939393939394,4.606060606060606,4.606060606060606
-26.0,-48.2,45,34,1.85,0.597168,0.894102,0.296934,0.296934,0.0,0.894102,534,1206,1206,534,534,0,242,242,177,177,0,0,0,0,0,16.181818181818183,16.181818181818183,5.363636363636363,5.363636363636363
-25.8,-48.2,46,34,1.8,0.629735,0.946518,0.316784,0.316784,0.0,0.946518,537,1206,1206,537,537,0,246,246,187,187,0,0,0,0,0,16.272727272727273,16.272727272727273,5.666666666666667,5.666666666666667
-25.8,-48.0,46,35,2.15,0.595539,0.889751,0.294211,0.294211,-0.0,0.889751,523,1206,1206,523,523,0,283,283,199,199,0,0,0,0,0,15.848484848484848,15.848484848484848,6.03030303030303,6.03030303030303
-25.6,-48.4,47,33,1.33,0.687887,1.042799,0.354912,0.354912,0.0,1.042799,540,1206,1206,540,540,0,253,253,186,186,0,0,0,0,0,16.363636363636363,16.363636363636363,5.636363636363637,5.636363636363637
-25.6,-48.2,47,34,1.67,0.653613,0.990614,0.337001,0.337001,0.0,0.990614,541,1206,1206,541,541,0,264,264,194,194,0,0,0,0,0,16.393939393939394,16.393939393939394,5.878787878787879,5.878787878787879
-25.6,-48.0,47,35,2.06,0.620669,0.931026,0.310357,0.310357,0.0,0.931026,530,1206,1206,530,530,0,281,281,196,196,0,0,0,0,0,16.060606060606062,16.060606060606062,5.9393939393939394,5.9393939393939394
-25.6,-47.8,47,36,2.27,0.589049,0.878688,0.289638,0.289638,0.0,0.878688,524,1206,1206,524,524,0,291,291,203,203,0,0,0,0,0,15.878787878787879,15.878787878787879,6.151515151515151,6.151515151515151
-25.4,-48.0,48,35,1.89,0.635067,0.960932,0.325865,0.325865,-0.0,0.960932,540,1206,1206,540,540,0,292,292,204,204,0,0,0,0,0,16.363636363636363,16.363636363636363,6.181818181818182,6.181818181818182
-25.4,-47.8,48,36,2.06,0.610029,0.915769,0.30574,0.30574,0.0,0.915769,537,1206,1206,537,537,0,290,290,203,203,0,0,0,0,0,16.272727272727273,16.272727272727273,6.151515151515151,6.151515151515151
-25.4,-47.6,48,37,2.31,0.579285,0.86519,0.285905,0.285905,-0.0,0.86519,524,1206,1206,524,524,0,295,295,204,204,0,0,0,0,0,15.878787878787879,15.878787878787879,6.181818181818182,6.181818181818182
-25.2,-47.8,49,36,1.85,0.624261,0.946431,0.32217,0.32217,0.0,0.946431,542,1206,1206,542,542,0,294,294,204,204,0,0,0,0,0,16.424242424242426,16.424242424242426,6.181818181818182,6.181818181818182
-25.2,-47.6,49,37,2.18,0.598531,0.90061,0.302079,0.302079,0.0,0.90061,524,1206,1206,524,524,0,298,298,205,205,0,0,0,0,0,15.878787878787879,15.878787878787879,6.212121212121212,6.212121212121212
-25.0,-47.8,50,36,1.29,0.62984,0.962728,0.332888,0.332888,0.0,0.962728,554,1206,1206,554,554,0,275,275,197,197,0,0,0,0,0,16.78787878787879,16.78787878787879,5.96969696969697,5.96969696969697
-25.0,-47.6,50,37,2.04,0.609996,0.926354,0.316358,0.316358,-0.0,0.926354,539,1206,1206,539,539,0,310,310,212,212,0,0,0,0,0,16.333333333333332,16.333333333333332,6.424242424242424,6.424242424242424
-25.0,-47.4,50,38,2.2,0.582266,0.880617,0.298351,0.298351,0.0,0.880617,530,1206,1206,530,530,0,322,322,217,217,0,0,0,0,0,16.060606060606062,16.060606060606062,6.575757575757576,6.575757575757576
-25.0,-47.2,50,39,2.34,0.554588,0.834319,0.279731,0.279731,0.0,0.834319,516,1206,1206,516,516,0,314,314,206,206,0,0,0,0,0,15.636363636363637,15.636363636363637,6.242424242424242,6.242424242424242
-24.8,-47.4,51,38,2.04,0.588869,0.901653,0.312784,0.312784,-0.0,0.901653,545,1206,1206,545,545,0,332,332,224,224,0,0,0,0,0,16.515151515151516,16.515151515151516,6.787878787878788,6.787878787878788
-24.8,-47.2,51,39,2.25,0.563254,0.858228,0.294974,0.294974,0.0,0.858228,531,1206,1206,531,531,0,330,330,219,219,0,0,0,0,0,16.09090909090909,16.09090909090909,6.636363636363637,6.636363636363637
-24.8,-47.0,51,40,2.36,0.540443,0.817596,0.277153,0.277153,0.0,0.817596,521,1206,1206,521,521,0,331,331,211,211,0,0,0,0,0,15.787878787878787,15.787878787878787,6.393939393939394,6.393939393939394
-24.8,-46.8,51,41,2.45,0.521479,0.780911,0.259433,0.259433,0.0,0.780911,503,1206,1206,503,503,0,333,333,208,208,0,0,0,0,0,15.242424242424242,15.242424242424242,6.303030303030303,6.303030303030303
-24.6,-47.2,52,39,1.99,0.564364,0.873261,0.308897,0.308897,0.0,0.873261,549,1206,1206,549,549,0,355,355,234,234,0,0,0,0,0,16.636363636363637,16.636363636363637,7.090909090909091,7.090909090909091
-24.6,-47.0,52,40,2.21,0.547916,0.839026,0.29111,0.29111,-0.0,0.839026,539,1206,1206,539,539,0,360,360,232,232,0,0,0,0,0,16.333333333333332,16.333333333333332,7.03030303030303,7.03030303030303
-24.6,-46.8,52,41,2.31,0.531691,0.804673,0.272982,0.272982,0.0,0.804673,528,1206,1206,528,528,0,346,346,219,219,0,0,0,0,0,16.0,16.0,6.636363636363637,6.636363636363637
-24.6,-46.6,52,42,2.44,0.51584,0.771303,0.255463,0.255463,-0.0,0.771303,519,1206,1206,519,519,0,349,349,217,217,0,0,0,0,0,15.727272727272727,15.727272727272727,6.575757575757576,6.575757575757576
-24.4,-46.8,53,41,2.14,0.540005,0.825983,0.285979,0.285979,0.0,0.825983,533,1206,1206,533,533,0,379,379,237,237,0,0,0,0,0,16.151515151515152,16.151515151515152,7.181818181818182,7.181818181818182
-24.4,-46.6,53,42,2.25,0.526398,0.796151,0.269753,0.269753,0.0,0.796151,531,1206,1206,531,531,0,381,381,239,239,0,0,0,0,0,16.09090909090909,16.09090909090909,7.242424242424242,7.242424242424242
-24.4,-46.4,53,43,2.36,0.511681,0.766907,0.255226,0.255226,0.0,0.766907,528,1206,1206,528,528,0,374,374,232,232,0,0,0,0,0,16.0,16.0,7.03030303030303,7.03030303030303
-24.4,-46.2,53,44,2.43,0.496168,0.738325,0.242156,0.242156,0.0,0.738325,518,1206,1206,518,518,0,380,380,233,233,0,0,0,0,0,15.696969696969697,15.696969696969697,7.0606060606060606,7.0606060606060606
-24.4,-46.0,53,45,2.5,0.480106,0.709194,0.229088,0.229088,-0.0,0.709194,519,1206,1206,519,519,0,373,373,223,223,0,0,0,0,0,15.727272727272727,15.727272727272727,6.757575757575758,6.757575757575758
-24.4,-45.2,53,49,2.75,0.450371,0.62818,0.177808,0.177808,0.0,0.62818,450,1206,1206,450,450,0,288,288,163,163,0,0,0,0,0,13.636363636363637,13.636363636363637,4.9393939393939394,4.9393939393939394
-24.2,-46.6,54,42,2.13,0.533882,0.817998,0.284116,0.284116,0.0,0.817998,538,1206,1206,538,538,0,405,405,248,248,0,0,0,0,0,16.303030303030305,16.303030303030305,7.515151515151516,7.515151515151516
-24.2,-46.4,54,43,2.22,0.522031,0.792674,0.270643,0.270643,0.0,0.792674,537,1206,1206,537,537,0,411,411,249,249,0,0,0,0,0,16.272727272727273,16.272727272727273,7.545454545454546,7.545454545454546
-24.2,-46.2,54,44,2.27,0.50771,0.763648,0.255937,0.255937,-0.0,0.763648,531,1206,1206,531,531,0,406,406,245,245,0,0,0,0,0,16.09090909090909,16.09090909090909,7.424242424242424,7.424242424242424
-24.2,-46.0,54,45,2.37,0.491606,0.73401,0.242404,0.242404,-0.0,0.73401,526,1206,1206,526,526,0,396,396,239,239,0,0,0,0,0,15.93939393939394,15.93939393939394,7.242424242424242,7.242424242424242
-24.2,-45.8,54,46,2.48,0.475768,0.705542,0.229774,0.229774,-0.0,0.705542,520,1206,1206,520,520,0,410,410,243,243,0,0,0,0,0,15.757575757575758,15.757575757575758,7.363636363636363,7.363636363636363
-24.2,-45.6,54,47,2.52,0.463818,0.679274,0.215456,0.215456,0.0,0.679274,513,1206,1206,513,513,0,395,395,232,232,0,0,0,0,0,15.545454545454545,15.545454545454545,7.03030303030303,7.03030303030303
-24.2,-45.4,54,48,2.61,0.455005,0.657961,0.202957,0.202957,0.0,0.657961,500,1206,1206,500,500,0,378,378,224,224,0,0,0,0,0,15.151515151515152,15.151515151515152,6.787878787878788,6.787878787878788
-24.2,-45.2,54,49,2.67,0.447409,0.638505,0.191096,0.191096,-0.0,0.638505,484,1206,1206,484,484,0,351,351,197,197,0,0,0,0,0,14.666666666666666,14.666666666666666,5.96969696969697,5.96969696969697
-24.2,-45.0,54,50,2.718,0.445747,0.623768,0.178022,0.178022,0.0,0.623768,454,1206,1206,454,454,0,300,300,166,166,0,0,0,0,0,13.757575757575758,13.757575757575758,5.03030303030303,5.03030303030303
-24.0,-46.4,55,43,1.83,0.526091,0.809732,0.283641,0.283641,0.0,0.809732,557,1206,1206,557,557,0,474,474,285,285,0,0,0,0,0,16.87878787878788,16.87878787878788,8.636363636363637,8.636363636363637
-24.0,-46.2,55,44,1.92,0.512249,0.785114,0.272865,0.272865,0.0,0.785114,555,1206,1206,555,555,0,459,459,273,273,0,0,0,0,0,16.818181818181817,16.818181818181817,8.272727272727273,8.272727272727273
-24.0,-46.0,55,45,2.22,0.503172,0.762976,0.259803,0.259803,0.0,0.762976,546,1206,1206,546,546,0,445,445,264,264,0,0,0,0,0,16.545454545454547,16.545454545454547,8.0,8.0
-24.0,-45.8,55,46,2.23,0.48896,0.736383,0.247423,0.247423,0.0,0.736383,540,1206,1206,540,540,0,455,455,271,271,0,0,0,0,0,16.363636363636363,16.363636363636363,8.212121212121213,8.212121212121213
-24.0,-45.6,55,47,2.29,0.472027,0.707428,0.235401,0.235401,0.0,0.707428,529,1206,1206,529,529,0,435,435,254,254,0,0,0,0,0,16.03030303030303,16.03030303030303,7.696969696969697,7.696969696969697
-24.0,-45.4,55,48,2.43,0.453388,0.68058,0.227192,0.227192,0.0,0.68058,519,1206,1206,519,519,0,431,431,244,244,0,0,0,0,0,15.727272727272727,15.727272727272727,7.393939393939394,7.393939393939394
-24.0,-45.2,55,49,2.53,0.439848,0.653875,0.214026,0.214026,0.0,0.653875,517,1206,1206,517,517,0,401,401,230,230,0,0,0,0,0,15.666666666666666,15.666666666666666,6.96969696969697,6.96969696969697
-24.0,-45.0,55,50,2.61,0.44229,0.637267,0.194977,0.194977,0.0,0.637267,484,1206,1206,484,484,0,360,360,206,206,0,0,0,0,0,14.666666666666666,14.666666666666666,6.242424242424242,6.242424242424242
-24.0,-44.8,55,51,2.68,0.444542,0.62629,0.181748,0.181748,-0.0,0.62629,462,1206,1206,462,462,0,322,322,177,177,0,0,0,0,0,14.0,14.0,5.363636363636363,5.363636363636363
-23.8,-45.8,56,46,1.89,0.496999,0.762736,0.265736,0.265736,0.0,0.762736,558,1206,1206,558,558,0,513,513,298,298,0,0,0,0,0,16.90909090909091,16.90909090909091,9.030303030303031,9.030303030303031
-23.8,-45.6,56,47,1.698,0.483158,0.745341,0.262183,0.262183,-0.0,0.745341,558,1206,1206,558,558,0,525,525,300,300,0,0,0,0,0,16.90909090909091,16.90909090909091,9.090909090909092,9.090909090909092
-23.8,-45.4,56,48,1.3,0.476135,0.718577,0.242442,0.242442,0.0,0.718577,563,1206,1206,563,563,0,500,500,289,289,0,0,0,0,0,17.060606060606062,17.060606060606062,8.757575757575758,8.757575757575758
-23.8,-45.2,56,49,1.65,0.451494,0.673976,0.222481,0.222481,-0.0,0.673976,537,1206,1206,537,537,0,363,363,225,225,0,0,0,0,0,16.272727272727273,16.272727272727273,6.818181818181818,6.818181818181818
-23.8,-45.0,56,50,2.4,0.446934,0.656132,0.209198,0.209198,0.0,0.656132,514,1206,1206,514,514,0,375,375,217,217,0,0,0,0,0,15.575757575757576,15.575757575757576,6.575757575757576,6.575757575757576
-23.8,-44.8,56,51,2.54,0.445091,0.641542,0.196451,0.196451,0.0,0.641542,495,1206,1206,495,495,0,374,374,216,216,0,0,0,0,0,15.0,15.0,6.545454545454546,6.545454545454546
-23.8,-44.6,56,52,2.63,0.445776,0.633104,0.187329,0.187329,0.0,0.633104,472,1206,1206,472,472,0,361,361,200,200,0,0,0,0,0,14.303030303030303,14.303030303030303,6.0606060606060606,6.0606060606060606
-23.6,-45.2,57,49,1.39,0.457694,0.691885,0.234191,0.234191,0.0,0.691885,553,1206,1206,553,553,0,254,254,181,181,0,0,0,0,0,16.757575757575758,16.757575757575758,5.484848484848484,5.484848484848484
-23.6,-45.0,57,50,1.97,0.451507,0.6723,0.220793,0.220793,0.0,0.6723,523,1206,1206,523,523,0,356,356,218,218,0,0,0,0,0,15.848484848484848,15.848484848484848,6.606060606060606,6.606060606060606
-23.6,-44.8,57,51,2.32,0.448495,0.660824,0.21233,0.21233,0.0,0.660824,512,1206,1206,512,512,0,395,395,221,221,0,0,0,0,0,15.515151515151516,15.515151515151516,6.696969696969697,6.696969696969697
-23.6,-44.6,57,52,2.48,0.44773,0.650302,0.202572,0.202572,0.0,0.650302,492,1206,1206,492,492,0,398,398,218,218,0,0,0,0,0,14.909090909090908,14.909090909090908,6.606060606060606,6.606060606060606
-23.6,-44.4,57,53,2.58,0.447444,0.642802,0.195357,0.195357,-0.0,0.642802,475,1206,1206,475,475,0,387,387,214,214,0,0,0,0,0,14.393939393939394,14.393939393939394,6.484848484848484,6.484848484848484
-23.6,-44.2,57,54,2.64,0.448483,0.638087,0.189603,0.189603,-0.0,0.638087,457,1206,1206,457,457,0,366,366,197,197,0,0,0,0,0,13.848484848484848,13.848484848484848,5.96969696969697,5.96969696969697
-23.6,-44.0,57,55,2.68,0.449458,0.633894,0.184436,0.184436,0.0,0.633894,443,1206,1206,443,443,0,338,338,181,181,0,0,0,0,0,13.424242424242424,13.424242424242424,5.484848484848484,5.484848484848484
-23.4,-44.4,58,53,2.4,0.453182,0.663875,0.210693,0.210693,-0.0,0.663875,500,1206,1206,500,500,0,415,415,232,232,0,0,0,0,0,15.151515151515152,15.151515151515152,7.03030303030303,7.03030303030303
-23.4,-44.2,58,54,2.49,0.450562,0.654419,0.203856,0.203856,0.0,0.654419,478,1206,1206,478,478,0,418,418,227,227,0,0,0,0,0,14.484848484848484,14.484848484848484,6.878787878787879,6.878787878787879
-23.4,-44.0,58,55,2.548,0.447515,0.64719,0.199675,0.199675,-0.0,0.64719,472,1206,1206,472,472,0,395,395,215,215,0,0,0,0,0,14.303030303030303,14.303030303030303,6.515151515151516,6.515151515151516
-23.4,-43.8,58,56,2.59,0.443084,0.637333,0.19425,0.19425,0.0,0.637333,467,1206,1206,467,467,0,381,381,207,207,0,0,0,0,0,14.151515151515152,14.151515151515152,6.2727272727272725,6.2727272727272725
-23.4,-43.6,58,57,2.63,0.440497,0.630157,0.18966,0.18966,-0.0,0.630157,455,1206,1206,455,455,0,362,362,196,196,0,0,0,0,0,13.787878787878787,13.787878787878787,5.9393939393939394,5.9393939393939394
-23.4,-43.4,58,58,2.668,0.439855,0.625457,0.185602,0.185602,0.0,0.625457,453,1206,1206,453,453,0,334,334,187,187,0,0,0,0,0,13.727272727272727,13.727272727272727,5.666666666666667,5.666666666666667
-23.4,-43.2,58,59,2.7,0.441845,0.623977,0.182131,0.182131,-0.0,0.623977,439,1206,1206,439,439,0,324,324,177,177,0,0,0,0,0,13.303030303030303,13.303030303030303,5.363636363636363,5.363636363636363
-23.4,-43.0,58,60,2.73,0.449829,0.628665,0.178836,0.178836,0.0,0.628665,434,1206,1206,434,434,0,296,296,166,166,0,0,0,0,0,13.151515151515152,13.151515151515152,5.03030303030303,5.03030303030303
-23.4,-42.8,58,61,2.76,0.462319,0.638292,0.175974,0.175974,-0.0,0.638292,427,1206,1206,427,427,0,254,254,146,146,0,0,0,0,0,12.93939393939394,12.93939393939394,4.424242424242424,4.424242424242424
-23.4,-42.6,58,62,2.79,0.472636,0.647502,0.174866,0.174866,-0.0,0.647502,413,1206,1206,413,413,0,234,234,134,134,0,0,0,0,0,12.515151515151516,12.515151515151516,4.0606060606060606,4.0606060606060606
-23.4,-42.2,58,64,2.84,0.475067,0.651574,0.176507,0.176507,0.0,0.651574,398,1206,1206,398,398,0,217,217,127,127,0,0,0,0,0,12.06060606060606,12.06060606060606,3.8484848484848486,3.8484848484848486
-23.4,-42.0,58,65,2.87,0.468729,0.647323,0.178594,0.178594,0.0,0.647323,407,1206,1206,407,407,0,225,225,130,130,0,0,0,0,0,12.333333333333334,12.333333333333334,3.9393939393939394,3.9393939393939394
-23.2,-44.4,59,53,1.88,0.472252,0.697709,0.225457,0.225457,0.0,0.697709,516,1206,1206,516,516,0,440,440,243,243,0,0,0,0,0,15.636363636363637,15.636363636363637,7.363636363636363,7.363636363636363
-23.2,-44.2,59,54,2.08,0.450254,0.672457,0.222203,0.222203,0.0,0.672457,500,1206,1206,500,500,0,453,453,245,245,0,0,0,0,0,15.151515151515152,15.151515151515152,7.424242424242424,7.424242424242424
-23.2,-44.0,59,55,2.13,0.448224,0.667894,0.21967,0.21967,0.0,0.667894,487,1206,1206,487,487,0,428,428,238,238,0,0,0,0,0,14.757575757575758,14.757575757575758,7.212121212121212,7.212121212121212
-23.2,-43.8,59,56,2.34,0.438854,0.652043,0.213189,0.213189,0.0,0.652043,483,1206,1206,483,483,0,415,415,228,228,0,0,0,0,0,14.636363636363637,14.636363636363637,6.909090909090909,6.909090909090909
-23.2,-43.6,59,57,2.45,0.43381,0.642629,0.208818,0.208818,-0.0,0.642629,474,1206,1206,474,474,0,413,413,227,227,0,0,0,0,0,14.363636363636363,14.363636363636363,6.878787878787879,6.878787878787879
-23.2,-43.4,59,58,2.51,0.431577,0.636372,0.204795,0.204795,0.0,0.636372,462,1206,1206,462,462,0,403,403,218,218,0,0,0,0,0,14.0,14.0,6.606060606060606,6.606060606060606
-23.2,-43.2,59,59,2.56,0.429124,0.630647,0.201523,0.201523,-0.0,0.630647,450,1206,1206,450,450,0,397,397,213,213,0,0,0,0,0,13.636363636363637,13.636363636363637,6.454545454545454,6.454545454545454
-23.2,-43.0,59,60,2.59,0.430245,0.627055,0.196811,0.196811,-0.0,0.627055,446,1206,1206,446,446,0,378,378,203,203,0,0,0,0,0,13.515151515151516,13.515151515151516,6.151515151515151,6.151515151515151
-23.2,-42.8,59,61,2.63,0.439177,0.629442,0.190265,0.190265,0.0,0.629442,443,1206,1206,443,443,0,343,343,190,190,0,0,0,0,0,13.424242424242424,13.424242424242424,5.757575757575758,5.757575757575758
-23.2,-42.6,59,62,2.67,0.45049,0.635759,0.185269,0.185269,-0.0,0.635759,456,1206,1206,456,456,0,321,321,179,179,0,0,0,0,0,13.818181818181818,13.818181818181818,5.424242424242424,5.424242424242424
-23.2,-42.4,59,63,2.7,0.458139,0.64275,0.184611,0.184611,0.0,0.64275,452,1206,1206,452,452,0,298,298,166,166,0,0,0,0,0,13.696969696969697,13.696969696969697,5.03030303030303,5.03030303030303
-23.2,-42.2,59,64,2.748,0.460767,0.646988,0.18622,0.18622,0.0,0.646988,449,1206,1206,449,449,0,286,286,160,160,0,0,0,0,0,13.606060606060606,13.606060606060606,4.848484848484849,4.848484848484849
-23.2,-42.0,59,65,2.77,0.460773,0.649516,0.188743,0.188743,-0.0,0.649516,444,1206,1206,444,444,0,277,277,158,158,0,0,0,0,0,13.454545454545455,13.454545454545455,4.787878787878788,4.787878787878788
-23.2,-41.8,59,66,2.81,0.460397,0.652422,0.192025,0.192025,-0.0,0.652422,442,1206,1206,442,442,0,267,267,154,154,0,0,0,0,0,13.393939393939394,13.393939393939394,4.666666666666667,4.666666666666667
-23.0,-44.4,60,53,0.77,0.491244,0.727657,0.236413,0.236413,-0.0,0.727657,530,1206,1206,530,530,0,462,462,269,269,0,0,0,0,0,16.060606060606062,16.060606060606062,8.151515151515152,8.151515151515152
-23.0,-44.0,60,55,1.01,0.508501,0.764942,0.256441,0.256441,0.0,0.764942,504,1206,1206,504,504,0,393,393,244,244,0,0,0,0,0,15.272727272727273,15.272727272727273,7.393939393939394,7.393939393939394
-23.0,-43.4,60,58,1.79,0.426889,0.652742,0.225853,0.225853,-0.0,0.652742,487,1206,1206,487,487,0,444,444,245,245,0,0,0,0,0,14.757575757575758,14.757575757575758,7.424242424242424,7.424242424242424
-23.0,-43.2,60,59,1.93,0.428796,0.652792,0.223996,0.223996,-0.0,0.652792,476,1206,1206,476,476,0,437,437,236,236,0,0,0,0,0,14.424242424242424,14.424242424242424,7.151515151515151,7.151515151515151
-23.0,-43.0,60,60,2.19,0.42321,0.644126,0.220916,0.220916,-0.0,0.644126,466,1206,1206,466,466,0,427,427,229,229,0,0,0,0,0,14.121212121212121,14.121212121212121,6.9393939393939394,6.9393939393939394
-23.0,-42.8,60,61,2.34,0.420848,0.636837,0.215989,0.215989,0.0,0.636837,458,1206,1206,458,458,0,425,425,230,230,0,0,0,0,0,13.878787878787879,13.878787878787879,6.96969696969697,6.96969696969697
-23.0,-42.6,60,62,2.42,0.425282,0.635861,0.210579,0.210579,0.0,0.635861,447,1206,1206,447,447,0,429,429,227,227,0,0,0,0,0,13.545454545454545,13.545454545454545,6.878787878787879,6.878787878787879
-23.0,-42.4,60,63,2.48,0.430719,0.636321,0.205601,0.205601,-0.0,0.636321,453,1206,1206,453,453,0,416,416,218,218,0,0,0,0,0,13.727272727272727,13.727272727272727,6.606060606060606,6.606060606060606
-23.0,-42.2,60,64,2.52,0.43721,0.641539,0.204329,0.204329,0.0,0.641539,453,1206,1206,453,453,0,408,408,217,217,0,0,0,0,0,13.727272727272727,13.727272727272727,6.575757575757576,6.575757575757576
-23.0,-42.0,60,65,2.57,0.450013,0.655936,0.205924,0.205924,-0.0,0.655936,462,1206,1206,462,462,0,372,372,201,201,0,0,0,0,0,14.0,14.0,6.090909090909091,6.090909090909091
-23.0,-41.8,60,66,2.65,0.466104,0.671792,0.205688,0.205688,0.0,0.671792,469,1206,1206,469,469,0,317,317,183,183,0,0,0,0,0,14.212121212121213,14.212121212121213,5.545454545454546,5.545454545454546
-23.0,-41.6,60,67,2.73,0.472646,0.678031,0.205385,0.205385,0.0,0.678031,452,1206,1206,452,452,0,297,297,172,172,0,0,0,0,0,13.696969696969697,13.696969696969697,5.212121212121212,5.212121212121212
-22.8,-41.8,61,66,2.04,0.481215,0.701856,0.220641,0.220641,0.0,0.701856,464,1206,1206,464,464,0,269,269,163,163,0,0,0,0,0,14.06060606060606,14.06060606060606,4.9393939393939394,4.9393939393939394
-22.8,-41.6,61,67,2.5,0.485198,0.702598,0.217399,0.217399,-0.0,0.702598,465,1206,1206,465,465,0,303,303,174,174,0,0,0,0,0,14.090909090909092,14.090909090909092,5.2727272727272725,5.2727272727272725
-22.6,-41.8,62,66,1.81,0.49612,0.728387,0.232267,0.232267,-0.0,0.728387,466,1206,1206,466,466,0,197,197,125,125,0,0,0,0,0,14.121212121212121,14.121212121212121,3.787878787878788,3.787878787878788
-22.6,-41.6,62,67,2.31,0.496208,0.724559,0.228351,0.228351,0.0,0.724559,464,1206,1206,464,464,0,302,302,170,170,0,0,0,0,0,14.06060606060606,14.06060606060606,5.151515151515151,5.151515151515151
-22.6,-41.4,62,68,2.48,0.494435,0.719217,0.224782,0.224782,0.0,0.719217,453,1206,1206,453,453,0,311,311,177,177,0,0,0,0,0,13.727272727272727,13.727272727272727,5.363636363636363,5.363636363636363
-22.4,-41.6,63,67,1.78,0.503262,0.742675,0.239413,0.239413,-0.0,0.742675,462,1206,1206,462,462,0,303,303,167,167,0,0,0,0,0,14.0,14.0,5.0606060606060606,5.0606060606060606
-22.4,-41.4,63,68,2.19,0.502112,0.738982,0.236871,0.236871,-0.0,0.738982,461,1206,1206,461,461,0,320,320,175,175,0,0,0,0,0,13.969696969696969,13.969696969696969,5.303030303030303,5.303030303030303
-22.4,-41.2,63,69,2.42,0.501778,0.732175,0.230397,0.230397,0.0,0.732175,453,1206,1206,453,453,0,318,318,175,175,0,0,0,0,0,13.727272727272727,13.727272727272727,5.303030303030303,5.303030303030303
-22.4,-41.0,63,70,2.55,0.514993,0.733415,0.218422,0.218422,0.0,0.733415,426,1206,1206,426,426,0,284,284,159,159,0,0,0,0,0,12.909090909090908,12.909090909090908,4.818181818181818,4.818181818181818
-22.4,-40.8,63,71,2.66,0.529361,0.737362,0.208001,0.208001,0.0,0.737362,407,1206,1206,407,407,0,233,233,134,134,0,0,0,0,0,12.333333333333334,12.333333333333334,4.0606060606060606,4.0606060606060606
-22.2,-41.4,64,68,1.35,0.50515,0.754109,0.24896,0.24896,0.0,0.754109,466,1206,1206,466,466,0,324,324,179,179,0,0,0,0,0,14.121212121212121,14.121212121212121,5.424242424242424,5.424242424242424
-22.2,-41.2,64,69,2.13,0.504571,0.751531,0.24696,0.24696,-0.0,0.751531,468,1206,1206,468,468,0,327,327,177,177,0,0,0,0,0,14.181818181818182,14.181818181818182,5.363636363636363,5.363636363636363
-22.2,-41.0,64,70,2.38,0.513796,0.749524,0.235728,0.235728,-0.0,0.749524,455,1206,1206,455,455,0,308,308,174,174,0,0,0,0,0,13.787878787878787,13.787878787878787,5.2727272727272725,5.2727272727272725
-22.2,-40.8,64,71,2.54,0.526841,0.7513,0.22446,0.22446,0.0,0.7513,437,1206,1206,437,437,0,266,266,159,159,0,0,0,0,0,13.242424242424242,13.242424242424242,4.818181818181818,4.818181818181818
-22.2,-40.6,64,72,2.62,0.533107,0.7483,0.215194,0.215194,0.0,0.7483,414,1206,1206,414,414,0,238,238,139,139,0,0,0,0,0,12.545454545454545,12.545454545454545,4.212121212121212,4.212121212121212
-22.0,-40.8,65,71,2.27,0.545566,0.786972,0.241405,0.241405,0.0,0.786972,458,1206,1206,458,458,0,266,266,163,163,0,0,0,0,0,13.878787878787879,13.878787878787879,4.9393939393939394,4.9393939393939394
-22.0,-40.6,65,72,2.48,0.542989,0.77361,0.230621,0.230621,0.0,0.77361,439,1206,1206,439,439,0,256,256,151,151,0,0,0,0,0,13.303030303030303,13.303030303030303,4.575757575757576,4.575757575757576
-21.8,-40.8,66,71,1.928,0.580049,0.82863,0.248581,0.248581,0.0,0.82863,449,1206,1206,449,449,0,209,209,137,137,0,0,0,0,0,13.606060606060606,13.606060606060606,4.151515151515151,4.151515151515151
-21.8,-40.6,66,72,2.28,0.575742,0.812891,0.237149,0.237149,-0.0,0.812891,436,1206,1206,436,436,0,223,223,135,135,0,0,0,0,0,13.212121212121213,13.212121212121213,4.090909090909091,4.090909090909091
-21.6,-40.8,67,71,1.81,0.603465,0.854361,0.250895,0.250895,0.0,0.854361,445,1206,1206,445,445,0,165,165,110,110,0,0,0,0,0,13.484848484848484,13.484848484848484,3.3333333333333335,3.3333333333333335
-21.6,-40.6,67,72,2.16,0.601273,0.838866,0.237594,0.237594,0.0,0.838866,417,1206,1206,417,417,0,189,189,116,116,0,0,0,0,0,12.636363636363637,12.636363636363637,3.515151515151515,3.515151515151515
-21.4,-40.8,68,71,1.73,0.608927,0.864315,0.255388,0.255388,0.0,0.864315,443,1206,1206,443,443,0,158,158,104,104,0,0,0,0,0,13.424242424242424,13.424242424242424,3.1515151515151514,3.1515151515151514
-21.4,-40.6,68,72,2.02,0.605447,0.846902,0.241455,0.241455,0.0,0.846902,417,1206,1206,417,417,0,183,183,113,113,0,0,0,0,0,12.636363636363637,12.636363636363637,3.4242424242424243,3.4242424242424243
-21.2,-40.8,69,71,1.658,0.606759,0.867981,0.261222,0.261222,0.0,0.867981,452,1206,1206,452,452,0,154,154,100,100,0,0,0,0,0,13.696969696969697,13.696969696969697,3.0303030303030303,3.0303030303030303
-21.2,-40.6,69,72,1.86,0.606579,0.852214,0.245635,0.245635,-0.0,0.852214,423,1206,1206,423,423,0,182,182,116,116,0,0,0,0,0,12.818181818181818,12.818181818181818,3.515151515151515,3.515151515151515
-21.2,-40.4,69,73,2.13,0.612828,0.839679,0.226851,0.226851,-0.0,0.839679,385,1206,1206,385,385,0,171,171,100,100,0,0,0,0,0,11.666666666666666,11.666666666666666,3.0303030303030303,3.0303030303030303
-21.0,-40.8,70,71,1.47,0.604699,0.86877,0.264071,0.264071,0.0,0.86877,455,1206,1206,455,455,0,183,183,112,112,0,0,0,0,0,13.787878787878787,13.787878787878787,3.393939393939394,3.393939393939394
-21.0,-40.6,70,72,1.68,0.61043,0.859358,0.248928,0.248928,0.0,0.859358,425,1206,1206,425,425,0,194,194,121,121,0,0,0,0,0,12.878787878787879,12.878787878787879,3.6666666666666665,3.6666666666666665
-21.0,-40.4,70,73,2.02,0.614491,0.846774,0.232282,0.232282,-0.0,0.846774,387,1206,1206,387,387,0,186,186,110,110,0,0,0,0,0,11.727272727272727,11.727272727272727,3.3333333333333335,3.3333333333333335
-21.0,-40.2,70,74,2.29,0.630955,0.852334,0.221379,0.221379,0.0,0.852334,363,1206,1206,363,363,0,146,146,86,86,0,0,0,0,0,11.0,11.0,2.606060606060606,2.606060606060606
-21.0,-29.4,70,128,2.93,0.604459,0.797408,0.192948,0.192948,0.0,0.797408,341,1206,1206,341,341,0,86,86,55,55,0,0,0,0,0,10.333333333333334,10.333333333333334,1.6666666666666667,1.6666666666666667
-21.0,-29.2,70,129,2.93,0.59817,0.789574,0.191404,0.191404,0.0,0.789574,342,1206,1206,342,342,0,85,85,54,54,0,0,0,0,0,10.363636363636363,10.363636363636363,1.6363636363636365,1.6363636363636365
-20.8,-40.4,71,73,1.86,0.610599,0.849458,0.238859,0.238859,0.0,0.849458,399,1206,1206,399,399,0,198,198,112,112,0,0,0,0,0,12.090909090909092,12.090909090909092,3.393939393939394,3.393939393939394
-20.8,-40.2,71,74,2.16,0.62537,0.852972,0.227602,0.227602,-0.0,0.852972,369,1206,1206,369,369,0,172,172,99,99,0,0,0,0,0,11.181818181818182,11.181818181818182,3.0,3.0
-20.8,-40.0,71,75,2.39,0.651599,0.872373,0.220774,0.220774,0.0,0.872373,362,1206,1206,362,362,0,141,141,82,82,0,0,0,0,0,10.969696969696969,10.969696969696969,2.484848484848485,2.484848484848485
-20.8,-29.6,71,127,2.92,0.616771,0.814461,0.197689,0.197689,0.0,0.814461,343,1206,1206,343,343,0,90,90,57,57,0,0,0,0,0,10.393939393939394,10.393939393939394,1.7272727272727273,1.7272727272727273
-20.8,-29.4,71,128,2.92,0.610971,0.806496,0.195525,0.195525,0.0,0.806496,341,1206,1206,341,341,0,86,86,55,55,0,0,0,0,0,10.333333333333334,10.333333333333334,1.6666666666666667,1.6666666666666667
-20.8,-29.2,71,129,2.92,0.603272,0.79741,0.194138,0.194138,0.0,0.79741,347,1206,1206,347,347,0,81,81,51,51,0,0,0,0,0,10.515151515151516,10.515151515151516,1.5454545454545454,1.5454545454545454
-20.8,-29.0,71,130,2.92,0.597209,0.788956,0.191747,0.191747,0.0,0.788956,345,1206,1206,345,345,0,82,82,50,50,0,0,0,0,0,10.454545454545455,10.454545454545455,1.5151515151515151,1.5151515151515151
-20.8,-28.8,71,131,2.92,0.592779,0.783872,0.191093,0.191093,-0.0,0.783872,350,1206,1206,350,350,0,81,81,51,51,0,0,0,0,0,10.606060606060606,10.606060606060606,1.5454545454545454,1.5454545454545454
-20.8,-28.6,71,132,2.92,0.589462,0.780479,0.191018,0.191018,-0.0,0.780479,348,1206,1206,348,348,0,75,75,46,46,0,0,0,0,0,10.545454545454545,10.545454545454545,1.393939393939394,1.393939393939394
-20.6,-40.4,72,73,1.57,0.60186,0.850057,0.248197,0.248197,0.0,0.850057,417,1206,1206,417,417,0,204,204,118,118,0,0,0,0,0,12.636363636363637,12.636363636363637,3.5757575757575757,3.5757575757575757
-20.6,-40.2,72,74,1.94,0.621414,0.856196,0.234782,0.234782,-0.0,0.856196,385,1206,1206,385,385,0,195,195,109,109,0,0,0,0,0,11.666666666666666,11.666666666666666,3.303030303030303,3.303030303030303
-20.6,-40.0,72,75,2.27,0.648487,0.874547,0.22606,0.22606,0.0,0.874547,365,1206,1206,365,365,0,153,153,88,88,0,0,0,0,0,11.06060606060606,11.06060606060606,2.6666666666666665,2.6666666666666665
-20.6,-29.8,72,126,2.91,0.62686,0.829595,0.202736,0.202736,0.0,0.829595,346,1206,1206,346,346,0,86,86,55,55,0,0,0,0,0,10.484848484848484,10.484848484848484,1.6666666666666667,1.6666666666666667
-20.6,-29.6,72,127,2.91,0.623296,0.824055,0.200758,0.200758,-0.0,0.824055,345,1206,1206,345,345,0,87,87,56,56,0,0,0,0,0,10.454545454545455,10.454545454545455,1.696969696969697,1.696969696969697
-20.6,-29.4,72,128,2.91,0.618489,0.817443,0.198954,0.198954,-0.0,0.817443,344,1206,1206,344,344,0,85,85,53,53,0,0,0,0,0,10.424242424242424,10.424242424242424,1.606060606060606,1.606060606060606
-20.6,-29.2,72,129,2.91,0.613694,0.810839,0.197145,0.197145,0.0,0.810839,344,1207,1207,344,344,0,79,79,49,49,0,0,0,0,0,10.424242424242424,10.424242424242424,1.4848484848484849,1.4848484848484849
-20.6,-29.0,72,130,2.91,0.604686,0.799921,0.195235,0.195235,0.0,0.799921,346,1206,1206,346,346,0,77,77,46,46,0,0,0,0,0,10.484848484848484,10.484848484848484,1.393939393939394,1.393939393939394
-20.6,-28.8,72,131,2.91,0.597096,0.790823,0.193727,0.193727,0.0,0.790823,356,1206,1206,356,356,0,78,78,48,48,0,0,0,0,0,10.787878787878787,10.787878787878787,1.4545454545454546,1.4545454545454546
-20.6,-28.6,72,132,2.92,0.594352,0.788512,0.19416,0.19416,-0.0,0.788512,352,1206,1206,352,352,0,75,75,46,46,0,0,0,0,0,10.666666666666666,10.666666666666666,1.393939393939394,1.393939393939394
-20.4,-40.2,73,74,1.65,0.618823,0.860408,0.241585,0.241585,-0.0,0.860408,385,1206,1206,385,385,0,203,203,114,114,0,0,0,0,0,11.666666666666666,11.666666666666666,3.4545454545454546,3.4545454545454546
-20.4,-40.0,73,75,2.17,0.64381,0.875636,0.231826,0.231826,0.0,0.875636,370,1206,1206,370,370,0,172,172,102,102,0,0,0,0,0,11.212121212121213,11.212121212121213,3.090909090909091,3.090909090909091
-20.4,-39.8,73,76,2.4,0.668283,0.89293,0.224647,0.224647,-0.0,0.89293,361,1206,1206,361,361,0,138,138,80,80,0,0,0,0,0,10.93939393939394,10.93939393939394,2.4242424242424243,2.4242424242424243
-20.4,-29.6,73,127,2.9,0.628912,0.832827,0.203916,0.203916,-0.0,0.832827,348,1206,1206,348,348,0,85,85,53,53,0,0,0,0,0,10.545454545454545,10.545454545454545,1.606060606060606,1.606060606060606
-20.4,-29.4,73,128,2.9,0.627287,0.830351,0.203064,0.203064,-0.0,0.830351,348,1206,1206,348,348,0,83,83,52,52,0,0,0,0,0,10.545454545454545,10.545454545454545,1.5757575757575757,1.5757575757575757
-20.4,-29.2,73,129,2.9,0.622529,0.824443,0.201914,0.201914,0.0,0.824443,349,1206,1206,349,349,0,78,78,47,47,0,0,0,0,0,10.575757575757576,10.575757575757576,1.4242424242424243,1.4242424242424243
-20.4,-29.0,73,130,2.9,0.617833,0.819136,0.201303,0.201303,-0.0,0.819136,352,1206,1206,352,352,0,75,75,46,46,0,0,0,0,0,10.666666666666666,10.666666666666666,1.393939393939394,1.393939393939394
-20.4,-28.8,73,131,2.91,0.609028,0.808343,0.199315,0.199315,0.0,0.808343,355,1206,1206,355,355,0,78,78,49,49,0,0,0,0,0,10.757575757575758,10.757575757575758,1.4848484848484849,1.4848484848484849
-20.4,-28.6,73,132,2.91,0.600815,0.797001,0.196186,0.196186,-0.0,0.797001,353,1206,1206,353,353,0,73,73,46,46,0,0,0,0,0,10.696969696969697,10.696969696969697,1.393939393939394,1.393939393939394
-20.2,-40.0,74,75,2.08,0.641909,0.879123,0.237215,0.237215,0.0,0.879123,373,1206,1206,373,373,0,190,190,105,105,0,0,0,0,0,11.303030303030303,11.303030303030303,3.1818181818181817,3.1818181818181817
-20.2,-39.8,74,76,2.32,0.662261,0.889681,0.227419,0.227419,-0.0,0.889681,363,1206,1206,363,363,0,157,157,88,88,0,0,0,0,0,11.0,11.0,2.6666666666666665,2.6666666666666665
-20.2,-29.6,74,127,2.89,0.63213,0.83711,0.20498,0.20498,-0.0,0.83711,347,1206,1206,347,347,0,83,83,51,51,0,0,0,0,0,10.515151515151516,10.515151515151516,1.5454545454545454,1.5454545454545454
-20.2,-29.4,74,128,2.89,0.62861,0.832096,0.203487,0.203487,0.0,0.832096,351,1206,1206,351,351,0,81,81,52,52,0,0,0,0,0,10.636363636363637,10.636363636363637,1.5757575757575757,1.5757575757575757
-20.2,-29.2,74,129,2.89,0.624156,0.826955,0.202798,0.202798,-0.0,0.826955,348,1206,1206,348,348,0,78,78,47,47,0,0,0,0,0,10.545454545454545,10.545454545454545,1.4242424242424243,1.4242424242424243
-20.2,-29.0,74,130,2.89,0.618651,0.820203,0.201552,0.201552,0.0,0.820203,353,1206,1206,353,353,0,81,81,48,48,0,0,0,0,0,10.696969696969697,10.696969696969697,1.4545454545454546,1.4545454545454546
-20.2,-28.8,74,131,2.89,0.612428,0.812712,0.200284,0.200284,-0.0,0.812712,359,1206,1206,359,359,0,75,75,46,46,0,0,0,0,0,10.878787878787879,10.878787878787879,1.393939393939394,1.393939393939394
-20.2,-28.6,74,132,2.89,0.605823,0.803503,0.19768,0.19768,0.0,0.803503,355,1206,1206,355,355,0,75,75,46,46,0,0,0,0,0,10.757575757575758,10.757575757575758,1.393939393939394,1.393939393939394
-20.0,-40.0,75,75,2.01,0.63899,0.880543,0.241553,0.241553,0.0,0.880543,387,1206,1206,387,387,0,213,213,112,112,0,0,0,0,0,11.727272727272727,11.727272727272727,3.393939393939394,3.393939393939394
-20.0,-39.8,75,76,2.24,0.652548,0.884606,0.232058,0.232058,0.0,0.884606,375,1206,1206,375,375,0,179,179,100,100,0,0,0,0,0,11.363636363636363,11.363636363636363,3.0303030303030303,3.0303030303030303
-20.0,-39.6,75,77,2.4,0.672206,0.900051,0.227845,0.227845,-0.0,0.900051,358,1206,1206,358,358,0,143,143,73,73,0,0,0,0,0,10.848484848484848,10.848484848484848,2.212121212121212,2.212121212121212
-19.8,-40.0,76,75,1.718,0.636435,0.884481,0.248046,0.248046,0.0,0.884481,395,1206,1206,395,395,0,236,236,125,125,0,0,0,0,0,11.969696969696969,11.969696969696969,3.787878787878788,3.787878787878788
-19.8,-39.8,76,76,2.04,0.645822,0.888762,0.24294,0.24294,0.0,0.888762,382,1206,1206,382,382,0,215,215,118,118,0,0,0,0,0,11.575757575757576,11.575757575757576,3.5757575757575757,3.5757575757575757
-19.8,-39.6,76,77,2.29,0.659301,0.892082,0.232781,0.232781,0.0,0.892082,370,1206,1206,370,370,0,174,174,97,97,0,0,0,0,0,11.212121212121213,11.212121212121213,2.9393939393939394,2.9393939393939394
-19.8,-39.4,76,78,2.42,0.674912,0.90453,0.229618,0.229618,-0.0,0.90453,359,1206,1206,359,359,0,148,148,77,77,0,0,0,0,0,10.878787878787879,10.878787878787879,2.3333333333333335,2.3333333333333335
-19.6,-39.6,77,77,2.09,0.680916,0.933907,0.252992,0.252992,0.0,0.933907,373,1206,1206,373,373,0,201,201,108,108,0,0,0,0,0,11.303030303030303,11.303030303030303,3.272727272727273,3.272727272727273
-19.6,-39.4,77,78,2.25,0.686516,0.930149,0.243633,0.243633,0.0,0.930149,366,1206,1206,366,366,0,168,168,90,90,0,0,0,0,0,11.090909090909092,11.090909090909092,2.727272727272727,2.727272727272727
-19.4,-39.6,78,77,1.7,0.751722,1.038849,0.287127,0.287127,0.0,1.038849,379,1206,1206,379,379,0,191,191,106,106,0,0,0,0,0,11.484848484848484,11.484848484848484,3.212121212121212,3.212121212121212
-19.4,-39.4,78,78,2.1,0.750198,1.02769,0.277492,0.277492,-0.0,1.02769,364,1206,1206,364,364,0,164,164,89,89,0,0,0,0,0,11.030303030303031,11.030303030303031,2.696969696969697,2.696969696969697
-19.2,-39.6,79,77,1.66,0.863892,1.202045,0.338153,0.338153,-0.0,1.202045,373,1206,1206,373,373,0,166,166,94,94,0,0,0,0,0,11.303030303030303,11.303030303030303,2.8484848484848486,2.8484848484848486
-19.2,-39.4,79,78,2.06,0.844162,1.165301,0.321139,0.321139,-0.0,1.165301,368,1206,1206,368,368,0,155,155,92,92,0,0,0,0,0,11.151515151515152,11.151515151515152,2.787878787878788,2.787878787878788
-19.0,-39.6,80,77,1.56,0.949366,1.328167,0.378801,0.378801,-0.0,1.328167,368,1206,1206,368,368,0,153,153,90,90,0,0,0,0,0,11.151515151515152,11.151515151515152,2.727272727272727,2.727272727272727
-19.0,-39.4,80,78,2.02,0.927911,1.289257,0.361346,0.361346,0.0,1.289257,367,1206,1206,367,367,0,159,159,93,93,0,0,0,0,0,11.121212121212121,11.121212121212121,2.8181818181818183,2.8181818181818183
-18.8,-39.6,81,77,1.33,1.023361,1.435257,0.411896,0.411896,0.0,1.435257,371,1206,1206,371,371,0,159,159,94,94,0,0,0,0,0,11.242424242424242,11.242424242424242,2.8484848484848486,2.8484848484848486
-18.8,-39.4,81,78,1.88,1.00207,1.398173,0.396102,0.396102,0.0,1.398173,367,1206,1206,367,367,0,154,154,89,89,0,0,0,0,0,11.121212121212121,11.121212121212121,2.696969696969697,2.696969696969697
-18.6,-39.6,82,77,1.34,1.088492,1.53088,0.442387,0.442387,0.0,1.53088,372,1206,1206,372,372,0,163,163,98,98,0,0,0,0,0,11.272727272727273,11.272727272727273,2.9696969696969697,2.9696969696969697
-18.6,-39.4,82,78,1.8,1.062692,1.486701,0.424009,0.424009,-0.0,1.486701,365,1206,1206,365,365,0,159,159,92,92,0,0,0,0,0,11.06060606060606,11.06060606060606,2.787878787878788,2.787878787878788
-18.4,-39.6,83,77,1.45,1.138445,1.603276,0.464831,0.464831,0.0,1.603276,369,1206,1206,369,369,0,164,164,98,98,0,0,0,0,0,11.181818181818182,11.181818181818182,2.9696969696969697,2.9696969696969697
-18.4,-39.4,83,78,1.79,1.112559,1.559896,0.447337,0.447337,0.0,1.559896,366,1206,1206,366,366,0,171,171,98,98,0,0,0,0,0,11.090909090909092,11.090909090909092,2.9696969696969697,2.9696969696969697
-18.2,-39.4,84,78,1.62,1.14855,1.613519,0.464969,0.464969,-0.0,1.613519,372,1206,1206,372,372,0,184,184,104,104,0,0,0,0,0,11.272727272727273,11.272727272727273,3.1515151515151514,3.1515151515151514
-18.2,-39.2,84,79,1.85,1.108609,1.551174,0.442565,0.442565,0.0,1.551174,365,1206,1206,365,365,0,178,178,97,97,0,0,0,0,0,11.06060606060606,11.06060606060606,2.9393939393939394,2.9393939393939394
-18.2,-39.0,84,80,2.0,1.062141,1.481262,0.419122,0.419122,0.0,1.481262,365,1206,1206,365,365,0,165,165,91,91,0,0,0,0,0,11.06060606060606,11.06060606060606,2.757575757575758,2.757575757575758
-18.0,-39.4,85,78,1.34,1.165611,1.640337,0.474726,0.474726,-0.0,1.640337,368,1206,1206,368,368,0,201,201,108,108,0,0,0,0,0,11.151515151515152,11.151515151515152,3.272727272727273,3.272727272727273
-18.0,-39.2,85,79,1.71,1.125551,1.578768,0.453218,0.453218,0.0,1.578768,369,1206,1206,369,369,0,199,199,106,106,0,0,0,0,0,11.181818181818182,11.181818181818182,3.212121212121212,3.212121212121212
-18.0,-39.0,85,80,1.86,1.078675,1.506297,0.427623,0.427623,0.0,1.506297,368,1206,1206,368,368,0,190,190,103,103,0,0,0,0,0,11.151515151515152,11.151515151515152,3.121212121212121,3.121212121212121
-18.0,-38.8,85,81,1.87,1.033546,1.436191,0.402645,0.402645,0.0,1.436191,365,1206,1206,365,365,0,181,181,99,99,0,0,0,0,0,11.06060606060606,11.06060606060606,3.0,3.0
-17.8,-39.0,86,80,1.65,1.073238,1.492605,0.419367,0.419367,0.0,1.492605,365,1206,1206,365,365,0,199,199,104,104,0,0,0,0,0,11.06060606060606,11.06060606060606,3.1515151515151514,3.1515151515151514
-17.8,-38.8,86,81,1.72,1.031753,1.423886,0.392133,0.392133,0.0,1.423886,363,1206,1206,363,363,0,159,159,87,87,0,0,0,0,0,11.0,11.0,2.6363636363636362,2.6363636363636362
-17.6,-39.0,87,80,1.208,1.044962,1.440744,0.395782,0.395782,-0.0,1.440744,362,1206,1206,362,362,0,161,161,92,92,0,0,0,0,0,10.969696969696969,10.969696969696969,2.787878787878788,2.787878787878788
-17.6,-38.8,87,81,1.72,1.00367,1.37235,0.368681,0.368681,0.0,1.37235,357,1206,1206,357,357,0,130,130,72,72,0,0,0,0,0,10.818181818181818,10.818181818181818,2.1818181818181817,2.1818181818181817
-17.4,-39.0,88,80,1.41,1.007092,1.378398,0.371306,0.371306,-0.0,1.378398,363,1206,1206,363,363,0,114,114,74,74,0,0,0,0,0,11.0,11.0,2.242424242424242,2.242424242424242
-17.4,-38.8,88,81,1.82,0.966669,1.313713,0.347044,0.347044,-0.0,1.313713,356,1206,1206,356,356,0,119,119,66,66,0,0,0,0,0,10.787878787878787,10.787878787878787,2.0,2.0
-17.2,-39.0,89,80,1.56,0.973358,1.326453,0.353095,0.353095,0.0,1.326453,366,1206,1206,366,366,0,125,125,76,76,0,0,0,0,0,11.090909090909092,11.090909090909092,2.303030303030303,2.303030303030303
-17.2,-38.8,89,81,1.83,0.930217,1.255339,0.325122,0.325122,0.0,1.255339,356,1206,1206,356,356,0,124,124,69,69,0,0,0,0,0,10.787878787878787,10.787878787878787,2.090909090909091,2.090909090909091
-17.0,-39.0,90,80,1.5,0.943405,1.282712,0.339307,0.339307,-0.0,1.282712,361,1206,1206,361,361,0,132,132,76,76,0,0,0,0,0,10.93939393939394,10.93939393939394,2.303030303030303,2.303030303030303
-17.0,-38.8,90,81,1.81,0.90058,1.209959,0.309379,0.309379,0.0,1.209959,356,1206,1206,356,356,0,127,127,69,69,0,0,0,0,0,10.787878787878787,10.787878787878787,2.090909090909091,2.090909090909091
-16.8,-39.0,91,80,1.5,0.923179,1.248092,0.324913,0.324913,-0.0,1.248092,361,1206,1206,361,361,0,137,137,76,76,0,0,0,0,0,10.93939393939394,10.93939393939394,2.303030303030303,2.303030303030303
-16.8,-38.8,91,81,1.83,0.89862,1.20537,0.30675,0.30675,0.0,1.20537,354,1206,1206,354,354,0,127,127,70,70,0,0,0,0,0,10.727272727272727,10.727272727272727,2.121212121212121,2.121212121212121
-16.6,-39.0,92,80,1.25,0.921493,1.244775,0.323281,0.323281,-0.0,1.244775,361,1206,1206,361,361,0,148,148,82,82,0,0,0,0,0,10.93939393939394,10.93939393939394,2.484848484848485,2.484848484848485
-16.6,-38.8,92,81,1.88,0.907409,1.219513,0.312104,0.312104,-0.0,1.219513,354,1206,1206,354,354,0,134,134,72,72,0,0,0,0,0,10.727272727272727,10.727272727272727,2.1818181818181817,2.1818181818181817
-16.4,-38.8,93,81,1.8,0.913544,1.230149,0.316605,0.316605,0.0,1.230149,356,1206,1206,356,356,0,142,142,77,77,0,0,0,0,0,10.787878787878787,10.787878787878787,2.3333333333333335,2.3333333333333335
-16.4,-38.6,93,82,1.98,0.891792,1.196776,0.304985,0.304985,0.0,1.196776,348,1206,1206,348,348,0,126,126,67,67,0,0,0,0,0,10.545454545454545,10.545454545454545,2.0303030303030303,2.0303030303030303
-16.2,-38.8,94,81,1.54,0.921696,1.243806,0.32211,0.32211,-0.0,1.243806,359,1206,1206,359,359,0,150,150,80,80,0,0,0,0,0,10.878787878787879,10.878787878787879,2.4242424242424243,2.4242424242424243
-16.2,-38.6,94,82,1.92,0.906578,1.217879,0.311301,0.311301,0.0,1.217879,346,1206,1206,346,346,0,139,139,73,73,0,0,0,0,0,10.484848484848484,10.484848484848484,2.212121212121212,2.212121212121212
-16.0,-38.8,95,81,1.46,0.92015,1.242706,0.322555,0.322555,0.0,1.242706,358,1206,1206,358,358,0,158,158,83,83,0,0,0,0,0,10.848484848484848,10.848484848484848,2.515151515151515,2.515151515151515
-16.0,-38.6,95,82,1.94,0.911779,1.221901,0.310122,0.310122,0.0,1.221901,346,1206,1206,346,346,0,131,131,71,71,0,0,0,0,0,10.484848484848484,10.484848484848484,2.1515151515151514,2.1515151515151514
-15.8,-38.8,96,81,1.4,0.904311,1.214102,0.309791,0.309791,-0.0,1.214102,350,1206,1206,350,350,0,132,132,73,73,0,0,0,0,0,10.606060606060606,10.606060606060606,2.212121212121212,2.212121212121212
-15.8,-38.6,96,82,2.01,0.901168,1.201281,0.300114,0.300114,0.0,1.201281,341,1206,1206,341,341,0,120,120,61,61,0,0,0,0,0,10.333333333333334,10.333333333333334,1.8484848484848484,1.8484848484848484
-15.8,-38.4,96,83,2.07,0.913216,1.212892,0.299676,0.299676,0.0,1.212892,339,1206,1206,339,339,0,103,103,53,53,0,0,0,0,0,10.272727272727273,10.272727272727273,1.606060606060606,1.606060606060606
-15.6,-38.8,97,81,1.62,0.905185,1.211194,0.306009,0.306009,0.0,1.211194,344,1206,1206,344,344,0,117,117,67,67,0,0,0,0,0,10.424242424242424,10.424242424242424,2.0303030303030303,2.0303030303030303
-15.6,-38.6,97,82,2.01,0.905836,1.206438,0.300602,0.300602,-0.0,1.206438,342,1206,1206,342,342,0,108,108,57,57,0,0,0,0,0,10.363636363636363,10.363636363636363,1.7272727272727273,1.7272727272727273
-15.4,-38.8,98,81,1.76,0.906214,1.209872,0.303658,0.303658,0.0,1.209872,341,1206,1206,341,341,0,114,114,62,62,0,0,0,0,0,10.333333333333334,10.333333333333334,1.878787878787879,1.878787878787879
-15.4,-38.6,98,82,2.02,0.912526,1.213569,0.301042,0.301042,0.0,1.213569,346,1206,1206,346,346,0,102,102,54,54,0,0,0,0,0,10.484848484848484,10.484848484848484,1.6363636363636365,1.6363636363636365
-15.2,-38.8,99,81,1.76,0.907862,1.210033,0.302171,0.302171,-0.0,1.210033,342,1206,1206,342,342,0,110,110,60,60,0,0,0,0,0,10.363636363636363,10.363636363636363,1.8181818181818181,1.8181818181818181
-15.2,-38.6,99,82,2.04,0.918924,1.219622,0.300698,0.300698,-0.0,1.219622,349,1206,1206,349,349,0,101,101,53,53,0,0,0,0,0,10.575757575757576,10.575757575757576,1.606060606060606,1.606060606060606
-15.0,-38.8,100,81,1.87,0.912412,1.215267,0.302856,0.302856,-0.0,1.215267,342,1206,1206,342,342,0,108,108,61,61,0,0,0,0,0,10.363636363636363,10.363636363636363,1.8484848484848484,1.8484848484848484
-15.0,-38.6,100,82,2.06,0.924534,1.226109,0.301575,0.301575,-0.0,1.226109,348,1206,1206,348,348,0,98,98,53,53,0,0,0,0,0,10.545454545454545,10.545454545454545,1.606060606060606,1.606060606060606
-14.8,-38.8,101,81,1.9,0.919552,1.223076,0.303524,0.303524,0.0,1.223076,347,1206,1206,347,347,0,110,110,60,60,0,0,0,0,0,10.515151515151516,10.515151515151516,1.8181818181818181,1.8181818181818181
-14.8,-38.6,101,82,2.07,0.929112,1.230982,0.30187,0.30187,-0.0,1.230982,349,1206,1206,349,349,0,103,103,53,53,0,0,0,0,0,10.575757575757576,10.575757575757576,1.606060606060606,1.606060606060606
-14.6,-38.8,102,81,1.938,0.925114,1.228504,0.30339,0.30339,0.0,1.228504,348,1206,1206,348,348,0,108,108,58,58,0,0,0,0,0,10.545454545454545,10.545454545454545,1.7575757575757576,1.7575757575757576
-14.6,-38.6,102,82,2.08,0.932957,1.235726,0.302769,0.302769,-0.0,1.235726,348,1206,1206,348,348,0,100,100,53,53,0,0,0,0,0,10.545454545454545,10.545454545454545,1.606060606060606,1.606060606060606
-14.4,-38.8,103,81,1.95,0.929858,1.234657,0.304799,0.304799,-0.0,1.234657,348,1206,1206,348,348,0,109,109,58,58,0,0,0,0,0,10.545454545454545,10.545454545454545,1.7575757575757576,1.7575757575757576
-14.4,-38.6,103,82,2.1,0.936339,1.240616,0.304277,0.304277,0.0,1.240616,345,1206,1206,345,345,0,96,96,50,50,0,0,0,0,0,10.454545454545455,10.454545454545455,1.5151515151515151,1.5151515151515151
-14.2,-38.8,104,81,1.87,0.932726,1.239166,0.30644,0.30644,0.0,1.239166,347,1206,1206,347,347,0,110,110,60,60,0,0,0,0,0,10.515151515151516,10.515151515151516,1.8181818181818181,1.8181818181818181
-14.2,-38.6,104,82,2.1,0.939472,1.245747,0.306274,0.306274,0.0,1.245747,347,1206,1206,347,347,0,92,92,48,48,0,0,0,0,0,10.515151515151516,10.515151515151516,1.4545454545454546,1.4545454545454546
-14.0,-38.8,105,81,1.8,0.937301,1.245473,0.308172,0.308172,0.0,1.245473,346,1206,1206,346,346,0,119,119,65,65,0,0,0,0,0,10.484848484848484,10.484848484848484,1.9696969696969697,1.9696969696969697
-14.0,-38.6,105,82,2.08,0.942797,1.251505,0.308709,0.308709,0.0,1.251505,349,1206,1206,349,349,0,103,103,55,55,0,0,0,0,0,10.575757575757576,10.575757575757576,1.6666666666666667,1.6666666666666667
-13.8,-38.8,106,81,1.73,0.943459,1.253493,0.310034,0.310034,0.0,1.253493,346,1206,1206,346,346,0,121,121,63,63,0,0,0,0,0,10.484848484848484,10.484848484848484,1.9090909090909092,1.9090909090909092
-13.8,-38.6,106,82,2.08,0.946316,1.256198,0.309882,0.309882,0.0,1.256198,348,1206,1206,348,348,0,108,108,59,59,0,0,0,0,0,10.545454545454545,10.545454545454545,1.7878787878787878,1.7878787878787878
-13.6,-38.8,107,81,1.71,0.947668,1.258362,0.310694,0.310694,-0.0,1.258362,345,1206,1206,345,345,0,124,124,64,64,0,0,0,0,0,10.454545454545455,10.454545454545455,1.9393939393939394,1.9393939393939394
-13.6,-38.6,107,82,2.07,0.949265,1.259701,0.310436,0.310436,-0.0,1.259701,346,1206,1206,346,346,0,111,111,60,60,0,0,0,0,0,10.484848484848484,10.484848484848484,1.8181818181818181,1.8181818181818181
-13.4,-38.8,108,81,1.71,0.950281,1.261148,0.310867,0.310867,0.0,1.261148,343,1206,1206,343,343,0,125,125,66,66,0,0,0,0,0,10.393939393939394,10.393939393939394,2.0,2.0
-13.4,-38.6,108,82,2.05,0.949951,1.262119,0.312168,0.312168,0.0,1.262119,345,1206,1206,345,345,0,121,121,64,64,0,0,0,0,0,10.454545454545455,10.454545454545455,1.9393939393939394,1.9393939393939394
-13.4,-38.4,108,83,2.14,0.950537,1.261568,0.311031,0.311031,-0.0,1.261568,345,1206,1206,345,345,0,105,105,57,57,0,0,0,0,0,10.454545454545455,10.454545454545455,1.7272727272727273,1.7272727272727273
-13.2,-38.6,109,82,1.99,0.95014,1.262069,0.311929,0.311929,0.0,1.262069,346,1206,1206,346,346,0,132,132,67,67,0,0,0,0,0,10.484848484848484,10.484848484848484,2.0303030303030303,2.0303030303030303
-13.2,-38.4,109,83,2.11,0.948707,1.260646,0.311939,0.311939,-0.0,1.260646,346,1206,1206,346,346,0,119,119,62,62,0,0,0,0,0,10.484848484848484,10.484848484848484,1.878787878787879,1.878787878787879
-13.2,-38.2,109,84,2.17,0.946095,1.257143,0.311048,0.311048,0.0,1.257143,348,1206,1206,348,348,0,105,105,55,55,0,0,0,0,0,10.545454545454545,10.545454545454545,1.6666666666666667,1.6666666666666667
-13.2,-38.0,109,85,2.2,0.940264,1.252796,0.312532,0.312532,-0.0,1.252796,344,1206,1206,344,344,0,98,98,49,49,0,0,0,0,0,10.424242424242424,10.424242424242424,1.4848484848484849,1.4848484848484849
-13.0,-38.4,110,83,1.96,0.944858,1.257779,0.312922,0.312922,0.0,1.257779,341,1206,1206,341,341,0,140,140,66,66,0,0,0,0,0,10.333333333333334,10.333333333333334,2.0,2.0
-13.0,-38.2,110,84,2.1,0.94504,1.257023,0.311983,0.311983,-0.0,1.257023,346,1206,1206,346,346,0,125,125,63,63,0,0,0,0,0,10.484848484848484,10.484848484848484,1.9090909090909092,1.9090909090909092
-13.0,-38.0,110,85,2.17,0.942085,1.253253,0.311168,0.311168,-0.0,1.253253,351,1206,1206,351,351,0,108,108,56,56,0,0,0,0,0,10.636363636363637,10.636363636363637,1.696969696969697,1.696969696969697
-13.0,-37.8,110,86,2.23,0.935122,1.24848,0.313359,0.313359,-0.0,1.24848,345,1206,1206,345,345,0,96,96,48,48,0,0,0,0,0,10.454545454545455,10.454545454545455,1.4545454545454546,1.4545454545454546
-12.8,-38.0,111,85,2.1,0.943591,1.255236,0.311645,0.311645,0.0,1.255236,345,1206,1206,345,345,0,122,122,61,61,0,0,0,0,0,10.454545454545455,10.454545454545455,1.8484848484848484,1.8484848484848484
-12.8,-37.8,111,86,2.19,0.938891,1.249708,0.310817,0.310817,0.0,1.249708,352,1206,1206,352,352,0,102,102,53,53,0,0,0,0,0,10.666666666666666,10.666666666666666,1.606060606060606,1.606060606060606
-12.6,-37.8,112,86,2.12,0.942332,1.25369,0.311358,0.311358,-0.0,1.25369,344,1206,1206,344,344,0,117,117,60,60,0,0,0,0,0,10.424242424242424,10.424242424242424,1.8181818181818181,1.8181818181818181
-12.6,-37.6,112,87,2.21,0.93667,1.247274,0.310605,0.310605,0.0,1.247274,350,1206,1206,350,350,0,101,101,54,54,0,0,0,0,0,10.606060606060606,10.606060606060606,1.6363636363636365,1.6363636363636365
-12.4,-37.8,113,86,1.78,0.959054,1.277298,0.318245,0.318245,0.0,1.277298,341,1206,1206,341,341,0,122,122,63,63,0,0,0,0,0,10.333333333333334,10.333333333333334,1.9090909090909092,1.9090909090909092
-12.4,-37.6,113,87,2.14,0.941738,1.253656,0.311918,0.311918,0.0,1.253656,344,1206,1206,344,344,0,111,111,58,58,0,0,0,0,0,10.424242424242424,10.424242424242424,1.7575757575757576,1.7575757575757576
-12.4,-37.4,113,88,2.24,0.934986,1.2458,0.310815,0.310815,0.0,1.2458,347,1206,1206,347,347,0,97,97,52,52,0,0,0,0,0,10.515151515151516,10.515151515151516,1.5757575757575757,1.5757575757575757
-12.2,-37.6,114,87,1.97,0.949103,1.264039,0.314936,0.314936,0.0,1.264039,341,1206,1206,341,341,0,120,120,61,61,0,0,0,0,0,10.333333333333334,10.333333333333334,1.8484848484848484,1.8484848484848484
-12.2,-37.4,114,88,2.19,0.941126,1.251975,0.31085,0.31085,0.0,1.251975,346,1206,1206,346,346,0,102,102,54,54,0,0,0,0,0,10.484848484848484,10.484848484848484,1.6363636363636365,1.6363636363636365
-12.0,-37.4,115,88,2.12,0.946857,1.259483,0.312626,0.312626,0.0,1.259483,343,1206,1206,343,343,0,110,110,59,59,0,0,0,0,0,10.393939393939394,10.393939393939394,1.7878787878787878,1.7878787878787878
-12.0,-37.2,115,89,2.23,0.939965,1.25175,0.311784,0.311784,-0.0,1.25175,347,1206,1206,347,347,0,93,93,51,51,0,0,0,0,0,10.515151515151516,10.515151515151516,1.5454545454545454,1.5454545454545454
-11.8,-37.4,116,88,2.01,0.954964,1.270479,0.315515,0.315515,-0.0,1.270479,337,1206,1206,337,337,0,113,113,58,58,0,0,0,0,0,10.212121212121213,10.212121212121213,1.7575757575757576,1.7575757575757576
-11.8,-37.2,116,89,2.19,0.944922,1.256161,0.311239,0.311239,0.0,1.256161,345,1206,1206,345,345,0,100,100,55,55,0,0,0,0,0,10.454545454545455,10.454545454545455,1.6666666666666667,1.6666666666666667
-11.6,-37.4,117,88,1.84,1.092118,1.460342,0.368224,0.368224,0.0,1.460342,346,1206,1206,346,346,0,121,121,64,64,0,0,0,0,0,10.484848484848484,10.484848484848484,1.9393939393939394,1.9393939393939394
-11.6,-37.2,117,89,2.07,0.949678,1.262251,0.312573,0.312573,0.0,1.262251,340,1206,1206,340,340,0,105,105,56,56,0,0,0,0,0,10.303030303030303,10.303030303030303,1.696969696969697,1.696969696969697
-11.6,-37.0,117,90,2.23,0.943553,1.255764,0.312211,0.312211,0.0,1.255764,344,1206,1206,344,344,0,91,91,50,50,0,0,0,0,0,10.424242424242424,10.424242424242424,1.5151515151515151,1.5151515151515151
-11.4,-37.2,118,89,1.86,0.967,1.28638,0.31938,0.31938,-0.0,1.28638,337,1206,1206,337,337,0,115,115,58,58,0,0,0,0,0,10.212121212121213,10.212121212121213,1.7575757575757576,1.7575757575757576
-11.4,-37.0,118,90,2.19,0.94938,1.261825,0.312445,0.312445,-0.0,1.261825,344,1206,1206,344,344,0,99,99,54,54,0,0,0,0,0,10.424242424242424,10.424242424242424,1.6363636363636365,1.6363636363636365
-11.4,-36.8,118,91,2.26,0.9429,1.256563,0.313663,0.313663,-0.0,1.256563,346,1206,1206,346,346,0,85,85,46,46,0,0,0,0,0,10.484848484848484,10.484848484848484,1.393939393939394,1.393939393939394
-11.2,-37.0,119,90,2.0,0.958384,1.274561,0.316177,0.316177,0.0,1.274561,338,1206,1206,338,338,0,109,109,54,54,0,0,0,0,0,10.242424242424242,10.242424242424242,1.6363636363636365,1.6363636363636365
-11.2,-36.8,119,91,2.22,0.949675,1.261827,0.312152,0.312152,-0.0,1.261827,344,1206,1206,344,344,0,92,92,49,49,0,0,0,0,0,10.424242424242424,10.424242424242424,1.4848484848484849,1.4848484848484849
-11.0,-37.0,120,90,1.45,0.970428,1.290438,0.320009,0.320009,-0.0,1.290438,335,1206,1206,335,335,0,112,112,53,53,0,0,0,0,0,10.151515151515152,10.151515151515152,1.606060606060606,1.606060606060606
-11.0,-36.8,120,91,2.19,0.955772,1.271335,0.315563,0.315563,-0.0,1.271335,339,1206,1206,339,339,0,106,106,53,53,0,0,0,0,0,10.272727272727273,10.272727272727273,1.606060606060606,1.606060606060606
-11.0,-36.6,120,92,2.24,0.950283,1.263685,0.313402,0.313402,0.0,1.263685,344,1206,1206,344,344,0,93,93,47,47,0,0,0,0,0,10.424242424242424,10.424242424242424,1.4242424242424243,1.4242424242424243
-10.8,-36.8,121,91,1.66,0.969546,1.289736,0.32019,0.32019,0.0,1.289736,333,1206,1206,333,333,0,119,119,56,56,0,0,0,0,0,10.090909090909092,10.090909090909092,1.696969696969697,1.696969696969697
-10.8,-36.6,121,92,2.11,0.965082,1.28509,0.320008,0.320008,-0.0,1.28509,337,1206,1206,337,337,0,106,106,51,51,0,0,0,0,0,10.212121212121213,10.212121212121213,1.5454545454545454,1.5454545454545454
-10.8,-36.4,121,93,2.23,0.951849,1.265146,0.313298,0.313298,0.0,1.265146,343,1206,1206,343,343,0,93,93,46,46,0,0,0,0,0,10.393939393939394,10.393939393939394,1.393939393939394,1.393939393939394
-10.8,-36.2,121,94,2.31,0.945649,1.259763,0.314113,0.314113,-0.0,1.259763,338,1206,1206,338,338,0,83,83,43,43,0,0,0,0,0,10.242424242424242,10.242424242424242,1.303030303030303,1.303030303030303
-10.6,-36.6,122,92,1.86,0.984039,1.310157,0.326118,0.326118,-0.0,1.310157,335,1206,1206,335,335,0,114,114,52,52,0,0,0,0,0,10.151515151515152,10.151515151515152,1.5757575757575757,1.5757575757575757
-10.6,-36.4,122,93,2.08,0.958695,1.277341,0.318646,0.318646,0.0,1.277341,336,1206,1206,336,336,0,109,109,52,52,0,0,0,0,0,10.181818181818182,10.181818181818182,1.5757575757575757,1.5757575757575757
-10.6,-36.2,122,94,2.22,0.954962,1.270695,0.315733,0.315733,0.0,1.270695,340,1206,1206,340,340,0,97,97,51,51,0,0,0,0,0,10.303030303030303,10.303030303030303,1.5454545454545454,1.5454545454545454
-10.6,-36.0,122,95,2.32,0.946935,1.261307,0.314372,0.314372,0.0,1.261307,341,1206,1206,341,341,0,87,87,47,47,0,0,0,0,0,10.333333333333334,10.333333333333334,1.4242424242424243,1.4242424242424243
-10.4,-36.2,123,94,1.9,0.976674,1.300144,0.323469,0.323469,0.0,1.300144,341,1206,1206,341,341,0,103,103,53,53,0,0,0,0,0,10.333333333333334,10.333333333333334,1.606060606060606,1.606060606060606
-10.4,-36.0,123,95,2.23,0.956272,1.271858,0.315586,0.315586,0.0,1.271858,341,1206,1206,341,341,0,94,94,50,50,0,0,0,0,0,10.333333333333334,10.333333333333334,1.5151515151515151,1.5151515151515151
-10.4,-35.8,123,96,2.32,0.948671,1.262563,0.313892,0.313892,0.0,1.262563,345,1206,1206,345,345,0,89,89,47,47,0,0,0,0,0,10.454545454545455,10.454545454545455,1.4242424242424243,1.4242424242424243
-10.2,-36.0,124,95,2.0,0.971728,1.292758,0.32103,0.32103,0.0,1.292758,346,1206,1206,346,346,0,108,108,56,56,0,0,0,0,0,10.484848484848484,10.484848484848484,1.696969696969697,1.696969696969697
-10.2,-35.8,124,96,2.26,0.955282,1.270104,0.314822,0.314822,-0.0,1.270104,347,1206,1206,347,347,0,97,97,51,51,0,0,0,0,0,10.515151515151516,10.515151515151516,1.5454545454545454,1.5454545454545454
-10.2,-35.6,124,97,2.33,0.950457,1.266157,0.3157,0.3157,0.0,1.266157,348,1206,1206,348,348,0,89,89,47,47,0,0,0,0,0,10.545454545454545,10.545454545454545,1.4242424242424243,1.4242424242424243
-10.0,-35.8,125,96,2.01,0.96599,1.284509,0.318519,0.318519,0.0,1.284509,349,1206,1206,349,349,0,103,103,55,55,0,0,0,0,0,10.575757575757576,10.575757575757576,1.6666666666666667,1.6666666666666667
-10.0,-35.6,125,97,2.27,0.957581,1.273416,0.315835,0.315835,0.0,1.273416,348,1206,1206,348,348,0,92,92,49,49,0,0,0,0,0,10.545454545454545,10.545454545454545,1.4848484848484849,1.4848484848484849
-10.0,-35.4,125,98,2.35,0.95215,1.268474,0.316324,0.316324,-0.0,1.268474,348,1206,1206,348,348,0,89,89,46,46,0,0,0,0,0,10.545454545454545,10.545454545454545,1.393939393939394,1.393939393939394
-9.8,-35.8,126,96,2.13,0.985095,1.310815,0.325719,0.325719,0.0,1.310815,348,1206,1206,348,348,0,107,107,54,54,0,0,0,0,0,10.545454545454545,10.545454545454545,1.6363636363636365,1.6363636363636365
-9.8,-35.6,126,97,2.19,0.971872,1.292465,0.320593,0.320593,-0.0,1.292465,346,1206,1206,346,346,0,100,100,51,51,0,0,0,0,0,10.484848484848484,10.484848484848484,1.5454545454545454,1.5454545454545454
-9.8,-35.4,126,98,2.28,0.960856,1.278232,0.317376,0.317376,0.0,1.278232,346,1206,1206,346,346,0,90,90,48,48,0,0,0,0,0,10.484848484848484,10.484848484848484,1.4545454545454546,1.4545454545454546
-9.6,-35.6,127,97,1.6,1.023968,1.380091,0.356123,0.356123,-0.0,1.380091,355,1206,1206,355,355,0,103,103,51,51,0,0,0,0,0,10.757575757575758,10.757575757575758,1.5454545454545454,1.5454545454545454
-9.6,-35.4,127,98,2.13,0.982329,1.308327,0.325998,0.325998,0.0,1.308327,348,1206,1206,348,348,0,96,96,49,49,0,0,0,0,0,10.545454545454545,10.545454545454545,1.4848484848484849,1.4848484848484849
-9.6,-35.2,127,99,2.26,0.96033,1.279132,0.318801,0.318801,0.0,1.279132,351,1206,1206,351,351,0,93,93,48,48,0,0,0,0,0,10.636363636363637,10.636363636363637,1.4545454545454546,1.4545454545454546
-9.4,-35.4,128,98,1.52,1.02158,1.366279,0.344698,0.344698,0.0,1.366279,350,1206,1206,350,350,0,103,103,51,51,0,0,0,0,0,10.606060606060606,10.606060606060606,1.5454545454545454,1.5454545454545454
-9.4,-35.2,128,99,2.15,0.981898,1.309146,0.327249,0.327249,-0.0,1.309146,350,1206,1206,350,350,0,101,101,49,49,0,0,0,0,0,10.606060606060606,10.606060606060606,1.4848484848484849,1.4848484848484849
-9.4,-35.0,128,100,2.3,0.956686,1.273998,0.317312,0.317312,0.0,1.273998,350,1206,1206,350,350,0,93,93,47,47,0,0,0,0,0,10.606060606060606,10.606060606060606,1.4242424242424243,1.4242424242424243
-9.2,-35.2,129,99,1.83,1.004155,1.343808,0.339653,0.339653,0.0,1.343808,349,1206,1206,349,349,0,111,111,54,54,0,0,0,0,0,10.575757575757576,10.575757575757576,1.6363636363636365,1.6363636363636365
-9.2,-35.0,129,100,2.2,0.971681,1.294326,0.322645,0.322645,0.0,1.294326,353,1206,1206,353,353,0,106,106,51,51,0,0,0,0,0,10.696969696969697,10.696969696969697,1.5454545454545454,1.5454545454545454
-9.2,-34.8,129,101,2.34,0.953941,1.272311,0.31837,0.31837,0.0,1.272311,347,1206,1206,347,347,0,98,98,49,49,0,0,0,0,0,10.515151515151516,10.515151515151516,1.4848484848484849,1.4848484848484849
-9.0,-35.0,130,100,2.11,0.983127,1.307188,0.32406,0.32406,-0.0,1.307188,352,1206,1206,352,352,0,106,106,53,53,0,0,0,0,0,10.666666666666666,10.666666666666666,1.606060606060606,1.606060606060606
-9.0,-34.8,130,101,2.3,0.961379,1.281661,0.320283,0.320283,0.0,1.281661,349,1206,1206,349,349,0,104,104,53,53,0,0,0,0,0,10.575757575757576,10.575757575757576,1.606060606060606,1.606060606060606
-8.8,-35.0,131,100,1.96,0.997332,1.326403,0.329071,0.329071,-0.0,1.326403,348,1206,1206,348,348,0,110,110,55,55,0,0,0,0,0,10.545454545454545,10.545454545454545,1.6666666666666667,1.6666666666666667
-8.8,-34.8,131,101,2.25,0.967905,1.288328,0.320423,0.320423,0.0,1.288328,345,1206,1206,345,345,0,110,110,54,54,0,0,0,0,0,10.454545454545455,10.454545454545455,1.6363636363636365,1.6363636363636365
-8.6,-34.8,132,101,2.19,0.980051,1.303582,0.323532,0.323532,-0.0,1.303582,343,1206,1206,343,343,0,115,115,55,55,0,0,0,0,0,10.393939393939394,10.393939393939394,1.6666666666666667,1.6666666666666667
-8.6,-34.6,132,102,2.34,0.962081,1.281477,0.319396,0.319396,0.0,1.281477,343,1206,1206,343,343,0,111,111,52,52,0,0,0,0,0,10.393939393939394,10.393939393939394,1.5757575757575757,1.5757575757575757
-8.4,-34.8,133,101,1.97,0.990983,1.316863,0.32588,0.32588,-0.0,1.316863,341,1206,1206,341,341,0,124,124,61,61,0,0,0,0,0,10.333333333333334,10.333333333333334,1.8484848484848484,1.8484848484848484
-8.4,-34.6,133,102,2.29,0.969061,1.289405,0.320344,0.320344,-0.0,1.289405,342,1206,1206,342,342,0,110,110,54,54,0,0,0,0,0,10.363636363636363,10.363636363636363,1.6363636363636365,1.6363636363636365
-8.2,-34.8,134,101,2.08,1.004785,1.335369,0.330584,0.330584,-0.0,1.335369,340,1206,1206,340,340,0,125,125,62,62,0,0,0,0,0,10.303030303030303,10.303030303030303,1.878787878787879,1.878787878787879
-8.2,-34.6,134,102,2.24,0.977647,1.299459,0.321813,0.321813,0.0,1.299459,343,1206,1206,343,343,0,117,117,61,61,0,0,0,0,0,10.393939393939394,10.393939393939394,1.8484848484848484,1.8484848484848484
-8.0,-34.8,135,101,1.93,1.01988,1.354498,0.334618,0.334618,0.0,1.354498,343,1206,1206,343,343,0,130,130,65,65,0,0,0,0,0,10.393939393939394,10.393939393939394,1.9696969696969697,1.9696969696969697
-8.0,-34.6,135,102,2.17,0.996057,1.324909,0.328852,0.328852,0.0,1.324909,342,1206,1206,342,342,0,119,119,64,64,0,0,0,0,0,10.363636363636363,10.363636363636363,1.9393939393939394,1.9393939393939394
-8.0,-34.4,135,103,2.35,0.973638,1.297281,0.323643,0.323643,0.0,1.297281,343,1206,1206,343,343,0,115,115,61,61,0,0,0,0,0,10.393939393939394,10.393939393939394,1.8484848484848484,1.8484848484848484
-7.8,-34.8,136,101,1.75,1.037857,1.378044,0.340187,0.340187,0.0,1.378044,342,1206,1206,342,342,0,137,137,69,69,0,0,0,0,0,10.363636363636363,10.363636363636363,2.090909090909091,2.090909090909091
-7.8,-34.6,136,102,2.03,1.010383,1.342964,0.332581,0.332581,0.0,1.342964,344,1206,1206,344,344,0,124,124,66,66,0,0,0,0,0,10.424242424242424,10.424242424242424,2.0,2.0
-7.8,-34.4,136,103,2.33,0.982047,1.307871,0.325824,0.325824,-0.0,1.307871,341,1206,1206,341,341,0,118,118,63,63,0,0,0,0,0,10.333333333333334,10.333333333333334,1.9090909090909092,1.9090909090909092
-7.6,-34.8,137,101,1.4,1.060578,1.43055,0.369972,0.369972,0.0,1.43055,357,1206,1206,357,357,0,112,112,63,63,0,0,0,0,0,10.818181818181818,10.818181818181818,1.9090909090909092,1.9090909090909092
-7.6,-34.6,137,102,1.85,1.02258,1.359312,0.336732,0.336732,0.0,1.359312,342,1206,1206,342,342,0,123,123,66,66,0,0,0,0,0,10.363636363636363,10.363636363636363,2.0,2.0
-7.6,-34.4,137,103,2.31,0.98719,1.315022,0.327832,0.327832,-0.0,1.315022,339,1206,1206,339,339,0,117,117,64,64,0,0,0,0,0,10.272727272727273,10.272727272727273,1.9393939393939394,1.9393939393939394
-7.4,-34.6,138,102,1.91,1.026666,1.364901,0.338235,0.338235,0.0,1.364901,339,1206,1206,339,339,0,122,122,64,64,0,0,0,0,0,10.272727272727273,10.272727272727273,1.9393939393939394,1.9393939393939394
-7.4,-34.4,138,103,2.3,0.989246,1.317,0.327754,0.327754,0.0,1.317,340,1206,1206,340,340,0,123,123,67,67,0,0,0,0,0,10.303030303030303,10.303030303030303,2.0303030303030303,2.0303030303030303
-7.2,-34.6,139,102,2.01,1.026242,1.364615,0.338373,0.338373,-0.0,1.364615,340,1206,1206,340,340,0,115,115,63,63,0,0,0,0,0,10.303030303030303,10.303030303030303,1.9090909090909092,1.9090909090909092
-7.2,-34.4,139,103,2.3,0.988198,1.318361,0.330163,0.330163,0.0,1.318361,337,1206,1206,337,337,0,115,115,62,62,0,0,0,0,0,10.212121212121213,10.212121212121213,1.878787878787879,1.878787878787879
-7.0,-34.8,140,101,1.38,1.05277,1.406612,0.353842,0.353842,0.0,1.406612,346,1206,1206,346,346,0,118,118,67,67,0,0,0,0,0,10.484848484848484,10.484848484848484,2.0303030303030303,2.0303030303030303
-7.0,-34.6,140,102,2.11,1.017491,1.35179,0.334299,0.334299,-0.0,1.35179,342,1206,1206,342,342,0,113,113,60,60,0,0,0,0,0,10.363636363636363,10.363636363636363,1.8181818181818181,1.8181818181818181
-7.0,-34.4,140,103,2.28,0.995716,1.326259,0.330542,0.330542,-0.0,1.326259,340,1206,1206,340,340,0,124,124,63,63,0,0,0,0,0,10.303030303030303,10.303030303030303,1.9090909090909092,1.9090909090909092
-6.8,-34.8,141,101,1.43,1.048122,1.391897,0.343775,0.343775,-0.0,1.391897,341,1206,1206,341,341,0,118,118,61,61,0,0,0,0,0,10.333333333333334,10.333333333333334,1.8484848484848484,1.8484848484848484
-6.8,-34.6,141,102,2.19,1.009802,1.342656,0.332854,0.332854,0.0,1.342656,343,1206,1206,343,343,0,113,113,61,61,0,0,0,0,0,10.393939393939394,10.393939393939394,1.8484848484848484,1.8484848484848484
-6.6,-34.8,142,101,1.86,1.034644,1.373365,0.338721,0.338721,0.0,1.373365,342,1206,1206,342,342,0,117,117,60,60,0,0,0,0,0,10.363636363636363,10.363636363636363,1.8181818181818181,1.8181818181818181
-6.6,-34.6,142,102,2.21,1.00754,1.3416,0.33406,0.33406,0.0,1.3416,341,1206,1206,341,341,0,112,112,59,59,0,0,0,0,0,10.333333333333334,10.333333333333334,1.7878787878787878,1.7878787878787878
-6.4,-34.8,143,101,2.038,1.028967,1.36534,0.336373,0.336373,0.0,1.36534,341,1206,1206,341,341,0,116,116,57,57,0,0,0,0,0,10.333333333333334,10.333333333333334,1.7272727272727273,1.7272727272727273
-6.4,-34.6,143,102,2.27,1.010434,1.345935,0.335501,0.335501,0.0,1.345935,341,1206,1206,341,341,0,114,114,58,58,0,0,0,0,0,10.333333333333334,10.333333333333334,1.7575757575757576,1.7575757575757576
-6.2,-35.0,144,100,1.47,1.053328,1.394526,0.341198,0.341198,0.0,1.394526,343,1206,1206,343,343,0,119,119,66,66,0,0,0,0,0,10.393939393939394,10.393939393939394,2.0,2.0
-6.2,-34.8,144,101,2.12,1.02431,1.361824,0.337514,0.337514,-0.0,1.361824,344,1206,1206,344,344,0,116,116,59,59,0,0,0,0,0,10.424242424242424,10.424242424242424,1.7878787878787878,1.7878787878787878
-6.2,-34.6,144,102,2.3,1.009424,1.346455,0.337031,0.337031,-0.0,1.346455,342,1206,1206,342,342,0,120,120,65,65,0,0,0,0,0,10.363636363636363,10.363636363636363,1.9696969696969697,1.9696969696969697
-6.0,-35.0,145,100,1.87,1.050751,1.390955,0.340204,0.340204,0.0,1.390955,341,1206,1206,341,341,0,116,116,66,66,0,0,0,0,0,10.333333333333334,10.333333333333334,2.0,2.0
-6.0,-34.8,145,101,2.18,1.027284,1.365858,0.338575,0.338575,0.0,1.365858,344,1206,1206,344,344,0,124,124,67,67,0,0,0,0,0,10.424242424242424,10.424242424242424,2.0303030303030303,2.0303030303030303
-5.8,-35.0,146,100,1.9,1.043766,1.381765,0.337999,0.337999,0.0,1.381765,344,1206,1206,344,344,0,126,126,72,72,0,0,0,0,0,10.424242424242424,10.424242424242424,2.1818181818181817,2.1818181818181817
-5.8,-34.8,146,101,2.24,1.024093,1.363358,0.339265,0.339265,0.0,1.363358,344,1206,1206,344,344,0,118,118,64,64,0,0,0,0,0,10.424242424242424,10.424242424242424,1.9393939393939394,1.9393939393939394
-5.6,-35.0,147,100,2.03,1.043068,1.383637,0.340568,0.340568,0.0,1.383637,343,1206,1206,343,343,0,116,116,69,69,0,0,0,0,0,10.393939393939394,10.393939393939394,2.090909090909091,2.090909090909091
-5.6,-34.8,147,101,2.3,1.024317,1.365896,0.341579,0.341579,0.0,1.365896,343,1206,1206,343,343,0,118,118,61,61,0,0,0,0,0,10.393939393939394,10.393939393939394,1.8484848484848484,1.8484848484848484
-5.4,-35.2,148,99,2.01,1.097613,1.466034,0.368421,0.368421,0.0,1.466034,348,1206,1206,348,348,0,122,122,71,71,0,0,0,0,0,10.545454545454545,10.545454545454545,2.1515151515151514,2.1515151515151514
-5.4,-35.0,148,100,2.21,1.042308,1.384989,0.342681,0.342681,0.0,1.384989,342,1206,1206,342,342,0,121,121,69,69,0,0,0,0,0,10.363636363636363,10.363636363636363,2.090909090909091,2.090909090909091
-5.4,-34.8,148,101,2.34,1.023772,1.366738,0.342966,0.342966,0.0,1.366738,345,1206,1206,345,345,0,114,114,60,60,0,0,0,0,0,10.454545454545455,10.454545454545455,1.8181818181818181,1.8181818181818181
-5.2,-35.4,149,98,1.87,1.146757,1.56747,0.420712,0.420712,-0.0,1.56747,366,1206,1206,366,366,0,113,113,69,69,0,0,0,0,0,11.090909090909092,11.090909090909092,2.090909090909091,2.090909090909091
-5.2,-35.2,149,99,2.06,1.081819,1.442934,0.361115,0.361115,-0.0,1.442934,344,1206,1206,344,344,0,121,121,70,70,0,0,0,0,0,10.424242424242424,10.424242424242424,2.121212121212121,2.121212121212121
-5.2,-35.0,149,100,2.27,1.04077,1.386125,0.345355,0.345355,0.0,1.386125,340,1206,1206,340,340,0,126,126,73,73,0,0,0,0,0,10.303030303030303,10.303030303030303,2.212121212121212,2.212121212121212
-5.0,-36.6,150,92,1.42,1.231594,1.644253,0.412659,0.412659,0.0,1.644253,349,1206,1206,349,349,0,128,128,66,66,0,0,0,0,0,10.575757575757576,10.575757575757576,2.0,2.0
-5.0,-36.2,150,94,1.36,1.249586,1.729575,0.479989,0.479989,0.0,1.729575,386,1206,1206,386,386,0,140,140,74,74,0,0,0,0,0,11.696969696969697,11.696969696969697,2.242424242424242,2.242424242424242
-5.0,-35.6,150,97,1.72,1.133255,1.515432,0.382177,0.382177,-0.0,1.515432,346,1206,1206,346,346,0,118,118,76,76,0,0,0,0,0,10.484848484848484,10.484848484848484,2.303030303030303,2.303030303030303
-5.0,-35.4,150,98,1.93,1.104257,1.476623,0.372366,0.372366,0.0,1.476623,349,1206,1206,349,349,0,114,114,71,71,0,0,0,0,0,10.575757575757576,10.575757575757576,2.1515151515151514,2.1515151515151514
-5.0,-35.2,150,99,2.14,1.062872,1.421647,0.358774,0.358774,0.0,1.421647,348,1206,1206,348,348,0,113,113,66,66,0,0,0,0,0,10.545454545454545,10.545454545454545,2.0,2.0
-5.0,-35.0,150,100,2.29,1.020301,1.370841,0.35054,0.35054,0.0,1.370841,346,1206,1206,346,346,0,108,108,65,65,0,0,0,0,0,10.484848484848484,10.484848484848484,1.9696969696969697,1.9696969696969697
-4.8,-37.2,151,89,1.76,1.64294,2.276873,0.633932,0.633932,0.0,2.276873,367,1206,1206,367,367,0,142,142,88,88,0,0,0,0,0,11.121212121212121,11.121212121212121,2.6666666666666665,2.6666666666666665
-4.8,-37.0,151,90,1.79,1.22379,1.632679,0.408889,0.408889,-0.0,1.632679,356,1206,1206,356,356,0,127,127,82,82,0,0,0,0,0,10.787878787878787,10.787878787878787,2.484848484848485,2.484848484848485
-4.8,-36.8,151,91,1.86,1.180529,1.571185,0.390656,0.390656,0.0,1.571185,352,1206,1206,352,352,0,129,129,81,81,0,0,0,0,0,10.666666666666666,10.666666666666666,2.4545454545454546,2.4545454545454546
-4.8,-36.6,151,92,1.9,1.145297,1.522251,0.376954,0.376954,0.0,1.522251,350,1206,1206,350,350,0,129,129,79,79,0,0,0,0,0,10.606060606060606,10.606060606060606,2.393939393939394,2.393939393939394
-4.8,-36.4,151,93,1.91,1.110979,1.476011,0.365031,0.365031,-0.0,1.476011,350,1206,1206,350,350,0,119,119,72,72,0,0,0,0,0,10.606060606060606,10.606060606060606,2.1818181818181817,2.1818181818181817
-4.8,-36.2,151,94,1.91,1.100011,1.46108,0.361069,0.361069,0.0,1.46108,351,1206,1206,351,351,0,115,115,74,74,0,0,0,0,0,10.636363636363637,10.636363636363637,2.242424242424242,2.242424242424242
-4.8,-36.0,151,95,1.93,1.093219,1.454371,0.361153,0.361153,0.0,1.454371,349,1206,1206,349,349,0,114,114,72,72,0,0,0,0,0,10.575757575757576,10.575757575757576,2.1818181818181817,2.1818181818181817
-4.8,-35.8,151,96,1.98,1.089233,1.449664,0.360431,0.360431,-0.0,1.449664,349,1206,1206,349,349,0,112,112,74,74,0,0,0,0,0,10.575757575757576,10.575757575757576,2.242424242424242,2.242424242424242
-4.8,-35.6,151,97,2.07,1.086589,1.449795,0.363206,0.363206,-0.0,1.449795,348,1206,1206,348,348,0,104,104,65,65,0,0,0,0,0,10.545454545454545,10.545454545454545,1.9696969696969697,1.9696969696969697
-4.8,-35.4,151,98,2.17,1.073183,1.433594,0.36041,0.36041,-0.0,1.433594,344,1206,1206,344,344,0,106,106,62,62,0,0,0,0,0,10.424242424242424,10.424242424242424,1.878787878787879,1.878787878787879
-4.6,-37.4,152,88,1.52,1.275989,1.688442,0.412453,0.412453,0.0,1.688442,347,1206,1206,347,347,0,143,143,89,89,0,0,0,0,0,10.515151515151516,10.515151515151516,2.696969696969697,2.696969696969697
-4.6,-37.2,152,89,1.93,1.218769,1.619092,0.400323,0.400323,0.0,1.619092,354,1206,1206,354,354,0,126,126,83,83,0,0,0,0,0,10.727272727272727,10.727272727272727,2.515151515151515,2.515151515151515
-4.6,-37.0,152,90,2.06,1.15309,1.527905,0.374815,0.374815,0.0,1.527905,350,1206,1206,350,350,0,120,120,80,80,0,0,0,0,0,10.606060606060606,10.606060606060606,2.4242424242424243,2.4242424242424243
-4.6,-36.8,152,91,2.09,1.122639,1.487054,0.364415,0.364415,-0.0,1.487054,350,1206,1206,350,350,0,121,121,75,75,0,0,0,0,0,10.606060606060606,10.606060606060606,2.272727272727273,2.272727272727273
-4.6,-36.6,152,92,2.09,1.115258,1.479166,0.363908,0.363908,-0.0,1.479166,350,1206,1206,350,350,0,120,120,75,75,0,0,0,0,0,10.606060606060606,10.606060606060606,2.272727272727273,2.272727272727273
-4.6,-36.0,152,95,2.12,1.090423,1.450993,0.36057,0.36057,0.0,1.450993,349,1206,1206,349,349,0,109,109,72,72,0,0,0,0,0,10.575757575757576,10.575757575757576,2.1818181818181817,2.1818181818181817
-4.4,-37.6,153,87,1.75,1.287811,1.701803,0.413992,0.413992,-0.0,1.701803,348,1206,1206,348,348,0,132,132,83,83,0,0,0,0,0,10.545454545454545,10.545454545454545,2.515151515151515,2.515151515151515
-4.4,-37.4,153,88,2.0,1.226466,1.624544,0.398078,0.398078,0.0,1.624544,351,1206,1206,351,351,0,132,132,86,86,0,0,0,0,0,10.636363636363637,10.636363636363637,2.606060606060606,2.606060606060606
-4.4,-37.2,153,89,2.1,1.15061,1.524334,0.373723,0.373723,0.0,1.524334,352,1206,1206,352,352,0,126,126,83,83,0,0,0,0,0,10.666666666666666,10.666666666666666,2.515151515151515,2.515151515151515
-4.4,-37.0,153,90,2.15,1.129641,1.495144,0.365503,0.365503,0.0,1.495144,350,1206,1206,350,350,0,125,125,78,78,0,0,0,0,0,10.606060606060606,10.606060606060606,2.3636363636363638,2.3636363636363638
-4.2,-37.8,154,86,1.63,1.287638,1.700399,0.41276,0.41276,0.0,1.700399,349,1206,1206,349,349,0,137,137,85,85,0,0,0,0,0,10.575757575757576,10.575757575757576,2.5757575757575757,2.5757575757575757
-4.2,-37.6,154,87,1.91,1.235343,1.633143,0.3978,0.3978,0.0,1.633143,349,1206,1206,349,349,0,127,127,83,83,0,0,0,0,0,10.575757575757576,10.575757575757576,2.515151515151515,2.515151515151515
-4.2,-37.4,154,88,2.14,1.171421,1.548592,0.377171,0.377171,-0.0,1.548592,350,1206,1206,350,350,0,123,123,82,82,0,0,0,0,0,10.606060606060606,10.606060606060606,2.484848484848485,2.484848484848485
-4.2,-32.6,154,112,2.43,0.948082,1.284232,0.33615,0.33615,0.0,1.284232,344,1206,1206,344,344,0,105,105,61,61,0,0,0,0,0,10.424242424242424,10.424242424242424,1.8484848484848484,1.8484848484848484
-4.2,-32.4,154,113,2.41,0.943157,1.277939,0.334782,0.334782,0.0,1.277939,343,1206,1206,343,343,0,109,109,59,59,0,0,0,0,0,10.393939393939394,10.393939393939394,1.7878787878787878,1.7878787878787878
-4.2,-32.2,154,114,2.43,0.938681,1.271915,0.333234,0.333234,0.0,1.271915,343,1206,1206,343,343,0,108,108,62,62,0,0,0,0,0,10.393939393939394,10.393939393939394,1.878787878787879,1.878787878787879
-4.0,-38.0,155,85,1.71,1.276353,1.685846,0.409493,0.409493,-0.0,1.685846,348,1206,1206,348,348,0,132,132,83,83,0,0,0,0,0,10.545454545454545,10.545454545454545,2.515151515151515,2.515151515151515
-4.0,-37.8,155,86,1.87,1.230143,1.625822,0.395679,0.395679,0.0,1.625822,351,1206,1206,351,351,0,133,133,84,84,0,0,0,0,0,10.636363636363637,10.636363636363637,2.5454545454545454,2.5454545454545454
-4.0,-37.6,155,87,2.11,1.176274,1.553317,0.377042,0.377042,-0.0,1.553317,350,1206,1206,350,350,0,126,126,83,83,0,0,0,0,0,10.606060606060606,10.606060606060606,2.515151515151515,2.515151515151515
-4.0,-32.8,155,111,2.44,0.950715,1.288779,0.338065,0.338065,0.0,1.288779,342,1206,1206,342,342,0,102,102,60,60,0,0,0,0,0,10.363636363636363,10.363636363636363,1.8181818181818181,1.8181818181818181
-4.0,-32.6,155,112,2.41,0.944822,1.281978,0.337156,0.337156,-0.0,1.281978,340,1206,1206,340,340,0,107,107,60,60,0,0,0,0,0,10.303030303030303,10.303030303030303,1.8181818181818181,1.8181818181818181
-4.0,-32.4,155,113,2.39,0.939471,1.275085,0.335614,0.335614,-0.0,1.275085,340,1206,1206,340,340,0,112,112,60,60,0,0,0,0,0,10.303030303030303,10.303030303030303,1.8181818181818181,1.8181818181818181
-4.0,-32.2,155,114,2.42,0.935935,1.270311,0.334376,0.334376,0.0,1.270311,340,1206,1206,340,340,0,107,107,62,62,0,0,0,0,0,10.303030303030303,10.303030303030303,1.878787878787879,1.878787878787879
-4.0,-32.0,155,115,2.44,0.931773,1.264823,0.33305,0.33305,0.0,1.264823,341,1206,1206,341,341,0,109,109,64,64,0,0,0,0,0,10.333333333333334,10.333333333333334,1.9393939393939394,1.9393939393939394
-3.8,-38.2,156,84,1.77,1.252738,1.656402,0.403664,0.403664,0.0,1.656402,349,1206,1206,349,349,0,144,144,88,88,0,0,0,0,0,10.575757575757576,10.575757575757576,2.6666666666666665,2.6666666666666665
-3.8,-38.0,156,85,1.95,1.218306,1.609591,0.391285,0.391285,0.0,1.609591,351,1206,1206,351,351,0,141,141,89,89,0,0,0,0,0,10.636363636363637,10.636363636363637,2.696969696969697,2.696969696969697
-3.8,-32.8,156,111,2.35,0.948855,1.28878,0.339925,0.339925,0.0,1.28878,341,1206,1206,341,341,0,104,104,61,61,0,0,0,0,0,10.333333333333334,10.333333333333334,1.8484848484848484,1.8484848484848484
-3.8,-32.6,156,112,2.26,0.94545,1.284521,0.339071,0.339071,0.0,1.284521,341,1206,1206,341,341,0,101,101,60,60,0,0,0,0,0,10.333333333333334,10.333333333333334,1.8181818181818181,1.8181818181818181
-3.8,-32.4,156,113,2.23,0.940738,1.27897,0.338232,0.338232,0.0,1.27897,339,1206,1206,339,339,0,107,107,64,64,0,0,0,0,0,10.272727272727273,10.272727272727273,1.9393939393939394,1.9393939393939394
-3.8,-32.2,156,114,2.4,0.934042,1.26972,0.335678,0.335678,0.0,1.26972,340,1206,1206,340,340,0,109,109,65,65,0,0,0,0,0,10.303030303030303,10.303030303030303,1.9696969696969697,1.9696969696969697
-3.8,-32.0,156,115,2.43,0.929359,1.262978,0.333619,0.333619,-0.0,1.262978,339,1206,1206,339,339,0,107,107,64,64,0,0,0,0,0,10.272727272727273,10.272727272727273,1.9393939393939394,1.9393939393939394
-3.6,-38.6,157,82,1.62,1.238958,1.638646,0.399688,0.399688,0.0,1.638646,347,1206,1206,347,347,0,137,137,85,85,0,0,0,0,0,10.515151515151516,10.515151515151516,2.5757575757575757,2.5757575757575757
-3.6,-38.4,157,83,1.81,1.222534,1.6188,0.396266,0.396266,0.0,1.6188,349,1206,1206,349,349,0,141,141,88,88,0,0,0,0,0,10.575757575757576,10.575757575757576,2.6666666666666665,2.6666666666666665
-3.6,-38.2,157,84,1.98,1.195009,1.581122,0.386113,0.386113,0.0,1.581122,350,1206,1206,350,350,0,130,130,84,84,0,0,0,0,0,10.606060606060606,10.606060606060606,2.5454545454545454,2.5454545454545454
-3.6,-38.0,157,85,2.08,1.162236,1.535603,0.373367,0.373367,0.0,1.535603,351,1206,1206,351,351,0,130,130,88,88,0,0,0,0,0,10.636363636363637,10.636363636363637,2.6666666666666665,2.6666666666666665
-3.6,-32.8,157,111,2.34,0.946341,1.286744,0.340404,0.340404,-0.0,1.286744,340,1206,1206,340,340,0,108,108,63,63,0,0,0,0,0,10.303030303030303,10.303030303030303,1.9090909090909092,1.9090909090909092
-3.6,-32.6,157,112,2.28,0.942189,1.281922,0.339732,0.339732,0.0,1.281922,340,1206,1206,340,340,0,96,96,58,58,0,0,0,0,0,10.303030303030303,10.303030303030303,1.7575757575757576,1.7575757575757576
-3.6,-32.4,157,113,2.25,0.93726,1.275161,0.337901,0.337901,-0.0,1.275161,339,1206,1206,339,339,0,97,97,62,62,0,0,0,0,0,10.272727272727273,10.272727272727273,1.878787878787879,1.878787878787879
-3.6,-32.2,157,114,2.35,0.931884,1.268622,0.336738,0.336738,-0.0,1.268622,341,1206,1206,341,341,0,102,102,63,63,0,0,0,0,0,10.333333333333334,10.333333333333334,1.9090909090909092,1.9090909090909092
-3.6,-32.0,157,115,2.42,0.927071,1.261804,0.334734,0.334734,-0.0,1.261804,340,1206,1206,340,340,0,99,99,59,59,0,0,0,0,0,10.303030303030303,10.303030303030303,1.7878787878787878,1.7878787878787878
-3.4,-38.8,158,81,1.79,1.2224,1.617196,0.394796,0.394796,-0.0,1.617196,347,1206,1206,347,347,0,147,147,88,88,0,0,0,0,0,10.515151515151516,10.515151515151516,2.6666666666666665,2.6666666666666665
-3.4,-38.6,158,82,1.93,1.201048,1.589889,0.388841,0.388841,0.0,1.589889,348,1206,1206,348,348,0,135,135,85,85,0,0,0,0,0,10.545454545454545,10.545454545454545,2.5757575757575757,2.5757575757575757
-3.4,-38.4,158,83,2.04,1.177935,1.559873,0.381938,0.381938,0.0,1.559873,349,1206,1206,349,349,0,137,137,87,87,0,0,0,0,0,10.575757575757576,10.575757575757576,2.6363636363636362,2.6363636363636362
-3.4,-38.2,158,84,2.12,1.150495,1.523372,0.372877,0.372877,0.0,1.523372,350,1206,1206,350,350,0,134,134,85,85,0,0,0,0,0,10.606060606060606,10.606060606060606,2.5757575757575757,2.5757575757575757
-3.4,-32.4,158,113,2.3,0.934597,1.273987,0.339389,0.339389,-0.0,1.273987,340,1206,1206,340,340,0,96,96,58,58,0,0,0,0,0,10.303030303030303,10.303030303030303,1.7575757575757576,1.7575757575757576
-3.2,-39.2,159,79,1.5,1.231966,1.632463,0.400497,0.400497,0.0,1.632463,345,1206,1206,345,345,0,147,147,94,94,0,0,0,0,0,10.454545454545455,10.454545454545455,2.8484848484848486,2.8484848484848486
-3.2,-39.0,159,80,1.83,1.205121,1.595319,0.390198,0.390198,0.0,1.595319,347,1206,1206,347,347,0,136,136,84,84,0,0,0,0,0,10.515151515151516,10.515151515151516,2.5454545454545454,2.5454545454545454
-3.2,-38.8,159,81,2.02,1.180824,1.562143,0.381319,0.381319,-0.0,1.562143,347,1206,1206,347,347,0,140,140,86,86,0,0,0,0,0,10.515151515151516,10.515151515151516,2.606060606060606,2.606060606060606
-3.2,-38.6,159,82,2.12,1.152644,1.524429,0.371785,0.371785,-0.0,1.524429,348,1206,1206,348,348,0,132,132,85,85,0,0,0,0,0,10.545454545454545,10.545454545454545,2.5757575757575757,2.5757575757575757
-3.0,-39.4,160,78,1.68,1.247176,1.653955,0.406779,0.406779,0.0,1.653955,346,1206,1206,346,346,0,152,152,97,97,0,0,0,0,0,10.484848484848484,10.484848484848484,2.9393939393939394,2.9393939393939394
-3.0,-39.2,160,79,1.9,1.197604,1.588162,0.390558,0.390558,-0.0,1.588162,346,1206,1206,346,346,0,135,135,86,86,0,0,0,0,0,10.484848484848484,10.484848484848484,2.606060606060606,2.606060606060606
-3.0,-39.0,160,80,2.07,1.161122,1.538296,0.377175,0.377175,0.0,1.538296,346,1206,1206,346,346,0,141,141,86,86,0,0,0,0,0,10.484848484848484,10.484848484848484,2.606060606060606,2.606060606060606
-3.0,-38.8,160,81,2.14,1.138117,1.506434,0.368317,0.368317,0.0,1.506434,347,1206,1206,347,347,0,131,131,85,85,0,0,0,0,0,10.515151515151516,10.515151515151516,2.5757575757575757,2.5757575757575757
-2.8,-41.6,161,67,1.03,1.371182,1.815257,0.444075,0.444075,0.0,1.815257,340,1206,1206,340,340,0,145,145,94,94,0,0,0,0,0,10.303030303030303,10.303030303030303,2.8484848484848486,2.8484848484848486
-2.8,-41.4,161,68,1.17,1.367561,1.811709,0.444148,0.444148,0.0,1.811709,340,1206,1206,340,340,0,149,149,87,87,0,0,0,0,0,10.303030303030303,10.303030303030303,2.6363636363636362,2.6363636363636362
-2.8,-41.2,161,69,1.45,1.360801,1.805584,0.444783,0.444783,-0.0,1.805584,340,1206,1206,340,340,0,145,145,85,85,0,0,0,0,0,10.303030303030303,10.303030303030303,2.5757575757575757,2.5757575757575757
-2.8,-41.0,161,70,1.39,1.352363,1.796068,0.443706,0.443706,0.0,1.796068,340,1206,1206,340,340,0,146,146,84,84,0,0,0,0,0,10.303030303030303,10.303030303030303,2.5454545454545454,2.5454545454545454
-2.8,-40.8,161,71,1.3,1.341136,1.783768,0.442632,0.442632,0.0,1.783768,339,1206,1206,339,339,0,153,153,86,86,0,0,0,0,0,10.272727272727273,10.272727272727273,2.606060606060606,2.606060606060606
-2.8,-40.6,161,72,1.29,1.32783,1.76777,0.43994,0.43994,-0.0,1.76777,338,1206,1206,338,338,0,148,148,87,87,0,0,0,0,0,10.242424242424242,10.242424242424242,2.6363636363636362,2.6363636363636362
-2.8,-40.4,161,73,1.44,1.308978,1.740438,0.43146,0.43146,0.0,1.740438,343,1206,1206,343,343,0,154,154,87,87,0,0,0,0,0,10.393939393939394,10.393939393939394,2.6363636363636362,2.6363636363636362
-2.8,-40.2,161,74,1.58,1.303065,1.730741,0.427676,0.427676,-0.0,1.730741,343,1206,1206,343,343,0,146,146,88,88,0,0,0,0,0,10.393939393939394,10.393939393939394,2.6666666666666665,2.6666666666666665
-2.8,-40.0,161,75,1.67,1.315499,1.744129,0.428631,0.428631,-0.0,1.744129,347,1206,1206,347,347,0,144,144,81,81,0,0,0,0,0,10.515151515151516,10.515151515151516,2.4545454545454546,2.4545454545454546
-2.8,-39.8,161,76,1.79,1.295741,1.717386,0.421645,0.421645,0.0,1.717386,349,1206,1206,349,349,0,147,147,86,86,0,0,0,0,0,10.575757575757576,10.575757575757576,2.606060606060606,2.606060606060606
-2.8,-39.6,161,77,1.9,1.262264,1.672054,0.40979,0.40979,0.0,1.672054,346,1206,1206,346,346,0,155,155,93,93,0,0,0,0,0,10.484848484848484,10.484848484848484,2.8181818181818183,2.8181818181818183
-2.8,-39.4,161,78,1.99,1.217673,1.612444,0.394771,0.394771,0.0,1.612444,346,1206,1206,346,346,0,148,148,93,93,0,0,0,0,0,10.484848484848484,10.484848484848484,2.8181818181818183,2.8181818181818183
-2.8,-39.2,161,79,2.1,1.168301,1.547843,0.379541,0.379541,-0.0,1.547843,345,1206,1206,345,345,0,150,150,93,93,0,0,0,0,0,10.454545454545455,10.454545454545455,2.8181818181818183,2.8181818181818183
-2.6,-42.4,162,63,1.49,1.376373,1.819458,0.443085,0.443085,-0.0,1.819458,350,1206,1206,350,350,0,146,146,97,97,0,0,0,0,0,10.606060606060606,10.606060606060606,2.9393939393939394,2.9393939393939394
-2.6,-42.2,162,64,1.45,1.349034,1.786817,0.437782,0.437782,0.0,1.786817,347,1206,1206,347,347,0,148,148,97,97,0,0,0,0,0,10.515151515151516,10.515151515151516,2.9393939393939394,2.9393939393939394
-2.6,-42.0,162,65,1.43,1.330703,1.761956,0.431254,0.431254,0.0,1.761956,346,1206,1206,346,346,0,148,148,96,96,0,0,0,0,0,10.484848484848484,10.484848484848484,2.909090909090909,2.909090909090909
-2.6,-41.8,162,66,1.45,1.327293,1.756047,0.428754,0.428754,-0.0,1.756047,346,1206,1206,346,346,0,152,152,96,96,0,0,0,0,0,10.484848484848484,10.484848484848484,2.909090909090909,2.909090909090909
-2.6,-41.6,162,67,1.66,1.324266,1.753232,0.428966,0.428966,-0.0,1.753232,344,1206,1206,344,344,0,156,156,96,96,0,0,0,0,0,10.424242424242424,10.424242424242424,2.909090909090909,2.909090909090909
-2.6,-41.4,162,68,1.46,1.320744,1.749367,0.428623,0.428623,-0.0,1.749367,346,1206,1206,346,346,0,150,150,88,88,0,0,0,0,0,10.484848484848484,10.484848484848484,2.6666666666666665,2.6666666666666665
-2.6,-41.2,162,69,1.85,1.313919,1.74206,0.428141,0.428141,-0.0,1.74206,344,1206,1206,344,344,0,149,149,83,83,0,0,0,0,0,10.424242424242424,10.424242424242424,2.515151515151515,2.515151515151515
-2.6,-41.0,162,70,1.74,1.312375,1.740842,0.428467,0.428467,0.0,1.740842,339,1206,1206,339,339,0,150,150,84,84,0,0,0,0,0,10.272727272727273,10.272727272727273,2.5454545454545454,2.5454545454545454
-2.6,-40.8,162,71,1.62,1.303425,1.732215,0.428791,0.428791,-0.0,1.732215,339,1206,1206,339,339,0,139,139,83,83,0,0,0,0,0,10.272727272727273,10.272727272727273,2.515151515151515,2.515151515151515
-2.6,-40.6,162,72,1.94,1.296678,1.723508,0.42683,0.42683,0.0,1.723508,340,1206,1206,340,340,0,138,138,78,78,0,0,0,0,0,10.303030303030303,10.303030303030303,2.3636363636363638,2.3636363636363638
-2.6,-40.4,162,73,1.97,1.286373,1.710878,0.424504,0.424504,-0.0,1.710878,341,1206,1206,341,341,0,138,138,79,79,0,0,0,0,0,10.333333333333334,10.333333333333334,2.393939393939394,2.393939393939394
-2.6,-40.2,162,74,1.98,1.27604,1.698056,0.422015,0.422015,-0.0,1.698056,344,1206,1206,344,344,0,138,138,82,82,0,0,0,0,0,10.424242424242424,10.424242424242424,2.484848484848485,2.484848484848485
-2.6,-40.0,162,75,1.97,1.258048,1.673631,0.415583,0.415583,-0.0,1.673631,345,1206,1206,345,345,0,146,146,85,85,0,0,0,0,0,10.454545454545455,10.454545454545455,2.5757575757575757,2.5757575757575757
-2.6,-39.8,162,76,1.99,1.235251,1.641402,0.406151,0.406151,-0.0,1.641402,347,1206,1206,347,347,0,148,148,88,88,0,0,0,0,0,10.515151515151516,10.515151515151516,2.6666666666666665,2.6666666666666665
-2.6,-39.6,162,77,2.04,1.212531,1.606823,0.394292,0.394292,0.0,1.606823,345,1206,1206,345,345,0,141,141,92,92,0,0,0,0,0,10.454545454545455,10.454545454545455,2.787878787878788,2.787878787878788
-2.4,-44.2,163,54,0.82,1.961739,2.460296,0.498557,0.498557,-0.0,2.460296,329,1206,1206,329,329,0,164,164,93,93,0,0,0,0,0,9.969696969696969,9.969696969696969,2.8181818181818183,2.8181818181818183
-2.4,-44.0,163,55,1.05,2.07199,2.82713,0.75514,0.75514,-0.0,2.82713,350,1206,1206,350,350,0,160,160,95,95,0,0,0,0,0,10.606060606060606,10.606060606060606,2.878787878787879,2.878787878787879
-2.4,-43.0,163,60,1.39,1.409813,1.852884,0.443072,0.443072,-0.0,1.852884,346,1206,1206,346,346,0,157,157,88,88,0,0,0,0,0,10.484848484848484,10.484848484848484,2.6666666666666665,2.6666666666666665
-2.4,-42.8,163,61,1.7,1.373395,1.809439,0.436044,0.436044,0.0,1.809439,346,1206,1206,346,346,0,146,146,88,88,0,0,0,0,0,10.484848484848484,10.484848484848484,2.6666666666666665,2.6666666666666665
-2.4,-42.6,163,62,1.82,1.338886,1.766124,0.427237,0.427237,-0.0,1.766124,346,1206,1206,346,346,0,144,144,91,91,0,0,0,0,0,10.484848484848484,10.484848484848484,2.757575757575758,2.757575757575758
-2.4,-42.4,163,63,2.07,1.308761,1.729517,0.420756,0.420756,0.0,1.729517,347,1206,1206,347,347,0,149,149,92,92,0,0,0,0,0,10.515151515151516,10.515151515151516,2.787878787878788,2.787878787878788
-2.4,-42.2,163,64,2.08,1.284544,1.699527,0.414983,0.414983,0.0,1.699527,349,1206,1206,349,349,0,149,149,91,91,0,0,0,0,0,10.575757575757576,10.575757575757576,2.757575757575758,2.757575757575758
-2.4,-42.0,163,65,2.08,1.26527,1.673647,0.408376,0.408376,0.0,1.673647,348,1206,1206,348,348,0,146,146,90,90,0,0,0,0,0,10.545454545454545,10.545454545454545,2.727272727272727,2.727272727272727
-2.4,-41.8,163,66,2.1,1.252341,1.656974,0.404634,0.404634,0.0,1.656974,349,1206,1206,349,349,0,153,153,94,94,0,0,0,0,0,10.575757575757576,10.575757575757576,2.8484848484848486,2.8484848484848486
-2.4,-41.6,163,67,2.13,1.241605,1.642839,0.401234,0.401234,-0.0,1.642839,349,1206,1206,349,349,0,148,148,87,87,0,0,0,0,0,10.575757575757576,10.575757575757576,2.6363636363636362,2.6363636363636362
-2.4,-40.8,163,71,2.16,1.24059,1.64629,0.4057,0.4057,0.0,1.64629,348,1206,1206,348,348,0,140,140,76,76,0,0,0,0,0,10.545454545454545,10.545454545454545,2.303030303030303,2.303030303030303
-2.4,-40.6,163,72,2.13,1.228602,1.632103,0.403501,0.403501,0.0,1.632103,348,1206,1206,348,348,0,138,138,76,76,0,0,0,0,0,10.545454545454545,10.545454545454545,2.303030303030303,2.303030303030303
-2.4,-40.4,163,73,2.12,1.217723,1.618726,0.401003,0.401003,0.0,1.618726,347,1206,1206,347,347,0,140,140,78,78,0,0,0,0,0,10.515151515151516,10.515151515151516,2.3636363636363638,2.3636363636363638
-2.4,-40.2,163,74,2.12,1.205605,1.603954,0.398349,0.398349,-0.0,1.603954,345,1206,1206,345,345,0,138,138,80,80,0,0,0,0,0,10.454545454545455,10.454545454545455,2.4242424242424243,2.4242424242424243
-2.4,-40.0,163,75,2.12,1.191214,1.584558,0.393343,0.393343,0.0,1.584558,345,1206,1206,345,345,0,141,141,88,88,0,0,0,0,0,10.454545454545455,10.454545454545455,2.6666666666666665,2.6666666666666665
-2.2,-44.2,164,54,1.42,1.979284,2.517594,0.53831,0.53831,-0.0,2.517594,333,1206,1206,333,333,0,157,157,87,87,0,0,0,0,0,10.090909090909092,10.090909090909092,2.6363636363636362,2.6363636363636362
-2.2,-44.0,164,55,1.66,1.916452,2.45755,0.541098,0.541098,0.0,2.45755,336,1206,1206,336,336,0,170,170,93,93,0,0,0,0,0,10.181818181818182,10.181818181818182,2.8181818181818183,2.8181818181818183
-2.2,-43.8,164,56,1.7,1.841959,2.390021,0.548061,0.548061,0.0,2.390021,343,1206,1206,343,343,0,163,163,95,95,0,0,0,0,0,10.393939393939394,10.393939393939394,2.878787878787879,2.878787878787879
-2.2,-43.6,164,57,1.78,1.633804,2.125359,0.491555,0.491555,-0.0,2.125359,345,1206,1206,345,345,0,159,159,100,100,0,0,0,0,0,10.454545454545455,10.454545454545455,3.0303030303030303,3.0303030303030303
-2.2,-43.4,164,58,1.88,1.539109,2.01248,0.473371,0.473371,0.0,2.01248,349,1206,1206,349,349,0,149,149,95,95,0,0,0,0,0,10.575757575757576,10.575757575757576,2.878787878787879,2.878787878787879
-2.2,-43.2,164,59,2.0,1.428508,1.875409,0.446901,0.446901,0.0,1.875409,348,1206,1206,348,348,0,151,151,93,93,0,0,0,0,0,10.545454545454545,10.545454545454545,2.8181818181818183,2.8181818181818183
-2.2,-43.0,164,60,2.0,1.355541,1.783313,0.427772,0.427772,-0.0,1.783313,348,1206,1206,348,348,0,152,152,86,86,0,0,0,0,0,10.545454545454545,10.545454545454545,2.606060606060606,2.606060606060606
-2.2,-42.8,164,61,2.07,1.297484,1.709989,0.412505,0.412505,-0.0,1.709989,349,1206,1206,349,349,0,157,157,93,93,0,0,0,0,0,10.575757575757576,10.575757575757576,2.8181818181818183,2.8181818181818183
-2.2,-42.6,164,62,2.16,1.251554,1.649236,0.397682,0.397682,0.0,1.649236,350,1206,1206,350,350,0,152,152,93,93,0,0,0,0,0,10.606060606060606,10.606060606060606,2.8181818181818183,2.8181818181818183
-2.0,-44.4,165,53,1.05,2.008782,2.568114,0.559331,0.559331,-0.0,2.568114,332,1206,1206,332,332,0,155,155,91,91,0,0,0,0,0,10.06060606060606,10.06060606060606,2.757575757575758,2.757575757575758
-2.0,-44.2,165,54,1.58,1.94716,2.498634,0.551474,0.551474,-0.0,2.498634,334,1206,1206,334,334,0,151,151,86,86,0,0,0,0,0,10.121212121212121,10.121212121212121,2.606060606060606,2.606060606060606
-2.0,-44.0,165,55,1.83,1.859034,2.393951,0.534917,0.534917,0.0,2.393951,338,1206,1206,338,338,0,162,162,94,94,0,0,0,0,0,10.242424242424242,10.242424242424242,2.8484848484848486,2.8484848484848486
-2.0,-43.8,165,56,1.92,1.741921,2.254024,0.512102,0.512102,-0.0,2.254024,346,1206,1206,346,346,0,161,161,94,94,0,0,0,0,0,10.484848484848484,10.484848484848484,2.8484848484848486,2.8484848484848486
-2.0,-43.6,165,57,1.99,1.596076,2.076241,0.480164,0.480164,0.0,2.076241,348,1206,1206,348,348,0,153,153,91,91,0,0,0,0,0,10.545454545454545,10.545454545454545,2.757575757575758,2.757575757575758
-2.0,-43.4,165,58,2.09,1.465449,1.914966,0.449516,0.449516,0.0,1.914966,350,1206,1206,350,350,0,150,150,92,92,0,0,0,0,0,10.606060606060606,10.606060606060606,2.787878787878788,2.787878787878788
-2.0,-43.2,165,59,2.12,1.359371,1.782821,0.42345,0.42345,-0.0,1.782821,347,1206,1206,347,347,0,142,142,87,87,0,0,0,0,0,10.515151515151516,10.515151515151516,2.6363636363636362,2.6363636363636362
-2.0,-43.0,165,60,2.15,1.282192,1.687697,0.405504,0.405504,-0.0,1.687697,349,1206,1206,349,349,0,149,149,89,89,0,0,0,0,0,10.575757575757576,10.575757575757576,2.696969696969697,2.696969696969697
-1.8,-44.4,166,53,1.13,1.983431,2.557262,0.573831,0.573831,-0.0,2.557262,334,1206,1206,334,334,0,149,149,96,96,0,0,0,0,0,10.121212121212121,10.121212121212121,2.909090909090909,2.909090909090909
-1.8,-44.2,166,54,1.71,1.890284,2.441425,0.55114,0.55114,0.0,2.441425,332,1206,1206,332,332,0,148,148,90,90,0,0,0,0,0,10.06060606060606,10.06060606060606,2.727272727272727,2.727272727272727
-1.6,-44.6,167,52,0.92,2.016032,2.623687,0.607655,0.607655,0.0,2.623687,332,1206,1206,332,332,0,154,154,102,102,0,0,0,0,0,10.06060606060606,10.06060606060606,3.090909090909091,3.090909090909091
-1.6,-44.4,167,53,1.2,1.920995,2.491871,0.570876,0.570876,0.0,2.491871,334,1206,1206,334,334,0,156,156,103,103,0,0,0,0,0,10.121212121212121,10.121212121212121,3.121212121212121,3.121212121212121
-1.6,-44.2,167,54,1.72,1.805915,2.341338,0.535422,0.535422,0.0,2.341338,338,1206,1206,338,338,0,153,153,96,96,0,0,0,0,0,10.242424242424242,10.242424242424242,2.909090909090909,2.909090909090909
-1.4,-48.6,168,32,0.2,2.251578,2.916728,0.66515,0.66515,-0.0,2.916728,351,1206,1206,351,351,0,194,194,100,100,0,0,0,0,0,10.636363636363637,10.636363636363637,3.0303030303030303,3.0303030303030303
-1.4,-45.2,168,49,0.94,2.264768,3.366449,1.101681,1.101681,0.0,3.366449,358,1206,1206,358,358,0,150,150,95,95,0,0,0,0,0,10.848484848484848,10.848484848484848,2.878787878787879,2.878787878787879
-1.4,-45.0,168,50,0.95,2.290168,3.435941,1.145773,1.145773,0.0,3.435941,361,1206,1206,361,361,0,137,137,93,93,0,0,0,0,0,10.93939393939394,10.93939393939394,2.8181818181818183,2.8181818181818183
-1.4,-44.8,168,51,1.1,1.942763,2.636255,0.693492,0.693492,-0.0,2.636255,342,1206,1206,342,342,0,154,154,104,104,0,0,0,0,0,10.363636363636363,10.363636363636363,3.1515151515151514,3.1515151515151514
-1.4,-44.6,168,52,1.14,1.908129,2.481574,0.573446,0.573446,-0.0,2.481574,336,1206,1206,336,336,0,152,152,102,102,0,0,0,0,0,10.181818181818182,10.181818181818182,3.090909090909091,3.090909090909091
-1.4,-44.4,168,53,1.51,1.821614,2.368085,0.546471,0.546471,0.0,2.368085,337,1206,1206,337,337,0,158,158,104,104,0,0,0,0,0,10.212121212121213,10.212121212121213,3.1515151515151514,3.1515151515151514
-1.2,-48.6,169,32,0.29,2.128396,2.780554,0.652159,0.652159,-0.0,2.780554,356,1206,1206,356,356,0,159,159,85,85,0,0,0,0,0,10.787878787878787,10.787878787878787,2.5757575757575757,2.5757575757575757
-1.2,-45.6,169,47,1.04,2.417118,3.88673,1.469612,1.469612,-0.0,3.88673,352,1206,1206,352,352,0,121,121,87,87,0,0,0,0,0,10.666666666666666,10.666666666666666,2.6363636363636362,2.6363636363636362
-1.2,-45.4,169,48,1.5,2.027436,2.599361,0.571925,0.571925,-0.0,2.599361,332,1206,1206,332,332,0,148,148,95,95,0,0,0,0,0,10.06060606060606,10.06060606060606,2.878787878787879,2.878787878787879
-1.2,-45.2,169,49,1.49,2.044046,2.629602,0.585556,0.585556,0.0,2.629602,333,1206,1206,333,333,0,153,153,91,91,0,0,0,0,0,10.090909090909092,10.090909090909092,2.757575757575758,2.757575757575758
-1.2,-45.0,169,50,1.48,1.959555,2.534763,0.575208,0.575208,0.0,2.534763,332,1206,1206,332,332,0,153,153,91,91,0,0,0,0,0,10.06060606060606,10.06060606060606,2.757575757575758,2.757575757575758
-1.2,-44.8,169,51,1.65,1.888444,2.450218,0.561775,0.561775,0.0,2.450218,334,1206,1206,334,334,0,155,155,93,93,0,0,0,0,0,10.121212121212121,10.121212121212121,2.8181818181818183,2.8181818181818183
-1.2,-44.6,169,52,1.67,1.798194,2.340531,0.542337,0.542337,-0.0,2.340531,340,1206,1206,340,340,0,155,155,98,98,0,0,0,0,0,10.303030303030303,10.303030303030303,2.9696969696969697,2.9696969696969697
-1.0,-48.4,170,33,0.54,2.201602,2.892058,0.690456,0.690456,0.0,2.892058,352,1206,1206,352,352,0,169,169,89,89,0,0,0,0,0,10.666666666666666,10.666666666666666,2.696969696969697,2.696969696969697
-1.0,-46.0,170,45,1.2,2.089981,2.705077,0.615096,0.615096,-0.0,2.705077,337,1206,1206,337,337,0,126,126,98,98,0,0,0,0,0,10.212121212121213,10.212121212121213,2.9696969696969697,2.9696969696969697
-1.0,-45.8,170,46,1.41,2.069956,2.65022,0.580264,0.580264,-0.0,2.65022,328,1206,1206,328,328,0,144,144,100,100,0,0,0,0,0,9.93939393939394,9.93939393939394,3.0303030303030303,3.0303030303030303
-1.0,-45.6,170,47,1.56,2.030371,2.605506,0.575135,0.575135,0.0,2.605506,329,1206,1206,329,329,0,147,147,97,97,0,0,0,0,0,9.969696969696969,9.969696969696969,2.9393939393939394,2.9393939393939394
-1.0,-45.4,170,48,1.65,1.980339,2.548465,0.568125,0.568125,0.0,2.548465,333,1206,1206,333,333,0,147,147,92,92,0,0,0,0,0,10.090909090909092,10.090909090909092,2.787878787878788,2.787878787878788
-1.0,-45.2,170,49,1.62,1.932145,2.492702,0.560557,0.560557,-0.0,2.492702,330,1206,1206,330,330,0,148,148,91,91,0,0,0,0,0,10.0,10.0,2.757575757575758,2.757575757575758
-1.0,-45.0,170,50,1.61,1.871586,2.422189,0.550603,0.550603,0.0,2.422189,334,1206,1206,334,334,0,149,149,94,94,0,0,0,0,0,10.121212121212121,10.121212121212121,2.8484848484848486,2.8484848484848486
-1.0,-44.8,170,51,1.62,1.7827,2.314189,0.531489,0.531489,-0.0,2.314189,339,1206,1206,339,339,0,155,155,100,100,0,0,0,0,0,10.272727272727273,10.272727272727273,3.0303030303030303,3.0303030303030303
-1.0,-44.6,170,52,1.63,1.686985,2.200717,0.513733,0.513733,-0.0,2.200717,343,1206,1206,343,343,0,148,148,94,94,0,0,0,0,0,10.393939393939394,10.393939393939394,2.8484848484848486,2.8484848484848486
-0.8,-48.4,171,33,0.72,2.254846,2.969755,0.714909,0.714909,0.0,2.969755,340,1206,1206,340,340,0,163,163,86,86,0,0,0,0,0,10.303030303030303,10.303030303030303,2.606060606060606,2.606060606060606
-0.8,-48.2,171,34,0.61,2.265247,3.01526,0.750013,0.750013,0.0,3.01526,340,1206,1206,340,340,0,140,140,84,84,0,0,0,0,0,10.303030303030303,10.303030303030303,2.5454545454545454,2.5454545454545454
-0.8,-46.6,171,42,1.3,2.136128,2.778663,0.642535,0.642535,-0.0,2.778663,329,1206,1206,329,329,0,150,150,104,104,0,0,0,0,0,9.969696969696969,9.969696969696969,3.1515151515151514,3.1515151515151514
-0.8,-46.4,171,43,1.37,2.102906,2.698204,0.595298,0.595298,0.0,2.698204,330,1206,1206,330,330,0,139,139,95,95,0,0,0,0,0,10.0,10.0,2.878787878787879,2.878787878787879
-0.8,-46.2,171,44,1.23,2.070181,2.653313,0.583131,0.583131,0.0,2.653313,330,1206,1206,330,330,0,128,128,98,98,0,0,0,0,0,10.0,10.0,2.9696969696969697,2.9696969696969697
-0.8,-46.0,171,45,1.41,2.030521,2.605238,0.574716,0.574716,0.0,2.605238,329,1206,1206,329,329,0,131,131,96,96,0,0,0,0,0,9.969696969696969,9.969696969696969,2.909090909090909,2.909090909090909
-0.8,-45.8,171,46,1.54,1.982491,2.545061,0.56257,0.56257,0.0,2.545061,331,1206,1206,331,331,0,139,139,95,95,0,0,0,0,0,10.030303030303031,10.030303030303031,2.878787878787879,2.878787878787879
-0.8,-45.6,171,47,1.6,1.925481,2.475964,0.550483,0.550483,0.0,2.475964,330,1206,1206,330,330,0,139,139,96,96,0,0,0,0,0,10.0,10.0,2.909090909090909,2.909090909090909
-0.8,-45.4,171,48,1.6,1.871328,2.413469,0.542141,0.542141,0.0,2.413469,333,1206,1206,333,333,0,131,131,90,90,0,0,0,0,0,10.090909090909092,10.090909090909092,2.727272727272727,2.727272727272727
-0.6,-48.4,172,33,0.91,2.283435,3.022492,0.739057,0.739057,0.0,3.022492,341,1206,1206,341,341,0,165,165,90,90,0,0,0,0,0,10.333333333333334,10.333333333333334,2.727272727272727,2.727272727272727
-0.6,-48.2,172,34,0.938,2.186103,2.910733,0.724629,0.724629,0.0,2.910733,332,1206,1206,332,332,0,133,133,86,86,0,0,0,0,0,10.06060606060606,10.06060606060606,2.606060606060606,2.606060606060606
-0.6,-48.0,172,35,0.78,2.123766,2.920796,0.79703,0.79703,-0.0,2.920796,337,1206,1206,337,337,0,138,138,89,89,0,0,0,0,0,10.212121212121213,10.212121212121213,2.696969696969697,2.696969696969697
-0.6,-47.2,172,39,1.13,2.04779,2.673391,0.625601,0.625601,0.0,2.673391,334,1206,1206,334,334,0,147,147,92,92,0,0,0,0,0,10.121212121212121,10.121212121212121,2.787878787878788,2.787878787878788
-0.6,-47.0,172,40,1.49,2.051066,2.670555,0.619489,0.619489,0.0,2.670555,333,1206,1206,333,333,0,150,150,88,88,0,0,0,0,0,10.090909090909092,10.090909090909092,2.6666666666666665,2.6666666666666665
-0.6,-46.8,172,41,1.54,2.056166,2.665459,0.609294,0.609294,0.0,2.665459,330,1206,1206,330,330,0,149,149,89,89,0,0,0,0,0,10.0,10.0,2.696969696969697,2.696969696969697
-0.6,-46.6,172,42,1.52,2.042867,2.635919,0.593053,0.593053,-0.0,2.635919,330,1206,1206,330,330,0,154,154,103,103,0,0,0,0,0,10.0,10.0,3.121212121212121,3.121212121212121
-0.6,-46.4,172,43,1.54,2.016939,2.593947,0.577009,0.577009,0.0,2.593947,331,1206,1206,331,331,0,141,141,94,94,0,0,0,0,0,10.030303030303031,10.030303030303031,2.8484848484848486,2.8484848484848486
-0.6,-46.2,172,44,1.51,1.976638,2.536277,0.55964,0.55964,-0.0,2.536277,333,1206,1206,333,333,0,142,142,102,102,0,0,0,0,0,10.090909090909092,10.090909090909092,3.090909090909091,3.090909090909091
-0.6,-46.0,172,45,1.51,1.927426,2.474071,0.546645,0.546645,-0.0,2.474071,334,1206,1206,334,334,0,141,141,104,104,0,0,0,0,0,10.121212121212121,10.121212121212121,3.1515151515151514,3.1515151515151514
-0.4,-48.2,173,34,1.08,2.051631,2.721826,0.670195,0.670195,-0.0,2.721826,324,1206,1206,324,324,0,160,160,102,102,0,0,0,0,0,9.818181818181818,9.818181818181818,3.090909090909091,3.090909090909091
-0.4,-48.0,173,35,1.23,1.946729,2.524225,0.577496,0.577496,0.0,2.524225,307,1206,1206,307,307,0,166,166,99,99,0,0,0,0,0,9.303030303030303,9.303030303030303,3.0,3.0
-0.4,-47.8,173,36,1.37,1.96612,2.552003,0.585883,0.585883,0.0,2.552003,313,1206,1206,313,313,0,172,172,99,99,0,0,0,0,0,9.484848484848484,9.484848484848484,3.0,3.0
-0.4,-47.6,173,37,1.47,1.981934,2.581524,0.59959,0.59959,-0.0,2.581524,319,1206,1206,319,319,0,153,153,87,87,0,0,0,0,0,9.666666666666666,9.666666666666666,2.6363636363636362,2.6363636363636362
-0.4,-47.4,173,38,1.57,1.980744,2.582648,0.601904,0.601904,-0.0,2.582648,331,1206,1206,331,331,0,152,152,84,84,0,0,0,0,0,10.030303030303031,10.030303030303031,2.5454545454545454,2.5454545454545454
-0.4,-47.2,173,39,1.61,1.979942,2.58381,0.603869,0.603869,-0.0,2.58381,335,1206,1206,335,335,0,145,145,80,80,0,0,0,0,0,10.151515151515152,10.151515151515152,2.4242424242424243,2.4242424242424243
-0.4,-47.0,173,40,1.63,1.977735,2.57116,0.593425,0.593425,-0.0,2.57116,332,1206,1206,332,332,0,149,149,85,85,0,0,0,0,0,10.06060606060606,10.06060606060606,2.5757575757575757,2.5757575757575757
-0.4,-46.8,173,41,1.6,1.969995,2.551132,0.581136,0.581136,-0.0,2.551132,329,1206,1206,329,329,0,151,151,95,95,0,0,0,0,0,9.969696969696969,9.969696969696969,2.878787878787879,2.878787878787879
-0.4,-46.6,173,42,1.53,1.951088,2.514834,0.563746,0.563746,-0.0,2.514834,331,1206,1206,331,331,0,147,147,97,97,0,0,0,0,0,10.030303030303031,10.030303030303031,2.9393939393939394,2.9393939393939394
-0.2,-49.6,174,27,0.31,2.064101,2.582039,0.517938,0.517938,-0.0,2.582039,346,1206,1206,346,346,0,180,180,106,106,0,0,0,0,0,10.484848484848484,10.484848484848484,3.212121212121212,3.212121212121212
-0.2,-48.4,174,33,0.85,1.932187,2.564017,0.63183,0.63183,0.0,2.564017,335,1206,1206,335,335,0,152,152,99,99,0,0,0,0,0,10.151515151515152,10.151515151515152,3.0,3.0
-0.2,-48.2,174,34,1.0,1.879057,2.478498,0.599441,0.599441,0.0,2.478498,315,1206,1206,315,315,0,166,166,107,107,0,0,0,0,0,9.545454545454545,9.545454545454545,3.242424242424242,3.242424242424242
-0.2,-48.0,174,35,1.37,1.918545,2.496535,0.57799,0.57799,-0.0,2.496535,312,1206,1206,312,312,0,152,152,89,89,0,0,0,0,0,9.454545454545455,9.454545454545455,2.696969696969697,2.696969696969697
-0.2,-47.8,174,36,1.54,1.933606,2.517968,0.584362,0.584362,0.0,2.517968,317,1206,1206,317,317,0,156,156,90,90,0,0,0,0,0,9.606060606060606,9.606060606060606,2.727272727272727,2.727272727272727
-0.2,-47.6,174,37,1.6,1.935653,2.519788,0.584135,0.584135,0.0,2.519788,320,1206,1206,320,320,0,152,152,86,86,0,0,0,0,0,9.696969696969697,9.696969696969697,2.606060606060606,2.606060606060606
-0.2,-47.4,174,38,1.68,1.929524,2.508843,0.57932,0.57932,-0.0,2.508843,332,1206,1206,332,332,0,151,151,83,83,0,0,0,0,0,10.06060606060606,10.06060606060606,2.515151515151515,2.515151515151515
-0.2,-47.2,174,39,1.72,1.913421,2.487865,0.574445,0.574445,-0.0,2.487865,334,1206,1206,334,334,0,151,151,82,82,0,0,0,0,0,10.121212121212121,10.121212121212121,2.484848484848485,2.484848484848485
-0.0,-50.4,175,23,0.24,1.9598,2.338264,0.378463,0.378463,-0.0,2.338264,343,1206,1206,343,343,0,256,256,127,127,0,0,0,0,0,10.393939393939394,10.393939393939394,3.8484848484848486,3.8484848484848486
-0.0,-50.2,175,24,0.21,1.818935,2.175593,0.356657,0.356657,-0.0,2.175593,347,1206,1206,347,347,0,225,225,114,114,0,0,0,0,0,10.515151515151516,10.515151515151516,3.4545454545454546,3.4545454545454546
-0.0,-50.0,175,25,0.24,1.803215,2.172607,0.369392,0.369392,0.0,2.172607,354,1206,1206,354,354,0,171,171,100,100,0,0,0,0,0,10.727272727272727,10.727272727272727,3.0303030303030303,3.0303030303030303
-0.0,-49.2,175,29,0.77,2.178148,2.792452,0.614304,0.614304,0.0,2.792452,339,1206,1206,339,339,0,171,171,111,111,0,0,0,0,0,10.272727272727273,10.272727272727273,3.3636363636363638,3.3636363636363638
-0.0,-49.0,175,30,0.79,1.925713,2.492086,0.566372,0.566372,0.0,2.492086,329,1206,1206,329,329,0,176,176,114,114,0,0,0,0,0,9.969696969696969,9.969696969696969,3.4545454545454546,3.4545454545454546
-0.0,-48.8,175,31,0.82,1.809969,2.361672,0.551703,0.551703,-0.0,2.361672,331,1206,1206,331,331,0,169,169,109,109,0,0,0,0,0,10.030303030303031,10.030303030303031,3.303030303030303,3.303030303030303
-0.0,-48.6,175,32,0.9,1.757921,2.320034,0.562113,0.562113,-0.0,2.320034,332,1206,1206,332,332,0,168,168,109,109,0,0,0,0,0,10.06060606060606,10.06060606060606,3.303030303030303,3.303030303030303
-0.0,-48.4,175,33,1.07,1.730139,2.295277,0.565138,0.565138,0.0,2.295277,326,1206,1206,326,326,0,163,163,107,107,0,0,0,0,0,9.878787878787879,9.878787878787879,3.242424242424242,3.242424242424242
-0.0,-48.2,175,34,1.35,1.740458,2.295095,0.554636,0.554636,0.0,2.295095,319,1206,1206,319,319,0,168,168,96,96,0,0,0,0,0,9.666666666666666,9.666666666666666,2.909090909090909,2.909090909090909
0.2,-50.6,176,22,0.37,2.472687,2.937865,0.465177,0.465177,0.0,2.937865,330,1206,1206,330,330,0,222,222,101,101,0,0,0,0,0,10.0,10.0,3.0606060606060606,3.0606060606060606
0.2,-49.6,176,27,0.65,2.802478,3.445564,0.643086,0.643086,0.0,3.445564,402,1206,1206,402,402,0,147,147,100,100,0,0,0,0,0,12.181818181818182,12.181818181818182,3.0303030303030303,3.0303030303030303
0.2,-49.4,176,28,0.94,2.515739,3.171699,0.65596,0.65596,0.0,3.171699,328,1206,1206,328,328,0,174,174,103,103,0,0,0,0,0,9.93939393939394,9.93939393939394,3.121212121212121,3.121212121212121
0.2,-49.2,176,29,1.23,2.114459,2.707837,0.593378,0.593378,-0.0,2.707837,328,1206,1206,328,328,0,166,166,103,103,0,0,0,0,0,9.93939393939394,9.93939393939394,3.121212121212121,3.121212121212121
0.2,-49.0,176,30,1.18,1.919225,2.482836,0.563611,0.563611,0.0,2.482836,331,1206,1206,331,331,0,169,169,106,106,0,0,0,0,0,10.030303030303031,10.030303030303031,3.212121212121212,3.212121212121212
0.2,-48.8,176,31,1.18,1.727714,2.248204,0.52049,0.52049,-0.0,2.248204,328,1206,1206,328,328,0,164,164,99,99,0,0,0,0,0,9.93939393939394,9.93939393939394,3.0,3.0
0.2,-48.6,176,32,1.33,1.599411,2.107701,0.50829,0.50829,0.0,2.107701,326,1206,1206,326,326,0,173,173,100,100,0,0,0,0,0,9.878787878787879,9.878787878787879,3.0303030303030303,3.0303030303030303
0.4,-50.0,177,25,0.59,3.14346,3.43986,0.2964,0.2964,0.0,3.43986,404,1206,1206,404,404,0,222,222,147,147,0,0,0,0,0,12.242424242424242,12.242424242424242,4.454545454545454,4.454545454545454
0.4,-49.8,177,26,0.71,3.02846,3.713023,0.684563,0.684563,0.0,3.713023,379,1206,1206,379,379,0,162,162,104,104,0,0,0,0,0,11.484848484848484,11.484848484848484,3.1515151515151514,3.1515151515151514
0.4,-49.6,177,27,0.91,3.071886,3.883468,0.811581,0.811581,-0.0,3.883468,336,1206,1206,336,336,0,164,164,97,97,0,0,0,0,0,10.181818181818182,10.181818181818182,2.9393939393939394,2.9393939393939394
0.4,-49.4,177,28,1.36,2.395744,3.02954,0.633795,0.633795,-0.0,3.02954,325,1206,1206,325,325,0,156,156,94,94,0,0,0,0,0,9.848484848484848,9.848484848484848,2.8484848484848486,2.8484848484848486
0.4,-49.2,177,29,1.41,2.060243,2.625571,0.565328,0.565328,-0.0,2.625571,326,1206,1206,326,326,0,162,162,97,97,0,0,0,0,0,9.878787878787879,9.878787878787879,2.9393939393939394,2.9393939393939394
0.4,-29.4,177,128,2.3,0.860642,1.178218,0.317576,0.317576,0.0,1.178218,341,1206,1206,341,341,0,120,120,69,69,0,0,0,0,0,10.333333333333334,10.333333333333334,2.090909090909091,2.090909090909091
0.6,-50.4,178,23,0.37,2.650186,3.191443,0.541257,0.541257,-0.0,3.191443,319,1206,1206,319,319,0,232,232,121,121,0,0,0,0,0,9.666666666666666,9.666666666666666,3.6666666666666665,3.6666666666666665
0.6,-50.2,178,24,0.62,2.793891,3.40569,0.611798,0.611798,-0.0,3.40569,322,1206,1206,322,322,0,215,215,121,121,0,0,0,0,0,9.757575757575758,9.757575757575758,3.6666666666666665,3.6666666666666665
0.6,-50.0,178,25,1.03,2.955115,3.569979,0.614864,0.614864,0.0,3.569979,336,1206,1206,336,336,0,171,171,106,106,0,0,0,0,0,10.181818181818182,10.181818181818182,3.212121212121212,3.212121212121212
0.6,-49.8,178,26,1.19,2.970293,3.676377,0.706084,0.706084,0.0,3.676377,340,1206,1206,340,340,0,158,158,99,99,0,0,0,0,0,10.303030303030303,10.303030303030303,3.0,3.0
0.6,-49.6,178,27,1.31,2.800198,3.505059,0.70486,0.70486,-0.0,3.505059,320,1206,1206,320,320,0,159,159,95,95,0,0,0,0,0,9.696969696969697,9.696969696969697,2.878787878787879,2.878787878787879
0.6,-49.4,178,28,1.42,2.287963,2.857055,0.569093,0.569093,-0.0,2.857055,317,1206,1206,317,317,0,171,171,92,92,0,0,0,0,0,9.606060606060606,9.606060606060606,2.787878787878788,2.787878787878788
0.6,-49.2,178,29,1.47,1.951713,2.460285,0.508572,0.508572,0.0,2.460285,321,1206,1206,321,321,0,164,164,92,92,0,0,0,0,0,9.727272727272727,9.727272727272727,2.787878787878788,2.787878787878788
0.6,-29.8,178,126,2.29,0.871034,1.190634,0.3196,0.3196,0.0,1.190634,342,1206,1206,342,342,0,117,117,71,71,0,0,0,0,0,10.363636363636363,10.363636363636363,2.1515151515151514,2.1515151515151514
0.6,-29.6,178,127,2.29,0.866575,1.185216,0.318641,0.318641,0.0,1.185216,342,1206,1206,342,342,0,120,120,72,72,0,0,0,0,0,10.363636363636363,10.363636363636363,2.1818181818181817,2.1818181818181817
0.6,-29.4,178,128,2.29,0.861754,1.179491,0.317736,0.317736,-0.0,1.179491,341,1206,1206,341,341,0,121,121,70,70,0,0,0,0,0,10.333333333333334,10.333333333333334,2.121212121212121,2.121212121212121
0.6,-29.2,178,129,2.29,0.856599,1.172143,0.315544,0.315544,0.0,1.172143,342,1206,1206,342,342,0,124,124,72,72,0,0,0,0,0,10.363636363636363,10.363636363636363,2.1818181818181817,2.1818181818181817
0.6,-29.0,178,130,2.29,0.851436,1.164805,0.313369,0.313369,0.0,1.164805,343,1206,1206,343,343,0,122,122,70,70,0,0,0,0,0,10.393939393939394,10.393939393939394,2.121212121212121,2.121212121212121
0.8,-50.2,179,24,0.51,2.786685,3.38087,0.594185,0.594185,0.0,3.38087,316,1206,1206,316,316,0,223,223,118,118,0,0,0,0,0,9.575757575757576,9.575757575757576,3.5757575757575757,3.5757575757575757
0.8,-50.0,179,25,0.73,2.758746,3.360577,0.601831,0.601831,0.0,3.360577,312,1206,1206,312,312,0,188,188,115,115,0,0,0,0,0,9.454545454545455,9.454545454545455,3.484848484848485,3.484848484848485
0.8,-49.8,179,26,1.16,2.570704,3.13093,0.560226,0.560226,0.0,3.13093,312,1206,1206,312,312,0,175,175,108,108,0,0,0,0,0,9.454545454545455,9.454545454545455,3.272727272727273,3.272727272727273
0.8,-49.6,179,27,1.31,2.330838,2.847937,0.517099,0.517099,0.0,2.847937,312,1206,1206,312,312,0,180,180,99,99,0,0,0,0,0,9.454545454545455,9.454545454545455,3.0,3.0
0.8,-49.4,179,28,1.42,2.025679,2.508051,0.482373,0.482373,0.0,2.508051,310,1206,1206,310,310,0,168,168,91,91,0,0,0,0,0,9.393939393939394,9.393939393939394,2.757575757575758,2.757575757575758
0.8,-29.8,179,126,2.29,0.871212,1.189774,0.318562,0.318562,-0.0,1.189774,339,1206,1206,339,339,0,114,114,68,68,0,0,0,0,0,10.272727272727273,10.272727272727273,2.0606060606060606,2.0606060606060606
0.8,-29.6,179,127,2.29,0.86723,1.185459,0.318229,0.318229,0.0,1.185459,340,1206,1206,340,340,0,117,117,70,70,0,0,0,0,0,10.303030303030303,10.303030303030303,2.121212121212121,2.121212121212121
0.8,-29.4,179,128,2.28,0.862902,1.179945,0.317044,0.317044,-0.0,1.179945,342,1206,1206,342,342,0,119,119,70,70,0,0,0,0,0,10.363636363636363,10.363636363636363,2.121212121212121,2.121212121212121
0.8,-29.2,179,129,2.29,0.857377,1.172748,0.315371,0.315371,0.0,1.172748,342,1206,1206,342,342,0,115,115,68,68,0,0,0,0,0,10.363636363636363,10.363636363636363,2.0606060606060606,2.0606060606060606
0.8,-29.0,179,130,2.29,0.852031,1.164953,0.312922,0.312922,0.0,1.164953,344,1206,1206,344,344,0,116,116,67,67,0,0,0,0,0,10.424242424242424,10.424242424242424,2.0303030303030303,2.0303030303030303
1.0,-50.0,180,25,0.57,2.669342,3.254018,0.584677,0.584677,0.0,3.254018,311,1206,1206,311,311,0,195,195,117,117,0,0,0,0,0,9.424242424242424,9.424242424242424,3.5454545454545454,3.5454545454545454
1.0,-49.8,180,26,1.03,2.181339,2.652983,0.471644,0.471644,0.0,2.652983,308,1206,1206,308,308,0,178,178,97,97,0,0,0,0,0,9.333333333333334,9.333333333333334,2.9393939393939394,2.9393939393939394
1.0,-49.6,180,27,1.31,1.955791,2.396328,0.440537,0.440537,0.0,2.396328,305,1206,1206,305,305,0,177,177,92,92,0,0,0,0,0,9.242424242424242,9.242424242424242,2.787878787878788,2.787878787878788
1.0,-29.8,180,126,2.288,0.870169,1.186765,0.316596,0.316596,0.0,1.186765,340,1206,1206,340,340,0,111,111,68,68,0,0,0,0,0,10.303030303030303,10.303030303030303,2.0606060606060606,2.0606060606060606
1.0,-29.6,180,127,2.28,0.864966,1.180222,0.315256,0.315256,-0.0,1.180222,342,1206,1206,342,342,0,117,117,72,72,0,0,0,0,0,10.363636363636363,10.363636363636363,2.1818181818181817,2.1818181818181817
1.0,-29.4,180,128,2.28,0.860047,1.172966,0.312919,0.312919,-0.0,1.172966,342,1206,1206,342,342,0,117,117,71,71,0,0,0,0,0,10.363636363636363,10.363636363636363,2.1515151515151514,2.1515151515151514
1.0,-29.2,180,129,2.28,0.856094,1.168074,0.31198,0.31198,-0.0,1.168074,344,1206,1206,344,344,0,119,119,70,70,0,0,0,0,0,10.424242424242424,10.424242424242424,2.121212121212121,2.121212121212121
1.0,-29.0,180,130,2.28,0.851929,1.162712,0.310783,0.310783,-0.0,1.162712,345,1206,1206,345,345,0,119,119,69,69,0,0,0,0,0,10.454545454545455,10.454545454545455,2.090909090909091,2.090909090909091
1.2,-49.8,181,26,0.93,1.769932,2.184619,0.414687,0.414687,0.0,2.184619,317,1206,1206,317,317,0,159,159,85,85,0,0,0,0,0,9.606060606060606,9.606060606060606,2.5757575757575757,2.5757575757575757
1.2,-49.6,181,27,1.44,1.699716,2.110416,0.4107,0.4107,-0.0,2.110416,315,1206,1206,315,315,0,163,163,75,75,0,0,0,0,0,9.545454545454545,9.545454545454545,2.272727272727273,2.272727272727273
1.2,-29.6,181,127,2.28,0.865877,1.178697,0.31282,0.31282,0.0,1.178697,342,1206,1206,342,342,0,120,120,71,71,0,0,0,0,0,10.363636363636363,10.363636363636363,2.1515151515151514,2.1515151515151514
1.2,-29.4,181,128,2.28,0.861019,1.172248,0.311229,0.311229,0.0,1.172248,342,1206,1206,342,342,0,120,120,71,71,0,0,0,0,0,10.363636363636363,10.363636363636363,2.1515151515151514,2.1515151515151514
1.2,-29.2,181,129,2.28,0.856523,1.166572,0.310049,0.310049,-0.0,1.166572,342,1206,1206,342,342,0,117,117,68,68,0,0,0,0,0,10.363636363636363,10.363636363636363,2.0606060606060606,2.0606060606060606
1.4,-49.8,182,26,1.36,1.87606,2.37206,0.495999,0.495999,0.0,2.37206,331,1206,1206,331,331,0,144,144,66,66,0,0,0,0,0,10.030303030303031,10.030303030303031,2.0,2.0
1.4,-49.6,182,27,1.56,1.761987,2.229506,0.467519,0.467519,-0.0,2.229506,316,1206,1206,316,316,0,151,151,70,70,0,0,0,0,0,9.575757575757576,9.575757575757576,2.121212121212121,2.121212121212121
1.6,-49.8,183,26,1.56,2.219836,2.822708,0.602871,0.602871,0.0,2.822708,316,1206,1206,316,316,0,135,135,56,56,0,0,0,0,0,9.575757575757576,9.575757575757576,1.696969696969697,1.696969696969697
1.6,-49.6,183,27,1.68,2.04107,2.563276,0.522206,0.522206,-0.0,2.563276,308,1206,1206,308,308,0,138,138,57,57,0,0,0,0,0,9.333333333333334,9.333333333333334,1.7272727272727273,1.7272727272727273
1.8,-50.0,184,25,1.57,3.562513,4.469534,0.907021,0.907021,0.0,4.469534,319,1206,1206,319,319,0,145,145,62,62,0,0,0,0,0,9.666666666666666,9.666666666666666,1.878787878787879,1.878787878787879
1.8,-49.8,184,26,1.8,2.671192,3.335715,0.664524,0.664524,0.0,3.335715,313,1206,1206,313,313,0,156,156,66,66,0,0,0,0,0,9.484848484848484,9.484848484848484,2.0,2.0
1.8,-49.6,184,27,1.81,2.248165,2.800962,0.552797,0.552797,-0.0,2.800962,314,1206,1206,314,314,0,147,147,63,63,0,0,0,0,0,9.515151515151516,9.515151515151516,1.9090909090909092,1.9090909090909092
2.0,-50.2,185,24,1.71,3.932198,4.840381,0.908183,0.908183,-0.0,4.840381,310,1206,1206,310,310,0,138,138,60,60,0,0,0,0,0,9.393939393939394,9.393939393939394,1.8181818181818181,1.8181818181818181
2.0,-50.0,185,25,1.86,3.384011,4.163719,0.779707,0.779707,-0.0,4.163719,310,1206,1206,310,310,0,145,145,61,61,0,0,0,0,0,9.393939393939394,9.393939393939394,1.8484848484848484,1.8484848484848484
2.0,-49.8,185,26,1.93,2.805422,3.451926,0.646504,0.646504,-0.0,3.451926,305,1206,1206,305,305,0,150,150,62,62,0,0,0,0,0,9.242424242424242,9.242424242424242,1.878787878787879,1.878787878787879
2.0,-49.6,185,27,1.91,2.319514,2.87164,0.552126,0.552126,0.0,2.87164,299,1206,1206,299,299,0,150,150,64,64,0,0,0,0,0,9.06060606060606,9.06060606060606,1.9393939393939394,1.9393939393939394
2.2,-50.6,186,22,0.91,4.173264,5.114398,0.941134,0.941134,0.0,5.114398,321,1206,1206,321,321,0,154,154,64,64,0,0,0,0,0,9.727272727272727,9.727272727272727,1.9393939393939394,1.9393939393939394
2.2,-50.4,186,23,1.42,3.837541,4.72716,0.88962,0.88962,-0.0,4.72716,312,1206,1206,312,312,0,145,145,61,61,0,0,0,0,0,9.454545454545455,9.454545454545455,1.8484848484848484,1.8484848484848484
2.2,-50.2,186,24,1.89,3.500863,4.292613,0.79175,0.79175,0.0,4.292613,310,1206,1206,310,310,0,137,137,61,61,0,0,0,0,0,9.393939393939394,9.393939393939394,1.8484848484848484,1.8484848484848484
2.2,-50.0,186,25,1.98,3.083555,3.779945,0.69639,0.69639,0.0,3.779945,301,1206,1206,301,301,0,141,141,58,58,0,0,0,0,0,9.121212121212121,9.121212121212121,1.7575757575757576,1.7575757575757576
2.4,-50.6,187,22,1.69,3.901974,4.826052,0.924078,0.924078,-0.0,4.826052,314,1206,1206,314,314,0,148,148,65,65,0,0,0,0,0,9.515151515151516,9.515151515151516,1.9696969696969697,1.9696969696969697
2.4,-50.4,187,23,1.89,3.614356,4.463787,0.84943,0.84943,0.0,4.463787,315,1206,1206,315,315,0,138,138,61,61,0,0,0,0,0,9.545454545454545,9.545454545454545,1.8484848484848484,1.8484848484848484
2.4,-50.2,187,24,1.98,3.206835,3.950745,0.74391,0.74391,0.0,3.950745,304,1206,1206,304,304,0,141,141,64,64,0,0,0,0,0,9.212121212121213,9.212121212121213,1.9393939393939394,1.9393939393939394
2.6,-50.8,188,21,1.22,3.495656,4.341881,0.846225,0.846225,0.0,4.341881,311,1206,1206,311,311,0,141,141,65,65,0,0,0,0,0,9.424242424242424,9.424242424242424,1.9696969696969697,1.9696969696969697
2.6,-50.6,188,22,1.75,3.461272,4.294597,0.833325,0.833325,0.0,4.294597,311,1206,1206,311,311,0,147,147,65,65,0,0,0,0,0,9.424242424242424,9.424242424242424,1.9696969696969697,1.9696969696969697
2.6,-50.4,188,23,1.94,3.204762,3.974536,0.769773,0.769773,-0.0,3.974536,301,1206,1206,301,301,0,143,143,62,62,0,0,0,0,0,9.121212121212121,9.121212121212121,1.878787878787879,1.878787878787879
2.8,-50.8,189,21,1.52,3.057752,3.799896,0.742144,0.742144,0.0,3.799896,306,1206,1206,306,306,0,148,148,62,62,0,0,0,0,0,9.272727272727273,9.272727272727273,1.878787878787879,1.878787878787879
2.8,-50.6,189,22,1.88,2.991363,3.71825,0.726887,0.726887,0.0,3.71825,309,1206,1206,309,309,0,138,138,60,60,0,0,0,0,0,9.363636363636363,9.363636363636363,1.8181818181818181,1.8181818181818181
3.0,-50.8,190,21,1.8,2.606083,3.254374,0.64829,0.64829,-0.0,3.254374,311,1206,1206,311,311,0,138,138,60,60,0,0,0,0,0,9.424242424242424,9.424242424242424,1.8181818181818181,1.8181818181818181
3.0,-50.6,190,22,1.98,2.472455,3.089202,0.616747,0.616747,0.0,3.089202,309,1206,1206,309,309,0,139,139,59,59,0,0,0,0,0,9.363636363636363,9.363636363636363,1.7878787878787878,1.7878787878787878
3.2,-50.8,191,21,1.95,2.172224,2.739565,0.567341,0.567341,-0.0,2.739565,317,1206,1206,317,317,0,142,142,62,62,0,0,0,0,0,9.606060606060606,9.606060606060606,1.878787878787879,1.878787878787879
3.2,-50.6,191,22,2.07,2.012331,2.541008,0.528677,0.528677,-0.0,2.541008,320,1206,1206,320,320,0,147,147,65,65,0,0,0,0,0,9.696969696969697,9.696969696969697,1.9696969696969697,1.9696969696969697
3.4,-50.8,192,21,2.0,1.802421,2.299516,0.497096,0.497096,-0.0,2.299516,326,1206,1206,326,326,0,148,148,59,59,0,0,0,0,0,9.878787878787879,9.878787878787879,1.7878787878787878,1.7878787878787878
3.6,-51.0,193,20,1.56,1.643619,2.118012,0.474393,0.474393,0.0,2.118012,328,1206,1206,328,328,0,148,148,66,66,0,0,0,0,0,9.93939393939394,9.93939393939394,2.0,2.0
3.6,-50.8,193,21,1.99,1.548708,2.005435,0.456727,0.456727,-0.0,2.005435,328,1206,1206,328,328,0,139,139,63,63,0,0,0,0,0,9.93939393939394,9.93939393939394,1.9090909090909092,1.9090909090909092
3.8,-51.0,194,20,1.29,1.465489,1.907991,0.442502,0.442502,-0.0,1.907991,335,1206,1206,335,335,0,143,143,66,66,0,0,0,0,0,10.151515151515152,10.151515151515152,2.0,2.0
3.8,-50.8,194,21,1.9,1.377481,1.80338,0.425899,0.425899,0.0,1.80338,335,1206,1206,335,335,0,138,138,68,68,0,0,0,0,0,10.151515151515152,10.151515151515152,2.0606060606060606,2.0606060606060606
4.0,-51.0,195,20,1.46,1.328619,1.754551,0.425932,0.425932,0.0,1.754551,343,1206,1206,343,343,0,147,147,70,70,0,0,0,0,0,10.393939393939394,10.393939393939394,2.121212121212121,2.121212121212121
4.0,-50.8,195,21,2.01,1.233387,1.625797,0.39241,0.39241,0.0,1.625797,339,1206,1206,339,339,0,130,130,65,65,0,0,0,0,0,10.272727272727273,10.272727272727273,1.9696969696969697,1.9696969696969697
4.2,-51.2,196,19,1.0,1.269937,1.77256,0.502622,0.502622,0.0,1.77256,357,1206,1206,357,357,0,134,134,75,75,0,0,0,0,0,10.818181818181818,10.818181818181818,2.272727272727273,2.272727272727273
4.2,-51.0,196,20,1.39,1.175382,1.56369,0.388308,0.388308,0.0,1.56369,344,1206,1206,344,344,0,133,133,70,70,0,0,0,0,0,10.424242424242424,10.424242424242424,2.121212121212121,2.121212121212121
4.2,-50.8,196,21,2.01,1.116918,1.484009,0.367091,0.367091,0.0,1.484009,341,1206,1206,341,341,0,119,119,60,60,0,0,0,0,0,10.333333333333334,10.333333333333334,1.8181818181818181,1.8181818181818181
4.4,-51.6,197,17,1.0,1.023921,1.352993,0.329072,0.329072,-0.0,1.352993,341,1206,1206,341,341,0,135,135,73,73,0,0,0,0,0,10.333333333333334,10.333333333333334,2.212121212121212,2.212121212121212
4.4,-51.4,197,18,1.33,1.151962,1.566257,0.414295,0.414295,0.0,1.566257,352,1206,1206,352,352,0,138,138,69,69,0,0,0,0,0,10.666666666666666,10.666666666666666,2.090909090909091,2.090909090909091
4.4,-51.2,197,19,1.35,1.126814,1.50269,0.375876,0.375876,-0.0,1.50269,344,1206,1206,344,344,0,134,134,72,72,0,0,0,0,0,10.424242424242424,10.424242424242424,2.1818181818181817,2.1818181818181817
4.4,-51.0,197,20,1.38,1.0589,1.418333,0.359434,0.359434,-0.0,1.418333,339,1206,1206,339,339,0,119,119,68,68,0,0,0,0,0,10.272727272727273,10.272727272727273,2.0606060606060606,2.0606060606060606
4.6,-51.6,198,17,1.92,1.095562,1.469634,0.374072,0.374072,0.0,1.469634,343,1206,1206,343,343,0,132,132,62,62,0,0,0,0,0,10.393939393939394,10.393939393939394,1.878787878787879,1.878787878787879
4.6,-51.4,198,18,1.99,1.057886,1.41873,0.360844,0.360844,-0.0,1.41873,345,1206,1206,345,345,0,135,135,65,65,0,0,0,0,0,10.454545454545455,10.454545454545455,1.9696969696969697,1.9696969696969697
4.6,-51.2,198,19,1.76,1.00691,1.353872,0.346961,0.346961,0.0,1.353872,341,1206,1206,341,341,0,116,116,63,63,0,0,0,0,0,10.333333333333334,10.333333333333334,1.9090909090909092,1.9090909090909092
4.6,-51.0,198,20,2.13,0.999384,1.339174,0.33979,0.33979,0.0,1.339174,336,1206,1206,336,336,0,105,105,58,58,0,0,0,0,0,10.181818181818182,10.181818181818182,1.7575757575757576,1.7575757575757576
4.8,-52.0,199,15,1.86,1.070857,1.451771,0.380914,0.380914,0.0,1.451771,347,1206,1206,347,347,0,148,148,69,69,0,0,0,0,0,10.515151515151516,10.515151515151516,2.090909090909091,2.090909090909091
4.8,-51.8,199,16,2.14,1.032073,1.400596,0.368523,0.368523,0.0,1.400596,347,1206,1206,347,347,0,135,135,64,64,0,0,0,0,0,10.515151515151516,10.515151515151516,1.9393939393939394,1.9393939393939394
4.8,-51.6,199,17,2.21,1.001714,1.354416,0.352702,0.352702,-0.0,1.354416,345,1206,1206,345,345,0,126,126,63,63,0,0,0,0,0,10.454545454545455,10.454545454545455,1.9090909090909092,1.9090909090909092
4.8,-51.4,199,18,2.3,0.980873,1.32233,0.341457,0.341457,-0.0,1.32233,342,1206,1206,342,342,0,120,120,62,62,0,0,0,0,0,10.363636363636363,10.363636363636363,1.878787878787879,1.878787878787879
5.0,-52.2,200,14,1.53,1.015181,1.379879,0.364698,0.364698,0.0,1.379879,344,1206,1206,344,344,0,150,150,71,71,0,0,0,0,0,10.424242424242424,10.424242424242424,2.1515151515151514,2.1515151515151514
5.0,-52.0,200,15,1.92,0.990459,1.346807,0.356348,0.356348,0.0,1.346807,346,1206,1206,346,346,0,144,144,66,66,0,0,0,0,0,10.484848484848484,10.484848484848484,2.0,2.0
5.0,-51.8,200,16,2.25,0.97134,1.318956,0.347616,0.347616,0.0,1.318956,345,1206,1206,345,345,0,123,123,62,62,0,0,0,0,0,10.454545454545455,10.454545454545455,1.878787878787879,1.878787878787879
5.0,-51.6,200,17,2.34,0.958152,1.296908,0.338757,0.338757,0.0,1.296908,341,1206,1206,341,341,0,117,117,62,62,0,0,0,0,0,10.333333333333334,10.333333333333334,1.878787878787879,1.878787878787879
5.2,-52.6,201,12,1.47,1.004023,1.362447,0.358424,0.358424,0.0,1.362447,340,1206,1206,340,340,0,155,155,73,73,0,0,0,0,0,10.303030303030303,10.303030303030303,2.212121212121212,2.212121212121212
5.2,-52.4,201,13,1.82,0.980267,1.336597,0.356329,0.356329,0.0,1.336597,339,1206,1206,339,339,0,148,148,66,66,0,0,0,0,0,10.272727272727273,10.272727272727273,2.0,2.0
5.2,-52.2,201,14,1.92,0.958959,1.307336,0.348377,0.348377,-0.0,1.307336,341,1206,1206,341,341,0,130,130,61,61,0,0,0,0,0,10.333333333333334,10.333333333333334,1.8484848484848484,1.8484848484848484
5.2,-52.0,201,15,2.21,0.94749,1.287008,0.339518,0.339518,0.0,1.287008,344,1206,1206,344,344,0,127,127,61,61,0,0,0,0,0,10.424242424242424,10.424242424242424,1.8484848484848484,1.8484848484848484
5.4,-52.6,202,12,1.84,0.952007,1.302051,0.350044,0.350044,-0.0,1.302051,339,1206,1206,339,339,0,144,144,68,68,0,0,0,0,0,10.272727272727273,10.272727272727273,2.0606060606060606,2.0606060606060606
5.4,-52.4,202,13,1.94,0.931892,1.272971,0.34108,0.34108,0.0,1.272971,341,1206,1206,341,341,0,131,131,64,64,0,0,0,0,0,10.333333333333334,10.333333333333334,1.9393939393939394,1.9393939393939394
5.6,-53.4,203,8,1.49,0.992349,1.359585,0.367235,0.367235,-0.0,1.359585,333,1206,1206,333,333,0,153,153,73,73,0,0,0,0,0,10.090909090909092,10.090909090909092,2.212121212121212,2.212121212121212
5.6,-53.2,203,9,1.92,0.980289,1.344861,0.364572,0.364572,0.0,1.344861,331,1206,1206,331,331,0,144,144,68,68,0,0,0,0,0,10.030303030303031,10.030303030303031,2.0606060606060606,2.0606060606060606
5.6,-53.0,203,10,1.98,0.953976,1.309902,0.355926,0.355926,-0.0,1.309902,334,1206,1206,334,334,0,139,139,66,66,0,0,0,0,0,10.121212121212121,10.121212121212121,2.0,2.0
5.6,-52.8,203,11,2.0,0.918141,1.26338,0.345239,0.345239,0.0,1.26338,337,1206,1206,337,337,0,138,138,68,68,0,0,0,0,0,10.212121212121213,10.212121212121213,2.0606060606060606,2.0606060606060606
5.6,-52.6,203,12,1.94,0.912445,1.249598,0.337153,0.337153,-0.0,1.249598,338,1206,1206,338,338,0,135,135,65,65,0,0,0,0,0,10.242424242424242,10.242424242424242,1.9696969696969697,1.9696969696969697
5.8,-53.6,204,7,1.7,0.963955,1.32715,0.363195,0.363195,-0.0,1.32715,336,1206,1206,336,336,0,132,132,67,67,0,0,0,0,0,10.181818181818182,10.181818181818182,2.0303030303030303,2.0303030303030303
5.8,-53.4,204,8,1.54,0.94563,1.302512,0.356882,0.356882,0.0,1.302512,338,1206,1206,338,338,0,133,133,69,69,0,0,0,0,0,10.242424242424242,10.242424242424242,2.090909090909091,2.090909090909091
5.8,-53.2,204,9,2.12,0.924442,1.272963,0.348521,0.348521,0.0,1.272963,339,1206,1206,339,339,0,133,133,64,64,0,0,0,0,0,10.272727272727273,10.272727272727273,1.9393939393939394,1.9393939393939394
5.8,-53.0,204,10,2.14,0.905534,1.245488,0.339954,0.339954,0.0,1.245488,338,1206,1206,338,338,0,137,137,66,66,0,0,0,0,0,10.242424242424242,10.242424242424242,2.0,2.0
5.8,-52.8,204,11,2.12,0.888145,1.218723,0.330577,0.330577,0.0,1.218723,337,1206,1206,337,337,0,132,132,68,68,0,0,0,0,0,10.212121212121213,10.212121212121213,2.0606060606060606,2.0606060606060606
6.0,-54.2,205,4,1.94,0.925871,1.278194,0.352323,0.352323,0.0,1.278194,335,1206,1206,335,335,0,121,121,58,58,0,0,0,0,0,10.151515151515152,10.151515151515152,1.7575757575757576,1.7575757575757576
6.0,-54.0,205,5,2.07,0.927751,1.28319,0.355438,0.355438,0.0,1.28319,339,1206,1206,339,339,0,125,125,59,59,0,0,0,0,0,10.272727272727273,10.272727272727273,1.7878787878787878,1.7878787878787878
6.0,-53.8,205,6,2.16,0.920043,1.27254,0.352497,0.352497,0.0,1.27254,337,1206,1206,337,337,0,128,128,63,63,0,0,0,0,0,10.212121212121213,10.212121212121213,1.9090909090909092,1.9090909090909092
6.0,-53.6,205,7,2.2,0.913609,1.260274,0.346666,0.346666,0.0,1.260274,338,1206,1206,338,338,0,123,123,62,62,0,0,0,0,0,10.242424242424242,10.242424242424242,1.878787878787879,1.878787878787879
6.0,-53.4,205,8,2.22,0.899065,1.238143,0.339078,0.339078,0.0,1.238143,340,1206,1206,340,340,0,118,118,60,60,0,0,0,0,0,10.303030303030303,10.303030303030303,1.8181818181818181,1.8181818181818181
6.0,-53.2,205,9,2.22,0.885823,1.217483,0.33166,0.33166,-0.0,1.217483,339,1206,1206,339,339,0,122,122,62,62,0,0,0,0,0,10.272727272727273,10.272727272727273,1.878787878787879,1.878787878787879
