grid_lat,grid_lon,n_finite_days,hat_m,thr_hs_q50,thr_zos_q50,thr_hs_q55,thr_zos_q55,thr_hs_q60,thr_zos_q60,thr_hs_q65,thr_zos_q65,thr_hs_q70,thr_zos_q70,thr_hs_q75,thr_zos_q75,thr_hs_q80,thr_zos_q80,thr_hs_q85,thr_zos_q85,thr_hs_q90,thr_zos_q90,thr_hs_q95,thr_zos_q95,thr_hs_q99,thr_zos_q99
-35.0,-54.8,12053,0.340699,1.31,0.111514,1.37,0.13538,1.43,0.158964,1.51,0.182073,1.59,0.209625,1.68,0.241339,1.8,0.280403,1.96,0.330392,2.14,0.398495,2.49,0.515735,3.28,0.765303
-35.0,-54.6,12053,0.38758,1.43,0.107425,1.49,0.127848,1.57,0.14876,1.64,0.169671,1.73,0.193183,1.83,0.222724,1.956,0.256905,2.13,0.297569,2.34,0.359741,2.7,0.465128,3.5848,0.693086
-35.0,-54.4,12053,0.424577,1.53,0.102419,1.59,0.119485,1.67,0.138371,1.75,0.157657,1.85,0.180328,1.95,0.205511,2.08,0.233197,2.27,0.269661,2.498,0.321151,2.88,0.412779,3.84,0.613392
-35.0,-54.2,12053,0.457002,1.6,0.096378,1.67,0.113162,1.75,0.130559,1.84,0.148565,1.934,0.168401,2.04,0.190496,2.18,0.216475,2.36,0.24736,2.6,0.293137,3.01,0.373793,3.98,0.550924
-35.0,-54.0,12053,0.481176,1.65,0.094302,1.73,0.110477,1.81,0.125736,1.9,0.143437,2.0,0.161138,2.11,0.181585,2.25,0.204779,2.44,0.232246,2.67,0.27192,3.09,0.345592,4.09,0.503555
-34.8,-54.4,12053,0.414249,1.34,0.108414,1.4,0.131994,1.47,0.154389,1.54,0.179156,1.62,0.207408,1.72,0.23963,1.84,0.279624,2.0,0.331461,2.19,0.401081,2.52,0.520429,3.3448,0.775673
-34.8,-54.2,12053,0.45069,1.49,0.106485,1.56,0.126752,1.63,0.147402,1.71,0.168731,1.8,0.194286,1.91,0.222687,2.03,0.259862,2.2,0.301008,2.43,0.36329,2.79,0.470644,3.71,0.698369
-34.8,-54.0,12053,0.48048,1.59,0.103336,1.66,0.120365,1.74,0.138859,1.82,0.158562,1.92,0.181097,2.03,0.206427,2.16,0.236616,2.34,0.273019,2.58,0.324033,2.96,0.417798,3.94,0.617392
-34.8,-53.8,12053,0.502553,1.67,0.092924,1.75,0.10879,1.83,0.125043,1.91,0.142795,2.02,0.164125,2.13,0.185784,2.28,0.210975,2.46,0.24271,2.7,0.285091,3.1,0.366852,4.1048,0.539174
-34.8,-53.6,12053,0.513066,1.76,0.085513,1.84,0.099881,1.93,0.115099,2.02,0.130834,2.13,0.149387,2.25,0.168988,2.4,0.190206,2.59,0.217171,2.85,0.25258,3.27,0.320504,4.3048,0.467457
-34.6,-54.0,12053,0.487323,1.44,0.106204,1.51,0.128214,1.57,0.150957,1.65,0.174737,1.74,0.202179,1.84,0.23365,1.95,0.271835,2.1,0.318626,2.3,0.386609,2.61,0.501895,3.43,0.742606
-34.6,-53.8,12053,0.511101,1.54,0.104215,1.61,0.122568,1.68,0.143314,1.76,0.163434,1.86,0.189822,1.96,0.216363,2.09,0.250261,2.26,0.290133,2.47,0.349696,2.81,0.453411,3.72,0.67063
-34.6,-53.6,12053,0.526462,1.68,0.095169,1.76,0.112239,1.83,0.130486,1.92,0.14888,2.03,0.171129,2.14,0.195478,2.28,0.223636,2.46,0.259291,2.69,0.30852,3.08,0.398344,4.06,0.58685
-34.6,-53.4,12053,0.526763,1.78,0.087576,1.86,0.101932,1.94,0.118102,2.04,0.135323,2.14,0.153402,2.27,0.175286,2.41,0.198578,2.6,0.228548,2.85,0.268576,3.26,0.342526,4.2848,0.501774
-34.4,-53.8,12053,0.535219,1.02,0.106473,1.07,0.127472,1.11,0.152116,1.16,0.177908,1.22,0.205912,1.28,0.239532,1.36,0.278255,1.46,0.326779,1.59,0.399249,1.81,0.515743,2.4,0.755472
-34.4,-53.6,12053,0.557542,1.43,0.103335,1.5,0.123753,1.56,0.144294,1.63,0.16837,1.71,0.193932,1.8,0.221724,1.92,0.258188,2.06,0.299992,2.25,0.363076,2.54,0.47099,3.3048,0.684916
-34.4,-53.4,12053,0.558083,1.67,0.098549,1.74,0.116026,1.82,0.135271,1.9,0.153509,2.0,0.176638,2.11,0.201286,2.24,0.232718,2.41,0.270149,2.63,0.320465,2.98,0.415328,3.8848,0.605543
-34.2,-53.6,12053,0.603595,1.26,0.104581,1.31,0.125624,1.37,0.149211,1.43,0.175711,1.5,0.203502,1.58,0.235396,1.67,0.274134,1.78,0.322112,1.95,0.393752,2.2,0.511152,2.82,0.741867
-34.2,-53.4,12053,0.603226,1.56,0.101077,1.63,0.121776,1.7,0.1414,1.77,0.163405,1.87,0.18895,1.97,0.216816,2.09,0.253047,2.24,0.294099,2.44,0.355605,2.77,0.461816,3.5748,0.673555
-34.2,-53.2,12053,0.581479,1.7,0.097451,1.78,0.115131,1.85,0.132112,1.94,0.15203,2.04,0.171943,2.16,0.196624,2.29,0.226617,2.46,0.262859,2.69,0.314323,3.05,0.408338,3.9548,0.594386
-34.0,-53.4,12053,0.650568,1.39,0.10242,1.45,0.124247,1.51,0.147172,1.58,0.172295,1.66,0.200775,1.75,0.231696,1.85,0.268782,1.97,0.316427,2.15,0.385741,2.43,0.498072,3.14,0.72661
-34.0,-53.2,12053,0.629783,1.56,0.100712,1.63,0.121293,1.702,0.140703,1.78,0.161919,1.87,0.186409,1.98,0.213937,2.096,0.248325,2.24,0.290062,2.45,0.351185,2.78,0.453447,3.5848,0.663485
-34.0,-53.0,12053,0.598559,1.72,0.096438,1.8,0.113834,1.88,0.130314,1.97,0.150151,2.06,0.1695,2.19,0.193793,2.32,0.223395,2.49,0.261238,2.72,0.310373,3.1,0.403455,4.02,0.597089
-33.8,-53.4,12053,0.689188,1.1,0.102847,1.15,0.124808,1.2,0.150417,1.26,0.179158,1.32,0.208402,1.39,0.243269,1.47,0.281475,1.57,0.33561,1.7,0.41206,1.93,0.532364,2.49,0.769351
-33.8,-53.2,12053,0.672814,1.37,0.101614,1.43,0.122904,1.49,0.146499,1.55,0.17073,1.63,0.19874,1.72,0.229476,1.82,0.265752,1.94,0.314933,2.12,0.383153,2.39,0.495339,3.0848,0.726764
-33.8,-53.0,12053,0.642905,1.58,0.100223,1.65,0.119694,1.722,0.140324,1.8,0.161321,1.89,0.185675,2.0,0.213385,2.12,0.247237,2.28,0.29133,2.49,0.350963,2.82,0.455361,3.6548,0.668072
-33.8,-52.8,12053,0.607156,1.74,0.092825,1.82,0.11118,1.9,0.130096,1.98,0.149082,2.09,0.17031,2.2,0.195281,2.34,0.22595,2.51,0.266429,2.74,0.317814,3.13,0.410815,4.06,0.600591
-33.6,-53.0,12053,0.677149,1.06,0.100589,1.11,0.12266,1.15,0.147221,1.2,0.171819,1.26,0.199921,1.33,0.232612,1.4,0.269881,1.5,0.318577,1.63,0.388721,1.85,0.502152,2.4148,0.734285
-33.6,-52.8,12053,0.646935,1.51,0.09711,1.57,0.11786,1.64,0.139969,1.71,0.161481,1.79,0.187414,1.89,0.217388,1.996,0.251576,2.14,0.296319,2.32,0.359737,2.62,0.464744,3.3448,0.67697
-33.6,-52.6,12053,0.606629,1.72,0.09169,1.8,0.110563,1.87,0.130876,1.96,0.150274,2.06,0.172078,2.17,0.198579,2.3,0.22999,2.46,0.271411,2.68,0.322467,3.04,0.420552,3.94,0.608963
-33.4,-52.8,12053,0.680058,1.25,0.097171,1.3,0.121495,1.36,0.146373,1.42,0.171896,1.49,0.20159,1.56,0.23449,1.65,0.274562,1.76,0.324368,1.91,0.39731,2.17,0.510928,2.76,0.740723
-33.4,-52.6,12053,0.642206,1.49,0.094204,1.55,0.11665,1.61,0.138751,1.68,0.161013,1.76,0.186517,1.86,0.21706,1.96,0.253102,2.09,0.296968,2.27,0.358655,2.55,0.465467,3.2848,0.673067
-33.4,-52.4,12053,0.587714,1.69,0.091031,1.77,0.109446,1.84,0.128323,1.92,0.14717,2.01,0.168413,2.12,0.193365,2.24,0.22458,2.39,0.262123,2.61,0.312581,2.94,0.404028,3.77,0.586635
-33.2,-52.6,12053,0.663173,1.26,0.096011,1.31,0.120047,1.36,0.144909,1.42,0.17099,1.48,0.200236,1.55,0.234238,1.64,0.273613,1.73,0.321852,1.87,0.393234,2.11,0.502395,2.6548,0.723451
-33.2,-52.4,12053,0.613792,1.52,0.094009,1.58,0.114385,1.65,0.136576,1.72,0.158048,1.79,0.181821,1.89,0.21209,1.99,0.245465,2.12,0.288735,2.3,0.347864,2.6,0.447245,3.3148,0.649575
-33.2,-52.2,12053,0.559928,1.75,0.091615,1.82,0.107921,1.89,0.125584,1.98,0.142697,2.07,0.162112,2.18,0.18481,2.3,0.213309,2.46,0.246787,2.68,0.298496,3.03,0.382507,3.9096,0.563346
-33.0,-52.4,12053,0.633565,1.26,0.095583,1.31,0.118351,1.36,0.142107,1.41,0.165166,1.48,0.19196,1.55,0.224554,1.62,0.260566,1.72,0.307259,1.86,0.370603,2.09,0.47356,2.64,0.682233
-33.0,-52.2,12053,0.586189,1.63,0.093203,1.7,0.112016,1.77,0.131487,1.85,0.152275,1.93,0.17243,2.02,0.198861,2.14,0.230758,2.27,0.270385,2.47,0.325951,2.79,0.417484,3.55,0.612138
-32.8,-52.4,12053,0.642113,1.25,0.095302,1.3,0.119256,1.35,0.146037,1.4,0.172497,1.46,0.201637,1.53,0.235529,1.61,0.275183,1.7,0.324439,1.84,0.39022,2.07,0.498346,2.63,0.707425
-32.8,-52.2,12053,0.602867,1.45,0.094657,1.51,0.115853,1.57,0.137877,1.63,0.159849,1.71,0.183874,1.79,0.213119,1.88,0.246407,2.0,0.290344,2.16,0.350609,2.44,0.446471,3.11,0.646512
-32.8,-52.0,12053,0.555541,1.72,0.091006,1.79,0.108463,1.87,0.126469,1.95,0.145927,2.04,0.166753,2.13,0.190069,2.26,0.219855,2.4,0.256294,2.6,0.310739,2.96,0.394592,3.77,0.580579
-32.6,-52.2,12053,0.61308,1.37,0.095962,1.43,0.117952,1.48,0.141012,1.55,0.164164,1.62,0.190058,1.69,0.220612,1.78,0.254541,1.89,0.301244,2.04,0.363758,2.31,0.463376,2.93,0.666568
-32.6,-52.0,12053,0.570541,1.66,0.092227,1.73,0.110599,1.8,0.13057,1.88,0.150139,1.97,0.173833,2.06,0.198615,2.17,0.23039,2.32,0.270162,2.51,0.327647,2.85,0.417811,3.6548,0.610661
-32.4,-52.2,12053,0.612179,1.25,0.096915,1.31,0.120785,1.36,0.146131,1.42,0.171705,1.49,0.200996,1.56,0.232392,1.65,0.270564,1.75,0.320304,1.88,0.38549,2.11,0.491066,2.72,0.695739
-32.4,-52.0,12053,0.572813,1.48,0.0918,1.54,0.11326,1.61,0.134281,1.68,0.15667,1.75,0.182342,1.83,0.21015,1.93,0.243904,2.05,0.287081,2.22,0.347667,2.5,0.443922,3.17,0.64468
-32.4,-51.8,12053,0.530149,1.7,0.08246,1.78,0.10095,1.85,0.119891,1.93,0.140312,2.03,0.163864,2.12,0.18892,2.23,0.219898,2.38,0.257594,2.57,0.314133,2.92,0.401854,3.74,0.588882
-32.2,-52.0,12053,0.562711,1.32,0.094852,1.38,0.118448,1.44,0.143706,1.5,0.169744,1.57,0.199188,1.65,0.230964,1.73,0.26943,1.84,0.318088,1.99,0.383239,2.23,0.486184,2.8448,0.696337
-32.2,-51.8,12053,0.522609,1.47,0.088552,1.54,0.108609,1.6,0.131033,1.67,0.154562,1.75,0.181382,1.83,0.209051,1.92,0.243558,2.05,0.287007,2.21,0.346649,2.49,0.44376,3.13,0.640756
-32.2,-51.6,12053,0.475387,1.67,0.082082,1.75,0.099766,1.82,0.119223,1.9,0.139702,1.99,0.16294,2.08,0.188495,2.19,0.217945,2.34,0.255134,2.52,0.311231,2.844,0.398002,3.62,0.581334
-32.0,-51.8,12053,0.50218,1.01,0.09186,1.06,0.115787,1.1,0.14014,1.15,0.168436,1.2,0.196929,1.26,0.229437,1.32,0.269025,1.4,0.318319,1.52,0.383822,1.71,0.487416,2.19,0.695939
-32.0,-51.6,12053,0.460966,1.34,0.086124,1.4,0.105289,1.46,0.128228,1.52,0.152275,1.59,0.179412,1.66,0.208137,1.74,0.24172,1.86,0.285995,2.0,0.346131,2.24,0.442276,2.87,0.640666
-32.0,-51.4,12053,0.421791,1.7,0.078066,1.78,0.095401,1.85,0.114396,1.93,0.13494,2.02,0.157169,2.11,0.182744,2.22,0.211846,2.37,0.247565,2.56,0.303084,2.88,0.387839,3.6248,0.570662
-32.0,-51.2,12053,0.388714,1.9,0.072694,1.99,0.088212,2.07,0.103519,2.16,0.119756,2.25,0.13831,2.36,0.159674,2.5,0.182966,2.66,0.210702,2.88,0.254321,3.24,0.327018,4.17,0.484353
-31.8,-51.4,12053,0.402355,1.36,0.081204,1.42,0.103265,1.48,0.12591,1.54,0.152367,1.61,0.180143,1.68,0.210101,1.77,0.245604,1.88,0.291529,2.02,0.352066,2.27,0.450184,2.87,0.643971
-31.8,-51.2,12053,0.381555,1.76,0.074017,1.83,0.091806,1.91,0.110128,1.99,0.131205,2.07,0.153352,2.18,0.178551,2.29,0.208543,2.43,0.243896,2.63,0.298127,2.96,0.381514,3.72,0.55995
-31.8,-51.0,12053,0.383175,1.94,0.069826,2.02,0.084597,2.11,0.099368,2.19,0.114689,2.29,0.131925,2.4,0.152226,2.53,0.17503,2.69,0.202216,2.92,0.240462,3.28,0.307871,4.2348,0.45395
-31.6,-51.2,12053,0.376494,1.37,0.077628,1.43,0.099943,1.49,0.122668,1.55,0.149141,1.62,0.176477,1.7,0.206491,1.78,0.241943,1.89,0.286858,2.03,0.345728,2.28,0.438984,2.87,0.626257
-31.6,-51.0,12053,0.380624,1.76,0.071596,1.83,0.088321,1.91,0.106766,1.99,0.125919,2.08,0.147099,2.17,0.171758,2.29,0.198566,2.43,0.233711,2.63,0.283773,2.95,0.36195,3.75,0.533029
-31.6,-50.8,12053,0.382144,1.98,0.079045,2.06,0.092011,2.15,0.104925,2.24,0.118547,2.34,0.133065,2.45,0.151418,2.58,0.17051,2.74,0.195703,2.97,0.227201,3.33,0.286367,4.31,0.414176
-31.4,-50.8,12053,0.381983,1.84,0.075072,1.92,0.089775,2.0,0.107894,2.09,0.125452,2.18,0.145014,2.27,0.167754,2.39,0.194077,2.53,0.227611,2.73,0.272576,3.07,0.346849,3.85,0.507877
-31.4,-50.6,12053,0.38644,2.0,0.089053,2.09,0.100735,2.17,0.112166,2.26,0.125244,2.36,0.139102,2.47,0.154497,2.61,0.172536,2.77,0.195317,3.0,0.22405,3.37,0.275612,4.33,0.387117
-31.2,-50.8,12053,0.380958,1.65,0.07493,1.72,0.09478,1.78,0.117542,1.86,0.139622,1.93,0.164923,2.02,0.192093,2.12,0.225144,2.24,0.265641,2.41,0.320875,2.69,0.405318,3.3248,0.578968
-31.2,-50.6,12053,0.387122,1.78,0.082534,1.85,0.09804,1.93,0.113612,2.01,0.129425,2.09,0.146821,2.18,0.167449,2.3,0.191059,2.43,0.221652,2.61,0.259785,2.93,0.328399,3.64,0.473308
-31.2,-50.4,12053,0.39104,1.97,0.099027,2.06,0.109565,2.14,0.120529,2.23,0.131554,2.32,0.144186,2.43,0.15794,2.56,0.175171,2.72,0.19536,2.93,0.220443,3.31,0.266565,4.1748,0.364967
-31.0,-50.6,12053,0.388655,1.65,0.079225,1.71,0.098086,1.78,0.117069,1.85,0.136725,1.93,0.158329,2.01,0.184087,2.11,0.211984,2.23,0.250435,2.4,0.300475,2.68,0.383426,3.33,0.546302
-31.0,-50.4,12053,0.392952,1.87,0.090029,1.94,0.103702,2.02,0.118057,2.1,0.132267,2.19,0.148246,2.28,0.16596,2.4,0.18775,2.542,0.214313,2.73,0.251092,3.06,0.314985,3.8,0.445466
-31.0,-50.2,12053,0.39588,2.04,0.102421,2.12,0.112796,2.21,0.123782,2.29,0.13439,2.4,0.146244,2.51,0.159675,2.64,0.175704,2.8,0.195454,3.028,0.218686,3.4,0.262764,4.32,0.354679
-30.8,-50.4,12053,0.395301,1.7,0.086002,1.77,0.103138,1.842,0.120019,1.92,0.138841,1.99,0.158467,2.08,0.181572,2.18,0.207789,2.31,0.243757,2.48,0.290833,2.76,0.367993,3.4148,0.522757
-30.8,-50.2,12053,0.398879,1.94,0.093386,2.02,0.106429,2.1,0.119928,2.18,0.133892,2.27,0.149684,2.38,0.167022,2.5,0.188302,2.64,0.214309,2.85,0.247742,3.19,0.307652,3.9748,0.431327
-30.6,-50.4,12053,0.39741,1.35,0.08483,1.4,0.103277,1.45,0.122821,1.51,0.144823,1.57,0.168464,1.64,0.194463,1.71,0.225858,1.81,0.265298,1.94,0.322103,2.16,0.404666,2.64,0.569709
-30.6,-50.2,12053,0.404066,1.74,0.088272,1.81,0.104939,1.89,0.120743,1.96,0.138553,2.03,0.157653,2.12,0.178802,2.23,0.20501,2.36,0.239618,2.53,0.282551,2.81,0.353048,3.48,0.501684
-30.6,-50.0,12053,0.406059,1.97,0.097354,2.05,0.110025,2.12,0.121952,2.21,0.13538,2.3,0.150822,2.41,0.168035,2.53,0.187506,2.68,0.211872,2.89,0.244868,3.23,0.298068,4.04,0.413882
-30.4,-50.2,12053,0.412557,1.46,0.08832,1.51,0.104978,1.57,0.12319,1.63,0.143984,1.7,0.164456,1.76,0.188411,1.85,0.218816,1.95,0.254523,2.1,0.30499,2.32,0.380107,2.8,0.537201
-30.4,-50.0,12053,0.413877,1.81,0.093814,1.88,0.10828,1.95,0.123307,2.03,0.139213,2.11,0.15656,2.2,0.175115,2.31,0.19859,2.45,0.2279,2.62,0.266964,2.91,0.332286,3.5848,0.474951
-30.4,-49.8,12053,0.413275,2.01,0.09661,2.09,0.108346,2.17,0.120513,2.26,0.133402,2.35,0.147699,2.46,0.164383,2.59,0.182667,2.75,0.204668,2.97,0.235741,3.33,0.285399,4.2048,0.395837
-30.2,-50.0,12053,0.423298,1.66,0.092105,1.73,0.107096,1.79,0.123246,1.86,0.141118,1.93,0.159429,2.01,0.179937,2.116,0.205426,2.24,0.237751,2.4,0.281295,2.66,0.351378,3.25,0.50421
-30.2,-49.8,12053,0.421627,1.91,0.092056,1.98,0.105506,2.06,0.119135,2.14,0.133927,2.23,0.150366,2.33,0.167338,2.44,0.188012,2.6,0.216278,2.8,0.250672,3.12,0.309013,3.87,0.438044
-30.0,-50.0,12053,0.431692,1.46,0.090945,1.51,0.10651,1.57,0.1236,1.63,0.143742,1.69,0.163579,1.76,0.187078,1.85,0.213935,1.95,0.249947,2.1,0.296335,2.34,0.371227,2.81,0.527055
-30.0,-49.8,12053,0.430222,1.81,0.088381,1.88,0.103275,1.95,0.117679,2.03,0.133731,2.11,0.152677,2.21,0.170903,2.31,0.193669,2.452,0.225102,2.64,0.261981,2.94,0.327731,3.62,0.471376
-29.8,-49.8,12053,0.438053,1.67,0.086684,1.74,0.102249,1.8,0.118511,1.87,0.137044,1.94,0.15621,2.04,0.177239,2.14,0.203096,2.26,0.237057,2.43,0.279454,2.7,0.351295,3.3,0.502901
-29.8,-49.6,12053,0.435056,1.86,0.084035,1.93,0.098729,2.01,0.112506,2.09,0.128652,2.18,0.145163,2.28,0.163653,2.4,0.184312,2.54,0.212995,2.74,0.250035,3.054,0.312444,3.83,0.444113
-29.6,-49.8,12053,0.444409,1.48,0.085427,1.53,0.102758,1.59,0.119645,1.65,0.140491,1.71,0.162275,1.79,0.186552,1.88,0.215239,1.99,0.252009,2.14,0.299768,2.37,0.377951,2.91,0.537439
-29.6,-49.6,12053,0.44245,1.77,0.081008,1.83,0.097001,1.9,0.113224,1.98,0.129506,2.06,0.148662,2.16,0.169342,2.27,0.193679,2.4,0.226282,2.58,0.267119,2.88,0.335854,3.5248,0.481749
-29.6,-49.4,12053,0.439253,1.92,0.082791,1.99,0.095809,2.07,0.109393,2.15,0.123721,2.24,0.140085,2.35,0.157171,2.47,0.178169,2.63,0.205889,2.83,0.240375,3.16,0.298301,3.99,0.424741
-29.4,-49.6,12053,0.44899,1.63,0.081106,1.69,0.098764,1.75,0.115717,1.82,0.135296,1.89,0.157219,1.98,0.180365,2.08,0.20901,2.19,0.244151,2.348,0.290769,2.61,0.36772,3.23,0.524958
-29.4,-49.4,12053,0.445521,1.82,0.07792,1.89,0.09323,1.96,0.108673,2.04,0.125085,2.12,0.143867,2.22,0.162724,2.33,0.186883,2.47,0.218528,2.66,0.257661,2.96,0.323261,3.7048,0.467442
-29.4,-49.2,12053,0.441797,1.94,0.082349,2.02,0.094665,2.1,0.107357,2.18,0.121804,2.27,0.136997,2.38,0.153788,2.5,0.172647,2.66,0.198735,2.86,0.231666,3.21,0.286324,4.08,0.409275
-29.2,-49.4,12053,0.449673,1.71,0.076004,1.77,0.093083,1.83,0.109987,1.9,0.128399,1.99,0.150126,2.07,0.173381,2.18,0.201018,2.3,0.23537,2.47,0.279629,2.76,0.35611,3.41,0.513148
-29.2,-49.2,12053,0.446082,1.85,0.075294,1.92,0.089721,2.0,0.103947,2.08,0.120203,2.16,0.138192,2.26,0.156597,2.38,0.180153,2.52,0.209837,2.7,0.247735,3.03,0.312167,3.7896,0.452147
-29.2,-49.0,12053,0.443349,1.96,0.086001,2.04,0.096963,2.12,0.109378,2.21,0.121952,2.3,0.13654,2.41,0.151555,2.53,0.170293,2.68,0.194207,2.9,0.224543,3.27,0.277902,4.1448,0.390634
-29.0,-49.4,12053,0.449269,1.47,0.075747,1.53,0.094424,1.58,0.114139,1.64,0.136038,1.71,0.160588,1.78,0.187016,1.87,0.220221,1.98,0.259955,2.12,0.310311,2.37,0.397508,2.96,0.564854
-29.0,-49.2,12053,0.447561,1.71,0.071475,1.77,0.087833,1.84,0.104691,1.91,0.122563,1.99,0.143134,2.07,0.166389,2.18,0.193831,2.3,0.227194,2.48,0.271116,2.77,0.344935,3.46,0.501091
-29.0,-49.0,12053,0.445677,1.85,0.076907,1.92,0.089724,2.0,0.103763,2.07,0.119022,2.16,0.135807,2.25,0.154424,2.37,0.175665,2.51,0.203925,2.72,0.239875,3.07,0.302133,3.84,0.435328
-29.0,-48.8,12053,0.443778,1.96,0.089052,2.03,0.099798,2.11,0.111147,2.2,0.123405,2.29,0.136784,2.4,0.152043,2.52,0.168524,2.68,0.190496,2.92,0.218683,3.31,0.268648,4.16,0.378113
-29.0,-48.6,12053,0.442453,2.03,0.099612,2.11,0.108585,2.2,0.118412,2.28,0.128727,2.38,0.139592,2.5,0.151372,2.63,0.164983,2.81,0.181098,3.06,0.203926,3.494,0.241951,4.44,0.322592
-28.8,-49.0,12053,0.445228,1.66,0.068239,1.72,0.085452,1.79,0.102909,1.86,0.12017,1.94,0.14246,2.03,0.165716,2.13,0.194379,2.27,0.227912,2.468,0.272091,2.78,0.34962,3.44,0.506818
-28.8,-48.8,12053,0.444728,1.85,0.077421,1.92,0.090172,1.99,0.104198,2.07,0.119425,2.15,0.136351,2.25,0.154901,2.37,0.175307,2.52,0.204066,2.74,0.239449,3.12,0.300656,3.89,0.432148
-28.8,-48.6,12053,0.444776,1.97,0.091007,2.04,0.101474,2.12,0.112002,2.2,0.124279,2.3,0.137136,2.41,0.15158,2.54,0.167376,2.7,0.188509,2.96,0.215826,3.37,0.262652,4.2748,0.361943
-28.8,-48.4,12053,0.444843,2.03,0.102836,2.1,0.111608,2.19,0.120075,2.28,0.130205,2.38,0.140285,2.5,0.151982,2.64,0.164148,2.82,0.179601,3.08,0.200776,3.534,0.236696,4.51,0.308629
-28.6,-48.8,12053,0.441854,1.64,0.068263,1.7,0.085095,1.76,0.103653,1.84,0.122106,1.91,0.144979,2.0,0.168974,2.1,0.197657,2.24,0.232962,2.45,0.279791,2.76,0.356621,3.46,0.511988
-28.6,-48.6,12053,0.446283,1.82,0.082864,1.88,0.095371,1.95,0.107462,2.03,0.122025,2.114,0.138151,2.22,0.156367,2.33,0.176088,2.48,0.202409,2.71,0.236073,3.08,0.293341,3.85,0.41232
-28.6,-48.4,12053,0.448277,1.95,0.096377,2.02,0.105895,2.1,0.115681,2.18,0.127001,2.28,0.139045,2.39,0.152494,2.52,0.167774,2.69,0.185734,2.95,0.212027,3.37,0.252974,4.27,0.338439
-28.4,-48.6,12053,0.447478,1.6,0.076246,1.66,0.091628,1.72,0.106792,1.78,0.122704,1.85,0.141916,1.93,0.162505,2.03,0.186007,2.16,0.217172,2.34,0.256445,2.61,0.323064,3.2,0.459957
-28.4,-48.4,12053,0.451957,1.86,0.091616,1.93,0.101963,2.0,0.113593,2.08,0.125986,2.17,0.1398,2.28,0.154862,2.4,0.172643,2.56,0.194803,2.81,0.224089,3.2,0.27258,3.99,0.375002
-28.2,-48.6,12053,0.449557,1.47,0.072682,1.52,0.089662,1.57,0.106434,1.64,0.123866,1.7,0.144443,1.78,0.167364,1.87,0.193693,1.99,0.227318,2.14,0.271338,2.39,0.344981,2.92,0.497254
-28.2,-48.4,12053,0.455688,1.72,0.086722,1.79,0.098529,1.85,0.112124,1.93,0.125365,2.01,0.140553,2.11,0.158403,2.23,0.177739,2.37,0.202804,2.58,0.235924,2.91,0.292639,3.6048,0.407737
-28.2,-48.2,12053,0.459175,1.87,0.098931,1.95,0.108157,2.02,0.118289,2.11,0.129262,2.21,0.140941,2.32,0.154362,2.45,0.168871,2.62,0.186897,2.87,0.213064,3.28,0.253358,4.09,0.338121
-28.0,-48.4,12053,0.46389,1.64,0.082706,1.71,0.096561,1.77,0.110599,1.84,0.125309,1.92,0.141508,2.02,0.160955,2.13,0.181743,2.28,0.210577,2.46,0.247908,2.77,0.308626,3.45,0.433193
-28.0,-48.2,12053,0.468105,1.82,0.096256,1.89,0.106203,1.97,0.117264,2.05,0.128788,2.14,0.141363,2.25,0.156073,2.38,0.173406,2.55,0.193489,2.78,0.220515,3.17,0.265783,3.9296,0.361206
-27.8,-48.4,12053,0.476086,1.48,0.080033,1.54,0.095122,1.61,0.11059,1.67,0.125636,1.75,0.143293,1.84,0.163848,1.94,0.186939,2.06,0.217617,2.23,0.257979,2.5,0.323451,3.1,0.45833
-27.8,-48.2,12053,0.481567,1.73,0.093507,1.81,0.104496,1.88,0.116071,1.96,0.129079,2.05,0.141868,2.16,0.157354,2.28,0.176121,2.43,0.198903,2.64,0.227608,3.0,0.276244,3.73,0.382234
-27.6,-48.4,12053,0.492605,1.26,0.078177,1.31,0.094573,1.37,0.110831,1.43,0.12748,1.49,0.146669,1.57,0.167448,1.65,0.193596,1.75,0.225557,1.9,0.269996,2.12,0.33984,2.59,0.480951
-27.6,-48.2,12053,0.500705,1.67,0.091298,1.74,0.103208,1.81,0.115905,1.89,0.129016,1.98,0.143442,2.08,0.159099,2.2,0.179071,2.35,0.204307,2.55,0.23548,2.88,0.286746,3.57,0.401334
-27.6,-48.0,12053,0.501159,1.81,0.098758,1.89,0.108097,1.97,0.118168,2.06,0.128727,2.16,0.139775,2.27,0.153325,2.41,0.16773,2.58,0.186956,2.81,0.210822,3.2,0.250032,3.9748,0.334097
-27.4,-48.4,12053,0.537301,1.0,0.081571,1.04,0.09752,1.08,0.114004,1.13,0.130922,1.18,0.149281,1.24,0.170146,1.306,0.196883,1.39,0.228187,1.5,0.272949,1.66,0.342807,2.02,0.485302
-27.4,-48.2,12053,0.528236,1.64,0.091664,1.71,0.104027,1.78,0.117563,1.86,0.131427,1.95,0.146653,2.05,0.162346,2.16,0.183358,2.3,0.209776,2.5,0.242918,2.81,0.297937,3.46,0.415279
-27.4,-48.0,12053,0.524446,1.78,0.096011,1.86,0.106119,1.94,0.116471,2.03,0.127506,2.13,0.138798,2.24,0.153691,2.37,0.169378,2.54,0.189593,2.77,0.21435,3.13,0.256209,3.8748,0.348729
-27.2,-48.4,12053,0.582978,1.1,0.083548,1.14,0.099584,1.19,0.115982,1.24,0.132729,1.29,0.151697,1.36,0.172478,1.44,0.198689,1.52,0.22942,1.64,0.273394,1.81,0.342995,2.17,0.483645
-27.2,-48.2,12053,0.566661,1.51,0.092861,1.57,0.105791,1.64,0.119657,1.71,0.133559,1.79,0.148702,1.88,0.16474,1.99,0.186664,2.12,0.21291,2.29,0.247106,2.55,0.304621,3.1048,0.425884
-27.2,-48.0,12053,0.552473,1.73,0.094729,1.81,0.105228,1.89,0.116337,1.97,0.127995,2.07,0.140202,2.18,0.154668,2.31,0.171758,2.47,0.192889,2.68,0.220099,3.02,0.264693,3.7448,0.365199
-27.0,-48.4,12053,0.629906,1.22,0.089969,1.27,0.10535,1.32,0.120547,1.37,0.137077,1.44,0.15479,1.51,0.173834,1.59,0.198407,1.7,0.227923,1.82,0.269343,2.03,0.3379,2.47,0.476197
-27.0,-48.2,12053,0.611887,1.52,0.093081,1.58,0.106363,1.65,0.120366,1.72,0.134771,1.81,0.149834,1.91,0.166692,2.01,0.188361,2.15,0.21424,2.33,0.249826,2.58,0.30869,3.1548,0.430489
-26.8,-48.4,12053,0.677386,1.27,0.090091,1.32,0.105252,1.37,0.120843,1.43,0.136589,1.51,0.154697,1.58,0.173796,1.67,0.198407,1.78,0.228542,1.93,0.26993,2.14,0.337988,2.62,0.475709
-26.8,-48.2,12053,0.657062,1.51,0.092714,1.57,0.10609,1.64,0.120212,1.72,0.134485,1.8,0.14966,1.89,0.167596,2.0,0.189112,2.14,0.215635,2.32,0.253116,2.58,0.312645,3.16,0.43666
-26.6,-48.6,12053,0.750584,1.11,0.088675,1.16,0.105523,1.2,0.1233,1.26,0.141052,1.32,0.161065,1.39,0.184271,1.46,0.211371,1.56,0.245792,1.69,0.29291,1.88,0.368252,2.28,0.512669
-26.6,-48.4,12053,0.728177,1.27,0.089053,1.32,0.104474,1.38,0.12037,1.43,0.136174,1.51,0.15445,1.58,0.174261,1.68,0.199618,1.79,0.230868,1.94,0.272845,2.15,0.342221,2.64,0.480854
-26.6,-48.2,12053,0.707378,1.48,0.091153,1.55,0.104969,1.61,0.119172,1.69,0.134109,1.77,0.149534,1.86,0.167986,1.97,0.189801,2.11,0.217979,2.29,0.255433,2.55,0.316506,3.11,0.442573
-26.4,-48.4,12053,0.786422,1.05,0.088382,1.1,0.104813,1.15,0.120907,1.2,0.13769,1.26,0.156858,1.33,0.177495,1.41,0.203229,1.5,0.235996,1.63,0.279368,1.81,0.351189,2.23,0.491175
-26.4,-48.2,12053,0.763106,1.45,0.0897,1.51,0.104801,1.572,0.11861,1.65,0.134437,1.72,0.150133,1.82,0.169525,1.93,0.191962,2.062,0.221072,2.24,0.260656,2.5,0.323808,3.05,0.454473
-26.2,-48.4,12053,0.868401,0.86,0.088821,0.9,0.10491,0.94,0.122062,0.98,0.139415,1.03,0.159372,1.09,0.180609,1.15,0.206854,1.23,0.241271,1.34,0.286512,1.49,0.360635,1.85,0.503602
-26.2,-48.2,12053,0.825459,1.3,0.088223,1.36,0.103675,1.41,0.119171,1.48,0.134885,1.55,0.152544,1.63,0.171941,1.73,0.196027,1.85,0.227369,2.0,0.269416,2.25,0.335299,2.75,0.470428
-26.0,-48.4,12053,0.940288,0.83,0.087955,0.87,0.104422,0.9,0.122806,0.94,0.1408,0.99,0.161382,1.04,0.183843,1.1,0.210822,1.17,0.246833,1.26,0.295223,1.41,0.370214,1.74,0.515635
-26.0,-48.2,12053,0.890884,1.21,0.086916,1.26,0.10264,1.31,0.11879,1.37,0.135869,1.44,0.155583,1.51,0.175847,1.6,0.201178,1.71,0.234138,1.85,0.279148,2.06,0.349877,2.52,0.489386
-25.8,-48.2,12053,0.951877,1.17,0.08605,1.22,0.102396,1.28,0.119899,1.34,0.137822,1.4,0.158467,1.47,0.179437,1.56,0.207228,1.66,0.242747,1.8,0.28848,2.01,0.362677,2.4548,0.508009
-25.8,-48.0,12053,0.893305,1.4,0.087588,1.46,0.102298,1.52,0.118473,1.59,0.134269,1.67,0.152983,1.75,0.172552,1.86,0.197211,1.99,0.22895,2.15,0.271432,2.42,0.338939,2.95,0.475203
-25.6,-48.4,12053,1.065991,0.86,0.087027,0.9,0.105486,0.94,0.124213,0.98,0.145551,1.03,0.167666,1.09,0.19295,1.15,0.222555,1.23,0.262134,1.33,0.313349,1.47,0.392661,1.79,0.546474
-25.6,-48.2,12053,1.007499,1.08,0.085233,1.12,0.102648,1.17,0.12082,1.23,0.140612,1.29,0.162424,1.35,0.185015,1.44,0.21395,1.53,0.250916,1.67,0.299426,1.86,0.377274,2.27,0.528216
-25.6,-48.0,12053,0.94467,1.34,0.086734,1.39,0.102213,1.46,0.118668,1.52,0.136528,1.59,0.15573,1.67,0.176702,1.78,0.20268,1.9,0.237153,2.06,0.281381,2.31,0.353575,2.8348,0.495586
-25.6,-47.8,12053,0.889423,1.48,0.087552,1.54,0.101383,1.62,0.117975,1.69,0.132729,1.76,0.150695,1.85,0.169926,1.96,0.19408,2.1,0.224464,2.27,0.264722,2.554,0.331074,3.1248,0.464495
-25.4,-48.0,12053,0.972441,1.23,0.084902,1.28,0.101968,1.34,0.120072,1.4,0.13964,1.47,0.160466,1.54,0.182257,1.63,0.210944,1.75,0.247688,1.89,0.295627,2.12,0.371776,2.61,0.52275
-25.4,-47.8,12053,0.928446,1.34,0.086098,1.4,0.101615,1.46,0.11817,1.53,0.13584,1.6,0.155202,1.68,0.176251,1.78,0.201544,1.9,0.236018,2.06,0.278879,2.3,0.351159,2.81,0.492566
-25.4,-47.6,12053,0.876343,1.51,0.086306,1.57,0.101126,1.64,0.116661,1.71,0.131525,1.79,0.149529,1.89,0.169122,2.0,0.191803,2.13,0.223103,2.31,0.262731,2.59,0.329388,3.1648,0.461903
-25.2,-47.8,12053,0.953431,1.21,0.084792,1.27,0.102069,1.32,0.120463,1.38,0.139428,1.45,0.161049,1.52,0.182927,1.61,0.211844,1.71,0.248044,1.85,0.295915,2.07,0.372302,2.5196,0.5236
-25.2,-47.6,12053,0.909957,1.42,0.085684,1.48,0.101658,1.55,0.118082,1.62,0.135087,1.7,0.154168,1.78,0.175714,1.89,0.201357,2.01,0.234764,2.18,0.276937,2.434,0.348632,2.98,0.48961
-25.0,-47.8,12053,0.960678,0.85,0.084232,0.88,0.102944,0.92,0.122806,0.96,0.143608,1.01,0.16629,1.06,0.190374,1.12,0.22215,1.19,0.259553,1.29,0.3108,1.43,0.392431,1.72,0.546095
-25.0,-47.6,12053,0.92836,1.33,0.085391,1.39,0.102542,1.45,0.120548,1.52,0.139286,1.59,0.160369,1.67,0.182806,1.77,0.211433,1.88,0.246614,2.04,0.293015,2.28,0.370215,2.7848,0.519301
-25.0,-47.4,12053,0.886895,1.43,0.084293,1.49,0.100564,1.56,0.11641,1.63,0.133488,1.71,0.153227,1.8,0.174749,1.9,0.199993,2.03,0.234076,2.2,0.277156,2.45,0.348447,2.99,0.491191
-25.0,-47.2,12053,0.842559,1.52,0.083316,1.59,0.098489,1.66,0.112687,1.74,0.128899,1.81,0.147038,1.91,0.166937,2.02,0.189154,2.16,0.220589,2.34,0.260433,2.61,0.327025,3.19,0.458377
-24.8,-47.4,12053,0.90016,1.33,0.084256,1.39,0.101707,1.44,0.120936,1.51,0.139633,1.58,0.161589,1.67,0.185198,1.76,0.215143,1.88,0.250356,2.04,0.297006,2.28,0.377301,2.77,0.527572
-24.8,-47.2,12053,0.861248,1.46,0.082351,1.53,0.099317,1.59,0.115849,1.67,0.133805,1.74,0.153924,1.84,0.175421,1.94,0.201186,2.08,0.235343,2.25,0.279124,2.5,0.353133,3.05,0.495925
-24.8,-47.0,12053,0.823436,1.53,0.080508,1.6,0.095767,1.67,0.110721,1.75,0.127372,1.83,0.146269,1.92,0.166021,2.03,0.18919,2.17,0.221149,2.36,0.262459,2.62,0.330162,3.18,0.464187
-24.8,-46.8,12053,0.791171,1.59,0.080007,1.66,0.093545,1.73,0.107169,1.81,0.122078,1.9,0.139227,2.0,0.15706,2.11,0.178835,2.26,0.207548,2.45,0.245756,2.74,0.306979,3.32,0.430262
-24.6,-47.2,12053,0.864213,1.31,0.082021,1.37,0.100284,1.42,0.119894,1.49,0.14011,1.56,0.163226,1.64,0.188214,1.73,0.219384,1.85,0.25587,1.99,0.304334,2.21,0.386672,2.67,0.541866
-24.6,-47.0,12053,0.835846,1.44,0.081118,1.51,0.097879,1.57,0.115006,1.65,0.134465,1.72,0.154753,1.82,0.177801,1.92,0.204266,2.05,0.240156,2.21,0.285336,2.46,0.360326,2.9748,0.508424
-24.6,-46.8,12053,0.807554,1.5,0.078787,1.56,0.094224,1.63,0.109586,1.71,0.126287,1.79,0.145841,1.89,0.165996,2.0,0.189707,2.13,0.22254,2.31,0.265091,2.57,0.333827,3.1,0.471034
-24.6,-46.6,12053,0.779478,1.57,0.077077,1.64,0.091167,1.712,0.105309,1.8,0.120975,1.89,0.138432,1.99,0.157452,2.1,0.179203,2.25,0.208632,2.44,0.247735,2.73,0.310523,3.31,0.439337
-24.4,-46.8,12053,0.818604,1.38,0.077798,1.44,0.09479,1.51,0.112117,1.58,0.131869,1.66,0.152584,1.75,0.175663,1.85,0.202764,1.97,0.239144,2.14,0.284283,2.39,0.361443,2.8648,0.511817
-24.4,-46.6,12053,0.793456,1.45,0.075723,1.51,0.091639,1.58,0.108043,1.65,0.125648,1.74,0.145144,1.83,0.16668,1.95,0.190792,2.07,0.224592,2.25,0.268549,2.51,0.340551,3.0448,0.483378
-24.4,-46.4,12053,0.766807,1.51,0.073318,1.58,0.088206,1.65,0.104317,1.73,0.120292,1.82,0.138847,1.92,0.159025,2.03,0.181775,2.17,0.213329,2.36,0.253914,2.64,0.321201,3.2,0.455203
-24.4,-46.2,12053,0.740575,1.56,0.0709,1.63,0.084971,1.7,0.099713,1.79,0.115554,1.87,0.132353,1.98,0.15125,2.1,0.172853,2.23,0.202192,2.43,0.241483,2.73,0.303982,3.3,0.428423
-24.4,-46.0,12053,0.718592,1.61,0.067568,1.68,0.080569,1.76,0.094546,1.84,0.1095,1.94,0.125858,2.04,0.142888,2.16,0.163738,2.31,0.190558,2.5,0.226557,2.82,0.286032,3.42,0.405737
-24.4,-45.2,12053,0.628043,1.78,0.092751,1.86,0.101726,1.94,0.111378,2.03,0.121095,2.13,0.131528,2.25,0.143144,2.38,0.155847,2.54,0.17238,2.75,0.193941,3.12,0.231278,3.8,0.310408
-24.2,-46.6,12053,0.800581,1.37,0.074661,1.43,0.092078,1.492,0.110258,1.57,0.131369,1.65,0.151699,1.74,0.176751,1.84,0.204545,1.96,0.241851,2.13,0.288781,2.38,0.367807,2.87,0.519876
-24.2,-46.4,12053,0.77656,1.41,0.073013,1.48,0.089051,1.55,0.106622,1.62,0.126085,1.71,0.145419,1.8,0.169304,1.91,0.1948,2.04,0.230077,2.22,0.275237,2.49,0.351114,3.01,0.497989
-24.2,-46.2,12053,0.750144,1.45,0.070534,1.51,0.08646,1.58,0.102301,1.66,0.120668,1.75,0.13917,1.84,0.161016,1.96,0.184869,2.09,0.218076,2.27,0.261151,2.544,0.333253,3.08,0.472245
-24.2,-46.0,12053,0.728185,1.51,0.067141,1.58,0.081729,1.65,0.097354,1.74,0.1142,1.824,0.132389,1.93,0.152043,2.04,0.175152,2.18,0.20661,2.37,0.246321,2.65,0.313449,3.22,0.444901
-24.2,-45.8,12053,0.706449,1.58,0.063662,1.65,0.077292,1.73,0.092708,1.82,0.108436,1.91,0.125653,2.02,0.143729,2.14,0.165849,2.28,0.194607,2.48,0.232944,2.8,0.296243,3.3948,0.423619
-24.2,-45.6,12053,0.682859,1.61,0.066152,1.68,0.078726,1.76,0.091897,1.85,0.106727,1.94,0.122704,2.05,0.14008,2.17,0.159827,2.32,0.185695,2.52,0.221916,2.85,0.280441,3.44,0.39943
-24.2,-45.4,12053,0.65938,1.67,0.072903,1.75,0.084527,1.83,0.096527,1.91,0.10985,2.01,0.124782,2.12,0.139885,2.25,0.157326,2.39,0.18023,2.61,0.211505,2.96,0.263514,3.6,0.372946
-24.2,-45.2,12053,0.638479,1.72,0.07991,1.8,0.089572,1.87,0.101104,1.96,0.112869,2.06,0.126026,2.17,0.139311,2.3,0.154536,2.45,0.174231,2.67,0.201581,3.02,0.2487,3.67,0.340921
-24.2,-45.0,12053,0.622446,1.76,0.089175,1.84,0.098209,1.92,0.108036,2.01,0.118534,2.1,0.12946,2.22,0.140751,2.35,0.153423,2.5,0.17116,2.718,0.19306,3.074,0.23017,3.75,0.307043
-24.0,-46.4,12053,0.774999,1.09,0.07184,1.15,0.089602,1.22,0.108792,1.29,0.131583,1.36,0.151884,1.45,0.177313,1.55,0.207831,1.67,0.244587,1.83,0.295822,2.07,0.376671,2.52,0.533314
-24.0,-46.2,12053,0.749386,1.2,0.069888,1.25,0.086734,1.32,0.105241,1.39,0.12714,1.46,0.147124,1.55,0.172674,1.65,0.201215,1.77,0.237556,1.92,0.28569,2.16,0.366198,2.6,0.516709
-24.0,-46.0,12053,0.732638,1.38,0.068056,1.45,0.084536,1.52,0.101932,1.59,0.122379,1.68,0.141118,1.78,0.165716,1.89,0.190741,2.03,0.225288,2.22,0.270699,2.49,0.348949,3.03,0.496988
-24.0,-45.8,12053,0.713567,1.39,0.064577,1.46,0.079836,1.53,0.097183,1.61,0.115408,1.7,0.133854,1.8,0.15662,1.91,0.181255,2.05,0.214142,2.23,0.258003,2.52,0.330612,3.06,0.473016
-24.0,-45.6,12053,0.691409,1.43,0.061831,1.5,0.076602,1.57,0.092349,1.65,0.110465,1.74,0.128605,1.84,0.14887,1.95,0.172955,2.09,0.204108,2.29,0.245552,2.57,0.316356,3.1348,0.454133
-24.0,-45.4,12053,0.665422,1.53,0.061952,1.6,0.076357,1.67,0.091494,1.75,0.109244,1.85,0.12653,1.95,0.146,2.07,0.170086,2.21,0.200213,2.43,0.239448,2.74,0.306845,3.3248,0.437813
-24.0,-45.2,12053,0.643223,1.62,0.064942,1.69,0.078591,1.77,0.092776,1.86,0.108574,1.95,0.125676,2.05,0.143315,2.18,0.165411,2.33,0.191791,2.53,0.226985,2.86,0.284226,3.4648,0.397507
-24.0,-45.0,12053,0.632645,1.69,0.07477,1.76,0.086245,1.84,0.097964,1.93,0.110782,2.02,0.124638,2.13,0.14008,2.25,0.156865,2.4,0.177374,2.61,0.208136,2.94,0.257271,3.56,0.350047
-24.0,-44.8,12053,0.622273,1.74,0.085208,1.81,0.094949,1.89,0.105533,1.98,0.11652,2.07,0.127959,2.18,0.14002,2.31,0.153508,2.47,0.172259,2.68,0.195671,3.03,0.23642,3.68,0.316433
-23.8,-45.8,12053,0.716081,1.06,0.063918,1.12,0.081558,1.19,0.099636,1.27,0.121156,1.35,0.14089,1.45,0.167363,1.57,0.195548,1.71,0.23133,1.89,0.279764,2.18,0.362362,2.68,0.515067
-23.8,-45.6,12053,0.700519,0.93,0.060695,0.99,0.078281,1.05,0.096607,1.12,0.118368,1.2,0.137363,1.29,0.164165,1.396,0.192159,1.53,0.227817,1.698,0.275761,1.97,0.357714,2.44,0.511387
-23.8,-45.4,12053,0.679261,0.75,0.061672,0.79,0.077464,0.84,0.095132,0.89,0.114468,0.95,0.134462,1.01,0.156425,1.09,0.183558,1.18,0.217693,1.3,0.262622,1.52,0.340044,1.88,0.481768
-23.8,-45.2,12053,0.64868,1.08,0.065481,1.13,0.078853,1.18,0.094659,1.24,0.111957,1.294,0.129484,1.36,0.149126,1.44,0.174283,1.53,0.203818,1.65,0.24495,1.84,0.313697,2.21,0.445804
-23.8,-45.0,12053,0.641958,1.57,0.067263,1.64,0.079751,1.71,0.094131,1.79,0.108939,1.88,0.125431,1.98,0.143193,2.09,0.163884,2.22,0.189825,2.4,0.227094,2.704,0.287631,3.24,0.407657
-23.8,-44.8,12053,0.633815,1.65,0.072427,1.72,0.084488,1.8,0.096537,1.89,0.109263,1.98,0.123683,2.08,0.139567,2.2,0.15728,2.35,0.179468,2.54,0.211581,2.86,0.265424,3.47,0.367493
-23.8,-44.6,12053,0.626118,1.71,0.080325,1.78,0.091152,1.86,0.101993,1.95,0.113089,2.04,0.125773,2.15,0.139506,2.27,0.154382,2.43,0.174194,2.63,0.200707,2.98,0.246339,3.62,0.332785
-23.6,-45.2,12053,0.657104,0.93,0.061196,0.97,0.076866,1.01,0.093398,1.05,0.111906,1.1,0.131473,1.16,0.153374,1.22,0.180734,1.29,0.211973,1.39,0.256151,1.54,0.33131,1.87,0.471473
-23.6,-45.0,12053,0.649852,1.31,0.062685,1.36,0.076174,1.42,0.091922,1.48,0.107974,1.56,0.12631,1.63,0.145085,1.72,0.169842,1.83,0.198273,1.97,0.238276,2.194,0.306491,2.61,0.435238
-23.6,-44.8,12053,0.643862,1.52,0.064651,1.58,0.077239,1.66,0.092092,1.73,0.107264,1.82,0.123568,1.91,0.141314,2.02,0.163247,2.15,0.189903,2.32,0.227238,2.61,0.290479,3.1348,0.413479
-23.6,-44.6,12053,0.638136,1.61,0.069143,1.68,0.081016,1.75,0.094195,1.84,0.107413,1.93,0.122794,2.02,0.139348,2.15,0.158296,2.29,0.182154,2.48,0.217073,2.81,0.273061,3.39,0.381941
-23.6,-44.4,12053,0.632744,1.67,0.073892,1.74,0.085293,1.82,0.097061,1.9,0.108973,2.0,0.122848,2.1,0.138224,2.23,0.154717,2.38,0.176009,2.58,0.206476,2.92,0.257409,3.56,0.352952
-23.6,-44.2,12053,0.627519,1.7,0.07969,1.78,0.090371,1.86,0.100774,1.95,0.112384,2.04,0.124557,2.15,0.138041,2.27,0.153369,2.43,0.173641,2.64,0.198908,3.01,0.243479,3.7,0.330311
-23.6,-44.0,12053,0.623142,1.74,0.086306,1.81,0.095254,1.89,0.105594,1.98,0.11597,2.074,0.127323,2.19,0.139348,2.31,0.153996,2.47,0.17066,2.68,0.193658,3.06,0.233882,3.78,0.3108
-23.4,-44.4,12053,0.647998,1.55,0.065713,1.62,0.077603,1.69,0.091812,1.77,0.106043,1.86,0.122384,1.96,0.140141,2.08,0.161006,2.23,0.187334,2.4,0.223759,2.73,0.28338,3.32,0.400814
-23.4,-44.2,12053,0.644203,1.6,0.068691,1.67,0.080862,1.74,0.093121,1.83,0.106168,1.92,0.121302,2.02,0.138103,2.15,0.156018,2.3,0.180648,2.49,0.21393,2.84,0.268961,3.49,0.37593
-23.4,-44.0,12053,0.638865,1.63,0.072268,1.7,0.083291,1.78,0.095401,1.87,0.107169,1.96,0.121122,2.06,0.136052,2.19,0.153581,2.35,0.176348,2.548,0.205939,2.91,0.257051,3.6148,0.353949
-23.4,-43.8,12053,0.631576,1.67,0.074709,1.74,0.085354,1.81,0.096844,1.9,0.107818,1.99,0.120997,2.1,0.134794,2.23,0.151774,2.39,0.171909,2.59,0.19983,2.97,0.246528,3.69,0.336629
-23.4,-43.6,12053,0.625777,1.7,0.077907,1.76,0.088242,1.84,0.098836,1.93,0.109557,2.02,0.121842,2.13,0.135111,2.26,0.150647,2.42,0.169319,2.63,0.194967,3.02,0.238924,3.74,0.323298
-23.4,-43.4,12053,0.622132,1.73,0.081875,1.796,0.091197,1.88,0.10137,1.96,0.111549,2.05,0.123117,2.17,0.135795,2.3,0.14998,2.45,0.16783,2.668,0.191715,3.05,0.230969,3.7948,0.310249
-23.4,-43.2,12053,0.620257,1.76,0.086403,1.83,0.095512,1.91,0.104886,2.0,0.11492,2.09,0.125304,2.2,0.137041,2.33,0.150146,2.48,0.166999,2.7,0.189242,3.09,0.225263,3.85,0.298429
-23.4,-43.0,12053,0.619911,1.8,0.096622,1.87,0.105167,1.95,0.113712,2.03,0.122745,2.12,0.132633,2.23,0.143193,2.36,0.155889,2.51,0.17116,2.73,0.1914,3.12,0.22425,3.9,0.291593
-23.4,-42.8,12053,0.620806,1.84,0.111015,1.91,0.118913,1.99,0.127349,2.07,0.135864,2.16,0.145013,2.27,0.154668,2.39,0.165643,2.55,0.179256,2.76,0.197937,3.16,0.226218,3.9648,0.286174
-23.4,-42.6,12053,0.62258,1.88,0.122696,1.95,0.130509,2.03,0.138434,2.11,0.147118,2.2,0.155571,2.3,0.164922,2.42,0.175659,2.58,0.188262,2.79,0.205333,3.184,0.231616,4.0048,0.284754
-23.4,-42.2,12053,0.631304,1.94,0.123185,2.01,0.131542,2.09,0.139921,2.17,0.148259,2.26,0.157591,2.36,0.16668,2.48,0.177754,2.63,0.18996,2.84,0.20612,3.24,0.231768,4.0448,0.285201
-23.4,-42.0,12053,0.63872,1.97,0.114078,2.04,0.12244,2.11,0.131181,2.2,0.139958,2.29,0.149113,2.38,0.159062,2.51,0.170721,2.65,0.18421,2.87,0.201215,3.26,0.227815,4.0648,0.279606
-23.2,-44.4,12053,0.671855,1.16,0.062904,1.22,0.076431,1.27,0.091531,1.34,0.108084,1.42,0.125526,1.5,0.144682,1.6,0.168328,1.72,0.197652,1.88,0.238935,2.15,0.306181,2.64,0.43957
-23.2,-44.2,12053,0.654414,1.28,0.061135,1.34,0.074131,1.4,0.089275,1.48,0.104979,1.56,0.122025,1.65,0.140703,1.76,0.163396,1.91,0.192489,2.08,0.232202,2.39,0.296579,2.9448,0.426051
-23.2,-44.0,12053,0.655431,1.35,0.060244,1.41,0.073489,1.48,0.088015,1.55,0.103323,1.63,0.119388,1.72,0.137577,1.83,0.159795,1.97,0.187518,2.13,0.225776,2.44,0.287814,2.99,0.409766
-23.2,-43.8,12053,0.642301,1.48,0.061416,1.54,0.074186,1.61,0.088133,1.69,0.102274,1.78,0.117806,1.88,0.135819,2.0,0.156369,2.16,0.18337,2.34,0.21996,2.68,0.279607,3.3,0.394202
-23.2,-43.6,12053,0.635576,1.55,0.063308,1.61,0.075769,1.68,0.088907,1.76,0.101988,1.86,0.117452,1.96,0.134037,2.09,0.153518,2.24,0.178922,2.45,0.213783,2.8,0.268392,3.49,0.377501
-23.2,-43.4,12053,0.633069,1.59,0.064626,1.65,0.076262,1.73,0.088824,1.81,0.102051,1.9,0.115949,2.01,0.131791,2.14,0.150517,2.3,0.174819,2.51,0.206644,2.87,0.258347,3.59,0.359715
-23.2,-43.2,12053,0.632665,1.63,0.064467,1.7,0.075471,1.77,0.087557,1.85,0.10077,1.95,0.114188,2.05,0.128934,2.19,0.14739,2.34,0.170008,2.56,0.200856,2.94,0.249322,3.68,0.343404
-23.2,-43.0,12053,0.633021,1.67,0.066836,1.73,0.077395,1.81,0.088833,1.9,0.101688,1.99,0.114139,2.09,0.1283,2.22,0.144877,2.38,0.167009,2.59,0.196588,2.98,0.240791,3.74,0.331272
-23.2,-42.8,12053,0.63375,1.72,0.078067,1.78,0.087627,1.85,0.098263,1.94,0.108852,2.03,0.120481,2.13,0.132867,2.26,0.148765,2.42,0.167702,2.63,0.195469,3.02,0.235417,3.7948,0.319505
-23.2,-42.6,12053,0.635982,1.76,0.091677,1.83,0.100926,1.9,0.109673,1.99,0.119962,2.08,0.130118,2.18,0.142155,2.3,0.155617,2.45,0.172349,2.67,0.198072,3.07,0.233591,3.85,0.309379
-23.2,-42.4,12053,0.640332,1.81,0.099613,1.88,0.108109,1.96,0.117404,2.04,0.126884,2.12,0.136923,2.22,0.147685,2.34,0.161043,2.49,0.176353,2.7,0.200248,3.11,0.234182,3.89,0.303473
-23.2,-42.2,12053,0.647502,1.87,0.100419,1.93,0.108824,2.01,0.118136,2.08,0.1282,2.17,0.137856,2.27,0.148455,2.39,0.162056,2.53,0.177666,2.748,0.200646,3.14,0.234607,3.92,0.300455
-23.2,-42.0,12053,0.65814,1.91,0.095584,1.98,0.104837,2.05,0.113724,2.13,0.12476,2.22,0.135344,2.31,0.146367,2.43,0.159465,2.57,0.176092,2.77,0.198236,3.16,0.23227,3.9248,0.298649
-23.2,-41.8,12053,0.669163,1.94,0.089785,2.01,0.099441,2.08,0.109549,2.16,0.119857,2.25,0.131424,2.35,0.143182,2.46,0.156489,2.6,0.172983,2.81,0.194796,3.18,0.230121,3.95,0.298482
-23.0,-44.4,12053,0.697688,0.46,0.060793,0.49,0.075844,0.51,0.091067,0.54,0.108695,0.57,0.12747,0.61,0.147588,0.65,0.174639,0.7,0.205218,0.77,0.248897,0.87,0.321189,1.1,0.462839
-23.0,-44.0,12053,0.752706,0.63,0.057375,0.66,0.072817,0.7,0.087893,0.73,0.105899,0.78,0.12421,0.82,0.145573,0.87,0.171514,0.92,0.202704,1.01,0.248421,1.13,0.319956,1.41,0.463417
-23.0,-43.4,12053,0.637959,1.07,0.054628,1.12,0.069399,1.18,0.084414,1.25,0.100272,1.32,0.117801,1.41,0.136967,1.51,0.16126,1.63,0.190325,1.79,0.233271,2.05,0.296054,2.56,0.428965
-23.0,-43.2,12053,0.647089,1.16,0.05475,1.22,0.068911,1.29,0.08345,1.35,0.098929,1.43,0.116703,1.52,0.134709,1.63,0.157903,1.76,0.186468,1.93,0.228156,2.23,0.289462,2.78,0.416117
-23.0,-43.0,12053,0.643499,1.32,0.053407,1.39,0.067141,1.46,0.081179,1.538,0.097049,1.63,0.113834,1.73,0.13184,1.86,0.154424,2.01,0.184027,2.19,0.223334,2.52,0.281686,3.15,0.403906
-23.0,-42.8,12053,0.641843,1.43,0.053529,1.49,0.066567,1.57,0.080264,1.65,0.095584,1.74,0.111197,1.85,0.129032,1.97,0.150761,2.13,0.17885,2.34,0.216791,2.69,0.27491,3.35,0.389164
-23.0,-42.6,12053,0.643954,1.49,0.05774,1.56,0.07062,1.63,0.083437,1.71,0.097159,1.8,0.112149,1.91,0.128788,2.05,0.148967,2.2,0.175799,2.42,0.211555,2.79,0.265047,3.4848,0.37622
-23.0,-42.4,12053,0.648192,1.55,0.062929,1.62,0.075137,1.69,0.087527,1.76,0.100699,1.86,0.114774,1.96,0.130253,2.09,0.149822,2.262,0.174688,2.48,0.210004,2.86,0.25887,3.57,0.366525
-23.0,-42.2,12053,0.656045,1.62,0.066774,1.68,0.078677,1.75,0.091006,1.82,0.103519,1.9,0.116764,2.0,0.132084,2.13,0.151567,2.3,0.175542,2.52,0.20899,2.9,0.258187,3.61,0.360602
-23.0,-42.0,12053,0.677808,1.73,0.070498,1.8,0.081484,1.87,0.093997,1.94,0.10651,2.01,0.118717,2.1,0.134281,2.21,0.152898,2.36,0.176092,2.57,0.20661,2.91,0.25483,3.63,0.353099
-23.0,-41.8,12053,0.697625,1.84,0.07886,1.9,0.089334,1.97,0.100785,2.05,0.112674,2.13,0.12515,2.22,0.138798,2.32,0.156499,2.46,0.176092,2.65,0.205499,2.99,0.250582,3.7,0.337551
-23.0,-41.6,12053,0.706657,1.9,0.081301,1.96,0.091434,2.03,0.102615,2.11,0.114493,2.19,0.127323,2.29,0.14069,2.39,0.156902,2.53,0.176092,2.73,0.20152,3.07,0.245112,3.8,0.326541
-22.8,-41.8,12053,0.739432,1.49,0.070681,1.54,0.081882,1.59,0.094549,1.64,0.107066,1.7,0.121315,1.77,0.136405,1.84,0.156299,1.93,0.180184,2.04,0.212426,2.23,0.264848,2.6848,0.367896
-22.8,-41.6,12053,0.741352,1.77,0.074404,1.83,0.085134,1.89,0.097212,1.95,0.110233,2.03,0.123172,2.12,0.138555,2.21,0.156287,2.33,0.179141,2.5,0.207346,2.78,0.258253,3.4,0.352583
-22.6,-41.8,12053,0.776155,1.32,0.066067,1.36,0.078061,1.4,0.091131,1.45,0.104053,1.5,0.118783,1.56,0.134733,1.63,0.15612,1.71,0.181367,1.81,0.214863,1.98,0.271248,2.37,0.382561
-22.6,-41.6,12053,0.773195,1.63,0.068093,1.68,0.079727,1.74,0.09191,1.81,0.105277,1.88,0.119601,1.95,0.135429,2.05,0.155911,2.16,0.179552,2.31,0.211413,2.59,0.267205,3.1548,0.369437
-22.6,-41.4,12053,0.769919,1.75,0.067531,1.81,0.07868,1.87,0.090694,1.94,0.103541,2.02,0.117453,2.1,0.132987,2.2,0.152854,2.32,0.175824,2.48,0.205978,2.77,0.258125,3.42,0.35712
-22.4,-41.6,12053,0.796984,1.23,0.061769,1.27,0.074753,1.32,0.088384,1.37,0.102129,1.42,0.117958,1.49,0.134928,1.56,0.156314,1.66,0.182786,1.78,0.216784,2.0,0.27683,2.43,0.389513
-22.4,-41.4,12053,0.795288,1.51,0.061793,1.57,0.074111,1.62,0.087006,1.68,0.100957,1.75,0.116659,1.83,0.133219,1.92,0.154497,2.03,0.179927,2.19,0.213051,2.45,0.271981,3.01,0.37808
-22.4,-41.2,12053,0.790209,1.7,0.06321,1.76,0.074912,1.82,0.087412,1.88,0.100816,1.96,0.115326,2.04,0.130814,2.14,0.151294,2.25,0.174935,2.42,0.207227,2.7,0.262314,3.3248,0.365077
-22.4,-41.0,12053,0.78413,1.81,0.080996,1.87,0.091189,1.94,0.102237,2.0,0.113211,2.08,0.125858,2.16,0.139775,2.26,0.155315,2.38,0.175665,2.55,0.203314,2.844,0.250276,3.48,0.341893
-22.4,-40.8,12053,0.775374,1.89,0.101946,1.95,0.111101,2.02,0.120096,2.09,0.130106,2.17,0.14149,2.26,0.152728,2.36,0.166615,2.48,0.183644,2.66,0.205397,2.96,0.24351,3.63,0.317986
-22.2,-41.4,12053,0.813512,0.93,0.054335,0.97,0.068625,1.0,0.08325,1.04,0.099087,1.08,0.116066,1.13,0.134037,1.18,0.157063,1.26,0.186089,1.35,0.223718,1.52,0.286718,1.87,0.404216
-22.2,-41.2,12053,0.813636,1.49,0.053163,1.54,0.06708,1.59,0.082136,1.65,0.097401,1.72,0.114962,1.79,0.132097,1.88,0.15459,1.99,0.182888,2.13,0.219858,2.39,0.281899,2.89,0.396361
-22.2,-41.0,12053,0.810288,1.7,0.064333,1.76,0.076357,1.82,0.089126,1.88,0.103323,1.95,0.118046,2.03,0.134709,2.11,0.155034,2.22,0.179217,2.38,0.211982,2.63,0.269466,3.22,0.374686
-22.2,-40.8,12053,0.806583,1.81,0.081338,1.88,0.091307,1.94,0.102875,2.01,0.114359,2.08,0.127973,2.16,0.142144,2.26,0.159016,2.37,0.178746,2.54,0.207457,2.8,0.253691,3.43,0.347805
-22.2,-40.6,12053,0.798453,1.88,0.09346,1.94,0.102532,2.01,0.112908,2.08,0.12393,2.16,0.135566,2.24,0.14821,2.34,0.162117,2.46,0.179671,2.62,0.204931,2.92,0.244063,3.5748,0.318968
-22.0,-40.8,12053,0.854338,1.65,0.069583,1.71,0.081827,1.77,0.094437,1.82,0.108647,1.88,0.123747,1.95,0.139898,2.03,0.160259,2.13,0.183771,2.27,0.219477,2.47,0.275813,2.9548,0.381815
-22.0,-40.6,12053,0.83564,1.8,0.079287,1.86,0.090127,1.92,0.101883,1.99,0.114493,2.06,0.127994,2.13,0.142888,2.22,0.159857,2.33,0.181536,2.48,0.212702,2.72,0.259957,3.31,0.354961
-21.8,-40.8,12053,0.903909,1.43,0.074125,1.48,0.085564,1.52,0.098338,1.57,0.112135,1.63,0.127665,1.69,0.143913,1.75,0.16285,1.83,0.187414,1.928,0.224021,2.08,0.28065,2.41,0.390375
-21.8,-40.6,12053,0.879408,1.68,0.08522,1.74,0.095808,1.79,0.106771,1.85,0.119264,1.91,0.132895,1.98,0.147661,2.06,0.164238,2.16,0.18692,2.28,0.219633,2.48,0.269533,2.97,0.367329
-21.6,-40.8,12053,0.934757,1.35,0.078531,1.39,0.08944,1.43,0.102103,1.48,0.115422,1.53,0.131049,1.59,0.14688,1.656,0.165901,1.72,0.191049,1.81,0.226347,1.95,0.281976,2.25,0.387107
-21.6,-40.6,12053,0.907387,1.6,0.09479,1.65,0.104485,1.7,0.115445,1.75,0.126756,1.81,0.138532,1.88,0.152971,1.96,0.169173,2.05,0.190491,2.16,0.221039,2.34,0.267621,2.75,0.362942
-21.4,-40.8,12053,0.948337,1.28,0.07438,1.32,0.086492,1.36,0.099163,1.41,0.112999,1.46,0.129133,1.52,0.145428,1.58,0.165661,1.65,0.191921,1.73,0.228933,1.86,0.284603,2.14,0.393443
-21.4,-40.6,12053,0.920794,1.51,0.090505,1.55,0.100554,1.6,0.112373,1.65,0.123339,1.71,0.136178,1.77,0.150676,1.84,0.167094,1.93,0.189681,2.02,0.220727,2.19,0.267078,2.54,0.36451
-21.2,-40.8,12053,0.95555,1.23,0.066495,1.26,0.079876,1.3,0.093728,1.35,0.109047,1.39,0.127023,1.44,0.144536,1.5,0.166841,1.57,0.196566,1.658,0.235542,1.784,0.295506,2.0548,0.407269
-21.2,-40.6,12053,0.928676,1.39,0.086244,1.43,0.096982,1.48,0.109188,1.52,0.121146,1.57,0.134554,1.63,0.150186,1.69,0.168329,1.77,0.191495,1.86,0.224314,2.01,0.272827,2.35,0.372986
-21.2,-40.4,12053,0.886068,1.59,0.12354,1.64,0.131604,1.69,0.14013,1.74,0.149564,1.79,0.159928,1.86,0.172162,1.93,0.185153,2.02,0.20116,2.13,0.222954,2.33,0.256414,2.76,0.332395
-21.0,-40.8,12053,0.951343,1.08,0.065372,1.12,0.07908,1.15,0.093998,1.19,0.109685,1.22,0.128142,1.27,0.146975,1.32,0.170977,1.38,0.202289,1.47,0.243586,1.6,0.306367,1.89,0.424294
-21.0,-40.6,12053,0.932945,1.25,0.087587,1.28,0.098147,1.32,0.11072,1.36,0.123783,1.4,0.137454,1.46,0.152714,1.52,0.17188,1.59,0.196539,1.68,0.23033,1.83,0.28204,2.16,0.384989
-21.0,-40.4,12053,0.898775,1.5,0.117497,1.55,0.126044,1.59,0.135014,1.64,0.144902,1.69,0.155707,1.75,0.169318,1.83,0.182623,1.91,0.200689,2.02,0.224311,2.22,0.259836,2.64,0.339973
-21.0,-40.2,12053,0.871251,1.69,0.154545,1.74,0.161626,1.79,0.169375,1.84,0.177615,1.9,0.185978,1.97,0.195257,2.05,0.206486,2.15,0.219791,2.29,0.236394,2.52,0.262055,3.02,0.316719
-21.0,-29.4,12053,0.770816,1.99,0.189764,2.07,0.196661,2.14,0.203986,2.24,0.210639,2.34,0.216926,2.44,0.224799,2.57,0.234138,2.72,0.244819,2.93,0.25865,3.26,0.281185,3.91,0.315867
-21.0,-29.2,12053,0.764102,1.99,0.187323,2.07,0.193976,2.15,0.201313,2.24,0.208686,2.334,0.214972,2.45,0.222479,2.57,0.231514,2.72,0.241829,2.93,0.256112,3.26,0.27872,3.91,0.312539
-20.8,-40.4,12053,0.910979,1.37,0.104412,1.42,0.113931,1.46,0.124814,1.5,0.136057,1.55,0.148311,1.6,0.162897,1.67,0.17877,1.75,0.200136,1.86,0.228063,2.06,0.269252,2.4548,0.35602
-20.8,-40.2,12053,0.890282,1.59,0.136391,1.64,0.143948,1.69,0.152931,1.74,0.16132,1.79,0.170975,1.85,0.181912,1.94,0.194788,2.032,0.210289,2.16,0.228763,2.39,0.2596,2.85,0.327114
-20.8,-40.0,12053,0.875556,1.74,0.174016,1.79,0.181561,1.84,0.188848,1.9,0.196283,1.96,0.203925,2.03,0.212592,2.13,0.222455,2.23,0.234565,2.39,0.250423,2.65,0.27253,3.18,0.318337
-20.8,-29.6,12053,0.790647,1.99,0.192035,2.06,0.199347,2.14,0.206076,2.23,0.212382,2.33,0.219184,2.44,0.226667,2.56,0.235879,2.71,0.246008,2.92,0.261644,3.25,0.282521,3.89,0.312983
-20.8,-29.4,12053,0.782981,1.99,0.190033,2.06,0.197491,2.14,0.204144,2.23,0.210536,2.33,0.217536,2.44,0.225532,2.56,0.234152,2.71,0.244566,2.92,0.259664,3.25,0.281034,3.89,0.313782
-20.8,-29.2,12053,0.774233,1.99,0.186836,2.07,0.193825,2.14,0.201254,2.23,0.207893,2.33,0.214985,2.44,0.222907,2.56,0.231319,2.71,0.242037,2.92,0.255782,3.25,0.278075,3.9048,0.310255
-20.8,-29.0,12053,0.769028,1.99,0.183905,2.07,0.190619,2.14,0.197882,2.23,0.204474,2.33,0.212348,2.44,0.219794,2.57,0.228034,2.71,0.238289,2.92,0.252327,3.25,0.274374,3.91,0.304787
-20.8,-28.8,12053,0.765312,1.99,0.181682,2.07,0.188526,2.15,0.195013,2.23,0.202186,2.33,0.209674,2.45,0.216999,2.57,0.225763,2.71,0.235461,2.92,0.248789,3.25,0.271041,3.9,0.302096
-20.8,-28.6,12053,0.762137,2.0,0.180377,2.07,0.186712,2.15,0.193404,2.24,0.200995,2.33,0.208124,2.45,0.215668,2.57,0.224904,2.71,0.233884,2.92,0.247071,3.25,0.26806,3.91,0.300268
-20.6,-40.4,12053,0.91261,1.15,0.090396,1.19,0.101749,1.22,0.113664,1.26,0.127106,1.3,0.141257,1.34,0.157537,1.4,0.177227,1.47,0.204216,1.57,0.237372,1.73,0.288226,2.06,0.385961
-20.6,-40.2,12053,0.907403,1.42,0.120399,1.47,0.129558,1.51,0.139006,1.56,0.148435,1.6,0.159988,1.66,0.172294,1.73,0.187856,1.82,0.205592,1.94,0.228375,2.15,0.263416,2.56,0.341237
-20.6,-40.0,12053,0.89504,1.65,0.159734,1.7,0.166875,1.75,0.174688,1.8,0.182257,1.86,0.19068,1.93,0.200446,2.01,0.210944,2.12,0.224567,2.27,0.241462,2.51,0.266305,3.02,0.31967
-20.6,-29.8,12053,0.810998,1.99,0.192144,2.06,0.198439,2.14,0.204745,2.23,0.211511,2.32,0.218298,2.43,0.226081,2.56,0.234284,2.7,0.245064,2.91,0.260855,3.23,0.282645,3.88,0.311151
-20.6,-29.6,12053,0.804873,1.99,0.191241,2.06,0.197748,2.14,0.204235,2.22,0.210709,2.33,0.218268,2.43,0.225727,2.556,0.234421,2.7,0.244514,2.91,0.260665,3.23,0.281295,3.87,0.30972
-20.6,-29.4,12053,0.79752,1.99,0.189373,2.06,0.196688,2.14,0.203009,2.22,0.209455,2.33,0.216772,2.43,0.224934,2.56,0.233315,2.7,0.243906,2.91,0.258951,3.234,0.279965,3.88,0.309976
-20.6,-29.2,12053,0.794126,1.99,0.186346,2.06,0.193451,2.14,0.20006,2.23,0.206572,2.33,0.213691,2.44,0.221968,2.56,0.230659,2.7,0.241478,2.91,0.254461,3.23,0.276085,3.89,0.306612
-20.6,-29.0,12053,0.78518,1.99,0.182318,2.06,0.189032,2.14,0.195807,2.22,0.202643,2.33,0.209845,2.44,0.217902,2.56,0.226753,2.7,0.237434,2.91,0.25074,3.23,0.270882,3.89,0.302194
-20.6,-28.8,12053,0.777077,1.99,0.179558,2.06,0.186004,2.14,0.192758,2.22,0.199857,2.33,0.20723,2.44,0.214569,2.56,0.22401,2.7,0.234084,2.91,0.246485,3.23,0.266976,3.89,0.297836
-20.6,-28.6,12053,0.775593,1.99,0.177605,2.07,0.184364,2.14,0.191183,2.23,0.198024,2.33,0.205314,2.44,0.213141,2.56,0.222028,2.71,0.231513,2.92,0.244529,3.23,0.264293,3.8948,0.294754
-20.4,-40.2,12053,0.917585,1.21,0.110158,1.24,0.11968,1.28,0.1298,1.32,0.140479,1.36,0.153507,1.41,0.167215,1.47,0.184773,1.54,0.205841,1.65,0.232371,1.84,0.272461,2.2,0.359068
-20.4,-40.0,12053,0.907028,1.57,0.146672,1.62,0.154057,1.66,0.161992,1.72,0.17083,1.77,0.180242,1.84,0.191046,1.92,0.20307,2.03,0.21778,2.17,0.235713,2.41,0.265365,2.9,0.325835
-20.4,-39.8,12053,0.894402,1.71,0.180562,1.76,0.187519,1.81,0.194076,1.87,0.201116,1.934,0.208723,2.01,0.217294,2.1,0.227348,2.22,0.238816,2.4,0.253084,2.66,0.275668,3.2,0.320872
-20.4,-29.6,12053,0.820567,1.99,0.188739,2.05,0.194259,2.13,0.200436,2.22,0.207047,2.32,0.214343,2.43,0.22259,2.55,0.230861,2.69,0.241585,2.9,0.256897,3.22,0.276927,3.86,0.307814
-20.4,-29.4,12053,0.819149,1.99,0.186725,2.05,0.193158,2.13,0.199083,2.22,0.205441,2.32,0.213322,2.43,0.221259,2.55,0.229736,2.69,0.240671,2.9,0.254991,3.22,0.27503,3.8648,0.305715
-20.4,-29.2,12053,0.815344,1.99,0.184039,2.06,0.190167,2.13,0.195975,2.22,0.202884,2.32,0.210742,2.43,0.218159,2.55,0.227229,2.69,0.238152,2.9,0.251102,3.21,0.272347,3.8648,0.301626
-20.4,-29.0,12053,0.813267,1.99,0.180425,2.06,0.186773,2.14,0.192633,2.22,0.199164,2.32,0.206732,2.43,0.214911,2.55,0.223945,2.69,0.234382,2.9,0.246956,3.21,0.268648,3.8648,0.297553
-20.4,-28.8,12053,0.802867,1.99,0.177556,2.06,0.183904,2.13,0.190191,2.22,0.196939,2.33,0.204059,2.44,0.21186,2.55,0.221003,2.7,0.230978,2.91,0.243242,3.22,0.264263,3.87,0.292721
-20.4,-28.6,12053,0.791805,1.99,0.17553,2.06,0.181844,2.14,0.188658,2.23,0.195404,2.33,0.202494,2.44,0.209565,2.56,0.218818,2.7,0.228584,2.91,0.240405,3.22,0.259974,3.88,0.288577
-20.2,-40.0,12053,0.917964,1.49,0.136662,1.54,0.144719,1.58,0.153581,1.63,0.16303,1.69,0.173162,1.76,0.185003,1.84,0.199286,1.94,0.215522,2.08,0.235969,2.32,0.270089,2.8,0.338936
-20.2,-39.8,12053,0.902548,1.64,0.169256,1.69,0.176314,1.74,0.183439,1.8,0.19056,1.87,0.198898,1.94,0.208627,2.03,0.218904,2.16,0.230978,2.32,0.24692,2.58,0.271455,3.12,0.321745
-20.2,-29.6,12053,0.833773,1.99,0.184368,2.05,0.190162,2.13,0.196359,2.22,0.202521,2.31,0.209662,2.42,0.218109,2.54,0.22717,2.68,0.237705,2.89,0.251814,3.2,0.271317,3.8548,0.301827
-20.2,-29.4,12053,0.830219,1.99,0.182513,2.05,0.188246,2.13,0.194466,2.22,0.200892,2.32,0.208183,2.42,0.215888,2.55,0.224943,2.68,0.235832,2.89,0.249102,3.2,0.269378,3.84,0.298978
-20.2,-29.2,12053,0.82612,1.99,0.18023,2.05,0.185845,2.13,0.191669,2.22,0.198522,2.32,0.206171,2.43,0.213691,2.54,0.222326,2.68,0.232869,2.89,0.246468,3.2,0.266419,3.84,0.296539
-20.2,-29.0,12053,0.820817,1.99,0.177618,2.06,0.183355,2.13,0.189105,2.22,0.196051,2.32,0.203888,2.43,0.211127,2.55,0.219611,2.682,0.22956,2.89,0.242537,3.2,0.263582,3.8448,0.292946
-20.2,-28.8,12053,0.813605,1.99,0.175298,2.06,0.18118,2.13,0.187566,2.22,0.1944,2.32,0.201393,2.43,0.209015,2.55,0.217302,2.69,0.226816,2.89,0.239126,3.2,0.259986,3.85,0.287707
-20.2,-28.6,12053,0.804866,1.99,0.173504,2.06,0.17983,2.14,0.186248,2.22,0.192833,2.32,0.199738,2.44,0.207196,2.55,0.215339,2.69,0.224717,2.89,0.237522,3.21,0.257374,3.85,0.283883
-20.0,-40.0,12053,0.927341,1.4,0.126347,1.45,0.135502,1.5,0.145268,1.55,0.155339,1.61,0.166326,1.68,0.180364,1.76,0.196539,1.862,0.21485,2.01,0.23896,2.27,0.277413,2.73,0.355846
-20.0,-39.8,12053,0.912863,1.57,0.151983,1.62,0.159491,1.67,0.166951,1.72,0.175728,1.79,0.185737,1.87,0.195624,1.96,0.208077,2.08,0.221993,2.24,0.240118,2.5,0.2671,3.0448,0.325839
-20.0,-39.6,12053,0.908498,1.68,0.175237,1.73,0.182195,1.79,0.189275,1.85,0.196587,1.92,0.204229,2.0,0.213263,2.09,0.222784,2.22,0.234932,2.4,0.249153,2.68,0.274166,3.26,0.320473
-19.8,-40.0,12053,0.935606,1.15,0.115482,1.19,0.125736,1.23,0.136235,1.28,0.147514,1.34,0.161101,1.41,0.176519,1.49,0.194891,1.58,0.216498,1.718,0.246638,1.93,0.291867,2.32,0.380776
-19.8,-39.8,12053,0.931915,1.4,0.130071,1.44,0.139082,1.49,0.148714,1.55,0.159161,1.61,0.16972,1.68,0.183198,1.77,0.198878,1.88,0.215858,2.04,0.240177,2.284,0.277564,2.77,0.352128
-19.8,-39.6,12053,0.918094,1.59,0.154617,1.64,0.162259,1.69,0.169699,1.758,0.178313,1.82,0.187886,1.9,0.197796,2.0,0.209612,2.11,0.223719,2.29,0.241149,2.57,0.268243,3.1248,0.32627
-19.8,-39.4,12053,0.918504,1.68,0.17127,1.73,0.178199,1.79,0.185443,1.85,0.193021,1.92,0.20091,2.0,0.209821,2.1,0.219394,2.23,0.232004,2.42,0.246956,2.7,0.27173,3.29,0.319991
-19.6,-39.6,12053,0.982108,1.47,0.1376,1.51,0.146222,1.56,0.15557,1.62,0.165346,1.68,0.17612,1.75,0.188714,1.84,0.203418,1.94,0.220641,2.09,0.243374,2.35,0.276532,2.86,0.349754
-19.6,-39.4,12053,0.965226,1.59,0.154387,1.64,0.161963,1.69,0.169964,1.75,0.178533,1.81,0.188207,1.89,0.19787,1.98,0.209504,2.09,0.223906,2.25,0.241924,2.52,0.269383,3.07,0.327973
-19.4,-39.6,12053,1.115143,1.22,0.131437,1.26,0.140311,1.31,0.150382,1.35,0.161111,1.39,0.17335,1.45,0.18736,1.51,0.203634,1.59,0.2232,1.7,0.248343,1.89,0.288884,2.26,0.368849
-19.4,-39.4,12053,1.095759,1.49,0.144658,1.54,0.15262,1.59,0.161048,1.64,0.170321,1.7,0.180973,1.77,0.192719,1.85,0.20591,1.95,0.22186,2.1,0.243286,2.35,0.274964,2.84,0.344057
-19.2,-39.6,12053,1.322787,1.2,0.133316,1.24,0.142423,1.28,0.152214,1.32,0.162869,1.37,0.175334,1.42,0.189825,1.48,0.206273,1.55,0.22584,1.66,0.251859,1.84,0.291859,2.19,0.376666
-19.2,-39.4,12053,1.272525,1.46,0.141936,1.51,0.149966,1.56,0.158929,1.61,0.16814,1.67,0.179278,1.74,0.191693,1.81,0.205414,1.91,0.222287,2.06,0.244783,2.31,0.278187,2.8048,0.35232
-19.0,-39.6,12053,1.481503,1.12,0.132267,1.15,0.141154,1.19,0.150822,1.23,0.161993,1.28,0.174346,1.33,0.189459,1.39,0.205976,1.45,0.226142,1.56,0.252816,1.72,0.293418,2.06,0.379
-19.0,-39.4,12053,1.433717,1.43,0.140019,1.48,0.148442,1.53,0.157598,1.58,0.166802,1.64,0.178411,1.7,0.190802,1.77,0.205487,1.87,0.223103,2.02,0.245723,2.264,0.280001,2.75,0.358038
-18.8,-39.6,12053,1.620159,0.96,0.131535,1.0,0.140773,1.03,0.150773,1.06,0.162026,1.1,0.174802,1.14,0.190423,1.19,0.20719,1.25,0.228059,1.33,0.25494,1.47,0.298008,1.74,0.383885
-18.8,-39.4,12053,1.571999,1.34,0.13925,1.38,0.14792,1.43,0.15688,1.48,0.166971,1.53,0.178128,1.59,0.191241,1.66,0.206464,1.75,0.224557,1.88,0.247405,2.11,0.283069,2.54,0.363749
-18.6,-39.6,12053,1.739896,0.97,0.130289,1.0,0.140049,1.03,0.150398,1.07,0.161687,1.1,0.175664,1.15,0.191156,1.2,0.20796,1.25,0.230913,1.34,0.258612,1.48,0.304092,1.76,0.392729
-18.6,-39.4,12053,1.684572,1.27,0.136772,1.31,0.145486,1.36,0.155327,1.4,0.165347,1.46,0.177455,1.52,0.191229,1.58,0.206938,1.67,0.22594,1.8,0.249858,2.01,0.2886,2.45,0.370456
-18.4,-39.6,12053,1.841177,1.03,0.127604,1.07,0.138207,1.1,0.149238,1.14,0.160754,1.18,0.175743,1.23,0.192791,1.28,0.210458,1.35,0.234321,1.45,0.263514,1.61,0.312239,1.96,0.407007
-18.4,-39.4,12053,1.785987,1.25,0.13256,1.29,0.141609,1.33,0.151912,1.38,0.162517,1.43,0.175789,1.5,0.190619,1.57,0.207265,1.65,0.2279,1.79,0.254322,2.014,0.296993,2.4848,0.384634
-18.2,-39.4,12053,1.862386,1.11,0.126738,1.15,0.137207,1.18,0.148261,1.23,0.159997,1.28,0.174898,1.33,0.191448,1.4,0.209193,1.49,0.232505,1.62,0.261256,1.83,0.309142,2.25,0.403572
-18.2,-39.2,12053,1.780442,1.28,0.131608,1.32,0.141176,1.37,0.151274,1.42,0.162395,1.47,0.175828,1.54,0.191021,1.61,0.208136,1.71,0.229284,1.85,0.255313,2.1,0.29969,2.6,0.386003
-18.2,-39.0,12053,1.690964,1.4,0.133915,1.45,0.143474,1.49,0.152776,1.54,0.163823,1.6,0.176885,1.67,0.191717,1.75,0.208014,1.86,0.228156,2.0,0.253706,2.25,0.294137,2.8,0.376593
-18.0,-39.4,12053,1.905866,0.89,0.120548,0.91,0.131535,0.94,0.143693,0.98,0.15789,1.02,0.173467,1.07,0.191778,1.14,0.211737,1.23,0.238044,1.34,0.270931,1.54,0.324558,1.89,0.428005
-18.0,-39.2,12053,1.824537,1.15,0.123478,1.19,0.134135,1.23,0.145219,1.28,0.158208,1.33,0.173284,1.39,0.19068,1.47,0.208747,1.57,0.233833,1.71,0.263802,1.95,0.313841,2.44,0.41288
-18.0,-39.0,12053,1.729094,1.29,0.127262,1.33,0.138249,1.37,0.148625,1.42,0.160527,1.48,0.174566,1.54,0.191046,1.62,0.208441,1.72,0.231941,1.86,0.260262,2.11,0.306528,2.63,0.398718
-18.0,-38.8,12053,1.637309,1.32,0.132146,1.36,0.141851,1.4,0.151995,1.45,0.163555,1.5,0.176275,1.56,0.19129,1.64,0.207954,1.73,0.228583,1.87,0.255135,2.1,0.296468,2.55,0.382177
-17.8,-39.0,12053,1.712443,1.15,0.129826,1.19,0.140239,1.22,0.151018,1.27,0.163567,1.31,0.177276,1.37,0.193243,1.43,0.211042,1.53,0.23426,1.65,0.262264,1.87,0.308261,2.29,0.397163
-17.8,-38.8,12053,1.616846,1.23,0.140044,1.27,0.14973,1.31,0.159417,1.35,0.170514,1.4,0.182152,1.45,0.19604,1.51,0.212287,1.6,0.231036,1.72,0.256267,1.91,0.293934,2.3,0.373105
-17.6,-39.0,12053,1.633249,0.87,0.141911,0.89,0.151799,0.92,0.161504,0.95,0.173162,0.99,0.185333,1.02,0.199835,1.07,0.216071,1.12,0.236653,1.208,0.262813,1.33,0.304135,1.62,0.386391
-17.6,-38.8,12053,1.538098,1.23,0.153278,1.27,0.161578,1.31,0.170824,1.36,0.18056,1.41,0.190966,1.46,0.203083,1.52,0.217198,1.6,0.233466,1.72,0.256302,1.9,0.289465,2.26,0.359402
-17.4,-39.0,12053,1.547085,1.01,0.149174,1.05,0.158208,1.08,0.167803,1.12,0.179327,1.16,0.190216,1.21,0.203681,1.26,0.219221,1.32,0.237983,1.41,0.262813,1.54,0.300693,1.8,0.378449
-17.4,-38.8,12053,1.456344,1.3,0.160016,1.34,0.168097,1.38,0.176422,1.43,0.185914,1.48,0.196525,1.54,0.207564,1.61,0.220042,1.69,0.236006,1.82,0.257227,2.01,0.287147,2.42,0.351919
-17.2,-39.0,12053,1.474319,1.13,0.154179,1.17,0.163152,1.21,0.17243,1.25,0.183355,1.29,0.194342,1.34,0.206977,1.4,0.222297,1.47,0.240559,1.56,0.264168,1.74,0.300839,2.0448,0.374308
-17.2,-38.8,12053,1.373565,1.31,0.169012,1.35,0.176491,1.39,0.184503,1.44,0.193044,1.49,0.202869,1.55,0.213287,1.62,0.224435,1.71,0.23906,1.83,0.257742,2.03,0.285305,2.45,0.341281
-17.0,-39.0,12053,1.415185,1.08,0.155339,1.11,0.16419,1.15,0.173956,1.19,0.184637,1.23,0.196234,1.28,0.208747,1.33,0.224006,1.41,0.242988,1.5,0.266732,1.67,0.300729,1.9748,0.372631
-17.0,-38.8,12053,1.312467,1.29,0.173529,1.33,0.18061,1.37,0.188606,1.42,0.196406,1.47,0.206001,1.53,0.215827,1.6,0.226509,1.69,0.240133,1.81,0.257697,2.02,0.284615,2.4548,0.33701
-16.8,-39.0,12053,1.366177,1.07,0.161687,1.11,0.170232,1.15,0.1794,1.19,0.189691,1.23,0.200775,1.27,0.212958,1.33,0.227729,1.41,0.244954,1.5,0.268807,1.68,0.302731,1.99,0.371222
-16.8,-38.8,12053,1.306837,1.29,0.174701,1.34,0.181911,1.38,0.189731,1.43,0.197734,1.48,0.206982,1.54,0.216963,1.61,0.227807,1.71,0.241394,1.83,0.259235,2.05,0.286259,2.52,0.340059
-16.6,-39.0,12053,1.357535,0.89,0.163213,0.92,0.171795,0.95,0.181231,0.99,0.191717,1.02,0.203131,1.06,0.215522,1.11,0.230354,1.17,0.248677,1.25,0.272469,1.4,0.308115,1.66,0.378
-16.6,-38.8,12053,1.324238,1.31,0.172649,1.36,0.180048,1.4,0.188034,1.45,0.196709,1.51,0.206049,1.57,0.216656,1.65,0.227937,1.74,0.242129,1.88,0.261208,2.11,0.288888,2.58,0.343039
-16.4,-38.8,12053,1.338481,1.26,0.168817,1.3,0.177278,1.35,0.185314,1.39,0.194976,1.44,0.205184,1.5,0.216035,1.58,0.228336,1.662,0.244184,1.8,0.264891,2.02,0.29517,2.45,0.353368
-16.4,-38.6,12053,1.295215,1.39,0.174004,1.43,0.182117,1.48,0.190117,1.53,0.198273,1.59,0.207501,1.65,0.216827,1.73,0.228493,1.83,0.24021,1.98,0.258682,2.21,0.285012,2.73,0.333769
-16.2,-38.8,12053,1.355504,1.08,0.166142,1.11,0.174361,1.15,0.183495,1.19,0.193865,1.23,0.204703,1.28,0.216925,1.35,0.229694,1.42,0.247393,1.54,0.26961,1.72,0.30306,2.08,0.366271
-16.2,-38.6,12053,1.323611,1.35,0.171477,1.39,0.179741,1.44,0.188033,1.49,0.197159,1.54,0.206583,1.6,0.216706,1.68,0.228342,1.77,0.242276,1.92,0.261717,2.15,0.288893,2.64,0.34271
-16.0,-38.8,12053,1.351447,1.02,0.166571,1.06,0.175237,1.1,0.184942,1.13,0.195307,1.17,0.206672,1.22,0.218635,1.28,0.232246,1.35,0.250129,1.46,0.272761,1.63,0.306282,1.9748,0.370151
-16.0,-38.6,12053,1.323896,1.35,0.177373,1.39,0.185161,1.44,0.192815,1.5,0.201666,1.55,0.210846,1.61,0.221197,1.69,0.232405,1.79,0.245308,1.94,0.263058,2.16,0.290524,2.65,0.340646
-15.8,-38.8,12053,1.310747,1.0,0.175165,1.03,0.183016,1.06,0.192304,1.1,0.201747,1.14,0.2115,1.18,0.222651,1.24,0.234684,1.3,0.249994,1.4,0.270123,1.55,0.299538,1.85,0.357014
-15.8,-38.6,12053,1.290048,1.4,0.187333,1.44,0.194434,1.5,0.200726,1.55,0.208729,1.61,0.216969,1.67,0.225921,1.75,0.23644,1.85,0.248542,2.01,0.262774,2.24,0.284886,2.7348,0.32766
-15.8,-38.4,12053,1.290004,1.45,0.201349,1.5,0.207223,1.55,0.212865,1.61,0.219512,1.67,0.226558,1.74,0.234614,1.82,0.2444,1.92,0.255565,2.07,0.26828,2.33,0.287301,2.8248,0.322092
-15.6,-38.8,12053,1.3051,1.16,0.180854,1.2,0.188325,1.23,0.196601,1.28,0.205354,1.32,0.214987,1.37,0.225203,1.44,0.236351,1.51,0.249741,1.62,0.267928,1.8,0.295482,2.12,0.346948
-15.6,-38.6,12053,1.289537,1.4,0.19367,1.44,0.20003,1.49,0.2066,1.55,0.213517,1.61,0.220951,1.67,0.229915,1.75,0.239856,1.85,0.251753,2.01,0.264999,2.254,0.285758,2.74,0.324061
-15.4,-38.8,12053,1.301436,1.24,0.184954,1.28,0.192848,1.32,0.200063,1.37,0.208549,1.42,0.217707,1.48,0.227157,1.55,0.237996,1.63,0.250909,1.76,0.267544,1.96,0.292464,2.3448,0.340436
-15.4,-38.6,12053,1.292143,1.4,0.200287,1.45,0.206023,1.5,0.212169,1.55,0.219197,1.61,0.226261,1.68,0.23387,1.76,0.244087,1.87,0.25504,2.02,0.268741,2.27,0.286957,2.75,0.322422
-15.2,-38.8,12053,1.295797,1.23,0.191121,1.27,0.198231,1.31,0.205467,1.36,0.213371,1.41,0.221162,1.47,0.230696,1.54,0.240792,1.63,0.253063,1.76,0.268576,1.97,0.291002,2.35,0.33474
-15.2,-38.6,12053,1.295563,1.41,0.205548,1.46,0.211285,1.51,0.217795,1.56,0.223719,1.62,0.230231,1.69,0.238143,1.78,0.246853,1.88,0.258124,2.04,0.271145,2.29,0.289476,2.78,0.320633
-15.0,-38.8,12053,1.297176,1.3,0.195686,1.35,0.202399,1.39,0.209357,1.44,0.216669,1.5,0.22419,1.57,0.232672,1.64,0.242684,1.74,0.255378,1.87,0.269283,2.1,0.290646,2.51,0.329965
-15.0,-38.6,12053,1.300468,1.41,0.208624,1.46,0.214178,1.51,0.220587,1.57,0.22663,1.63,0.233222,1.7,0.240913,1.79,0.249189,1.9,0.260152,2.06,0.272347,2.31,0.291024,2.79,0.320779
-14.8,-38.8,12053,1.303494,1.32,0.199396,1.36,0.205808,1.41,0.212277,1.46,0.219146,1.52,0.226362,1.59,0.234724,1.66,0.244233,1.76,0.256501,1.9,0.270801,2.14,0.291201,2.5648,0.327773
-14.8,-38.6,12053,1.306485,1.42,0.209138,1.47,0.215106,1.52,0.220882,1.58,0.227482,1.64,0.23366,1.72,0.241194,1.81,0.250296,1.92,0.260402,2.07,0.272824,2.34,0.290907,2.82,0.322098
-14.6,-38.8,12053,1.310174,1.32,0.201179,1.37,0.20702,1.42,0.213521,1.47,0.220014,1.53,0.227167,1.6,0.235372,1.68,0.244817,1.79,0.256809,1.938,0.27109,2.18,0.290557,2.6348,0.32824
-14.6,-38.6,12053,1.313147,1.42,0.208636,1.47,0.214613,1.53,0.220344,1.58,0.22675,1.65,0.233374,1.72,0.240729,1.81,0.2499,1.93,0.260057,2.08,0.272047,2.36,0.290455,2.85,0.323306
-14.4,-38.8,12053,1.316916,1.33,0.201374,1.38,0.207252,1.42,0.213971,1.48,0.220694,1.54,0.227454,1.61,0.235675,1.69,0.24507,1.8,0.257186,1.95,0.271703,2.21,0.291236,2.66,0.329901
-14.4,-38.6,12053,1.320095,1.43,0.207623,1.48,0.213495,1.53,0.219051,1.59,0.225606,1.654,0.231965,1.73,0.239972,1.82,0.249065,1.94,0.258987,2.1,0.271261,2.38,0.289157,2.88,0.323051
-14.2,-38.8,12053,1.323417,1.26,0.199654,1.31,0.205935,1.36,0.212677,1.41,0.219332,1.47,0.226801,1.54,0.234967,1.62,0.245068,1.72,0.257409,1.87,0.272322,2.12,0.292411,2.55,0.333404
-14.2,-38.6,12053,1.326971,1.43,0.205964,1.48,0.211874,1.53,0.217548,1.59,0.223933,1.65,0.230732,1.73,0.238655,1.82,0.247841,1.93,0.257467,2.1,0.270083,2.38,0.287696,2.87,0.323234
-14.0,-38.8,12053,1.330248,1.23,0.199409,1.28,0.205878,1.32,0.213141,1.37,0.219842,1.42,0.227997,1.49,0.236459,1.56,0.246468,1.66,0.259223,1.8,0.273689,2.03,0.295894,2.45,0.339547
-14.0,-38.6,12053,1.333567,1.42,0.204535,1.47,0.210211,1.52,0.21595,1.58,0.222724,1.64,0.229646,1.72,0.237862,1.8,0.246895,1.92,0.2566,2.08,0.268625,2.36,0.287192,2.85,0.3249
-13.8,-38.8,12053,1.3407,1.19,0.199055,1.23,0.20546,1.27,0.212982,1.32,0.220587,1.37,0.228555,1.43,0.23758,1.51,0.247734,1.6,0.260155,1.73,0.276116,1.96,0.300118,2.3448,0.34607
-13.8,-38.6,12053,1.339513,1.42,0.203754,1.47,0.209589,1.52,0.215502,1.58,0.222199,1.64,0.229338,1.71,0.237384,1.81,0.24653,1.92,0.256172,2.08,0.268781,2.36,0.287502,2.8548,0.326845
-13.6,-38.8,12053,1.343764,1.18,0.201155,1.22,0.207734,1.27,0.215046,1.31,0.222773,1.36,0.230876,1.42,0.239875,1.49,0.250384,1.59,0.263047,1.71,0.279738,1.93,0.304928,2.31,0.351721
-13.6,-38.6,12053,1.344172,1.41,0.203313,1.45,0.209575,1.51,0.215659,1.56,0.222671,1.62,0.229742,1.69,0.237787,1.79,0.246268,1.9,0.257374,2.07,0.270088,2.34,0.289744,2.84,0.328939
-13.4,-38.8,12053,1.34829,1.17,0.200726,1.21,0.20757,1.26,0.215438,1.3,0.22332,1.35,0.23198,1.41,0.24117,1.48,0.252314,1.58,0.264686,1.71,0.282958,1.92,0.309176,2.3,0.356999
-13.4,-38.6,12053,1.347042,1.39,0.201874,1.43,0.208681,1.48,0.215516,1.54,0.222208,1.6,0.2299,1.67,0.237934,1.76,0.247207,1.88,0.259189,2.05,0.273293,2.31,0.295212,2.82,0.336075
-13.4,-38.4,12053,1.350069,1.46,0.201581,1.51,0.207191,1.56,0.213097,1.62,0.220235,1.69,0.227522,1.76,0.235615,1.85,0.244001,1.97,0.253157,2.14,0.265411,2.41,0.283985,2.96,0.321755
-13.2,-38.6,12053,1.351313,1.32,0.199225,1.37,0.20602,1.42,0.21395,1.48,0.222053,1.544,0.230146,1.62,0.239765,1.71,0.251024,1.83,0.263551,1.99,0.281181,2.26,0.307125,2.77,0.355094
-13.2,-38.4,12053,1.350203,1.42,0.199384,1.47,0.205887,1.52,0.212668,1.58,0.219462,1.65,0.227336,1.72,0.2352,1.81,0.24479,1.93,0.256574,2.11,0.27033,2.38,0.292194,2.91,0.33274
-13.2,-38.2,12053,1.350511,1.49,0.197428,1.53,0.203213,1.59,0.209149,1.64,0.216177,1.71,0.223303,1.79,0.231392,1.87,0.239563,2.0,0.249615,2.17,0.260825,2.43,0.279784,2.9648,0.316887
-13.2,-38.0,12053,1.350577,1.53,0.193182,1.58,0.199103,1.63,0.204962,1.69,0.210883,1.76,0.217414,1.83,0.225105,1.92,0.234077,2.04,0.244099,2.2,0.255684,2.48,0.272836,3.01,0.30561
-13.0,-38.4,12053,1.348136,1.3,0.195013,1.35,0.202338,1.4,0.2107,1.46,0.219355,1.52,0.228034,1.59,0.238166,1.68,0.25019,1.8,0.263252,1.96,0.282711,2.21,0.310336,2.72,0.361607
-13.0,-38.2,12053,1.348924,1.43,0.196722,1.48,0.203621,1.53,0.210516,1.59,0.217414,1.66,0.225374,1.73,0.233648,1.82,0.243721,1.94,0.255377,2.1,0.269589,2.37,0.292478,2.89,0.334849
-13.0,-38.0,12053,1.349592,1.5,0.194403,1.55,0.200507,1.61,0.206915,1.67,0.21363,1.73,0.220649,1.8,0.228584,1.89,0.236824,2.01,0.246956,2.17,0.258492,2.44,0.278024,2.97,0.313425
-13.0,-37.8,12053,1.350038,1.55,0.188726,1.61,0.194768,1.66,0.201055,1.72,0.207098,1.78,0.213263,1.85,0.220464,1.94,0.229438,2.06,0.239388,2.23,0.251533,2.49,0.268367,3.02,0.299842
-12.8,-38.0,12053,1.34956,1.44,0.195746,1.49,0.202765,1.54,0.20954,1.6,0.216437,1.67,0.224311,1.74,0.232734,1.82,0.242744,1.94,0.253914,2.1,0.267769,2.36,0.290439,2.85,0.332342
-12.8,-37.8,12053,1.349639,1.52,0.191924,1.57,0.197913,1.63,0.204589,1.68,0.211147,1.75,0.218085,1.82,0.225568,1.9,0.233865,2.02,0.243877,2.19,0.255388,2.45,0.274598,2.96,0.308603
-12.6,-37.8,12053,1.349527,1.47,0.19544,1.52,0.201998,1.57,0.208307,1.63,0.215587,1.69,0.222904,1.76,0.231501,1.84,0.240966,1.96,0.251608,2.12,0.264652,2.36,0.286189,2.84,0.32646
-12.6,-37.6,12053,1.351438,1.55,0.189386,1.6,0.195551,1.66,0.201974,1.71,0.208271,1.78,0.215088,1.85,0.222334,1.93,0.230226,2.05,0.240379,2.21,0.252491,2.46,0.270773,2.97,0.302902
-12.4,-37.8,12053,1.373806,1.25,0.1966,1.29,0.203602,1.34,0.210666,1.38,0.21863,1.43,0.226408,1.49,0.235334,1.56,0.245804,1.65,0.258528,1.78,0.27338,1.97,0.299044,2.35,0.344245
-12.4,-37.6,12053,1.352773,1.5,0.192937,1.55,0.199323,1.61,0.205929,1.66,0.213077,1.72,0.220027,1.79,0.228621,1.88,0.237454,1.98,0.247852,2.14,0.260133,2.38,0.281888,2.86,0.317787
-12.4,-37.4,12053,1.354573,1.58,0.186859,1.63,0.192929,1.69,0.198675,1.74,0.205081,1.81,0.212096,1.88,0.218878,1.96,0.226288,2.07,0.236372,2.24,0.249054,2.49,0.265748,2.9948,0.295176
-12.2,-37.6,12053,1.360619,1.39,0.195344,1.44,0.202362,1.48,0.20948,1.53,0.216889,1.59,0.223811,1.66,0.233027,1.73,0.24345,1.83,0.254593,1.97,0.268988,2.19,0.293652,2.61,0.335733
-12.2,-37.4,12053,1.356948,1.54,0.190313,1.59,0.197138,1.65,0.203363,1.7,0.209786,1.76,0.216901,1.83,0.22453,1.92,0.232659,2.02,0.242722,2.19,0.255146,2.43,0.274976,2.93,0.3076
-12.0,-37.4,12053,1.359817,1.49,0.194159,1.54,0.200909,1.59,0.207648,1.65,0.214606,1.71,0.22165,1.77,0.23017,1.86,0.239692,1.96,0.249946,2.12,0.262948,2.35,0.285592,2.8348,0.323159
-12.0,-37.2,12053,1.360825,1.59,0.188545,1.64,0.194832,1.69,0.20069,1.75,0.207038,1.81,0.213593,1.88,0.220833,1.96,0.228524,2.07,0.238741,2.23,0.251289,2.48,0.269967,2.97,0.298409
-11.8,-37.4,12053,1.370144,1.41,0.196575,1.45,0.203847,1.5,0.210858,1.558,0.217732,1.61,0.225207,1.68,0.234272,1.76,0.244257,1.85,0.255559,2.01,0.269803,2.224,0.294328,2.66,0.335567
-11.8,-37.2,12053,1.363171,1.55,0.191608,1.6,0.197699,1.66,0.20455,1.71,0.211244,1.77,0.217794,1.84,0.2253,1.92,0.233723,2.03,0.244187,2.19,0.255789,2.42,0.277477,2.91,0.309568
-11.6,-37.4,12053,1.602126,1.3,0.19859,1.35,0.206117,1.39,0.213498,1.44,0.22082,1.49,0.228938,1.55,0.237848,1.62,0.248457,1.71,0.260569,1.84,0.275946,2.05,0.301674,2.4348,0.345132
-11.6,-37.2,12053,1.365042,1.47,0.195221,1.51,0.201959,1.56,0.208844,1.62,0.215327,1.67,0.22281,1.74,0.231305,1.82,0.24081,1.92,0.251098,2.07,0.264692,2.29,0.287949,2.75,0.325711
-11.6,-37.0,12053,1.365911,1.59,0.189825,1.64,0.19599,1.69,0.202216,1.75,0.208441,1.81,0.215155,1.88,0.22248,1.96,0.230537,2.07,0.240193,2.23,0.252144,2.47,0.272555,2.96,0.304023
-11.4,-37.2,12053,1.388061,1.31,0.198822,1.35,0.206093,1.4,0.213225,1.44,0.219802,1.5,0.227656,1.56,0.236995,1.63,0.246968,1.72,0.258568,1.86,0.273297,2.06,0.298227,2.48,0.339389
-11.4,-37.0,12053,1.367612,1.56,0.193915,1.61,0.20069,1.66,0.207587,1.71,0.214118,1.77,0.22132,1.85,0.229316,1.93,0.237983,2.03,0.248543,2.19,0.261116,2.43,0.283236,2.8948,0.318335
-11.4,-36.8,12053,1.368654,1.62,0.188496,1.67,0.194556,1.72,0.200591,1.78,0.20679,1.84,0.213097,1.91,0.220441,1.99,0.228453,2.1,0.237905,2.26,0.249743,2.5,0.268847,2.9848,0.29989
-11.2,-37.0,12053,1.376672,1.42,0.198309,1.47,0.205573,1.51,0.21247,1.56,0.219367,1.62,0.22718,1.68,0.236152,1.76,0.24565,1.85,0.256978,2.0,0.271554,2.21,0.295553,2.63,0.335181
-11.2,-36.8,12053,1.370282,1.58,0.193584,1.63,0.200018,1.68,0.20693,1.74,0.213087,1.8,0.220372,1.87,0.22807,1.95,0.23632,2.06,0.246647,2.22,0.259547,2.45,0.281199,2.93,0.314188
-11.0,-37.0,12053,1.390123,1.04,0.202643,1.07,0.210273,1.1,0.217902,1.14,0.225837,1.18,0.233772,1.22,0.242927,1.28,0.253914,1.34,0.266121,1.45,0.281625,1.59,0.306711,1.9,0.347594
-11.0,-36.8,12053,1.374372,1.54,0.197515,1.59,0.204534,1.64,0.211737,1.7,0.218451,1.76,0.226507,1.84,0.235236,1.92,0.244916,2.03,0.256123,2.19,0.271114,2.41,0.295077,2.8748,0.33341
-11.0,-36.6,12053,1.372764,1.59,0.193182,1.64,0.200079,1.7,0.206305,1.75,0.212836,1.82,0.219672,1.89,0.227669,1.97,0.235909,2.08,0.246529,2.24,0.259713,2.47,0.280637,2.92,0.314915
-10.8,-36.8,12053,1.392731,1.19,0.200103,1.22,0.207965,1.26,0.215741,1.3,0.223752,1.35,0.232397,1.4,0.241474,1.47,0.252791,1.55,0.266416,1.66,0.282496,1.83,0.308058,2.14,0.349729
-10.8,-36.6,12053,1.394202,1.49,0.195196,1.54,0.202816,1.59,0.210322,1.64,0.217573,1.71,0.225273,1.78,0.234687,1.86,0.245249,1.97,0.257335,2.11,0.272567,2.33,0.297011,2.75,0.335536
-10.8,-36.4,12053,1.37753,1.58,0.192108,1.63,0.199029,1.68,0.205416,1.74,0.212159,1.81,0.219135,1.88,0.22746,1.96,0.235927,2.07,0.247077,2.23,0.260456,2.46,0.281006,2.9,0.316753
-10.8,-36.2,12053,1.378938,1.64,0.186042,1.69,0.191597,1.75,0.197398,1.81,0.203498,1.87,0.210583,1.95,0.217646,2.04,0.225955,2.15,0.234777,2.31,0.24787,2.54,0.267054,2.99,0.298323
-10.6,-36.6,12053,1.422749,1.3,0.196637,1.34,0.204206,1.39,0.212446,1.44,0.220381,1.5,0.229353,1.56,0.238704,1.63,0.250675,1.73,0.265368,1.86,0.282533,2.05,0.309524,2.43,0.354631
-10.6,-36.4,12053,1.38846,1.47,0.191486,1.52,0.199166,1.57,0.206874,1.63,0.214384,1.69,0.222102,1.75,0.231818,1.83,0.242898,1.94,0.256287,2.08,0.271614,2.29,0.297772,2.71,0.341647
-10.6,-36.2,12053,1.383781,1.58,0.190936,1.63,0.198129,1.68,0.204745,1.74,0.211271,1.81,0.218891,1.88,0.227119,1.97,0.236075,2.07,0.247415,2.22,0.261598,2.45,0.282285,2.89,0.319668
-10.6,-36.0,12053,1.384103,1.66,0.183721,1.71,0.189337,1.76,0.195318,1.83,0.201532,1.89,0.208014,1.97,0.215766,2.056,0.223823,2.16,0.233222,2.32,0.245918,2.55,0.264779,3.0,0.29694
-10.4,-36.2,12053,1.416001,1.36,0.193622,1.4,0.201145,1.45,0.208209,1.5,0.215205,1.56,0.22331,1.62,0.232075,1.69,0.242427,1.78,0.254979,1.9,0.269956,2.09,0.293963,2.4448,0.33372
-10.4,-36.0,12053,1.388901,1.59,0.189154,1.64,0.19599,1.69,0.202655,1.75,0.208991,1.82,0.21662,1.89,0.22425,1.97,0.233772,2.08,0.244942,2.23,0.259041,2.454,0.27955,2.89,0.315683
-10.4,-35.8,12053,1.389181,1.66,0.182037,1.72,0.187902,1.77,0.193624,1.83,0.199946,1.9,0.206693,1.98,0.213799,2.06,0.222126,2.17,0.23166,2.32,0.243985,2.56,0.262368,3.0,0.292982
-10.2,-36.0,12053,1.411976,1.42,0.189947,1.47,0.197516,1.52,0.204596,1.57,0.211603,1.64,0.219489,1.7,0.22834,1.78,0.239265,1.87,0.252327,2.0,0.267635,2.21,0.291818,2.6048,0.331763
-10.2,-35.8,12053,1.392141,1.61,0.185698,1.66,0.192176,1.71,0.198556,1.78,0.205081,1.85,0.212304,1.92,0.220026,2.01,0.229086,2.11,0.240129,2.26,0.253947,2.48,0.274464,2.9248,0.309885
-10.2,-35.6,12053,1.393638,1.68,0.180768,1.73,0.186419,1.78,0.192062,1.85,0.19848,1.91,0.20509,1.99,0.212666,2.08,0.220718,2.18,0.229866,2.33,0.242115,2.57,0.259718,3.02,0.288784
-10.0,-35.8,12053,1.405856,1.43,0.187628,1.48,0.194586,1.53,0.201178,1.58,0.208368,1.64,0.215888,1.71,0.223884,1.79,0.234626,1.88,0.24665,2.01,0.261726,2.21,0.285835,2.6,0.325988
-10.0,-35.6,12053,1.396168,1.62,0.185187,1.67,0.191351,1.73,0.19776,1.79,0.204047,1.86,0.211249,1.93,0.219245,2.02,0.227973,2.12,0.237984,2.27,0.251656,2.49,0.27109,2.94,0.305764
-10.0,-35.4,12053,1.398335,1.69,0.179204,1.74,0.184551,1.79,0.190374,1.85,0.196722,1.93,0.203497,2.01,0.210761,2.09,0.219,2.2,0.227728,2.35,0.239998,2.58,0.257551,3.03,0.284462
-9.8,-35.8,12053,1.436392,1.51,0.188678,1.56,0.195948,1.61,0.202826,1.67,0.21016,1.74,0.217841,1.81,0.226728,1.9,0.237265,1.99,0.250227,2.13,0.266531,2.35,0.291727,2.76,0.335752
-9.8,-35.6,12053,1.418245,1.56,0.186053,1.61,0.192957,1.66,0.199462,1.73,0.206508,1.79,0.21385,1.87,0.221894,1.95,0.23218,2.05,0.244043,2.19,0.257992,2.41,0.2806,2.84,0.320581
-9.8,-35.4,12053,1.403642,1.64,0.183648,1.68,0.189678,1.74,0.196048,1.8,0.202191,1.87,0.209423,1.95,0.216999,2.04,0.22606,2.14,0.236105,2.28,0.249121,2.51,0.2678,2.9548,0.300485
-9.6,-35.6,12053,1.525435,1.14,0.187457,1.18,0.194464,1.22,0.201349,1.26,0.208878,1.31,0.216638,1.37,0.225092,1.43,0.235435,1.5,0.247666,1.6,0.264005,1.75,0.2881,2.05,0.329686
-9.6,-35.4,12053,1.439302,1.52,0.184502,1.57,0.191143,1.62,0.197748,1.68,0.204544,1.74,0.211933,1.82,0.219721,1.9,0.23008,2.0,0.241077,2.13,0.254871,2.34,0.275787,2.74,0.314182
-9.6,-35.2,12053,1.407447,1.63,0.180953,1.67,0.18672,1.73,0.192869,1.79,0.199072,1.85,0.206073,1.93,0.214021,2.01,0.222508,2.12,0.231578,2.26,0.244161,2.47,0.262591,2.8948,0.292354
-9.4,-35.4,12053,1.505995,1.09,0.186785,1.12,0.193909,1.16,0.200652,1.2,0.208339,1.25,0.215514,1.3,0.223908,1.36,0.233896,1.43,0.245874,1.52,0.261399,1.66,0.284047,1.95,0.323708
-9.4,-35.2,12053,1.442442,1.54,0.182293,1.59,0.189037,1.64,0.195419,1.7,0.202251,1.76,0.209295,1.84,0.216632,1.92,0.226455,2.02,0.236362,2.15,0.249266,2.35,0.268454,2.75,0.302802
-9.4,-35.0,12053,1.408616,1.66,0.176031,1.71,0.181866,1.77,0.187701,1.83,0.193976,1.89,0.201178,1.97,0.20893,2.05,0.216498,2.16,0.225483,2.3,0.236885,2.51,0.253731,2.93,0.279882
-9.2,-35.2,12053,1.488888,1.31,0.184613,1.36,0.191556,1.4,0.198151,1.45,0.205009,1.51,0.212324,1.57,0.220417,1.64,0.230113,1.72,0.240979,1.83,0.255292,1.99,0.275449,2.32,0.312326
-9.2,-35.0,12053,1.427484,1.59,0.179083,1.64,0.185467,1.69,0.191778,1.75,0.198419,1.82,0.205109,1.89,0.213141,1.97,0.221503,2.08,0.23061,2.2,0.243477,2.41,0.260872,2.8048,0.291298
-9.2,-34.8,12053,1.414111,1.7,0.169524,1.76,0.174956,1.81,0.180623,1.87,0.187114,1.94,0.194261,2.01,0.201349,2.09,0.20928,2.2,0.218185,2.34,0.228422,2.55,0.244477,2.96,0.268426
-9.0,-35.0,12053,1.441883,1.52,0.181585,1.56,0.187689,1.62,0.194403,1.68,0.201422,1.74,0.208441,1.81,0.215766,1.89,0.225532,1.99,0.235054,2.11,0.247749,2.3,0.266427,2.6948,0.300754
-9.0,-34.8,12053,1.417307,1.67,0.173833,1.72,0.179693,1.77,0.185674,1.84,0.192375,1.9,0.199224,1.97,0.206975,2.056,0.214605,2.16,0.223334,2.3,0.234564,2.5,0.250617,2.91,0.277685
-8.8,-35.0,12053,1.461161,1.41,0.184149,1.45,0.190802,1.5,0.197455,1.56,0.204413,1.61,0.211982,1.68,0.219001,1.75,0.228828,1.84,0.239082,1.96,0.253182,2.13,0.27192,2.48,0.307443
-8.8,-34.8,12053,1.421714,1.64,0.176421,1.68,0.182671,1.74,0.189195,1.8,0.195612,1.86,0.202657,1.93,0.210187,2.01,0.218385,2.12,0.227178,2.25,0.239019,2.45,0.255979,2.86,0.284474
-8.6,-34.8,12053,1.436247,1.59,0.179119,1.63,0.185262,1.69,0.191838,1.75,0.198843,1.81,0.205343,1.88,0.213141,1.96,0.221735,2.06,0.231161,2.19,0.242803,2.39,0.260131,2.79,0.290891
-8.6,-34.6,12053,1.424191,1.73,0.168267,1.78,0.173861,1.83,0.180357,1.89,0.186774,1.96,0.193309,2.03,0.2003,2.11,0.208505,2.22,0.217197,2.34,0.227725,2.55,0.242672,2.97,0.267868
-8.4,-34.8,12053,1.448603,1.43,0.181865,1.47,0.188184,1.52,0.194807,1.57,0.201761,1.63,0.208429,1.7,0.216131,1.77,0.22505,1.86,0.234432,1.97,0.246746,2.14,0.264475,2.51,0.296444
-8.4,-34.6,12053,1.429391,1.69,0.170965,1.74,0.176751,1.79,0.18326,1.85,0.189396,1.91,0.196117,1.98,0.2034,2.06,0.211257,2.17,0.220054,2.29,0.230696,2.49,0.246033,2.91,0.271602
-8.2,-34.8,12053,1.464965,1.51,0.185039,1.56,0.191494,1.61,0.198092,1.66,0.204969,1.72,0.2119,1.79,0.219439,1.87,0.228326,1.96,0.238217,2.08,0.250896,2.26,0.26914,2.63,0.30165
-8.2,-34.6,12053,1.436222,1.65,0.17365,1.7,0.179779,1.75,0.185872,1.8,0.192389,1.87,0.199042,1.94,0.206501,2.01,0.21458,2.12,0.223179,2.24,0.234331,2.43,0.249964,2.83,0.276632
-8.0,-34.8,12053,1.481607,1.41,0.188359,1.45,0.194646,1.49,0.201543,1.55,0.208257,1.6,0.215338,1.67,0.222601,1.74,0.231732,1.82,0.241169,1.93,0.253608,2.09,0.271552,2.4248,0.303502
-8.0,-34.6,12053,1.459484,1.61,0.176032,1.65,0.182073,1.7,0.188239,1.75,0.194696,1.81,0.201667,1.88,0.208991,1.96,0.217537,2.06,0.226081,2.17,0.2373,2.35,0.253756,2.74,0.280099
-8.0,-34.4,12053,1.445025,1.77,0.162053,1.81,0.167852,1.86,0.173833,1.92,0.179937,1.98,0.186528,2.05,0.193303,2.13,0.201178,2.23,0.210089,2.35,0.220697,2.55,0.234101,2.98,0.25855
-7.8,-34.8,12053,1.506723,1.29,0.191837,1.32,0.198291,1.37,0.205022,1.41,0.211485,1.46,0.218634,1.52,0.225677,1.58,0.23445,1.66,0.243742,1.75,0.255866,1.89,0.273203,2.2,0.30439
-7.8,-34.6,12053,1.478786,1.51,0.17752,1.55,0.18337,1.59,0.189647,1.65,0.196217,1.7,0.203273,1.76,0.210505,1.83,0.218887,1.92,0.227705,2.03,0.238882,2.19,0.255353,2.56,0.282453
-7.8,-34.4,12053,1.453005,1.76,0.163555,1.8,0.169414,1.86,0.175276,1.91,0.181387,1.97,0.187735,2.04,0.194683,2.12,0.202418,2.21,0.211581,2.33,0.222162,2.53,0.235974,2.95,0.26006
-7.6,-34.8,12053,1.57282,1.05,0.193913,1.08,0.200335,1.11,0.206847,1.14,0.213504,1.18,0.220409,1.22,0.227423,1.27,0.235553,1.33,0.245029,1.4,0.256086,1.51,0.273169,1.75,0.302577
-7.6,-34.6,12053,1.495883,1.39,0.178521,1.42,0.184418,1.47,0.190756,1.51,0.197489,1.56,0.204306,1.62,0.211482,1.68,0.219814,1.75,0.228921,1.85,0.239966,2.0,0.256471,2.34,0.28373
-7.6,-34.4,12053,1.457574,1.75,0.164592,1.79,0.170337,1.85,0.175923,1.9,0.182048,1.96,0.18836,2.02,0.195465,2.1,0.203304,2.19,0.212274,2.31,0.222963,2.494,0.237138,2.91,0.260493
-7.4,-34.6,12053,1.500972,1.46,0.177654,1.49,0.183634,1.53,0.189862,1.58,0.196455,1.63,0.203105,1.68,0.210212,1.74,0.21833,1.82,0.227527,1.91,0.23826,2.06,0.254632,2.3748,0.280675
-7.4,-34.4,12053,1.462508,1.76,0.162407,1.8,0.168091,1.85,0.173958,1.9,0.179766,1.96,0.18602,2.02,0.192925,2.1,0.200892,2.182,0.209591,2.3,0.220477,2.48,0.234145,2.9,0.258455
-7.2,-34.6,12053,1.504667,1.55,0.174225,1.59,0.180116,1.63,0.186361,1.67,0.192646,1.72,0.198974,1.78,0.206086,1.84,0.21406,1.92,0.223035,2.01,0.233535,2.16,0.249608,2.48,0.27322
-7.2,-34.4,12053,1.468047,1.77,0.157758,1.81,0.163379,1.86,0.168818,1.91,0.174456,1.96,0.180486,2.03,0.187078,2.1,0.195052,2.18,0.203961,2.3,0.215155,2.47,0.228342,2.8748,0.252366
-7.0,-34.8,12053,1.546305,1.08,0.188237,1.1,0.193913,1.13,0.2002,1.16,0.206548,1.19,0.213018,1.23,0.219854,1.27,0.227423,1.32,0.236273,1.38,0.246393,1.46,0.262605,1.63,0.286656
-7.0,-34.6,12053,1.490822,1.64,0.171698,1.68,0.177435,1.72,0.183722,1.76,0.189826,1.81,0.196051,1.87,0.203376,1.93,0.211433,2.01,0.220405,2.11,0.230769,2.26,0.246798,2.58,0.269965
-7.0,-34.4,12053,1.474373,1.78,0.159855,1.82,0.165288,1.86,0.171392,1.91,0.177251,1.964,0.183684,2.03,0.190191,2.096,0.198187,2.18,0.207281,2.28,0.218573,2.45,0.23194,2.82,0.255742
-6.8,-34.8,12053,1.525076,1.12,0.182195,1.14,0.187866,1.17,0.193816,1.21,0.20021,1.24,0.206683,1.28,0.213738,1.32,0.221661,1.37,0.230475,1.43,0.240963,1.53,0.256841,1.71,0.281148
-6.8,-34.6,12053,1.483497,1.7,0.16745,1.74,0.173036,1.79,0.178988,1.83,0.185048,1.89,0.191132,1.94,0.198041,2.01,0.206235,2.09,0.215278,2.19,0.225801,2.354,0.240325,2.69,0.264126
-6.6,-34.8,12053,1.505313,1.46,0.178703,1.5,0.184363,1.53,0.190473,1.57,0.196841,1.62,0.20327,1.66,0.210357,1.72,0.218414,1.78,0.227406,1.86,0.238273,1.98,0.254033,2.22,0.278639
-6.6,-34.6,12053,1.486998,1.73,0.162493,1.77,0.167677,1.81,0.173272,1.86,0.178946,1.91,0.185162,1.97,0.19206,2.03,0.199728,2.11,0.209113,2.21,0.22012,2.37,0.233611,2.7,0.256825
-6.4,-34.8,12053,1.497272,1.61,0.176127,1.64,0.181584,1.68,0.187458,1.73,0.194143,1.77,0.200877,1.82,0.208075,1.88,0.216084,1.95,0.225047,2.038,0.235984,2.18,0.251127,2.44,0.276355
-6.4,-34.6,12053,1.491658,1.78,0.161224,1.82,0.16647,1.86,0.172103,1.91,0.178327,1.96,0.184491,2.02,0.191376,2.09,0.199196,2.16,0.208422,2.27,0.219873,2.43,0.23335,2.7648,0.258015
-6.2,-35.0,12053,1.519458,1.16,0.186712,1.19,0.192328,1.22,0.198187,1.25,0.204474,1.28,0.211493,1.32,0.218268,1.36,0.226569,1.41,0.23531,1.47,0.246394,1.56,0.261727,1.73,0.287636
-6.2,-34.8,12053,1.497613,1.67,0.170451,1.71,0.175557,1.75,0.181245,1.798,0.187541,1.84,0.193887,1.9,0.201018,1.96,0.209285,2.03,0.218047,2.12,0.229019,2.27,0.243081,2.56,0.268346
-6.2,-34.6,12053,1.496253,1.81,0.156511,1.856,0.161702,1.9,0.166985,1.948,0.172989,2.0,0.179071,2.06,0.186517,2.12,0.194235,2.2,0.202854,2.3,0.21454,2.47,0.228096,2.8,0.253993
-6.0,-35.0,12053,1.51699,1.5,0.184332,1.54,0.189825,1.57,0.195624,1.61,0.202338,1.65,0.209357,1.69,0.216071,1.74,0.224311,1.8,0.233467,1.87,0.244453,1.99,0.259835,2.2,0.286105
-6.0,-34.8,12053,1.50305,1.73,0.168645,1.77,0.173955,1.81,0.179509,1.86,0.185735,1.91,0.192388,1.96,0.199591,2.02,0.207891,2.09,0.216632,2.18,0.227485,2.33,0.241705,2.61,0.267097
-5.8,-35.0,12053,1.509022,1.52,0.18067,1.56,0.185736,1.59,0.191656,1.63,0.19837,1.67,0.204962,1.71,0.211921,1.77,0.220649,1.83,0.22956,1.9,0.240608,2.03,0.255708,2.25,0.282479
-5.8,-34.8,12053,1.506931,1.78,0.162419,1.82,0.167443,1.86,0.172783,1.91,0.178774,1.96,0.185068,2.01,0.192352,2.07,0.200213,2.14,0.209041,2.24,0.219906,2.39,0.233637,2.67,0.259696
-5.6,-35.0,12053,1.513292,1.63,0.176153,1.66,0.181341,1.7,0.187078,1.74,0.193426,1.78,0.199982,1.83,0.207038,1.89,0.215217,1.95,0.224079,2.03,0.235347,2.16,0.249275,2.4,0.276376
-5.6,-34.8,12053,1.511965,1.83,0.159526,1.87,0.16416,1.91,0.169559,1.96,0.175119,2.01,0.181186,2.06,0.18836,2.13,0.196358,2.2,0.204693,2.3,0.215567,2.454,0.230247,2.75,0.255109
-5.4,-35.2,12053,1.60568,1.63,0.184187,1.66,0.18954,1.7,0.19499,1.74,0.20085,1.78,0.207227,1.82,0.21418,1.88,0.221638,1.94,0.230264,2.01,0.240752,2.13,0.254847,2.3548,0.279171
-5.4,-35.0,12053,1.520551,1.77,0.169683,1.81,0.17481,1.85,0.180255,1.9,0.186407,1.94,0.193182,1.99,0.200324,2.05,0.208197,2.12,0.216511,2.21,0.227595,2.35,0.241878,2.6248,0.266148
-5.4,-34.8,12053,1.516327,1.87,0.155217,1.91,0.159728,1.95,0.165019,2.0,0.170683,2.05,0.176418,2.1,0.183574,2.17,0.19113,2.24,0.199715,2.34,0.210494,2.5,0.225646,2.81,0.250165
-5.2,-35.4,12053,1.73851,1.51,0.172795,1.55,0.17738,1.58,0.181892,1.61,0.187332,1.65,0.193004,1.69,0.19876,1.74,0.205421,1.8,0.213837,1.87,0.223622,1.974,0.238403,2.17,0.26181
-5.2,-35.2,12053,1.594263,1.67,0.167754,1.7,0.172393,1.74,0.177481,1.78,0.18316,1.82,0.18909,1.87,0.195331,1.93,0.202838,1.99,0.211298,2.06,0.221416,2.19,0.235511,2.43,0.258816
-5.2,-35.0,12053,1.530478,1.83,0.161504,1.87,0.166509,1.91,0.172002,1.95,0.177606,2.0,0.18421,2.05,0.191351,2.11,0.199225,2.19,0.207587,2.27,0.218085,2.414,0.232124,2.71,0.255318
-5.0,-36.6,12053,1.840329,1.15,0.17829,1.18,0.183172,1.2,0.188299,1.23,0.19361,1.26,0.199653,1.29,0.206427,1.32,0.213569,1.36,0.223213,1.42,0.234444,1.5,0.249911,1.7,0.274696
-5.0,-36.2,12053,1.97077,1.11,0.167181,1.13,0.172064,1.15,0.176886,1.18,0.182135,1.21,0.187592,1.24,0.193915,1.27,0.201337,1.31,0.210395,1.36,0.221321,1.45,0.236153,1.68,0.259894
-5.0,-35.6,12053,1.6972,1.45,0.163152,1.48,0.167766,1.5,0.17243,1.53,0.177496,1.56,0.18283,1.59,0.188543,1.63,0.195257,1.67,0.204413,1.72,0.214166,1.8,0.229279,1.95,0.253028
-5.0,-35.4,12053,1.64942,1.59,0.159062,1.62,0.163579,1.66,0.168279,1.69,0.173345,1.73,0.178716,1.77,0.184088,1.82,0.191351,1.87,0.200031,1.93,0.210272,2.03,0.225043,2.23,0.249514
-5.0,-35.2,12053,1.587488,1.74,0.152654,1.77,0.157232,1.81,0.162054,1.85,0.166876,1.894,0.172369,1.94,0.178107,2.0,0.185285,2.06,0.193488,2.14,0.204157,2.26,0.21927,2.51,0.243809
-5.0,-35.0,12053,1.545186,1.84,0.134892,1.89,0.139775,1.93,0.144963,1.97,0.149846,2.02,0.154729,2.07,0.160527,2.13,0.166631,2.2,0.174871,2.29,0.186163,2.43,0.204779,2.72,0.233161
-4.8,-37.2,12053,2.560722,1.42,0.206196,1.46,0.211448,1.49,0.217039,1.54,0.222725,1.57,0.228829,1.61,0.235567,1.65,0.243331,1.7,0.252687,1.76,0.263642,1.83,0.279067,1.98,0.30367
-4.8,-37.0,12053,1.806893,1.46,0.191595,1.49,0.196966,1.53,0.202155,1.57,0.207758,1.6,0.213996,1.64,0.220405,1.68,0.227949,1.73,0.237617,1.79,0.248787,1.87,0.264046,2.01,0.287392
-4.8,-36.8,12053,1.73733,1.53,0.184112,1.56,0.1894,1.6,0.194637,1.63,0.200128,1.67,0.206178,1.71,0.212628,1.75,0.219857,1.8,0.229111,1.86,0.240327,1.94,0.254773,2.1,0.278437
-4.8,-36.6,12053,1.683603,1.57,0.177899,1.61,0.182911,1.64,0.18819,1.68,0.193558,1.71,0.199213,1.75,0.20578,1.79,0.213251,1.84,0.222004,1.9,0.233027,1.99,0.247481,2.16,0.270272
-4.8,-36.4,12053,1.627938,1.59,0.17365,1.62,0.178602,1.66,0.183834,1.69,0.189041,1.72,0.194456,1.76,0.201239,1.8,0.208502,1.85,0.217292,1.91,0.228019,1.99,0.24241,2.19,0.265168
-4.8,-36.2,12053,1.615296,1.6,0.169805,1.63,0.174732,1.66,0.18005,1.69,0.184989,1.73,0.190438,1.76,0.196954,1.8,0.204403,1.85,0.212949,1.91,0.223337,2.0,0.238142,2.19,0.260402
-4.8,-36.0,12053,1.610028,1.61,0.165899,1.64,0.170721,1.67,0.175787,1.71,0.180792,1.74,0.186285,1.78,0.192755,1.82,0.200055,1.87,0.20838,1.93,0.219111,2.02,0.233406,2.22,0.254793
-4.8,-35.8,12053,1.612341,1.64,0.161272,1.68,0.166106,1.71,0.170869,1.75,0.176202,1.78,0.181585,1.82,0.187591,1.86,0.194891,1.92,0.203487,1.98,0.21403,2.08,0.228019,2.27,0.250103
-4.8,-35.6,12053,1.618963,1.69,0.155583,1.73,0.160528,1.76,0.165191,1.8,0.170464,1.84,0.175774,1.89,0.181781,1.94,0.18871,1.99,0.197287,2.07,0.208027,2.17,0.22248,2.39,0.244513
-4.8,-35.4,12053,1.603576,1.76,0.151628,1.79,0.156242,1.83,0.161113,1.87,0.166179,1.92,0.171543,1.97,0.177264,2.02,0.184185,2.09,0.192928,2.17,0.203751,2.29,0.217998,2.53,0.241009
-4.6,-37.4,12053,1.853448,1.23,0.205719,1.26,0.211207,1.29,0.216769,1.33,0.222809,1.36,0.228835,1.39,0.23559,1.43,0.243545,1.47,0.252793,1.52,0.26357,1.6,0.278565,1.73,0.302927
-4.6,-37.2,12053,1.780435,1.55,0.195051,1.59,0.200263,1.63,0.205903,1.67,0.21154,1.71,0.217903,1.76,0.224324,1.8,0.231973,1.86,0.241194,1.93,0.251917,2.02,0.266872,2.2,0.290823
-4.6,-37.0,12053,1.678176,1.66,0.186041,1.7,0.191412,1.74,0.196539,1.78,0.202643,1.83,0.208563,1.87,0.215217,1.93,0.222944,1.98,0.231819,2.06,0.242439,2.15,0.257479,2.34,0.281652
-4.6,-36.8,12053,1.631472,1.7,0.180889,1.74,0.186443,1.78,0.191463,1.82,0.19743,1.87,0.203277,1.91,0.209674,1.96,0.217445,2.02,0.226459,2.09,0.236958,2.19,0.251697,2.38,0.275912
-4.6,-36.6,12053,1.626712,1.72,0.1768,1.76,0.182003,1.8,0.187042,1.84,0.192616,1.88,0.198644,1.92,0.204999,1.97,0.212809,2.03,0.221325,2.09,0.231878,2.2,0.246087,2.39,0.269258
-4.6,-36.0,12053,1.61029,1.74,0.162419,1.78,0.167058,1.81,0.172307,1.85,0.177557,1.9,0.183074,1.94,0.189459,1.99,0.196295,2.04,0.205084,2.12,0.215278,2.22,0.229829,2.4248,0.251411
-4.4,-37.6,12053,1.858766,1.39,0.207856,1.43,0.213476,1.47,0.219236,1.51,0.225288,1.55,0.231299,1.59,0.23813,1.63,0.245877,1.69,0.254647,1.75,0.265067,1.84,0.27943,2.01,0.304831
-4.4,-37.4,12053,1.779353,1.6,0.196368,1.64,0.201739,1.68,0.20746,1.73,0.2133,1.77,0.219433,1.82,0.226386,1.87,0.234157,1.93,0.242942,2.0,0.25345,2.11,0.267991,2.31,0.292583
-4.4,-37.2,12053,1.666838,1.69,0.189288,1.73,0.194386,1.77,0.200129,1.82,0.205683,1.86,0.211918,1.91,0.219172,1.97,0.226724,2.03,0.235279,2.1,0.245987,2.21,0.2613,2.42,0.28539
-4.4,-37.0,12053,1.636325,1.74,0.183599,1.78,0.188665,1.82,0.194342,1.86,0.199823,1.91,0.205939,1.96,0.213202,2.02,0.22071,2.08,0.229389,2.15,0.239814,2.26,0.254427,2.48,0.278722
-4.2,-37.8,12053,1.854103,1.31,0.207464,1.34,0.212762,1.38,0.2186,1.41,0.224308,1.44,0.230492,1.48,0.237251,1.53,0.245249,1.57,0.253855,1.63,0.264082,1.72,0.278253,1.88,0.302333
-4.2,-37.6,12053,1.782573,1.53,0.1982,1.57,0.2034,1.61,0.20946,1.65,0.215165,1.69,0.22146,1.73,0.228083,1.78,0.236167,1.84,0.244844,1.91,0.255074,2.01,0.269159,2.21,0.294261
-4.2,-37.4,12053,1.690868,1.7,0.191168,1.74,0.196239,1.79,0.202184,1.83,0.207985,1.88,0.214318,1.93,0.22121,1.99,0.22913,2.06,0.237898,2.14,0.247978,2.25,0.262476,2.49,0.287046
-4.2,-32.6,12053,1.490892,1.94,0.092532,1.99,0.097513,2.03,0.103031,2.08,0.108268,2.12,0.114217,2.18,0.120609,2.24,0.127445,2.33,0.135502,2.43,0.145451,2.59,0.163259,2.95,0.191014
-4.2,-32.4,12053,1.48497,1.92,0.091067,1.96,0.096316,2.01,0.101531,2.05,0.106834,2.1,0.112796,2.16,0.119169,2.22,0.126041,2.31,0.133915,2.41,0.143615,2.58,0.161863,2.94,0.189782
-4.2,-32.2,12053,1.479976,1.95,0.089664,1.99,0.094925,2.04,0.10003,2.08,0.105655,2.13,0.111405,2.18,0.117936,2.25,0.124857,2.33,0.132836,2.43,0.142424,2.59,0.160579,2.95,0.188994
-4.0,-38.0,12053,1.836123,1.38,0.205695,1.41,0.210883,1.45,0.216681,1.48,0.22187,1.52,0.228278,1.55,0.235298,1.6,0.242622,1.65,0.251167,1.71,0.261238,1.8,0.275277,1.96,0.299081
-4.0,-37.8,12053,1.772287,1.5,0.197454,1.54,0.202398,1.58,0.208136,1.62,0.213983,1.66,0.220221,1.7,0.226936,1.75,0.234992,1.81,0.243672,1.87,0.25373,1.98,0.267525,2.17,0.291603
-4.0,-37.6,12053,1.693911,1.68,0.191351,1.72,0.19599,1.76,0.201911,1.808,0.207831,1.85,0.213959,1.9,0.220771,1.96,0.228889,2.03,0.2378,2.11,0.247566,2.23,0.261812,2.47,0.286349
-4.0,-32.8,12053,1.500969,1.97,0.089419,2.01,0.094424,2.05,0.099674,2.09,0.105289,2.14,0.110904,2.2,0.117313,2.26,0.124454,2.34,0.132023,2.44,0.142509,2.6,0.159148,2.95,0.186986
-4.0,-32.6,12053,1.493792,1.93,0.087771,1.98,0.092715,2.02,0.098025,2.07,0.103458,2.11,0.109501,2.16,0.115604,2.23,0.122868,2.31,0.130619,2.41,0.140678,2.57,0.157891,2.93,0.185238
-4.0,-32.4,12053,1.487338,1.9,0.086123,1.94,0.091226,1.99,0.0965,2.03,0.10181,2.08,0.107974,2.13,0.114322,2.2,0.12128,2.29,0.129093,2.39,0.138847,2.55,0.156767,2.9148,0.184024
-4.0,-32.2,12053,1.482734,1.94,0.085269,1.98,0.090396,2.03,0.095462,2.07,0.100833,2.12,0.107059,2.17,0.113407,2.23,0.120304,2.32,0.1283,2.42,0.137883,2.57,0.156096,2.93,0.183355
-4.0,-32.0,12053,1.477778,1.98,0.083926,2.02,0.088809,2.06,0.094302,2.1,0.09949,2.15,0.105594,2.2,0.112308,2.27,0.119022,2.34,0.126957,2.44,0.136418,2.6,0.155034,2.9548,0.182195
-3.8,-38.2,12053,1.806007,1.42,0.199005,1.45,0.204059,1.49,0.209406,1.53,0.214836,1.56,0.22102,1.6,0.227681,1.65,0.235017,1.71,0.243538,1.77,0.253524,1.87,0.268153,2.05,0.292145
-3.8,-38.0,12053,1.755204,1.56,0.194891,1.6,0.199957,1.64,0.205267,1.68,0.210639,1.72,0.217292,1.77,0.224128,1.82,0.231855,1.88,0.240364,1.95,0.25041,2.06,0.264949,2.27,0.288368
-3.8,-32.8,12053,1.505154,1.91,0.085159,1.95,0.090203,1.99,0.095415,2.03,0.101129,2.07,0.106815,2.12,0.113321,2.18,0.120414,2.26,0.12775,2.35,0.138156,2.51,0.155215,2.84,0.181734
-3.8,-32.6,12053,1.501549,1.85,0.083535,1.88,0.088736,1.92,0.093814,1.96,0.099612,2.0,0.105619,2.05,0.111966,2.1,0.118986,2.17,0.126615,2.26,0.136757,2.4,0.154021,2.69,0.180644
-3.8,-32.4,12053,1.497121,1.83,0.081777,1.87,0.087063,1.9,0.092071,1.94,0.097757,1.98,0.103909,2.03,0.110257,2.09,0.117313,2.15,0.125211,2.23,0.134885,2.37,0.152864,2.64,0.17842
-3.8,-32.2,12053,1.486614,1.95,0.080935,1.99,0.086265,2.03,0.091106,2.07,0.096841,2.12,0.10297,2.17,0.109269,2.23,0.116498,2.31,0.124284,2.4,0.134108,2.55,0.152424,2.88,0.178403
-3.8,-32.0,12053,1.481335,1.98,0.079348,2.02,0.084597,2.06,0.089541,2.1,0.095218,2.14,0.101138,2.2,0.107547,2.26,0.114811,2.34,0.12288,2.43,0.132267,2.59,0.150578,2.94,0.176334
-3.6,-38.6,12053,1.784805,1.33,0.198127,1.356,0.203249,1.39,0.208615,1.41,0.213842,1.45,0.219775,1.48,0.226448,1.52,0.233662,1.56,0.241964,1.62,0.252108,1.7,0.266793,1.84,0.289752
-3.6,-38.4,12053,1.769613,1.47,0.189886,1.51,0.195074,1.54,0.200128,1.58,0.205631,1.61,0.211242,1.65,0.218073,1.7,0.22549,1.75,0.233894,1.81,0.243862,1.91,0.25865,2.08,0.281734
-3.6,-38.2,12053,1.730015,1.59,0.185821,1.62,0.190822,1.66,0.195929,1.7,0.201239,1.74,0.207287,1.79,0.214265,1.84,0.221626,1.91,0.229875,1.98,0.240195,2.084,0.255201,2.2948,0.277686
-3.6,-38.0,12053,1.678095,1.66,0.183721,1.7,0.188543,1.74,0.193854,1.78,0.199286,1.83,0.205756,1.88,0.21247,1.94,0.219977,2.0,0.22884,2.08,0.238716,2.2,0.253426,2.42,0.276373
-3.6,-32.8,12053,1.508328,1.91,0.08085,1.95,0.085757,1.99,0.09095,2.03,0.096927,2.07,0.102596,2.12,0.109195,2.18,0.11651,2.252,0.124235,2.34,0.133908,2.5,0.150861,2.81,0.176641
-3.6,-32.6,12053,1.503295,1.87,0.079482,1.91,0.084463,1.94,0.089422,1.98,0.095523,2.02,0.101497,2.07,0.108158,2.13,0.115001,2.19,0.122916,2.28,0.132875,2.43,0.149741,2.71,0.175778
-3.6,-32.4,12053,1.497304,1.85,0.077944,1.88,0.082883,1.92,0.088091,1.95,0.093982,2.0,0.099983,2.04,0.106387,2.1,0.113746,2.16,0.121422,2.25,0.131779,2.39,0.148415,2.6648,0.174168
-3.6,-32.2,12053,1.490777,1.92,0.076296,1.96,0.081226,1.99,0.086494,2.03,0.092247,2.08,0.098392,2.13,0.104923,2.19,0.112218,2.26,0.120182,2.35,0.13007,2.5,0.147221,2.81,0.172518
-3.6,-32.0,12053,1.484888,1.97,0.07477,2.01,0.079836,2.05,0.08533,2.09,0.090823,2.14,0.096988,2.19,0.103397,2.25,0.110782,2.33,0.118851,2.42,0.128727,2.57,0.146184,2.92,0.171446
-3.4,-38.8,12053,1.759959,1.46,0.19533,1.5,0.200506,1.53,0.205662,1.56,0.211246,1.6,0.216979,1.64,0.223553,1.68,0.231076,1.73,0.23924,1.79,0.249709,1.89,0.264746,2.06,0.287466
-3.4,-38.6,12053,1.73782,1.55,0.186273,1.59,0.191425,1.63,0.196405,1.67,0.201908,1.71,0.207763,1.75,0.21424,1.8,0.22167,1.86,0.230146,1.93,0.240606,2.03,0.255367,2.23,0.278273
-3.4,-38.4,12053,1.707105,1.63,0.181365,1.67,0.186605,1.71,0.191365,1.75,0.196927,1.8,0.20266,1.85,0.209259,1.9,0.216799,1.97,0.225275,2.04,0.235771,2.16,0.25042,2.38,0.273267
-3.4,-38.2,12053,1.671651,1.69,0.174676,1.73,0.17984,1.77,0.184442,1.82,0.190033,1.86,0.195756,1.91,0.202643,1.97,0.210202,2.04,0.218699,2.12,0.229275,2.25,0.244129,2.49,0.266918
-3.4,-32.4,12053,1.499928,1.88,0.073488,1.92,0.078677,1.95,0.083794,1.99,0.089773,2.04,0.096133,2.08,0.102738,2.14,0.11003,2.21,0.117884,2.3,0.1284,2.44,0.144472,2.73,0.170854
-3.2,-39.2,12053,1.774932,1.24,0.198798,1.27,0.204067,1.3,0.209323,1.32,0.214558,1.35,0.220654,1.38,0.227583,1.41,0.234468,1.45,0.242735,1.5,0.253238,1.56,0.268429,1.7,0.290907
-3.2,-39.0,12053,1.737566,1.49,0.191534,1.53,0.196844,1.56,0.202033,1.59,0.207343,1.63,0.213349,1.67,0.220222,1.71,0.227607,1.77,0.235859,1.83,0.246834,1.92,0.261788,2.11,0.284611
-3.2,-38.8,12053,1.704213,1.62,0.184795,1.66,0.190057,1.7,0.195086,1.74,0.200335,1.78,0.206156,1.83,0.213104,1.88,0.220429,1.95,0.228976,2.02,0.239775,2.14,0.254831,2.35,0.27722
-3.2,-38.6,12053,1.666362,1.69,0.178314,1.73,0.183436,1.77,0.188387,1.82,0.19379,1.86,0.199669,1.91,0.206134,1.97,0.213405,2.04,0.221955,2.12,0.23283,2.24,0.247149,2.48,0.269571
-3.0,-39.4,12053,1.803254,1.39,0.192388,1.42,0.197637,1.44,0.202765,1.47,0.208319,1.51,0.214362,1.54,0.221381,1.58,0.228498,1.63,0.236762,1.68,0.24731,1.77,0.262752,1.93,0.285497
-3.0,-39.2,12053,1.733309,1.54,0.185797,1.58,0.190741,1.61,0.196002,1.64,0.201606,1.68,0.207526,1.73,0.214606,1.77,0.221687,1.83,0.23011,1.9,0.240901,2.0,0.256234,2.19,0.2786
-3.0,-39.0,12053,1.680708,1.67,0.179754,1.7,0.184942,1.75,0.19013,1.79,0.195318,1.83,0.201422,1.88,0.208441,1.93,0.215766,1.99,0.224311,2.07,0.235298,2.2,0.250374,2.42,0.272225
-3.0,-38.8,12053,1.646006,1.7,0.176091,1.75,0.181462,1.79,0.186468,1.83,0.1919,1.88,0.198065,1.93,0.205023,1.99,0.212164,2.05,0.221076,2.14,0.232477,2.27,0.246955,2.5048,0.270362
-2.8,-41.6,12053,2.004612,0.81,0.187604,0.83,0.193881,0.85,0.199911,0.87,0.206047,0.9,0.21292,0.93,0.219978,0.95,0.228091,0.99,0.238484,1.03,0.251285,1.1,0.272189,1.2448,0.302969
-2.8,-41.4,12053,2.015229,0.91,0.17791,0.93,0.184197,0.96,0.189656,0.99,0.19595,1.02,0.20233,1.05,0.209308,1.09,0.217465,1.12,0.227426,1.17,0.240449,1.234,0.260576,1.3748,0.290566
-2.8,-41.2,12053,2.013555,1.16,0.173089,1.19,0.178968,1.22,0.184503,1.25,0.190526,1.29,0.196722,1.32,0.204157,1.36,0.211921,1.4,0.221494,1.45,0.234543,1.52,0.254293,1.67,0.282763
-2.8,-41.0,12053,2.007533,1.11,0.169073,1.14,0.17481,1.17,0.180425,1.2,0.186029,1.23,0.192535,1.27,0.199774,1.3,0.207587,1.34,0.216926,1.39,0.230451,1.46,0.248848,1.61,0.277108
-2.8,-40.8,12053,1.997641,1.04,0.164519,1.07,0.170317,1.09,0.175606,1.12,0.181341,1.15,0.18762,1.19,0.19494,1.22,0.202811,1.26,0.212221,1.3,0.225507,1.37,0.243606,1.49,0.271163
-2.8,-40.6,12053,1.984487,1.05,0.159075,1.08,0.164576,1.1,0.169812,1.13,0.17564,1.15,0.181866,1.18,0.189007,1.21,0.197145,1.24,0.206288,1.29,0.219392,1.34,0.237305,1.45,0.264294
-2.8,-40.4,12053,1.956,1.19,0.156218,1.21,0.16189,1.24,0.167195,1.27,0.172979,1.3,0.179327,1.32,0.186065,1.356,0.194215,1.39,0.203698,1.44,0.216093,1.51,0.233581,1.64,0.260045
-2.8,-40.2,12053,1.943465,1.31,0.155205,1.33,0.160706,1.36,0.165845,1.39,0.171514,1.42,0.177977,1.45,0.184637,1.49,0.192804,1.53,0.201898,1.58,0.213964,1.65,0.23092,1.81,0.256324
-2.8,-40.0,12053,1.948853,1.39,0.15894,1.42,0.164617,1.45,0.169622,1.47,0.175042,1.51,0.181341,1.54,0.188421,1.57,0.196051,1.62,0.204547,1.67,0.216364,1.74,0.232881,1.89,0.257942
-2.8,-39.8,12053,1.899586,1.47,0.175434,1.51,0.180552,1.54,0.186545,1.57,0.192109,1.6,0.198151,1.64,0.204975,1.68,0.212449,1.73,0.220166,1.79,0.232234,1.88,0.248165,2.03,0.272707
-2.8,-39.6,12053,1.832702,1.55,0.182049,1.59,0.187335,1.62,0.192743,1.66,0.198429,1.69,0.204784,1.74,0.21153,1.78,0.218976,1.83,0.226911,1.9,0.238247,2.01,0.254153,2.18,0.277403
-2.8,-39.4,12053,1.764647,1.61,0.179742,1.65,0.184913,1.69,0.189996,1.72,0.195734,1.76,0.201859,1.81,0.209149,1.86,0.216103,1.92,0.224377,1.99,0.235351,2.1,0.251563,2.31,0.274029
-2.8,-39.2,12053,1.691989,1.69,0.176568,1.73,0.181727,1.77,0.186761,1.81,0.192521,1.85,0.198627,1.9,0.205817,1.95,0.21301,2.02,0.221352,2.1,0.232619,2.23,0.248587,2.4548,0.271023
-2.6,-42.4,12053,1.975753,1.17,0.200592,1.2,0.206998,1.23,0.214044,1.26,0.220548,1.3,0.227541,1.34,0.235126,1.38,0.24361,1.42,0.254102,1.49,0.266563,1.58,0.288197,1.7648,0.318687
-2.6,-42.2,12053,1.951352,1.14,0.191632,1.17,0.197873,1.2,0.204584,1.24,0.211003,1.27,0.217993,1.3,0.225178,1.34,0.233462,1.39,0.24359,1.45,0.256585,1.54,0.277406,1.72,0.306793
-2.6,-42.0,12053,1.930328,1.13,0.186529,1.16,0.192694,1.19,0.198981,1.22,0.205512,1.25,0.21247,1.29,0.219489,1.33,0.227546,1.37,0.237556,1.43,0.250618,1.52,0.27015,1.7048,0.299628
-2.6,-41.8,12053,1.928852,1.16,0.184002,1.19,0.190289,1.22,0.196541,1.25,0.202789,1.28,0.209772,1.31,0.216876,1.35,0.224843,1.4,0.235166,1.45,0.247517,1.53,0.267518,1.7048,0.297077
-2.6,-41.6,12053,1.934676,1.33,0.17785,1.36,0.183844,1.39,0.19013,1.43,0.196354,1.47,0.20338,1.5,0.210395,1.55,0.218215,1.6,0.228462,1.66,0.241326,1.76,0.260487,1.95,0.289877
-2.6,-41.4,12053,1.938719,1.18,0.172466,1.21,0.178443,1.23,0.184136,1.26,0.190714,1.294,0.197496,1.33,0.204632,1.36,0.212384,1.41,0.222221,1.46,0.234943,1.54,0.253345,1.71,0.282455
-2.6,-41.2,12053,1.937048,1.48,0.167205,1.51,0.173003,1.55,0.17857,1.59,0.184662,1.63,0.191525,1.67,0.198651,1.72,0.206191,1.77,0.215778,1.85,0.228535,1.94,0.246575,2.13,0.275338
-2.6,-41.0,12053,1.940247,1.41,0.1648,1.45,0.170659,1.48,0.176214,1.52,0.182195,1.55,0.18869,1.59,0.195929,1.63,0.203681,1.68,0.213263,1.74,0.225898,1.83,0.243721,1.99,0.271859
-2.6,-40.8,12053,1.934839,1.33,0.160295,1.36,0.166211,1.39,0.171568,1.42,0.177459,1.45,0.183922,1.49,0.191205,1.52,0.198976,1.57,0.207948,1.62,0.220583,1.7,0.237885,1.83,0.264979
-2.6,-40.6,12053,1.928443,1.57,0.15689,1.61,0.162566,1.65,0.168079,1.69,0.173858,1.73,0.180418,1.77,0.187311,1.82,0.195424,1.87,0.204562,1.94,0.216765,2.03,0.233384,2.2,0.260878
-2.6,-40.4,12053,1.917338,1.61,0.152812,1.65,0.158574,1.69,0.163872,1.72,0.169744,1.76,0.175921,1.81,0.183001,1.85,0.190931,1.9,0.200372,1.97,0.211921,2.07,0.22823,2.23,0.254669
-2.6,-40.2,12053,1.902774,1.63,0.15114,1.66,0.157085,1.69,0.162437,1.73,0.168194,1.77,0.174405,1.81,0.181451,1.86,0.189225,1.91,0.198419,1.98,0.209973,2.07,0.225874,2.24,0.251462
-2.6,-40.0,12053,1.87312,1.61,0.151006,1.65,0.156804,1.69,0.162249,1.72,0.167974,1.76,0.174078,1.8,0.181219,1.85,0.18891,1.91,0.197833,1.97,0.209284,2.08,0.225105,2.2548,0.250493
-2.6,-39.8,12053,1.825626,1.62,0.157,1.66,0.162481,1.69,0.168149,1.73,0.173956,1.77,0.180089,1.81,0.187018,1.86,0.194533,1.92,0.202993,1.99,0.214602,2.1,0.230486,2.3,0.255257
-2.6,-39.6,12053,1.768004,1.65,0.167839,1.68,0.173086,1.72,0.178707,1.76,0.184832,1.8,0.1911,1.85,0.198016,1.9,0.205599,1.96,0.213244,2.04,0.225319,2.15,0.240976,2.36,0.264964
-2.4,-44.2,12053,2.614275,0.6,0.250095,0.62,0.257613,0.64,0.265063,0.67,0.271992,0.69,0.279538,0.71,0.288303,0.74,0.29773,0.78,0.308738,0.82,0.322811,0.89,0.343669,1.06,0.381012
-2.4,-44.0,12053,3.150891,0.8,0.237373,0.83,0.244881,0.85,0.252217,0.87,0.259163,0.9,0.266854,0.93,0.27546,0.96,0.284188,1.01,0.29476,1.05,0.308298,1.13,0.32783,1.31,0.361947
-2.4,-43.0,12053,2.001206,1.09,0.211615,1.11,0.218793,1.14,0.22541,1.18,0.232429,1.21,0.239631,1.24,0.247322,1.29,0.255806,1.33,0.266256,1.39,0.278329,1.47,0.297494,1.65,0.328682
-2.4,-42.8,12053,1.955848,1.34,0.203717,1.38,0.210538,1.41,0.217289,1.45,0.224345,1.49,0.231335,1.53,0.238898,1.58,0.247536,1.63,0.257307,1.7,0.269671,1.8,0.288702,2.0,0.319491
-2.4,-42.6,12053,1.913208,1.43,0.19621,1.47,0.202797,1.51,0.209736,1.55,0.216777,1.59,0.22362,1.64,0.23105,1.69,0.239578,1.74,0.249466,1.82,0.262027,1.92,0.28154,2.15,0.311484
-2.4,-42.4,12053,1.879237,1.62,0.189617,1.66,0.196302,1.71,0.203243,1.75,0.209794,1.8,0.216759,1.85,0.22436,1.91,0.232668,1.97,0.242805,2.07,0.255493,2.19,0.27516,2.45,0.303866
-2.4,-42.2,12053,1.852244,1.64,0.183917,1.68,0.190345,1.73,0.197018,1.77,0.203629,1.82,0.21059,1.87,0.217964,1.93,0.226565,2.0,0.236287,2.08,0.248687,2.2,0.267904,2.46,0.296249
-2.4,-42.0,12053,1.827438,1.64,0.179144,1.69,0.185308,1.73,0.191778,1.78,0.198553,1.82,0.205329,1.87,0.212531,1.93,0.220588,2.0,0.230903,2.08,0.242964,2.2,0.261629,2.45,0.289987
-2.4,-41.8,12053,1.811669,1.67,0.175762,1.71,0.181915,1.75,0.18807,1.8,0.194757,1.84,0.201681,1.9,0.208881,1.95,0.216879,2.02,0.22716,2.1,0.239214,2.22,0.257881,2.44,0.286318
-2.4,-41.6,12053,1.800203,1.69,0.171563,1.74,0.177625,1.78,0.183599,1.83,0.19024,1.87,0.197108,1.92,0.204242,1.98,0.212226,2.05,0.222065,2.13,0.234678,2.25,0.252659,2.47,0.280713
-2.4,-40.8,12053,1.826859,1.75,0.156682,1.79,0.162353,1.83,0.167742,1.87,0.17428,1.92,0.180611,1.97,0.187774,2.02,0.195411,2.08,0.204828,2.16,0.217101,2.27,0.233469,2.47,0.260712
-2.4,-40.6,12053,1.813602,1.73,0.153655,1.77,0.15929,1.81,0.164864,1.85,0.170938,1.9,0.177462,1.95,0.184662,2.0,0.192408,2.05,0.201955,2.13,0.213713,2.24,0.23012,2.43,0.257033
-2.4,-40.4,12053,1.802334,1.72,0.150468,1.76,0.156152,1.8,0.161711,1.84,0.167693,1.88,0.174278,1.93,0.18106,1.98,0.188868,2.04,0.198429,2.12,0.210094,2.22,0.226032,2.42,0.25267
-2.4,-40.2,12053,1.78946,1.72,0.146269,1.76,0.151982,1.8,0.157622,1.84,0.163572,1.88,0.169988,1.93,0.176788,1.98,0.184667,2.04,0.193883,2.12,0.205341,2.23,0.221096,2.44,0.246997
-2.4,-40.0,12053,1.769113,1.72,0.144108,1.76,0.150029,1.8,0.155828,1.84,0.161748,1.89,0.168035,1.93,0.174993,1.98,0.182965,2.04,0.192145,2.12,0.203375,2.24,0.219306,2.47,0.245369
-2.2,-44.2,12053,2.693342,1.06,0.241622,1.1,0.248946,1.13,0.256346,1.17,0.26359,1.2,0.270998,1.24,0.279501,1.29,0.288543,1.35,0.299148,1.42,0.312313,1.52,0.331058,1.73,0.366039
-2.2,-44.0,12053,2.664917,1.28,0.229499,1.31,0.236641,1.35,0.243904,1.39,0.251228,1.43,0.258919,1.47,0.266915,1.52,0.275765,1.59,0.286447,1.66,0.299374,1.77,0.318247,1.99,0.351695
-2.2,-43.8,12053,2.623215,1.33,0.221918,1.36,0.228769,1.4,0.236103,1.44,0.242927,1.48,0.250593,1.52,0.257954,1.57,0.266507,1.63,0.2769,1.7,0.28952,1.81,0.308407,2.03,0.340738
-2.2,-43.6,12053,2.320195,1.4,0.216071,1.43,0.222639,1.47,0.229868,1.51,0.236465,1.55,0.243599,1.59,0.251363,1.64,0.259683,1.7,0.270043,1.78,0.28255,1.89,0.30132,2.11,0.332339
-2.2,-43.4,12053,2.197052,1.47,0.21048,1.51,0.217389,1.55,0.224152,1.59,0.230888,1.63,0.237888,1.68,0.245515,1.73,0.253853,1.8,0.264192,1.88,0.276405,2.0,0.29494,2.24,0.325567
-2.2,-43.2,12053,2.034414,1.57,0.204926,1.61,0.211872,1.65,0.218362,1.7,0.225102,1.74,0.232124,1.8,0.239949,1.85,0.248428,1.92,0.258251,2.0,0.27048,2.13,0.288837,2.39,0.31984
-2.2,-43.0,12053,1.929457,1.57,0.198553,1.61,0.205451,1.65,0.211921,1.69,0.218757,1.74,0.225898,1.79,0.23365,1.85,0.242073,1.92,0.251656,2.0,0.264034,2.13,0.28226,2.38,0.313301
-2.2,-42.8,12053,1.845262,1.63,0.192571,1.67,0.199501,1.71,0.206146,1.76,0.212811,1.8,0.220121,1.85,0.227704,1.91,0.235927,1.99,0.245769,2.07,0.25816,2.2,0.276866,2.47,0.306494
-2.2,-42.6,12053,1.783193,1.69,0.186883,1.74,0.193788,1.78,0.20039,1.83,0.207035,1.87,0.214301,1.93,0.22165,1.99,0.230232,2.07,0.240022,2.16,0.252327,2.29,0.270797,2.57,0.299594
-2.0,-44.4,12053,2.759919,0.74,0.252876,0.77,0.260444,0.8,0.268074,0.83,0.275386,0.86,0.282967,0.9,0.291268,0.94,0.300423,0.99,0.311349,1.05,0.324692,1.15,0.342686,1.3648,0.376871
-2.0,-44.2,12053,2.703656,1.18,0.234139,1.22,0.241036,1.25,0.248604,1.29,0.256173,1.33,0.263436,1.38,0.271432,1.43,0.280649,1.5,0.291147,1.58,0.304075,1.7,0.322215,1.93,0.356962
-2.0,-44.0,12053,2.60369,1.4,0.223395,1.44,0.230293,1.47,0.237739,1.52,0.244758,1.56,0.252083,1.61,0.259713,1.67,0.269173,1.75,0.279855,1.83,0.292367,1.97,0.310984,2.23,0.343638
-2.0,-43.8,12053,2.45852,1.48,0.215338,1.52,0.222235,1.56,0.229499,1.6,0.236201,1.65,0.243598,1.7,0.251106,1.76,0.2602,1.83,0.270882,1.92,0.283211,2.07,0.301791,2.33,0.333408
-2.0,-43.6,12053,2.261335,1.55,0.209052,1.59,0.216132,1.63,0.223042,1.68,0.229622,1.72,0.236824,1.78,0.244942,1.84,0.25367,1.91,0.26368,1.99,0.276303,2.14,0.294772,2.4,0.32532
-2.0,-43.4,12053,2.084741,1.64,0.203436,1.68,0.210639,1.72,0.217353,1.77,0.223762,1.81,0.230964,1.87,0.23896,1.93,0.247749,2.0,0.257576,2.09,0.270076,2.23,0.288363,2.51,0.318332
-2.0,-43.2,12053,1.924317,1.66,0.198188,1.7,0.205268,1.74,0.211616,1.79,0.218391,1.84,0.225654,1.89,0.23365,1.95,0.242256,2.02,0.252095,2.12,0.264596,2.25,0.282748,2.54,0.312752
-2.0,-43.0,12053,1.81563,1.69,0.192877,1.73,0.199591,1.78,0.206305,1.82,0.213019,1.87,0.220344,1.92,0.228584,1.98,0.236824,2.06,0.24659,2.15,0.259102,2.29,0.277413,2.57,0.307773
-1.8,-44.4,12053,2.786406,0.81,0.23902,0.84,0.246328,0.87,0.253271,0.9,0.260637,0.93,0.268086,0.97,0.276094,1.01,0.285152,1.07,0.296141,1.13,0.308835,1.23,0.327126,1.46,0.360235
-1.8,-44.2,12053,2.659747,1.29,0.226351,1.33,0.233357,1.36,0.240767,1.4,0.248026,1.45,0.255453,1.49,0.263583,1.55,0.272777,1.62,0.283166,1.71,0.295949,1.83,0.314243,2.07,0.347553
-1.6,-44.6,12053,2.888404,0.64,0.224543,0.66,0.231856,0.68,0.238875,0.71,0.245745,0.74,0.253248,0.77,0.261153,0.81,0.26987,0.86,0.280529,0.92,0.293217,1.02,0.310867,1.24,0.342586
-1.6,-44.4,12053,2.736742,0.87,0.218757,0.9,0.225971,0.93,0.232747,0.96,0.240112,0.99,0.247461,1.03,0.255403,1.07,0.264298,1.13,0.275353,1.2,0.287828,1.3,0.305527,1.52,0.337728
-1.6,-44.2,12053,2.558309,1.31,0.215082,1.34,0.222028,1.38,0.229378,1.42,0.236226,1.46,0.243702,1.51,0.251571,1.56,0.260514,1.63,0.271557,1.72,0.284091,1.84,0.302282,2.09,0.333509
-1.4,-48.6,12053,3.063851,0.09,0.328001,0.1,0.337828,0.11,0.34653,0.13,0.355968,0.14,0.365922,0.16,0.377148,0.17,0.390249,0.19,0.404458,0.2,0.422303,0.23,0.447433,0.28,0.49858
-1.4,-45.2,12053,4.057414,0.66,0.195356,0.68,0.201718,0.71,0.208759,0.73,0.216103,0.76,0.224153,0.8,0.231831,0.83,0.240584,0.88,0.249801,0.94,0.26268,1.03,0.281923,1.23,0.317464
-1.4,-45.0,12053,4.085818,0.65,0.188421,0.68,0.195074,0.7,0.201923,0.73,0.209479,0.77,0.217255,0.8,0.225043,0.84,0.23426,0.88,0.24355,0.95,0.256038,1.04,0.275484,1.2,0.311316
-1.4,-44.8,12053,2.990314,0.78,0.184625,0.81,0.191035,0.84,0.198006,0.87,0.205327,0.9,0.212983,0.94,0.22104,0.98,0.230193,1.04,0.239427,1.1,0.251337,1.21,0.271034,1.4,0.306227
-1.4,-44.6,12053,2.763478,0.82,0.189312,0.84,0.195782,0.87,0.202581,0.9,0.209942,0.93,0.217399,0.97,0.225238,1.02,0.234238,1.07,0.244028,1.14,0.25635,1.25,0.275582,1.45,0.308229
-1.4,-44.4,12053,2.615062,1.13,0.198749,1.16,0.205085,1.2,0.212057,1.23,0.219353,1.27,0.226787,1.32,0.234394,1.37,0.243484,1.43,0.253707,1.51,0.265953,1.63,0.283888,1.85,0.3149
-1.2,-48.6,12053,2.93269,0.17,0.325352,0.19,0.335069,0.2,0.343641,0.21,0.352551,0.22,0.362536,0.24,0.373535,0.25,0.386518,0.27,0.399964,0.29,0.417965,0.32,0.442875,0.38,0.493287
-1.2,-45.6,12053,4.560236,0.75,0.18725,0.77,0.193739,0.8,0.20068,0.83,0.208527,0.86,0.216865,0.89,0.224983,0.93,0.233882,0.97,0.243933,1.04,0.257562,1.13,0.278527,1.31,0.318606
-1.2,-45.4,12053,2.918687,1.11,0.187091,1.14,0.193575,1.18,0.200744,1.22,0.208349,1.26,0.216369,1.31,0.22425,1.35,0.233327,1.42,0.243137,1.5,0.256086,1.61,0.276559,1.84,0.313544
-1.2,-45.2,12053,2.954317,1.08,0.182586,1.12,0.189284,1.16,0.196235,1.2,0.203496,1.244,0.211638,1.29,0.220051,1.34,0.22919,1.41,0.23855,1.49,0.25151,1.61,0.27101,1.83,0.307394
-1.2,-45.0,12053,2.84069,1.06,0.176336,1.11,0.182806,1.14,0.189764,1.19,0.197015,1.23,0.205268,1.28,0.213691,1.34,0.222944,1.4,0.232795,1.48,0.24554,1.61,0.264779,1.84,0.301003
-1.2,-44.8,12053,2.736868,1.19,0.173858,1.23,0.18023,1.28,0.186956,1.32,0.194293,1.37,0.202545,1.42,0.210529,1.49,0.219826,1.56,0.229621,1.65,0.241658,1.78,0.26128,2.04,0.296763
-1.2,-44.6,12053,2.608679,1.22,0.1768,1.26,0.183343,1.3,0.189691,1.35,0.197039,1.4,0.205023,1.45,0.213007,1.51,0.222006,1.582,0.232297,1.67,0.244229,1.8,0.263716,2.05,0.296139
-1.0,-48.4,12053,3.092678,0.36,0.306161,0.38,0.315622,0.4,0.324656,0.42,0.334177,0.44,0.343785,0.46,0.356029,0.48,0.36909,0.51,0.383874,0.54,0.401977,0.58,0.428077,0.66,0.479411
-1.0,-46.0,12053,3.031009,0.86,0.18067,0.89,0.187384,0.92,0.194403,0.95,0.202338,0.99,0.210273,1.03,0.218513,1.07,0.227668,1.13,0.237129,1.2,0.252693,1.3,0.27723,1.52,0.318455
-1.0,-45.8,12053,2.968626,1.04,0.177068,1.08,0.183904,1.11,0.190692,1.15,0.19837,1.18,0.206,1.23,0.214179,1.28,0.223334,1.34,0.233247,1.41,0.247871,1.53,0.269502,1.75,0.309667
-1.0,-45.6,12053,2.928292,1.16,0.172796,1.2,0.179303,1.24,0.186102,1.28,0.193732,1.32,0.202033,1.36,0.209601,1.41,0.219123,1.47,0.22884,1.56,0.2425,1.68,0.263339,1.9,0.301767
-1.0,-45.4,12053,2.860276,1.23,0.167668,1.27,0.174383,1.31,0.181463,1.35,0.188727,1.4,0.197211,1.44,0.205267,1.5,0.214606,1.57,0.224616,1.65,0.2378,1.77,0.258309,2.02,0.295966
-1.0,-45.2,12053,2.797509,1.17,0.166021,1.21,0.172833,1.25,0.179815,1.3,0.187201,1.35,0.195685,1.4,0.203925,1.45,0.213032,1.52,0.223518,1.62,0.23614,1.74,0.256173,1.99,0.293307
-1.0,-45.0,12053,2.715078,1.14,0.166021,1.19,0.172735,1.23,0.179754,1.28,0.187078,1.33,0.195624,1.38,0.204169,1.45,0.21363,1.52,0.223395,1.61,0.236213,1.75,0.25605,2.0,0.292209
-1.0,-44.8,12053,2.588355,1.15,0.164861,1.19,0.171636,1.24,0.178777,1.288,0.186212,1.34,0.194098,1.39,0.202765,1.45,0.212226,1.53,0.222175,1.62,0.23426,1.76,0.254488,2.03,0.28901
-1.0,-44.6,12053,2.451983,1.16,0.164251,1.21,0.170904,1.25,0.177679,1.3,0.185125,1.35,0.19306,1.4,0.201727,1.46,0.210883,1.54,0.221015,1.63,0.232917,1.77,0.253206,2.02,0.286142
-0.8,-48.4,12053,3.195137,0.51,0.300215,0.54,0.309501,0.56,0.31831,0.58,0.327754,0.61,0.337368,0.63,0.349302,0.66,0.361737,0.69,0.376881,0.72,0.395466,0.77,0.42062,0.86,0.470553
-0.8,-48.2,12053,3.260997,0.45,0.280233,0.47,0.289829,0.48,0.299049,0.5,0.308992,0.52,0.32044,0.54,0.332128,0.56,0.346935,0.58,0.362865,0.61,0.381385,0.65,0.408953,0.73,0.46194
-0.8,-46.6,12053,3.11249,0.96,0.18631,0.99,0.194166,1.02,0.201999,1.06,0.210075,1.09,0.218649,1.13,0.227485,1.17,0.236812,1.23,0.248628,1.3,0.265004,1.4,0.290236,1.62,0.345432
-0.8,-46.4,12053,3.022545,1.01,0.177618,1.04,0.184796,1.07,0.192271,1.1,0.200147,1.14,0.208653,1.18,0.216986,1.23,0.226217,1.29,0.237217,1.37,0.252666,1.49,0.277728,1.72,0.326619
-0.8,-46.2,12053,2.966771,0.88,0.171649,0.91,0.178399,0.94,0.185724,0.97,0.193278,1.0,0.20141,1.04,0.209797,1.09,0.218818,1.15,0.229233,1.23,0.244168,1.34,0.270179,1.56,0.312272
-0.8,-46.0,12053,2.918617,1.02,0.16718,1.05,0.174236,1.09,0.181219,1.12,0.188836,1.16,0.196539,1.21,0.20484,1.26,0.21424,1.33,0.224628,1.41,0.239387,1.53,0.263009,1.77,0.303627
-0.8,-45.8,12053,2.858238,1.13,0.162395,1.17,0.169634,1.2,0.176338,1.24,0.184063,1.29,0.191903,1.33,0.200275,1.39,0.209912,1.46,0.220075,1.54,0.234074,1.67,0.256243,1.9,0.296675
-0.8,-45.6,12053,2.774863,1.18,0.158953,1.22,0.165752,1.26,0.172906,1.3,0.180447,1.34,0.18861,1.39,0.197003,1.44,0.206537,1.51,0.217026,1.6,0.230229,1.73,0.251861,1.95,0.290502
-0.8,-45.4,12053,2.70845,1.18,0.157219,1.21,0.164111,1.25,0.171236,1.29,0.178909,1.34,0.187105,1.38,0.195648,1.44,0.204545,1.51,0.215524,1.6,0.228322,1.72,0.249744,1.9648,0.287433
-0.6,-48.4,12053,3.257537,0.66,0.290719,0.69,0.299417,0.71,0.308296,0.74,0.31746,0.77,0.32781,0.8,0.3389,0.83,0.351492,0.87,0.365828,0.91,0.384833,0.98,0.41178,1.11,0.465149
-0.6,-48.2,12053,3.184237,0.71,0.261678,0.73,0.270696,0.76,0.280643,0.78,0.292316,0.8,0.304847,0.83,0.31765,0.86,0.332721,0.89,0.349572,0.938,0.369094,0.994,0.397103,1.12,0.451106
-0.6,-48.0,12053,3.23461,0.61,0.237434,0.62,0.246956,0.64,0.257772,0.66,0.27015,0.67,0.282785,0.7,0.296457,0.72,0.310312,0.74,0.328074,0.78,0.348338,0.84,0.378808,0.96,0.438451
-0.6,-47.2,12053,2.959708,0.87,0.192096,0.9,0.200043,0.92,0.208509,0.95,0.217177,0.97,0.226558,1.0,0.236922,1.04,0.248868,1.08,0.262853,1.13,0.281838,1.22,0.309976,1.39,0.377857
-0.6,-47.0,12053,2.972664,1.14,0.181097,1.17,0.188726,1.2,0.196966,1.24,0.205695,1.27,0.214936,1.31,0.224738,1.36,0.235395,1.41,0.250142,1.49,0.268123,1.59,0.295138,1.81,0.363139
-0.6,-46.8,12053,2.976737,1.18,0.173553,1.21,0.181078,1.24,0.189056,1.28,0.197953,1.31,0.206701,1.36,0.215961,1.41,0.226401,1.47,0.239121,1.54,0.25583,1.66,0.282878,1.9,0.346426
-0.6,-46.6,12053,2.950558,1.15,0.169292,1.18,0.176803,1.22,0.18421,1.25,0.192511,1.29,0.201122,1.33,0.209907,1.39,0.21971,1.45,0.231164,1.52,0.247269,1.65,0.273439,1.89,0.329468
-0.6,-46.4,12053,2.905302,1.14,0.1653,1.18,0.172156,1.21,0.179463,1.25,0.187249,1.29,0.195843,1.34,0.204571,1.39,0.214196,1.45,0.225153,1.54,0.23987,1.67,0.265526,1.92,0.312561
-0.6,-46.2,12053,2.835536,1.09,0.16087,1.13,0.167876,1.16,0.17528,1.2,0.182865,1.24,0.190575,1.29,0.199494,1.35,0.209174,1.41,0.219946,1.51,0.234561,1.64,0.259738,1.89,0.300307
-0.6,-46.0,12053,2.771571,1.08,0.157353,1.116,0.1648,1.15,0.171636,1.19,0.179144,1.24,0.187262,1.29,0.196051,1.35,0.205573,1.41,0.216681,1.51,0.230952,1.64,0.254183,1.9,0.294565
-0.4,-48.2,12053,2.960708,0.85,0.24652,0.87,0.256103,0.89,0.265537,0.92,0.276058,0.94,0.288033,0.97,0.300781,1.0,0.314901,1.04,0.331936,1.08,0.353369,1.16,0.385448,1.3,0.444609
-0.4,-48.0,12053,2.72851,0.97,0.224921,1.0,0.234138,1.02,0.243782,1.05,0.253548,1.08,0.26578,1.1,0.278024,1.14,0.292062,1.18,0.309238,1.23,0.331761,1.31,0.365612,1.47,0.427767
-0.4,-47.8,12053,2.774426,1.08,0.209417,1.11,0.218349,1.14,0.227372,1.17,0.237199,1.2,0.247802,1.23,0.260712,1.27,0.274429,1.31,0.290365,1.37,0.314042,1.47,0.347036,1.64,0.408651
-0.4,-47.6,12053,2.835506,1.15,0.196882,1.18,0.205867,1.21,0.21417,1.25,0.223738,1.28,0.23375,1.32,0.245967,1.36,0.258683,1.41,0.274364,1.47,0.296753,1.58,0.330331,1.77,0.392309
-0.4,-47.4,12053,2.847995,1.22,0.186236,1.26,0.194353,1.29,0.203111,1.328,0.211845,1.36,0.222028,1.4,0.232356,1.45,0.245034,1.51,0.260078,1.57,0.280379,1.684,0.311611,1.91,0.379485
-0.4,-47.2,12053,2.870207,1.24,0.177752,1.28,0.185465,1.31,0.193698,1.35,0.202751,1.39,0.211995,1.43,0.222089,1.48,0.233553,1.53,0.247838,1.61,0.266681,1.72,0.295521,1.95,0.364253
-0.4,-47.0,12053,2.866034,1.26,0.169927,1.29,0.176983,1.33,0.185504,1.36,0.194769,1.4,0.203558,1.44,0.213019,1.49,0.224311,1.55,0.237251,1.63,0.254573,1.74,0.281649,1.98,0.348856
-0.4,-46.8,12053,2.847996,1.22,0.164372,1.26,0.171673,1.29,0.179469,1.33,0.188299,1.37,0.196947,1.41,0.206232,1.46,0.216059,1.52,0.228139,1.6,0.244735,1.71,0.2708,1.95,0.331484
-0.4,-46.6,12053,2.81404,1.15,0.161895,1.18,0.168793,1.22,0.176329,1.25,0.184303,1.29,0.192955,1.33,0.201692,1.38,0.211769,1.45,0.223298,1.53,0.238528,1.644,0.262855,1.88,0.314038
-0.2,-49.6,12053,2.594349,0.19,0.368189,0.21,0.378377,0.22,0.389187,0.23,0.399803,0.24,0.410894,0.25,0.423963,0.27,0.438986,0.29,0.455573,0.31,0.476692,0.34,0.508129,0.4,0.570455
-0.2,-48.4,12053,2.767483,0.66,0.253218,0.68,0.262627,0.7,0.27209,0.72,0.283145,0.74,0.294717,0.76,0.307309,0.78,0.322355,0.81,0.340215,0.85,0.364241,0.9,0.397609,1.04,0.456491
-0.2,-48.2,12053,2.667735,0.79,0.232662,0.81,0.242349,0.83,0.251891,0.85,0.262209,0.87,0.273977,0.9,0.28646,0.92,0.301361,0.95,0.318663,1.0,0.342301,1.07,0.376041,1.21,0.437971
-0.2,-48.0,12053,2.708041,1.08,0.215339,1.11,0.224128,1.14,0.233406,1.17,0.242866,1.2,0.253914,1.23,0.266976,1.26,0.280282,1.31,0.296774,1.37,0.319333,1.45,0.352489,1.63,0.415415
-0.2,-47.8,12053,2.748529,1.21,0.200518,1.24,0.209263,1.28,0.217709,1.31,0.227128,1.34,0.23747,1.38,0.249384,1.42,0.262522,1.47,0.277663,1.54,0.300208,1.64,0.332338,1.83,0.394897
-0.2,-47.6,12053,2.760031,1.25,0.187958,1.29,0.196681,1.32,0.205268,1.36,0.214192,1.39,0.224351,1.43,0.234895,1.48,0.247393,1.53,0.262694,1.6,0.283073,1.7,0.313313,1.91,0.377141
-0.2,-47.4,12053,2.768685,1.31,0.178569,1.35,0.186407,1.39,0.19502,1.42,0.204004,1.46,0.213312,1.5,0.223188,1.55,0.235085,1.61,0.249378,1.68,0.268252,1.8,0.295941,2.04,0.362241
-0.2,-47.2,12053,2.76283,1.33,0.17094,1.37,0.178277,1.41,0.186383,1.45,0.195548,1.49,0.204733,1.53,0.214411,1.586,0.225288,1.65,0.238743,1.72,0.256556,1.844,0.282494,2.09,0.348035
-0.0,-50.4,12053,2.19094,0.14,0.421765,0.16,0.432569,0.18,0.444166,0.19,0.455885,0.2,0.468337,0.21,0.481093,0.22,0.495962,0.23,0.511856,0.24,0.532853,0.26,0.564347,0.3,0.626957
-0.0,-50.2,12053,2.009903,0.07,0.409375,0.09,0.419606,0.1,0.430739,0.12,0.442385,0.14,0.453994,0.16,0.467178,0.17,0.481216,0.19,0.496671,0.21,0.517411,0.23,0.548321,0.27,0.612409
-0.0,-50.0,12053,2.026225,0.1,0.395215,0.12,0.405896,0.14,0.416578,0.16,0.426649,0.18,0.438551,0.19,0.451064,0.21,0.465407,0.22,0.481277,0.24,0.500809,0.25,0.531327,0.31,0.593121
-0.0,-49.2,12053,2.970676,0.61,0.322523,0.62,0.332897,0.64,0.343652,0.66,0.354687,0.68,0.367041,0.69,0.380018,0.72,0.394239,0.74,0.412123,0.77,0.433487,0.83,0.464006,0.9448,0.524031
-0.0,-49.0,12053,2.638095,0.62,0.299692,0.64,0.309153,0.65,0.320139,0.67,0.331126,0.69,0.343028,0.71,0.355846,0.73,0.370495,0.76,0.388195,0.79,0.411084,0.85,0.442824,0.9948,0.505838
-0.0,-48.8,12053,2.498322,0.65,0.279609,0.66,0.28968,0.68,0.299386,0.7,0.310983,0.71,0.322543,0.74,0.335702,0.76,0.350107,0.79,0.368919,0.82,0.392162,0.88,0.424414,1.02,0.488029
-0.0,-48.6,12053,2.464769,0.71,0.260751,0.73,0.270553,0.75,0.280356,0.77,0.292112,0.79,0.303111,0.81,0.317027,0.84,0.331407,0.86,0.35017,0.9,0.374585,0.97,0.408704,1.0948,0.468487
-0.0,-48.4,12053,2.456981,0.85,0.240851,0.87,0.250373,0.9,0.26009,0.92,0.271614,0.94,0.283211,0.96,0.29554,0.99,0.311227,1.03,0.328928,1.07,0.353879,1.14,0.388169,1.28,0.447183
-0.0,-48.2,12053,2.458865,1.08,0.22126,1.106,0.231026,1.13,0.240059,1.16,0.25007,1.19,0.262119,1.22,0.27418,1.26,0.289072,1.3,0.305505,1.35,0.329955,1.44,0.364294,1.61,0.426741
0.2,-50.6,12053,2.878966,0.26,0.43163,0.27,0.442992,0.28,0.454274,0.29,0.466751,0.3,0.479104,0.32,0.492472,0.34,0.506224,0.35,0.522551,0.37,0.54469,0.4,0.577377,0.45,0.638479
0.2,-49.6,12053,3.52509,0.5,0.353502,0.52,0.363593,0.53,0.374408,0.55,0.384593,0.56,0.395141,0.58,0.407435,0.6,0.421925,0.62,0.437929,0.65,0.457478,0.69,0.487128,0.77,0.544193
0.2,-49.4,12053,3.404997,0.75,0.330759,0.77,0.341374,0.79,0.351965,0.81,0.362613,0.83,0.373698,0.85,0.38635,0.88,0.400312,0.91,0.417044,0.94,0.438038,1.01,0.468197,1.13,0.523572
0.2,-49.2,12053,2.886956,0.97,0.309703,0.99,0.319519,1.02,0.330199,1.05,0.340355,1.08,0.352149,1.11,0.36416,1.14,0.37805,1.18,0.395818,1.23,0.417197,1.32,0.448718,1.49,0.507219
0.2,-49.0,12053,2.641126,0.94,0.289987,0.96,0.299264,0.99,0.309409,1.01,0.319773,1.04,0.331822,1.06,0.344188,1.09,0.35847,1.13,0.375878,1.18,0.398755,1.26,0.430189,1.41,0.492093
0.2,-48.8,12053,2.370161,0.94,0.271467,0.97,0.281033,0.99,0.290709,1.01,0.301276,1.04,0.313367,1.07,0.326059,1.1,0.339887,1.14,0.357749,1.18,0.381519,1.26,0.414589,1.41,0.476173
0.2,-48.6,12053,2.219122,1.06,0.252572,1.09,0.261857,1.11,0.27195,1.14,0.283212,1.17,0.294187,1.2,0.307261,1.24,0.321324,1.28,0.339227,1.33,0.363564,1.42,0.3972,1.58,0.455286
0.4,-50.0,12053,3.331347,0.45,0.387768,0.47,0.397717,0.48,0.408216,0.49,0.41908,0.51,0.430824,0.53,0.442152,0.54,0.454909,0.56,0.469875,0.59,0.489395,0.63,0.518937,0.71,0.573621
0.4,-49.8,12053,3.806559,0.55,0.36821,0.57,0.378899,0.59,0.388999,0.6,0.399572,0.62,0.410482,0.64,0.422937,0.66,0.436746,0.68,0.45159,0.71,0.4717,0.76,0.501264,0.88,0.555268
0.4,-49.6,12053,4.162305,0.72,0.344507,0.74,0.354829,0.76,0.365289,0.78,0.375404,0.8,0.38585,0.82,0.397718,0.85,0.412455,0.88,0.428205,0.91,0.447104,0.97,0.476632,1.09,0.530424
0.4,-49.4,12053,3.250249,1.06,0.31904,1.09,0.329101,1.12,0.339224,1.15,0.349437,1.18,0.360338,1.21,0.37213,1.25,0.386146,1.3,0.403051,1.36,0.422996,1.46,0.453873,1.65,0.512419
0.4,-49.2,12053,2.800498,1.1,0.299582,1.14,0.30897,1.17,0.318912,1.2,0.328781,1.23,0.340116,1.27,0.35238,1.31,0.36614,1.35,0.382603,1.41,0.404161,1.51,0.435698,1.7,0.495382
0.4,-29.4,12053,1.419356,1.88,0.045375,1.92,0.051674,1.96,0.058229,2.0,0.064516,2.04,0.071401,2.09,0.079104,2.14,0.088411,2.21,0.099258,2.3,0.112547,2.44,0.131132,2.81,0.164894
0.6,-50.4,12053,3.234794,0.25,0.416052,0.26,0.426692,0.27,0.438077,0.29,0.450167,0.3,0.461974,0.31,0.474074,0.33,0.487986,0.35,0.503335,0.37,0.523436,0.41,0.554023,0.48,0.610634
0.6,-50.2,12053,3.51504,0.47,0.402296,0.48,0.413009,0.5,0.423395,0.52,0.435269,0.53,0.446265,0.55,0.458194,0.57,0.471402,0.59,0.486302,0.62,0.505011,0.67,0.534544,0.76,0.588319
0.6,-50.0,12053,3.696011,0.78,0.383679,0.8,0.393359,0.83,0.403821,0.85,0.414747,0.88,0.42588,0.91,0.437574,0.94,0.449574,0.98,0.463649,1.03,0.482803,1.1,0.510526,1.25,0.565169
0.6,-49.8,12053,3.892893,0.92,0.361484,0.95,0.372152,0.97,0.381934,1.0,0.392033,1.03,0.402894,1.06,0.414171,1.1,0.427279,1.14,0.441566,1.19,0.460312,1.27,0.488668,1.4348,0.540605
0.6,-49.6,12053,3.777912,1.02,0.334692,1.05,0.344789,1.08,0.355041,1.11,0.364521,1.14,0.374244,1.17,0.386084,1.21,0.399589,1.25,0.415119,1.31,0.43382,1.4,0.463619,1.58,0.515025
0.6,-49.4,12053,3.036217,1.11,0.31031,1.14,0.319519,1.17,0.329015,1.2,0.33895,1.24,0.349163,1.27,0.361168,1.31,0.374427,1.36,0.390842,1.42,0.41093,1.52,0.441776,1.72,0.498751
0.6,-49.2,12053,2.584148,1.15,0.292637,1.18,0.301707,1.21,0.311229,1.24,0.320819,1.28,0.3316,1.32,0.343542,1.36,0.356855,1.41,0.373035,1.47,0.394217,1.57,0.425056,1.77,0.481268
0.6,-29.8,12053,1.428497,1.88,0.04944,1.91,0.056173,1.95,0.062746,1.99,0.06948,2.03,0.076357,2.08,0.084109,2.13,0.093523,2.2,0.104503,2.29,0.117714,2.44,0.137016,2.81,0.169041
0.6,-29.6,12053,1.423168,1.88,0.048317,1.91,0.054933,1.95,0.061726,1.99,0.068117,2.03,0.075264,2.08,0.082888,2.13,0.092222,2.2,0.103424,2.29,0.116632,2.44,0.136078,2.81,0.168485
0.6,-29.4,12053,1.417093,1.88,0.047365,1.91,0.053808,1.95,0.060722,1.99,0.066897,2.03,0.07416,2.08,0.081924,2.14,0.091189,2.21,0.102249,2.29,0.115492,2.44,0.134862,2.8,0.16788
0.6,-29.2,12053,1.410312,1.88,0.046205,1.91,0.052812,1.95,0.059511,1.99,0.065774,2.03,0.073078,2.08,0.080813,2.13,0.090274,2.2,0.101058,2.29,0.114586,2.44,0.13384,2.7948,0.167069
0.6,-29.0,12053,1.403462,1.88,0.045106,1.91,0.051674,1.95,0.058486,1.99,0.064943,2.03,0.072024,2.08,0.079897,2.13,0.089175,2.2,0.099991,2.29,0.113395,2.44,0.132206,2.79,0.166021
0.8,-50.2,12053,3.48617,0.38,0.3974,0.4,0.408131,0.41,0.418544,0.42,0.430175,0.44,0.441372,0.45,0.453481,0.47,0.466065,0.49,0.481051,0.51,0.500019,0.55,0.528647,0.63,0.580386
0.8,-50.0,12053,3.506284,0.56,0.380749,0.58,0.390149,0.59,0.400586,0.61,0.411267,0.63,0.422156,0.65,0.433668,0.67,0.445448,0.7,0.459059,0.73,0.476992,0.78,0.504715,0.88,0.555493
0.8,-49.8,12053,3.253789,0.9,0.357908,0.93,0.367515,0.95,0.376981,0.98,0.386495,1.01,0.396927,1.04,0.407701,1.07,0.419635,1.11,0.433254,1.16,0.45028,1.24,0.477887,1.4,0.526039
0.8,-49.6,12053,2.984089,1.03,0.326049,1.05,0.33529,1.08,0.345165,1.11,0.355029,1.14,0.364255,1.17,0.37555,1.21,0.388118,1.26,0.403547,1.31,0.421679,1.4,0.451084,1.58,0.499795
0.8,-49.4,12053,2.629218,1.11,0.304195,1.13,0.312919,1.17,0.322179,1.2,0.331799,1.23,0.341318,1.27,0.353221,1.31,0.366283,1.36,0.381466,1.42,0.401093,1.52,0.430301,1.71,0.484339
0.8,-29.8,12053,1.423599,1.87,0.05193,1.91,0.058705,1.94,0.065603,1.98,0.071958,2.03,0.079409,2.08,0.087271,2.13,0.096744,2.2,0.107987,2.29,0.121381,2.44,0.14111,2.81,0.172587
0.8,-29.6,12053,1.419397,1.87,0.050758,1.91,0.057473,1.94,0.064521,1.98,0.070918,2.03,0.078274,2.08,0.086123,2.13,0.095574,2.2,0.106734,2.29,0.120277,2.43,0.139875,2.8,0.172263
0.8,-29.4,12053,1.414405,1.87,0.049843,1.91,0.056337,1.94,0.063417,1.98,0.069799,2.03,0.077302,2.08,0.085147,2.13,0.094461,2.2,0.105635,2.28,0.119205,2.43,0.138798,2.7948,0.17096
0.8,-29.2,12053,1.406857,1.87,0.048708,1.91,0.055173,1.94,0.06238,1.98,0.068899,2.03,0.076052,2.07,0.084243,2.13,0.093294,2.2,0.104332,2.29,0.118424,2.43,0.137382,2.7948,0.170009
0.8,-29.0,12053,1.399467,1.87,0.047487,1.91,0.054018,1.94,0.061342,1.98,0.067873,2.02,0.074917,2.07,0.083071,2.13,0.092471,2.2,0.103226,2.29,0.117313,2.43,0.136174,2.79,0.169195
1.0,-50.0,12053,3.384965,0.44,0.375988,0.45,0.385937,0.47,0.395825,0.48,0.406507,0.49,0.41731,0.51,0.428785,0.53,0.440382,0.55,0.454726,0.57,0.472427,0.61,0.498672,0.68,0.547649
1.0,-49.8,12053,2.713614,0.81,0.349557,0.83,0.358834,0.85,0.368185,0.87,0.37788,0.89,0.388072,0.92,0.398509,0.95,0.409984,0.98,0.423656,1.03,0.440062,1.09,0.466467,1.23,0.51258
1.0,-49.6,12053,2.455517,1.02,0.318249,1.04,0.327098,1.07,0.336497,1.1,0.346509,1.13,0.355603,1.17,0.366712,1.21,0.378613,1.25,0.393262,1.31,0.411439,1.4,0.439407,1.58,0.487928
1.0,-29.8,12053,1.415641,1.87,0.054445,1.9,0.061647,1.94,0.068545,1.98,0.07532,2.02,0.082583,2.07,0.090701,2.13,0.100284,2.19,0.111771,2.288,0.125126,2.44,0.145207,2.81,0.177007
1.0,-29.6,12053,1.408623,1.87,0.053407,1.9,0.060549,1.94,0.067446,1.98,0.07416,2.02,0.08179,2.07,0.089541,2.13,0.098941,2.19,0.110379,2.28,0.124076,2.44,0.144194,2.8,0.176336
1.0,-29.4,12053,1.402179,1.87,0.052492,1.9,0.059389,1.94,0.066481,1.98,0.073183,2.02,0.080691,2.07,0.088504,2.13,0.098001,2.2,0.109268,2.28,0.123161,2.43,0.142729,2.8,0.174656
1.0,-29.2,12053,1.398248,1.86,0.051637,1.9,0.058107,1.94,0.065248,1.98,0.072134,2.02,0.079653,2.07,0.087527,2.13,0.097086,2.19,0.108353,2.28,0.122318,2.43,0.141545,2.8048,0.173221
1.0,-29.0,12053,1.393432,1.86,0.050356,1.9,0.056764,1.94,0.064089,1.98,0.071108,2.02,0.078433,2.07,0.086673,2.12,0.096133,2.19,0.107425,2.28,0.121403,2.43,0.14069,2.8,0.17243
1.2,-49.8,12053,2.187036,0.72,0.335702,0.74,0.34456,0.76,0.353707,0.78,0.363318,0.8,0.373203,0.83,0.383214,0.85,0.394887,0.88,0.408302,0.93,0.424447,0.99,0.449234,1.12,0.493739
1.2,-49.6,12053,2.140021,1.1,0.308884,1.13,0.317222,1.16,0.326542,1.2,0.336254,1.23,0.345249,1.27,0.355774,1.32,0.367915,1.37,0.381572,1.44,0.39967,1.56,0.425514,1.76,0.473184
1.2,-29.6,12053,1.404569,1.86,0.056789,1.9,0.063681,1.93,0.070864,1.97,0.077883,2.02,0.085498,2.07,0.093484,2.12,0.103321,2.19,0.114579,2.28,0.128478,2.434,0.148549,2.81,0.180165
1.2,-29.4,12053,1.398319,1.86,0.055641,1.89,0.062587,1.93,0.069685,1.97,0.076697,2.02,0.0844,2.07,0.092593,2.12,0.102298,2.19,0.113675,2.28,0.127501,2.44,0.147146,2.8048,0.179136
1.2,-29.2,12053,1.392795,1.86,0.054689,1.9,0.061472,1.93,0.068486,1.97,0.075788,2.01,0.083303,2.07,0.091629,2.12,0.101146,2.19,0.112433,2.28,0.126649,2.43,0.145915,2.8048,0.177523
1.4,-49.8,12053,2.427619,1.02,0.31429,1.05,0.32316,1.08,0.331863,1.11,0.340861,1.15,0.350448,1.19,0.359835,1.24,0.370948,1.29,0.384205,1.36,0.400674,1.46,0.42572,1.65,0.469349
1.4,-49.6,12053,2.302629,1.16,0.291685,1.2,0.299919,1.23,0.309026,1.27,0.318196,1.31,0.327413,1.36,0.33756,1.41,0.349579,1.48,0.36298,1.56,0.380855,1.68,0.406812,1.9,0.453119
1.6,-49.8,12053,2.972669,1.15,0.282026,1.18,0.29097,1.22,0.299318,1.26,0.307208,1.3,0.316279,1.35,0.326402,1.41,0.337901,1.48,0.351453,1.56,0.369454,1.68,0.39343,1.9,0.442999
1.6,-49.6,12053,2.707691,1.22,0.268246,1.26,0.276779,1.3,0.284985,1.35,0.293498,1.394,0.30291,1.45,0.313584,1.51,0.325325,1.59,0.339537,1.68,0.35726,1.81,0.383945,2.04,0.430054
1.8,-50.0,12053,4.942067,1.11,0.256783,1.15,0.265731,1.19,0.274483,1.24,0.28309,1.29,0.292795,1.35,0.303415,1.41,0.315232,1.49,0.330149,1.57,0.34962,1.7,0.375524,1.92,0.428165
1.8,-49.8,12053,3.615597,1.28,0.246931,1.32,0.256301,1.37,0.265061,1.42,0.274085,1.48,0.284143,1.54,0.295431,1.62,0.308002,1.7,0.323403,1.8,0.342766,1.95,0.3698,2.21,0.420777
1.8,-49.6,12053,2.987294,1.3,0.243673,1.34,0.251927,1.39,0.260335,1.43,0.269574,1.49,0.279103,1.55,0.290048,1.63,0.301991,1.71,0.316738,1.81,0.335225,1.96,0.362062,2.2,0.409141
2.0,-50.2,12053,5.31965,1.2,0.253428,1.25,0.26246,1.29,0.271494,1.34,0.280101,1.39,0.289256,1.46,0.30018,1.53,0.311962,1.61,0.326671,1.71,0.345702,1.85,0.370959,2.09,0.423585
2.0,-50.0,12053,4.579433,1.31,0.235298,1.36,0.245064,1.41,0.253609,1.46,0.262764,1.52,0.273141,1.59,0.284127,1.67,0.296945,1.76,0.312204,1.86,0.331736,2.01,0.359203,2.27,0.410169
2.0,-49.8,12053,3.735987,1.36,0.224921,1.41,0.234076,1.46,0.243001,1.52,0.252571,1.58,0.263033,1.65,0.274117,1.73,0.287118,1.82,0.302512,1.93,0.321787,2.09,0.349314,2.3548,0.397746
2.0,-49.6,12053,3.102664,1.36,0.220161,1.41,0.228767,1.46,0.237495,1.51,0.246224,1.57,0.256502,1.64,0.266732,1.72,0.27922,1.81,0.294077,1.91,0.312864,2.07,0.340001,2.3248,0.387219
2.2,-50.6,12053,5.623373,0.63,0.25118,0.65,0.260472,0.67,0.269352,0.7,0.279352,0.73,0.289191,0.77,0.300461,0.81,0.312774,0.86,0.32804,0.91,0.348307,0.99,0.374458,1.14,0.429828
2.2,-50.4,12053,5.177614,1.01,0.244697,1.04,0.254048,1.08,0.262806,1.12,0.272171,1.17,0.281276,1.22,0.292318,1.28,0.304033,1.342,0.31862,1.42,0.338169,1.53,0.363773,1.73,0.416014
2.2,-50.2,12053,4.676989,1.32,0.236091,1.37,0.244827,1.42,0.253819,1.48,0.262458,1.54,0.27248,1.61,0.282724,1.69,0.294665,1.78,0.309277,1.89,0.327952,2.04,0.353466,2.31,0.40404
2.2,-50.0,12053,4.119654,1.39,0.218268,1.44,0.227888,1.5,0.236518,1.55,0.245491,1.62,0.255989,1.69,0.267525,1.77,0.279916,1.87,0.295737,1.98,0.314097,2.14,0.34171,2.42,0.390967
2.4,-50.6,12053,5.293974,1.19,0.24106,1.23,0.250518,1.27,0.259657,1.32,0.269232,1.38,0.2787,1.44,0.289511,1.51,0.301682,1.6,0.316223,1.69,0.334835,1.83,0.361012,2.07,0.413636
2.4,-50.4,12053,4.884984,1.32,0.232294,1.37,0.241523,1.42,0.250332,1.48,0.259365,1.54,0.269166,1.61,0.279427,1.69,0.290934,1.78,0.305321,1.89,0.323283,2.05,0.34919,2.31,0.398284
2.4,-50.2,12053,4.306118,1.39,0.218905,1.44,0.228233,1.49,0.236459,1.55,0.24555,1.62,0.255441,1.69,0.265475,1.78,0.277275,1.87,0.292185,1.98,0.31012,2.14,0.33701,2.42,0.38586
2.6,-50.8,12053,4.752028,0.89,0.237836,0.92,0.247261,0.95,0.256453,0.98,0.26583,1.01,0.27493,1.05,0.285689,1.1,0.297789,1.15,0.312125,1.22,0.330021,1.3,0.355745,1.45,0.40587
2.6,-50.6,12053,4.697703,1.23,0.22939,1.28,0.238809,1.32,0.247987,1.37,0.257052,1.43,0.266683,1.5,0.277011,1.57,0.288676,1.66,0.30218,1.75,0.320296,1.89,0.345751,2.13,0.395717
2.6,-50.4,12053,4.333643,1.36,0.219416,1.41,0.228297,1.46,0.237231,1.52,0.246557,1.58,0.255505,1.65,0.264864,1.74,0.276876,1.83,0.290184,1.94,0.307743,2.09,0.33384,2.36,0.381118
2.8,-50.8,12053,4.157855,1.07,0.22685,1.11,0.236488,1.15,0.24518,1.19,0.254497,1.24,0.263526,1.3,0.273897,1.37,0.285221,1.44,0.298951,1.52,0.316132,1.64,0.342132,1.84,0.390367
2.8,-50.6,12053,4.068867,1.31,0.217939,1.36,0.227339,1.41,0.236057,1.47,0.245135,1.53,0.254525,1.6,0.263924,1.68,0.275436,1.78,0.28873,1.88,0.305596,2.03,0.331966,2.29,0.377105
3.0,-50.8,12053,3.531451,1.24,0.216742,1.29,0.225995,1.34,0.234686,1.39,0.243964,1.46,0.253181,1.53,0.26252,1.61,0.273567,1.69,0.286641,1.8,0.30256,1.94,0.329562,2.2,0.372965
3.0,-50.6,12053,3.36274,1.37,0.206122,1.42,0.215278,1.47,0.223945,1.54,0.233345,1.61,0.241646,1.68,0.250802,1.77,0.2613,1.87,0.274301,1.98,0.290353,2.14,0.316783,2.41,0.359838
3.2,-50.8,12053,2.964172,1.34,0.204059,1.39,0.213221,1.45,0.222003,1.51,0.231037,1.58,0.240107,1.66,0.248896,1.74,0.259077,1.84,0.272193,1.95,0.288047,2.11,0.314633,2.39,0.356249
3.2,-50.6,12053,2.765468,1.42,0.188702,1.47,0.197353,1.54,0.206347,1.6,0.214848,1.68,0.223469,1.76,0.232112,1.85,0.242039,1.95,0.254894,2.07,0.270766,2.24,0.296961,2.52,0.340849
3.4,-50.8,12053,2.505258,1.37,0.188103,1.42,0.196526,1.48,0.205632,1.55,0.21438,1.62,0.222943,1.7,0.232037,1.79,0.241696,1.89,0.254423,2.0,0.270107,2.17,0.295172,2.46,0.337904
3.6,-51.0,12053,2.309414,1.09,0.185858,1.13,0.194586,1.17,0.203192,1.22,0.212165,1.27,0.221162,1.34,0.230293,1.4,0.240339,1.48,0.25251,1.56,0.268062,1.7,0.293222,1.9248,0.335428
3.6,-50.8,12053,2.202086,1.36,0.167827,1.41,0.176664,1.48,0.184734,1.54,0.193557,1.62,0.201924,1.7,0.211065,1.78,0.220428,1.88,0.232909,1.99,0.248861,2.16,0.272566,2.44,0.315248
3.8,-51.0,12053,2.080939,0.89,0.166814,0.92,0.175665,0.96,0.183929,1.0,0.192938,1.05,0.201386,1.1,0.211005,1.16,0.220344,1.22,0.232429,1.29,0.24792,1.39,0.272494,1.57,0.316477
3.8,-50.8,12053,1.986709,1.29,0.14943,1.35,0.158117,1.41,0.166545,1.47,0.174916,1.54,0.18278,1.63,0.192217,1.706,0.202144,1.8,0.213244,1.9,0.229003,2.05,0.253091,2.31,0.294919
4.0,-51.0,12053,1.941237,0.98,0.138859,1.02,0.14771,1.07,0.15656,1.12,0.165105,1.17,0.173345,1.24,0.182501,1.3,0.192267,1.37,0.203558,1.46,0.219428,1.58,0.242927,1.79,0.285958
4.0,-50.8,12053,1.807062,1.35,0.129154,1.41,0.137553,1.48,0.145757,1.55,0.153387,1.63,0.161566,1.71,0.170599,1.79,0.180792,1.89,0.192266,2.01,0.207648,2.164,0.231147,2.45,0.271751
4.2,-51.2,12053,1.998946,0.66,0.123234,0.69,0.131975,0.73,0.140656,0.77,0.149114,0.8,0.157976,0.84,0.16701,0.89,0.176514,0.94,0.188441,1.0,0.203554,1.09,0.22688,1.26,0.270304
4.2,-51.0,12053,1.749204,0.94,0.11298,0.98,0.121097,1.02,0.129276,1.07,0.138249,1.12,0.146123,1.18,0.155095,1.24,0.164678,1.31,0.176824,1.39,0.192816,1.51,0.215094,1.7148,0.25845
4.2,-50.8,12053,1.654944,1.35,0.111771,1.41,0.119718,1.49,0.127511,1.55,0.135339,1.63,0.143356,1.72,0.152068,1.8,0.162143,1.9,0.174725,2.01,0.189117,2.18,0.21289,2.46,0.252669
4.4,-51.6,12053,1.514566,0.65,0.109305,0.68,0.117775,0.72,0.126176,0.76,0.134941,0.8,0.143321,0.84,0.151349,0.89,0.16115,0.94,0.172924,1.0,0.187723,1.09,0.21079,1.28,0.254872
4.4,-51.4,12053,1.755413,0.87,0.09888,0.92,0.107706,0.97,0.116412,1.02,0.125004,1.07,0.133517,1.13,0.142082,1.19,0.151447,1.25,0.163758,1.33,0.177886,1.45,0.201029,1.69,0.247136
4.4,-51.2,12053,1.680212,0.89,0.103054,0.93,0.1115,0.98,0.119791,1.03,0.128369,1.08,0.136874,1.14,0.145657,1.2,0.155187,1.27,0.167119,1.35,0.182853,1.47,0.20479,1.7,0.249852
4.4,-51.0,12053,1.590975,0.93,0.096744,0.98,0.105228,1.02,0.112918,1.07,0.121635,1.13,0.129765,1.18,0.138981,1.24,0.149236,1.31,0.162065,1.38,0.178509,1.51,0.200885,1.75,0.243989
4.6,-51.6,12053,1.654176,1.26,0.095023,1.33,0.103788,1.4,0.112235,1.48,0.120634,1.55,0.129394,1.63,0.137431,1.71,0.146863,1.81,0.158335,1.92,0.172671,2.08,0.196471,2.36,0.240081
4.6,-51.4,12053,1.599656,1.31,0.090066,1.39,0.098814,1.46,0.107071,1.53,0.115201,1.61,0.124064,1.69,0.132634,1.79,0.141943,1.88,0.153613,1.99,0.168977,2.16,0.19211,2.47,0.235908
4.6,-51.2,12053,1.529998,1.18,0.085464,1.24,0.093284,1.3,0.101593,1.37,0.109705,1.43,0.118404,1.51,0.127505,1.58,0.137741,1.66,0.150166,1.76,0.165823,1.91,0.188206,2.19,0.231094
4.6,-51.0,12053,1.500165,1.42,0.094729,1.5,0.102847,1.57,0.11066,1.65,0.118534,1.73,0.127323,1.82,0.136479,1.91,0.147771,2.01,0.160845,2.13,0.176995,2.31,0.199738,2.63,0.240669
4.8,-52.0,12053,1.654961,1.21,0.081423,1.28,0.088992,1.36,0.097171,1.43,0.105765,1.51,0.114017,1.58,0.123051,1.66,0.132756,1.76,0.144243,1.86,0.158574,2.01,0.181732,2.26,0.228916
4.8,-51.8,12053,1.604465,1.4,0.073855,1.48,0.081565,1.56,0.09031,1.63,0.098942,1.73,0.106783,1.81,0.115604,1.91,0.125683,2.01,0.136908,2.14,0.151687,2.32,0.175049,2.62,0.220366
4.8,-51.6,12053,1.542312,1.47,0.076772,1.55,0.085202,1.62,0.093391,1.71,0.100891,1.8,0.109835,1.89,0.1184,1.98,0.12837,2.09,0.140153,2.21,0.154736,2.4,0.177708,2.7,0.220047
4.8,-51.4,12053,1.500167,1.54,0.07991,1.62,0.087676,1.7,0.095645,1.78,0.103467,1.88,0.112259,1.97,0.121561,2.07,0.131923,2.172,0.144113,2.3,0.159695,2.5,0.181639,2.82,0.224285
5.0,-52.2,12053,1.587629,1.02,0.064578,1.08,0.072671,1.13,0.080386,1.2,0.08887,1.26,0.097745,1.32,0.106815,1.38,0.116703,1.45,0.128178,1.53,0.143376,1.65,0.165594,1.86,0.214177
5.0,-52.0,12053,1.552442,1.28,0.062258,1.34,0.070803,1.42,0.078433,1.49,0.086673,1.56,0.094913,1.64,0.104068,1.72,0.114139,1.81,0.125736,1.92,0.14069,2.07,0.164495,2.32,0.21026
5.0,-51.8,12053,1.515197,1.5,0.06415,1.57,0.072634,1.65,0.080398,1.73,0.087771,1.82,0.096317,1.91,0.105228,2.01,0.115581,2.11,0.127201,2.25,0.142095,2.43,0.166228,2.73,0.20832
5.0,-51.6,12053,1.479345,1.57,0.070864,1.65,0.078616,1.73,0.086123,1.81,0.093569,1.91,0.101871,2.01,0.111698,2.1,0.122501,2.21,0.134647,2.34,0.149284,2.54,0.172149,2.86,0.213288
5.2,-52.6,12053,1.561166,0.97,0.061001,1.03,0.069065,1.08,0.076863,1.14,0.085513,1.2,0.093836,1.25,0.103654,1.32,0.113803,1.39,0.125119,1.47,0.140088,1.59,0.161949,1.8,0.212383
5.2,-52.4,12053,1.542537,1.19,0.053627,1.26,0.061757,1.33,0.069865,1.4,0.077827,1.47,0.086511,1.55,0.095841,1.63,0.105804,1.71,0.117345,1.82,0.13213,1.97,0.153403,2.24,0.202643
5.2,-52.2,12053,1.510593,1.27,0.053639,1.34,0.062228,1.41,0.070156,1.48,0.077602,1.56,0.08562,1.63,0.095193,1.72,0.10543,1.81,0.117098,1.92,0.132312,2.08,0.155704,2.34,0.200427
5.2,-52.0,12053,1.477151,1.48,0.062807,1.55,0.071474,1.63,0.07886,1.71,0.08655,1.8,0.094302,1.89,0.103336,1.98,0.114505,2.08,0.126286,2.21,0.141545,2.39,0.165288,2.69,0.204716
5.4,-52.6,12053,1.516122,1.22,0.039821,1.29,0.048147,1.36,0.056852,1.43,0.064831,1.5,0.073245,1.57,0.082535,1.65,0.092544,1.74,0.103915,1.84,0.118229,1.99,0.141054,2.2548,0.190997
5.4,-52.4,12053,1.481362,1.29,0.042654,1.36,0.050755,1.42,0.058571,1.5,0.066065,1.58,0.074036,1.65,0.082316,1.74,0.093364,1.83,0.10517,1.94,0.119778,2.1,0.142712,2.38,0.18845
5.6,-53.4,12053,1.613339,1.0,0.017798,1.05,0.02566,1.1,0.033624,1.16,0.041649,1.21,0.049305,1.27,0.058473,1.34,0.068864,1.4,0.080427,1.49,0.094597,1.61,0.117445,1.81,0.15961
5.6,-53.2,12053,1.599135,1.3,0.015149,1.36,0.023338,1.43,0.031397,1.5,0.039405,1.57,0.047223,1.64,0.056679,1.72,0.065768,1.81,0.077357,1.92,0.091673,2.08,0.115237,2.3348,0.159295
5.6,-53.0,12053,1.556313,1.33,0.01587,1.4,0.02411,1.47,0.032472,1.54,0.040468,1.61,0.049196,1.69,0.057741,1.78,0.067202,1.87,0.079043,1.98,0.093497,2.14,0.117679,2.42,0.163662
5.6,-52.8,12053,1.499172,1.34,0.016908,1.41,0.025576,1.48,0.033754,1.55,0.041877,1.63,0.050469,1.71,0.05923,1.79,0.06918,1.88,0.080667,2.0,0.09496,2.16,0.118637,2.45,0.166775
5.6,-52.6,12053,1.461278,1.3,0.034766,1.37,0.043202,1.44,0.051352,1.51,0.058937,1.59,0.067458,1.66,0.076394,1.74,0.086838,1.83,0.098264,1.94,0.112881,2.1,0.134718,2.38,0.183282
5.8,-53.6,12053,1.588477,1.16,0.007629,1.21,0.015669,1.27,0.023611,1.33,0.031893,1.39,0.040309,1.46,0.048805,1.52,0.058156,1.6,0.069682,1.7,0.083201,1.84,0.107728,2.08,0.147577
5.8,-53.4,12053,1.561184,1.05,0.006177,1.1,0.014241,1.16,0.022134,1.21,0.03076,1.27,0.038861,1.32,0.047523,1.38,0.056598,1.45,0.067756,1.54,0.082163,1.66,0.106361,1.89,0.148983
5.8,-53.2,12053,1.525109,1.43,0.007434,1.5,0.015379,1.58,0.023233,1.66,0.031641,1.74,0.040052,1.81,0.048378,1.9,0.058024,2.0,0.069475,2.12,0.083467,2.3,0.107613,2.59,0.152715
5.8,-53.0,12053,1.486704,1.45,0.012268,1.52,0.020325,1.59,0.028138,1.67,0.0365,1.75,0.045167,1.84,0.053896,1.92,0.063784,2.02,0.075271,2.14,0.089114,2.31,0.114017,2.62,0.161045
5.8,-52.8,12053,1.44521,1.43,0.020241,1.5,0.028114,1.58,0.036391,1.66,0.044558,1.74,0.053047,1.82,0.062406,1.91,0.072324,2.0,0.083343,2.12,0.097792,2.29,0.121122,2.5848,0.17033
6.0,-54.2,12053,1.546589,1.34,-0.007996,1.4,0.000403,1.47,0.008435,1.53,0.016663,1.6,0.025391,1.67,0.034852,1.74,0.043764,1.83,0.054518,1.94,0.068361,2.08,0.091629,2.34,0.12723
6.0,-54.0,12053,1.555553,1.42,-0.009461,1.49,-0.001221,1.56,0.007019,1.63,0.015259,1.7,0.024415,1.78,0.033265,1.86,0.042726,1.95,0.053407,2.07,0.067141,2.22,0.09064,2.5048,0.126957
6.0,-53.8,12053,1.541895,1.49,-0.008179,1.55,-0.000183,1.63,0.007935,1.7,0.016346,1.78,0.02533,1.86,0.034058,1.94,0.043275,2.04,0.054458,2.16,0.069021,2.33,0.091739,2.64,0.128935
6.0,-53.6,12053,1.518222,1.51,0.000488,1.58,0.008179,1.65,0.016187,1.73,0.024353,1.81,0.032898,1.89,0.042054,1.98,0.050966,2.07,0.062258,2.2,0.077321,2.37,0.099759,2.69,0.140658
6.0,-53.4,12053,1.490253,1.51,0.002747,1.59,0.010963,1.66,0.018983,1.74,0.027101,1.82,0.03528,1.9,0.044801,1.99,0.05414,2.09,0.065188,2.22,0.08063,2.39,0.102872,2.71,0.148093
6.0,-53.2,12053,1.457728,1.51,0.009826,1.59,0.017639,1.66,0.025892,1.74,0.033814,1.82,0.042237,1.9,0.051332,2.0,0.061281,2.09,0.072219,2.22,0.086965,2.39,0.11072,2.71,0.15634
