{"type": "FeatureCollection", "metadata": {"generated_by": "src.site.export_coastal_hazard_data", "source": "Natural Earth 10 m", "layers": {"land": "physical/ne_10m_land (light-gray continent)", "country": "cultural/ne_10m_admin_0_boundary_lines_land", "state": "cultural/ne_10m_admin_1_states_provinces_lines, Brazil only"}, "extent": [-60.0, -30.0, -37.0, 8.0], "simplify_tolerance_degrees": 0.01, "feature_counts": {"land": 6, "country": 27, "state": 58}}, "features": [{"type": "Feature", "properties": {"layer": "land"}, "geometry": {"type": "MultiPolygon", "coordinates": [[[[-56.6649, -36.851], [-56.6864, -36.9277], [-56.7543, -37.0], [-60.0, -37.0], [-60.0, 8.0], [-59.0901, 8.0], [-58.8334, 7.7383], [-58.7376, 7.5883], [-58.742, 7.6303], [-58.6824, 7.6035], [-58.4716, 7.3454], [-58.4674, 7.1161], [-58.485, 7.0108], [-58.5507, 6.9471], [-58.5682, 6.9068], [-58.6114, 6.6878], [-58.6114, 6.5097], [-58.6864, 6.3825], [-58.6289, 6.4233], [-58.5902, 6.4172], [-58.567, 6.6367], [-58.4615, 6.8218], [-58.3984, 6.8834], [-58.3122, 6.8922], [-58.1697, 6.8134], [-58.1537, 6.8322], [-58.0679, 6.8217], [-58.0057, 6.7918], [-57.5986, 6.4272], [-57.5289, 6.2657], [-57.5042, 6.329], [-57.4861, 6.3395], [-57.4456, 6.3304], [-57.2898, 6.2347], [-57.1867, 6.1212], [-57.1444, 5.989], [-57.1436, 5.978], [-57.1658, 6.0057], [-57.142, 5.9557], [-57.1373, 5.8821], [-57.1831, 5.7314], [-57.1596, 5.6929], [-57.1615, 5.6389], [-57.2477, 5.4849], [-57.1637, 5.5571], [-57.1258, 5.8181], [-57.1023, 5.8864], [-57.066, 5.9501], [-56.9565, 6.0116], [-56.8304, 5.9856], [-56.6595, 5.9797], [-56.574, 5.9408], [-55.936, 5.8047], [-55.8977, 5.763], [-55.8977, 5.6767], [-55.884, 5.7419], [-55.9154, 5.8218], [-55.9, 5.842], [-55.934, 5.8498], [-55.9512, 5.8815], [-55.9007, 5.9519], [-55.8444, 5.976], [-55.6373, 5.9859], [-55.336, 5.9627], [-55.2329, 5.9033], [-55.1478, 5.9082], [-55.1031, 5.8664], [-55.1299, 5.8207], [-55.101, 5.8305], [-55.0855, 5.8828], [-55.0101, 5.8555], [-54.9812, 5.8655], [-54.9503, 5.8503], [-54.9003, 5.8754], [-54.863, 5.8555], [-54.9035, 5.8854], [-54.9333, 5.8697], [-55.0166, 5.872], [-55.143, 5.9301], [-55.1533, 5.9686], [-55.0853, 5.9906], [-54.7736, 5.9853], [-54.2527, 5.8948], [-54.0367, 5.8424], [-53.9864, 5.7457], [-54.0311, 5.6693], [-54.0611, 5.5129], [-54.171, 5.3484], [-54.1067, 5.3812], [-54.0611, 5.4365], [-54.0072, 5.5582], [-53.9919, 5.6613], [-53.9443, 5.7446], [-53.8083, 5.7148], [-53.8324, 5.7317], [-53.8103, 5.7311], [-53.4952, 5.5721], [-53.2775, 5.5382], [-53.2301, 5.4953], [-53.2079, 5.5023], [-53.2078, 5.514], [-53.2895, 5.5489], [-53.2715, 5.5604], [-53.0825, 5.4722], [-52.9946, 5.4576], [-52.8965, 5.4057], [-52.7832, 5.3169], [-52.7529, 5.2674], [-52.5261, 5.0707], [-52.5267, 5.0536], [-52.4797, 5.0396], [-52.4023, 4.9738], [-52.38, 4.9368], [-52.389, 4.8959], [-52.3237, 4.9506], [-52.2791, 4.9312], [-52.2586, 4.8925], [-52.343, 4.7612], [-52.3405, 4.7246], [-52.3002, 4.8134], [-52.2319, 4.8754], [-52.1929, 4.8497], [-52.1595, 4.7956], [-52.0245, 4.6935], [-51.9963, 4.6523], [-51.9508, 4.454], [-51.9618, 4.4084], [-52.0463, 4.3336], [-51.9514, 4.3707], [-51.9365, 4.3919], [-51.9228, 4.4471], [-51.9313, 4.5904], [-51.9092, 4.6557], [-51.8648, 4.6648], [-51.8015, 4.6127], [-51.758, 4.4778], [-51.731, 4.4571], [-51.7447, 4.4366], [-51.7384, 4.413], [-51.6901, 4.3851], [-51.7123, 4.3537], [-51.7147, 4.3161], [-51.6567, 4.2173], [-51.649, 4.1523], [-51.6832, 4.0394], [-51.6317, 4.0678], [-51.5958, 4.1579], [-51.5969, 4.2155], [-51.5716, 4.2354], [-51.4368, 3.9295], [-51.4354, 3.9859], [-51.4982, 4.1054], [-51.5467, 4.255], [-51.56, 4.3694], [-51.5477, 4.4218], [-51.5165, 4.4411], [-51.3892, 4.3589], [-51.2244, 4.165], [-51.1794, 4.0252], [-51.1802, 3.8044], [-51.1975, 3.6995], [-51.1761, 3.6483], [-51.1364, 3.8677], [-51.1164, 3.9062], [-51.0932, 3.9072], [-51.0799, 3.8823], [-51.09, 3.725], [-51.0794, 3.4921], [-51.0965, 3.449], [-51.0927, 3.3763], [-51.036, 3.2292], [-51.0278, 3.1816], [-51.0406, 3.1509], [-51.014, 3.0724], [-51.0168, 3.0356], [-50.9442, 2.8752], [-50.9445, 2.8222], [-50.9028, 2.7938], [-50.8522, 2.6661], [-50.819, 2.5524], [-50.8395, 2.4975], [-50.7916, 2.4946], [-50.763, 2.4436], [-50.7126, 2.2368], [-50.6793, 2.1717], [-50.7032, 2.1413], [-50.7373, 2.1345], [-50.7926, 2.1618], [-50.7646, 2.124], [-50.7797, 2.0709], [-50.7516, 2.0451], [-50.7347, 2.1038], [-50.7021, 2.1303], [-50.66, 2.1307], [-50.6196, 2.1052], [-50.5899, 2.0172], [-50.5222, 1.9125], [-50.5092, 1.8572], [-50.4665, 1.8154], [-50.3934, 1.7978], [-50.3306, 1.8181], [-50.1646, 1.8156], [-49.9506, 1.7213], [-49.9102, 1.6643], [-49.9008, 1.6117], [-49.8736, 1.3923], [-49.883, 1.3077], [-49.9129, 1.2723], [-49.9753, 1.245], [-50.1022, 1.2147], [-50.1497, 1.2212], [-50.1202, 1.1852], [-49.9755, 1.1975], [-49.9215, 1.2185], [-49.8876, 1.1749], [-49.9389, 1.0972], [-49.9788, 1.0722], [-50.0143, 1.0709], [-50.0316, 1.1059], [-50.0609, 1.0189], [-50.1061, 0.9953], [-50.1704, 0.9165], [-50.2616, 0.8698], [-50.3125, 0.8172], [-50.3534, 0.7267], [-50.4534, 0.664], [-50.4997, 0.556], [-50.609, 0.3739], [-50.7906, 0.1695], [-50.854, 0.1737], [-50.9289, 0.1554], [-50.9798, 0.1204], [-51.0814, -0.0325], [-51.2016, -0.0491], [-51.2152, -0.0687], [-51.2655, -0.0834], [-51.327, -0.0795], [-51.2512, -0.1274], [-51.3225, -0.2153], [-51.3884, -0.3737], [-51.443, -0.4284], [-51.4536, -0.4867], [-51.5218, -0.5383], [-51.5802, -0.5252], [-51.5528, -0.5456], [-51.5876, -0.5587], [-51.5324, -0.5519], [-51.6975, -0.7472], [-51.7137, -0.7932], [-51.7155, -1.0275], [-51.8341, -1.1347], [-51.9294, -1.1783], [-51.916, -1.3092], [-51.9346, -1.3395], [-51.9954, -1.3964], [-52.0658, -1.405], [-52.1514, -1.381], [-52.1954, -1.345], [-52.2381, -1.3464], [-52.2855, -1.3901], [-52.422, -1.4304], [-52.4751, -1.4841], [-52.6974, -1.5524], [-52.7081, -1.6], [-52.595, -1.5735], [-52.3439, -1.5524], [-52.2791, -1.5182], [-52.2504, -1.5423], [-52.2311, -1.6027], [-52.2586, -1.6555], [-52.2602, -1.6952], [-52.204, -1.6902], [-52.142, -1.6227], [-51.9586, -1.5934], [-51.6695, -1.4016], [-51.595, -1.3869], [-51.462, -1.3294], [-51.4177, -1.2917], [-51.3996, -1.2511], [-51.327, -1.2309], [-51.3474, -1.2576], [-51.2834, -1.2314], [-51.1875, -1.1217], [-51.0034, -1.0138], [-50.9911, -0.9872], [-51.0098, -0.936], [-50.9973, -0.9225], [-50.9767, -0.9202], [-50.9359, -0.9566], [-50.9533, -0.9313], [-50.9427, -0.9088], [-50.8396, -0.9128], [-50.8217, -0.9353], [-50.8266, -1.0453], [-50.9018, -1.121], [-50.9564, -1.1285], [-50.8475, -1.1978], [-50.8199, -1.2317], [-50.8266, -1.3709], [-50.8055, -1.4016], [-50.8192, -1.4363], [-50.7667, -1.5408], [-50.6796, -1.629], [-50.6547, -1.738], [-50.691, -1.7654], [-50.7373, -1.738], [-50.7095, -1.7909], [-50.7173, -1.8225], [-50.7583, -1.8454], [-50.767, -1.8821], [-50.7876, -1.8974], [-50.8149, -1.8965], [-50.8798, -1.852], [-50.8927, -1.8792], [-50.8534, -1.9083], [-50.8442, -1.9553], [-50.8186, -1.969], [-50.8184, -1.9246], [-50.7021, -1.9095], [-50.6986, -1.8541], [-50.66, -1.803], [-50.6106, -1.8142], [-50.5472, -1.9069], [-50.5045, -1.9291], [-50.4667, -1.9278], [-50.484, -1.9776], [-50.443, -1.936], [-50.4575, -1.9838], [-50.4158, -2.0732], [-50.3728, -1.9737], [-50.3125, -1.9088], [-50.2316, -1.8958], [-50.1619, -1.9156], [-50.1548, -1.8827], [-50.1104, -1.8492], [-49.9769, -1.8261], [-49.8693, -1.8888], [-49.8944, -1.9633], [-49.8603, -1.9225], [-49.8502, -1.9827], [-49.8876, -2.0875], [-49.8534, -2.0458], [-49.8125, -2.108], [-49.8466, -1.9018], [-49.8309, -1.9181], [-49.8323, -1.9496], [-49.8105, -1.9006], [-49.7605, -1.8967], [-49.7237, -1.9291], [-49.7213, -1.9041], [-49.7026, -1.9225], [-49.6761, -1.9086], [-49.6046, -1.9679], [-49.5928, -2.0117], [-49.5794, -1.9943], [-49.5929, -1.964], [-49.6548, -1.8951], [-49.598, -1.8427], [-49.5633, -1.8352], [-49.5375, -1.8609], [-49.5224, -1.796], [-49.4852, -1.7639], [-49.458, -1.7787], [-49.463, -1.8058], [-49.422, -1.779], [-49.4542, -1.8561], [-49.4348, -1.88], [-49.3704, -1.905], [-49.3697, -1.9402], [-49.3941, -1.9838], [-49.3811, -1.9913], [-49.422, -2.039], [-49.4305, -2.1412], [-49.503, -2.2584], [-49.5065, -2.3196], [-49.5489, -2.4031], [-49.5458, -2.5165], [-49.6173, -2.615], [-49.6769, -2.6491], [-49.689, -2.669], [-49.6637, -2.6777], [-49.5274, -2.6284], [-49.5183, -2.5803], [-49.4825, -2.5568], [-49.4426, -2.4924], [-49.4268, -2.3673], [-49.3316, -2.2048], [-49.3005, -2.0909], [-49.232, -1.9482], [-49.1456, -1.8568], [-49.123, -1.768], [-49.0089, -1.6811], [-48.9656, -1.5997], [-48.8564, -1.559], [-48.8929, -1.5983], [-48.9116, -1.673], [-48.9462, -1.7047], [-48.9556, -1.7663], [-49.0117, -1.8074], [-49.0333, -1.8466], [-49.0024, -1.8429], [-48.9828, -1.8139], [-48.9295, -1.7878], [-48.8814, -1.7135], [-48.8907, -1.6865], [-48.8451, -1.6414], [-48.8153, -1.6384], [-48.7331, -1.4943], [-48.6993, -1.4729], [-48.6569, -1.3834], [-48.6421, -1.3857], [-48.535, -1.5815], [-48.4902, -1.6191], [-48.4526, -1.6257], [-48.4283, -1.6623], [-48.4346, -1.5903], [-48.4829, -1.5114], [-48.428, -1.5242], [-48.3558, -1.5004], [-48.3253, -1.4705], [-48.4966, -1.4614], [-48.4828, -1.2813], [-48.4359, -1.2187], [-48.4232, -1.2325], [-48.4254, -1.2973], [-48.3346, -1.3137], [-48.305, -1.1882], [-48.2814, -1.1671], [-48.2502, -1.1894], [-48.2781, -1.1285], [-48.2229, -1.1135], [-48.2744, -1.1135], [-48.2917, -1.0436], [-48.2125, -1.0366], [-48.1875, -1.0186], [-48.1403, -0.9013], [-48.1403, -0.843], [-48.1608, -0.816], [-48.154, -0.7818], [-48.0379, -0.6617], [-48.0174, -0.6959], [-48.0236, -0.7232], [-47.9621, -0.7818], [-47.9461, -0.7405], [-47.8779, -0.6969], [-47.8662, -0.6735], [-47.8024, -0.6903], [-47.8253, -0.6395], [-47.8091, -0.5652], [-47.775, -0.5993], [-47.7703, -0.6371], [-47.7252, -0.6441], [-47.7157, -0.713], [-47.7434, -0.7463], [-47.7287, -0.7565], [-47.6106, -0.6939], [-47.5781, -0.6354], [-47.5845, -0.5782], [-47.5384, -0.6108], [-47.543, -0.627], [-47.4874, -0.7283], [-47.4967, -0.7647], [-47.4086, -0.7711], [-47.3931, -0.8126], [-47.3794, -0.7709], [-47.3931, -0.7472], [-47.4483, -0.6959], [-47.4687, -0.7306], [-47.47, -0.6218], [-47.4483, -0.6071], [-47.4619, -0.5929], [-47.4302, -0.58], [-47.3998, -0.5929], [-47.4141, -0.6139], [-47.4147, -0.6613], [-47.4073, -0.6816], [-47.3931, -0.6481], [-47.3657, -0.6816], [-47.3802, -0.6589], [-47.3732, -0.6339], [-47.3247, -0.6549], [-47.3452, -0.6071], [-47.3288, -0.6135], [-47.294, -0.5929], [-47.2791, -0.5992], [-47.2764, -0.6481], [-47.2508, -0.6471], [-47.2558, -0.676], [-47.2345, -0.6511], [-47.2428, -0.6202], [-47.1981, -0.6515], [-47.1999, -0.6769], [-47.2223, -0.6691], [-47.249, -0.6959], [-47.236, -0.7164], [-47.2082, -0.6992], [-47.1739, -0.7096], [-47.1609, -0.6816], [-47.1584, -0.7288], [-47.1944, -0.761], [-47.1558, -0.7641], [-47.1398, -0.7989], [-47.1396, -0.7414], [-47.1261, -0.7306], [-47.1193, -0.7506], [-47.099, -0.6656], [-47.0775, -0.6657], [-47.0845, -0.7506], [-47.0715, -0.7437], [-47.0599, -0.7896], [-47.0436, -0.7914], [-47.0784, -0.8263], [-47.0572, -0.8671], [-47.0478, -0.8107], [-47.0299, -0.7853], [-47.0162, -0.7914], [-47.0152, -0.76], [-46.9846, -0.7492], [-46.9691, -0.6959], [-46.9569, -0.7101], [-46.9691, -0.7853], [-46.9463, -0.7761], [-46.9474, -0.7989], [-46.9281, -0.7989], [-46.9412, -0.8263], [-46.9281, -0.8194], [-46.9222, -0.8346], [-46.963, -0.865], [-46.965, -0.8933], [-46.9474, -0.9013], [-46.9491, -0.8615], [-46.8927, -0.8468], [-46.8927, -0.7853], [-46.8729, -0.8126], [-46.8456, -0.7989], [-46.8729, -0.7784], [-46.8182, -0.7232], [-46.8313, -0.7096], [-46.8192, -0.7117], [-46.7965, -0.7369], [-46.8109, -0.7467], [-46.7965, -0.7647], [-46.8182, -0.7709], [-46.8133, -0.7908], [-46.8313, -0.8051], [-46.8179, -0.8141], [-46.8245, -0.8331], [-46.7904, -0.8051], [-46.7997, -0.8652], [-46.7829, -0.9013], [-46.7864, -0.8627], [-46.7767, -0.8468], [-46.7699, -0.8671], [-46.7596, -0.8615], [-46.7555, -0.8194], [-46.7146, -0.8777], [-46.7494, -0.943], [-46.6979, -0.8808], [-46.6887, -0.8258], [-46.6674, -0.8331], [-46.657, -0.8639], [-46.6327, -0.8632], [-46.6559, -0.8018], [-46.6138, -0.8132], [-46.5985, -0.8671], [-46.6265, -0.9088], [-46.6088, -0.9111], [-46.619, -0.9355], [-46.6462, -0.9454], [-46.6674, -0.9225], [-46.7375, -0.9843], [-46.7494, -1.0186], [-46.6811, -0.9635], [-46.6051, -0.9566], [-46.5816, -0.9704], [-46.5613, -0.9283], [-46.5029, -0.8838], [-46.4276, -0.8685], [-46.4212, -0.8945], [-46.4803, -0.9195], [-46.4885, -0.9761], [-46.4715, -0.9859], [-46.4801, -1.0222], [-46.4627, -1.0317], [-46.475, -1.0453], [-46.4357, -1.0239], [-46.4067, -1.0392], [-46.3845, -1.0099], [-46.3649, -1.0084], [-46.3565, -1.0753], [-46.3462, -1.0339], [-46.3227, -1.0203], [-46.3248, -1.1074], [-46.3013, -1.0792], [-46.2969, -1.0317], [-46.2484, -1.0937], [-46.2833, -1.0294], [-46.2641, -1.0167], [-46.279, -0.9863], [-46.2503, -0.931], [-46.2003, -0.9076], [-46.1718, -0.921], [-46.1739, -0.9566], [-46.19, -0.9592], [-46.2212, -1.0112], [-46.1986, -1.0105], [-46.215, -1.0248], [-46.2115, -1.0748], [-46.2621, -1.1832], [-46.2212, -1.1415], [-46.1665, -1.1484], [-46.1392, -1.1135], [-46.1461, -1.1764], [-46.1268, -1.1461], [-46.1226, -1.0953], [-46.1017, -1.0733], [-46.0647, -1.1476], [-46.0856, -1.162], [-46.0953, -1.1965], [-46.0846, -1.2104], [-46.0724, -1.2016], [-46.0504, -1.1627], [-46.0397, -1.1871], [-46.0504, -1.2104], [-46.0322, -1.2008], [-46.0362, -1.1484], [-46.0157, -1.0937], [-45.9908, -1.1043], [-45.9795, -1.0551], [-45.9642, -1.0639], [-45.9611, -1.0862], [-45.9744, -1.0912], [-45.9611, -1.1074], [-45.9816, -1.1415], [-45.9481, -1.1415], [-45.9989, -1.1518], [-46.0027, -1.1928], [-45.9611, -1.2104], [-45.9481, -1.2514], [-45.8675, -1.0635], [-45.8538, -1.0679], [-45.8539, -1.1012], [-45.9059, -1.1725], [-45.9059, -1.2104], [-45.8792, -1.1627], [-45.8728, -1.2022], [-45.8996, -1.2576], [-45.8649, -1.2309], [-45.8854, -1.2848], [-45.8625, -1.2731], [-45.8384, -1.2343], [-45.8382, -1.2029], [-45.8205, -1.2628], [-45.8406, -1.2796], [-45.8109, -1.3264], [-45.8098, -1.2751], [-45.7829, -1.278], [-45.7216, -1.1349], [-45.701, -1.1347], [-45.696, -1.1606], [-45.7345, -1.2514], [-45.6886, -1.2022], [-45.675, -1.2592], [-45.6541, -1.2744], [-45.6511, -1.3174], [-45.6755, -1.3663], [-45.6216, -1.3572], [-45.6103, -1.2756], [-45.5792, -1.2815], [-45.598, -1.2924], [-45.5837, -1.2985], [-45.5837, -1.3264], [-45.5439, -1.2703], [-45.5297, -1.2848], [-45.5494, -1.2897], [-45.5502, -1.3122], [-45.5297, -1.3059], [-45.5502, -1.3538], [-45.5155, -1.3122], [-45.5297, -1.4158], [-45.4713, -1.3502], [-45.4608, -1.3122], [-45.4198, -1.2924], [-45.4471, -1.2924], [-45.4157, -1.2877], [-45.413, -1.3502], [-45.4683, -1.3674], [-45.4813, -1.4636], [-45.5042, -1.4587], [-45.5183, -1.4645], [-45.5427, -1.491], [-45.5155, -1.4636], [-45.5018, -1.47], [-45.5093, -1.5046], [-45.4813, -1.491], [-45.4645, -1.5006], [-45.4608, -1.5462], [-45.451, -1.4537], [-45.4233, -1.4289], [-45.4329, -1.4636], [-45.4027, -1.4426], [-45.3556, -1.3495], [-45.3602, -1.3202], [-45.3262, -1.3129], [-45.31, -1.3264], [-45.2963, -1.4158], [-45.31, -1.4084], [-45.3224, -1.4368], [-45.392, -1.4841], [-45.3509, -1.4767], [-45.3714, -1.5353], [-45.3926, -1.548], [-45.4009, -1.5602], [-45.392, -1.5803], [-45.3857, -1.5462], [-45.3511, -1.56], [-45.3402, -1.5832], [-45.3646, -1.7039], [-45.3236, -1.7448], [-45.2844, -1.7322], [-45.2765, -1.7039], [-45.2213, -1.6728], [-45.2554, -1.6076], [-45.2475, -1.5793], [-45.2042, -1.5252], [-45.1797, -1.5256], [-45.1632, -1.4828], [-45.1487, -1.4815], [-45.1387, -1.5046], [-45.0914, -1.4641], [-45.0812, -1.4811], [-45.1046, -1.4841], [-45.0789, -1.4836], [-45.063, -1.4289], [-45.0568, -1.4767], [-45.0067, -1.4907], [-44.998, -1.524], [-45.022, -1.5182], [-44.9674, -1.5462], [-45.0204, -1.5787], [-45.022, -1.6008], [-45.0089, -1.5827], [-44.9674, -1.594], [-44.9538, -1.5017], [-44.9264, -1.491], [-44.9338, -1.4767], [-44.868, -1.4213], [-44.8513, -1.4841], [-44.8854, -1.5046], [-44.9131, -1.5479], [-44.9121, -1.6008], [-44.9537, -1.6008], [-44.9153, -1.6472], [-44.9338, -1.6555], [-44.9119, -1.6536], [-44.8854, -1.6008], [-44.8474, -1.6413], [-44.8302, -1.6349], [-44.8507, -1.6161], [-44.837, -1.5661], [-44.8141, -1.5912], [-44.8104, -1.6281], [-44.8029, -1.6008], [-44.7918, -1.6184], [-44.8104, -1.652], [-44.7824, -1.6828], [-44.8029, -1.7039], [-44.7732, -1.7243], [-44.8219, -1.7592], [-44.774, -1.7407], [-44.7678, -1.727], [-44.7755, -1.7039], [-44.7079, -1.7175], [-44.7206, -1.7496], [-44.8104, -1.8132], [-44.7305, -1.7858], [-44.7079, -1.8132], [-44.6794, -1.8111], [-44.6527, -1.7175], [-44.598, -1.7448], [-44.6252, -1.7634], [-44.6595, -1.8398], [-44.621, -1.8261], [-44.598, -1.8473], [-44.5732, -1.8132], [-44.5701, -1.8609], [-44.5428, -1.8261], [-44.5302, -1.8338], [-44.5217, -1.8473], [-44.5906, -1.9018], [-44.5217, -1.8951], [-44.4881, -1.9875], [-44.5096, -2.0156], [-44.5633, -2.0117], [-44.6173, -2.039], [-44.541, -2.0292], [-44.4944, -2.0458], [-44.5541, -2.0872], [-44.6079, -2.1537], [-44.6453, -2.1557], [-44.5886, -2.1655], [-44.6554, -2.2311], [-44.7079, -2.2376], [-44.6936, -2.2656], [-44.7514, -2.252], [-44.8012, -2.2857], [-44.824, -2.2792], [-44.8043, -2.2914], [-44.7178, -2.2656], [-44.7005, -2.2997], [-44.6656, -2.2709], [-44.6619, -2.2965], [-44.7209, -2.4021], [-44.664, -2.3567], [-44.6635, -2.4206], [-44.6527, -2.4295], [-44.6498, -2.3088], [-44.6316, -2.2717], [-44.554, -2.2164], [-44.4973, -2.1479], [-44.4617, -2.1446], [-44.3988, -2.1974], [-44.3636, -2.3339], [-44.3954, -2.4021], [-44.4739, -2.4021], [-44.5107, -2.3671], [-44.5514, -2.391], [-44.5701, -2.4164], [-44.5074, -2.3898], [-44.5216, -2.5001], [-44.5354, -2.5182], [-44.5652, -2.5212], [-44.5943, -2.5666], [-44.656, -2.5932], [-44.6595, -2.6082], [-44.5801, -2.5636], [-44.5614, -2.5353], [-44.5404, -2.5383], [-44.6316, -2.697], [-44.6501, -2.8547], [-44.6861, -2.9167], [-44.6936, -2.9949], [-44.6843, -3.0126], [-44.6247, -3.026], [-44.6222, -3.051], [-44.7079, -3.1358], [-44.7209, -3.1769], [-44.7816, -3.197], [-44.7871, -3.2333], [-44.7613, -3.2861], [-44.796, -3.3002], [-44.7616, -3.3056], [-44.7537, -3.2898], [-44.7613, -3.2382], [-44.7428, -3.2075], [-44.66, -3.1847], [-44.6136, -3.112], [-44.5732, -3.1017], [-44.5292, -3.0322], [-44.4739, -3.0017], [-44.433, -2.9503], [-44.4088, -2.8922], [-44.4081, -2.8263], [-44.392, -2.7931], [-44.4062, -2.7789], [-44.3647, -2.6287], [-44.351, -2.6628], [-44.3681, -2.5496], [-44.3265, -2.5251], [-44.2889, -2.5803], [-44.3026, -2.5325], [-44.2926, -2.4811], [-44.2201, -2.4704], [-44.1115, -2.4158], [-44.0829, -2.4164], [-44.073, -2.3995], [-44.0344, -2.4152], [-44.0289, -2.443], [-44.0922, -2.4435], [-44.0972, -2.4567], [-44.0636, -2.463], [-44.0562, -2.5051], [-44.0419, -2.4704], [-44.0327, -2.5133], [-44.0494, -2.5529], [-44.1244, -2.5945], [-44.1066, -2.6023], [-44.1372, -2.6702], [-44.1797, -2.6901], [-44.2139, -2.669], [-44.2002, -2.697], [-44.3131, -2.7621], [-44.3485, -2.8102], [-44.3299, -2.8273], [-44.3125, -2.7787], [-44.2964, -2.7931], [-44.31, -2.8142], [-44.2964, -2.8342], [-44.2554, -2.7653], [-44.2201, -2.7931], [-44.2184, -2.7678], [-44.1865, -2.759], [-44.1747, -2.8071], [-44.2189, -2.8482], [-44.2002, -2.8689], [-44.1518, -2.8342], [-44.106, -2.7496], [-44.1046, -2.7653], [-44.0829, -2.7522], [-44.0766, -2.7789], [-44.0698, -2.7653], [-44.0829, -2.8068], [-44.0681, -2.7952], [-44.0604, -2.7177], [-44.0229, -2.6489], [-43.9759, -2.6103], [-43.9464, -2.6287], [-43.9584, -2.6007], [-43.9232, -2.5468], [-43.878, -2.6349], [-43.8795, -2.5712], [-43.7464, -2.5292], [-43.7401, -2.4869], [-43.7241, -2.4772], [-43.7065, -2.5138], [-43.7211, -2.5603], [-43.6993, -2.5603], [-43.6931, -2.5393], [-43.6583, -2.5462], [-43.681, -2.5296], [-43.6824, -2.5047], [-43.6446, -2.4772], [-43.6658, -2.512], [-43.6357, -2.4983], [-43.6173, -2.5251], [-43.5422, -2.5251], [-43.5631, -2.5095], [-43.5485, -2.4846], [-43.5485, -2.5051], [-43.5391, -2.4911], [-43.5559, -2.4567], [-43.5373, -2.436], [-43.5237, -2.4426], [-43.5218, -2.4915], [-43.5084, -2.4916], [-43.487, -2.5325], [-43.4945, -2.5462], [-43.4665, -2.5182], [-43.4529, -2.5529], [-43.4442, -2.5309], [-43.4654, -2.486], [-43.4188, -2.4846], [-43.4473, -2.4716], [-43.4598, -2.443], [-43.4119, -2.4567], [-43.487, -2.3953], [-43.4674, -2.3458], [-43.4263, -2.3378], [-43.3118, -2.3465], [-43.1994, -2.3795], [-42.9163, -2.4924], [-42.8192, -2.5462], [-42.7, -2.5636], [-42.6305, -2.6423], [-42.5809, -2.6721], [-42.5275, -2.6833], [-42.4871, -2.669], [-42.4895, -2.6996], [-42.5144, -2.697], [-42.5076, -2.7219], [-42.453, -2.7522], [-42.4181, -2.7311], [-42.4073, -2.7502], [-42.3784, -2.7563], [-42.2643, -2.759], [-42.254, -2.7835], [-42.2674, -2.8142], [-42.2386, -2.8048], [-42.2394, -2.8342], [-42.2059, -2.8], [-42.1761, -2.8118], [-42.0824, -2.8], [-42.0824, -2.8273], [-42.0209, -2.8239], [-42.0159, -2.8113], [-41.9439, -2.8377], [-41.9404, -2.7737], [-41.9589, -2.7789], [-42.0153, -2.7411], [-42.0104, -2.7272], [-41.8386, -2.7295], [-41.8213, -2.7336], [-41.8428, -2.7653], [-41.8087, -2.7448], [-41.6578, -2.8689], [-41.6852, -2.8547], [-41.6783, -2.8689], [-41.6988, -2.8621], [-41.6861, -2.8759], [-41.651, -2.8689], [-41.6233, -2.8956], [-41.517, -2.907], [-41.4654, -2.8888], [-41.4486, -2.9059], [-41.4518, -2.9435], [-41.4319, -2.9366], [-41.4401, -2.9142], [-41.4221, -2.9088], [-41.3431, -2.9203], [-41.329, -2.9322], [-41.3375, -2.9545], [-41.3009, -2.9776], [-41.2947, -2.9638], [-41.2445, -3.0152], [-41.2433, -2.9728], [-41.264, -2.9284], [-41.2873, -2.903], [-41.3153, -2.903], [-41.2569, -2.8752], [-41.1378, -2.8858], [-41.0825, -2.9167], [-41.103, -2.8752], [-40.9, -2.8752], [-40.849, -2.8593], [-40.8286, -2.8825], [-40.7529, -2.841], [-40.5816, -2.8273], [-40.4996, -2.7863], [-40.1881, -2.8205], [-40.1434, -2.8484], [-40.1209, -2.8284], [-39.9857, -2.8484], [-39.8609, -2.9157], [-39.743, -3.0037], [-39.7318, -3.0322], [-39.7046, -3.0396], [-39.712, -3.026], [-39.6979, -3.0172], [-39.6189, -3.0396], [-39.5711, -3.0909], [-39.4855, -3.1458], [-39.3967, -3.1835], [-39.3583, -3.1835], [-39.2726, -3.232], [-39.1653, -3.3228], [-39.1155, -3.3344], [-39.0806, -3.377], [-38.9852, -3.3959], [-38.9163, -3.5051], [-38.8972, -3.5003], [-38.8075, -3.5473], [-38.6597, -3.6764], [-38.5262, -3.718], [-38.4944, -3.7213], [-38.4774, -3.6974], [-38.4098, -3.7931], [-38.378, -3.8697], [-38.2513, -3.9618], [-38.1067, -4.1579], [-38.0296, -4.2374], [-37.8542, -4.3759], [-37.7686, -4.3964], [-37.7108, -4.5154], [-37.6072, -4.6081], [-37.5373, -4.6381], [-37.5138, -4.6238], [-37.488, -4.63], [-37.2926, -4.718], [-37.1829, -4.9109], [-37.1349, -4.9314], [-37.0981, -4.9206], [-37.0494, -4.9379], [-36.8988, -4.9382], [-36.7909, -5.0512], [-36.6961, -5.0755], [-36.6957, -5.0896], [-36.6069, -5.0964], [-36.5444, -5.1276], [-36.5254, -5.1056], [-36.58, -5.081], [-36.4224, -5.081], [-36.2814, -5.1046], [-36.2572, -5.0959], [-36.292, -5.089], [-36.1312, -5.0959], [-35.9972, -5.0475], [-35.5819, -5.1189], [-35.5106, -5.1437], [-35.39, -5.2446], [-35.3535, -5.3458], [-35.2623, -5.4833], [-35.2231, -5.5826], [-35.1715, -5.8443], [-35.1475, -5.8767], [-35.1453, -5.9321], [-35.1051, -5.9955], [-35.1112, -6.0578], [-35.0994, -6.0666], [-35.0928, -6.1858], [-35.1207, -6.1647], [-35.1509, -6.216], [-35.1343, -6.2243], [-35.0959, -6.1921], [-35.0779, -6.2209], [-35.0382, -6.2365], [-35.0242, -6.3429], [-34.9892, -6.3776], [-34.9723, -6.4334], [-34.959, -6.5369], [-34.97, -6.6173], [-34.9352, -6.706], [-34.9427, -6.7662], [-34.9042, -6.8873], [-34.8601, -6.9146], [-34.8942, -7.0828], [-34.9076, -7.0932], [-34.9215, -7.0828], [-34.9078, -7.1042], [-34.9147, -7.1305], [-34.8594, -7.0715], [-34.8396, -6.9729], [-34.8242, -7.0034], [-34.828, -7.1301], [-34.7936, -7.1762], [-34.8144, -7.4445], [-34.8048, -7.5141], [-34.8192, -7.5483], [-34.8806, -7.5416], [-34.9289, -7.5558], [-34.8354, -7.5627], [-34.8053, -7.6227], [-34.8303, -7.6809], [-34.8396, -7.6438], [-34.8458, -7.6718], [-34.8738, -7.6178], [-34.8644, -7.7052], [-34.8873, -7.7084], [-34.9072, -7.7338], [-34.8659, -7.7175], [-34.8921, -7.7626], [-34.8935, -7.8049], [-34.848, -7.8228], [-34.8458, -7.8847], [-34.8328, -7.8574], [-34.8116, -7.9325], [-34.8512, -8.0686], [-34.9289, -8.0349], [-34.8874, -8.1038], [-34.8806, -8.0895], [-34.9389, -8.2721], [-34.9386, -8.3471], [-35.0802, -8.6811], [-35.086, -8.7407], [-35.1273, -8.8062], [-35.1475, -8.9119], [-35.3051, -9.193], [-35.3922, -9.3058], [-35.482, -9.3679], [-35.5826, -9.5329], [-35.6575, -9.5771], [-35.6962, -9.6729], [-35.7781, -9.7001], [-35.7462, -9.6418], [-35.7999, -9.5847], [-35.8122, -9.5978], [-35.7917, -9.6422], [-35.7949, -9.6791], [-35.8581, -9.7346], [-35.9054, -9.6248], [-35.9419, -9.5998], [-35.963, -9.6108], [-35.9084, -9.6593], [-35.8736, -9.7555], [-35.7986, -9.7206], [-35.8106, -9.7448], [-35.862, -9.794], [-35.8827, -9.8556], [-35.9494, -9.9132], [-36.0363, -10.0641], [-36.0903, -10.0934], [-36.1412, -10.1594], [-36.2805, -10.28], [-36.292, -10.352], [-36.4081, -10.5021], [-36.5766, -10.5505], [-36.9031, -10.7729], [-37.0397, -10.9492], [-37.0504, -10.9996], [-37.1383, -11.1259], [-37.1417, -11.0917], [-37.1622, -11.0714], [-37.1757, -11.0857], [-37.2001, -11.0434], [-37.2615, -11.0152], [-37.2751, -11.0227], [-37.2584, -11.0714], [-37.1964, -11.0917], [-37.2142, -11.0917], [-37.2168, -11.1061], [-37.1656, -11.1088], [-37.1641, -11.1703], [-37.1492, -11.1874], [-37.2218, -11.2296], [-37.2354, -11.2608], [-37.2646, -11.2774], [-37.3301, -11.4207], [-37.3881, -11.4269], [-37.3844, -11.402], [-37.4025, -11.3997], [-37.3583, -11.3159], [-37.2721, -11.2494], [-37.2994, -11.1948], [-37.3056, -11.2426], [-37.3441, -11.1843], [-37.3192, -11.27], [-37.3472, -11.2494], [-37.3363, -11.2901], [-37.3798, -11.3172], [-37.4154, -11.4064], [-37.4296, -11.405], [-37.4433, -11.3513], [-37.4518, -11.3705], [-37.4701, -11.3587], [-37.4537, -11.4036], [-37.3956, -11.4374], [-37.4314, -11.4929], [-37.4919, -11.5163], [-37.4154, -11.5032], [-37.3608, -11.4548], [-37.4347, -11.5693], [-37.6547, -12.0497], [-38.0509, -12.641], [-38.3204, -12.9352], [-38.4864, -13.0138], [-38.5327, -13.0165], [-38.5079, -12.9318], [-38.4862, -12.9159], [-38.4774, -12.9352], [-38.4912, -12.882], [-38.4757, -12.8517], [-38.5041, -12.8041], [-38.5089, -12.7229], [-38.6262, -12.7024], [-38.6486, -12.6384], [-38.6946, -12.614], [-38.691, -12.5715], [-38.751, -12.7128], [-38.7381, -12.7366], [-38.8066, -12.8351], [-38.8449, -12.8259], [-38.864, -12.7951], [-38.8827, -12.7221], [-38.848, -12.6745], [-38.8617, -12.6541], [-38.9237, -12.7366], [-38.8685, -12.8049], [-38.854, -12.8513], [-38.8275, -12.867], [-38.7971, -12.8493], [-38.7837, -12.873], [-38.7245, -12.8732], [-38.7508, -12.9128], [-38.7558, -12.9654], [-38.7869, -13.0081], [-38.895, -13.081], [-38.8898, -13.1184], [-38.807, -13.1438], [-38.9476, -13.2468], [-38.9709, -13.3256], [-38.9546, -13.3725], [-39.0398, -13.3666], [-39.0398, -13.3325], [-39.0625, -13.4], [-39.0603, -13.4703], [-39.086, -13.5141], [-39.0842, -13.5788], [-39.1155, -13.5994], [-39.0867, -13.6039], [-39.0774, -13.59], [-39.0808, -13.5411], [-39.0597, -13.4948], [-39.0377, -13.4846], [-39.0118, -13.497], [-38.993, -13.5411], [-39.0019, -13.5881], [-38.9678, -13.674], [-38.992, -13.7331], [-38.98, -13.8359], [-39.0299, -13.8154], [-39.0536, -13.7609], [-39.087, -13.7411], [-39.0916, -13.7127], [-39.1326, -13.7092], [-39.1488, -13.7369], [-39.1155, -13.7236], [-39.1155, -13.7576], [-39.0716, -13.7796], [-39.0321, -13.8406], [-38.9945, -13.8635], [-39.0088, -13.8805], [-39.0671, -13.8674], [-39.0745, -13.8942], [-39.0637, -13.9358], [-38.9967, -13.9856], [-38.9796, -14.0611], [-39.0279, -14.0783], [-39.0541, -14.0593], [-39.071, -14.0763], [-39.0603, -14.0997], [-39.0745, -14.1406], [-39.0398, -14.1754], [-39.0634, -14.11], [-38.9573, -14.0661], [-38.9714, -13.9863], [-38.9529, -13.9626], [-38.99, -13.9308], [-38.9639, -13.8971], [-38.9299, -13.8976], [-38.9237, -14.0041], [-38.9892, -14.2123], [-38.9852, -14.3126], [-39.005, -14.3469], [-39.0057, -14.415], [-39.0671, -14.675], [-39.0336, -14.7923], [-39.0541, -14.8122], [-39.0227, -14.8159], [-39.0018, -15.232], [-38.9239, -15.7156], [-38.8617, -15.8543], [-38.9442, -16.0666], [-38.9573, -16.1833], [-39.0054, -16.2751], [-39.0069, -16.3593], [-39.0541, -16.4365], [-39.0923, -16.6578], [-39.136, -16.8002], [-39.1216, -16.892], [-39.1496, -16.9505], [-39.1688, -17.0759], [-39.2086, -17.1622], [-39.2174, -17.2951], [-39.1863, -17.4521], [-39.1884, -17.5784], [-39.1371, -17.6796], [-39.1496, -17.7107], [-39.2589, -17.8207], [-39.2751, -17.8669], [-39.3824, -17.9033], [-39.4502, -17.948], [-39.625, -18.1926], [-39.6594, -18.2736], [-39.7247, -18.5187], [-39.7449, -18.6817], [-39.7411, -18.9021], [-39.6981, -19.2399], [-39.7014, -19.3762], [-39.7862, -19.602], [-39.8349, -19.6572], [-39.951, -19.7052], [-40.0268, -19.7644], [-40.0974, -19.9306], [-40.1571, -19.9589], [-40.1344, -19.9589], [-40.132, -19.9719], [-40.1465, -20.023], [-40.1786, -20.0434], [-40.1659, -20.1059], [-40.2328, -20.2668], [-40.2444, -20.2775], [-40.2662, -20.2605], [-40.2867, -20.281], [-40.3004, -20.2327], [-40.3693, -20.2327], [-40.3509, -20.2565], [-40.3761, -20.2668], [-40.3619, -20.281], [-40.366, -20.3232], [-40.3239, -20.3248], [-40.3254, -20.3375], [-40.2825, -20.3142], [-40.2595, -20.3215], [-40.3025, -20.3709], [-40.3487, -20.5001], [-40.4183, -20.6153], [-40.4332, -20.6287], [-40.4513, -20.6169], [-40.4753, -20.6378], [-40.5652, -20.753], [-40.5834, -20.802], [-40.6094, -20.8073], [-40.6284, -20.8392], [-40.6521, -20.808], [-40.7585, -20.8642], [-40.8011, -20.931], [-40.8146, -21.0366], [-40.9518, -21.2381], [-40.9635, -21.3645], [-41.0572, -21.4838], [-41.0719, -21.5233], [-41.0185, -21.6081], [-41.0247, -21.7192], [-40.9673, -21.9475], [-40.9726, -21.9867], [-40.9953, -22.0143], [-41.2437, -22.1452], [-41.4657, -22.2026], [-41.6665, -22.2818], [-41.7708, -22.3542], [-41.7845, -22.3886], [-41.8497, -22.433], [-41.912, -22.508], [-41.9663, -22.5354], [-41.9962, -22.6093], [-41.993, -22.6999], [-41.9346, -22.7687], [-41.8701, -22.7341], [-41.8698, -22.7521], [-41.8906, -22.7824], [-41.9096, -22.7766], [-41.9896, -22.8263], [-41.9969, -22.8753], [-42.0199, -22.8813], [-42.0331, -22.9125], [-42.0227, -22.9445], [-42.0073, -22.9333], [-42.0029, -22.9477], [-42.0135, -22.9817], [-42.0582, -22.9538], [-42.5317, -22.9342], [-42.6686, -22.947], [-42.6957, -22.9669], [-43.0314, -22.9743], [-43.074, -22.9449], [-43.0898, -22.9538], [-43.1308, -22.9196], [-43.0919, -22.9171], [-43.1295, -22.8941], [-43.1265, -22.8824], [-43.1017, -22.8365], [-43.0345, -22.7756], [-43.0614, -22.7658], [-43.0251, -22.7355], [-43.0284, -22.6725], [-43.0756, -22.6657], [-43.1034, -22.6936], [-43.1518, -22.696], [-43.2702, -22.747], [-43.2711, -22.789], [-43.2406, -22.8439], [-43.2201, -22.8297], [-43.1996, -22.857], [-43.2133, -22.8644], [-43.1621, -22.8957], [-43.1522, -22.9511], [-43.1708, -22.9698], [-43.2201, -22.9953], [-43.4476, -23.0182], [-43.5604, -23.0675], [-43.6208, -23.0426], [-44.0037, -23.0911], [-44.0015, -23.0492], [-43.9501, -23.0426], [-43.9054, -23.0556], [-43.8917, -23.0214], [-43.832, -23.0476], [-43.7511, -23.0494], [-43.6693, -23.0372], [-43.6037, -23.0077], [-43.7067, -22.9743], [-43.734, -22.9395], [-43.803, -22.9299], [-43.809, -22.9098], [-43.8644, -22.9059], [-43.8502, -22.8923], [-44.0047, -22.9395], [-44.0308, -22.9714], [-44.0494, -22.9743], [-44.0392, -22.9441], [-44.0562, -22.9395], [-44.1151, -23.0224], [-44.1864, -23.049], [-44.1969, -23.0336], [-44.2201, -23.0494], [-44.243, -23.0426], [-44.2505, -22.9962], [-44.2987, -23.0129], [-44.3026, -22.9953], [-44.3299, -23.0152], [-44.3527, -22.9993], [-44.3545, -22.9864], [-44.3118, -22.9701], [-44.3259, -22.9216], [-44.3578, -22.9196], [-44.3516, -22.9353], [-44.3715, -22.9612], [-44.3845, -22.9395], [-44.4114, -22.9374], [-44.4357, -22.9968], [-44.6042, -23.0556], [-44.598, -23.0357], [-44.6551, -23.0431], [-44.7005, -23.1077], [-44.708, -23.2146], [-44.6453, -23.1866], [-44.6268, -23.1952], [-44.6732, -23.2296], [-44.68, -23.2486], [-44.656, -23.2304], [-44.6247, -23.235], [-44.6514, -23.2848], [-44.6006, -23.2343], [-44.5565, -23.2275], [-44.5763, -23.2486], [-44.5106, -23.2734], [-44.5012, -23.2965], [-44.5238, -23.2907], [-44.5838, -23.3532], [-44.6744, -23.3381], [-44.827, -23.3854], [-44.868, -23.3578], [-44.8985, -23.3647], [-44.892, -23.341], [-44.9193, -23.3488], [-44.981, -23.3993], [-45.0283, -23.4161], [-45.0431, -23.4055], [-45.0508, -23.4282], [-45.0084, -23.4609], [-45.0502, -23.4733], [-45.0704, -23.5154], [-45.0918, -23.4919], [-45.0902, -23.5154], [-45.1478, -23.4874], [-45.1455, -23.5291], [-45.2003, -23.5237], [-45.2137, -23.5427], [-45.2007, -23.572], [-45.2519, -23.5906], [-45.2895, -23.5701], [-45.3678, -23.6166], [-45.413, -23.6179], [-45.4335, -23.6647], [-45.4231, -23.7106], [-45.3994, -23.7209], [-45.4061, -23.7561], [-45.3931, -23.7835], [-45.4066, -23.8204], [-45.4267, -23.8307], [-45.5093, -23.8376], [-45.5741, -23.7966], [-45.6185, -23.8029], [-45.7175, -23.7708], [-45.8644, -23.7564], [-45.989, -23.7898], [-46.0269, -23.8285], [-46.1461, -23.8444], [-46.1796, -23.8903], [-46.2354, -23.9127], [-46.1974, -23.9157], [-46.1455, -23.8708], [-46.1119, -23.8649], [-46.1597, -23.9202], [-46.1665, -23.9816], [-46.1866, -23.9954], [-46.2211, -23.9817], [-46.2877, -24.0212], [-46.3174, -24.0164], [-46.2764, -23.9816], [-46.2995, -23.9251], [-46.3854, -23.8735], [-46.4098, -23.9339], [-46.4539, -23.9264], [-46.413, -23.9816], [-46.3768, -23.9851], [-46.376, -24.0245], [-46.4067, -24.009], [-46.5934, -24.0895], [-46.9366, -24.2734], [-46.9889, -24.3311], [-47.01, -24.3769], [-46.9995, -24.4098], [-47.0154, -24.4229], [-47.0498, -24.4278], [-47.051, -24.4062], [-47.0721, -24.4485], [-47.1814, -24.5334], [-47.442, -24.6804], [-47.5313, -24.6882], [-47.6339, -24.7556], [-47.8256, -24.8941], [-47.9606, -25.0499], [-48.01, -25.0442], [-48.0017, -25.0279], [-47.9621, -25.0231], [-47.9727, -25.0094], [-48.0169, -25.0108], [-48.0349, -25.0488], [-48.0516, -25.0368], [-48.0325, -25.0632], [-47.9497, -25.08], [-47.8871, -25.0573], [-47.9518, -25.2013], [-48.02, -25.2263], [-48.0915, -25.3253], [-48.1683, -25.3692], [-48.2091, -25.4576], [-48.2416, -25.4482], [-48.2502, -25.4278], [-48.2222, -25.3391], [-48.1273, -25.28], [-48.1403, -25.2696], [-48.2502, -25.318], [-48.2843, -25.29], [-48.2974, -25.3412], [-48.3328, -25.3583], [-48.3191, -25.3242], [-48.3355, -25.3186], [-48.3253, -25.2286], [-48.3726, -25.2716], [-48.3526, -25.2934], [-48.3674, -25.3048], [-48.4072, -25.2839], [-48.4346, -25.2423], [-48.4346, -25.2628], [-48.4557, -25.2485], [-48.4283, -25.3242], [-48.4966, -25.3385], [-48.4457, -25.3474], [-48.4346, -25.3583], [-48.4574, -25.3797], [-48.4346, -25.3795], [-48.4141, -25.4101], [-48.4727, -25.4757], [-48.5171, -25.447], [-48.558, -25.447], [-48.5751, -25.462], [-48.6354, -25.4446], [-48.743, -25.3521], [-48.7188, -25.4226], [-48.6836, -25.4627], [-48.7294, -25.4682], [-48.7108, -25.4964], [-48.6201, -25.4962], [-48.6543, -25.5165], [-48.6064, -25.5439], [-48.5954, -25.5278], [-48.524, -25.5148], [-48.4693, -25.5439], [-48.5034, -25.5719], [-48.4825, -25.5798], [-48.4557, -25.5507], [-48.3867, -25.5439], [-48.3612, -25.571], [-48.4327, -25.6225], [-48.5176, -25.7702], [-48.541, -25.8455], [-48.586, -25.8176], [-48.5785, -25.7971], [-48.6201, -25.8176], [-48.5922, -25.8293], [-48.5832, -25.8547], [-48.6512, -25.8445], [-48.743, -25.8517], [-48.7694, -25.8674], [-48.7658, -25.8867], [-48.743, -25.8728], [-48.5635, -25.8658], [-48.5586, -25.9018], [-48.6127, -26.0406], [-48.5826, -26.1572], [-48.5925, -26.1839], [-48.6349, -26.1945], [-48.6679, -26.236], [-48.7338, -26.2247], [-48.7725, -26.1007], [-48.7965, -26.0685], [-48.7911, -26.1353], [-48.7561, -26.2035], [-48.7562, -26.2494], [-48.7777, -26.2633], [-48.7573, -26.2912], [-48.7982, -26.3049], [-48.7377, -26.3191], [-48.7218, -26.3448], [-48.6508, -26.3766], [-48.6359, -26.4186], [-48.6079, -26.4367], [-48.6645, -26.5561], [-48.6833, -26.6624], [-48.6789, -26.7311], [-48.6269, -26.7709], [-48.5922, -26.7639], [-48.578, -26.7765], [-48.6288, -26.8648], [-48.6133, -26.9177], [-48.6201, -26.9826], [-48.5752, -27.0162], [-48.6072, -27.1044], [-48.5795, -27.1585], [-48.5514, -27.1581], [-48.5162, -27.1208], [-48.4761, -27.154], [-48.4966, -27.1751], [-48.4929, -27.216], [-48.5246, -27.2213], [-48.5314, -27.2092], [-48.5126, -27.1982], [-48.5419, -27.1824], [-48.62, -27.2467], [-48.6099, -27.3054], [-48.5609, -27.325], [-48.5519, -27.3873], [-48.5655, -27.3674], [-48.5819, -27.4167], [-48.637, -27.447], [-48.6475, -27.4796], [-48.6099, -27.5587], [-48.5791, -27.5763], [-48.586, -27.6132], [-48.5946, -27.6012], [-48.6475, -27.6474], [-48.6064, -27.7504], [-48.6292, -27.7675], [-48.5723, -27.8255], [-48.5882, -27.8536], [-48.5655, -27.8603], [-48.6064, -27.9323], [-48.6166, -27.9908], [-48.599, -28.0416], [-48.6201, -28.0685], [-48.6537, -28.1902], [-48.6553, -28.2128], [-48.6359, -28.2302], [-48.6884, -28.278], [-48.6964, -28.3421], [-48.7311, -28.3845], [-48.7631, -28.457], [-48.7612, -28.4874], [-48.7809, -28.4875], [-48.8035, -28.4523], [-48.7948, -28.3705], [-48.8506, -28.3237], [-48.8646, -28.3209], [-48.874, -28.3463], [-48.8597, -28.3913], [-48.874, -28.4189], [-48.8392, -28.4289], [-48.8549, -28.4753], [-48.7892, -28.5214], [-48.7499, -28.5114], [-48.7561, -28.5284], [-48.8153, -28.6104], [-48.9406, -28.6454], [-49.3428, -28.9235], [-49.5523, -29.1274], [-49.8107, -29.4431], [-49.9336, -29.6344], [-49.9974, -29.7646], [-50.0453, -29.8145], [-50.3157, -30.4615], [-50.7214, -31.0445], [-50.8284, -31.1427], [-51.0346, -31.378], [-51.1518, -31.4815], [-51.5633, -31.7774], [-51.8635, -31.9317], [-52.0774, -32.1673], [-52.0845, -32.1469], [-52.0358, -32.0279], [-52.0566, -31.9884], [-52.0122, -31.9506], [-52.088, -31.8586], [-52.0873, -31.8278], [-52.0485, -31.8083], [-51.9228, -31.8687], [-51.8363, -31.8549], [-51.8137, -31.8284], [-51.8341, -31.8005], [-51.7045, -31.7927], [-51.6662, -31.7697], [-51.5126, -31.616], [-51.4987, -31.5749], [-51.4476, -31.6127], [-51.4635, -31.5572], [-51.4225, -31.4851], [-51.4135, -31.5178], [-51.3778, -31.527], [-51.3345, -31.5192], [-51.245, -31.464], [-51.1796, -31.359], [-51.1586, -31.2864], [-51.1548, -31.2121], [-51.1761, -31.1493], [-51.1619, -31.0777], [-51.014, -31.0628], [-51.0032, -31.1329], [-50.9759, -31.131], [-50.9647, -31.1013], [-50.9359, -31.0878], [-50.97, -31.0743], [-50.9877, -31.0456], [-50.9564, -30.9228], [-50.9784, -30.8933], [-50.9139, -30.8933], [-50.8196, -30.8313], [-50.7601, -30.8151], [-50.6926, -30.7265], [-50.6794, -30.6417], [-50.6895, -30.464], [-50.7257, -30.3631], [-50.6899, -30.3532], [-50.6451, -30.3922], [-50.6499, -30.4386], [-50.6075, -30.4851], [-50.565, -30.4501], [-50.5728, -30.4094], [-50.5373, -30.3204], [-50.5399, -30.2675], [-50.6148, -30.1862], [-50.6485, -30.1904], [-50.6759, -30.2177], [-50.6534, -30.2516], [-50.672, -30.289], [-50.7791, -30.2932], [-50.7994, -30.3235], [-50.913, -30.3167], [-50.9329, -30.3806], [-50.9154, -30.4362], [-50.9364, -30.4316], [-51.0341, -30.3757], [-51.0403, -30.3435], [-51.0116, -30.2962], [-51.0231, -30.2638], [-51.0526, -30.2654], [-51.0576, -30.2419], [-51.0795, -30.2379], [-51.1225, -30.256], [-51.1761, -30.2245], [-51.1805, -30.2004], [-51.233, -30.1899], [-51.2171, -30.1563], [-51.2512, -30.1078], [-51.2375, -30.0396], [-51.2593, -30.0468], [-51.2621, -30.0138], [-51.2835, -30.0074], [-51.3065, -30.0702], [-51.2921, -30.0839], [-51.314, -30.1546], [-51.3065, -30.1869], [-51.327, -30.2245], [-51.2825, -30.2214], [-51.2649, -30.2449], [-51.2921, -30.2717], [-51.2375, -30.3132], [-51.2041, -30.2853], [-51.1877, -30.3601], [-51.0906, -30.352], [-51.1148, -30.4011], [-51.2004, -30.3998], [-51.2505, -30.4623], [-51.2902, -30.6244], [-51.2697, -30.7818], [-51.2977, -30.7953], [-51.314, -30.7732], [-51.2895, -30.7673], [-51.2912, -30.7399], [-51.3225, -30.6422], [-51.3771, -30.6423], [-51.3816, -30.7763], [-51.3619, -30.8792], [-51.4554, -30.8894], [-51.4857, -30.9671], [-51.4708, -31.0533], [-51.443, -31.081], [-51.6236, -31.1353], [-51.6509, -31.2055], [-51.6375, -31.2565], [-51.819, -31.2722], [-51.8569, -31.3112], [-51.9228, -31.3069], [-51.9635, -31.3323], [-51.9429, -31.3593], [-51.9985, -31.4094], [-52.0048, -31.5397], [-51.9849, -31.5739], [-52.0079, -31.6462], [-52.0402, -31.5702], [-52.0833, -31.5587], [-52.09, -31.6061], [-52.0463, -31.6081], [-52.0412, -31.6227], [-52.0633, -31.6655], [-52.2186, -31.7407], [-52.2102, -31.8005], [-52.2484, -31.862], [-52.2357, -31.8797], [-52.2102, -31.8687], [-52.1339, -31.9308], [-52.2377, -31.9664], [-52.2586, -32.0536], [-52.2112, -32.0567], [-52.2381, -32.081], [-52.214, -32.0861], [-52.1544, -32.0651], [-52.1241, -32.0295], [-52.0814, -32.032], [-52.1689, -32.1007], [-52.1562, -32.1227], [-52.1397, -32.1191], [-52.0873, -32.0673], [-52.1016, -32.1227], [-52.0912, -32.1661], [-52.1274, -32.1775], [-52.2534, -32.2825], [-52.3753, -32.4987], [-52.4709, -32.801], [-52.6217, -33.102], [-52.8195, -33.3225], [-53.2663, -33.6767], [-53.3964, -33.7506], [-53.4509, -33.8015], [-53.4856, -33.8693], [-53.5299, -34.0481], [-53.6936, -34.1817], [-53.756, -34.2677], [-53.7799, -34.336], [-53.7649, -34.3904], [-53.9722, -34.4872], [-54.1246, -34.6104], [-54.1459, -34.6676], [-54.2597, -34.686], [-54.2323, -34.6581], [-54.2528, -34.6308], [-54.2386, -34.5898], [-54.3286, -34.5618], [-54.2801, -34.5823], [-54.3446, -34.6306], [-54.3374, -34.6547], [-54.3226, -34.6447], [-54.2892, -34.6603], [-54.2801, -34.6823], [-54.3065, -34.7077], [-54.9586, -34.9734], [-54.9622, -34.9396], [-55.0331, -34.9168], [-55.0604, -34.8878], [-55.2602, -34.8976], [-55.3383, -34.8188], [-55.3769, -34.8014], [-55.5096, -34.7991], [-55.6934, -34.7647], [-55.8891, -34.8035], [-56.0696, -34.901], [-56.1356, -34.9128], [-56.1561, -34.9412], [-56.1773, -34.9163], [-56.213, -34.9077], [-56.2035, -34.8875], [-56.2146, -34.8796], [-56.2306, -34.8777], [-56.2563, -34.9062], [-56.3113, -34.9062], [-56.4029, -34.8548], [-56.4208, -34.8282], [-56.3613, -34.7966], [-56.3761, -34.7827], [-56.4851, -34.7535], [-56.558, -34.7651], [-56.6464, -34.7226], [-56.8739, -34.6702], [-57.0574, -34.5271], [-57.0624, -34.5065], [-57.152, -34.4509], [-57.3469, -34.4435], [-57.3652, -34.4304], [-57.437, -34.4446], [-57.4747, -34.4295], [-57.5379, -34.4536], [-57.5695, -34.4265], [-57.595, -34.4255], [-57.7641, -34.4743], [-57.8554, -34.471], [-57.854, -34.4479], [-57.9002, -34.4165], [-57.8976, -34.3763], [-58.0169, -34.2531], [-58.0498, -34.24], [-58.077, -34.192], [-58.1194, -34.1692], [-58.1962, -34.1594], [-58.2318, -34.0888], [-58.3165, -33.9865], [-58.3888, -33.9421], [-58.4346, -33.7849], [-58.4258, -33.6129], [-58.4383, -33.5514], [-58.3786, -33.4487], [-58.4189, -33.3899], [-58.3507, -33.3058], [-58.3669, -33.1537], [-58.3514, -33.1217], [-58.3103, -33.1088], [-58.1744, -33.1104], [-58.1378, -33.0951], [-58.0837, -33.0475], [-58.0485, -32.9117], [-58.0571, -32.8818], [-58.1308, -32.8027], [-58.1378, -32.6707], [-58.2004, -32.4446], [-58.2228, -32.5343], [-58.1794, -32.8283], [-58.1378, -32.9003], [-58.1595, -32.9798], [-58.1468, -33.05], [-58.2045, -33.0919], [-58.3832, -33.0755], [-58.4302, -33.1026], [-58.4128, -33.1187], [-58.4332, -33.2324], [-58.4123, -33.2983], [-58.4879, -33.3696], [-58.5217, -33.4493], [-58.5492, -33.7053], [-58.5243, -33.7778], [-58.461, -33.8595], [-58.4394, -33.9797], [-58.4472, -34.0105], [-58.3878, -34.0465], [-58.3922, -34.1541], [-58.3786, -34.1882], [-58.4602, -34.2729], [-58.5431, -34.2677], [-58.5704, -34.2882], [-58.4546, -34.3662], [-58.5115, -34.4359], [-58.4773, -34.4833], [-58.4742, -34.5216], [-58.3788, -34.5725], [-58.315, -34.6572], [-58.1549, -34.7504], [-58.0002, -34.7873], [-57.965, -34.8245], [-57.871, -34.8299], [-57.7588, -34.9097], [-57.522, -35.0132], [-57.3496, -35.1499], [-57.2016, -35.3102], [-57.1281, -35.4413], [-57.1449, -35.4842], [-57.3526, -35.7275], [-57.3933, -35.863], [-57.3706, -35.977], [-57.3088, -36.0999], [-57.2682, -36.1279], [-57.248, -36.1703], [-57.1083, -36.2823], [-56.9377, -36.3508], [-56.9392, -36.3849], [-56.8567, -36.3439], [-56.7679, -36.3439], [-56.776, -36.3064], [-56.7406, -36.3166], [-56.6976, -36.3962], [-56.6996, -36.5214], [-56.6723, -36.6005], [-56.6649, -36.851]]], [[[-51.1629, -0.6205], [-51.1556, -0.6816], [-51.2176, -0.8019], [-51.2756, -1.0252], [-51.286, -1.0317], [-51.3103, -1.0021], [-51.3315, -1.0099], [-51.4348, -1.1867], [-51.7408, -1.42], [-51.7856, -1.45], [-51.8925, -1.4837], [-51.9303, -1.4708], [-51.9541, -1.4225], [-51.9029, -1.3401], [-51.8843, -1.2563], [-51.7965, -1.1894], [-51.7816, -1.1539], [-51.7179, -1.1297], [-51.6839, -1.0969], [-51.6684, -1.0575], [-51.6901, -1.0186], [-51.6758, -0.8468], [-51.6236, -0.7902], [-51.534, -0.6347], [-51.4248, -0.5538], [-51.3474, -0.532], [-51.3816, -0.6549], [-51.3474, -0.6139], [-51.3537, -0.5802], [-51.3406, -0.5729], [-51.3331, -0.5929], [-51.3331, -0.5729], [-51.2996, -0.5929], [-51.3292, -0.5387], [-51.3083, -0.5187], [-51.2375, -0.5383], [-51.2033, -0.6047], [-51.1629, -0.6205]]], [[[-48.4653, -0.5904], [-48.4966, -0.676], [-48.4858, -0.6847], [-48.4966, -0.7437], [-48.5723, -0.6816], [-48.5235, -0.7734], [-48.5375, -0.7989], [-48.5277, -0.8727], [-48.5601, -0.9143], [-48.6332, -0.9492], [-48.6307, -0.9689], [-48.6648, -1.0012], [-48.6288, -1.0097], [-48.6269, -1.0248], [-48.6543, -1.0453], [-48.6283, -1.0478], [-48.6428, -1.0836], [-48.8187, -1.2029], [-48.8496, -1.198], [-48.9211, -1.1415], [-48.8948, -1.1812], [-48.842, -1.2133], [-48.8446, -1.2493], [-48.8672, -1.2514], [-48.7963, -1.2685], [-48.8024, -1.3398], [-48.833, -1.4158], [-48.9422, -1.2958], [-48.9638, -1.283], [-48.9901, -1.2924], [-48.946, -1.309], [-48.9833, -1.3327], [-48.9766, -1.3561], [-48.9901, -1.3743], [-48.9451, -1.3464], [-48.9211, -1.3879], [-48.8392, -1.45], [-48.8876, -1.4667], [-48.9181, -1.5046], [-48.9444, -1.491], [-48.9562, -1.5087], [-49.0658, -1.5319], [-49.0735, -1.5139], [-49.1068, -1.5046], [-49.1514, -1.4016], [-49.1977, -1.3884], [-49.2091, -1.3947], [-49.1916, -1.4086], [-49.1844, -1.4534], [-49.2041, -1.5291], [-49.2015, -1.5532], [-49.1819, -1.5661], [-49.2296, -1.5735], [-49.1955, -1.6008], [-49.1682, -1.5866], [-49.2228, -1.6212], [-49.2937, -1.6175], [-49.3532, -1.5735], [-49.3941, -1.5289], [-49.3873, -1.4841], [-49.4146, -1.5417], [-49.4096, -1.5639], [-49.3542, -1.6144], [-49.3583, -1.6376], [-49.443, -1.6354], [-49.4833, -1.6021], [-49.4966, -1.4977], [-49.5313, -1.4977], [-49.5076, -1.5226], [-49.504, -1.5866], [-49.5244, -1.5803], [-49.5141, -1.6081], [-49.5565, -1.6454], [-49.5449, -1.676], [-49.5592, -1.6828], [-49.5443, -1.6983], [-49.5587, -1.7242], [-49.6033, -1.7175], [-49.6691, -1.7721], [-49.6883, -1.7693], [-49.751, -1.6418], [-49.7442, -1.5803], [-49.764, -1.6452], [-49.7296, -1.7526], [-49.7764, -1.8072], [-49.8236, -1.8166], [-49.9254, -1.7617], [-50.0023, -1.7455], [-50.0323, -1.7156], [-50.0282, -1.6555], [-50.0548, -1.6647], [-50.0599, -1.7179], [-50.155, -1.779], [-50.2245, -1.739], [-50.2377, -1.6213], [-50.2786, -1.5974], [-50.2496, -1.5631], [-50.265, -1.5182], [-50.2582, -1.4841], [-50.2768, -1.5146], [-50.2582, -1.5598], [-50.2922, -1.5974], [-50.2426, -1.6415], [-50.265, -1.7448], [-50.3065, -1.6555], [-50.2848, -1.7551], [-50.3166, -1.7785], [-50.3667, -1.7721], [-50.297, -1.8035], [-50.3487, -1.8287], [-50.4052, -1.831], [-50.5597, -1.7995], [-50.6039, -1.7721], [-50.6001, -1.7493], [-50.5666, -1.7306], [-50.5879, -1.6845], [-50.7423, -1.5312], [-50.8032, -1.435], [-50.7857, -1.3947], [-50.8131, -1.3364], [-50.7782, -1.1725], [-50.8058, -1.1023], [-50.7926, -1.0862], [-50.5597, -1.1832], [-50.6167, -1.1199], [-50.5697, -1.1005], [-50.5393, -1.1074], [-50.5222, -1.0866], [-50.5524, -1.0733], [-50.5455, -1.0528], [-50.53, -1.0388], [-50.4766, -1.0392], [-50.5285, -1.0253], [-50.5768, -1.0632], [-50.6638, -1.0949], [-50.7558, -1.0822], [-50.7926, -1.0186], [-50.7982, -0.9113], [-50.7782, -0.8194], [-50.7576, -0.8068], [-50.7373, -0.8263], [-50.7406, -0.802], [-50.7873, -0.7633], [-50.772, -0.7164], [-50.7857, -0.7027], [-50.7799, -0.6606], [-50.7373, -0.5519], [-50.6841, -0.6398], [-50.6075, -0.676], [-50.5485, -0.6778], [-50.5604, -0.6593], [-50.6827, -0.6238], [-50.7236, -0.4799], [-50.6964, -0.36], [-50.6547, -0.2638], [-50.5834, -0.1922], [-50.5393, -0.1887], [-50.4667, -0.1546], [-50.4115, -0.1645], [-50.3682, -0.1056], [-50.0958, -0.1323], [-49.6535, -0.2411], [-49.4596, -0.2234], [-49.3873, -0.2576], [-49.4084, -0.2175], [-49.3868, -0.1847], [-49.3265, -0.1546], [-49.206, -0.1403], [-49.1204, -0.162], [-49.0106, -0.1599], [-48.9796, -0.1862], [-48.8936, -0.1529], [-48.8805, -0.1636], [-48.892, -0.2159], [-48.8165, -0.2076], [-48.702, -0.2372], [-48.6235, -0.2234], [-48.4272, -0.2599], [-48.3689, -0.2979], [-48.3698, -0.3606], [-48.3884, -0.3956], [-48.4206, -0.415], [-48.4547, -0.4856], [-48.4653, -0.5904]]]]}}, {"type": "Feature", "properties": {"layer": "land"}, "geometry": {"type": "MultiPolygon", "coordinates": [[[[-48.3242, -1.0759], [-48.2974, -1.1285], [-48.3341, -1.205], [-48.3799, -1.2172], [-48.3935, -1.1894], [-48.4023, -1.2029], [-48.4621, -1.1645], [-48.405, -1.0688], [-48.3242, -1.0759]]], [[[-48.1949, -0.8194], [-48.1559, -0.8663], [-48.1813, -0.8746], [-48.1567, -0.8878], [-48.1625, -0.9208], [-48.2019, -1.0115], [-48.2377, -1.0279], [-48.3071, -1.0207], [-48.3127, -0.9533], [-48.2436, -0.8417], [-48.1949, -0.8194]]], [[[-47.9353, -0.6367], [-47.8871, -0.6691], [-47.9164, -0.7086], [-47.9621, -0.7306], [-47.9827, -0.676], [-47.9669, -0.6583], [-47.9764, -0.6447], [-47.9353, -0.6367]]], [[[-50.8129, -0.655], [-50.8223, -0.6999], [-50.8431, -0.716], [-50.9343, -0.7317], [-50.9762, -0.7698], [-51.1004, -0.8263], [-51.108, -0.756], [-51.0663, -0.676], [-51.0165, -0.6679], [-50.9564, -0.6071], [-50.8608, -0.5656], [-50.8744, -0.6139], [-50.8409, -0.5587], [-50.8129, -0.655]]], [[[-47.6492, -0.5916], [-47.6469, -0.7027], [-47.7015, -0.7096], [-47.7156, -0.6366], [-47.7515, -0.6223], [-47.7614, -0.5758], [-47.7347, -0.5417], [-47.7155, -0.5473], [-47.7038, -0.5777], [-47.6492, -0.5916]]], [[[-51.1208, -0.1403], [-51.1667, -0.3056], [-51.2786, -0.4011], [-51.3756, -0.4605], [-51.4051, -0.4596], [-51.402, -0.4357], [-51.3304, -0.3661], [-51.2327, -0.1795], [-51.1898, -0.1682], [-51.1653, -0.1403], [-51.1208, -0.1403]]], [[[-50.0908, 0.3059], [-50.1656, 0.2617], [-50.2205, 0.2462], [-50.1994, 0.2885], [-50.0933, 0.339], [-50.0908, 0.3059]]], [[[-50.1034, 0.7557], [-50.2753, 0.7456], [-50.2834, 0.7692], [-50.275, 0.8091], [-50.2255, 0.8592], [-50.1117, 0.9183], [-50.0157, 0.8925], [-50.1034, 0.7557]]], [[[-50.0083, 0.941], [-50.0993, 0.9386], [-50.1003, 0.9591], [-50.0492, 0.9856], [-50.0167, 1.0252], [-49.9264, 1.0699], [-49.9162, 1.0566], [-49.964, 0.9738], [-50.0083, 0.941]]], [[[-58.3336, 6.9653], [-58.391, 6.9199], [-58.441, 6.9048], [-58.4605, 6.8834], [-58.4575, 6.923], [-58.4189, 6.9721], [-58.3336, 6.9653]]], [[[-47.5067, -24.6998], [-47.4483, -24.6867], [-47.4952, -24.7239], [-47.55, -24.7424], [-47.8227, -24.9417], [-47.8883, -25.0412], [-47.9001, -25.0368], [-47.8796, -24.9648], [-47.8319, -24.9133], [-47.6736, -24.8115], [-47.6129, -24.7545], [-47.5067, -24.6998]]], [[[-46.3195, -23.9277], [-46.2919, -23.9909], [-46.3414, -23.9699], [-46.3999, -23.9748], [-46.4204, -23.9474], [-46.3937, -23.9474], [-46.3937, -23.9202], [-46.3195, -23.9277]]], [[[-34.8461, -7.6958], [-34.8302, -7.7038], [-34.8223, -7.7492], [-34.838, -7.8108], [-34.8582, -7.8132], [-34.8842, -7.804], [-34.8828, -7.7655], [-34.8461, -7.6958]]], [[[-42.2508, -2.6818], [-42.149, -2.7354], [-42.1058, -2.7727], [-42.1701, -2.768], [-42.2498, -2.7364], [-42.2508, -2.6818]]], [[[-43.8339, -2.4422], [-43.8487, -2.424], [-43.8235, -2.4077], [-43.8082, -2.421], [-43.8136, -2.4546], [-43.7642, -2.4289], [-43.7707, -2.496], [-43.8092, -2.5128], [-43.8383, -2.5074], [-43.8339, -2.4422]]], [[[-49.4648, -1.6543], [-49.4228, -1.6742], [-49.424, -1.6968], [-49.5086, -1.7449], [-49.5295, -1.7171], [-49.5255, -1.6729], [-49.4648, -1.6543]]]]}}, {"type": "Feature", "properties": {"layer": "land"}, "geometry": {"type": "MultiPolygon", "coordinates": [[[[-38.9156, -13.3835], [-38.8964, -13.4535], [-38.9344, -13.5562], [-38.8933, -13.6393], [-38.902, -13.6718], [-38.9203, -13.6555], [-38.9495, -13.658], [-38.9791, -13.5997], [-38.9678, -13.4983], [-39.0459, -13.4582], [-39.0326, -13.3925], [-38.9656, -13.3979], [-38.9156, -13.3835]]], [[[-38.6223, -12.9054], [-38.5875, -12.9869], [-38.6424, -13.0138], [-38.7865, -13.1339], [-38.7912, -13.0584], [-38.6693, -12.9618], [-38.6833, -12.95], [-38.6706, -12.925], [-38.6971, -12.8805], [-38.6835, -12.8732], [-38.6223, -12.9054]]], [[[-44.484, -2.7612], [-44.5149, -2.8342], [-44.4808, -2.7931], [-44.5057, -2.9151], [-44.4973, -2.9493], [-44.5382, -2.97], [-44.598, -3.0602], [-44.6034, -3.0221], [-44.5633, -2.9199], [-44.5857, -2.8459], [-44.5763, -2.8], [-44.5477, -2.7441], [-44.4808, -2.7044], [-44.484, -2.7612]]], [[[-44.8787, -1.2851], [-44.8854, -1.3264], [-44.9195, -1.3059], [-44.8985, -1.3327], [-44.9347, -1.3666], [-44.9612, -1.3674], [-44.9639, -1.3906], [-45.0189, -1.3777], [-45.022, -1.3234], [-45.0033, -1.3175], [-44.9953, -1.3538], [-44.9779, -1.301], [-44.9919, -1.2924], [-44.9744, -1.2603], [-44.9474, -1.2729], [-44.9157, -1.259], [-44.8787, -1.2851]]], [[[-50.3173, 0.458], [-50.3029, 0.531], [-50.2565, 0.5697], [-50.2582, 0.5852], [-50.1676, 0.6054], [-50.1204, 0.5716], [-50.134, 0.6125], [-50.0822, 0.6479], [-50.0657, 0.6473], [-50.0384, 0.6064], [-50.0248, 0.5412], [-50.0427, 0.5103], [-50.2496, 0.361], [-50.2814, 0.3566], [-50.3007, 0.3755], [-50.3173, 0.458]]], [[[-50.5042, 2.0957], [-50.3996, 2.1151], [-50.314, 1.9683], [-50.3125, 1.9471], [-50.339, 1.9127], [-50.4191, 1.863], [-50.4586, 1.881], [-50.4976, 1.9846], [-50.5238, 2.0015], [-50.5042, 2.0957]]], [[[-50.553, 2.1513], [-50.5136, 2.1873], [-50.4633, 2.1869], [-50.4305, 2.165], [-50.4152, 2.1269], [-50.4979, 2.1074], [-50.553, 2.1513]]], [[[-48.4266, -27.3889], [-48.3902, -27.4205], [-48.3773, -27.4582], [-48.412, -27.5237], [-48.4072, -27.5792], [-48.4966, -27.7027], [-48.4861, -27.7743], [-48.5638, -27.8173], [-48.5635, -27.7398], [-48.5444, -27.6816], [-48.5591, -27.6745], [-48.5239, -27.6337], [-48.5471, -27.5772], [-48.5043, -27.5564], [-48.5375, -27.4762], [-48.5121, -27.4448], [-48.5171, -27.4283], [-48.4458, -27.4124], [-48.4266, -27.3889]]], [[[-48.5479, -26.3518], [-48.5754, -26.3762], [-48.5832, -26.4211], [-48.6113, -26.4128], [-48.6431, -26.3591], [-48.7033, -26.3119], [-48.63, -26.2397], [-48.5581, -26.2055], [-48.5655, -26.1813], [-48.5476, -26.1673], [-48.5163, -26.184], [-48.4891, -26.236], [-48.5479, -26.3518]]], [[[-45.2265, -23.9093], [-45.2183, -23.9495], [-45.2417, -23.968], [-45.2622, -23.9611], [-45.2904, -23.9119], [-45.4219, -23.9352], [-45.453, -23.8914], [-45.3554, -23.8001], [-45.3247, -23.7253], [-45.3085, -23.7214], [-45.2281, -23.7724], [-45.2349, -23.8444], [-45.2657, -23.8393], [-45.2711, -23.8689], [-45.255, -23.8982], [-45.2213, -23.8923], [-45.2137, -23.9065], [-45.2265, -23.9093]]], [[[-44.0854, -23.1618], [-44.1077, -23.1796], [-44.1183, -23.1655], [-44.1593, -23.1658], [-44.2308, -23.1935], [-44.2926, -23.1728], [-44.3277, -23.2213], [-44.3374, -23.1796], [-44.3671, -23.1652], [-44.2709, -23.1152], [-44.2351, -23.0688], [-44.1865, -23.091], [-44.207, -23.1046], [-44.1865, -23.1176], [-44.1708, -23.1101], [-44.1418, -23.1313], [-44.113, -23.1147], [-44.1183, -23.1313], [-44.0854, -23.1618]]]]}}, {"type": "Feature", "properties": {"layer": "land"}, "geometry": {"type": "MultiPolygon", "coordinates": [[[[-42.0353, -2.7044], [-42.0278, -2.7448], [-42.0852, -2.7587], [-42.1029, -2.7448], [-42.0824, -2.7385], [-42.1053, -2.7243], [-42.1029, -2.7044], [-42.186, -2.6764], [-42.0914, -2.6784], [-42.0482, -2.7106], [-42.0353, -2.7044]]], [[[-43.607, -2.2563], [-43.6, -2.2837], [-43.6263, -2.3163], [-43.6348, -2.3999], [-43.6866, -2.401], [-43.7125, -2.4265], [-43.7329, -2.4199], [-43.7366, -2.3341], [-43.7154, -2.2892], [-43.6845, -2.2634], [-43.607, -2.2563]]], [[[-49.277, -1.767], [-49.3674, -1.8951], [-49.4263, -1.8776], [-49.453, -1.8502], [-49.4115, -1.7756], [-49.3381, -1.7127], [-49.277, -1.767]]], [[[-32.3922, -3.8342], [-32.3997, -3.862], [-32.4628, -3.8784], [-32.4369, -3.8499], [-32.3922, -3.8342]]], [[[-48.3395, -25.4255], [-48.269, -25.3482], [-48.2509, -25.3646], [-48.2682, -25.4269], [-48.2559, -25.4657], [-48.2911, -25.4891], [-48.3239, -25.4675], [-48.3215, -25.442], [-48.3395, -25.4255]]], [[[-43.546, -2.3603], [-43.5608, -2.418], [-43.6018, -2.4116], [-43.6077, -2.3732], [-43.546, -2.3603]]]]}}, {"type": "Feature", "properties": {"layer": "land"}, "geometry": {"type": "MultiPolygon", "coordinates": [[[[-51.0128, -0.2736], [-51.038, -0.2359], [-51.0387, -0.2003], [-51.0048, -0.1825], [-51.0328, -0.1682], [-50.9473, -0.012], [-50.766, 0.0464], [-50.6477, -0.034], [-50.6274, -0.0857], [-50.6388, -0.121], [-50.7812, -0.2101], [-50.9234, -0.3305], [-51.0128, -0.2736]]], [[[-49.8235, -0.0704], [-49.7405, -0.0003], [-49.6281, 0.0576], [-49.4966, 0.0856], [-49.4829, 0.0638], [-49.442, 0.0757], [-49.3913, 0.0511], [-49.3699, 0.0282], [-49.3705, -0.0003], [-49.3475, -0.0097], [-49.36, -0.0584], [-49.3811, -0.0522], [-49.4387, -0.1205], [-49.492, -0.1326], [-49.6869, -0.1354], [-49.7162, -0.1477], [-49.8323, -0.1031], [-49.8235, -0.0704]]], [[[-50.6377, 0.0806], [-50.6485, 0.1505], [-50.6106, 0.1834], [-50.4902, 0.1594], [-50.4465, 0.1259], [-50.4377, -0.0], [-50.4475, -0.0152], [-50.4875, -0.0174], [-50.5597, -0.0038], [-50.6017, 0.024], [-50.6377, 0.0806]]], [[[-50.0038, 0.3101], [-49.9216, 0.2928], [-49.8596, 0.3012], [-49.6502, 0.3864], [-49.5602, 0.3858], [-49.5304, 0.3538], [-49.5289, 0.3008], [-49.6924, 0.205], [-49.764, 0.1334], [-49.8297, 0.0113], [-49.8671, -0.0107], [-50.0045, -0.0528], [-50.0973, 0.0309], [-50.1747, 0.0293], [-50.1901, 0.0413], [-50.2976, 0.012], [-50.3451, 0.0474], [-50.3401, 0.1334], [-50.3667, 0.0918], [-50.3837, 0.1299], [-50.3778, 0.2083], [-50.2544, 0.2298], [-50.1073, 0.2222], [-50.0369, 0.2997], [-50.0038, 0.3101]]], [[[-50.3499, 0.2527], [-50.414, 0.2263], [-50.419, 0.1679], [-50.4932, 0.1855], [-50.5168, 0.2086], [-50.506, 0.2662], [-50.4704, 0.2699], [-50.4325, 0.414], [-50.4083, 0.4207], [-50.4281, 0.4655], [-50.4308, 0.548], [-50.3667, 0.6199], [-50.3473, 0.5713], [-50.3531, 0.4002], [-50.317, 0.3088], [-50.3499, 0.2527]]]]}}, {"type": "Feature", "properties": {"layer": "land"}, "geometry": {"type": "MultiPolygon", "coordinates": [[[[-58.3384, -34.1356], [-58.2832, -34.2184], [-58.2874, -34.2623], [-58.3108, -34.2292], [-58.3271, -34.2495], [-58.345, -34.2258], [-58.3287, -34.2095], [-58.3384, -34.1356]]], [[[-48.3342, -25.4992], [-48.2868, -25.5392], [-48.3074, -25.5708], [-48.3129, -25.5401], [-48.3842, -25.5122], [-48.3819, -25.4969], [-48.3342, -25.4992]]], [[[-45.1589, -23.7941], [-45.1425, -23.7911], [-45.1146, -23.8039], [-45.1491, -23.8166], [-45.1589, -23.7941]]], [[[-40.2923, -20.2838], [-40.2989, -20.3075], [-40.3562, -20.3157], [-40.3335, -20.2762], [-40.2923, -20.2838]]], [[[-49.6555, -1.8046], [-49.5513, -1.7906], [-49.5504, -1.8208], [-49.6657, -1.852], [-49.6555, -1.8046]]], [[[-57.1447, 5.8025], [-57.1562, 5.7403], [-57.1494, 5.694], [-57.1738, 5.7433], [-57.1447, 5.8025]]], [[[-58.5222, 6.8624], [-58.4881, 6.8786], [-58.5661, 6.7159], [-58.5634, 6.7939], [-58.5222, 6.8624]]], [[[-58.4478, 7.0228], [-58.4104, 7.004], [-58.5021, 6.9019], [-58.4478, 7.0228]]]]}}, {"type": "Feature", "properties": {"layer": "country"}, "geometry": {"type": "LineString", "coordinates": [[-58.2001, -32.4471], [-58.2067, -32.487], [-58.1616, -32.7822], [-58.111, -32.8755], [-58.0999, -32.9873], [-58.1099, -33.0419], [-58.1533, -33.0877], [-58.3643, -33.1065], [-58.3829, -33.1213], [-58.397, -33.2005], [-58.3804, -33.2876], [-58.4515, -33.4013], [-58.4513, -33.4801], [-58.4835, -33.5881], [-58.4612, -33.8004], [-58.4251, -33.9183]]}}, {"type": "Feature", "properties": {"layer": "country"}, "geometry": {"type": "MultiLineString", "coordinates": [[[-54.2112, 3.1274], [-54.1766, 3.2006], [-54.0802, 3.3097]], [[-54.5512, 2.3381], [-54.5203, 2.3489], [-54.4934, 2.4171], [-54.4235, 2.4359], [-54.3756, 2.4838], [-54.2853, 2.678], [-54.1702, 2.8531], [-54.1913, 2.8773], [-54.163, 2.956], [-54.1851, 2.9978], [-54.1692, 3.0107], [-54.1907, 3.0591], [-54.1747, 3.0939], [-54.188, 3.131]], [[-54.188, 3.131], [-54.2112, 3.1274]], [[-54.5848, 2.3483], [-54.5512, 2.3381]], [[-54.6153, 2.3263], [-54.5848, 2.3483]]]}}, {"type": "Feature", "properties": {"layer": "country"}, "geometry": {"type": "MultiLineString", "coordinates": [[[-57.2649, 3.1326], [-57.286, 3.1424], [-57.2749, 3.169], [-57.2925, 3.2763], [-57.2805, 3.3298], [-57.3084, 3.3949]], [[-57.3084, 3.3949], [-57.3668, 3.3656]], [[-57.3668, 3.3656], [-57.425, 3.3875]], [[-57.425, 3.3875], [-57.4309, 3.3606], [-57.4763, 3.3389]], [[-57.4763, 3.3389], [-57.5353, 3.3678]], [[-57.5353, 3.3678], [-57.5542, 3.3467]], [[-57.5542, 3.3467], [-57.5964, 3.3672]], [[-57.2092, 3.0241], [-57.2222, 3.0783], [-57.2486, 3.1124], [-57.2395, 3.1479]], [[-57.2395, 3.1479], [-57.2649, 3.1326]], [[-57.2232, 3.0248], [-57.2092, 3.0241]], [[-57.1746, 2.819], [-57.2023, 2.8462], [-57.2196, 2.9083], [-57.1838, 2.9447], [-57.1886, 2.9595], [-57.2346, 2.9704], [-57.2232, 3.0248]], [[-57.1371, 2.7711], [-57.1334, 2.8326]], [[-57.1334, 2.8326], [-57.1746, 2.819]], [[-57.048, 2.6365], [-57.1029, 2.7405], [-57.0899, 2.7739], [-57.0995, 2.7786]], [[-57.0995, 2.7786], [-57.1371, 2.7711]], [[-56.9941, 2.5049], [-56.9971, 2.5551], [-57.0272, 2.5936], [-57.0272, 2.6482]], [[-57.0272, 2.6482], [-57.048, 2.6365]], [[-56.4818, 1.9416], [-56.5, 1.97], [-56.5798, 2.0168], [-56.7052, 2.0296], [-56.8015, 2.166], [-56.8262, 2.2617], [-56.8801, 2.2948], [-56.895, 2.3621], [-56.9308, 2.3933], [-56.9596, 2.5247]], [[-56.9596, 2.5247], [-56.9941, 2.5049]]]}}, {"type": "Feature", "properties": {"layer": "country"}, "geometry": {"type": "LineString", "coordinates": [[-57.511, -30.2767], [-57.5675, -30.2563], [-57.6028, -30.1905]]}}, {"type": "Feature", "properties": {"layer": "country"}, "geometry": {"type": "MultiLineString", "coordinates": [[[-60.0, 4.967], [-59.9815, 5.0574], [-59.9831, 5.0859], [-60.0, 5.0945]], [[-59.9146, 4.4744], [-59.9647, 4.5065]], [[-59.9647, 4.5065], [-59.9846, 4.4888]], [[-59.9846, 4.4888], [-60.0, 4.4918]], [[-59.8632, 4.4607], [-59.8858, 4.4847]], [[-59.8858, 4.4847], [-59.9146, 4.4744]], [[-59.59, 3.9667], [-59.5954, 3.9964], [-59.6633, 4.0797], [-59.6462, 4.134], [-59.7267, 4.1765], [-59.7385, 4.2028], [-59.7245, 4.2641], [-59.7385, 4.2866], [-59.6936, 4.3407], [-59.6867, 4.3812], [-59.8096, 4.4657]], [[-59.8096, 4.4657], [-59.8262, 4.4546]], [[-59.8262, 4.4546], [-59.8524, 4.4608]], [[-59.8524, 4.4608], [-59.8632, 4.4607]], [[-59.8414, 3.4254], [-59.8214, 3.4844], [-59.863, 3.5524], [-59.8629, 3.5817], [-59.8377, 3.6093], [-59.7555, 3.6381], [-59.6862, 3.6902], [-59.6718, 3.7562], [-59.5986, 3.8024], [-59.5963, 3.8759], [-59.5277, 3.9395], [-59.5368, 3.9577], [-59.5804, 3.9671]], [[-59.5804, 3.9671], [-59.59, 3.9667]], [[-59.7375, 1.8508], [-59.7588, 1.8621], [-59.7651, 1.9046], [-59.7371, 2.0304], [-59.753, 2.0755], [-59.7354, 2.1135], [-59.7417, 2.2638], [-59.9031, 2.3596], [-59.9068, 2.4588], [-59.9407, 2.563], [-59.971, 2.5926], [-59.965, 2.6134], [-60.0, 2.6936]], [[-60.0, 2.6961], [-59.9692, 3.0427], [-59.9116, 3.1264], [-59.9216, 3.1501], [-59.9032, 3.1587], [-59.9167, 3.1942], [-59.8432, 3.349], [-59.8218, 3.3566], [-59.824, 3.4317]], [[-59.824, 3.4317], [-59.8414, 3.4254]], [[-56.9769, 1.9146], [-57.0375, 1.9324], [-57.1045, 2.0215]], [[-57.1045, 2.0215], [-57.2384, 1.9485]], [[-57.2384, 1.9485], [-57.3194, 1.9771]], [[-57.3194, 1.9771], [-57.4295, 1.9003], [-57.4648, 1.8157], [-57.5313, 1.7315], [-57.5612, 1.709], [-57.6386, 1.6962]], [[-56.4818, 1.9416], [-56.5749, 1.9055]], [[-56.5749, 1.9055], [-56.6396, 1.9369]], [[-56.6396, 1.9369], [-56.684, 1.9121]], [[-56.7927, 1.8735], [-56.8776, 1.8856], [-56.9435, 1.9183]], [[-56.9435, 1.9183], [-56.9769, 1.9146]], [[-56.684, 1.9121], [-56.7242, 1.9161]], [[-56.7242, 1.9161], [-56.7927, 1.8735]], [[-59.6555, 1.8397], [-59.7172, 1.8581]], [[-59.7172, 1.8581], [-59.7375, 1.8508]], [[-59.6282, 1.7188], [-59.6825, 1.7656], [-59.6491, 1.8414]], [[-59.6491, 1.8414], [-59.6555, 1.8397]], [[-59.368, 1.5204], [-59.4168, 1.5553], [-59.5307, 1.7031], [-59.5727, 1.7272]], [[-59.5727, 1.7272], [-59.6282, 1.7188]], [[-57.6386, 1.6962], [-57.7588, 1.7135]], [[-57.7588, 1.7135], [-57.9222, 1.6425]], [[-57.9222, 1.6425], [-57.985, 1.6577]], [[-57.985, 1.6577], [-57.987, 1.5868], [-58.0112, 1.5362], [-58.0272, 1.5169], [-58.0691, 1.509]], [[-58.2197, 1.5561], [-58.282, 1.5666], [-58.3205, 1.6012]], [[-58.3205, 1.6012], [-58.3514, 1.5533], [-58.3903, 1.5308], [-58.3864, 1.4902], [-58.4989, 1.4574], [-58.5137, 1.4389], [-58.4811, 1.3339], [-58.5271, 1.2668]], [[-58.0691, 1.509], [-58.1486, 1.5191], [-58.1873, 1.5676]], [[-58.1873, 1.5676], [-58.2197, 1.5561]], [[-58.834, 1.1858], [-58.8979, 1.2178], [-58.9275, 1.2842], [-58.9665, 1.3102], [-59.2599, 1.3874], [-59.3477, 1.526]], [[-59.3477, 1.526], [-59.368, 1.5204]], [[-58.5271, 1.2668], [-58.557, 1.2869]], [[-58.557, 1.2869], [-58.5805, 1.2727]], [[-58.5805, 1.2727], [-58.6826, 1.2825]], [[-58.6826, 1.2825], [-58.7092, 1.2723], [-58.7719, 1.2013], [-58.834, 1.1858]]]}}, {"type": "Feature", "properties": {"layer": "country"}, "geometry": {"type": "MultiLineString", "coordinates": [[[-54.8419, 2.4335], [-54.8803, 2.4473], [-54.9786, 2.5431], [-54.9591, 2.609]], [[-54.9591, 2.609], [-55.0177, 2.5906], [-55.1209, 2.5248]], [[-55.1209, 2.5248], [-55.1366, 2.5338], [-55.1378, 2.5622]], [[-55.1378, 2.5622], [-55.172, 2.5593], [-55.2519, 2.4979]], [[-55.7243, 2.3969], [-55.7546, 2.4094], [-55.7736, 2.4401], [-55.8538, 2.4626], [-55.925, 2.5157], [-55.971, 2.5303]], [[-55.971, 2.5303], [-55.9969, 2.5033], [-56.0133, 2.3988], [-56.0622, 2.3416]], [[-55.2519, 2.4979], [-55.3028, 2.5197]], [[-55.3028, 2.5197], [-55.3378, 2.5113], [-55.3711, 2.4425], [-55.3996, 2.4302]], [[-54.702, 2.3957], [-54.7032, 2.4458], [-54.743, 2.4665]], [[-54.743, 2.4665], [-54.8419, 2.4335]], [[-55.3996, 2.4302], [-55.5113, 2.4364]], [[-55.5113, 2.4364], [-55.5682, 2.4313]], [[-55.5682, 2.4313], [-55.6083, 2.434]], [[-55.6083, 2.434], [-55.7243, 2.3969]], [[-54.7073, 2.3959], [-54.702, 2.3957]], [[-54.6729, 2.316], [-54.7041, 2.3248], [-54.7073, 2.3959]], [[-56.0622, 2.3416], [-56.0915, 2.3519]], [[-56.0915, 2.3519], [-56.1168, 2.3331], [-56.1468, 2.2562], [-56.0729, 2.2415], [-56.054, 2.2241], [-56.0313, 2.1635], [-55.9151, 2.0377], [-55.922, 1.8862], [-55.9538, 1.8533], [-56.0197, 1.8335]], [[-54.6153, 2.3263], [-54.6729, 2.316]], [[-56.4152, 1.9197], [-56.4818, 1.9416]], [[-56.2579, 1.8856], [-56.3672, 1.9289]], [[-56.3672, 1.9289], [-56.4152, 1.9197]], [[-56.0197, 1.8335], [-56.2098, 1.8885]], [[-56.2098, 1.8885], [-56.2579, 1.8856]]]}}, {"type": "Feature", "properties": {"layer": "country"}, "geometry": {"type": "MultiLineString", "coordinates": [[[-51.9558, 3.7244], [-51.9401, 3.734], [-51.9387, 3.7736], [-51.8997, 3.7967], [-51.8186, 3.8911], [-51.7832, 3.9809], [-51.6832, 4.0394]], [[-51.9633, 3.7255], [-51.9558, 3.7244]], [[-52.2512, 3.2431], [-52.0928, 3.4814], [-52.0936, 3.5069], [-52.066, 3.5289], [-52.0128, 3.6191], [-51.9884, 3.7046], [-51.9633, 3.7255]], [[-52.267, 3.2449], [-52.2512, 3.2431]], [[-52.9231, 2.1937], [-52.8627, 2.2742], [-52.6906, 2.373], [-52.5904, 2.5047], [-52.5519, 2.5866], [-52.5758, 2.6337], [-52.543, 2.6515], [-52.4553, 2.865], [-52.4093, 2.8973], [-52.4222, 2.9275], [-52.3516, 3.066], [-52.3553, 3.1516], [-52.267, 3.2449]], [[-53.7648, 2.3687], [-53.7374, 2.3491], [-53.7422, 2.3085], [-53.5318, 2.247]], [[-53.9012, 2.2645], [-53.8668, 2.3049], [-53.8309, 2.3101], [-53.801, 2.3538], [-53.7648, 2.3687]], [[-53.3441, 2.3496], [-53.2342, 2.251], [-53.2722, 2.22], [-53.2685, 2.1957]], [[-53.5318, 2.247], [-53.4621, 2.259], [-53.3785, 2.3076], [-53.3441, 2.3496]], [[-54.6153, 2.3263], [-54.5443, 2.3002], [-54.5264, 2.2827], [-54.5491, 2.2794], [-54.5458, 2.2686], [-54.4927, 2.2227], [-54.3878, 2.1963]], [[-53.9329, 2.2696], [-53.9012, 2.2645]], [[-54.028, 2.1786], [-53.9461, 2.222], [-53.9329, 2.2696]], [[-53.1134, 2.2193], [-53.0612, 2.1863], [-52.9809, 2.1733]], [[-53.2685, 2.1957], [-53.1134, 2.2193]], [[-54.3805, 2.1977], [-54.3229, 2.1573], [-54.2638, 2.1482]], [[-54.3878, 2.1963], [-54.3805, 2.1977]], [[-52.9341, 2.1964], [-52.9231, 2.1937]], [[-52.9809, 2.1733], [-52.9341, 2.1964]], [[-54.0485, 2.1888], [-54.028, 2.1786]], [[-54.1349, 2.1107], [-54.0984, 2.128], [-54.0767, 2.1837], [-54.0485, 2.1888]], [[-54.1945, 2.1631], [-54.1349, 2.1107]], [[-54.2638, 2.1482], [-54.1945, 2.1631]]]}}, {"type": "Feature", "properties": {"layer": "country"}, "geometry": {"type": "MultiLineString", "coordinates": [[[-57.3317, 5.3076], [-57.3323, 5.3279], [-57.2652, 5.4034], [-57.2477, 5.4849]], [[-57.2983, 5.311], [-57.3084, 5.3135]], [[-57.3084, 5.3135], [-57.3317, 5.3076]], [[-57.2717, 5.2229], [-57.2855, 5.2308], [-57.292, 5.3113]], [[-57.292, 5.3113], [-57.2983, 5.311]], [[-57.2333, 5.1421], [-57.1849, 5.1831], [-57.2476, 5.2718]], [[-57.2476, 5.2718], [-57.2674, 5.2663], [-57.2538, 5.2349], [-57.2717, 5.2229]], [[-57.2777, 5.1769], [-57.2473, 5.1724], [-57.2333, 5.1421]], [[-57.2905, 5.0203], [-57.2805, 5.0261], [-57.3214, 5.0702], [-57.2777, 5.1769]], [[-57.3152, 5.0261], [-57.2905, 5.0203]], [[-57.4903, 4.9914], [-57.3152, 5.0261]], [[-57.5176, 5.0124], [-57.4903, 4.9914]], [[-57.6101, 4.9914], [-57.5176, 5.0124]], [[-57.6494, 5.0084], [-57.6101, 4.9914]], [[-57.7985, 4.9231], [-57.7623, 4.9355], [-57.7205, 4.9898], [-57.6494, 5.0084]], [[-57.8302, 4.9331], [-57.7985, 4.9231]], [[-57.5964, 3.3672], [-57.6499, 3.3859], [-57.6625, 3.4071], [-57.644, 3.5167], [-57.7029, 3.5557], [-57.7261, 3.6072], [-57.8298, 3.6624], [-57.8751, 3.8122], [-57.9421, 3.9054], [-58.0321, 3.9877], [-58.0677, 4.1511], [-58.052, 4.1931], [-57.9538, 4.299], [-57.9527, 4.4097], [-57.9219, 4.4509], [-57.8374, 4.6509], [-57.8845, 4.7629], [-57.9254, 4.7961], [-57.9185, 4.8298], [-57.8302, 4.9331]]]}}, {"type": "Feature", "properties": {"layer": "country"}, "geometry": {"type": "MultiLineString", "coordinates": [[[-54.218, 3.8576], [-54.3539, 4.0417], [-54.3386, 4.1523], [-54.4066, 4.1915], [-54.3941, 4.2698], [-54.4334, 4.3764], [-54.4508, 4.4842], [-54.4235, 4.6043], [-54.4355, 4.7094], [-54.4787, 4.7552], [-54.4867, 4.903], [-54.4508, 4.9367], [-54.4486, 5.0243], [-54.3436, 5.1564], [-54.3113, 5.2258], [-54.171, 5.3484]], [[-54.0501, 3.6345], [-54.0944, 3.7471], [-54.1255, 3.7887], [-54.1874, 3.8147], [-54.2145, 3.8582]], [[-54.2145, 3.8582], [-54.218, 3.8576]], [[-54.0802, 3.3097], [-54.0557, 3.3777], [-54.003, 3.4554], [-54.0063, 3.531], [-53.9888, 3.611], [-54.0179, 3.6415]], [[-54.0179, 3.6415], [-54.0501, 3.6345]]]}}, {"type": "Feature", "properties": {"layer": "country"}, "geometry": {"type": "MultiLineString", "coordinates": [[[-58.3233, -24.9953], [-58.4508, -24.8617], [-58.6942, -24.812], [-58.7375, -24.7828], [-58.8092, -24.7768], [-59.0009, -24.6442], [-59.341, -24.4876], [-59.4659, -24.3536], [-59.54, -24.3088], [-59.6105, -24.2896], [-59.6736, -24.2254], [-60.0, -24.0274]], [[-58.124, -25.0129], [-58.2241, -24.9412]], [[-58.2241, -24.9412], [-58.3233, -24.9953]], [[-58.0321, -25.0451], [-58.1115, -25.0123]], [[-58.1115, -25.0123], [-58.124, -25.0129]], [[-57.6388, -25.6158], [-57.5753, -25.5644], [-57.5569, -25.4598], [-57.5653, -25.4304], [-57.6408, -25.3726], [-57.6715, -25.2901], [-57.7218, -25.2461], [-57.766, -25.1679], [-57.8707, -25.0853], [-57.9838, -25.0742], [-58.0098, -25.0425]], [[-58.0098, -25.0425], [-58.0321, -25.0451]], [[-54.6002, -25.5749], [-54.5834, -25.6448], [-54.5985, -25.6538]], [[-57.6681, -25.6123], [-57.6388, -25.6158]], [[-57.6982, -25.6536], [-57.679, -25.647], [-57.6681, -25.6123]], [[-54.5985, -25.6538], [-54.6337, -25.6521]], [[-54.6337, -25.6521], [-54.6431, -25.6879], [-54.6172, -25.7735], [-54.5879, -25.8108], [-54.6152, -25.8829], [-54.6064, -25.9466], [-54.6623, -25.9799], [-54.6425, -26.0628], [-54.6638, -26.1492], [-54.6383, -26.197], [-54.6643, -26.2362], [-54.6637, -26.3084], [-54.6977, -26.4282], [-54.7898, -26.5285], [-54.7849, -26.6228], [-54.8173, -26.6658]], [[-57.7087, -25.6529], [-57.6982, -25.6536]], [[-58.124, -26.2019], [-58.0865, -26.1272], [-57.9882, -26.0885], [-57.8597, -25.9943], [-57.8596, -25.9809], [-57.9058, -25.9686], [-57.8514, -25.9084], [-57.8754, -25.8761], [-57.8019, -25.8314], [-57.8206, -25.7783], [-57.7511, -25.7349], [-57.7404, -25.7221], [-57.7746, -25.7017], [-57.7413, -25.6619], [-57.7087, -25.6529]], [[-58.1513, -26.1814], [-58.124, -26.2019]], [[-58.1957, -26.6575], [-58.1786, -26.6507], [-58.1923, -26.6128], [-58.1649, -26.5923], [-58.2134, -26.5445], [-58.2059, -26.4794], [-58.1854, -26.4517], [-58.2131, -26.4186], [-58.1676, -26.335], [-58.17, -26.2703], [-58.106, -26.2395], [-58.1513, -26.1814]], [[-58.2323, -26.6486], [-58.1957, -26.6575]], [[-58.2593, -26.7645], [-58.2323, -26.6486]], [[-54.8173, -26.6658], [-54.835, -26.6544]], [[-54.835, -26.6544], [-54.9033, -26.6599], [-54.9753, -26.7878], [-55.0609, -26.8052], [-55.1258, -26.8636], [-55.1223, -26.9417], [-55.1616, -26.9573]], [[-58.2714, -26.7643], [-58.2593, -26.7645]], [[-58.2886, -26.8115], [-58.2748, -26.7984], [-58.2879, -26.7686], [-58.2714, -26.7643]], [[-58.3233, -26.8038], [-58.2886, -26.8115]], [[-58.5115, -27.0602], [-58.4666, -26.9759], [-58.4816, -26.9638], [-58.4755, -26.938], [-58.3158, -26.8741], [-58.3524, -26.8305], [-58.3233, -26.8038]], [[-55.1616, -26.9573], [-55.2806, -26.9343]], [[-55.2806, -26.9343], [-55.414, -26.9799], [-55.4428, -27.0155], [-55.4513, -27.0821], [-55.4864, -27.1001]], [[-58.536, -27.0362], [-58.5115, -27.0602]], [[-58.6042, -27.3163], [-58.6016, -27.2457], [-58.6524, -27.198], [-58.6533, -27.1563], [-58.6161, -27.1238], [-58.5655, -27.116], [-58.5597, -27.0634], [-58.536, -27.0362]], [[-55.4864, -27.1001], [-55.514, -27.0975]], [[-55.514, -27.0975], [-55.5338, -27.0994], [-55.5553, -27.1538], [-55.5983, -27.1675], [-55.5687, -27.246], [-55.5913, -27.3284], [-55.6817, -27.3794], [-55.7547, -27.4437]], [[-58.1288, -27.2697], [-58.2382, -27.257]], [[-58.2382, -27.257], [-58.5108, -27.2784], [-58.6042, -27.3163]], [[-57.4877, -27.4164], [-57.7094, -27.3298], [-58.0535, -27.259]], [[-58.0535, -27.259], [-58.1288, -27.2697]], [[-55.9848, -27.3323], [-56.1246, -27.2989]], [[-56.1246, -27.2989], [-56.2054, -27.3622], [-56.2798, -27.3896], [-56.297, -27.4809], [-56.3675, -27.5806], [-56.3997, -27.5868]], [[-55.7547, -27.4437], [-55.8542, -27.4012], [-55.8928, -27.3349], [-55.9131, -27.3278]], [[-55.9131, -27.3278], [-55.9848, -27.3323]], [[-57.109, -27.4906], [-57.1912, -27.4842], [-57.3604, -27.4034]], [[-57.3604, -27.4034], [-57.4877, -27.4164]], [[-56.7712, -27.5067], [-56.9044, -27.4187]], [[-56.9044, -27.4187], [-57.109, -27.4906]], [[-56.3997, -27.5868], [-56.4615, -27.5539], [-56.5464, -27.4551], [-56.613, -27.4464]], [[-56.613, -27.4464], [-56.7712, -27.5067]]]}}, {"type": "Feature", "properties": {"layer": "country"}, "geometry": {"type": "MultiLineString", "coordinates": [[[-57.8597, -19.9801], [-57.9179, -20.0342]], [[-57.9179, -20.0342], [-57.9592, -20.0262]], [[-57.9592, -20.0262], [-58.1036, -20.144], [-58.1588, -20.1651]]]}}, {"type": "Feature", "properties": {"layer": "country"}, "geometry": {"type": "MultiLineString", "coordinates": [[[-58.1588, -20.1651], [-58.1523, -20.1847]], [[-58.1441, -20.1835], [-58.1185, -20.2144], [-58.1627, -20.2432], [-58.137, -20.2744]], [[-58.1523, -20.1847], [-58.1441, -20.1835]], [[-58.1098, -20.2607], [-58.0903, -20.2817], [-58.0999, -20.3092], [-58.083, -20.3762], [-57.9894, -20.4331], [-58.0089, -20.5257], [-57.9731, -20.6512], [-57.9806, -20.6927], [-57.965, -20.711]], [[-58.137, -20.2744], [-58.1098, -20.2607]], [[-57.934, -20.6674], [-57.9043, -20.679], [-57.8577, -20.7399], [-57.9404, -20.7936], [-57.8877, -20.8059], [-57.8596, -20.8316], [-57.8571, -20.8497], [-57.9179, -20.8944], [-57.8981, -20.9148]], [[-57.965, -20.711], [-57.934, -20.6674]], [[-57.893, -20.9148], [-57.847, -20.956]], [[-57.8981, -20.9148], [-57.893, -20.9148]], [[-57.836, -20.9385], [-57.816, -20.9754], [-57.8525, -21.0378], [-57.8299, -21.127], [-57.834, -21.1738], [-57.8479, -21.2162], [-57.9043, -21.2749], [-57.8823, -21.3164], [-57.8556, -21.3307], [-57.9491, -21.5083], [-57.9398, -21.5482], [-57.9121, -21.564], [-57.9348, -21.6407], [-57.8956, -21.6884], [-57.939, -21.7553], [-57.9357, -21.8121], [-57.9559, -21.8511], [-57.9254, -21.905], [-57.9884, -22.049], [-57.9862, -22.0745], [-57.94, -22.1184], [-57.9063, -22.1289]], [[-57.847, -20.956], [-57.836, -20.9385]], [[-56.4218, -22.0745], [-56.3973, -22.0862], [-56.3473, -22.1804], [-56.2143, -22.2754], [-56.0247, -22.2874]], [[-56.6488, -22.2635], [-56.6547, -22.2373], [-56.585, -22.1905], [-56.5216, -22.0999], [-56.4218, -22.0745]], [[-57.6637, -22.1006], [-57.6272, -22.1651], [-57.5967, -22.181]], [[-57.6896, -22.1093], [-57.6637, -22.1006]], [[-57.7363, -22.1037], [-57.6896, -22.1093]], [[-57.7603, -22.1107], [-57.7363, -22.1037]], [[-57.7699, -22.1074], [-57.7603, -22.1107]], [[-57.7953, -22.131], [-57.7699, -22.1074]], [[-57.8714, -22.1212], [-57.8439, -22.1437]], [[-57.9063, -22.1289], [-57.8714, -22.1212]], [[-57.8158, -22.1283], [-57.7953, -22.131]], [[-57.8439, -22.1437], [-57.8158, -22.1283]], [[-57.5547, -22.1703], [-57.5112, -22.1888]], [[-57.5967, -22.181], [-57.5547, -22.1703]], [[-57.4725, -22.1803], [-57.3786, -22.2134]], [[-57.5112, -22.1888], [-57.4725, -22.1803]], [[-57.2138, -22.1882], [-57.19, -22.2136]], [[-57.2717, -22.2138], [-57.2138, -22.1882]], [[-57.3318, -22.2024], [-57.2717, -22.2138]], [[-57.3512, -22.2172], [-57.3318, -22.2024]], [[-57.1704, -22.2057], [-57.0792, -22.2386]], [[-57.19, -22.2136], [-57.1704, -22.2057]], [[-57.375, -22.2073], [-57.3512, -22.2172]], [[-57.3786, -22.2134], [-57.375, -22.2073]], [[-56.7154, -22.2154], [-56.6488, -22.2635]], [[-56.7435, -22.2504], [-56.7154, -22.2154]], [[-57.0595, -22.2327], [-57.0277, -22.2351]], [[-57.0792, -22.2386], [-57.0595, -22.2327]], [[-57.0112, -22.2338], [-56.9757, -22.2417]], [[-57.0277, -22.2351], [-57.0112, -22.2338]], [[-56.9646, -22.2349], [-56.9605, -22.2548]], [[-56.9757, -22.2417], [-56.9646, -22.2349]], [[-56.9037, -22.2369], [-56.8795, -22.29], [-56.8561, -22.2932]], [[-56.9148, -22.2629], [-56.9037, -22.2369]], [[-56.7544, -22.2426], [-56.7435, -22.2504]], [[-56.7946, -22.2525], [-56.7544, -22.2426]], [[-56.8083, -22.248], [-56.7946, -22.2525]], [[-56.8561, -22.2932], [-56.8083, -22.248]], [[-56.9521, -22.2536], [-56.9148, -22.2629]], [[-56.9605, -22.2548], [-56.9521, -22.2536]], [[-55.9986, -22.2772], [-55.8744, -22.3173]], [[-56.0247, -22.2874], [-55.9986, -22.2772]], [[-55.861, -22.2895], [-55.7602, -22.392], [-55.7413, -22.5372], [-55.7239, -22.5696], [-55.6237, -22.6387], [-55.6183, -22.7257], [-55.659, -22.8183], [-55.6343, -22.9328], [-55.6378, -23.0007], [-55.6007, -23.0445], [-55.5994, -23.1171], [-55.5609, -23.1459], [-55.5352, -23.2291], [-55.5622, -23.3079], [-55.5139, -23.3794], [-55.5425, -23.4658], [-55.5305, -23.6035], [-55.467, -23.6732], [-55.4453, -23.7354], [-55.4302, -23.9286], [-55.398, -23.9768], [-55.2727, -24.0005]], [[-55.8744, -22.3173], [-55.861, -22.2895]], [[-54.6392, -23.8044], [-54.4432, -23.8999], [-54.3676, -23.9847], [-54.2453, -24.0506], [-54.301, -24.0899], [-54.3346, -24.1489], [-54.3141, -24.2342], [-54.2611, -24.3295], [-54.2622, -24.3585], [-54.3345, -24.4967], [-54.3213, -24.6284], [-54.3711, -24.7667], [-54.4073, -24.8212], [-54.4623, -25.0372], [-54.4633, -25.0728], [-54.4266, -25.1495], [-54.4815, -25.2132], [-54.5036, -25.2787], [-54.598, -25.3975], [-54.6124, -25.4655], [-54.5915, -25.5247], [-54.6002, -25.5749]], [[-55.0423, -23.989], [-54.9436, -23.9692], [-54.8919, -23.9206], [-54.6968, -23.8452], [-54.6392, -23.8044]], [[-55.1056, -23.9885], [-55.0423, -23.989]], [[-55.2009, -24.0195], [-55.1056, -23.9885]], [[-55.2726, -24.0005], [-55.2724, -24.0006]], [[-55.2727, -24.0005], [-55.2726, -24.0005]], [[-55.2724, -24.0006], [-55.2009, -24.0195]], [[-55.2724, -24.0006], [-55.2724, -24.0006]]]}}, {"type": "Feature", "properties": {"layer": "country"}, "geometry": {"type": "MultiLineString", "coordinates": [[[-54.1164, -25.4946], [-54.1231, -25.5718], [-54.0896, -25.5974]], [[-54.1777, -25.5358], [-54.1164, -25.4946]], [[-54.2069, -25.5279], [-54.1777, -25.5358]], [[-54.2099, -25.5822], [-54.1903, -25.5808], [-54.2069, -25.5279]], [[-54.0827, -25.5501], [-54.0554, -25.5707]], [[-54.0896, -25.5974], [-54.0827, -25.5501]], [[-54.2992, -25.5527], [-54.2556, -25.5987]], [[-54.3601, -25.5843], [-54.2992, -25.5527]], [[-54.0302, -25.5622], [-53.985, -25.5893], [-53.9677, -25.6532]], [[-54.0554, -25.5707], [-54.0302, -25.5622]], [[-54.5601, -25.5702], [-54.5323, -25.6106]], [[-54.6002, -25.5749], [-54.5601, -25.5702]], [[-54.2351, -25.5767], [-54.2099, -25.5822]], [[-54.2556, -25.5987], [-54.2351, -25.5767]], [[-54.3862, -25.5771], [-54.3601, -25.5843]], [[-54.4473, -25.6892], [-54.4331, -25.6766], [-54.4374, -25.645], [-54.4051, -25.6198], [-54.3862, -25.5771]], [[-54.5114, -25.6062], [-54.473, -25.6258], [-54.4473, -25.6892]], [[-54.5323, -25.6106], [-54.5114, -25.6062]], [[-53.91, -25.6292], [-53.8765, -25.6979], [-53.8835, -25.7356], [-53.8404, -25.7914], [-53.8334, -25.9622], [-53.765, -26.0281], [-53.7334, -26.1264], [-53.6667, -26.2192], [-53.6732, -26.2926], [-53.7244, -26.3761], [-53.7129, -26.5005], [-53.7375, -26.5253], [-53.7282, -26.5519]], [[-53.9677, -25.6532], [-53.91, -25.6292]], [[-53.7268, -26.5486], [-53.7424, -26.6005], [-53.7395, -26.6756], [-53.7743, -26.7143], [-53.7479, -26.7391], [-53.7529, -26.7732], [-53.734, -26.7774], [-53.7125, -26.9045], [-53.7685, -27.0241], [-53.8009, -27.0391], [-53.8049, -27.0944], [-53.8287, -27.1144], [-53.8192, -27.1397], [-53.842, -27.1635]], [[-53.7282, -26.5519], [-53.7268, -26.5486]], [[-53.842, -27.1635], [-53.8822, -27.1199]], [[-53.8822, -27.1199], [-53.9095, -27.1683]], [[-53.9095, -27.1683], [-53.9509, -27.1478]], [[-53.9509, -27.1478], [-53.9641, -27.154], [-53.9618, -27.1914], [-53.9815, -27.1957]], [[-53.9815, -27.1957], [-53.9973, -27.1873]], [[-53.9973, -27.1873], [-54.0918, -27.2852], [-54.1282, -27.2889]], [[-54.1282, -27.2889], [-54.1581, -27.2795], [-54.1559, -27.2577], [-54.177, -27.2434]], [[-54.177, -27.2434], [-54.2318, -27.3515], [-54.2316, -27.3805], [-54.2613, -27.3887], [-54.2869, -27.4284], [-54.3069, -27.4289]], [[-54.3069, -27.4289], [-54.3477, -27.3943]], [[-54.3477, -27.3943], [-54.3477, -27.4358], [-54.3716, -27.4544]], [[-54.3716, -27.4544], [-54.3787, -27.4227], [-54.4042, -27.4074]], [[-54.4042, -27.4074], [-54.4608, -27.4126], [-54.4484, -27.4589], [-54.5335, -27.4874]], [[-54.5335, -27.4874], [-54.5838, -27.4521]], [[-54.5838, -27.4521], [-54.6395, -27.5268]], [[-54.6395, -27.5268], [-54.6595, -27.5028]], [[-54.6595, -27.5028], [-54.6772, -27.5418], [-54.6997, -27.553]], [[-54.7739, -27.5638], [-54.7937, -27.5492], [-54.7922, -27.5232]], [[-54.7922, -27.5232], [-54.8275, -27.5451], [-54.8451, -27.6119], [-54.8654, -27.6208]], [[-54.6997, -27.553], [-54.722, -27.551]], [[-54.722, -27.551], [-54.7739, -27.5638]], [[-54.8654, -27.6208], [-54.8898, -27.6206]], [[-54.8898, -27.6206], [-54.9132, -27.7369], [-55.0091, -27.7884]], [[-55.0091, -27.7884], [-55.0643, -27.771]], [[-55.0643, -27.771], [-55.0812, -27.7783], [-55.0258, -27.8402], [-55.0458, -27.8507]], [[-55.0458, -27.8507], [-55.0677, -27.8393]], [[-55.0677, -27.8393], [-55.1087, -27.8468], [-55.1192, -27.8809]], [[-55.1192, -27.8809], [-55.1776, -27.8536]], [[-55.1776, -27.8536], [-55.2701, -27.9224]], [[-55.2701, -27.9224], [-55.3018, -27.914]], [[-55.3018, -27.914], [-55.3299, -27.9281], [-55.3379, -27.9631], [-55.3809, -27.9782], [-55.3834, -28.0142], [-55.4407, -28.0789], [-55.4755, -28.0863]], [[-55.4755, -28.0863], [-55.493, -28.0739]], [[-55.493, -28.0739], [-55.5649, -28.1477]], [[-55.5649, -28.1477], [-55.5816, -28.1211], [-55.6047, -28.1169]], [[-55.6047, -28.1169], [-55.6841, -28.1962], [-55.7725, -28.232], [-55.7666, -28.2576], [-55.6872, -28.2901], [-55.6636, -28.3265], [-55.6841, -28.388], [-55.7057, -28.4077]], [[-55.7057, -28.4077], [-55.7346, -28.3659], [-55.8423, -28.3464]], [[-55.8423, -28.3464], [-55.9056, -28.378], [-55.902, -28.4651], [-56.0116, -28.4966], [-56.0219, -28.5857], [-56.0408, -28.609], [-56.103, -28.6481], [-56.1847, -28.7442], [-56.2861, -28.7802], [-56.301, -28.8814], [-56.3231, -28.9165], [-56.3916, -28.9522], [-56.428, -29.0699], [-56.5483, -29.11], [-56.6173, -29.1609], [-56.6507, -29.2091], [-56.6505, -29.2513], [-56.6887, -29.3296], [-56.7699, -29.3791], [-56.819, -29.475], [-56.9658, -29.6009], [-57.0209, -29.6834], [-57.1129, -29.766], [-57.2196, -29.7783], [-57.2915, -29.8151], [-57.3085, -29.8485], [-57.3252, -29.981], [-57.4115, -30.0396], [-57.5062, -30.1443], [-57.6117, -30.183]]]}}, {"type": "Feature", "properties": {"layer": "country"}, "geometry": {"type": "LineString", "coordinates": [[-57.6117, -30.183], [-57.6424, -30.1931]]}}, {"type": "Feature", "properties": {"layer": "country"}, "geometry": {"type": "MultiLineString", "coordinates": [[[-59.0895, -19.2867], [-58.1753, -19.8214], [-58.1418, -20.0009], [-58.1588, -20.1651]], [[-60.0, -19.298], [-59.0895, -19.2867]]]}}, {"type": "Feature", "properties": {"layer": "country"}, "geometry": {"type": "MultiLineString", "coordinates": [[[-60.0, -16.2776], [-58.4647, -16.3313]], [[-58.3929, -16.2794], [-58.3396, -16.2893], [-58.3345, -16.3866], [-58.3636, -16.4367], [-58.3427, -16.4732], [-58.3561, -16.5095], [-58.4559, -16.6191], [-58.4803, -16.6837], [-58.4529, -16.8413], [-58.4663, -16.8873], [-58.4063, -17.1101], [-58.3991, -17.2374], [-58.3812, -17.2672], [-58.2316, -17.3297], [-58.2041, -17.3774], [-58.1522, -17.3964], [-58.0102, -17.4968], [-57.9057, -17.5203]], [[-58.4647, -16.3313], [-58.4216, -16.3184], [-58.3929, -16.2794]], [[-57.8541, -17.5085], [-57.8144, -17.5197], [-57.7908, -17.5558], [-57.7859, -17.6775], [-57.7245, -17.7366], [-57.733, -17.7685], [-57.6968, -17.8251], [-57.6988, -17.8431], [-57.7301, -17.8461], [-57.5511, -18.1836], [-57.5112, -18.2056]], [[-57.9057, -17.5203], [-57.8541, -17.5085]], [[-57.4907, -18.2056], [-57.4657, -18.2177], [-57.4668, -18.2396], [-57.5357, -18.2405], [-57.5667, -18.2561], [-57.7823, -18.9104], [-57.7318, -18.922], [-57.7158, -19.0446], [-57.789, -19.0592], [-58.1246, -19.7299], [-58.1169, -19.758], [-57.8597, -19.9801]], [[-57.5112, -18.2056], [-57.4907, -18.2056]]]}}, {"type": "Feature", "properties": {"layer": "country"}, "geometry": {"type": "LineString", "coordinates": [[-57.6424, -30.1931], [-57.6237, -30.2581], [-57.6527, -30.3291], [-57.8496, -30.4853], [-57.8898, -30.5508], [-57.8858, -30.5899], [-57.8262, -30.6897], [-57.8019, -30.7733], [-57.7961, -30.8684], [-57.8196, -30.9116]]}}, {"type": "Feature", "properties": {"layer": "country"}, "geometry": {"type": "LineString", "coordinates": [[-57.8196, -30.9116], [-57.904, -30.9297], [-57.9117, -30.9474], [-57.8633, -31.0123], [-57.8552, -31.059], [-57.9117, -31.1706], [-57.9051, -31.241], [-57.9664, -31.3146], [-57.9902, -31.3993], [-58.0626, -31.4443], [-58.0752, -31.4752], [-57.9868, -31.5541], [-57.9886, -31.6428], [-58.0593, -31.8115], [-58.1529, -31.836], [-58.2026, -31.8931], [-58.1588, -31.9439], [-58.1453, -32.0179], [-58.1588, -32.1016], [-58.1865, -32.1529], [-58.0965, -32.281], [-58.1016, -32.3114], [-58.2001, -32.4471]]}}, {"type": "Feature", "properties": {"layer": "country"}, "geometry": {"type": "LineString", "coordinates": [[-57.6028, -30.1905], [-57.6117, -30.183]]}}, {"type": "Feature", "properties": {"layer": "country"}, "geometry": {"type": "LineString", "coordinates": [[-56.0114, -31.0821], [-56.0222, -31.0671], [-56.0155, -30.9343], [-55.989, -30.8556]]}}, {"type": "Feature", "properties": {"layer": "country"}, "geometry": {"type": "LineString", "coordinates": [[-55.989, -30.8556], [-56.0114, -30.7982], [-56.0769, -30.7523], [-56.2151, -30.5819], [-56.3726, -30.4859], [-56.4413, -30.4088], [-56.5956, -30.2954]]}}, {"type": "Feature", "properties": {"layer": "country"}, "geometry": {"type": "LineString", "coordinates": [[-55.7127, -30.9434], [-55.7449, -30.9586], [-55.7636, -31.0084], [-55.8165, -31.0426]]}}, {"type": "Feature", "properties": {"layer": "country"}, "geometry": {"type": "LineString", "coordinates": [[-55.8165, -31.0426], [-55.8546, -31.0746], [-55.9193, -31.0824]]}}, {"type": "Feature", "properties": {"layer": "country"}, "geometry": {"type": "LineString", "coordinates": [[-56.5956, -30.2954], [-56.6313, -30.2847], [-56.6326, -30.2475], [-56.6568, -30.2213], [-56.767, -30.1614], [-56.8313, -30.102], [-56.9545, -30.0969], [-57.0379, -30.1146], [-57.0771, -30.1061], [-57.1023, -30.1212], [-57.1508, -30.1823], [-57.1638, -30.2393], [-57.2126, -30.2873], [-57.2451, -30.2933], [-57.2704, -30.2752], [-57.2965, -30.2933], [-57.3538, -30.2719], [-57.3993, -30.2991], [-57.4431, -30.2695], [-57.511, -30.2767]]}}, {"type": "Feature", "properties": {"layer": "country"}, "geometry": {"type": "LineString", "coordinates": [[-55.9193, -31.0824], [-56.0114, -31.0821]]}}, {"type": "Feature", "properties": {"layer": "country"}, "geometry": {"type": "LineString", "coordinates": [[-53.3791, -33.7407], [-53.4113, -33.7423], [-53.4567, -33.6875], [-53.5115, -33.6903], [-53.5396, -33.6493], [-53.514, -33.3949], [-53.5369, -33.1708], [-53.5115, -33.0992], [-53.4833, -33.0673], [-53.3273, -32.9736], [-53.2988, -32.8891], [-53.1269, -32.7548], [-53.1108, -32.7224], [-53.1198, -32.7074], [-53.2015, -32.6372], [-53.4156, -32.5642], [-53.5613, -32.4495], [-53.6439, -32.3556], [-53.6586, -32.2543], [-53.7214, -32.1624], [-53.7573, -32.055], [-53.8581, -32.0212], [-53.9058, -31.9593], [-54.0087, -31.9265], [-54.0497, -31.8871], [-54.0885, -31.8782], [-54.1463, -31.9099], [-54.2742, -31.8234], [-54.4637, -31.6719], [-54.495, -31.5656], [-54.5624, -31.5159], [-54.6045, -31.4598], [-54.8499, -31.4251], [-54.9696, -31.3408], [-55.0294, -31.2688], [-55.0873, -31.3268], [-55.2443, -31.2446], [-55.2937, -31.1537], [-55.338, -31.1256], [-55.3686, -31.0374], [-55.5919, -30.8483], [-55.6497, -30.861], [-55.6527, -30.939], [-55.6658, -30.9493], [-55.7127, -30.9434]]}}, {"type": "Feature", "properties": {"layer": "country"}, "geometry": {"type": "LineString", "coordinates": [[-57.6425, -30.1931], [-57.6028, -30.1905]]}}, {"type": "Feature", "properties": {"layer": "state"}, "geometry": {"type": "LineString", "coordinates": [[-35.1483, -8.9136], [-35.1483, -8.9136]]}}, {"type": "Feature", "properties": {"layer": "state"}, "geometry": {"type": "LineString", "coordinates": [[-37.4827, -11.5183], [-37.4828, -11.5183]]}}, {"type": "Feature", "properties": {"layer": "state"}, "geometry": {"type": "LineString", "coordinates": [[-48.5827, -25.9809], [-48.5827, -25.9809]]}}, {"type": "Feature", "properties": {"layer": "state"}, "geometry": {"type": "LineString", "coordinates": [[-40.9651, -21.274], [-40.9651, -21.274]]}}, {"type": "Feature", "properties": {"layer": "state"}, "geometry": {"type": "LineString", "coordinates": [[-51.9056, -1.1571], [-51.9055, -1.1571]]}}, {"type": "Feature", "properties": {"layer": "state"}, "geometry": {"type": "LineString", "coordinates": [[-48.0821, -25.3073], [-48.0821, -25.3073]]}}, {"type": "Feature", "properties": {"layer": "state"}, "geometry": {"type": "MultiLineString", "coordinates": [[[-35.4876, -8.8326], [-35.4623, -8.8575], [-35.392, -8.8836], [-35.2036, -8.9032]], [[-35.7216, -8.9203], [-35.6107, -8.8639], [-35.4876, -8.8326]], [[-37.7579, -8.8592], [-37.699, -8.9288], [-37.6819, -8.9777], [-37.6586, -8.9892]], [[-38.2352, -9.3304], [-38.1526, -9.2668], [-38.1018, -9.1927], [-37.9682, -9.1425], [-37.8207, -8.9918], [-37.8079, -8.894], [-37.7579, -8.8592]], [[-35.8141, -8.8696], [-35.7863, -8.8995], [-35.7216, -8.9203]], [[-35.9719, -8.9074], [-35.9102, -8.8821], [-35.8141, -8.8696]], [[-35.9957, -8.8907], [-35.9719, -8.9074]], [[-36.5902, -9.297], [-36.4513, -9.2125], [-36.3458, -9.201], [-36.2645, -9.142], [-36.2374, -9.0866], [-36.1218, -9.015], [-36.1113, -9.0016], [-36.1207, -8.9696], [-35.9957, -8.8907]], [[-35.1741, -8.9017], [-35.1483, -8.9136]], [[-35.2036, -8.9032], [-35.1741, -8.9017]], [[-37.5373, -8.9417], [-37.5191, -8.9437], [-37.4725, -9.0052], [-37.3926, -9.0425], [-37.1816, -9.2418], [-37.1257, -9.2712], [-37.0241, -9.2923], [-36.9385, -9.3558]], [[-37.6586, -8.9892], [-37.5373, -8.9417]], [[-36.831, -9.264], [-36.5902, -9.297]], [[-36.9385, -9.3558], [-36.903, -9.2908], [-36.831, -9.264]]]}}, {"type": "Feature", "properties": {"layer": "state"}, "geometry": {"type": "MultiLineString", "coordinates": [[[-39.0735, -7.854], [-39.1151, -7.7451], [-39.2631, -7.6702], [-39.3082, -7.6232], [-39.3453, -7.5511], [-39.5294, -7.4783], [-39.6542, -7.3733], [-39.8475, -7.3491]], [[-39.8475, -7.3491], [-39.9295, -7.3561], [-40.0636, -7.4074], [-40.1509, -7.4179]], [[-40.2944, -7.3938], [-40.5377, -7.3902]], [[-40.1509, -7.4179], [-40.2829, -7.3916]], [[-40.2829, -7.3916], [-40.2944, -7.3938]], [[-38.6971, -7.6202], [-38.7575, -7.66]], [[-38.7575, -7.66], [-38.7796, -7.6554]], [[-38.7796, -7.6554], [-38.8188, -7.6661], [-38.8399, -7.7161]], [[-38.8399, -7.7161], [-38.8549, -7.7043]], [[-38.8549, -7.7043], [-38.9071, -7.7521], [-38.9743, -7.8508]], [[-38.9743, -7.8508], [-38.9982, -7.8211]], [[-38.9982, -7.8211], [-39.0735, -7.854]]]}}, {"type": "Feature", "properties": {"layer": "state"}, "geometry": {"type": "MultiLineString", "coordinates": [[[-37.0589, -7.3902], [-37.2544, -7.2698]], [[-37.2544, -7.2698], [-37.3526, -7.3002], [-37.3768, -7.3455], [-37.4129, -7.3645]], [[-37.4129, -7.3645], [-37.4316, -7.346]], [[-37.4316, -7.346], [-37.4816, -7.3675], [-37.4903, -7.4014], [-37.5479, -7.4752], [-37.7123, -7.5521], [-37.7768, -7.6282], [-37.8869, -7.6742], [-37.9323, -7.7467], [-37.9779, -7.773]], [[-35.1552, -7.4039], [-35.2541, -7.3808]], [[-35.2541, -7.3808], [-35.3074, -7.395], [-35.3993, -7.4664]], [[-37.3261, -8.0027], [-37.3472, -7.9917], [-37.3388, -7.963], [-37.2875, -7.9244], [-37.2286, -7.8189], [-37.1683, -7.7749], [-37.2143, -7.6468], [-37.197, -7.5731], [-36.9944, -7.4897], [-37.0173, -7.4026], [-37.0423, -7.3872]], [[-37.0423, -7.3872], [-37.0589, -7.3902]], [[-34.8933, -7.5429], [-34.9842, -7.5072], [-35.0, -7.4655], [-35.0423, -7.4242], [-35.1129, -7.3956]], [[-35.1129, -7.3956], [-35.1552, -7.4039]], [[-35.3993, -7.4664], [-35.4836, -7.452]], [[-35.4836, -7.452], [-35.5116, -7.4833], [-35.556, -7.6539], [-35.6804, -7.7139]], [[-38.6785, -7.6247], [-38.6971, -7.6202]], [[-38.614, -7.6935], [-38.6449, -7.6756], [-38.6628, -7.6214]], [[-38.6628, -7.6214], [-38.6785, -7.6247]], [[-38.5256, -7.7677], [-38.5818, -7.7478], [-38.5988, -7.6903]], [[-38.5988, -7.6903], [-38.614, -7.6935]], [[-38.2553, -7.8496], [-38.2994, -7.8334], [-38.307, -7.7583], [-38.3305, -7.7125], [-38.354, -7.6997]], [[-38.354, -7.6997], [-38.4175, -7.7511]], [[-35.6804, -7.7139], [-35.7051, -7.7058]], [[-35.7051, -7.7058], [-35.8614, -7.7575]], [[-35.8614, -7.7575], [-35.8867, -7.727]], [[-35.8867, -7.727], [-35.9012, -7.7537], [-35.8636, -7.785], [-35.8746, -7.8086]], [[-38.4175, -7.7511], [-38.4448, -7.7326]], [[-38.4448, -7.7326], [-38.5256, -7.7677]], [[-37.9779, -7.773], [-38.0363, -7.7518]], [[-38.0363, -7.7518], [-38.0788, -7.7788], [-38.0807, -7.8213]], [[-38.0807, -7.8213], [-38.1204, -7.8068], [-38.1457, -7.7684]], [[-38.1457, -7.7684], [-38.1706, -7.8116], [-38.1996, -7.8244]], [[-36.0616, -7.8308], [-36.078, -7.8204], [-36.0829, -7.7809], [-36.1064, -7.7748]], [[-36.1064, -7.7748], [-36.1526, -7.8173], [-36.1872, -7.8237]], [[-36.1872, -7.8237], [-36.2166, -7.7816]], [[-36.2166, -7.7816], [-36.2734, -7.8257]], [[-35.8746, -7.8086], [-35.9052, -7.8036]], [[-35.9052, -7.8036], [-35.9291, -7.8402]], [[-38.1996, -7.8244], [-38.2274, -7.8109]], [[-38.2274, -7.8109], [-38.2362, -7.8407], [-38.2553, -7.8496]], [[-36.2734, -7.8257], [-36.3358, -7.8116]], [[-36.3358, -7.8116], [-36.4243, -7.8261], [-36.4151, -7.88], [-36.4733, -7.9174]], [[-35.9291, -7.8402], [-35.9785, -7.8152]], [[-35.9785, -7.8152], [-36.0616, -7.8308]], [[-36.4733, -7.9174], [-36.498, -7.9145]], [[-36.498, -7.9145], [-36.5685, -7.9246], [-36.5858, -7.9558]], [[-36.5858, -7.9558], [-36.5928, -7.9551]], [[-36.5928, -7.9551], [-36.6255, -7.9657], [-36.6582, -8.0081], [-36.6286, -8.0768], [-36.6517, -8.1153], [-36.708, -8.1444], [-36.7747, -8.2197], [-36.8621, -8.2319], [-36.9627, -8.2835]], [[-36.9627, -8.2835], [-37.0702, -8.2268], [-37.1235, -8.1735], [-37.1526, -8.047], [-37.1409, -7.9892], [-37.2084, -7.9595]], [[-37.2084, -7.9595], [-37.2696, -7.9865]], [[-37.2696, -7.9865], [-37.2874, -7.985]], [[-37.2874, -7.985], [-37.3261, -8.0027]]]}}, {"type": "Feature", "properties": {"layer": "state"}, "geometry": {"type": "MultiLineString", "coordinates": [[[-40.5377, -7.3902], [-40.6765, -7.4125], [-40.695, -7.4799], [-40.6209, -7.638], [-40.6226, -7.6776], [-40.6605, -7.7602], [-40.5716, -7.8097], [-40.5385, -7.8491], [-40.5441, -8.0294], [-40.5905, -8.1242], [-40.7489, -8.2454], [-40.7726, -8.2986], [-40.8118, -8.3238], [-40.8349, -8.3636]], [[-40.8349, -8.3636], [-40.8727, -8.3447]], [[-40.8727, -8.3447], [-40.9232, -8.4342]], [[-40.9232, -8.4342], [-40.9892, -8.4158]], [[-40.9892, -8.4158], [-41.029, -8.4291], [-41.0822, -8.5245], [-41.159, -8.5493], [-41.2109, -8.635], [-41.3708, -8.7119]]]}}, {"type": "Feature", "properties": {"layer": "state"}, "geometry": {"type": "LineString", "coordinates": [[-46.023, -14.8688], [-45.915, -14.709], [-45.9266, -14.6197], [-45.966, -14.5137], [-45.9205, -14.3508], [-46.0039, -14.3062], [-46.0582, -14.2306], [-46.1256, -14.1889], [-46.1702, -14.0729], [-46.223, -13.9977], [-46.2751, -13.7502], [-46.2711, -13.6511], [-46.1965, -13.4186], [-46.0803, -13.3276], [-46.0793, -13.2547], [-46.1755, -13.216], [-46.1796, -13.1589], [-46.1567, -13.0361], [-46.0722, -12.9757], [-46.0617, -12.9525], [-46.2335, -12.7966]]}}, {"type": "Feature", "properties": {"layer": "state"}, "geometry": {"type": "MultiLineString", "coordinates": [[[-48.1794, -15.4899], [-47.423, -15.4983], [-47.4085, -15.5404], [-47.3059, -15.5947], [-47.3178, -15.6653], [-47.3073, -15.7102], [-47.3546, -15.8539], [-47.3591, -15.9753], [-47.3025, -16.0401]], [[-47.8556, -16.0421], [-48.252, -16.0315], [-48.2339, -15.9573], [-48.2613, -15.9294], [-48.2772, -15.8295], [-48.231, -15.7964], [-48.2026, -15.735], [-48.2398, -15.6927], [-48.1794, -15.4899]], [[-47.3025, -16.0401], [-47.8556, -16.0421]]]}}, {"type": "Feature", "properties": {"layer": "state"}, "geometry": {"type": "MultiLineString", "coordinates": [[[-52.9876, -18.3879], [-53.0335, -18.3574], [-53.0541, -18.3142], [-53.0409, -18.0956], [-53.0538, -18.0166]], [[-52.7597, -18.7103], [-52.8963, -18.6648], [-52.8566, -18.5567], [-52.7783, -18.4492], [-52.769, -18.4118], [-52.7834, -18.3916], [-52.9094, -18.3461]], [[-52.9094, -18.3461], [-52.9876, -18.3879]], [[-52.3225, -18.8165], [-52.3658, -18.8038], [-52.4412, -18.7325], [-52.4964, -18.7051]], [[-52.4964, -18.7051], [-52.6156, -18.7226]], [[-52.6156, -18.7226], [-52.6902, -18.7098]], [[-52.6902, -18.7098], [-52.7597, -18.7103]], [[-51.5842, -19.138], [-51.6431, -19.1288], [-51.8421, -19.0481], [-51.913, -18.9883], [-52.0598, -18.9447], [-52.0985, -18.896], [-52.27, -18.8128]], [[-52.27, -18.8128], [-52.3225, -18.8165]], [[-51.1736, -19.2878], [-51.3108, -19.2529], [-51.4197, -19.1616], [-51.5417, -19.1357]], [[-51.5417, -19.1357], [-51.5842, -19.138]], [[-50.9612, -19.4735], [-51.0847, -19.3147], [-51.1504, -19.2843]], [[-51.1504, -19.2843], [-51.1736, -19.2878]]]}}, {"type": "Feature", "properties": {"layer": "state"}, "geometry": {"type": "MultiLineString", "coordinates": [[[-50.8991, -14.1191], [-50.8562, -14.1035], [-50.8447, -14.0749], [-50.8646, -13.9769], [-50.8446, -13.88], [-50.8664, -13.7161], [-50.7958, -13.6759], [-50.7552, -13.5337], [-50.669, -13.4372], [-50.6551, -13.3803], [-50.5743, -13.2466], [-50.574, -13.1226], [-50.5879, -13.0786], [-50.5504, -13.05], [-50.5594, -13.0102], [-50.4985, -12.9585], [-50.4783, -12.8791], [-50.484, -12.8448]], [[-50.9185, -14.1154], [-50.8991, -14.1191]], [[-50.9832, -14.4502], [-50.9977, -14.3995], [-50.9185, -14.1154]]]}}, {"type": "Feature", "properties": {"layer": "state"}, "geometry": {"type": "MultiLineString", "coordinates": [[[-46.2752, -14.9144], [-46.2965, -14.9094], [-46.3218, -14.8396], [-46.3705, -14.7846], [-46.511, -14.7116]], [[-46.511, -14.7116], [-46.582, -14.8013], [-46.5573, -14.8639], [-46.5779, -14.9162], [-46.5564, -14.9488], [-46.5459, -15.0338], [-46.6099, -15.0777]], [[-46.023, -14.8688], [-46.0953, -14.9325]], [[-46.1824, -14.9357], [-46.246, -14.9138]], [[-46.246, -14.9138], [-46.2752, -14.9144]], [[-46.0953, -14.9325], [-46.1253, -14.9251]], [[-46.1253, -14.9251], [-46.1824, -14.9357]], [[-46.6099, -15.0777], [-46.7453, -15.0149], [-46.793, -15.0089]], [[-46.793, -15.0089], [-46.8628, -15.0219], [-46.8909, -15.0495], [-46.9228, -15.2415]], [[-46.8945, -15.237], [-46.8539, -15.3168], [-46.9357, -15.4245], [-46.9305, -15.5457], [-46.8679, -15.5907], [-46.8329, -15.8547], [-46.8629, -15.8812], [-46.973, -15.9146]], [[-46.9228, -15.2415], [-46.8945, -15.237]], [[-46.973, -15.9146], [-47.0202, -15.9126]], [[-47.0202, -15.9126], [-47.0897, -15.939]], [[-47.0897, -15.939], [-47.1245, -15.921]], [[-47.1245, -15.921], [-47.1679, -15.9818], [-47.2358, -16.0329]], [[-47.2358, -16.0329], [-47.265, -16.0268]], [[-47.265, -16.0268], [-47.3025, -16.0401]], [[-47.3025, -16.0401], [-47.3377, -16.1469], [-47.3265, -16.2476], [-47.3911, -16.3721], [-47.4332, -16.4104], [-47.4534, -16.4994], [-47.4041, -16.569], [-47.3475, -16.593], [-47.2665, -16.6618], [-47.1612, -16.9198], [-47.1512, -16.9775], [-47.1708, -16.9916]], [[-47.1708, -16.9916], [-47.1913, -16.986]], [[-47.1913, -16.986], [-47.2319, -17.0277], [-47.2105, -17.0757], [-47.2592, -17.1], [-47.2906, -17.1455]], [[-47.2906, -17.1455], [-47.3035, -17.1407]], [[-47.3035, -17.1407], [-47.3336, -17.1577], [-47.3442, -17.1969], [-47.3845, -17.2397]], [[-47.3845, -17.2397], [-47.3932, -17.2369]], [[-47.3932, -17.2369], [-47.4217, -17.2716], [-47.4174, -17.2982], [-47.4379, -17.3398], [-47.4535, -17.3458]], [[-47.4535, -17.3458], [-47.4938, -17.327]], [[-47.4938, -17.327], [-47.5256, -17.3896], [-47.5305, -17.4549], [-47.4684, -17.5293]], [[-47.4097, -17.4985], [-47.3679, -17.5135]], [[-47.4684, -17.5293], [-47.4097, -17.4985]], [[-47.3551, -17.5133], [-47.2882, -17.5481], [-47.267, -17.5951], [-47.2679, -17.6651], [-47.3226, -17.7333], [-47.3559, -17.8308], [-47.2777, -18.0599], [-47.3214, -18.0744], [-47.4055, -18.1428]], [[-47.3679, -17.5135], [-47.3551, -17.5133]], [[-47.4055, -18.1428], [-47.413, -18.1426]], [[-47.413, -18.1426], [-47.4327, -18.1658], [-47.5763, -18.2239], [-47.6502, -18.3211], [-47.9275, -18.453]], [[-48.818, -18.352], [-48.9523, -18.3263]], [[-48.9523, -18.3263], [-49.1559, -18.4215], [-49.3615, -18.6244], [-49.3905, -18.6316]], [[-48.3665, -18.3521], [-48.6142, -18.3408]], [[-48.6142, -18.3408], [-48.818, -18.352]], [[-48.0855, -18.4122], [-48.1287, -18.408], [-48.2162, -18.3598], [-48.2972, -18.3464]], [[-48.2972, -18.3464], [-48.3665, -18.3521]], [[-47.9275, -18.453], [-48.0334, -18.428], [-48.0621, -18.4049]], [[-48.0621, -18.4049], [-48.0855, -18.4122]], [[-49.3905, -18.6316], [-49.5035, -18.4959]], [[-49.5035, -18.4959], [-49.571, -18.5369], [-49.8357, -18.6275]], [[-49.8357, -18.6275], [-49.9916, -18.6138]], [[-49.9916, -18.6138], [-50.112, -18.6631], [-50.2637, -18.689], [-50.3235, -18.7146], [-50.5021, -18.9306], [-50.487, -19.0037], [-50.4961, -19.0453], [-50.5454, -19.1092], [-50.6124, -19.126]], [[-50.6124, -19.126], [-50.6538, -19.1103]], [[-50.6538, -19.1103], [-50.7339, -19.1698], [-50.76, -19.2243], [-50.844, -19.2948], [-50.8812, -19.4109], [-50.8393, -19.463], [-50.8709, -19.4859]], [[-50.8709, -19.4859], [-50.938, -19.4542]], [[-50.938, -19.4542], [-50.9612, -19.4735]]]}}, {"type": "Feature", "properties": {"layer": "state"}, "geometry": {"type": "LineString", "coordinates": [[-50.9612, -19.4735], [-50.9371, -19.5493], [-50.9886, -19.5828], [-50.9913, -19.6458], [-51.0263, -19.7247], [-50.994, -20.1017]]}}, {"type": "Feature", "properties": {"layer": "state"}, "geometry": {"type": "MultiLineString", "coordinates": [[[-44.5901, -22.6148], [-44.6371, -22.5994], [-44.6479, -22.5605], [-44.713, -22.5036], [-44.7583, -22.4321], [-44.8313, -22.4061]], [[-44.3496, -22.5997], [-44.3719, -22.584]], [[-44.3719, -22.584], [-44.3976, -22.5994]], [[-44.3703, -22.8611], [-44.2687, -22.8164], [-44.2476, -22.7826], [-44.2484, -22.7468], [-44.1628, -22.6922], [-44.2198, -22.5889]], [[-44.2198, -22.5889], [-44.2526, -22.5972]], [[-44.2526, -22.5972], [-44.2857, -22.5925]], [[-44.2857, -22.5925], [-44.3496, -22.5997]], [[-44.3976, -22.5994], [-44.4174, -22.599]], [[-44.4174, -22.599], [-44.5238, -22.6234]], [[-44.5238, -22.6234], [-44.561, -22.6085]], [[-44.561, -22.6085], [-44.5901, -22.6148]], [[-44.4657, -22.8478], [-44.4459, -22.8696]], [[-44.5391, -22.883], [-44.4657, -22.8478]], [[-44.3982, -22.8536], [-44.3703, -22.8611]], [[-44.4459, -22.8696], [-44.3982, -22.8536]], [[-44.5677, -22.8744], [-44.5391, -22.883]], [[-44.8059, -23.2987], [-44.8656, -23.2229], [-44.8458, -23.1771], [-44.805, -23.1371], [-44.7953, -22.9881], [-44.7564, -22.9742], [-44.7144, -22.9298], [-44.5677, -22.8744]], [[-44.7276, -23.3521], [-44.7928, -23.2913]], [[-44.7928, -23.2913], [-44.8059, -23.2987]]]}}, {"type": "Feature", "properties": {"layer": "state"}, "geometry": {"type": "MultiLineString", "coordinates": [[[-46.25, -11.8437], [-46.2694, -11.8201], [-46.2698, -11.7493], [-46.1048, -11.6661], [-46.0852, -11.601], [-46.1908, -11.5448], [-46.4502, -11.4896], [-46.4914, -11.4143], [-46.5612, -11.3631], [-46.5719, -11.3286], [-46.5622, -11.2899], [-46.5307, -11.2347], [-46.4637, -11.1793], [-46.3703, -10.9698], [-46.2319, -10.8985], [-46.2742, -10.8084], [-46.3076, -10.7909], [-46.3024, -10.7583], [-46.0888, -10.5857], [-46.0386, -10.5716], [-45.8431, -10.4579], [-45.8083, -10.4208], [-45.7843, -10.346], [-45.7577, -10.3308]], [[-46.2335, -12.7966], [-46.2402, -12.7274], [-46.1572, -12.595], [-46.1596, -12.503], [-46.1903, -12.4739], [-46.2646, -12.4555], [-46.3171, -12.4236], [-46.3452, -12.342], [-46.3391, -12.1302], [-46.3278, -12.0955], [-46.2568, -12.0561], [-46.2136, -11.9999], [-46.1359, -11.9694], [-46.0712, -11.921], [-46.1025, -11.8654], [-46.181, -11.8314]], [[-46.181, -11.8314], [-46.25, -11.8437]]]}}, {"type": "Feature", "properties": {"layer": "state"}, "geometry": {"type": "MultiLineString", "coordinates": [[[-45.8252, -10.3323], [-45.9461, -10.3177]], [[-45.7577, -10.3308], [-45.8252, -10.3323]]]}}, {"type": "Feature", "properties": {"layer": "state"}, "geometry": {"type": "MultiLineString", "coordinates": [[[-50.1503, -12.3999], [-50.1262, -12.4267], [-50.1264, -12.4565], [-50.2009, -12.5519], [-50.2006, -12.6546], [-50.2725, -12.7731], [-50.2697, -12.8933], [-50.2395, -12.9332], [-50.0518, -13.0209], [-50.0008, -13.0218]], [[-50.484, -12.8448], [-50.4465, -12.7004], [-50.419, -12.6777], [-50.4071, -12.6287], [-50.3512, -12.5424], [-50.1503, -12.3999]], [[-49.007, -12.6536], [-49.0081, -12.74], [-48.8603, -12.8332], [-48.7975, -12.9291], [-48.8031, -13.0108], [-48.768, -13.0972], [-48.7609, -13.2108], [-48.7786, -13.3289], [-48.7633, -13.3733], [-48.7441, -13.3852]], [[-49.3975, -13.2502], [-49.3731, -13.2323], [-49.3577, -13.1346], [-49.2965, -13.0028], [-49.1378, -12.7349], [-49.007, -12.6536]], [[-46.9232, -13.0754], [-46.7783, -13.0548], [-46.6186, -12.9045], [-46.4454, -12.8478], [-46.3006, -12.833], [-46.2335, -12.7966]], [[-49.9907, -13.019], [-49.9119, -13.0716], [-49.6845, -13.1758], [-49.5649, -13.1883], [-49.3975, -13.2502]], [[-50.0008, -13.0218], [-49.9907, -13.019]], [[-48.1655, -13.0647], [-48.1417, -13.0794], [-48.1686, -13.18]], [[-48.4818, -13.1948], [-48.3503, -13.1826], [-48.1655, -13.0647]], [[-46.9633, -13.0681], [-46.9232, -13.0754]], [[-47.2939, -13.1976], [-47.0922, -13.0955], [-46.9633, -13.0681]], [[-47.6554, -13.1018], [-47.5908, -13.182], [-47.5333, -13.2984]], [[-47.6669, -13.3556], [-47.6565, -13.3336], [-47.725, -13.1676], [-47.6554, -13.1018]], [[-48.6016, -13.1538], [-48.4818, -13.1948]], [[-48.7441, -13.3852], [-48.6816, -13.3313], [-48.6566, -13.1776], [-48.6016, -13.1538]], [[-48.1479, -13.1783], [-48.0752, -13.195], [-47.9697, -13.2605]], [[-48.1686, -13.18], [-48.1479, -13.1783]], [[-47.3179, -13.1952], [-47.2939, -13.1976]], [[-47.5333, -13.2984], [-47.5079, -13.257], [-47.4417, -13.2491], [-47.3179, -13.1952]], [[-47.9467, -13.2413], [-47.856, -13.2944], [-47.6669, -13.3556]], [[-47.9697, -13.2605], [-47.9467, -13.2413]]]}}, {"type": "Feature", "properties": {"layer": "state"}, "geometry": {"type": "MultiLineString", "coordinates": [[[-37.9963, -10.7599], [-37.8714, -10.7103], [-37.7864, -10.6417], [-37.7877, -10.6078], [-37.824, -10.5701], [-37.8147, -10.4871], [-37.8362, -10.4229], [-37.7839, -10.305], [-37.7728, -10.1128], [-37.8217, -10.0224], [-37.899, -9.9501], [-37.902, -9.912], [-37.9639, -9.8736], [-38.0251, -9.7476], [-38.03, -9.7265], [-37.9924, -9.6482], [-38.0408, -9.6269], [-38.0451, -9.6059], [-37.9971, -9.5268]], [[-38.1556, -10.7053], [-38.0769, -10.7135], [-37.9963, -10.7599]], [[-37.9214, -11.4148], [-37.9983, -11.3766], [-37.9866, -11.2193], [-38.0629, -11.1674], [-38.1094, -11.0281], [-38.1768, -10.98], [-38.1879, -10.9417], [-38.24, -10.8845], [-38.2443, -10.8336], [-38.2097, -10.7381], [-38.1556, -10.7053]], [[-37.6805, -11.5689], [-37.7959, -11.5237], [-37.8492, -11.4409], [-37.9026, -11.4063]], [[-37.9026, -11.4063], [-37.9214, -11.4148]], [[-37.4828, -11.5183], [-37.5728, -11.5403]], [[-37.5728, -11.5403], [-37.6341, -11.5216]], [[-37.6341, -11.5216], [-37.6805, -11.5689]]]}}, {"type": "Feature", "properties": {"layer": "state"}, "geometry": {"type": "MultiLineString", "coordinates": [[[-48.6102, -25.9839], [-48.6504, -25.9715]], [[-48.6504, -25.9715], [-48.9193, -25.9785], [-48.9659, -26.0076]], [[-48.5827, -25.9809], [-48.6102, -25.9839]], [[-49.0918, -26.0163], [-49.1153, -25.9924]], [[-49.1153, -25.9924], [-49.2145, -26.0285], [-49.2954, -26.1077], [-49.4556, -26.1704], [-49.4894, -26.2224], [-49.5516, -26.23]], [[-49.0038, -26.0124], [-49.0326, -26.0002]], [[-49.0326, -26.0002], [-49.0468, -26.0177]], [[-48.9659, -26.0076], [-48.9801, -26.0061]], [[-48.9801, -26.0061], [-49.0038, -26.0124]], [[-50.5416, -26.024], [-50.5884, -26.007]], [[-50.5884, -26.007], [-50.5939, -26.0175], [-50.5577, -26.0434], [-50.6465, -26.0702], [-50.6744, -26.1463], [-50.7375, -26.2362]], [[-49.0468, -26.0177], [-49.0685, -26.0098]], [[-49.0685, -26.0098], [-49.0918, -26.0163]], [[-49.9655, -26.0152], [-49.9927, -26.0122]], [[-49.9927, -26.0122], [-50.1157, -26.0455]], [[-49.5516, -26.23], [-49.6662, -26.1937], [-49.8828, -26.0376], [-49.951, -26.0137]], [[-49.951, -26.0137], [-49.9655, -26.0152]], [[-50.3371, -26.1121], [-50.3623, -26.1016], [-50.38, -26.0633], [-50.4373, -26.0522], [-50.4768, -26.0221]], [[-50.4768, -26.0221], [-50.5416, -26.024]], [[-50.1918, -26.0541], [-50.2712, -26.0375]], [[-50.2712, -26.0375], [-50.3211, -26.0563], [-50.3371, -26.1121]], [[-50.1157, -26.0455], [-50.15, -26.0441]], [[-50.15, -26.0441], [-50.1918, -26.0541]], [[-50.7375, -26.2362], [-50.7703, -26.2215]], [[-50.7703, -26.2215], [-50.85, -26.2565]], [[-51.0439, -26.2466], [-51.0723, -26.2351]], [[-51.0723, -26.2351], [-51.129, -26.2839], [-51.2131, -26.3127], [-51.2499, -26.3484], [-51.2885, -26.4245], [-51.267, -26.4726], [-51.2797, -26.5], [-51.2374, -26.5808], [-51.2527, -26.63], [-51.2923, -26.6557], [-51.399, -26.6805], [-51.4156, -26.7048]], [[-50.9634, -26.2664], [-51.002, -26.2374]], [[-51.002, -26.2374], [-51.0439, -26.2466]], [[-53.0977, -26.3705], [-53.281, -26.2631], [-53.3552, -26.2416]], [[-53.3552, -26.2416], [-53.4966, -26.2931]], [[-50.9066, -26.2806], [-50.9331, -26.2452]], [[-50.9331, -26.2452], [-50.9634, -26.2664]], [[-50.85, -26.2565], [-50.8753, -26.2521]], [[-50.8753, -26.2521], [-50.9066, -26.2806]], [[-53.4966, -26.2931], [-53.6208, -26.2571]], [[-53.6208, -26.2571], [-53.6486, -26.2626]], [[-53.6486, -26.2626], [-53.6616, -26.2598]], [[-52.6196, -26.4055], [-52.8158, -26.3366]], [[-52.8158, -26.3366], [-52.9416, -26.3679]], [[-52.9416, -26.3679], [-52.9863, -26.3513]], [[-52.9863, -26.3513], [-53.0977, -26.3705]], [[-52.457, -26.4326], [-52.5439, -26.402]], [[-52.5439, -26.402], [-52.6196, -26.4055]], [[-52.3336, -26.4441], [-52.4037, -26.4321]], [[-52.4037, -26.4321], [-52.457, -26.4326]], [[-52.2261, -26.4543], [-52.3026, -26.4386]], [[-52.3026, -26.4386], [-52.3336, -26.4441]], [[-51.9971, -26.582], [-52.1997, -26.4516]], [[-52.1997, -26.4516], [-52.2261, -26.4543]], [[-51.7069, -26.6019], [-51.8744, -26.6002], [-51.9616, -26.5802]], [[-51.9616, -26.5802], [-51.9971, -26.582]], [[-51.612, -26.6042], [-51.6527, -26.583]], [[-51.6527, -26.583], [-51.7069, -26.6019]], [[-51.4156, -26.7048], [-51.4994, -26.599]], [[-51.4994, -26.599], [-51.612, -26.6042]]]}}, {"type": "Feature", "properties": {"layer": "state"}, "geometry": {"type": "MultiLineString", "coordinates": [[[-59.7699, 0.2301], [-58.8705, 0.2254]], [[-60.0, 0.2243], [-59.7699, 0.2301]]]}}, {"type": "Feature", "properties": {"layer": "state"}, "geometry": {"type": "LineString", "coordinates": [[-58.972, 1.3123], [-58.8705, 0.2254]]}}, {"type": "Feature", "properties": {"layer": "state"}, "geometry": {"type": "MultiLineString", "coordinates": [[[-60.0, -11.1468], [-59.9112, -11.3841], [-60.0, -11.5046]], [[-60.0, -11.9036], [-59.8899, -12.1162], [-59.8872, -12.2593], [-59.8223, -12.3958], [-59.9091, -12.6184], [-60.0, -12.7247]]]}}, {"type": "Feature", "properties": {"layer": "state"}, "geometry": {"type": "MultiLineString", "coordinates": [[[-38.3678, -6.0933], [-38.2833, -6.0631], [-38.2524, -6.0105], [-38.1279, -5.879], [-38.1258, -5.8341], [-38.078, -5.7606], [-38.0821, -5.705], [-38.0475, -5.614], [-37.9152, -5.4635], [-37.7213, -5.0629], [-37.5831, -4.9497], [-37.2364, -4.8299]], [[-38.4157, -6.0617], [-38.3678, -6.0933]], [[-38.5795, -6.4051], [-38.6091, -6.3891], [-38.5883, -6.3587], [-38.5802, -6.2617], [-38.5498, -6.2377], [-38.5388, -6.1957], [-38.5133, -6.1818], [-38.4809, -6.1091], [-38.4157, -6.0617]], [[-38.5258, -6.3816], [-38.5795, -6.4051]]]}}, {"type": "Feature", "properties": {"layer": "state"}, "geometry": {"type": "MultiLineString", "coordinates": [[[-37.2483, -6.0224], [-37.1822, -6.0461], [-37.1754, -6.1168], [-37.382, -6.3641], [-37.4302, -6.5179], [-37.4974, -6.5472], [-37.5154, -6.5728], [-37.5262, -6.6254], [-37.5154, -6.6805], [-37.4144, -6.699]], [[-37.4245, -6.0975], [-37.2483, -6.0224]], [[-37.4646, -6.0854], [-37.4245, -6.0975]], [[-37.7923, -6.2916], [-37.7496, -6.169], [-37.5428, -6.0955], [-37.4646, -6.0854]], [[-37.8137, -6.283], [-37.7923, -6.2916]], [[-38.0231, -6.4765], [-38.0032, -6.4333], [-37.8441, -6.341], [-37.8137, -6.283]], [[-36.3119, -6.2979], [-36.2811, -6.3166], [-36.2753, -6.387], [-36.252, -6.4137], [-36.0594, -6.447]], [[-36.3498, -6.3061], [-36.3119, -6.2979]], [[-36.3835, -6.3028], [-36.3498, -6.3061]], [[-36.4522, -6.6363], [-36.451, -6.5923], [-36.5109, -6.4988], [-36.5078, -6.4059], [-36.4923, -6.377], [-36.4516, -6.3656], [-36.3835, -6.3028]], [[-38.4969, -6.3474], [-38.4836, -6.3976], [-38.2822, -6.5054]], [[-38.5258, -6.3816], [-38.4969, -6.3474]], [[-35.6571, -6.4256], [-35.4664, -6.4644], [-35.306, -6.5284]], [[-35.9251, -6.4658], [-35.6571, -6.4256]], [[-38.0636, -6.4436], [-38.0231, -6.4765]], [[-38.1303, -6.5198], [-38.0636, -6.4436]], [[-36.046, -6.4461], [-35.9251, -6.4658]], [[-36.0594, -6.447], [-36.046, -6.4461]], [[-38.241, -6.484], [-38.1303, -6.5198]], [[-38.2822, -6.5054], [-38.241, -6.484]], [[-35.0478, -6.536], [-34.9633, -6.5033]], [[-35.2569, -6.5063], [-35.1157, -6.5229]], [[-35.306, -6.5284], [-35.2569, -6.5063]], [[-35.0795, -6.5223], [-35.0478, -6.536]], [[-35.1157, -6.5229], [-35.0795, -6.5223]], [[-36.5049, -6.6122], [-36.4522, -6.6363]], [[-36.6031, -6.9318], [-36.559, -6.9119], [-36.5067, -6.8101], [-36.5015, -6.7832], [-36.5317, -6.7336], [-36.5406, -6.6697], [-36.5293, -6.6267], [-36.5049, -6.6122]], [[-37.3925, -6.6965], [-37.3698, -6.6984]], [[-37.4144, -6.699], [-37.3925, -6.6965]], [[-37.3472, -6.6982], [-37.278, -6.7291], [-37.2429, -6.8128], [-37.219, -6.824]], [[-37.3698, -6.6984], [-37.3472, -6.6982]], [[-36.9881, -6.7086], [-36.9429, -6.7491]], [[-37.219, -6.824], [-37.1533, -6.7849], [-37.0546, -6.7599], [-36.9881, -6.7086]], [[-36.9091, -6.7445], [-36.805, -6.7608], [-36.7514, -6.8135], [-36.7405, -6.8455], [-36.7714, -6.9309], [-36.7218, -6.9778]], [[-36.9429, -6.7491], [-36.9091, -6.7445]], [[-36.6365, -6.9235], [-36.6031, -6.9318]], [[-36.7218, -6.9778], [-36.6365, -6.9235]]]}}, {"type": "Feature", "properties": {"layer": "state"}, "geometry": {"type": "MultiLineString", "coordinates": [[[-41.8644, -20.7769], [-41.7417, -20.8218], [-41.7404, -20.8565], [-41.719, -20.874], [-41.7291, -20.9295], [-41.7132, -20.9823], [-41.7286, -21.0443], [-41.7114, -21.1112]], [[-41.6911, -21.1068], [-41.52, -21.1757]], [[-41.7114, -21.1112], [-41.6911, -21.1068]], [[-41.502, -21.1703], [-41.4283, -21.2035]], [[-41.52, -21.1757], [-41.502, -21.1703]], [[-41.3895, -21.1875], [-41.2468, -21.2339]], [[-41.4283, -21.2035], [-41.3895, -21.1875]], [[-41.0679, -21.2141], [-40.9947, -21.244], [-40.9651, -21.274]], [[-41.2468, -21.2339], [-41.0679, -21.2141]]]}}, {"type": "Feature", "properties": {"layer": "state"}, "geometry": {"type": "LineString", "coordinates": [[-41.9272, -20.8272], [-41.9203, -20.8045], [-41.8644, -20.7769]]}}, {"type": "Feature", "properties": {"layer": "state"}, "geometry": {"type": "MultiLineString", "coordinates": [[[-41.5647, -8.9736], [-41.4946, -8.9302], [-41.4692, -8.8651], [-41.4036, -8.7921], [-41.3708, -8.7119]], [[-41.6079, -8.9632], [-41.5647, -8.9736]], [[-41.6696, -8.9786], [-41.6079, -8.9632]], [[-41.7048, -8.9758], [-41.6696, -8.9786]], [[-41.862, -9.2552], [-41.8251, -9.229], [-41.7963, -9.1744], [-41.7358, -9.1433], [-41.7469, -8.9983], [-41.7048, -8.9758]], [[-42.0355, -9.2072], [-42.0166, -9.2215]], [[-42.272, -9.3181], [-42.1157, -9.2808], [-42.0355, -9.2072]], [[-41.9873, -9.209], [-41.9517, -9.2227]], [[-42.0166, -9.2215], [-41.9873, -9.209]], [[-41.9231, -9.2111], [-41.862, -9.2552]], [[-41.9517, -9.2227], [-41.9231, -9.2111]], [[-43.4566, -9.303], [-43.4056, -9.3431], [-43.377, -9.4168], [-43.3505, -9.4312]], [[-43.5248, -9.3609], [-43.4566, -9.303]], [[-42.3031, -9.3083], [-42.272, -9.3181]], [[-42.4877, -9.5], [-42.4316, -9.409], [-42.3677, -9.3778], [-42.3374, -9.3247], [-42.3031, -9.3083]], [[-43.6069, -9.3366], [-43.5248, -9.3609]], [[-43.7031, -9.4471], [-43.6817, -9.4324], [-43.6582, -9.3648], [-43.6069, -9.3366]], [[-43.1201, -9.3731], [-43.0393, -9.3973], [-43.0222, -9.4379]], [[-43.1905, -9.4199], [-43.1666, -9.3883], [-43.1201, -9.3731]], [[-43.2933, -9.4057], [-43.2641, -9.4092]], [[-43.3505, -9.4312], [-43.2933, -9.4057]], [[-43.2228, -9.4058], [-43.1905, -9.4199]], [[-43.2641, -9.4092], [-43.2228, -9.4058]], [[-43.813, -9.4291], [-43.7031, -9.4471]], [[-43.9472, -10.4486], [-43.9146, -10.4305], [-43.9043, -10.3795], [-43.8712, -10.3554], [-43.8027, -10.204], [-43.7598, -10.1672], [-43.7548, -10.1108], [-43.7154, -10.0653], [-43.6989, -10.0184], [-43.7134, -9.9512], [-43.6816, -9.8675], [-43.6828, -9.8021], [-43.7338, -9.7373], [-43.7795, -9.5681], [-43.83, -9.5005], [-43.8301, -9.4477], [-43.813, -9.4291]], [[-42.9942, -9.4336], [-42.9331, -9.4536], [-42.9316, -9.5152], [-42.8444, -9.5499]], [[-43.0222, -9.4379], [-42.9942, -9.4336]], [[-42.5751, -9.4856], [-42.4877, -9.5]], [[-42.6224, -9.5658], [-42.5751, -9.4856]], [[-42.7528, -9.5218], [-42.6727, -9.5325], [-42.6224, -9.5658]], [[-42.8444, -9.5499], [-42.7528, -9.5218]], [[-45.6356, -10.3291], [-45.5936, -10.3381], [-45.516, -10.4147], [-45.4711, -10.4864], [-45.4417, -10.6141], [-45.3276, -10.7737], [-45.0506, -10.8963]], [[-45.7577, -10.3308], [-45.6356, -10.3291]], [[-43.9656, -10.4454], [-43.9472, -10.4486]], [[-44.2232, -10.6304], [-44.1353, -10.601], [-43.9918, -10.453], [-43.9656, -10.4454]], [[-44.4065, -10.5894], [-44.3107, -10.6001], [-44.2232, -10.6304]], [[-44.8368, -10.8793], [-44.7867, -10.8607], [-44.7428, -10.7718], [-44.6512, -10.7385], [-44.6224, -10.6904], [-44.5798, -10.6711], [-44.5519, -10.6364], [-44.4065, -10.5894]], [[-44.9333, -10.8626], [-44.8368, -10.8793]], [[-45.0506, -10.8963], [-44.9333, -10.8626]]]}}, {"type": "Feature", "properties": {"layer": "state"}, "geometry": {"type": "LineString", "coordinates": [[-40.5377, -7.3902], [-40.5343, -7.3144], [-40.5811, -7.1953], [-40.5108, -7.0046], [-40.4326, -6.8938], [-40.4139, -6.8179], [-40.468, -6.7398], [-40.6165, -6.709], [-40.71, -6.6612], [-40.7194, -6.5725], [-40.7821, -6.4675], [-40.7976, -6.3937], [-40.7938, -6.2813], [-40.8911, -6.0112], [-40.8771, -5.9639], [-40.9213, -5.7114], [-40.9152, -5.6165], [-40.9418, -5.4307], [-41.0242, -5.3657], [-41.0703, -5.3071], [-41.0598, -5.1688], [-41.1164, -5.0641], [-41.1227, -5.0076], [-41.1813, -4.9385], [-41.1813, -4.8128], [-41.2274, -4.7248], [-41.2274, -4.6536], [-41.2441, -4.6159], [-41.2253, -4.5175], [-41.1206, -4.4044], [-41.0736, -4.3263], [-41.087, -4.2578], [-41.1205, -4.1769], [-41.1813, -4.1258], [-41.2295, -4.0441], [-41.2839, -3.8096], [-41.3552, -3.709], [-41.3872, -3.5783], [-41.4494, -3.4368], [-41.4264, -3.3195], [-41.2555, -3.0771], [-41.2479, -3.0123]]}}, {"type": "Feature", "properties": {"layer": "state"}, "geometry": {"type": "LineString", "coordinates": [[-38.6971, -7.6202], [-38.7008, -7.5915], [-38.63, -7.5183], [-38.6315, -7.4576], [-38.5847, -7.426], [-38.5307, -7.3065], [-38.5494, -7.2357], [-38.6012, -7.2235], [-38.6274, -7.1816], [-38.6765, -7.1575], [-38.6748, -7.0597], [-38.6918, -7.0216], [-38.7393, -6.9893], [-38.7402, -6.914], [-38.7275, -6.8903], [-38.6607, -6.8472], [-38.6227, -6.779], [-38.6456, -6.6754], [-38.579, -6.4791], [-38.5353, -6.4203], [-38.5258, -6.3816]]}}, {"type": "Feature", "properties": {"layer": "state"}, "geometry": {"type": "MultiLineString", "coordinates": [[[-54.7755, 2.4573], [-54.7347, 2.4147], [-54.7161, 2.266], [-54.7505, 2.1907], [-54.7838, 2.1681], [-54.7874, 2.1284], [-54.753, 2.0739], [-54.7976, 2.0141], [-54.7672, 1.9907], [-54.7533, 1.805], [-54.7251, 1.7686]], [[-54.5884, 1.7843], [-54.4961, 1.7478]], [[-54.6884, 1.7636], [-54.5884, 1.7843]], [[-54.7102, 1.7723], [-54.6884, 1.7636]], [[-54.7251, 1.7686], [-54.7102, 1.7723]], [[-54.4174, 1.764], [-54.3806, 1.7515]], [[-54.4359, 1.7567], [-54.4174, 1.764]], [[-54.3665, 1.7622], [-54.1943, 1.6508]], [[-54.3806, 1.7515], [-54.3665, 1.7622]], [[-54.4519, 1.7587], [-54.4359, 1.7567]], [[-54.4961, 1.7478], [-54.4519, 1.7587]], [[-54.1802, 1.6616], [-54.1227, 1.6107]], [[-54.1943, 1.6508], [-54.1802, 1.6616]], [[-54.111, 1.612], [-54.1098, 1.5753], [-54.0712, 1.5042]], [[-54.1227, 1.6107], [-54.111, 1.612]], [[-54.0055, 1.5233], [-53.8516, 1.3846]], [[-54.0403, 1.5048], [-54.0055, 1.5233]], [[-54.0591, 1.5051], [-54.0403, 1.5048]], [[-54.0712, 1.5042], [-54.0591, 1.5051]], [[-53.7309, 1.4386], [-53.6968, 1.4113]], [[-53.7585, 1.3936], [-53.7309, 1.4386]], [[-53.6729, 1.4279], [-53.6511, 1.3627]], [[-53.6968, 1.4113], [-53.6729, 1.4279]], [[-53.8185, 1.416], [-53.7585, 1.3936]], [[-53.8516, 1.3846], [-53.825, 1.3888], [-53.8185, 1.416]], [[-53.6103, 1.3744], [-53.5736, 1.3647]], [[-53.6511, 1.3627], [-53.6103, 1.3744]], [[-53.5621, 1.3663], [-53.5486, 1.3528], [-53.5652, 1.3234], [-53.5412, 1.2863], [-53.5375, 1.2424]], [[-53.5736, 1.3647], [-53.5621, 1.3663]], [[-53.4556, 1.2639], [-53.4339, 1.2565], [-53.407, 1.1936], [-53.4163, 1.1777], [-53.4596, 1.1688], [-53.467, 1.1425], [-53.4162, 0.9418], [-53.3495, 0.884], [-53.2821, 0.7905], [-53.1158, 0.7368], [-53.1408, 0.5266], [-53.1284, 0.387], [-53.0831, 0.2904], [-53.0415, 0.2472], [-53.0072, 0.137], [-53.0138, 0.0462], [-52.9739, -0.0158], [-52.9236, -0.1759], [-52.8785, -0.2028]], [[-53.5375, 1.2424], [-53.4556, 1.2639]], [[-52.8212, -0.1787], [-52.6269, -0.3972], [-52.6319, -0.5569], [-52.6043, -0.6114], [-52.5524, -0.6221], [-52.5266, -0.6475], [-52.5069, -0.7442], [-52.5197, -0.7986], [-52.5083, -0.8819]], [[-52.8785, -0.2028], [-52.8212, -0.1787]], [[-52.4276, -0.8603], [-52.3725, -0.9005], [-52.3907, -0.9632], [-52.363, -1.0667], [-52.2462, -1.1434], [-52.1159, -1.1576], [-52.0688, -1.2192]], [[-52.5083, -0.8819], [-52.4276, -0.8603]], [[-51.9802, -1.1402], [-51.9518, -1.1545]], [[-52.0058, -1.1683], [-51.9802, -1.1402]], [[-51.9282, -1.1462], [-51.9056, -1.1571]], [[-51.9518, -1.1545], [-51.9282, -1.1462]], [[-52.0268, -1.1649], [-52.0058, -1.1683]], [[-52.0688, -1.2192], [-52.0508, -1.1747], [-52.0268, -1.1649]]]}}, {"type": "Feature", "properties": {"layer": "state"}, "geometry": {"type": "MultiLineString", "coordinates": [[[-58.8705, 0.2254], [-58.8493, -0.0828], [-58.8634, -0.1737], [-58.8537, -0.352], [-58.8251, -0.3875], [-58.7511, -0.4218], [-58.7301, -0.4467], [-58.7454, -0.6386], [-58.7028, -0.6944], [-58.6047, -0.7726]], [[-58.5708, -0.7645], [-58.4483, -0.8476], [-58.4054, -1.0263], [-58.3174, -1.1176], [-58.2875, -1.1302]], [[-58.6047, -0.7726], [-58.5708, -0.7645]], [[-58.2658, -1.1291], [-58.2441, -1.1355], [-58.1841, -1.22], [-58.1505, -1.2376]], [[-58.2875, -1.1302], [-58.2658, -1.1291]], [[-58.1308, -1.2366], [-58.0817, -1.2984], [-57.9805, -1.3482], [-57.9015, -1.4233], [-57.8121, -1.4535], [-57.7485, -1.5209], [-57.6963, -1.5427], [-57.6671, -1.5837], [-57.4055, -1.7088], [-57.3258, -1.7296]], [[-58.1505, -1.2376], [-58.1308, -1.2366]], [[-57.263, -1.7137], [-57.2496, -1.7591], [-57.232, -1.7682]], [[-57.3258, -1.7296], [-57.263, -1.7137]], [[-57.1965, -1.7638], [-57.0879, -1.8118], [-57.0514, -1.8855], [-56.992, -1.9454], [-56.8128, -2.0365]], [[-57.232, -1.7682], [-57.1965, -1.7638]], [[-56.7661, -2.0315], [-56.7426, -2.054], [-56.7565, -2.1673], [-56.6352, -2.2224]], [[-56.8128, -2.0365], [-56.7661, -2.0315]], [[-56.5046, -2.1614], [-56.4809, -2.1834], [-56.4816, -2.2531], [-56.3969, -2.2722]], [[-56.6352, -2.2224], [-56.5046, -2.1614]], [[-56.3119, -2.2358], [-56.399, -2.3039], [-56.3802, -2.3392], [-56.3897, -2.3906], [-58.2944, -6.4969], [-58.3427, -6.5713], [-58.4338, -6.6483], [-58.4664, -6.7016], [-58.4666, -6.7833], [-58.421, -6.9133], [-58.3918, -6.9559], [-58.217, -7.11], [-58.1853, -7.1666], [-58.1705, -7.2997], [-58.1355, -7.3391]], [[-56.3969, -2.2722], [-56.3119, -2.2358]]]}}, {"type": "Feature", "properties": {"layer": "state"}, "geometry": {"type": "MultiLineString", "coordinates": [[[-57.0007, -9.2456], [-57.0694, -9.2077], [-57.093, -9.0576], [-57.3088, -8.9508], [-57.3585, -8.9133], [-57.3753, -8.8737], [-57.4819, -8.7927], [-57.5911, -8.7449], [-57.6085, -8.6531], [-57.6442, -8.6027], [-57.6526, -8.4931], [-57.6804, -8.4458], [-57.6436, -8.2155], [-57.7883, -8.0359], [-57.8937, -7.6926], [-57.9407, -7.6313], [-57.9798, -7.5302], [-58.059, -7.411], [-58.1355, -7.3391]], [[-56.7701, -9.3979], [-56.7976, -9.3752], [-56.8097, -9.3135], [-56.8371, -9.2731], [-56.9668, -9.239]], [[-56.9668, -9.239], [-57.0007, -9.2456]], [[-56.4675, -9.4754], [-56.6894, -9.3756]], [[-56.6894, -9.3756], [-56.7701, -9.3979]], [[-50.2357, -9.844], [-55.0927, -9.5651], [-56.4616, -9.4669]], [[-56.4616, -9.4669], [-56.4675, -9.4754]]]}}, {"type": "Feature", "properties": {"layer": "state"}, "geometry": {"type": "MultiLineString", "coordinates": [[[-40.4411, -17.8743], [-40.4231, -17.8968], [-40.3539, -17.921]], [[-40.4663, -17.93], [-40.4507, -17.9206], [-40.4411, -17.8743]], [[-40.5259, -17.8996], [-40.4663, -17.93]], [[-40.6662, -17.9565], [-40.5259, -17.8996]], [[-40.3361, -17.921], [-40.2966, -17.945]], [[-40.3539, -17.921], [-40.3361, -17.921]], [[-40.2774, -17.9435], [-40.2169, -17.9719]], [[-40.2966, -17.945], [-40.2774, -17.9435]], [[-40.7262, -17.9442], [-40.6662, -17.9565]], [[-40.7918, -17.9735], [-40.7262, -17.9442]], [[-40.9058, -17.9483], [-40.8674, -17.9666]], [[-40.7844, -18.1533], [-40.7672, -18.1391], [-40.7742, -18.0978], [-40.9111, -17.9718], [-40.9058, -17.9483]], [[-40.8324, -17.9587], [-40.7918, -17.9735]], [[-40.8674, -17.9666], [-40.8324, -17.9587]], [[-40.9126, -18.1028], [-40.832, -18.1507]], [[-41.0267, -18.1779], [-40.9126, -18.1028]], [[-40.8049, -18.1507], [-40.7844, -18.1533]], [[-40.832, -18.1507], [-40.8049, -18.1507]], [[-41.0466, -18.1771], [-41.0267, -18.1779]], [[-41.1405, -18.3918], [-41.1294, -18.3352], [-41.1417, -18.2891], [-41.0466, -18.1771]], [[-41.0908, -18.8294], [-40.9591, -18.8227], [-40.9279, -18.8028], [-40.9167, -18.7596], [-40.9374, -18.6757], [-41.0259, -18.6556], [-41.0049, -18.4349], [-41.0299, -18.3968], [-41.0894, -18.3558]], [[-41.0894, -18.3558], [-41.1405, -18.3918]], [[-41.1232, -18.8061], [-41.0908, -18.8294]], [[-41.1428, -18.8078], [-41.1232, -18.8061]], [[-41.1702, -18.8064], [-41.1428, -18.8078]], [[-41.1651, -18.9074], [-41.2077, -18.8871], [-41.2398, -18.8431], [-41.2167, -18.815], [-41.1702, -18.8064]], [[-40.9974, -19.5033], [-40.9597, -19.4713], [-40.9598, -19.4285], [-40.9328, -19.3615], [-40.9357, -19.1729], [-40.9659, -19.112], [-41.0515, -19.0465], [-41.0265, -18.9812], [-41.0535, -18.9602], [-41.0533, -18.9304], [-41.117, -18.8868]], [[-41.117, -18.8868], [-41.1651, -18.9074]], [[-41.0352, -19.4889], [-40.9974, -19.5033]], [[-41.0747, -19.5986], [-41.0318, -19.5542], [-41.049, -19.5048], [-41.0352, -19.4889]], [[-41.0804, -19.5985], [-41.0747, -19.5986]], [[-41.2501, -19.918], [-41.1853, -19.8651], [-41.1568, -19.6605], [-41.0804, -19.5985]], [[-41.2626, -19.9163], [-41.2501, -19.918]], [[-41.4055, -20.2129], [-41.3662, -20.1868], [-41.3077, -19.9607], [-41.2626, -19.9163]], [[-41.7159, -20.2077], [-41.4055, -20.2129]], [[-41.8479, -20.6355], [-41.8178, -20.5506], [-41.796, -20.5308], [-41.8078, -20.4733], [-41.7963, -20.4269], [-41.8399, -20.4012], [-41.8547, -20.3521], [-41.777, -20.2881], [-41.7471, -20.2223], [-41.7159, -20.2077]], [[-41.8644, -20.7769], [-41.8819, -20.7569], [-41.8115, -20.6473], [-41.8236, -20.6265]], [[-41.8236, -20.6265], [-41.8479, -20.6355]]]}}, {"type": "Feature", "properties": {"layer": "state"}, "geometry": {"type": "LineString", "coordinates": [[-40.2169, -17.9719], [-40.2068, -17.9785]]}}, {"type": "Feature", "properties": {"layer": "state"}, "geometry": {"type": "LineString", "coordinates": [[-60.0, -8.7579], [-58.5452, -8.7483], [-58.4989, -8.7188], [-58.4721, -8.6897], [-58.4199, -8.5512], [-58.4371, -8.4126], [-58.3962, -8.3735], [-58.3368, -8.2465], [-58.3403, -8.2055], [-58.3055, -8.1048], [-58.3251, -8.003], [-58.3772, -7.878], [-58.3786, -7.8181], [-58.2972, -7.7326], [-58.2238, -7.6218], [-58.2053, -7.5703], [-58.2275, -7.5032], [-58.2164, -7.432], [-58.1355, -7.3391]]}}, {"type": "Feature", "properties": {"layer": "state"}, "geometry": {"type": "LineString", "coordinates": [[-53.0538, -18.0166], [-53.0658, -18.0219]]}}, {"type": "Feature", "properties": {"layer": "state"}, "geometry": {"type": "LineString", "coordinates": [[-40.2068, -17.9785], [-40.1845, -18.0093], [-39.6726, -18.3232]]}}, {"type": "Feature", "properties": {"layer": "state"}, "geometry": {"type": "MultiLineString", "coordinates": [[[-48.3378, -5.1638], [-48.1533, -5.2574], [-48.0645, -5.2666]], [[-48.6089, -5.3287], [-48.5312, -5.2051], [-48.4586, -5.1735], [-48.3378, -5.1638]], [[-47.9996, -5.2324], [-47.8798, -5.2643], [-47.8649, -5.2809], [-47.8517, -5.3691], [-47.8181, -5.3896]], [[-48.0645, -5.2666], [-47.9996, -5.2324]], [[-48.6413, -5.3034], [-48.6089, -5.3287]], [[-48.723, -5.3553], [-48.6885, -5.3137], [-48.6413, -5.3034]], [[-47.7597, -5.3832], [-47.5935, -5.4701], [-47.5369, -5.4788], [-47.4686, -5.5887], [-47.4829, -5.743], [-47.4494, -5.7759], [-47.414, -5.8699], [-47.4255, -6.1038], [-47.4085, -6.1812], [-47.373, -6.2336], [-47.4102, -6.3498], [-47.3997, -6.3838], [-47.4202, -6.4561], [-47.4072, -6.4794], [-47.4493, -6.5439], [-47.4876, -6.6984], [-47.4754, -6.7333], [-47.4965, -6.8528], [-47.4824, -6.8883], [-47.5027, -6.9834], [-47.5853, -7.0691], [-47.6399, -7.1584]], [[-47.8181, -5.3896], [-47.7597, -5.3832]], [[-47.6399, -7.1584], [-47.6858, -7.1462]], [[-47.6858, -7.1462], [-47.7253, -7.1622], [-47.7411, -7.1934], [-47.6604, -7.2635], [-47.6447, -7.3085]], [[-47.5884, -7.2683], [-47.5127, -7.2805], [-47.4859, -7.3023], [-47.4754, -7.34], [-47.489, -7.3814], [-47.5915, -7.4458], [-47.5754, -7.4534]], [[-47.6447, -7.3085], [-47.5884, -7.2683]], [[-47.5149, -7.4447], [-47.4988, -7.4504], [-47.4732, -7.5208], [-47.4512, -7.5366]], [[-47.5754, -7.4534], [-47.5149, -7.4447]], [[-47.4322, -7.5303], [-47.4039, -7.539], [-47.4034, -7.5756], [-47.3669, -7.588], [-47.3358, -7.6646]], [[-47.4512, -7.5366], [-47.4322, -7.5303]], [[-47.3221, -7.6361], [-47.2939, -7.6674], [-47.2789, -7.7345], [-47.2387, -7.7512], [-47.2083, -7.8139], [-47.1513, -7.8553], [-47.079, -7.9759], [-47.0476, -7.9908], [-47.0085, -8.0447]], [[-47.3358, -7.6646], [-47.3221, -7.6361]], [[-46.6, -7.8986], [-46.4914, -7.9641], [-46.4663, -8.0688], [-46.5049, -8.1667], [-46.4891, -8.2017], [-46.51, -8.2831], [-46.5431, -8.312], [-46.4902, -8.3908], [-46.6228, -8.4001]], [[-46.828, -7.9552], [-46.7458, -7.9239], [-46.6, -7.8986]], [[-46.8372, -7.9541], [-46.828, -7.9552]], [[-46.8947, -7.9759], [-46.8372, -7.9541]], [[-46.9048, -7.9756], [-46.8947, -7.9759]], [[-47.0085, -8.0447], [-46.9646, -8.0316], [-46.9048, -7.9756]], [[-46.6228, -8.4001], [-46.654, -8.3973]], [[-46.654, -8.3973], [-46.7911, -8.4363], [-46.8385, -8.4841], [-46.8817, -8.5817], [-46.9219, -8.7368], [-46.9023, -8.8269], [-47.0639, -8.9768], [-47.0832, -9.0205], [-47.0575, -9.0562], [-47.0146, -9.069]], [[-46.9709, -9.0656], [-46.8903, -9.1039], [-46.8457, -9.1678], [-46.8277, -9.231], [-46.8275, -9.32], [-46.7914, -9.38], [-46.5371, -9.517], [-46.5361, -9.5552], [-46.5819, -9.5995], [-46.5999, -9.6518], [-46.6273, -9.6636]], [[-47.0146, -9.069], [-46.9709, -9.0656]], [[-46.6273, -9.6636], [-46.6381, -9.6625]], [[-46.6381, -9.6625], [-46.6699, -9.699], [-46.666, -9.7524], [-46.4951, -9.869], [-46.4637, -9.9301], [-46.467, -10.0134], [-46.3476, -10.1696], [-46.2822, -10.188]], [[-46.2151, -10.1736], [-46.0873, -10.2084], [-46.0232, -10.2802], [-45.9461, -10.3177]], [[-46.2822, -10.188], [-46.2151, -10.1736]]]}}, {"type": "Feature", "properties": {"layer": "state"}, "geometry": {"type": "MultiLineString", "coordinates": [[[-48.5556, -5.4129], [-48.723, -5.3553]], [[-48.2503, -5.5358], [-48.2972, -5.5171], [-48.3667, -5.4027], [-48.3971, -5.3901]], [[-48.3971, -5.3901], [-48.5556, -5.4129]], [[-48.3899, -6.3624], [-48.3775, -6.3275], [-48.4139, -6.2876], [-48.4249, -6.1566], [-48.2842, -6.0976], [-48.2842, -6.0548], [-48.3333, -6.0236], [-48.3334, -5.9762], [-48.2414, -5.9449], [-48.2227, -5.9143], [-48.291, -5.8283], [-48.2972, -5.7495], [-48.2886, -5.7272], [-48.1863, -5.701], [-48.1424, -5.6461], [-48.1487, -5.6103], [-48.2092, -5.5385], [-48.2277, -5.5353]], [[-48.2277, -5.5353], [-48.2503, -5.5358]], [[-48.4623, -6.3422], [-48.3899, -6.3624]], [[-48.8465, -6.7401], [-48.6682, -6.6493], [-48.6541, -6.6063], [-48.6678, -6.5415], [-48.6063, -6.435], [-48.5008, -6.3511], [-48.4623, -6.3422]], [[-48.8678, -6.7387], [-48.8465, -6.7401]], [[-50.2357, -9.844], [-50.1891, -9.7411], [-50.1502, -9.7004], [-50.0537, -9.3191], [-49.8325, -9.0477], [-49.7551, -8.923], [-49.6817, -8.8716], [-49.6013, -8.8475], [-49.5655, -8.8112], [-49.5034, -8.7089], [-49.5038, -8.6723], [-49.3808, -8.4368], [-49.3105, -8.3822], [-49.2263, -8.0935], [-49.1986, -8.0586], [-49.1634, -7.8036], [-49.3484, -7.6793], [-49.3906, -7.5976], [-49.3841, -7.5216], [-49.2183, -7.3093], [-49.1892, -7.2472], [-49.1892, -7.0827], [-49.2211, -6.9642], [-49.2164, -6.9251], [-49.0105, -6.7807], [-48.8678, -6.7387]]]}}, {"type": "Feature", "properties": {"layer": "state"}, "geometry": {"type": "MultiLineString", "coordinates": [[[-50.6539, -12.6065], [-50.6341, -12.4572], [-50.6122, -12.4311], [-50.6254, -12.2725], [-50.6726, -12.192], [-50.6832, -12.0418], [-50.6819, -11.9995], [-50.6577, -11.972], [-50.6649, -11.9286], [-50.6443, -11.8898], [-50.6774, -11.8627], [-50.7125, -11.7387], [-50.7072, -11.7116], [-50.658, -11.6635], [-50.6505, -11.5999], [-50.7309, -11.5306], [-50.7411, -11.4713], [-50.6709, -11.2593], [-50.6644, -11.1429], [-50.6118, -11.0612], [-50.6353, -10.9283], [-50.6134, -10.884], [-50.6266, -10.8217], [-50.5871, -10.753], [-50.5988, -10.6566], [-50.5191, -10.5583], [-50.5249, -10.5226], [-50.4982, -10.4816], [-50.4935, -10.4177], [-50.4064, -10.2991], [-50.3883, -10.2141], [-50.3914, -10.1359], [-50.304, -10.0208], [-50.2785, -9.9192], [-50.2357, -9.844]], [[-50.6644, -12.6001], [-50.6539, -12.6065]], [[-50.5953, -12.8075], [-50.6269, -12.6593], [-50.6718, -12.6231], [-50.6644, -12.6001]], [[-50.5291, -12.8408], [-50.5663, -12.8256], [-50.5721, -12.8026]], [[-50.5721, -12.8026], [-50.5953, -12.8075]], [[-50.484, -12.8448], [-50.498, -12.8402]], [[-50.498, -12.8402], [-50.5291, -12.8408]]]}}, {"type": "Feature", "properties": {"layer": "state"}, "geometry": {"type": "MultiLineString", "coordinates": [[[-46.2831, -1.7305], [-46.2269, -1.7161], [-46.2012, -1.6793], [-46.2038, -1.6119], [-46.1792, -1.5733], [-46.2012, -1.4841], [-46.1254, -1.3463], [-46.1664, -1.3022], [-46.1322, -1.2308], [-46.0846, -1.2104]], [[-46.3059, -1.7297], [-46.2831, -1.7305]], [[-46.2873, -1.8038], [-46.3037, -1.8025], [-46.3104, -1.7823], [-46.3172, -1.7414], [-46.3059, -1.7297]], [[-46.352, -2.2239], [-46.2803, -2.1407], [-46.2241, -1.9733], [-46.2091, -1.8224], [-46.2489, -1.7926]], [[-46.2489, -1.7926], [-46.2873, -1.8038]], [[-46.3759, -2.2519], [-46.3452, -2.2239]], [[-46.3452, -2.2239], [-46.352, -2.2239]], [[-46.4113, -2.2388], [-46.3759, -2.2519]], [[-46.4516, -2.3779], [-46.4152, -2.3264], [-46.4094, -2.2656], [-46.4271, -2.245], [-46.4113, -2.2388]], [[-46.5485, -2.643], [-46.509, -2.615], [-46.4905, -2.5503], [-46.4306, -2.5271], [-46.4337, -2.4112], [-46.4084, -2.3853], [-46.4089, -2.3623]], [[-46.4089, -2.3623], [-46.4516, -2.3779]], [[-46.5595, -2.6414], [-46.5485, -2.643]], [[-46.6019, -2.6647], [-46.5595, -2.6414]], [[-46.6121, -2.656], [-46.6019, -2.6647]], [[-46.6189, -2.8068], [-46.6667, -2.7385], [-46.6121, -2.656]], [[-46.5711, -2.8515], [-46.5984, -2.8341], [-46.6045, -2.8004]], [[-46.6045, -2.8004], [-46.6189, -2.8068]], [[-46.5763, -2.8493], [-46.5711, -2.8515]], [[-46.6189, -2.903], [-46.6175, -2.8738], [-46.5763, -2.8493]], [[-46.646, -2.8923], [-46.6189, -2.903]], [[-46.7008, -3.1494], [-46.6667, -3.0942], [-46.6558, -3.0241], [-46.637, -2.9973], [-46.646, -2.8923]], [[-46.7121, -3.137], [-46.7008, -3.1494]], [[-46.7287, -3.1419], [-46.7121, -3.137]], [[-46.8549, -3.333], [-46.818, -3.3191], [-46.8107, -3.2859], [-46.7561, -3.2245], [-46.7699, -3.216], [-46.7629, -3.1972], [-46.7239, -3.1759], [-46.7178, -3.1592], [-46.7356, -3.1494], [-46.7213, -3.1419]], [[-46.7213, -3.1419], [-46.7287, -3.1419]], [[-46.8619, -3.331], [-46.8549, -3.333]], [[-46.9226, -3.38], [-46.8619, -3.331]], [[-46.9274, -3.3791], [-46.9226, -3.38]], [[-47.0353, -3.6157], [-47.0231, -3.5988], [-47.0297, -3.5688], [-46.9683, -3.5255], [-46.941, -3.4442], [-46.9479, -3.4067], [-46.9274, -3.3791]], [[-47.0366, -3.6149], [-47.0353, -3.6157]], [[-47.2632, -4.0531], [-47.0786, -3.8766], [-47.0366, -3.6149]], [[-47.2735, -4.0479], [-47.2632, -4.0531]], [[-47.2905, -4.081], [-47.2735, -4.0479]], [[-47.3109, -4.0668], [-47.2905, -4.081]], [[-47.7004, -4.611], [-47.6544, -4.6056], [-47.5814, -4.5471], [-47.4874, -4.4193], [-47.4521, -4.3323], [-47.3724, -4.266], [-47.3337, -4.1646], [-47.3451, -4.1425], [-47.3314, -4.1425], [-47.3109, -4.0668]], [[-47.7405, -4.5909], [-47.7004, -4.611]], [[-47.7813, -4.6016], [-47.7405, -4.5909]], [[-47.8007, -4.5958], [-47.7813, -4.6016]], [[-48.723, -5.3553], [-48.7432, -5.3525], [-47.8007, -4.5958]]]}}, {"type": "Feature", "properties": {"layer": "state"}, "geometry": {"type": "MultiLineString", "coordinates": [[[-41.8563, -2.8409], [-41.8428, -2.7653]], [[-41.87, -2.8341], [-41.8563, -2.8409]], [[-42.2787, -3.4453], [-42.2166, -3.4338], [-42.1782, -3.4012], [-42.0999, -3.3032], [-42.117, -3.2692], [-41.9913, -3.2231], [-41.9759, -3.1865], [-41.9497, -3.1764], [-41.9226, -3.1084], [-41.8933, -3.0953], [-41.8427, -3.034], [-41.8125, -2.9551], [-41.8563, -2.8996], [-41.87, -2.8341]], [[-42.3264, -3.4448], [-42.2787, -3.4453]], [[-42.3547, -3.4514], [-42.3264, -3.4448]], [[-42.3654, -3.4503], [-42.3547, -3.4514]], [[-42.3949, -3.4657], [-42.3654, -3.4503]], [[-42.5006, -3.4511], [-42.4665, -3.4783]], [[-42.9525, -4.3902], [-42.9872, -4.307], [-42.9835, -4.2217], [-42.891, -4.1425], [-42.838, -4.0218], [-42.7252, -3.9112], [-42.7007, -3.8336], [-42.6651, -3.7868], [-42.6752, -3.6988], [-42.6632, -3.6717], [-42.6288, -3.6166], [-42.5566, -3.5502], [-42.5006, -3.4511]], [[-42.4155, -3.4643], [-42.3949, -3.4657]], [[-42.4665, -3.4783], [-42.4155, -3.4643]], [[-43.0179, -6.7674], [-42.9794, -6.7457], [-42.9158, -6.6688], [-42.9118, -6.6145], [-42.879, -6.5611], [-42.8774, -6.5036], [-42.8569, -6.4831], [-42.8705, -6.4384], [-42.8575, -6.3787], [-42.8296, -6.3525], [-42.85, -6.3292], [-42.85, -6.2541], [-42.9642, -6.1874], [-43.0009, -6.1238], [-43.0525, -6.0975], [-43.076, -6.0548], [-43.0637, -6.0015], [-43.1035, -5.9239], [-43.0896, -5.8767], [-43.1079, -5.771], [-43.0828, -5.7122], [-43.1019, -5.6233], [-43.0484, -5.5963], [-42.92, -5.4008], [-42.8492, -5.3402], [-42.8323, -5.3135], [-42.8296, -5.225], [-42.8016, -5.1809], [-42.8339, -5.0982], [-42.8569, -4.9239], [-42.8842, -4.9004], [-42.9047, -4.8278], [-42.9525, -4.7766], [-42.9292, -4.7318], [-42.9493, -4.6585], [-42.8976, -4.6149], [-42.863, -4.4987], [-42.8978, -4.4038], [-42.9385, -4.3829]], [[-42.9385, -4.3829], [-42.9525, -4.3902]], [[-43.7117, -6.6986], [-43.6445, -6.7128], [-43.5855, -6.7513]], [[-43.7896, -6.7061], [-43.7117, -6.6986]], [[-43.8015, -6.7041], [-43.7896, -6.7061]], [[-43.9379, -6.7616], [-43.8295, -6.727], [-43.8015, -6.7041]], [[-43.9735, -6.7401], [-43.9379, -6.7616]], [[-44.0629, -6.8295], [-44.0492, -6.7748], [-43.994, -6.7612], [-43.9735, -6.7401]], [[-43.566, -6.7469], [-43.5489, -6.7817], [-43.4814, -6.8335], [-43.4216, -6.8441]], [[-43.5855, -6.7513], [-43.566, -6.7469]], [[-43.1984, -6.7546], [-43.1344, -6.7803]], [[-43.4216, -6.8441], [-43.3692, -6.8065], [-43.2806, -6.7971], [-43.1984, -6.7546]], [[-43.0736, -6.7607], [-43.0179, -6.7674]], [[-43.1344, -6.7803], [-43.0736, -6.7607]], [[-44.0902, -6.809], [-44.0629, -6.8295]], [[-44.0936, -6.8562], [-44.1117, -6.8264], [-44.0902, -6.809]], [[-44.1107, -6.8493], [-44.0936, -6.8562]], [[-44.3062, -7.11], [-44.2581, -7.0058], [-44.2071, -6.9753], [-44.1682, -6.9243], [-44.1616, -6.8867], [-44.1107, -6.8493]], [[-44.3383, -7.11], [-44.3062, -7.11]], [[-44.6178, -7.3093], [-44.5768, -7.2472], [-44.4996, -7.1788], [-44.3383, -7.11]], [[-44.6246, -7.3024], [-44.6178, -7.3093]], [[-44.714, -7.398], [-44.6893, -7.3814], [-44.6692, -7.3331], [-44.6246, -7.3024]], [[-44.8164, -7.3639], [-44.7895, -7.3769]], [[-44.8816, -7.4154], [-44.8164, -7.3639]], [[-44.7536, -7.3655], [-44.714, -7.398]], [[-44.7895, -7.3769], [-44.7536, -7.3655]], [[-44.8935, -7.414], [-44.8816, -7.4154]], [[-45.5432, -7.9194], [-45.5432, -7.8642], [-45.4724, -7.6742], [-45.2984, -7.5578], [-45.0095, -7.4876], [-44.9081, -7.4444], [-44.8935, -7.414]], [[-45.5501, -7.912], [-45.5432, -7.9194]], [[-45.9461, -10.3177], [-45.9371, -10.2114], [-45.9541, -10.1799], [-45.8995, -10.0843], [-45.9007, -10.0238], [-45.8602, -10.0011], [-45.8581, -9.8316], [-45.8312, -9.7753], [-45.8445, -9.7382], [-45.8371, -9.5334], [-45.7964, -9.4612], [-45.8059, -9.4082], [-45.8958, -9.3284], [-45.9072, -9.2948], [-45.9057, -9.1794], [-45.9306, -9.1404], [-45.9332, -9.0485], [-45.9814, -8.9296], [-45.9776, -8.905], [-45.9405, -8.8442], [-45.9283, -8.7888], [-45.8207, -8.6994], [-45.7982, -8.6375], [-45.7663, -8.6059], [-45.7828, -8.5829], [-45.7506, -8.5607], [-45.735, -8.4327], [-45.6593, -8.3092], [-45.6551, -8.2556], [-45.6144, -8.2224], [-45.5774, -8.1515], [-45.5637, -8.028], [-45.5432, -8.0075], [-45.5573, -7.9877], [-45.5501, -7.912]]]}}, {"type": "Feature", "properties": {"layer": "state"}, "geometry": {"type": "MultiLineString", "coordinates": [[[-39.3822, -8.5286], [-39.288, -8.5606], [-39.2123, -8.6815]], [[-40.1139, -9.1034], [-40.0539, -9.0633], [-39.9685, -9.0429], [-39.8962, -8.9746], [-39.8762, -8.9095], [-39.8983, -8.8488], [-39.883, -8.8179], [-39.69, -8.7824], [-39.6802, -8.6497], [-39.6054, -8.6418], [-39.3822, -8.5286]], [[-39.1973, -8.6791], [-39.0287, -8.7332], [-38.9677, -8.7894], [-38.9433, -8.7905]], [[-39.2123, -8.6815], [-39.1973, -8.6791]], [[-41.1597, -8.7086], [-41.1051, -8.7195], [-41.1011, -8.7738], [-41.0752, -8.7879]], [[-41.2969, -8.7381], [-41.1597, -8.7086]], [[-41.3708, -8.7119], [-41.2969, -8.7381]], [[-38.8553, -8.7685], [-38.7061, -8.8412], [-38.6564, -8.9665], [-38.625, -8.9808]], [[-38.9433, -8.7905], [-38.8553, -8.7685]], [[-41.0063, -8.7734], [-40.9875, -8.7846], [-40.9766, -8.8215], [-40.9429, -8.8372]], [[-41.0752, -8.7879], [-41.0063, -8.7734]], [[-38.5278, -8.8192], [-38.4848, -8.8368], [-38.4654, -8.8641], [-38.5121, -8.9466], [-38.4812, -9.0003], [-38.4097, -9.034]], [[-38.625, -8.9808], [-38.6083, -8.9707], [-38.5896, -8.8586], [-38.5639, -8.8292], [-38.5278, -8.8192]], [[-40.925, -8.8259], [-40.8873, -8.8624], [-40.8952, -9.0248], [-40.8575, -9.0825], [-40.8531, -9.1518], [-40.7036, -9.2219], [-40.6902, -9.3443], [-40.7583, -9.4531]], [[-40.9429, -8.8372], [-40.925, -8.8259]], [[-38.3205, -8.9877], [-38.286, -9.0247], [-38.3146, -9.0754], [-38.3141, -9.1316], [-38.2855, -9.176], [-38.2352, -9.3304]], [[-38.4097, -9.034], [-38.3205, -8.9877]], [[-40.2115, -9.0633], [-40.1508, -9.0986]], [[-40.3654, -9.3718], [-40.3282, -9.3513], [-40.273, -9.104], [-40.2498, -9.0709], [-40.2115, -9.0633]], [[-40.1385, -9.0979], [-40.1139, -9.1034]], [[-40.1508, -9.0986], [-40.1385, -9.0979]], [[-40.4067, -9.3575], [-40.3654, -9.3718]], [[-40.6333, -9.4879], [-40.5536, -9.4641], [-40.5282, -9.4183], [-40.4501, -9.3955], [-40.4067, -9.3575]], [[-40.7257, -9.4466], [-40.6333, -9.4879]], [[-40.7583, -9.4531], [-40.7257, -9.4466]]]}}, {"type": "Feature", "properties": {"layer": "state"}, "geometry": {"type": "LineString", "coordinates": [[-38.2352, -9.3304], [-38.1899, -9.4196], [-38.0212, -9.4728], [-37.9971, -9.5268]]}}, {"type": "Feature", "properties": {"layer": "state"}, "geometry": {"type": "MultiLineString", "coordinates": [[[-37.9971, -9.5268], [-37.8954, -9.556], [-37.8045, -9.6111], [-37.7927, -9.6387]], [[-37.7695, -9.6317], [-37.6763, -9.6461], [-37.5661, -9.7275], [-37.4929, -9.742]], [[-37.7927, -9.6387], [-37.7695, -9.6317]], [[-37.4699, -9.7349], [-37.3191, -9.7895], [-37.2043, -9.8967]], [[-37.4929, -9.742], [-37.4699, -9.7349]], [[-37.1825, -9.8926], [-37.1181, -9.9148], [-37.0217, -9.9802]], [[-37.2043, -9.8967], [-37.1825, -9.8926]], [[-36.983, -9.9667], [-36.9423, -10.0148], [-36.9312, -10.1187], [-36.8669, -10.1491], [-36.8239, -10.2138], [-36.7648, -10.2277], [-36.6785, -10.2762]], [[-37.0217, -9.9802], [-36.983, -9.9667]], [[-36.6343, -10.2493], [-36.5726, -10.3117], [-36.5556, -10.4201]], [[-36.6785, -10.2762], [-36.6343, -10.2493]], [[-36.4632, -10.4065], [-36.4262, -10.4358], [-36.4062, -10.4996]], [[-36.5556, -10.4201], [-36.4632, -10.4065]]]}}, {"type": "Feature", "properties": {"layer": "state"}, "geometry": {"type": "MultiLineString", "coordinates": [[[-44.1598, -14.2711], [-44.218, -14.2389]], [[-44.218, -14.2389], [-44.243, -14.2576]], [[-44.2962, -14.2522], [-44.3208, -14.2457]], [[-44.3208, -14.2457], [-44.654, -14.3979], [-44.8363, -14.519], [-44.8817, -14.5983], [-45.1276, -14.7261]], [[-44.243, -14.2576], [-44.2784, -14.2491]], [[-44.2784, -14.2491], [-44.2962, -14.2522]], [[-44.1242, -14.2784], [-44.1486, -14.2692]], [[-44.1486, -14.2692], [-44.1598, -14.2711]], [[-44.0355, -14.2867], [-44.0984, -14.2698]], [[-44.0984, -14.2698], [-44.1242, -14.2784]], [[-43.9241, -14.3055], [-44.0021, -14.2734]], [[-44.0021, -14.2734], [-44.0355, -14.2867]], [[-43.8553, -14.3176], [-43.8997, -14.3024]], [[-43.8997, -14.3024], [-43.9241, -14.3055]], [[-43.4924, -14.7886], [-43.7064, -14.7364], [-43.7376, -14.7107], [-43.835, -14.6906], [-43.86, -14.6706], [-43.8828, -14.5617], [-43.838, -14.4256], [-43.7916, -14.3444], [-43.8377, -14.3158]], [[-43.8377, -14.3158], [-43.8553, -14.3176]], [[-43.0585, -14.6624], [-43.1774, -14.633]], [[-43.1774, -14.633], [-43.2815, -14.653], [-43.3858, -14.7012], [-43.4425, -14.775], [-43.4924, -14.7886]], [[-42.9829, -14.6802], [-43.0466, -14.6612]], [[-43.0466, -14.6612], [-43.0585, -14.6624]], [[-42.6308, -14.9391], [-42.8909, -14.7495], [-42.9237, -14.7017], [-42.9651, -14.6778]], [[-42.9651, -14.6778], [-42.9829, -14.6802]], [[-45.1276, -14.7261], [-45.1448, -14.7236]], [[-45.1448, -14.7236], [-45.1767, -14.7317]], [[-45.1767, -14.7317], [-45.1979, -14.731]], [[-45.1979, -14.731], [-45.2283, -14.744], [-45.3205, -14.8558], [-45.4429, -14.9324], [-45.4966, -14.9445]], [[-46.0734, -15.2472], [-46.0821, -15.2222], [-45.9748, -14.9982], [-46.023, -14.8688]], [[-42.1981, -15.1189], [-42.2856, -15.0989], [-42.4296, -15.0325], [-42.5804, -14.9312]], [[-42.5804, -14.9312], [-42.6308, -14.9391]], [[-45.4966, -14.9445], [-45.5297, -14.9341]], [[-45.5297, -14.9341], [-45.5583, -14.9388], [-45.6059, -15.0065], [-45.6558, -15.0425], [-45.6791, -15.0938], [-45.7645, -15.1461]], [[-42.0771, -15.1825], [-42.1714, -15.1059]], [[-42.1714, -15.1059], [-42.1981, -15.1189]], [[-41.3225, -15.742], [-41.3606, -15.4952], [-41.8014, -15.1096]], [[-41.8014, -15.1096], [-41.9528, -15.1732]], [[-45.7645, -15.1461], [-45.9049, -15.1248]], [[-45.9049, -15.1248], [-45.9296, -15.1302], [-45.9691, -15.1884], [-46.0734, -15.2472]], [[-41.9528, -15.1732], [-41.9855, -15.1666]], [[-41.9855, -15.1666], [-42.0231, -15.1717]], [[-42.0231, -15.1717], [-42.0353, -15.171]], [[-42.0353, -15.171], [-42.0771, -15.1825]], [[-40.8805, -15.6966], [-40.9449, -15.6735]], [[-40.9449, -15.6735], [-41.0299, -15.7345], [-41.1576, -15.7811]], [[-40.7501, -15.7425], [-40.8308, -15.6823]], [[-40.8308, -15.6823], [-40.8805, -15.6966]], [[-40.5448, -15.7986], [-40.5836, -15.751], [-40.6633, -15.7159]], [[-40.6633, -15.7159], [-40.7501, -15.7425]], [[-41.1576, -15.7811], [-41.2944, -15.7374]], [[-41.2944, -15.7374], [-41.3225, -15.742]], [[-40.3308, -15.8245], [-40.4748, -15.7742]], [[-40.4748, -15.7742], [-40.5448, -15.7986]], [[-40.1702, -15.8967], [-40.1762, -15.8721], [-40.2081, -15.8586], [-40.213, -15.8276], [-40.2369, -15.8182]], [[-40.2369, -15.8182], [-40.3308, -15.8245]], [[-39.9853, -15.9971], [-40.0328, -15.9789], [-40.0731, -15.9278], [-40.1381, -15.8921]], [[-40.1381, -15.8921], [-40.1702, -15.8967]], [[-40.1556, -16.5509], [-40.1374, -16.5443], [-40.1333, -16.5022], [-40.0572, -16.395], [-39.9406, -16.3132], [-39.9092, -16.2012], [-39.8646, -16.1466], [-39.8874, -16.0638], [-39.9351, -16.0011], [-39.9578, -15.9943]], [[-39.9578, -15.9943], [-39.9853, -15.9971]], [[-40.1838, -16.5435], [-40.1556, -16.5509]], [[-40.4081, -16.8846], [-40.2954, -16.8792], [-40.2469, -16.8397], [-40.2469, -16.8101], [-40.2826, -16.755], [-40.2708, -16.5957], [-40.2526, -16.5654], [-40.1838, -16.5435]], [[-40.4756, -16.8688], [-40.4081, -16.8846]], [[-40.5826, -17.4107], [-40.6096, -17.3917], [-40.601, -17.3017], [-40.562, -17.2549], [-40.5738, -17.1216], [-40.5252, -16.9305], [-40.4756, -16.8688]], [[-40.5272, -17.4311], [-40.5385, -17.4188], [-40.5151, -17.3788], [-40.5217, -17.3614]], [[-40.5217, -17.3614], [-40.5572, -17.3722], [-40.5826, -17.4107]], [[-40.4704, -17.5613], [-40.4879, -17.5541], [-40.4958, -17.5256], [-40.4786, -17.4597], [-40.4976, -17.4188]], [[-40.4976, -17.4188], [-40.5272, -17.4311]], [[-40.2068, -17.9785], [-40.2293, -17.9174], [-40.187, -17.8374], [-40.207, -17.7658], [-40.2932, -17.7103], [-40.3209, -17.6661], [-40.3816, -17.6244], [-40.4067, -17.5625], [-40.4381, -17.5563]], [[-40.4381, -17.5563], [-40.4704, -17.5613]]]}}, {"type": "Feature", "properties": {"layer": "state"}, "geometry": {"type": "MultiLineString", "coordinates": [[[-42.0004, -20.9322], [-41.9617, -20.9085], [-41.9272, -20.8272]], [[-42.0899, -20.9194], [-42.0639, -20.9276]], [[-42.3621, -21.6355], [-42.3666, -21.5937], [-42.2991, -21.4826], [-42.2954, -21.4061], [-42.2769, -21.3744], [-42.2208, -21.3371], [-42.1787, -21.2035], [-42.1788, -21.1547], [-42.0971, -21.0109], [-42.1328, -20.9905], [-42.1377, -20.9563], [-42.0899, -20.9194]], [[-42.0294, -20.9201], [-42.0004, -20.9322]], [[-42.0639, -20.9276], [-42.0294, -20.9201]], [[-42.3242, -21.643], [-42.3564, -21.6349]], [[-42.3564, -21.6349], [-42.3621, -21.6355]], [[-42.334, -21.741], [-42.2803, -21.7136], [-42.2648, -21.6874], [-42.2701, -21.6564], [-42.3006, -21.6386]], [[-42.3006, -21.6386], [-42.3242, -21.643]], [[-42.3634, -21.7335], [-42.334, -21.741]], [[-43.067, -22.0752], [-43.0375, -22.0255], [-42.9515, -22.0059], [-42.8871, -21.9598], [-42.5552, -21.8297], [-42.3634, -21.7335]], [[-43.3431, -22.0015], [-43.2963, -22.0081]], [[-43.4855, -22.0584], [-43.3431, -22.0015]], [[-43.2625, -22.0063], [-43.2029, -22.0244]], [[-43.2963, -22.0081], [-43.2625, -22.0063]], [[-43.1667, -22.021], [-43.1313, -22.0278], [-43.1468, -22.0723], [-43.1381, -22.0965]], [[-43.2029, -22.0244], [-43.1667, -22.021]], [[-43.5878, -22.0462], [-43.5566, -22.0668]], [[-43.6133, -22.0598], [-43.5878, -22.0462]], [[-43.6407, -22.0533], [-43.6133, -22.0598]], [[-43.6697, -22.0717], [-43.6407, -22.0533]], [[-43.7784, -22.0558], [-43.7448, -22.0758]], [[-44.2403, -22.2582], [-44.1244, -22.2034], [-44.086, -22.1686], [-43.7784, -22.0558]], [[-43.5053, -22.0569], [-43.4855, -22.0584]], [[-43.5566, -22.0668], [-43.5053, -22.0569]], [[-43.6918, -22.0619], [-43.6697, -22.0717]], [[-43.7448, -22.0758], [-43.6918, -22.0619]], [[-43.0911, -22.0688], [-43.067, -22.0752]], [[-43.1381, -22.0965], [-43.0911, -22.0688]], [[-44.2921, -22.2404], [-44.2403, -22.2582]], [[-44.3356, -22.2472], [-44.2921, -22.2404]], [[-44.35, -22.247], [-44.3356, -22.2472]], [[-44.4021, -22.2543], [-44.35, -22.247]], [[-44.4226, -22.2517], [-44.4021, -22.2543]], [[-44.663, -22.3682], [-44.6089, -22.3162], [-44.5327, -22.3045], [-44.4226, -22.2517]], [[-44.7215, -22.3569], [-44.663, -22.3682]], [[-44.8313, -22.4061], [-44.7215, -22.3569]]]}}, {"type": "Feature", "properties": {"layer": "state"}, "geometry": {"type": "MultiLineString", "coordinates": [[[-49.8822, -19.9311], [-50.3384, -19.8693], [-50.4566, -19.7808]], [[-50.4566, -19.7808], [-50.5575, -19.8079], [-50.5778, -19.8465], [-50.6733, -19.9259], [-50.894, -20.0078], [-50.994, -20.1017]], [[-49.3848, -19.98], [-49.5467, -19.9299]], [[-49.5467, -19.9299], [-49.8822, -19.9311]], [[-46.9759, -21.4115], [-47.0006, -21.4006], [-46.993, -21.3497], [-47.0518, -21.2035], [-47.1299, -21.1227], [-47.1517, -21.0165], [-47.1451, -20.9804], [-47.224, -20.9076], [-47.2027, -20.788], [-47.1679, -20.7506], [-47.1545, -20.6988], [-47.1149, -20.6739], [-47.1089, -20.6408], [-47.1454, -20.5315], [-47.251, -20.4786], [-47.2921, -20.4375], [-47.2754, -20.2979], [-47.2446, -20.2612], [-47.2346, -20.2059], [-47.3041, -20.1203], [-47.4386, -20.036], [-47.4345, -19.9862], [-47.4686, -19.9589]], [[-47.4686, -19.9589], [-47.5791, -19.9918], [-47.612, -20.034], [-47.6358, -20.0385]], [[-49.1819, -20.3079], [-49.2164, -20.2941], [-49.2916, -20.1647], [-49.3065, -20.0751], [-49.2945, -20.0258], [-49.25, -20.0073], [-49.2428, -19.9893], [-49.295, -19.9657]], [[-49.295, -19.9657], [-49.3848, -19.98]], [[-47.6358, -20.0385], [-47.7152, -19.9751]], [[-47.7152, -19.9751], [-47.8528, -19.9826], [-47.8771, -20.0052], [-47.8665, -20.034], [-47.8817, -20.0998], [-47.9171, -20.1144]], [[-48.0716, -20.1509], [-48.1681, -20.1029], [-48.2227, -20.0135]], [[-48.2227, -20.0135], [-48.2434, -20.0427], [-48.2199, -20.1136], [-48.2426, -20.1377]], [[-47.9171, -20.1144], [-47.9444, -20.0958], [-47.9556, -20.0495], [-47.9894, -20.0278]], [[-47.9894, -20.0278], [-48.0064, -20.1134], [-48.0716, -20.1509]], [[-48.2426, -20.1377], [-48.3152, -20.1097]], [[-48.3152, -20.1097], [-48.4009, -20.1097], [-48.4882, -20.1307]], [[-48.4882, -20.1307], [-48.5654, -20.1234]], [[-48.5654, -20.1234], [-48.6367, -20.1575]], [[-48.9011, -20.4387], [-48.9694, -20.4005], [-48.9789, -20.1848], [-49.0029, -20.1513], [-49.0417, -20.1434]], [[-49.0417, -20.1434], [-49.1211, -20.2684], [-49.1819, -20.3079]], [[-48.6367, -20.1575], [-48.7305, -20.1437]], [[-48.7305, -20.1437], [-48.8439, -20.164], [-48.8885, -20.2608], [-48.867, -20.4073], [-48.9011, -20.4387]], [[-46.7869, -21.361], [-46.8139, -21.3597]], [[-46.8139, -21.3597], [-46.8881, -21.4042], [-46.9759, -21.4115]], [[-46.6874, -21.3971], [-46.7682, -21.3598]], [[-46.7682, -21.3598], [-46.7869, -21.361]], [[-46.5893, -21.4333], [-46.6385, -21.3984], [-46.6514, -21.3698]], [[-46.6514, -21.3698], [-46.6874, -21.3971]], [[-46.5759, -21.6838], [-46.5188, -21.6027], [-46.5185, -21.5528], [-46.4924, -21.5248], [-46.5126, -21.4493], [-46.5654, -21.4281]], [[-46.5654, -21.4281], [-46.5893, -21.4333]], [[-46.6003, -21.6794], [-46.5759, -21.6838]], [[-46.6409, -22.0069], [-46.6173, -21.99], [-46.6606, -21.9035], [-46.6448, -21.8648], [-46.6698, -21.8196], [-46.6337, -21.7822], [-46.6003, -21.6794]], [[-46.6468, -22.0061], [-46.6409, -22.0069]], [[-46.4069, -22.5285], [-46.5414, -22.4759], [-46.5577, -22.4344], [-46.6527, -22.4042], [-46.6629, -22.3584], [-46.7027, -22.3153], [-46.6644, -22.2052], [-46.6017, -22.1389], [-46.6292, -22.0968], [-46.698, -22.0727], [-46.6608, -22.0513], [-46.6707, -22.0247], [-46.6468, -22.0061]], [[-44.8313, -22.4061], [-44.93, -22.4508]], [[-44.93, -22.4508], [-44.9709, -22.4486]], [[-44.9709, -22.4486], [-45.0281, -22.4673]], [[-45.0281, -22.4673], [-45.0464, -22.4638]], [[-45.0464, -22.4638], [-45.2364, -22.5633]], [[-46.3282, -22.8696], [-46.3488, -22.8629], [-46.3627, -22.8333], [-46.3566, -22.7571], [-46.476, -22.6706], [-46.3955, -22.6267], [-46.4171, -22.5695], [-46.3928, -22.5285]], [[-46.3928, -22.5285], [-46.4069, -22.5285]], [[-45.2364, -22.5633], [-45.2458, -22.5623]], [[-45.2458, -22.5623], [-45.2634, -22.6013], [-45.3991, -22.651]], [[-45.6563, -22.6517], [-45.6813, -22.6401], [-45.6485, -22.5879], [-45.6692, -22.5812]], [[-45.6692, -22.5812], [-45.7351, -22.5944], [-45.709, -22.6381], [-45.8073, -22.7037], [-45.7856, -22.7266]], [[-45.3991, -22.651], [-45.4205, -22.6095], [-45.4474, -22.5957]], [[-45.4474, -22.5957], [-45.5293, -22.6509]], [[-45.5293, -22.6509], [-45.5677, -22.6432], [-45.5831, -22.6168]], [[-45.5831, -22.6168], [-45.6563, -22.6517]], [[-45.7475, -22.7237], [-45.7254, -22.7505], [-45.7448, -22.7966]], [[-45.7856, -22.7266], [-45.7475, -22.7237]], [[-45.7448, -22.7966], [-45.766, -22.7881]], [[-45.766, -22.7881], [-45.77, -22.8326], [-45.793, -22.8502]], [[-45.8641, -22.8615], [-45.9148, -22.8182]], [[-45.9148, -22.8182], [-45.9407, -22.8382]], [[-45.793, -22.8502], [-45.8133, -22.8267]], [[-45.8133, -22.8267], [-45.8641, -22.8615]], [[-45.9407, -22.8382], [-45.9631, -22.8338]], [[-45.9631, -22.8338], [-46.0104, -22.8724], [-46.1224, -22.8929]], [[-46.1224, -22.8929], [-46.1447, -22.8906], [-46.1392, -22.8578], [-46.1562, -22.8481]], [[-46.1562, -22.8481], [-46.2287, -22.875]], [[-46.2287, -22.875], [-46.2498, -22.8685]], [[-46.2498, -22.8685], [-46.2806, -22.8817]], [[-46.2806, -22.8817], [-46.3088, -22.8696]], [[-46.3088, -22.8696], [-46.3282, -22.8696]]]}}, {"type": "Feature", "properties": {"layer": "state"}, "geometry": {"type": "MultiLineString", "coordinates": [[[-50.994, -20.1017], [-51.0291, -20.1893], [-51.087, -20.2634], [-51.1372, -20.2973], [-51.3264, -20.3624], [-51.5146, -20.5742], [-51.5801, -20.5964], [-51.6202, -20.6998], [-51.632, -20.877], [-51.7457, -20.9956], [-51.7929, -21.0898], [-51.8711, -21.144], [-51.8516, -21.2986], [-51.8674, -21.343], [-51.9283, -21.402], [-51.9652, -21.4666], [-51.9989, -21.4854]], [[-51.9989, -21.4854], [-52.0495, -21.4776]], [[-52.0495, -21.4776], [-52.0776, -21.4858], [-52.1063, -21.5503], [-52.0418, -21.6369], [-52.0436, -21.6661], [-52.1527, -21.7393], [-52.2083, -21.8535], [-52.3038, -21.9249], [-52.3693, -22.0989], [-52.5189, -22.2233], [-52.6917, -22.3025], [-52.823, -22.3848], [-52.8426, -22.4206], [-52.937, -22.4613]], [[-52.937, -22.4613], [-52.9607, -22.4547]], [[-52.9607, -22.4547], [-53.0126, -22.5285], [-53.0482, -22.5389], [-53.1093, -22.6454], [-53.168, -22.7017]]]}}, {"type": "Feature", "properties": {"layer": "state"}, "geometry": {"type": "LineString", "coordinates": [[-53.168, -22.7017], [-53.4797, -22.8308], [-53.5849, -22.9025], [-53.6227, -22.9816], [-53.6413, -23.106], [-53.7251, -23.2964], [-53.7538, -23.328], [-53.9681, -23.4438], [-54.0678, -23.8165], [-54.0772, -23.9492], [-54.2457, -24.0504]]}}, {"type": "Feature", "properties": {"layer": "state"}, "geometry": {"type": "MultiLineString", "coordinates": [[[-51.8302, -22.6179], [-52.0667, -22.5217]], [[-52.0667, -22.5217], [-52.1397, -22.5416], [-52.1747, -22.6248], [-52.2171, -22.6438]], [[-52.5208, -22.6146], [-52.5796, -22.5742], [-52.6147, -22.5695]], [[-52.6147, -22.5695], [-52.6939, -22.6037]], [[-52.8376, -22.59], [-52.8928, -22.5695]], [[-52.8928, -22.5695], [-52.9676, -22.5767], [-53.115, -22.6862], [-53.1671, -22.7027]], [[-52.6939, -22.6037], [-52.7942, -22.5892]], [[-52.7942, -22.5892], [-52.8376, -22.59]], [[-52.2171, -22.6438], [-52.2417, -22.6105], [-52.2758, -22.5974]], [[-52.2758, -22.5974], [-52.3367, -22.6183]], [[-52.3367, -22.6183], [-52.4457, -22.6029]], [[-52.4457, -22.6029], [-52.5208, -22.6146]], [[-51.6953, -22.6626], [-51.7664, -22.6121]], [[-51.7664, -22.6121], [-51.8302, -22.6179]], [[-51.0012, -22.7936], [-51.1815, -22.7403], [-51.3551, -22.6501]], [[-51.3551, -22.6501], [-51.397, -22.6567]], [[-51.5095, -22.6859], [-51.66, -22.6522]], [[-51.66, -22.6522], [-51.6953, -22.6626]], [[-51.397, -22.6567], [-51.4286, -22.6544]], [[-51.4286, -22.6544], [-51.5095, -22.6859]], [[-53.1671, -22.7027], [-53.168, -22.7017]]]}}, {"type": "Feature", "properties": {"layer": "state"}, "geometry": {"type": "MultiLineString", "coordinates": [[[-50.7495, -22.9549], [-50.7855, -22.9436], [-50.8686, -22.8287], [-51.0012, -22.7936]], [[-49.7635, -23.0973], [-49.8942, -23.0493], [-49.9141, -22.9858], [-49.96, -22.964], [-49.97, -22.9121], [-49.9888, -22.8995]], [[-49.9888, -22.8995], [-49.9973, -22.9196]], [[-49.9973, -22.9196], [-50.0275, -22.9119]], [[-50.0275, -22.9119], [-50.2076, -22.9491]], [[-50.2913, -22.9533], [-50.3846, -22.9121]], [[-50.3846, -22.9121], [-50.4293, -22.9469]], [[-50.5013, -22.9469], [-50.6555, -22.9214]], [[-50.6555, -22.9214], [-50.7495, -22.9549]], [[-50.2076, -22.9491], [-50.2615, -22.936]], [[-50.2615, -22.936], [-50.2913, -22.9533]], [[-50.4293, -22.9469], [-50.4401, -22.9422]], [[-50.4401, -22.9422], [-50.5013, -22.9469]], [[-49.533, -23.9365], [-49.6018, -23.8644], [-49.5685, -23.8326], [-49.5526, -23.7117], [-49.6062, -23.6411], [-49.6281, -23.541], [-49.6537, -23.5122], [-49.6135, -23.3934], [-49.6381, -23.2593], [-49.7457, -23.095]], [[-49.7457, -23.095], [-49.7635, -23.0973]], [[-49.2001, -24.692], [-49.2955, -24.666], [-49.2994, -24.5973], [-49.3196, -24.5548], [-49.3107, -24.532], [-49.2784, -24.5231], [-49.2711, -24.4721], [-49.2951, -24.4484], [-49.2394, -24.4181], [-49.2497, -24.3915], [-49.2241, -24.3432], [-49.2804, -24.3081], [-49.3056, -24.2432], [-49.336, -24.2249], [-49.3367, -24.1344], [-49.4525, -24.0484], [-49.5176, -23.9333]], [[-49.5176, -23.9333], [-49.533, -23.9365]], [[-48.9515, -24.675], [-49.028, -24.6345]], [[-49.028, -24.6345], [-49.0269, -24.6678], [-49.0899, -24.6884]], [[-48.7808, -24.6955], [-48.8293, -24.6623]], [[-48.8293, -24.6623], [-48.8463, -24.6709]], [[-48.8463, -24.6709], [-48.8722, -24.6691]], [[-48.8722, -24.6691], [-48.9515, -24.675]], [[-48.6598, -24.7053], [-48.6881, -24.6743]], [[-48.6881, -24.6743], [-48.7414, -24.6924]], [[-49.0899, -24.6884], [-49.1453, -24.6776]], [[-49.1453, -24.6776], [-49.2001, -24.692]], [[-48.5053, -25.0842], [-48.5662, -25.0577], [-48.5924, -25.0019], [-48.56, -24.9699], [-48.562, -24.9122], [-48.5401, -24.8798], [-48.5435, -24.8102], [-48.5086, -24.7882], [-48.4876, -24.7457], [-48.5531, -24.7165], [-48.5947, -24.6779]], [[-48.5947, -24.6779], [-48.6598, -24.7053]], [[-48.7414, -24.6924], [-48.7631, -24.6894]], [[-48.7631, -24.6894], [-48.7808, -24.6955]], [[-48.3202, -25.0157], [-48.3608, -24.9772], [-48.4205, -24.9597]], [[-48.4205, -24.9597], [-48.4605, -24.9912], [-48.462, -25.0343], [-48.5053, -25.0842]], [[-48.2643, -25.0346], [-48.2914, -25.0125]], [[-48.2914, -25.0125], [-48.3202, -25.0157]], [[-48.0788, -25.2381], [-48.1495, -25.2226], [-48.1846, -25.1968], [-48.1862, -25.1489], [-48.2302, -25.0136]], [[-48.2302, -25.0136], [-48.2643, -25.0346]], [[-48.0821, -25.3073], [-48.0325, -25.2294], [-48.0485, -25.2175]], [[-48.0485, -25.2175], [-48.0788, -25.2381]]]}}, {"type": "Feature", "properties": {"layer": "state"}, "geometry": {"type": "MultiLineString", "coordinates": [[[-53.2896, -27.1976], [-53.3142, -27.1955], [-53.2832, -27.1061], [-53.3689, -27.072]], [[-53.3689, -27.072], [-53.402, -27.1204], [-53.4542, -27.1403]], [[-53.0109, -27.147], [-53.0256, -27.1334], [-53.0025, -27.0876], [-53.0175, -27.0832]], [[-53.0175, -27.0832], [-53.0536, -27.0993], [-53.0695, -27.1505], [-53.1093, -27.1637]], [[-53.4542, -27.1403], [-53.4856, -27.1136]], [[-53.4856, -27.1136], [-53.5003, -27.1269], [-53.502, -27.1918], [-53.518, -27.1953]], [[-53.1093, -27.1637], [-53.1492, -27.1334]], [[-53.1492, -27.1334], [-53.1765, -27.1819]], [[-52.9847, -27.2235], [-53.004, -27.2058], [-52.9843, -27.1675], [-52.9983, -27.1403]], [[-52.9983, -27.1403], [-53.0109, -27.147]], [[-53.7487, -27.1819], [-53.786, -27.1484]], [[-53.786, -27.1484], [-53.8408, -27.1681]], [[-53.6534, -27.216], [-53.6617, -27.1659], [-53.6774, -27.1539]], [[-53.6774, -27.1539], [-53.7487, -27.1819]], [[-52.7382, -27.2501], [-52.8274, -27.1999], [-52.845, -27.1635], [-52.8686, -27.1614]], [[-52.8686, -27.1614], [-52.9266, -27.2024]], [[-53.1765, -27.1819], [-53.2174, -27.1614]], [[-53.2174, -27.1614], [-53.2896, -27.1976]], [[-52.9266, -27.2024], [-52.9448, -27.1635]], [[-52.9448, -27.1635], [-52.9847, -27.2235]], [[-53.8408, -27.1681], [-53.842, -27.1635]], [[-53.518, -27.1953], [-53.588, -27.175]], [[-53.588, -27.175], [-53.6534, -27.216]], [[-52.4161, -27.2713], [-52.4571, -27.216]], [[-52.4571, -27.216], [-52.4856, -27.2571], [-52.5023, -27.2572]], [[-52.5023, -27.2572], [-52.543, -27.2365]], [[-52.543, -27.2365], [-52.6216, -27.2576]], [[-52.6992, -27.2739], [-52.7178, -27.2371]], [[-52.7178, -27.2371], [-52.7382, -27.2501]], [[-52.3826, -27.288], [-52.4059, -27.239]], [[-52.4059, -27.239], [-52.4161, -27.2713]], [[-52.2318, -27.3191], [-52.2684, -27.2792], [-52.2415, -27.2581], [-52.2727, -27.2433]], [[-52.2727, -27.2433], [-52.3088, -27.2546], [-52.3, -27.2917], [-52.3146, -27.2964]], [[-52.6216, -27.2576], [-52.6734, -27.2501]], [[-52.6734, -27.2501], [-52.6992, -27.2739]], [[-52.1383, -27.2959], [-52.1595, -27.2954], [-52.1791, -27.2682]], [[-52.1791, -27.2682], [-52.2318, -27.3191]], [[-52.3146, -27.2964], [-52.345, -27.2775]], [[-52.345, -27.2775], [-52.3826, -27.288]], [[-52.0977, -27.3321], [-52.1111, -27.3291], [-52.1172, -27.2926]], [[-52.1172, -27.2926], [-52.1383, -27.2959]], [[-51.9506, -27.3873], [-51.9649, -27.3684], [-52.0089, -27.3592], [-52.0196, -27.3287]], [[-52.0196, -27.3287], [-52.0977, -27.3321]], [[-51.9829, -27.3864], [-51.9506, -27.3873]], [[-51.9452, -27.4665], [-51.9568, -27.4624], [-51.931, -27.4462], [-52.012, -27.3941], [-51.9829, -27.3864]], [[-51.8772, -27.5204], [-51.9025, -27.4978], [-51.9158, -27.4494]], [[-51.9158, -27.4494], [-51.9452, -27.4665]], [[-51.643, -27.5108], [-51.6756, -27.476]], [[-51.6756, -27.476], [-51.7173, -27.5107]], [[-51.7793, -27.5238], [-51.8537, -27.5131], [-51.8471, -27.4919], [-51.8612, -27.476]], [[-51.8612, -27.476], [-51.8772, -27.5204]], [[-51.7173, -27.5107], [-51.7617, -27.4888]], [[-51.7617, -27.4888], [-51.7871, -27.4997], [-51.7793, -27.5238]], [[-51.5961, -27.5375], [-51.6129, -27.4901]], [[-51.6129, -27.4901], [-51.643, -27.5108]], [[-51.5513, -27.5713], [-51.5664, -27.5586], [-51.563, -27.5238]], [[-51.563, -27.5238], [-51.5961, -27.5375]], [[-51.3883, -27.6548], [-51.4056, -27.6238], [-51.4429, -27.6064], [-51.4662, -27.5616], [-51.4947, -27.5586]], [[-51.4947, -27.5586], [-51.5513, -27.5713]], [[-51.3202, -27.674], [-51.3346, -27.6691], [-51.3469, -27.6272]], [[-51.3469, -27.6272], [-51.3883, -27.6548]], [[-51.2171, -27.7717], [-51.292, -27.7163], [-51.2834, -27.691], [-51.3023, -27.6732]], [[-51.3023, -27.6732], [-51.3202, -27.674]], [[-50.9842, -27.9559], [-51.0124, -27.9347], [-51.0805, -27.8211], [-51.1896, -27.7647]], [[-51.1896, -27.7647], [-51.2171, -27.7717]], [[-50.8544, -28.1341], [-50.87, -28.0917], [-50.8925, -28.0826], [-50.8862, -28.0252], [-50.9636, -27.95]], [[-50.9636, -27.95], [-50.9842, -27.9559]], [[-50.8042, -28.1391], [-50.8299, -28.121]], [[-50.8299, -28.121], [-50.8544, -28.1341]], [[-50.5392, -28.4158], [-50.6211, -28.3742], [-50.6962, -28.2643], [-50.744, -28.237], [-50.7924, -28.134]], [[-50.7924, -28.134], [-50.8042, -28.1391]], [[-50.3467, -28.4499], [-50.3589, -28.4329], [-50.4991, -28.4012]], [[-50.4991, -28.4012], [-50.5392, -28.4158]], [[-50.1618, -28.484], [-50.217, -28.4499], [-50.318, -28.4385]], [[-50.318, -28.4385], [-50.3467, -28.4499]], [[-50.038, -28.4802], [-50.1106, -28.4704], [-50.1338, -28.4425]], [[-50.1338, -28.4425], [-50.1452, -28.4836], [-50.1618, -28.484]], [[-49.781, -28.4977], [-49.8339, -28.4917], [-49.8732, -28.4499]], [[-49.8732, -28.4499], [-49.9367, -28.4715]], [[-49.9367, -28.4715], [-49.9729, -28.4505]], [[-49.9729, -28.4505], [-50.038, -28.4802]], [[-49.7231, -28.6172], [-49.6997, -28.5953], [-49.7206, -28.5549], [-49.7072, -28.5313], [-49.7366, -28.5114], [-49.7571, -28.4704]], [[-49.7571, -28.4704], [-49.781, -28.4977]], [[-49.7632, -28.6059], [-49.7231, -28.6172]], [[-49.8999, -28.7324], [-49.8374, -28.6898], [-49.7927, -28.6199], [-49.7632, -28.6059]], [[-49.9119, -28.7129], [-49.8999, -28.7324]], [[-50.0128, -29.1055], [-49.9487, -28.961], [-49.9608, -28.8327], [-49.9119, -28.7129]], [[-50.0697, -29.0926], [-50.0451, -29.1163]], [[-50.0523, -29.3554], [-50.1679, -29.2837], [-50.1622, -29.1903], [-50.1065, -29.1497], [-50.0697, -29.0926]], [[-50.0235, -29.1032], [-50.0128, -29.1055]], [[-50.0451, -29.1163], [-50.0235, -29.1032]], [[-49.7135, -29.3245], [-49.7316, -29.3215], [-49.7489, -29.2912], [-49.8135, -29.2715], [-49.8706, -29.2179], [-49.9545, -29.1938]], [[-49.9545, -29.1938], [-49.9746, -29.2173]], [[-49.9746, -29.2173], [-49.9916, -29.2172]], [[-49.9916, -29.2172], [-50.094, -29.2525], [-50.0341, -29.3149], [-50.0523, -29.3554]]]}}, {"type": "Feature", "properties": {"layer": "state"}, "geometry": {"type": "MultiLineString", "coordinates": [[[-55.7297, -17.3635], [-55.8024, -17.3452], [-55.8471, -17.3051], [-55.9951, -17.2598], [-56.0439, -17.1981], [-56.1191, -17.1873]], [[-56.1191, -17.1873], [-56.2393, -17.2139], [-56.3289, -17.2864]], [[-53.9768, -17.9333], [-53.9888, -17.9022], [-53.9781, -17.8737], [-53.9262, -17.8113], [-53.8751, -17.7053], [-53.7537, -17.6513], [-53.6827, -17.3083], [-53.6892, -17.2502]], [[-53.6892, -17.2502], [-53.7582, -17.2598], [-53.8215, -17.3061], [-53.951, -17.4579], [-54.0382, -17.5103], [-54.0835, -17.5863], [-54.1436, -17.6273]], [[-56.3289, -17.2864], [-56.3525, -17.2801]], [[-56.3525, -17.2801], [-56.4375, -17.3193]], [[-56.4375, -17.3193], [-56.4978, -17.3035]], [[-56.4978, -17.3035], [-56.668, -17.3224]], [[-56.668, -17.3224], [-56.7467, -17.3165]], [[-56.7467, -17.3165], [-56.7829, -17.3405], [-56.7962, -17.3768], [-56.8387, -17.397], [-56.8521, -17.4852], [-56.8955, -17.5338], [-56.9758, -17.5845], [-56.9789, -17.6568], [-57.0831, -17.7632], [-57.4182, -17.8641], [-57.4707, -17.9475]], [[-55.1805, -17.6858], [-55.3391, -17.5846], [-55.536, -17.5015], [-55.6086, -17.3933], [-55.7069, -17.3591]], [[-55.7069, -17.3591], [-55.7297, -17.3635]], [[-54.5854, -17.5076], [-54.6065, -17.505]], [[-54.6065, -17.505], [-54.7522, -17.538], [-54.811, -17.6017], [-54.9278, -17.6573]], [[-54.3511, -17.6796], [-54.4004, -17.6648], [-54.4205, -17.5809], [-54.5479, -17.5071]], [[-54.5479, -17.5071], [-54.5854, -17.5076]], [[-54.1436, -17.6273], [-54.166, -17.6245]], [[-54.166, -17.6245], [-54.3511, -17.6796]], [[-54.9278, -17.6573], [-54.9581, -17.6549]], [[-54.9581, -17.6549], [-55.0762, -17.6804]], [[-55.0762, -17.6804], [-55.117, -17.6775]], [[-55.117, -17.6775], [-55.1805, -17.6858]], [[-57.676, -17.7395], [-57.714, -17.7297]], [[-57.714, -17.7297], [-57.7245, -17.7366]], [[-57.4707, -17.9475], [-57.4697, -17.9012], [-57.4896, -17.8726], [-57.6023, -17.8181], [-57.6124, -17.7671], [-57.647, -17.7385]], [[-57.647, -17.7385], [-57.676, -17.7395]], [[-53.7282, -18.008], [-53.9416, -17.9281]], [[-53.9416, -17.9281], [-53.9768, -17.9333]], [[-53.4627, -18.0135], [-53.6047, -17.9929]], [[-53.6047, -17.9929], [-53.7282, -18.008]], [[-53.1466, -18.0316], [-53.3076, -17.9975]], [[-53.3076, -17.9975], [-53.4019, -18.0022]], [[-53.4019, -18.0022], [-53.4219, -17.9998]], [[-53.4219, -17.9998], [-53.4627, -18.0135]], [[-53.0658, -18.0219], [-53.1466, -18.0316]]]}}, {"type": "Feature", "properties": {"layer": "state"}, "geometry": {"type": "MultiLineString", "coordinates": [[[-51.275, -15.0182], [-51.176, -14.9767], [-51.1381, -14.9121], [-51.1003, -14.8879], [-51.0388, -14.6582], [-51.01, -14.6284], [-50.9699, -14.5185], [-50.9832, -14.4502]], [[-51.32, -14.9561], [-51.2975, -15.0104], [-51.275, -15.0182]], [[-51.7629, -15.5384], [-51.7115, -15.4742], [-51.6792, -15.3789], [-51.6819, -15.3113], [-51.6489, -15.2646], [-51.6489, -15.1901], [-51.5757, -15.1401], [-51.5137, -15.0627], [-51.32, -14.9561]], [[-51.7855, -15.5253], [-51.7629, -15.5384]], [[-51.9158, -15.8127], [-51.8716, -15.7925], [-51.7824, -15.6314], [-51.7855, -15.5253]], [[-51.9537, -15.799], [-51.9158, -15.8127]], [[-53.0538, -18.0166], [-53.144, -17.7878], [-53.231, -17.6521], [-53.2448, -17.5924], [-53.2112, -17.4091], [-53.1896, -17.3626], [-53.2033, -17.282], [-53.1587, -17.2245], [-53.1355, -17.1633], [-53.0377, -17.0376], [-53.0194, -16.8679], [-52.9635, -16.819], [-52.8093, -16.7454], [-52.7122, -16.6506], [-52.6965, -16.5889], [-52.6324, -16.5289], [-52.6155, -16.4261], [-52.6763, -16.3828], [-52.6749, -16.3007], [-52.5393, -16.2334], [-52.5325, -16.1521], [-52.4487, -16.1106], [-52.4304, -16.0827], [-52.3342, -16.0461], [-52.3068, -15.9864], [-52.2306, -15.8987], [-52.0299, -15.8684], [-51.9537, -15.799]]]}}]}
