{"type": "FeatureCollection", "features": [{"type": "Feature", "properties": {"source_grid_index": 761, "source_longitude": -51.0, "source_latitude": 3.6, "nearest_grid_distance_km": 21.9379, "compound_count_annual_mean": 0.82, "mean_overlap_duration": 4.89, "mean_compound_intensity_norm": 0.2579, "Hazard_Index": 0.2677, "Hazard_Frequency": 0.0537, "Hazard_Severity": 0.4554, "Hazard_Index_raw": 0.2546, "municipality_name": "Calçoene", "municipality_state": "AP", "municipality_distance_km": 0.7828, "segment_count": 5, "metrics_index": 761}, "geometry": {"type": "LineString", "coordinates": [[-51.0794, 3.4921], [-51.0879, 3.4706], [-51.0965, 3.449], [-51.0946, 3.4127], [-51.0927, 3.3763], [-51.0786, 3.3395]]}}, {"type": "Feature", "properties": {"source_grid_index": 760, "source_longitude": -50.8, "source_latitude": 3.4, "nearest_grid_distance_km": 31.4057, "compound_count_annual_mean": 0.94, "mean_overlap_duration": 4.61, "mean_compound_intensity_norm": 0.2618, "Hazard_Index": 0.2556, "Hazard_Frequency": 0.0657, "Hazard_Severity": 0.4215, "Hazard_Index_raw": 0.2436, "municipality_name": "Calçoene", "municipality_state": "AP", "municipality_distance_km": 0.4545, "segment_count": 1, "metrics_index": 760}, "geometry": {"type": "LineString", "coordinates": [[-51.0786, 3.3395], [-51.0644, 3.3028]]}}, {"type": "Feature", "properties": {"source_grid_index": 758, "source_longitude": -50.8, "source_latitude": 3.2, "nearest_grid_distance_km": 27.115, "compound_count_annual_mean": 0.85, "mean_overlap_duration": 5.25, "mean_compound_intensity_norm": 0.3035, "Hazard_Index": 0.3038, "Hazard_Frequency": 0.0567, "Hazard_Severity": 0.5182, "Hazard_Index_raw": 0.2875, "municipality_name": "Calçoene", "municipality_state": "AP", "municipality_distance_km": 0.6676, "segment_count": 7, "metrics_index": 758}, "geometry": {"type": "LineString", "coordinates": [[-51.0644, 3.3028], [-51.0502, 3.266], [-51.036, 3.2292], [-51.0319, 3.2054], [-51.0278, 3.1816], [-51.0406, 3.1509], [-51.0337, 3.1271], [-51.0184, 3.092]]}}, {"type": "Feature", "properties": {"source_grid_index": 756, "source_longitude": -50.8, "source_latitude": 3.0, "nearest_grid_distance_km": 22.666, "compound_count_annual_mean": 0.91, "mean_overlap_duration": 4.97, "mean_compound_intensity_norm": 0.3021, "Hazard_Index": 0.3191, "Hazard_Frequency": 0.0627, "Hazard_Severity": 0.5402, "Hazard_Index_raw": 0.3015, "municipality_name": "Calçoene", "municipality_state": "AP", "municipality_distance_km": 0.0, "segment_count": 10, "metrics_index": 756}, "geometry": {"type": "LineString", "coordinates": [[-51.0184, 3.092], [-51.014, 3.0724], [-51.0192, 3.057], [-51.0168, 3.0356], [-51.004, 3.0227], [-50.9973, 3.0055], [-50.9889, 2.9806], [-50.9865, 2.9584], [-50.9797, 2.9387], [-50.9645, 2.9163], [-50.9518, 2.8898]]}}, {"type": "Feature", "properties": {"source_grid_index": 754, "source_longitude": -50.8, "source_latitude": 2.8, "nearest_grid_distance_km": 14.3287, "compound_count_annual_mean": 1.27, "mean_overlap_duration": 4.81, "mean_compound_intensity_norm": 0.3321, "Hazard_Index": 0.3678, "Hazard_Frequency": 0.0985, "Hazard_Severity": 0.5933, "Hazard_Index_raw": 0.3459, "municipality_name": "Calçoene", "municipality_state": "AP", "municipality_distance_km": 0.2801, "segment_count": 14, "metrics_index": 754}, "geometry": {"type": "LineString", "coordinates": [[-50.9518, 2.8898], [-50.9442, 2.8752], [-50.946, 2.8632], [-50.9495, 2.8479], [-50.9487, 2.8367], [-50.9445, 2.8222], [-50.9343, 2.8144], [-50.9229, 2.8089], [-50.9173, 2.8007], [-50.9028, 2.7938], [-50.8986, 2.7792], [-50.8936, 2.7629], [-50.8826, 2.7484], [-50.875, 2.7287], [-50.8734, 2.7039]]}}, {"type": "Feature", "properties": {"source_grid_index": 751, "source_longitude": -50.8, "source_latitude": 2.6, "nearest_grid_distance_km": 10.3097, "compound_count_annual_mean": 1.67, "mean_overlap_duration": 4.31, "mean_compound_intensity_norm": 0.3436, "Hazard_Index": 0.3977, "Hazard_Frequency": 0.1373, "Hazard_Severity": 0.609, "Hazard_Index_raw": 0.3732, "municipality_name": "Calçoene", "municipality_state": "AP", "municipality_distance_km": 1.2514, "segment_count": 19, "metrics_index": 751}, "geometry": {"type": "LineString", "coordinates": [[-50.8734, 2.7039], [-50.8658, 2.6842], [-50.8522, 2.6661], [-50.8464, 2.6473], [-50.8439, 2.6268], [-50.8347, 2.5934], [-50.819, 2.5524], [-50.8219, 2.5284], [-50.8301, 2.518], [-50.8368, 2.5146], [-50.8402, 2.5065], [-50.8395, 2.4975], [-50.8335, 2.4907], [-50.8236, 2.4897], [-50.8179, 2.4953], [-50.8129, 2.5021], [-50.8055, 2.5044], [-50.7916, 2.4946], [-50.7742, 2.4653], [-50.763, 2.4436]]}}, {"type": "Feature", "properties": {"source_grid_index": 748, "source_longitude": -50.6, "source_latitude": 2.4, "nearest_grid_distance_km": 17.0771, "compound_count_annual_mean": 1.64, "mean_overlap_duration": 4.69, "mean_compound_intensity_norm": 0.4066, "Hazard_Index": 0.525, "Hazard_Frequency": 0.1343, "Hazard_Severity": 0.8442, "Hazard_Index_raw": 0.4892, "municipality_name": "Calçoene", "municipality_state": "AP", "municipality_distance_km": 0.5637, "segment_count": 7, "metrics_index": 748}, "geometry": {"type": "LineString", "coordinates": [[-50.763, 2.4436], [-50.7611, 2.4188], [-50.7519, 2.397], [-50.7424, 2.3785], [-50.7441, 2.3673], [-50.7396, 2.3515], [-50.7338, 2.3133], [-50.7205, 2.2926]]}}, {"type": "Feature", "properties": {"source_grid_index": 744, "source_longitude": -50.6, "source_latitude": 2.2, "nearest_grid_distance_km": 12.2808, "compound_count_annual_mean": 1.97, "mean_overlap_duration": 4.54, "mean_compound_intensity_norm": 0.3582, "Hazard_Index": 0.5217, "Hazard_Frequency": 0.1672, "Hazard_Severity": 0.8052, "Hazard_Index_raw": 0.4862, "municipality_name": "Calçoene", "municipality_state": "AP", "municipality_distance_km": 0.3543, "segment_count": 8, "metrics_index": 744}, "geometry": {"type": "LineString", "coordinates": [[-50.7205, 2.2926], [-50.7176, 2.2585], [-50.7126, 2.2368], [-50.6973, 2.2161], [-50.686, 2.1985], [-50.6793, 2.1717], [-50.6955, 2.1473], [-50.7032, 2.1413], [-50.7132, 2.1385]]}}, {"type": "Feature", "properties": {"source_grid_index": 744, "source_longitude": -50.6, "source_latitude": 2.2, "nearest_grid_distance_km": 15.7686, "compound_count_annual_mean": 1.97, "mean_overlap_duration": 4.54, "mean_compound_intensity_norm": 0.3582, "Hazard_Index": 0.5217, "Hazard_Frequency": 0.1672, "Hazard_Severity": 0.8052, "Hazard_Index_raw": 0.4862, "municipality_name": "Amapá", "municipality_state": "AP", "municipality_distance_km": 0.0, "segment_count": 2, "metrics_index": 744}, "geometry": {"type": "LineString", "coordinates": [[-50.7132, 2.1385], [-50.73, 2.1396], [-50.7373, 2.1345]]}}, {"type": "Feature", "properties": {"source_grid_index": 744, "source_longitude": -50.6, "source_latitude": 2.2, "nearest_grid_distance_km": 19.1006, "compound_count_annual_mean": 1.97, "mean_overlap_duration": 4.54, "mean_compound_intensity_norm": 0.3582, "Hazard_Index": 0.5217, "Hazard_Frequency": 0.1672, "Hazard_Severity": 0.8052, "Hazard_Index_raw": 0.4862, "municipality_name": "Calçoene", "municipality_state": "AP", "municipality_distance_km": 0.0, "segment_count": 2, "metrics_index": 744}, "geometry": {"type": "LineString", "coordinates": [[-50.7373, 2.1345], [-50.7659, 2.1433], [-50.7782, 2.15]]}}, {"type": "Feature", "properties": {"source_grid_index": 744, "source_longitude": -50.6, "source_latitude": 2.2, "nearest_grid_distance_km": 20.7778, "compound_count_annual_mean": 1.97, "mean_overlap_duration": 4.54, "mean_compound_intensity_norm": 0.3582, "Hazard_Index": 0.5217, "Hazard_Frequency": 0.1672, "Hazard_Severity": 0.8052, "Hazard_Index_raw": 0.4862, "municipality_name": "Amapá", "municipality_state": "AP", "municipality_distance_km": 0.0, "segment_count": 37, "metrics_index": 744}, "geometry": {"type": "LineString", "coordinates": [[-50.7782, 2.15], [-50.7857, 2.1618], [-50.7926, 2.1618], [-50.7926, 2.155], [-50.7911, 2.1505], [-50.7857, 2.1413], [-50.7804, 2.1364], [-50.7734, 2.1339], [-50.7672, 2.1307], [-50.7646, 2.124], [-50.7657, 2.1176], [-50.7709, 2.1081], [-50.7781, 2.0832], [-50.7797, 2.0709], [-50.772, 2.0609], [-50.7679, 2.0514], [-50.7615, 2.0439], [-50.7516, 2.0451], [-50.746, 2.053], [-50.745, 2.064], [-50.7455, 2.0758], [-50.7441, 2.086], [-50.7347, 2.1038], [-50.7206, 2.1194], [-50.7021, 2.1303], [-50.6793, 2.1345], [-50.66, 2.1307], [-50.6398, 2.118], [-50.6196, 2.1052], [-50.6001, 2.0752], [-50.5971, 2.052], [-50.5941, 2.0287], [-50.5899, 2.0172], [-50.5748, 1.9901], [-50.5597, 1.9631], [-50.5334, 1.9304], [-50.5222, 1.9125], [-50.5152, 1.8729]]}}, {"type": "Feature", "properties": {"source_grid_index": 740, "source_longitude": -50.2, "source_latitude": 2.0, "nearest_grid_distance_km": 28.4993, "compound_count_annual_mean": 1.76, "mean_overlap_duration": 4.66, "mean_compound_intensity_norm": 0.4073, "Hazard_Index": 0.574, "Hazard_Frequency": 0.1463, "Hazard_Severity": 0.9215, "Hazard_Index_raw": 0.5339, "municipality_name": "Amapá", "municipality_state": "AP", "municipality_distance_km": 0.0, "segment_count": 15, "metrics_index": 740}, "geometry": {"type": "LineString", "coordinates": [[-50.5152, 1.8729], [-50.5092, 1.8572], [-50.5007, 1.8439], [-50.4909, 1.8328], [-50.4665, 1.8154], [-50.4326, 1.8025], [-50.3934, 1.7978], [-50.3531, 1.8049], [-50.3306, 1.8181], [-50.305, 1.8136], [-50.2908, 1.812], [-50.2684, 1.8117], [-50.2579, 1.8078], [-50.2224, 1.814], [-50.2069, 1.8139], [-50.1832, 1.8189]]}}, {"type": "Feature", "properties": {"source_grid_index": 737, "source_longitude": -50.0, "source_latitude": 1.8, "nearest_grid_distance_km": 11.0284, "compound_count_annual_mean": 2.27, "mean_overlap_duration": 4.24, "mean_compound_intensity_norm": 0.3926, "Hazard_Index": 0.6033, "Hazard_Frequency": 0.197, "Hazard_Severity": 0.9242, "Hazard_Index_raw": 0.5606, "municipality_name": "Amapá", "municipality_state": "AP", "municipality_distance_km": 0.4246, "segment_count": 10, "metrics_index": 737}, "geometry": {"type": "LineString", "coordinates": [[-50.1832, 1.8189], [-50.1646, 1.8156], [-50.1379, 1.7989], [-50.1147, 1.7905], [-50.0916, 1.7821], [-50.0624, 1.7719], [-50.0332, 1.7618], [-50.0041, 1.7516], [-49.9773, 1.7365], [-49.9506, 1.7213], [-49.923, 1.6902]]}}, {"type": "Feature", "properties": {"source_grid_index": 735, "source_longitude": -49.8, "source_latitude": 1.6, "nearest_grid_distance_km": 12.8333, "compound_count_annual_mean": 1.88, "mean_overlap_duration": 4.4, "mean_compound_intensity_norm": 0.3375, "Hazard_Index": 0.4666, "Hazard_Frequency": 0.1582, "Hazard_Severity": 0.7137, "Hazard_Index_raw": 0.436, "municipality_name": "Amapá", "municipality_state": "AP", "municipality_distance_km": 0.4769, "segment_count": 7, "metrics_index": 735}, "geometry": {"type": "LineString", "coordinates": [[-49.923, 1.6902], [-49.9102, 1.6643], [-49.9055, 1.638], [-49.9008, 1.6117], [-49.9, 1.5776], [-49.8991, 1.558], [-49.8951, 1.5311], [-49.8913, 1.5001]]}}, {"type": "Feature", "properties": {"source_grid_index": 733, "source_longitude": -49.8, "source_latitude": 1.4, "nearest_grid_distance_km": 10.7145, "compound_count_annual_mean": 1.49, "mean_overlap_duration": 4.18, "mean_compound_intensity_norm": 0.2354, "Hazard_Index": 0.2498, "Hazard_Frequency": 0.1194, "Hazard_Severity": 0.3571, "Hazard_Index_raw": 0.2382, "municipality_name": "Amapá", "municipality_state": "AP", "municipality_distance_km": 0.0, "segment_count": 6, "metrics_index": 733}, "geometry": {"type": "LineString", "coordinates": [[-49.8913, 1.5001], [-49.8876, 1.4691], [-49.8763, 1.4334], [-49.8736, 1.3923], [-49.873, 1.3599], [-49.878, 1.3338], [-49.883, 1.3077]]}}, {"type": "Feature", "properties": {"source_grid_index": 728, "source_longitude": -49.8, "source_latitude": 1.2, "nearest_grid_distance_km": 18.1887, "compound_count_annual_mean": 1.21, "mean_overlap_duration": 3.9, "mean_compound_intensity_norm": 0.1443, "Hazard_Index": 0.0925, "Hazard_Frequency": 0.0925, "Hazard_Severity": 0.0971, "Hazard_Index_raw": 0.0948, "municipality_name": "Amapá", "municipality_state": "AP", "municipality_distance_km": 1.2675, "segment_count": 6, "metrics_index": 728}, "geometry": {"type": "LineString", "coordinates": [[-49.883, 1.3077], [-49.8952, 1.2898], [-49.9129, 1.2723], [-49.9404, 1.2587], [-49.9753, 1.245], [-50.0002, 1.2377], [-50.025, 1.2304]]}}, {"type": "Feature", "properties": {"source_grid_index": 720, "source_longitude": -50.0, "source_latitude": 1.0, "nearest_grid_distance_km": 27.0976, "compound_count_annual_mean": 3.15, "mean_overlap_duration": 2.28, "mean_compound_intensity_norm": 0.248, "Hazard_Index": 0.3101, "Hazard_Frequency": 0.2836, "Hazard_Severity": 0.3029, "Hazard_Index_raw": 0.2933, "municipality_name": "Amapá", "municipality_state": "AP", "municipality_distance_km": 0.0, "segment_count": 10, "metrics_index": 720}, "geometry": {"type": "LineString", "coordinates": [[-50.025, 1.2304], [-50.0673, 1.2252], [-50.1022, 1.2147], [-50.118, 1.2158], [-50.1307, 1.2201], [-50.1413, 1.2254], [-50.1497, 1.2212], [-50.1477, 1.2054], [-50.1382, 1.1937], [-50.1202, 1.1852], [-50.098, 1.1947]]}}, {"type": "Feature", "properties": {"source_grid_index": 720, "source_longitude": -50.0, "source_latitude": 1.0, "nearest_grid_distance_km": 22.3653, "compound_count_annual_mean": 3.15, "mean_overlap_duration": 2.28, "mean_compound_intensity_norm": 0.248, "Hazard_Index": 0.3101, "Hazard_Frequency": 0.2836, "Hazard_Severity": 0.3029, "Hazard_Index_raw": 0.2933, "municipality_name": "Macapá", "municipality_state": "AP", "municipality_distance_km": 0.8797, "segment_count": 3, "metrics_index": 720}, "geometry": {"type": "LineString", "coordinates": [[-50.098, 1.1947], [-50.0674, 1.1872], [-50.0262, 1.1976], [-49.9987, 1.1997]]}}, {"type": "Feature", "properties": {"source_grid_index": 728, "source_longitude": -49.8, "source_latitude": 1.2, "nearest_grid_distance_km": 13.9475, "compound_count_annual_mean": 1.21, "mean_overlap_duration": 3.9, "mean_compound_intensity_norm": 0.1443, "Hazard_Index": 0.0925, "Hazard_Frequency": 0.0925, "Hazard_Severity": 0.0971, "Hazard_Index_raw": 0.0948, "municipality_name": "Macapá", "municipality_state": "AP", "municipality_distance_km": 0.0, "segment_count": 9, "metrics_index": 728}, "geometry": {"type": "LineString", "coordinates": [[-49.9987, 1.1997], [-49.9755, 1.1975], [-49.9448, 1.2185], [-49.9215, 1.2185], [-49.9049, 1.2068], [-49.8907, 1.186], [-49.8876, 1.1749], [-49.89, 1.1652], [-49.9081, 1.1333], [-49.9235, 1.1153]]}}, {"type": "Feature", "properties": {"source_grid_index": 720, "source_longitude": -50.0, "source_latitude": 1.0, "nearest_grid_distance_km": 10.7995, "compound_count_annual_mean": 3.15, "mean_overlap_duration": 2.28, "mean_compound_intensity_norm": 0.248, "Hazard_Index": 0.3101, "Hazard_Frequency": 0.2836, "Hazard_Severity": 0.3029, "Hazard_Index_raw": 0.2933, "municipality_name": "Macapá", "municipality_state": "AP", "municipality_distance_km": 0.0, "segment_count": 12, "metrics_index": 720}, "geometry": {"type": "LineString", "coordinates": [[-49.9235, 1.1153], [-49.9389, 1.0972], [-49.9589, 1.0847], [-49.9788, 1.0722], [-50.0143, 1.0709], [-50.0316, 1.1059], [-50.0412, 1.088], [-50.0467, 1.0529], [-50.0609, 1.0189], [-50.0964, 1.0036], [-50.1061, 0.9953], [-50.1238, 0.9684], [-50.1414, 0.9415]]}}, {"type": "Feature", "properties": {"source_grid_index": 710, "source_longitude": -50.2, "source_latitude": 0.8, "nearest_grid_distance_km": 12.5811, "compound_count_annual_mean": 3.61, "mean_overlap_duration": 2.34, "mean_compound_intensity_norm": 0.2596, "Hazard_Index": 0.3493, "Hazard_Frequency": 0.3284, "Hazard_Severity": 0.3296, "Hazard_Index_raw": 0.329, "municipality_name": "Macapá", "municipality_state": "AP", "municipality_distance_km": 0.0, "segment_count": 10, "metrics_index": 710}, "geometry": {"type": "LineString", "coordinates": [[-50.1414, 0.9415], [-50.1558, 0.9273], [-50.1704, 0.9165], [-50.2095, 0.8983], [-50.2486, 0.8801], [-50.2616, 0.8698], [-50.2822, 0.8476], [-50.3028, 0.8254], [-50.3125, 0.8172], [-50.329, 0.7767], [-50.3456, 0.7363]]}}, {"type": "Feature", "properties": {"source_grid_index": 698, "source_longitude": -50.4, "source_latitude": 0.6, "nearest_grid_distance_km": 11.2234, "compound_count_annual_mean": 4.33, "mean_overlap_duration": 2.34, "mean_compound_intensity_norm": 0.2232, "Hazard_Index": 0.3609, "Hazard_Frequency": 0.4, "Hazard_Severity": 0.2792, "Hazard_Index_raw": 0.3396, "municipality_name": "Macapá", "municipality_state": "AP", "municipality_distance_km": 0.0, "segment_count": 7, "metrics_index": 698}, "geometry": {"type": "LineString", "coordinates": [[-50.3456, 0.7363], [-50.3534, 0.7267], [-50.3667, 0.7156], [-50.4, 0.6971], [-50.4332, 0.6787], [-50.4534, 0.664], [-50.4659, 0.6464], [-50.4771, 0.6163]]}}, {"type": "Feature", "properties": {"source_grid_index": 698, "source_longitude": -50.4, "source_latitude": 0.6, "nearest_grid_distance_km": 14.9357, "compound_count_annual_mean": 4.33, "mean_overlap_duration": 2.34, "mean_compound_intensity_norm": 0.2232, "Hazard_Index": 0.3609, "Hazard_Frequency": 0.4, "Hazard_Severity": 0.2792, "Hazard_Index_raw": 0.3396, "municipality_name": "Chaves", "municipality_state": "PA", "municipality_distance_km": 4.5545, "segment_count": 5, "metrics_index": 698}, "geometry": {"type": "LineString", "coordinates": [[-50.4771, 0.6163], [-50.4884, 0.5861], [-50.4997, 0.556], [-50.52, 0.52], [-50.5403, 0.484], [-50.5607, 0.448]]}}, {"type": "Feature", "properties": {"source_grid_index": 685, "source_longitude": -50.6, "source_latitude": 0.2, "nearest_grid_distance_km": 23.4597, "compound_count_annual_mean": 3.55, "mean_overlap_duration": 2.42, "mean_compound_intensity_norm": 0.2121, "Hazard_Index": 0.3237, "Hazard_Frequency": 0.3224, "Hazard_Severity": 0.2889, "Hazard_Index_raw": 0.3056, "municipality_name": "Chaves", "municipality_state": "PA", "municipality_distance_km": 7.1035, "segment_count": 2, "metrics_index": 685}, "geometry": {"type": "LineString", "coordinates": [[-50.5607, 0.448], [-50.5848, 0.411], [-50.609, 0.3739]]}}, {"type": "Feature", "properties": {"source_grid_index": 685, "source_longitude": -50.6, "source_latitude": 0.2, "nearest_grid_distance_km": 57.478, "compound_count_annual_mean": 3.55, "mean_overlap_duration": 2.42, "mean_compound_intensity_norm": 0.2121, "Hazard_Index": 0.3237, "Hazard_Frequency": 0.3224, "Hazard_Severity": 0.2889, "Hazard_Index_raw": 0.3056, "municipality_name": "Macapá", "municipality_state": "AP", "municipality_distance_km": 6.2503, "segment_count": 43, "metrics_index": 685}, "geometry": {"type": "LineString", "coordinates": [[-50.609, 0.3739], [-50.6373, 0.3448], [-50.6656, 0.3156], [-50.694, 0.2864], [-50.7181, 0.2572], [-50.7423, 0.228], [-50.7665, 0.1987], [-50.7906, 0.1695], [-50.8017, 0.169], [-50.8192, 0.1737], [-50.854, 0.1737], [-50.8915, 0.1645], [-50.9289, 0.1554], [-50.9544, 0.1379], [-50.9798, 0.1204], [-50.9986, 0.0959], [-51.0174, 0.0714], [-51.0347, 0.0412], [-51.0519, 0.0109], [-51.0692, -0.0193], [-51.0814, -0.0325], [-51.0973, -0.0379], [-51.1287, -0.0386], [-51.1601, -0.0393], [-51.2016, -0.0491], [-51.2079, -0.0532], [-51.2103, -0.0618], [-51.2152, -0.0687], [-51.2393, -0.0726], [-51.2655, -0.0834], [-51.3089, -0.0768], [-51.327, -0.0795], [-51.327, -0.0857], [-51.3177, -0.0907], [-51.2939, -0.0958], [-51.2822, -0.1031], [-51.2757, -0.1132], [-51.2725, -0.1218], [-51.2663, -0.1271], [-51.2512, -0.1274], [-51.275, -0.1567], [-51.2987, -0.186], [-51.3225, -0.2153], [-51.3361, -0.2567]]}}, {"type": "Feature", "properties": {"source_grid_index": 624, "source_longitude": -48.6, "source_latitude": -1.2, "nearest_grid_distance_km": 18.8073, "compound_count_annual_mean": 1.55, "mean_overlap_duration": 2.49, "mean_compound_intensity_norm": 0.2706, "Hazard_Index": 0.2104, "Hazard_Frequency": 0.1254, "Hazard_Severity": 0.2792, "Hazard_Index_raw": 0.2023, "municipality_name": "Colares", "municipality_state": "PA", "municipality_distance_km": 29.2291, "segment_count": 5, "metrics_index": 624}, "geometry": {"type": "LineString", "coordinates": [[-48.4632, -1.256], [-48.454, -1.2442], [-48.4359, -1.2187], [-48.4232, -1.2325], [-48.4285, -1.2654], [-48.4285, -1.2656]]}}, {"type": "Feature", "properties": {"source_grid_index": 624, "source_longitude": -48.6, "source_latitude": -1.2, "nearest_grid_distance_km": 31.6722, "compound_count_annual_mean": 1.55, "mean_overlap_duration": 2.49, "mean_compound_intensity_norm": 0.2706, "Hazard_Index": 0.2104, "Hazard_Frequency": 0.1254, "Hazard_Severity": 0.2792, "Hazard_Index_raw": 0.2023, "municipality_name": "Colares", "municipality_state": "PA", "municipality_distance_km": 29.4985, "segment_count": 1, "metrics_index": 624}, "geometry": {"type": "LineString", "coordinates": [[-48.3294, -1.288], [-48.3265, -1.2795]]}}, {"type": "Feature", "properties": {"source_grid_index": 631, "source_longitude": -48.4, "source_latitude": -1.0, "nearest_grid_distance_km": 20.9912, "compound_count_annual_mean": 1.27, "mean_overlap_duration": 2.36, "mean_compound_intensity_norm": 0.3165, "Hazard_Index": 0.2552, "Hazard_Frequency": 0.0985, "Hazard_Severity": 0.3879, "Hazard_Index_raw": 0.2432, "municipality_name": "Colares", "municipality_state": "PA", "municipality_distance_km": 27.621, "segment_count": 26, "metrics_index": 631}, "geometry": {"type": "LineString", "coordinates": [[-48.3265, -1.2795], [-48.3233, -1.2545], [-48.3201, -1.2296], [-48.305, -1.1882], [-48.2814, -1.1671], [-48.2502, -1.1894], [-48.2573, -1.1735], [-48.2694, -1.1617], [-48.277, -1.15], [-48.2707, -1.1347], [-48.2781, -1.1285], [-48.2707, -1.121], [-48.2589, -1.1262], [-48.2482, -1.1228], [-48.2367, -1.1169], [-48.2229, -1.1135], [-48.2346, -1.1088], [-48.2471, -1.1093], [-48.2744, -1.1135], [-48.2778, -1.1085], [-48.2911, -1.0795], [-48.296, -1.0556], [-48.2917, -1.0436], [-48.2777, -1.0396], [-48.2543, -1.0392], [-48.2309, -1.0388], [-48.2125, -1.0366]]}}, {"type": "Feature", "properties": {"source_grid_index": 631, "source_longitude": -48.4, "source_latitude": -1.0, "nearest_grid_distance_km": 23.008, "compound_count_annual_mean": 1.27, "mean_overlap_duration": 2.36, "mean_compound_intensity_norm": 0.3165, "Hazard_Index": 0.2552, "Hazard_Frequency": 0.0985, "Hazard_Severity": 0.3879, "Hazard_Index_raw": 0.2432, "municipality_name": "Vigia", "municipality_state": "PA", "municipality_distance_km": 2.2063, "segment_count": 3, "metrics_index": 631}, "geometry": {"type": "LineString", "coordinates": [[-48.2125, -1.0366], [-48.1981, -1.0305], [-48.1875, -1.0186], [-48.1855, -1.0099]]}}, {"type": "Feature", "properties": {"source_grid_index": 641, "source_longitude": -48.2, "source_latitude": -0.8, "nearest_grid_distance_km": 12.7309, "compound_count_annual_mean": 1.76, "mean_overlap_duration": 2.69, "mean_compound_intensity_norm": 0.3169, "Hazard_Index": 0.2902, "Hazard_Frequency": 0.1463, "Hazard_Severity": 0.4039, "Hazard_Index_raw": 0.2751, "municipality_name": "Vigia", "municipality_state": "PA", "municipality_distance_km": 0.0, "segment_count": 23, "metrics_index": 641}, "geometry": {"type": "LineString", "coordinates": [[-48.1855, -1.0099], [-48.1847, -0.9982], [-48.1829, -0.9882], [-48.1778, -0.9838], [-48.1762, -0.9798], [-48.1638, -0.9628], [-48.1608, -0.9601], [-48.1587, -0.9365], [-48.154, -0.915], [-48.1522, -0.9142], [-48.1478, -0.9106], [-48.1431, -0.9059], [-48.1403, -0.9013], [-48.1457, -0.8862], [-48.1466, -0.8808], [-48.1411, -0.8548], [-48.1403, -0.843], [-48.1435, -0.8333], [-48.1505, -0.8268], [-48.1576, -0.8214], [-48.1608, -0.816], [-48.1592, -0.7966], [-48.154, -0.7818], [-48.1328, -0.7532]]}}, {"type": "Feature", "properties": {"source_grid_index": 641, "source_longitude": -48.2, "source_latitude": -0.8, "nearest_grid_distance_km": 12.8685, "compound_count_annual_mean": 1.76, "mean_overlap_duration": 2.69, "mean_compound_intensity_norm": 0.3169, "Hazard_Index": 0.2902, "Hazard_Frequency": 0.1463, "Hazard_Severity": 0.4039, "Hazard_Index_raw": 0.2751, "municipality_name": "São Caetano de Odivelas", "municipality_state": "PA", "municipality_distance_km": 0.0, "segment_count": 2, "metrics_index": 641}, "geometry": {"type": "LineString", "coordinates": [[-48.1328, -0.7532], [-48.1116, -0.7245], [-48.087, -0.7036]]}}, {"type": "Feature", "properties": {"source_grid_index": 651, "source_longitude": -48.0, "source_latitude": -0.6, "nearest_grid_distance_km": 13.5718, "compound_count_annual_mean": 1.27, "mean_overlap_duration": 4.21, "mean_compound_intensity_norm": 0.3473, "Hazard_Index": 0.3603, "Hazard_Frequency": 0.0985, "Hazard_Severity": 0.5796, "Hazard_Index_raw": 0.339, "municipality_name": "São Caetano de Odivelas", "municipality_state": "PA", "municipality_distance_km": 0.0, "segment_count": 15, "metrics_index": 651}, "geometry": {"type": "LineString", "coordinates": [[-48.087, -0.7036], [-48.0625, -0.6827], [-48.0379, -0.6617], [-48.0253, -0.6757], [-48.0211, -0.6835], [-48.0174, -0.6959], [-48.0178, -0.7027], [-48.0235, -0.7154], [-48.0236, -0.7232], [-48.0214, -0.725], [-48.0121, -0.7311], [-48.01, -0.7337], [-48.0026, -0.7465], [-47.9861, -0.763], [-47.9696, -0.7795], [-47.9621, -0.7818]]}}, {"type": "Feature", "properties": {"source_grid_index": 651, "source_longitude": -48.0, "source_latitude": -0.6, "nearest_grid_distance_km": 19.6294, "compound_count_annual_mean": 1.27, "mean_overlap_duration": 4.21, "mean_compound_intensity_norm": 0.3473, "Hazard_Index": 0.3603, "Hazard_Frequency": 0.0985, "Hazard_Severity": 0.5796, "Hazard_Index_raw": 0.339, "municipality_name": "Curuçá", "municipality_state": "PA", "municipality_distance_km": 0.0, "segment_count": 12, "metrics_index": 651}, "geometry": {"type": "LineString", "coordinates": [[-47.9621, -0.7818], [-47.9461, -0.7405], [-47.912, -0.7187], [-47.8779, -0.6969], [-47.8662, -0.6735], [-47.8501, -0.671], [-47.8213, -0.6798], [-47.8024, -0.6903], [-47.8074, -0.6773], [-47.8222, -0.6649], [-47.8253, -0.6395], [-47.8246, -0.6067], [-47.8159, -0.5887]]}}, {"type": "Feature", "properties": {"source_grid_index": 661, "source_longitude": -47.8, "source_latitude": -0.4, "nearest_grid_distance_km": 21.4861, "compound_count_annual_mean": 1.03, "mean_overlap_duration": 5.32, "mean_compound_intensity_norm": 0.3212, "Hazard_Index": 0.3639, "Hazard_Frequency": 0.0746, "Hazard_Severity": 0.6099, "Hazard_Index_raw": 0.3423, "municipality_name": "Curuçá", "municipality_state": "PA", "municipality_distance_km": 0.0, "segment_count": 6, "metrics_index": 661}, "geometry": {"type": "LineString", "coordinates": [[-47.8159, -0.5887], [-47.8128, -0.5738], [-47.8091, -0.5652], [-47.7899, -0.5825], [-47.775, -0.5993], [-47.7695, -0.6197], [-47.7703, -0.6371]]}}, {"type": "Feature", "properties": {"source_grid_index": 661, "source_longitude": -47.8, "source_latitude": -0.4, "nearest_grid_distance_km": 29.0842, "compound_count_annual_mean": 1.03, "mean_overlap_duration": 5.32, "mean_compound_intensity_norm": 0.3212, "Hazard_Index": 0.3639, "Hazard_Frequency": 0.0746, "Hazard_Severity": 0.6099, "Hazard_Index_raw": 0.3423, "municipality_name": "Marapanim", "municipality_state": "PA", "municipality_distance_km": 0.0, "segment_count": 4, "metrics_index": 661}, "geometry": {"type": "LineString", "coordinates": [[-47.7703, -0.6371], [-47.7468, -0.6339], [-47.7252, -0.6441], [-47.7164, -0.6677], [-47.7161, -0.6904]]}}, {"type": "Feature", "properties": {"source_grid_index": 651, "source_longitude": -48.0, "source_latitude": -0.6, "nearest_grid_distance_km": 33.6665, "compound_count_annual_mean": 1.27, "mean_overlap_duration": 4.21, "mean_compound_intensity_norm": 0.3473, "Hazard_Index": 0.3603, "Hazard_Frequency": 0.0985, "Hazard_Severity": 0.5796, "Hazard_Index_raw": 0.339, "municipality_name": "Marapanim", "municipality_state": "PA", "municipality_distance_km": 0.0, "segment_count": 6, "metrics_index": 651}, "geometry": {"type": "LineString", "coordinates": [[-47.7161, -0.6904], [-47.7157, -0.713], [-47.7224, -0.7244], [-47.7352, -0.7354], [-47.7434, -0.7463], [-47.7363, -0.7573], [-47.7287, -0.7565]]}}, {"type": "Feature", "properties": {"source_grid_index": 651, "source_longitude": -48.0, "source_latitude": -0.6, "nearest_grid_distance_km": 36.2823, "compound_count_annual_mean": 1.27, "mean_overlap_duration": 4.21, "mean_compound_intensity_norm": 0.3473, "Hazard_Index": 0.3603, "Hazard_Frequency": 0.0985, "Hazard_Severity": 0.5796, "Hazard_Index_raw": 0.339, "municipality_name": "Magalhães Barata", "municipality_state": "PA", "municipality_distance_km": 0.0, "segment_count": 1, "metrics_index": 651}, "geometry": {"type": "LineString", "coordinates": [[-47.7287, -0.7565], [-47.6907, -0.7402]]}}, {"type": "Feature", "properties": {"source_grid_index": 662, "source_longitude": -47.6, "source_latitude": -0.4, "nearest_grid_distance_km": 35.5644, "compound_count_annual_mean": 0.94, "mean_overlap_duration": 5.74, "mean_compound_intensity_norm": 0.3341, "Hazard_Index": 0.386, "Hazard_Frequency": 0.0657, "Hazard_Severity": 0.6592, "Hazard_Index_raw": 0.3624, "municipality_name": "Magalhães Barata", "municipality_state": "PA", "municipality_distance_km": 0.0, "segment_count": 3, "metrics_index": 662}, "geometry": {"type": "LineString", "coordinates": [[-47.6907, -0.7402], [-47.6528, -0.7239], [-47.6266, -0.7072], [-47.6106, -0.6939]]}}, {"type": "Feature", "properties": {"source_grid_index": 662, "source_longitude": -47.6, "source_latitude": -0.4, "nearest_grid_distance_km": 27.3496, "compound_count_annual_mean": 0.94, "mean_overlap_duration": 5.74, "mean_compound_intensity_norm": 0.3341, "Hazard_Index": 0.386, "Hazard_Frequency": 0.0657, "Hazard_Severity": 0.6592, "Hazard_Index_raw": 0.3624, "municipality_name": "Maracanã", "municipality_state": "PA", "municipality_distance_km": 0.0, "segment_count": 16, "metrics_index": 662}, "geometry": {"type": "LineString", "coordinates": [[-47.6106, -0.6939], [-47.5973, -0.6773], [-47.5883, -0.6417], [-47.5781, -0.6354], [-47.5872, -0.614], [-47.5845, -0.5782], [-47.5735, -0.5828], [-47.5592, -0.5913], [-47.5384, -0.6108], [-47.543, -0.627], [-47.5345, -0.6373], [-47.5294, -0.6461], [-47.5274, -0.6575], [-47.524, -0.6691], [-47.5194, -0.676], [-47.5091, -0.6873], [-47.4933, -0.7121]]}}, {"type": "Feature", "properties": {"source_grid_index": 652, "source_longitude": -47.2, "source_latitude": -0.6, "nearest_grid_distance_km": 33.9162, "compound_count_annual_mean": 0.73, "mean_overlap_duration": 5.42, "mean_compound_intensity_norm": 0.3049, "Hazard_Index": 0.2605, "Hazard_Frequency": 0.0448, "Hazard_Severity": 0.4512, "Hazard_Index_raw": 0.248, "municipality_name": "Maracanã", "municipality_state": "PA", "municipality_distance_km": 0.5418, "segment_count": 7, "metrics_index": 652}, "geometry": {"type": "LineString", "coordinates": [[-47.4933, -0.7121], [-47.4874, -0.7283], [-47.4877, -0.7457], [-47.4967, -0.7647], [-47.4604, -0.7647], [-47.4241, -0.7647], [-47.4086, -0.7711], [-47.4064, -0.8014]]}}, {"type": "Feature", "properties": {"source_grid_index": 652, "source_longitude": -47.2, "source_latitude": -0.6, "nearest_grid_distance_km": 28.9611, "compound_count_annual_mean": 0.73, "mean_overlap_duration": 5.42, "mean_compound_intensity_norm": 0.3049, "Hazard_Index": 0.2605, "Hazard_Frequency": 0.0448, "Hazard_Severity": 0.4512, "Hazard_Index_raw": 0.248, "municipality_name": "Salinópolis", "municipality_state": "PA", "municipality_distance_km": 0.0, "segment_count": 10, "metrics_index": 652}, "geometry": {"type": "LineString", "coordinates": [[-47.4064, -0.8014], [-47.3931, -0.8126], [-47.3931, -0.8007], [-47.3909, -0.7897], [-47.3863, -0.78], [-47.3794, -0.7709], [-47.3849, -0.7672], [-47.3893, -0.7626], [-47.392, -0.7563], [-47.3931, -0.7472], [-47.4141, -0.7369]]}}, {"type": "Feature", "properties": {"source_grid_index": 652, "source_longitude": -47.2, "source_latitude": -0.6, "nearest_grid_distance_km": 30.8193, "compound_count_annual_mean": 0.73, "mean_overlap_duration": 5.42, "mean_compound_intensity_norm": 0.3049, "Hazard_Index": 0.2605, "Hazard_Frequency": 0.0448, "Hazard_Severity": 0.4512, "Hazard_Index_raw": 0.248, "municipality_name": "Maracanã", "municipality_state": "PA", "municipality_distance_km": 0.0, "segment_count": 8, "metrics_index": 652}, "geometry": {"type": "LineString", "coordinates": [[-47.4141, -0.7369], [-47.4388, -0.7033], [-47.4483, -0.6959], [-47.451, -0.7071], [-47.4547, -0.7166], [-47.4602, -0.7245], [-47.4687, -0.7306], [-47.4692, -0.6944], [-47.4696, -0.6581]]}}, {"type": "Feature", "properties": {"source_grid_index": 663, "source_longitude": -47.4, "source_latitude": -0.4, "nearest_grid_distance_km": 22.9139, "compound_count_annual_mean": 0.79, "mean_overlap_duration": 7.04, "mean_compound_intensity_norm": 0.3693, "Hazard_Index": 0.4395, "Hazard_Frequency": 0.0507, "Hazard_Severity": 0.7718, "Hazard_Index_raw": 0.4113, "municipality_name": "Maracanã", "municipality_state": "PA", "municipality_distance_km": 0.0, "segment_count": 11, "metrics_index": 663}, "geometry": {"type": "LineString", "coordinates": [[-47.4696, -0.6581], [-47.47, -0.6218], [-47.4644, -0.6091], [-47.4483, -0.6071], [-47.4619, -0.5929], [-47.4464, -0.5851], [-47.4302, -0.58], [-47.4144, -0.5812], [-47.3998, -0.5929], [-47.4045, -0.5998], [-47.4097, -0.6098], [-47.4141, -0.6139]]}}, {"type": "Feature", "properties": {"source_grid_index": 652, "source_longitude": -47.2, "source_latitude": -0.6, "nearest_grid_distance_km": 23.7243, "compound_count_annual_mean": 0.73, "mean_overlap_duration": 5.42, "mean_compound_intensity_norm": 0.3049, "Hazard_Index": 0.2605, "Hazard_Frequency": 0.0448, "Hazard_Severity": 0.4512, "Hazard_Index_raw": 0.248, "municipality_name": "Maracanã", "municipality_state": "PA", "municipality_distance_km": 0.7487, "segment_count": 1, "metrics_index": 652}, "geometry": {"type": "LineString", "coordinates": [[-47.4141, -0.6139], [-47.41, -0.6284]]}}, {"type": "Feature", "properties": {"source_grid_index": 652, "source_longitude": -47.2, "source_latitude": -0.6, "nearest_grid_distance_km": 17.3883, "compound_count_annual_mean": 0.73, "mean_overlap_duration": 5.42, "mean_compound_intensity_norm": 0.3049, "Hazard_Index": 0.2605, "Hazard_Frequency": 0.0448, "Hazard_Severity": 0.4512, "Hazard_Index_raw": 0.248, "municipality_name": "Salinópolis", "municipality_state": "PA", "municipality_distance_km": 0.5302, "segment_count": 32, "metrics_index": 652}, "geometry": {"type": "LineString", "coordinates": [[-47.41, -0.6284], [-47.4147, -0.6613], [-47.4073, -0.6816], [-47.4088, -0.6701], [-47.4073, -0.6603], [-47.4022, -0.6525], [-47.3931, -0.6481], [-47.3903, -0.6616], [-47.3857, -0.6728], [-47.378, -0.6799], [-47.3657, -0.6816], [-47.3657, -0.676], [-47.374, -0.6703], [-47.3802, -0.6589], [-47.3811, -0.6454], [-47.3732, -0.6339], [-47.3594, -0.631], [-47.3464, -0.6373], [-47.3247, -0.6549], [-47.3263, -0.6391], [-47.3327, -0.6292], [-47.3402, -0.6202], [-47.3452, -0.6071], [-47.3288, -0.6135], [-47.3166, -0.6076], [-47.3059, -0.5979], [-47.294, -0.5929], [-47.2791, -0.5992], [-47.2771, -0.6142], [-47.279, -0.6325], [-47.2764, -0.6481], [-47.2695, -0.6481], [-47.2579, -0.6409]]}}, {"type": "Feature", "properties": {"source_grid_index": 652, "source_longitude": -47.2, "source_latitude": -0.6, "nearest_grid_distance_km": 13.5249, "compound_count_annual_mean": 0.73, "mean_overlap_duration": 5.42, "mean_compound_intensity_norm": 0.3049, "Hazard_Index": 0.2605, "Hazard_Frequency": 0.0448, "Hazard_Severity": 0.4512, "Hazard_Index_raw": 0.248, "municipality_name": "São João de Pirabas", "municipality_state": "PA", "municipality_distance_km": 0.1825, "segment_count": 60, "metrics_index": 652}, "geometry": {"type": "LineString", "coordinates": [[-47.2579, -0.6409], [-47.2508, -0.6471], [-47.2496, -0.6606], [-47.2558, -0.676], [-47.2388, -0.6647], [-47.2345, -0.6511], [-47.2377, -0.6358], [-47.2428, -0.6202], [-47.2204, -0.6359], [-47.1981, -0.6515], [-47.1946, -0.6638], [-47.1999, -0.6769], [-47.2086, -0.6818], [-47.2155, -0.6691], [-47.2223, -0.6691], [-47.2253, -0.6796], [-47.2306, -0.6873], [-47.2385, -0.6926], [-47.249, -0.6959], [-47.249, -0.7027], [-47.236, -0.7164], [-47.2291, -0.7164], [-47.2222, -0.7023], [-47.2082, -0.6992], [-47.1909, -0.7028], [-47.1739, -0.7096], [-47.1741, -0.6988], [-47.172, -0.6922], [-47.1676, -0.6872], [-47.1609, -0.6816], [-47.1549, -0.6975], [-47.1542, -0.7133], [-47.1584, -0.7288], [-47.1671, -0.7437], [-47.1737, -0.7485], [-47.1909, -0.7563], [-47.1944, -0.761], [-47.1908, -0.7702], [-47.1827, -0.7697], [-47.1736, -0.7641], [-47.1671, -0.7573], [-47.1558, -0.7641], [-47.148, -0.7741], [-47.1431, -0.7861], [-47.1398, -0.7989], [-47.1347, -0.7805], [-47.1385, -0.7597], [-47.1396, -0.7414], [-47.1261, -0.7306], [-47.1247, -0.738], [-47.1208, -0.745], [-47.1193, -0.7506], [-47.1152, -0.7419], [-47.1157, -0.7365], [-47.1179, -0.7306], [-47.1193, -0.7198], [-47.1178, -0.7131], [-47.1099, -0.7028], [-47.1056, -0.6959], [-47.1029, -0.675], [-47.099, -0.6656]]}}, {"type": "Feature", "properties": {"source_grid_index": 653, "source_longitude": -47.0, "source_latitude": -0.6, "nearest_grid_distance_km": 15.4976, "compound_count_annual_mean": 0.7, "mean_overlap_duration": 6.0, "mean_compound_intensity_norm": 0.3546, "Hazard_Index": 0.3267, "Hazard_Frequency": 0.0418, "Hazard_Severity": 0.5749, "Hazard_Index_raw": 0.3084, "municipality_name": "São João de Pirabas", "municipality_state": "PA", "municipality_distance_km": 0.9864, "segment_count": 17, "metrics_index": 653}, "geometry": {"type": "LineString", "coordinates": [[-47.099, -0.6656], [-47.0882, -0.6617], [-47.0775, -0.6657], [-47.0731, -0.6752], [-47.0736, -0.6865], [-47.0784, -0.6959], [-47.0755, -0.6977], [-47.0737, -0.6974], [-47.0726, -0.6979], [-47.0715, -0.7027], [-47.0797, -0.7096], [-47.0797, -0.7359], [-47.0845, -0.7506], [-47.0784, -0.7573], [-47.0715, -0.7437], [-47.066, -0.7597], [-47.0647, -0.777], [-47.0599, -0.7896]]}}, {"type": "Feature", "properties": {"source_grid_index": 653, "source_longitude": -47.0, "source_latitude": -0.6, "nearest_grid_distance_km": 22.9908, "compound_count_annual_mean": 0.7, "mean_overlap_duration": 6.0, "mean_compound_intensity_norm": 0.3546, "Hazard_Index": 0.3267, "Hazard_Frequency": 0.0418, "Hazard_Severity": 0.5749, "Hazard_Index_raw": 0.3084, "municipality_name": "Quatipuru", "municipality_state": "PA", "municipality_distance_km": 0.8061, "segment_count": 3, "metrics_index": 653}, "geometry": {"type": "LineString", "coordinates": [[-47.0599, -0.7896], [-47.0436, -0.7914], [-47.0543, -0.8028], [-47.0735, -0.8154]]}}, {"type": "Feature", "properties": {"source_grid_index": 653, "source_longitude": -47.0, "source_latitude": -0.6, "nearest_grid_distance_km": 26.0089, "compound_count_annual_mean": 0.7, "mean_overlap_duration": 6.0, "mean_compound_intensity_norm": 0.3546, "Hazard_Index": 0.3267, "Hazard_Frequency": 0.0418, "Hazard_Severity": 0.5749, "Hazard_Index_raw": 0.3084, "municipality_name": "São João de Pirabas", "municipality_state": "PA", "municipality_distance_km": 0.0, "segment_count": 1, "metrics_index": 653}, "geometry": {"type": "LineString", "coordinates": [[-47.0735, -0.8154], [-47.0784, -0.8263]]}}, {"type": "Feature", "properties": {"source_grid_index": 653, "source_longitude": -47.0, "source_latitude": -0.6, "nearest_grid_distance_km": 21.7562, "compound_count_annual_mean": 0.7, "mean_overlap_duration": 6.0, "mean_compound_intensity_norm": 0.3546, "Hazard_Index": 0.3267, "Hazard_Frequency": 0.0418, "Hazard_Severity": 0.5749, "Hazard_Index_raw": 0.3084, "municipality_name": "Quatipuru", "municipality_state": "PA", "municipality_distance_km": 0.0, "segment_count": 35, "metrics_index": 653}, "geometry": {"type": "LineString", "coordinates": [[-47.0784, -0.8263], [-47.0766, -0.8366], [-47.0626, -0.8559], [-47.0572, -0.8671], [-47.0542, -0.8565], [-47.051, -0.8194], [-47.0478, -0.8107], [-47.0423, -0.8007], [-47.036, -0.7917], [-47.0299, -0.7853], [-47.0261, -0.7877], [-47.0162, -0.7914], [-47.0166, -0.7701], [-47.0152, -0.76], [-47.0084, -0.7573], [-46.9927, -0.7573], [-46.9846, -0.7492], [-46.9774, -0.7306], [-46.9691, -0.6959], [-46.9569, -0.7101], [-46.957, -0.7354], [-46.9631, -0.7603], [-46.9691, -0.7853], [-46.9617, -0.7853], [-46.9548, -0.7709], [-46.9463, -0.7761], [-46.9425, -0.7824], [-46.9429, -0.7901], [-46.9474, -0.7989], [-46.9281, -0.7989], [-46.9315, -0.8049], [-46.9379, -0.8204], [-46.9412, -0.8263], [-46.9331, -0.823], [-46.9313, -0.822], [-46.9281, -0.8194]]}}, {"type": "Feature", "properties": {"source_grid_index": 653, "source_longitude": -47.0, "source_latitude": -0.6, "nearest_grid_distance_km": 27.2307, "compound_count_annual_mean": 0.7, "mean_overlap_duration": 6.0, "mean_compound_intensity_norm": 0.3546, "Hazard_Index": 0.3267, "Hazard_Frequency": 0.0418, "Hazard_Severity": 0.5749, "Hazard_Index_raw": 0.3084, "municipality_name": "Tracuateua", "municipality_state": "PA", "municipality_distance_km": 1.133, "segment_count": 2, "metrics_index": 653}, "geometry": {"type": "LineString", "coordinates": [[-46.9281, -0.8194], [-46.9222, -0.8346], [-46.9303, -0.8429]]}}, {"type": "Feature", "properties": {"source_grid_index": 653, "source_longitude": -47.0, "source_latitude": -0.6, "nearest_grid_distance_km": 28.6537, "compound_count_annual_mean": 0.7, "mean_overlap_duration": 6.0, "mean_compound_intensity_norm": 0.3546, "Hazard_Index": 0.3267, "Hazard_Frequency": 0.0418, "Hazard_Severity": 0.5749, "Hazard_Index_raw": 0.3084, "municipality_name": "Quatipuru", "municipality_state": "PA", "municipality_distance_km": 0.2884, "segment_count": 3, "metrics_index": 653}, "geometry": {"type": "LineString", "coordinates": [[-46.9303, -0.8429], [-46.944, -0.8478], [-46.9548, -0.8536], [-46.963, -0.865]]}}, {"type": "Feature", "properties": {"source_grid_index": 653, "source_longitude": -47.0, "source_latitude": -0.6, "nearest_grid_distance_km": 31.8402, "compound_count_annual_mean": 0.7, "mean_overlap_duration": 6.0, "mean_compound_intensity_norm": 0.3546, "Hazard_Index": 0.3267, "Hazard_Frequency": 0.0418, "Hazard_Severity": 0.5749, "Hazard_Index_raw": 0.3084, "municipality_name": "Tracuateua", "municipality_state": "PA", "municipality_distance_km": 0.0, "segment_count": 6, "metrics_index": 653}, "geometry": {"type": "LineString", "coordinates": [[-46.963, -0.865], [-46.9684, -0.8797], [-46.965, -0.8933], [-46.9474, -0.9013], [-46.9486, -0.8847], [-46.9516, -0.8717], [-46.9491, -0.8615]]}}, {"type": "Feature", "properties": {"source_grid_index": 653, "source_longitude": -47.0, "source_latitude": -0.6, "nearest_grid_distance_km": 29.4192, "compound_count_annual_mean": 0.7, "mean_overlap_duration": 6.0, "mean_compound_intensity_norm": 0.3546, "Hazard_Index": 0.3267, "Hazard_Frequency": 0.0418, "Hazard_Severity": 0.5749, "Hazard_Index_raw": 0.3084, "municipality_name": "Quatipuru", "municipality_state": "PA", "municipality_distance_km": 0.0, "segment_count": 1, "metrics_index": 653}, "geometry": {"type": "LineString", "coordinates": [[-46.9491, -0.8615], [-46.9343, -0.8536]]}}, {"type": "Feature", "properties": {"source_grid_index": 653, "source_longitude": -47.0, "source_latitude": -0.6, "nearest_grid_distance_km": 30.1077, "compound_count_annual_mean": 0.7, "mean_overlap_duration": 6.0, "mean_compound_intensity_norm": 0.3546, "Hazard_Index": 0.3267, "Hazard_Frequency": 0.0418, "Hazard_Severity": 0.5749, "Hazard_Index_raw": 0.3084, "municipality_name": "Tracuateua", "municipality_state": "PA", "municipality_distance_km": 0.0677, "segment_count": 3, "metrics_index": 653}, "geometry": {"type": "LineString", "coordinates": [[-46.9343, -0.8536], [-46.9118, -0.86], [-46.9008, -0.8574], [-46.9002, -0.8393]]}}, {"type": "Feature", "properties": {"source_grid_index": 654, "source_longitude": -46.8, "source_latitude": -0.6, "nearest_grid_distance_km": 20.5125, "compound_count_annual_mean": 0.64, "mean_overlap_duration": 6.95, "mean_compound_intensity_norm": 0.3443, "Hazard_Index": 0.3061, "Hazard_Frequency": 0.0358, "Hazard_Severity": 0.5434, "Hazard_Index_raw": 0.2896, "municipality_name": "Tracuateua", "municipality_state": "PA", "municipality_distance_km": 0.0, "segment_count": 40, "metrics_index": 654}, "geometry": {"type": "LineString", "coordinates": [[-46.9002, -0.8393], [-46.8927, -0.8468], [-46.8913, -0.8342], [-46.892, -0.8097], [-46.8927, -0.7853], [-46.884, -0.79], [-46.8777, -0.7957], [-46.8739, -0.8029], [-46.8729, -0.8126], [-46.8654, -0.8126], [-46.8617, -0.8061], [-46.859, -0.8025], [-46.8546, -0.8006], [-46.8456, -0.7989], [-46.8498, -0.7913], [-46.8559, -0.7856], [-46.8636, -0.7813], [-46.8729, -0.7784], [-46.8586, -0.7657], [-46.8329, -0.7301], [-46.8182, -0.7232], [-46.8182, -0.7164], [-46.8313, -0.7096], [-46.8192, -0.7117], [-46.8092, -0.7172], [-46.8015, -0.7258], [-46.7965, -0.7369], [-46.8081, -0.74], [-46.8109, -0.7467], [-46.8064, -0.7555], [-46.7965, -0.7647], [-46.8114, -0.7707], [-46.8182, -0.7709], [-46.8182, -0.7784], [-46.8119, -0.7848], [-46.8133, -0.7908], [-46.8205, -0.7957], [-46.8313, -0.7989], [-46.8313, -0.8051], [-46.8213, -0.8078], [-46.8179, -0.8141]]}}, {"type": "Feature", "properties": {"source_grid_index": 642, "source_longitude": -46.6, "source_latitude": -0.8, "nearest_grid_distance_km": 23.1258, "compound_count_annual_mean": 0.73, "mean_overlap_duration": 5.83, "mean_compound_intensity_norm": 0.3031, "Hazard_Index": 0.2164, "Hazard_Frequency": 0.0448, "Hazard_Severity": 0.3708, "Hazard_Index_raw": 0.2078, "municipality_name": "Tracuateua", "municipality_state": "PA", "municipality_distance_km": 1.1596, "segment_count": 8, "metrics_index": 642}, "geometry": {"type": "LineString", "coordinates": [[-46.8179, -0.8141], [-46.8194, -0.8229], [-46.8245, -0.8331], [-46.813, -0.8298], [-46.8044, -0.8251], [-46.7989, -0.8172], [-46.7965, -0.8051], [-46.7904, -0.8051], [-46.794, -0.8328]]}}, {"type": "Feature", "properties": {"source_grid_index": 642, "source_longitude": -46.6, "source_latitude": -0.8, "nearest_grid_distance_km": 22.9502, "compound_count_annual_mean": 0.73, "mean_overlap_duration": 5.83, "mean_compound_intensity_norm": 0.3031, "Hazard_Index": 0.2164, "Hazard_Frequency": 0.0448, "Hazard_Severity": 0.3708, "Hazard_Index_raw": 0.2078, "municipality_name": "Bragança", "municipality_state": "PA", "municipality_distance_km": 1.2558, "segment_count": 3, "metrics_index": 642}, "geometry": {"type": "LineString", "coordinates": [[-46.794, -0.8328], [-46.7976, -0.8605], [-46.7993, -0.8625], [-46.7997, -0.8652]]}}, {"type": "Feature", "properties": {"source_grid_index": 642, "source_longitude": -46.6, "source_latitude": -0.8, "nearest_grid_distance_km": 23.3865, "compound_count_annual_mean": 0.73, "mean_overlap_duration": 5.83, "mean_compound_intensity_norm": 0.3031, "Hazard_Index": 0.2164, "Hazard_Frequency": 0.0448, "Hazard_Severity": 0.3708, "Hazard_Index_raw": 0.2078, "municipality_name": "Tracuateua", "municipality_state": "PA", "municipality_distance_km": 0.2108, "segment_count": 1, "metrics_index": 642}, "geometry": {"type": "LineString", "coordinates": [[-46.7997, -0.8652], [-46.7965, -0.8746]]}}, {"type": "Feature", "properties": {"source_grid_index": 642, "source_longitude": -46.6, "source_latitude": -0.8, "nearest_grid_distance_km": 16.1304, "compound_count_annual_mean": 0.73, "mean_overlap_duration": 5.83, "mean_compound_intensity_norm": 0.3031, "Hazard_Index": 0.2164, "Hazard_Frequency": 0.0448, "Hazard_Severity": 0.3708, "Hazard_Index_raw": 0.2078, "municipality_name": "Bragança", "municipality_state": "PA", "municipality_distance_km": 0.0, "segment_count": 63, "metrics_index": 642}, "geometry": {"type": "LineString", "coordinates": [[-46.7965, -0.8746], [-46.7856, -0.894], [-46.7829, -0.9013], [-46.7786, -0.8858], [-46.7834, -0.8744], [-46.7864, -0.8627], [-46.7767, -0.8468], [-46.7699, -0.8468], [-46.7699, -0.8671], [-46.7596, -0.8615], [-46.7556, -0.8502], [-46.7555, -0.8194], [-46.7451, -0.8293], [-46.7196, -0.8648], [-46.7146, -0.8777], [-46.7187, -0.8946], [-46.7341, -0.9188], [-46.7494, -0.943], [-46.7333, -0.9309], [-46.7213, -0.9104], [-46.7093, -0.8898], [-46.6979, -0.8808], [-46.699, -0.8684], [-46.6976, -0.8438], [-46.6887, -0.8258], [-46.6674, -0.8331], [-46.6606, -0.8449], [-46.6599, -0.8559], [-46.657, -0.8639], [-46.6432, -0.8671], [-46.6327, -0.8632], [-46.6352, -0.8533], [-46.6567, -0.814], [-46.6559, -0.8018], [-46.6381, -0.8019], [-46.6138, -0.8132], [-46.6062, -0.8402], [-46.5985, -0.8671], [-46.6225, -0.898], [-46.6265, -0.9088], [-46.619, -0.9088], [-46.6114, -0.9039], [-46.6088, -0.9111], [-46.6113, -0.924], [-46.619, -0.9355], [-46.6326, -0.9435], [-46.6462, -0.9454], [-46.6566, -0.9391], [-46.66, -0.9225], [-46.6674, -0.9225], [-46.6731, -0.9366], [-46.6823, -0.9467], [-46.7029, -0.9598], [-46.7235, -0.9728], [-46.7375, -0.9843], [-46.7471, -0.9991], [-46.7494, -1.0186], [-46.7381, -1.0016], [-46.7207, -0.984], [-46.7004, -0.9699], [-46.6811, -0.9635], [-46.6772, -0.9656], [-46.6537, -0.967], [-46.6261, -0.9622]]}}, {"type": "Feature", "properties": {"source_grid_index": 642, "source_longitude": -46.6, "source_latitude": -0.8, "nearest_grid_distance_km": 16.1828, "compound_count_annual_mean": 0.73, "mean_overlap_duration": 5.83, "mean_compound_intensity_norm": 0.3031, "Hazard_Index": 0.2164, "Hazard_Frequency": 0.0448, "Hazard_Severity": 0.3708, "Hazard_Index_raw": 0.2078, "municipality_name": "Augusto Corrêa", "municipality_state": "PA", "municipality_distance_km": 0.0, "segment_count": 7, "metrics_index": 642}, "geometry": {"type": "LineString", "coordinates": [[-46.6261, -0.9622], [-46.6051, -0.9566], [-46.5816, -0.9704], [-46.5646, -0.951], [-46.5613, -0.9283], [-46.5459, -0.9137], [-46.5184, -0.9008], [-46.5029, -0.8838]]}}, {"type": "Feature", "properties": {"source_grid_index": 643, "source_longitude": -46.4, "source_latitude": -0.8, "nearest_grid_distance_km": 21.9387, "compound_count_annual_mean": 0.61, "mean_overlap_duration": 7.15, "mean_compound_intensity_norm": 0.3259, "Hazard_Index": 0.2167, "Hazard_Frequency": 0.0328, "Hazard_Severity": 0.3834, "Hazard_Index_raw": 0.2081, "municipality_name": "Augusto Corrêa", "municipality_state": "PA", "municipality_distance_km": 0.0, "segment_count": 39, "metrics_index": 643}, "geometry": {"type": "LineString", "coordinates": [[-46.5029, -0.8838], [-46.4876, -0.879], [-46.4754, -0.8839], [-46.4657, -0.8766], [-46.4471, -0.8726], [-46.4276, -0.8685], [-46.4163, -0.8807], [-46.4212, -0.8945], [-46.4382, -0.9025], [-46.4609, -0.9066], [-46.4803, -0.9195], [-46.4731, -0.9365], [-46.4771, -0.9527], [-46.4893, -0.9648], [-46.4885, -0.9761], [-46.4715, -0.9859], [-46.4756, -1.0069], [-46.4801, -1.0222], [-46.4668, -1.0231], [-46.4627, -1.0317], [-46.475, -1.0453], [-46.4646, -1.0458], [-46.4532, -1.0436], [-46.4441, -1.0378], [-46.4403, -1.0283], [-46.4357, -1.0239], [-46.4251, -1.0287], [-46.4137, -1.0361], [-46.4067, -1.0392], [-46.3927, -1.0271], [-46.3845, -1.0099], [-46.3649, -1.0084], [-46.3671, -1.0255], [-46.3658, -1.0453], [-46.3612, -1.0673], [-46.3565, -1.0753], [-46.3529, -1.0691], [-46.3515, -1.049], [-46.3462, -1.0339], [-46.3345, -1.0221]]}}, {"type": "Feature", "properties": {"source_grid_index": 643, "source_longitude": -46.4, "source_latitude": -0.8, "nearest_grid_distance_km": 31.4754, "compound_count_annual_mean": 0.61, "mean_overlap_duration": 7.15, "mean_compound_intensity_norm": 0.3259, "Hazard_Index": 0.2167, "Hazard_Frequency": 0.0328, "Hazard_Severity": 0.3834, "Hazard_Index_raw": 0.2081, "municipality_name": "Viseu", "municipality_state": "PA", "municipality_distance_km": 0.4632, "segment_count": 8, "metrics_index": 643}, "geometry": {"type": "LineString", "coordinates": [[-46.3345, -1.0221], [-46.3227, -1.0203], [-46.3174, -1.0353], [-46.3174, -1.0733], [-46.319, -1.0815], [-46.3243, -1.0973], [-46.3248, -1.1074], [-46.3096, -1.0959], [-46.3013, -1.0792]]}}, {"type": "Feature", "properties": {"source_grid_index": 644, "source_longitude": -46.2, "source_latitude": -0.8, "nearest_grid_distance_km": 29.5899, "compound_count_annual_mean": 0.73, "mean_overlap_duration": 6.96, "mean_compound_intensity_norm": 0.2768, "Hazard_Index": 0.1787, "Hazard_Frequency": 0.0448, "Hazard_Severity": 0.3021, "Hazard_Index_raw": 0.1735, "municipality_name": "Viseu", "municipality_state": "PA", "municipality_distance_km": 0.0, "segment_count": 5, "metrics_index": 644}, "geometry": {"type": "LineString", "coordinates": [[-46.3013, -1.0792], [-46.2977, -1.0577], [-46.2969, -1.0317], [-46.29, -1.0317], [-46.2806, -1.0489], [-46.2563, -1.0771]]}}, {"type": "Feature", "properties": {"source_grid_index": 632, "source_longitude": -46.0, "source_latitude": -1.0, "nearest_grid_distance_km": 29.7775, "compound_count_annual_mean": 0.79, "mean_overlap_duration": 6.46, "mean_compound_intensity_norm": 0.3179, "Hazard_Index": 0.2391, "Hazard_Frequency": 0.0507, "Hazard_Severity": 0.4062, "Hazard_Index_raw": 0.2285, "municipality_name": "Viseu", "municipality_state": "PA", "municipality_distance_km": 0.0, "segment_count": 3, "metrics_index": 632}, "geometry": {"type": "LineString", "coordinates": [[-46.2563, -1.0771], [-46.2484, -1.0937], [-46.254, -1.0774], [-46.2711, -1.0536]]}}, {"type": "Feature", "properties": {"source_grid_index": 644, "source_longitude": -46.2, "source_latitude": -0.8, "nearest_grid_distance_km": 21.1361, "compound_count_annual_mean": 0.73, "mean_overlap_duration": 6.96, "mean_compound_intensity_norm": 0.2768, "Hazard_Index": 0.1787, "Hazard_Frequency": 0.0448, "Hazard_Severity": 0.3021, "Hazard_Index_raw": 0.1735, "municipality_name": "Viseu", "municipality_state": "PA", "municipality_distance_km": 0.0, "segment_count": 21, "metrics_index": 644}, "geometry": {"type": "LineString", "coordinates": [[-46.2711, -1.0536], [-46.2764, -1.0392], [-46.279, -1.0366], [-46.2833, -1.0294], [-46.2833, -1.0221], [-46.2641, -1.0167], [-46.2747, -1.0055], [-46.2815, -0.9974], [-46.279, -0.9863], [-46.2678, -0.9714], [-46.2621, -0.9502], [-46.2503, -0.931], [-46.2342, -0.9171], [-46.2003, -0.9076], [-46.1718, -0.921], [-46.1739, -0.9566], [-46.1802, -0.9566], [-46.19, -0.9592], [-46.2035, -0.9763], [-46.2156, -0.9973], [-46.2212, -1.0112], [-46.2057, -1.0066]]}}, {"type": "Feature", "properties": {"source_grid_index": 632, "source_longitude": -46.0, "source_latitude": -1.0, "nearest_grid_distance_km": 22.8929, "compound_count_annual_mean": 0.79, "mean_overlap_duration": 6.46, "mean_compound_intensity_norm": 0.3179, "Hazard_Index": 0.2391, "Hazard_Frequency": 0.0507, "Hazard_Severity": 0.4062, "Hazard_Index_raw": 0.2285, "municipality_name": "Viseu", "municipality_state": "PA", "municipality_distance_km": 1.7968, "segment_count": 39, "metrics_index": 632}, "geometry": {"type": "LineString", "coordinates": [[-46.2057, -1.0066], [-46.1986, -1.0105], [-46.2012, -1.0182], [-46.215, -1.0248], [-46.2133, -1.0286], [-46.2123, -1.0318], [-46.2108, -1.0351], [-46.2075, -1.0392], [-46.2118, -1.0442], [-46.217, -1.0539], [-46.2212, -1.059], [-46.2115, -1.0748], [-46.2284, -1.1109], [-46.2452, -1.1471], [-46.2621, -1.1832], [-46.2463, -1.1655], [-46.2305, -1.1477], [-46.2212, -1.1415], [-46.2089, -1.1432], [-46.196, -1.1493], [-46.1821, -1.1533], [-46.1665, -1.1484], [-46.1554, -1.1262], [-46.1471, -1.1142], [-46.1392, -1.1135], [-46.1363, -1.1261], [-46.1445, -1.1614], [-46.1461, -1.1764], [-46.1328, -1.164], [-46.1268, -1.1461], [-46.1256, -1.1039], [-46.1226, -1.0953], [-46.1157, -1.0851], [-46.1077, -1.0768], [-46.1017, -1.0733], [-46.0939, -1.0759], [-46.0905, -1.0825], [-46.0884, -1.0912], [-46.0846, -1.1005], [-46.0685, -1.1305]]}}, {"type": "Feature", "properties": {"source_grid_index": 632, "source_longitude": -46.0, "source_latitude": -1.0, "nearest_grid_distance_km": 18.5344, "compound_count_annual_mean": 0.79, "mean_overlap_duration": 6.46, "mean_compound_intensity_norm": 0.3179, "Hazard_Index": 0.2391, "Hazard_Frequency": 0.0507, "Hazard_Severity": 0.4062, "Hazard_Index_raw": 0.2285, "municipality_name": "Carutapera", "municipality_state": "MA", "municipality_distance_km": 0.5032, "segment_count": 3, "metrics_index": 632}, "geometry": {"type": "LineString", "coordinates": [[-46.0685, -1.1305], [-46.0647, -1.1476], [-46.0741, -1.1552], [-46.0856, -1.162]]}}, {"type": "Feature", "properties": {"source_grid_index": 632, "source_longitude": -46.0, "source_latitude": -1.0, "nearest_grid_distance_km": 22.4508, "compound_count_annual_mean": 0.79, "mean_overlap_duration": 6.46, "mean_compound_intensity_norm": 0.3179, "Hazard_Index": 0.2391, "Hazard_Frequency": 0.0507, "Hazard_Severity": 0.4062, "Hazard_Index_raw": 0.2285, "municipality_name": "Viseu", "municipality_state": "PA", "municipality_distance_km": 0.0936, "segment_count": 2, "metrics_index": 632}, "geometry": {"type": "LineString", "coordinates": [[-46.0856, -1.162], [-46.0941, -1.1783], [-46.0953, -1.1965]]}}, {"type": "Feature", "properties": {"source_grid_index": 632, "source_longitude": -46.0, "source_latitude": -1.0, "nearest_grid_distance_km": 18.2537, "compound_count_annual_mean": 0.79, "mean_overlap_duration": 6.46, "mean_compound_intensity_norm": 0.3179, "Hazard_Index": 0.2391, "Hazard_Frequency": 0.0507, "Hazard_Severity": 0.4062, "Hazard_Index_raw": 0.2285, "municipality_name": "Carutapera", "municipality_state": "MA", "municipality_distance_km": 0.0, "segment_count": 60, "metrics_index": 632}, "geometry": {"type": "LineString", "coordinates": [[-46.0953, -1.1965], [-46.0846, -1.2104], [-46.0724, -1.2016], [-46.0636, -1.1896], [-46.0504, -1.1627], [-46.0406, -1.1752], [-46.0397, -1.1871], [-46.0443, -1.1985], [-46.0504, -1.2104], [-46.0322, -1.2008], [-46.0301, -1.1847], [-46.0345, -1.1658], [-46.0362, -1.1484], [-46.0313, -1.1384], [-46.0233, -1.1275], [-46.0167, -1.1132], [-46.0157, -1.0937], [-46.0089, -1.0937], [-46.0089, -1.0982], [-46.0074, -1.1012], [-46.0051, -1.1038], [-46.0027, -1.1074], [-45.9908, -1.1043], [-45.9931, -1.0791], [-45.9926, -1.0676], [-45.9795, -1.0551], [-45.9642, -1.0639], [-45.9647, -1.0726], [-45.9611, -1.0862], [-45.9696, -1.0868], [-45.9744, -1.0912], [-45.9611, -1.1074], [-45.9719, -1.1111], [-45.9767, -1.1194], [-45.9816, -1.1415], [-45.9719, -1.137], [-45.9628, -1.1354], [-45.9547, -1.1369], [-45.9481, -1.1415], [-45.9608, -1.1461], [-45.9989, -1.1518], [-46.0027, -1.1928], [-45.998, -1.2014], [-45.9866, -1.204], [-45.973, -1.2053], [-45.9611, -1.2104], [-45.9557, -1.22], [-45.956, -1.2404], [-45.9481, -1.2514], [-45.939, -1.2463], [-45.9345, -1.24], [-45.9349, -1.2325], [-45.9407, -1.2234], [-45.9361, -1.2228], [-45.933, -1.2211], [-45.9302, -1.219], [-45.9264, -1.2172], [-45.9305, -1.2009], [-45.9233, -1.173], [-45.9101, -1.1409], [-45.9, -1.1158]]}}, {"type": "Feature", "properties": {"source_grid_index": 633, "source_longitude": -45.8, "source_latitude": -1.0, "nearest_grid_distance_km": 15.0336, "compound_count_annual_mean": 0.73, "mean_overlap_duration": 7.62, "mean_compound_intensity_norm": 0.2621, "Hazard_Index": 0.1528, "Hazard_Frequency": 0.0448, "Hazard_Severity": 0.2548, "Hazard_Index_raw": 0.1498, "municipality_name": "Carutapera", "municipality_state": "MA", "municipality_distance_km": 0.0, "segment_count": 8, "metrics_index": 633}, "geometry": {"type": "LineString", "coordinates": [[-45.9, -1.1158], [-45.8899, -1.0907], [-45.8675, -1.0635], [-45.8538, -1.0679], [-45.8539, -1.1012], [-45.8696, -1.121], [-45.8852, -1.1409], [-45.89, -1.1544], [-45.9002, -1.1676]]}}, {"type": "Feature", "properties": {"source_grid_index": 632, "source_longitude": -46.0, "source_latitude": -1.0, "nearest_grid_distance_km": 23.6358, "compound_count_annual_mean": 0.79, "mean_overlap_duration": 6.46, "mean_compound_intensity_norm": 0.3179, "Hazard_Index": 0.2391, "Hazard_Frequency": 0.0507, "Hazard_Severity": 0.4062, "Hazard_Index_raw": 0.2285, "municipality_name": "Carutapera", "municipality_state": "MA", "municipality_distance_km": 0.0, "segment_count": 4, "metrics_index": 632}, "geometry": {"type": "LineString", "coordinates": [[-45.9002, -1.1676], [-45.9059, -1.1725], [-45.9072, -1.1975], [-45.9059, -1.2104], [-45.898, -1.183]]}}, {"type": "Feature", "properties": {"source_grid_index": 633, "source_longitude": -45.8, "source_latitude": -1.0, "nearest_grid_distance_km": 25.5455, "compound_count_annual_mean": 0.73, "mean_overlap_duration": 7.62, "mean_compound_intensity_norm": 0.2621, "Hazard_Index": 0.1528, "Hazard_Frequency": 0.0448, "Hazard_Severity": 0.2548, "Hazard_Index_raw": 0.1498, "municipality_name": "Carutapera", "municipality_state": "MA", "municipality_distance_km": 0.0, "segment_count": 13, "metrics_index": 633}, "geometry": {"type": "LineString", "coordinates": [[-45.898, -1.183], [-45.8918, -1.1721], [-45.8792, -1.1627], [-45.8828, -1.1788], [-45.8854, -1.1832], [-45.8728, -1.2022], [-45.8806, -1.2194], [-45.8943, -1.2371], [-45.8996, -1.2576], [-45.8739, -1.2354], [-45.8649, -1.2309], [-45.8649, -1.2371], [-45.8685, -1.2442], [-45.8649, -1.2514]]}}, {"type": "Feature", "properties": {"source_grid_index": 633, "source_longitude": -45.8, "source_latitude": -1.0, "nearest_grid_distance_km": 30.8821, "compound_count_annual_mean": 0.73, "mean_overlap_duration": 7.62, "mean_compound_intensity_norm": 0.2621, "Hazard_Index": 0.1528, "Hazard_Frequency": 0.0448, "Hazard_Severity": 0.2548, "Hazard_Index_raw": 0.1498, "municipality_name": "Luís Domingues", "municipality_state": "MA", "municipality_distance_km": 0.0, "segment_count": 4, "metrics_index": 633}, "geometry": {"type": "LineString", "coordinates": [[-45.8649, -1.2514], [-45.8649, -1.2576], [-45.8709, -1.2634], [-45.8815, -1.2776], [-45.8854, -1.2848]]}}, {"type": "Feature", "properties": {"source_grid_index": 625, "source_longitude": -45.6, "source_latitude": -1.2, "nearest_grid_distance_km": 29.4877, "compound_count_annual_mean": 1.24, "mean_overlap_duration": 4.85, "mean_compound_intensity_norm": 0.4668, "Hazard_Index": 0.4532, "Hazard_Frequency": 0.0955, "Hazard_Severity": 0.752, "Hazard_Index_raw": 0.4238, "municipality_name": "Luís Domingues", "municipality_state": "MA", "municipality_distance_km": 0.0, "segment_count": 3, "metrics_index": 625}, "geometry": {"type": "LineString", "coordinates": [[-45.8854, -1.2848], [-45.8625, -1.2731], [-45.8467, -1.257], [-45.8384, -1.2343]]}}, {"type": "Feature", "properties": {"source_grid_index": 633, "source_longitude": -45.8, "source_latitude": -1.0, "nearest_grid_distance_km": 24.304, "compound_count_annual_mean": 0.73, "mean_overlap_duration": 7.62, "mean_compound_intensity_norm": 0.2621, "Hazard_Index": 0.1528, "Hazard_Frequency": 0.0448, "Hazard_Severity": 0.2548, "Hazard_Index_raw": 0.1498, "municipality_name": "Luís Domingues", "municipality_state": "MA", "municipality_distance_km": 0.0, "segment_count": 2, "metrics_index": 633}, "geometry": {"type": "LineString", "coordinates": [[-45.8384, -1.2343], [-45.8382, -1.2029], [-45.8274, -1.2185]]}}, {"type": "Feature", "properties": {"source_grid_index": 625, "source_longitude": -45.6, "source_latitude": -1.2, "nearest_grid_distance_km": 25.2143, "compound_count_annual_mean": 1.24, "mean_overlap_duration": 4.85, "mean_compound_intensity_norm": 0.4668, "Hazard_Index": 0.4532, "Hazard_Frequency": 0.0955, "Hazard_Severity": 0.752, "Hazard_Index_raw": 0.4238, "municipality_name": "Luís Domingues", "municipality_state": "MA", "municipality_distance_km": 0.0, "segment_count": 2, "metrics_index": 625}, "geometry": {"type": "LineString", "coordinates": [[-45.8274, -1.2185], [-45.821, -1.2418], [-45.8205, -1.2628]]}}, {"type": "Feature", "properties": {"source_grid_index": 625, "source_longitude": -45.6, "source_latitude": -1.2, "nearest_grid_distance_km": 27.4163, "compound_count_annual_mean": 1.24, "mean_overlap_duration": 4.85, "mean_compound_intensity_norm": 0.4668, "Hazard_Index": 0.4532, "Hazard_Frequency": 0.0955, "Hazard_Severity": 0.752, "Hazard_Index_raw": 0.4238, "municipality_name": "Godofredo Viana", "municipality_state": "MA", "municipality_distance_km": 0.0, "segment_count": 4, "metrics_index": 625}, "geometry": {"type": "LineString", "coordinates": [[-45.8205, -1.2628], [-45.8276, -1.2719], [-45.8406, -1.2796], [-45.8346, -1.2971], [-45.821, -1.3157]]}}, {"type": "Feature", "properties": {"source_grid_index": 625, "source_longitude": -45.6, "source_latitude": -1.2, "nearest_grid_distance_km": 27.5767, "compound_count_annual_mean": 1.24, "mean_overlap_duration": 4.85, "mean_compound_intensity_norm": 0.4668, "Hazard_Index": 0.4532, "Hazard_Frequency": 0.0955, "Hazard_Severity": 0.752, "Hazard_Index_raw": 0.4238, "municipality_name": "Luís Domingues", "municipality_state": "MA", "municipality_distance_km": 0.0, "segment_count": 1, "metrics_index": 625}, "geometry": {"type": "LineString", "coordinates": [[-45.821, -1.3157], [-45.8109, -1.3264]]}}, {"type": "Feature", "properties": {"source_grid_index": 625, "source_longitude": -45.6, "source_latitude": -1.2, "nearest_grid_distance_km": 15.6729, "compound_count_annual_mean": 1.24, "mean_overlap_duration": 4.85, "mean_compound_intensity_norm": 0.4668, "Hazard_Index": 0.4532, "Hazard_Frequency": 0.0955, "Hazard_Severity": 0.752, "Hazard_Index_raw": 0.4238, "municipality_name": "Godofredo Viana", "municipality_state": "MA", "municipality_distance_km": 0.0, "segment_count": 35, "metrics_index": 625}, "geometry": {"type": "LineString", "coordinates": [[-45.8109, -1.3264], [-45.8195, -1.2962], [-45.8098, -1.2751], [-45.7937, -1.2677], [-45.7829, -1.278], [-45.7743, -1.2643], [-45.7684, -1.2288], [-45.7624, -1.2104], [-45.7479, -1.204], [-45.7348, -1.1695], [-45.7216, -1.1349], [-45.701, -1.1347], [-45.696, -1.1606], [-45.7117, -1.1931], [-45.7274, -1.2257], [-45.7345, -1.2514], [-45.7283, -1.2514], [-45.7269, -1.247], [-45.7215, -1.2371], [-45.703, -1.2224], [-45.6886, -1.2022], [-45.6797, -1.21], [-45.6754, -1.2294], [-45.6727, -1.2441], [-45.675, -1.2592], [-45.6646, -1.2686], [-45.6541, -1.2744], [-45.6596, -1.293], [-45.6518, -1.3], [-45.6511, -1.3174], [-45.6561, -1.3333], [-45.6635, -1.3465], [-45.6701, -1.3539], [-45.6755, -1.3663], [-45.6407, -1.3705], [-45.6323, -1.3674]]}}, {"type": "Feature", "properties": {"source_grid_index": 625, "source_longitude": -45.6, "source_latitude": -1.2, "nearest_grid_distance_km": 15.0513, "compound_count_annual_mean": 1.24, "mean_overlap_duration": 4.85, "mean_compound_intensity_norm": 0.4668, "Hazard_Index": 0.4532, "Hazard_Frequency": 0.0955, "Hazard_Severity": 0.752, "Hazard_Index_raw": 0.4238, "municipality_name": "Cândido Mendes", "municipality_state": "MA", "municipality_distance_km": 0.0, "segment_count": 6, "metrics_index": 625}, "geometry": {"type": "LineString", "coordinates": [[-45.6323, -1.3674], [-45.6216, -1.3572], [-45.6164, -1.3483], [-45.6117, -1.3346], [-45.6105, -1.3201], [-45.6151, -1.3092], [-45.623, -1.296]]}}, {"type": "Feature", "properties": {"source_grid_index": 625, "source_longitude": -45.6, "source_latitude": -1.2, "nearest_grid_distance_km": 9.7239, "compound_count_annual_mean": 1.24, "mean_overlap_duration": 4.85, "mean_compound_intensity_norm": 0.4668, "Hazard_Index": 0.4532, "Hazard_Frequency": 0.0955, "Hazard_Severity": 0.752, "Hazard_Index_raw": 0.4238, "municipality_name": "Godofredo Viana", "municipality_state": "MA", "municipality_distance_km": 0.0, "segment_count": 2, "metrics_index": 625}, "geometry": {"type": "LineString", "coordinates": [[-45.623, -1.296], [-45.62, -1.2843], [-45.6103, -1.2756]]}}, {"type": "Feature", "properties": {"source_grid_index": 625, "source_longitude": -45.6, "source_latitude": -1.2, "nearest_grid_distance_km": 14.5134, "compound_count_annual_mean": 1.24, "mean_overlap_duration": 4.85, "mean_compound_intensity_norm": 0.4668, "Hazard_Index": 0.4532, "Hazard_Frequency": 0.0955, "Hazard_Severity": 0.752, "Hazard_Index_raw": 0.4238, "municipality_name": "Cândido Mendes", "municipality_state": "MA", "municipality_distance_km": 0.0, "segment_count": 41, "metrics_index": 625}, "geometry": {"type": "LineString", "coordinates": [[-45.6103, -1.2756], [-45.598, -1.2719], [-45.5832, -1.2743], [-45.5792, -1.2815], [-45.5846, -1.2892], [-45.598, -1.2924], [-45.5941, -1.2941], [-45.5913, -1.296], [-45.5882, -1.2975], [-45.5837, -1.2985], [-45.588, -1.3071], [-45.5895, -1.3142], [-45.5881, -1.3207], [-45.5837, -1.3264], [-45.5718, -1.3048], [-45.5598, -1.2831], [-45.5439, -1.2703], [-45.5297, -1.2848], [-45.5421, -1.2848], [-45.5494, -1.2897], [-45.5519, -1.2994], [-45.5502, -1.3122], [-45.5452, -1.31], [-45.5355, -1.3083], [-45.5297, -1.3059], [-45.5367, -1.3186], [-45.5452, -1.3274], [-45.551, -1.3375], [-45.5502, -1.3538], [-45.5464, -1.3512], [-45.5365, -1.3464], [-45.5357, -1.3368], [-45.5252, -1.3249], [-45.5229, -1.3122], [-45.5155, -1.3122], [-45.5118, -1.3537], [-45.5123, -1.3606], [-45.5234, -1.3857], [-45.5293, -1.4045], [-45.5297, -1.4158], [-45.514, -1.4035], [-45.4927, -1.3768]]}}, {"type": "Feature", "properties": {"source_grid_index": 626, "source_longitude": -45.4, "source_latitude": -1.2, "nearest_grid_distance_km": 18.0988, "compound_count_annual_mean": 0.7, "mean_overlap_duration": 6.87, "mean_compound_intensity_norm": 0.2581, "Hazard_Index": 0.1382, "Hazard_Frequency": 0.0418, "Hazard_Severity": 0.2312, "Hazard_Index_raw": 0.1365, "municipality_name": "Cândido Mendes", "municipality_state": "MA", "municipality_distance_km": 0.0, "segment_count": 28, "metrics_index": 626}, "geometry": {"type": "LineString", "coordinates": [[-45.4927, -1.3768], [-45.4713, -1.3502], [-45.469, -1.3432], [-45.4685, -1.3337], [-45.4668, -1.323], [-45.4608, -1.3122], [-45.4533, -1.3071], [-45.4198, -1.2924], [-45.4471, -1.2924], [-45.4284, -1.2868], [-45.4157, -1.2877], [-45.4085, -1.2968], [-45.4062, -1.316], [-45.4072, -1.3254], [-45.412, -1.3427], [-45.413, -1.3502], [-45.4173, -1.3542], [-45.436, -1.3533], [-45.4403, -1.3572], [-45.463, -1.3649], [-45.4683, -1.3674], [-45.4731, -1.3757], [-45.4739, -1.3837], [-45.4735, -1.3922], [-45.4745, -1.4016], [-45.4845, -1.4301], [-45.4867, -1.4472], [-45.4813, -1.4636], [-45.5042, -1.4587]]}}, {"type": "Feature", "properties": {"source_grid_index": 625, "source_longitude": -45.6, "source_latitude": -1.2, "nearest_grid_distance_km": 32.1042, "compound_count_annual_mean": 1.24, "mean_overlap_duration": 4.85, "mean_compound_intensity_norm": 0.4668, "Hazard_Index": 0.4532, "Hazard_Frequency": 0.0955, "Hazard_Severity": 0.752, "Hazard_Index_raw": 0.4238, "municipality_name": "Cândido Mendes", "municipality_state": "MA", "municipality_distance_km": 0.0, "segment_count": 7, "metrics_index": 625}, "geometry": {"type": "LineString", "coordinates": [[-45.5042, -1.4587], [-45.5183, -1.4645], [-45.5427, -1.491], [-45.5311, -1.4897], [-45.5222, -1.4841], [-45.5168, -1.4753], [-45.5155, -1.4636], [-45.5018, -1.47]]}}, {"type": "Feature", "properties": {"source_grid_index": 626, "source_longitude": -45.4, "source_latitude": -1.2, "nearest_grid_distance_km": 33.296, "compound_count_annual_mean": 0.7, "mean_overlap_duration": 6.87, "mean_compound_intensity_norm": 0.2581, "Hazard_Index": 0.1382, "Hazard_Frequency": 0.0418, "Hazard_Severity": 0.2312, "Hazard_Index_raw": 0.1365, "municipality_name": "Cândido Mendes", "municipality_state": "MA", "municipality_distance_km": 0.0, "segment_count": 2, "metrics_index": 626}, "geometry": {"type": "LineString", "coordinates": [[-45.5018, -1.47], [-45.4962, -1.4809], [-45.4986, -1.4933]]}}, {"type": "Feature", "properties": {"source_grid_index": 625, "source_longitude": -45.6, "source_latitude": -1.2, "nearest_grid_distance_km": 35.4028, "compound_count_annual_mean": 1.24, "mean_overlap_duration": 4.85, "mean_compound_intensity_norm": 0.4668, "Hazard_Index": 0.4532, "Hazard_Frequency": 0.0955, "Hazard_Severity": 0.752, "Hazard_Index_raw": 0.4238, "municipality_name": "Turiaçu", "municipality_state": "MA", "municipality_distance_km": 0.0, "segment_count": 2, "metrics_index": 625}, "geometry": {"type": "LineString", "coordinates": [[-45.4986, -1.4933], [-45.5093, -1.5046], [-45.4984, -1.5051]]}}, {"type": "Feature", "properties": {"source_grid_index": 619, "source_longitude": -45.2, "source_latitude": -1.4, "nearest_grid_distance_km": 27.8022, "compound_count_annual_mean": 1.15, "mean_overlap_duration": 4.95, "mean_compound_intensity_norm": 0.4154, "Hazard_Index": 0.4488, "Hazard_Frequency": 0.0866, "Hazard_Severity": 0.7529, "Hazard_Index_raw": 0.4197, "municipality_name": "Turiaçu", "municipality_state": "MA", "municipality_distance_km": 0.0, "segment_count": 26, "metrics_index": 619}, "geometry": {"type": "LineString", "coordinates": [[-45.4984, -1.5051], [-45.4913, -1.5034], [-45.4862, -1.4987], [-45.4813, -1.491], [-45.4645, -1.5006], [-45.4614, -1.5163], [-45.4631, -1.5331], [-45.4608, -1.5462], [-45.4491, -1.5281], [-45.4482, -1.5051], [-45.4514, -1.4826], [-45.4546, -1.4601], [-45.451, -1.4537], [-45.4425, -1.4431], [-45.4321, -1.4333], [-45.4233, -1.4289], [-45.4181, -1.4339], [-45.4203, -1.445], [-45.4264, -1.4568], [-45.4329, -1.4636], [-45.4235, -1.4591], [-45.4085, -1.4455], [-45.4027, -1.4426], [-45.4013, -1.4379], [-45.3857, -1.4122], [-45.3795, -1.3937], [-45.3676, -1.3716]]}}, {"type": "Feature", "properties": {"source_grid_index": 626, "source_longitude": -45.4, "source_latitude": -1.2, "nearest_grid_distance_km": 15.7394, "compound_count_annual_mean": 0.7, "mean_overlap_duration": 6.87, "mean_compound_intensity_norm": 0.2581, "Hazard_Index": 0.1382, "Hazard_Frequency": 0.0418, "Hazard_Severity": 0.2312, "Hazard_Index_raw": 0.1365, "municipality_name": "Turiaçu", "municipality_state": "MA", "municipality_distance_km": 0.0, "segment_count": 5, "metrics_index": 626}, "geometry": {"type": "LineString", "coordinates": [[-45.3676, -1.3716], [-45.3556, -1.3495], [-45.3546, -1.3364], [-45.3602, -1.3202], [-45.3468, -1.3117], [-45.3262, -1.3129]]}}, {"type": "Feature", "properties": {"source_grid_index": 619, "source_longitude": -45.2, "source_latitude": -1.4, "nearest_grid_distance_km": 23.5669, "compound_count_annual_mean": 1.15, "mean_overlap_duration": 4.95, "mean_compound_intensity_norm": 0.4154, "Hazard_Index": 0.4488, "Hazard_Frequency": 0.0866, "Hazard_Severity": 0.7529, "Hazard_Index_raw": 0.4197, "municipality_name": "Turiaçu", "municipality_state": "MA", "municipality_distance_km": 0.605, "segment_count": 35, "metrics_index": 619}, "geometry": {"type": "LineString", "coordinates": [[-45.3262, -1.3129], [-45.31, -1.3264], [-45.3073, -1.336], [-45.3018, -1.3759], [-45.2963, -1.4158], [-45.3061, -1.4114], [-45.31, -1.4084], [-45.3224, -1.4368], [-45.3419, -1.4531], [-45.3659, -1.4659], [-45.392, -1.4841], [-45.3857, -1.491], [-45.3778, -1.4794], [-45.3693, -1.4728], [-45.3602, -1.4718], [-45.3509, -1.4767], [-45.3585, -1.4894], [-45.3651, -1.5038], [-45.3697, -1.5196], [-45.3714, -1.5353], [-45.3787, -1.5408], [-45.3926, -1.548], [-45.4009, -1.5602], [-45.392, -1.5803], [-45.3862, -1.5644], [-45.385, -1.5558], [-45.3857, -1.5462], [-45.3511, -1.56], [-45.3402, -1.5832], [-45.3434, -1.6116], [-45.3554, -1.6542], [-45.3614, -1.6682], [-45.3656, -1.6847], [-45.3646, -1.7039], [-45.3589, -1.7194], [-45.3502, -1.7301]]}}, {"type": "Feature", "properties": {"source_grid_index": 619, "source_longitude": -45.2, "source_latitude": -1.4, "nearest_grid_distance_km": 40.7688, "compound_count_annual_mean": 1.15, "mean_overlap_duration": 4.95, "mean_compound_intensity_norm": 0.4154, "Hazard_Index": 0.4488, "Hazard_Frequency": 0.0866, "Hazard_Severity": 0.7529, "Hazard_Index_raw": 0.4197, "municipality_name": "Bacuri", "municipality_state": "MA", "municipality_distance_km": 0.0, "segment_count": 2, "metrics_index": 619}, "geometry": {"type": "LineString", "coordinates": [[-45.3502, -1.7301], [-45.3384, -1.7379], [-45.3236, -1.7448]]}}, {"type": "Feature", "properties": {"source_grid_index": 619, "source_longitude": -45.2, "source_latitude": -1.4, "nearest_grid_distance_km": 39.598, "compound_count_annual_mean": 1.15, "mean_overlap_duration": 4.95, "mean_compound_intensity_norm": 0.4154, "Hazard_Index": 0.4488, "Hazard_Frequency": 0.0866, "Hazard_Severity": 0.7529, "Hazard_Index_raw": 0.4197, "municipality_name": "Turiaçu", "municipality_state": "MA", "municipality_distance_km": 0.0, "segment_count": 1, "metrics_index": 619}, "geometry": {"type": "LineString", "coordinates": [[-45.3236, -1.7448], [-45.2844, -1.7322]]}}, {"type": "Feature", "properties": {"source_grid_index": 619, "source_longitude": -45.2, "source_latitude": -1.4, "nearest_grid_distance_km": 27.0268, "compound_count_annual_mean": 1.15, "mean_overlap_duration": 4.95, "mean_compound_intensity_norm": 0.4154, "Hazard_Index": 0.4488, "Hazard_Frequency": 0.0866, "Hazard_Severity": 0.7529, "Hazard_Index_raw": 0.4197, "municipality_name": "Bacuri", "municipality_state": "MA", "municipality_distance_km": 0.0, "segment_count": 12, "metrics_index": 619}, "geometry": {"type": "LineString", "coordinates": [[-45.2844, -1.7322], [-45.2712, -1.7216], [-45.2765, -1.7039], [-45.2621, -1.6959], [-45.2279, -1.683], [-45.2213, -1.6728], [-45.2263, -1.6565], [-45.2494, -1.6247], [-45.2554, -1.6076], [-45.2475, -1.5793], [-45.2273, -1.5475], [-45.2042, -1.5252], [-45.1797, -1.5256]]}}, {"type": "Feature", "properties": {"source_grid_index": 619, "source_longitude": -45.2, "source_latitude": -1.4, "nearest_grid_distance_km": 12.5124, "compound_count_annual_mean": 1.15, "mean_overlap_duration": 4.95, "mean_compound_intensity_norm": 0.4154, "Hazard_Index": 0.4488, "Hazard_Frequency": 0.0866, "Hazard_Severity": 0.7529, "Hazard_Index_raw": 0.4197, "municipality_name": "Apicum-Açu", "municipality_state": "MA", "municipality_distance_km": 0.0, "segment_count": 9, "metrics_index": 619}, "geometry": {"type": "LineString", "coordinates": [[-45.1797, -1.5256], [-45.1759, -1.5004], [-45.1632, -1.4828], [-45.1487, -1.4815], [-45.1387, -1.5046], [-45.1318, -1.5046], [-45.1277, -1.487], [-45.1158, -1.4778], [-45.1034, -1.4726], [-45.0977, -1.4671]]}}, {"type": "Feature", "properties": {"source_grid_index": 620, "source_longitude": -45.0, "source_latitude": -1.4, "nearest_grid_distance_km": 13.3425, "compound_count_annual_mean": 1.49, "mean_overlap_duration": 4.8, "mean_compound_intensity_norm": 0.4585, "Hazard_Index": 0.5662, "Hazard_Frequency": 0.1194, "Hazard_Severity": 0.9342, "Hazard_Index_raw": 0.5268, "municipality_name": "Apicum-Açu", "municipality_state": "MA", "municipality_distance_km": 0.0, "segment_count": 27, "metrics_index": 620}, "geometry": {"type": "LineString", "coordinates": [[-45.0977, -1.4671], [-45.0914, -1.4641], [-45.0814, -1.4716], [-45.0812, -1.4811], [-45.1046, -1.4841], [-45.0789, -1.4836], [-45.0718, -1.4704], [-45.0707, -1.4503], [-45.063, -1.4289], [-45.0615, -1.4664], [-45.0568, -1.4767], [-45.0497, -1.4822], [-45.0387, -1.4876], [-45.0272, -1.4902], [-45.0189, -1.4876], [-45.0067, -1.4907], [-44.9964, -1.5087], [-44.998, -1.524], [-45.022, -1.5182], [-45.0097, -1.5333], [-44.9952, -1.5354], [-44.9805, -1.5361], [-44.9674, -1.5462], [-44.9674, -1.5524], [-44.985, -1.5612], [-45.0054, -1.5676], [-45.0204, -1.5787], [-45.022, -1.6008]]}}, {"type": "Feature", "properties": {"source_grid_index": 620, "source_longitude": -45.0, "source_latitude": -1.4, "nearest_grid_distance_km": 21.0624, "compound_count_annual_mean": 1.49, "mean_overlap_duration": 4.8, "mean_compound_intensity_norm": 0.4585, "Hazard_Index": 0.5662, "Hazard_Frequency": 0.1194, "Hazard_Severity": 0.9342, "Hazard_Index_raw": 0.5268, "municipality_name": "Bacuri", "municipality_state": "MA", "municipality_distance_km": 0.0, "segment_count": 6, "metrics_index": 620}, "geometry": {"type": "LineString", "coordinates": [[-45.022, -1.6008], [-45.0157, -1.6008], [-45.0089, -1.5827], [-44.9958, -1.582], [-44.9674, -1.594], [-44.9718, -1.5794], [-44.9673, -1.5646]]}}, {"type": "Feature", "properties": {"source_grid_index": 620, "source_longitude": -45.0, "source_latitude": -1.4, "nearest_grid_distance_km": 17.2412, "compound_count_annual_mean": 1.49, "mean_overlap_duration": 4.8, "mean_compound_intensity_norm": 0.4585, "Hazard_Index": 0.5662, "Hazard_Frequency": 0.1194, "Hazard_Severity": 0.9342, "Hazard_Index_raw": 0.5268, "municipality_name": "Apicum-Açu", "municipality_state": "MA", "municipality_distance_km": 0.0, "segment_count": 2, "metrics_index": 620}, "geometry": {"type": "LineString", "coordinates": [[-44.9673, -1.5646], [-44.9595, -1.5491], [-44.9537, -1.5319]]}}, {"type": "Feature", "properties": {"source_grid_index": 620, "source_longitude": -45.0, "source_latitude": -1.4, "nearest_grid_distance_km": 12.4585, "compound_count_annual_mean": 1.49, "mean_overlap_duration": 4.8, "mean_compound_intensity_norm": 0.4585, "Hazard_Index": 0.5662, "Hazard_Frequency": 0.1194, "Hazard_Severity": 0.9342, "Hazard_Index_raw": 0.5268, "municipality_name": "Cururupu", "municipality_state": "MA", "municipality_distance_km": 0.0, "segment_count": 8, "metrics_index": 620}, "geometry": {"type": "LineString", "coordinates": [[-44.9537, -1.5319], [-44.9538, -1.5017], [-44.9471, -1.4928], [-44.9264, -1.491], [-44.9264, -1.4841], [-44.9338, -1.4841], [-44.9338, -1.4767], [-44.9156, -1.4687], [-44.8951, -1.4562]]}}, {"type": "Feature", "properties": {"source_grid_index": 621, "source_longitude": -44.8, "source_latitude": -1.4, "nearest_grid_distance_km": 10.9073, "compound_count_annual_mean": 0.94, "mean_overlap_duration": 7.16, "mean_compound_intensity_norm": 0.3529, "Hazard_Index": 0.3933, "Hazard_Frequency": 0.0657, "Hazard_Severity": 0.6725, "Hazard_Index_raw": 0.3691, "municipality_name": "Cururupu", "municipality_state": "MA", "municipality_distance_km": 0.0, "segment_count": 13, "metrics_index": 621}, "geometry": {"type": "LineString", "coordinates": [[-44.8951, -1.4562], [-44.8782, -1.4412], [-44.8712, -1.4255], [-44.868, -1.4213], [-44.8612, -1.4269], [-44.8544, -1.4371], [-44.8513, -1.4462], [-44.8495, -1.4763], [-44.8513, -1.4841], [-44.8567, -1.4894], [-44.8757, -1.4985], [-44.8854, -1.5046], [-44.8915, -1.5121], [-44.897, -1.528]]}}, {"type": "Feature", "properties": {"source_grid_index": 620, "source_longitude": -45.0, "source_latitude": -1.4, "nearest_grid_distance_km": 21.7693, "compound_count_annual_mean": 1.49, "mean_overlap_duration": 4.8, "mean_compound_intensity_norm": 0.4585, "Hazard_Index": 0.5662, "Hazard_Frequency": 0.1194, "Hazard_Severity": 0.9342, "Hazard_Index_raw": 0.5268, "municipality_name": "Cururupu", "municipality_state": "MA", "municipality_distance_km": 0.0406, "segment_count": 6, "metrics_index": 620}, "geometry": {"type": "LineString", "coordinates": [[-44.897, -1.528], [-44.9131, -1.5479], [-44.9195, -1.5628], [-44.9198, -1.5803], [-44.9121, -1.6008], [-44.9263, -1.6012], [-44.9439, -1.5973]]}}, {"type": "Feature", "properties": {"source_grid_index": 620, "source_longitude": -45.0, "source_latitude": -1.4, "nearest_grid_distance_km": 26.0439, "compound_count_annual_mean": 1.49, "mean_overlap_duration": 4.8, "mean_compound_intensity_norm": 0.4585, "Hazard_Index": 0.5662, "Hazard_Frequency": 0.1194, "Hazard_Severity": 0.9342, "Hazard_Index_raw": 0.5268, "municipality_name": "Bacuri", "municipality_state": "MA", "municipality_distance_km": 0.0, "segment_count": 5, "metrics_index": 620}, "geometry": {"type": "LineString", "coordinates": [[-44.9439, -1.5973], [-44.9537, -1.6008], [-44.9393, -1.611], [-44.9217, -1.6296], [-44.9153, -1.6472], [-44.9338, -1.6555]]}}, {"type": "Feature", "properties": {"source_grid_index": 620, "source_longitude": -45.0, "source_latitude": -1.4, "nearest_grid_distance_km": 30.0019, "compound_count_annual_mean": 1.49, "mean_overlap_duration": 4.8, "mean_compound_intensity_norm": 0.4585, "Hazard_Index": 0.5662, "Hazard_Frequency": 0.1194, "Hazard_Severity": 0.9342, "Hazard_Index_raw": 0.5268, "municipality_name": "Serrano do Maranhão", "municipality_state": "MA", "municipality_distance_km": 0.0, "segment_count": 2, "metrics_index": 620}, "geometry": {"type": "LineString", "coordinates": [[-44.9338, -1.6555], [-44.9181, -1.6575], [-44.9119, -1.6536]]}}, {"type": "Feature", "properties": {"source_grid_index": 620, "source_longitude": -45.0, "source_latitude": -1.4, "nearest_grid_distance_km": 28.6844, "compound_count_annual_mean": 1.49, "mean_overlap_duration": 4.8, "mean_compound_intensity_norm": 0.4585, "Hazard_Index": 0.5662, "Hazard_Frequency": 0.1194, "Hazard_Severity": 0.9342, "Hazard_Index_raw": 0.5268, "municipality_name": "Bacuri", "municipality_state": "MA", "municipality_distance_km": 0.0, "segment_count": 1, "metrics_index": 620}, "geometry": {"type": "LineString", "coordinates": [[-44.9119, -1.6536], [-44.9031, -1.6247]]}}, {"type": "Feature", "properties": {"source_grid_index": 620, "source_longitude": -45.0, "source_latitude": -1.4, "nearest_grid_distance_km": 26.6191, "compound_count_annual_mean": 1.49, "mean_overlap_duration": 4.8, "mean_compound_intensity_norm": 0.4585, "Hazard_Index": 0.5662, "Hazard_Frequency": 0.1194, "Hazard_Severity": 0.9342, "Hazard_Index_raw": 0.5268, "municipality_name": "Serrano do Maranhão", "municipality_state": "MA", "municipality_distance_km": 0.0, "segment_count": 2, "metrics_index": 620}, "geometry": {"type": "LineString", "coordinates": [[-44.9031, -1.6247], [-44.9037, -1.6171], [-44.9003, -1.6098]]}}, {"type": "Feature", "properties": {"source_grid_index": 621, "source_longitude": -44.8, "source_latitude": -1.4, "nearest_grid_distance_km": 25.2085, "compound_count_annual_mean": 0.94, "mean_overlap_duration": 7.16, "mean_compound_intensity_norm": 0.3529, "Hazard_Index": 0.3933, "Hazard_Frequency": 0.0657, "Hazard_Severity": 0.6725, "Hazard_Index_raw": 0.3691, "municipality_name": "Cururupu", "municipality_state": "MA", "municipality_distance_km": 0.0, "segment_count": 1, "metrics_index": 621}, "geometry": {"type": "LineString", "coordinates": [[-44.9003, -1.6098], [-44.8854, -1.6008]]}}, {"type": "Feature", "properties": {"source_grid_index": 621, "source_longitude": -44.8, "source_latitude": -1.4, "nearest_grid_distance_km": 25.9277, "compound_count_annual_mean": 0.94, "mean_overlap_duration": 7.16, "mean_compound_intensity_norm": 0.3529, "Hazard_Index": 0.3933, "Hazard_Frequency": 0.0657, "Hazard_Severity": 0.6725, "Hazard_Index_raw": 0.3691, "municipality_name": "Serrano do Maranhão", "municipality_state": "MA", "municipality_distance_km": 0.0, "segment_count": 3, "metrics_index": 621}, "geometry": {"type": "LineString", "coordinates": [[-44.8854, -1.6008], [-44.8732, -1.6129], [-44.8612, -1.6301], [-44.8474, -1.6413]]}}, {"type": "Feature", "properties": {"source_grid_index": 615, "source_longitude": -44.6, "source_latitude": -1.6, "nearest_grid_distance_km": 26.9129, "compound_count_annual_mean": 1.33, "mean_overlap_duration": 6.09, "mean_compound_intensity_norm": 0.2952, "Hazard_Index": 0.293, "Hazard_Frequency": 0.1045, "Hazard_Severity": 0.4508, "Hazard_Index_raw": 0.2776, "municipality_name": "Serrano do Maranhão", "municipality_state": "MA", "municipality_distance_km": 0.0, "segment_count": 1, "metrics_index": 615}, "geometry": {"type": "LineString", "coordinates": [[-44.8474, -1.6413], [-44.8302, -1.6349]]}}, {"type": "Feature", "properties": {"source_grid_index": 621, "source_longitude": -44.8, "source_latitude": -1.4, "nearest_grid_distance_km": 21.9377, "compound_count_annual_mean": 0.94, "mean_overlap_duration": 7.16, "mean_compound_intensity_norm": 0.3529, "Hazard_Index": 0.3933, "Hazard_Frequency": 0.0657, "Hazard_Severity": 0.6725, "Hazard_Index_raw": 0.3691, "municipality_name": "Cururupu", "municipality_state": "MA", "municipality_distance_km": 0.0, "segment_count": 12, "metrics_index": 621}, "geometry": {"type": "LineString", "coordinates": [[-44.8302, -1.6349], [-44.8474, -1.629], [-44.8507, -1.6161], [-44.8454, -1.6007], [-44.837, -1.5866], [-44.8445, -1.5866], [-44.8424, -1.5815], [-44.8401, -1.5774], [-44.838, -1.5728], [-44.837, -1.5661], [-44.8229, -1.5759], [-44.8141, -1.5912], [-44.81, -1.6095]]}}, {"type": "Feature", "properties": {"source_grid_index": 615, "source_longitude": -44.6, "source_latitude": -1.6, "nearest_grid_distance_km": 24.4084, "compound_count_annual_mean": 1.33, "mean_overlap_duration": 6.09, "mean_compound_intensity_norm": 0.2952, "Hazard_Index": 0.293, "Hazard_Frequency": 0.1045, "Hazard_Severity": 0.4508, "Hazard_Index_raw": 0.2776, "municipality_name": "Cururupu", "municipality_state": "MA", "municipality_distance_km": 0.0, "segment_count": 58, "metrics_index": 615}, "geometry": {"type": "LineString", "coordinates": [[-44.81, -1.6095], [-44.8104, -1.6281], [-44.8036, -1.6093], [-44.8029, -1.6008], [-44.7918, -1.6184], [-44.7957, -1.6301], [-44.8051, -1.6397], [-44.8104, -1.652], [-44.8064, -1.6594], [-44.788, -1.673], [-44.7824, -1.6828], [-44.7854, -1.6842], [-44.8029, -1.7039], [-44.7955, -1.7101], [-44.7775, -1.7206], [-44.7732, -1.7243], [-44.7864, -1.7377], [-44.795, -1.7428], [-44.8029, -1.7516], [-44.8077, -1.7485], [-44.8108, -1.7477], [-44.824, -1.7516], [-44.8232, -1.7563], [-44.8219, -1.7592], [-44.8165, -1.7653], [-44.7953, -1.753], [-44.774, -1.7407], [-44.7678, -1.727], [-44.7755, -1.7039], [-44.7421, -1.7195], [-44.725, -1.7234], [-44.7079, -1.7175], [-44.7206, -1.7496], [-44.7508, -1.7731], [-44.7806, -1.7894], [-44.8104, -1.8058], [-44.8104, -1.8132], [-44.7952, -1.8075], [-44.7568, -1.8019], [-44.7445, -1.7961], [-44.7305, -1.7858], [-44.7231, -1.7913], [-44.7174, -1.8035], [-44.7079, -1.8132], [-44.6794, -1.8111], [-44.6626, -1.7854], [-44.6547, -1.7498], [-44.6527, -1.7175], [-44.6254, -1.7311], [-44.598, -1.7448], [-44.6142, -1.7537], [-44.6252, -1.7634], [-44.6329, -1.7756], [-44.639, -1.7927], [-44.6407, -1.8082], [-44.6406, -1.8219], [-44.6448, -1.8311], [-44.6595, -1.8336], [-44.6595, -1.8398]]}}, {"type": "Feature", "properties": {"source_grid_index": 615, "source_longitude": -44.6, "source_latitude": -1.6, "nearest_grid_distance_km": 27.3889, "compound_count_annual_mean": 1.33, "mean_overlap_duration": 6.09, "mean_compound_intensity_norm": 0.2952, "Hazard_Index": 0.293, "Hazard_Frequency": 0.1045, "Hazard_Severity": 0.4508, "Hazard_Index_raw": 0.2776, "municipality_name": "Porto Rico do Maranhão", "municipality_state": "MA", "municipality_distance_km": 0.0, "segment_count": 1, "metrics_index": 615}, "geometry": {"type": "LineString", "coordinates": [[-44.6595, -1.8398], [-44.649, -1.837]]}}, {"type": "Feature", "properties": {"source_grid_index": 615, "source_longitude": -44.6, "source_latitude": -1.6, "nearest_grid_distance_km": 26.4521, "compound_count_annual_mean": 1.33, "mean_overlap_duration": 6.09, "mean_compound_intensity_norm": 0.2952, "Hazard_Index": 0.293, "Hazard_Frequency": 0.1045, "Hazard_Severity": 0.4508, "Hazard_Index_raw": 0.2776, "municipality_name": "Cururupu", "municipality_state": "MA", "municipality_distance_km": 0.0, "segment_count": 1, "metrics_index": 615}, "geometry": {"type": "LineString", "coordinates": [[-44.649, -1.837], [-44.6327, -1.8281]]}}, {"type": "Feature", "properties": {"source_grid_index": 613, "source_longitude": -44.4, "source_latitude": -1.8, "nearest_grid_distance_km": 19.6561, "compound_count_annual_mean": 1.39, "mean_overlap_duration": 5.78, "mean_compound_intensity_norm": 0.2862, "Hazard_Index": 0.2533, "Hazard_Frequency": 0.1104, "Hazard_Severity": 0.3725, "Hazard_Index_raw": 0.2415, "municipality_name": "Porto Rico do Maranhão", "municipality_state": "MA", "municipality_distance_km": 0.0, "segment_count": 26, "metrics_index": 613}, "geometry": {"type": "LineString", "coordinates": [[-44.6327, -1.8281], [-44.621, -1.8261], [-44.6124, -1.8298], [-44.6068, -1.8375], [-44.6027, -1.8448], [-44.598, -1.8473], [-44.5919, -1.8404], [-44.5892, -1.8289], [-44.5848, -1.818], [-44.5732, -1.8132], [-44.565, -1.8185], [-44.5644, -1.8307], [-44.569, -1.8444], [-44.5763, -1.8541], [-44.5701, -1.8609], [-44.5624, -1.8507], [-44.5538, -1.8444], [-44.5465, -1.8378], [-44.5428, -1.8261], [-44.5358, -1.8294], [-44.5302, -1.8338], [-44.5257, -1.8398], [-44.5217, -1.8473], [-44.5377, -1.8649], [-44.558, -1.8759], [-44.5782, -1.8868], [-44.5906, -1.9018]]}}, {"type": "Feature", "properties": {"source_grid_index": 605, "source_longitude": -44.4, "source_latitude": -2.0, "nearest_grid_distance_km": 22.9742, "compound_count_annual_mean": 1.45, "mean_overlap_duration": 5.23, "mean_compound_intensity_norm": 0.2974, "Hazard_Index": 0.2595, "Hazard_Frequency": 0.1164, "Hazard_Severity": 0.3779, "Hazard_Index_raw": 0.2471, "municipality_name": "Cedral", "municipality_state": "MA", "municipality_distance_km": 0.0, "segment_count": 1, "metrics_index": 605}, "geometry": {"type": "LineString", "coordinates": [[-44.5906, -1.9018], [-44.5712, -1.9006]]}}, {"type": "Feature", "properties": {"source_grid_index": 613, "source_longitude": -44.4, "source_latitude": -1.8, "nearest_grid_distance_km": 18.4083, "compound_count_annual_mean": 1.39, "mean_overlap_duration": 5.78, "mean_compound_intensity_norm": 0.2862, "Hazard_Index": 0.2533, "Hazard_Frequency": 0.1104, "Hazard_Severity": 0.3725, "Hazard_Index_raw": 0.2415, "municipality_name": "Cedral", "municipality_state": "MA", "municipality_distance_km": 0.0, "segment_count": 3, "metrics_index": 613}, "geometry": {"type": "LineString", "coordinates": [[-44.5712, -1.9006], [-44.5366, -1.8919], [-44.5217, -1.8951], [-44.5131, -1.9046]]}}, {"type": "Feature", "properties": {"source_grid_index": 605, "source_longitude": -44.4, "source_latitude": -2.0, "nearest_grid_distance_km": 14.0353, "compound_count_annual_mean": 1.45, "mean_overlap_duration": 5.23, "mean_compound_intensity_norm": 0.2974, "Hazard_Index": 0.2595, "Hazard_Frequency": 0.1164, "Hazard_Severity": 0.3779, "Hazard_Index_raw": 0.2471, "municipality_name": "Cedral", "municipality_state": "MA", "municipality_distance_km": 0.0, "segment_count": 17, "metrics_index": 605}, "geometry": {"type": "LineString", "coordinates": [[-44.5131, -1.9046], [-44.5067, -1.9201], [-44.5026, -1.9376], [-44.5012, -1.9534], [-44.4991, -1.9615], [-44.4902, -1.978], [-44.4881, -1.9875], [-44.4902, -1.9954], [-44.4947, -2.0001], [-44.4991, -2.0038], [-44.5012, -2.0084], [-44.5096, -2.0156], [-44.5286, -2.0178], [-44.5494, -2.016], [-44.5633, -2.0117], [-44.5746, -2.024], [-44.5881, -2.0307], [-44.6173, -2.039]]}}, {"type": "Feature", "properties": {"source_grid_index": 605, "source_longitude": -44.4, "source_latitude": -2.0, "nearest_grid_distance_km": 28.3567, "compound_count_annual_mean": 1.45, "mean_overlap_duration": 5.23, "mean_compound_intensity_norm": 0.2974, "Hazard_Index": 0.2595, "Hazard_Frequency": 0.1164, "Hazard_Severity": 0.3779, "Hazard_Index_raw": 0.2471, "municipality_name": "Guimarães", "municipality_state": "MA", "municipality_distance_km": 0.0, "segment_count": 35, "metrics_index": 605}, "geometry": {"type": "LineString", "coordinates": [[-44.6173, -2.039], [-44.6114, -2.0398], [-44.6068, -2.0398], [-44.6027, -2.0412], [-44.598, -2.0458], [-44.581, -2.0348], [-44.5614, -2.0296], [-44.541, -2.0292], [-44.5217, -2.0323], [-44.5045, -2.032], [-44.4962, -2.0356], [-44.4944, -2.0458], [-44.5006, -2.0545], [-44.5354, -2.08], [-44.5541, -2.0872], [-44.5788, -2.1223], [-44.6079, -2.1537], [-44.639, -2.1489], [-44.6453, -2.1557], [-44.6322, -2.1598], [-44.6164, -2.1594], [-44.6034, -2.1572], [-44.598, -2.1557], [-44.5886, -2.1655], [-44.5943, -2.1742], [-44.6173, -2.1899], [-44.6364, -2.2105], [-44.6554, -2.2311], [-44.6763, -2.2398], [-44.7079, -2.2376], [-44.701, -2.2444], [-44.6975, -2.2504], [-44.6936, -2.2656], [-44.7333, -2.2534], [-44.7514, -2.252], [-44.7697, -2.2597]]}}, {"type": "Feature", "properties": {"source_grid_index": 605, "source_longitude": -44.4, "source_latitude": -2.0, "nearest_grid_distance_km": 51.2915, "compound_count_annual_mean": 1.45, "mean_overlap_duration": 5.23, "mean_compound_intensity_norm": 0.2974, "Hazard_Index": 0.2595, "Hazard_Frequency": 0.1164, "Hazard_Severity": 0.3779, "Hazard_Index_raw": 0.2471, "municipality_name": "Bequimão", "municipality_state": "MA", "municipality_distance_km": 1.6829, "segment_count": 10, "metrics_index": 605}, "geometry": {"type": "LineString", "coordinates": [[-44.7697, -2.2597], [-44.7847, -2.2752], [-44.8012, -2.2857], [-44.824, -2.2792], [-44.8043, -2.2914], [-44.7819, -2.2831], [-44.7594, -2.2748], [-44.7178, -2.2656], [-44.7079, -2.2997], [-44.7005, -2.2997], [-44.6932, -2.2854]]}}, {"type": "Feature", "properties": {"source_grid_index": 605, "source_longitude": -44.4, "source_latitude": -2.0, "nearest_grid_distance_km": 43.8512, "compound_count_annual_mean": 1.45, "mean_overlap_duration": 5.23, "mean_compound_intensity_norm": 0.2974, "Hazard_Index": 0.2595, "Hazard_Frequency": 0.1164, "Hazard_Severity": 0.3779, "Hazard_Index_raw": 0.2471, "municipality_name": "Guimarães", "municipality_state": "MA", "municipality_distance_km": 0.0, "segment_count": 2, "metrics_index": 605}, "geometry": {"type": "LineString", "coordinates": [[-44.6932, -2.2854], [-44.6793, -2.2739], [-44.6656, -2.2709]]}}, {"type": "Feature", "properties": {"source_grid_index": 605, "source_longitude": -44.4, "source_latitude": -2.0, "nearest_grid_distance_km": 50.9719, "compound_count_annual_mean": 1.45, "mean_overlap_duration": 5.23, "mean_compound_intensity_norm": 0.2974, "Hazard_Index": 0.2595, "Hazard_Frequency": 0.1164, "Hazard_Severity": 0.3779, "Hazard_Index_raw": 0.2471, "municipality_name": "Bequimão", "municipality_state": "MA", "municipality_distance_km": 1.1918, "segment_count": 18, "metrics_index": 605}, "geometry": {"type": "LineString", "coordinates": [[-44.6656, -2.2709], [-44.6595, -2.2826], [-44.6619, -2.2965], [-44.6675, -2.3053], [-44.6742, -2.3122], [-44.68, -2.3209], [-44.6881, -2.3434], [-44.6921, -2.3481], [-44.7042, -2.3581], [-44.7108, -2.3683], [-44.7152, -2.3928], [-44.7209, -2.4021], [-44.7141, -2.4089], [-44.7113, -2.3969], [-44.7072, -2.3884], [-44.7014, -2.3818], [-44.6743, -2.3601], [-44.664, -2.3567], [-44.6595, -2.3644]]}}, {"type": "Feature", "properties": {"source_grid_index": 581, "source_longitude": -44.2, "source_latitude": -2.4, "nearest_grid_distance_km": 51.5324, "compound_count_annual_mean": 1.18, "mean_overlap_duration": 5.87, "mean_compound_intensity_norm": 0.2017, "Hazard_Index": 0.1847, "Hazard_Frequency": 0.0896, "Hazard_Severity": 0.2682, "Hazard_Index_raw": 0.1789, "municipality_name": "Bequimão", "municipality_state": "MA", "municipality_distance_km": 0.0, "segment_count": 2, "metrics_index": 581}, "geometry": {"type": "LineString", "coordinates": [[-44.6595, -2.3644], [-44.6647, -2.404], [-44.6635, -2.4206]]}}, {"type": "Feature", "properties": {"source_grid_index": 581, "source_longitude": -44.2, "source_latitude": -2.4, "nearest_grid_distance_km": 50.7817, "compound_count_annual_mean": 1.18, "mean_overlap_duration": 5.87, "mean_compound_intensity_norm": 0.2017, "Hazard_Index": 0.1847, "Hazard_Frequency": 0.0896, "Hazard_Severity": 0.2682, "Hazard_Index_raw": 0.1789, "municipality_name": "Alcântara", "municipality_state": "MA", "municipality_distance_km": 0.0, "segment_count": 3, "metrics_index": 581}, "geometry": {"type": "LineString", "coordinates": [[-44.6635, -2.4206], [-44.6527, -2.4295], [-44.6556, -2.4202], [-44.6562, -2.4075]]}}, {"type": "Feature", "properties": {"source_grid_index": 581, "source_longitude": -44.2, "source_latitude": -2.4, "nearest_grid_distance_km": 50.6288, "compound_count_annual_mean": 1.18, "mean_overlap_duration": 5.87, "mean_compound_intensity_norm": 0.2017, "Hazard_Index": 0.1847, "Hazard_Frequency": 0.0896, "Hazard_Severity": 0.2682, "Hazard_Index_raw": 0.1789, "municipality_name": "Bequimão", "municipality_state": "MA", "municipality_distance_km": 0.0, "segment_count": 1, "metrics_index": 581}, "geometry": {"type": "LineString", "coordinates": [[-44.6562, -2.4075], [-44.6542, -2.3945]]}}, {"type": "Feature", "properties": {"source_grid_index": 581, "source_longitude": -44.2, "source_latitude": -2.4, "nearest_grid_distance_km": 49.7926, "compound_count_annual_mean": 1.18, "mean_overlap_duration": 5.87, "mean_compound_intensity_norm": 0.2017, "Hazard_Index": 0.1847, "Hazard_Frequency": 0.0896, "Hazard_Severity": 0.2682, "Hazard_Index_raw": 0.1789, "municipality_name": "Alcântara", "municipality_state": "MA", "municipality_distance_km": 0.0, "segment_count": 2, "metrics_index": 581}, "geometry": {"type": "LineString", "coordinates": [[-44.6542, -2.3945], [-44.644, -2.3748], [-44.646, -2.3665]]}}, {"type": "Feature", "properties": {"source_grid_index": 605, "source_longitude": -44.4, "source_latitude": -2.0, "nearest_grid_distance_km": 31.8727, "compound_count_annual_mean": 1.45, "mean_overlap_duration": 5.23, "mean_compound_intensity_norm": 0.2974, "Hazard_Index": 0.2595, "Hazard_Frequency": 0.1164, "Hazard_Severity": 0.3779, "Hazard_Index_raw": 0.2471, "municipality_name": "Alcântara", "municipality_state": "MA", "municipality_distance_km": 0.0, "segment_count": 22, "metrics_index": 605}, "geometry": {"type": "LineString", "coordinates": [[-44.646, -2.3665], [-44.6503, -2.3588], [-44.6527, -2.3513], [-44.6523, -2.3279], [-44.6498, -2.3088], [-44.6435, -2.2908], [-44.6316, -2.2717], [-44.6082, -2.2509], [-44.5848, -2.2302], [-44.5732, -2.2241], [-44.5622, -2.2218], [-44.554, -2.2164], [-44.5428, -2.2035], [-44.5452, -2.204], [-44.5428, -2.1899], [-44.5398, -2.1857], [-44.5333, -2.1811], [-44.5292, -2.1762], [-44.4973, -2.1479], [-44.4617, -2.1446], [-44.4271, -2.1624], [-44.413, -2.1799], [-44.3988, -2.1974]]}}, {"type": "Feature", "properties": {"source_grid_index": 596, "source_longitude": -44.2, "source_latitude": -2.2, "nearest_grid_distance_km": 21.5989, "compound_count_annual_mean": 1.09, "mean_overlap_duration": 5.5, "mean_compound_intensity_norm": 0.2426, "Hazard_Index": 0.2132, "Hazard_Frequency": 0.0806, "Hazard_Severity": 0.3292, "Hazard_Index_raw": 0.2049, "municipality_name": "Alcântara", "municipality_state": "MA", "municipality_distance_km": 0.8369, "segment_count": 6, "metrics_index": 596}, "geometry": {"type": "LineString", "coordinates": [[-44.3988, -2.1974], [-44.3898, -2.2184], [-44.3856, -2.238], [-44.3845, -2.2756], [-44.3818, -2.2776], [-44.369, -2.2927], [-44.3647, -2.2997]]}}, {"type": "Feature", "properties": {"source_grid_index": 581, "source_longitude": -44.2, "source_latitude": -2.4, "nearest_grid_distance_km": 38.2472, "compound_count_annual_mean": 1.18, "mean_overlap_duration": 5.87, "mean_compound_intensity_norm": 0.2017, "Hazard_Index": 0.1847, "Hazard_Frequency": 0.0896, "Hazard_Severity": 0.2682, "Hazard_Index_raw": 0.1789, "municipality_name": "Alcântara", "municipality_state": "MA", "municipality_distance_km": 0.3379, "segment_count": 53, "metrics_index": 581}, "geometry": {"type": "LineString", "coordinates": [[-44.3647, -2.2997], [-44.3625, -2.3103], [-44.3636, -2.3339], [-44.3734, -2.3774], [-44.3823, -2.3948], [-44.3954, -2.4021], [-44.4307, -2.4069], [-44.4534, -2.4075], [-44.4739, -2.4021], [-44.4802, -2.3966], [-44.4907, -2.3831], [-44.4978, -2.3805], [-44.5001, -2.3792], [-44.5038, -2.3764], [-44.5072, -2.3732], [-44.5087, -2.3712], [-44.5107, -2.3671], [-44.5155, -2.3688], [-44.521, -2.3727], [-44.5381, -2.3797], [-44.5514, -2.391], [-44.563, -2.4047], [-44.5701, -2.4164], [-44.5467, -2.4018], [-44.5233, -2.3871], [-44.5074, -2.3898], [-44.5012, -2.4195], [-44.506, -2.4448], [-44.5109, -2.47], [-44.5216, -2.5001], [-44.5354, -2.5182], [-44.5471, -2.5214], [-44.5563, -2.52], [-44.5652, -2.5212], [-44.5763, -2.5325], [-44.588, -2.5622], [-44.5943, -2.5666], [-44.6129, -2.5702], [-44.6371, -2.5798], [-44.656, -2.5932], [-44.6595, -2.6082], [-44.6448, -2.593], [-44.6219, -2.5835], [-44.599, -2.5739], [-44.5801, -2.5636], [-44.5713, -2.5523], [-44.5675, -2.5423], [-44.5614, -2.5353], [-44.5463, -2.5325], [-44.5404, -2.5383], [-44.545, -2.5506], [-44.5528, -2.5624], [-44.5565, -2.5666], [-44.5735, -2.6009]]}}, {"type": "Feature", "properties": {"source_grid_index": 581, "source_longitude": -44.2, "source_latitude": -2.4, "nearest_grid_distance_km": 58.1331, "compound_count_annual_mean": 1.18, "mean_overlap_duration": 5.87, "mean_compound_intensity_norm": 0.2017, "Hazard_Index": 0.1847, "Hazard_Frequency": 0.0896, "Hazard_Severity": 0.2682, "Hazard_Index_raw": 0.1789, "municipality_name": "Bacurituba", "municipality_state": "MA", "municipality_distance_km": 0.0, "segment_count": 8, "metrics_index": 581}, "geometry": {"type": "LineString", "coordinates": [[-44.5735, -2.6009], [-44.5905, -2.6353], [-44.6075, -2.6697], [-44.6316, -2.697], [-44.6252, -2.7066], [-44.6269, -2.7188], [-44.639, -2.7448], [-44.6462, -2.7682], [-44.6477, -2.7873]]}}, {"type": "Feature", "properties": {"source_grid_index": 581, "source_longitude": -44.2, "source_latitude": -2.4, "nearest_grid_distance_km": 70.4271, "compound_count_annual_mean": 1.18, "mean_overlap_duration": 5.87, "mean_compound_intensity_norm": 0.2017, "Hazard_Index": 0.1847, "Hazard_Frequency": 0.0896, "Hazard_Severity": 0.2682, "Hazard_Index_raw": 0.1789, "municipality_name": "Cajapió", "municipality_state": "MA", "municipality_distance_km": 0.45, "segment_count": 3, "metrics_index": 581}, "geometry": {"type": "LineString", "coordinates": [[-44.6477, -2.7873], [-44.6453, -2.8307], [-44.6501, -2.8547], [-44.6681, -2.8857]]}}, {"type": "Feature", "properties": {"source_grid_index": 581, "source_longitude": -44.2, "source_latitude": -2.4, "nearest_grid_distance_km": 99.7323, "compound_count_annual_mean": 1.18, "mean_overlap_duration": 5.87, "mean_compound_intensity_norm": 0.2017, "Hazard_Index": 0.1847, "Hazard_Frequency": 0.0896, "Hazard_Severity": 0.2682, "Hazard_Index_raw": 0.1789, "municipality_name": "São João Batista", "municipality_state": "MA", "municipality_distance_km": 0.0, "segment_count": 45, "metrics_index": 581}, "geometry": {"type": "LineString", "coordinates": [[-44.6681, -2.8857], [-44.6861, -2.9167], [-44.6873, -2.9244], [-44.6861, -2.9539], [-44.6874, -2.9654], [-44.6925, -2.9846], [-44.6936, -2.9949], [-44.6843, -3.0126], [-44.663, -3.0177], [-44.6398, -3.019], [-44.6247, -3.026], [-44.6222, -3.051], [-44.6398, -3.069], [-44.6617, -3.0833], [-44.6725, -3.0979], [-44.6767, -3.1117], [-44.6868, -3.1208], [-44.6985, -3.1279], [-44.7079, -3.1358], [-44.7118, -3.1451], [-44.7172, -3.1689], [-44.7209, -3.1769], [-44.7406, -3.1869], [-44.7631, -3.1907], [-44.7816, -3.197], [-44.7892, -3.2146], [-44.7871, -3.2333], [-44.7812, -3.2517], [-44.7723, -3.2695], [-44.7613, -3.2861], [-44.796, -3.3002], [-44.7616, -3.3056], [-44.7537, -3.2898], [-44.7575, -3.264], [-44.7613, -3.2382], [-44.7552, -3.2201], [-44.7428, -3.2075], [-44.7254, -3.1998], [-44.7025, -3.1969], [-44.6796, -3.194], [-44.66, -3.1847], [-44.6444, -3.1697], [-44.6316, -3.1495], [-44.6136, -3.112], [-44.6001, -3.1041], [-44.5732, -3.1017]]}}, {"type": "Feature", "properties": {"source_grid_index": 581, "source_longitude": -44.2, "source_latitude": -2.4, "nearest_grid_distance_km": 82.437, "compound_count_annual_mean": 1.18, "mean_overlap_duration": 5.87, "mean_compound_intensity_norm": 0.2017, "Hazard_Index": 0.1847, "Hazard_Frequency": 0.0896, "Hazard_Severity": 0.2682, "Hazard_Index_raw": 0.1789, "municipality_name": "Santa Rita", "municipality_state": "MA", "municipality_distance_km": 1.4442, "segment_count": 3, "metrics_index": 581}, "geometry": {"type": "LineString", "coordinates": [[-44.5732, -3.1017], [-44.5512, -3.0669], [-44.5292, -3.0322], [-44.5055, -3.0198]]}}, {"type": "Feature", "properties": {"source_grid_index": 581, "source_longitude": -44.2, "source_latitude": -2.4, "nearest_grid_distance_km": 63.4786, "compound_count_annual_mean": 1.18, "mean_overlap_duration": 5.87, "mean_compound_intensity_norm": 0.2017, "Hazard_Index": 0.1847, "Hazard_Frequency": 0.0896, "Hazard_Severity": 0.2682, "Hazard_Index_raw": 0.1789, "municipality_name": "Bacabeira", "municipality_state": "MA", "municipality_distance_km": 0.8822, "segment_count": 13, "metrics_index": 581}, "geometry": {"type": "LineString", "coordinates": [[-44.5055, -3.0198], [-44.4819, -3.0074], [-44.4739, -3.0017], [-44.4686, -2.9866], [-44.4508, -2.9684], [-44.433, -2.9503], [-44.4242, -2.9345], [-44.4154, -2.914], [-44.4088, -2.8922], [-44.4062, -2.872], [-44.4072, -2.8492], [-44.4081, -2.8263], [-44.4043, -2.8049], [-44.392, -2.7931]]}}, {"type": "Feature", "properties": {"source_grid_index": 581, "source_longitude": -44.2, "source_latitude": -2.4, "nearest_grid_distance_km": 27.6888, "compound_count_annual_mean": 1.18, "mean_overlap_duration": 5.87, "mean_compound_intensity_norm": 0.2017, "Hazard_Index": 0.1847, "Hazard_Frequency": 0.0896, "Hazard_Severity": 0.2682, "Hazard_Index_raw": 0.1789, "municipality_name": "São Luís", "municipality_state": "MA", "municipality_distance_km": 0.0, "segment_count": 33, "metrics_index": 581}, "geometry": {"type": "LineString", "coordinates": [[-44.392, -2.7931], [-44.3953, -2.7892], [-44.3971, -2.7853], [-44.4, -2.7819], [-44.4062, -2.7789], [-44.3945, -2.7418], [-44.3827, -2.7047], [-44.371, -2.6676], [-44.3647, -2.6287], [-44.3611, -2.6368], [-44.3586, -2.6446], [-44.3573, -2.6528], [-44.3578, -2.6628], [-44.351, -2.6628], [-44.3567, -2.625], [-44.3624, -2.5873], [-44.3681, -2.5496], [-44.3575, -2.5366], [-44.3527, -2.5291], [-44.3452, -2.5258], [-44.3265, -2.5251], [-44.3122, -2.5319], [-44.3019, -2.548], [-44.2889, -2.5803], [-44.2882, -2.5514], [-44.292, -2.5398], [-44.3026, -2.5325], [-44.2998, -2.5213], [-44.3011, -2.5085], [-44.3006, -2.4948], [-44.2926, -2.4811], [-44.279, -2.4755], [-44.2495, -2.473], [-44.2201, -2.4704]]}}, {"type": "Feature", "properties": {"source_grid_index": 581, "source_longitude": -44.2, "source_latitude": -2.4, "nearest_grid_distance_km": 6.8802, "compound_count_annual_mean": 1.18, "mean_overlap_duration": 5.87, "mean_compound_intensity_norm": 0.2017, "Hazard_Index": 0.1847, "Hazard_Frequency": 0.0896, "Hazard_Severity": 0.2682, "Hazard_Index_raw": 0.1789, "municipality_name": "São José de Ribamar", "municipality_state": "MA", "municipality_distance_km": 0.3179, "segment_count": 1, "metrics_index": 581}, "geometry": {"type": "LineString", "coordinates": [[-44.2201, -2.4704], [-44.1839, -2.4522]]}}, {"type": "Feature", "properties": {"source_grid_index": 581, "source_longitude": -44.2, "source_latitude": -2.4, "nearest_grid_distance_km": 7.234, "compound_count_annual_mean": 1.18, "mean_overlap_duration": 5.87, "mean_compound_intensity_norm": 0.2017, "Hazard_Index": 0.1847, "Hazard_Frequency": 0.0896, "Hazard_Severity": 0.2682, "Hazard_Index_raw": 0.1789, "municipality_name": "Raposa", "municipality_state": "MA", "municipality_distance_km": 0.6995, "segment_count": 2, "metrics_index": 581}, "geometry": {"type": "LineString", "coordinates": [[-44.1839, -2.4522], [-44.1477, -2.434], [-44.1115, -2.4158]]}}, {"type": "Feature", "properties": {"source_grid_index": 582, "source_longitude": -44.0, "source_latitude": -2.4, "nearest_grid_distance_km": 8.3979, "compound_count_annual_mean": 1.64, "mean_overlap_duration": 3.89, "mean_compound_intensity_norm": 0.2884, "Hazard_Index": 0.3102, "Hazard_Frequency": 0.1343, "Hazard_Severity": 0.4524, "Hazard_Index_raw": 0.2933, "municipality_name": "Raposa", "municipality_state": "MA", "municipality_distance_km": 0.0, "segment_count": 10, "metrics_index": 582}, "geometry": {"type": "LineString", "coordinates": [[-44.1115, -2.4158], [-44.0829, -2.4164], [-44.073, -2.3995], [-44.053, -2.4], [-44.0344, -2.4152], [-44.0289, -2.443], [-44.0464, -2.4387], [-44.0714, -2.4381], [-44.0922, -2.4435], [-44.0972, -2.4567], [-44.0697, -2.4609]]}}, {"type": "Feature", "properties": {"source_grid_index": 582, "source_longitude": -44.0, "source_latitude": -2.4, "nearest_grid_distance_km": 10.1649, "compound_count_annual_mean": 1.64, "mean_overlap_duration": 3.89, "mean_compound_intensity_norm": 0.2884, "Hazard_Index": 0.3102, "Hazard_Frequency": 0.1343, "Hazard_Severity": 0.4524, "Hazard_Index_raw": 0.2933, "municipality_name": "Paço do Lumiar", "municipality_state": "MA", "municipality_distance_km": 0.0, "segment_count": 1, "metrics_index": 582}, "geometry": {"type": "LineString", "coordinates": [[-44.0697, -2.4609], [-44.0636, -2.463]]}}, {"type": "Feature", "properties": {"source_grid_index": 582, "source_longitude": -44.0, "source_latitude": -2.4, "nearest_grid_distance_km": 10.2377, "compound_count_annual_mean": 1.64, "mean_overlap_duration": 3.89, "mean_compound_intensity_norm": 0.2884, "Hazard_Index": 0.3102, "Hazard_Frequency": 0.1343, "Hazard_Severity": 0.4524, "Hazard_Index_raw": 0.2933, "municipality_name": "Raposa", "municipality_state": "MA", "municipality_distance_km": 0.0, "segment_count": 1, "metrics_index": 582}, "geometry": {"type": "LineString", "coordinates": [[-44.0636, -2.463], [-44.0606, -2.4716]]}}, {"type": "Feature", "properties": {"source_grid_index": 582, "source_longitude": -44.0, "source_latitude": -2.4, "nearest_grid_distance_km": 13.9668, "compound_count_annual_mean": 1.64, "mean_overlap_duration": 3.89, "mean_compound_intensity_norm": 0.2884, "Hazard_Index": 0.3102, "Hazard_Frequency": 0.1343, "Hazard_Severity": 0.4524, "Hazard_Index_raw": 0.2933, "municipality_name": "São José de Ribamar", "municipality_state": "MA", "municipality_distance_km": 0.0, "segment_count": 13, "metrics_index": 582}, "geometry": {"type": "LineString", "coordinates": [[-44.0606, -2.4716], [-44.0601, -2.4949], [-44.0562, -2.5051], [-44.0557, -2.4943], [-44.0544, -2.4866], [-44.0494, -2.4704], [-44.0419, -2.4704], [-44.0343, -2.4933], [-44.0327, -2.5133], [-44.0375, -2.5324], [-44.0494, -2.5529], [-44.0655, -2.5514], [-44.0829, -2.5603], [-44.0972, -2.5803]]}}, {"type": "Feature", "properties": {"source_grid_index": 581, "source_longitude": -44.2, "source_latitude": -2.4, "nearest_grid_distance_km": 26.9538, "compound_count_annual_mean": 1.18, "mean_overlap_duration": 5.87, "mean_compound_intensity_norm": 0.2017, "Hazard_Index": 0.1847, "Hazard_Frequency": 0.0896, "Hazard_Severity": 0.2682, "Hazard_Index_raw": 0.1789, "municipality_name": "São José de Ribamar", "municipality_state": "MA", "municipality_distance_km": 0.0, "segment_count": 11, "metrics_index": 581}, "geometry": {"type": "LineString", "coordinates": [[-44.0972, -2.5803], [-44.1033, -2.5834], [-44.1103, -2.5847], [-44.1176, -2.5875], [-44.1244, -2.5945], [-44.1066, -2.6023], [-44.1111, -2.622], [-44.1241, -2.6461], [-44.1372, -2.6702], [-44.151, -2.6801], [-44.1671, -2.6873], [-44.1797, -2.6901]]}}, {"type": "Feature", "properties": {"source_grid_index": 581, "source_longitude": -44.2, "source_latitude": -2.4, "nearest_grid_distance_km": 35.5305, "compound_count_annual_mean": 1.18, "mean_overlap_duration": 5.87, "mean_compound_intensity_norm": 0.2017, "Hazard_Index": 0.1847, "Hazard_Frequency": 0.0896, "Hazard_Severity": 0.2682, "Hazard_Index_raw": 0.1789, "municipality_name": "São Luís", "municipality_state": "MA", "municipality_distance_km": 0.0, "segment_count": 13, "metrics_index": 581}, "geometry": {"type": "LineString", "coordinates": [[-44.1797, -2.6901], [-44.1911, -2.6889], [-44.1978, -2.6852], [-44.2139, -2.669], [-44.2103, -2.6865], [-44.2067, -2.6923], [-44.2002, -2.697], [-44.2122, -2.7077], [-44.2399, -2.7145], [-44.2517, -2.7211], [-44.2799, -2.7483], [-44.2855, -2.7522], [-44.3131, -2.7621], [-44.3385, -2.7849]]}}, {"type": "Feature", "properties": {"source_grid_index": 581, "source_longitude": -44.2, "source_latitude": -2.4, "nearest_grid_distance_km": 47.1416, "compound_count_annual_mean": 1.18, "mean_overlap_duration": 5.87, "mean_compound_intensity_norm": 0.2017, "Hazard_Index": 0.1847, "Hazard_Frequency": 0.0896, "Hazard_Severity": 0.2682, "Hazard_Index_raw": 0.1789, "municipality_name": "Bacabeira", "municipality_state": "MA", "municipality_distance_km": 0.0, "segment_count": 9, "metrics_index": 581}, "geometry": {"type": "LineString", "coordinates": [[-44.3385, -2.7849], [-44.3485, -2.8102], [-44.3299, -2.8273], [-44.3284, -2.8041], [-44.3227, -2.7851], [-44.3125, -2.7787], [-44.2964, -2.7931], [-44.3055, -2.8102], [-44.31, -2.8142], [-44.31, -2.8205]]}}, {"type": "Feature", "properties": {"source_grid_index": 581, "source_longitude": -44.2, "source_latitude": -2.4, "nearest_grid_distance_km": 48.7893, "compound_count_annual_mean": 1.18, "mean_overlap_duration": 5.87, "mean_compound_intensity_norm": 0.2017, "Hazard_Index": 0.1847, "Hazard_Frequency": 0.0896, "Hazard_Severity": 0.2682, "Hazard_Index_raw": 0.1789, "municipality_name": "Rosário", "municipality_state": "MA", "municipality_distance_km": 0.0, "segment_count": 2, "metrics_index": 581}, "geometry": {"type": "LineString", "coordinates": [[-44.31, -2.8205], [-44.2964, -2.8342], [-44.2889, -2.8068]]}}, {"type": "Feature", "properties": {"source_grid_index": 581, "source_longitude": -44.2, "source_latitude": -2.4, "nearest_grid_distance_km": 46.5748, "compound_count_annual_mean": 1.18, "mean_overlap_duration": 5.87, "mean_compound_intensity_norm": 0.2017, "Hazard_Index": 0.1847, "Hazard_Frequency": 0.0896, "Hazard_Severity": 0.2682, "Hazard_Index_raw": 0.1789, "municipality_name": "Bacabeira", "municipality_state": "MA", "municipality_distance_km": 0.0, "segment_count": 1, "metrics_index": 581}, "geometry": {"type": "LineString", "coordinates": [[-44.2889, -2.8068], [-44.284, -2.8056]]}}, {"type": "Feature", "properties": {"source_grid_index": 581, "source_longitude": -44.2, "source_latitude": -2.4, "nearest_grid_distance_km": 47.0407, "compound_count_annual_mean": 1.18, "mean_overlap_duration": 5.87, "mean_compound_intensity_norm": 0.2017, "Hazard_Index": 0.1847, "Hazard_Frequency": 0.0896, "Hazard_Severity": 0.2682, "Hazard_Index_raw": 0.1789, "municipality_name": "Rosário", "municipality_state": "MA", "municipality_distance_km": 0.0, "segment_count": 36, "metrics_index": 581}, "geometry": {"type": "LineString", "coordinates": [[-44.284, -2.8056], [-44.2772, -2.8069], [-44.2711, -2.8073], [-44.2685, -2.8034], [-44.2678, -2.7902], [-44.2655, -2.7805], [-44.2615, -2.7726], [-44.2554, -2.7653], [-44.2462, -2.774], [-44.2201, -2.7931], [-44.2261, -2.777], [-44.2184, -2.7678], [-44.1865, -2.759], [-44.1885, -2.7781], [-44.1747, -2.8071], [-44.1831, -2.8239], [-44.1912, -2.8297], [-44.207, -2.8359], [-44.2139, -2.841], [-44.2189, -2.8482], [-44.2185, -2.8517], [-44.2141, -2.8517], [-44.207, -2.8484], [-44.2049, -2.8534], [-44.2025, -2.8575], [-44.2006, -2.8621], [-44.2002, -2.8689], [-44.1834, -2.8535], [-44.1667, -2.8381], [-44.1593, -2.8273], [-44.1559, -2.8295], [-44.1548, -2.8298], [-44.154, -2.8305], [-44.1518, -2.8342], [-44.1415, -2.8204], [-44.1327, -2.8036], [-44.1267, -2.7859]]}}, {"type": "Feature", "properties": {"source_grid_index": 581, "source_longitude": -44.2, "source_latitude": -2.4, "nearest_grid_distance_km": 41.6013, "compound_count_annual_mean": 1.18, "mean_overlap_duration": 5.87, "mean_compound_intensity_norm": 0.2017, "Hazard_Index": 0.1847, "Hazard_Frequency": 0.0896, "Hazard_Severity": 0.2682, "Hazard_Index_raw": 0.1789, "municipality_name": "Axixá", "municipality_state": "MA", "municipality_distance_km": 0.0, "segment_count": 6, "metrics_index": 581}, "geometry": {"type": "LineString", "coordinates": [[-44.1267, -2.7859], [-44.1244, -2.769], [-44.1181, -2.7577], [-44.106, -2.7496], [-44.0981, -2.7487], [-44.1046, -2.759], [-44.1046, -2.7653]]}}, {"type": "Feature", "properties": {"source_grid_index": 582, "source_longitude": -44.0, "source_latitude": -2.4, "nearest_grid_distance_km": 42.0657, "compound_count_annual_mean": 1.64, "mean_overlap_duration": 3.89, "mean_compound_intensity_norm": 0.2884, "Hazard_Index": 0.3102, "Hazard_Frequency": 0.1343, "Hazard_Severity": 0.4524, "Hazard_Index_raw": 0.2933, "municipality_name": "Axixá", "municipality_state": "MA", "municipality_distance_km": 0.0, "segment_count": 10, "metrics_index": 582}, "geometry": {"type": "LineString", "coordinates": [[-44.1046, -2.7653], [-44.0926, -2.7617], [-44.089, -2.759], [-44.0829, -2.7522], [-44.0766, -2.759], [-44.0795, -2.7663], [-44.0797, -2.7693], [-44.0784, -2.7721], [-44.0766, -2.7789], [-44.0742, -2.7721], [-44.0726, -2.769]]}}, {"type": "Feature", "properties": {"source_grid_index": 582, "source_longitude": -44.0, "source_latitude": -2.4, "nearest_grid_distance_km": 42.2262, "compound_count_annual_mean": 1.64, "mean_overlap_duration": 3.89, "mean_compound_intensity_norm": 0.2884, "Hazard_Index": 0.3102, "Hazard_Frequency": 0.1343, "Hazard_Severity": 0.4524, "Hazard_Index_raw": 0.2933, "municipality_name": "Icatu", "municipality_state": "MA", "municipality_distance_km": 0.0, "segment_count": 2, "metrics_index": 582}, "geometry": {"type": "LineString", "coordinates": [[-44.0726, -2.769], [-44.0698, -2.7653], [-44.0687, -2.7791]]}}, {"type": "Feature", "properties": {"source_grid_index": 582, "source_longitude": -44.0, "source_latitude": -2.4, "nearest_grid_distance_km": 45.0485, "compound_count_annual_mean": 1.64, "mean_overlap_duration": 3.89, "mean_compound_intensity_norm": 0.2884, "Hazard_Index": 0.3102, "Hazard_Frequency": 0.1343, "Hazard_Severity": 0.4524, "Hazard_Index_raw": 0.2933, "municipality_name": "Axixá", "municipality_state": "MA", "municipality_distance_km": 0.0, "segment_count": 3, "metrics_index": 582}, "geometry": {"type": "LineString", "coordinates": [[-44.0687, -2.7791], [-44.0719, -2.7895], [-44.0829, -2.8068], [-44.0681, -2.7952]]}}, {"type": "Feature", "properties": {"source_grid_index": 582, "source_longitude": -44.0, "source_latitude": -2.4, "nearest_grid_distance_km": 27.5758, "compound_count_annual_mean": 1.64, "mean_overlap_duration": 3.89, "mean_compound_intensity_norm": 0.2884, "Hazard_Index": 0.3102, "Hazard_Frequency": 0.1343, "Hazard_Severity": 0.4524, "Hazard_Index_raw": 0.2933, "municipality_name": "Icatu", "municipality_state": "MA", "municipality_distance_km": 0.0, "segment_count": 43, "metrics_index": 582}, "geometry": {"type": "LineString", "coordinates": [[-44.0681, -2.7952], [-44.0629, -2.777], [-44.0636, -2.7348], [-44.0604, -2.7177], [-44.0525, -2.7019], [-44.0357, -2.6764], [-44.0229, -2.6489], [-44.0141, -2.6347], [-43.984, -2.6155], [-43.9805, -2.6116], [-43.9759, -2.6103], [-43.9464, -2.6287], [-43.9464, -2.6213], [-43.9578, -2.6124], [-43.9584, -2.6007], [-43.9464, -2.574], [-43.9326, -2.5558], [-43.9232, -2.5468], [-43.9191, -2.5496], [-43.9054, -2.575], [-43.8918, -2.6005], [-43.878, -2.6349], [-43.8744, -2.6228], [-43.8773, -2.6113], [-43.8822, -2.5986], [-43.8849, -2.5837], [-43.8795, -2.5712], [-43.8533, -2.5593], [-43.8463, -2.5563], [-43.8385, -2.5562], [-43.8341, -2.5549], [-43.8276, -2.5511], [-43.8214, -2.5511], [-43.8157, -2.5515], [-43.8049, -2.5492], [-43.7818, -2.5325], [-43.767, -2.5263], [-43.7528, -2.524], [-43.7464, -2.5292], [-43.7386, -2.5172], [-43.7401, -2.4869], [-43.7241, -2.4772], [-43.7125, -2.4885], [-43.7065, -2.5138]]}}, {"type": "Feature", "properties": {"source_grid_index": 582, "source_longitude": -44.0, "source_latitude": -2.4, "nearest_grid_distance_km": 35.5069, "compound_count_annual_mean": 1.64, "mean_overlap_duration": 3.89, "mean_compound_intensity_norm": 0.2884, "Hazard_Index": 0.3102, "Hazard_Frequency": 0.1343, "Hazard_Severity": 0.4524, "Hazard_Index_raw": 0.2933, "municipality_name": "Humberto de Campos", "municipality_state": "MA", "municipality_distance_km": 0.0, "segment_count": 1, "metrics_index": 582}, "geometry": {"type": "LineString", "coordinates": [[-43.7065, -2.5138], [-43.7086, -2.5397]]}}, {"type": "Feature", "properties": {"source_grid_index": 582, "source_longitude": -44.0, "source_latitude": -2.4, "nearest_grid_distance_km": 36.2648, "compound_count_annual_mean": 1.64, "mean_overlap_duration": 3.89, "mean_compound_intensity_norm": 0.2884, "Hazard_Index": 0.3102, "Hazard_Frequency": 0.1343, "Hazard_Severity": 0.4524, "Hazard_Index_raw": 0.2933, "municipality_name": "Icatu", "municipality_state": "MA", "municipality_distance_km": 0.0, "segment_count": 6, "metrics_index": 582}, "geometry": {"type": "LineString", "coordinates": [[-43.7086, -2.5397], [-43.7211, -2.5529], [-43.7211, -2.5603], [-43.7136, -2.5603], [-43.7136, -2.5529], [-43.7067, -2.5529], [-43.7067, -2.5603]]}}, {"type": "Feature", "properties": {"source_grid_index": 582, "source_longitude": -44.0, "source_latitude": -2.4, "nearest_grid_distance_km": 37.9522, "compound_count_annual_mean": 1.64, "mean_overlap_duration": 3.89, "mean_compound_intensity_norm": 0.2884, "Hazard_Index": 0.3102, "Hazard_Frequency": 0.1343, "Hazard_Severity": 0.4524, "Hazard_Index_raw": 0.2933, "municipality_name": "Humberto de Campos", "municipality_state": "MA", "municipality_distance_km": 0.0, "segment_count": 6, "metrics_index": 582}, "geometry": {"type": "LineString", "coordinates": [[-43.7067, -2.5603], [-43.6993, -2.5603], [-43.6991, -2.5536], [-43.6976, -2.549], [-43.6931, -2.5393], [-43.6846, -2.5434], [-43.6767, -2.5456]]}}, {"type": "Feature", "properties": {"source_grid_index": 599, "source_longitude": -43.6, "source_latitude": -2.2, "nearest_grid_distance_km": 34.0794, "compound_count_annual_mean": 0.94, "mean_overlap_duration": 5.32, "mean_compound_intensity_norm": 0.2206, "Hazard_Index": 0.173, "Hazard_Frequency": 0.0657, "Hazard_Severity": 0.2708, "Hazard_Index_raw": 0.1682, "municipality_name": "Humberto de Campos", "municipality_state": "MA", "municipality_distance_km": 0.0, "segment_count": 31, "metrics_index": 599}, "geometry": {"type": "LineString", "coordinates": [[-43.6767, -2.5456], [-43.6583, -2.5462], [-43.681, -2.5296], [-43.6824, -2.5047], [-43.6684, -2.4833], [-43.6446, -2.4772], [-43.652, -2.4854], [-43.6573, -2.4939], [-43.6658, -2.512], [-43.6524, -2.5016], [-43.6357, -2.4983], [-43.622, -2.5053], [-43.6173, -2.5251], [-43.5975, -2.5162], [-43.5582, -2.5309], [-43.5422, -2.5251], [-43.5485, -2.5182], [-43.5605, -2.5193], [-43.5631, -2.5095], [-43.5583, -2.4958], [-43.5485, -2.4846], [-43.5485, -2.5051], [-43.5391, -2.4911], [-43.5367, -2.4782], [-43.5421, -2.4666], [-43.5559, -2.4567], [-43.5373, -2.436], [-43.5237, -2.4426], [-43.5175, -2.4649], [-43.5218, -2.4915], [-43.5084, -2.4916], [-43.4998, -2.5248]]}}, {"type": "Feature", "properties": {"source_grid_index": 600, "source_longitude": -43.4, "source_latitude": -2.2, "nearest_grid_distance_km": 38.6759, "compound_count_annual_mean": 0.91, "mean_overlap_duration": 5.47, "mean_compound_intensity_norm": 0.2286, "Hazard_Index": 0.1647, "Hazard_Frequency": 0.0627, "Hazard_Severity": 0.2585, "Hazard_Index_raw": 0.1606, "municipality_name": "Humberto de Campos", "municipality_state": "MA", "municipality_distance_km": 0.0, "segment_count": 8, "metrics_index": 600}, "geometry": {"type": "LineString", "coordinates": [[-43.4998, -2.5248], [-43.487, -2.5325], [-43.4945, -2.5462], [-43.4842, -2.5437], [-43.477, -2.5377], [-43.4715, -2.5289], [-43.4665, -2.5182], [-43.4584, -2.5351], [-43.4529, -2.5529]]}}, {"type": "Feature", "properties": {"source_grid_index": 600, "source_longitude": -43.4, "source_latitude": -2.2, "nearest_grid_distance_km": 26.9948, "compound_count_annual_mean": 0.91, "mean_overlap_duration": 5.47, "mean_compound_intensity_norm": 0.2286, "Hazard_Index": 0.1647, "Hazard_Frequency": 0.0627, "Hazard_Severity": 0.2585, "Hazard_Index_raw": 0.1606, "municipality_name": "Primeira Cruz", "municipality_state": "MA", "municipality_distance_km": 0.0, "segment_count": 29, "metrics_index": 600}, "geometry": {"type": "LineString", "coordinates": [[-43.4529, -2.5529], [-43.4456, -2.5449], [-43.4442, -2.5309], [-43.4481, -2.5148], [-43.4654, -2.486], [-43.4525, -2.4838], [-43.4188, -2.4915], [-43.4188, -2.4846], [-43.435, -2.4826], [-43.4473, -2.4716], [-43.4555, -2.4568], [-43.4598, -2.443], [-43.4529, -2.443], [-43.4481, -2.4519], [-43.4386, -2.4567], [-43.4261, -2.4582], [-43.4119, -2.4567], [-43.4281, -2.4417], [-43.4511, -2.4297], [-43.474, -2.4177], [-43.487, -2.3953], [-43.4827, -2.3791], [-43.4753, -2.3659], [-43.4674, -2.3537], [-43.4674, -2.3458], [-43.4544, -2.3414], [-43.4414, -2.3393], [-43.4263, -2.3378], [-43.4076, -2.3371], [-43.3852, -2.34]]}}, {"type": "Feature", "properties": {"source_grid_index": 600, "source_longitude": -43.4, "source_latitude": -2.2, "nearest_grid_distance_km": 17.1828, "compound_count_annual_mean": 0.91, "mean_overlap_duration": 5.47, "mean_compound_intensity_norm": 0.2286, "Hazard_Index": 0.1647, "Hazard_Frequency": 0.0627, "Hazard_Severity": 0.2585, "Hazard_Index_raw": 0.1606, "municipality_name": "Santo Amaro do Maranhão", "municipality_state": "MA", "municipality_distance_km": 0.0, "segment_count": 3, "metrics_index": 600}, "geometry": {"type": "LineString", "coordinates": [[-43.3852, -2.34], [-43.3636, -2.3429], [-43.3406, -2.345], [-43.3118, -2.3465]]}}, {"type": "Feature", "properties": {"source_grid_index": 601, "source_longitude": -43.2, "source_latitude": -2.2, "nearest_grid_distance_km": 19.8497, "compound_count_annual_mean": 0.97, "mean_overlap_duration": 6.06, "mean_compound_intensity_norm": 0.237, "Hazard_Index": 0.1738, "Hazard_Frequency": 0.0687, "Hazard_Severity": 0.2692, "Hazard_Index_raw": 0.1689, "municipality_name": "Santo Amaro do Maranhão", "municipality_state": "MA", "municipality_distance_km": 0.0, "segment_count": 4, "metrics_index": 601}, "geometry": {"type": "LineString", "coordinates": [[-43.3118, -2.3465], [-43.2815, -2.3569], [-43.2513, -2.3673], [-43.2253, -2.3734], [-43.1994, -2.3795]]}}, {"type": "Feature", "properties": {"source_grid_index": 583, "source_longitude": -43.0, "source_latitude": -2.4, "nearest_grid_distance_km": 12.4318, "compound_count_annual_mean": 1.15, "mean_overlap_duration": 5.74, "mean_compound_intensity_norm": 0.2102, "Hazard_Index": 0.1498, "Hazard_Frequency": 0.0866, "Hazard_Severity": 0.2075, "Hazard_Index_raw": 0.147, "municipality_name": "Santo Amaro do Maranhão", "municipality_state": "MA", "municipality_distance_km": 0.0, "segment_count": 5, "metrics_index": 583}, "geometry": {"type": "LineString", "coordinates": [[-43.1994, -2.3795], [-43.159, -2.3982], [-43.1187, -2.4169], [-43.0838, -2.4303], [-43.0489, -2.4438], [-43.014, -2.4572]]}}, {"type": "Feature", "properties": {"source_grid_index": 583, "source_longitude": -43.0, "source_latitude": -2.4, "nearest_grid_distance_km": 9.7463, "compound_count_annual_mean": 1.15, "mean_overlap_duration": 5.74, "mean_compound_intensity_norm": 0.2102, "Hazard_Index": 0.1498, "Hazard_Frequency": 0.0866, "Hazard_Severity": 0.2075, "Hazard_Index_raw": 0.147, "municipality_name": "Barreirinhas", "municipality_state": "MA", "municipality_distance_km": 0.1068, "segment_count": 3, "metrics_index": 583}, "geometry": {"type": "LineString", "coordinates": [[-43.014, -2.4572], [-42.9786, -2.4694], [-42.9431, -2.4816], [-42.9163, -2.4924]]}}, {"type": "Feature", "properties": {"source_grid_index": 584, "source_longitude": -42.8, "source_latitude": -2.4, "nearest_grid_distance_km": 17.5741, "compound_count_annual_mean": 0.91, "mean_overlap_duration": 5.77, "mean_compound_intensity_norm": 0.2277, "Hazard_Index": 0.1506, "Hazard_Frequency": 0.0627, "Hazard_Severity": 0.2329, "Hazard_Index_raw": 0.1478, "municipality_name": "Barreirinhas", "municipality_state": "MA", "municipality_distance_km": 0.6538, "segment_count": 10, "metrics_index": 584}, "geometry": {"type": "LineString", "coordinates": [[-42.9163, -2.4924], [-42.8828, -2.5103], [-42.8579, -2.5222], [-42.8238, -2.5432], [-42.8192, -2.5462], [-42.8107, -2.548], [-42.7751, -2.5603], [-42.766, -2.5613], [-42.738, -2.5608], [-42.71, -2.5603], [-42.7, -2.5636]]}}, {"type": "Feature", "properties": {"source_grid_index": 585, "source_longitude": -42.6, "source_latitude": -2.4, "nearest_grid_distance_km": 22.4732, "compound_count_annual_mean": 0.85, "mean_overlap_duration": 5.96, "mean_compound_intensity_norm": 0.2153, "Hazard_Index": 0.1482, "Hazard_Frequency": 0.0567, "Hazard_Severity": 0.2345, "Hazard_Index_raw": 0.1456, "municipality_name": "Barreirinhas", "municipality_state": "MA", "municipality_distance_km": 0.6167, "segment_count": 5, "metrics_index": 585}, "geometry": {"type": "LineString", "coordinates": [[-42.7, -2.5636], [-42.6931, -2.5704], [-42.6878, -2.5772], [-42.6823, -2.5803], [-42.6728, -2.5891], [-42.6517, -2.6157]]}}, {"type": "Feature", "properties": {"source_grid_index": 585, "source_longitude": -42.6, "source_latitude": -2.4, "nearest_grid_distance_km": 26.2293, "compound_count_annual_mean": 0.85, "mean_overlap_duration": 5.96, "mean_compound_intensity_norm": 0.2153, "Hazard_Index": 0.1482, "Hazard_Frequency": 0.0567, "Hazard_Severity": 0.2345, "Hazard_Index_raw": 0.1456, "municipality_name": "Paulino Neves", "municipality_state": "MA", "municipality_distance_km": 0.0, "segment_count": 1, "metrics_index": 585}, "geometry": {"type": "LineString", "coordinates": [[-42.6517, -2.6157], [-42.6305, -2.6423]]}}, {"type": "Feature", "properties": {"source_grid_index": 566, "source_longitude": -42.4, "source_latitude": -2.6, "nearest_grid_distance_km": 18.7074, "compound_count_annual_mean": 0.88, "mean_overlap_duration": 5.03, "mean_compound_intensity_norm": 0.2024, "Hazard_Index": 0.1307, "Hazard_Frequency": 0.0597, "Hazard_Severity": 0.1996, "Hazard_Index_raw": 0.1296, "municipality_name": "Paulino Neves", "municipality_state": "MA", "municipality_distance_km": 0.0, "segment_count": 9, "metrics_index": 566}, "geometry": {"type": "LineString", "coordinates": [[-42.6305, -2.6423], [-42.6057, -2.6572], [-42.5809, -2.6721], [-42.5656, -2.6764], [-42.5556, -2.6779], [-42.5393, -2.6833], [-42.5275, -2.6833], [-42.5163, -2.6811], [-42.4871, -2.669], [-42.4862, -2.6868]]}}, {"type": "Feature", "properties": {"source_grid_index": 566, "source_longitude": -42.4, "source_latitude": -2.6, "nearest_grid_distance_km": 14.3551, "compound_count_annual_mean": 0.88, "mean_overlap_duration": 5.03, "mean_compound_intensity_norm": 0.2024, "Hazard_Index": 0.1307, "Hazard_Frequency": 0.0597, "Hazard_Severity": 0.1996, "Hazard_Index_raw": 0.1296, "municipality_name": "Tutóia", "municipality_state": "MA", "municipality_distance_km": 0.8499, "segment_count": 1, "metrics_index": 566}, "geometry": {"type": "LineString", "coordinates": [[-42.4862, -2.6868], [-42.4895, -2.6996]]}}, {"type": "Feature", "properties": {"source_grid_index": 566, "source_longitude": -42.4, "source_latitude": -2.6, "nearest_grid_distance_km": 17.1873, "compound_count_annual_mean": 0.88, "mean_overlap_duration": 5.03, "mean_compound_intensity_norm": 0.2024, "Hazard_Index": 0.1307, "Hazard_Frequency": 0.0597, "Hazard_Severity": 0.1996, "Hazard_Index_raw": 0.1296, "municipality_name": "Paulino Neves", "municipality_state": "MA", "municipality_distance_km": 0.1297, "segment_count": 6, "metrics_index": 566}, "geometry": {"type": "LineString", "coordinates": [[-42.4895, -2.6996], [-42.4983, -2.7042], [-42.5144, -2.697], [-42.5076, -2.7219], [-42.4935, -2.7312], [-42.4744, -2.7374], [-42.453, -2.7522]]}}, {"type": "Feature", "properties": {"source_grid_index": 566, "source_longitude": -42.4, "source_latitude": -2.6, "nearest_grid_distance_km": 17.757, "compound_count_annual_mean": 0.88, "mean_overlap_duration": 5.03, "mean_compound_intensity_norm": 0.2024, "Hazard_Index": 0.1307, "Hazard_Frequency": 0.0597, "Hazard_Severity": 0.1996, "Hazard_Index_raw": 0.1296, "municipality_name": "Tutóia", "municipality_state": "MA", "municipality_distance_km": 0.0, "segment_count": 1, "metrics_index": 566}, "geometry": {"type": "LineString", "coordinates": [[-42.453, -2.7522], [-42.446, -2.747]]}}, {"type": "Feature", "properties": {"source_grid_index": 566, "source_longitude": -42.4, "source_latitude": -2.6, "nearest_grid_distance_km": 16.5935, "compound_count_annual_mean": 0.88, "mean_overlap_duration": 5.03, "mean_compound_intensity_norm": 0.2024, "Hazard_Index": 0.1307, "Hazard_Frequency": 0.0597, "Hazard_Severity": 0.1996, "Hazard_Index_raw": 0.1296, "municipality_name": "Paulino Neves", "municipality_state": "MA", "municipality_distance_km": 0.0, "segment_count": 1, "metrics_index": 566}, "geometry": {"type": "LineString", "coordinates": [[-42.446, -2.747], [-42.4274, -2.7381]]}}, {"type": "Feature", "properties": {"source_grid_index": 566, "source_longitude": -42.4, "source_latitude": -2.6, "nearest_grid_distance_km": 17.0717, "compound_count_annual_mean": 0.88, "mean_overlap_duration": 5.03, "mean_compound_intensity_norm": 0.2024, "Hazard_Index": 0.1307, "Hazard_Frequency": 0.0597, "Hazard_Severity": 0.1996, "Hazard_Index_raw": 0.1296, "municipality_name": "Tutóia", "municipality_state": "MA", "municipality_distance_km": 0.0, "segment_count": 6, "metrics_index": 566}, "geometry": {"type": "LineString", "coordinates": [[-42.4274, -2.7381], [-42.4181, -2.7311], [-42.412, -2.7385], [-42.4073, -2.7502], [-42.3784, -2.7563], [-42.3404, -2.7572], [-42.3023, -2.7581]]}}, {"type": "Feature", "properties": {"source_grid_index": 567, "source_longitude": -42.2, "source_latitude": -2.6, "nearest_grid_distance_km": 23.5654, "compound_count_annual_mean": 0.67, "mean_overlap_duration": 6.86, "mean_compound_intensity_norm": 0.2089, "Hazard_Index": 0.1795, "Hazard_Frequency": 0.0388, "Hazard_Severity": 0.3096, "Hazard_Index_raw": 0.1742, "municipality_name": "Tutóia", "municipality_state": "MA", "municipality_distance_km": 0.0, "segment_count": 18, "metrics_index": 567}, "geometry": {"type": "LineString", "coordinates": [[-42.3023, -2.7581], [-42.2643, -2.759], [-42.2545, -2.7665], [-42.254, -2.7835], [-42.2593, -2.802], [-42.2674, -2.8142], [-42.2386, -2.8048], [-42.2342, -2.8107], [-42.2394, -2.8342], [-42.2333, -2.8342], [-42.2294, -2.8222], [-42.2222, -2.8124], [-42.2137, -2.8049], [-42.2059, -2.8], [-42.1931, -2.8092], [-42.1761, -2.8118], [-42.1595, -2.8095], [-42.1476, -2.8034], [-42.115, -2.8017]]}}, {"type": "Feature", "properties": {"source_grid_index": 568, "source_longitude": -42.0, "source_latitude": -2.6, "nearest_grid_distance_km": 22.5537, "compound_count_annual_mean": 0.64, "mean_overlap_duration": 7.43, "mean_compound_intensity_norm": 0.2112, "Hazard_Index": 0.191, "Hazard_Frequency": 0.0358, "Hazard_Severity": 0.3335, "Hazard_Index_raw": 0.1847, "municipality_name": "Araioses", "municipality_state": "MA", "municipality_distance_km": 1.9205, "segment_count": 29, "metrics_index": 568}, "geometry": {"type": "LineString", "coordinates": [[-42.115, -2.8017], [-42.0824, -2.8], [-42.0845, -2.804], [-42.0855, -2.8046], [-42.0868, -2.8046], [-42.0898, -2.8068], [-42.0837, -2.821], [-42.0824, -2.8273], [-42.0677, -2.82], [-42.0472, -2.8215], [-42.0289, -2.825], [-42.0209, -2.8239], [-42.0159, -2.8113], [-42.004, -2.8126], [-41.969, -2.8337], [-41.9554, -2.839], [-41.9439, -2.8377], [-41.939, -2.8239], [-41.9368, -2.788], [-41.9404, -2.7737], [-41.9527, -2.7789], [-41.9589, -2.7789], [-41.9706, -2.7682], [-42.0016, -2.7498], [-42.0153, -2.7411], [-42.0104, -2.7272], [-41.9956, -2.7214], [-41.9638, -2.7228], [-41.9321, -2.7241], [-41.9003, -2.7254]]}}, {"type": "Feature", "properties": {"source_grid_index": 569, "source_longitude": -41.8, "source_latitude": -2.6, "nearest_grid_distance_km": 17.2728, "compound_count_annual_mean": 0.67, "mean_overlap_duration": 7.36, "mean_compound_intensity_norm": 0.2214, "Hazard_Index": 0.1917, "Hazard_Frequency": 0.0388, "Hazard_Severity": 0.3317, "Hazard_Index_raw": 0.1852, "municipality_name": "Araioses", "municipality_state": "MA", "municipality_distance_km": 0.0, "segment_count": 6, "metrics_index": 569}, "geometry": {"type": "LineString", "coordinates": [[-41.9003, -2.7254], [-41.8694, -2.7275], [-41.8386, -2.7295], [-41.8213, -2.7336], [-41.8428, -2.7653], [-41.8427, -2.7652], [-41.8321, -2.7625]]}}, {"type": "Feature", "properties": {"source_grid_index": 569, "source_longitude": -41.8, "source_latitude": -2.6, "nearest_grid_distance_km": 18.1448, "compound_count_annual_mean": 0.67, "mean_overlap_duration": 7.36, "mean_compound_intensity_norm": 0.2214, "Hazard_Index": 0.1917, "Hazard_Frequency": 0.0388, "Hazard_Severity": 0.3317, "Hazard_Index_raw": 0.1852, "municipality_name": "Ilha Grande", "municipality_state": "PI", "municipality_distance_km": 0.0, "segment_count": 4, "metrics_index": 569}, "geometry": {"type": "LineString", "coordinates": [[-41.8321, -2.7625], [-41.824, -2.7574], [-41.8087, -2.7448], [-41.7937, -2.7635], [-41.7787, -2.7822]]}}, {"type": "Feature", "properties": {"source_grid_index": 553, "source_longitude": -41.6, "source_latitude": -2.8, "nearest_grid_distance_km": 12.275, "compound_count_annual_mean": 0.7, "mean_overlap_duration": 8.57, "mean_compound_intensity_norm": 0.1916, "Hazard_Index": 0.1872, "Hazard_Frequency": 0.0418, "Hazard_Severity": 0.3206, "Hazard_Index_raw": 0.1812, "municipality_name": "Parnaíba", "municipality_state": "PI", "municipality_distance_km": 0.0, "segment_count": 15, "metrics_index": 553}, "geometry": {"type": "LineString", "coordinates": [[-41.7787, -2.7822], [-41.7505, -2.7991], [-41.7223, -2.816], [-41.6941, -2.8329], [-41.6651, -2.8559], [-41.6578, -2.8689], [-41.6637, -2.8654], [-41.6793, -2.8582], [-41.6852, -2.8547], [-41.6829, -2.858], [-41.6783, -2.8689], [-41.6883, -2.8649], [-41.6988, -2.8621], [-41.6988, -2.8689], [-41.6861, -2.8759], [-41.675, -2.8796]]}}, {"type": "Feature", "properties": {"source_grid_index": 553, "source_longitude": -41.6, "source_latitude": -2.8, "nearest_grid_distance_km": 12.0044, "compound_count_annual_mean": 0.7, "mean_overlap_duration": 8.57, "mean_compound_intensity_norm": 0.1916, "Hazard_Index": 0.1872, "Hazard_Frequency": 0.0418, "Hazard_Severity": 0.3206, "Hazard_Index_raw": 0.1812, "municipality_name": "Luís Correia", "municipality_state": "PI", "municipality_distance_km": 0.0, "segment_count": 8, "metrics_index": 553}, "geometry": {"type": "LineString", "coordinates": [[-41.675, -2.8796], [-41.6639, -2.8779], [-41.651, -2.8689], [-41.6399, -2.8849], [-41.6233, -2.8956], [-41.6016, -2.9013], [-41.5593, -2.9041], [-41.517, -2.907], [-41.4896, -2.9036]]}}, {"type": "Feature", "properties": {"source_grid_index": 554, "source_longitude": -41.4, "source_latitude": -2.8, "nearest_grid_distance_km": 15.3295, "compound_count_annual_mean": 0.52, "mean_overlap_duration": 9.88, "mean_compound_intensity_norm": 0.2149, "Hazard_Index": 0.2415, "Hazard_Frequency": 0.0239, "Hazard_Severity": 0.4375, "Hazard_Index_raw": 0.2307, "municipality_name": "Luís Correia", "municipality_state": "PI", "municipality_distance_km": 0.0752, "segment_count": 13, "metrics_index": 554}, "geometry": {"type": "LineString", "coordinates": [[-41.4896, -2.9036], [-41.4654, -2.8888], [-41.4549, -2.8971], [-41.4486, -2.9059], [-41.4489, -2.9164], [-41.4586, -2.9298], [-41.4558, -2.9303], [-41.4455, -2.9298], [-41.4476, -2.9335], [-41.4495, -2.9361], [-41.4509, -2.9389], [-41.4518, -2.9435], [-41.4447, -2.943], [-41.4401, -2.9417]]}}, {"type": "Feature", "properties": {"source_grid_index": 554, "source_longitude": -41.4, "source_latitude": -2.8, "nearest_grid_distance_km": 16.7622, "compound_count_annual_mean": 0.52, "mean_overlap_duration": 9.88, "mean_compound_intensity_norm": 0.2149, "Hazard_Index": 0.2415, "Hazard_Frequency": 0.0239, "Hazard_Severity": 0.4375, "Hazard_Index_raw": 0.2307, "municipality_name": "Cajueiro da Praia", "municipality_state": "PI", "municipality_distance_km": 0.0, "segment_count": 14, "metrics_index": 554}, "geometry": {"type": "LineString", "coordinates": [[-41.4401, -2.9417], [-41.4319, -2.9366], [-41.4401, -2.9142], [-41.4221, -2.9088], [-41.3826, -2.9146], [-41.3431, -2.9203], [-41.3357, -2.9229], [-41.329, -2.9322], [-41.3279, -2.941], [-41.3321, -2.9474], [-41.3419, -2.9503], [-41.3375, -2.9545], [-41.3275, -2.9611], [-41.322, -2.9638], [-41.3165, -2.9609]]}}, {"type": "Feature", "properties": {"source_grid_index": 554, "source_longitude": -41.4, "source_latitude": -2.8, "nearest_grid_distance_km": 20.7332, "compound_count_annual_mean": 0.52, "mean_overlap_duration": 9.88, "mean_compound_intensity_norm": 0.2149, "Hazard_Index": 0.2415, "Hazard_Frequency": 0.0239, "Hazard_Severity": 0.4375, "Hazard_Index_raw": 0.2307, "municipality_name": "Barroquinha", "municipality_state": "CE", "municipality_distance_km": 0.0, "segment_count": 1, "metrics_index": 554}, "geometry": {"type": "LineString", "coordinates": [[-41.3165, -2.9609], [-41.3107, -2.9635]]}}, {"type": "Feature", "properties": {"source_grid_index": 554, "source_longitude": -41.4, "source_latitude": -2.8, "nearest_grid_distance_km": 21.9387, "compound_count_annual_mean": 0.52, "mean_overlap_duration": 9.88, "mean_compound_intensity_norm": 0.2149, "Hazard_Index": 0.2415, "Hazard_Frequency": 0.0239, "Hazard_Severity": 0.4375, "Hazard_Index_raw": 0.2307, "municipality_name": "Cajueiro da Praia", "municipality_state": "PI", "municipality_distance_km": 0.0, "segment_count": 2, "metrics_index": 554}, "geometry": {"type": "LineString", "coordinates": [[-41.3107, -2.9635], [-41.3053, -2.9695], [-41.3009, -2.9776]]}}, {"type": "Feature", "properties": {"source_grid_index": 555, "source_longitude": -41.2, "source_latitude": -2.8, "nearest_grid_distance_km": 23.1329, "compound_count_annual_mean": 0.42, "mean_overlap_duration": 6.86, "mean_compound_intensity_norm": 0.197, "Hazard_Index": 0.132, "Hazard_Frequency": 0.0149, "Hazard_Severity": 0.2467, "Hazard_Index_raw": 0.1308, "municipality_name": "Cajueiro da Praia", "municipality_state": "PI", "municipality_distance_km": 0.0, "segment_count": 7, "metrics_index": 555}, "geometry": {"type": "LineString", "coordinates": [[-41.3009, -2.9776], [-41.2947, -2.9776], [-41.2947, -2.9638], [-41.2739, -2.9801], [-41.2565, -3.0048], [-41.2481, -3.0121], [-41.2445, -3.0152], [-41.2401, -2.9881]]}}, {"type": "Feature", "properties": {"source_grid_index": 555, "source_longitude": -41.2, "source_latitude": -2.8, "nearest_grid_distance_km": 17.2826, "compound_count_annual_mean": 0.42, "mean_overlap_duration": 6.86, "mean_compound_intensity_norm": 0.197, "Hazard_Index": 0.132, "Hazard_Frequency": 0.0149, "Hazard_Severity": 0.2467, "Hazard_Index_raw": 0.1308, "municipality_name": "Barroquinha", "municipality_state": "CE", "municipality_distance_km": 0.5441, "segment_count": 7, "metrics_index": 555}, "geometry": {"type": "LineString", "coordinates": [[-41.2401, -2.9881], [-41.2433, -2.9728], [-41.2569, -2.9498], [-41.264, -2.9284], [-41.2824, -2.9157], [-41.2873, -2.903], [-41.2963, -2.9072], [-41.3029, -2.9079]]}}, {"type": "Feature", "properties": {"source_grid_index": 554, "source_longitude": -41.4, "source_latitude": -2.8, "nearest_grid_distance_km": 15.5687, "compound_count_annual_mean": 0.52, "mean_overlap_duration": 9.88, "mean_compound_intensity_norm": 0.2149, "Hazard_Index": 0.2415, "Hazard_Frequency": 0.0239, "Hazard_Severity": 0.4375, "Hazard_Index_raw": 0.2307, "municipality_name": "Barroquinha", "municipality_state": "CE", "municipality_distance_km": 0.4862, "segment_count": 3, "metrics_index": 554}, "geometry": {"type": "LineString", "coordinates": [[-41.3029, -2.9079], [-41.3086, -2.9063], [-41.3153, -2.903], [-41.2997, -2.8967]]}}, {"type": "Feature", "properties": {"source_grid_index": 555, "source_longitude": -41.2, "source_latitude": -2.8, "nearest_grid_distance_km": 10.9402, "compound_count_annual_mean": 0.42, "mean_overlap_duration": 6.86, "mean_compound_intensity_norm": 0.197, "Hazard_Index": 0.132, "Hazard_Frequency": 0.0149, "Hazard_Severity": 0.2467, "Hazard_Index_raw": 0.1308, "municipality_name": "Barroquinha", "municipality_state": "CE", "municipality_distance_km": 1.1608, "segment_count": 7, "metrics_index": 555}, "geometry": {"type": "LineString", "coordinates": [[-41.2997, -2.8967], [-41.2734, -2.8788], [-41.2569, -2.8752], [-41.2277, -2.8752], [-41.1986, -2.8752], [-41.168, -2.8788], [-41.1378, -2.8858], [-41.1107, -2.8977]]}}, {"type": "Feature", "properties": {"source_grid_index": 556, "source_longitude": -41.0, "source_latitude": -2.8, "nearest_grid_distance_km": 16.3958, "compound_count_annual_mean": 0.3, "mean_overlap_duration": 6.7, "mean_compound_intensity_norm": 0.1908, "Hazard_Index": 0.1053, "Hazard_Frequency": 0.003, "Hazard_Severity": 0.2099, "Hazard_Index_raw": 0.1064, "municipality_name": "Barroquinha", "municipality_state": "CE", "municipality_distance_km": 0.0, "segment_count": 2, "metrics_index": 556}, "geometry": {"type": "LineString", "coordinates": [[-41.1107, -2.8977], [-41.0893, -2.9167], [-41.0825, -2.9167]]}}, {"type": "Feature", "properties": {"source_grid_index": 556, "source_longitude": -41.0, "source_latitude": -2.8, "nearest_grid_distance_km": 12.3052, "compound_count_annual_mean": 0.3, "mean_overlap_duration": 6.7, "mean_compound_intensity_norm": 0.1908, "Hazard_Index": 0.1053, "Hazard_Frequency": 0.003, "Hazard_Severity": 0.2099, "Hazard_Index_raw": 0.1064, "municipality_name": "Camocim", "municipality_state": "CE", "municipality_distance_km": 0.0, "segment_count": 12, "metrics_index": 556}, "geometry": {"type": "LineString", "coordinates": [[-41.0825, -2.9167], [-41.0846, -2.9052], [-41.09, -2.8945], [-41.103, -2.8752], [-41.0893, -2.8825], [-41.0825, -2.8825], [-41.0465, -2.8791], [-41.0105, -2.8757], [-40.9745, -2.8723], [-40.9385, -2.8689], [-40.9281, -2.8698], [-40.9086, -2.8742], [-40.9, -2.8752]]}}, {"type": "Feature", "properties": {"source_grid_index": 557, "source_longitude": -40.8, "source_latitude": -2.8, "nearest_grid_distance_km": 9.5295, "compound_count_annual_mean": 0.33, "mean_overlap_duration": 4.82, "mean_compound_intensity_norm": 0.1753, "Hazard_Index": 0.0863, "Hazard_Frequency": 0.006, "Hazard_Severity": 0.1722, "Hazard_Index_raw": 0.0891, "municipality_name": "Camocim", "municipality_state": "CE", "municipality_distance_km": 0.0, "segment_count": 12, "metrics_index": 557}, "geometry": {"type": "LineString", "coordinates": [[-40.9, -2.8752], [-40.892, -2.8731], [-40.8879, -2.864], [-40.8795, -2.8621], [-40.849, -2.8593], [-40.8414, -2.8647], [-40.8354, -2.8825], [-40.8286, -2.8825], [-40.8183, -2.8717], [-40.7938, -2.8592], [-40.7692, -2.8468], [-40.7529, -2.841], [-40.7101, -2.8376]]}}, {"type": "Feature", "properties": {"source_grid_index": 558, "source_longitude": -40.6, "source_latitude": -2.8, "nearest_grid_distance_km": 8.4798, "compound_count_annual_mean": 0.33, "mean_overlap_duration": 3.73, "mean_compound_intensity_norm": 0.1842, "Hazard_Index": 0.0777, "Hazard_Frequency": 0.006, "Hazard_Severity": 0.1566, "Hazard_Index_raw": 0.0813, "municipality_name": "Camocim", "municipality_state": "CE", "municipality_distance_km": 1.2442, "segment_count": 2, "metrics_index": 558}, "geometry": {"type": "LineString", "coordinates": [[-40.7101, -2.8376], [-40.6673, -2.8342], [-40.6244, -2.8307]]}}, {"type": "Feature", "properties": {"source_grid_index": 558, "source_longitude": -40.6, "source_latitude": -2.8, "nearest_grid_distance_km": 7.3851, "compound_count_annual_mean": 0.33, "mean_overlap_duration": 3.73, "mean_compound_intensity_norm": 0.1842, "Hazard_Index": 0.0777, "Hazard_Frequency": 0.006, "Hazard_Severity": 0.1566, "Hazard_Index_raw": 0.0813, "municipality_name": "Jijoca de Jericoacoara", "municipality_state": "CE", "municipality_distance_km": 1.3781, "segment_count": 6, "metrics_index": 558}, "geometry": {"type": "LineString", "coordinates": [[-40.6244, -2.8307], [-40.5816, -2.8273], [-40.5545, -2.8154], [-40.5274, -2.8034], [-40.5099, -2.8], [-40.5067, -2.7979], [-40.4996, -2.7863]]}}, {"type": "Feature", "properties": {"source_grid_index": 559, "source_longitude": -40.4, "source_latitude": -2.8, "nearest_grid_distance_km": 9.2804, "compound_count_annual_mean": 0.42, "mean_overlap_duration": 3.14, "mean_compound_intensity_norm": 0.1719, "Hazard_Index": 0.0537, "Hazard_Frequency": 0.0149, "Hazard_Severity": 0.1039, "Hazard_Index_raw": 0.0594, "municipality_name": "Jijoca de Jericoacoara", "municipality_state": "CE", "municipality_distance_km": 0.0, "segment_count": 5, "metrics_index": 559}, "geometry": {"type": "LineString", "coordinates": [[-40.4996, -2.7863], [-40.4932, -2.7867], [-40.4881, -2.789], [-40.4837, -2.7917], [-40.4791, -2.7931], [-40.4411, -2.7995]]}}, {"type": "Feature", "properties": {"source_grid_index": 559, "source_longitude": -40.4, "source_latitude": -2.8, "nearest_grid_distance_km": 2.3214, "compound_count_annual_mean": 0.42, "mean_overlap_duration": 3.14, "mean_compound_intensity_norm": 0.1719, "Hazard_Index": 0.0537, "Hazard_Frequency": 0.0149, "Hazard_Severity": 0.1039, "Hazard_Index_raw": 0.0594, "municipality_name": "Cruz", "municipality_state": "CE", "municipality_distance_km": 1.0198, "segment_count": 2, "metrics_index": 559}, "geometry": {"type": "LineString", "coordinates": [[-40.4411, -2.7995], [-40.4031, -2.8059], [-40.36, -2.8062]]}}, {"type": "Feature", "properties": {"source_grid_index": 559, "source_longitude": -40.4, "source_latitude": -2.8, "nearest_grid_distance_km": 6.8864, "compound_count_annual_mean": 0.42, "mean_overlap_duration": 3.14, "mean_compound_intensity_norm": 0.1719, "Hazard_Index": 0.0537, "Hazard_Frequency": 0.0149, "Hazard_Severity": 0.1039, "Hazard_Index_raw": 0.0594, "municipality_name": "Acaraú", "municipality_state": "CE", "municipality_distance_km": 0.0014, "segment_count": 1, "metrics_index": 559}, "geometry": {"type": "LineString", "coordinates": [[-40.36, -2.8062], [-40.3169, -2.8065]]}}, {"type": "Feature", "properties": {"source_grid_index": 560, "source_longitude": -40.2, "source_latitude": -2.8, "nearest_grid_distance_km": 7.6107, "compound_count_annual_mean": 0.36, "mean_overlap_duration": 3.83, "mean_compound_intensity_norm": 0.1915, "Hazard_Index": 0.0858, "Hazard_Frequency": 0.009, "Hazard_Severity": 0.1684, "Hazard_Index_raw": 0.0887, "municipality_name": "Acaraú", "municipality_state": "CE", "municipality_distance_km": 0.1895, "segment_count": 11, "metrics_index": 560}, "geometry": {"type": "LineString", "coordinates": [[-40.3169, -2.8065], [-40.2738, -2.8068], [-40.2309, -2.8137], [-40.1881, -2.8205], [-40.175, -2.8246], [-40.1548, -2.8435], [-40.1434, -2.8484], [-40.1324, -2.844], [-40.1269, -2.8346], [-40.1209, -2.8284], [-40.1086, -2.8342], [-40.0963, -2.8307]]}}, {"type": "Feature", "properties": {"source_grid_index": 561, "source_longitude": -40.0, "source_latitude": -2.8, "nearest_grid_distance_km": 7.6461, "compound_count_annual_mean": 0.42, "mean_overlap_duration": 4.93, "mean_compound_intensity_norm": 0.1685, "Hazard_Index": 0.0554, "Hazard_Frequency": 0.0149, "Hazard_Severity": 0.107, "Hazard_Index_raw": 0.0609, "municipality_name": "Acaraú", "municipality_state": "CE", "municipality_distance_km": 0.0, "segment_count": 7, "metrics_index": 561}, "geometry": {"type": "LineString", "coordinates": [[-40.0963, -2.8307], [-40.0822, -2.8364], [-40.0668, -2.8444], [-40.0506, -2.8484], [-40.0258, -2.847], [-40.001, -2.8456], [-39.9857, -2.8484], [-39.9582, -2.8662]]}}, {"type": "Feature", "properties": {"source_grid_index": 561, "source_longitude": -40.0, "source_latitude": -2.8, "nearest_grid_distance_km": 12.3042, "compound_count_annual_mean": 0.42, "mean_overlap_duration": 4.93, "mean_compound_intensity_norm": 0.1685, "Hazard_Index": 0.0554, "Hazard_Frequency": 0.0149, "Hazard_Severity": 0.107, "Hazard_Index_raw": 0.0609, "municipality_name": "Itarema", "municipality_state": "CE", "municipality_distance_km": 0.0, "segment_count": 2, "metrics_index": 561}, "geometry": {"type": "LineString", "coordinates": [[-39.9582, -2.8662], [-39.9306, -2.884], [-39.9031, -2.9018]]}}, {"type": "Feature", "properties": {"source_grid_index": 562, "source_longitude": -39.8, "source_latitude": -2.8, "nearest_grid_distance_km": 19.9402, "compound_count_annual_mean": 0.55, "mean_overlap_duration": 6.61, "mean_compound_intensity_norm": 0.2068, "Hazard_Index": 0.1103, "Hazard_Frequency": 0.0269, "Hazard_Severity": 0.1952, "Hazard_Index_raw": 0.111, "municipality_name": "Itarema", "municipality_state": "CE", "municipality_distance_km": 0.0, "segment_count": 10, "metrics_index": 562}, "geometry": {"type": "LineString", "coordinates": [[-39.9031, -2.9018], [-39.8724, -2.9098], [-39.8609, -2.9157], [-39.8342, -2.9416], [-39.8075, -2.9675], [-39.7959, -2.9747], [-39.7834, -2.9776], [-39.7673, -2.9856], [-39.743, -3.0037], [-39.7259, -3.0224], [-39.7318, -3.0322]]}}, {"type": "Feature", "properties": {"source_grid_index": 562, "source_longitude": -39.8, "source_latitude": -2.8, "nearest_grid_distance_km": 28.2983, "compound_count_annual_mean": 0.55, "mean_overlap_duration": 6.61, "mean_compound_intensity_norm": 0.2068, "Hazard_Index": 0.1103, "Hazard_Frequency": 0.0269, "Hazard_Severity": 0.1952, "Hazard_Index_raw": 0.111, "municipality_name": "Amontada", "municipality_state": "CE", "municipality_distance_km": 0.0, "segment_count": 6, "metrics_index": 562}, "geometry": {"type": "LineString", "coordinates": [[-39.7318, -3.0322], [-39.7255, -3.0353], [-39.7191, -3.0375], [-39.7122, -3.039], [-39.7046, -3.0396], [-39.712, -3.026], [-39.6979, -3.0172]]}}, {"type": "Feature", "properties": {"source_grid_index": 563, "source_longitude": -39.6, "source_latitude": -2.8, "nearest_grid_distance_km": 27.0083, "compound_count_annual_mean": 0.73, "mean_overlap_duration": 6.12, "mean_compound_intensity_norm": 0.1954, "Hazard_Index": 0.1302, "Hazard_Frequency": 0.0448, "Hazard_Severity": 0.2136, "Hazard_Index_raw": 0.1292, "municipality_name": "Amontada", "municipality_state": "CE", "municipality_distance_km": 0.0, "segment_count": 2, "metrics_index": 563}, "geometry": {"type": "LineString", "coordinates": [[-39.6979, -3.0172], [-39.6815, -3.0204], [-39.6431, -3.0396]]}}, {"type": "Feature", "properties": {"source_grid_index": 549, "source_longitude": -39.4, "source_latitude": -3.0, "nearest_grid_distance_km": 24.5138, "compound_count_annual_mean": 0.7, "mean_overlap_duration": 5.35, "mean_compound_intensity_norm": 0.1452, "Hazard_Index": 0.0894, "Hazard_Frequency": 0.0418, "Hazard_Severity": 0.1421, "Hazard_Index_raw": 0.092, "municipality_name": "Amontada", "municipality_state": "CE", "municipality_distance_km": 0.0, "segment_count": 7, "metrics_index": 549}, "geometry": {"type": "LineString", "coordinates": [[-39.6431, -3.0396], [-39.6377, -3.0406], [-39.6189, -3.0396], [-39.6149, -3.0423], [-39.6107, -3.0553], [-39.6083, -3.0602], [-39.5897, -3.0755], [-39.5711, -3.0909]]}}, {"type": "Feature", "properties": {"source_grid_index": 549, "source_longitude": -39.4, "source_latitude": -3.0, "nearest_grid_distance_km": 19.473, "compound_count_annual_mean": 0.7, "mean_overlap_duration": 5.35, "mean_compound_intensity_norm": 0.1452, "Hazard_Index": 0.0894, "Hazard_Frequency": 0.0418, "Hazard_Severity": 0.1421, "Hazard_Index_raw": 0.092, "municipality_name": "Itapipoca", "municipality_state": "CE", "municipality_distance_km": 0.0, "segment_count": 6, "metrics_index": 549}, "geometry": {"type": "LineString", "coordinates": [[-39.5711, -3.0909], [-39.5341, -3.111], [-39.4971, -3.1311], [-39.4855, -3.1458], [-39.4559, -3.1584], [-39.4263, -3.1709], [-39.3967, -3.1835]]}}, {"type": "Feature", "properties": {"source_grid_index": 549, "source_longitude": -39.4, "source_latitude": -3.0, "nearest_grid_distance_km": 21.1411, "compound_count_annual_mean": 0.7, "mean_overlap_duration": 5.35, "mean_compound_intensity_norm": 0.1452, "Hazard_Index": 0.0894, "Hazard_Frequency": 0.0418, "Hazard_Severity": 0.1421, "Hazard_Index_raw": 0.092, "municipality_name": "Trairi", "municipality_state": "CE", "municipality_distance_km": 0.0, "segment_count": 1, "metrics_index": 549}, "geometry": {"type": "LineString", "coordinates": [[-39.3967, -3.1835], [-39.3839, -3.1863]]}}, {"type": "Feature", "properties": {"source_grid_index": 545, "source_longitude": -39.2, "source_latitude": -3.2, "nearest_grid_distance_km": 12.8623, "compound_count_annual_mean": 0.73, "mean_overlap_duration": 3.96, "mean_compound_intensity_norm": 0.1168, "Hazard_Index": 0.0389, "Hazard_Frequency": 0.0448, "Hazard_Severity": 0.0471, "Hazard_Index_raw": 0.0459, "municipality_name": "Trairi", "municipality_state": "CE", "municipality_distance_km": 0.0, "segment_count": 17, "metrics_index": 545}, "geometry": {"type": "LineString", "coordinates": [[-39.3839, -3.1863], [-39.3754, -3.1861], [-39.3678, -3.1845], [-39.3583, -3.1835], [-39.3528, -3.1868], [-39.3475, -3.1938], [-39.3409, -3.2009], [-39.3205, -3.2076], [-39.2869, -3.232], [-39.2779, -3.2304], [-39.2726, -3.232], [-39.2674, -3.2364], [-39.2641, -3.242], [-39.2616, -3.2477], [-39.2589, -3.2519], [-39.2263, -3.2744], [-39.1937, -3.2968], [-39.1653, -3.3228]]}}, {"type": "Feature", "properties": {"source_grid_index": 545, "source_longitude": -39.2, "source_latitude": -3.2, "nearest_grid_distance_km": 16.7534, "compound_count_annual_mean": 0.73, "mean_overlap_duration": 3.96, "mean_compound_intensity_norm": 0.1168, "Hazard_Index": 0.0389, "Hazard_Frequency": 0.0448, "Hazard_Severity": 0.0471, "Hazard_Index_raw": 0.0459, "municipality_name": "Paraipaba", "municipality_state": "CE", "municipality_distance_km": 0.4022, "segment_count": 5, "metrics_index": 545}, "geometry": {"type": "LineString", "coordinates": [[-39.1653, -3.3228], [-39.1565, -3.3276], [-39.1457, -3.3298], [-39.1258, -3.3305], [-39.1155, -3.3344], [-39.1013, -3.3486]]}}, {"type": "Feature", "properties": {"source_grid_index": 546, "source_longitude": -39.0, "source_latitude": -3.2, "nearest_grid_distance_km": 21.5153, "compound_count_annual_mean": 0.76, "mean_overlap_duration": 4.08, "mean_compound_intensity_norm": 0.1306, "Hazard_Index": 0.0622, "Hazard_Frequency": 0.0478, "Hazard_Severity": 0.0865, "Hazard_Index_raw": 0.0671, "municipality_name": "Paraipaba", "municipality_state": "CE", "municipality_distance_km": 1.1337, "segment_count": 3, "metrics_index": 546}, "geometry": {"type": "LineString", "coordinates": [[-39.1013, -3.3486], [-39.0924, -3.3642], [-39.0806, -3.377], [-39.0572, -3.3823]]}}, {"type": "Feature", "properties": {"source_grid_index": 546, "source_longitude": -39.0, "source_latitude": -3.2, "nearest_grid_distance_km": 21.321, "compound_count_annual_mean": 0.76, "mean_overlap_duration": 4.08, "mean_compound_intensity_norm": 0.1306, "Hazard_Index": 0.0622, "Hazard_Frequency": 0.0478, "Hazard_Severity": 0.0865, "Hazard_Index_raw": 0.0671, "municipality_name": "Paracuru", "municipality_state": "CE", "municipality_distance_km": 2.5848, "segment_count": 2, "metrics_index": 546}, "geometry": {"type": "LineString", "coordinates": [[-39.0572, -3.3823], [-39.0155, -3.384], [-38.9997, -3.3883]]}}, {"type": "Feature", "properties": {"source_grid_index": 540, "source_longitude": -38.8, "source_latitude": -3.4, "nearest_grid_distance_km": 18.6087, "compound_count_annual_mean": 0.79, "mean_overlap_duration": 4.23, "mean_compound_intensity_norm": 0.1332, "Hazard_Index": 0.0742, "Hazard_Frequency": 0.0507, "Hazard_Severity": 0.1055, "Hazard_Index_raw": 0.0781, "municipality_name": "Paracuru", "municipality_state": "CE", "municipality_distance_km": 0.6861, "segment_count": 4, "metrics_index": 540}, "geometry": {"type": "LineString", "coordinates": [[-38.9997, -3.3883], [-38.9852, -3.3959], [-38.9604, -3.4181], [-38.9427, -3.4446], [-38.9295, -3.4748]]}}, {"type": "Feature", "properties": {"source_grid_index": 540, "source_longitude": -38.8, "source_latitude": -3.4, "nearest_grid_distance_km": 16.2911, "compound_count_annual_mean": 0.79, "mean_overlap_duration": 4.23, "mean_compound_intensity_norm": 0.1332, "Hazard_Index": 0.0742, "Hazard_Frequency": 0.0507, "Hazard_Severity": 0.1055, "Hazard_Index_raw": 0.0781, "municipality_name": "São Gonçalo do Amarante", "municipality_state": "CE", "municipality_distance_km": 0.0, "segment_count": 7, "metrics_index": 540}, "geometry": {"type": "LineString", "coordinates": [[-38.9295, -3.4748], [-38.9163, -3.5051], [-38.8972, -3.5003], [-38.8833, -3.5076], [-38.8706, -3.5207], [-38.8555, -3.533], [-38.8315, -3.5401], [-38.8075, -3.5473]]}}, {"type": "Feature", "properties": {"source_grid_index": 540, "source_longitude": -38.8, "source_latitude": -3.4, "nearest_grid_distance_km": 18.3821, "compound_count_annual_mean": 0.79, "mean_overlap_duration": 4.23, "mean_compound_intensity_norm": 0.1332, "Hazard_Index": 0.0742, "Hazard_Frequency": 0.0507, "Hazard_Severity": 0.1055, "Hazard_Index_raw": 0.0781, "municipality_name": "Caucaia", "municipality_state": "CE", "municipality_distance_km": 0.0606, "segment_count": 1, "metrics_index": 540}, "geometry": {"type": "LineString", "coordinates": [[-38.8075, -3.5473], [-38.7895, -3.5738]]}}, {"type": "Feature", "properties": {"source_grid_index": 531, "source_longitude": -38.6, "source_latitude": -3.6, "nearest_grid_distance_km": 12.9925, "compound_count_annual_mean": 0.58, "mean_overlap_duration": 3.32, "mean_compound_intensity_norm": 0.1319, "Hazard_Index": 0.0591, "Hazard_Frequency": 0.0299, "Hazard_Severity": 0.0988, "Hazard_Index_raw": 0.0643, "municipality_name": "Caucaia", "municipality_state": "CE", "municipality_distance_km": 0.2122, "segment_count": 8, "metrics_index": 531}, "geometry": {"type": "LineString", "coordinates": [[-38.7895, -3.5738], [-38.7631, -3.5982], [-38.732, -3.6199], [-38.7071, -3.6292], [-38.6944, -3.6367], [-38.6711, -3.669], [-38.6597, -3.6764], [-38.6272, -3.6836], [-38.5947, -3.6907]]}}, {"type": "Feature", "properties": {"source_grid_index": 531, "source_longitude": -38.6, "source_latitude": -3.6, "nearest_grid_distance_km": 14.2065, "compound_count_annual_mean": 0.58, "mean_overlap_duration": 3.32, "mean_compound_intensity_norm": 0.1319, "Hazard_Index": 0.0591, "Hazard_Frequency": 0.0299, "Hazard_Severity": 0.0988, "Hazard_Index_raw": 0.0643, "municipality_name": "Fortaleza", "municipality_state": "CE", "municipality_distance_km": 0.0, "segment_count": 3, "metrics_index": 531}, "geometry": {"type": "LineString", "coordinates": [[-38.5947, -3.6907], [-38.5605, -3.7044], [-38.5262, -3.718], [-38.4944, -3.7213]]}}, {"type": "Feature", "properties": {"source_grid_index": 532, "source_longitude": -38.4, "source_latitude": -3.6, "nearest_grid_distance_km": 16.3667, "compound_count_annual_mean": 0.73, "mean_overlap_duration": 3.96, "mean_compound_intensity_norm": 0.1443, "Hazard_Index": 0.0657, "Hazard_Frequency": 0.0448, "Hazard_Severity": 0.096, "Hazard_Index_raw": 0.0704, "municipality_name": "Fortaleza", "municipality_state": "CE", "municipality_distance_km": 0.3068, "segment_count": 6, "metrics_index": 532}, "geometry": {"type": "LineString", "coordinates": [[-38.4944, -3.7213], [-38.4774, -3.6974], [-38.4665, -3.7055], [-38.4573, -3.7184], [-38.4466, -3.7384], [-38.4359, -3.7584], [-38.4098, -3.7931]]}}, {"type": "Feature", "properties": {"source_grid_index": 524, "source_longitude": -38.2, "source_latitude": -3.8, "nearest_grid_distance_km": 22.9426, "compound_count_annual_mean": 0.73, "mean_overlap_duration": 4.08, "mean_compound_intensity_norm": 0.1495, "Hazard_Index": 0.0908, "Hazard_Frequency": 0.0448, "Hazard_Severity": 0.1418, "Hazard_Index_raw": 0.0933, "municipality_name": "Fortaleza", "municipality_state": "CE", "municipality_distance_km": 0.8608, "segment_count": 1, "metrics_index": 524}, "geometry": {"type": "LineString", "coordinates": [[-38.4098, -3.7931], [-38.4033, -3.8093]]}}, {"type": "Feature", "properties": {"source_grid_index": 524, "source_longitude": -38.2, "source_latitude": -3.8, "nearest_grid_distance_km": 20.3088, "compound_count_annual_mean": 0.73, "mean_overlap_duration": 4.08, "mean_compound_intensity_norm": 0.1495, "Hazard_Index": 0.0908, "Hazard_Frequency": 0.0448, "Hazard_Severity": 0.1418, "Hazard_Index_raw": 0.0933, "municipality_name": "Aquiraz", "municipality_state": "CE", "municipality_distance_km": 0.0587, "segment_count": 10, "metrics_index": 524}, "geometry": {"type": "LineString", "coordinates": [[-38.4033, -3.8093], [-38.3958, -3.8406], [-38.3893, -3.8552], [-38.378, -3.8697], [-38.3494, -3.8963], [-38.3208, -3.9228], [-38.3102, -3.9296], [-38.2869, -3.9406], [-38.2635, -3.9516], [-38.2513, -3.9618], [-38.2304, -3.9919]]}}, {"type": "Feature", "properties": {"source_grid_index": 524, "source_longitude": -38.2, "source_latitude": -3.8, "nearest_grid_distance_km": 23.8564, "compound_count_annual_mean": 0.73, "mean_overlap_duration": 4.08, "mean_compound_intensity_norm": 0.1495, "Hazard_Index": 0.0908, "Hazard_Frequency": 0.0448, "Hazard_Severity": 0.1418, "Hazard_Index_raw": 0.0933, "municipality_name": "Cascavel", "municipality_state": "CE", "municipality_distance_km": 0.319, "segment_count": 1, "metrics_index": 524}, "geometry": {"type": "LineString", "coordinates": [[-38.2304, -3.9919], [-38.2095, -4.022]]}}, {"type": "Feature", "properties": {"source_grid_index": 516, "source_longitude": -38.0, "source_latitude": -4.0, "nearest_grid_distance_km": 21.3746, "compound_count_annual_mean": 0.76, "mean_overlap_duration": 3.6, "mean_compound_intensity_norm": 0.1412, "Hazard_Index": 0.0757, "Hazard_Frequency": 0.0478, "Hazard_Severity": 0.1111, "Hazard_Index_raw": 0.0794, "municipality_name": "Cascavel", "municipality_state": "CE", "municipality_distance_km": 0.0363, "segment_count": 3, "metrics_index": 516}, "geometry": {"type": "LineString", "coordinates": [[-38.2095, -4.022], [-38.1885, -4.052], [-38.1681, -4.0785], [-38.1476, -4.105]]}}, {"type": "Feature", "properties": {"source_grid_index": 516, "source_longitude": -38.0, "source_latitude": -4.0, "nearest_grid_distance_km": 22.7728, "compound_count_annual_mean": 0.76, "mean_overlap_duration": 3.6, "mean_compound_intensity_norm": 0.1412, "Hazard_Index": 0.0757, "Hazard_Frequency": 0.0478, "Hazard_Severity": 0.1111, "Hazard_Index_raw": 0.0794, "municipality_name": "Beberibe", "municipality_state": "CE", "municipality_distance_km": 0.0, "segment_count": 5, "metrics_index": 516}, "geometry": {"type": "LineString", "coordinates": [[-38.1476, -4.105], [-38.1272, -4.1314], [-38.1067, -4.1579], [-38.081, -4.1844], [-38.0553, -4.2109], [-38.0296, -4.2374]]}}, {"type": "Feature", "properties": {"source_grid_index": 510, "source_longitude": -37.8, "source_latitude": -4.2, "nearest_grid_distance_km": 20.5279, "compound_count_annual_mean": 0.58, "mean_overlap_duration": 2.63, "mean_compound_intensity_norm": 0.1263, "Hazard_Index": 0.06, "Hazard_Frequency": 0.0299, "Hazard_Severity": 0.1006, "Hazard_Index_raw": 0.0652, "municipality_name": "Beberibe", "municipality_state": "CE", "municipality_distance_km": 0.0, "segment_count": 7, "metrics_index": 510}, "geometry": {"type": "LineString", "coordinates": [[-38.0296, -4.2374], [-37.9979, -4.2609], [-37.9662, -4.2843], [-37.9346, -4.3078], [-37.9194, -4.3145], [-37.8977, -4.335], [-37.876, -4.3555], [-37.8542, -4.3759]]}}, {"type": "Feature", "properties": {"source_grid_index": 510, "source_longitude": -37.8, "source_latitude": -4.2, "nearest_grid_distance_km": 21.7857, "compound_count_annual_mean": 0.58, "mean_overlap_duration": 2.63, "mean_compound_intensity_norm": 0.1263, "Hazard_Index": 0.06, "Hazard_Frequency": 0.0299, "Hazard_Severity": 0.1006, "Hazard_Index_raw": 0.0652, "municipality_name": "Fortim", "municipality_state": "CE", "municipality_distance_km": 0.0, "segment_count": 3, "metrics_index": 510}, "geometry": {"type": "LineString", "coordinates": [[-37.8542, -4.3759], [-37.8351, -4.3849], [-37.8137, -4.3913], [-37.7912, -4.3952]]}}, {"type": "Feature", "properties": {"source_grid_index": 506, "source_longitude": -37.6, "source_latitude": -4.4, "nearest_grid_distance_km": 18.9696, "compound_count_annual_mean": 0.48, "mean_overlap_duration": 2.81, "mean_compound_intensity_norm": 0.1513, "Hazard_Index": 0.0611, "Hazard_Frequency": 0.0209, "Hazard_Severity": 0.1113, "Hazard_Index_raw": 0.0661, "municipality_name": "Fortim", "municipality_state": "CE", "municipality_distance_km": 0.7255, "segment_count": 2, "metrics_index": 506}, "geometry": {"type": "LineString", "coordinates": [[-37.7912, -4.3952], [-37.7686, -4.3964], [-37.7542, -4.4262]]}}, {"type": "Feature", "properties": {"source_grid_index": 506, "source_longitude": -37.6, "source_latitude": -4.4, "nearest_grid_distance_km": 19.4324, "compound_count_annual_mean": 0.48, "mean_overlap_duration": 2.81, "mean_compound_intensity_norm": 0.1513, "Hazard_Index": 0.0611, "Hazard_Frequency": 0.0209, "Hazard_Severity": 0.1113, "Hazard_Index_raw": 0.0661, "municipality_name": "Aracati", "municipality_state": "CE", "municipality_distance_km": 0.6118, "segment_count": 8, "metrics_index": 506}, "geometry": {"type": "LineString", "coordinates": [[-37.7542, -4.4262], [-37.7397, -4.4559], [-37.7253, -4.4857], [-37.7108, -4.5154], [-37.6837, -4.5484], [-37.6666, -4.5636], [-37.6494, -4.5788], [-37.6283, -4.5934], [-37.6072, -4.6081]]}}, {"type": "Feature", "properties": {"source_grid_index": 500, "source_longitude": -37.4, "source_latitude": -4.6, "nearest_grid_distance_km": 19.5568, "compound_count_annual_mean": 0.45, "mean_overlap_duration": 3.67, "mean_compound_intensity_norm": 0.1627, "Hazard_Index": 0.0692, "Hazard_Frequency": 0.0179, "Hazard_Severity": 0.1292, "Hazard_Index_raw": 0.0736, "municipality_name": "Aracati", "municipality_state": "CE", "municipality_distance_km": 0.7891, "segment_count": 3, "metrics_index": 500}, "geometry": {"type": "LineString", "coordinates": [[-37.6072, -4.6081], [-37.5858, -4.6188], [-37.5644, -4.6295], [-37.5373, -4.6381]]}}, {"type": "Feature", "properties": {"source_grid_index": 500, "source_longitude": -37.4, "source_latitude": -4.6, "nearest_grid_distance_km": 11.4241, "compound_count_annual_mean": 0.45, "mean_overlap_duration": 3.67, "mean_compound_intensity_norm": 0.1627, "Hazard_Index": 0.0692, "Hazard_Frequency": 0.0179, "Hazard_Severity": 0.1292, "Hazard_Index_raw": 0.0736, "municipality_name": "Icapuí", "municipality_state": "CE", "municipality_distance_km": 0.7715, "segment_count": 9, "metrics_index": 500}, "geometry": {"type": "LineString", "coordinates": [[-37.5373, -4.6381], [-37.5253, -4.6326], [-37.5138, -4.6238], [-37.488, -4.63], [-37.4576, -4.6455], [-37.4271, -4.6611], [-37.393, -4.6729], [-37.3589, -4.6847], [-37.3248, -4.6965], [-37.2926, -4.718]]}}, {"type": "Feature", "properties": {"source_grid_index": 490, "source_longitude": -37.2, "source_latitude": -4.8, "nearest_grid_distance_km": 9.0087, "compound_count_annual_mean": 0.76, "mean_overlap_duration": 2.68, "mean_compound_intensity_norm": 0.2344, "Hazard_Index": 0.1194, "Hazard_Frequency": 0.0478, "Hazard_Severity": 0.1909, "Hazard_Index_raw": 0.1193, "municipality_name": "Icapuí", "municipality_state": "CE", "municipality_distance_km": 1.1006, "segment_count": 3, "metrics_index": 490}, "geometry": {"type": "LineString", "coordinates": [[-37.2926, -4.718], [-37.2744, -4.7424], [-37.26, -4.7756], [-37.2455, -4.8088]]}}, {"type": "Feature", "properties": {"source_grid_index": 490, "source_longitude": -37.2, "source_latitude": -4.8, "nearest_grid_distance_km": 6.1599, "compound_count_annual_mean": 0.76, "mean_overlap_duration": 2.68, "mean_compound_intensity_norm": 0.2344, "Hazard_Index": 0.1194, "Hazard_Frequency": 0.0478, "Hazard_Severity": 0.1909, "Hazard_Index_raw": 0.1193, "municipality_name": "Tibau", "municipality_state": "RN", "municipality_distance_km": 1.7104, "segment_count": 2, "metrics_index": 490}, "geometry": {"type": "LineString", "coordinates": [[-37.2455, -4.8088], [-37.2311, -4.8421], [-37.207, -4.8765]]}}, {"type": "Feature", "properties": {"source_grid_index": 490, "source_longitude": -37.2, "source_latitude": -4.8, "nearest_grid_distance_km": 12.294, "compound_count_annual_mean": 0.76, "mean_overlap_duration": 2.68, "mean_compound_intensity_norm": 0.2344, "Hazard_Index": 0.1194, "Hazard_Frequency": 0.0478, "Hazard_Severity": 0.1909, "Hazard_Index_raw": 0.1193, "municipality_name": "Grossos", "municipality_state": "RN", "municipality_distance_km": 1.2766, "segment_count": 2, "metrics_index": 490}, "geometry": {"type": "LineString", "coordinates": [[-37.207, -4.8765], [-37.1829, -4.9109], [-37.1589, -4.9212]]}}, {"type": "Feature", "properties": {"source_grid_index": 490, "source_longitude": -37.2, "source_latitude": -4.8, "nearest_grid_distance_km": 16.6465, "compound_count_annual_mean": 0.76, "mean_overlap_duration": 2.68, "mean_compound_intensity_norm": 0.2344, "Hazard_Index": 0.1194, "Hazard_Frequency": 0.0478, "Hazard_Severity": 0.1909, "Hazard_Index_raw": 0.1193, "municipality_name": "Areia Branca", "municipality_state": "RN", "municipality_distance_km": 1.189, "segment_count": 3, "metrics_index": 490}, "geometry": {"type": "LineString", "coordinates": [[-37.1589, -4.9212], [-37.1349, -4.9314], [-37.1151, -4.922], [-37.0981, -4.9206]]}}, {"type": "Feature", "properties": {"source_grid_index": 491, "source_longitude": -37.0, "source_latitude": -4.8, "nearest_grid_distance_km": 16.5134, "compound_count_annual_mean": 0.52, "mean_overlap_duration": 2.29, "mean_compound_intensity_norm": 0.1394, "Hazard_Index": 0.0296, "Hazard_Frequency": 0.0239, "Hazard_Severity": 0.051, "Hazard_Index_raw": 0.0374, "municipality_name": "Areia Branca", "municipality_state": "RN", "municipality_distance_km": 0.4777, "segment_count": 7, "metrics_index": 491}, "geometry": {"type": "LineString", "coordinates": [[-37.0981, -4.9206], [-37.0824, -4.9245], [-37.0494, -4.9379], [-37.0375, -4.9387], [-37.0114, -4.9314], [-36.983, -4.9298], [-36.9409, -4.934], [-36.8988, -4.9382]]}}, {"type": "Feature", "properties": {"source_grid_index": 492, "source_longitude": -36.8, "source_latitude": -4.8, "nearest_grid_distance_km": 19.6344, "compound_count_annual_mean": 0.48, "mean_overlap_duration": 2.44, "mean_compound_intensity_norm": 0.1212, "Hazard_Index": 0.0233, "Hazard_Frequency": 0.0209, "Hazard_Severity": 0.0425, "Hazard_Index_raw": 0.0317, "municipality_name": "Areia Branca", "municipality_state": "RN", "municipality_distance_km": 0.9737, "segment_count": 2, "metrics_index": 492}, "geometry": {"type": "LineString", "coordinates": [[-36.8988, -4.9382], [-36.881, -4.9485], [-36.8643, -4.9672]]}}, {"type": "Feature", "properties": {"source_grid_index": 492, "source_longitude": -36.8, "source_latitude": -4.8, "nearest_grid_distance_km": 22.5785, "compound_count_annual_mean": 0.48, "mean_overlap_duration": 2.44, "mean_compound_intensity_norm": 0.1212, "Hazard_Index": 0.0233, "Hazard_Frequency": 0.0209, "Hazard_Severity": 0.0425, "Hazard_Index_raw": 0.0317, "municipality_name": "Porto do Mangue", "municipality_state": "RN", "municipality_distance_km": 0.0, "segment_count": 4, "metrics_index": 492}, "geometry": {"type": "LineString", "coordinates": [[-36.8643, -4.9672], [-36.8476, -4.9859], [-36.8435, -4.9929], [-36.8331, -4.9973], [-36.8207, -5.0077]]}}, {"type": "Feature", "properties": {"source_grid_index": 484, "source_longitude": -36.6, "source_latitude": -5.0, "nearest_grid_distance_km": 21.505, "compound_count_annual_mean": 0.61, "mean_overlap_duration": 4.7, "mean_compound_intensity_norm": 0.1615, "Hazard_Index": 0.1136, "Hazard_Frequency": 0.0328, "Hazard_Severity": 0.1953, "Hazard_Index_raw": 0.1141, "municipality_name": "Porto do Mangue", "municipality_state": "RN", "municipality_distance_km": 0.6353, "segment_count": 5, "metrics_index": 484}, "geometry": {"type": "LineString", "coordinates": [[-36.8207, -5.0077], [-36.8103, -5.0201], [-36.806, -5.03], [-36.7909, -5.0512], [-36.7566, -5.0668], [-36.7196, -5.0754]]}}, {"type": "Feature", "properties": {"source_grid_index": 484, "source_longitude": -36.6, "source_latitude": -5.0, "nearest_grid_distance_km": 13.8755, "compound_count_annual_mean": 0.61, "mean_overlap_duration": 4.7, "mean_compound_intensity_norm": 0.1615, "Hazard_Index": 0.1136, "Hazard_Frequency": 0.0328, "Hazard_Severity": 0.1953, "Hazard_Index_raw": 0.1141, "municipality_name": "Macau", "municipality_state": "RN", "municipality_distance_km": 0.8466, "segment_count": 17, "metrics_index": 484}, "geometry": {"type": "LineString", "coordinates": [[-36.7196, -5.0754], [-36.6961, -5.0755], [-36.6957, -5.0896], [-36.6822, -5.0922], [-36.6415, -5.089], [-36.6069, -5.0964], [-36.59, -5.103], [-36.5611, -5.1232], [-36.5444, -5.1276], [-36.5309, -5.1227], [-36.5254, -5.1056], [-36.5337, -5.101], [-36.5705, -5.0917], [-36.58, -5.081], [-36.5451, -5.0896], [-36.5042, -5.0867], [-36.4633, -5.0839], [-36.4224, -5.081]]}}, {"type": "Feature", "properties": {"source_grid_index": 484, "source_longitude": -36.6, "source_latitude": -5.0, "nearest_grid_distance_km": 23.9998, "compound_count_annual_mean": 0.61, "mean_overlap_duration": 4.7, "mean_compound_intensity_norm": 0.1615, "Hazard_Index": 0.1136, "Hazard_Frequency": 0.0328, "Hazard_Severity": 0.1953, "Hazard_Index_raw": 0.1141, "municipality_name": "Guamaré", "municipality_state": "RN", "municipality_distance_km": 0.0, "segment_count": 1, "metrics_index": 484}, "geometry": {"type": "LineString", "coordinates": [[-36.4224, -5.081], [-36.3811, -5.085]]}}, {"type": "Feature", "properties": {"source_grid_index": 485, "source_longitude": -36.2, "source_latitude": -5.0, "nearest_grid_distance_km": 18.8544, "compound_count_annual_mean": 0.73, "mean_overlap_duration": 5.38, "mean_compound_intensity_norm": 0.1709, "Hazard_Index": 0.156, "Hazard_Frequency": 0.0448, "Hazard_Severity": 0.2606, "Hazard_Index_raw": 0.1527, "municipality_name": "Guamaré", "municipality_state": "RN", "municipality_distance_km": 0.0, "segment_count": 2, "metrics_index": 485}, "geometry": {"type": "LineString", "coordinates": [[-36.3811, -5.085], [-36.3398, -5.089], [-36.3, -5.1012]]}}, {"type": "Feature", "properties": {"source_grid_index": 485, "source_longitude": -36.2, "source_latitude": -5.0, "nearest_grid_distance_km": 13.2868, "compound_count_annual_mean": 0.73, "mean_overlap_duration": 5.38, "mean_compound_intensity_norm": 0.1709, "Hazard_Index": 0.156, "Hazard_Frequency": 0.0448, "Hazard_Severity": 0.2606, "Hazard_Index_raw": 0.1527, "municipality_name": "Galinhos", "municipality_state": "RN", "municipality_distance_km": 0.0, "segment_count": 10, "metrics_index": 485}, "geometry": {"type": "LineString", "coordinates": [[-36.3, -5.1012], [-36.2814, -5.1046], [-36.2572, -5.1021], [-36.2572, -5.0959], [-36.292, -5.0959], [-36.292, -5.089], [-36.2518, -5.0908], [-36.2116, -5.0925], [-36.1714, -5.0942], [-36.1312, -5.0959], [-36.1136, -5.0916]]}}, {"type": "Feature", "properties": {"source_grid_index": 485, "source_longitude": -36.2, "source_latitude": -5.0, "nearest_grid_distance_km": 16.1353, "compound_count_annual_mean": 0.73, "mean_overlap_duration": 5.38, "mean_compound_intensity_norm": 0.1709, "Hazard_Index": 0.156, "Hazard_Frequency": 0.0448, "Hazard_Severity": 0.2606, "Hazard_Index_raw": 0.1527, "municipality_name": "Caiçara do Norte", "municipality_state": "RN", "municipality_distance_km": 0.0, "segment_count": 2, "metrics_index": 485}, "geometry": {"type": "LineString", "coordinates": [[-36.1136, -5.0916], [-36.0791, -5.0724], [-36.0428, -5.0649]]}}, {"type": "Feature", "properties": {"source_grid_index": 485, "source_longitude": -36.2, "source_latitude": -5.0, "nearest_grid_distance_km": 24.369, "compound_count_annual_mean": 0.73, "mean_overlap_duration": 5.38, "mean_compound_intensity_norm": 0.1709, "Hazard_Index": 0.156, "Hazard_Frequency": 0.0448, "Hazard_Severity": 0.2606, "Hazard_Index_raw": 0.1527, "municipality_name": "São Bento do Norte", "municipality_state": "RN", "municipality_distance_km": 0.0, "segment_count": 4, "metrics_index": 485}, "geometry": {"type": "LineString", "coordinates": [[-36.0428, -5.0649], [-36.016, -5.051], [-35.9972, -5.0475], [-35.9574, -5.0529], [-35.9176, -5.0583]]}}, {"type": "Feature", "properties": {"source_grid_index": 497, "source_longitude": -35.8, "source_latitude": -4.8, "nearest_grid_distance_km": 32.3238, "compound_count_annual_mean": 0.45, "mean_overlap_duration": 2.93, "mean_compound_intensity_norm": 0.1522, "Hazard_Index": 0.049, "Hazard_Frequency": 0.0179, "Hazard_Severity": 0.0924, "Hazard_Index_raw": 0.0551, "municipality_name": "Pedra Grande", "municipality_state": "RN", "municipality_distance_km": 0.039, "segment_count": 1, "metrics_index": 497}, "geometry": {"type": "LineString", "coordinates": [[-35.9176, -5.0583], [-35.8803, -5.0654]]}}, {"type": "Feature", "properties": {"source_grid_index": 486, "source_longitude": -35.6, "source_latitude": -5.0, "nearest_grid_distance_km": 28.2513, "compound_count_annual_mean": 0.39, "mean_overlap_duration": 3.54, "mean_compound_intensity_norm": 0.1528, "Hazard_Index": 0.0557, "Hazard_Frequency": 0.0119, "Hazard_Severity": 0.1106, "Hazard_Index_raw": 0.0613, "municipality_name": "Pedra Grande", "municipality_state": "RN", "municipality_distance_km": 0.0, "segment_count": 2, "metrics_index": 486}, "geometry": {"type": "LineString", "coordinates": [[-35.8803, -5.0654], [-35.843, -5.0726], [-35.8057, -5.0797]]}}, {"type": "Feature", "properties": {"source_grid_index": 486, "source_longitude": -35.6, "source_latitude": -5.0, "nearest_grid_distance_km": 17.7457, "compound_count_annual_mean": 0.39, "mean_overlap_duration": 3.54, "mean_compound_intensity_norm": 0.1528, "Hazard_Index": 0.0557, "Hazard_Frequency": 0.0119, "Hazard_Severity": 0.1106, "Hazard_Index_raw": 0.0613, "municipality_name": "São Miguel do Gostoso", "municipality_state": "RN", "municipality_distance_km": 0.0, "segment_count": 5, "metrics_index": 486}, "geometry": {"type": "LineString", "coordinates": [[-35.8057, -5.0797], [-35.7684, -5.0868], [-35.7321, -5.095], [-35.6958, -5.1031], [-35.6594, -5.1113], [-35.6207, -5.1151]]}}, {"type": "Feature", "properties": {"source_grid_index": 486, "source_longitude": -35.6, "source_latitude": -5.0, "nearest_grid_distance_km": 14.2438, "compound_count_annual_mean": 0.39, "mean_overlap_duration": 3.54, "mean_compound_intensity_norm": 0.1528, "Hazard_Index": 0.0557, "Hazard_Frequency": 0.0119, "Hazard_Severity": 0.1106, "Hazard_Index_raw": 0.0613, "municipality_name": "Touros", "municipality_state": "RN", "municipality_distance_km": 0.5197, "segment_count": 2, "metrics_index": 486}, "geometry": {"type": "LineString", "coordinates": [[-35.6207, -5.1151], [-35.5819, -5.1189], [-35.5488, -5.1284]]}}, {"type": "Feature", "properties": {"source_grid_index": 481, "source_longitude": -35.4, "source_latitude": -5.2, "nearest_grid_distance_km": 7.6678, "compound_count_annual_mean": 0.91, "mean_overlap_duration": 2.83, "mean_compound_intensity_norm": 0.1598, "Hazard_Index": 0.1324, "Hazard_Frequency": 0.0627, "Hazard_Severity": 0.1998, "Hazard_Index_raw": 0.1312, "municipality_name": "Touros", "municipality_state": "RN", "municipality_distance_km": 0.9698, "segment_count": 9, "metrics_index": 481}, "geometry": {"type": "LineString", "coordinates": [[-35.5488, -5.1284], [-35.5106, -5.1437], [-35.4929, -5.1574], [-35.4739, -5.1772], [-35.4549, -5.197], [-35.4386, -5.2052], [-35.4205, -5.2115], [-35.4038, -5.2265], [-35.39, -5.2446], [-35.3712, -5.2791]]}}, {"type": "Feature", "properties": {"source_grid_index": 481, "source_longitude": -35.4, "source_latitude": -5.2, "nearest_grid_distance_km": 13.7951, "compound_count_annual_mean": 0.91, "mean_overlap_duration": 2.83, "mean_compound_intensity_norm": 0.1598, "Hazard_Index": 0.1324, "Hazard_Frequency": 0.0627, "Hazard_Severity": 0.1998, "Hazard_Index_raw": 0.1312, "municipality_name": "Rio do Fogo", "municipality_state": "RN", "municipality_distance_km": 0.2186, "segment_count": 3, "metrics_index": 481}, "geometry": {"type": "LineString", "coordinates": [[-35.3712, -5.2791], [-35.3624, -5.3009], [-35.356, -5.3235], [-35.3535, -5.3458]]}}, {"type": "Feature", "properties": {"source_grid_index": 478, "source_longitude": -35.2, "source_latitude": -5.4, "nearest_grid_distance_km": 16.4713, "compound_count_annual_mean": 0.88, "mean_overlap_duration": 4.55, "mean_compound_intensity_norm": 0.1648, "Hazard_Index": 0.1272, "Hazard_Frequency": 0.0597, "Hazard_Severity": 0.1933, "Hazard_Index_raw": 0.1265, "municipality_name": "Rio do Fogo", "municipality_state": "RN", "municipality_distance_km": 0.4964, "segment_count": 2, "metrics_index": 478}, "geometry": {"type": "LineString", "coordinates": [[-35.3535, -5.3458], [-35.3486, -5.3556], [-35.3188, -5.3832]]}}, {"type": "Feature", "properties": {"source_grid_index": 478, "source_longitude": -35.2, "source_latitude": -5.4, "nearest_grid_distance_km": 11.9171, "compound_count_annual_mean": 0.88, "mean_overlap_duration": 4.55, "mean_compound_intensity_norm": 0.1648, "Hazard_Index": 0.1272, "Hazard_Frequency": 0.0597, "Hazard_Severity": 0.1933, "Hazard_Index_raw": 0.1265, "municipality_name": "Maxaranguape", "municipality_state": "RN", "municipality_distance_km": 0.1073, "segment_count": 4, "metrics_index": 478}, "geometry": {"type": "LineString", "coordinates": [[-35.3188, -5.3832], [-35.2999, -5.4166], [-35.2811, -5.45], [-35.2623, -5.4833], [-35.2539, -5.5241]]}}, {"type": "Feature", "properties": {"source_grid_index": 478, "source_longitude": -35.2, "source_latitude": -5.4, "nearest_grid_distance_km": 20.1243, "compound_count_annual_mean": 0.88, "mean_overlap_duration": 4.55, "mean_compound_intensity_norm": 0.1648, "Hazard_Index": 0.1272, "Hazard_Frequency": 0.0597, "Hazard_Severity": 0.1933, "Hazard_Index_raw": 0.1265, "municipality_name": "Ceará-Mirim", "municipality_state": "RN", "municipality_distance_km": 0.0, "segment_count": 5, "metrics_index": 478}, "geometry": {"type": "LineString", "coordinates": [[-35.2539, -5.5241], [-35.2453, -5.5462], [-35.2341, -5.5666], [-35.2231, -5.5826], [-35.2306, -5.5888], [-35.2261, -5.5986]]}}, {"type": "Feature", "properties": {"source_grid_index": 476, "source_longitude": -35.0, "source_latitude": -5.6, "nearest_grid_distance_km": 24.365, "compound_count_annual_mean": 0.82, "mean_overlap_duration": 4.7, "mean_compound_intensity_norm": 0.1704, "Hazard_Index": 0.1221, "Hazard_Frequency": 0.0537, "Hazard_Severity": 0.1898, "Hazard_Index_raw": 0.1218, "municipality_name": "Extremoz", "municipality_state": "RN", "municipality_distance_km": 0.5743, "segment_count": 4, "metrics_index": 476}, "geometry": {"type": "LineString", "coordinates": [[-35.2261, -5.5986], [-35.2164, -5.6334], [-35.2068, -5.6681], [-35.2058, -5.6788], [-35.1957, -5.6895]]}}, {"type": "Feature", "properties": {"source_grid_index": 474, "source_longitude": -35.0, "source_latitude": -5.8, "nearest_grid_distance_km": 23.4381, "compound_count_annual_mean": 0.79, "mean_overlap_duration": 4.81, "mean_compound_intensity_norm": 0.1776, "Hazard_Index": 0.1149, "Hazard_Frequency": 0.0507, "Hazard_Severity": 0.1797, "Hazard_Index_raw": 0.1152, "municipality_name": "Extremoz", "municipality_state": "RN", "municipality_distance_km": 0.0, "segment_count": 2, "metrics_index": 474}, "geometry": {"type": "LineString", "coordinates": [[-35.1957, -5.6895], [-35.1954, -5.7248], [-35.1952, -5.76]]}}, {"type": "Feature", "properties": {"source_grid_index": 474, "source_longitude": -35.0, "source_latitude": -5.8, "nearest_grid_distance_km": 19.5159, "compound_count_annual_mean": 0.79, "mean_overlap_duration": 4.81, "mean_compound_intensity_norm": 0.1776, "Hazard_Index": 0.1149, "Hazard_Frequency": 0.0507, "Hazard_Severity": 0.1797, "Hazard_Index_raw": 0.1152, "municipality_name": "Natal", "municipality_state": "RN", "municipality_distance_km": 0.2293, "segment_count": 10, "metrics_index": 474}, "geometry": {"type": "LineString", "coordinates": [[-35.1952, -5.76], [-35.1877, -5.7735], [-35.1787, -5.7835], [-35.1711, -5.7963], [-35.168, -5.8185], [-35.1712, -5.8339], [-35.1715, -5.8443], [-35.168, -5.8562], [-35.1501, -5.8748], [-35.1475, -5.8767], [-35.1458, -5.8868]]}}, {"type": "Feature", "properties": {"source_grid_index": 472, "source_longitude": -35.0, "source_latitude": -6.0, "nearest_grid_distance_km": 16.7579, "compound_count_annual_mean": 0.79, "mean_overlap_duration": 4.38, "mean_compound_intensity_norm": 0.16, "Hazard_Index": 0.088, "Hazard_Frequency": 0.0507, "Hazard_Severity": 0.1306, "Hazard_Index_raw": 0.0907, "municipality_name": "Parnamirim", "municipality_state": "RN", "municipality_distance_km": 0.9021, "segment_count": 6, "metrics_index": 472}, "geometry": {"type": "LineString", "coordinates": [[-35.1458, -5.8868], [-35.1475, -5.9211], [-35.1453, -5.9321], [-35.136, -5.9457], [-35.1338, -5.9553], [-35.13, -5.9596], [-35.1122, -5.9767]]}}, {"type": "Feature", "properties": {"source_grid_index": 472, "source_longitude": -35.0, "source_latitude": -6.0, "nearest_grid_distance_km": 13.0678, "compound_count_annual_mean": 0.79, "mean_overlap_duration": 4.38, "mean_compound_intensity_norm": 0.16, "Hazard_Index": 0.088, "Hazard_Frequency": 0.0507, "Hazard_Severity": 0.1306, "Hazard_Index_raw": 0.0907, "municipality_name": "Nísia Floresta", "municipality_state": "RN", "municipality_distance_km": 0.7825, "segment_count": 8, "metrics_index": 472}, "geometry": {"type": "LineString", "coordinates": [[-35.1122, -5.9767], [-35.1065, -5.986], [-35.1051, -5.9955], [-35.1065, -6.0276], [-35.1117, -6.0485], [-35.1112, -6.0578], [-35.1028, -6.0617], [-35.0994, -6.0666], [-35.0972, -6.1063]]}}, {"type": "Feature", "properties": {"source_grid_index": 469, "source_longitude": -35.0, "source_latitude": -6.2, "nearest_grid_distance_km": 13.687, "compound_count_annual_mean": 0.76, "mean_overlap_duration": 3.4, "mean_compound_intensity_norm": 0.1503, "Hazard_Index": 0.0754, "Hazard_Frequency": 0.0478, "Hazard_Severity": 0.1107, "Hazard_Index_raw": 0.0792, "municipality_name": "Nísia Floresta", "municipality_state": "RN", "municipality_distance_km": 0.2164, "segment_count": 1, "metrics_index": 469}, "geometry": {"type": "LineString", "coordinates": [[-35.0972, -6.1063], [-35.095, -6.1461]]}}, {"type": "Feature", "properties": {"source_grid_index": 469, "source_longitude": -35.0, "source_latitude": -6.2, "nearest_grid_distance_km": 12.4123, "compound_count_annual_mean": 0.76, "mean_overlap_duration": 3.4, "mean_compound_intensity_norm": 0.1503, "Hazard_Index": 0.0754, "Hazard_Frequency": 0.0478, "Hazard_Severity": 0.1107, "Hazard_Index_raw": 0.0792, "municipality_name": "Senador Georgino Avelino", "municipality_state": "RN", "municipality_distance_km": 0.2985, "segment_count": 3, "metrics_index": 469}, "geometry": {"type": "LineString", "coordinates": [[-35.095, -6.1461], [-35.0928, -6.1858], [-35.1207, -6.1647], [-35.125, -6.1828]]}}, {"type": "Feature", "properties": {"source_grid_index": 469, "source_longitude": -35.0, "source_latitude": -6.2, "nearest_grid_distance_km": 10.6947, "compound_count_annual_mean": 0.76, "mean_overlap_duration": 3.4, "mean_compound_intensity_norm": 0.1503, "Hazard_Index": 0.0754, "Hazard_Frequency": 0.0478, "Hazard_Severity": 0.1107, "Hazard_Index_raw": 0.0792, "municipality_name": "Tibau do Sul", "municipality_state": "RN", "municipality_distance_km": 1.1894, "segment_count": 14, "metrics_index": 469}, "geometry": {"type": "LineString", "coordinates": [[-35.125, -6.1828], [-35.1498, -6.2068], [-35.1509, -6.216], [-35.1343, -6.2243], [-35.1201, -6.2146], [-35.1076, -6.1999], [-35.0959, -6.1921], [-35.0871, -6.1974], [-35.0779, -6.2209], [-35.069, -6.2262], [-35.0489, -6.2272], [-35.0412, -6.2302], [-35.0382, -6.2365], [-35.036, -6.2586], [-35.0262, -6.2989]]}}, {"type": "Feature", "properties": {"source_grid_index": 469, "source_longitude": -35.0, "source_latitude": -6.2, "nearest_grid_distance_km": 12.9509, "compound_count_annual_mean": 0.76, "mean_overlap_duration": 3.4, "mean_compound_intensity_norm": 0.1503, "Hazard_Index": 0.0754, "Hazard_Frequency": 0.0478, "Hazard_Severity": 0.1107, "Hazard_Index_raw": 0.0792, "municipality_name": "Canguaretama", "municipality_state": "RN", "municipality_distance_km": 0.7061, "segment_count": 1, "metrics_index": 469}, "geometry": {"type": "LineString", "coordinates": [[-35.0262, -6.2989], [-35.0239, -6.318]]}}, {"type": "Feature", "properties": {"source_grid_index": 469, "source_longitude": -35.0, "source_latitude": -6.2, "nearest_grid_distance_km": 17.8951, "compound_count_annual_mean": 0.76, "mean_overlap_duration": 3.4, "mean_compound_intensity_norm": 0.1503, "Hazard_Index": 0.0754, "Hazard_Frequency": 0.0478, "Hazard_Severity": 0.1107, "Hazard_Index_raw": 0.0792, "municipality_name": "Baía Formosa", "municipality_state": "RN", "municipality_distance_km": 0.737, "segment_count": 6, "metrics_index": 469}, "geometry": {"type": "LineString", "coordinates": [[-35.0239, -6.318], [-35.0259, -6.3339], [-35.0242, -6.3429], [-35.0171, -6.3559], [-35.0106, -6.3629], [-34.9963, -6.371], [-34.9892, -6.3776]]}}, {"type": "Feature", "properties": {"source_grid_index": 467, "source_longitude": -34.8, "source_latitude": -6.4, "nearest_grid_distance_km": 20.1178, "compound_count_annual_mean": 0.67, "mean_overlap_duration": 4.55, "mean_compound_intensity_norm": 0.1868, "Hazard_Index": 0.1037, "Hazard_Frequency": 0.0388, "Hazard_Severity": 0.1712, "Hazard_Index_raw": 0.105, "municipality_name": "Baía Formosa", "municipality_state": "RN", "municipality_distance_km": 0.2797, "segment_count": 5, "metrics_index": 467}, "geometry": {"type": "LineString", "coordinates": [[-34.9892, -6.3776], [-34.9823, -6.3914], [-34.9773, -6.4124], [-34.9723, -6.4334], [-34.9679, -6.4679], [-34.9634, -6.5024]]}}, {"type": "Feature", "properties": {"source_grid_index": 465, "source_longitude": -34.8, "source_latitude": -6.6, "nearest_grid_distance_km": 18.688, "compound_count_annual_mean": 0.79, "mean_overlap_duration": 3.46, "mean_compound_intensity_norm": 0.1527, "Hazard_Index": 0.0733, "Hazard_Frequency": 0.0507, "Hazard_Severity": 0.1038, "Hazard_Index_raw": 0.0773, "municipality_name": "Mataraca", "municipality_state": "PB", "municipality_distance_km": 0.6469, "segment_count": 4, "metrics_index": 465}, "geometry": {"type": "LineString", "coordinates": [[-34.9634, -6.5024], [-34.959, -6.5369], [-34.9587, -6.5597], [-34.9585, -6.5826], [-34.97, -6.6173]]}}, {"type": "Feature", "properties": {"source_grid_index": 465, "source_longitude": -34.8, "source_latitude": -6.6, "nearest_grid_distance_km": 18.7473, "compound_count_annual_mean": 0.79, "mean_overlap_duration": 3.46, "mean_compound_intensity_norm": 0.1527, "Hazard_Index": 0.0733, "Hazard_Frequency": 0.0507, "Hazard_Severity": 0.1038, "Hazard_Index_raw": 0.0773, "municipality_name": "Baía da Traição", "municipality_state": "PB", "municipality_distance_km": 0.0, "segment_count": 5, "metrics_index": 465}, "geometry": {"type": "LineString", "coordinates": [[-34.97, -6.6173], [-34.9608, -6.6388], [-34.9571, -6.6513], [-34.9533, -6.6747], [-34.9477, -6.6848], [-34.941, -6.6944]]}}, {"type": "Feature", "properties": {"source_grid_index": 463, "source_longitude": -34.8, "source_latitude": -6.8, "nearest_grid_distance_km": 18.5656, "compound_count_annual_mean": 0.76, "mean_overlap_duration": 3.88, "mean_compound_intensity_norm": 0.1429, "Hazard_Index": 0.0775, "Hazard_Frequency": 0.0478, "Hazard_Severity": 0.1145, "Hazard_Index_raw": 0.0811, "municipality_name": "Baía da Traição", "municipality_state": "PB", "municipality_distance_km": 0.0, "segment_count": 2, "metrics_index": 463}, "geometry": {"type": "LineString", "coordinates": [[-34.941, -6.6944], [-34.9352, -6.706], [-34.9349, -6.7242]]}}, {"type": "Feature", "properties": {"source_grid_index": 463, "source_longitude": -34.8, "source_latitude": -6.8, "nearest_grid_distance_km": 16.7513, "compound_count_annual_mean": 0.76, "mean_overlap_duration": 3.88, "mean_compound_intensity_norm": 0.1429, "Hazard_Index": 0.0775, "Hazard_Frequency": 0.0478, "Hazard_Severity": 0.1145, "Hazard_Index_raw": 0.0811, "municipality_name": "Marcação", "municipality_state": "PB", "municipality_distance_km": 0.0, "segment_count": 2, "metrics_index": 463}, "geometry": {"type": "LineString", "coordinates": [[-34.9349, -6.7242], [-34.9401, -6.7446], [-34.9427, -6.7662]]}}, {"type": "Feature", "properties": {"source_grid_index": 463, "source_longitude": -34.8, "source_latitude": -6.8, "nearest_grid_distance_km": 14.8551, "compound_count_annual_mean": 0.76, "mean_overlap_duration": 3.88, "mean_compound_intensity_norm": 0.1429, "Hazard_Index": 0.0775, "Hazard_Frequency": 0.0478, "Hazard_Severity": 0.1145, "Hazard_Index_raw": 0.0811, "municipality_name": "Rio Tinto", "municipality_state": "PB", "municipality_distance_km": 0.0, "segment_count": 4, "metrics_index": 463}, "geometry": {"type": "LineString", "coordinates": [[-34.9427, -6.7662], [-34.9352, -6.7879], [-34.9352, -6.7817], [-34.926, -6.8229], [-34.9167, -6.8642]]}}, {"type": "Feature", "properties": {"source_grid_index": 463, "source_longitude": -34.8, "source_latitude": -6.8, "nearest_grid_distance_km": 15.1442, "compound_count_annual_mean": 0.76, "mean_overlap_duration": 3.88, "mean_compound_intensity_norm": 0.1429, "Hazard_Index": 0.0775, "Hazard_Frequency": 0.0478, "Hazard_Severity": 0.1145, "Hazard_Index_raw": 0.0811, "municipality_name": "Lucena", "municipality_state": "PB", "municipality_distance_km": 0.0, "segment_count": 2, "metrics_index": 463}, "geometry": {"type": "LineString", "coordinates": [[-34.9167, -6.8642], [-34.9042, -6.8873], [-34.8936, -6.8943]]}}, {"type": "Feature", "properties": {"source_grid_index": 460, "source_longitude": -34.8, "source_latitude": -7.0, "nearest_grid_distance_km": 10.877, "compound_count_annual_mean": 0.97, "mean_overlap_duration": 3.59, "mean_compound_intensity_norm": 0.1364, "Hazard_Index": 0.0802, "Hazard_Frequency": 0.0687, "Hazard_Severity": 0.0985, "Hazard_Index_raw": 0.0836, "municipality_name": "Lucena", "municipality_state": "PB", "municipality_distance_km": 0.0, "segment_count": 5, "metrics_index": 460}, "geometry": {"type": "LineString", "coordinates": [[-34.8936, -6.8943], [-34.8657, -6.9072], [-34.8601, -6.9146], [-34.8601, -6.9387], [-34.8601, -6.9627], [-34.8629, -6.976]]}}, {"type": "Feature", "properties": {"source_grid_index": 460, "source_longitude": -34.8, "source_latitude": -7.0, "nearest_grid_distance_km": 7.6888, "compound_count_annual_mean": 0.97, "mean_overlap_duration": 3.59, "mean_compound_intensity_norm": 0.1364, "Hazard_Index": 0.0802, "Hazard_Frequency": 0.0687, "Hazard_Severity": 0.0985, "Hazard_Index_raw": 0.0836, "municipality_name": "Cabedelo", "municipality_state": "PB", "municipality_distance_km": 0.2421, "segment_count": 1, "metrics_index": 460}, "geometry": {"type": "LineString", "coordinates": [[-34.8629, -6.976], [-34.8693, -6.9827]]}}, {"type": "Feature", "properties": {"source_grid_index": 460, "source_longitude": -34.8, "source_latitude": -7.0, "nearest_grid_distance_km": 13.2101, "compound_count_annual_mean": 0.97, "mean_overlap_duration": 3.59, "mean_compound_intensity_norm": 0.1364, "Hazard_Index": 0.0802, "Hazard_Frequency": 0.0687, "Hazard_Severity": 0.0985, "Hazard_Index_raw": 0.0836, "municipality_name": "Santa Rita", "municipality_state": "PB", "municipality_distance_km": 0.0001, "segment_count": 14, "metrics_index": 460}, "geometry": {"type": "LineString", "coordinates": [[-34.8693, -6.9827], [-34.8762, -6.987], [-34.8806, -6.9933], [-34.8811, -7.0046], [-34.8782, -7.028], [-34.8806, -7.0412], [-34.8964, -7.0813], [-34.8942, -7.0828], [-34.9018, -7.0906], [-34.9076, -7.0932], [-34.9135, -7.0905], [-34.9215, -7.0828], [-34.9122, -7.0927], [-34.9078, -7.1042], [-34.9085, -7.1169]]}}, {"type": "Feature", "properties": {"source_grid_index": 460, "source_longitude": -34.8, "source_latitude": -7.0, "nearest_grid_distance_km": 16.3632, "compound_count_annual_mean": 0.97, "mean_overlap_duration": 3.59, "mean_compound_intensity_norm": 0.1364, "Hazard_Index": 0.0802, "Hazard_Frequency": 0.0687, "Hazard_Severity": 0.0985, "Hazard_Index_raw": 0.0836, "municipality_name": "João Pessoa", "municipality_state": "PB", "municipality_distance_km": 0.4833, "segment_count": 4, "metrics_index": 460}, "geometry": {"type": "LineString", "coordinates": [[-34.9085, -7.1169], [-34.9147, -7.1305], [-34.8961, -7.1174], [-34.8756, -7.0956], [-34.8594, -7.0715]]}}, {"type": "Feature", "properties": {"source_grid_index": 460, "source_longitude": -34.8, "source_latitude": -7.0, "nearest_grid_distance_km": 5.3853, "compound_count_annual_mean": 0.97, "mean_overlap_duration": 3.59, "mean_compound_intensity_norm": 0.1364, "Hazard_Index": 0.0802, "Hazard_Frequency": 0.0687, "Hazard_Severity": 0.0985, "Hazard_Index_raw": 0.0836, "municipality_name": "Cabedelo", "municipality_state": "PB", "municipality_distance_km": 0.0, "segment_count": 7, "metrics_index": 460}, "geometry": {"type": "LineString", "coordinates": [[-34.8594, -7.0715], [-34.8527, -7.0517], [-34.8488, -7.0302], [-34.8362, -6.9918], [-34.8396, -6.9729], [-34.8258, -6.9845], [-34.8242, -7.0034], [-34.8328, -7.0412]]}}, {"type": "Feature", "properties": {"source_grid_index": 460, "source_longitude": -34.8, "source_latitude": -7.0, "nearest_grid_distance_km": 15.6825, "compound_count_annual_mean": 0.97, "mean_overlap_duration": 3.59, "mean_compound_intensity_norm": 0.1364, "Hazard_Index": 0.0802, "Hazard_Frequency": 0.0687, "Hazard_Severity": 0.0985, "Hazard_Index_raw": 0.0836, "municipality_name": "João Pessoa", "municipality_state": "PB", "municipality_distance_km": 1.0283, "segment_count": 9, "metrics_index": 460}, "geometry": {"type": "LineString", "coordinates": [[-34.8328, -7.0412], [-34.8328, -7.0705], [-34.8328, -7.0998], [-34.828, -7.1301], [-34.8253, -7.1374], [-34.8188, -7.1442], [-34.8021, -7.1541], [-34.7974, -7.1585], [-34.7936, -7.1762], [-34.7967, -7.193]]}}, {"type": "Feature", "properties": {"source_grid_index": 458, "source_longitude": -34.6, "source_latitude": -7.2, "nearest_grid_distance_km": 22.5683, "compound_count_annual_mean": 0.73, "mean_overlap_duration": 4.88, "mean_compound_intensity_norm": 0.2118, "Hazard_Index": 0.1104, "Hazard_Frequency": 0.0448, "Hazard_Severity": 0.1774, "Hazard_Index_raw": 0.1111, "municipality_name": "João Pessoa", "municipality_state": "PB", "municipality_distance_km": 0.0, "segment_count": 3, "metrics_index": 458}, "geometry": {"type": "LineString", "coordinates": [[-34.7967, -7.193], [-34.8021, -7.2088], [-34.8048, -7.2233], [-34.8048, -7.2602]]}}, {"type": "Feature", "properties": {"source_grid_index": 458, "source_longitude": -34.6, "source_latitude": -7.2, "nearest_grid_distance_km": 24.4059, "compound_count_annual_mean": 0.73, "mean_overlap_duration": 4.88, "mean_compound_intensity_norm": 0.2118, "Hazard_Index": 0.1104, "Hazard_Frequency": 0.0448, "Hazard_Severity": 0.1774, "Hazard_Index_raw": 0.1111, "municipality_name": "Conde", "municipality_state": "PB", "municipality_distance_km": 0.0, "segment_count": 1, "metrics_index": 458}, "geometry": {"type": "LineString", "coordinates": [[-34.8048, -7.2602], [-34.8048, -7.2971]]}}, {"type": "Feature", "properties": {"source_grid_index": 456, "source_longitude": -34.6, "source_latitude": -7.4, "nearest_grid_distance_km": 23.9858, "compound_count_annual_mean": 0.7, "mean_overlap_duration": 4.91, "mean_compound_intensity_norm": 0.2151, "Hazard_Index": 0.115, "Hazard_Frequency": 0.0418, "Hazard_Severity": 0.1888, "Hazard_Index_raw": 0.1153, "municipality_name": "Conde", "municipality_state": "PB", "municipality_distance_km": 0.0, "segment_count": 2, "metrics_index": 456}, "geometry": {"type": "LineString", "coordinates": [[-34.8048, -7.2971], [-34.8048, -7.3339], [-34.8048, -7.3708]]}}, {"type": "Feature", "properties": {"source_grid_index": 456, "source_longitude": -34.6, "source_latitude": -7.4, "nearest_grid_distance_km": 22.9119, "compound_count_annual_mean": 0.7, "mean_overlap_duration": 4.91, "mean_compound_intensity_norm": 0.2151, "Hazard_Index": 0.115, "Hazard_Frequency": 0.0418, "Hazard_Severity": 0.1888, "Hazard_Index_raw": 0.1153, "municipality_name": "Pitimbu", "municipality_state": "PB", "municipality_distance_km": 0.0, "segment_count": 1, "metrics_index": 456}, "geometry": {"type": "LineString", "coordinates": [[-34.8048, -7.3708], [-34.8096, -7.4076]]}}, {"type": "Feature", "properties": {"source_grid_index": 453, "source_longitude": -34.8, "source_latitude": -7.6, "nearest_grid_distance_km": 10.5902, "compound_count_annual_mean": 1.3, "mean_overlap_duration": 4.05, "mean_compound_intensity_norm": 0.2144, "Hazard_Index": 0.2066, "Hazard_Frequency": 0.1015, "Hazard_Severity": 0.2963, "Hazard_Index_raw": 0.1989, "municipality_name": "Pitimbu", "municipality_state": "PB", "municipality_distance_km": 0.0, "segment_count": 8, "metrics_index": 453}, "geometry": {"type": "LineString", "coordinates": [[-34.8096, -7.4076], [-34.8144, -7.4445], [-34.8146, -7.4838], [-34.8048, -7.5141], [-34.8155, -7.5426], [-34.8192, -7.5483], [-34.8243, -7.5485], [-34.834, -7.5431], [-34.8416, -7.5418]]}}, {"type": "Feature", "properties": {"source_grid_index": 453, "source_longitude": -34.8, "source_latitude": -7.6, "nearest_grid_distance_km": 8.6513, "compound_count_annual_mean": 1.3, "mean_overlap_duration": 4.05, "mean_compound_intensity_norm": 0.2144, "Hazard_Index": 0.2066, "Hazard_Frequency": 0.1015, "Hazard_Severity": 0.2963, "Hazard_Index_raw": 0.1989, "municipality_name": "Goiana", "municipality_state": "PE", "municipality_distance_km": 0.0, "segment_count": 29, "metrics_index": 453}, "geometry": {"type": "LineString", "coordinates": [[-34.8416, -7.5418], [-34.8806, -7.5416], [-34.8934, -7.5429], [-34.8973, -7.5432], [-34.9127, -7.5478], [-34.9289, -7.5558], [-34.8972, -7.5546], [-34.8655, -7.5534], [-34.8354, -7.5627], [-34.8314, -7.5824], [-34.8205, -7.5997], [-34.8089, -7.6137], [-34.8053, -7.6227], [-34.813, -7.6385], [-34.8199, -7.6535], [-34.8303, -7.6809], [-34.8373, -7.6798], [-34.8373, -7.6671], [-34.8396, -7.6559], [-34.8396, -7.6438], [-34.8437, -7.6506], [-34.8454, -7.657], [-34.8458, -7.6718], [-34.8568, -7.6521], [-34.8678, -7.6324], [-34.8738, -7.6178], [-34.876, -7.6373], [-34.8681, -7.6616], [-34.8602, -7.686], [-34.8644, -7.7052]]}}, {"type": "Feature", "properties": {"source_grid_index": 450, "source_longitude": -34.8, "source_latitude": -7.8, "nearest_grid_distance_km": 13.7587, "compound_count_annual_mean": 0.97, "mean_overlap_duration": 4.44, "mean_compound_intensity_norm": 0.2134, "Hazard_Index": 0.128, "Hazard_Frequency": 0.0687, "Hazard_Severity": 0.1856, "Hazard_Index_raw": 0.1271, "municipality_name": "Goiana", "municipality_state": "PE", "municipality_distance_km": 0.0, "segment_count": 7, "metrics_index": 450}, "geometry": {"type": "LineString", "coordinates": [[-34.8644, -7.7052], [-34.8768, -7.703], [-34.8873, -7.7084], [-34.9, -7.718], [-34.9072, -7.7338], [-34.8879, -7.7236], [-34.8775, -7.7145], [-34.8694, -7.7145]]}}, {"type": "Feature", "properties": {"source_grid_index": 450, "source_longitude": -34.8, "source_latitude": -7.8, "nearest_grid_distance_km": 11.3472, "compound_count_annual_mean": 0.97, "mean_overlap_duration": 4.44, "mean_compound_intensity_norm": 0.2134, "Hazard_Index": 0.128, "Hazard_Frequency": 0.0687, "Hazard_Severity": 0.1856, "Hazard_Index_raw": 0.1271, "municipality_name": "Ilha de Itamaracá", "municipality_state": "PE", "municipality_distance_km": 0.4406, "segment_count": 6, "metrics_index": 450}, "geometry": {"type": "LineString", "coordinates": [[-34.8694, -7.7145], [-34.8659, -7.7175], [-34.8693, -7.7276], [-34.8759, -7.7364], [-34.8844, -7.7453], [-34.8921, -7.7626], [-34.8935, -7.8049]]}}, {"type": "Feature", "properties": {"source_grid_index": 450, "source_longitude": -34.8, "source_latitude": -7.8, "nearest_grid_distance_km": 7.6931, "compound_count_annual_mean": 0.97, "mean_overlap_duration": 4.44, "mean_compound_intensity_norm": 0.2134, "Hazard_Index": 0.128, "Hazard_Frequency": 0.0687, "Hazard_Severity": 0.1856, "Hazard_Index_raw": 0.1271, "municipality_name": "Igarassu", "municipality_state": "PE", "municipality_distance_km": 0.0, "segment_count": 4, "metrics_index": 450}, "geometry": {"type": "LineString", "coordinates": [[-34.8935, -7.8049], [-34.8849, -7.8157], [-34.848, -7.8228], [-34.8472, -7.8344], [-34.8441, -7.8482]]}}, {"type": "Feature", "properties": {"source_grid_index": 450, "source_longitude": -34.8, "source_latitude": -7.8, "nearest_grid_distance_km": 9.6428, "compound_count_annual_mean": 0.97, "mean_overlap_duration": 4.44, "mean_compound_intensity_norm": 0.2134, "Hazard_Index": 0.128, "Hazard_Frequency": 0.0687, "Hazard_Severity": 0.1856, "Hazard_Index_raw": 0.1271, "municipality_name": "Paulista", "municipality_state": "PE", "municipality_distance_km": 0.0, "segment_count": 5, "metrics_index": 450}, "geometry": {"type": "LineString", "coordinates": [[-34.8441, -7.8482], [-34.8458, -7.8847], [-34.8328, -7.8574], [-34.8265, -7.8692], [-34.8178, -7.8938], [-34.8116, -7.9059]]}}, {"type": "Feature", "properties": {"source_grid_index": 447, "source_longitude": -34.8, "source_latitude": -8.0, "nearest_grid_distance_km": 9.0854, "compound_count_annual_mean": 0.94, "mean_overlap_duration": 4.16, "mean_compound_intensity_norm": 0.2182, "Hazard_Index": 0.1433, "Hazard_Frequency": 0.0657, "Hazard_Severity": 0.2166, "Hazard_Index_raw": 0.1412, "municipality_name": "Paulista", "municipality_state": "PE", "municipality_distance_km": 0.9001, "segment_count": 5, "metrics_index": 447}, "geometry": {"type": "LineString", "coordinates": [[-34.8116, -7.9059], [-34.817, -7.9133], [-34.8188, -7.919], [-34.817, -7.9247], [-34.8116, -7.9325], [-34.8214, -7.9522]]}}, {"type": "Feature", "properties": {"source_grid_index": 447, "source_longitude": -34.8, "source_latitude": -8.0, "nearest_grid_distance_km": 4.6791, "compound_count_annual_mean": 0.94, "mean_overlap_duration": 4.16, "mean_compound_intensity_norm": 0.2182, "Hazard_Index": 0.1433, "Hazard_Frequency": 0.0657, "Hazard_Severity": 0.2166, "Hazard_Index_raw": 0.1412, "municipality_name": "Olinda", "municipality_state": "PE", "municipality_distance_km": 0.5476, "segment_count": 3, "metrics_index": 447}, "geometry": {"type": "LineString", "coordinates": [[-34.8214, -7.9522], [-34.8296, -7.9821], [-34.8377, -8.0119], [-34.8458, -8.0417]]}}, {"type": "Feature", "properties": {"source_grid_index": 447, "source_longitude": -34.8, "source_latitude": -8.0, "nearest_grid_distance_km": 12.5364, "compound_count_annual_mean": 0.94, "mean_overlap_duration": 4.16, "mean_compound_intensity_norm": 0.2182, "Hazard_Index": 0.1433, "Hazard_Frequency": 0.0657, "Hazard_Severity": 0.2166, "Hazard_Index_raw": 0.1412, "municipality_name": "Recife", "municipality_state": "PE", "municipality_distance_km": 1.5042, "segment_count": 14, "metrics_index": 447}, "geometry": {"type": "LineString", "coordinates": [[-34.8458, -8.0417], [-34.8458, -8.0592], [-34.8512, -8.0686], [-34.8637, -8.0704], [-34.8806, -8.0628], [-34.9009, -8.0427], [-34.9127, -8.0354], [-34.9289, -8.0349], [-34.9134, -8.0455], [-34.9068, -8.0527], [-34.901, -8.0628], [-34.8977, -8.075], [-34.8976, -8.0849], [-34.8957, -8.0938], [-34.8874, -8.1038]]}}, {"type": "Feature", "properties": {"source_grid_index": 445, "source_longitude": -34.8, "source_latitude": -8.2, "nearest_grid_distance_km": 14.9685, "compound_count_annual_mean": 0.88, "mean_overlap_duration": 4.07, "mean_compound_intensity_norm": 0.2189, "Hazard_Index": 0.151, "Hazard_Frequency": 0.0597, "Hazard_Severity": 0.2365, "Hazard_Index_raw": 0.1481, "municipality_name": "Recife", "municipality_state": "PE", "municipality_distance_km": 0.0, "segment_count": 1, "metrics_index": 445}, "geometry": {"type": "LineString", "coordinates": [[-34.8874, -8.1038], [-34.8835, -8.0969]]}}, {"type": "Feature", "properties": {"source_grid_index": 447, "source_longitude": -34.8, "source_latitude": -8.0, "nearest_grid_distance_km": 14.2983, "compound_count_annual_mean": 0.94, "mean_overlap_duration": 4.16, "mean_compound_intensity_norm": 0.2182, "Hazard_Index": 0.1433, "Hazard_Frequency": 0.0657, "Hazard_Severity": 0.2166, "Hazard_Index_raw": 0.1412, "municipality_name": "Recife", "municipality_state": "PE", "municipality_distance_km": 0.0, "segment_count": 2, "metrics_index": 447}, "geometry": {"type": "LineString", "coordinates": [[-34.8835, -8.0969], [-34.8806, -8.0895], [-34.8813, -8.1054]]}}, {"type": "Feature", "properties": {"source_grid_index": 445, "source_longitude": -34.8, "source_latitude": -8.2, "nearest_grid_distance_km": 13.1764, "compound_count_annual_mean": 0.88, "mean_overlap_duration": 4.07, "mean_compound_intensity_norm": 0.2189, "Hazard_Index": 0.151, "Hazard_Frequency": 0.0597, "Hazard_Severity": 0.2365, "Hazard_Index_raw": 0.1481, "municipality_name": "Recife", "municipality_state": "PE", "municipality_distance_km": 0.7235, "segment_count": 1, "metrics_index": 445}, "geometry": {"type": "LineString", "coordinates": [[-34.8813, -8.1054], [-34.8942, -8.1414]]}}, {"type": "Feature", "properties": {"source_grid_index": 445, "source_longitude": -34.8, "source_latitude": -8.2, "nearest_grid_distance_km": 11.8275, "compound_count_annual_mean": 0.88, "mean_overlap_duration": 4.07, "mean_compound_intensity_norm": 0.2189, "Hazard_Index": 0.151, "Hazard_Frequency": 0.0597, "Hazard_Severity": 0.2365, "Hazard_Index_raw": 0.1481, "municipality_name": "Jaboatão dos Guararapes", "municipality_state": "PE", "municipality_distance_km": 1.389, "segment_count": 3, "metrics_index": 445}, "geometry": {"type": "LineString", "coordinates": [[-34.8942, -8.1414], [-34.9004, -8.1796], [-34.9042, -8.1894], [-34.9208, -8.2145]]}}, {"type": "Feature", "properties": {"source_grid_index": 445, "source_longitude": -34.8, "source_latitude": -8.2, "nearest_grid_distance_km": 16.4846, "compound_count_annual_mean": 0.88, "mean_overlap_duration": 4.07, "mean_compound_intensity_norm": 0.2189, "Hazard_Index": 0.151, "Hazard_Frequency": 0.0597, "Hazard_Severity": 0.2365, "Hazard_Index_raw": 0.1481, "municipality_name": "Cabo de Santo Agostinho", "municipality_state": "PE", "municipality_distance_km": 0.0, "segment_count": 3, "metrics_index": 445}, "geometry": {"type": "LineString", "coordinates": [[-34.9208, -8.2145], [-34.9321, -8.2421], [-34.9389, -8.2721], [-34.9426, -8.3102]]}}, {"type": "Feature", "properties": {"source_grid_index": 443, "source_longitude": -34.8, "source_latitude": -8.4, "nearest_grid_distance_km": 17.0713, "compound_count_annual_mean": 0.82, "mean_overlap_duration": 4.15, "mean_compound_intensity_norm": 0.2027, "Hazard_Index": 0.1224, "Hazard_Frequency": 0.0537, "Hazard_Severity": 0.1904, "Hazard_Index_raw": 0.1221, "municipality_name": "Cabo de Santo Agostinho", "municipality_state": "PE", "municipality_distance_km": 0.8124, "segment_count": 6, "metrics_index": 443}, "geometry": {"type": "LineString", "coordinates": [[-34.9426, -8.3102], [-34.9423, -8.3373], [-34.9386, -8.3471], [-34.9399, -8.3508], [-34.9459, -8.3567], [-34.9525, -8.3647], [-34.9557, -8.3744]]}}, {"type": "Feature", "properties": {"source_grid_index": 443, "source_longitude": -34.8, "source_latitude": -8.4, "nearest_grid_distance_km": 19.68, "compound_count_annual_mean": 0.82, "mean_overlap_duration": 4.15, "mean_compound_intensity_norm": 0.2027, "Hazard_Index": 0.1224, "Hazard_Frequency": 0.0537, "Hazard_Severity": 0.1904, "Hazard_Index_raw": 0.1221, "municipality_name": "Ipojuca", "municipality_state": "PE", "municipality_distance_km": 0.0742, "segment_count": 4, "metrics_index": 443}, "geometry": {"type": "LineString", "coordinates": [[-34.9557, -8.3744], [-34.9573, -8.3825], [-34.9711, -8.4212], [-34.9849, -8.4598], [-34.9987, -8.4985]]}}, {"type": "Feature", "properties": {"source_grid_index": 441, "source_longitude": -34.8, "source_latitude": -8.6, "nearest_grid_distance_km": 24.6317, "compound_count_annual_mean": 0.7, "mean_overlap_duration": 4.04, "mean_compound_intensity_norm": 0.2218, "Hazard_Index": 0.1381, "Hazard_Frequency": 0.0418, "Hazard_Severity": 0.231, "Hazard_Index_raw": 0.1364, "municipality_name": "Ipojuca", "municipality_state": "PE", "municipality_distance_km": 0.0, "segment_count": 2, "metrics_index": 441}, "geometry": {"type": "LineString", "coordinates": [[-34.9987, -8.4985], [-35.0125, -8.5372], [-35.0262, -8.5759]]}}, {"type": "Feature", "properties": {"source_grid_index": 439, "source_longitude": -35.0, "source_latitude": -8.8, "nearest_grid_distance_km": 24.7266, "compound_count_annual_mean": 0.67, "mean_overlap_duration": 4.41, "mean_compound_intensity_norm": 0.2, "Hazard_Index": 0.1319, "Hazard_Frequency": 0.0388, "Hazard_Severity": 0.2226, "Hazard_Index_raw": 0.1307, "municipality_name": "Ipojuca", "municipality_state": "PE", "municipality_distance_km": 0.7836, "segment_count": 1, "metrics_index": 439}, "geometry": {"type": "LineString", "coordinates": [[-35.0262, -8.5759], [-35.0407, -8.6047]]}}, {"type": "Feature", "properties": {"source_grid_index": 439, "source_longitude": -35.0, "source_latitude": -8.8, "nearest_grid_distance_km": 18.0293, "compound_count_annual_mean": 0.67, "mean_overlap_duration": 4.41, "mean_compound_intensity_norm": 0.2, "Hazard_Index": 0.1319, "Hazard_Frequency": 0.0388, "Hazard_Severity": 0.2226, "Hazard_Index_raw": 0.1307, "municipality_name": "Sirinhaém", "municipality_state": "PE", "municipality_distance_km": 0.557, "segment_count": 5, "metrics_index": 439}, "geometry": {"type": "LineString", "coordinates": [[-35.0407, -8.6047], [-35.0552, -8.6335], [-35.0697, -8.6624], [-35.069, -8.6723], [-35.0802, -8.6811], [-35.0842, -8.7013]]}}, {"type": "Feature", "properties": {"source_grid_index": 439, "source_longitude": -35.0, "source_latitude": -8.8, "nearest_grid_distance_km": 12.4429, "compound_count_annual_mean": 0.67, "mean_overlap_duration": 4.41, "mean_compound_intensity_norm": 0.2, "Hazard_Index": 0.1319, "Hazard_Frequency": 0.0388, "Hazard_Severity": 0.2226, "Hazard_Index_raw": 0.1307, "municipality_name": "Tamandaré", "municipality_state": "PE", "municipality_distance_km": 0.1685, "segment_count": 4, "metrics_index": 439}, "geometry": {"type": "LineString", "coordinates": [[-35.0842, -8.7013], [-35.086, -8.7407], [-35.0965, -8.7615], [-35.1119, -8.7839], [-35.1273, -8.8062]]}}, {"type": "Feature", "properties": {"source_grid_index": 439, "source_longitude": -35.0, "source_latitude": -8.8, "nearest_grid_distance_km": 14.9854, "compound_count_annual_mean": 0.67, "mean_overlap_duration": 4.41, "mean_compound_intensity_norm": 0.2, "Hazard_Index": 0.1319, "Hazard_Frequency": 0.0388, "Hazard_Severity": 0.2226, "Hazard_Index_raw": 0.1307, "municipality_name": "Barreiros", "municipality_state": "PE", "municipality_distance_km": 0.0, "segment_count": 2, "metrics_index": 439}, "geometry": {"type": "LineString", "coordinates": [[-35.1273, -8.8062], [-35.1338, -8.8269], [-35.1359, -8.8491]]}}, {"type": "Feature", "properties": {"source_grid_index": 439, "source_longitude": -35.0, "source_latitude": -8.8, "nearest_grid_distance_km": 17.8, "compound_count_annual_mean": 0.67, "mean_overlap_duration": 4.41, "mean_compound_intensity_norm": 0.2, "Hazard_Index": 0.1319, "Hazard_Frequency": 0.0388, "Hazard_Severity": 0.2226, "Hazard_Index_raw": 0.1307, "municipality_name": "São José da Coroa Grande", "municipality_state": "PE", "municipality_distance_km": 0.0, "segment_count": 2, "metrics_index": 439}, "geometry": {"type": "LineString", "coordinates": [[-35.1359, -8.8491], [-35.1381, -8.8714], [-35.1475, -8.9119]]}}, {"type": "Feature", "properties": {"source_grid_index": 437, "source_longitude": -35.0, "source_latitude": -9.0, "nearest_grid_distance_km": 20.1494, "compound_count_annual_mean": 0.67, "mean_overlap_duration": 4.45, "mean_compound_intensity_norm": 0.1951, "Hazard_Index": 0.1261, "Hazard_Frequency": 0.0388, "Hazard_Severity": 0.212, "Hazard_Index_raw": 0.1254, "municipality_name": "Maragogi", "municipality_state": "AL", "municipality_distance_km": 0.4309, "segment_count": 4, "metrics_index": 437}, "geometry": {"type": "LineString", "coordinates": [[-35.1475, -8.9119], [-35.1613, -8.9381], [-35.1751, -8.9644], [-35.1889, -8.9907], [-35.2106, -9.0192]]}}, {"type": "Feature", "properties": {"source_grid_index": 434, "source_longitude": -35.2, "source_latitude": -9.2, "nearest_grid_distance_km": 17.9548, "compound_count_annual_mean": 0.97, "mean_overlap_duration": 4.66, "mean_compound_intensity_norm": 0.2176, "Hazard_Index": 0.184, "Hazard_Frequency": 0.0687, "Hazard_Severity": 0.2878, "Hazard_Index_raw": 0.1782, "municipality_name": "Maragogi", "municipality_state": "AL", "municipality_distance_km": 0.7005, "segment_count": 2, "metrics_index": 434}, "geometry": {"type": "LineString", "coordinates": [[-35.2106, -9.0192], [-35.2322, -9.0478], [-35.2464, -9.0809]]}}, {"type": "Feature", "properties": {"source_grid_index": 434, "source_longitude": -35.2, "source_latitude": -9.2, "nearest_grid_distance_km": 12.0163, "compound_count_annual_mean": 0.97, "mean_overlap_duration": 4.66, "mean_compound_intensity_norm": 0.2176, "Hazard_Index": 0.184, "Hazard_Frequency": 0.0687, "Hazard_Severity": 0.2878, "Hazard_Index_raw": 0.1782, "municipality_name": "Japaratinga", "municipality_state": "AL", "municipality_distance_km": 0.5408, "segment_count": 3, "metrics_index": 434}, "geometry": {"type": "LineString", "coordinates": [[-35.2464, -9.0809], [-35.2605, -9.114], [-35.275, -9.1338], [-35.2894, -9.1536]]}}, {"type": "Feature", "properties": {"source_grid_index": 434, "source_longitude": -35.2, "source_latitude": -9.2, "nearest_grid_distance_km": 11.9519, "compound_count_annual_mean": 0.97, "mean_overlap_duration": 4.66, "mean_compound_intensity_norm": 0.2176, "Hazard_Index": 0.184, "Hazard_Frequency": 0.0687, "Hazard_Severity": 0.2878, "Hazard_Index_raw": 0.1782, "municipality_name": "Porto de Pedras", "municipality_state": "AL", "municipality_distance_km": 0.0, "segment_count": 2, "metrics_index": 434}, "geometry": {"type": "LineString", "coordinates": [[-35.2894, -9.1536], [-35.3051, -9.193], [-35.3269, -9.2212]]}}, {"type": "Feature", "properties": {"source_grid_index": 434, "source_longitude": -35.2, "source_latitude": -9.2, "nearest_grid_distance_km": 15.6809, "compound_count_annual_mean": 0.97, "mean_overlap_duration": 4.66, "mean_compound_intensity_norm": 0.2176, "Hazard_Index": 0.184, "Hazard_Frequency": 0.0687, "Hazard_Severity": 0.2878, "Hazard_Index_raw": 0.1782, "municipality_name": "São Miguel dos Milagres", "municipality_state": "AL", "municipality_distance_km": 0.2615, "segment_count": 1, "metrics_index": 434}, "geometry": {"type": "LineString", "coordinates": [[-35.3269, -9.2212], [-35.3486, -9.2494]]}}, {"type": "Feature", "properties": {"source_grid_index": 431, "source_longitude": -35.4, "source_latitude": -9.4, "nearest_grid_distance_km": 16.4881, "compound_count_annual_mean": 1.24, "mean_overlap_duration": 4.22, "mean_compound_intensity_norm": 0.1896, "Hazard_Index": 0.1724, "Hazard_Frequency": 0.0955, "Hazard_Severity": 0.2399, "Hazard_Index_raw": 0.1677, "municipality_name": "São Miguel dos Milagres", "municipality_state": "AL", "municipality_distance_km": 0.1702, "segment_count": 1, "metrics_index": 431}, "geometry": {"type": "LineString", "coordinates": [[-35.3486, -9.2494], [-35.3704, -9.2776]]}}, {"type": "Feature", "properties": {"source_grid_index": 431, "source_longitude": -35.4, "source_latitude": -9.4, "nearest_grid_distance_km": 10.0187, "compound_count_annual_mean": 1.24, "mean_overlap_duration": 4.22, "mean_compound_intensity_norm": 0.1896, "Hazard_Index": 0.1724, "Hazard_Frequency": 0.0955, "Hazard_Severity": 0.2399, "Hazard_Index_raw": 0.1677, "municipality_name": "Passo de Camaragibe", "municipality_state": "AL", "municipality_distance_km": 0.7723, "segment_count": 6, "metrics_index": 431}, "geometry": {"type": "LineString", "coordinates": [[-35.3704, -9.2776], [-35.3922, -9.3058], [-35.4149, -9.3234], [-35.4149, -9.3166], [-35.4378, -9.3284], [-35.4623, -9.3466], [-35.482, -9.3679]]}}, {"type": "Feature", "properties": {"source_grid_index": 431, "source_longitude": -35.4, "source_latitude": -9.4, "nearest_grid_distance_km": 10.4715, "compound_count_annual_mean": 1.24, "mean_overlap_duration": 4.22, "mean_compound_intensity_norm": 0.1896, "Hazard_Index": 0.1724, "Hazard_Frequency": 0.0955, "Hazard_Severity": 0.2399, "Hazard_Index_raw": 0.1677, "municipality_name": "Barra de Santo Antônio", "municipality_state": "AL", "municipality_distance_km": 0.2651, "segment_count": 3, "metrics_index": 431}, "geometry": {"type": "LineString", "coordinates": [[-35.482, -9.3679], [-35.4901, -9.3889], [-35.4932, -9.4041], [-35.5133, -9.4337]]}}, {"type": "Feature", "properties": {"source_grid_index": 431, "source_longitude": -35.4, "source_latitude": -9.4, "nearest_grid_distance_km": 14.6758, "compound_count_annual_mean": 1.24, "mean_overlap_duration": 4.22, "mean_compound_intensity_norm": 0.1896, "Hazard_Index": 0.1724, "Hazard_Frequency": 0.0955, "Hazard_Severity": 0.2399, "Hazard_Index_raw": 0.1677, "municipality_name": "Paripueira", "municipality_state": "AL", "municipality_distance_km": 0.5197, "segment_count": 1, "metrics_index": 431}, "geometry": {"type": "LineString", "coordinates": [[-35.5133, -9.4337], [-35.5334, -9.4634]]}}, {"type": "Feature", "properties": {"source_grid_index": 428, "source_longitude": -35.6, "source_latitude": -9.6, "nearest_grid_distance_km": 15.4473, "compound_count_annual_mean": 1.42, "mean_overlap_duration": 4.19, "mean_compound_intensity_norm": 0.2026, "Hazard_Index": 0.1988, "Hazard_Frequency": 0.1134, "Hazard_Severity": 0.2701, "Hazard_Index_raw": 0.1918, "municipality_name": "Paripueira", "municipality_state": "AL", "municipality_distance_km": 1.0975, "segment_count": 1, "metrics_index": 428}, "geometry": {"type": "LineString", "coordinates": [[-35.5334, -9.4634], [-35.5535, -9.493]]}}, {"type": "Feature", "properties": {"source_grid_index": 428, "source_longitude": -35.6, "source_latitude": -9.6, "nearest_grid_distance_km": 9.6572, "compound_count_annual_mean": 1.42, "mean_overlap_duration": 4.19, "mean_compound_intensity_norm": 0.2026, "Hazard_Index": 0.1988, "Hazard_Frequency": 0.1134, "Hazard_Severity": 0.2701, "Hazard_Index_raw": 0.1918, "municipality_name": "Maceió", "municipality_state": "AL", "municipality_distance_km": 1.5217, "segment_count": 10, "metrics_index": 428}, "geometry": {"type": "LineString", "coordinates": [[-35.5535, -9.493], [-35.5736, -9.5227], [-35.5826, -9.5329], [-35.6065, -9.5483], [-35.6304, -9.5637], [-35.6575, -9.5771], [-35.6751, -9.6087], [-35.6856, -9.6408], [-35.6962, -9.6729], [-35.7093, -9.6746], [-35.7191, -9.6778]]}}, {"type": "Feature", "properties": {"source_grid_index": 425, "source_longitude": -35.8, "source_latitude": -9.8, "nearest_grid_distance_km": 14.5561, "compound_count_annual_mean": 1.06, "mean_overlap_duration": 3.97, "mean_compound_intensity_norm": 0.2071, "Hazard_Index": 0.1545, "Hazard_Frequency": 0.0776, "Hazard_Severity": 0.2251, "Hazard_Index_raw": 0.1513, "municipality_name": "Maceió", "municipality_state": "AL", "municipality_distance_km": 0.4264, "segment_count": 6, "metrics_index": 425}, "geometry": {"type": "LineString", "coordinates": [[-35.7191, -9.6778], [-35.7433, -9.6798], [-35.7523, -9.6827], [-35.7609, -9.6871], [-35.7781, -9.7001], [-35.7631, -9.6757], [-35.7491, -9.6598]]}}, {"type": "Feature", "properties": {"source_grid_index": 428, "source_longitude": -35.6, "source_latitude": -9.6, "nearest_grid_distance_km": 19.4681, "compound_count_annual_mean": 1.42, "mean_overlap_duration": 4.19, "mean_compound_intensity_norm": 0.2026, "Hazard_Index": 0.1988, "Hazard_Frequency": 0.1134, "Hazard_Severity": 0.2701, "Hazard_Index_raw": 0.1918, "municipality_name": "Maceió", "municipality_state": "AL", "municipality_distance_km": 0.0, "segment_count": 6, "metrics_index": 428}, "geometry": {"type": "LineString", "coordinates": [[-35.7491, -9.6598], [-35.7462, -9.6418], [-35.765, -9.6108], [-35.7734, -9.6004], [-35.786, -9.5886], [-35.7999, -9.5847], [-35.8122, -9.5978]]}}, {"type": "Feature", "properties": {"source_grid_index": 425, "source_longitude": -35.8, "source_latitude": -9.8, "nearest_grid_distance_km": 18.9697, "compound_count_annual_mean": 1.06, "mean_overlap_duration": 3.97, "mean_compound_intensity_norm": 0.2071, "Hazard_Index": 0.1545, "Hazard_Frequency": 0.0776, "Hazard_Severity": 0.2251, "Hazard_Index_raw": 0.1513, "municipality_name": "Maceió", "municipality_state": "AL", "municipality_distance_km": 1.3614, "segment_count": 5, "metrics_index": 425}, "geometry": {"type": "LineString", "coordinates": [[-35.8122, -9.5978], [-35.8099, -9.6046], [-35.7952, -9.6292], [-35.7917, -9.6422], [-35.7917, -9.6691], [-35.7949, -9.6791]]}}, {"type": "Feature", "properties": {"source_grid_index": 425, "source_longitude": -35.8, "source_latitude": -9.8, "nearest_grid_distance_km": 14.4681, "compound_count_annual_mean": 1.06, "mean_overlap_duration": 3.97, "mean_compound_intensity_norm": 0.2071, "Hazard_Index": 0.1545, "Hazard_Frequency": 0.0776, "Hazard_Severity": 0.2251, "Hazard_Index_raw": 0.1513, "municipality_name": "Marechal Deodoro", "municipality_state": "AL", "municipality_distance_km": 0.0, "segment_count": 31, "metrics_index": 425}, "geometry": {"type": "LineString", "coordinates": [[-35.7949, -9.6791], [-35.802, -9.6843], [-35.809, -9.6869], [-35.8311, -9.7091], [-35.8532, -9.7312], [-35.8581, -9.7346], [-35.8684, -9.718], [-35.8771, -9.697], [-35.8773, -9.6866], [-35.8929, -9.6627], [-35.9084, -9.6388], [-35.9054, -9.6248], [-35.9196, -9.6081], [-35.9419, -9.5998], [-35.963, -9.6108], [-35.9516, -9.6276], [-35.9232, -9.6458], [-35.9084, -9.6593], [-35.9022, -9.6712], [-35.8906, -9.7102], [-35.879, -9.7492], [-35.8736, -9.7555], [-35.8609, -9.76], [-35.8574, -9.7553], [-35.8569, -9.747], [-35.8532, -9.7411], [-35.8196, -9.7355], [-35.8056, -9.7311], [-35.7986, -9.7206], [-35.8106, -9.7448], [-35.8363, -9.7694], [-35.862, -9.794]]}}, {"type": "Feature", "properties": {"source_grid_index": 425, "source_longitude": -35.8, "source_latitude": -9.8, "nearest_grid_distance_km": 8.5758, "compound_count_annual_mean": 1.06, "mean_overlap_duration": 3.97, "mean_compound_intensity_norm": 0.2071, "Hazard_Index": 0.1545, "Hazard_Frequency": 0.0776, "Hazard_Severity": 0.2251, "Hazard_Index_raw": 0.1513, "municipality_name": "Barra de São Miguel", "municipality_state": "AL", "municipality_distance_km": 0.2072, "segment_count": 2, "metrics_index": 425}, "geometry": {"type": "LineString", "coordinates": [[-35.862, -9.794], [-35.8724, -9.8248], [-35.8827, -9.8556]]}}, {"type": "Feature", "properties": {"source_grid_index": 425, "source_longitude": -35.8, "source_latitude": -9.8, "nearest_grid_distance_km": 14.505, "compound_count_annual_mean": 1.06, "mean_overlap_duration": 3.97, "mean_compound_intensity_norm": 0.2071, "Hazard_Index": 0.1545, "Hazard_Frequency": 0.0776, "Hazard_Severity": 0.2251, "Hazard_Index_raw": 0.1513, "municipality_name": "Roteiro", "municipality_state": "AL", "municipality_distance_km": 1.2767, "segment_count": 2, "metrics_index": 425}, "geometry": {"type": "LineString", "coordinates": [[-35.8827, -9.8556], [-35.9039, -9.8782], [-35.9266, -9.8957]]}}, {"type": "Feature", "properties": {"source_grid_index": 422, "source_longitude": -35.8, "source_latitude": -10.0, "nearest_grid_distance_km": 18.9165, "compound_count_annual_mean": 1.0, "mean_overlap_duration": 3.61, "mean_compound_intensity_norm": 0.1857, "Hazard_Index": 0.1292, "Hazard_Frequency": 0.0716, "Hazard_Severity": 0.1849, "Hazard_Index_raw": 0.1283, "municipality_name": "Roteiro", "municipality_state": "AL", "municipality_distance_km": 0.0678, "segment_count": 2, "metrics_index": 422}, "geometry": {"type": "LineString", "coordinates": [[-35.9266, -9.8957], [-35.9494, -9.9132], [-35.9613, -9.9395]]}}, {"type": "Feature", "properties": {"source_grid_index": 422, "source_longitude": -35.8, "source_latitude": -10.0, "nearest_grid_distance_km": 20.273, "compound_count_annual_mean": 1.0, "mean_overlap_duration": 3.61, "mean_compound_intensity_norm": 0.1857, "Hazard_Index": 0.1292, "Hazard_Frequency": 0.0716, "Hazard_Severity": 0.1849, "Hazard_Index_raw": 0.1283, "municipality_name": "Jequiá da Praia", "municipality_state": "AL", "municipality_distance_km": 0.1171, "segment_count": 4, "metrics_index": 422}, "geometry": {"type": "LineString", "coordinates": [[-35.9613, -9.9395], [-35.9733, -9.9658], [-35.9804, -9.9745], [-35.992, -9.9807], [-36.0022, -9.9955]]}}, {"type": "Feature", "properties": {"source_grid_index": 419, "source_longitude": -36.0, "source_latitude": -10.2, "nearest_grid_distance_km": 19.8734, "compound_count_annual_mean": 0.91, "mean_overlap_duration": 3.73, "mean_compound_intensity_norm": 0.212, "Hazard_Index": 0.1692, "Hazard_Frequency": 0.0627, "Hazard_Severity": 0.2667, "Hazard_Index_raw": 0.1647, "municipality_name": "Jequiá da Praia", "municipality_state": "AL", "municipality_distance_km": 0.0, "segment_count": 2, "metrics_index": 419}, "geometry": {"type": "LineString", "coordinates": [[-36.0022, -9.9955], [-36.0192, -10.0298], [-36.0363, -10.0641]]}}, {"type": "Feature", "properties": {"source_grid_index": 419, "source_longitude": -36.0, "source_latitude": -10.2, "nearest_grid_distance_km": 16.5353, "compound_count_annual_mean": 0.91, "mean_overlap_duration": 3.73, "mean_compound_intensity_norm": 0.212, "Hazard_Index": 0.1692, "Hazard_Frequency": 0.0627, "Hazard_Severity": 0.2667, "Hazard_Index_raw": 0.1647, "municipality_name": "Coruripe", "municipality_state": "AL", "municipality_distance_km": 0.2252, "segment_count": 6, "metrics_index": 419}, "geometry": {"type": "LineString", "coordinates": [[-36.0363, -10.0641], [-36.0501, -10.0785], [-36.0903, -10.0934], [-36.1158, -10.1264], [-36.1412, -10.1594], [-36.1686, -10.1816], [-36.1961, -10.2038]]}}, {"type": "Feature", "properties": {"source_grid_index": 416, "source_longitude": -36.2, "source_latitude": -10.4, "nearest_grid_distance_km": 20.3816, "compound_count_annual_mean": 0.91, "mean_overlap_duration": 3.8, "mean_compound_intensity_norm": 0.2014, "Hazard_Index": 0.1599, "Hazard_Frequency": 0.0627, "Hazard_Severity": 0.2499, "Hazard_Index_raw": 0.1563, "municipality_name": "Coruripe", "municipality_state": "AL", "municipality_distance_km": 0.0, "segment_count": 2, "metrics_index": 416}, "geometry": {"type": "LineString", "coordinates": [[-36.1961, -10.2038], [-36.2236, -10.226], [-36.251, -10.2482]]}}, {"type": "Feature", "properties": {"source_grid_index": 416, "source_longitude": -36.2, "source_latitude": -10.4, "nearest_grid_distance_km": 14.6498, "compound_count_annual_mean": 0.91, "mean_overlap_duration": 3.8, "mean_compound_intensity_norm": 0.2014, "Hazard_Index": 0.1599, "Hazard_Frequency": 0.0627, "Hazard_Severity": 0.2499, "Hazard_Index_raw": 0.1563, "municipality_name": "Feliz Deserto", "municipality_state": "AL", "municipality_distance_km": 0.0, "segment_count": 5, "metrics_index": 416}, "geometry": {"type": "LineString", "coordinates": [[-36.251, -10.2482], [-36.2805, -10.28], [-36.289, -10.2971], [-36.292, -10.3202], [-36.2909, -10.3323], [-36.2892, -10.339]]}}, {"type": "Feature", "properties": {"source_grid_index": 416, "source_longitude": -36.2, "source_latitude": -10.4, "nearest_grid_distance_km": 13.2099, "compound_count_annual_mean": 0.91, "mean_overlap_duration": 3.8, "mean_compound_intensity_norm": 0.2014, "Hazard_Index": 0.1599, "Hazard_Frequency": 0.0627, "Hazard_Severity": 0.2499, "Hazard_Index_raw": 0.1563, "municipality_name": "Piaçabuçu", "municipality_state": "AL", "municipality_distance_km": 1.2854, "segment_count": 5, "metrics_index": 416}, "geometry": {"type": "LineString", "coordinates": [[-36.2892, -10.339], [-36.2888, -10.344], [-36.292, -10.352], [-36.3152, -10.382], [-36.3384, -10.412], [-36.3616, -10.4421]]}}, {"type": "Feature", "properties": {"source_grid_index": 413, "source_longitude": -36.4, "source_latitude": -10.6, "nearest_grid_distance_km": 14.9283, "compound_count_annual_mean": 0.88, "mean_overlap_duration": 4.34, "mean_compound_intensity_norm": 0.2297, "Hazard_Index": 0.2269, "Hazard_Frequency": 0.0597, "Hazard_Severity": 0.3749, "Hazard_Index_raw": 0.2173, "municipality_name": "Piaçabuçu", "municipality_state": "AL", "municipality_distance_km": 0.0, "segment_count": 2, "metrics_index": 413}, "geometry": {"type": "LineString", "coordinates": [[-36.3616, -10.4421], [-36.3849, -10.4721], [-36.4081, -10.5021]]}}, {"type": "Feature", "properties": {"source_grid_index": 413, "source_longitude": -36.4, "source_latitude": -10.6, "nearest_grid_distance_km": 11.276, "compound_count_annual_mean": 0.88, "mean_overlap_duration": 4.34, "mean_compound_intensity_norm": 0.2297, "Hazard_Index": 0.2269, "Hazard_Frequency": 0.0597, "Hazard_Severity": 0.3749, "Hazard_Index_raw": 0.2173, "municipality_name": "Brejo Grande", "municipality_state": "SE", "municipality_distance_km": 0.0, "segment_count": 3, "metrics_index": 413}, "geometry": {"type": "LineString", "coordinates": [[-36.4081, -10.5021], [-36.4208, -10.5087], [-36.4579, -10.5204], [-36.4861, -10.5234]]}}, {"type": "Feature", "properties": {"source_grid_index": 413, "source_longitude": -36.4, "source_latitude": -10.6, "nearest_grid_distance_km": 13.5492, "compound_count_annual_mean": 0.88, "mean_overlap_duration": 4.34, "mean_compound_intensity_norm": 0.2297, "Hazard_Index": 0.2269, "Hazard_Frequency": 0.0597, "Hazard_Severity": 0.3749, "Hazard_Index_raw": 0.2173, "municipality_name": "Pacatuba", "municipality_state": "SE", "municipality_distance_km": 0.0, "segment_count": 1, "metrics_index": 413}, "geometry": {"type": "LineString", "coordinates": [[-36.4861, -10.5234], [-36.505, -10.5278]]}}, {"type": "Feature", "properties": {"source_grid_index": 412, "source_longitude": -36.6, "source_latitude": -10.6, "nearest_grid_distance_km": 6.4322, "compound_count_annual_mean": 1.03, "mean_overlap_duration": 4.32, "mean_compound_intensity_norm": 0.2178, "Hazard_Index": 0.2197, "Hazard_Frequency": 0.0746, "Hazard_Severity": 0.347, "Hazard_Index_raw": 0.2108, "municipality_name": "Pacatuba", "municipality_state": "SE", "municipality_distance_km": 0.0, "segment_count": 9, "metrics_index": 412}, "geometry": {"type": "LineString", "coordinates": [[-36.505, -10.5278], [-36.5201, -10.5338], [-36.5384, -10.5436], [-36.5766, -10.5505], [-36.5819, -10.5538], [-36.5918, -10.5678], [-36.5968, -10.571], [-36.6109, -10.5751], [-36.6424, -10.5946], [-36.6739, -10.6141]]}}, {"type": "Feature", "properties": {"source_grid_index": 412, "source_longitude": -36.6, "source_latitude": -10.6, "nearest_grid_distance_km": 12.177, "compound_count_annual_mean": 1.03, "mean_overlap_duration": 4.32, "mean_compound_intensity_norm": 0.2178, "Hazard_Index": 0.2197, "Hazard_Frequency": 0.0746, "Hazard_Severity": 0.347, "Hazard_Index_raw": 0.2108, "municipality_name": "Pirambu", "municipality_state": "SE", "municipality_distance_km": 0.0, "segment_count": 2, "metrics_index": 412}, "geometry": {"type": "LineString", "coordinates": [[-36.6739, -10.6141], [-36.7054, -10.6336], [-36.7369, -10.6531]]}}, {"type": "Feature", "properties": {"source_grid_index": 408, "source_longitude": -36.8, "source_latitude": -10.8, "nearest_grid_distance_km": 12.504, "compound_count_annual_mean": 0.91, "mean_overlap_duration": 4.3, "mean_compound_intensity_norm": 0.1906, "Hazard_Index": 0.1761, "Hazard_Frequency": 0.0627, "Hazard_Severity": 0.2793, "Hazard_Index_raw": 0.171, "municipality_name": "Pirambu", "municipality_state": "SE", "municipality_distance_km": 0.0, "segment_count": 4, "metrics_index": 408}, "geometry": {"type": "LineString", "coordinates": [[-36.7369, -10.6531], [-36.7684, -10.6726], [-36.802, -10.6977], [-36.8357, -10.7227], [-36.8694, -10.7478]]}}, {"type": "Feature", "properties": {"source_grid_index": 408, "source_longitude": -36.8, "source_latitude": -10.8, "nearest_grid_distance_km": 12.9014, "compound_count_annual_mean": 0.91, "mean_overlap_duration": 4.3, "mean_compound_intensity_norm": 0.1906, "Hazard_Index": 0.1761, "Hazard_Frequency": 0.0627, "Hazard_Severity": 0.2793, "Hazard_Index_raw": 0.171, "municipality_name": "Barra dos Coqueiros", "municipality_state": "SE", "municipality_distance_km": 0.0, "segment_count": 3, "metrics_index": 408}, "geometry": {"type": "LineString", "coordinates": [[-36.8694, -10.7478], [-36.9031, -10.7729], [-36.9279, -10.8046], [-36.9527, -10.8364]]}}, {"type": "Feature", "properties": {"source_grid_index": 405, "source_longitude": -37.0, "source_latitude": -11.0, "nearest_grid_distance_km": 12.1661, "compound_count_annual_mean": 0.91, "mean_overlap_duration": 3.87, "mean_compound_intensity_norm": 0.1716, "Hazard_Index": 0.1374, "Hazard_Frequency": 0.0627, "Hazard_Severity": 0.2089, "Hazard_Index_raw": 0.1358, "municipality_name": "Barra dos Coqueiros", "municipality_state": "SE", "municipality_distance_km": 0.0, "segment_count": 5, "metrics_index": 405}, "geometry": {"type": "LineString", "coordinates": [[-36.9527, -10.8364], [-36.9634, -10.8654], [-36.9789, -10.8865], [-37.0041, -10.9111], [-37.0294, -10.9356], [-37.0397, -10.9492]]}}, {"type": "Feature", "properties": {"source_grid_index": 405, "source_longitude": -37.0, "source_latitude": -11.0, "nearest_grid_distance_km": 7.9642, "compound_count_annual_mean": 0.91, "mean_overlap_duration": 3.87, "mean_compound_intensity_norm": 0.1716, "Hazard_Index": 0.1374, "Hazard_Frequency": 0.0627, "Hazard_Severity": 0.2089, "Hazard_Index_raw": 0.1358, "municipality_name": "Aracaju", "municipality_state": "SE", "municipality_distance_km": 0.0, "segment_count": 6, "metrics_index": 405}, "geometry": {"type": "LineString", "coordinates": [[-37.0397, -10.9492], [-37.0444, -10.9645], [-37.0455, -10.9853], [-37.0504, -10.9996], [-37.0688, -11.0285], [-37.0872, -11.0575], [-37.1056, -11.0864]]}}, {"type": "Feature", "properties": {"source_grid_index": 403, "source_longitude": -37.0, "source_latitude": -11.2, "nearest_grid_distance_km": 17.9616, "compound_count_annual_mean": 0.85, "mean_overlap_duration": 3.89, "mean_compound_intensity_norm": 0.2215, "Hazard_Index": 0.1805, "Hazard_Frequency": 0.0567, "Hazard_Severity": 0.2934, "Hazard_Index_raw": 0.175, "municipality_name": "Aracaju", "municipality_state": "SE", "municipality_distance_km": 0.7903, "segment_count": 5, "metrics_index": 403}, "geometry": {"type": "LineString", "coordinates": [[-37.1056, -11.0864], [-37.124, -11.1153], [-37.1383, -11.1259], [-37.1476, -11.1218], [-37.147, -11.112], [-37.1428, -11.1007]]}}, {"type": "Feature", "properties": {"source_grid_index": 405, "source_longitude": -37.0, "source_latitude": -11.0, "nearest_grid_distance_km": 20.0556, "compound_count_annual_mean": 0.91, "mean_overlap_duration": 3.87, "mean_compound_intensity_norm": 0.1716, "Hazard_Index": 0.1374, "Hazard_Frequency": 0.0627, "Hazard_Severity": 0.2089, "Hazard_Index_raw": 0.1358, "municipality_name": "Aracaju", "municipality_state": "SE", "municipality_distance_km": 0.0, "segment_count": 9, "metrics_index": 405}, "geometry": {"type": "LineString", "coordinates": [[-37.1428, -11.1007], [-37.1417, -11.0917], [-37.1466, -11.0852], [-37.1522, -11.0837], [-37.1576, -11.081], [-37.1622, -11.0714], [-37.1697, -11.0714], [-37.1757, -11.0857], [-37.1852, -11.0742], [-37.2001, -11.0434]]}}, {"type": "Feature", "properties": {"source_grid_index": 405, "source_longitude": -37.0, "source_latitude": -11.0, "nearest_grid_distance_km": 27.4602, "compound_count_annual_mean": 0.91, "mean_overlap_duration": 3.87, "mean_compound_intensity_norm": 0.1716, "Hazard_Index": 0.1374, "Hazard_Frequency": 0.0627, "Hazard_Severity": 0.2089, "Hazard_Index_raw": 0.1358, "municipality_name": "Itaporanga d'Ajuda", "municipality_state": "SE", "municipality_distance_km": 2.4267, "segment_count": 21, "metrics_index": 405}, "geometry": {"type": "LineString", "coordinates": [[-37.2001, -11.0434], [-37.2069, -11.0392], [-37.2485, -11.0217], [-37.2584, -11.0198], [-37.2615, -11.0152], [-37.2684, -11.0164], [-37.2751, -11.0227], [-37.2782, -11.0334], [-37.2761, -11.0418], [-37.2709, -11.0533], [-37.2643, -11.0644], [-37.2584, -11.0714], [-37.2516, -11.073], [-37.2446, -11.0709], [-37.2369, -11.0696], [-37.2274, -11.0748], [-37.2193, -11.0811], [-37.2113, -11.0859], [-37.1964, -11.0917], [-37.1964, -11.0986], [-37.2142, -11.0917], [-37.2207, -11.0968]]}}, {"type": "Feature", "properties": {"source_grid_index": 403, "source_longitude": -37.0, "source_latitude": -11.2, "nearest_grid_distance_km": 24.5709, "compound_count_annual_mean": 0.85, "mean_overlap_duration": 3.89, "mean_compound_intensity_norm": 0.2215, "Hazard_Index": 0.1805, "Hazard_Frequency": 0.0567, "Hazard_Severity": 0.2934, "Hazard_Index_raw": 0.175, "municipality_name": "Itaporanga d'Ajuda", "municipality_state": "SE", "municipality_distance_km": 0.0, "segment_count": 5, "metrics_index": 403}, "geometry": {"type": "LineString", "coordinates": [[-37.2207, -11.0968], [-37.2168, -11.1061], [-37.2038, -11.1122], [-37.1944, -11.1105], [-37.1903, -11.1048], [-37.1878, -11.0995]]}}, {"type": "Feature", "properties": {"source_grid_index": 405, "source_longitude": -37.0, "source_latitude": -11.0, "nearest_grid_distance_km": 23.2335, "compound_count_annual_mean": 0.91, "mean_overlap_duration": 3.87, "mean_compound_intensity_norm": 0.1716, "Hazard_Index": 0.1374, "Hazard_Frequency": 0.0627, "Hazard_Severity": 0.2089, "Hazard_Index_raw": 0.1358, "municipality_name": "Itaporanga d'Ajuda", "municipality_state": "SE", "municipality_distance_km": 0.0, "segment_count": 1, "metrics_index": 405}, "geometry": {"type": "LineString", "coordinates": [[-37.1878, -11.0995], [-37.1827, -11.0986]]}}, {"type": "Feature", "properties": {"source_grid_index": 403, "source_longitude": -37.0, "source_latitude": -11.2, "nearest_grid_distance_km": 21.981, "compound_count_annual_mean": 0.85, "mean_overlap_duration": 3.89, "mean_compound_intensity_norm": 0.2215, "Hazard_Index": 0.1805, "Hazard_Frequency": 0.0567, "Hazard_Severity": 0.2934, "Hazard_Index_raw": 0.175, "municipality_name": "Itaporanga d'Ajuda", "municipality_state": "SE", "municipality_distance_km": 0.0, "segment_count": 2, "metrics_index": 403}, "geometry": {"type": "LineString", "coordinates": [[-37.1827, -11.0986], [-37.1727, -11.1031], [-37.1656, -11.1088]]}}, {"type": "Feature", "properties": {"source_grid_index": 403, "source_longitude": -37.0, "source_latitude": -11.2, "nearest_grid_distance_km": 20.6343, "compound_count_annual_mean": 0.85, "mean_overlap_duration": 3.89, "mean_compound_intensity_norm": 0.2215, "Hazard_Index": 0.1805, "Hazard_Frequency": 0.0567, "Hazard_Severity": 0.2934, "Hazard_Index_raw": 0.175, "municipality_name": "Aracaju", "municipality_state": "SE", "municipality_distance_km": 0.0, "segment_count": 1, "metrics_index": 403}, "geometry": {"type": "LineString", "coordinates": [[-37.1656, -11.1088], [-37.1639, -11.1164]]}}, {"type": "Feature", "properties": {"source_grid_index": 403, "source_longitude": -37.0, "source_latitude": -11.2, "nearest_grid_distance_km": 18.5273, "compound_count_annual_mean": 0.85, "mean_overlap_duration": 3.89, "mean_compound_intensity_norm": 0.2215, "Hazard_Index": 0.1805, "Hazard_Frequency": 0.0567, "Hazard_Severity": 0.2934, "Hazard_Index_raw": 0.175, "municipality_name": "Itaporanga d'Ajuda", "municipality_state": "SE", "municipality_distance_km": 0.0, "segment_count": 8, "metrics_index": 403}, "geometry": {"type": "LineString", "coordinates": [[-37.1639, -11.1164], [-37.1697, -11.1259], [-37.1633, -11.1362], [-37.1641, -11.1703], [-37.1554, -11.1874], [-37.1554, -11.1812], [-37.1492, -11.1874], [-37.1725, -11.2035], [-37.1995, -11.2153]]}}, {"type": "Feature", "properties": {"source_grid_index": 400, "source_longitude": -37.2, "source_latitude": -11.4, "nearest_grid_distance_km": 17.0885, "compound_count_annual_mean": 0.94, "mean_overlap_duration": 3.77, "mean_compound_intensity_norm": 0.1972, "Hazard_Index": 0.1503, "Hazard_Frequency": 0.0657, "Hazard_Severity": 0.2293, "Hazard_Index_raw": 0.1475, "municipality_name": "Itaporanga d'Ajuda", "municipality_state": "SE", "municipality_distance_km": 0.0, "segment_count": 7, "metrics_index": 400}, "geometry": {"type": "LineString", "coordinates": [[-37.1995, -11.2153], [-37.2218, -11.2296], [-37.2311, -11.2529], [-37.2354, -11.2608], [-37.2454, -11.267], [-37.2566, -11.2722], [-37.2646, -11.2774], [-37.2698, -11.2848]]}}, {"type": "Feature", "properties": {"source_grid_index": 400, "source_longitude": -37.2, "source_latitude": -11.4, "nearest_grid_distance_km": 14.0257, "compound_count_annual_mean": 0.94, "mean_overlap_duration": 3.77, "mean_compound_intensity_norm": 0.1972, "Hazard_Index": 0.1503, "Hazard_Frequency": 0.0657, "Hazard_Severity": 0.2293, "Hazard_Index_raw": 0.1475, "municipality_name": "Estância", "municipality_state": "SE", "municipality_distance_km": 0.0, "segment_count": 7, "metrics_index": 400}, "geometry": {"type": "LineString", "coordinates": [[-37.2698, -11.2848], [-37.2858, -11.3171], [-37.2958, -11.3469], [-37.3059, -11.3766], [-37.316, -11.4064], [-37.3301, -11.4207], [-37.3525, -11.4253], [-37.3749, -11.4299]]}}, {"type": "Feature", "properties": {"source_grid_index": 397, "source_longitude": -37.4, "source_latitude": -11.6, "nearest_grid_distance_km": 20.1321, "compound_count_annual_mean": 1.3, "mean_overlap_duration": 4.0, "mean_compound_intensity_norm": 0.2499, "Hazard_Index": 0.2185, "Hazard_Frequency": 0.1015, "Hazard_Severity": 0.318, "Hazard_Index_raw": 0.2097, "municipality_name": "Estância", "municipality_state": "SE", "municipality_distance_km": 0.0, "segment_count": 2, "metrics_index": 397}, "geometry": {"type": "LineString", "coordinates": [[-37.3749, -11.4299], [-37.3881, -11.4269], [-37.3899, -11.419]]}}, {"type": "Feature", "properties": {"source_grid_index": 400, "source_longitude": -37.2, "source_latitude": -11.4, "nearest_grid_distance_km": 19.8799, "compound_count_annual_mean": 0.94, "mean_overlap_duration": 3.77, "mean_compound_intensity_norm": 0.1972, "Hazard_Index": 0.1503, "Hazard_Frequency": 0.0657, "Hazard_Severity": 0.2293, "Hazard_Index_raw": 0.1475, "municipality_name": "Estância", "municipality_state": "SE", "municipality_distance_km": 0.0, "segment_count": 12, "metrics_index": 400}, "geometry": {"type": "LineString", "coordinates": [[-37.3899, -11.419], [-37.3844, -11.4094], [-37.3844, -11.402], [-37.4025, -11.3997], [-37.3884, -11.381], [-37.3744, -11.3624], [-37.3683, -11.3513], [-37.3622, -11.3248], [-37.3583, -11.3159], [-37.3472, -11.3034], [-37.3264, -11.2867], [-37.3056, -11.27], [-37.295, -11.2582]]}}, {"type": "Feature", "properties": {"source_grid_index": 400, "source_longitude": -37.2, "source_latitude": -11.4, "nearest_grid_distance_km": 23.5048, "compound_count_annual_mean": 0.94, "mean_overlap_duration": 3.77, "mean_compound_intensity_norm": 0.1972, "Hazard_Index": 0.1503, "Hazard_Frequency": 0.0657, "Hazard_Severity": 0.2293, "Hazard_Index_raw": 0.1475, "municipality_name": "Itaporanga d'Ajuda", "municipality_state": "SE", "municipality_distance_km": 0.0, "segment_count": 13, "metrics_index": 400}, "geometry": {"type": "LineString", "coordinates": [[-37.295, -11.2582], [-37.2905, -11.2543], [-37.2721, -11.2494], [-37.2859, -11.237], [-37.2884, -11.2082], [-37.2994, -11.1948], [-37.3033, -11.2198], [-37.3031, -11.2312], [-37.2994, -11.2426], [-37.3056, -11.2426], [-37.3241, -11.2086], [-37.3368, -11.1905], [-37.3441, -11.1843], [-37.3479, -11.2042]]}}, {"type": "Feature", "properties": {"source_grid_index": 400, "source_longitude": -37.2, "source_latitude": -11.4, "nearest_grid_distance_km": 21.6889, "compound_count_annual_mean": 0.94, "mean_overlap_duration": 3.77, "mean_compound_intensity_norm": 0.1972, "Hazard_Index": 0.1503, "Hazard_Frequency": 0.0657, "Hazard_Severity": 0.2293, "Hazard_Index_raw": 0.1475, "municipality_name": "Estância", "municipality_state": "SE", "municipality_distance_km": 0.0, "segment_count": 18, "metrics_index": 400}, "geometry": {"type": "LineString", "coordinates": [[-37.3479, -11.2042], [-37.3339, -11.227], [-37.32, -11.2498], [-37.3192, -11.27], [-37.3256, -11.2631], [-37.3472, -11.2494], [-37.3462, -11.261], [-37.3413, -11.2677], [-37.336, -11.2729], [-37.3335, -11.2805], [-37.3363, -11.2901], [-37.3431, -11.2927], [-37.352, -11.2934], [-37.3608, -11.2966], [-37.3714, -11.3063], [-37.3798, -11.3172], [-37.3956, -11.345], [-37.4019, -11.3703], [-37.4082, -11.3957]]}}, {"type": "Feature", "properties": {"source_grid_index": 397, "source_longitude": -37.4, "source_latitude": -11.6, "nearest_grid_distance_km": 23.0278, "compound_count_annual_mean": 1.3, "mean_overlap_duration": 4.0, "mean_compound_intensity_norm": 0.2499, "Hazard_Index": 0.2185, "Hazard_Frequency": 0.1015, "Hazard_Severity": 0.318, "Hazard_Index_raw": 0.2097, "municipality_name": "Estância", "municipality_state": "SE", "municipality_distance_km": 0.381, "segment_count": 3, "metrics_index": 397}, "geometry": {"type": "LineString", "coordinates": [[-37.4082, -11.3957], [-37.4154, -11.4064], [-37.4296, -11.405], [-37.4363, -11.3888]]}}, {"type": "Feature", "properties": {"source_grid_index": 400, "source_longitude": -37.2, "source_latitude": -11.4, "nearest_grid_distance_km": 26.7658, "compound_count_annual_mean": 0.94, "mean_overlap_duration": 3.77, "mean_compound_intensity_norm": 0.1972, "Hazard_Index": 0.1503, "Hazard_Frequency": 0.0657, "Hazard_Severity": 0.2293, "Hazard_Index_raw": 0.1475, "municipality_name": "Estância", "municipality_state": "SE", "municipality_distance_km": 4.3786, "segment_count": 2, "metrics_index": 400}, "geometry": {"type": "LineString", "coordinates": [[-37.4363, -11.3888], [-37.4433, -11.3513], [-37.4457, -11.3644]]}}, {"type": "Feature", "properties": {"source_grid_index": 397, "source_longitude": -37.4, "source_latitude": -11.6, "nearest_grid_distance_km": 23.6642, "compound_count_annual_mean": 1.3, "mean_overlap_duration": 4.0, "mean_compound_intensity_norm": 0.2499, "Hazard_Index": 0.2185, "Hazard_Frequency": 0.1015, "Hazard_Severity": 0.318, "Hazard_Index_raw": 0.2097, "municipality_name": "Estância", "municipality_state": "SE", "municipality_distance_km": 5.379, "segment_count": 9, "metrics_index": 397}, "geometry": {"type": "LineString", "coordinates": [[-37.4457, -11.3644], [-37.4518, -11.3705], [-37.4604, -11.3689], [-37.4701, -11.3587], [-37.4604, -11.3918], [-37.4537, -11.4036], [-37.4433, -11.4133], [-37.4017, -11.4289], [-37.3956, -11.4374], [-37.406, -11.4705]]}}, {"type": "Feature", "properties": {"source_grid_index": 397, "source_longitude": -37.4, "source_latitude": -11.6, "nearest_grid_distance_km": 12.7056, "compound_count_annual_mean": 1.3, "mean_overlap_duration": 4.0, "mean_compound_intensity_norm": 0.2499, "Hazard_Index": 0.2185, "Hazard_Frequency": 0.1015, "Hazard_Severity": 0.318, "Hazard_Index_raw": 0.2097, "municipality_name": "Jandaíra", "municipality_state": "BA", "municipality_distance_km": 1.7508, "segment_count": 10, "metrics_index": 397}, "geometry": {"type": "LineString", "coordinates": [[-37.406, -11.4705], [-37.4314, -11.4929], [-37.463, -11.5074], [-37.4919, -11.5163], [-37.4748, -11.5201], [-37.4538, -11.5177], [-37.4328, -11.5112], [-37.4154, -11.5032], [-37.402, -11.491], [-37.3898, -11.4744], [-37.3768, -11.4602]]}}, {"type": "Feature", "properties": {"source_grid_index": 397, "source_longitude": -37.4, "source_latitude": -11.6, "nearest_grid_distance_km": 16.7464, "compound_count_annual_mean": 1.3, "mean_overlap_duration": 4.0, "mean_compound_intensity_norm": 0.2499, "Hazard_Index": 0.2185, "Hazard_Frequency": 0.1015, "Hazard_Severity": 0.318, "Hazard_Index_raw": 0.2097, "municipality_name": "Estância", "municipality_state": "SE", "municipality_distance_km": 0.0, "segment_count": 1, "metrics_index": 397}, "geometry": {"type": "LineString", "coordinates": [[-37.3768, -11.4602], [-37.3608, -11.4548]]}}, {"type": "Feature", "properties": {"source_grid_index": 397, "source_longitude": -37.4, "source_latitude": -11.6, "nearest_grid_distance_km": 9.7312, "compound_count_annual_mean": 1.3, "mean_overlap_duration": 4.0, "mean_compound_intensity_norm": 0.2499, "Hazard_Index": 0.2185, "Hazard_Frequency": 0.1015, "Hazard_Severity": 0.318, "Hazard_Index_raw": 0.2097, "municipality_name": "Jandaíra", "municipality_state": "BA", "municipality_distance_km": 0.0, "segment_count": 7, "metrics_index": 397}, "geometry": {"type": "LineString", "coordinates": [[-37.3608, -11.4548], [-37.3682, -11.4738], [-37.3904, -11.5056], [-37.4126, -11.5374], [-37.4347, -11.5693], [-37.4533, -11.6079], [-37.472, -11.6465], [-37.4906, -11.6852]]}}, {"type": "Feature", "properties": {"source_grid_index": 395, "source_longitude": -37.4, "source_latitude": -11.8, "nearest_grid_distance_km": 15.476, "compound_count_annual_mean": 0.97, "mean_overlap_duration": 3.44, "mean_compound_intensity_norm": 0.1886, "Hazard_Index": 0.1376, "Hazard_Frequency": 0.0687, "Hazard_Severity": 0.2031, "Hazard_Index_raw": 0.1359, "municipality_name": "Jandaíra", "municipality_state": "BA", "municipality_distance_km": 0.0, "segment_count": 1, "metrics_index": 395}, "geometry": {"type": "LineString", "coordinates": [[-37.4906, -11.6852], [-37.5092, -11.7238]]}}, {"type": "Feature", "properties": {"source_grid_index": 395, "source_longitude": -37.4, "source_latitude": -11.8, "nearest_grid_distance_km": 16.8252, "compound_count_annual_mean": 0.97, "mean_overlap_duration": 3.44, "mean_compound_intensity_norm": 0.1886, "Hazard_Index": 0.1376, "Hazard_Frequency": 0.0687, "Hazard_Severity": 0.2031, "Hazard_Index_raw": 0.1359, "municipality_name": "Conde", "municipality_state": "BA", "municipality_distance_km": 0.2247, "segment_count": 6, "metrics_index": 395}, "geometry": {"type": "LineString", "coordinates": [[-37.5092, -11.7238], [-37.5134, -11.7607], [-37.5228, -11.7761], [-37.5458, -11.8044], [-37.5604, -11.8408], [-37.575, -11.8772], [-37.5896, -11.9136]]}}, {"type": "Feature", "properties": {"source_grid_index": 393, "source_longitude": -37.4, "source_latitude": -12.0, "nearest_grid_distance_km": 23.6097, "compound_count_annual_mean": 0.88, "mean_overlap_duration": 3.62, "mean_compound_intensity_norm": 0.208, "Hazard_Index": 0.1549, "Hazard_Frequency": 0.0597, "Hazard_Severity": 0.2437, "Hazard_Index_raw": 0.1517, "municipality_name": "Conde", "municipality_state": "BA", "municipality_distance_km": 0.237, "segment_count": 3, "metrics_index": 393}, "geometry": {"type": "LineString", "coordinates": [[-37.5896, -11.9136], [-37.6042, -11.95], [-37.618, -11.9726], [-37.6317, -11.9953]]}}, {"type": "Feature", "properties": {"source_grid_index": 391, "source_longitude": -37.6, "source_latitude": -12.2, "nearest_grid_distance_km": 18.6381, "compound_count_annual_mean": 1.12, "mean_overlap_duration": 3.73, "mean_compound_intensity_norm": 0.2169, "Hazard_Index": 0.1637, "Hazard_Frequency": 0.0836, "Hazard_Severity": 0.236, "Hazard_Index_raw": 0.1598, "municipality_name": "Conde", "municipality_state": "BA", "municipality_distance_km": 0.048, "segment_count": 4, "metrics_index": 391}, "geometry": {"type": "LineString", "coordinates": [[-37.6317, -11.9953], [-37.6432, -12.0225], [-37.6547, -12.0497], [-37.6756, -12.0786], [-37.6966, -12.1075]]}}, {"type": "Feature", "properties": {"source_grid_index": 391, "source_longitude": -37.6, "source_latitude": -12.2, "nearest_grid_distance_km": 15.7092, "compound_count_annual_mean": 1.12, "mean_overlap_duration": 3.73, "mean_compound_intensity_norm": 0.2169, "Hazard_Index": 0.1637, "Hazard_Frequency": 0.0836, "Hazard_Severity": 0.236, "Hazard_Index_raw": 0.1598, "municipality_name": "Esplanada", "municipality_state": "BA", "municipality_distance_km": 0.0, "segment_count": 4, "metrics_index": 391}, "geometry": {"type": "LineString", "coordinates": [[-37.6966, -12.1075], [-37.7176, -12.1364], [-37.7349, -12.1685], [-37.7522, -12.2005], [-37.7694, -12.2326]]}}, {"type": "Feature", "properties": {"source_grid_index": 388, "source_longitude": -37.8, "source_latitude": -12.4, "nearest_grid_distance_km": 11.1402, "compound_count_annual_mean": 1.15, "mean_overlap_duration": 3.53, "mean_compound_intensity_norm": 0.1986, "Hazard_Index": 0.1586, "Hazard_Frequency": 0.0866, "Hazard_Severity": 0.2236, "Hazard_Index_raw": 0.1551, "municipality_name": "Entre Rios", "municipality_state": "BA", "municipality_distance_km": 0.0, "segment_count": 6, "metrics_index": 388}, "geometry": {"type": "LineString", "coordinates": [[-37.7694, -12.2326], [-37.7867, -12.2646], [-37.8078, -12.294], [-37.8289, -12.3234], [-37.8501, -12.3528], [-37.8712, -12.3823], [-37.8919, -12.4133]]}}, {"type": "Feature", "properties": {"source_grid_index": 388, "source_longitude": -37.8, "source_latitude": -12.4, "nearest_grid_distance_km": 15.1334, "compound_count_annual_mean": 1.15, "mean_overlap_duration": 3.53, "mean_compound_intensity_norm": 0.1986, "Hazard_Index": 0.1586, "Hazard_Frequency": 0.0866, "Hazard_Severity": 0.2236, "Hazard_Index_raw": 0.1551, "municipality_name": "Mata de São João", "municipality_state": "BA", "municipality_distance_km": 0.6757, "segment_count": 3, "metrics_index": 388}, "geometry": {"type": "LineString", "coordinates": [[-37.8919, -12.4133], [-37.9127, -12.4443], [-37.9334, -12.4754], [-37.9551, -12.5043]]}}, {"type": "Feature", "properties": {"source_grid_index": 386, "source_longitude": -37.8, "source_latitude": -12.6, "nearest_grid_distance_km": 21.4241, "compound_count_annual_mean": 0.97, "mean_overlap_duration": 3.5, "mean_compound_intensity_norm": 0.2105, "Hazard_Index": 0.1861, "Hazard_Frequency": 0.0687, "Hazard_Severity": 0.2916, "Hazard_Index_raw": 0.1801, "municipality_name": "Mata de São João", "municipality_state": "BA", "municipality_distance_km": 0.5013, "segment_count": 3, "metrics_index": 386}, "geometry": {"type": "LineString", "coordinates": [[-37.9551, -12.5043], [-37.9768, -12.5332], [-37.9985, -12.5622], [-38.016, -12.5885]]}}, {"type": "Feature", "properties": {"source_grid_index": 384, "source_longitude": -38.0, "source_latitude": -12.8, "nearest_grid_distance_km": 22.9248, "compound_count_annual_mean": 1.06, "mean_overlap_duration": 3.74, "mean_compound_intensity_norm": 0.2181, "Hazard_Index": 0.2242, "Hazard_Frequency": 0.0776, "Hazard_Severity": 0.3522, "Hazard_Index_raw": 0.2149, "municipality_name": "Mata de São João", "municipality_state": "BA", "municipality_distance_km": 0.7824, "segment_count": 1, "metrics_index": 384}, "geometry": {"type": "LineString", "coordinates": [[-38.016, -12.5885], [-38.0334, -12.6148]]}}, {"type": "Feature", "properties": {"source_grid_index": 384, "source_longitude": -38.0, "source_latitude": -12.8, "nearest_grid_distance_km": 18.8241, "compound_count_annual_mean": 1.06, "mean_overlap_duration": 3.74, "mean_compound_intensity_norm": 0.2181, "Hazard_Index": 0.2242, "Hazard_Frequency": 0.0776, "Hazard_Severity": 0.3522, "Hazard_Index_raw": 0.2149, "municipality_name": "Camaçari", "municipality_state": "BA", "municipality_distance_km": 0.3499, "segment_count": 9, "metrics_index": 384}, "geometry": {"type": "LineString", "coordinates": [[-38.0334, -12.6148], [-38.0509, -12.641], [-38.0635, -12.6472], [-38.074, -12.6539], [-38.0978, -12.6809], [-38.1217, -12.708], [-38.1455, -12.735], [-38.1681, -12.7634], [-38.1907, -12.7917], [-38.2132, -12.82]]}}, {"type": "Feature", "properties": {"source_grid_index": 381, "source_longitude": -38.2, "source_latitude": -13.0, "nearest_grid_distance_km": 18.3584, "compound_count_annual_mean": 1.12, "mean_overlap_duration": 3.68, "mean_compound_intensity_norm": 0.2371, "Hazard_Index": 0.2341, "Hazard_Frequency": 0.0836, "Hazard_Severity": 0.3643, "Hazard_Index_raw": 0.2239, "municipality_name": "Camaçari", "municipality_state": "BA", "municipality_distance_km": 0.1078, "segment_count": 2, "metrics_index": 381}, "geometry": {"type": "LineString", "coordinates": [[-38.2132, -12.82], [-38.2393, -12.845], [-38.2653, -12.87]]}}, {"type": "Feature", "properties": {"source_grid_index": 381, "source_longitude": -38.2, "source_latitude": -13.0, "nearest_grid_distance_km": 15.6044, "compound_count_annual_mean": 1.12, "mean_overlap_duration": 3.68, "mean_compound_intensity_norm": 0.2371, "Hazard_Index": 0.2341, "Hazard_Frequency": 0.0836, "Hazard_Severity": 0.3643, "Hazard_Index_raw": 0.2239, "municipality_name": "Lauro de Freitas", "municipality_state": "BA", "municipality_distance_km": 0.2674, "segment_count": 2, "metrics_index": 381}, "geometry": {"type": "LineString", "coordinates": [[-38.2653, -12.87], [-38.2914, -12.895], [-38.3059, -12.9151]]}}, {"type": "Feature", "properties": {"source_grid_index": 380, "source_longitude": -38.4, "source_latitude": -13.0, "nearest_grid_distance_km": 31.2836, "compound_count_annual_mean": 1.67, "mean_overlap_duration": 3.69, "mean_compound_intensity_norm": 0.2782, "Hazard_Index": 0.2818, "Hazard_Frequency": 0.1373, "Hazard_Severity": 0.3976, "Hazard_Index_raw": 0.2675, "municipality_name": "Salvador", "municipality_state": "BA", "municipality_distance_km": 0.1535, "segment_count": 65, "metrics_index": 380}, "geometry": {"type": "LineString", "coordinates": [[-38.3059, -12.9151], [-38.3204, -12.9352], [-38.34, -12.9503], [-38.3614, -12.9618], [-38.3719, -12.9653], [-38.3943, -12.9684], [-38.4061, -12.9688], [-38.4162, -12.9731], [-38.437, -12.9924], [-38.465, -13.0024], [-38.4864, -13.0138], [-38.5097, -13.0214], [-38.5327, -13.0165], [-38.5383, -13.004], [-38.5184, -12.9669], [-38.5079, -12.9318], [-38.4978, -12.9184], [-38.4862, -12.9159], [-38.4774, -12.9352], [-38.4791, -12.9159], [-38.487, -12.8989], [-38.4912, -12.882], [-38.4757, -12.8517], [-38.4801, -12.8422], [-38.4877, -12.8347], [-38.4918, -12.8294], [-38.4923, -12.8224], [-38.4941, -12.8176], [-38.5023, -12.8083], [-38.5041, -12.8041], [-38.5023, -12.8006], [-38.4997, -12.7966], [-38.4991, -12.7912], [-38.504, -12.7571], [-38.5089, -12.7229], [-38.527, -12.7231], [-38.5424, -12.7216], [-38.5575, -12.7155], [-38.5743, -12.7018], [-38.6059, -12.7136], [-38.6262, -12.7024], [-38.6376, -12.6808], [-38.6486, -12.6384], [-38.6562, -12.6337], [-38.6671, -12.634], [-38.6835, -12.6267], [-38.6946, -12.614], [-38.6952, -12.6028], [-38.6918, -12.5898], [-38.691, -12.5715], [-38.6971, -12.5715], [-38.7158, -12.6051], [-38.7221, -12.6225], [-38.7245, -12.6435], [-38.7245, -12.6711], [-38.7263, -12.6789], [-38.7303, -12.6824], [-38.735, -12.6845], [-38.7381, -12.6876], [-38.751, -12.7128], [-38.7504, -12.7245], [-38.7381, -12.7366], [-38.7577, -12.7721], [-38.7772, -12.8075], [-38.7899, -12.8185], [-38.7955, -12.8215]]}}, {"type": "Feature", "properties": {"source_grid_index": 380, "source_longitude": -38.4, "source_latitude": -13.0, "nearest_grid_distance_km": 47.7658, "compound_count_annual_mean": 1.67, "mean_overlap_duration": 3.69, "mean_compound_intensity_norm": 0.2782, "Hazard_Index": 0.2818, "Hazard_Frequency": 0.1373, "Hazard_Severity": 0.3976, "Hazard_Index_raw": 0.2675, "municipality_name": "Jaguaripe", "municipality_state": "BA", "municipality_distance_km": 10.2102, "segment_count": 1, "metrics_index": 380}, "geometry": {"type": "LineString", "coordinates": [[-38.7955, -12.8215], [-38.8066, -12.8351]]}}, {"type": "Feature", "properties": {"source_grid_index": 376, "source_longitude": -38.6, "source_latitude": -13.2, "nearest_grid_distance_km": 50.6759, "compound_count_annual_mean": 1.36, "mean_overlap_duration": 3.56, "mean_compound_intensity_norm": 0.2674, "Hazard_Index": 0.2795, "Hazard_Frequency": 0.1075, "Hazard_Severity": 0.4233, "Hazard_Index_raw": 0.2654, "municipality_name": "Jaguaripe", "municipality_state": "BA", "municipality_distance_km": 9.1228, "segment_count": 7, "metrics_index": 376}, "geometry": {"type": "LineString", "coordinates": [[-38.8066, -12.8351], [-38.8138, -12.839], [-38.8245, -12.8381], [-38.8356, -12.8284], [-38.8449, -12.8259], [-38.8558, -12.8168], [-38.864, -12.7951], [-38.8734, -12.7586]]}}, {"type": "Feature", "properties": {"source_grid_index": 380, "source_longitude": -38.4, "source_latitude": -13.0, "nearest_grid_distance_km": 62.8531, "compound_count_annual_mean": 1.67, "mean_overlap_duration": 3.69, "mean_compound_intensity_norm": 0.2782, "Hazard_Index": 0.2818, "Hazard_Frequency": 0.1373, "Hazard_Severity": 0.3976, "Hazard_Index_raw": 0.2675, "municipality_name": "Salvador", "municipality_state": "BA", "municipality_distance_km": 19.8922, "segment_count": 13, "metrics_index": 380}, "geometry": {"type": "LineString", "coordinates": [[-38.8734, -12.7586], [-38.8827, -12.7221], [-38.8812, -12.7053], [-38.8699, -12.6921], [-38.848, -12.6745], [-38.8617, -12.6541], [-38.8685, -12.6541], [-38.8634, -12.6699], [-38.8699, -12.6778], [-38.8824, -12.6842], [-38.8958, -12.695], [-38.9032, -12.7094], [-38.9058, -12.7218], [-38.9105, -12.7311]]}}, {"type": "Feature", "properties": {"source_grid_index": 376, "source_longitude": -38.6, "source_latitude": -13.2, "nearest_grid_distance_km": 50.9523, "compound_count_annual_mean": 1.36, "mean_overlap_duration": 3.56, "mean_compound_intensity_norm": 0.2674, "Hazard_Index": 0.2795, "Hazard_Frequency": 0.1075, "Hazard_Severity": 0.4233, "Hazard_Index_raw": 0.2654, "municipality_name": "Jaguaripe", "municipality_state": "BA", "municipality_distance_km": 22.6426, "segment_count": 23, "metrics_index": 376}, "geometry": {"type": "LineString", "coordinates": [[-38.9105, -12.7311], [-38.9237, -12.7366], [-38.9147, -12.7485], [-38.9037, -12.7724], [-38.8958, -12.7844], [-38.888, -12.7905], [-38.8815, -12.7917], [-38.8754, -12.7945], [-38.8685, -12.8049], [-38.8692, -12.809], [-38.8691, -12.8206], [-38.867, -12.8346], [-38.8617, -12.8459], [-38.854, -12.8513], [-38.8343, -12.8606], [-38.8275, -12.867], [-38.8121, -12.8537], [-38.8036, -12.8487], [-38.7971, -12.8493], [-38.7928, -12.8567], [-38.7888, -12.8666], [-38.7837, -12.873], [-38.776, -12.87], [-38.7655, -12.8647]]}}, {"type": "Feature", "properties": {"source_grid_index": 380, "source_longitude": -38.4, "source_latitude": -13.0, "nearest_grid_distance_km": 39.7064, "compound_count_annual_mean": 1.67, "mean_overlap_duration": 3.69, "mean_compound_intensity_norm": 0.2782, "Hazard_Index": 0.2818, "Hazard_Frequency": 0.1373, "Hazard_Severity": 0.3976, "Hazard_Index_raw": 0.2675, "municipality_name": "Vera Cruz", "municipality_state": "BA", "municipality_distance_km": 7.8775, "segment_count": 5, "metrics_index": 380}, "geometry": {"type": "LineString", "coordinates": [[-38.7655, -12.8647], [-38.7523, -12.8644], [-38.738, -12.8679], [-38.7245, -12.8732], [-38.7337, -12.8796], [-38.7363, -12.8827]]}}, {"type": "Feature", "properties": {"source_grid_index": 376, "source_longitude": -38.6, "source_latitude": -13.2, "nearest_grid_distance_km": 36.1115, "compound_count_annual_mean": 1.36, "mean_overlap_duration": 3.56, "mean_compound_intensity_norm": 0.2674, "Hazard_Index": 0.2795, "Hazard_Frequency": 0.1075, "Hazard_Severity": 0.4233, "Hazard_Index_raw": 0.2654, "municipality_name": "Vera Cruz", "municipality_state": "BA", "municipality_distance_km": 4.3183, "segment_count": 6, "metrics_index": 376}, "geometry": {"type": "LineString", "coordinates": [[-38.7363, -12.8827], [-38.7422, -12.8971], [-38.7469, -12.9046], [-38.7508, -12.9128], [-38.7524, -12.925], [-38.7513, -12.9464], [-38.7521, -12.9573]]}}, {"type": "Feature", "properties": {"source_grid_index": 376, "source_longitude": -38.6, "source_latitude": -13.2, "nearest_grid_distance_km": 30.2665, "compound_count_annual_mean": 1.36, "mean_overlap_duration": 3.56, "mean_compound_intensity_norm": 0.2674, "Hazard_Index": 0.2795, "Hazard_Frequency": 0.1075, "Hazard_Severity": 0.4233, "Hazard_Index_raw": 0.2654, "municipality_name": "Jaguaripe", "municipality_state": "BA", "municipality_distance_km": 0.3606, "segment_count": 23, "metrics_index": 376}, "geometry": {"type": "LineString", "coordinates": [[-38.7521, -12.9573], [-38.7558, -12.9654], [-38.7674, -12.9792], [-38.7869, -13.0081], [-38.8009, -13.024], [-38.8155, -13.0367], [-38.8351, -13.0501], [-38.8571, -13.0606], [-38.879, -13.0649], [-38.8893, -13.0698], [-38.895, -13.081], [-38.8969, -13.0947], [-38.8958, -13.1065], [-38.8934, -13.1135], [-38.8898, -13.1184], [-38.8841, -13.1223], [-38.8754, -13.1264], [-38.8412, -13.1351], [-38.807, -13.1438], [-38.8107, -13.1535], [-38.8196, -13.1567], [-38.8309, -13.1578], [-38.8418, -13.1612], [-38.8518, -13.1689]]}}, {"type": "Feature", "properties": {"source_grid_index": 373, "source_longitude": -38.8, "source_latitude": -13.4, "nearest_grid_distance_km": 24.6813, "compound_count_annual_mean": 1.33, "mean_overlap_duration": 2.93, "mean_compound_intensity_norm": 0.2072, "Hazard_Index": 0.1817, "Hazard_Frequency": 0.1045, "Hazard_Severity": 0.2479, "Hazard_Index_raw": 0.1762, "municipality_name": "Jaguaripe", "municipality_state": "BA", "municipality_distance_km": 0.0597, "segment_count": 3, "metrics_index": 373}, "geometry": {"type": "LineString", "coordinates": [[-38.8518, -13.1689], [-38.8754, -13.1954], [-38.9036, -13.2142], [-38.9318, -13.233]]}}, {"type": "Feature", "properties": {"source_grid_index": 373, "source_longitude": -38.8, "source_latitude": -13.4, "nearest_grid_distance_km": 23.3962, "compound_count_annual_mean": 1.33, "mean_overlap_duration": 2.93, "mean_compound_intensity_norm": 0.2072, "Hazard_Index": 0.1817, "Hazard_Frequency": 0.1045, "Hazard_Severity": 0.2479, "Hazard_Index_raw": 0.1762, "municipality_name": "Valença", "municipality_state": "BA", "municipality_distance_km": 0.4808, "segment_count": 18, "metrics_index": 373}, "geometry": {"type": "LineString", "coordinates": [[-38.9318, -13.233], [-38.9476, -13.2468], [-38.9575, -13.2648], [-38.9635, -13.3058], [-38.9709, -13.3256], [-38.9569, -13.3566], [-38.9546, -13.3725], [-38.9647, -13.3803], [-38.9896, -13.3639], [-38.9989, -13.3604], [-39.0096, -13.3603], [-39.0398, -13.3666], [-39.0377, -13.3578], [-39.037, -13.3502], [-39.0377, -13.342], [-39.0398, -13.3325], [-39.0511, -13.3662], [-39.0625, -13.4], [-39.0682, -13.4406]]}}, {"type": "Feature", "properties": {"source_grid_index": 373, "source_longitude": -38.8, "source_latitude": -13.4, "nearest_grid_distance_km": 29.6636, "compound_count_annual_mean": 1.33, "mean_overlap_duration": 2.93, "mean_compound_intensity_norm": 0.2072, "Hazard_Index": 0.1817, "Hazard_Frequency": 0.1045, "Hazard_Severity": 0.2479, "Hazard_Index_raw": 0.1762, "municipality_name": "Cairu", "municipality_state": "BA", "municipality_distance_km": 0.0, "segment_count": 2, "metrics_index": 373}, "geometry": {"type": "LineString", "coordinates": [[-39.0682, -13.4406], [-39.0603, -13.4703], [-39.071, -13.4801]]}}, {"type": "Feature", "properties": {"source_grid_index": 373, "source_longitude": -38.8, "source_latitude": -13.4, "nearest_grid_distance_km": 31.4641, "compound_count_annual_mean": 1.33, "mean_overlap_duration": 2.93, "mean_compound_intensity_norm": 0.2072, "Hazard_Index": 0.1817, "Hazard_Frequency": 0.1045, "Hazard_Severity": 0.2479, "Hazard_Index_raw": 0.1762, "municipality_name": "Valença", "municipality_state": "BA", "municipality_distance_km": 0.069, "segment_count": 1, "metrics_index": 373}, "geometry": {"type": "LineString", "coordinates": [[-39.071, -13.4801], [-39.0799, -13.4953]]}}, {"type": "Feature", "properties": {"source_grid_index": 371, "source_longitude": -38.8, "source_latitude": -13.6, "nearest_grid_distance_km": 32.163, "compound_count_annual_mean": 1.27, "mean_overlap_duration": 3.17, "mean_compound_intensity_norm": 0.191, "Hazard_Index": 0.1768, "Hazard_Frequency": 0.0985, "Hazard_Severity": 0.2448, "Hazard_Index_raw": 0.1717, "municipality_name": "Cairu", "municipality_state": "BA", "municipality_distance_km": 0.1477, "segment_count": 3, "metrics_index": 371}, "geometry": {"type": "LineString", "coordinates": [[-39.0799, -13.4953], [-39.086, -13.5141], [-39.0882, -13.5343], [-39.0862, -13.5565]]}}, {"type": "Feature", "properties": {"source_grid_index": 371, "source_longitude": -38.8, "source_latitude": -13.6, "nearest_grid_distance_km": 31.8008, "compound_count_annual_mean": 1.27, "mean_overlap_duration": 3.17, "mean_compound_intensity_norm": 0.191, "Hazard_Index": 0.1768, "Hazard_Frequency": 0.0985, "Hazard_Severity": 0.2448, "Hazard_Index_raw": 0.1717, "municipality_name": "Nilo Peçanha", "municipality_state": "BA", "municipality_distance_km": 0.6238, "segment_count": 7, "metrics_index": 371}, "geometry": {"type": "LineString", "coordinates": [[-39.0862, -13.5565], [-39.0842, -13.5788], [-39.0914, -13.5937], [-39.1155, -13.5994], [-39.1155, -13.6061], [-39.0867, -13.6039], [-39.0774, -13.59], [-39.0791, -13.5656]]}}, {"type": "Feature", "properties": {"source_grid_index": 371, "source_longitude": -38.8, "source_latitude": -13.6, "nearest_grid_distance_km": 30.9312, "compound_count_annual_mean": 1.27, "mean_overlap_duration": 3.17, "mean_compound_intensity_norm": 0.191, "Hazard_Index": 0.1768, "Hazard_Frequency": 0.0985, "Hazard_Severity": 0.2448, "Hazard_Index_raw": 0.1717, "municipality_name": "Cairu", "municipality_state": "BA", "municipality_distance_km": 0.0, "segment_count": 3, "metrics_index": 371}, "geometry": {"type": "LineString", "coordinates": [[-39.0791, -13.5656], [-39.0808, -13.5411], [-39.075, -13.5173], [-39.0597, -13.4948]]}}, {"type": "Feature", "properties": {"source_grid_index": 373, "source_longitude": -38.8, "source_latitude": -13.4, "nearest_grid_distance_km": 27.6285, "compound_count_annual_mean": 1.33, "mean_overlap_duration": 2.93, "mean_compound_intensity_norm": 0.2072, "Hazard_Index": 0.1817, "Hazard_Frequency": 0.1045, "Hazard_Severity": 0.2479, "Hazard_Index_raw": 0.1762, "municipality_name": "Cairu", "municipality_state": "BA", "municipality_distance_km": 0.0, "segment_count": 2, "metrics_index": 373}, "geometry": {"type": "LineString", "coordinates": [[-39.0597, -13.4948], [-39.0377, -13.4846], [-39.0118, -13.497]]}}, {"type": "Feature", "properties": {"source_grid_index": 371, "source_longitude": -38.8, "source_latitude": -13.6, "nearest_grid_distance_km": 23.0259, "compound_count_annual_mean": 1.27, "mean_overlap_duration": 3.17, "mean_compound_intensity_norm": 0.191, "Hazard_Index": 0.1768, "Hazard_Frequency": 0.0985, "Hazard_Severity": 0.2448, "Hazard_Index_raw": 0.1717, "municipality_name": "Cairu", "municipality_state": "BA", "municipality_distance_km": 0.0, "segment_count": 8, "metrics_index": 371}, "geometry": {"type": "LineString", "coordinates": [[-39.0118, -13.497], [-39.0071, -13.5048], [-39.0032, -13.5226], [-38.9954, -13.5343], [-38.993, -13.5411], [-38.9969, -13.5471], [-39.0027, -13.5535], [-39.0057, -13.5618], [-39.0019, -13.5881]]}}, {"type": "Feature", "properties": {"source_grid_index": 371, "source_longitude": -38.8, "source_latitude": -13.6, "nearest_grid_distance_km": 20.3371, "compound_count_annual_mean": 1.27, "mean_overlap_duration": 3.17, "mean_compound_intensity_norm": 0.191, "Hazard_Index": 0.1768, "Hazard_Frequency": 0.0985, "Hazard_Severity": 0.2448, "Hazard_Index_raw": 0.1717, "municipality_name": "Nilo Peçanha", "municipality_state": "BA", "municipality_distance_km": 0.0, "segment_count": 5, "metrics_index": 371}, "geometry": {"type": "LineString", "coordinates": [[-39.0019, -13.5881], [-38.9928, -13.6077], [-38.9814, -13.6257], [-38.9709, -13.6477], [-38.9678, -13.674], [-38.9757, -13.6926]]}}, {"type": "Feature", "properties": {"source_grid_index": 369, "source_longitude": -38.8, "source_latitude": -13.8, "nearest_grid_distance_km": 22.6081, "compound_count_annual_mean": 1.12, "mean_overlap_duration": 3.16, "mean_compound_intensity_norm": 0.2061, "Hazard_Index": 0.1883, "Hazard_Frequency": 0.0836, "Hazard_Severity": 0.2807, "Hazard_Index_raw": 0.1821, "municipality_name": "Nilo Peçanha", "municipality_state": "BA", "municipality_distance_km": 0.0, "segment_count": 1, "metrics_index": 369}, "geometry": {"type": "LineString", "coordinates": [[-38.9757, -13.6926], [-38.9866, -13.7102]]}}, {"type": "Feature", "properties": {"source_grid_index": 369, "source_longitude": -38.8, "source_latitude": -13.8, "nearest_grid_distance_km": 27.7697, "compound_count_annual_mean": 1.12, "mean_overlap_duration": 3.16, "mean_compound_intensity_norm": 0.2061, "Hazard_Index": 0.1883, "Hazard_Frequency": 0.0836, "Hazard_Severity": 0.2807, "Hazard_Index_raw": 0.1821, "municipality_name": "Ituberá", "municipality_state": "BA", "municipality_distance_km": 0.0695, "segment_count": 28, "metrics_index": 369}, "geometry": {"type": "LineString", "coordinates": [[-38.9866, -13.7102], [-38.992, -13.7331], [-38.9931, -13.7638], [-38.9942, -13.7946], [-38.992, -13.8123], [-38.9818, -13.8276], [-38.98, -13.8359], [-38.9886, -13.8395], [-39.0017, -13.8377], [-39.0112, -13.8325], [-39.0299, -13.8154], [-39.0373, -13.8054], [-39.0408, -13.794], [-39.0429, -13.7823], [-39.0466, -13.7713], [-39.0536, -13.7609], [-39.0602, -13.7551], [-39.067, -13.7504], [-39.0745, -13.7433], [-39.0796, -13.741], [-39.084, -13.742], [-39.087, -13.7411], [-39.0916, -13.7127], [-39.0997, -13.7089], [-39.111, -13.7082], [-39.1326, -13.7092], [-39.1411, -13.7192], [-39.1488, -13.7369], [-39.144, -13.7443]]}}, {"type": "Feature", "properties": {"source_grid_index": 369, "source_longitude": -38.8, "source_latitude": -13.8, "nearest_grid_distance_km": 29.3109, "compound_count_annual_mean": 1.12, "mean_overlap_duration": 3.16, "mean_compound_intensity_norm": 0.2061, "Hazard_Index": 0.1883, "Hazard_Frequency": 0.0836, "Hazard_Severity": 0.2807, "Hazard_Index_raw": 0.1821, "municipality_name": "Igrapiúna", "municipality_state": "BA", "municipality_distance_km": 0.0, "segment_count": 19, "metrics_index": 369}, "geometry": {"type": "LineString", "coordinates": [[-39.144, -13.7443], [-39.1155, -13.7236], [-39.11, -13.7317], [-39.1083, -13.7404], [-39.1101, -13.7491], [-39.1155, -13.7576], [-39.0936, -13.7686], [-39.0716, -13.7796], [-39.0603, -13.7918], [-39.0432, -13.8263], [-39.0321, -13.8406], [-38.9977, -13.8517], [-38.9945, -13.8635], [-39.0, -13.8752], [-39.0088, -13.8805], [-39.0349, -13.8797], [-39.0489, -13.8759], [-39.0671, -13.8674], [-39.0745, -13.8942], [-39.0712, -13.9031]]}}, {"type": "Feature", "properties": {"source_grid_index": 367, "source_longitude": -38.8, "source_latitude": -14.0, "nearest_grid_distance_km": 25.6177, "compound_count_annual_mean": 1.03, "mean_overlap_duration": 2.82, "mean_compound_intensity_norm": 0.2169, "Hazard_Index": 0.19, "Hazard_Frequency": 0.0746, "Hazard_Severity": 0.2928, "Hazard_Index_raw": 0.1837, "municipality_name": "Camamu", "municipality_state": "BA", "municipality_distance_km": 0.0, "segment_count": 7, "metrics_index": 367}, "geometry": {"type": "LineString", "coordinates": [[-39.0712, -13.9031], [-39.0637, -13.9358], [-39.0575, -13.9379], [-39.0412, -13.9472], [-39.0216, -13.9557], [-39.0074, -13.9697], [-38.9967, -13.9856], [-38.992, -13.9972]]}}, {"type": "Feature", "properties": {"source_grid_index": 367, "source_longitude": -38.8, "source_latitude": -14.0, "nearest_grid_distance_km": 21.0481, "compound_count_annual_mean": 1.03, "mean_overlap_duration": 2.82, "mean_compound_intensity_norm": 0.2169, "Hazard_Index": 0.19, "Hazard_Frequency": 0.0746, "Hazard_Severity": 0.2928, "Hazard_Index_raw": 0.1837, "municipality_name": "Maraú", "municipality_state": "BA", "municipality_distance_km": 0.0, "segment_count": 3, "metrics_index": 367}, "geometry": {"type": "LineString", "coordinates": [[-38.992, -13.9972], [-38.9928, -14.009], [-38.9956, -14.0191], [-38.9957, -14.0292]]}}, {"type": "Feature", "properties": {"source_grid_index": 367, "source_longitude": -38.8, "source_latitude": -14.0, "nearest_grid_distance_km": 20.9445, "compound_count_annual_mean": 1.03, "mean_overlap_duration": 2.82, "mean_compound_intensity_norm": 0.2169, "Hazard_Index": 0.19, "Hazard_Frequency": 0.0746, "Hazard_Severity": 0.2928, "Hazard_Index_raw": 0.1837, "municipality_name": "Camamu", "municipality_state": "BA", "municipality_distance_km": 0.0, "segment_count": 1, "metrics_index": 367}, "geometry": {"type": "LineString", "coordinates": [[-38.9957, -14.0292], [-38.9828, -14.0507]]}}, {"type": "Feature", "properties": {"source_grid_index": 367, "source_longitude": -38.8, "source_latitude": -14.0, "nearest_grid_distance_km": 20.7136, "compound_count_annual_mean": 1.03, "mean_overlap_duration": 2.82, "mean_compound_intensity_norm": 0.2169, "Hazard_Index": 0.19, "Hazard_Frequency": 0.0746, "Hazard_Severity": 0.2928, "Hazard_Index_raw": 0.1837, "municipality_name": "Maraú", "municipality_state": "BA", "municipality_distance_km": 0.0, "segment_count": 2, "metrics_index": 367}, "geometry": {"type": "LineString", "coordinates": [[-38.9828, -14.0507], [-38.9796, -14.0611], [-38.9808, -14.0695]]}}, {"type": "Feature", "properties": {"source_grid_index": 367, "source_longitude": -38.8, "source_latitude": -14.0, "nearest_grid_distance_km": 27.2846, "compound_count_annual_mean": 1.03, "mean_overlap_duration": 2.82, "mean_compound_intensity_norm": 0.2169, "Hazard_Index": 0.19, "Hazard_Frequency": 0.0746, "Hazard_Severity": 0.2928, "Hazard_Index_raw": 0.1837, "municipality_name": "Camamu", "municipality_state": "BA", "municipality_distance_km": 0.0, "segment_count": 7, "metrics_index": 367}, "geometry": {"type": "LineString", "coordinates": [[-38.9808, -14.0695], [-38.9886, -14.0729], [-39.0279, -14.0783], [-39.0399, -14.0751], [-39.0541, -14.0593], [-39.071, -14.0763], [-39.0729, -14.0859], [-39.0603, -14.0997]]}}, {"type": "Feature", "properties": {"source_grid_index": 365, "source_longitude": -38.8, "source_latitude": -14.2, "nearest_grid_distance_km": 30.7213, "compound_count_annual_mean": 0.91, "mean_overlap_duration": 2.93, "mean_compound_intensity_norm": 0.2182, "Hazard_Index": 0.2047, "Hazard_Frequency": 0.0627, "Hazard_Severity": 0.3316, "Hazard_Index_raw": 0.1971, "municipality_name": "Camamu", "municipality_state": "BA", "municipality_distance_km": 0.0, "segment_count": 2, "metrics_index": 365}, "geometry": {"type": "LineString", "coordinates": [[-39.0603, -14.0997], [-39.0668, -14.1056], [-39.0729, -14.1152]]}}, {"type": "Feature", "properties": {"source_grid_index": 365, "source_longitude": -38.8, "source_latitude": -14.2, "nearest_grid_distance_km": 28.3428, "compound_count_annual_mean": 0.91, "mean_overlap_duration": 2.93, "mean_compound_intensity_norm": 0.2182, "Hazard_Index": 0.2047, "Hazard_Frequency": 0.0627, "Hazard_Severity": 0.3316, "Hazard_Index_raw": 0.1971, "municipality_name": "Maraú", "municipality_state": "BA", "municipality_distance_km": 0.0, "segment_count": 10, "metrics_index": 365}, "geometry": {"type": "LineString", "coordinates": [[-39.0729, -14.1152], [-39.0762, -14.1274], [-39.0745, -14.1406], [-39.0667, -14.1501], [-39.0559, -14.155], [-39.0456, -14.1614], [-39.0398, -14.1754], [-39.0336, -14.1754], [-39.0453, -14.1545], [-39.057, -14.1336], [-39.0634, -14.11]]}}, {"type": "Feature", "properties": {"source_grid_index": 365, "source_longitude": -38.8, "source_latitude": -14.2, "nearest_grid_distance_km": 29.4357, "compound_count_annual_mean": 0.91, "mean_overlap_duration": 2.93, "mean_compound_intensity_norm": 0.2182, "Hazard_Index": 0.2047, "Hazard_Frequency": 0.0627, "Hazard_Severity": 0.3316, "Hazard_Index_raw": 0.1971, "municipality_name": "Camamu", "municipality_state": "BA", "municipality_distance_km": 0.0, "segment_count": 1, "metrics_index": 365}, "geometry": {"type": "LineString", "coordinates": [[-39.0634, -14.11], [-39.0432, -14.0997]]}}, {"type": "Feature", "properties": {"source_grid_index": 367, "source_longitude": -38.8, "source_latitude": -14.0, "nearest_grid_distance_km": 26.5125, "compound_count_annual_mean": 1.03, "mean_overlap_duration": 2.82, "mean_compound_intensity_norm": 0.2169, "Hazard_Index": 0.19, "Hazard_Frequency": 0.0746, "Hazard_Severity": 0.2928, "Hazard_Index_raw": 0.1837, "municipality_name": "Camamu", "municipality_state": "BA", "municipality_distance_km": 0.0, "segment_count": 2, "metrics_index": 367}, "geometry": {"type": "LineString", "coordinates": [[-39.0432, -14.0997], [-39.0243, -14.0969], [-39.0028, -14.0895]]}}, {"type": "Feature", "properties": {"source_grid_index": 367, "source_longitude": -38.8, "source_latitude": -14.0, "nearest_grid_distance_km": 19.0851, "compound_count_annual_mean": 1.03, "mean_overlap_duration": 2.82, "mean_compound_intensity_norm": 0.2169, "Hazard_Index": 0.19, "Hazard_Frequency": 0.0746, "Hazard_Severity": 0.2928, "Hazard_Index_raw": 0.1837, "municipality_name": "Maraú", "municipality_state": "BA", "municipality_distance_km": 0.0, "segment_count": 27, "metrics_index": 367}, "geometry": {"type": "LineString", "coordinates": [[-39.0028, -14.0895], [-38.9801, -14.0778], [-38.9573, -14.0661], [-38.9591, -14.0573], [-38.9584, -14.046], [-38.9597, -14.0362], [-38.9678, -14.0319], [-38.9723, -14.0266], [-38.9707, -14.0148], [-38.9647, -13.9972], [-38.9653, -13.992], [-38.9691, -13.9892], [-38.9714, -13.9863], [-38.9678, -13.9806], [-38.963, -13.9783], [-38.953, -13.977], [-38.951, -13.9736], [-38.9529, -13.9626], [-38.9581, -13.956], [-38.9667, -13.9521], [-38.9783, -13.9494], [-38.9757, -13.9457], [-38.9709, -13.9358], [-38.9875, -13.9399], [-38.99, -13.9308], [-38.9838, -13.9163], [-38.9746, -13.9045], [-38.9639, -13.8971]]}}, {"type": "Feature", "properties": {"source_grid_index": 369, "source_longitude": -38.8, "source_latitude": -13.8, "nearest_grid_distance_km": 18.7846, "compound_count_annual_mean": 1.12, "mean_overlap_duration": 3.16, "mean_compound_intensity_norm": 0.2061, "Hazard_Index": 0.1883, "Hazard_Frequency": 0.0836, "Hazard_Severity": 0.2807, "Hazard_Index_raw": 0.1821, "municipality_name": "Maraú", "municipality_state": "BA", "municipality_distance_km": 0.0, "segment_count": 3, "metrics_index": 369}, "geometry": {"type": "LineString", "coordinates": [[-38.9639, -13.8971], [-38.9489, -13.8903], [-38.9357, -13.8889], [-38.9299, -13.8976]]}}, {"type": "Feature", "properties": {"source_grid_index": 367, "source_longitude": -38.8, "source_latitude": -14.0, "nearest_grid_distance_km": 15.5309, "compound_count_annual_mean": 1.03, "mean_overlap_duration": 2.82, "mean_compound_intensity_norm": 0.2169, "Hazard_Index": 0.19, "Hazard_Frequency": 0.0746, "Hazard_Severity": 0.2928, "Hazard_Index_raw": 0.1837, "municipality_name": "Maraú", "municipality_state": "BA", "municipality_distance_km": 0.0, "segment_count": 6, "metrics_index": 367}, "geometry": {"type": "LineString", "coordinates": [[-38.9299, -13.8976], [-38.9295, -13.9404], [-38.9291, -13.9832], [-38.9237, -14.0041], [-38.9314, -14.0368], [-38.939, -14.0696], [-38.9467, -14.1023]]}}, {"type": "Feature", "properties": {"source_grid_index": 365, "source_longitude": -38.8, "source_latitude": -14.2, "nearest_grid_distance_km": 19.3171, "compound_count_annual_mean": 0.91, "mean_overlap_duration": 2.93, "mean_compound_intensity_norm": 0.2182, "Hazard_Index": 0.2047, "Hazard_Frequency": 0.0627, "Hazard_Severity": 0.3316, "Hazard_Index_raw": 0.1971, "municipality_name": "Maraú", "municipality_state": "BA", "municipality_distance_km": 1.4785, "segment_count": 7, "metrics_index": 365}, "geometry": {"type": "LineString", "coordinates": [[-38.9467, -14.1023], [-38.9593, -14.1222], [-38.9647, -14.1337], [-38.9669, -14.1459], [-38.9684, -14.17], [-38.9709, -14.1816], [-38.9892, -14.2123], [-38.992, -14.2267]]}}, {"type": "Feature", "properties": {"source_grid_index": 365, "source_longitude": -38.8, "source_latitude": -14.2, "nearest_grid_distance_km": 21.9218, "compound_count_annual_mean": 0.91, "mean_overlap_duration": 2.93, "mean_compound_intensity_norm": 0.2182, "Hazard_Index": 0.2047, "Hazard_Frequency": 0.0627, "Hazard_Severity": 0.3316, "Hazard_Index_raw": 0.1971, "municipality_name": "Itacaré", "municipality_state": "BA", "municipality_distance_km": 0.2252, "segment_count": 2, "metrics_index": 365}, "geometry": {"type": "LineString", "coordinates": [[-38.992, -14.2267], [-38.992, -14.2678], [-38.9842, -14.2994]]}}, {"type": "Feature", "properties": {"source_grid_index": 363, "source_longitude": -38.8, "source_latitude": -14.4, "nearest_grid_distance_km": 22.468, "compound_count_annual_mean": 0.88, "mean_overlap_duration": 2.93, "mean_compound_intensity_norm": 0.2168, "Hazard_Index": 0.2034, "Hazard_Frequency": 0.0597, "Hazard_Severity": 0.3321, "Hazard_Index_raw": 0.1959, "municipality_name": "Itacaré", "municipality_state": "BA", "municipality_distance_km": 0.1431, "segment_count": 9, "metrics_index": 363}, "geometry": {"type": "LineString", "coordinates": [[-38.9842, -14.2994], [-38.9852, -14.3126], [-38.9921, -14.325], [-39.0007, -14.3357], [-39.005, -14.3469], [-38.9989, -14.3603], [-39.0069, -14.3703], [-39.0076, -14.3832], [-39.0056, -14.3982], [-39.0057, -14.415]]}}, {"type": "Feature", "properties": {"source_grid_index": 363, "source_longitude": -38.8, "source_latitude": -14.4, "nearest_grid_distance_km": 24.5957, "compound_count_annual_mean": 0.88, "mean_overlap_duration": 2.93, "mean_compound_intensity_norm": 0.2168, "Hazard_Index": 0.2034, "Hazard_Frequency": 0.0597, "Hazard_Severity": 0.3321, "Hazard_Index_raw": 0.1959, "municipality_name": "Uruçuca", "municipality_state": "BA", "municipality_distance_km": 0.8924, "segment_count": 3, "metrics_index": 363}, "geometry": {"type": "LineString", "coordinates": [[-39.0057, -14.415], [-39.0159, -14.4391], [-39.0261, -14.4633], [-39.0299, -14.5012]]}}, {"type": "Feature", "properties": {"source_grid_index": 361, "source_longitude": -38.8, "source_latitude": -14.6, "nearest_grid_distance_km": 27.9141, "compound_count_annual_mean": 0.88, "mean_overlap_duration": 2.55, "mean_compound_intensity_norm": 0.201, "Hazard_Index": 0.1604, "Hazard_Frequency": 0.0597, "Hazard_Severity": 0.2538, "Hazard_Index_raw": 0.1568, "municipality_name": "Ilhéus", "municipality_state": "BA", "municipality_distance_km": 0.4112, "segment_count": 7, "metrics_index": 361}, "geometry": {"type": "LineString", "coordinates": [[-39.0299, -14.5012], [-39.0336, -14.5392], [-39.0425, -14.5656], [-39.0514, -14.592], [-39.0563, -14.6222], [-39.0656, -14.6549], [-39.0671, -14.675], [-39.0606, -14.7145]]}}, {"type": "Feature", "properties": {"source_grid_index": 359, "source_longitude": -38.8, "source_latitude": -14.8, "nearest_grid_distance_km": 26.2642, "compound_count_annual_mean": 0.94, "mean_overlap_duration": 2.68, "mean_compound_intensity_norm": 0.1813, "Hazard_Index": 0.1503, "Hazard_Frequency": 0.0657, "Hazard_Severity": 0.2294, "Hazard_Index_raw": 0.1476, "municipality_name": "Ilhéus", "municipality_state": "BA", "municipality_distance_km": 0.6616, "segment_count": 13, "metrics_index": 359}, "geometry": {"type": "LineString", "coordinates": [[-39.0606, -14.7145], [-39.0541, -14.7541], [-39.0509, -14.7658], [-39.0367, -14.7795], [-39.0336, -14.7923], [-39.0456, -14.7961], [-39.053, -14.8014], [-39.0541, -14.8122], [-39.0482, -14.8186], [-39.0392, -14.8176], [-39.0297, -14.8146], [-39.0227, -14.8159], [-39.0261, -14.8572], [-39.0229, -14.9003]]}}, {"type": "Feature", "properties": {"source_grid_index": 357, "source_longitude": -38.8, "source_latitude": -15.0, "nearest_grid_distance_km": 23.5783, "compound_count_annual_mean": 1.0, "mean_overlap_duration": 2.76, "mean_compound_intensity_norm": 0.1728, "Hazard_Index": 0.1273, "Hazard_Frequency": 0.0716, "Hazard_Severity": 0.1815, "Hazard_Index_raw": 0.1266, "municipality_name": "Ilhéus", "municipality_state": "BA", "municipality_distance_km": 0.0, "segment_count": 5, "metrics_index": 357}, "geometry": {"type": "LineString", "coordinates": [[-39.0229, -14.9003], [-39.0159, -14.9356], [-39.0089, -14.9709], [-39.0077, -15.0144], [-39.0066, -15.0579], [-39.0054, -15.1015]]}}, {"type": "Feature", "properties": {"source_grid_index": 355, "source_longitude": -38.8, "source_latitude": -15.2, "nearest_grid_distance_km": 22.3965, "compound_count_annual_mean": 1.24, "mean_overlap_duration": 2.68, "mean_compound_intensity_norm": 0.1695, "Hazard_Index": 0.1345, "Hazard_Frequency": 0.0955, "Hazard_Severity": 0.1707, "Hazard_Index_raw": 0.1331, "municipality_name": "Una", "municipality_state": "BA", "municipality_distance_km": 0.0, "segment_count": 5, "metrics_index": 355}, "geometry": {"type": "LineString", "coordinates": [[-39.0054, -15.1015], [-39.0042, -15.145], [-39.003, -15.1885], [-39.0018, -15.232], [-38.9944, -15.2626], [-38.987, -15.2931]]}}, {"type": "Feature", "properties": {"source_grid_index": 353, "source_longitude": -38.8, "source_latitude": -15.4, "nearest_grid_distance_km": 21.2128, "compound_count_annual_mean": 1.42, "mean_overlap_duration": 2.72, "mean_compound_intensity_norm": 0.1692, "Hazard_Index": 0.1424, "Hazard_Frequency": 0.1134, "Hazard_Severity": 0.1672, "Hazard_Index_raw": 0.1403, "municipality_name": "Una", "municipality_state": "BA", "municipality_distance_km": 0.2217, "segment_count": 2, "metrics_index": 353}, "geometry": {"type": "LineString", "coordinates": [[-38.987, -15.2931], [-38.9796, -15.3237], [-38.9765, -15.3665]]}}, {"type": "Feature", "properties": {"source_grid_index": 353, "source_longitude": -38.8, "source_latitude": -15.4, "nearest_grid_distance_km": 18.7827, "compound_count_annual_mean": 1.42, "mean_overlap_duration": 2.72, "mean_compound_intensity_norm": 0.1692, "Hazard_Index": 0.1424, "Hazard_Frequency": 0.1134, "Hazard_Severity": 0.1672, "Hazard_Index_raw": 0.1403, "municipality_name": "Canavieiras", "municipality_state": "BA", "municipality_distance_km": 0.0, "segment_count": 3, "metrics_index": 353}, "geometry": {"type": "LineString", "coordinates": [[-38.9765, -15.3665], [-38.9733, -15.4094], [-38.9658, -15.4484], [-38.9583, -15.4874]]}}, {"type": "Feature", "properties": {"source_grid_index": 351, "source_longitude": -38.8, "source_latitude": -15.6, "nearest_grid_distance_km": 16.6243, "compound_count_annual_mean": 1.52, "mean_overlap_duration": 2.52, "mean_compound_intensity_norm": 0.1545, "Hazard_Index": 0.1373, "Hazard_Frequency": 0.1224, "Hazard_Severity": 0.149, "Hazard_Index_raw": 0.1357, "municipality_name": "Canavieiras", "municipality_state": "BA", "municipality_distance_km": 0.0, "segment_count": 6, "metrics_index": 351}, "geometry": {"type": "LineString", "coordinates": [[-38.9583, -15.4874], [-38.9508, -15.5264], [-38.9433, -15.5654], [-38.9384, -15.6029], [-38.9336, -15.6405], [-38.9288, -15.678], [-38.9239, -15.7156]]}}, {"type": "Feature", "properties": {"source_grid_index": 348, "source_longitude": -38.8, "source_latitude": -15.8, "nearest_grid_distance_km": 13.2634, "compound_count_annual_mean": 1.88, "mean_overlap_duration": 2.44, "mean_compound_intensity_norm": 0.1635, "Hazard_Index": 0.1604, "Hazard_Frequency": 0.1582, "Hazard_Severity": 0.1552, "Hazard_Index_raw": 0.1567, "municipality_name": "Canavieiras", "municipality_state": "BA", "municipality_distance_km": 0.0, "segment_count": 3, "metrics_index": 348}, "geometry": {"type": "LineString", "coordinates": [[-38.9239, -15.7156], [-38.9144, -15.7365], [-38.9049, -15.7575], [-38.8924, -15.775]]}}, {"type": "Feature", "properties": {"source_grid_index": 348, "source_longitude": -38.8, "source_latitude": -15.8, "nearest_grid_distance_km": 9.7389, "compound_count_annual_mean": 1.88, "mean_overlap_duration": 2.44, "mean_compound_intensity_norm": 0.1635, "Hazard_Index": 0.1604, "Hazard_Frequency": 0.1582, "Hazard_Severity": 0.1552, "Hazard_Index_raw": 0.1567, "municipality_name": "Belmonte", "municipality_state": "BA", "municipality_distance_km": 0.0, "segment_count": 7, "metrics_index": 348}, "geometry": {"type": "LineString", "coordinates": [[-38.8924, -15.775], [-38.8886, -15.7829], [-38.8827, -15.8127], [-38.8779, -15.8224], [-38.8644, -15.8434], [-38.8617, -15.8543], [-38.867, -15.8697], [-38.8905, -15.9044]]}}, {"type": "Feature", "properties": {"source_grid_index": 346, "source_longitude": -38.8, "source_latitude": -16.0, "nearest_grid_distance_km": 14.1615, "compound_count_annual_mean": 2.06, "mean_overlap_duration": 2.75, "mean_compound_intensity_norm": 0.206, "Hazard_Index": 0.227, "Hazard_Frequency": 0.1761, "Hazard_Severity": 0.2588, "Hazard_Index_raw": 0.2174, "municipality_name": "Belmonte", "municipality_state": "BA", "municipality_distance_km": 0.0, "segment_count": 8, "metrics_index": 346}, "geometry": {"type": "LineString", "coordinates": [[-38.8905, -15.9044], [-38.8958, -15.9189], [-38.8988, -15.94], [-38.9112, -15.9726], [-38.9237, -16.0051], [-38.9242, -16.0236], [-38.9296, -16.0383], [-38.9442, -16.0666], [-38.9479, -16.0815]]}}, {"type": "Feature", "properties": {"source_grid_index": 344, "source_longitude": -38.8, "source_latitude": -16.2, "nearest_grid_distance_km": 19.8533, "compound_count_annual_mean": 2.15, "mean_overlap_duration": 2.79, "mean_compound_intensity_norm": 0.2096, "Hazard_Index": 0.2329, "Hazard_Frequency": 0.1851, "Hazard_Severity": 0.2606, "Hazard_Index_raw": 0.2228, "municipality_name": "Santa Cruz Cabrália", "municipality_state": "BA", "municipality_distance_km": 0.4676, "segment_count": 7, "metrics_index": 344}, "geometry": {"type": "LineString", "coordinates": [[-38.9479, -16.0815], [-38.9503, -16.1243], [-38.9527, -16.1671], [-38.9573, -16.1833], [-38.9776, -16.2181], [-38.998, -16.2529], [-39.0054, -16.2751], [-39.0077, -16.2992]]}}, {"type": "Feature", "properties": {"source_grid_index": 342, "source_longitude": -38.8, "source_latitude": -16.4, "nearest_grid_distance_km": 23.6068, "compound_count_annual_mean": 1.94, "mean_overlap_duration": 2.8, "mean_compound_intensity_norm": 0.2394, "Hazard_Index": 0.244, "Hazard_Frequency": 0.1642, "Hazard_Severity": 0.3018, "Hazard_Index_raw": 0.233, "municipality_name": "Santa Cruz Cabrália", "municipality_state": "BA", "municipality_distance_km": 1.7623, "segment_count": 2, "metrics_index": 342}, "geometry": {"type": "LineString", "coordinates": [[-39.0077, -16.2992], [-39.0057, -16.3266], [-39.0069, -16.3593]]}}, {"type": "Feature", "properties": {"source_grid_index": 342, "source_longitude": -38.8, "source_latitude": -16.4, "nearest_grid_distance_km": 22.9557, "compound_count_annual_mean": 1.94, "mean_overlap_duration": 2.8, "mean_compound_intensity_norm": 0.2394, "Hazard_Index": 0.244, "Hazard_Frequency": 0.1642, "Hazard_Severity": 0.3018, "Hazard_Index_raw": 0.233, "municipality_name": "Porto Seguro", "municipality_state": "BA", "municipality_distance_km": 0.0, "segment_count": 1, "metrics_index": 342}, "geometry": {"type": "LineString", "coordinates": [[-39.0069, -16.3593], [-39.0184, -16.3831]]}}, {"type": "Feature", "properties": {"source_grid_index": 340, "source_longitude": -39.0, "source_latitude": -16.6, "nearest_grid_distance_km": 14.8497, "compound_count_annual_mean": 2.27, "mean_overlap_duration": 2.56, "mean_compound_intensity_norm": 0.1752, "Hazard_Index": 0.202, "Hazard_Frequency": 0.197, "Hazard_Severity": 0.1922, "Hazard_Index_raw": 0.1946, "municipality_name": "Porto Seguro", "municipality_state": "BA", "municipality_distance_km": 1.1478, "segment_count": 11, "metrics_index": 340}, "geometry": {"type": "LineString", "coordinates": [[-39.0184, -16.3831], [-39.0362, -16.4098], [-39.0541, -16.4365], [-39.0496, -16.447], [-39.0506, -16.4567], [-39.0603, -16.4781], [-39.0667, -16.5141], [-39.0731, -16.55], [-39.0795, -16.5859], [-39.0859, -16.6219], [-39.0923, -16.6578], [-39.1032, -16.6934]]}}, {"type": "Feature", "properties": {"source_grid_index": 338, "source_longitude": -39.0, "source_latitude": -16.8, "nearest_grid_distance_km": 15.0516, "compound_count_annual_mean": 2.18, "mean_overlap_duration": 2.42, "mean_compound_intensity_norm": 0.1918, "Hazard_Index": 0.2092, "Hazard_Frequency": 0.1881, "Hazard_Severity": 0.2144, "Hazard_Index_raw": 0.2012, "municipality_name": "Porto Seguro", "municipality_state": "BA", "municipality_distance_km": 0.0368, "segment_count": 8, "metrics_index": 338}, "geometry": {"type": "LineString", "coordinates": [[-39.1032, -16.6934], [-39.1141, -16.729], [-39.1251, -16.7646], [-39.136, -16.8002], [-39.136, -16.8224], [-39.136, -16.8447], [-39.1338, -16.8557], [-39.1217, -16.8785], [-39.1216, -16.892]]}}, {"type": "Feature", "properties": {"source_grid_index": 338, "source_longitude": -39.0, "source_latitude": -16.8, "nearest_grid_distance_km": 16.9678, "compound_count_annual_mean": 2.18, "mean_overlap_duration": 2.42, "mean_compound_intensity_norm": 0.1918, "Hazard_Index": 0.2092, "Hazard_Frequency": 0.1881, "Hazard_Severity": 0.2144, "Hazard_Index_raw": 0.2012, "municipality_name": "Prado", "municipality_state": "BA", "municipality_distance_km": 0.0, "segment_count": 1, "metrics_index": 338}, "geometry": {"type": "LineString", "coordinates": [[-39.1216, -16.892], [-39.1236, -16.8979]]}}, {"type": "Feature", "properties": {"source_grid_index": 336, "source_longitude": -39.0, "source_latitude": -17.0, "nearest_grid_distance_km": 18.0103, "compound_count_annual_mean": 2.21, "mean_overlap_duration": 2.38, "mean_compound_intensity_norm": 0.2015, "Hazard_Index": 0.2188, "Hazard_Frequency": 0.191, "Hazard_Severity": 0.2289, "Hazard_Index_raw": 0.21, "municipality_name": "Prado", "municipality_state": "BA", "municipality_distance_km": 0.0, "segment_count": 6, "metrics_index": 336}, "geometry": {"type": "LineString", "coordinates": [[-39.1236, -16.8979], [-39.1366, -16.9242], [-39.1496, -16.9505], [-39.156, -16.9923], [-39.1624, -17.0341], [-39.1688, -17.0759], [-39.1837, -17.1149]]}}, {"type": "Feature", "properties": {"source_grid_index": 334, "source_longitude": -39.0, "source_latitude": -17.2, "nearest_grid_distance_km": 22.9296, "compound_count_annual_mean": 2.0, "mean_overlap_duration": 2.15, "mean_compound_intensity_norm": 0.2033, "Hazard_Index": 0.2007, "Hazard_Frequency": 0.1701, "Hazard_Severity": 0.2167, "Hazard_Index_raw": 0.1934, "municipality_name": "Prado", "municipality_state": "BA", "municipality_distance_km": 0.5416, "segment_count": 6, "metrics_index": 334}, "geometry": {"type": "LineString", "coordinates": [[-39.1837, -17.1149], [-39.2021, -17.1442], [-39.2086, -17.1622], [-39.2108, -17.1954], [-39.213, -17.2287], [-39.2152, -17.2619], [-39.2174, -17.2951]]}}, {"type": "Feature", "properties": {"source_grid_index": 332, "source_longitude": -39.0, "source_latitude": -17.4, "nearest_grid_distance_km": 22.1432, "compound_count_annual_mean": 2.03, "mean_overlap_duration": 1.94, "mean_compound_intensity_norm": 0.1944, "Hazard_Index": 0.1801, "Hazard_Frequency": 0.1731, "Hazard_Severity": 0.1763, "Hazard_Index_raw": 0.1747, "municipality_name": "Prado", "municipality_state": "BA", "municipality_distance_km": 0.4296, "segment_count": 5, "metrics_index": 332}, "geometry": {"type": "LineString", "coordinates": [[-39.2174, -17.2951], [-39.2132, -17.3386], [-39.2091, -17.3821], [-39.1995, -17.4062], [-39.19, -17.4303], [-39.1863, -17.4521]]}}, {"type": "Feature", "properties": {"source_grid_index": 332, "source_longitude": -39.0, "source_latitude": -17.4, "nearest_grid_distance_km": 21.5049, "compound_count_annual_mean": 2.03, "mean_overlap_duration": 1.94, "mean_compound_intensity_norm": 0.1944, "Hazard_Index": 0.1801, "Hazard_Frequency": 0.1731, "Hazard_Severity": 0.1763, "Hazard_Index_raw": 0.1747, "municipality_name": "Alcobaça", "municipality_state": "BA", "municipality_distance_km": 0.5249, "segment_count": 1, "metrics_index": 332}, "geometry": {"type": "LineString", "coordinates": [[-39.1863, -17.4521], [-39.187, -17.4942]]}}, {"type": "Feature", "properties": {"source_grid_index": 330, "source_longitude": -39.0, "source_latitude": -17.6, "nearest_grid_distance_km": 19.2609, "compound_count_annual_mean": 2.94, "mean_overlap_duration": 2.24, "mean_compound_intensity_norm": 0.2148, "Hazard_Index": 0.269, "Hazard_Frequency": 0.2627, "Hazard_Severity": 0.2489, "Hazard_Index_raw": 0.2558, "municipality_name": "Alcobaça", "municipality_state": "BA", "municipality_distance_km": 0.4243, "segment_count": 6, "metrics_index": 330}, "geometry": {"type": "LineString", "coordinates": [[-39.187, -17.4942], [-39.1877, -17.5363], [-39.1884, -17.5784], [-39.1837, -17.6008], [-39.1667, -17.634], [-39.147, -17.6572], [-39.1371, -17.6796]]}}, {"type": "Feature", "properties": {"source_grid_index": 330, "source_longitude": -39.0, "source_latitude": -17.6, "nearest_grid_distance_km": 18.6852, "compound_count_annual_mean": 2.94, "mean_overlap_duration": 2.24, "mean_compound_intensity_norm": 0.2148, "Hazard_Index": 0.269, "Hazard_Frequency": 0.2627, "Hazard_Severity": 0.2489, "Hazard_Index_raw": 0.2558, "municipality_name": "Caravelas", "municipality_state": "BA", "municipality_distance_km": 0.0, "segment_count": 1, "metrics_index": 330}, "geometry": {"type": "LineString", "coordinates": [[-39.1371, -17.6796], [-39.1496, -17.7107]]}}, {"type": "Feature", "properties": {"source_grid_index": 328, "source_longitude": -39.0, "source_latitude": -17.8, "nearest_grid_distance_km": 21.174, "compound_count_annual_mean": 3.55, "mean_overlap_duration": 2.36, "mean_compound_intensity_norm": 0.2824, "Hazard_Index": 0.3851, "Hazard_Frequency": 0.3224, "Hazard_Severity": 0.4009, "Hazard_Index_raw": 0.3616, "municipality_name": "Caravelas", "municipality_state": "BA", "municipality_distance_km": 0.6424, "segment_count": 3, "metrics_index": 328}, "geometry": {"type": "LineString", "coordinates": [[-39.1496, -17.7107], [-39.177, -17.7382], [-39.2043, -17.7657], [-39.2316, -17.7932]]}}, {"type": "Feature", "properties": {"source_grid_index": 325, "source_longitude": -39.2, "source_latitude": -18.0, "nearest_grid_distance_km": 20.9155, "compound_count_annual_mean": 3.7, "mean_overlap_duration": 2.36, "mean_compound_intensity_norm": 0.3051, "Hazard_Index": 0.418, "Hazard_Frequency": 0.3373, "Hazard_Severity": 0.446, "Hazard_Index_raw": 0.3916, "municipality_name": "Caravelas", "municipality_state": "BA", "municipality_distance_km": 0.0, "segment_count": 3, "metrics_index": 325}, "geometry": {"type": "LineString", "coordinates": [[-39.2316, -17.7932], [-39.2589, -17.8207], [-39.2682, -17.8365], [-39.2714, -17.8463]]}}, {"type": "Feature", "properties": {"source_grid_index": 325, "source_longitude": -39.2, "source_latitude": -18.0, "nearest_grid_distance_km": 17.5478, "compound_count_annual_mean": 3.7, "mean_overlap_duration": 2.36, "mean_compound_intensity_norm": 0.3051, "Hazard_Index": 0.418, "Hazard_Frequency": 0.3373, "Hazard_Severity": 0.446, "Hazard_Index_raw": 0.3916, "municipality_name": "Nova Viçosa", "municipality_state": "BA", "municipality_distance_km": 0.0, "segment_count": 4, "metrics_index": 325}, "geometry": {"type": "LineString", "coordinates": [[-39.2714, -17.8463], [-39.2726, -17.8586], [-39.2751, -17.8669], [-39.2814, -17.871], [-39.2893, -17.8741]]}}, {"type": "Feature", "properties": {"source_grid_index": 324, "source_longitude": -39.4, "source_latitude": -18.0, "nearest_grid_distance_km": 11.2186, "compound_count_annual_mean": 3.79, "mean_overlap_duration": 2.38, "mean_compound_intensity_norm": 0.2742, "Hazard_Index": 0.3931, "Hazard_Frequency": 0.3463, "Hazard_Severity": 0.3916, "Hazard_Index_raw": 0.3689, "municipality_name": "Nova Viçosa", "municipality_state": "BA", "municipality_distance_km": 0.0, "segment_count": 7, "metrics_index": 324}, "geometry": {"type": "LineString", "coordinates": [[-39.2893, -17.8741], [-39.3142, -17.8903], [-39.3483, -17.8968], [-39.3824, -17.9033], [-39.4178, -17.921], [-39.4502, -17.948], [-39.4746, -17.9768], [-39.4991, -18.0056]]}}, {"type": "Feature", "properties": {"source_grid_index": 324, "source_longitude": -39.4, "source_latitude": -18.0, "nearest_grid_distance_km": 15.1843, "compound_count_annual_mean": 3.79, "mean_overlap_duration": 2.38, "mean_compound_intensity_norm": 0.2742, "Hazard_Index": 0.3931, "Hazard_Frequency": 0.3463, "Hazard_Severity": 0.3916, "Hazard_Index_raw": 0.3689, "municipality_name": "Mucuri", "municipality_state": "BA", "municipality_distance_km": 0.0, "segment_count": 3, "metrics_index": 324}, "geometry": {"type": "LineString", "coordinates": [[-39.4991, -18.0056], [-39.5201, -18.0368], [-39.541, -18.068], [-39.562, -18.0991]]}}, {"type": "Feature", "properties": {"source_grid_index": 321, "source_longitude": -39.4, "source_latitude": -18.2, "nearest_grid_distance_km": 21.6381, "compound_count_annual_mean": 3.24, "mean_overlap_duration": 2.21, "mean_compound_intensity_norm": 0.288, "Hazard_Index": 0.3617, "Hazard_Frequency": 0.2925, "Hazard_Severity": 0.3881, "Hazard_Index_raw": 0.3403, "municipality_name": "Mucuri", "municipality_state": "BA", "municipality_distance_km": 0.0, "segment_count": 3, "metrics_index": 321}, "geometry": {"type": "LineString", "coordinates": [[-39.562, -18.0991], [-39.583, -18.1303], [-39.604, -18.1615], [-39.625, -18.1926]]}}, {"type": "Feature", "properties": {"source_grid_index": 319, "source_longitude": -39.6, "source_latitude": -18.4, "nearest_grid_distance_km": 16.56, "compound_count_annual_mean": 2.94, "mean_overlap_duration": 1.97, "mean_compound_intensity_norm": 0.2465, "Hazard_Index": 0.2854, "Hazard_Frequency": 0.2627, "Hazard_Severity": 0.2788, "Hazard_Index_raw": 0.2707, "municipality_name": "Mucuri", "municipality_state": "BA", "municipality_distance_km": 0.0, "segment_count": 4, "metrics_index": 319}, "geometry": {"type": "LineString", "coordinates": [[-39.625, -18.1926], [-39.6422, -18.2331], [-39.6594, -18.2736], [-39.666, -18.2984], [-39.6726, -18.3232]]}}, {"type": "Feature", "properties": {"source_grid_index": 319, "source_longitude": -39.6, "source_latitude": -18.4, "nearest_grid_distance_km": 12.2114, "compound_count_annual_mean": 2.94, "mean_overlap_duration": 1.97, "mean_compound_intensity_norm": 0.2465, "Hazard_Index": 0.2854, "Hazard_Frequency": 0.2627, "Hazard_Severity": 0.2788, "Hazard_Index_raw": 0.2707, "municipality_name": "Conceição da Barra", "municipality_state": "ES", "municipality_distance_km": 0.0, "segment_count": 5, "metrics_index": 319}, "geometry": {"type": "LineString", "coordinates": [[-39.6726, -18.3232], [-39.683, -18.3623], [-39.6934, -18.4014], [-39.7039, -18.4405], [-39.7143, -18.4796], [-39.7247, -18.5187]]}}, {"type": "Feature", "properties": {"source_grid_index": 317, "source_longitude": -39.6, "source_latitude": -18.6, "nearest_grid_distance_km": 15.1252, "compound_count_annual_mean": 2.64, "mean_overlap_duration": 2.02, "mean_compound_intensity_norm": 0.2379, "Hazard_Index": 0.2607, "Hazard_Frequency": 0.2328, "Hazard_Severity": 0.2636, "Hazard_Index_raw": 0.2482, "municipality_name": "Conceição da Barra", "municipality_state": "ES", "municipality_distance_km": 0.187, "segment_count": 4, "metrics_index": 317}, "geometry": {"type": "LineString", "coordinates": [[-39.7247, -18.5187], [-39.7297, -18.5595], [-39.7348, -18.6002], [-39.7398, -18.641], [-39.7449, -18.6817]]}}, {"type": "Feature", "properties": {"source_grid_index": 315, "source_longitude": -39.6, "source_latitude": -18.8, "nearest_grid_distance_km": 19.023, "compound_count_annual_mean": 2.45, "mean_overlap_duration": 1.99, "mean_compound_intensity_norm": 0.2242, "Hazard_Index": 0.2371, "Hazard_Frequency": 0.2149, "Hazard_Severity": 0.2384, "Hazard_Index_raw": 0.2267, "municipality_name": "Conceição da Barra", "municipality_state": "ES", "municipality_distance_km": 0.1354, "segment_count": 1, "metrics_index": 315}, "geometry": {"type": "LineString", "coordinates": [[-39.7449, -18.6817], [-39.7442, -18.7185]]}}, {"type": "Feature", "properties": {"source_grid_index": 315, "source_longitude": -39.6, "source_latitude": -18.8, "nearest_grid_distance_km": 16.1741, "compound_count_annual_mean": 2.45, "mean_overlap_duration": 1.99, "mean_compound_intensity_norm": 0.2242, "Hazard_Index": 0.2371, "Hazard_Frequency": 0.2149, "Hazard_Severity": 0.2384, "Hazard_Index_raw": 0.2267, "municipality_name": "São Mateus", "municipality_state": "ES", "municipality_distance_km": 0.3486, "segment_count": 5, "metrics_index": 315}, "geometry": {"type": "LineString", "coordinates": [[-39.7442, -18.7185], [-39.7436, -18.7552], [-39.743, -18.7919], [-39.7424, -18.8287], [-39.7417, -18.8654], [-39.7411, -18.9021]]}}, {"type": "Feature", "properties": {"source_grid_index": 313, "source_longitude": -39.6, "source_latitude": -19.0, "nearest_grid_distance_km": 14.9558, "compound_count_annual_mean": 2.33, "mean_overlap_duration": 2.03, "mean_compound_intensity_norm": 0.2362, "Hazard_Index": 0.2344, "Hazard_Frequency": 0.203, "Hazard_Severity": 0.2455, "Hazard_Index_raw": 0.2242, "municipality_name": "São Mateus", "municipality_state": "ES", "municipality_distance_km": 0.4795, "segment_count": 5, "metrics_index": 313}, "geometry": {"type": "LineString", "coordinates": [[-39.7411, -18.9021], [-39.7367, -18.9398], [-39.7324, -18.9775], [-39.728, -19.0152], [-39.7236, -19.0528], [-39.7192, -19.0905]]}}, {"type": "Feature", "properties": {"source_grid_index": 311, "source_longitude": -39.6, "source_latitude": -19.2, "nearest_grid_distance_km": 13.0536, "compound_count_annual_mean": 2.64, "mean_overlap_duration": 1.98, "mean_compound_intensity_norm": 0.2291, "Hazard_Index": 0.2534, "Hazard_Frequency": 0.2328, "Hazard_Severity": 0.2502, "Hazard_Index_raw": 0.2415, "municipality_name": "Linhares", "municipality_state": "ES", "municipality_distance_km": 0.1076, "segment_count": 6, "metrics_index": 311}, "geometry": {"type": "LineString", "coordinates": [[-39.7192, -19.0905], [-39.714, -19.1279], [-39.7087, -19.1652], [-39.7034, -19.2026], [-39.6981, -19.2399], [-39.6989, -19.274], [-39.6997, -19.308]]}}, {"type": "Feature", "properties": {"source_grid_index": 309, "source_longitude": -39.6, "source_latitude": -19.4, "nearest_grid_distance_km": 13.0677, "compound_count_annual_mean": 3.06, "mean_overlap_duration": 2.1, "mean_compound_intensity_norm": 0.225, "Hazard_Index": 0.2751, "Hazard_Frequency": 0.2746, "Hazard_Severity": 0.2481, "Hazard_Index_raw": 0.2614, "municipality_name": "Linhares", "municipality_state": "ES", "municipality_distance_km": 0.0, "segment_count": 5, "metrics_index": 309}, "geometry": {"type": "LineString", "coordinates": [[-39.6997, -19.308], [-39.7006, -19.3421], [-39.7014, -19.3762], [-39.7098, -19.4161], [-39.7251, -19.4533], [-39.7404, -19.4904]]}}, {"type": "Feature", "properties": {"source_grid_index": 307, "source_longitude": -39.6, "source_latitude": -19.6, "nearest_grid_distance_km": 18.5655, "compound_count_annual_mean": 2.91, "mean_overlap_duration": 2.16, "mean_compound_intensity_norm": 0.2624, "Hazard_Index": 0.3073, "Hazard_Frequency": 0.2597, "Hazard_Severity": 0.3217, "Hazard_Index_raw": 0.2907, "municipality_name": "Linhares", "municipality_state": "ES", "municipality_distance_km": 0.0534, "segment_count": 3, "metrics_index": 307}, "geometry": {"type": "LineString", "coordinates": [[-39.7404, -19.4904], [-39.7556, -19.5276], [-39.7709, -19.5648], [-39.7862, -19.602]]}}, {"type": "Feature", "properties": {"source_grid_index": 304, "source_longitude": -39.8, "source_latitude": -19.8, "nearest_grid_distance_km": 17.7942, "compound_count_annual_mean": 3.09, "mean_overlap_duration": 2.13, "mean_compound_intensity_norm": 0.2617, "Hazard_Index": 0.3203, "Hazard_Frequency": 0.2776, "Hazard_Severity": 0.3275, "Hazard_Index_raw": 0.3026, "municipality_name": "Linhares", "municipality_state": "ES", "municipality_distance_km": 0.4183, "segment_count": 4, "metrics_index": 304}, "geometry": {"type": "LineString", "coordinates": [[-39.7862, -19.602], [-39.807, -19.6362], [-39.8349, -19.6572], [-39.8736, -19.6732], [-39.9123, -19.6892]]}}, {"type": "Feature", "properties": {"source_grid_index": 303, "source_longitude": -40.0, "source_latitude": -19.8, "nearest_grid_distance_km": 8.3034, "compound_count_annual_mean": 3.94, "mean_overlap_duration": 2.02, "mean_compound_intensity_norm": 0.2322, "Hazard_Index": 0.3362, "Hazard_Frequency": 0.3612, "Hazard_Severity": 0.2729, "Hazard_Index_raw": 0.3171, "municipality_name": "Aracruz", "municipality_state": "ES", "municipality_distance_km": 0.0, "segment_count": 8, "metrics_index": 303}, "geometry": {"type": "LineString", "coordinates": [[-39.9123, -19.6892], [-39.951, -19.7052], [-39.9802, -19.7261], [-40.0094, -19.747], [-40.0268, -19.7644], [-40.041, -19.7972], [-40.0552, -19.8299], [-40.0694, -19.8627], [-40.0836, -19.8954]]}}, {"type": "Feature", "properties": {"source_grid_index": 300, "source_longitude": -40.0, "source_latitude": -20.0, "nearest_grid_distance_km": 14.7262, "compound_count_annual_mean": 3.06, "mean_overlap_duration": 2.13, "mean_compound_intensity_norm": 0.2519, "Hazard_Index": 0.3062, "Hazard_Frequency": 0.2746, "Hazard_Severity": 0.3048, "Hazard_Index_raw": 0.2897, "municipality_name": "Aracruz", "municipality_state": "ES", "municipality_distance_km": 0.973, "segment_count": 8, "metrics_index": 300}, "geometry": {"type": "LineString", "coordinates": [[-40.0836, -19.8954], [-40.0881, -19.9145], [-40.0974, -19.9306], [-40.1417, -19.9456], [-40.1571, -19.9589], [-40.1344, -19.9589], [-40.132, -19.9719], [-40.1392, -19.9974], [-40.1465, -20.023]]}}, {"type": "Feature", "properties": {"source_grid_index": 300, "source_longitude": -40.0, "source_latitude": -20.0, "nearest_grid_distance_km": 17.7769, "compound_count_annual_mean": 3.06, "mean_overlap_duration": 2.13, "mean_compound_intensity_norm": 0.2519, "Hazard_Index": 0.3062, "Hazard_Frequency": 0.2746, "Hazard_Severity": 0.3048, "Hazard_Index_raw": 0.2897, "municipality_name": "Fundão", "municipality_state": "ES", "municipality_distance_km": 0.8062, "segment_count": 5, "metrics_index": 300}, "geometry": {"type": "LineString", "coordinates": [[-40.1465, -20.023], [-40.1539, -20.0276], [-40.1627, -20.0296], [-40.17, -20.0339], [-40.1786, -20.0434], [-40.1775, -20.0585]]}}, {"type": "Feature", "properties": {"source_grid_index": 300, "source_longitude": -40.0, "source_latitude": -20.0, "nearest_grid_distance_km": 19.9347, "compound_count_annual_mean": 3.06, "mean_overlap_duration": 2.13, "mean_compound_intensity_norm": 0.2519, "Hazard_Index": 0.3062, "Hazard_Frequency": 0.2746, "Hazard_Severity": 0.3048, "Hazard_Index_raw": 0.2897, "municipality_name": "Serra", "municipality_state": "ES", "municipality_distance_km": 0.5738, "segment_count": 3, "metrics_index": 300}, "geometry": {"type": "LineString", "coordinates": [[-40.1775, -20.0585], [-40.1754, -20.0673], [-40.1661, -20.0865], [-40.1639, -20.0961]]}}, {"type": "Feature", "properties": {"source_grid_index": 292, "source_longitude": -40.0, "source_latitude": -20.2, "nearest_grid_distance_km": 20.2465, "compound_count_annual_mean": 2.45, "mean_overlap_duration": 2.25, "mean_compound_intensity_norm": 0.2544, "Hazard_Index": 0.2632, "Hazard_Frequency": 0.2149, "Hazard_Severity": 0.286, "Hazard_Index_raw": 0.2504, "municipality_name": "Serra", "municipality_state": "ES", "municipality_distance_km": 0.8305, "segment_count": 6, "metrics_index": 292}, "geometry": {"type": "LineString", "coordinates": [[-40.1639, -20.0961], [-40.1659, -20.1059], [-40.1754, -20.1253], [-40.1832, -20.1576], [-40.191, -20.1899], [-40.1949, -20.1985], [-40.2025, -20.2077]]}}, {"type": "Feature", "properties": {"source_grid_index": 283, "source_longitude": -40.2, "source_latitude": -20.4, "nearest_grid_distance_km": 19.4006, "compound_count_annual_mean": 3.12, "mean_overlap_duration": 1.9, "mean_compound_intensity_norm": 0.2116, "Hazard_Index": 0.2509, "Hazard_Frequency": 0.2806, "Hazard_Severity": 0.1979, "Hazard_Index_raw": 0.2392, "municipality_name": "Serra", "municipality_state": "ES", "municipality_distance_km": 0.0, "segment_count": 2, "metrics_index": 283}, "geometry": {"type": "LineString", "coordinates": [[-40.2025, -20.2077], [-40.2127, -20.2296], [-40.2228, -20.2516]]}}, {"type": "Feature", "properties": {"source_grid_index": 283, "source_longitude": -40.2, "source_latitude": -20.4, "nearest_grid_distance_km": 16.3191, "compound_count_annual_mean": 3.12, "mean_overlap_duration": 1.9, "mean_compound_intensity_norm": 0.2116, "Hazard_Index": 0.2509, "Hazard_Frequency": 0.2806, "Hazard_Severity": 0.1979, "Hazard_Index_raw": 0.2392, "municipality_name": "Vitória", "municipality_state": "ES", "municipality_distance_km": 0.0, "segment_count": 11, "metrics_index": 283}, "geometry": {"type": "LineString", "coordinates": [[-40.2228, -20.2516], [-40.2328, -20.2668], [-40.2415, -20.2756], [-40.2444, -20.2775], [-40.2472, -20.2735], [-40.2561, -20.2638], [-40.2662, -20.2605], [-40.2735, -20.2675], [-40.2799, -20.277], [-40.2867, -20.281], [-40.2981, -20.2737], [-40.2932, -20.245]]}}, {"type": "Feature", "properties": {"source_grid_index": 283, "source_longitude": -40.2, "source_latitude": -20.4, "nearest_grid_distance_km": 20.907, "compound_count_annual_mean": 3.12, "mean_overlap_duration": 1.9, "mean_compound_intensity_norm": 0.2116, "Hazard_Index": 0.2509, "Hazard_Frequency": 0.2806, "Hazard_Severity": 0.1979, "Hazard_Index_raw": 0.2392, "municipality_name": "Serra", "municipality_state": "ES", "municipality_distance_km": 0.0, "segment_count": 1, "metrics_index": 283}, "geometry": {"type": "LineString", "coordinates": [[-40.2932, -20.245], [-40.3004, -20.2327]]}}, {"type": "Feature", "properties": {"source_grid_index": 283, "source_longitude": -40.2, "source_latitude": -20.4, "nearest_grid_distance_km": 22.3501, "compound_count_annual_mean": 3.12, "mean_overlap_duration": 1.9, "mean_compound_intensity_norm": 0.2116, "Hazard_Index": 0.2509, "Hazard_Frequency": 0.2806, "Hazard_Severity": 0.1979, "Hazard_Index_raw": 0.2392, "municipality_name": "Vitória", "municipality_state": "ES", "municipality_distance_km": 0.0, "segment_count": 1, "metrics_index": 283}, "geometry": {"type": "LineString", "coordinates": [[-40.3004, -20.2327], [-40.3164, -20.228]]}}, {"type": "Feature", "properties": {"source_grid_index": 283, "source_longitude": -40.2, "source_latitude": -20.4, "nearest_grid_distance_km": 23.909, "compound_count_annual_mean": 3.12, "mean_overlap_duration": 1.9, "mean_compound_intensity_norm": 0.2116, "Hazard_Index": 0.2509, "Hazard_Frequency": 0.2806, "Hazard_Severity": 0.1979, "Hazard_Index_raw": 0.2392, "municipality_name": "Serra", "municipality_state": "ES", "municipality_distance_km": 0.0, "segment_count": 5, "metrics_index": 283}, "geometry": {"type": "LineString", "coordinates": [[-40.3164, -20.228], [-40.336, -20.2276], [-40.3693, -20.2327], [-40.3562, -20.2433], [-40.3509, -20.2565], [-40.3566, -20.2664]]}}, {"type": "Feature", "properties": {"source_grid_index": 283, "source_longitude": -40.2, "source_latitude": -20.4, "nearest_grid_distance_km": 21.8008, "compound_count_annual_mean": 3.12, "mean_overlap_duration": 1.9, "mean_compound_intensity_norm": 0.2116, "Hazard_Index": 0.2509, "Hazard_Frequency": 0.2806, "Hazard_Severity": 0.1979, "Hazard_Index_raw": 0.2392, "municipality_name": "Vitória", "municipality_state": "ES", "municipality_distance_km": 2.6555, "segment_count": 8, "metrics_index": 283}, "geometry": {"type": "LineString", "coordinates": [[-40.3566, -20.2664], [-40.3761, -20.2668], [-40.3761, -20.2742], [-40.3717, -20.2756], [-40.3687, -20.277], [-40.3619, -20.281], [-40.3705, -20.301], [-40.366, -20.3232], [-40.3479, -20.3262]]}}, {"type": "Feature", "properties": {"source_grid_index": 283, "source_longitude": -40.2, "source_latitude": -20.4, "nearest_grid_distance_km": 15.4014, "compound_count_annual_mean": 3.12, "mean_overlap_duration": 1.9, "mean_compound_intensity_norm": 0.2116, "Hazard_Index": 0.2509, "Hazard_Frequency": 0.2806, "Hazard_Severity": 0.1979, "Hazard_Index_raw": 0.2392, "municipality_name": "Vila Velha", "municipality_state": "ES", "municipality_distance_km": 0.0, "segment_count": 3, "metrics_index": 283}, "geometry": {"type": "LineString", "coordinates": [[-40.3479, -20.3262], [-40.3239, -20.3248], [-40.3254, -20.3375], [-40.3147, -20.3343]]}}, {"type": "Feature", "properties": {"source_grid_index": 283, "source_longitude": -40.2, "source_latitude": -20.4, "nearest_grid_distance_km": 13.7109, "compound_count_annual_mean": 3.12, "mean_overlap_duration": 1.9, "mean_compound_intensity_norm": 0.2116, "Hazard_Index": 0.2509, "Hazard_Frequency": 0.2806, "Hazard_Severity": 0.1979, "Hazard_Index_raw": 0.2392, "municipality_name": "Vitória", "municipality_state": "ES", "municipality_distance_km": 0.0, "segment_count": 2, "metrics_index": 283}, "geometry": {"type": "LineString", "coordinates": [[-40.3147, -20.3343], [-40.3006, -20.3194], [-40.2825, -20.3142]]}}, {"type": "Feature", "properties": {"source_grid_index": 283, "source_longitude": -40.2, "source_latitude": -20.4, "nearest_grid_distance_km": 11.8245, "compound_count_annual_mean": 3.12, "mean_overlap_duration": 1.9, "mean_compound_intensity_norm": 0.2116, "Hazard_Index": 0.2509, "Hazard_Frequency": 0.2806, "Hazard_Severity": 0.1979, "Hazard_Index_raw": 0.2392, "municipality_name": "Vila Velha", "municipality_state": "ES", "municipality_distance_km": 0.2523, "segment_count": 8, "metrics_index": 283}, "geometry": {"type": "LineString", "coordinates": [[-40.2825, -20.3142], [-40.2595, -20.3215], [-40.2751, -20.3339], [-40.2906, -20.3507], [-40.3025, -20.3709], [-40.3076, -20.3941], [-40.3127, -20.4173], [-40.3246, -20.4365], [-40.3365, -20.4557]]}}, {"type": "Feature", "properties": {"source_grid_index": 273, "source_longitude": -40.4, "source_latitude": -20.6, "nearest_grid_distance_km": 13.4721, "compound_count_annual_mean": 3.3, "mean_overlap_duration": 1.75, "mean_compound_intensity_norm": 0.1912, "Hazard_Index": 0.2338, "Hazard_Frequency": 0.2985, "Hazard_Severity": 0.1489, "Hazard_Index_raw": 0.2237, "municipality_name": "Vila Velha", "municipality_state": "ES", "municipality_distance_km": 0.1502, "segment_count": 3, "metrics_index": 273}, "geometry": {"type": "LineString", "coordinates": [[-40.3365, -20.4557], [-40.3426, -20.4779], [-40.3487, -20.5001], [-40.3727, -20.5346]]}}, {"type": "Feature", "properties": {"source_grid_index": 273, "source_longitude": -40.4, "source_latitude": -20.6, "nearest_grid_distance_km": 7.066, "compound_count_annual_mean": 3.3, "mean_overlap_duration": 1.75, "mean_compound_intensity_norm": 0.1912, "Hazard_Index": 0.2338, "Hazard_Frequency": 0.2985, "Hazard_Severity": 0.1489, "Hazard_Index_raw": 0.2237, "municipality_name": "Guarapari", "municipality_state": "ES", "municipality_distance_km": 0.272, "segment_count": 9, "metrics_index": 273}, "geometry": {"type": "LineString", "coordinates": [[-40.3727, -20.5346], [-40.3966, -20.569], [-40.4075, -20.5922], [-40.4183, -20.6153], [-40.4332, -20.6287], [-40.4513, -20.6169], [-40.4753, -20.6378], [-40.4836, -20.6482], [-40.5041, -20.682], [-40.5245, -20.7158]]}}, {"type": "Feature", "properties": {"source_grid_index": 264, "source_longitude": -40.4, "source_latitude": -20.8, "nearest_grid_distance_km": 17.2083, "compound_count_annual_mean": 3.0, "mean_overlap_duration": 1.85, "mean_compound_intensity_norm": 0.2076, "Hazard_Index": 0.2311, "Hazard_Frequency": 0.2687, "Hazard_Severity": 0.1737, "Hazard_Index_raw": 0.2212, "municipality_name": "Guarapari", "municipality_state": "ES", "municipality_distance_km": 0.0, "segment_count": 4, "metrics_index": 264}, "geometry": {"type": "LineString", "coordinates": [[-40.5245, -20.7158], [-40.5344, -20.7267], [-40.5561, -20.7436], [-40.5652, -20.753], [-40.5743, -20.7775]]}}, {"type": "Feature", "properties": {"source_grid_index": 264, "source_longitude": -40.4, "source_latitude": -20.8, "nearest_grid_distance_km": 19.5564, "compound_count_annual_mean": 3.0, "mean_overlap_duration": 1.85, "mean_compound_intensity_norm": 0.2076, "Hazard_Index": 0.2311, "Hazard_Frequency": 0.2687, "Hazard_Severity": 0.1737, "Hazard_Index_raw": 0.2212, "municipality_name": "Anchieta", "municipality_state": "ES", "municipality_distance_km": 0.0, "segment_count": 2, "metrics_index": 264}, "geometry": {"type": "LineString", "coordinates": [[-40.5743, -20.7775], [-40.5834, -20.802], [-40.6094, -20.8073]]}}, {"type": "Feature", "properties": {"source_grid_index": 259, "source_longitude": -40.6, "source_latitude": -21.0, "nearest_grid_distance_km": 20.923, "compound_count_annual_mean": 3.0, "mean_overlap_duration": 1.73, "mean_compound_intensity_norm": 0.1984, "Hazard_Index": 0.2213, "Hazard_Frequency": 0.2687, "Hazard_Severity": 0.1558, "Hazard_Index_raw": 0.2122, "municipality_name": "Anchieta", "municipality_state": "ES", "municipality_distance_km": 0.0, "segment_count": 9, "metrics_index": 259}, "geometry": {"type": "LineString", "coordinates": [[-40.6094, -20.8073], [-40.6196, -20.8339], [-40.6284, -20.8392], [-40.6339, -20.8295], [-40.6368, -20.8189], [-40.6416, -20.8082], [-40.6521, -20.808], [-40.6625, -20.8126], [-40.6672, -20.8155], [-40.7014, -20.836]]}}, {"type": "Feature", "properties": {"source_grid_index": 258, "source_longitude": -40.8, "source_latitude": -21.0, "nearest_grid_distance_km": 18.3969, "compound_count_annual_mean": 2.85, "mean_overlap_duration": 1.61, "mean_compound_intensity_norm": 0.205, "Hazard_Index": 0.2124, "Hazard_Frequency": 0.2537, "Hazard_Severity": 0.1546, "Hazard_Index_raw": 0.2042, "municipality_name": "Piúma", "municipality_state": "ES", "municipality_distance_km": 0.0, "segment_count": 3, "metrics_index": 258}, "geometry": {"type": "LineString", "coordinates": [[-40.7014, -20.836], [-40.7317, -20.8438], [-40.7463, -20.8529], [-40.7585, -20.8642]]}}, {"type": "Feature", "properties": {"source_grid_index": 258, "source_longitude": -40.8, "source_latitude": -21.0, "nearest_grid_distance_km": 9.6961, "compound_count_annual_mean": 2.85, "mean_overlap_duration": 1.61, "mean_compound_intensity_norm": 0.205, "Hazard_Index": 0.2124, "Hazard_Frequency": 0.2537, "Hazard_Severity": 0.1546, "Hazard_Index_raw": 0.2042, "municipality_name": "Itapemirim", "municipality_state": "ES", "municipality_distance_km": 0.0801, "segment_count": 7, "metrics_index": 258}, "geometry": {"type": "LineString", "coordinates": [[-40.7585, -20.8642], [-40.7609, -20.8823], [-40.7731, -20.8891], [-40.7792, -20.9027], [-40.7889, -20.9163], [-40.8011, -20.931], [-40.8085, -20.9627], [-40.8074, -20.9979]]}}, {"type": "Feature", "properties": {"source_grid_index": 258, "source_longitude": -40.8, "source_latitude": -21.0, "nearest_grid_distance_km": 6.3315, "compound_count_annual_mean": 2.85, "mean_overlap_duration": 1.61, "mean_compound_intensity_norm": 0.205, "Hazard_Index": 0.2124, "Hazard_Frequency": 0.2537, "Hazard_Severity": 0.1546, "Hazard_Index_raw": 0.2042, "municipality_name": "Marataízes", "municipality_state": "ES", "municipality_distance_km": 0.0, "segment_count": 6, "metrics_index": 258}, "geometry": {"type": "LineString", "coordinates": [[-40.8074, -20.9979], [-40.8114, -21.0188], [-40.8146, -21.0366], [-40.8307, -21.0492], [-40.8396, -21.0683], [-40.8417, -21.0793], [-40.8465, -21.0945]]}}, {"type": "Feature", "properties": {"source_grid_index": 255, "source_longitude": -40.8, "source_latitude": -21.2, "nearest_grid_distance_km": 11.5146, "compound_count_annual_mean": 2.27, "mean_overlap_duration": 1.49, "mean_compound_intensity_norm": 0.1991, "Hazard_Index": 0.173, "Hazard_Frequency": 0.197, "Hazard_Severity": 0.1393, "Hazard_Index_raw": 0.1682, "municipality_name": "Marataízes", "municipality_state": "ES", "municipality_distance_km": 0.0, "segment_count": 3, "metrics_index": 255}, "geometry": {"type": "LineString", "coordinates": [[-40.8465, -21.0945], [-40.8718, -21.1265], [-40.8971, -21.1585], [-40.9223, -21.1905]]}}, {"type": "Feature", "properties": {"source_grid_index": 255, "source_longitude": -40.8, "source_latitude": -21.2, "nearest_grid_distance_km": 17.4125, "compound_count_annual_mean": 2.27, "mean_overlap_duration": 1.49, "mean_compound_intensity_norm": 0.1991, "Hazard_Index": 0.173, "Hazard_Frequency": 0.197, "Hazard_Severity": 0.1393, "Hazard_Index_raw": 0.1682, "municipality_name": "Presidente Kennedy", "municipality_state": "ES", "municipality_distance_km": 0.3857, "segment_count": 6, "metrics_index": 255}, "geometry": {"type": "LineString", "coordinates": [[-40.9223, -21.1905], [-40.9371, -21.2143], [-40.9518, -21.2381], [-40.9651, -21.274], [-40.9652, -21.2748], [-40.9601, -21.2874], [-40.9592, -21.3034]]}}, {"type": "Feature", "properties": {"source_grid_index": 253, "source_longitude": -40.8, "source_latitude": -21.4, "nearest_grid_distance_km": 21.1105, "compound_count_annual_mean": 2.21, "mean_overlap_duration": 1.45, "mean_compound_intensity_norm": 0.1895, "Hazard_Index": 0.1605, "Hazard_Frequency": 0.191, "Hazard_Severity": 0.1226, "Hazard_Index_raw": 0.1568, "municipality_name": "São Francisco de Itabapoana", "municipality_state": "RJ", "municipality_distance_km": 0.0, "segment_count": 8, "metrics_index": 253}, "geometry": {"type": "LineString", "coordinates": [[-40.9592, -21.3034], [-40.9613, -21.3202], [-40.9652, -21.3356], [-40.9635, -21.3645], [-40.9833, -21.3913], [-41.0007, -21.4165], [-41.0182, -21.4417], [-41.0495, -21.4693], [-41.0572, -21.4838]]}}, {"type": "Feature", "properties": {"source_grid_index": 251, "source_longitude": -40.8, "source_latitude": -21.6, "nearest_grid_distance_km": 26.8657, "compound_count_annual_mean": 2.42, "mean_overlap_duration": 1.55, "mean_compound_intensity_norm": 0.1964, "Hazard_Index": 0.1779, "Hazard_Frequency": 0.2119, "Hazard_Severity": 0.1334, "Hazard_Index_raw": 0.1727, "municipality_name": "São Francisco de Itabapoana", "municipality_state": "RJ", "municipality_distance_km": 0.6322, "segment_count": 4, "metrics_index": 251}, "geometry": {"type": "LineString", "coordinates": [[-41.0572, -21.4838], [-41.0719, -21.5233], [-41.0593, -21.561], [-41.0389, -21.5846], [-41.0185, -21.6081]]}}, {"type": "Feature", "properties": {"source_grid_index": 251, "source_longitude": -40.8, "source_latitude": -21.6, "nearest_grid_distance_km": 23.1577, "compound_count_annual_mean": 2.42, "mean_overlap_duration": 1.55, "mean_compound_intensity_norm": 0.1964, "Hazard_Index": 0.1779, "Hazard_Frequency": 0.2119, "Hazard_Severity": 0.1334, "Hazard_Index_raw": 0.1727, "municipality_name": "São João da Barra", "municipality_state": "RJ", "municipality_distance_km": 0.0, "segment_count": 2, "metrics_index": 251}, "geometry": {"type": "LineString", "coordinates": [[-41.0185, -21.6081], [-41.0135, -21.6515], [-41.0191, -21.6854]]}}, {"type": "Feature", "properties": {"source_grid_index": 249, "source_longitude": -40.8, "source_latitude": -21.8, "nearest_grid_distance_km": 22.7798, "compound_count_annual_mean": 3.3, "mean_overlap_duration": 1.61, "mean_compound_intensity_norm": 0.2124, "Hazard_Index": 0.2541, "Hazard_Frequency": 0.2985, "Hazard_Severity": 0.1858, "Hazard_Index_raw": 0.2422, "municipality_name": "São João da Barra", "municipality_state": "RJ", "municipality_distance_km": 0.1839, "segment_count": 6, "metrics_index": 249}, "geometry": {"type": "LineString", "coordinates": [[-41.0191, -21.6854], [-41.0247, -21.7192], [-41.0187, -21.7539], [-41.0127, -21.7887], [-41.0067, -21.8234], [-40.9936, -21.8648], [-40.9804, -21.9062]]}}, {"type": "Feature", "properties": {"source_grid_index": 247, "source_longitude": -40.8, "source_latitude": -22.0, "nearest_grid_distance_km": 18.9074, "compound_count_annual_mean": 4.82, "mean_overlap_duration": 1.77, "mean_compound_intensity_norm": 0.2451, "Hazard_Index": 0.3834, "Hazard_Frequency": 0.4478, "Hazard_Severity": 0.2725, "Hazard_Index_raw": 0.3601, "municipality_name": "Campos dos Goytacazes", "municipality_state": "RJ", "municipality_distance_km": 0.4527, "segment_count": 3, "metrics_index": 247}, "geometry": {"type": "LineString", "coordinates": [[-40.9804, -21.9062], [-40.9673, -21.9475], [-40.9726, -21.9867], [-40.9953, -22.0143]]}}, {"type": "Feature", "properties": {"source_grid_index": 244, "source_longitude": -41.0, "source_latitude": -22.2, "nearest_grid_distance_km": 18.5965, "compound_count_annual_mean": 5.36, "mean_overlap_duration": 1.95, "mean_compound_intensity_norm": 0.292, "Hazard_Index": 0.4732, "Hazard_Frequency": 0.5015, "Hazard_Severity": 0.3825, "Hazard_Index_raw": 0.442, "municipality_name": "Campos dos Goytacazes", "municipality_state": "RJ", "municipality_distance_km": 0.0, "segment_count": 3, "metrics_index": 244}, "geometry": {"type": "LineString", "coordinates": [[-40.9953, -22.0143], [-41.0318, -22.0349], [-41.0682, -22.0555], [-41.1048, -22.0761]]}}, {"type": "Feature", "properties": {"source_grid_index": 243, "source_longitude": -41.2, "source_latitude": -22.2, "nearest_grid_distance_km": 15.0976, "compound_count_annual_mean": 5.82, "mean_overlap_duration": 1.99, "mean_compound_intensity_norm": 0.2788, "Hazard_Index": 0.4955, "Hazard_Frequency": 0.5463, "Hazard_Severity": 0.3783, "Hazard_Index_raw": 0.4623, "municipality_name": "Campos dos Goytacazes", "municipality_state": "RJ", "municipality_distance_km": 0.2204, "segment_count": 1, "metrics_index": 243}, "geometry": {"type": "LineString", "coordinates": [[-41.1048, -22.0761], [-41.1413, -22.0968]]}}, {"type": "Feature", "properties": {"source_grid_index": 243, "source_longitude": -41.2, "source_latitude": -22.2, "nearest_grid_distance_km": 9.4946, "compound_count_annual_mean": 5.82, "mean_overlap_duration": 1.99, "mean_compound_intensity_norm": 0.2788, "Hazard_Index": 0.4955, "Hazard_Frequency": 0.5463, "Hazard_Severity": 0.3783, "Hazard_Index_raw": 0.4623, "municipality_name": "Quissamã", "municipality_state": "RJ", "municipality_distance_km": 0.0, "segment_count": 5, "metrics_index": 243}, "geometry": {"type": "LineString", "coordinates": [[-41.1413, -22.0968], [-41.1754, -22.1129], [-41.2095, -22.1291], [-41.2437, -22.1452], [-41.2777, -22.1542], [-41.3117, -22.1631]]}}, {"type": "Feature", "properties": {"source_grid_index": 242, "source_longitude": -41.4, "source_latitude": -22.2, "nearest_grid_distance_km": 6.9996, "compound_count_annual_mean": 6.18, "mean_overlap_duration": 1.89, "mean_compound_intensity_norm": 0.2175, "Hazard_Index": 0.4526, "Hazard_Frequency": 0.5821, "Hazard_Severity": 0.2643, "Hazard_Index_raw": 0.4232, "municipality_name": "Quissamã", "municipality_state": "RJ", "municipality_distance_km": 0.0, "segment_count": 6, "metrics_index": 242}, "geometry": {"type": "LineString", "coordinates": [[-41.3117, -22.1631], [-41.3457, -22.1721], [-41.3857, -22.1822], [-41.4257, -22.1924], [-41.4657, -22.2026], [-41.5104, -22.2175], [-41.5552, -22.2324]]}}, {"type": "Feature", "properties": {"source_grid_index": 237, "source_longitude": -41.6, "source_latitude": -22.4, "nearest_grid_distance_km": 16.0958, "compound_count_annual_mean": 5.46, "mean_overlap_duration": 1.98, "mean_compound_intensity_norm": 0.2459, "Hazard_Index": 0.4421, "Hazard_Frequency": 0.5104, "Hazard_Severity": 0.3167, "Hazard_Index_raw": 0.4136, "municipality_name": "Carapebus", "municipality_state": "RJ", "municipality_distance_km": 0.0, "segment_count": 4, "metrics_index": 237}, "geometry": {"type": "LineString", "coordinates": [[-41.5552, -22.2324], [-41.5923, -22.2489], [-41.6294, -22.2653], [-41.6665, -22.2818], [-41.7039, -22.3054]]}}, {"type": "Feature", "properties": {"source_grid_index": 237, "source_longitude": -41.6, "source_latitude": -22.4, "nearest_grid_distance_km": 18.143, "compound_count_annual_mean": 5.46, "mean_overlap_duration": 1.98, "mean_compound_intensity_norm": 0.2459, "Hazard_Index": 0.4421, "Hazard_Frequency": 0.5104, "Hazard_Severity": 0.3167, "Hazard_Index_raw": 0.4136, "municipality_name": "Macaé", "municipality_state": "RJ", "municipality_distance_km": 0.0, "segment_count": 6, "metrics_index": 237}, "geometry": {"type": "LineString", "coordinates": [[-41.7039, -22.3054], [-41.7414, -22.329], [-41.7708, -22.3542], [-41.7759, -22.3626], [-41.779, -22.3803], [-41.7845, -22.3886], [-41.8026, -22.402]]}}, {"type": "Feature", "properties": {"source_grid_index": 234, "source_longitude": -41.8, "source_latitude": -22.6, "nearest_grid_distance_km": 21.4481, "compound_count_annual_mean": 4.12, "mean_overlap_duration": 1.66, "mean_compound_intensity_norm": 0.2016, "Hazard_Index": 0.299, "Hazard_Frequency": 0.3791, "Hazard_Severity": 0.1872, "Hazard_Index_raw": 0.2831, "municipality_name": "Macaé", "municipality_state": "RJ", "municipality_distance_km": 0.0, "segment_count": 1, "metrics_index": 234}, "geometry": {"type": "LineString", "coordinates": [[-41.8026, -22.402], [-41.8348, -22.4195]]}}, {"type": "Feature", "properties": {"source_grid_index": 234, "source_longitude": -41.8, "source_latitude": -22.6, "nearest_grid_distance_km": 17.0863, "compound_count_annual_mean": 4.12, "mean_overlap_duration": 1.66, "mean_compound_intensity_norm": 0.2016, "Hazard_Index": 0.299, "Hazard_Frequency": 0.3791, "Hazard_Severity": 0.1872, "Hazard_Index_raw": 0.2831, "municipality_name": "Rio das Ostras", "municipality_state": "RJ", "municipality_distance_km": 0.0, "segment_count": 11, "metrics_index": 234}, "geometry": {"type": "LineString", "coordinates": [[-41.8348, -22.4195], [-41.8497, -22.433], [-41.8685, -22.4685], [-41.8735, -22.4739], [-41.8826, -22.4758], [-41.8927, -22.4802], [-41.9009, -22.4858], [-41.9043, -22.4907], [-41.912, -22.508], [-41.93, -22.5197], [-41.9663, -22.5354], [-41.9861, -22.5649]]}}, {"type": "Feature", "properties": {"source_grid_index": 234, "source_longitude": -41.8, "source_latitude": -22.6, "nearest_grid_distance_km": 19.5845, "compound_count_annual_mean": 4.12, "mean_overlap_duration": 1.66, "mean_compound_intensity_norm": 0.2016, "Hazard_Index": 0.299, "Hazard_Frequency": 0.3791, "Hazard_Severity": 0.1872, "Hazard_Index_raw": 0.2831, "municipality_name": "Casimiro de Abreu", "municipality_state": "RJ", "municipality_distance_km": 0.0, "segment_count": 1, "metrics_index": 234}, "geometry": {"type": "LineString", "coordinates": [[-41.9861, -22.5649], [-41.9911, -22.5871]]}}, {"type": "Feature", "properties": {"source_grid_index": 234, "source_longitude": -41.8, "source_latitude": -22.6, "nearest_grid_distance_km": 20.8061, "compound_count_annual_mean": 4.12, "mean_overlap_duration": 1.66, "mean_compound_intensity_norm": 0.2016, "Hazard_Index": 0.299, "Hazard_Frequency": 0.3791, "Hazard_Severity": 0.1872, "Hazard_Index_raw": 0.2831, "municipality_name": "Cabo Frio", "municipality_state": "RJ", "municipality_distance_km": 0.0, "segment_count": 4, "metrics_index": 234}, "geometry": {"type": "LineString", "coordinates": [[-41.9911, -22.5871], [-41.9962, -22.6093], [-41.9972, -22.6336], [-41.9981, -22.6579], [-41.993, -22.6999]]}}, {"type": "Feature", "properties": {"source_grid_index": 232, "source_longitude": -41.8, "source_latitude": -22.8, "nearest_grid_distance_km": 20.8306, "compound_count_annual_mean": 5.24, "mean_overlap_duration": 1.82, "mean_compound_intensity_norm": 0.2326, "Hazard_Index": 0.3996, "Hazard_Frequency": 0.4896, "Hazard_Severity": 0.2601, "Hazard_Index_raw": 0.3748, "municipality_name": "Cabo Frio", "municipality_state": "RJ", "municipality_distance_km": 0.0865, "segment_count": 2, "metrics_index": 232}, "geometry": {"type": "LineString", "coordinates": [[-41.993, -22.6999], [-41.9829, -22.7162], [-41.9649, -22.7349]]}}, {"type": "Feature", "properties": {"source_grid_index": 232, "source_longitude": -41.8, "source_latitude": -22.8, "nearest_grid_distance_km": 12.4221, "compound_count_annual_mean": 5.24, "mean_overlap_duration": 1.82, "mean_compound_intensity_norm": 0.2326, "Hazard_Index": 0.3996, "Hazard_Frequency": 0.4896, "Hazard_Severity": 0.2601, "Hazard_Index_raw": 0.3748, "municipality_name": "Armação dos Búzios", "municipality_state": "RJ", "municipality_distance_km": 0.0, "segment_count": 16, "metrics_index": 232}, "geometry": {"type": "LineString", "coordinates": [[-41.9649, -22.7349], [-41.9469, -22.7536], [-41.939, -22.7651], [-41.9346, -22.7687], [-41.9249, -22.7618], [-41.911, -22.7472], [-41.9016, -22.7436], [-41.88, -22.7389], [-41.8701, -22.7341], [-41.8698, -22.7521], [-41.8766, -22.7624], [-41.8853, -22.7706], [-41.8906, -22.7824], [-41.9096, -22.7766], [-41.9223, -22.7834], [-41.9452, -22.8097], [-41.9752, -22.8219]]}}, {"type": "Feature", "properties": {"source_grid_index": 232, "source_longitude": -41.8, "source_latitude": -22.8, "nearest_grid_distance_km": 18.951, "compound_count_annual_mean": 5.24, "mean_overlap_duration": 1.82, "mean_compound_intensity_norm": 0.2326, "Hazard_Index": 0.3996, "Hazard_Frequency": 0.4896, "Hazard_Severity": 0.2601, "Hazard_Index_raw": 0.3748, "municipality_name": "Cabo Frio", "municipality_state": "RJ", "municipality_distance_km": 0.0, "segment_count": 2, "metrics_index": 232}, "geometry": {"type": "LineString", "coordinates": [[-41.9752, -22.8219], [-41.9831, -22.8234], [-41.9896, -22.8263]]}}, {"type": "Feature", "properties": {"source_grid_index": 229, "source_longitude": -42.0, "source_latitude": -23.0, "nearest_grid_distance_km": 14.3505, "compound_count_annual_mean": 6.46, "mean_overlap_duration": 2.05, "mean_compound_intensity_norm": 0.3364, "Hazard_Index": 0.6069, "Hazard_Frequency": 0.609, "Hazard_Severity": 0.5189, "Hazard_Index_raw": 0.5639, "municipality_name": "Cabo Frio", "municipality_state": "RJ", "municipality_distance_km": 0.0, "segment_count": 12, "metrics_index": 229}, "geometry": {"type": "LineString", "coordinates": [[-41.9896, -22.8263], [-41.9912, -22.8337], [-41.9913, -22.8429], [-41.9948, -22.8598], [-41.995, -22.8684], [-41.9969, -22.8753], [-42.0036, -22.878], [-42.0141, -22.8788], [-42.0199, -22.8813], [-42.0237, -22.8857], [-42.0278, -22.8923], [-42.0331, -22.9125], [-42.0303, -22.9338]]}}, {"type": "Feature", "properties": {"source_grid_index": 229, "source_longitude": -42.0, "source_latitude": -23.0, "nearest_grid_distance_km": 6.2875, "compound_count_annual_mean": 6.46, "mean_overlap_duration": 2.05, "mean_compound_intensity_norm": 0.3364, "Hazard_Index": 0.6069, "Hazard_Frequency": 0.609, "Hazard_Severity": 0.5189, "Hazard_Index_raw": 0.5639, "municipality_name": "Arraial do Cabo", "municipality_state": "RJ", "municipality_distance_km": 0.2483, "segment_count": 10, "metrics_index": 229}, "geometry": {"type": "LineString", "coordinates": [[-42.0303, -22.9338], [-42.0227, -22.9445], [-42.0135, -22.9333], [-42.0073, -22.9333], [-42.0029, -22.9477], [-42.0037, -22.9592], [-42.0135, -22.9817], [-42.0272, -22.9763], [-42.046, -22.9578], [-42.0582, -22.9538], [-42.0969, -22.9528]]}}, {"type": "Feature", "properties": {"source_grid_index": 228, "source_longitude": -42.2, "source_latitude": -23.0, "nearest_grid_distance_km": 7.9958, "compound_count_annual_mean": 7.0, "mean_overlap_duration": 2.11, "mean_compound_intensity_norm": 0.3517, "Hazard_Index": 0.6613, "Hazard_Frequency": 0.6627, "Hazard_Severity": 0.5644, "Hazard_Index_raw": 0.6135, "municipality_name": "Arraial do Cabo", "municipality_state": "RJ", "municipality_distance_km": 0.1847, "segment_count": 5, "metrics_index": 228}, "geometry": {"type": "LineString", "coordinates": [[-42.0969, -22.9528], [-42.1355, -22.9518], [-42.1741, -22.9508], [-42.2145, -22.9481], [-42.2549, -22.9455], [-42.2953, -22.9428]]}}, {"type": "Feature", "properties": {"source_grid_index": 227, "source_longitude": -42.4, "source_latitude": -23.0, "nearest_grid_distance_km": 9.565, "compound_count_annual_mean": 7.09, "mean_overlap_duration": 2.17, "mean_compound_intensity_norm": 0.3534, "Hazard_Index": 0.6726, "Hazard_Frequency": 0.6716, "Hazard_Severity": 0.576, "Hazard_Index_raw": 0.6238, "municipality_name": "Araruama", "municipality_state": "RJ", "municipality_distance_km": 0.3695, "segment_count": 2, "metrics_index": 227}, "geometry": {"type": "LineString", "coordinates": [[-42.2953, -22.9428], [-42.3357, -22.9401], [-42.3761, -22.9374]]}}, {"type": "Feature", "properties": {"source_grid_index": 227, "source_longitude": -42.4, "source_latitude": -23.0, "nearest_grid_distance_km": 8.5295, "compound_count_annual_mean": 7.09, "mean_overlap_duration": 2.17, "mean_compound_intensity_norm": 0.3534, "Hazard_Index": 0.6726, "Hazard_Frequency": 0.6716, "Hazard_Severity": 0.576, "Hazard_Index_raw": 0.6238, "municipality_name": "Saquarema", "municipality_state": "RJ", "municipality_distance_km": 0.1688, "segment_count": 3, "metrics_index": 227}, "geometry": {"type": "LineString", "coordinates": [[-42.3761, -22.9374], [-42.415, -22.9366], [-42.4539, -22.9358], [-42.4928, -22.935]]}}, {"type": "Feature", "properties": {"source_grid_index": 226, "source_longitude": -42.6, "source_latitude": -23.0, "nearest_grid_distance_km": 8.712, "compound_count_annual_mean": 7.39, "mean_overlap_duration": 2.12, "mean_compound_intensity_norm": 0.345, "Hazard_Index": 0.6748, "Hazard_Frequency": 0.7015, "Hazard_Severity": 0.5501, "Hazard_Index_raw": 0.6258, "municipality_name": "Saquarema", "municipality_state": "RJ", "municipality_distance_km": 0.0816, "segment_count": 4, "metrics_index": 226}, "geometry": {"type": "LineString", "coordinates": [[-42.4928, -22.935], [-42.5317, -22.9342], [-42.578, -22.9369], [-42.6243, -22.9395], [-42.6562, -22.946]]}}, {"type": "Feature", "properties": {"source_grid_index": 226, "source_longitude": -42.6, "source_latitude": -23.0, "nearest_grid_distance_km": 9.4796, "compound_count_annual_mean": 7.39, "mean_overlap_duration": 2.12, "mean_compound_intensity_norm": 0.345, "Hazard_Index": 0.6748, "Hazard_Frequency": 0.7015, "Hazard_Severity": 0.5501, "Hazard_Index_raw": 0.6258, "municipality_name": "Maricá", "municipality_state": "RJ", "municipality_distance_km": 0.588, "segment_count": 4, "metrics_index": 226}, "geometry": {"type": "LineString", "coordinates": [[-42.6562, -22.946], [-42.6686, -22.947], [-42.6745, -22.95], [-42.6871, -22.9636], [-42.6957, -22.9669]]}}, {"type": "Feature", "properties": {"source_grid_index": 225, "source_longitude": -42.8, "source_latitude": -23.0, "nearest_grid_distance_km": 6.5339, "compound_count_annual_mean": 7.33, "mean_overlap_duration": 2.1, "mean_compound_intensity_norm": 0.3476, "Hazard_Index": 0.6757, "Hazard_Frequency": 0.6955, "Hazard_Severity": 0.5578, "Hazard_Index_raw": 0.6266, "municipality_name": "Maricá", "municipality_state": "RJ", "municipality_distance_km": 1.2109, "segment_count": 5, "metrics_index": 225}, "geometry": {"type": "LineString", "coordinates": [[-42.6957, -22.9669], [-42.7325, -22.9677], [-42.7694, -22.9685], [-42.816, -22.9729], [-42.8627, -22.9772], [-42.8975, -22.9747]]}}, {"type": "Feature", "properties": {"source_grid_index": 224, "source_longitude": -43.0, "source_latitude": -23.0, "nearest_grid_distance_km": 5.5433, "compound_count_annual_mean": 7.43, "mean_overlap_duration": 2.12, "mean_compound_intensity_norm": 0.3387, "Hazard_Index": 0.6755, "Hazard_Frequency": 0.7045, "Hazard_Severity": 0.5484, "Hazard_Index_raw": 0.6265, "municipality_name": "Maricá", "municipality_state": "RJ", "municipality_distance_km": 0.0, "segment_count": 4, "metrics_index": 224}, "geometry": {"type": "LineString", "coordinates": [[-42.8975, -22.9747], [-42.9322, -22.9721], [-42.9653, -22.9728], [-42.9983, -22.9736], [-43.0314, -22.9743]]}}, {"type": "Feature", "properties": {"source_grid_index": 224, "source_longitude": -43.0, "source_latitude": -23.0, "nearest_grid_distance_km": 9.1074, "compound_count_annual_mean": 7.43, "mean_overlap_duration": 2.12, "mean_compound_intensity_norm": 0.3387, "Hazard_Index": 0.6755, "Hazard_Frequency": 0.7045, "Hazard_Severity": 0.5484, "Hazard_Index_raw": 0.6265, "municipality_name": "Niterói", "municipality_state": "RJ", "municipality_distance_km": 0.0, "segment_count": 4, "metrics_index": 224}, "geometry": {"type": "LineString", "coordinates": [[-43.0314, -22.9743], [-43.0565, -22.9533], [-43.074, -22.9449], [-43.0898, -22.9538], [-43.1016, -22.943]]}}, {"type": "Feature", "properties": {"source_grid_index": 223, "source_longitude": -43.2, "source_latitude": -23.0, "nearest_grid_distance_km": 12.0054, "compound_count_annual_mean": 7.61, "mean_overlap_duration": 2.1, "mean_compound_intensity_norm": 0.3206, "Hazard_Index": 0.6658, "Hazard_Frequency": 0.7224, "Hazard_Severity": 0.5129, "Hazard_Index_raw": 0.6177, "municipality_name": "Niterói", "municipality_state": "RJ", "municipality_distance_km": 0.0, "segment_count": 5, "metrics_index": 223}, "geometry": {"type": "LineString", "coordinates": [[-43.1016, -22.943], [-43.1214, -22.9299], [-43.1308, -22.9196], [-43.1164, -22.9212], [-43.1106, -22.9228], [-43.1034, -22.9264]]}}, {"type": "Feature", "properties": {"source_grid_index": 224, "source_longitude": -43.0, "source_latitude": -23.0, "nearest_grid_distance_km": 13.8048, "compound_count_annual_mean": 7.43, "mean_overlap_duration": 2.12, "mean_compound_intensity_norm": 0.3387, "Hazard_Index": 0.6755, "Hazard_Frequency": 0.7045, "Hazard_Severity": 0.5484, "Hazard_Index_raw": 0.6265, "municipality_name": "Niterói", "municipality_state": "RJ", "municipality_distance_km": 0.2599, "segment_count": 3, "metrics_index": 224}, "geometry": {"type": "LineString", "coordinates": [[-43.1034, -22.9264], [-43.0919, -22.9171], [-43.0913, -22.9083], [-43.0994, -22.9016]]}}, {"type": "Feature", "properties": {"source_grid_index": 223, "source_longitude": -43.2, "source_latitude": -23.0, "nearest_grid_distance_km": 15.0348, "compound_count_annual_mean": 7.61, "mean_overlap_duration": 2.1, "mean_compound_intensity_norm": 0.3206, "Hazard_Index": 0.6658, "Hazard_Frequency": 0.7224, "Hazard_Severity": 0.5129, "Hazard_Index_raw": 0.6177, "municipality_name": "Niterói", "municipality_state": "RJ", "municipality_distance_km": 0.0, "segment_count": 4, "metrics_index": 223}, "geometry": {"type": "LineString", "coordinates": [[-43.0994, -22.9016], [-43.1136, -22.8991], [-43.1295, -22.8941], [-43.1265, -22.8824], [-43.1103, -22.8606]]}}, {"type": "Feature", "properties": {"source_grid_index": 223, "source_longitude": -43.2, "source_latitude": -23.0, "nearest_grid_distance_km": 19.5649, "compound_count_annual_mean": 7.61, "mean_overlap_duration": 2.1, "mean_compound_intensity_norm": 0.3206, "Hazard_Index": 0.6658, "Hazard_Frequency": 0.7224, "Hazard_Severity": 0.5129, "Hazard_Index_raw": 0.6177, "municipality_name": "São Gonçalo", "municipality_state": "RJ", "municipality_distance_km": 0.0767, "segment_count": 1, "metrics_index": 223}, "geometry": {"type": "LineString", "coordinates": [[-43.1103, -22.8606], [-43.1017, -22.8365]]}}, {"type": "Feature", "properties": {"source_grid_index": 224, "source_longitude": -43.0, "source_latitude": -23.0, "nearest_grid_distance_km": 25.4508, "compound_count_annual_mean": 7.43, "mean_overlap_duration": 2.12, "mean_compound_intensity_norm": 0.3387, "Hazard_Index": 0.6755, "Hazard_Frequency": 0.7045, "Hazard_Severity": 0.5484, "Hazard_Index_raw": 0.6265, "municipality_name": "São Gonçalo", "municipality_state": "RJ", "municipality_distance_km": 0.0, "segment_count": 8, "metrics_index": 224}, "geometry": {"type": "LineString", "coordinates": [[-43.1017, -22.8365], [-43.0812, -22.8141], [-43.0579, -22.7949], [-43.0345, -22.7756], [-43.053, -22.7778], [-43.0611, -22.7739], [-43.0614, -22.7658], [-43.0563, -22.7551], [-43.0349, -22.7463]]}}, {"type": "Feature", "properties": {"source_grid_index": 224, "source_longitude": -43.0, "source_latitude": -23.0, "nearest_grid_distance_km": 29.2678, "compound_count_annual_mean": 7.43, "mean_overlap_duration": 2.12, "mean_compound_intensity_norm": 0.3387, "Hazard_Index": 0.6755, "Hazard_Frequency": 0.7045, "Hazard_Severity": 0.5484, "Hazard_Index_raw": 0.6265, "municipality_name": "Itaboraí", "municipality_state": "RJ", "municipality_distance_km": 0.0, "segment_count": 2, "metrics_index": 224}, "geometry": {"type": "LineString", "coordinates": [[-43.0349, -22.7463], [-43.0284, -22.7415], [-43.0251, -22.7355]]}}, {"type": "Feature", "properties": {"source_grid_index": 224, "source_longitude": -43.0, "source_latitude": -23.0, "nearest_grid_distance_km": 33.8114, "compound_count_annual_mean": 7.43, "mean_overlap_duration": 2.12, "mean_compound_intensity_norm": 0.3387, "Hazard_Index": 0.6755, "Hazard_Frequency": 0.7045, "Hazard_Severity": 0.5484, "Hazard_Index_raw": 0.6265, "municipality_name": "Guapimirim", "municipality_state": "RJ", "municipality_distance_km": 0.0, "segment_count": 4, "metrics_index": 224}, "geometry": {"type": "LineString", "coordinates": [[-43.0251, -22.7355], [-43.0215, -22.7136], [-43.0212, -22.7042], [-43.0251, -22.679], [-43.0284, -22.6725]]}}, {"type": "Feature", "properties": {"source_grid_index": 224, "source_longitude": -43.0, "source_latitude": -23.0, "nearest_grid_distance_km": 37.3705, "compound_count_annual_mean": 7.43, "mean_overlap_duration": 2.12, "mean_compound_intensity_norm": 0.3387, "Hazard_Index": 0.6755, "Hazard_Frequency": 0.7045, "Hazard_Severity": 0.5484, "Hazard_Index_raw": 0.6265, "municipality_name": "Magé", "municipality_state": "RJ", "municipality_distance_km": 0.0, "segment_count": 6, "metrics_index": 224}, "geometry": {"type": "LineString", "coordinates": [[-43.0284, -22.6725], [-43.0409, -22.6694], [-43.0658, -22.6716], [-43.0756, -22.6657], [-43.0836, -22.6718], [-43.0948, -22.6873], [-43.1034, -22.6936]]}}, {"type": "Feature", "properties": {"source_grid_index": 223, "source_longitude": -43.2, "source_latitude": -23.0, "nearest_grid_distance_km": 33.9684, "compound_count_annual_mean": 7.61, "mean_overlap_duration": 2.1, "mean_compound_intensity_norm": 0.3206, "Hazard_Index": 0.6658, "Hazard_Frequency": 0.7224, "Hazard_Severity": 0.5129, "Hazard_Index_raw": 0.6177, "municipality_name": "Magé", "municipality_state": "RJ", "municipality_distance_km": 0.1361, "segment_count": 8, "metrics_index": 223}, "geometry": {"type": "LineString", "coordinates": [[-43.1034, -22.6936], [-43.1149, -22.6977], [-43.1222, -22.6972], [-43.1295, -22.695], [-43.1413, -22.6936], [-43.1518, -22.696], [-43.1761, -22.7078], [-43.1964, -22.7209], [-43.2167, -22.7341]]}}, {"type": "Feature", "properties": {"source_grid_index": 223, "source_longitude": -43.2, "source_latitude": -23.0, "nearest_grid_distance_km": 28.8174, "compound_count_annual_mean": 7.61, "mean_overlap_duration": 2.1, "mean_compound_intensity_norm": 0.3206, "Hazard_Index": 0.6658, "Hazard_Frequency": 0.7224, "Hazard_Severity": 0.5129, "Hazard_Index_raw": 0.6177, "municipality_name": "Duque de Caxias", "municipality_state": "RJ", "municipality_distance_km": 0.0, "segment_count": 5, "metrics_index": 223}, "geometry": {"type": "LineString", "coordinates": [[-43.2167, -22.7341], [-43.2362, -22.7341], [-43.2556, -22.7371], [-43.2702, -22.747], [-43.2754, -22.7682], [-43.2711, -22.789]]}}, {"type": "Feature", "properties": {"source_grid_index": 223, "source_longitude": -43.2, "source_latitude": -23.0, "nearest_grid_distance_km": 13.5298, "compound_count_annual_mean": 7.61, "mean_overlap_duration": 2.1, "mean_compound_intensity_norm": 0.3206, "Hazard_Index": 0.6658, "Hazard_Frequency": 0.7224, "Hazard_Severity": 0.5129, "Hazard_Index_raw": 0.6177, "municipality_name": "Rio de Janeiro", "municipality_state": "RJ", "municipality_distance_km": 0.2837, "segment_count": 27, "metrics_index": 223}, "geometry": {"type": "LineString", "coordinates": [[-43.2711, -22.789], [-43.2558, -22.8165], [-43.2406, -22.8439], [-43.2338, -22.8439], [-43.2306, -22.8386], [-43.227, -22.8352], [-43.2235, -22.8327], [-43.2201, -22.8297], [-43.2192, -22.8395], [-43.2154, -22.8469], [-43.2089, -22.8527], [-43.1996, -22.857], [-43.2045, -22.8576], [-43.2071, -22.8593], [-43.2095, -22.8617], [-43.2133, -22.8644], [-43.1733, -22.887], [-43.1621, -22.8957], [-43.1606, -22.9086], [-43.1632, -22.9274], [-43.1625, -22.9397], [-43.1512, -22.9333], [-43.1522, -22.9511], [-43.1708, -22.9698], [-43.1968, -22.9859], [-43.2201, -22.9953], [-43.2656, -22.9999], [-43.3111, -23.0045]]}}, {"type": "Feature", "properties": {"source_grid_index": 222, "source_longitude": -43.4, "source_latitude": -23.0, "nearest_grid_distance_km": 8.7701, "compound_count_annual_mean": 7.94, "mean_overlap_duration": 2.08, "mean_compound_intensity_norm": 0.3036, "Hazard_Index": 0.6625, "Hazard_Frequency": 0.7552, "Hazard_Severity": 0.4739, "Hazard_Index_raw": 0.6146, "municipality_name": "Rio de Janeiro", "municipality_state": "RJ", "municipality_distance_km": 0.0, "segment_count": 8, "metrics_index": 222}, "geometry": {"type": "LineString", "coordinates": [[-43.3111, -23.0045], [-43.3566, -23.009], [-43.4021, -23.0136], [-43.4476, -23.0182], [-43.4718, -23.0246], [-43.496, -23.031], [-43.5191, -23.0402], [-43.5422, -23.0494], [-43.5483, -23.0548]]}}, {"type": "Feature", "properties": {"source_grid_index": 210, "source_longitude": -43.6, "source_latitude": -23.2, "nearest_grid_distance_km": 16.5915, "compound_count_annual_mean": 7.18, "mean_overlap_duration": 2.13, "mean_compound_intensity_norm": 0.345, "Hazard_Index": 0.6584, "Hazard_Frequency": 0.6806, "Hazard_Severity": 0.5411, "Hazard_Index_raw": 0.6109, "municipality_name": "Rio de Janeiro", "municipality_state": "RJ", "municipality_distance_km": 0.0, "segment_count": 7, "metrics_index": 210}, "geometry": {"type": "LineString", "coordinates": [[-43.5483, -23.0548], [-43.5544, -23.0622], [-43.5604, -23.0675], [-43.5665, -23.0663], [-43.5772, -23.0514], [-43.5801, -23.0494], [-43.6208, -23.0426], [-43.6626, -23.0471]]}}, {"type": "Feature", "properties": {"source_grid_index": 210, "source_longitude": -43.6, "source_latitude": -23.2, "nearest_grid_distance_km": 18.9535, "compound_count_annual_mean": 7.18, "mean_overlap_duration": 2.13, "mean_compound_intensity_norm": 0.345, "Hazard_Index": 0.6584, "Hazard_Frequency": 0.6806, "Hazard_Severity": 0.5411, "Hazard_Index_raw": 0.6109, "municipality_name": "Itaguaí", "municipality_state": "RJ", "municipality_distance_km": 0.0, "segment_count": 1, "metrics_index": 210}, "geometry": {"type": "LineString", "coordinates": [[-43.6626, -23.0471], [-43.7045, -23.0517]]}}, {"type": "Feature", "properties": {"source_grid_index": 209, "source_longitude": -43.8, "source_latitude": -23.2, "nearest_grid_distance_km": 17.1603, "compound_count_annual_mean": 7.3, "mean_overlap_duration": 2.08, "mean_compound_intensity_norm": 0.332, "Hazard_Index": 0.6524, "Hazard_Frequency": 0.6925, "Hazard_Severity": 0.5182, "Hazard_Index_raw": 0.6054, "municipality_name": "Itaguaí", "municipality_state": "RJ", "municipality_distance_km": 0.2222, "segment_count": 2, "metrics_index": 209}, "geometry": {"type": "LineString", "coordinates": [[-43.7045, -23.0517], [-43.7463, -23.0562], [-43.7882, -23.0607]]}}, {"type": "Feature", "properties": {"source_grid_index": 209, "source_longitude": -43.8, "source_latitude": -23.2, "nearest_grid_distance_km": 15.5832, "compound_count_annual_mean": 7.3, "mean_overlap_duration": 2.08, "mean_compound_intensity_norm": 0.332, "Hazard_Index": 0.6524, "Hazard_Frequency": 0.6925, "Hazard_Severity": 0.5182, "Hazard_Index_raw": 0.6054, "municipality_name": "Mangaratiba", "municipality_state": "RJ", "municipality_distance_km": 0.0, "segment_count": 2, "metrics_index": 209}, "geometry": {"type": "LineString", "coordinates": [[-43.7882, -23.0607], [-43.83, -23.0653], [-43.8719, -23.0698]]}}, {"type": "Feature", "properties": {"source_grid_index": 221, "source_longitude": -44.0, "source_latitude": -23.0, "nearest_grid_distance_km": 10.1957, "compound_count_annual_mean": 7.64, "mean_overlap_duration": 1.83, "mean_compound_intensity_norm": 0.239, "Hazard_Index": 0.5453, "Hazard_Frequency": 0.7254, "Hazard_Severity": 0.2901, "Hazard_Index_raw": 0.5077, "municipality_name": "Mangaratiba", "municipality_state": "RJ", "municipality_distance_km": 0.0, "segment_count": 17, "metrics_index": 221}, "geometry": {"type": "LineString", "coordinates": [[-43.8719, -23.0698], [-43.9141, -23.0698], [-43.9347, -23.0727], [-43.9501, -23.0802], [-43.969, -23.0927], [-43.9888, -23.0974], [-44.0037, -23.0911], [-44.0084, -23.0698], [-44.0015, -23.0492], [-43.9871, -23.0417], [-43.9501, -23.0426], [-43.94, -23.0456], [-43.9163, -23.0564], [-43.9054, -23.0556], [-43.9005, -23.0501], [-43.8917, -23.0214], [-43.869, -23.0396], [-43.832, -23.0476]]}}, {"type": "Feature", "properties": {"source_grid_index": 209, "source_longitude": -43.8, "source_latitude": -23.2, "nearest_grid_distance_km": 17.0949, "compound_count_annual_mean": 7.3, "mean_overlap_duration": 2.08, "mean_compound_intensity_norm": 0.332, "Hazard_Index": 0.6524, "Hazard_Frequency": 0.6925, "Hazard_Severity": 0.5182, "Hazard_Index_raw": 0.6054, "municipality_name": "Mangaratiba", "municipality_state": "RJ", "municipality_distance_km": 1.3826, "segment_count": 1, "metrics_index": 209}, "geometry": {"type": "LineString", "coordinates": [[-43.832, -23.0476], [-43.7916, -23.0485]]}}, {"type": "Feature", "properties": {"source_grid_index": 209, "source_longitude": -43.8, "source_latitude": -23.2, "nearest_grid_distance_km": 17.9258, "compound_count_annual_mean": 7.3, "mean_overlap_duration": 2.08, "mean_compound_intensity_norm": 0.332, "Hazard_Index": 0.6524, "Hazard_Frequency": 0.6925, "Hazard_Severity": 0.5182, "Hazard_Index_raw": 0.6054, "municipality_name": "Itaguaí", "municipality_state": "RJ", "municipality_distance_km": 1.2943, "segment_count": 2, "metrics_index": 209}, "geometry": {"type": "LineString", "coordinates": [[-43.7916, -23.0485], [-43.7511, -23.0494], [-43.7102, -23.0433]]}}, {"type": "Feature", "properties": {"source_grid_index": 210, "source_longitude": -43.6, "source_latitude": -23.2, "nearest_grid_distance_km": 20.1579, "compound_count_annual_mean": 7.18, "mean_overlap_duration": 2.13, "mean_compound_intensity_norm": 0.345, "Hazard_Index": 0.6584, "Hazard_Frequency": 0.6806, "Hazard_Severity": 0.5411, "Hazard_Index_raw": 0.6109, "municipality_name": "Itaguaí", "municipality_state": "RJ", "municipality_distance_km": 0.9377, "segment_count": 1, "metrics_index": 210}, "geometry": {"type": "LineString", "coordinates": [[-43.7102, -23.0433], [-43.6693, -23.0372]]}}, {"type": "Feature", "properties": {"source_grid_index": 210, "source_longitude": -43.6, "source_latitude": -23.2, "nearest_grid_distance_km": 23.6337, "compound_count_annual_mean": 7.18, "mean_overlap_duration": 2.13, "mean_compound_intensity_norm": 0.345, "Hazard_Index": 0.6584, "Hazard_Frequency": 0.6806, "Hazard_Severity": 0.5411, "Hazard_Index_raw": 0.6109, "municipality_name": "Rio de Janeiro", "municipality_state": "RJ", "municipality_distance_km": 0.697, "segment_count": 9, "metrics_index": 210}, "geometry": {"type": "LineString", "coordinates": [[-43.6693, -23.0372], [-43.6255, -23.024], [-43.6037, -23.0077], [-43.6236, -23.0056], [-43.6461, -22.9986], [-43.6644, -22.9885], [-43.672, -22.978], [-43.6767, -22.9797], [-43.6875, -22.9788], [-43.6991, -22.9767]]}}, {"type": "Feature", "properties": {"source_grid_index": 209, "source_longitude": -43.8, "source_latitude": -23.2, "nearest_grid_distance_km": 27.6599, "compound_count_annual_mean": 7.3, "mean_overlap_duration": 2.08, "mean_compound_intensity_norm": 0.332, "Hazard_Index": 0.6524, "Hazard_Frequency": 0.6925, "Hazard_Severity": 0.5182, "Hazard_Index_raw": 0.6054, "municipality_name": "Rio de Janeiro", "municipality_state": "RJ", "municipality_distance_km": 0.0, "segment_count": 3, "metrics_index": 209}, "geometry": {"type": "LineString", "coordinates": [[-43.6991, -22.9767], [-43.7067, -22.9743], [-43.7164, -22.9658], [-43.7288, -22.9459]]}}, {"type": "Feature", "properties": {"source_grid_index": 221, "source_longitude": -44.0, "source_latitude": -23.0, "nearest_grid_distance_km": 26.8039, "compound_count_annual_mean": 7.64, "mean_overlap_duration": 1.83, "mean_compound_intensity_norm": 0.239, "Hazard_Index": 0.5453, "Hazard_Frequency": 0.7254, "Hazard_Severity": 0.2901, "Hazard_Index_raw": 0.5077, "municipality_name": "Rio de Janeiro", "municipality_state": "RJ", "municipality_distance_km": 0.0, "segment_count": 3, "metrics_index": 221}, "geometry": {"type": "LineString", "coordinates": [[-43.7288, -22.9459], [-43.734, -22.9395], [-43.7489, -22.9343], [-43.7935, -22.9282]]}}, {"type": "Feature", "properties": {"source_grid_index": 221, "source_longitude": -44.0, "source_latitude": -23.0, "nearest_grid_distance_km": 19.5983, "compound_count_annual_mean": 7.64, "mean_overlap_duration": 1.83, "mean_compound_intensity_norm": 0.239, "Hazard_Index": 0.5453, "Hazard_Frequency": 0.7254, "Hazard_Severity": 0.2901, "Hazard_Index_raw": 0.5077, "municipality_name": "Itaguaí", "municipality_state": "RJ", "municipality_distance_km": 0.6017, "segment_count": 9, "metrics_index": 221}, "geometry": {"type": "LineString", "coordinates": [[-43.7935, -22.9282], [-43.803, -22.9299], [-43.809, -22.9098], [-43.8241, -22.9076], [-43.8441, -22.9106], [-43.8644, -22.9059], [-43.8502, -22.8991], [-43.8502, -22.8923], [-43.8644, -22.8962], [-43.8927, -22.9094]]}}, {"type": "Feature", "properties": {"source_grid_index": 221, "source_longitude": -44.0, "source_latitude": -23.0, "nearest_grid_distance_km": 9.6302, "compound_count_annual_mean": 7.64, "mean_overlap_duration": 1.83, "mean_compound_intensity_norm": 0.239, "Hazard_Index": 0.5453, "Hazard_Frequency": 0.7254, "Hazard_Severity": 0.2901, "Hazard_Index_raw": 0.5077, "municipality_name": "Mangaratiba", "municipality_state": "RJ", "municipality_distance_km": 0.0, "segment_count": 22, "metrics_index": 221}, "geometry": {"type": "LineString", "coordinates": [[-43.8927, -22.9094], [-43.902, -22.9122], [-43.9279, -22.9159], [-43.9538, -22.9196], [-43.9664, -22.9234], [-43.9958, -22.9367], [-44.0047, -22.9395], [-44.0124, -22.9457], [-44.0198, -22.9592], [-44.0308, -22.9714], [-44.0494, -22.9743], [-44.0429, -22.9588], [-44.0392, -22.9441], [-44.0423, -22.9358], [-44.0562, -22.9395], [-44.0623, -22.9484], [-44.0797, -22.9872], [-44.0891, -22.9938], [-44.1151, -23.0224], [-44.1279, -23.0289], [-44.1518, -23.0289], [-44.1573, -23.0318], [-44.1729, -23.0426]]}}, {"type": "Feature", "properties": {"source_grid_index": 207, "source_longitude": -44.2, "source_latitude": -23.2, "nearest_grid_distance_km": 17.6295, "compound_count_annual_mean": 7.82, "mean_overlap_duration": 2.14, "mean_compound_intensity_norm": 0.3253, "Hazard_Index": 0.6841, "Hazard_Frequency": 0.7433, "Hazard_Severity": 0.5254, "Hazard_Index_raw": 0.6343, "municipality_name": "Angra dos Reis", "municipality_state": "RJ", "municipality_distance_km": 0.0, "segment_count": 8, "metrics_index": 207}, "geometry": {"type": "LineString", "coordinates": [[-44.1729, -23.0426], [-44.18, -23.0451], [-44.1864, -23.049], [-44.191, -23.0488], [-44.1927, -23.0392], [-44.1969, -23.0336], [-44.2064, -23.0379], [-44.2201, -23.0494], [-44.2373, -23.047]]}}, {"type": "Feature", "properties": {"source_grid_index": 220, "source_longitude": -44.4, "source_latitude": -23.0, "nearest_grid_distance_km": 9.1146, "compound_count_annual_mean": 8.58, "mean_overlap_duration": 1.89, "mean_compound_intensity_norm": 0.2093, "Hazard_Index": 0.5789, "Hazard_Frequency": 0.8179, "Hazard_Severity": 0.2589, "Hazard_Index_raw": 0.5384, "municipality_name": "Angra dos Reis", "municipality_state": "RJ", "municipality_distance_km": 0.0, "segment_count": 43, "metrics_index": 220}, "geometry": {"type": "LineString", "coordinates": [[-44.2373, -23.047], [-44.243, -23.0426], [-44.2405, -23.009], [-44.2418, -22.9999], [-44.2505, -22.9962], [-44.2716, -22.9953], [-44.2896, -23.0109], [-44.2987, -23.0129], [-44.3026, -22.9953], [-44.3171, -23.0029], [-44.3238, -23.0079], [-44.3299, -23.0152], [-44.3527, -22.9993], [-44.3545, -22.9864], [-44.3415, -22.9775], [-44.32, -22.9743], [-44.3118, -22.9701], [-44.3116, -22.9611], [-44.3169, -22.947], [-44.321, -22.9438], [-44.3276, -22.9401], [-44.329, -22.9348], [-44.3169, -22.9264], [-44.3259, -22.9216], [-44.3359, -22.9194], [-44.3466, -22.9187], [-44.3578, -22.9196], [-44.3516, -22.9353], [-44.3557, -22.9444], [-44.3643, -22.9514], [-44.3715, -22.9612], [-44.3751, -22.9553], [-44.3822, -22.946], [-44.3845, -22.9395], [-44.3918, -22.942], [-44.3949, -22.9435], [-44.3988, -22.947], [-44.4114, -22.9374], [-44.4232, -22.9479], [-44.4398, -22.9817], [-44.4357, -22.9968], [-44.4574, -23.0095], [-44.4866, -23.0182], [-44.534, -23.0253]]}}, {"type": "Feature", "properties": {"source_grid_index": 220, "source_longitude": -44.4, "source_latitude": -23.0, "nearest_grid_distance_km": 23.6677, "compound_count_annual_mean": 8.58, "mean_overlap_duration": 1.89, "mean_compound_intensity_norm": 0.2093, "Hazard_Index": 0.5789, "Hazard_Frequency": 0.8179, "Hazard_Severity": 0.2589, "Hazard_Index_raw": 0.5384, "municipality_name": "Paraty", "municipality_state": "RJ", "municipality_distance_km": 0.0, "segment_count": 10, "metrics_index": 220}, "geometry": {"type": "LineString", "coordinates": [[-44.534, -23.0253], [-44.5691, -23.0405], [-44.6042, -23.0556], [-44.6025, -23.0505], [-44.6006, -23.0411], [-44.598, -23.0357], [-44.6304, -23.0351], [-44.6551, -23.0431], [-44.6732, -23.0593], [-44.6869, -23.0835], [-44.7005, -23.1077]]}}, {"type": "Feature", "properties": {"source_grid_index": 206, "source_longitude": -44.4, "source_latitude": -23.2, "nearest_grid_distance_km": 24.4949, "compound_count_annual_mean": 7.76, "mean_overlap_duration": 2.03, "mean_compound_intensity_norm": 0.296, "Hazard_Index": 0.6387, "Hazard_Frequency": 0.7373, "Hazard_Severity": 0.4484, "Hazard_Index_raw": 0.5929, "municipality_name": "Paraty", "municipality_state": "RJ", "municipality_distance_km": 0.0, "segment_count": 37, "metrics_index": 206}, "geometry": {"type": "LineString", "coordinates": [[-44.7005, -23.1077], [-44.6985, -23.1145], [-44.6949, -23.1208], [-44.6932, -23.1274], [-44.7025, -23.1446], [-44.7121, -23.175], [-44.7141, -23.1866], [-44.708, -23.2146], [-44.6893, -23.211], [-44.6658, -23.1952], [-44.6453, -23.1866], [-44.6268, -23.1952], [-44.65, -23.2124], [-44.6732, -23.2296], [-44.68, -23.2486], [-44.6702, -23.2385], [-44.656, -23.2304], [-44.64, -23.2278], [-44.6247, -23.235], [-44.6399, -23.2504], [-44.6488, -23.2621], [-44.6527, -23.2721], [-44.6514, -23.2848], [-44.647, -23.2828], [-44.6282, -23.2582], [-44.6136, -23.2438], [-44.6006, -23.2343], [-44.5834, -23.2292], [-44.5565, -23.2275], [-44.564, -23.2397], [-44.5685, -23.2444], [-44.5763, -23.2486], [-44.5583, -23.2634], [-44.533, -23.267], [-44.5106, -23.2734], [-44.5012, -23.2965], [-44.5238, -23.2907], [-44.5414, -23.3032]]}}, {"type": "Feature", "properties": {"source_grid_index": 194, "source_longitude": -44.4, "source_latitude": -23.4, "nearest_grid_distance_km": 23.2831, "compound_count_annual_mean": 7.52, "mean_overlap_duration": 2.01, "mean_compound_intensity_norm": 0.3199, "Hazard_Index": 0.6368, "Hazard_Frequency": 0.7134, "Hazard_Severity": 0.469, "Hazard_Index_raw": 0.5912, "municipality_name": "Paraty", "municipality_state": "RJ", "municipality_distance_km": 0.9466, "segment_count": 8, "metrics_index": 194}, "geometry": {"type": "LineString", "coordinates": [[-44.5414, -23.3032], [-44.5633, -23.3373], [-44.5838, -23.3532], [-44.601, -23.3502], [-44.6164, -23.3425], [-44.6316, -23.3448], [-44.647, -23.3386], [-44.6744, -23.3381], [-44.7043, -23.3425]]}}, {"type": "Feature", "properties": {"source_grid_index": 189, "source_longitude": -44.8, "source_latitude": -23.6, "nearest_grid_distance_km": 28.78, "compound_count_annual_mean": 7.03, "mean_overlap_duration": 1.98, "mean_compound_intensity_norm": 0.3107, "Hazard_Index": 0.5986, "Hazard_Frequency": 0.6657, "Hazard_Severity": 0.4471, "Hazard_Index_raw": 0.5564, "municipality_name": "Paraty", "municipality_state": "RJ", "municipality_distance_km": 0.1146, "segment_count": 3, "metrics_index": 189}, "geometry": {"type": "LineString", "coordinates": [[-44.7043, -23.3425], [-44.7272, -23.351], [-44.7276, -23.3521], [-44.7329, -23.3658]]}}, {"type": "Feature", "properties": {"source_grid_index": 189, "source_longitude": -44.8, "source_latitude": -23.6, "nearest_grid_distance_km": 26.4163, "compound_count_annual_mean": 7.03, "mean_overlap_duration": 1.98, "mean_compound_intensity_norm": 0.3107, "Hazard_Index": 0.5986, "Hazard_Frequency": 0.6657, "Hazard_Severity": 0.4471, "Hazard_Index_raw": 0.5564, "municipality_name": "Ubatuba", "municipality_state": "SP", "municipality_distance_km": 0.2028, "segment_count": 15, "metrics_index": 189}, "geometry": {"type": "LineString", "coordinates": [[-44.7329, -23.3658], [-44.7478, -23.3709], [-44.7662, -23.373], [-44.7824, -23.379], [-44.7998, -23.3713], [-44.8133, -23.3771], [-44.827, -23.3854], [-44.8445, -23.3852], [-44.8505, -23.379], [-44.854, -23.3698], [-44.8586, -23.3615], [-44.868, -23.3578], [-44.8774, -23.3582], [-44.8843, -23.3595], [-44.8985, -23.3647], [-44.892, -23.341]]}}, {"type": "Feature", "properties": {"source_grid_index": 188, "source_longitude": -45.0, "source_latitude": -23.6, "nearest_grid_distance_km": 19.5383, "compound_count_annual_mean": 6.61, "mean_overlap_duration": 1.83, "mean_compound_intensity_norm": 0.2731, "Hazard_Index": 0.5213, "Hazard_Frequency": 0.6239, "Hazard_Severity": 0.3478, "Hazard_Index_raw": 0.4858, "municipality_name": "Ubatuba", "municipality_state": "SP", "municipality_distance_km": 0.7219, "segment_count": 25, "metrics_index": 188}, "geometry": {"type": "LineString", "coordinates": [[-44.892, -23.341], [-44.9193, -23.3488], [-44.9526, -23.3681], [-44.9642, -23.379], [-44.9692, -23.3814], [-44.9757, -23.3942], [-44.981, -23.3993], [-44.9881, -23.402], [-45.0015, -23.4037], [-45.0084, -23.4055], [-45.0283, -23.4161], [-45.0362, -23.4156], [-45.0431, -23.4055], [-45.0508, -23.4282], [-45.0397, -23.4387], [-45.0216, -23.4465], [-45.0084, -23.4609], [-45.0347, -23.4621], [-45.0502, -23.4733], [-45.0603, -23.4944], [-45.0704, -23.5154], [-45.0802, -23.4977], [-45.0918, -23.4919], [-45.0976, -23.4978], [-45.0902, -23.5154], [-45.1019, -23.5128]]}}, {"type": "Feature", "properties": {"source_grid_index": 187, "source_longitude": -45.2, "source_latitude": -23.6, "nearest_grid_distance_km": 8.6375, "compound_count_annual_mean": 5.61, "mean_overlap_duration": 1.45, "mean_compound_intensity_norm": 0.2292, "Hazard_Index": 0.3808, "Hazard_Frequency": 0.5254, "Hazard_Severity": 0.19, "Hazard_Index_raw": 0.3577, "municipality_name": "Ubatuba", "municipality_state": "SP", "municipality_distance_km": 0.0, "segment_count": 18, "metrics_index": 187}, "geometry": {"type": "LineString", "coordinates": [[-45.1019, -23.5128], [-45.1134, -23.5077], [-45.1246, -23.5007], [-45.1352, -23.4919], [-45.1478, -23.4874], [-45.1522, -23.4988], [-45.1506, -23.516], [-45.1455, -23.5291], [-45.1642, -23.5331], [-45.1832, -23.526], [-45.2003, -23.5237], [-45.2137, -23.5427], [-45.2032, -23.5612], [-45.2007, -23.572], [-45.2107, -23.5769], [-45.2229, -23.5792], [-45.2519, -23.5906], [-45.2641, -23.5875], [-45.2788, -23.5737]]}}, {"type": "Feature", "properties": {"source_grid_index": 187, "source_longitude": -45.2, "source_latitude": -23.6, "nearest_grid_distance_km": 12.9733, "compound_count_annual_mean": 5.61, "mean_overlap_duration": 1.45, "mean_compound_intensity_norm": 0.2292, "Hazard_Index": 0.3808, "Hazard_Frequency": 0.5254, "Hazard_Severity": 0.19, "Hazard_Index_raw": 0.3577, "municipality_name": "Caraguatatuba", "municipality_state": "SP", "municipality_distance_km": 0.0, "segment_count": 8, "metrics_index": 187}, "geometry": {"type": "LineString", "coordinates": [[-45.2788, -23.5737], [-45.2895, -23.5701], [-45.3017, -23.5742], [-45.3124, -23.5838], [-45.3211, -23.5935], [-45.3271, -23.5981], [-45.3484, -23.6044], [-45.3678, -23.6166], [-45.3883, -23.6244]]}}, {"type": "Feature", "properties": {"source_grid_index": 182, "source_longitude": -45.4, "source_latitude": -23.8, "nearest_grid_distance_km": 16.2033, "compound_count_annual_mean": 9.15, "mean_overlap_duration": 1.94, "mean_compound_intensity_norm": 0.2851, "Hazard_Index": 0.6901, "Hazard_Frequency": 0.8746, "Hazard_Severity": 0.4049, "Hazard_Index_raw": 0.6398, "municipality_name": "Caraguatatuba", "municipality_state": "SP", "municipality_distance_km": 0.0, "segment_count": 8, "metrics_index": 182}, "geometry": {"type": "LineString", "coordinates": [[-45.3883, -23.6244], [-45.413, -23.6179], [-45.4171, -23.6291], [-45.4285, -23.6419], [-45.4329, -23.6526], [-45.4335, -23.6647], [-45.4282, -23.6861], [-45.4267, -23.697], [-45.4231, -23.7106]]}}, {"type": "Feature", "properties": {"source_grid_index": 182, "source_longitude": -45.4, "source_latitude": -23.8, "nearest_grid_distance_km": 6.0315, "compound_count_annual_mean": 9.15, "mean_overlap_duration": 1.94, "mean_compound_intensity_norm": 0.2851, "Hazard_Index": 0.6901, "Hazard_Frequency": 0.8746, "Hazard_Severity": 0.4049, "Hazard_Index_raw": 0.6398, "municipality_name": "São Sebastião", "municipality_state": "SP", "municipality_distance_km": 0.5982, "segment_count": 16, "metrics_index": 182}, "geometry": {"type": "LineString", "coordinates": [[-45.4231, -23.7106], [-45.4149, -23.7148], [-45.4058, -23.7159], [-45.3994, -23.7209], [-45.3983, -23.7341], [-45.4061, -23.7561], [-45.4027, -23.7653], [-45.3931, -23.7835], [-45.3948, -23.8032], [-45.4066, -23.8204], [-45.4267, -23.8307], [-45.4389, -23.8317], [-45.4481, -23.829], [-45.456, -23.8256], [-45.4645, -23.8239], [-45.4785, -23.8263], [-45.4988, -23.8364]]}}, {"type": "Feature", "properties": {"source_grid_index": 181, "source_longitude": -45.6, "source_latitude": -23.8, "nearest_grid_distance_km": 4.7516, "compound_count_annual_mean": 9.79, "mean_overlap_duration": 1.95, "mean_compound_intensity_norm": 0.329, "Hazard_Index": 0.7777, "Hazard_Frequency": 0.9373, "Hazard_Severity": 0.502, "Hazard_Index_raw": 0.7197, "municipality_name": "São Sebastião", "municipality_state": "SP", "municipality_distance_km": 0.0, "segment_count": 12, "metrics_index": 181}, "geometry": {"type": "LineString", "coordinates": [[-45.4988, -23.8364], [-45.5093, -23.8376], [-45.5289, -23.8295], [-45.552, -23.8024], [-45.5741, -23.7966], [-45.608, -23.8032], [-45.6185, -23.8029], [-45.623, -23.8004], [-45.6271, -23.7926], [-45.6322, -23.7898], [-45.6514, -23.7892], [-45.6527, -23.7898], [-45.6851, -23.7803]]}}, {"type": "Feature", "properties": {"source_grid_index": 180, "source_longitude": -45.8, "source_latitude": -23.8, "nearest_grid_distance_km": 6.0369, "compound_count_annual_mean": 9.49, "mean_overlap_duration": 1.91, "mean_compound_intensity_norm": 0.338, "Hazard_Index": 0.7673, "Hazard_Frequency": 0.9075, "Hazard_Severity": 0.5129, "Hazard_Index_raw": 0.7102, "municipality_name": "São Sebastião", "municipality_state": "SP", "municipality_distance_km": 0.1859, "segment_count": 6, "metrics_index": 180}, "geometry": {"type": "LineString", "coordinates": [[-45.6851, -23.7803], [-45.7175, -23.7708], [-45.7502, -23.7698], [-45.7829, -23.7687], [-45.7943, -23.7659], [-45.8155, -23.7573], [-45.8239, -23.7551]]}}, {"type": "Feature", "properties": {"source_grid_index": 180, "source_longitude": -45.8, "source_latitude": -23.8, "nearest_grid_distance_km": 15.0028, "compound_count_annual_mean": 9.49, "mean_overlap_duration": 1.91, "mean_compound_intensity_norm": 0.338, "Hazard_Index": 0.7673, "Hazard_Frequency": 0.9075, "Hazard_Severity": 0.5129, "Hazard_Index_raw": 0.7102, "municipality_name": "Bertioga", "municipality_state": "SP", "municipality_distance_km": 0.0, "segment_count": 6, "metrics_index": 180}, "geometry": {"type": "LineString", "coordinates": [[-45.8239, -23.7551], [-45.8644, -23.7564], [-45.91, -23.7668], [-45.9556, -23.7771], [-45.989, -23.7898], [-46.0076, -23.801], [-46.018, -23.8102]]}}, {"type": "Feature", "properties": {"source_grid_index": 173, "source_longitude": -46.0, "source_latitude": -24.0, "nearest_grid_distance_km": 20.2448, "compound_count_annual_mean": 8.49, "mean_overlap_duration": 1.84, "mean_compound_intensity_norm": 0.3342, "Hazard_Index": 0.6931, "Hazard_Frequency": 0.809, "Hazard_Severity": 0.4761, "Hazard_Index_raw": 0.6425, "municipality_name": "Bertioga", "municipality_state": "SP", "municipality_distance_km": 0.7491, "segment_count": 5, "metrics_index": 173}, "geometry": {"type": "LineString", "coordinates": [[-46.018, -23.8102], [-46.0269, -23.8285], [-46.0375, -23.829], [-46.0607, -23.8239], [-46.0797, -23.8278], [-46.0989, -23.8371]]}}, {"type": "Feature", "properties": {"source_grid_index": 172, "source_longitude": -46.2, "source_latitude": -24.0, "nearest_grid_distance_km": 17.3299, "compound_count_annual_mean": 8.7, "mean_overlap_duration": 1.81, "mean_compound_intensity_norm": 0.3185, "Hazard_Index": 0.6848, "Hazard_Frequency": 0.8299, "Hazard_Severity": 0.44, "Hazard_Index_raw": 0.6349, "municipality_name": "Bertioga", "municipality_state": "SP", "municipality_distance_km": 0.7007, "segment_count": 6, "metrics_index": 172}, "geometry": {"type": "LineString", "coordinates": [[-46.0989, -23.8371], [-46.1363, -23.8517], [-46.1378, -23.8495], [-46.1392, -23.8444], [-46.1461, -23.8444], [-46.1595, -23.8705], [-46.1796, -23.8903]]}}, {"type": "Feature", "properties": {"source_grid_index": 172, "source_longitude": -46.2, "source_latitude": -24.0, "nearest_grid_distance_km": 10.6301, "compound_count_annual_mean": 8.7, "mean_overlap_duration": 1.81, "mean_compound_intensity_norm": 0.3185, "Hazard_Index": 0.6848, "Hazard_Frequency": 0.8299, "Hazard_Severity": 0.44, "Hazard_Index_raw": 0.6349, "municipality_name": "Santos", "municipality_state": "SP", "municipality_distance_km": 0.0, "segment_count": 3, "metrics_index": 172}, "geometry": {"type": "LineString", "coordinates": [[-46.1796, -23.8903], [-46.2052, -23.9045], [-46.2354, -23.9127], [-46.2354, -23.9202]]}}, {"type": "Feature", "properties": {"source_grid_index": 172, "source_longitude": -46.2, "source_latitude": -24.0, "nearest_grid_distance_km": 7.7932, "compound_count_annual_mean": 8.7, "mean_overlap_duration": 1.81, "mean_compound_intensity_norm": 0.3185, "Hazard_Index": 0.6848, "Hazard_Frequency": 0.8299, "Hazard_Severity": 0.44, "Hazard_Index_raw": 0.6349, "municipality_name": "Guarujá", "municipality_state": "SP", "municipality_distance_km": 0.0, "segment_count": 24, "metrics_index": 172}, "geometry": {"type": "LineString", "coordinates": [[-46.2354, -23.9202], [-46.2135, -23.9194], [-46.1974, -23.9157], [-46.183, -23.9072], [-46.1643, -23.889], [-46.1455, -23.8708], [-46.1319, -23.8649], [-46.1119, -23.8649], [-46.1309, -23.8852], [-46.15, -23.9055], [-46.1597, -23.9202], [-46.1645, -23.9352], [-46.1683, -23.9547], [-46.1695, -23.9723], [-46.1665, -23.9816], [-46.175, -23.9909], [-46.1866, -23.9954], [-46.1969, -23.9939], [-46.2013, -23.985], [-46.2075, -23.9799], [-46.2211, -23.9817], [-46.2341, -23.986], [-46.253, -23.9959], [-46.2677, -24.0105], [-46.2877, -24.0212]]}}, {"type": "Feature", "properties": {"source_grid_index": 171, "source_longitude": -46.4, "source_latitude": -24.0, "nearest_grid_distance_km": 9.49, "compound_count_annual_mean": 9.0, "mean_overlap_duration": 1.82, "mean_compound_intensity_norm": 0.327, "Hazard_Index": 0.7114, "Hazard_Frequency": 0.8597, "Hazard_Severity": 0.4587, "Hazard_Index_raw": 0.6592, "municipality_name": "Guarujá", "municipality_state": "SP", "municipality_distance_km": 0.0521, "segment_count": 2, "metrics_index": 171}, "geometry": {"type": "LineString", "coordinates": [[-46.2877, -24.0212], [-46.3174, -24.0164], [-46.3099, -24.0016]]}}, {"type": "Feature", "properties": {"source_grid_index": 172, "source_longitude": -46.2, "source_latitude": -24.0, "nearest_grid_distance_km": 10.0922, "compound_count_annual_mean": 8.7, "mean_overlap_duration": 1.81, "mean_compound_intensity_norm": 0.3185, "Hazard_Index": 0.6848, "Hazard_Frequency": 0.8299, "Hazard_Severity": 0.44, "Hazard_Index_raw": 0.6349, "municipality_name": "Guarujá", "municipality_state": "SP", "municipality_distance_km": 0.0, "segment_count": 7, "metrics_index": 172}, "geometry": {"type": "LineString", "coordinates": [[-46.3099, -24.0016], [-46.2848, -23.9929], [-46.2764, -23.9816], [-46.2773, -23.9675], [-46.2846, -23.956], [-46.293, -23.9461], [-46.2969, -23.9372], [-46.2995, -23.9251]]}}, {"type": "Feature", "properties": {"source_grid_index": 171, "source_longitude": -46.4, "source_latitude": -24.0, "nearest_grid_distance_km": 13.2784, "compound_count_annual_mean": 9.0, "mean_overlap_duration": 1.82, "mean_compound_intensity_norm": 0.327, "Hazard_Index": 0.7114, "Hazard_Frequency": 0.8597, "Hazard_Severity": 0.4587, "Hazard_Index_raw": 0.6592, "municipality_name": "Guarujá", "municipality_state": "SP", "municipality_distance_km": 0.0, "segment_count": 1, "metrics_index": 171}, "geometry": {"type": "LineString", "coordinates": [[-46.2995, -23.9251], [-46.307, -23.9153]]}}, {"type": "Feature", "properties": {"source_grid_index": 171, "source_longitude": -46.4, "source_latitude": -24.0, "nearest_grid_distance_km": 12.0455, "compound_count_annual_mean": 9.0, "mean_overlap_duration": 1.82, "mean_compound_intensity_norm": 0.327, "Hazard_Index": 0.7114, "Hazard_Frequency": 0.8597, "Hazard_Severity": 0.4587, "Hazard_Index_raw": 0.6592, "municipality_name": "Santos", "municipality_state": "SP", "municipality_distance_km": 0.0, "segment_count": 12, "metrics_index": 171}, "geometry": {"type": "LineString", "coordinates": [[-46.307, -23.9153], [-46.3188, -23.9089], [-46.3462, -23.905], [-46.3578, -23.9008], [-46.3638, -23.8942], [-46.3583, -23.886], [-46.3583, -23.8786], [-46.3854, -23.8735], [-46.3893, -23.8864], [-46.3874, -23.904], [-46.3968, -23.9127], [-46.4093, -23.9159], [-46.4104, -23.9233]]}}, {"type": "Feature", "properties": {"source_grid_index": 171, "source_longitude": -46.4, "source_latitude": -24.0, "nearest_grid_distance_km": 5.5192, "compound_count_annual_mean": 9.0, "mean_overlap_duration": 1.82, "mean_compound_intensity_norm": 0.327, "Hazard_Index": 0.7114, "Hazard_Frequency": 0.8597, "Hazard_Severity": 0.4587, "Hazard_Index_raw": 0.6592, "municipality_name": "São Vicente", "municipality_state": "SP", "municipality_distance_km": 0.8153, "segment_count": 16, "metrics_index": 171}, "geometry": {"type": "LineString", "coordinates": [[-46.4104, -23.9233], [-46.408, -23.9306], [-46.4098, -23.9339], [-46.4327, -23.9317], [-46.4539, -23.9264], [-46.4496, -23.9384], [-46.4404, -23.9449], [-46.4313, -23.9482], [-46.4272, -23.9509], [-46.4256, -23.9567], [-46.417, -23.9762], [-46.413, -23.9816], [-46.4019, -23.9841], [-46.3883, -23.984], [-46.3768, -23.9851], [-46.3719, -23.9921], [-46.3721, -24.0158]]}}, {"type": "Feature", "properties": {"source_grid_index": 171, "source_longitude": -46.4, "source_latitude": -24.0, "nearest_grid_distance_km": 5.0694, "compound_count_annual_mean": 9.0, "mean_overlap_duration": 1.82, "mean_compound_intensity_norm": 0.327, "Hazard_Index": 0.7114, "Hazard_Frequency": 0.8597, "Hazard_Severity": 0.4587, "Hazard_Index_raw": 0.6592, "municipality_name": "Praia Grande", "municipality_state": "SP", "municipality_distance_km": 1.0044, "segment_count": 10, "metrics_index": 171}, "geometry": {"type": "LineString", "coordinates": [[-46.3721, -24.0158], [-46.376, -24.0245], [-46.3863, -24.03], [-46.3881, -24.0216], [-46.3918, -24.0162], [-46.3978, -24.0125], [-46.4067, -24.009], [-46.4379, -24.0245], [-46.469, -24.04], [-46.5105, -24.0565], [-46.5519, -24.073]]}}, {"type": "Feature", "properties": {"source_grid_index": 162, "source_longitude": -46.6, "source_latitude": -24.2, "nearest_grid_distance_km": 13.5298, "compound_count_annual_mean": 8.09, "mean_overlap_duration": 1.79, "mean_compound_intensity_norm": 0.3279, "Hazard_Index": 0.6456, "Hazard_Frequency": 0.7701, "Hazard_Severity": 0.4283, "Hazard_Index_raw": 0.5992, "municipality_name": "Praia Grande", "municipality_state": "SP", "municipality_distance_km": 0.6097, "segment_count": 1, "metrics_index": 162}, "geometry": {"type": "LineString", "coordinates": [[-46.5519, -24.073], [-46.5934, -24.0895]]}}, {"type": "Feature", "properties": {"source_grid_index": 162, "source_longitude": -46.6, "source_latitude": -24.2, "nearest_grid_distance_km": 10.6681, "compound_count_annual_mean": 8.09, "mean_overlap_duration": 1.79, "mean_compound_intensity_norm": 0.3279, "Hazard_Index": 0.6456, "Hazard_Frequency": 0.7701, "Hazard_Severity": 0.4283, "Hazard_Index_raw": 0.5992, "municipality_name": "Mongaguá", "municipality_state": "SP", "municipality_distance_km": 0.6514, "segment_count": 3, "metrics_index": 162}, "geometry": {"type": "LineString", "coordinates": [[-46.5934, -24.0895], [-46.6308, -24.1114], [-46.6682, -24.1332], [-46.7056, -24.155]]}}, {"type": "Feature", "properties": {"source_grid_index": 162, "source_longitude": -46.6, "source_latitude": -24.2, "nearest_grid_distance_km": 16.6416, "compound_count_annual_mean": 8.09, "mean_overlap_duration": 1.79, "mean_compound_intensity_norm": 0.3279, "Hazard_Index": 0.6456, "Hazard_Frequency": 0.7701, "Hazard_Severity": 0.4283, "Hazard_Index_raw": 0.5992, "municipality_name": "Itanhaém", "municipality_state": "SP", "municipality_distance_km": 1.3126, "segment_count": 3, "metrics_index": 162}, "geometry": {"type": "LineString", "coordinates": [[-46.7056, -24.155], [-46.7431, -24.1769], [-46.7804, -24.1941], [-46.8177, -24.2113]]}}, {"type": "Feature", "properties": {"source_grid_index": 156, "source_longitude": -46.8, "source_latitude": -24.4, "nearest_grid_distance_km": 19.9315, "compound_count_annual_mean": 8.06, "mean_overlap_duration": 1.74, "mean_compound_intensity_norm": 0.3193, "Hazard_Index": 0.6272, "Hazard_Frequency": 0.7672, "Hazard_Severity": 0.3978, "Hazard_Index_raw": 0.5825, "municipality_name": "Itanhaém", "municipality_state": "SP", "municipality_distance_km": 0.5065, "segment_count": 2, "metrics_index": 156}, "geometry": {"type": "LineString", "coordinates": [[-46.8177, -24.2113], [-46.855, -24.2284], [-46.8958, -24.2509]]}}, {"type": "Feature", "properties": {"source_grid_index": 156, "source_longitude": -46.8, "source_latitude": -24.4, "nearest_grid_distance_km": 20.4311, "compound_count_annual_mean": 8.06, "mean_overlap_duration": 1.74, "mean_compound_intensity_norm": 0.3193, "Hazard_Index": 0.6272, "Hazard_Frequency": 0.7672, "Hazard_Severity": 0.3978, "Hazard_Index_raw": 0.5825, "municipality_name": "Peruíbe", "municipality_state": "SP", "municipality_distance_km": 0.0, "segment_count": 8, "metrics_index": 156}, "geometry": {"type": "LineString", "coordinates": [[-46.8958, -24.2509], [-46.9366, -24.2734], [-46.9665, -24.2991], [-46.9889, -24.3311], [-46.9999, -24.3668], [-47.0063, -24.372], [-47.01, -24.3769], [-46.9995, -24.4006], [-46.9995, -24.4098]]}}, {"type": "Feature", "properties": {"source_grid_index": 153, "source_longitude": -47.0, "source_latitude": -24.6, "nearest_grid_distance_km": 20.1554, "compound_count_annual_mean": 7.88, "mean_overlap_duration": 1.68, "mean_compound_intensity_norm": 0.3301, "Hazard_Index": 0.6174, "Hazard_Frequency": 0.7493, "Hazard_Severity": 0.3978, "Hazard_Index_raw": 0.5735, "municipality_name": "Peruíbe", "municipality_state": "SP", "municipality_distance_km": 0.2806, "segment_count": 6, "metrics_index": 153}, "geometry": {"type": "LineString", "coordinates": [[-46.9995, -24.4098], [-47.0154, -24.4229], [-47.035, -24.4311], [-47.0498, -24.4278], [-47.051, -24.4062], [-47.0616, -24.4273], [-47.0721, -24.4485]]}}, {"type": "Feature", "properties": {"source_grid_index": 153, "source_longitude": -47.0, "source_latitude": -24.6, "nearest_grid_distance_km": 18.337, "compound_count_annual_mean": 7.88, "mean_overlap_duration": 1.68, "mean_compound_intensity_norm": 0.3301, "Hazard_Index": 0.6174, "Hazard_Frequency": 0.7493, "Hazard_Severity": 0.3978, "Hazard_Index_raw": 0.5735, "municipality_name": "Iguape", "municipality_state": "SP", "municipality_distance_km": 0.3379, "segment_count": 2, "metrics_index": 153}, "geometry": {"type": "LineString", "coordinates": [[-47.0721, -24.4485], [-47.0814, -24.4539], [-47.0969, -24.4594]]}}, {"type": "Feature", "properties": {"source_grid_index": 152, "source_longitude": -47.2, "source_latitude": -24.6, "nearest_grid_distance_km": 11.023, "compound_count_annual_mean": 7.97, "mean_overlap_duration": 1.61, "mean_compound_intensity_norm": 0.3227, "Hazard_Index": 0.6123, "Hazard_Frequency": 0.7582, "Hazard_Severity": 0.3794, "Hazard_Index_raw": 0.5688, "municipality_name": "Iguape", "municipality_state": "SP", "municipality_distance_km": 0.2135, "segment_count": 9, "metrics_index": 152}, "geometry": {"type": "LineString", "coordinates": [[-47.0969, -24.4594], [-47.1227, -24.4833], [-47.1363, -24.4887], [-47.1589, -24.511], [-47.1814, -24.5334], [-47.2186, -24.5544], [-47.2558, -24.5754], [-47.293, -24.5964], [-47.3303, -24.6174], [-47.3675, -24.6385]]}}, {"type": "Feature", "properties": {"source_grid_index": 148, "source_longitude": -47.4, "source_latitude": -24.8, "nearest_grid_distance_km": 18.1392, "compound_count_annual_mean": 7.67, "mean_overlap_duration": 1.55, "mean_compound_intensity_norm": 0.3438, "Hazard_Index": 0.6063, "Hazard_Frequency": 0.7284, "Hazard_Severity": 0.3983, "Hazard_Index_raw": 0.5633, "municipality_name": "Iguape", "municipality_state": "SP", "municipality_distance_km": 0.0, "segment_count": 13, "metrics_index": 148}, "geometry": {"type": "LineString", "coordinates": [[-47.3675, -24.6385], [-47.4048, -24.6594], [-47.442, -24.6804], [-47.4548, -24.6767], [-47.4691, -24.6809], [-47.4967, -24.6935], [-47.5185, -24.6881], [-47.5313, -24.6882], [-47.5408, -24.7034], [-47.5599, -24.7127], [-47.5847, -24.7316], [-47.6093, -24.7436], [-47.6339, -24.7556], [-47.6722, -24.7833]]}}, {"type": "Feature", "properties": {"source_grid_index": 145, "source_longitude": -47.6, "source_latitude": -25.0, "nearest_grid_distance_km": 24.3921, "compound_count_annual_mean": 7.52, "mean_overlap_duration": 1.55, "mean_compound_intensity_norm": 0.3495, "Hazard_Index": 0.5994, "Hazard_Frequency": 0.7134, "Hazard_Severity": 0.4007, "Hazard_Index_raw": 0.5571, "municipality_name": "Iguape", "municipality_state": "SP", "municipality_distance_km": 0.0, "segment_count": 1, "metrics_index": 145}, "geometry": {"type": "LineString", "coordinates": [[-47.6722, -24.7833], [-47.7105, -24.8111]]}}, {"type": "Feature", "properties": {"source_grid_index": 144, "source_longitude": -47.8, "source_latitude": -25.0, "nearest_grid_distance_km": 20.7452, "compound_count_annual_mean": 7.0, "mean_overlap_duration": 1.37, "mean_compound_intensity_norm": 0.2972, "Hazard_Index": 0.5145, "Hazard_Frequency": 0.6627, "Hazard_Severity": 0.2965, "Hazard_Index_raw": 0.4796, "municipality_name": "Iguape", "municipality_state": "SP", "municipality_distance_km": 0.0, "segment_count": 1, "metrics_index": 144}, "geometry": {"type": "LineString", "coordinates": [[-47.7105, -24.8111], [-47.7488, -24.8388]]}}, {"type": "Feature", "properties": {"source_grid_index": 144, "source_longitude": -47.8, "source_latitude": -25.0, "nearest_grid_distance_km": 17.7293, "compound_count_annual_mean": 7.0, "mean_overlap_duration": 1.37, "mean_compound_intensity_norm": 0.2972, "Hazard_Index": 0.5145, "Hazard_Frequency": 0.6627, "Hazard_Severity": 0.2965, "Hazard_Index_raw": 0.4796, "municipality_name": "Cananéia", "municipality_state": "SP", "municipality_distance_km": 0.0, "segment_count": 37, "metrics_index": 144}, "geometry": {"type": "LineString", "coordinates": [[-47.7488, -24.8388], [-47.7872, -24.8664], [-47.8256, -24.8941], [-47.8418, -24.9098], [-47.8666, -24.9406], [-47.8734, -24.9454], [-47.8799, -24.9487], [-47.8863, -24.9531], [-47.8933, -24.9611], [-47.9135, -24.9973], [-47.9337, -25.0335], [-47.9606, -25.0499], [-47.9853, -25.0471], [-48.01, -25.0442], [-48.0017, -25.0279], [-47.9881, -25.0258], [-47.9735, -25.0276], [-47.9621, -25.0231], [-47.9612, -25.0131], [-47.9727, -25.0094], [-48.0169, -25.0108], [-48.0236, -25.0151], [-48.0244, -25.0224], [-48.0236, -25.0336], [-48.027, -25.0452], [-48.0349, -25.0488], [-48.0442, -25.0455], [-48.0516, -25.0368], [-48.0516, -25.0528], [-48.0325, -25.0632], [-48.0065, -25.0691], [-47.9861, -25.071], [-47.963, -25.0782], [-47.9497, -25.08], [-47.9383, -25.0746], [-47.9277, -25.0656], [-47.9154, -25.0595], [-47.9017, -25.0566]]}}, {"type": "Feature", "properties": {"source_grid_index": 144, "source_longitude": -47.8, "source_latitude": -25.0, "nearest_grid_distance_km": 11.4405, "compound_count_annual_mean": 7.0, "mean_overlap_duration": 1.37, "mean_compound_intensity_norm": 0.2972, "Hazard_Index": 0.5145, "Hazard_Frequency": 0.6627, "Hazard_Severity": 0.2965, "Hazard_Index_raw": 0.4796, "municipality_name": "Ilha Comprida", "municipality_state": "SP", "municipality_distance_km": 0.569, "segment_count": 1, "metrics_index": 144}, "geometry": {"type": "LineString", "coordinates": [[-47.9017, -25.0566], [-47.8871, -25.0573]]}}, {"type": "Feature", "properties": {"source_grid_index": 144, "source_longitude": -47.8, "source_latitude": -25.0, "nearest_grid_distance_km": 12.4923, "compound_count_annual_mean": 7.0, "mean_overlap_duration": 1.37, "mean_compound_intensity_norm": 0.2972, "Hazard_Index": 0.5145, "Hazard_Frequency": 0.6627, "Hazard_Severity": 0.2965, "Hazard_Index_raw": 0.4796, "municipality_name": "Cananéia", "municipality_state": "SP", "municipality_distance_km": 1.0102, "segment_count": 1, "metrics_index": 144}, "geometry": {"type": "LineString", "coordinates": [[-47.8871, -25.0573], [-47.8987, -25.0911]]}}, {"type": "Feature", "properties": {"source_grid_index": 142, "source_longitude": -47.8, "source_latitude": -25.2, "nearest_grid_distance_km": 15.3287, "compound_count_annual_mean": 7.55, "mean_overlap_duration": 1.49, "mean_compound_intensity_norm": 0.3355, "Hazard_Index": 0.5865, "Hazard_Frequency": 0.7164, "Hazard_Severity": 0.3743, "Hazard_Index_raw": 0.5453, "municipality_name": "Cananéia", "municipality_state": "SP", "municipality_distance_km": 0.0, "segment_count": 6, "metrics_index": 142}, "geometry": {"type": "LineString", "coordinates": [[-47.8987, -25.0911], [-47.9103, -25.1249], [-47.922, -25.1586], [-47.9369, -25.18], [-47.9518, -25.2013], [-47.9775, -25.2078], [-48.0032, -25.2143]]}}, {"type": "Feature", "properties": {"source_grid_index": 139, "source_longitude": -48.0, "source_latitude": -25.4, "nearest_grid_distance_km": 15.8987, "compound_count_annual_mean": 7.76, "mean_overlap_duration": 1.45, "mean_compound_intensity_norm": 0.3405, "Hazard_Index": 0.5944, "Hazard_Frequency": 0.7373, "Hazard_Severity": 0.3678, "Hazard_Index_raw": 0.5525, "municipality_name": "Cananéia", "municipality_state": "SP", "municipality_distance_km": 0.0, "segment_count": 6, "metrics_index": 139}, "geometry": {"type": "LineString", "coordinates": [[-48.0032, -25.2143], [-48.02, -25.2263], [-48.0442, -25.2532], [-48.0683, -25.28], [-48.0763, -25.2932], [-48.0821, -25.3073], [-48.0834, -25.3103]]}}, {"type": "Feature", "properties": {"source_grid_index": 139, "source_longitude": -48.0, "source_latitude": -25.4, "nearest_grid_distance_km": 15.528, "compound_count_annual_mean": 7.76, "mean_overlap_duration": 1.45, "mean_compound_intensity_norm": 0.3405, "Hazard_Index": 0.5944, "Hazard_Frequency": 0.7373, "Hazard_Severity": 0.3678, "Hazard_Index_raw": 0.5525, "municipality_name": "Guaraqueçaba", "municipality_state": "PR", "municipality_distance_km": 1.221, "segment_count": 5, "metrics_index": 139}, "geometry": {"type": "LineString", "coordinates": [[-48.0834, -25.3103], [-48.0915, -25.3253], [-48.1299, -25.3473], [-48.1683, -25.3692], [-48.1735, -25.381], [-48.1965, -25.4169]]}}, {"type": "Feature", "properties": {"source_grid_index": 136, "source_longitude": -48.2, "source_latitude": -25.6, "nearest_grid_distance_km": 18.8065, "compound_count_annual_mean": 7.06, "mean_overlap_duration": 1.34, "mean_compound_intensity_norm": 0.3327, "Hazard_Index": 0.5389, "Hazard_Frequency": 0.6687, "Hazard_Severity": 0.3352, "Hazard_Index_raw": 0.5019, "municipality_name": "Guaraqueçaba", "municipality_state": "PR", "municipality_distance_km": 0.0, "segment_count": 6, "metrics_index": 136}, "geometry": {"type": "LineString", "coordinates": [[-48.1965, -25.4169], [-48.2091, -25.4576], [-48.2251, -25.4597], [-48.2416, -25.4482], [-48.2502, -25.4278], [-48.2473, -25.4109], [-48.2351, -25.3815]]}}, {"type": "Feature", "properties": {"source_grid_index": 139, "source_longitude": -48.0, "source_latitude": -25.4, "nearest_grid_distance_km": 24.5955, "compound_count_annual_mean": 7.76, "mean_overlap_duration": 1.45, "mean_compound_intensity_norm": 0.3405, "Hazard_Index": 0.5944, "Hazard_Frequency": 0.7373, "Hazard_Severity": 0.3678, "Hazard_Index_raw": 0.5525, "municipality_name": "Guaraqueçaba", "municipality_state": "PR", "municipality_distance_km": 0.0, "segment_count": 24, "metrics_index": 139}, "geometry": {"type": "LineString", "coordinates": [[-48.2351, -25.3815], [-48.2229, -25.3521], [-48.222, -25.3434], [-48.2222, -25.3391], [-48.2192, -25.3346], [-48.2092, -25.3242], [-48.2015, -25.3183], [-48.1813, -25.3068], [-48.1371, -25.2896], [-48.1273, -25.28], [-48.1403, -25.2696], [-48.1526, -25.282], [-48.1742, -25.2906], [-48.1987, -25.2953], [-48.2191, -25.2968], [-48.2296, -25.3004], [-48.2425, -25.3154], [-48.2502, -25.318], [-48.2594, -25.3137], [-48.2743, -25.2966], [-48.2843, -25.29], [-48.2831, -25.3064], [-48.2837, -25.316], [-48.2863, -25.3228], [-48.2974, -25.3412]]}}, {"type": "Feature", "properties": {"source_grid_index": 135, "source_longitude": -48.4, "source_latitude": -25.6, "nearest_grid_distance_km": 30.4727, "compound_count_annual_mean": 7.15, "mean_overlap_duration": 1.33, "mean_compound_intensity_norm": 0.322, "Hazard_Index": 0.5326, "Hazard_Frequency": 0.6776, "Hazard_Severity": 0.3147, "Hazard_Index_raw": 0.4962, "municipality_name": "Guaraqueçaba", "municipality_state": "PR", "municipality_distance_km": 0.0, "segment_count": 8, "metrics_index": 135}, "geometry": {"type": "LineString", "coordinates": [[-48.2974, -25.3412], [-48.3068, -25.351], [-48.3187, -25.3577], [-48.3328, -25.3583], [-48.3191, -25.3242], [-48.3253, -25.3242], [-48.3337, -25.3297], [-48.3355, -25.3186], [-48.3334, -25.2944]]}}, {"type": "Feature", "properties": {"source_grid_index": 139, "source_longitude": -48.0, "source_latitude": -25.4, "nearest_grid_distance_km": 37.4374, "compound_count_annual_mean": 7.76, "mean_overlap_duration": 1.45, "mean_compound_intensity_norm": 0.3405, "Hazard_Index": 0.5944, "Hazard_Frequency": 0.7373, "Hazard_Severity": 0.3678, "Hazard_Index_raw": 0.5525, "municipality_name": "Guaraqueçaba", "municipality_state": "PR", "municipality_distance_km": 0.0, "segment_count": 5, "metrics_index": 139}, "geometry": {"type": "LineString", "coordinates": [[-48.3334, -25.2944], [-48.3314, -25.2702], [-48.3258, -25.2438], [-48.3253, -25.2286], [-48.338, -25.2367], [-48.3512, -25.2507]]}}, {"type": "Feature", "properties": {"source_grid_index": 135, "source_longitude": -48.4, "source_latitude": -25.6, "nearest_grid_distance_km": 34.4948, "compound_count_annual_mean": 7.15, "mean_overlap_duration": 1.33, "mean_compound_intensity_norm": 0.322, "Hazard_Index": 0.5326, "Hazard_Frequency": 0.6776, "Hazard_Severity": 0.3147, "Hazard_Index_raw": 0.4962, "municipality_name": "Guaraqueçaba", "municipality_state": "PR", "municipality_distance_km": 0.0, "segment_count": 36, "metrics_index": 135}, "geometry": {"type": "LineString", "coordinates": [[-48.3512, -25.2507], [-48.361, -25.2638], [-48.3631, -25.2696], [-48.3726, -25.2716], [-48.3727, -25.2761], [-48.3663, -25.2839], [-48.3641, -25.2835], [-48.3594, -25.2856], [-48.3547, -25.2892], [-48.3526, -25.2934], [-48.3537, -25.297], [-48.3589, -25.2968], [-48.3601, -25.3002], [-48.3674, -25.3048], [-48.3837, -25.2981], [-48.4072, -25.2839], [-48.4141, -25.2735], [-48.4239, -25.2522], [-48.4346, -25.2423], [-48.4346, -25.2628], [-48.442, -25.2628], [-48.4451, -25.2566], [-48.448, -25.2537], [-48.4513, -25.2517], [-48.4557, -25.2485], [-48.452, -25.2647], [-48.4402, -25.2944], [-48.4283, -25.3242], [-48.4466, -25.3245], [-48.4789, -25.3316], [-48.4966, -25.3316], [-48.4966, -25.3385], [-48.4626, -25.3429], [-48.4457, -25.3474], [-48.4346, -25.3583], [-48.4522, -25.3683], [-48.4574, -25.3797]]}}, {"type": "Feature", "properties": {"source_grid_index": 135, "source_longitude": -48.4, "source_latitude": -25.6, "nearest_grid_distance_km": 24.6709, "compound_count_annual_mean": 7.15, "mean_overlap_duration": 1.33, "mean_compound_intensity_norm": 0.322, "Hazard_Index": 0.5326, "Hazard_Frequency": 0.6776, "Hazard_Severity": 0.3147, "Hazard_Index_raw": 0.4962, "municipality_name": "Paranaguá", "municipality_state": "PR", "municipality_distance_km": 0.0, "segment_count": 2, "metrics_index": 135}, "geometry": {"type": "LineString", "coordinates": [[-48.4574, -25.3797], [-48.4513, -25.3857], [-48.4346, -25.3795]]}}, {"type": "Feature", "properties": {"source_grid_index": 135, "source_longitude": -48.4, "source_latitude": -25.6, "nearest_grid_distance_km": 23.4513, "compound_count_annual_mean": 7.15, "mean_overlap_duration": 1.33, "mean_compound_intensity_norm": 0.322, "Hazard_Index": 0.5326, "Hazard_Frequency": 0.6776, "Hazard_Severity": 0.3147, "Hazard_Index_raw": 0.4962, "municipality_name": "Guaraqueçaba", "municipality_state": "PR", "municipality_distance_km": 0.0, "segment_count": 2, "metrics_index": 135}, "geometry": {"type": "LineString", "coordinates": [[-48.4346, -25.3795], [-48.4303, -25.3894], [-48.4169, -25.4044]]}}, {"type": "Feature", "properties": {"source_grid_index": 135, "source_longitude": -48.4, "source_latitude": -25.6, "nearest_grid_distance_km": 22.7638, "compound_count_annual_mean": 7.15, "mean_overlap_duration": 1.33, "mean_compound_intensity_norm": 0.322, "Hazard_Index": 0.5326, "Hazard_Frequency": 0.6776, "Hazard_Severity": 0.3147, "Hazard_Index_raw": 0.4962, "municipality_name": "Paranaguá", "municipality_state": "PR", "municipality_distance_km": 0.0, "segment_count": 25, "metrics_index": 135}, "geometry": {"type": "LineString", "coordinates": [[-48.4169, -25.4044], [-48.4141, -25.4101], [-48.4178, -25.4283], [-48.4269, -25.4323], [-48.4381, -25.4312], [-48.4482, -25.434], [-48.4543, -25.4459], [-48.4562, -25.4596], [-48.4602, -25.4709], [-48.4727, -25.4757], [-48.4881, -25.4739], [-48.4979, -25.4687], [-48.5171, -25.447], [-48.5268, -25.4532], [-48.5374, -25.4545], [-48.5481, -25.4522], [-48.558, -25.447], [-48.5627, -25.4596], [-48.5751, -25.462], [-48.5994, -25.4558], [-48.6236, -25.4496], [-48.6354, -25.4446], [-48.6596, -25.4287], [-48.6838, -25.4128], [-48.6914, -25.4057], [-48.7112, -25.3827]]}}, {"type": "Feature", "properties": {"source_grid_index": 135, "source_longitude": -48.4, "source_latitude": -25.6, "nearest_grid_distance_km": 42.6792, "compound_count_annual_mean": 7.15, "mean_overlap_duration": 1.33, "mean_compound_intensity_norm": 0.322, "Hazard_Index": 0.5326, "Hazard_Frequency": 0.6776, "Hazard_Severity": 0.3147, "Hazard_Index_raw": 0.4962, "municipality_name": "Guaraqueçaba", "municipality_state": "PR", "municipality_distance_km": 12.2264, "segment_count": 3, "metrics_index": 135}, "geometry": {"type": "LineString", "coordinates": [[-48.7112, -25.3827], [-48.7309, -25.3596], [-48.743, -25.3521], [-48.7402, -25.3674]]}}, {"type": "Feature", "properties": {"source_grid_index": 135, "source_longitude": -48.4, "source_latitude": -25.6, "nearest_grid_distance_km": 24.1251, "compound_count_annual_mean": 7.15, "mean_overlap_duration": 1.33, "mean_compound_intensity_norm": 0.322, "Hazard_Index": 0.5326, "Hazard_Frequency": 0.6776, "Hazard_Severity": 0.3147, "Hazard_Index_raw": 0.4962, "municipality_name": "Paranaguá", "municipality_state": "PR", "municipality_distance_km": 12.8729, "segment_count": 39, "metrics_index": 135}, "geometry": {"type": "LineString", "coordinates": [[-48.7402, -25.3674], [-48.7231, -25.4067], [-48.7188, -25.4226], [-48.7157, -25.4278], [-48.7101, -25.433], [-48.699, -25.4382], [-48.6952, -25.4409], [-48.6836, -25.4627], [-48.6887, -25.4733], [-48.7056, -25.4744], [-48.7294, -25.4682], [-48.7108, -25.4964], [-48.6833, -25.4987], [-48.6514, -25.4928], [-48.6201, -25.4962], [-48.6224, -25.5031], [-48.6241, -25.506], [-48.6269, -25.5097], [-48.6357, -25.503], [-48.6431, -25.5024], [-48.6493, -25.507], [-48.6543, -25.5165], [-48.6422, -25.5217], [-48.6283, -25.5245], [-48.6154, -25.53], [-48.6064, -25.5439], [-48.5954, -25.5278], [-48.5782, -25.5261], [-48.5587, -25.5273], [-48.524, -25.5148], [-48.505, -25.5232], [-48.4861, -25.5359], [-48.4693, -25.5439], [-48.4794, -25.5551], [-48.4829, -25.5582], [-48.4761, -25.5507], [-48.4903, -25.5641], [-48.4969, -25.5685], [-48.5034, -25.5719], [-48.4825, -25.5798]]}}, {"type": "Feature", "properties": {"source_grid_index": 135, "source_longitude": -48.4, "source_latitude": -25.6, "nearest_grid_distance_km": 7.7685, "compound_count_annual_mean": 7.15, "mean_overlap_duration": 1.33, "mean_compound_intensity_norm": 0.322, "Hazard_Index": 0.5326, "Hazard_Frequency": 0.6776, "Hazard_Severity": 0.3147, "Hazard_Index_raw": 0.4962, "municipality_name": "Pontal do Paraná", "municipality_state": "PR", "municipality_distance_km": 0.0, "segment_count": 4, "metrics_index": 135}, "geometry": {"type": "LineString", "coordinates": [[-48.4825, -25.5798], [-48.4713, -25.5729], [-48.4643, -25.56], [-48.4557, -25.5507], [-48.4404, -25.5501]]}}, {"type": "Feature", "properties": {"source_grid_index": 135, "source_longitude": -48.4, "source_latitude": -25.6, "nearest_grid_distance_km": 6.2273, "compound_count_annual_mean": 7.15, "mean_overlap_duration": 1.33, "mean_compound_intensity_norm": 0.322, "Hazard_Index": 0.5326, "Hazard_Frequency": 0.6776, "Hazard_Severity": 0.3147, "Hazard_Index_raw": 0.4962, "municipality_name": "Paranaguá", "municipality_state": "PR", "municipality_distance_km": 0.0, "segment_count": 1, "metrics_index": 135}, "geometry": {"type": "LineString", "coordinates": [[-48.4404, -25.5501], [-48.4241, -25.5543]]}}, {"type": "Feature", "properties": {"source_grid_index": 135, "source_longitude": -48.4, "source_latitude": -25.6, "nearest_grid_distance_km": 5.264, "compound_count_annual_mean": 7.15, "mean_overlap_duration": 1.33, "mean_compound_intensity_norm": 0.322, "Hazard_Index": 0.5326, "Hazard_Frequency": 0.6776, "Hazard_Severity": 0.3147, "Hazard_Index_raw": 0.4962, "municipality_name": "Pontal do Paraná", "municipality_state": "PR", "municipality_distance_km": 0.0, "segment_count": 1, "metrics_index": 135}, "geometry": {"type": "LineString", "coordinates": [[-48.4241, -25.5543], [-48.4063, -25.5551]]}}, {"type": "Feature", "properties": {"source_grid_index": 135, "source_longitude": -48.4, "source_latitude": -25.6, "nearest_grid_distance_km": 5.628, "compound_count_annual_mean": 7.15, "mean_overlap_duration": 1.33, "mean_compound_intensity_norm": 0.322, "Hazard_Index": 0.5326, "Hazard_Frequency": 0.6776, "Hazard_Severity": 0.3147, "Hazard_Index_raw": 0.4962, "municipality_name": "Paranaguá", "municipality_state": "PR", "municipality_distance_km": 0.0, "segment_count": 1, "metrics_index": 135}, "geometry": {"type": "LineString", "coordinates": [[-48.4063, -25.5551], [-48.3867, -25.5439]]}}, {"type": "Feature", "properties": {"source_grid_index": 135, "source_longitude": -48.4, "source_latitude": -25.6, "nearest_grid_distance_km": 4.7831, "compound_count_annual_mean": 7.15, "mean_overlap_duration": 1.33, "mean_compound_intensity_norm": 0.322, "Hazard_Index": 0.5326, "Hazard_Frequency": 0.6776, "Hazard_Severity": 0.3147, "Hazard_Index_raw": 0.4962, "municipality_name": "Pontal do Paraná", "municipality_state": "PR", "municipality_distance_km": 0.0, "segment_count": 6, "metrics_index": 135}, "geometry": {"type": "LineString", "coordinates": [[-48.3867, -25.5439], [-48.3612, -25.571], [-48.3889, -25.5955], [-48.4108, -25.609], [-48.4327, -25.6225], [-48.4539, -25.6594], [-48.4751, -25.6963]]}}, {"type": "Feature", "properties": {"source_grid_index": 135, "source_longitude": -48.4, "source_latitude": -25.6, "nearest_grid_distance_km": 19.658, "compound_count_annual_mean": 7.15, "mean_overlap_duration": 1.33, "mean_compound_intensity_norm": 0.322, "Hazard_Index": 0.5326, "Hazard_Frequency": 0.6776, "Hazard_Severity": 0.3147, "Hazard_Index_raw": 0.4962, "municipality_name": "Matinhos", "municipality_state": "PR", "municipality_distance_km": 0.0, "segment_count": 3, "metrics_index": 135}, "geometry": {"type": "LineString", "coordinates": [[-48.4751, -25.6963], [-48.4963, -25.7333], [-48.5176, -25.7702], [-48.5171, -25.7971]]}}, {"type": "Feature", "properties": {"source_grid_index": 131, "source_longitude": -48.4, "source_latitude": -26.0, "nearest_grid_distance_km": 23.2554, "compound_count_annual_mean": 5.33, "mean_overlap_duration": 1.27, "mean_compound_intensity_norm": 0.2978, "Hazard_Index": 0.4029, "Hazard_Frequency": 0.4985, "Hazard_Severity": 0.2573, "Hazard_Index_raw": 0.3779, "municipality_name": "Matinhos", "municipality_state": "PR", "municipality_distance_km": 0.6198, "segment_count": 4, "metrics_index": 131}, "geometry": {"type": "LineString", "coordinates": [[-48.5171, -25.7971], [-48.5261, -25.8183], [-48.535, -25.8395], [-48.541, -25.8455], [-48.5585, -25.841]]}}, {"type": "Feature", "properties": {"source_grid_index": 131, "source_longitude": -48.4, "source_latitude": -26.0, "nearest_grid_distance_km": 26.6631, "compound_count_annual_mean": 5.33, "mean_overlap_duration": 1.27, "mean_compound_intensity_norm": 0.2978, "Hazard_Index": 0.4029, "Hazard_Frequency": 0.4985, "Hazard_Severity": 0.2573, "Hazard_Index_raw": 0.3779, "municipality_name": "Guaratuba", "municipality_state": "PR", "municipality_distance_km": 0.0, "segment_count": 3, "metrics_index": 131}, "geometry": {"type": "LineString", "coordinates": [[-48.5585, -25.841], [-48.5724, -25.8215], [-48.586, -25.8176], [-48.5807, -25.8019]]}}, {"type": "Feature", "properties": {"source_grid_index": 135, "source_longitude": -48.4, "source_latitude": -25.6, "nearest_grid_distance_km": 28.584, "compound_count_annual_mean": 7.15, "mean_overlap_duration": 1.33, "mean_compound_intensity_norm": 0.322, "Hazard_Index": 0.5326, "Hazard_Frequency": 0.6776, "Hazard_Severity": 0.3147, "Hazard_Index_raw": 0.4962, "municipality_name": "Matinhos", "municipality_state": "PR", "municipality_distance_km": 0.0, "segment_count": 1, "metrics_index": 135}, "geometry": {"type": "LineString", "coordinates": [[-48.5807, -25.8019], [-48.5785, -25.7971]]}}, {"type": "Feature", "properties": {"source_grid_index": 135, "source_longitude": -48.4, "source_latitude": -25.6, "nearest_grid_distance_km": 28.8175, "compound_count_annual_mean": 7.15, "mean_overlap_duration": 1.33, "mean_compound_intensity_norm": 0.322, "Hazard_Index": 0.5326, "Hazard_Frequency": 0.6776, "Hazard_Severity": 0.3147, "Hazard_Index_raw": 0.4962, "municipality_name": "Guaratuba", "municipality_state": "PR", "municipality_distance_km": 0.0, "segment_count": 1, "metrics_index": 135}, "geometry": {"type": "LineString", "coordinates": [[-48.5785, -25.7971], [-48.5918, -25.799]]}}, {"type": "Feature", "properties": {"source_grid_index": 131, "source_longitude": -48.4, "source_latitude": -26.0, "nearest_grid_distance_km": 29.3929, "compound_count_annual_mean": 5.33, "mean_overlap_duration": 1.27, "mean_compound_intensity_norm": 0.2978, "Hazard_Index": 0.4029, "Hazard_Frequency": 0.4985, "Hazard_Severity": 0.2573, "Hazard_Index_raw": 0.3779, "municipality_name": "Guaratuba", "municipality_state": "PR", "municipality_distance_km": 0.0, "segment_count": 33, "metrics_index": 131}, "geometry": {"type": "LineString", "coordinates": [[-48.5918, -25.799], [-48.6035, -25.8022], [-48.6131, -25.808], [-48.6201, -25.8176], [-48.6083, -25.8186], [-48.5994, -25.8228], [-48.5922, -25.8293], [-48.586, -25.8381], [-48.5799, -25.8512], [-48.5832, -25.8547], [-48.6172, -25.8496], [-48.6512, -25.8445], [-48.6971, -25.8481], [-48.743, -25.8517], [-48.753, -25.8551], [-48.7627, -25.8598], [-48.7694, -25.8674], [-48.7703, -25.8797], [-48.7658, -25.8867], [-48.7587, -25.8839], [-48.7505, -25.8772], [-48.743, -25.8728], [-48.7019, -25.8728], [-48.6608, -25.8728], [-48.6196, -25.8728], [-48.5785, -25.8728], [-48.5712, -25.8691], [-48.567, -25.8644], [-48.5635, -25.8658], [-48.558, -25.8797], [-48.5565, -25.8912], [-48.5586, -25.9018], [-48.5686, -25.9317], [-48.5785, -25.9616]]}}, {"type": "Feature", "properties": {"source_grid_index": 131, "source_longitude": -48.4, "source_latitude": -26.0, "nearest_grid_distance_km": 20.7947, "compound_count_annual_mean": 5.33, "mean_overlap_duration": 1.27, "mean_compound_intensity_norm": 0.2978, "Hazard_Index": 0.4029, "Hazard_Frequency": 0.4985, "Hazard_Severity": 0.2573, "Hazard_Index_raw": 0.3779, "municipality_name": "Itapoá", "municipality_state": "SC", "municipality_distance_km": 0.7935, "segment_count": 6, "metrics_index": 131}, "geometry": {"type": "LineString", "coordinates": [[-48.5785, -25.9616], [-48.586, -25.9958], [-48.6046, -26.0234], [-48.6127, -26.0406], [-48.6099, -26.0544], [-48.6001, -26.0712], [-48.5914, -26.1142]]}}, {"type": "Feature", "properties": {"source_grid_index": 129, "source_longitude": -48.4, "source_latitude": -26.2, "nearest_grid_distance_km": 20.1439, "compound_count_annual_mean": 5.42, "mean_overlap_duration": 1.28, "mean_compound_intensity_norm": 0.2887, "Hazard_Index": 0.403, "Hazard_Frequency": 0.5075, "Hazard_Severity": 0.2485, "Hazard_Index_raw": 0.378, "municipality_name": "Itapoá", "municipality_state": "SC", "municipality_distance_km": 0.8233, "segment_count": 5, "metrics_index": 129}, "geometry": {"type": "LineString", "coordinates": [[-48.5914, -26.1142], [-48.5826, -26.1572], [-48.5829, -26.1726], [-48.5925, -26.1839], [-48.6167, -26.1882], [-48.6349, -26.1945]]}}, {"type": "Feature", "properties": {"source_grid_index": 129, "source_longitude": -48.4, "source_latitude": -26.2, "nearest_grid_distance_km": 31.7217, "compound_count_annual_mean": 5.42, "mean_overlap_duration": 1.28, "mean_compound_intensity_norm": 0.2887, "Hazard_Index": 0.403, "Hazard_Frequency": 0.5075, "Hazard_Severity": 0.2485, "Hazard_Index_raw": 0.378, "municipality_name": "São Francisco do Sul", "municipality_state": "SC", "municipality_distance_km": 0.0, "segment_count": 12, "metrics_index": 129}, "geometry": {"type": "LineString", "coordinates": [[-48.6349, -26.1945], [-48.6461, -26.2091], [-48.6554, -26.2253], [-48.6679, -26.236], [-48.6872, -26.2377], [-48.7122, -26.2336], [-48.7338, -26.2247], [-48.743, -26.2121], [-48.7452, -26.1891], [-48.7506, -26.1736], [-48.7641, -26.1471], [-48.769, -26.1298], [-48.7703, -26.1093]]}}, {"type": "Feature", "properties": {"source_grid_index": 129, "source_longitude": -48.4, "source_latitude": -26.2, "nearest_grid_distance_km": 38.6125, "compound_count_annual_mean": 5.42, "mean_overlap_duration": 1.28, "mean_compound_intensity_norm": 0.2887, "Hazard_Index": 0.403, "Hazard_Frequency": 0.5075, "Hazard_Severity": 0.2485, "Hazard_Index_raw": 0.378, "municipality_name": "Itapoá", "municipality_state": "SC", "municipality_distance_km": 2.9405, "segment_count": 1, "metrics_index": 129}, "geometry": {"type": "LineString", "coordinates": [[-48.7703, -26.1093], [-48.7725, -26.1007]]}}, {"type": "Feature", "properties": {"source_grid_index": 131, "source_longitude": -48.4, "source_latitude": -26.0, "nearest_grid_distance_km": 39.8474, "compound_count_annual_mean": 5.33, "mean_overlap_duration": 1.27, "mean_compound_intensity_norm": 0.2978, "Hazard_Index": 0.4029, "Hazard_Frequency": 0.4985, "Hazard_Severity": 0.2573, "Hazard_Index_raw": 0.3779, "municipality_name": "Itapoá", "municipality_state": "SC", "municipality_distance_km": 3.9697, "segment_count": 4, "metrics_index": 131}, "geometry": {"type": "LineString", "coordinates": [[-48.7725, -26.1007], [-48.7818, -26.091], [-48.7886, -26.0634], [-48.7965, -26.0685], [-48.798, -26.0881]]}}, {"type": "Feature", "properties": {"source_grid_index": 129, "source_longitude": -48.4, "source_latitude": -26.2, "nearest_grid_distance_km": 37.5696, "compound_count_annual_mean": 5.42, "mean_overlap_duration": 1.28, "mean_compound_intensity_norm": 0.2887, "Hazard_Index": 0.403, "Hazard_Frequency": 0.5075, "Hazard_Severity": 0.2485, "Hazard_Index_raw": 0.378, "municipality_name": "São Francisco do Sul", "municipality_state": "SC", "municipality_distance_km": 4.8384, "segment_count": 19, "metrics_index": 129}, "geometry": {"type": "LineString", "coordinates": [[-48.798, -26.0881], [-48.784, -26.1131], [-48.7905, -26.1248], [-48.7911, -26.1353], [-48.7882, -26.1451], [-48.784, -26.154], [-48.78, -26.1569], [-48.7733, -26.1598], [-48.767, -26.164], [-48.7641, -26.1711], [-48.7644, -26.1821], [-48.7635, -26.1872], [-48.7607, -26.1916], [-48.7561, -26.2035], [-48.7641, -26.2282], [-48.7607, -26.2397], [-48.7562, -26.2494], [-48.7598, -26.2571], [-48.7679, -26.262], [-48.7777, -26.2633]]}}, {"type": "Feature", "properties": {"source_grid_index": 129, "source_longitude": -48.4, "source_latitude": -26.2, "nearest_grid_distance_km": 37.7143, "compound_count_annual_mean": 5.42, "mean_overlap_duration": 1.28, "mean_compound_intensity_norm": 0.2887, "Hazard_Index": 0.403, "Hazard_Frequency": 0.5075, "Hazard_Severity": 0.2485, "Hazard_Index_raw": 0.378, "municipality_name": "Araquari", "municipality_state": "SC", "municipality_distance_km": 2.1174, "segment_count": 2, "metrics_index": 129}, "geometry": {"type": "LineString", "coordinates": [[-48.7777, -26.2633], [-48.7573, -26.2912], [-48.7704, -26.2897]]}}, {"type": "Feature", "properties": {"source_grid_index": 124, "source_longitude": -48.6, "source_latitude": -26.6, "nearest_grid_distance_km": 34.3886, "compound_count_annual_mean": 4.58, "mean_overlap_duration": 1.21, "mean_compound_intensity_norm": 0.2802, "Hazard_Index": 0.3413, "Hazard_Frequency": 0.4239, "Hazard_Severity": 0.2194, "Hazard_Index_raw": 0.3217, "municipality_name": "Araquari", "municipality_state": "SC", "municipality_distance_km": 1.9413, "segment_count": 9, "metrics_index": 124}, "geometry": {"type": "LineString", "coordinates": [[-48.7704, -26.2897], [-48.7821, -26.2909], [-48.7916, -26.2956], [-48.7982, -26.3049], [-48.7573, -26.3115], [-48.7377, -26.3191], [-48.7294, -26.3352], [-48.7218, -26.3448], [-48.6908, -26.3578], [-48.6598, -26.3707]]}}, {"type": "Feature", "properties": {"source_grid_index": 127, "source_longitude": -48.4, "source_latitude": -26.4, "nearest_grid_distance_km": 25.2015, "compound_count_annual_mean": 5.67, "mean_overlap_duration": 1.31, "mean_compound_intensity_norm": 0.2831, "Hazard_Index": 0.4184, "Hazard_Frequency": 0.5313, "Hazard_Severity": 0.2527, "Hazard_Index_raw": 0.392, "municipality_name": "Balneário Barra do Sul", "municipality_state": "SC", "municipality_distance_km": 0.0, "segment_count": 2, "metrics_index": 127}, "geometry": {"type": "LineString", "coordinates": [[-48.6598, -26.3707], [-48.6508, -26.3766], [-48.6436, -26.3849]]}}, {"type": "Feature", "properties": {"source_grid_index": 124, "source_longitude": -48.6, "source_latitude": -26.6, "nearest_grid_distance_km": 21.7663, "compound_count_annual_mean": 4.58, "mean_overlap_duration": 1.21, "mean_compound_intensity_norm": 0.2802, "Hazard_Index": 0.3413, "Hazard_Frequency": 0.4239, "Hazard_Severity": 0.2194, "Hazard_Index_raw": 0.3217, "municipality_name": "Balneário Barra do Sul", "municipality_state": "SC", "municipality_distance_km": 0.0, "segment_count": 4, "metrics_index": 124}, "geometry": {"type": "LineString", "coordinates": [[-48.6436, -26.3849], [-48.6406, -26.3967], [-48.6396, -26.4086], [-48.6359, -26.4186], [-48.6286, -26.4252]]}}, {"type": "Feature", "properties": {"source_grid_index": 124, "source_longitude": -48.6, "source_latitude": -26.6, "nearest_grid_distance_km": 18.3956, "compound_count_annual_mean": 4.58, "mean_overlap_duration": 1.21, "mean_compound_intensity_norm": 0.2802, "Hazard_Index": 0.3413, "Hazard_Frequency": 0.4239, "Hazard_Severity": 0.2194, "Hazard_Index_raw": 0.3217, "municipality_name": "São Francisco do Sul", "municipality_state": "SC", "municipality_distance_km": 0.0, "segment_count": 3, "metrics_index": 124}, "geometry": {"type": "LineString", "coordinates": [[-48.6286, -26.4252], [-48.6167, -26.4278], [-48.6079, -26.4367], [-48.6142, -26.4568]]}}, {"type": "Feature", "properties": {"source_grid_index": 124, "source_longitude": -48.6, "source_latitude": -26.6, "nearest_grid_distance_km": 12.6893, "compound_count_annual_mean": 4.58, "mean_overlap_duration": 1.21, "mean_compound_intensity_norm": 0.2802, "Hazard_Index": 0.3413, "Hazard_Frequency": 0.4239, "Hazard_Severity": 0.2194, "Hazard_Index_raw": 0.3217, "municipality_name": "Balneário Barra do Sul", "municipality_state": "SC", "municipality_distance_km": 0.0, "segment_count": 2, "metrics_index": 124}, "geometry": {"type": "LineString", "coordinates": [[-48.6142, -26.4568], [-48.631, -26.4899], [-48.6477, -26.523]]}}, {"type": "Feature", "properties": {"source_grid_index": 124, "source_longitude": -48.6, "source_latitude": -26.6, "nearest_grid_distance_km": 8.1145, "compound_count_annual_mean": 4.58, "mean_overlap_duration": 1.21, "mean_compound_intensity_norm": 0.2802, "Hazard_Index": 0.3413, "Hazard_Frequency": 0.4239, "Hazard_Severity": 0.2194, "Hazard_Index_raw": 0.3217, "municipality_name": "Araquari", "municipality_state": "SC", "municipality_distance_km": 0.0, "segment_count": 2, "metrics_index": 124}, "geometry": {"type": "LineString", "coordinates": [[-48.6477, -26.523], [-48.6645, -26.5561], [-48.6754, -26.5947]]}}, {"type": "Feature", "properties": {"source_grid_index": 124, "source_longitude": -48.6, "source_latitude": -26.6, "nearest_grid_distance_km": 10.8763, "compound_count_annual_mean": 4.58, "mean_overlap_duration": 1.21, "mean_compound_intensity_norm": 0.2802, "Hazard_Index": 0.3413, "Hazard_Frequency": 0.4239, "Hazard_Severity": 0.2194, "Hazard_Index_raw": 0.3217, "municipality_name": "Barra Velha", "municipality_state": "SC", "municipality_distance_km": 0.0, "segment_count": 4, "metrics_index": 124}, "geometry": {"type": "LineString", "coordinates": [[-48.6754, -26.5947], [-48.6794, -26.6285], [-48.6833, -26.6624], [-48.6828, -26.6908], [-48.6822, -26.7192]]}}, {"type": "Feature", "properties": {"source_grid_index": 124, "source_longitude": -48.6, "source_latitude": -26.6, "nearest_grid_distance_km": 16.7614, "compound_count_annual_mean": 4.58, "mean_overlap_duration": 1.21, "mean_compound_intensity_norm": 0.2802, "Hazard_Index": 0.3413, "Hazard_Frequency": 0.4239, "Hazard_Severity": 0.2194, "Hazard_Index_raw": 0.3217, "municipality_name": "Balneário Piçarras", "municipality_state": "SC", "municipality_distance_km": 0.0504, "segment_count": 3, "metrics_index": 124}, "geometry": {"type": "LineString", "coordinates": [[-48.6822, -26.7192], [-48.6789, -26.7311], [-48.6711, -26.7394], [-48.649, -26.7552]]}}, {"type": "Feature", "properties": {"source_grid_index": 124, "source_longitude": -48.6, "source_latitude": -26.6, "nearest_grid_distance_km": 18.6693, "compound_count_annual_mean": 4.58, "mean_overlap_duration": 1.21, "mean_compound_intensity_norm": 0.2802, "Hazard_Index": 0.3413, "Hazard_Frequency": 0.4239, "Hazard_Severity": 0.2194, "Hazard_Index_raw": 0.3217, "municipality_name": "Penha", "municipality_state": "SC", "municipality_distance_km": 0.407, "segment_count": 4, "metrics_index": 124}, "geometry": {"type": "LineString", "coordinates": [[-48.649, -26.7552], [-48.6269, -26.7709], [-48.6149, -26.7704], [-48.5922, -26.7639], [-48.5823, -26.7675]]}}, {"type": "Feature", "properties": {"source_grid_index": 122, "source_longitude": -48.4, "source_latitude": -26.8, "nearest_grid_distance_km": 19.1638, "compound_count_annual_mean": 4.88, "mean_overlap_duration": 1.28, "mean_compound_intensity_norm": 0.2748, "Hazard_Index": 0.3598, "Hazard_Frequency": 0.4537, "Hazard_Severity": 0.2234, "Hazard_Index_raw": 0.3386, "municipality_name": "Penha", "municipality_state": "SC", "municipality_distance_km": 1.3519, "segment_count": 6, "metrics_index": 122}, "geometry": {"type": "LineString", "coordinates": [[-48.5823, -26.7675], [-48.578, -26.7765], [-48.5792, -26.7866], [-48.5837, -26.7949], [-48.5977, -26.8045], [-48.6095, -26.8194], [-48.6205, -26.8372]]}}, {"type": "Feature", "properties": {"source_grid_index": 122, "source_longitude": -48.4, "source_latitude": -26.8, "nearest_grid_distance_km": 23.5758, "compound_count_annual_mean": 4.88, "mean_overlap_duration": 1.28, "mean_compound_intensity_norm": 0.2748, "Hazard_Index": 0.3598, "Hazard_Frequency": 0.4537, "Hazard_Severity": 0.2234, "Hazard_Index_raw": 0.3386, "municipality_name": "Navegantes", "municipality_state": "SC", "municipality_distance_km": 0.7954, "segment_count": 3, "metrics_index": 122}, "geometry": {"type": "LineString", "coordinates": [[-48.6205, -26.8372], [-48.6269, -26.8523], [-48.6288, -26.8648], [-48.6269, -26.8971]]}}, {"type": "Feature", "properties": {"source_grid_index": 120, "source_longitude": -48.4, "source_latitude": -27.0, "nearest_grid_distance_km": 24.6004, "compound_count_annual_mean": 3.85, "mean_overlap_duration": 1.2, "mean_compound_intensity_norm": 0.2591, "Hazard_Index": 0.2829, "Hazard_Frequency": 0.3522, "Hazard_Severity": 0.1846, "Hazard_Index_raw": 0.2684, "municipality_name": "Navegantes", "municipality_state": "SC", "municipality_distance_km": 1.6328, "segment_count": 2, "metrics_index": 120}, "geometry": {"type": "LineString", "coordinates": [[-48.6269, -26.8971], [-48.6248, -26.9028], [-48.6154, -26.912]]}}, {"type": "Feature", "properties": {"source_grid_index": 120, "source_longitude": -48.4, "source_latitude": -27.0, "nearest_grid_distance_km": 23.0415, "compound_count_annual_mean": 3.85, "mean_overlap_duration": 1.2, "mean_compound_intensity_norm": 0.2591, "Hazard_Index": 0.2829, "Hazard_Frequency": 0.3522, "Hazard_Severity": 0.1846, "Hazard_Index_raw": 0.2684, "municipality_name": "Itajaí", "municipality_state": "SC", "municipality_distance_km": 1.3889, "segment_count": 4, "metrics_index": 120}, "geometry": {"type": "LineString", "coordinates": [[-48.6154, -26.912], [-48.6133, -26.9177], [-48.6144, -26.9239], [-48.619, -26.933], [-48.6201, -26.9379]]}}, {"type": "Feature", "properties": {"source_grid_index": 120, "source_longitude": -48.4, "source_latitude": -27.0, "nearest_grid_distance_km": 19.9897, "compound_count_annual_mean": 3.85, "mean_overlap_duration": 1.2, "mean_compound_intensity_norm": 0.2591, "Hazard_Index": 0.2829, "Hazard_Frequency": 0.3522, "Hazard_Severity": 0.1846, "Hazard_Index_raw": 0.2684, "municipality_name": "Balneário Camboriú", "municipality_state": "SC", "municipality_distance_km": 0.7044, "segment_count": 9, "metrics_index": 120}, "geometry": {"type": "LineString", "coordinates": [[-48.6201, -26.9379], [-48.6213, -26.9744], [-48.6201, -26.9826], [-48.6112, -26.9939], [-48.602, -26.9977], [-48.5948, -26.9973], [-48.5922, -26.9963], [-48.5752, -27.0162], [-48.5771, -27.033], [-48.5865, -27.0496]]}}, {"type": "Feature", "properties": {"source_grid_index": 120, "source_longitude": -48.4, "source_latitude": -27.0, "nearest_grid_distance_km": 21.9551, "compound_count_annual_mean": 3.85, "mean_overlap_duration": 1.2, "mean_compound_intensity_norm": 0.2591, "Hazard_Index": 0.2829, "Hazard_Frequency": 0.3522, "Hazard_Severity": 0.1846, "Hazard_Index_raw": 0.2684, "municipality_name": "Itapema", "municipality_state": "SC", "municipality_distance_km": 0.1882, "segment_count": 3, "metrics_index": 120}, "geometry": {"type": "LineString", "coordinates": [[-48.5865, -27.0496], [-48.5963, -27.0861], [-48.6037, -27.0944], [-48.6072, -27.1044]]}}, {"type": "Feature", "properties": {"source_grid_index": 117, "source_longitude": -48.4, "source_latitude": -27.2, "nearest_grid_distance_km": 21.2026, "compound_count_annual_mean": 4.46, "mean_overlap_duration": 1.23, "mean_compound_intensity_norm": 0.2529, "Hazard_Index": 0.3171, "Hazard_Frequency": 0.4119, "Hazard_Severity": 0.1873, "Hazard_Index_raw": 0.2996, "municipality_name": "Itapema", "municipality_state": "SC", "municipality_distance_km": 0.4551, "segment_count": 2, "metrics_index": 117}, "geometry": {"type": "LineString", "coordinates": [[-48.6072, -27.1044], [-48.5976, -27.1275], [-48.588, -27.1506]]}}, {"type": "Feature", "properties": {"source_grid_index": 117, "source_longitude": -48.4, "source_latitude": -27.2, "nearest_grid_distance_km": 16.3046, "compound_count_annual_mean": 4.46, "mean_overlap_duration": 1.23, "mean_compound_intensity_norm": 0.2529, "Hazard_Index": 0.3171, "Hazard_Frequency": 0.4119, "Hazard_Severity": 0.1873, "Hazard_Index_raw": 0.2996, "municipality_name": "Porto Belo", "municipality_state": "SC", "municipality_distance_km": 0.0, "segment_count": 7, "metrics_index": 117}, "geometry": {"type": "LineString", "coordinates": [[-48.588, -27.1506], [-48.5795, -27.1585], [-48.5652, -27.1614], [-48.5514, -27.1581], [-48.5447, -27.1502], [-48.5406, -27.1401], [-48.5344, -27.1305], [-48.5162, -27.1208]]}}, {"type": "Feature", "properties": {"source_grid_index": 117, "source_longitude": -48.4, "source_latitude": -27.2, "nearest_grid_distance_km": 11.7354, "compound_count_annual_mean": 4.46, "mean_overlap_duration": 1.23, "mean_compound_intensity_norm": 0.2529, "Hazard_Index": 0.3171, "Hazard_Frequency": 0.4119, "Hazard_Severity": 0.1873, "Hazard_Index_raw": 0.2996, "municipality_name": "Bombinhas", "municipality_state": "SC", "municipality_distance_km": 0.059, "segment_count": 21, "metrics_index": 117}, "geometry": {"type": "LineString", "coordinates": [[-48.5162, -27.1208], [-48.5069, -27.1325], [-48.4968, -27.1491], [-48.4761, -27.154], [-48.4839, -27.1659], [-48.4889, -27.1707], [-48.4966, -27.1751], [-48.487, -27.1985], [-48.4859, -27.2107], [-48.4929, -27.216], [-48.5054, -27.2187], [-48.516, -27.2223], [-48.5246, -27.2213], [-48.5314, -27.2092], [-48.5162, -27.2063], [-48.5126, -27.1982], [-48.5183, -27.1887], [-48.5314, -27.1819], [-48.5419, -27.1824], [-48.5604, -27.193], [-48.5689, -27.1955], [-48.5734, -27.1996]]}}, {"type": "Feature", "properties": {"source_grid_index": 117, "source_longitude": -48.4, "source_latitude": -27.2, "nearest_grid_distance_km": 18.8569, "compound_count_annual_mean": 4.46, "mean_overlap_duration": 1.23, "mean_compound_intensity_norm": 0.2529, "Hazard_Index": 0.3171, "Hazard_Frequency": 0.4119, "Hazard_Severity": 0.1873, "Hazard_Index_raw": 0.2996, "municipality_name": "Porto Belo", "municipality_state": "SC", "municipality_distance_km": 0.0, "segment_count": 1, "metrics_index": 117}, "geometry": {"type": "LineString", "coordinates": [[-48.5734, -27.1996], [-48.6064, -27.2234]]}}, {"type": "Feature", "properties": {"source_grid_index": 117, "source_longitude": -48.4, "source_latitude": -27.2, "nearest_grid_distance_km": 22.1828, "compound_count_annual_mean": 4.46, "mean_overlap_duration": 1.23, "mean_compound_intensity_norm": 0.2529, "Hazard_Index": 0.3171, "Hazard_Frequency": 0.4119, "Hazard_Severity": 0.1873, "Hazard_Index_raw": 0.2996, "municipality_name": "Tijucas", "municipality_state": "SC", "municipality_distance_km": 0.0088, "segment_count": 5, "metrics_index": 117}, "geometry": {"type": "LineString", "coordinates": [[-48.6064, -27.2234], [-48.6144, -27.232], [-48.6185, -27.2385], [-48.62, -27.2467], [-48.6201, -27.2607], [-48.6129, -27.2995]]}}, {"type": "Feature", "properties": {"source_grid_index": 114, "source_longitude": -48.4, "source_latitude": -27.4, "nearest_grid_distance_km": 22.655, "compound_count_annual_mean": 5.21, "mean_overlap_duration": 1.27, "mean_compound_intensity_norm": 0.241, "Hazard_Index": 0.3591, "Hazard_Frequency": 0.4866, "Hazard_Severity": 0.1892, "Hazard_Index_raw": 0.3379, "municipality_name": "Tijucas", "municipality_state": "SC", "municipality_distance_km": 0.0, "segment_count": 3, "metrics_index": 114}, "geometry": {"type": "LineString", "coordinates": [[-48.6129, -27.2995], [-48.6099, -27.3054], [-48.6066, -27.3063], [-48.5723, -27.3122]]}}, {"type": "Feature", "properties": {"source_grid_index": 114, "source_longitude": -48.4, "source_latitude": -27.4, "nearest_grid_distance_km": 17.447, "compound_count_annual_mean": 5.21, "mean_overlap_duration": 1.27, "mean_compound_intensity_norm": 0.241, "Hazard_Index": 0.3591, "Hazard_Frequency": 0.4866, "Hazard_Severity": 0.1892, "Hazard_Index_raw": 0.3379, "municipality_name": "Governador Celso Ramos", "municipality_state": "SC", "municipality_distance_km": 0.0, "segment_count": 12, "metrics_index": 114}, "geometry": {"type": "LineString", "coordinates": [[-48.5723, -27.3122], [-48.5609, -27.325], [-48.5548, -27.3425], [-48.5519, -27.3873], [-48.5626, -27.3728], [-48.5655, -27.3674], [-48.5714, -27.3766], [-48.5755, -27.3849], [-48.5778, -27.3938], [-48.5785, -27.4047], [-48.5819, -27.4167], [-48.5905, -27.4216], [-48.6018, -27.424]]}}, {"type": "Feature", "properties": {"source_grid_index": 114, "source_longitude": -48.4, "source_latitude": -27.4, "nearest_grid_distance_km": 23.7009, "compound_count_annual_mean": 5.21, "mean_overlap_duration": 1.27, "mean_compound_intensity_norm": 0.241, "Hazard_Index": 0.3591, "Hazard_Frequency": 0.4866, "Hazard_Severity": 0.1892, "Hazard_Index_raw": 0.3379, "municipality_name": "Biguaçu", "municipality_state": "SC", "municipality_distance_km": 0.0, "segment_count": 6, "metrics_index": 114}, "geometry": {"type": "LineString", "coordinates": [[-48.6018, -27.424], [-48.6133, -27.4283], [-48.6261, -27.4368], [-48.637, -27.447], [-48.6446, -27.4606], [-48.6475, -27.4796], [-48.6287, -27.5191]]}}, {"type": "Feature", "properties": {"source_grid_index": 111, "source_longitude": -48.4, "source_latitude": -27.6, "nearest_grid_distance_km": 21.4541, "compound_count_annual_mean": 6.46, "mean_overlap_duration": 1.35, "mean_compound_intensity_norm": 0.2752, "Hazard_Index": 0.4666, "Hazard_Frequency": 0.609, "Hazard_Severity": 0.263, "Hazard_Index_raw": 0.436, "municipality_name": "São José", "municipality_state": "SC", "municipality_distance_km": 0.0, "segment_count": 2, "metrics_index": 111}, "geometry": {"type": "LineString", "coordinates": [[-48.6287, -27.5191], [-48.6099, -27.5587], [-48.5902, -27.5637]]}}, {"type": "Feature", "properties": {"source_grid_index": 111, "source_longitude": -48.4, "source_latitude": -27.6, "nearest_grid_distance_km": 18.6308, "compound_count_annual_mean": 6.46, "mean_overlap_duration": 1.35, "mean_compound_intensity_norm": 0.2752, "Hazard_Index": 0.4666, "Hazard_Frequency": 0.609, "Hazard_Severity": 0.263, "Hazard_Index_raw": 0.436, "municipality_name": "Florianópolis", "municipality_state": "SC", "municipality_distance_km": 0.0, "segment_count": 5, "metrics_index": 111}, "geometry": {"type": "LineString", "coordinates": [[-48.5902, -27.5637], [-48.5791, -27.5763], [-48.5775, -27.594], [-48.586, -27.6132], [-48.5946, -27.6012], [-48.6142, -27.6124]]}}, {"type": "Feature", "properties": {"source_grid_index": 111, "source_longitude": -48.4, "source_latitude": -27.6, "nearest_grid_distance_km": 22.3195, "compound_count_annual_mean": 6.46, "mean_overlap_duration": 1.35, "mean_compound_intensity_norm": 0.2752, "Hazard_Index": 0.4666, "Hazard_Frequency": 0.609, "Hazard_Severity": 0.263, "Hazard_Index_raw": 0.436, "municipality_name": "São José", "municipality_state": "SC", "municipality_distance_km": 0.0, "segment_count": 1, "metrics_index": 111}, "geometry": {"type": "LineString", "coordinates": [[-48.6142, -27.6124], [-48.6351, -27.6326]]}}, {"type": "Feature", "properties": {"source_grid_index": 111, "source_longitude": -48.4, "source_latitude": -27.6, "nearest_grid_distance_km": 24.5506, "compound_count_annual_mean": 6.46, "mean_overlap_duration": 1.35, "mean_compound_intensity_norm": 0.2752, "Hazard_Index": 0.4666, "Hazard_Frequency": 0.609, "Hazard_Severity": 0.263, "Hazard_Index_raw": 0.436, "municipality_name": "Palhoça", "municipality_state": "SC", "municipality_distance_km": 0.0, "segment_count": 4, "metrics_index": 111}, "geometry": {"type": "LineString", "coordinates": [[-48.6351, -27.6326], [-48.6475, -27.6474], [-48.6381, -27.6613], [-48.6317, -27.6798], [-48.6281, -27.7001]]}}, {"type": "Feature", "properties": {"source_grid_index": 109, "source_longitude": -48.4, "source_latitude": -27.8, "nearest_grid_distance_km": 22.3496, "compound_count_annual_mean": 6.88, "mean_overlap_duration": 1.48, "mean_compound_intensity_norm": 0.3024, "Hazard_Index": 0.5314, "Hazard_Frequency": 0.6507, "Hazard_Severity": 0.3394, "Hazard_Index_raw": 0.4951, "municipality_name": "Palhoça", "municipality_state": "SC", "municipality_distance_km": 0.0, "segment_count": 10, "metrics_index": 109}, "geometry": {"type": "LineString", "coordinates": [[-48.6281, -27.7001], [-48.6269, -27.7197], [-48.6239, -27.7253], [-48.6101, -27.7411], [-48.6064, -27.7504], [-48.612, -27.7527], [-48.6225, -27.7599], [-48.6292, -27.7675], [-48.6235, -27.7709], [-48.618, -27.778], [-48.6, -27.7954]]}}, {"type": "Feature", "properties": {"source_grid_index": 109, "source_longitude": -48.4, "source_latitude": -27.8, "nearest_grid_distance_km": 17.9279, "compound_count_annual_mean": 6.88, "mean_overlap_duration": 1.48, "mean_compound_intensity_norm": 0.3024, "Hazard_Index": 0.5314, "Hazard_Frequency": 0.6507, "Hazard_Severity": 0.3394, "Hazard_Index_raw": 0.4951, "municipality_name": "Florianópolis", "municipality_state": "SC", "municipality_distance_km": 0.0, "segment_count": 3, "metrics_index": 109}, "geometry": {"type": "LineString", "coordinates": [[-48.6, -27.7954], [-48.5819, -27.8128], [-48.5723, -27.8255], [-48.5741, -27.8334]]}}, {"type": "Feature", "properties": {"source_grid_index": 109, "source_longitude": -48.4, "source_latitude": -27.8, "nearest_grid_distance_km": 18.7699, "compound_count_annual_mean": 6.88, "mean_overlap_duration": 1.48, "mean_compound_intensity_norm": 0.3024, "Hazard_Index": 0.5314, "Hazard_Frequency": 0.6507, "Hazard_Severity": 0.3394, "Hazard_Index_raw": 0.4951, "municipality_name": "Palhoça", "municipality_state": "SC", "municipality_distance_km": 0.0, "segment_count": 9, "metrics_index": 109}, "geometry": {"type": "LineString", "coordinates": [[-48.5741, -27.8334], [-48.5811, -27.8368], [-48.5887, -27.839], [-48.5922, -27.843], [-48.5882, -27.8536], [-48.5795, -27.8567], [-48.5704, -27.8575], [-48.5655, -27.8603], [-48.5697, -27.878], [-48.5845, -27.8974]]}}, {"type": "Feature", "properties": {"source_grid_index": 107, "source_longitude": -48.4, "source_latitude": -28.0, "nearest_grid_distance_km": 21.5259, "compound_count_annual_mean": 7.36, "mean_overlap_duration": 1.6, "mean_compound_intensity_norm": 0.326, "Hazard_Index": 0.599, "Hazard_Frequency": 0.6985, "Hazard_Severity": 0.4149, "Hazard_Index_raw": 0.5567, "municipality_name": "Paulo Lopes", "municipality_state": "SC", "municipality_distance_km": 0.0, "segment_count": 3, "metrics_index": 107}, "geometry": {"type": "LineString", "coordinates": [[-48.5845, -27.8974], [-48.5994, -27.9168], [-48.6064, -27.9323], [-48.6115, -27.9616]]}}, {"type": "Feature", "properties": {"source_grid_index": 107, "source_longitude": -48.4, "source_latitude": -28.0, "nearest_grid_distance_km": 21.1805, "compound_count_annual_mean": 7.36, "mean_overlap_duration": 1.6, "mean_compound_intensity_norm": 0.326, "Hazard_Index": 0.599, "Hazard_Frequency": 0.6985, "Hazard_Severity": 0.4149, "Hazard_Index_raw": 0.5567, "municipality_name": "Garopaba", "municipality_state": "SC", "municipality_distance_km": 1.1445, "segment_count": 2, "metrics_index": 107}, "geometry": {"type": "LineString", "coordinates": [[-48.6115, -27.9616], [-48.6166, -27.9908], [-48.6133, -28.0112]]}}, {"type": "Feature", "properties": {"source_grid_index": 104, "source_longitude": -48.6, "source_latitude": -28.2, "nearest_grid_distance_km": 16.9187, "compound_count_annual_mean": 6.15, "mean_overlap_duration": 1.47, "mean_compound_intensity_norm": 0.3346, "Hazard_Index": 0.5185, "Hazard_Frequency": 0.5791, "Hazard_Severity": 0.3874, "Hazard_Index_raw": 0.4833, "municipality_name": "Garopaba", "municipality_state": "SC", "municipality_distance_km": 0.3638, "segment_count": 10, "metrics_index": 104}, "geometry": {"type": "LineString", "coordinates": [[-48.6133, -28.0112], [-48.6095, -28.017], [-48.6048, -28.0216], [-48.6007, -28.0284], [-48.599, -28.0416], [-48.6023, -28.051], [-48.6095, -28.0577], [-48.6168, -28.0629], [-48.6201, -28.0685], [-48.6217, -28.0769], [-48.6332, -28.1067]]}}, {"type": "Feature", "properties": {"source_grid_index": 104, "source_longitude": -48.6, "source_latitude": -28.2, "nearest_grid_distance_km": 8.5107, "compound_count_annual_mean": 6.15, "mean_overlap_duration": 1.47, "mean_compound_intensity_norm": 0.3346, "Hazard_Index": 0.5185, "Hazard_Frequency": 0.5791, "Hazard_Severity": 0.3874, "Hazard_Index_raw": 0.4833, "municipality_name": "Imbituba", "municipality_state": "SC", "municipality_distance_km": 0.3529, "segment_count": 8, "metrics_index": 104}, "geometry": {"type": "LineString", "coordinates": [[-48.6332, -28.1067], [-48.6406, -28.1476], [-48.6537, -28.1902], [-48.6553, -28.2128], [-48.6359, -28.2302], [-48.6517, -28.2472], [-48.6884, -28.278], [-48.6916, -28.2875], [-48.6949, -28.3123]]}}, {"type": "Feature", "properties": {"source_grid_index": 102, "source_longitude": -48.6, "source_latitude": -28.4, "nearest_grid_distance_km": 12.0729, "compound_count_annual_mean": 7.52, "mean_overlap_duration": 1.65, "mean_compound_intensity_norm": 0.3465, "Hazard_Index": 0.6417, "Hazard_Frequency": 0.7134, "Hazard_Severity": 0.4779, "Hazard_Index_raw": 0.5956, "municipality_name": "Imbituba", "municipality_state": "SC", "municipality_distance_km": 1.3601, "segment_count": 2, "metrics_index": 102}, "geometry": {"type": "LineString", "coordinates": [[-48.6949, -28.3123], [-48.6951, -28.336], [-48.6964, -28.3421]]}}, {"type": "Feature", "properties": {"source_grid_index": 102, "source_longitude": -48.6, "source_latitude": -28.4, "nearest_grid_distance_km": 13.9805, "compound_count_annual_mean": 7.52, "mean_overlap_duration": 1.65, "mean_compound_intensity_norm": 0.3465, "Hazard_Index": 0.6417, "Hazard_Frequency": 0.7134, "Hazard_Severity": 0.4779, "Hazard_Index_raw": 0.5956, "municipality_name": "Laguna", "municipality_state": "SC", "municipality_distance_km": 0.8285, "segment_count": 5, "metrics_index": 102}, "geometry": {"type": "LineString", "coordinates": [[-48.6964, -28.3421], [-48.7245, -28.3714], [-48.7311, -28.3845], [-48.743, -28.4221], [-48.7574, -28.4446], [-48.7631, -28.457]]}}, {"type": "Feature", "properties": {"source_grid_index": 99, "source_longitude": -48.8, "source_latitude": -28.6, "nearest_grid_distance_km": 15.0987, "compound_count_annual_mean": 8.43, "mean_overlap_duration": 1.78, "mean_compound_intensity_norm": 0.4102, "Hazard_Index": 0.7777, "Hazard_Frequency": 0.803, "Hazard_Severity": 0.6363, "Hazard_Index_raw": 0.7196, "municipality_name": "Laguna", "municipality_state": "SC", "municipality_distance_km": 0.3358, "segment_count": 9, "metrics_index": 99}, "geometry": {"type": "LineString", "coordinates": [[-48.7631, -28.457], [-48.7607, -28.4671], [-48.7567, -28.4776], [-48.7612, -28.4874], [-48.7706, -28.492], [-48.7809, -28.4875], [-48.7941, -28.4708], [-48.8035, -28.4523], [-48.8075, -28.4317], [-48.805, -28.4084]]}}, {"type": "Feature", "properties": {"source_grid_index": 102, "source_longitude": -48.6, "source_latitude": -28.4, "nearest_grid_distance_km": 23.4778, "compound_count_annual_mean": 7.52, "mean_overlap_duration": 1.65, "mean_compound_intensity_norm": 0.3465, "Hazard_Index": 0.6417, "Hazard_Frequency": 0.7134, "Hazard_Severity": 0.4779, "Hazard_Index_raw": 0.5956, "municipality_name": "Laguna", "municipality_state": "SC", "municipality_distance_km": 0.0, "segment_count": 10, "metrics_index": 102}, "geometry": {"type": "LineString", "coordinates": [[-48.805, -28.4084], [-48.7947, -28.3927], [-48.7909, -28.3815], [-48.7948, -28.3705], [-48.8221, -28.3463], [-48.8353, -28.3377], [-48.8506, -28.3237], [-48.8646, -28.3209], [-48.874, -28.3463], [-48.8727, -28.3587], [-48.8623, -28.3805]]}}, {"type": "Feature", "properties": {"source_grid_index": 99, "source_longitude": -48.8, "source_latitude": -28.6, "nearest_grid_distance_km": 13.5113, "compound_count_annual_mean": 8.43, "mean_overlap_duration": 1.78, "mean_compound_intensity_norm": 0.4102, "Hazard_Index": 0.7777, "Hazard_Frequency": 0.803, "Hazard_Severity": 0.6363, "Hazard_Index_raw": 0.7196, "municipality_name": "Laguna", "municipality_state": "SC", "municipality_distance_km": 2.764, "segment_count": 30, "metrics_index": 99}, "geometry": {"type": "LineString", "coordinates": [[-48.8623, -28.3805], [-48.8597, -28.3913], [-48.8619, -28.4006], [-48.8717, -28.4098], [-48.874, -28.4189], [-48.8693, -28.4267], [-48.8585, -28.4273], [-48.8468, -28.426], [-48.8392, -28.4289], [-48.8384, -28.4372], [-48.843, -28.4457], [-48.8491, -28.4545], [-48.8529, -28.4636], [-48.8546, -28.4713], [-48.8549, -28.4753], [-48.8518, -28.4793], [-48.843, -28.4875], [-48.8085, -28.5046], [-48.7987, -28.5143], [-48.7892, -28.5214], [-48.7777, -28.5251], [-48.7693, -28.5177], [-48.7609, -28.5128], [-48.7499, -28.5114], [-48.7561, -28.5284], [-48.7653, -28.5436], [-48.796, -28.5795], [-48.8071, -28.6002], [-48.8153, -28.6104], [-48.8259, -28.615], [-48.8705, -28.62]]}}, {"type": "Feature", "properties": {"source_grid_index": 99, "source_longitude": -48.8, "source_latitude": -28.6, "nearest_grid_distance_km": 11.7161, "compound_count_annual_mean": 8.43, "mean_overlap_duration": 1.78, "mean_compound_intensity_norm": 0.4102, "Hazard_Index": 0.7777, "Hazard_Frequency": 0.803, "Hazard_Severity": 0.6363, "Hazard_Index_raw": 0.7196, "municipality_name": "Jaguaruna", "municipality_state": "SC", "municipality_distance_km": 0.0, "segment_count": 4, "metrics_index": 99}, "geometry": {"type": "LineString", "coordinates": [[-48.8705, -28.62], [-48.8841, -28.6232], [-48.9125, -28.6379], [-48.9406, -28.6454], [-48.9554, -28.6557]]}}, {"type": "Feature", "properties": {"source_grid_index": 95, "source_longitude": -49.0, "source_latitude": -28.8, "nearest_grid_distance_km": 13.3466, "compound_count_annual_mean": 7.91, "mean_overlap_duration": 1.75, "mean_compound_intensity_norm": 0.4085, "Hazard_Index": 0.7459, "Hazard_Frequency": 0.7522, "Hazard_Severity": 0.6291, "Hazard_Index_raw": 0.6907, "municipality_name": "Jaguaruna", "municipality_state": "SC", "municipality_distance_km": 0.0, "segment_count": 7, "metrics_index": 95}, "geometry": {"type": "LineString", "coordinates": [[-48.9554, -28.6557], [-48.9764, -28.6752], [-49.0167, -28.6969], [-49.057, -28.7185], [-49.0927, -28.7442], [-49.1284, -28.7698], [-49.1641, -28.7954], [-49.1998, -28.8211]]}}, {"type": "Feature", "properties": {"source_grid_index": 91, "source_longitude": -49.2, "source_latitude": -29.0, "nearest_grid_distance_km": 17.4989, "compound_count_annual_mean": 7.55, "mean_overlap_duration": 1.71, "mean_compound_intensity_norm": 0.4079, "Hazard_Index": 0.7176, "Hazard_Frequency": 0.7164, "Hazard_Severity": 0.6133, "Hazard_Index_raw": 0.6648, "municipality_name": "Balneário Rincão", "municipality_state": "SC", "municipality_distance_km": 0.7234, "segment_count": 2, "metrics_index": 91}, "geometry": {"type": "LineString", "coordinates": [[-49.1998, -28.8211], [-49.2355, -28.8467], [-49.2712, -28.8723]]}}, {"type": "Feature", "properties": {"source_grid_index": 91, "source_longitude": -49.2, "source_latitude": -29.0, "nearest_grid_distance_km": 15.4426, "compound_count_annual_mean": 7.55, "mean_overlap_duration": 1.71, "mean_compound_intensity_norm": 0.4079, "Hazard_Index": 0.7176, "Hazard_Frequency": 0.7164, "Hazard_Severity": 0.6133, "Hazard_Index_raw": 0.6648, "municipality_name": "Araranguá", "municipality_state": "SC", "municipality_distance_km": 0.2157, "segment_count": 1, "metrics_index": 91}, "geometry": {"type": "LineString", "coordinates": [[-49.2712, -28.8723], [-49.307, -28.8979]]}}, {"type": "Feature", "properties": {"source_grid_index": 90, "source_longitude": -49.4, "source_latitude": -29.0, "nearest_grid_distance_km": 10.1752, "compound_count_annual_mean": 6.12, "mean_overlap_duration": 1.5, "mean_compound_intensity_norm": 0.4006, "Hazard_Index": 0.5921, "Hazard_Frequency": 0.5761, "Hazard_Severity": 0.5247, "Hazard_Index_raw": 0.5504, "municipality_name": "Araranguá", "municipality_state": "SC", "municipality_distance_km": 0.0, "segment_count": 2, "metrics_index": 90}, "geometry": {"type": "LineString", "coordinates": [[-49.307, -28.8979], [-49.3428, -28.9235], [-49.3727, -28.9527]]}}, {"type": "Feature", "properties": {"source_grid_index": 90, "source_longitude": -49.4, "source_latitude": -29.0, "nearest_grid_distance_km": 6.9362, "compound_count_annual_mean": 6.12, "mean_overlap_duration": 1.5, "mean_compound_intensity_norm": 0.4006, "Hazard_Index": 0.5921, "Hazard_Frequency": 0.5761, "Hazard_Severity": 0.5247, "Hazard_Index_raw": 0.5504, "municipality_name": "Balneário Arroio do Silva", "municipality_state": "SC", "municipality_distance_km": 0.0697, "segment_count": 5, "metrics_index": 90}, "geometry": {"type": "LineString", "coordinates": [[-49.3727, -28.9527], [-49.4026, -28.9818], [-49.4325, -29.0109], [-49.4624, -29.04], [-49.4924, -29.0692], [-49.5223, -29.0983]]}}, {"type": "Feature", "properties": {"source_grid_index": 87, "source_longitude": -49.4, "source_latitude": -29.2, "nearest_grid_distance_km": 17.5664, "compound_count_annual_mean": 6.7, "mean_overlap_duration": 1.66, "mean_compound_intensity_norm": 0.4128, "Hazard_Index": 0.6684, "Hazard_Frequency": 0.6328, "Hazard_Severity": 0.6072, "Hazard_Index_raw": 0.62, "municipality_name": "Balneário Gaivota", "municipality_state": "SC", "municipality_distance_km": 0.0, "segment_count": 3, "metrics_index": 87}, "geometry": {"type": "LineString", "coordinates": [[-49.5223, -29.0983], [-49.5523, -29.1274], [-49.5791, -29.1602], [-49.606, -29.1931]]}}, {"type": "Feature", "properties": {"source_grid_index": 84, "source_longitude": -49.6, "source_latitude": -29.4, "nearest_grid_distance_km": 21.2447, "compound_count_annual_mean": 6.0, "mean_overlap_duration": 1.58, "mean_compound_intensity_norm": 0.4157, "Hazard_Index": 0.619, "Hazard_Frequency": 0.5642, "Hazard_Severity": 0.5857, "Hazard_Index_raw": 0.575, "municipality_name": "Balneário Gaivota", "municipality_state": "SC", "municipality_distance_km": 0.0662, "segment_count": 1, "metrics_index": 84}, "geometry": {"type": "LineString", "coordinates": [[-49.606, -29.1931], [-49.6329, -29.2259]]}}, {"type": "Feature", "properties": {"source_grid_index": 84, "source_longitude": -49.6, "source_latitude": -29.4, "nearest_grid_distance_km": 15.9185, "compound_count_annual_mean": 6.0, "mean_overlap_duration": 1.58, "mean_compound_intensity_norm": 0.4157, "Hazard_Index": 0.619, "Hazard_Frequency": 0.5642, "Hazard_Severity": 0.5857, "Hazard_Index_raw": 0.575, "municipality_name": "Passo de Torres", "municipality_state": "SC", "municipality_distance_km": 0.1658, "segment_count": 3, "metrics_index": 84}, "geometry": {"type": "LineString", "coordinates": [[-49.6329, -29.2259], [-49.6597, -29.2588], [-49.6866, -29.2916], [-49.7135, -29.3245]]}}, {"type": "Feature", "properties": {"source_grid_index": 84, "source_longitude": -49.6, "source_latitude": -29.4, "nearest_grid_distance_km": 15.2688, "compound_count_annual_mean": 6.0, "mean_overlap_duration": 1.58, "mean_compound_intensity_norm": 0.4157, "Hazard_Index": 0.619, "Hazard_Frequency": 0.5642, "Hazard_Severity": 0.5857, "Hazard_Index_raw": 0.575, "municipality_name": "Torres", "municipality_state": "RS", "municipality_distance_km": 0.0, "segment_count": 3, "metrics_index": 84}, "geometry": {"type": "LineString", "coordinates": [[-49.7135, -29.3245], [-49.7378, -29.3541], [-49.7621, -29.3838], [-49.7864, -29.4135]]}}, {"type": "Feature", "properties": {"source_grid_index": 81, "source_longitude": -49.8, "source_latitude": -29.6, "nearest_grid_distance_km": 19.0714, "compound_count_annual_mean": 5.21, "mean_overlap_duration": 1.48, "mean_compound_intensity_norm": 0.4108, "Hazard_Index": 0.5447, "Hazard_Frequency": 0.4866, "Hazard_Severity": 0.5278, "Hazard_Index_raw": 0.5072, "municipality_name": "Torres", "municipality_state": "RS", "municipality_distance_km": 0.0, "segment_count": 1, "metrics_index": 81}, "geometry": {"type": "LineString", "coordinates": [[-49.7864, -29.4135], [-49.8107, -29.4431]]}}, {"type": "Feature", "properties": {"source_grid_index": 81, "source_longitude": -49.8, "source_latitude": -29.6, "nearest_grid_distance_km": 11.7359, "compound_count_annual_mean": 5.21, "mean_overlap_duration": 1.48, "mean_compound_intensity_norm": 0.4108, "Hazard_Index": 0.5447, "Hazard_Frequency": 0.4866, "Hazard_Severity": 0.5278, "Hazard_Index_raw": 0.5072, "municipality_name": "Arroio do Sal", "municipality_state": "RS", "municipality_distance_km": 0.0, "segment_count": 5, "metrics_index": 81}, "geometry": {"type": "LineString", "coordinates": [[-49.8107, -29.4431], [-49.8272, -29.4716], [-49.8437, -29.5001], [-49.8603, -29.5286], [-49.8847, -29.5638], [-49.9091, -29.5991]]}}, {"type": "Feature", "properties": {"source_grid_index": 81, "source_longitude": -49.8, "source_latitude": -29.6, "nearest_grid_distance_km": 11.9007, "compound_count_annual_mean": 5.21, "mean_overlap_duration": 1.48, "mean_compound_intensity_norm": 0.4108, "Hazard_Index": 0.5447, "Hazard_Frequency": 0.4866, "Hazard_Severity": 0.5278, "Hazard_Index_raw": 0.5072, "municipality_name": "Terra de Areia", "municipality_state": "RS", "municipality_distance_km": 0.5895, "segment_count": 1, "metrics_index": 81}, "geometry": {"type": "LineString", "coordinates": [[-49.9091, -29.5991], [-49.9336, -29.6344]]}}, {"type": "Feature", "properties": {"source_grid_index": 81, "source_longitude": -49.8, "source_latitude": -29.6, "nearest_grid_distance_km": 16.3254, "compound_count_annual_mean": 5.21, "mean_overlap_duration": 1.48, "mean_compound_intensity_norm": 0.4108, "Hazard_Index": 0.5447, "Hazard_Frequency": 0.4866, "Hazard_Severity": 0.5278, "Hazard_Index_raw": 0.5072, "municipality_name": "Capão da Canoa", "municipality_state": "RS", "municipality_distance_km": 0.6539, "segment_count": 2, "metrics_index": 81}, "geometry": {"type": "LineString", "coordinates": [[-49.9336, -29.6344], [-49.9495, -29.6669], [-49.9655, -29.6995]]}}, {"type": "Feature", "properties": {"source_grid_index": 79, "source_longitude": -49.8, "source_latitude": -29.8, "nearest_grid_distance_km": 19.2044, "compound_count_annual_mean": 6.03, "mean_overlap_duration": 1.57, "mean_compound_intensity_norm": 0.4291, "Hazard_Index": 0.63, "Hazard_Frequency": 0.5672, "Hazard_Severity": 0.6027, "Hazard_Index_raw": 0.5849, "municipality_name": "Capão da Canoa", "municipality_state": "RS", "municipality_distance_km": 1.1083, "segment_count": 2, "metrics_index": 79}, "geometry": {"type": "LineString", "coordinates": [[-49.9655, -29.6995], [-49.9815, -29.732], [-49.9974, -29.7646]]}}, {"type": "Feature", "properties": {"source_grid_index": 79, "source_longitude": -49.8, "source_latitude": -29.8, "nearest_grid_distance_km": 20.406, "compound_count_annual_mean": 6.03, "mean_overlap_duration": 1.57, "mean_compound_intensity_norm": 0.4291, "Hazard_Index": 0.63, "Hazard_Frequency": 0.5672, "Hazard_Severity": 0.6027, "Hazard_Index_raw": 0.5849, "municipality_name": "Xangri-lá", "municipality_state": "RS", "municipality_distance_km": 0.9352, "segment_count": 1, "metrics_index": 79}, "geometry": {"type": "LineString", "coordinates": [[-49.9974, -29.7646], [-50.0214, -29.7896]]}}, {"type": "Feature", "properties": {"source_grid_index": 77, "source_longitude": -50.0, "source_latitude": -30.0, "nearest_grid_distance_km": 20.6857, "compound_count_annual_mean": 3.91, "mean_overlap_duration": 1.47, "mean_compound_intensity_norm": 0.4127, "Hazard_Index": 0.4731, "Hazard_Frequency": 0.3582, "Hazard_Severity": 0.5255, "Hazard_Index_raw": 0.4419, "municipality_name": "Xangri-lá", "municipality_state": "RS", "municipality_distance_km": 0.0, "segment_count": 2, "metrics_index": 77}, "geometry": {"type": "LineString", "coordinates": [[-50.0214, -29.7896], [-50.0453, -29.8145], [-50.0614, -29.8532]]}}, {"type": "Feature", "properties": {"source_grid_index": 77, "source_longitude": -50.0, "source_latitude": -30.0, "nearest_grid_distance_km": 15.6643, "compound_count_annual_mean": 3.91, "mean_overlap_duration": 1.47, "mean_compound_intensity_norm": 0.4127, "Hazard_Index": 0.4731, "Hazard_Frequency": 0.3582, "Hazard_Severity": 0.5255, "Hazard_Index_raw": 0.4419, "municipality_name": "Osório", "municipality_state": "RS", "municipality_distance_km": 0.0097, "segment_count": 1, "metrics_index": 77}, "geometry": {"type": "LineString", "coordinates": [[-50.0614, -29.8532], [-50.0775, -29.8919]]}}, {"type": "Feature", "properties": {"source_grid_index": 77, "source_longitude": -50.0, "source_latitude": -30.0, "nearest_grid_distance_km": 12.0778, "compound_count_annual_mean": 3.91, "mean_overlap_duration": 1.47, "mean_compound_intensity_norm": 0.4127, "Hazard_Index": 0.4731, "Hazard_Frequency": 0.3582, "Hazard_Severity": 0.5255, "Hazard_Index_raw": 0.4419, "municipality_name": "Imbé", "municipality_state": "RS", "municipality_distance_km": 0.1896, "segment_count": 2, "metrics_index": 77}, "geometry": {"type": "LineString", "coordinates": [[-50.0775, -29.8919], [-50.0937, -29.9305], [-50.1098, -29.9692]]}}, {"type": "Feature", "properties": {"source_grid_index": 77, "source_longitude": -50.0, "source_latitude": -30.0, "nearest_grid_distance_km": 13.652, "compound_count_annual_mean": 3.91, "mean_overlap_duration": 1.47, "mean_compound_intensity_norm": 0.4127, "Hazard_Index": 0.4731, "Hazard_Frequency": 0.3582, "Hazard_Severity": 0.5255, "Hazard_Index_raw": 0.4419, "municipality_name": "Tramandaí", "municipality_state": "RS", "municipality_distance_km": 0.5522, "segment_count": 3, "metrics_index": 77}, "geometry": {"type": "LineString", "coordinates": [[-50.1098, -29.9692], [-50.126, -30.0078], [-50.1421, -30.0465], [-50.1583, -30.0851]]}}, {"type": "Feature", "properties": {"source_grid_index": 75, "source_longitude": -50.0, "source_latitude": -30.2, "nearest_grid_distance_km": 19.0536, "compound_count_annual_mean": 5.21, "mean_overlap_duration": 1.59, "mean_compound_intensity_norm": 0.4297, "Hazard_Index": 0.5824, "Hazard_Frequency": 0.4866, "Hazard_Severity": 0.5965, "Hazard_Index_raw": 0.5415, "municipality_name": "Cidreira", "municipality_state": "RS", "municipality_distance_km": 0.6189, "segment_count": 3, "metrics_index": 75}, "geometry": {"type": "LineString", "coordinates": [[-50.1583, -30.0851], [-50.1745, -30.1238], [-50.1907, -30.1625], [-50.2069, -30.2011]]}}, {"type": "Feature", "properties": {"source_grid_index": 72, "source_longitude": -50.2, "source_latitude": -30.4, "nearest_grid_distance_km": 19.8798, "compound_count_annual_mean": 4.76, "mean_overlap_duration": 1.48, "mean_compound_intensity_norm": 0.4184, "Hazard_Index": 0.5311, "Hazard_Frequency": 0.4418, "Hazard_Severity": 0.5478, "Hazard_Index_raw": 0.4948, "municipality_name": "Cidreira", "municipality_state": "RS", "municipality_distance_km": 0.3691, "segment_count": 1, "metrics_index": 72}, "geometry": {"type": "LineString", "coordinates": [[-50.2069, -30.2011], [-50.2217, -30.2417]]}}, {"type": "Feature", "properties": {"source_grid_index": 72, "source_longitude": -50.2, "source_latitude": -30.4, "nearest_grid_distance_km": 13.5978, "compound_count_annual_mean": 4.76, "mean_overlap_duration": 1.48, "mean_compound_intensity_norm": 0.4184, "Hazard_Index": 0.5311, "Hazard_Frequency": 0.4418, "Hazard_Severity": 0.5478, "Hazard_Index_raw": 0.4948, "municipality_name": "Balneário Pinhal", "municipality_state": "RS", "municipality_distance_km": 0.4894, "segment_count": 2, "metrics_index": 72}, "geometry": {"type": "LineString", "coordinates": [[-50.2217, -30.2417], [-50.2365, -30.2823], [-50.2514, -30.3228]]}}, {"type": "Feature", "properties": {"source_grid_index": 72, "source_longitude": -50.2, "source_latitude": -30.4, "nearest_grid_distance_km": 9.2086, "compound_count_annual_mean": 4.76, "mean_overlap_duration": 1.48, "mean_compound_intensity_norm": 0.4184, "Hazard_Index": 0.5311, "Hazard_Frequency": 0.4418, "Hazard_Severity": 0.5478, "Hazard_Index_raw": 0.4948, "municipality_name": "Palmares do Sul", "municipality_state": "RS", "municipality_distance_km": 0.537, "segment_count": 4, "metrics_index": 72}, "geometry": {"type": "LineString", "coordinates": [[-50.2514, -30.3228], [-50.2674, -30.3575], [-50.2835, -30.3922], [-50.2996, -30.4269], [-50.3157, -30.4615]]}}, {"type": "Feature", "properties": {"source_grid_index": 69, "source_longitude": -50.4, "source_latitude": -30.6, "nearest_grid_distance_km": 15.0845, "compound_count_annual_mean": 3.91, "mean_overlap_duration": 1.42, "mean_compound_intensity_norm": 0.4243, "Hazard_Index": 0.472, "Hazard_Frequency": 0.3582, "Hazard_Severity": 0.5235, "Hazard_Index_raw": 0.4408, "municipality_name": "Palmares do Sul", "municipality_state": "RS", "municipality_distance_km": 0.0, "segment_count": 1, "metrics_index": 69}, "geometry": {"type": "LineString", "coordinates": [[-50.3157, -30.4615], [-50.3403, -30.4969]]}}, {"type": "Feature", "properties": {"source_grid_index": 69, "source_longitude": -50.4, "source_latitude": -30.6, "nearest_grid_distance_km": 7.0048, "compound_count_annual_mean": 3.91, "mean_overlap_duration": 1.42, "mean_compound_intensity_norm": 0.4243, "Hazard_Index": 0.472, "Hazard_Frequency": 0.3582, "Hazard_Severity": 0.5235, "Hazard_Index_raw": 0.4408, "municipality_name": "Mostardas", "municipality_state": "RS", "municipality_distance_km": 0.0, "segment_count": 6, "metrics_index": 69}, "geometry": {"type": "LineString", "coordinates": [[-50.3403, -30.4969], [-50.365, -30.5324], [-50.3896, -30.5678], [-50.4143, -30.6032], [-50.439, -30.6386], [-50.4638, -30.674], [-50.4885, -30.7094]]}}, {"type": "Feature", "properties": {"source_grid_index": 67, "source_longitude": -50.4, "source_latitude": -30.8, "nearest_grid_distance_km": 14.2236, "compound_count_annual_mean": 6.55, "mean_overlap_duration": 1.56, "mean_compound_intensity_norm": 0.4509, "Hazard_Index": 0.6791, "Hazard_Frequency": 0.6179, "Hazard_Severity": 0.6416, "Hazard_Index_raw": 0.6297, "municipality_name": "Mostardas", "municipality_state": "RS", "municipality_distance_km": 0.0, "segment_count": 4, "metrics_index": 67}, "geometry": {"type": "LineString", "coordinates": [[-50.4885, -30.7094], [-50.5133, -30.7448], [-50.538, -30.7802], [-50.5628, -30.8156], [-50.5876, -30.851]]}}, {"type": "Feature", "properties": {"source_grid_index": 64, "source_longitude": -50.6, "source_latitude": -31.0, "nearest_grid_distance_km": 11.2518, "compound_count_annual_mean": 6.24, "mean_overlap_duration": 1.52, "mean_compound_intensity_norm": 0.4567, "Hazard_Index": 0.6563, "Hazard_Frequency": 0.5881, "Hazard_Severity": 0.6298, "Hazard_Index_raw": 0.6089, "municipality_name": "Mostardas", "municipality_state": "RS", "municipality_distance_km": 0.1193, "segment_count": 8, "metrics_index": 64}, "geometry": {"type": "LineString", "coordinates": [[-50.5876, -30.851], [-50.5933, -30.8715], [-50.5995, -30.8814], [-50.6239, -30.9141], [-50.6482, -30.9467], [-50.6726, -30.9793], [-50.697, -31.0119], [-50.7214, -31.0445], [-50.7571, -31.0773]]}}, {"type": "Feature", "properties": {"source_grid_index": 61, "source_longitude": -50.8, "source_latitude": -31.2, "nearest_grid_distance_km": 8.0303, "compound_count_annual_mean": 6.94, "mean_overlap_duration": 1.52, "mean_compound_intensity_norm": 0.4924, "Hazard_Index": 0.7246, "Hazard_Frequency": 0.6567, "Hazard_Severity": 0.6857, "Hazard_Index_raw": 0.6712, "municipality_name": "Mostardas", "municipality_state": "RS", "municipality_distance_km": 0.0, "segment_count": 4, "metrics_index": 61}, "geometry": {"type": "LineString", "coordinates": [[-50.7571, -31.0773], [-50.7927, -31.11], [-50.8284, -31.1427], [-50.8468, -31.1684], [-50.8652, -31.1942]]}}, {"type": "Feature", "properties": {"source_grid_index": 61, "source_longitude": -50.8, "source_latitude": -31.2, "nearest_grid_distance_km": 12.6092, "compound_count_annual_mean": 6.94, "mean_overlap_duration": 1.52, "mean_compound_intensity_norm": 0.4924, "Hazard_Index": 0.7246, "Hazard_Frequency": 0.6567, "Hazard_Severity": 0.6857, "Hazard_Index_raw": 0.6712, "municipality_name": "Tavares", "municipality_state": "RS", "municipality_distance_km": 0.0, "segment_count": 4, "metrics_index": 61}, "geometry": {"type": "LineString", "coordinates": [[-50.8652, -31.1942], [-50.8837, -31.2199], [-50.9138, -31.2515], [-50.944, -31.2832], [-50.9742, -31.3148]]}}, {"type": "Feature", "properties": {"source_grid_index": 59, "source_longitude": -50.8, "source_latitude": -31.4, "nearest_grid_distance_km": 20.4381, "compound_count_annual_mean": 6.7, "mean_overlap_duration": 1.61, "mean_compound_intensity_norm": 0.4892, "Hazard_Index": 0.7342, "Hazard_Frequency": 0.6328, "Hazard_Severity": 0.7271, "Hazard_Index_raw": 0.68, "municipality_name": "Tavares", "municipality_state": "RS", "municipality_distance_km": 0.8819, "segment_count": 2, "metrics_index": 59}, "geometry": {"type": "LineString", "coordinates": [[-50.9742, -31.3148], [-51.0044, -31.3464], [-51.0346, -31.378]]}}, {"type": "Feature", "properties": {"source_grid_index": 57, "source_longitude": -51.0, "source_latitude": -31.6, "nearest_grid_distance_km": 22.6593, "compound_count_annual_mean": 7.46, "mean_overlap_duration": 1.61, "mean_compound_intensity_norm": 0.4961, "Hazard_Index": 0.7836, "Hazard_Frequency": 0.7075, "Hazard_Severity": 0.7427, "Hazard_Index_raw": 0.7251, "municipality_name": "Tavares", "municipality_state": "RS", "municipality_distance_km": 1.5934, "segment_count": 2, "metrics_index": 57}, "geometry": {"type": "LineString", "coordinates": [[-51.0346, -31.378], [-51.0639, -31.4039], [-51.0932, -31.4298]]}}, {"type": "Feature", "properties": {"source_grid_index": 56, "source_longitude": -51.2, "source_latitude": -31.6, "nearest_grid_distance_km": 15.8095, "compound_count_annual_mean": 7.55, "mean_overlap_duration": 1.53, "mean_compound_intensity_norm": 0.4902, "Hazard_Index": 0.7648, "Hazard_Frequency": 0.7164, "Hazard_Severity": 0.6994, "Hazard_Index_raw": 0.7079, "municipality_name": "Tavares", "municipality_state": "RS", "municipality_distance_km": 1.1346, "segment_count": 3, "metrics_index": 56}, "geometry": {"type": "LineString", "coordinates": [[-51.0932, -31.4298], [-51.1225, -31.4557], [-51.1518, -31.4815], [-51.1862, -31.506]]}}, {"type": "Feature", "properties": {"source_grid_index": 56, "source_longitude": -51.2, "source_latitude": -31.6, "nearest_grid_distance_km": 9.6226, "compound_count_annual_mean": 7.55, "mean_overlap_duration": 1.53, "mean_compound_intensity_norm": 0.4902, "Hazard_Index": 0.7648, "Hazard_Frequency": 0.7164, "Hazard_Severity": 0.6994, "Hazard_Index_raw": 0.7079, "municipality_name": "São José do Norte", "municipality_state": "RS", "municipality_distance_km": 0.0, "segment_count": 5, "metrics_index": 56}, "geometry": {"type": "LineString", "coordinates": [[-51.1862, -31.506], [-51.2206, -31.5305], [-51.2551, -31.555], [-51.2895, -31.5795], [-51.324, -31.6039], [-51.3638, -31.6329]]}}, {"type": "Feature", "properties": {"source_grid_index": 53, "source_longitude": -51.4, "source_latitude": -31.8, "nearest_grid_distance_km": 14.4986, "compound_count_annual_mean": 7.73, "mean_overlap_duration": 1.53, "mean_compound_intensity_norm": 0.5097, "Hazard_Index": 0.7886, "Hazard_Frequency": 0.7343, "Hazard_Severity": 0.7248, "Hazard_Index_raw": 0.7296, "municipality_name": "São José do Norte", "municipality_state": "RS", "municipality_distance_km": 0.0, "segment_count": 6, "metrics_index": 53}, "geometry": {"type": "LineString", "coordinates": [[-51.3638, -31.6329], [-51.4037, -31.6618], [-51.4435, -31.6907], [-51.4835, -31.7197], [-51.5234, -31.7486], [-51.5633, -31.7774], [-51.6062, -31.7995]]}}, {"type": "Feature", "properties": {"source_grid_index": 50, "source_longitude": -51.6, "source_latitude": -32.0, "nearest_grid_distance_km": 20.4554, "compound_count_annual_mean": 7.61, "mean_overlap_duration": 1.53, "mean_compound_intensity_norm": 0.5152, "Hazard_Index": 0.7911, "Hazard_Frequency": 0.7224, "Hazard_Severity": 0.7413, "Hazard_Index_raw": 0.7319, "municipality_name": "São José do Norte", "municipality_state": "RS", "municipality_distance_km": 0.0016, "segment_count": 2, "metrics_index": 50}, "geometry": {"type": "LineString", "coordinates": [[-51.6062, -31.7995], [-51.649, -31.8216], [-51.6919, -31.8436]]}}, {"type": "Feature", "properties": {"source_grid_index": 49, "source_longitude": -51.8, "source_latitude": -32.0, "nearest_grid_distance_km": 12.667, "compound_count_annual_mean": 8.12, "mean_overlap_duration": 1.42, "mean_compound_intensity_norm": 0.4999, "Hazard_Index": 0.7767, "Hazard_Frequency": 0.7731, "Hazard_Severity": 0.6644, "Hazard_Index_raw": 0.7188, "municipality_name": "São José do Norte", "municipality_state": "RS", "municipality_distance_km": 0.2238, "segment_count": 8, "metrics_index": 49}, "geometry": {"type": "LineString", "coordinates": [[-51.6919, -31.8436], [-51.7347, -31.8657], [-51.7777, -31.8877], [-51.8206, -31.9097], [-51.8635, -31.9317], [-51.8893, -31.9538], [-51.9179, -31.9848], [-51.9466, -32.0159], [-51.9752, -32.0469]]}}, {"type": "Feature", "properties": {"source_grid_index": 46, "source_longitude": -52.0, "source_latitude": -32.2, "nearest_grid_distance_km": 13.4796, "compound_count_annual_mean": 7.43, "mean_overlap_duration": 1.43, "mean_compound_intensity_norm": 0.5424, "Hazard_Index": 0.7739, "Hazard_Frequency": 0.7045, "Hazard_Severity": 0.728, "Hazard_Index_raw": 0.7162, "municipality_name": "São José do Norte", "municipality_state": "RS", "municipality_distance_km": 0.6635, "segment_count": 13, "metrics_index": 46}, "geometry": {"type": "LineString", "coordinates": [[-51.9752, -32.0469], [-52.0039, -32.078], [-52.0326, -32.109], [-52.0506, -32.1357], [-52.0686, -32.1624], [-52.0774, -32.1673], [-52.0845, -32.1469], [-52.0769, -32.1238], [-52.0531, -32.0878], [-52.0467, -32.0743], [-52.0389, -32.0519], [-52.0358, -32.0279], [-52.0429, -32.0095], [-52.0566, -31.9884]]}}, {"type": "Feature", "properties": {"source_grid_index": 49, "source_longitude": -51.8, "source_latitude": -32.0, "nearest_grid_distance_km": 23.6532, "compound_count_annual_mean": 8.12, "mean_overlap_duration": 1.42, "mean_compound_intensity_norm": 0.4999, "Hazard_Index": 0.7767, "Hazard_Frequency": 0.7731, "Hazard_Severity": 0.6644, "Hazard_Index_raw": 0.7188, "municipality_name": "São José do Norte", "municipality_state": "RS", "municipality_distance_km": 0.0, "segment_count": 18, "metrics_index": 49}, "geometry": {"type": "LineString", "coordinates": [[-52.0566, -31.9884], [-52.045, -31.9768], [-52.0247, -31.967], [-52.0122, -31.9506], [-52.0259, -31.9197], [-52.0569, -31.8891], [-52.088, -31.8586], [-52.0873, -31.8278], [-52.0485, -31.8083], [-52.0018, -31.8215], [-51.9623, -31.8452], [-51.9228, -31.8687], [-51.88, -31.8713], [-51.8363, -31.8549], [-51.8137, -31.8284], [-51.8341, -31.8005], [-51.786, -31.7921], [-51.7437, -31.7949], [-51.7045, -31.7927]]}}, {"type": "Feature", "properties": {"source_grid_index": 50, "source_longitude": -51.6, "source_latitude": -32.0, "nearest_grid_distance_km": 25.581, "compound_count_annual_mean": 7.61, "mean_overlap_duration": 1.53, "mean_compound_intensity_norm": 0.5152, "Hazard_Index": 0.7911, "Hazard_Frequency": 0.7224, "Hazard_Severity": 0.7413, "Hazard_Index_raw": 0.7319, "municipality_name": "São José do Norte", "municipality_state": "RS", "municipality_distance_km": 0.0, "segment_count": 1, "metrics_index": 50}, "geometry": {"type": "LineString", "coordinates": [[-51.7045, -31.7927], [-51.6662, -31.7697]]}}, {"type": "Feature", "properties": {"source_grid_index": 53, "source_longitude": -51.4, "source_latitude": -31.8, "nearest_grid_distance_km": 23.0398, "compound_count_annual_mean": 7.73, "mean_overlap_duration": 1.53, "mean_compound_intensity_norm": 0.5097, "Hazard_Index": 0.7886, "Hazard_Frequency": 0.7343, "Hazard_Severity": 0.7248, "Hazard_Index_raw": 0.7296, "municipality_name": "São José do Norte", "municipality_state": "RS", "municipality_distance_km": 0.3866, "segment_count": 12, "metrics_index": 53}, "geometry": {"type": "LineString", "coordinates": [[-51.6662, -31.7697], [-51.6397, -31.7442], [-51.6132, -31.7187], [-51.5867, -31.6931], [-51.5602, -31.6676], [-51.5454, -31.6397], [-51.5126, -31.616], [-51.5051, -31.5981], [-51.4987, -31.5749], [-51.4841, -31.5829], [-51.4573, -31.6155], [-51.4476, -31.6127], [-51.451, -31.5953]]}}, {"type": "Feature", "properties": {"source_grid_index": 56, "source_longitude": -51.2, "source_latitude": -31.6, "nearest_grid_distance_km": 20.529, "compound_count_annual_mean": 7.55, "mean_overlap_duration": 1.53, "mean_compound_intensity_norm": 0.4902, "Hazard_Index": 0.7648, "Hazard_Frequency": 0.7164, "Hazard_Severity": 0.6994, "Hazard_Index_raw": 0.7079, "municipality_name": "São José do Norte", "municipality_state": "RS", "municipality_distance_km": 0.0, "segment_count": 12, "metrics_index": 56}, "geometry": {"type": "LineString", "coordinates": [[-51.451, -31.5953], [-51.4635, -31.5572], [-51.4591, -31.5393], [-51.4484, -31.5169], [-51.435, -31.4965], [-51.4225, -31.4851], [-51.4135, -31.5178], [-51.3778, -31.527], [-51.3345, -31.5192], [-51.303, -31.5022], [-51.2878, -31.49], [-51.2567, -31.4726], [-51.245, -31.464]]}}, {"type": "Feature", "properties": {"source_grid_index": 56, "source_longitude": -51.2, "source_latitude": -31.6, "nearest_grid_distance_km": 24.1561, "compound_count_annual_mean": 7.55, "mean_overlap_duration": 1.53, "mean_compound_intensity_norm": 0.4902, "Hazard_Index": 0.7648, "Hazard_Frequency": 0.7164, "Hazard_Severity": 0.6994, "Hazard_Index_raw": 0.7079, "municipality_name": "Tavares", "municipality_state": "RS", "municipality_distance_km": 0.2261, "segment_count": 6, "metrics_index": 56}, "geometry": {"type": "LineString", "coordinates": [[-51.245, -31.464], [-51.2276, -31.4401], [-51.2103, -31.4162], [-51.1949, -31.3876], [-51.1796, -31.359], [-51.1691, -31.3227], [-51.1586, -31.2864]]}}, {"type": "Feature", "properties": {"source_grid_index": 61, "source_longitude": -50.8, "source_latitude": -31.2, "nearest_grid_distance_km": 34.9967, "compound_count_annual_mean": 6.94, "mean_overlap_duration": 1.52, "mean_compound_intensity_norm": 0.4924, "Hazard_Index": 0.7246, "Hazard_Frequency": 0.6567, "Hazard_Severity": 0.6857, "Hazard_Index_raw": 0.6712, "municipality_name": "Tavares", "municipality_state": "RS", "municipality_distance_km": 0.0336, "segment_count": 5, "metrics_index": 61}, "geometry": {"type": "LineString", "coordinates": [[-51.1586, -31.2864], [-51.1567, -31.2492], [-51.1548, -31.2121], [-51.1655, -31.1807], [-51.1761, -31.1493], [-51.1702, -31.1353]]}}, {"type": "Feature", "properties": {"source_grid_index": 61, "source_longitude": -50.8, "source_latitude": -31.2, "nearest_grid_distance_km": 25.4664, "compound_count_annual_mean": 6.94, "mean_overlap_duration": 1.52, "mean_compound_intensity_norm": 0.4924, "Hazard_Index": 0.7246, "Hazard_Frequency": 0.6567, "Hazard_Severity": 0.6857, "Hazard_Index_raw": 0.6712, "municipality_name": "Mostardas", "municipality_state": "RS", "municipality_distance_km": 0.0, "segment_count": 32, "metrics_index": 61}, "geometry": {"type": "LineString", "coordinates": [[-51.1702, -31.1353], [-51.1628, -31.093], [-51.1619, -31.0777], [-51.1534, -31.0672], [-51.1339, -31.0696], [-51.0973, -31.081], [-51.078, -31.0779], [-51.0478, -31.0641], [-51.0328, -31.0606], [-51.014, -31.0628], [-51.0064, -31.0705], [-51.0061, -31.0973], [-51.0058, -31.1242], [-51.0032, -31.1329], [-50.9943, -31.1363], [-50.9835, -31.135], [-50.9759, -31.131], [-50.9715, -31.1233], [-50.97, -31.1117], [-50.9647, -31.1013], [-50.9529, -31.0955], [-50.9411, -31.0919], [-50.9359, -31.0878], [-50.9399, -31.0764], [-50.9487, -31.0748], [-50.9596, -31.0763], [-50.97, -31.0743], [-50.9877, -31.0456], [-50.9774, -31.009], [-50.9601, -30.967], [-50.9564, -30.9228], [-50.9718, -30.9041], [-50.9784, -30.8933]]}}, {"type": "Feature", "properties": {"source_grid_index": 64, "source_longitude": -50.6, "source_latitude": -31.0, "nearest_grid_distance_km": 30.893, "compound_count_annual_mean": 6.24, "mean_overlap_duration": 1.52, "mean_compound_intensity_norm": 0.4567, "Hazard_Index": 0.6563, "Hazard_Frequency": 0.5881, "Hazard_Severity": 0.6298, "Hazard_Index_raw": 0.6089, "municipality_name": "Mostardas", "municipality_state": "RS", "municipality_distance_km": 1.0581, "segment_count": 13, "metrics_index": 64}, "geometry": {"type": "LineString", "coordinates": [[-50.9784, -30.8933], [-50.9737, -30.8886], [-50.963, -30.8898], [-50.9501, -30.895], [-50.9393, -30.8961], [-50.9139, -30.8933], [-50.8954, -30.8858], [-50.8575, -30.8586], [-50.8196, -30.8313], [-50.7797, -30.8238], [-50.7601, -30.8151], [-50.7439, -30.8039], [-50.7311, -30.7924], [-50.7118, -30.7595]]}}, {"type": "Feature", "properties": {"source_grid_index": 67, "source_longitude": -50.4, "source_latitude": -30.8, "nearest_grid_distance_km": 29.6236, "compound_count_annual_mean": 6.55, "mean_overlap_duration": 1.56, "mean_compound_intensity_norm": 0.4509, "Hazard_Index": 0.6791, "Hazard_Frequency": 0.6179, "Hazard_Severity": 0.6416, "Hazard_Index_raw": 0.6297, "municipality_name": "Mostardas", "municipality_state": "RS", "municipality_distance_km": 0.0646, "segment_count": 2, "metrics_index": 67}, "geometry": {"type": "LineString", "coordinates": [[-50.7118, -30.7595], [-50.6926, -30.7265], [-50.686, -30.6841]]}}, {"type": "Feature", "properties": {"source_grid_index": 69, "source_longitude": -50.4, "source_latitude": -30.6, "nearest_grid_distance_km": 27.6929, "compound_count_annual_mean": 3.91, "mean_overlap_duration": 1.42, "mean_compound_intensity_norm": 0.4243, "Hazard_Index": 0.472, "Hazard_Frequency": 0.3582, "Hazard_Severity": 0.5235, "Hazard_Index_raw": 0.4408, "municipality_name": "Mostardas", "municipality_state": "RS", "municipality_distance_km": 0.0, "segment_count": 4, "metrics_index": 69}, "geometry": {"type": "LineString", "coordinates": [[-50.686, -30.6841], [-50.6794, -30.6417], [-50.682, -30.5973], [-50.6845, -30.5529], [-50.687, -30.5085]]}}, {"type": "Feature", "properties": {"source_grid_index": 69, "source_longitude": -50.4, "source_latitude": -30.6, "nearest_grid_distance_km": 31.9185, "compound_count_annual_mean": 3.91, "mean_overlap_duration": 1.42, "mean_compound_intensity_norm": 0.4243, "Hazard_Index": 0.472, "Hazard_Frequency": 0.3582, "Hazard_Severity": 0.5235, "Hazard_Index_raw": 0.4408, "municipality_name": "Palmares do Sul", "municipality_state": "RS", "municipality_distance_km": 0.0, "segment_count": 27, "metrics_index": 69}, "geometry": {"type": "LineString", "coordinates": [[-50.687, -30.5085], [-50.6895, -30.464], [-50.6947, -30.4461], [-50.7134, -30.4084], [-50.7211, -30.3791], [-50.7266, -30.3704], [-50.7257, -30.3631], [-50.71, -30.3542], [-50.6972, -30.3508], [-50.6899, -30.3532], [-50.6759, -30.3679], [-50.6451, -30.3922], [-50.6426, -30.3984], [-50.6463, -30.4046], [-50.6518, -30.4114], [-50.6547, -30.4194], [-50.6499, -30.4386], [-50.6381, -30.4572], [-50.6226, -30.4737], [-50.6075, -30.4851], [-50.5722, -30.4611], [-50.565, -30.4501], [-50.5667, -30.4343], [-50.5728, -30.4094], [-50.5687, -30.3976], [-50.5552, -30.3788], [-50.5462, -30.3496], [-50.5373, -30.3204]]}}, {"type": "Feature", "properties": {"source_grid_index": 72, "source_longitude": -50.2, "source_latitude": -30.4, "nearest_grid_distance_km": 43.2831, "compound_count_annual_mean": 4.76, "mean_overlap_duration": 1.48, "mean_compound_intensity_norm": 0.4184, "Hazard_Index": 0.5311, "Hazard_Frequency": 0.4418, "Hazard_Severity": 0.5478, "Hazard_Index_raw": 0.4948, "municipality_name": "Palmares do Sul", "municipality_state": "RS", "municipality_distance_km": 0.0, "segment_count": 13, "metrics_index": 72}, "geometry": {"type": "LineString", "coordinates": [[-50.5373, -30.3204], [-50.5368, -30.294], [-50.5399, -30.2675], [-50.5455, -30.2512], [-50.5834, -30.232], [-50.5877, -30.2268], [-50.5984, -30.2024], [-50.6039, -30.1938], [-50.6148, -30.1862], [-50.6256, -30.1834], [-50.6366, -30.185], [-50.6485, -30.1904], [-50.6725, -30.2171], [-50.6759, -30.2177]]}}, {"type": "Feature", "properties": {"source_grid_index": 69, "source_longitude": -50.4, "source_latitude": -30.6, "nearest_grid_distance_km": 53.384, "compound_count_annual_mean": 3.91, "mean_overlap_duration": 1.42, "mean_compound_intensity_norm": 0.4243, "Hazard_Index": 0.472, "Hazard_Frequency": 0.3582, "Hazard_Severity": 0.5235, "Hazard_Index_raw": 0.4408, "municipality_name": "Palmares do Sul", "municipality_state": "RS", "municipality_distance_km": 12.5886, "segment_count": 32, "metrics_index": 69}, "geometry": {"type": "LineString", "coordinates": [[-50.6759, -30.2177], [-50.6783, -30.2282], [-50.6762, -30.2316], [-50.6696, -30.234], [-50.6584, -30.2415], [-50.6534, -30.2516], [-50.6553, -30.2617], [-50.6622, -30.2755], [-50.672, -30.289], [-50.6952, -30.2944], [-50.7281, -30.2929], [-50.7611, -30.2914], [-50.7791, -30.2932], [-50.7935, -30.3025], [-50.7994, -30.3235], [-50.8283, -30.3203], [-50.8572, -30.3171], [-50.8744, -30.3201], [-50.8975, -30.3105], [-50.913, -30.3167], [-50.9229, -30.3332], [-50.9291, -30.3542], [-50.9329, -30.3806], [-50.9303, -30.3986], [-50.9154, -30.4362], [-50.9364, -30.4316], [-50.9604, -30.4134], [-50.9844, -30.3952], [-51.0039, -30.3881], [-51.0215, -30.3837], [-51.0341, -30.3757], [-51.0389, -30.3576], [-51.0401, -30.3454]]}}, {"type": "Feature", "properties": {"source_grid_index": 69, "source_longitude": -50.4, "source_latitude": -30.6, "nearest_grid_distance_km": 68.0176, "compound_count_annual_mean": 3.91, "mean_overlap_duration": 1.42, "mean_compound_intensity_norm": 0.4243, "Hazard_Index": 0.472, "Hazard_Frequency": 0.3582, "Hazard_Severity": 0.5235, "Hazard_Index_raw": 0.4408, "municipality_name": "Palmares do Sul", "municipality_state": "RS", "municipality_distance_km": 29.9329, "segment_count": 8, "metrics_index": 69}, "geometry": {"type": "LineString", "coordinates": [[-51.0397, -30.3418], [-51.0387, -30.339], [-51.0328, -30.3269], [-51.0263, -30.3178], [-51.0194, -30.3113], [-51.0139, -30.3049], [-51.0116, -30.2962], [-51.0148, -30.2786], [-51.0197, -30.2698]]}}, {"type": "Feature", "properties": {"source_grid_index": 61, "source_longitude": -50.8, "source_latitude": -31.2, "nearest_grid_distance_km": 65.4242, "compound_count_annual_mean": 6.94, "mean_overlap_duration": 1.52, "mean_compound_intensity_norm": 0.4924, "Hazard_Index": 0.7246, "Hazard_Frequency": 0.6567, "Hazard_Severity": 0.6857, "Hazard_Index_raw": 0.6712, "municipality_name": "Mostardas", "municipality_state": "RS", "municipality_distance_km": 29.7754, "segment_count": 4, "metrics_index": 61}, "geometry": {"type": "LineString", "coordinates": [[-51.3619, -30.8504], [-51.3611, -30.8546], [-51.3619, -30.8792], [-51.3707, -30.8865], [-51.4028, -30.8834]]}}, {"type": "Feature", "properties": {"source_grid_index": 61, "source_longitude": -50.8, "source_latitude": -31.2, "nearest_grid_distance_km": 67.0791, "compound_count_annual_mean": 6.94, "mean_overlap_duration": 1.52, "mean_compound_intensity_norm": 0.4924, "Hazard_Index": 0.7246, "Hazard_Frequency": 0.6567, "Hazard_Severity": 0.6857, "Hazard_Index_raw": 0.6712, "municipality_name": "Mostardas", "municipality_state": "RS", "municipality_distance_km": 29.0341, "segment_count": 1, "metrics_index": 61}, "geometry": {"type": "LineString", "coordinates": [[-51.4826, -31.0178], [-51.4708, -31.0533]]}}, {"type": "Feature", "properties": {"source_grid_index": 56, "source_longitude": -51.2, "source_latitude": -31.6, "nearest_grid_distance_km": 62.815, "compound_count_annual_mean": 7.55, "mean_overlap_duration": 1.53, "mean_compound_intensity_norm": 0.4902, "Hazard_Index": 0.7648, "Hazard_Frequency": 0.7164, "Hazard_Severity": 0.6994, "Hazard_Index_raw": 0.7079, "municipality_name": "Mostardas", "municipality_state": "RS", "municipality_distance_km": 26.6638, "segment_count": 3, "metrics_index": 56}, "geometry": {"type": "LineString", "coordinates": [[-51.4708, -31.0533], [-51.443, -31.081], [-51.4685, -31.0888], [-51.494, -31.0965]]}}, {"type": "Feature", "properties": {"source_grid_index": 49, "source_longitude": -51.8, "source_latitude": -32.0, "nearest_grid_distance_km": 49.9613, "compound_count_annual_mean": 8.12, "mean_overlap_duration": 1.42, "mean_compound_intensity_norm": 0.4999, "Hazard_Index": 0.7767, "Hazard_Frequency": 0.7731, "Hazard_Severity": 0.6644, "Hazard_Index_raw": 0.7188, "municipality_name": "São José do Norte", "municipality_state": "RS", "municipality_distance_km": 29.6451, "segment_count": 31, "metrics_index": 49}, "geometry": {"type": "LineString", "coordinates": [[-52.0048, -31.5335], [-52.0048, -31.5397], [-52.0008, -31.5512], [-51.9884, -31.5654], [-51.9849, -31.5739], [-51.9932, -31.5991], [-52.0015, -31.6243], [-52.0048, -31.6397], [-52.0079, -31.6462], [-52.0149, -31.6375], [-52.0259, -31.6155], [-52.0302, -31.5891], [-52.0326, -31.5813], [-52.0402, -31.5702], [-52.046, -31.5663], [-52.0527, -31.5641], [-52.0631, -31.5572], [-52.0732, -31.5543], [-52.0833, -31.5587], [-52.0911, -31.5676], [-52.0941, -31.5776], [-52.09, -31.6061], [-52.0791, -31.61], [-52.0638, -31.6052], [-52.0463, -31.6081], [-52.0412, -31.6227], [-52.0491, -31.644], [-52.0633, -31.6655], [-52.0774, -31.6806], [-52.0958, -31.6911], [-52.1317, -31.7032], [-52.1677, -31.7152]]}}, {"type": "Feature", "properties": {"source_grid_index": 49, "source_longitude": -51.8, "source_latitude": -32.0, "nearest_grid_distance_km": 46.0157, "compound_count_annual_mean": 8.12, "mean_overlap_duration": 1.42, "mean_compound_intensity_norm": 0.4999, "Hazard_Index": 0.7767, "Hazard_Frequency": 0.7731, "Hazard_Severity": 0.6644, "Hazard_Index_raw": 0.7188, "municipality_name": "Rio Grande", "municipality_state": "RS", "municipality_distance_km": 8.3174, "segment_count": 11, "metrics_index": 49}, "geometry": {"type": "LineString", "coordinates": [[-52.1677, -31.7152], [-52.2037, -31.7273], [-52.2186, -31.7407], [-52.2245, -31.7625], [-52.2222, -31.7743], [-52.2124, -31.7941], [-52.2102, -31.8005], [-52.213, -31.8093], [-52.2191, -31.818], [-52.2242, -31.8282], [-52.2245, -31.8414], [-52.2456, -31.841]]}}, {"type": "Feature", "properties": {"source_grid_index": 46, "source_longitude": -52.0, "source_latitude": -32.2, "nearest_grid_distance_km": 43.3565, "compound_count_annual_mean": 7.43, "mean_overlap_duration": 1.43, "mean_compound_intensity_norm": 0.5424, "Hazard_Index": 0.7739, "Hazard_Frequency": 0.7045, "Hazard_Severity": 0.728, "Hazard_Index_raw": 0.7162, "municipality_name": "Rio Grande", "municipality_state": "RS", "municipality_distance_km": 0.8821, "segment_count": 3, "metrics_index": 46}, "geometry": {"type": "LineString", "coordinates": [[-52.2456, -31.841], [-52.2484, -31.862], [-52.2357, -31.8797], [-52.2102, -31.8687]]}}, {"type": "Feature", "properties": {"source_grid_index": 49, "source_longitude": -51.8, "source_latitude": -32.0, "nearest_grid_distance_km": 39.8915, "compound_count_annual_mean": 8.12, "mean_overlap_duration": 1.42, "mean_compound_intensity_norm": 0.4999, "Hazard_Index": 0.7767, "Hazard_Frequency": 0.7731, "Hazard_Severity": 0.6644, "Hazard_Index_raw": 0.7188, "municipality_name": "Rio Grande", "municipality_state": "RS", "municipality_distance_km": 1.0065, "segment_count": 1, "metrics_index": 49}, "geometry": {"type": "LineString", "coordinates": [[-52.2102, -31.8687], [-52.1867, -31.8948]]}}, {"type": "Feature", "properties": {"source_grid_index": 46, "source_longitude": -52.0, "source_latitude": -32.2, "nearest_grid_distance_km": 37.5621, "compound_count_annual_mean": 7.43, "mean_overlap_duration": 1.43, "mean_compound_intensity_norm": 0.5424, "Hazard_Index": 0.7739, "Hazard_Frequency": 0.7045, "Hazard_Severity": 0.728, "Hazard_Index_raw": 0.7162, "municipality_name": "Rio Grande", "municipality_state": "RS", "municipality_distance_km": 0.5429, "segment_count": 2, "metrics_index": 46}, "geometry": {"type": "LineString", "coordinates": [[-52.1867, -31.8948], [-52.1835, -31.9001], [-52.1789, -31.9028]]}}, {"type": "Feature", "properties": {"source_grid_index": 49, "source_longitude": -51.8, "source_latitude": -32.0, "nearest_grid_distance_km": 34.2687, "compound_count_annual_mean": 8.12, "mean_overlap_duration": 1.42, "mean_compound_intensity_norm": 0.4999, "Hazard_Index": 0.7767, "Hazard_Frequency": 0.7731, "Hazard_Severity": 0.6644, "Hazard_Index_raw": 0.7188, "municipality_name": "Rio Grande", "municipality_state": "RS", "municipality_distance_km": 0.5351, "segment_count": 5, "metrics_index": 49}, "geometry": {"type": "LineString", "coordinates": [[-52.1789, -31.9028], [-52.1568, -31.9069], [-52.1493, -31.9098], [-52.1424, -31.9155], [-52.1361, -31.9225], [-52.1339, -31.9308]]}}, {"type": "Feature", "properties": {"source_grid_index": 46, "source_longitude": -52.0, "source_latitude": -32.2, "nearest_grid_distance_km": 24.1396, "compound_count_annual_mean": 7.43, "mean_overlap_duration": 1.43, "mean_compound_intensity_norm": 0.5424, "Hazard_Index": 0.7739, "Hazard_Frequency": 0.7045, "Hazard_Severity": 0.728, "Hazard_Index_raw": 0.7162, "municipality_name": "Rio Grande", "municipality_state": "RS", "municipality_distance_km": 0.0, "segment_count": 36, "metrics_index": 46}, "geometry": {"type": "LineString", "coordinates": [[-52.1339, -31.9308], [-52.1391, -31.9405], [-52.147, -31.9418], [-52.1698, -31.9365], [-52.18, -31.9405], [-52.1973, -31.95], [-52.219, -31.9572], [-52.2377, -31.9664], [-52.2456, -31.982], [-52.2481, -32.0191], [-52.2521, -32.0382], [-52.2586, -32.0536], [-52.2292, -32.0507], [-52.2112, -32.0567], [-52.2117, -32.068], [-52.2381, -32.081], [-52.214, -32.0861], [-52.1821, -32.079], [-52.1544, -32.0651], [-52.1425, -32.0502], [-52.1371, -32.0378], [-52.1241, -32.0295], [-52.1082, -32.0256], [-52.0941, -32.0265], [-52.0814, -32.032], [-52.0815, -32.0377], [-52.0978, -32.0502], [-52.1226, -32.0641], [-52.1475, -32.0779], [-52.1689, -32.1007], [-52.1562, -32.1227], [-52.1397, -32.1191], [-52.1213, -32.0994], [-52.1029, -32.0797], [-52.0873, -32.0673], [-52.1006, -32.1062], [-52.1016, -32.1227]]}}, {"type": "Feature", "properties": {"source_grid_index": 46, "source_longitude": -52.0, "source_latitude": -32.2, "nearest_grid_distance_km": 11.3795, "compound_count_annual_mean": 7.43, "mean_overlap_duration": 1.43, "mean_compound_intensity_norm": 0.5424, "Hazard_Index": 0.7739, "Hazard_Frequency": 0.7045, "Hazard_Severity": 0.728, "Hazard_Index_raw": 0.7162, "municipality_name": "São José do Norte", "municipality_state": "RS", "municipality_distance_km": 0.4877, "segment_count": 1, "metrics_index": 46}, "geometry": {"type": "LineString", "coordinates": [[-52.1016, -32.1227], [-52.0912, -32.1539]]}}, {"type": "Feature", "properties": {"source_grid_index": 46, "source_longitude": -52.0, "source_latitude": -32.2, "nearest_grid_distance_km": 12.7393, "compound_count_annual_mean": 7.43, "mean_overlap_duration": 1.43, "mean_compound_intensity_norm": 0.5424, "Hazard_Index": 0.7739, "Hazard_Frequency": 0.7045, "Hazard_Severity": 0.728, "Hazard_Index_raw": 0.7162, "municipality_name": "Rio Grande", "municipality_state": "RS", "municipality_distance_km": 0.5977, "segment_count": 4, "metrics_index": 46}, "geometry": {"type": "LineString", "coordinates": [[-52.0912, -32.1539], [-52.0912, -32.1661], [-52.1274, -32.1775], [-52.1611, -32.202], [-52.1949, -32.2266]]}}, {"type": "Feature", "properties": {"source_grid_index": 43, "source_longitude": -52.2, "source_latitude": -32.4, "nearest_grid_distance_km": 13.8422, "compound_count_annual_mean": 5.46, "mean_overlap_duration": 1.4, "mean_compound_intensity_norm": 0.5423, "Hazard_Index": 0.6527, "Hazard_Frequency": 0.5104, "Hazard_Severity": 0.7009, "Hazard_Index_raw": 0.6057, "municipality_name": "Rio Grande", "municipality_state": "RS", "municipality_distance_km": 0.0, "segment_count": 8, "metrics_index": 43}, "geometry": {"type": "LineString", "coordinates": [[-52.1949, -32.2266], [-52.2286, -32.2511], [-52.2534, -32.2825], [-52.2737, -32.3185], [-52.294, -32.3546], [-52.3143, -32.3906], [-52.3346, -32.4266], [-52.355, -32.4627], [-52.3753, -32.4987]]}}, {"type": "Feature", "properties": {"source_grid_index": 41, "source_longitude": -52.2, "source_latitude": -32.6, "nearest_grid_distance_km": 19.366, "compound_count_annual_mean": 5.64, "mean_overlap_duration": 1.42, "mean_compound_intensity_norm": 0.5432, "Hazard_Index": 0.6689, "Hazard_Frequency": 0.5284, "Hazard_Severity": 0.7126, "Hazard_Index_raw": 0.6205, "municipality_name": "Rio Grande", "municipality_state": "RS", "municipality_distance_km": 0.0764, "segment_count": 3, "metrics_index": 41}, "geometry": {"type": "LineString", "coordinates": [[-52.3753, -32.4987], [-52.3889, -32.5362], [-52.4024, -32.5736], [-52.416, -32.6111]]}}, {"type": "Feature", "properties": {"source_grid_index": 38, "source_longitude": -52.4, "source_latitude": -32.8, "nearest_grid_distance_km": 11.8328, "compound_count_annual_mean": 5.94, "mean_overlap_duration": 1.4, "mean_compound_intensity_norm": 0.5493, "Hazard_Index": 0.6884, "Hazard_Frequency": 0.5582, "Hazard_Severity": 0.7183, "Hazard_Index_raw": 0.6383, "municipality_name": "Santa Vitória do Palmar", "municipality_state": "RS", "municipality_distance_km": 0.0359, "segment_count": 8, "metrics_index": 38}, "geometry": {"type": "LineString", "coordinates": [[-52.416, -32.6111], [-52.4296, -32.6485], [-52.4432, -32.686], [-52.4524, -32.7243], [-52.4616, -32.7626], [-52.4709, -32.801], [-52.4897, -32.8386], [-52.5085, -32.8762], [-52.5273, -32.9139]]}}, {"type": "Feature", "properties": {"source_grid_index": 36, "source_longitude": -52.4, "source_latitude": -33.0, "nearest_grid_distance_km": 15.3468, "compound_count_annual_mean": 6.88, "mean_overlap_duration": 1.46, "mean_compound_intensity_norm": 0.5464, "Hazard_Index": 0.7588, "Hazard_Frequency": 0.6507, "Hazard_Severity": 0.754, "Hazard_Index_raw": 0.7024, "municipality_name": "Santa Vitória do Palmar", "municipality_state": "RS", "municipality_distance_km": 0.0, "segment_count": 3, "metrics_index": 36}, "geometry": {"type": "LineString", "coordinates": [[-52.5273, -32.9139], [-52.5462, -32.9515], [-52.565, -32.9891], [-52.5839, -33.0267]]}}, {"type": "Feature", "properties": {"source_grid_index": 33, "source_longitude": -52.6, "source_latitude": -33.2, "nearest_grid_distance_km": 11.1564, "compound_count_annual_mean": 8.12, "mean_overlap_duration": 1.48, "mean_compound_intensity_norm": 0.5714, "Hazard_Index": 0.8571, "Hazard_Frequency": 0.7731, "Hazard_Severity": 0.811, "Hazard_Index_raw": 0.7921, "municipality_name": "Santa Vitória do Palmar", "municipality_state": "RS", "municipality_distance_km": 0.0, "segment_count": 7, "metrics_index": 33}, "geometry": {"type": "LineString", "coordinates": [[-52.5839, -33.0267], [-52.6028, -33.0644], [-52.6217, -33.102], [-52.6449, -33.137], [-52.6697, -33.165], [-52.6944, -33.1931], [-52.7192, -33.2212], [-52.744, -33.2492]]}}, {"type": "Feature", "properties": {"source_grid_index": 30, "source_longitude": -52.8, "source_latitude": -33.4, "nearest_grid_distance_km": 11.6923, "compound_count_annual_mean": 8.91, "mean_overlap_duration": 1.53, "mean_compound_intensity_norm": 0.5934, "Hazard_Index": 0.9353, "Hazard_Frequency": 0.8507, "Hazard_Severity": 0.8761, "Hazard_Index_raw": 0.8634, "municipality_name": "Santa Vitória do Palmar", "municipality_state": "RS", "municipality_distance_km": 0.0, "segment_count": 8, "metrics_index": 30}, "geometry": {"type": "LineString", "coordinates": [[-52.744, -33.2492], [-52.7692, -33.2736], [-52.7943, -33.2981], [-52.8195, -33.3225], [-52.8533, -33.3494], [-52.8871, -33.3762], [-52.9209, -33.403], [-52.955, -33.4279], [-52.9891, -33.4527]]}}, {"type": "Feature", "properties": {"source_grid_index": 27, "source_longitude": -53.0, "source_latitude": -33.6, "nearest_grid_distance_km": 13.5718, "compound_count_annual_mean": 9.03, "mean_overlap_duration": 1.53, "mean_compound_intensity_norm": 0.5757, "Hazard_Index": 0.9226, "Hazard_Frequency": 0.8627, "Hazard_Severity": 0.8409, "Hazard_Index_raw": 0.8518, "municipality_name": "Santa Vitória do Palmar", "municipality_state": "RS", "municipality_distance_km": 0.0, "segment_count": 6, "metrics_index": 27}, "geometry": {"type": "LineString", "coordinates": [[-52.9891, -33.4527], [-53.0233, -33.4776], [-53.0575, -33.5024], [-53.0917, -33.5273], [-53.1259, -33.5581], [-53.1601, -33.5889], [-53.1944, -33.6197]]}}, {"type": "Feature", "properties": {"source_grid_index": 24, "source_longitude": -53.2, "source_latitude": -33.8, "nearest_grid_distance_km": 16.377, "compound_count_annual_mean": 8.43, "mean_overlap_duration": 1.53, "mean_compound_intensity_norm": 0.6065, "Hazard_Index": 0.9231, "Hazard_Frequency": 0.803, "Hazard_Severity": 0.9015, "Hazard_Index_raw": 0.8522, "municipality_name": "Santa Vitória do Palmar", "municipality_state": "RS", "municipality_distance_km": 0.2309, "segment_count": 3, "metrics_index": 24}, "geometry": {"type": "LineString", "coordinates": [[-53.1944, -33.6197], [-53.2304, -33.6482], [-53.2663, -33.6767], [-53.3038, -33.698]]}}, {"type": "Feature", "properties": {"source_grid_index": 23, "source_longitude": -53.4, "source_latitude": -33.8, "nearest_grid_distance_km": 7.4873, "compound_count_annual_mean": 7.82, "mean_overlap_duration": 1.41, "mean_compound_intensity_norm": 0.5681, "Hazard_Index": 0.8102, "Hazard_Frequency": 0.7433, "Hazard_Severity": 0.7554, "Hazard_Index_raw": 0.7493, "municipality_name": "Santa Vitória do Palmar", "municipality_state": "RS", "municipality_distance_km": 0.0, "segment_count": 10, "metrics_index": 23}, "geometry": {"type": "LineString", "coordinates": [[-53.3038, -33.698], [-53.3413, -33.7192], [-53.3788, -33.7405], [-53.3791, -33.7407], [-53.3964, -33.7506], [-53.4148, -33.7644], [-53.4328, -33.783], [-53.4509, -33.8015], [-53.4731, -33.8346], [-53.4856, -33.8693], [-53.4955, -33.9108]]}}, {"type": "Feature", "properties": {"source_grid_index": 20, "source_longitude": -53.4, "source_latitude": -34.0, "nearest_grid_distance_km": 11.3914, "compound_count_annual_mean": 7.91, "mean_overlap_duration": 1.51, "mean_compound_intensity_norm": 0.6015, "Hazard_Index": 0.8825, "Hazard_Frequency": 0.7522, "Hazard_Severity": 0.8783, "Hazard_Index_raw": 0.8153, "municipality_name": "Santa Vitória do Palmar", "municipality_state": "RS", "municipality_distance_km": 21.7582, "segment_count": 4, "metrics_index": 20}, "geometry": {"type": "LineString", "coordinates": [[-53.4955, -33.9108], [-53.5055, -33.9523], [-53.5151, -33.9773], [-53.5246, -34.0024], [-53.5247, -34.0031]]}}, {"type": "Feature", "properties": {"source_grid_index": 373, "source_longitude": -38.8, "source_latitude": -13.4, "nearest_grid_distance_km": 23.3722, "compound_count_annual_mean": 1.33, "mean_overlap_duration": 2.93, "mean_compound_intensity_norm": 0.2072, "Hazard_Index": 0.1817, "Hazard_Frequency": 0.1045, "Hazard_Severity": 0.2479, "Hazard_Index_raw": 0.1762, "municipality_name": "Cairu", "municipality_state": "BA", "municipality_distance_km": 0.0, "segment_count": 13, "metrics_index": 373}, "geometry": {"type": "LineString", "coordinates": [[-38.9442, -13.3946], [-38.9656, -13.3979], [-38.9835, -13.3948], [-38.9996, -13.3898], [-39.0155, -13.3871], [-39.0326, -13.3925], [-39.0419, -13.4059], [-39.0426, -13.4239], [-39.0336, -13.4423], [-39.0459, -13.4582], [-39.0268, -13.4723], [-39.0026, -13.4813], [-38.9783, -13.4902], [-38.9678, -13.4983]]}}, {"type": "Feature", "properties": {"source_grid_index": 371, "source_longitude": -38.8, "source_latitude": -13.6, "nearest_grid_distance_km": 16.0219, "compound_count_annual_mean": 1.27, "mean_overlap_duration": 3.17, "mean_compound_intensity_norm": 0.191, "Hazard_Index": 0.1768, "Hazard_Frequency": 0.0985, "Hazard_Severity": 0.2448, "Hazard_Index_raw": 0.1717, "municipality_name": "Cairu", "municipality_state": "BA", "municipality_distance_km": 0.0, "segment_count": 27, "metrics_index": 371}, "geometry": {"type": "LineString", "coordinates": [[-38.9678, -13.4983], [-38.9679, -13.5034], [-38.9732, -13.5085], [-38.9783, -13.5173], [-38.9805, -13.5473], [-38.9838, -13.5582], [-38.9855, -13.5734], [-38.9791, -13.5997], [-38.9575, -13.6323], [-38.9495, -13.658], [-38.9376, -13.656], [-38.9203, -13.6555], [-38.9187, -13.667], [-38.9128, -13.6718], [-38.902, -13.6718], [-38.8933, -13.6393], [-38.896, -13.6304], [-38.9067, -13.6214], [-38.9067, -13.6062], [-38.905, -13.5999], [-38.9147, -13.5925], [-38.9174, -13.581], [-38.932, -13.5683], [-38.9344, -13.5562], [-38.9299, -13.5379], [-38.9238, -13.5231], [-38.9145, -13.5086], [-38.9095, -13.4952]]}}, {"type": "Feature", "properties": {"source_grid_index": 373, "source_longitude": -38.8, "source_latitude": -13.4, "nearest_grid_distance_km": 13.202, "compound_count_annual_mean": 1.33, "mean_overlap_duration": 2.93, "mean_compound_intensity_norm": 0.2072, "Hazard_Index": 0.1817, "Hazard_Frequency": 0.1045, "Hazard_Severity": 0.2479, "Hazard_Index_raw": 0.1762, "municipality_name": "Cairu", "municipality_state": "BA", "municipality_distance_km": 0.103, "segment_count": 7, "metrics_index": 373}, "geometry": {"type": "LineString", "coordinates": [[-38.9095, -13.4952], [-38.9163, -13.484], [-38.8994, -13.4714], [-38.8964, -13.4535], [-38.9013, -13.4212], [-38.9062, -13.3888], [-38.9156, -13.3835], [-38.9442, -13.3946]]}}, {"type": "Feature", "properties": {"source_grid_index": 380, "source_longitude": -38.4, "source_latitude": -13.0, "nearest_grid_distance_km": 25.6221, "compound_count_annual_mean": 1.67, "mean_overlap_duration": 3.69, "mean_compound_intensity_norm": 0.2782, "Hazard_Index": 0.2818, "Hazard_Frequency": 0.1373, "Hazard_Severity": 0.3976, "Hazard_Index_raw": 0.2675, "municipality_name": "Vera Cruz", "municipality_state": "BA", "municipality_distance_km": 2.0136, "segment_count": 1, "metrics_index": 380}, "geometry": {"type": "LineString", "coordinates": [[-38.6146, -12.925], [-38.6223, -12.9054]]}}, {"type": "Feature", "properties": {"source_grid_index": 380, "source_longitude": -38.4, "source_latitude": -13.0, "nearest_grid_distance_km": 31.2686, "compound_count_annual_mean": 1.67, "mean_overlap_duration": 3.69, "mean_compound_intensity_norm": 0.2782, "Hazard_Index": 0.2818, "Hazard_Frequency": 0.1373, "Hazard_Severity": 0.3976, "Hazard_Index_raw": 0.2675, "municipality_name": "Salvador", "municipality_state": "BA", "municipality_distance_km": 2.9758, "segment_count": 4, "metrics_index": 380}, "geometry": {"type": "LineString", "coordinates": [[-38.6223, -12.9054], [-38.6408, -12.8928], [-38.6621, -12.883], [-38.6835, -12.8732], [-38.6971, -12.8805]]}}, {"type": "Feature", "properties": {"source_grid_index": 380, "source_longitude": -38.4, "source_latitude": -13.0, "nearest_grid_distance_km": 31.3417, "compound_count_annual_mean": 1.67, "mean_overlap_duration": 3.69, "mean_compound_intensity_norm": 0.2782, "Hazard_Index": 0.2818, "Hazard_Frequency": 0.1373, "Hazard_Severity": 0.3976, "Hazard_Index_raw": 0.2675, "municipality_name": "Vera Cruz", "municipality_state": "BA", "municipality_distance_km": 4.5241, "segment_count": 8, "metrics_index": 380}, "geometry": {"type": "LineString", "coordinates": [[-38.6971, -12.8805], [-38.6894, -12.8958], [-38.6789, -12.9101], [-38.6706, -12.925], [-38.6693, -12.9421], [-38.6734, -12.94], [-38.6743, -12.9391], [-38.6745, -12.9379], [-38.6767, -12.9352]]}}, {"type": "Feature", "properties": {"source_grid_index": 376, "source_longitude": -38.6, "source_latitude": -13.2, "nearest_grid_distance_km": 23.7655, "compound_count_annual_mean": 1.36, "mean_overlap_duration": 3.56, "mean_compound_intensity_norm": 0.2674, "Hazard_Index": 0.2795, "Hazard_Frequency": 0.1075, "Hazard_Severity": 0.4233, "Hazard_Index_raw": 0.2654, "municipality_name": "Vera Cruz", "municipality_state": "BA", "municipality_distance_km": 0.0, "segment_count": 27, "metrics_index": 376}, "geometry": {"type": "LineString", "coordinates": [[-38.6767, -12.9352], [-38.6828, -12.9445], [-38.6833, -12.95], [-38.6788, -12.9531], [-38.6693, -12.955], [-38.6693, -12.9618], [-38.7006, -12.9898], [-38.7319, -13.0178], [-38.7593, -13.037], [-38.7849, -13.0497], [-38.7912, -13.0584], [-38.7934, -13.0751], [-38.7898, -13.0968], [-38.7863, -13.1184], [-38.7865, -13.1339], [-38.7791, -13.1339], [-38.7759, -13.1266], [-38.7705, -13.121], [-38.7627, -13.1168], [-38.7524, -13.1127], [-38.7374, -13.0899], [-38.7185, -13.0728], [-38.6976, -13.0587], [-38.6767, -13.0445], [-38.6596, -13.0291], [-38.6424, -13.0138], [-38.625, -13.0016], [-38.605, -12.9967]]}}, {"type": "Feature", "properties": {"source_grid_index": 380, "source_longitude": -38.4, "source_latitude": -13.0, "nearest_grid_distance_km": 22.0397, "compound_count_annual_mean": 1.67, "mean_overlap_duration": 3.69, "mean_compound_intensity_norm": 0.2782, "Hazard_Index": 0.2818, "Hazard_Frequency": 0.1373, "Hazard_Severity": 0.3976, "Hazard_Index_raw": 0.2675, "municipality_name": "Vera Cruz", "municipality_state": "BA", "municipality_distance_km": 0.0, "segment_count": 4, "metrics_index": 380}, "geometry": {"type": "LineString", "coordinates": [[-38.605, -12.9967], [-38.5875, -12.9869], [-38.5929, -12.9646], [-38.6038, -12.9448], [-38.6146, -12.925]]}}, {"type": "Feature", "properties": {"source_grid_index": 581, "source_longitude": -44.2, "source_latitude": -2.4, "nearest_grid_distance_km": 63.2942, "compound_count_annual_mean": 1.18, "mean_overlap_duration": 5.87, "mean_compound_intensity_norm": 0.2017, "Hazard_Index": 0.1847, "Hazard_Frequency": 0.0896, "Hazard_Severity": 0.2682, "Hazard_Index_raw": 0.1789, "municipality_name": "Cajapió", "municipality_state": "MA", "municipality_distance_km": 0.0, "segment_count": 20, "metrics_index": 581}, "geometry": {"type": "LineString", "coordinates": [[-44.4978, -2.8068], [-44.4909, -2.784], [-44.484, -2.7612], [-44.4824, -2.7328], [-44.4808, -2.7044], [-44.5037, -2.7161], [-44.5266, -2.7278], [-44.5477, -2.7441], [-44.562, -2.772], [-44.5763, -2.8], [-44.5841, -2.8295], [-44.5857, -2.8459], [-44.5838, -2.8621], [-44.5657, -2.9026], [-44.5633, -2.9199], [-44.5653, -2.9324], [-44.5743, -2.957], [-44.5785, -2.9811], [-44.5839, -2.9904], [-44.5909, -2.9996], [-44.6034, -3.0221]]}}, {"type": "Feature", "properties": {"source_grid_index": 581, "source_longitude": -44.2, "source_latitude": -2.4, "nearest_grid_distance_km": 84.8561, "compound_count_annual_mean": 1.18, "mean_overlap_duration": 5.87, "mean_compound_intensity_norm": 0.2017, "Hazard_Index": 0.1847, "Hazard_Frequency": 0.0896, "Hazard_Severity": 0.2682, "Hazard_Index_raw": 0.1789, "municipality_name": "São João Batista", "municipality_state": "MA", "municipality_distance_km": 1.2877, "segment_count": 10, "metrics_index": 581}, "geometry": {"type": "LineString", "coordinates": [[-44.6034, -3.0221], [-44.6041, -3.026], [-44.6042, -3.0359], [-44.6031, -3.0397], [-44.6007, -3.045], [-44.5985, -3.0517], [-44.598, -3.0602], [-44.5906, -3.0602], [-44.59, -3.0554], [-44.5885, -3.0527], [-44.5838, -3.0465]]}}, {"type": "Feature", "properties": {"source_grid_index": 581, "source_longitude": -44.2, "source_latitude": -2.4, "nearest_grid_distance_km": 65.3504, "compound_count_annual_mean": 1.18, "mean_overlap_duration": 5.87, "mean_compound_intensity_norm": 0.2017, "Hazard_Index": 0.1847, "Hazard_Frequency": 0.0896, "Hazard_Severity": 0.2682, "Hazard_Index_raw": 0.1789, "municipality_name": "Cajapió", "municipality_state": "MA", "municipality_distance_km": 0.1405, "segment_count": 17, "metrics_index": 581}, "geometry": {"type": "LineString", "coordinates": [[-44.5838, -3.0465], [-44.5854, -3.0356], [-44.5573, -3.0029], [-44.5382, -2.97], [-44.5152, -2.9597], [-44.4973, -2.9493], [-44.5057, -2.9151], [-44.5005, -2.9036], [-44.4923, -2.8908], [-44.4881, -2.872], [-44.4845, -2.8326], [-44.4808, -2.7931], [-44.5072, -2.8225], [-44.5149, -2.8342], [-44.5159, -2.8233], [-44.5137, -2.8146], [-44.5078, -2.8089], [-44.4978, -2.8068]]}}, {"type": "Feature", "properties": {"source_grid_index": 568, "source_longitude": -42.0, "source_latitude": -2.6, "nearest_grid_distance_km": 12.9899, "compound_count_annual_mean": 0.64, "mean_overlap_duration": 7.43, "mean_compound_intensity_norm": 0.2112, "Hazard_Index": 0.191, "Hazard_Frequency": 0.0358, "Hazard_Severity": 0.3335, "Hazard_Index_raw": 0.1847, "municipality_name": "Araioses", "municipality_state": "MA", "municipality_distance_km": 1.3389, "segment_count": 6, "metrics_index": 568}, "geometry": {"type": "LineString", "coordinates": [[-42.0414, -2.7044], [-42.0435, -2.707], [-42.0445, -2.7079], [-42.0482, -2.7106], [-42.0593, -2.6952], [-42.0735, -2.6845], [-42.0914, -2.6784]]}}, {"type": "Feature", "properties": {"source_grid_index": 567, "source_longitude": -42.2, "source_latitude": -2.6, "nearest_grid_distance_km": 13.4122, "compound_count_annual_mean": 0.67, "mean_overlap_duration": 6.86, "mean_compound_intensity_norm": 0.2089, "Hazard_Index": 0.1795, "Hazard_Frequency": 0.0388, "Hazard_Severity": 0.3096, "Hazard_Index_raw": 0.1742, "municipality_name": "Araioses", "municipality_state": "MA", "municipality_distance_km": 1.9483, "segment_count": 10, "metrics_index": 567}, "geometry": {"type": "LineString", "coordinates": [[-42.0914, -2.6784], [-42.1311, -2.6757], [-42.1709, -2.6729], [-42.186, -2.6764], [-42.1651, -2.6887], [-42.1442, -2.7009], [-42.1237, -2.7073], [-42.1029, -2.7044], [-42.1088, -2.7161], [-42.1053, -2.7243], [-42.0957, -2.7292]]}}, {"type": "Feature", "properties": {"source_grid_index": 568, "source_longitude": -42.0, "source_latitude": -2.6, "nearest_grid_distance_km": 17.3247, "compound_count_annual_mean": 0.64, "mean_overlap_duration": 7.43, "mean_compound_intensity_norm": 0.2112, "Hazard_Index": 0.191, "Hazard_Frequency": 0.0358, "Hazard_Severity": 0.3335, "Hazard_Index_raw": 0.1847, "municipality_name": "Araioses", "municipality_state": "MA", "municipality_distance_km": 0.0, "segment_count": 16, "metrics_index": 568}, "geometry": {"type": "LineString", "coordinates": [[-42.0957, -2.7292], [-42.0824, -2.7311], [-42.0824, -2.7385], [-42.0889, -2.739], [-42.1029, -2.7448], [-42.095, -2.7535], [-42.0852, -2.7587], [-42.074, -2.7605], [-42.0524, -2.7571], [-42.0435, -2.754], [-42.0353, -2.7498], [-42.0278, -2.7448], [-42.032, -2.7359], [-42.0348, -2.7258], [-42.036, -2.7154], [-42.0353, -2.7044], [-42.0414, -2.7044]]}}, {"type": "Feature", "properties": {"source_grid_index": 599, "source_longitude": -43.6, "source_latitude": -2.2, "nearest_grid_distance_km": 9.7081, "compound_count_annual_mean": 0.94, "mean_overlap_duration": 5.32, "mean_compound_intensity_norm": 0.2206, "Hazard_Index": 0.173, "Hazard_Frequency": 0.0657, "Hazard_Severity": 0.2708, "Hazard_Index_raw": 0.1682, "municipality_name": "Humberto de Campos", "municipality_state": "MA", "municipality_distance_km": 0.0, "segment_count": 5, "metrics_index": 599}, "geometry": {"type": "LineString", "coordinates": [[-43.6273, -2.252], [-43.6388, -2.253], [-43.6561, -2.2577], [-43.6689, -2.2587], [-43.6845, -2.2634], [-43.7016, -2.2747]]}}, {"type": "Feature", "properties": {"source_grid_index": 598, "source_longitude": -43.8, "source_latitude": -2.2, "nearest_grid_distance_km": 22.1482, "compound_count_annual_mean": 1.09, "mean_overlap_duration": 5.33, "mean_compound_intensity_norm": 0.2413, "Hazard_Index": 0.2118, "Hazard_Frequency": 0.0806, "Hazard_Severity": 0.3265, "Hazard_Index_raw": 0.2036, "municipality_name": "Humberto de Campos", "municipality_state": "MA", "municipality_distance_km": 0.1493, "segment_count": 14, "metrics_index": 598}, "geometry": {"type": "LineString", "coordinates": [[-43.7016, -2.2747], [-43.7154, -2.2892], [-43.7272, -2.318], [-43.7366, -2.3341], [-43.734, -2.3544], [-43.7303, -2.3748], [-43.7366, -2.3951], [-43.7433, -2.4029], [-43.7425, -2.4117], [-43.7329, -2.4199], [-43.7248, -2.4221], [-43.7125, -2.4265], [-43.7077, -2.4251], [-43.7044, -2.4154], [-43.7011, -2.4114]]}}, {"type": "Feature", "properties": {"source_grid_index": 599, "source_longitude": -43.6, "source_latitude": -2.2, "nearest_grid_distance_km": 17.9328, "compound_count_annual_mean": 0.94, "mean_overlap_duration": 5.32, "mean_compound_intensity_norm": 0.2206, "Hazard_Index": 0.173, "Hazard_Frequency": 0.0657, "Hazard_Severity": 0.2708, "Hazard_Index_raw": 0.1682, "municipality_name": "Humberto de Campos", "municipality_state": "MA", "municipality_distance_km": 0.0, "segment_count": 17, "metrics_index": 599}, "geometry": {"type": "LineString", "coordinates": [[-43.7011, -2.4114], [-43.6929, -2.4088], [-43.6866, -2.401], [-43.6755, -2.4003], [-43.6559, -2.4003], [-43.6392, -2.4043], [-43.6348, -2.3999], [-43.6359, -2.3929], [-43.6411, -2.3829], [-43.6326, -2.3762], [-43.6307, -2.3596], [-43.6296, -2.333], [-43.6263, -2.3163], [-43.6096, -2.3015], [-43.6, -2.2837], [-43.6041, -2.266], [-43.607, -2.2563], [-43.6273, -2.252]]}}, {"type": "Feature", "properties": {"source_grid_index": 629, "source_longitude": -44.8, "source_latitude": -1.2, "nearest_grid_distance_km": 13.4235, "compound_count_annual_mean": 0.79, "mean_overlap_duration": 8.81, "mean_compound_intensity_norm": 0.3098, "Hazard_Index": 0.2768, "Hazard_Frequency": 0.0507, "Hazard_Severity": 0.4749, "Hazard_Index_raw": 0.2628, "municipality_name": "Cururupu", "municipality_state": "MA", "municipality_distance_km": 0.7614, "segment_count": 1, "metrics_index": 629}, "geometry": {"type": "LineString", "coordinates": [[-44.8922, -1.2719], [-44.9076, -1.2624]]}}, {"type": "Feature", "properties": {"source_grid_index": 628, "source_longitude": -45.0, "source_latitude": -1.2, "nearest_grid_distance_km": 9.9881, "compound_count_annual_mean": 0.76, "mean_overlap_duration": 8.4, "mean_compound_intensity_norm": 0.2887, "Hazard_Index": 0.2304, "Hazard_Frequency": 0.0478, "Hazard_Severity": 0.3934, "Hazard_Index_raw": 0.2206, "municipality_name": "Cururupu", "municipality_state": "MA", "municipality_distance_km": 1.1403, "segment_count": 10, "metrics_index": 628}, "geometry": {"type": "LineString", "coordinates": [[-44.9076, -1.2624], [-44.9157, -1.259], [-44.923, -1.2576], [-44.9314, -1.2613], [-44.9392, -1.2686], [-44.9474, -1.2729], [-44.9744, -1.2603], [-44.9846, -1.27], [-44.99, -1.2848], [-44.9919, -1.2924], [-44.9779, -1.301]]}}, {"type": "Feature", "properties": {"source_grid_index": 620, "source_longitude": -45.0, "source_latitude": -1.4, "nearest_grid_distance_km": 8.7342, "compound_count_annual_mean": 1.49, "mean_overlap_duration": 4.8, "mean_compound_intensity_norm": 0.4585, "Hazard_Index": 0.5662, "Hazard_Frequency": 0.1194, "Hazard_Severity": 0.9342, "Hazard_Index_raw": 0.5268, "municipality_name": "Cururupu", "municipality_state": "MA", "municipality_distance_km": 0.0, "segment_count": 28, "metrics_index": 620}, "geometry": {"type": "LineString", "coordinates": [[-44.9779, -1.301], [-44.9803, -1.3205], [-44.9953, -1.3538], [-44.9939, -1.3386], [-44.9962, -1.3263], [-45.0033, -1.3175], [-45.0157, -1.3122], [-45.022, -1.3234], [-45.0269, -1.3409], [-45.027, -1.3605], [-45.0189, -1.3777], [-45.0017, -1.3898], [-44.9803, -1.3961], [-44.9639, -1.3906], [-44.9612, -1.3674], [-44.952, -1.3717], [-44.9432, -1.3709], [-44.9347, -1.3666], [-44.9264, -1.3606], [-44.9213, -1.3531], [-44.9147, -1.3451], [-44.9069, -1.3381], [-44.8985, -1.3327], [-44.9075, -1.3277], [-44.9141, -1.3217], [-44.9181, -1.3146], [-44.9195, -1.3059], [-44.9107, -1.3093], [-44.9027, -1.3141]]}}, {"type": "Feature", "properties": {"source_grid_index": 621, "source_longitude": -44.8, "source_latitude": -1.4, "nearest_grid_distance_km": 13.5744, "compound_count_annual_mean": 0.94, "mean_overlap_duration": 7.16, "mean_compound_intensity_norm": 0.3529, "Hazard_Index": 0.3933, "Hazard_Frequency": 0.0657, "Hazard_Severity": 0.6725, "Hazard_Index_raw": 0.3691, "municipality_name": "Cururupu", "municipality_state": "MA", "municipality_distance_km": 0.0, "segment_count": 4, "metrics_index": 621}, "geometry": {"type": "LineString", "coordinates": [[-44.9027, -1.3141], [-44.8964, -1.32], [-44.8922, -1.3264], [-44.8854, -1.3264], [-44.8765, -1.2962]]}}, {"type": "Feature", "properties": {"source_grid_index": 629, "source_longitude": -44.8, "source_latitude": -1.2, "nearest_grid_distance_km": 13.1369, "compound_count_annual_mean": 0.79, "mean_overlap_duration": 8.81, "mean_compound_intensity_norm": 0.3098, "Hazard_Index": 0.2768, "Hazard_Frequency": 0.0507, "Hazard_Severity": 0.4749, "Hazard_Index_raw": 0.2628, "municipality_name": "Cururupu", "municipality_state": "MA", "municipality_distance_km": 0.0, "segment_count": 2, "metrics_index": 629}, "geometry": {"type": "LineString", "coordinates": [[-44.8765, -1.2962], [-44.8787, -1.2851], [-44.8922, -1.2719]]}}, {"type": "Feature", "properties": {"source_grid_index": 631, "source_longitude": -48.4, "source_latitude": -1.0, "nearest_grid_distance_km": 10.8242, "compound_count_annual_mean": 1.27, "mean_overlap_duration": 2.36, "mean_compound_intensity_norm": 0.3165, "Hazard_Index": 0.2552, "Hazard_Frequency": 0.0985, "Hazard_Severity": 0.3879, "Hazard_Index_raw": 0.2432, "municipality_name": "Colares", "municipality_state": "PA", "municipality_distance_km": 6.6213, "segment_count": 6, "metrics_index": 631}, "geometry": {"type": "LineString", "coordinates": [[-48.339, -1.0665], [-48.3835, -1.0654], [-48.405, -1.0688], [-48.4215, -1.0795], [-48.4283, -1.1173], [-48.432, -1.1236], [-48.4557, -1.1415]]}}, {"type": "Feature", "properties": {"source_grid_index": 624, "source_longitude": -48.6, "source_latitude": -1.2, "nearest_grid_distance_km": 17.9051, "compound_count_annual_mean": 1.55, "mean_overlap_duration": 2.49, "mean_compound_intensity_norm": 0.2706, "Hazard_Index": 0.2104, "Hazard_Frequency": 0.1254, "Hazard_Severity": 0.2792, "Hazard_Index_raw": 0.2023, "municipality_name": "Colares", "municipality_state": "PA", "municipality_distance_km": 18.5253, "segment_count": 6, "metrics_index": 624}, "geometry": {"type": "LineString", "coordinates": [[-48.4557, -1.1415], [-48.4654, -1.1576], [-48.4621, -1.1645], [-48.4503, -1.1686], [-48.4346, -1.1764], [-48.4143, -1.198], [-48.4023, -1.2029]]}}, {"type": "Feature", "properties": {"source_grid_index": 631, "source_longitude": -48.4, "source_latitude": -1.0, "nearest_grid_distance_km": 20.7361, "compound_count_annual_mean": 1.27, "mean_overlap_duration": 2.36, "mean_compound_intensity_norm": 0.3165, "Hazard_Index": 0.2552, "Hazard_Frequency": 0.0985, "Hazard_Severity": 0.3879, "Hazard_Index_raw": 0.2432, "municipality_name": "Colares", "municipality_state": "PA", "municipality_distance_km": 21.6547, "segment_count": 16, "metrics_index": 631}, "geometry": {"type": "LineString", "coordinates": [[-48.4023, -1.2029], [-48.3935, -1.1894], [-48.3939, -1.1972], [-48.3924, -1.2048], [-48.3881, -1.2116], [-48.3799, -1.2172], [-48.3638, -1.2097], [-48.3487, -1.2087], [-48.3341, -1.205], [-48.3191, -1.1894], [-48.3181, -1.1812], [-48.3194, -1.1594], [-48.3153, -1.1552], [-48.2974, -1.1285], [-48.3106, -1.1125], [-48.3242, -1.0759], [-48.339, -1.0665]]}}, {"type": "Feature", "properties": {"source_grid_index": 641, "source_longitude": -48.2, "source_latitude": -0.8, "nearest_grid_distance_km": 8.3914, "compound_count_annual_mean": 1.76, "mean_overlap_duration": 2.69, "mean_compound_intensity_norm": 0.3169, "Hazard_Index": 0.2902, "Hazard_Frequency": 0.1463, "Hazard_Severity": 0.4039, "Hazard_Index_raw": 0.2751, "municipality_name": "Colares", "municipality_state": "PA", "municipality_distance_km": 0.0, "segment_count": 6, "metrics_index": 641}, "geometry": {"type": "LineString", "coordinates": [[-48.1949, -0.8194], [-48.2192, -0.8306], [-48.2436, -0.8417], [-48.2502, -0.8502], [-48.2545, -0.8631], [-48.2738, -0.8953], [-48.2845, -0.9215]]}}, {"type": "Feature", "properties": {"source_grid_index": 631, "source_longitude": -48.4, "source_latitude": -1.0, "nearest_grid_distance_km": 13.444, "compound_count_annual_mean": 1.27, "mean_overlap_duration": 2.36, "mean_compound_intensity_norm": 0.3165, "Hazard_Index": 0.2552, "Hazard_Frequency": 0.0985, "Hazard_Severity": 0.3879, "Hazard_Index_raw": 0.2432, "municipality_name": "Colares", "municipality_state": "PA", "municipality_distance_km": 0.0, "segment_count": 10, "metrics_index": 631}, "geometry": {"type": "LineString", "coordinates": [[-48.2845, -0.9215], [-48.3127, -0.9533], [-48.3191, -0.9737], [-48.319, -0.9933], [-48.3163, -1.0095], [-48.3071, -1.0207], [-48.2877, -1.0248], [-48.2627, -1.0264], [-48.2377, -1.0279], [-48.2229, -1.0248], [-48.2074, -1.0178]]}}, {"type": "Feature", "properties": {"source_grid_index": 631, "source_longitude": -48.4, "source_latitude": -1.0, "nearest_grid_distance_km": 21.805, "compound_count_annual_mean": 1.27, "mean_overlap_duration": 2.36, "mean_compound_intensity_norm": 0.3165, "Hazard_Index": 0.2552, "Hazard_Frequency": 0.0985, "Hazard_Severity": 0.3879, "Hazard_Index_raw": 0.2432, "municipality_name": "Vigia", "municipality_state": "PA", "municipality_distance_km": 0.1194, "segment_count": 1, "metrics_index": 631}, "geometry": {"type": "LineString", "coordinates": [[-48.2074, -1.0178], [-48.2019, -1.0115]]}}, {"type": "Feature", "properties": {"source_grid_index": 641, "source_longitude": -48.2, "source_latitude": -0.8, "nearest_grid_distance_km": 21.9689, "compound_count_annual_mean": 1.76, "mean_overlap_duration": 2.69, "mean_compound_intensity_norm": 0.3169, "Hazard_Index": 0.2902, "Hazard_Frequency": 0.1463, "Hazard_Severity": 0.4039, "Hazard_Index_raw": 0.2751, "municipality_name": "Colares", "municipality_state": "PA", "municipality_distance_km": 0.0, "segment_count": 1, "metrics_index": 641}, "geometry": {"type": "LineString", "coordinates": [[-48.2019, -1.0115], [-48.1949, -0.9838]]}}, {"type": "Feature", "properties": {"source_grid_index": 641, "source_longitude": -48.2, "source_latitude": -0.8, "nearest_grid_distance_km": 17.1337, "compound_count_annual_mean": 1.76, "mean_overlap_duration": 2.69, "mean_compound_intensity_norm": 0.3169, "Hazard_Index": 0.2902, "Hazard_Frequency": 0.1463, "Hazard_Severity": 0.4039, "Hazard_Index_raw": 0.2751, "municipality_name": "Vigia", "municipality_state": "PA", "municipality_distance_km": 0.0, "segment_count": 2, "metrics_index": 641}, "geometry": {"type": "LineString", "coordinates": [[-48.1949, -0.9838], [-48.1787, -0.9523], [-48.1625, -0.9208]]}}, {"type": "Feature", "properties": {"source_grid_index": 641, "source_longitude": -48.2, "source_latitude": -0.8, "nearest_grid_distance_km": 8.4792, "compound_count_annual_mean": 1.76, "mean_overlap_duration": 2.69, "mean_compound_intensity_norm": 0.3169, "Hazard_Index": 0.2902, "Hazard_Frequency": 0.1463, "Hazard_Severity": 0.4039, "Hazard_Index_raw": 0.2751, "municipality_name": "Colares", "municipality_state": "PA", "municipality_distance_km": 0.0, "segment_count": 6, "metrics_index": 641}, "geometry": {"type": "LineString", "coordinates": [[-48.1625, -0.9208], [-48.1567, -0.8878], [-48.1813, -0.8746], [-48.1813, -0.8671], [-48.1559, -0.8663], [-48.1627, -0.8502], [-48.1949, -0.8194]]}}, {"type": "Feature", "properties": {"source_grid_index": 651, "source_longitude": -48.0, "source_latitude": -0.6, "nearest_grid_distance_km": 6.8484, "compound_count_annual_mean": 1.27, "mean_overlap_duration": 4.21, "mean_compound_intensity_norm": 0.3473, "Hazard_Index": 0.3603, "Hazard_Frequency": 0.0985, "Hazard_Severity": 0.5796, "Hazard_Index_raw": 0.339, "municipality_name": "Curuçá", "municipality_state": "PA", "municipality_distance_km": 0.0, "segment_count": 12, "metrics_index": 651}, "geometry": {"type": "LineString", "coordinates": [[-47.9486, -0.6413], [-47.9508, -0.6358], [-47.9552, -0.6331], [-47.9615, -0.6326], [-47.9691, -0.6339], [-47.9721, -0.6375], [-47.9764, -0.6447], [-47.9779, -0.6518], [-47.9669, -0.6583], [-47.9711, -0.6658], [-47.9786, -0.6731], [-47.9827, -0.676], [-47.9778, -0.6917]]}}, {"type": "Feature", "properties": {"source_grid_index": 651, "source_longitude": -48.0, "source_latitude": -0.6, "nearest_grid_distance_km": 13.1035, "compound_count_annual_mean": 1.27, "mean_overlap_duration": 4.21, "mean_compound_intensity_norm": 0.3473, "Hazard_Index": 0.3603, "Hazard_Frequency": 0.0985, "Hazard_Severity": 0.5796, "Hazard_Index_raw": 0.339, "municipality_name": "São Caetano de Odivelas", "municipality_state": "PA", "municipality_distance_km": 0.0, "segment_count": 2, "metrics_index": 651}, "geometry": {"type": "LineString", "coordinates": [[-47.9778, -0.6917], [-47.9641, -0.7151], [-47.9621, -0.7306]]}}, {"type": "Feature", "properties": {"source_grid_index": 651, "source_longitude": -48.0, "source_latitude": -0.6, "nearest_grid_distance_km": 12.8943, "compound_count_annual_mean": 1.27, "mean_overlap_duration": 4.21, "mean_compound_intensity_norm": 0.3473, "Hazard_Index": 0.3603, "Hazard_Frequency": 0.0985, "Hazard_Severity": 0.5796, "Hazard_Index_raw": 0.339, "municipality_name": "Curuçá", "municipality_state": "PA", "municipality_distance_km": 0.0, "segment_count": 8, "metrics_index": 651}, "geometry": {"type": "LineString", "coordinates": [[-47.9621, -0.7306], [-47.9393, -0.7196], [-47.9164, -0.7086], [-47.8956, -0.6911], [-47.8871, -0.6691], [-47.8956, -0.6535], [-47.9146, -0.6417], [-47.9353, -0.6367], [-47.9486, -0.6413]]}}, {"type": "Feature", "properties": {"source_grid_index": 662, "source_longitude": -47.6, "source_latitude": -0.4, "nearest_grid_distance_km": 22.3231, "compound_count_annual_mean": 0.94, "mean_overlap_duration": 5.74, "mean_compound_intensity_norm": 0.3341, "Hazard_Index": 0.386, "Hazard_Frequency": 0.0657, "Hazard_Severity": 0.6592, "Hazard_Index_raw": 0.3624, "municipality_name": "Marapanim", "municipality_state": "PA", "municipality_distance_km": 0.0, "segment_count": 2, "metrics_index": 662}, "geometry": {"type": "LineString", "coordinates": [[-47.6605, -0.5792], [-47.6876, -0.5846], [-47.7038, -0.5777]]}}, {"type": "Feature", "properties": {"source_grid_index": 661, "source_longitude": -47.8, "source_latitude": -0.4, "nearest_grid_distance_km": 22.5303, "compound_count_annual_mean": 1.03, "mean_overlap_duration": 5.32, "mean_compound_intensity_norm": 0.3212, "Hazard_Index": 0.3639, "Hazard_Frequency": 0.0746, "Hazard_Severity": 0.6099, "Hazard_Index_raw": 0.3423, "municipality_name": "Marapanim", "municipality_state": "PA", "municipality_distance_km": 0.0, "segment_count": 12, "metrics_index": 661}, "geometry": {"type": "LineString", "coordinates": [[-47.7038, -0.5777], [-47.7068, -0.5597], [-47.7155, -0.5473], [-47.7347, -0.5417], [-47.7434, -0.5473], [-47.7452, -0.5628], [-47.7558, -0.5665], [-47.7614, -0.5758], [-47.7509, -0.6068], [-47.7515, -0.6223], [-47.7156, -0.6366], [-47.7042, -0.6749], [-47.699, -0.6939]]}}, {"type": "Feature", "properties": {"source_grid_index": 651, "source_longitude": -48.0, "source_latitude": -0.6, "nearest_grid_distance_km": 35.2333, "compound_count_annual_mean": 1.27, "mean_overlap_duration": 4.21, "mean_compound_intensity_norm": 0.3473, "Hazard_Index": 0.3603, "Hazard_Frequency": 0.0985, "Hazard_Severity": 0.5796, "Hazard_Index_raw": 0.339, "municipality_name": "Marapanim", "municipality_state": "PA", "municipality_distance_km": 0.0, "segment_count": 1, "metrics_index": 651}, "geometry": {"type": "LineString", "coordinates": [[-47.699, -0.6939], [-47.7015, -0.7096]]}}, {"type": "Feature", "properties": {"source_grid_index": 662, "source_longitude": -47.6, "source_latitude": -0.4, "nearest_grid_distance_km": 29.5868, "compound_count_annual_mean": 0.94, "mean_overlap_duration": 5.74, "mean_compound_intensity_norm": 0.3341, "Hazard_Index": 0.386, "Hazard_Frequency": 0.0657, "Hazard_Severity": 0.6592, "Hazard_Index_raw": 0.3624, "municipality_name": "Marapanim", "municipality_state": "PA", "municipality_distance_km": 0.0, "segment_count": 11, "metrics_index": 662}, "geometry": {"type": "LineString", "coordinates": [[-47.7015, -0.7096], [-47.6857, -0.7068], [-47.6583, -0.7077], [-47.6469, -0.7027], [-47.6434, -0.693], [-47.6418, -0.6755], [-47.6428, -0.658], [-47.6469, -0.6481], [-47.639, -0.6279], [-47.6408, -0.6085], [-47.6492, -0.5916], [-47.6605, -0.5792]]}}, {"type": "Feature", "properties": {"source_grid_index": 685, "source_longitude": -50.6, "source_latitude": 0.2, "nearest_grid_distance_km": 81.5921, "compound_count_annual_mean": 3.55, "mean_overlap_duration": 2.42, "mean_compound_intensity_norm": 0.2121, "Hazard_Index": 0.3237, "Hazard_Frequency": 0.3224, "Hazard_Severity": 0.2889, "Hazard_Index_raw": 0.3056, "municipality_name": "Macapá", "municipality_state": "AP", "municipality_distance_km": 7.2396, "segment_count": 10, "metrics_index": 685}, "geometry": {"type": "LineString", "coordinates": [[-51.1653, -0.1403], [-51.1662, -0.1445], [-51.1836, -0.1632], [-51.1898, -0.1682], [-51.1978, -0.1708], [-51.227, -0.1751], [-51.2327, -0.1795], [-51.2432, -0.1987], [-51.2643, -0.2195], [-51.2819, -0.2586], [-51.2996, -0.2977]]}}, {"type": "Feature", "properties": {"source_grid_index": 685, "source_longitude": -50.6, "source_latitude": 0.2, "nearest_grid_distance_km": 76.4806, "compound_count_annual_mean": 3.55, "mean_overlap_duration": 2.42, "mean_compound_intensity_norm": 0.2121, "Hazard_Index": 0.3237, "Hazard_Frequency": 0.3224, "Hazard_Severity": 0.2889, "Hazard_Index_raw": 0.3056, "municipality_name": "Macapá", "municipality_state": "AP", "municipality_distance_km": 29.3679, "segment_count": 17, "metrics_index": 685}, "geometry": {"type": "LineString", "coordinates": [[-51.2118, -0.3515], [-51.2013, -0.3437], [-51.184, -0.3246], [-51.1667, -0.3056], [-51.1578, -0.2847], [-51.1488, -0.2638], [-51.1487, -0.2306], [-51.1442, -0.2114], [-51.1317, -0.2031], [-51.1349, -0.1959], [-51.1359, -0.1794], [-51.1339, -0.1608], [-51.1283, -0.1477], [-51.1247, -0.1467], [-51.1219, -0.1467], [-51.1203, -0.1454], [-51.1208, -0.1403], [-51.1653, -0.1403]]}}, {"type": "Feature", "properties": {"source_grid_index": 649, "source_longitude": -48.4, "source_latitude": -0.6, "nearest_grid_distance_km": 15.4832, "compound_count_annual_mean": 1.39, "mean_overlap_duration": 1.96, "mean_compound_intensity_norm": 0.3428, "Hazard_Index": 0.2598, "Hazard_Frequency": 0.1104, "Hazard_Severity": 0.3843, "Hazard_Index_raw": 0.2474, "municipality_name": "Soure", "municipality_state": "PA", "municipality_distance_km": 1.3805, "segment_count": 7, "metrics_index": 649}, "geometry": {"type": "LineString", "coordinates": [[-48.4625, -0.5761], [-48.462, -0.5458], [-48.4616, -0.5156], [-48.4547, -0.4856], [-48.4315, -0.4472], [-48.4206, -0.415], [-48.4106, -0.4085], [-48.3997, -0.4047]]}}, {"type": "Feature", "properties": {"source_grid_index": 659, "source_longitude": -48.2, "source_latitude": -0.4, "nearest_grid_distance_km": 20.6038, "compound_count_annual_mean": 1.21, "mean_overlap_duration": 2.98, "mean_compound_intensity_norm": 0.3036, "Hazard_Index": 0.2797, "Hazard_Frequency": 0.0925, "Hazard_Severity": 0.4384, "Hazard_Index_raw": 0.2655, "municipality_name": "Soure", "municipality_state": "PA", "municipality_distance_km": 2.8185, "segment_count": 3, "metrics_index": 659}, "geometry": {"type": "LineString", "coordinates": [[-48.3997, -0.4047], [-48.3884, -0.3956], [-48.3789, -0.384], [-48.3731, -0.3737]]}}, {"type": "Feature", "properties": {"source_grid_index": 669, "source_longitude": -48.4, "source_latitude": -0.2, "nearest_grid_distance_km": 13.6356, "compound_count_annual_mean": 1.24, "mean_overlap_duration": 3.49, "mean_compound_intensity_norm": 0.3153, "Hazard_Index": 0.3019, "Hazard_Frequency": 0.0955, "Hazard_Severity": 0.4761, "Hazard_Index_raw": 0.2858, "municipality_name": "Soure", "municipality_state": "PA", "municipality_distance_km": 2.4664, "segment_count": 15, "metrics_index": 669}, "geometry": {"type": "LineString", "coordinates": [[-48.3731, -0.3737], [-48.3698, -0.3606], [-48.368, -0.338], [-48.3663, -0.3154], [-48.3689, -0.2979], [-48.3756, -0.2885], [-48.3844, -0.2814], [-48.3935, -0.2713], [-48.401, -0.2713], [-48.4272, -0.2599], [-48.4663, -0.2547], [-48.5054, -0.2494], [-48.5444, -0.2441], [-48.5729, -0.2351], [-48.6014, -0.2262], [-48.6235, -0.2234]]}}, {"type": "Feature", "properties": {"source_grid_index": 682, "source_longitude": -48.6, "source_latitude": -0.0, "nearest_grid_distance_km": 26.7507, "compound_count_annual_mean": 1.7, "mean_overlap_duration": 3.82, "mean_compound_intensity_norm": 0.2842, "Hazard_Index": 0.3256, "Hazard_Frequency": 0.1403, "Hazard_Severity": 0.4744, "Hazard_Index_raw": 0.3073, "municipality_name": "Soure", "municipality_state": "PA", "municipality_distance_km": 0.7658, "segment_count": 3, "metrics_index": 682}, "geometry": {"type": "LineString", "coordinates": [[-48.6235, -0.2234], [-48.6463, -0.2263], [-48.6842, -0.2365], [-48.702, -0.2372]]}}, {"type": "Feature", "properties": {"source_grid_index": 681, "source_longitude": -48.8, "source_latitude": -0.0, "nearest_grid_distance_km": 24.9111, "compound_count_annual_mean": 1.88, "mean_overlap_duration": 3.23, "mean_compound_intensity_norm": 0.2642, "Hazard_Index": 0.2908, "Hazard_Frequency": 0.1582, "Hazard_Severity": 0.393, "Hazard_Index_raw": 0.2756, "municipality_name": "Soure", "municipality_state": "PA", "municipality_distance_km": 2.1053, "segment_count": 5, "metrics_index": 681}, "geometry": {"type": "LineString", "coordinates": [[-48.702, -0.2372], [-48.7402, -0.2274], [-48.7784, -0.2175], [-48.8165, -0.2076], [-48.8597, -0.2092], [-48.892, -0.2159]]}}, {"type": "Feature", "properties": {"source_grid_index": 681, "source_longitude": -48.8, "source_latitude": -0.0, "nearest_grid_distance_km": 22.8313, "compound_count_annual_mean": 1.88, "mean_overlap_duration": 3.23, "mean_compound_intensity_norm": 0.2642, "Hazard_Index": 0.2908, "Hazard_Frequency": 0.1582, "Hazard_Severity": 0.393, "Hazard_Index_raw": 0.2756, "municipality_name": "Chaves", "municipality_state": "PA", "municipality_distance_km": 0.9568, "segment_count": 4, "metrics_index": 681}, "geometry": {"type": "LineString", "coordinates": [[-48.892, -0.2159], [-48.8925, -0.2054], [-48.8817, -0.1911], [-48.8805, -0.1636], [-48.8936, -0.1529]]}}, {"type": "Feature", "properties": {"source_grid_index": 680, "source_longitude": -49.0, "source_latitude": -0.0, "nearest_grid_distance_km": 19.3783, "compound_count_annual_mean": 2.52, "mean_overlap_duration": 2.82, "mean_compound_intensity_norm": 0.2594, "Hazard_Index": 0.2942, "Hazard_Frequency": 0.2209, "Hazard_Severity": 0.3365, "Hazard_Index_raw": 0.2787, "municipality_name": "Chaves", "municipality_state": "PA", "municipality_distance_km": 0.0, "segment_count": 9, "metrics_index": 680}, "geometry": {"type": "LineString", "coordinates": [[-48.8936, -0.1529], [-48.927, -0.1588], [-48.9474, -0.1731], [-48.9605, -0.1826], [-48.9796, -0.1862], [-48.9927, -0.1718], [-49.0106, -0.1599], [-49.0256, -0.1601], [-49.0585, -0.157], [-49.0914, -0.1539]]}}, {"type": "Feature", "properties": {"source_grid_index": 679, "source_longitude": -49.2, "source_latitude": -0.0, "nearest_grid_distance_km": 18.9174, "compound_count_annual_mean": 2.88, "mean_overlap_duration": 2.76, "mean_compound_intensity_norm": 0.2732, "Hazard_Index": 0.3392, "Hazard_Frequency": 0.2567, "Hazard_Severity": 0.3828, "Hazard_Index_raw": 0.3198, "municipality_name": "Chaves", "municipality_state": "PA", "municipality_distance_km": 0.4842, "segment_count": 19, "metrics_index": 679}, "geometry": {"type": "LineString", "coordinates": [[-49.0914, -0.1539], [-49.1204, -0.162], [-49.1316, -0.152], [-49.1448, -0.1513], [-49.1576, -0.1541], [-49.1682, -0.1546], [-49.1817, -0.1493], [-49.1948, -0.1415], [-49.206, -0.1403], [-49.2154, -0.1412], [-49.2364, -0.1477], [-49.2616, -0.149], [-49.2746, -0.1545], [-49.2837, -0.1552], [-49.2986, -0.1546], [-49.3072, -0.1573], [-49.3129, -0.1601], [-49.3183, -0.1601], [-49.3265, -0.1546], [-49.3567, -0.1697]]}}, {"type": "Feature", "properties": {"source_grid_index": 668, "source_longitude": -49.6, "source_latitude": -0.2, "nearest_grid_distance_km": 17.3989, "compound_count_annual_mean": 2.24, "mean_overlap_duration": 2.43, "mean_compound_intensity_norm": 0.2075, "Hazard_Index": 0.2183, "Hazard_Frequency": 0.194, "Hazard_Severity": 0.2249, "Hazard_Index_raw": 0.2095, "municipality_name": "Chaves", "municipality_state": "PA", "municipality_distance_km": 0.7768, "segment_count": 21, "metrics_index": 668}, "geometry": {"type": "LineString", "coordinates": [[-49.3567, -0.1697], [-49.3868, -0.1847], [-49.405, -0.1993], [-49.4084, -0.2175], [-49.3981, -0.2365], [-49.3868, -0.2516], [-49.3873, -0.2576], [-49.3985, -0.2535], [-49.418, -0.2346], [-49.4252, -0.2304], [-49.4493, -0.2247], [-49.4596, -0.2234], [-49.4813, -0.2258], [-49.5198, -0.2356], [-49.5644, -0.2375], [-49.6089, -0.2393], [-49.6535, -0.2411], [-49.6887, -0.2306], [-49.724, -0.22], [-49.7593, -0.2094], [-49.7945, -0.1988], [-49.8373, -0.1897]]}}, {"type": "Feature", "properties": {"source_grid_index": 678, "source_longitude": -50.0, "source_latitude": -0.0, "nearest_grid_distance_km": 19.6871, "compound_count_annual_mean": 3.49, "mean_overlap_duration": 1.99, "mean_compound_intensity_norm": 0.1796, "Hazard_Index": 0.251, "Hazard_Frequency": 0.3164, "Hazard_Severity": 0.1622, "Hazard_Index_raw": 0.2393, "municipality_name": "Chaves", "municipality_state": "PA", "municipality_distance_km": 0.0, "segment_count": 7, "metrics_index": 678}, "geometry": {"type": "LineString", "coordinates": [[-49.8373, -0.1897], [-49.88, -0.1805], [-49.9227, -0.1713], [-49.9654, -0.1622], [-50.0081, -0.153], [-50.0384, -0.1546], [-50.0671, -0.1434], [-50.0958, -0.1323]]}}, {"type": "Feature", "properties": {"source_grid_index": 677, "source_longitude": -50.2, "source_latitude": -0.0, "nearest_grid_distance_km": 14.8994, "compound_count_annual_mean": 3.76, "mean_overlap_duration": 2.19, "mean_compound_intensity_norm": 0.1723, "Hazard_Index": 0.2817, "Hazard_Frequency": 0.3433, "Hazard_Severity": 0.1913, "Hazard_Index_raw": 0.2673, "municipality_name": "Chaves", "municipality_state": "PA", "municipality_distance_km": 0.0, "segment_count": 5, "metrics_index": 677}, "geometry": {"type": "LineString", "coordinates": [[-50.0958, -0.1323], [-50.1398, -0.1276], [-50.1838, -0.123], [-50.2278, -0.1183], [-50.2718, -0.1137], [-50.2996, -0.1073]]}}, {"type": "Feature", "properties": {"source_grid_index": 676, "source_longitude": -50.4, "source_latitude": -0.0, "nearest_grid_distance_km": 18.6831, "compound_count_annual_mean": 4.79, "mean_overlap_duration": 2.73, "mean_compound_intensity_norm": 0.1779, "Hazard_Index": 0.3517, "Hazard_Frequency": 0.4448, "Hazard_Severity": 0.2176, "Hazard_Index_raw": 0.3312, "municipality_name": "Chaves", "municipality_state": "PA", "municipality_distance_km": 1.6734, "segment_count": 16, "metrics_index": 676}, "geometry": {"type": "LineString", "coordinates": [[-50.2996, -0.1073], [-50.3274, -0.1009], [-50.35, -0.0994], [-50.3682, -0.1056], [-50.3778, -0.1207], [-50.3846, -0.1389], [-50.3946, -0.1546], [-50.4115, -0.1645], [-50.4266, -0.1635], [-50.4437, -0.158], [-50.4667, -0.1546], [-50.4913, -0.1589], [-50.5078, -0.1689], [-50.522, -0.1804], [-50.5393, -0.1887], [-50.55, -0.1892], [-50.5535, -0.1889]]}}, {"type": "Feature", "properties": {"source_grid_index": 624, "source_longitude": -48.6, "source_latitude": -1.2, "nearest_grid_distance_km": 18.8464, "compound_count_annual_mean": 1.55, "mean_overlap_duration": 2.49, "mean_compound_intensity_norm": 0.2706, "Hazard_Index": 0.2104, "Hazard_Frequency": 0.1254, "Hazard_Severity": 0.2792, "Hazard_Index_raw": 0.2023, "municipality_name": "Salvaterra", "municipality_state": "PA", "municipality_distance_km": 28.244, "segment_count": 22, "metrics_index": 624}, "geometry": {"type": "LineString", "coordinates": [[-48.7798, -1.1742], [-48.7583, -1.1506], [-48.7399, -1.1415], [-48.7177, -1.134], [-48.6951, -1.1176], [-48.6724, -1.1012], [-48.6573, -1.0937], [-48.6428, -1.0836], [-48.6288, -1.0632], [-48.6283, -1.0478], [-48.6543, -1.0528], [-48.6543, -1.0453], [-48.6307, -1.0291], [-48.6269, -1.0248], [-48.6288, -1.0097], [-48.6359, -1.0084], [-48.6453, -1.0119], [-48.6543, -1.0112], [-48.6651, -1.0031], [-48.6648, -1.0012], [-48.6575, -0.9992], [-48.6475, -0.9907], [-48.6307, -0.9689]]}}, {"type": "Feature", "properties": {"source_grid_index": 631, "source_longitude": -48.4, "source_latitude": -1.0, "nearest_grid_distance_km": 23.7065, "compound_count_annual_mean": 1.27, "mean_overlap_duration": 2.36, "mean_compound_intensity_norm": 0.3165, "Hazard_Index": 0.2552, "Hazard_Frequency": 0.0985, "Hazard_Severity": 0.3879, "Hazard_Index_raw": 0.2432, "municipality_name": "Salvaterra", "municipality_state": "PA", "municipality_distance_km": 1.2987, "segment_count": 6, "metrics_index": 631}, "geometry": {"type": "LineString", "coordinates": [[-48.6307, -0.9689], [-48.6277, -0.9588], [-48.6332, -0.9492], [-48.6129, -0.9329], [-48.5865, -0.9236], [-48.5601, -0.9143], [-48.5375, -0.8945]]}}, {"type": "Feature", "properties": {"source_grid_index": 640, "source_longitude": -48.4, "source_latitude": -0.8, "nearest_grid_distance_km": 15.7471, "compound_count_annual_mean": 1.39, "mean_overlap_duration": 2.24, "mean_compound_intensity_norm": 0.2924, "Hazard_Index": 0.2509, "Hazard_Frequency": 0.1104, "Hazard_Severity": 0.368, "Hazard_Index_raw": 0.2392, "municipality_name": "Salvaterra", "municipality_state": "PA", "municipality_distance_km": 0.0, "segment_count": 7, "metrics_index": 640}, "geometry": {"type": "LineString", "coordinates": [[-48.5375, -0.8945], [-48.5277, -0.8727], [-48.5234, -0.8464], [-48.5262, -0.8202], [-48.5375, -0.7989], [-48.5235, -0.7734], [-48.5379, -0.7448], [-48.5609, -0.714]]}}, {"type": "Feature", "properties": {"source_grid_index": 649, "source_longitude": -48.4, "source_latitude": -0.6, "nearest_grid_distance_km": 21.491, "compound_count_annual_mean": 1.39, "mean_overlap_duration": 1.96, "mean_compound_intensity_norm": 0.3428, "Hazard_Index": 0.2598, "Hazard_Frequency": 0.1104, "Hazard_Severity": 0.3843, "Hazard_Index_raw": 0.2474, "municipality_name": "Salvaterra", "municipality_state": "PA", "municipality_distance_km": 0.0, "segment_count": 1, "metrics_index": 649}, "geometry": {"type": "LineString", "coordinates": [[-48.5609, -0.714], [-48.5723, -0.6816]]}}, {"type": "Feature", "properties": {"source_grid_index": 649, "source_longitude": -48.4, "source_latitude": -0.6, "nearest_grid_distance_km": 20.8266, "compound_count_annual_mean": 1.39, "mean_overlap_duration": 1.96, "mean_compound_intensity_norm": 0.3428, "Hazard_Index": 0.2598, "Hazard_Frequency": 0.1104, "Hazard_Severity": 0.3843, "Hazard_Index_raw": 0.2474, "municipality_name": "Soure", "municipality_state": "PA", "municipality_distance_km": 0.0, "segment_count": 1, "metrics_index": 649}, "geometry": {"type": "LineString", "coordinates": [[-48.5723, -0.6816], [-48.5549, -0.7003]]}}, {"type": "Feature", "properties": {"source_grid_index": 640, "source_longitude": -48.4, "source_latitude": -0.8, "nearest_grid_distance_km": 19.1248, "compound_count_annual_mean": 1.39, "mean_overlap_duration": 2.24, "mean_compound_intensity_norm": 0.2924, "Hazard_Index": 0.2509, "Hazard_Frequency": 0.1104, "Hazard_Severity": 0.368, "Hazard_Index_raw": 0.2392, "municipality_name": "Salvaterra", "municipality_state": "PA", "municipality_distance_km": 0.0, "segment_count": 1, "metrics_index": 640}, "geometry": {"type": "LineString", "coordinates": [[-48.5549, -0.7003], [-48.5375, -0.7189]]}}, {"type": "Feature", "properties": {"source_grid_index": 640, "source_longitude": -48.4, "source_latitude": -0.8, "nearest_grid_distance_km": 14.2737, "compound_count_annual_mean": 1.39, "mean_overlap_duration": 2.24, "mean_compound_intensity_norm": 0.2924, "Hazard_Index": 0.2509, "Hazard_Frequency": 0.1104, "Hazard_Severity": 0.368, "Hazard_Index_raw": 0.2392, "municipality_name": "Soure", "municipality_state": "PA", "municipality_distance_km": 0.0, "segment_count": 4, "metrics_index": 640}, "geometry": {"type": "LineString", "coordinates": [[-48.5375, -0.7189], [-48.5177, -0.7348], [-48.4966, -0.7437], [-48.4945, -0.7228], [-48.488, -0.7018]]}}, {"type": "Feature", "properties": {"source_grid_index": 649, "source_longitude": -48.4, "source_latitude": -0.6, "nearest_grid_distance_km": 11.1675, "compound_count_annual_mean": 1.39, "mean_overlap_duration": 1.96, "mean_compound_intensity_norm": 0.3428, "Hazard_Index": 0.2598, "Hazard_Frequency": 0.1104, "Hazard_Severity": 0.3843, "Hazard_Index_raw": 0.2474, "municipality_name": "Soure", "municipality_state": "PA", "municipality_distance_km": 0.0, "segment_count": 7, "metrics_index": 649}, "geometry": {"type": "LineString", "coordinates": [[-48.488, -0.7018], [-48.4858, -0.6847], [-48.4966, -0.676], [-48.4872, -0.6647], [-48.4844, -0.6536], [-48.4829, -0.6276], [-48.4653, -0.5904], [-48.4625, -0.5761]]}}, {"type": "Feature", "properties": {"source_grid_index": 685, "source_longitude": -50.6, "source_latitude": 0.2, "nearest_grid_distance_km": 69.2156, "compound_count_annual_mean": 3.55, "mean_overlap_duration": 2.42, "mean_compound_intensity_norm": 0.2121, "Hazard_Index": 0.3237, "Hazard_Frequency": 0.3224, "Hazard_Severity": 0.2889, "Hazard_Index_raw": 0.3056, "municipality_name": "Macapá", "municipality_state": "AP", "municipality_distance_km": 25.9129, "segment_count": 4, "metrics_index": 685}, "geometry": {"type": "LineString", "coordinates": [[-50.9737, -0.2912], [-50.9704, -0.2955], [-50.969, -0.3049], [-50.965, -0.3142], [-50.9457, -0.3205]]}}, {"type": "Feature", "properties": {"source_grid_index": 676, "source_longitude": -50.4, "source_latitude": -0.0, "nearest_grid_distance_km": 27.6538, "compound_count_annual_mean": 4.79, "mean_overlap_duration": 2.73, "mean_compound_intensity_norm": 0.1779, "Hazard_Index": 0.3517, "Hazard_Frequency": 0.4448, "Hazard_Severity": 0.2176, "Hazard_Index_raw": 0.3312, "municipality_name": "Macapá", "municipality_state": "AP", "municipality_distance_km": 29.4709, "segment_count": 7, "metrics_index": 676}, "geometry": {"type": "LineString", "coordinates": [[-50.6379, -0.1195], [-50.6289, -0.1041], [-50.6274, -0.0857], [-50.6296, -0.0816], [-50.6417, -0.0652], [-50.6423, -0.0605], [-50.6409, -0.0496], [-50.6417, -0.0447]]}}, {"type": "Feature", "properties": {"source_grid_index": 685, "source_longitude": -50.6, "source_latitude": 0.2, "nearest_grid_distance_km": 44.8333, "compound_count_annual_mean": 3.55, "mean_overlap_duration": 2.42, "mean_compound_intensity_norm": 0.2121, "Hazard_Index": 0.3237, "Hazard_Frequency": 0.3224, "Hazard_Severity": 0.2889, "Hazard_Index_raw": 0.3056, "municipality_name": "Macapá", "municipality_state": "AP", "municipality_distance_km": 21.7935, "segment_count": 27, "metrics_index": 685}, "geometry": {"type": "LineString", "coordinates": [[-50.6417, -0.0447], [-50.6477, -0.034], [-50.6553, -0.0238], [-50.6645, -0.0155], [-50.6759, -0.0107], [-50.7023, -0.0025], [-50.7249, 0.008], [-50.7396, 0.0345], [-50.766, 0.0464], [-50.7918, 0.0406], [-50.8175, 0.0347], [-50.8537, 0.0179], [-50.8898, 0.0011], [-50.9251, -0.0061], [-50.9473, -0.012], [-50.9724, -0.0428], [-50.9826, -0.0855], [-50.9993, -0.1131], [-51.016, -0.1407], [-51.0328, -0.1682], [-51.0125, -0.1801], [-51.0048, -0.1825], [-51.0048, -0.1887], [-51.0387, -0.2003], [-51.038, -0.2359], [-51.0254, -0.2548], [-51.0128, -0.2736], [-50.9737, -0.2912]]}}, {"type": "Feature", "properties": {"source_grid_index": 678, "source_longitude": -50.0, "source_latitude": -0.0, "nearest_grid_distance_km": 24.1576, "compound_count_annual_mean": 3.49, "mean_overlap_duration": 1.99, "mean_compound_intensity_norm": 0.1796, "Hazard_Index": 0.251, "Hazard_Frequency": 0.3164, "Hazard_Severity": 0.1622, "Hazard_Index_raw": 0.2393, "municipality_name": "Chaves", "municipality_state": "PA", "municipality_distance_km": 0.0, "segment_count": 1, "metrics_index": 678}, "geometry": {"type": "LineString", "coordinates": [[-49.8323, -0.1031], [-49.7936, -0.118]]}}, {"type": "Feature", "properties": {"source_grid_index": 668, "source_longitude": -49.6, "source_latitude": -0.2, "nearest_grid_distance_km": 14.6052, "compound_count_annual_mean": 2.24, "mean_overlap_duration": 2.43, "mean_compound_intensity_norm": 0.2075, "Hazard_Index": 0.2183, "Hazard_Frequency": 0.194, "Hazard_Severity": 0.2249, "Hazard_Index_raw": 0.2095, "municipality_name": "Chaves", "municipality_state": "PA", "municipality_distance_km": 0.0, "segment_count": 12, "metrics_index": 668}, "geometry": {"type": "LineString", "coordinates": [[-49.7936, -0.118], [-49.7549, -0.1329], [-49.7162, -0.1477], [-49.6869, -0.1354], [-49.6479, -0.1349], [-49.6089, -0.1343], [-49.57, -0.1337], [-49.531, -0.1332], [-49.492, -0.1326], [-49.4634, -0.128], [-49.4387, -0.1205], [-49.4282, -0.1102], [-49.42, -0.0953]]}}, {"type": "Feature", "properties": {"source_grid_index": 679, "source_longitude": -49.2, "source_latitude": -0.0, "nearest_grid_distance_km": 18.9, "compound_count_annual_mean": 2.88, "mean_overlap_duration": 2.76, "mean_compound_intensity_norm": 0.2732, "Hazard_Index": 0.3392, "Hazard_Frequency": 0.2567, "Hazard_Severity": 0.3828, "Hazard_Index_raw": 0.3198, "municipality_name": "Chaves", "municipality_state": "PA", "municipality_distance_km": 2.195, "segment_count": 16, "metrics_index": 679}, "geometry": {"type": "LineString", "coordinates": [[-49.42, -0.0953], [-49.3859, -0.0696], [-49.3811, -0.0522], [-49.3763, -0.0541], [-49.3647, -0.0566], [-49.36, -0.0584], [-49.3593, -0.0447], [-49.3545, -0.0372], [-49.349, -0.0309], [-49.3463, -0.0208], [-49.3475, -0.0097], [-49.3517, -0.0085], [-49.3591, -0.0084], [-49.3705, -0.0003], [-49.372, 0.007], [-49.3693, 0.0161], [-49.3699, 0.0282]]}}, {"type": "Feature", "properties": {"source_grid_index": 687, "source_longitude": -49.4, "source_latitude": 0.2, "nearest_grid_distance_km": 16.4551, "compound_count_annual_mean": 3.0, "mean_overlap_duration": 2.81, "mean_compound_intensity_norm": 0.2948, "Hazard_Index": 0.3937, "Hazard_Frequency": 0.2687, "Hazard_Severity": 0.4702, "Hazard_Index_raw": 0.3694, "municipality_name": "Chaves", "municipality_state": "PA", "municipality_distance_km": 0.0, "segment_count": 10, "metrics_index": 687}, "geometry": {"type": "LineString", "coordinates": [[-49.3699, 0.0282], [-49.3811, 0.0439], [-49.3913, 0.0511], [-49.4282, 0.0713], [-49.442, 0.0757], [-49.456, 0.0746], [-49.4698, 0.07], [-49.4829, 0.0638], [-49.4857, 0.0692], [-49.4938, 0.0798], [-49.4966, 0.0856]]}}, {"type": "Feature", "properties": {"source_grid_index": 686, "source_longitude": -49.6, "source_latitude": 0.2, "nearest_grid_distance_km": 18.4562, "compound_count_annual_mean": 4.79, "mean_overlap_duration": 2.01, "mean_compound_intensity_norm": 0.3371, "Hazard_Index": 0.4926, "Hazard_Frequency": 0.4448, "Hazard_Severity": 0.4745, "Hazard_Index_raw": 0.4596, "municipality_name": "Chaves", "municipality_state": "PA", "municipality_distance_km": 0.0, "segment_count": 8, "metrics_index": 686}, "geometry": {"type": "LineString", "coordinates": [[-49.4966, 0.0856], [-49.5245, 0.0739], [-49.559, 0.0685], [-49.5936, 0.063], [-49.6281, 0.0576], [-49.6521, 0.0428], [-49.6761, 0.0281], [-49.7083, 0.0139], [-49.7405, -0.0003]]}}, {"type": "Feature", "properties": {"source_grid_index": 668, "source_longitude": -49.6, "source_latitude": -0.2, "nearest_grid_distance_km": 27.1267, "compound_count_annual_mean": 2.24, "mean_overlap_duration": 2.43, "mean_compound_intensity_norm": 0.2075, "Hazard_Index": 0.2183, "Hazard_Frequency": 0.194, "Hazard_Severity": 0.2249, "Hazard_Index_raw": 0.2095, "municipality_name": "Chaves", "municipality_state": "PA", "municipality_distance_km": 0.0, "segment_count": 1, "metrics_index": 668}, "geometry": {"type": "LineString", "coordinates": [[-49.7405, -0.0003], [-49.7707, -0.0231]]}}, {"type": "Feature", "properties": {"source_grid_index": 678, "source_longitude": -50.0, "source_latitude": -0.0, "nearest_grid_distance_km": 22.4831, "compound_count_annual_mean": 3.49, "mean_overlap_duration": 1.99, "mean_compound_intensity_norm": 0.1796, "Hazard_Index": 0.251, "Hazard_Frequency": 0.3164, "Hazard_Severity": 0.1622, "Hazard_Index_raw": 0.2393, "municipality_name": "Chaves", "municipality_state": "PA", "municipality_distance_km": 0.0, "segment_count": 3, "metrics_index": 678}, "geometry": {"type": "LineString", "coordinates": [[-49.7707, -0.0231], [-49.801, -0.046], [-49.8235, -0.0704], [-49.8323, -0.1031]]}}, {"type": "Feature", "properties": {"source_grid_index": 685, "source_longitude": -50.6, "source_latitude": 0.2, "nearest_grid_distance_km": 17.2168, "compound_count_annual_mean": 3.55, "mean_overlap_duration": 2.42, "mean_compound_intensity_norm": 0.2121, "Hazard_Index": 0.3237, "Hazard_Frequency": 0.3224, "Hazard_Severity": 0.2889, "Hazard_Index_raw": 0.3056, "municipality_name": "Macapá", "municipality_state": "AP", "municipality_distance_km": 13.1477, "segment_count": 6, "metrics_index": 685}, "geometry": {"type": "LineString", "coordinates": [[-50.6343, 0.0713], [-50.6239, 0.0612], [-50.6155, 0.0588], [-50.6097, 0.0534], [-50.6075, 0.0338], [-50.6017, 0.024], [-50.5881, 0.0121]]}}, {"type": "Feature", "properties": {"source_grid_index": 676, "source_longitude": -50.4, "source_latitude": -0.0, "nearest_grid_distance_km": 11.3944, "compound_count_annual_mean": 4.79, "mean_overlap_duration": 2.73, "mean_compound_intensity_norm": 0.1779, "Hazard_Index": 0.3517, "Hazard_Frequency": 0.4448, "Hazard_Severity": 0.2176, "Hazard_Index_raw": 0.3312, "municipality_name": "Chaves", "municipality_state": "PA", "municipality_distance_km": 21.0752, "segment_count": 17, "metrics_index": 676}, "geometry": {"type": "LineString", "coordinates": [[-50.5881, 0.0121], [-50.5722, 0.0017], [-50.5597, -0.0038], [-50.5231, -0.0038], [-50.5176, -0.0073], [-50.5141, -0.0111], [-50.5057, -0.0143], [-50.4957, -0.0166], [-50.4875, -0.0174], [-50.4475, -0.0152], [-50.4377, -0.0], [-50.4325, 0.0167], [-50.4325, 0.0359], [-50.4402, 0.0616], [-50.444, 0.0809], [-50.444, 0.1091], [-50.4465, 0.1259], [-50.4696, 0.1452]]}}, {"type": "Feature", "properties": {"source_grid_index": 685, "source_longitude": -50.6, "source_latitude": 0.2, "nearest_grid_distance_km": 7.7087, "compound_count_annual_mean": 3.55, "mean_overlap_duration": 2.42, "mean_compound_intensity_norm": 0.2121, "Hazard_Index": 0.3237, "Hazard_Frequency": 0.3224, "Hazard_Severity": 0.2889, "Hazard_Index_raw": 0.3056, "municipality_name": "Chaves", "municipality_state": "PA", "municipality_distance_km": 2.9477, "segment_count": 6, "metrics_index": 685}, "geometry": {"type": "LineString", "coordinates": [[-50.4696, 0.1452], [-50.4902, 0.1594], [-50.5147, 0.1659], [-50.5443, 0.1711], [-50.5611, 0.1763], [-50.583, 0.184], [-50.6106, 0.1834]]}}, {"type": "Feature", "properties": {"source_grid_index": 685, "source_longitude": -50.6, "source_latitude": 0.2, "nearest_grid_distance_km": 10.0423, "compound_count_annual_mean": 3.55, "mean_overlap_duration": 2.42, "mean_compound_intensity_norm": 0.2121, "Hazard_Index": 0.3237, "Hazard_Frequency": 0.3224, "Hazard_Severity": 0.2889, "Hazard_Index_raw": 0.3056, "municipality_name": "Macapá", "municipality_state": "AP", "municipality_distance_km": 4.3783, "segment_count": 9, "metrics_index": 685}, "geometry": {"type": "LineString", "coordinates": [[-50.6106, 0.1834], [-50.6369, 0.1653], [-50.6485, 0.1505], [-50.6467, 0.1389], [-50.6376, 0.1177], [-50.6343, 0.1061], [-50.6344, 0.0961], [-50.6366, 0.0882], [-50.6377, 0.0806], [-50.6343, 0.0713]]}}, {"type": "Feature", "properties": {"source_grid_index": 692, "source_longitude": -50.0, "source_latitude": 0.4, "nearest_grid_distance_km": 17.9278, "compound_count_annual_mean": 5.36, "mean_overlap_duration": 1.95, "mean_compound_intensity_norm": 0.1973, "Hazard_Index": 0.3778, "Hazard_Frequency": 0.5015, "Hazard_Severity": 0.2085, "Hazard_Index_raw": 0.355, "municipality_name": "Chaves", "municipality_state": "PA", "municipality_distance_km": 0.0, "segment_count": 7, "metrics_index": 692}, "geometry": {"type": "LineString", "coordinates": [[-50.0908, 0.3059], [-50.0864, 0.3207], [-50.0933, 0.339], [-50.1133, 0.3382], [-50.1385, 0.3266], [-50.169, 0.3075], [-50.1994, 0.2885], [-50.2172, 0.2631]]}}, {"type": "Feature", "properties": {"source_grid_index": 677, "source_longitude": -50.2, "source_latitude": -0.0, "nearest_grid_distance_km": 28.0112, "compound_count_annual_mean": 3.76, "mean_overlap_duration": 2.19, "mean_compound_intensity_norm": 0.1723, "Hazard_Index": 0.2817, "Hazard_Frequency": 0.3433, "Hazard_Severity": 0.1913, "Hazard_Index_raw": 0.2673, "municipality_name": "Chaves", "municipality_state": "PA", "municipality_distance_km": 0.0, "segment_count": 2, "metrics_index": 677}, "geometry": {"type": "LineString", "coordinates": [[-50.2172, 0.2631], [-50.2205, 0.2462], [-50.1931, 0.254]]}}, {"type": "Feature", "properties": {"source_grid_index": 692, "source_longitude": -50.0, "source_latitude": 0.4, "nearest_grid_distance_km": 20.4746, "compound_count_annual_mean": 5.36, "mean_overlap_duration": 1.95, "mean_compound_intensity_norm": 0.1973, "Hazard_Index": 0.3778, "Hazard_Frequency": 0.5015, "Hazard_Severity": 0.2085, "Hazard_Index_raw": 0.355, "municipality_name": "Chaves", "municipality_state": "PA", "municipality_distance_km": 0.0, "segment_count": 4, "metrics_index": 692}, "geometry": {"type": "LineString", "coordinates": [[-50.1931, 0.254], [-50.1656, 0.2617], [-50.1365, 0.2773], [-50.1073, 0.2929], [-50.0908, 0.3059]]}}, {"type": "Feature", "properties": {"source_grid_index": 692, "source_longitude": -50.0, "source_latitude": 0.4, "nearest_grid_distance_km": 18.4048, "compound_count_annual_mean": 5.36, "mean_overlap_duration": 1.95, "mean_compound_intensity_norm": 0.1973, "Hazard_Index": 0.3778, "Hazard_Frequency": 0.5015, "Hazard_Severity": 0.2085, "Hazard_Index_raw": 0.355, "municipality_name": "Chaves", "municipality_state": "PA", "municipality_distance_km": 0.0, "segment_count": 5, "metrics_index": 692}, "geometry": {"type": "LineString", "coordinates": [[-50.0369, 0.2997], [-50.0495, 0.2811], [-50.0622, 0.2624], [-50.0847, 0.2423], [-50.1073, 0.2222], [-50.128, 0.2216]]}}, {"type": "Feature", "properties": {"source_grid_index": 677, "source_longitude": -50.2, "source_latitude": -0.0, "nearest_grid_distance_km": 25.6119, "compound_count_annual_mean": 3.76, "mean_overlap_duration": 2.19, "mean_compound_intensity_norm": 0.1723, "Hazard_Index": 0.2817, "Hazard_Frequency": 0.3433, "Hazard_Severity": 0.1913, "Hazard_Index_raw": 0.2673, "municipality_name": "Chaves", "municipality_state": "PA", "municipality_distance_km": 0.0, "segment_count": 6, "metrics_index": 677}, "geometry": {"type": "LineString", "coordinates": [[-50.128, 0.2216], [-50.1638, 0.2221], [-50.1996, 0.2227], [-50.2327, 0.2245], [-50.2544, 0.2298], [-50.2796, 0.2281], [-50.3049, 0.2168]]}}, {"type": "Feature", "properties": {"source_grid_index": 676, "source_longitude": -50.4, "source_latitude": -0.0, "nearest_grid_distance_km": 15.4885, "compound_count_annual_mean": 4.79, "mean_overlap_duration": 2.73, "mean_compound_intensity_norm": 0.1779, "Hazard_Index": 0.3517, "Hazard_Frequency": 0.4448, "Hazard_Severity": 0.2176, "Hazard_Index_raw": 0.3312, "municipality_name": "Chaves", "municipality_state": "PA", "municipality_distance_km": 0.0, "segment_count": 17, "metrics_index": 676}, "geometry": {"type": "LineString", "coordinates": [[-50.3049, 0.2168], [-50.3359, 0.2157], [-50.3668, 0.2145], [-50.3778, 0.2083], [-50.381, 0.1946], [-50.3823, 0.1623], [-50.3837, 0.1299], [-50.38, 0.1107], [-50.3667, 0.0918], [-50.3574, 0.1165], [-50.3503, 0.1267], [-50.3401, 0.1334], [-50.342, 0.1154], [-50.3531, 0.0781], [-50.3516, 0.0589], [-50.3451, 0.0474], [-50.3226, 0.0269], [-50.2976, 0.012]]}}, {"type": "Feature", "properties": {"source_grid_index": 677, "source_longitude": -50.2, "source_latitude": -0.0, "nearest_grid_distance_km": 6.1338, "compound_count_annual_mean": 3.76, "mean_overlap_duration": 2.19, "mean_compound_intensity_norm": 0.1723, "Hazard_Index": 0.2817, "Hazard_Frequency": 0.3433, "Hazard_Severity": 0.1913, "Hazard_Index_raw": 0.2673, "municipality_name": "Chaves", "municipality_state": "PA", "municipality_distance_km": 0.0, "segment_count": 11, "metrics_index": 677}, "geometry": {"type": "LineString", "coordinates": [[-50.2976, 0.012], [-50.2727, 0.0149], [-50.2489, 0.0246], [-50.2268, 0.0303], [-50.2223, 0.0336], [-50.2067, 0.0393], [-50.1901, 0.0413], [-50.1824, 0.0338], [-50.1747, 0.0293], [-50.1512, 0.0332], [-50.1278, 0.0372], [-50.0973, 0.0309]]}}, {"type": "Feature", "properties": {"source_grid_index": 678, "source_longitude": -50.0, "source_latitude": -0.0, "nearest_grid_distance_km": 10.3531, "compound_count_annual_mean": 3.49, "mean_overlap_duration": 1.99, "mean_compound_intensity_norm": 0.1796, "Hazard_Index": 0.251, "Hazard_Frequency": 0.3164, "Hazard_Severity": 0.1622, "Hazard_Index_raw": 0.2393, "municipality_name": "Chaves", "municipality_state": "PA", "municipality_distance_km": 0.0, "segment_count": 16, "metrics_index": 678}, "geometry": {"type": "LineString", "coordinates": [[-50.0973, 0.0309], [-50.0694, 0.0166], [-50.0451, -0.0029], [-50.0248, -0.0243], [-50.0129, -0.0453], [-50.0045, -0.0528], [-49.994, -0.0484], [-49.9862, -0.0425], [-49.975, -0.0369], [-49.9631, -0.0328], [-49.9339, -0.0287], [-49.9005, -0.0197], [-49.8671, -0.0107], [-49.8297, 0.0113], [-49.8061, 0.0487], [-49.7967, 0.0705], [-49.7873, 0.0924]]}}, {"type": "Feature", "properties": {"source_grid_index": 686, "source_longitude": -49.6, "source_latitude": 0.2, "nearest_grid_distance_km": 12.3903, "compound_count_annual_mean": 4.79, "mean_overlap_duration": 2.01, "mean_compound_intensity_norm": 0.3371, "Hazard_Index": 0.4926, "Hazard_Frequency": 0.4448, "Hazard_Severity": 0.4745, "Hazard_Index_raw": 0.4596, "municipality_name": "Chaves", "municipality_state": "PA", "municipality_distance_km": 0.0, "segment_count": 11, "metrics_index": 686}, "geometry": {"type": "LineString", "coordinates": [[-49.7873, 0.0924], [-49.7757, 0.1129], [-49.764, 0.1334], [-49.7401, 0.1573], [-49.7163, 0.1811], [-49.6924, 0.205], [-49.6674, 0.2189], [-49.6425, 0.2327], [-49.622, 0.2493], [-49.6016, 0.266], [-49.5653, 0.2834], [-49.5289, 0.3008]]}}, {"type": "Feature", "properties": {"source_grid_index": 694, "source_longitude": -49.6, "source_latitude": 0.4, "nearest_grid_distance_km": 7.2047, "compound_count_annual_mean": 3.09, "mean_overlap_duration": 2.64, "mean_compound_intensity_norm": 0.3283, "Hazard_Index": 0.4113, "Hazard_Frequency": 0.2776, "Hazard_Severity": 0.4935, "Hazard_Index_raw": 0.3855, "municipality_name": "Chaves", "municipality_state": "PA", "municipality_distance_km": 0.0, "segment_count": 8, "metrics_index": 694}, "geometry": {"type": "LineString", "coordinates": [[-49.5289, 0.3008], [-49.5297, 0.3273], [-49.5304, 0.3538], [-49.5602, 0.3858], [-49.5902, 0.386], [-49.6202, 0.3862], [-49.6502, 0.3864], [-49.6821, 0.3754], [-49.714, 0.3644]]}}, {"type": "Feature", "properties": {"source_grid_index": 693, "source_longitude": -49.8, "source_latitude": 0.4, "nearest_grid_distance_km": 9.7552, "compound_count_annual_mean": 4.27, "mean_overlap_duration": 2.28, "mean_compound_intensity_norm": 0.3464, "Hazard_Index": 0.4666, "Hazard_Frequency": 0.394, "Hazard_Severity": 0.4779, "Hazard_Index_raw": 0.4359, "municipality_name": "Chaves", "municipality_state": "PA", "municipality_distance_km": 0.0, "segment_count": 5, "metrics_index": 693}, "geometry": {"type": "LineString", "coordinates": [[-49.714, 0.3644], [-49.7459, 0.3535], [-49.7858, 0.3378], [-49.8258, 0.3222], [-49.8596, 0.3012], [-49.8906, 0.297]]}}, {"type": "Feature", "properties": {"source_grid_index": 692, "source_longitude": -50.0, "source_latitude": 0.4, "nearest_grid_distance_km": 12.3898, "compound_count_annual_mean": 5.36, "mean_overlap_duration": 1.95, "mean_compound_intensity_norm": 0.1973, "Hazard_Index": 0.3778, "Hazard_Frequency": 0.5015, "Hazard_Severity": 0.2085, "Hazard_Index_raw": 0.355, "municipality_name": "Chaves", "municipality_state": "PA", "municipality_distance_km": 0.0, "segment_count": 4, "metrics_index": 692}, "geometry": {"type": "LineString", "coordinates": [[-49.8906, 0.297], [-49.9216, 0.2928], [-49.9595, 0.3083], [-50.0038, 0.3101], [-50.0369, 0.2997]]}}, {"type": "Feature", "properties": {"source_grid_index": 685, "source_longitude": -50.6, "source_latitude": 0.2, "nearest_grid_distance_km": 29.4167, "compound_count_annual_mean": 3.55, "mean_overlap_duration": 2.42, "mean_compound_intensity_norm": 0.2121, "Hazard_Index": 0.3237, "Hazard_Frequency": 0.3224, "Hazard_Severity": 0.2889, "Hazard_Index_raw": 0.3056, "municipality_name": "Chaves", "municipality_state": "PA", "municipality_distance_km": 0.0, "segment_count": 5, "metrics_index": 685}, "geometry": {"type": "LineString", "coordinates": [[-50.378, 0.245], [-50.364, 0.2481], [-50.3499, 0.2527], [-50.3389, 0.2714], [-50.3233, 0.287], [-50.317, 0.3088]]}}, {"type": "Feature", "properties": {"source_grid_index": 698, "source_longitude": -50.4, "source_latitude": 0.6, "nearest_grid_distance_km": 14.5933, "compound_count_annual_mean": 4.33, "mean_overlap_duration": 2.34, "mean_compound_intensity_norm": 0.2232, "Hazard_Index": 0.3609, "Hazard_Frequency": 0.4, "Hazard_Severity": 0.2792, "Hazard_Index_raw": 0.3396, "municipality_name": "Chaves", "municipality_state": "PA", "municipality_distance_km": 0.0, "segment_count": 33, "metrics_index": 698}, "geometry": {"type": "LineString", "coordinates": [[-50.317, 0.3088], [-50.3232, 0.3406], [-50.3359, 0.3685], [-50.3489, 0.3901], [-50.3531, 0.4002], [-50.3551, 0.4125], [-50.3521, 0.4509], [-50.3491, 0.4892], [-50.3461, 0.5275], [-50.3473, 0.5713], [-50.3605, 0.6064], [-50.3627, 0.6099], [-50.3651, 0.6125], [-50.3667, 0.6152], [-50.3667, 0.6199], [-50.3798, 0.6118], [-50.4009, 0.5883], [-50.422, 0.5648], [-50.4308, 0.548], [-50.4325, 0.5343], [-50.4294, 0.5067], [-50.4301, 0.4786], [-50.4281, 0.4655], [-50.422, 0.4487], [-50.4169, 0.442], [-50.4109, 0.4369], [-50.4071, 0.4307], [-50.4083, 0.4207], [-50.4124, 0.4216], [-50.4225, 0.419], [-50.4315, 0.4156], [-50.4325, 0.414], [-50.4392, 0.3977], [-50.4495, 0.3565]]}}, {"type": "Feature", "properties": {"source_grid_index": 685, "source_longitude": -50.6, "source_latitude": 0.2, "nearest_grid_distance_km": 14.2551, "compound_count_annual_mean": 3.55, "mean_overlap_duration": 2.42, "mean_compound_intensity_norm": 0.2121, "Hazard_Index": 0.3237, "Hazard_Frequency": 0.3224, "Hazard_Severity": 0.2889, "Hazard_Index_raw": 0.3056, "municipality_name": "Chaves", "municipality_state": "PA", "municipality_distance_km": 0.0, "segment_count": 18, "metrics_index": 685}, "geometry": {"type": "LineString", "coordinates": [[-50.4495, 0.3565], [-50.4597, 0.3154], [-50.47, 0.2743], [-50.4704, 0.2699], [-50.4769, 0.2654], [-50.4806, 0.266], [-50.4853, 0.2685], [-50.4945, 0.2699], [-50.506, 0.2662], [-50.5129, 0.2565], [-50.5163, 0.2434], [-50.5181, 0.2149], [-50.5168, 0.2086], [-50.5015, 0.1917], [-50.4932, 0.1855], [-50.4827, 0.1824], [-50.4598, 0.1811], [-50.4502, 0.1787], [-50.4263, 0.1684]]}}, {"type": "Feature", "properties": {"source_grid_index": 676, "source_longitude": -50.4, "source_latitude": -0.0, "nearest_grid_distance_km": 19.4395, "compound_count_annual_mean": 4.79, "mean_overlap_duration": 2.73, "mean_compound_intensity_norm": 0.1779, "Hazard_Index": 0.3517, "Hazard_Frequency": 0.4448, "Hazard_Severity": 0.2176, "Hazard_Index_raw": 0.3312, "municipality_name": "Chaves", "municipality_state": "PA", "municipality_distance_km": 0.0, "segment_count": 3, "metrics_index": 676}, "geometry": {"type": "LineString", "coordinates": [[-50.4263, 0.1684], [-50.419, 0.1679], [-50.4151, 0.1766], [-50.4188, 0.1889]]}}, {"type": "Feature", "properties": {"source_grid_index": 685, "source_longitude": -50.6, "source_latitude": 0.2, "nearest_grid_distance_km": 21.6991, "compound_count_annual_mean": 3.55, "mean_overlap_duration": 2.42, "mean_compound_intensity_norm": 0.2121, "Hazard_Index": 0.3237, "Hazard_Frequency": 0.3224, "Hazard_Severity": 0.2889, "Hazard_Index_raw": 0.3056, "municipality_name": "Chaves", "municipality_state": "PA", "municipality_distance_km": 0.0, "segment_count": 4, "metrics_index": 685}, "geometry": {"type": "LineString", "coordinates": [[-50.4188, 0.1889], [-50.4203, 0.203], [-50.414, 0.2263], [-50.3952, 0.2403], [-50.378, 0.245]]}}, {"type": "Feature", "properties": {"source_grid_index": 698, "source_longitude": -50.4, "source_latitude": 0.6, "nearest_grid_distance_km": 25.0175, "compound_count_annual_mean": 4.33, "mean_overlap_duration": 2.34, "mean_compound_intensity_norm": 0.2232, "Hazard_Index": 0.3609, "Hazard_Frequency": 0.4, "Hazard_Severity": 0.2792, "Hazard_Index_raw": 0.3396, "municipality_name": "Chaves", "municipality_state": "PA", "municipality_distance_km": 0.0, "segment_count": 1, "metrics_index": 698}, "geometry": {"type": "LineString", "coordinates": [[-50.3121, 0.414], [-50.3007, 0.3755]]}}, {"type": "Feature", "properties": {"source_grid_index": 699, "source_longitude": -50.2, "source_latitude": 0.6, "nearest_grid_distance_km": 26.338, "compound_count_annual_mean": 3.15, "mean_overlap_duration": 2.12, "mean_compound_intensity_norm": 0.2541, "Hazard_Index": 0.3132, "Hazard_Frequency": 0.2836, "Hazard_Severity": 0.3085, "Hazard_Index_raw": 0.2961, "municipality_name": "Chaves", "municipality_state": "PA", "municipality_distance_km": 0.0, "segment_count": 4, "metrics_index": 699}, "geometry": {"type": "LineString", "coordinates": [[-50.3007, 0.3755], [-50.2814, 0.3566], [-50.2496, 0.361], [-50.2298, 0.3776], [-50.1995, 0.3927]]}}, {"type": "Feature", "properties": {"source_grid_index": 692, "source_longitude": -50.0, "source_latitude": 0.4, "nearest_grid_distance_km": 15.4697, "compound_count_annual_mean": 5.36, "mean_overlap_duration": 1.95, "mean_compound_intensity_norm": 0.1973, "Hazard_Index": 0.3778, "Hazard_Frequency": 0.5015, "Hazard_Severity": 0.2085, "Hazard_Index_raw": 0.355, "municipality_name": "Chaves", "municipality_state": "PA", "municipality_distance_km": 0.0, "segment_count": 5, "metrics_index": 692}, "geometry": {"type": "LineString", "coordinates": [[-50.1995, 0.3927], [-50.1661, 0.4138], [-50.1352, 0.438], [-50.1044, 0.4621], [-50.0736, 0.4862], [-50.0427, 0.5103]]}}, {"type": "Feature", "properties": {"source_grid_index": 700, "source_longitude": -50.0, "source_latitude": 0.6, "nearest_grid_distance_km": 7.0186, "compound_count_annual_mean": 3.85, "mean_overlap_duration": 2.2, "mean_compound_intensity_norm": 0.2856, "Hazard_Index": 0.3709, "Hazard_Frequency": 0.3522, "Hazard_Severity": 0.3451, "Hazard_Index_raw": 0.3486, "municipality_name": "Chaves", "municipality_state": "PA", "municipality_distance_km": 0.7484, "segment_count": 13, "metrics_index": 700}, "geometry": {"type": "LineString", "coordinates": [[-50.0427, 0.5103], [-50.0363, 0.5259], [-50.0268, 0.5353], [-50.0248, 0.5412], [-50.0257, 0.5473], [-50.0305, 0.5568], [-50.0316, 0.5617], [-50.0314, 0.5849], [-50.0333, 0.5936], [-50.0384, 0.6064], [-50.0521, 0.6268], [-50.0657, 0.6473], [-50.0822, 0.6479], [-50.1029, 0.6398]]}}, {"type": "Feature", "properties": {"source_grid_index": 699, "source_longitude": -50.2, "source_latitude": 0.6, "nearest_grid_distance_km": 6.537, "compound_count_annual_mean": 3.15, "mean_overlap_duration": 2.12, "mean_compound_intensity_norm": 0.2541, "Hazard_Index": 0.3132, "Hazard_Frequency": 0.2836, "Hazard_Severity": 0.3085, "Hazard_Index_raw": 0.2961, "municipality_name": "Chaves", "municipality_state": "PA", "municipality_distance_km": 0.0, "segment_count": 16, "metrics_index": 699}, "geometry": {"type": "LineString", "coordinates": [[-50.1029, 0.6398], [-50.1221, 0.6268], [-50.134, 0.6125], [-50.1348, 0.5976], [-50.1151, 0.5862], [-50.1204, 0.5716], [-50.1506, 0.5971], [-50.1676, 0.6054], [-50.1749, 0.5954], [-50.1869, 0.5922], [-50.2145, 0.5926], [-50.2421, 0.593], [-50.2582, 0.5852], [-50.2516, 0.5758], [-50.2565, 0.5697], [-50.2786, 0.5585], [-50.3029, 0.531]]}}, {"type": "Feature", "properties": {"source_grid_index": 698, "source_longitude": -50.4, "source_latitude": 0.6, "nearest_grid_distance_km": 16.9552, "compound_count_annual_mean": 4.33, "mean_overlap_duration": 2.34, "mean_compound_intensity_norm": 0.2232, "Hazard_Index": 0.3609, "Hazard_Frequency": 0.4, "Hazard_Severity": 0.2792, "Hazard_Index_raw": 0.3396, "municipality_name": "Chaves", "municipality_state": "PA", "municipality_distance_km": 0.0, "segment_count": 3, "metrics_index": 698}, "geometry": {"type": "LineString", "coordinates": [[-50.3029, 0.531], [-50.3151, 0.4973], [-50.3173, 0.458], [-50.3121, 0.414]]}}, {"type": "Feature", "properties": {"source_grid_index": 710, "source_longitude": -50.2, "source_latitude": 0.8, "nearest_grid_distance_km": 8.728, "compound_count_annual_mean": 3.61, "mean_overlap_duration": 2.34, "mean_compound_intensity_norm": 0.2596, "Hazard_Index": 0.3493, "Hazard_Frequency": 0.3284, "Hazard_Severity": 0.3296, "Hazard_Index_raw": 0.329, "municipality_name": "Macapá", "municipality_state": "AP", "municipality_distance_km": 0.0581, "segment_count": 5, "metrics_index": 710}, "geometry": {"type": "LineString", "coordinates": [[-50.2024, 0.7497], [-50.1768, 0.7497], [-50.1512, 0.7496], [-50.1222, 0.7512], [-50.1119, 0.7523], [-50.1034, 0.7557]]}}, {"type": "Feature", "properties": {"source_grid_index": 711, "source_longitude": -50.0, "source_latitude": 0.8, "nearest_grid_distance_km": 8.6694, "compound_count_annual_mean": 3.3, "mean_overlap_duration": 2.36, "mean_compound_intensity_norm": 0.2555, "Hazard_Index": 0.3255, "Hazard_Frequency": 0.2985, "Hazard_Severity": 0.3161, "Hazard_Index_raw": 0.3073, "municipality_name": "Macapá", "municipality_state": "AP", "municipality_distance_km": 0.2871, "segment_count": 8, "metrics_index": 711}, "geometry": {"type": "LineString", "coordinates": [[-50.1034, 0.7557], [-50.0836, 0.7792], [-50.0763, 0.7986], [-50.0681, 0.8078], [-50.0497, 0.8211], [-50.0363, 0.8527], [-50.0229, 0.8731], [-50.0157, 0.8925], [-50.0269, 0.9038]]}}, {"type": "Feature", "properties": {"source_grid_index": 720, "source_longitude": -50.0, "source_latitude": 1.0, "nearest_grid_distance_km": 13.0063, "compound_count_annual_mean": 3.15, "mean_overlap_duration": 2.28, "mean_compound_intensity_norm": 0.248, "Hazard_Index": 0.3101, "Hazard_Frequency": 0.2836, "Hazard_Severity": 0.3029, "Hazard_Index_raw": 0.2933, "municipality_name": "Macapá", "municipality_state": "AP", "municipality_distance_km": 0.0, "segment_count": 3, "metrics_index": 720}, "geometry": {"type": "LineString", "coordinates": [[-50.0269, 0.9038], [-50.0586, 0.9018], [-50.0861, 0.9162], [-50.1117, 0.9183]]}}, {"type": "Feature", "properties": {"source_grid_index": 710, "source_longitude": -50.2, "source_latitude": 0.8, "nearest_grid_distance_km": 9.305, "compound_count_annual_mean": 3.61, "mean_overlap_duration": 2.34, "mean_compound_intensity_norm": 0.2596, "Hazard_Index": 0.3493, "Hazard_Frequency": 0.3284, "Hazard_Severity": 0.3296, "Hazard_Index_raw": 0.329, "municipality_name": "Macapá", "municipality_state": "AP", "municipality_distance_km": 0.0, "segment_count": 10, "metrics_index": 710}, "geometry": {"type": "LineString", "coordinates": [[-50.1117, 0.9183], [-50.1321, 0.9142], [-50.1588, 0.8867], [-50.1921, 0.8729], [-50.2255, 0.8592], [-50.2502, 0.8342], [-50.275, 0.8091], [-50.2834, 0.7692], [-50.2753, 0.7456], [-50.2414, 0.7446], [-50.2024, 0.7497]]}}, {"type": "Feature", "properties": {"source_grid_index": 720, "source_longitude": -50.0, "source_latitude": 1.0, "nearest_grid_distance_km": 7.3053, "compound_count_annual_mean": 3.15, "mean_overlap_duration": 2.28, "mean_compound_intensity_norm": 0.248, "Hazard_Index": 0.3101, "Hazard_Frequency": 0.2836, "Hazard_Severity": 0.3029, "Hazard_Index_raw": 0.2933, "municipality_name": "Macapá", "municipality_state": "AP", "municipality_distance_km": 0.0, "segment_count": 24, "metrics_index": 720}, "geometry": {"type": "LineString", "coordinates": [[-50.0626, 0.9233], [-50.0316, 0.9346], [-50.0253, 0.937], [-50.0083, 0.941], [-50.0049, 0.9452], [-49.9973, 0.9525], [-49.964, 0.9738], [-49.9565, 0.9865], [-49.9525, 0.9966], [-49.9441, 1.0082], [-49.9367, 1.0234], [-49.9162, 1.0566], [-49.9264, 1.0699], [-49.9468, 1.0628], [-49.967, 1.0431], [-49.9984, 1.034], [-50.0167, 1.0252], [-50.0319, 1.015], [-50.0384, 1.0067], [-50.0492, 0.9856], [-50.0737, 0.9774], [-50.1003, 0.9591], [-50.0993, 0.9386], [-50.0718, 0.9314], [-50.0626, 0.9233]]}}, {"type": "Feature", "properties": {"source_grid_index": 745, "source_longitude": -50.4, "source_latitude": 2.2, "nearest_grid_distance_km": 14.2025, "compound_count_annual_mean": 1.58, "mean_overlap_duration": 5.25, "mean_compound_intensity_norm": 0.3821, "Hazard_Index": 0.5254, "Hazard_Frequency": 0.1284, "Hazard_Severity": 0.8508, "Hazard_Index_raw": 0.4896, "municipality_name": "Amapá", "municipality_state": "AP", "municipality_distance_km": 0.0, "segment_count": 3, "metrics_index": 745}, "geometry": {"type": "LineString", "coordinates": [[-50.4544, 2.1109], [-50.4701, 2.0977], [-50.4885, 2.0989], [-50.5042, 2.0957]]}}, {"type": "Feature", "properties": {"source_grid_index": 744, "source_longitude": -50.6, "source_latitude": 2.2, "nearest_grid_distance_km": 20.8902, "compound_count_annual_mean": 1.97, "mean_overlap_duration": 4.54, "mean_compound_intensity_norm": 0.3582, "Hazard_Index": 0.5217, "Hazard_Frequency": 0.1672, "Hazard_Severity": 0.8052, "Hazard_Index_raw": 0.4862, "municipality_name": "Amapá", "municipality_state": "AP", "municipality_distance_km": 0.0, "segment_count": 6, "metrics_index": 744}, "geometry": {"type": "LineString", "coordinates": [[-50.5042, 2.0957], [-50.5113, 2.0798], [-50.5117, 2.0562], [-50.5208, 2.0317], [-50.5238, 2.0015], [-50.5082, 1.9952], [-50.4976, 1.9846]]}}, {"type": "Feature", "properties": {"source_grid_index": 745, "source_longitude": -50.4, "source_latitude": 2.2, "nearest_grid_distance_km": 29.0337, "compound_count_annual_mean": 1.58, "mean_overlap_duration": 5.25, "mean_compound_intensity_norm": 0.3821, "Hazard_Index": 0.5254, "Hazard_Frequency": 0.1284, "Hazard_Severity": 0.8508, "Hazard_Index_raw": 0.4896, "municipality_name": "Amapá", "municipality_state": "AP", "municipality_distance_km": 0.5946, "segment_count": 3, "metrics_index": 745}, "geometry": {"type": "LineString", "coordinates": [[-50.4976, 1.9846], [-50.4955, 1.9672], [-50.4766, 1.9427], [-50.4676, 1.9119]]}}, {"type": "Feature", "properties": {"source_grid_index": 740, "source_longitude": -50.2, "source_latitude": 2.0, "nearest_grid_distance_km": 21.2, "compound_count_annual_mean": 1.76, "mean_overlap_duration": 4.66, "mean_compound_intensity_norm": 0.4073, "Hazard_Index": 0.574, "Hazard_Frequency": 0.1463, "Hazard_Severity": 0.9215, "Hazard_Index_raw": 0.5339, "municipality_name": "Amapá", "municipality_state": "AP", "municipality_distance_km": 0.6053, "segment_count": 13, "metrics_index": 740}, "geometry": {"type": "LineString", "coordinates": [[-50.4676, 1.9119], [-50.4586, 1.881], [-50.4409, 1.8698], [-50.4191, 1.863], [-50.3945, 1.8706], [-50.3766, 1.8783], [-50.3578, 1.8955], [-50.339, 1.9127], [-50.3209, 1.9354], [-50.3125, 1.9471], [-50.314, 1.9683], [-50.325, 1.9918], [-50.3389, 2.0097], [-50.3532, 2.0343]]}}, {"type": "Feature", "properties": {"source_grid_index": 745, "source_longitude": -50.4, "source_latitude": 2.2, "nearest_grid_distance_km": 12.3107, "compound_count_annual_mean": 1.58, "mean_overlap_duration": 5.25, "mean_compound_intensity_norm": 0.3821, "Hazard_Index": 0.5254, "Hazard_Frequency": 0.1284, "Hazard_Severity": 0.8508, "Hazard_Index_raw": 0.4896, "municipality_name": "Amapá", "municipality_state": "AP", "municipality_distance_km": 0.7619, "segment_count": 8, "metrics_index": 745}, "geometry": {"type": "LineString", "coordinates": [[-50.3532, 2.0343], [-50.3569, 2.0594], [-50.3664, 2.0697], [-50.3868, 2.0972], [-50.3996, 2.1151], [-50.4096, 2.1129], [-50.4264, 2.1107], [-50.4415, 2.108], [-50.4544, 2.1109]]}}, {"type": "Feature", "properties": {"source_grid_index": 744, "source_longitude": -50.6, "source_latitude": 2.2, "nearest_grid_distance_km": 11.8485, "compound_count_annual_mean": 1.97, "mean_overlap_duration": 4.54, "mean_compound_intensity_norm": 0.3582, "Hazard_Index": 0.5217, "Hazard_Frequency": 0.1672, "Hazard_Severity": 0.8052, "Hazard_Index_raw": 0.4862, "municipality_name": "Amapá", "municipality_state": "AP", "municipality_distance_km": 0.1278, "segment_count": 5, "metrics_index": 744}, "geometry": {"type": "LineString", "coordinates": [[-50.5435, 2.1462], [-50.5357, 2.1445], [-50.5257, 2.1377], [-50.5202, 2.1154], [-50.5097, 2.1097], [-50.4979, 2.1074]]}}, {"type": "Feature", "properties": {"source_grid_index": 745, "source_longitude": -50.4, "source_latitude": 2.2, "nearest_grid_distance_km": 9.5393, "compound_count_annual_mean": 1.58, "mean_overlap_duration": 5.25, "mean_compound_intensity_norm": 0.3821, "Hazard_Index": 0.5254, "Hazard_Frequency": 0.1284, "Hazard_Severity": 0.8508, "Hazard_Index_raw": 0.4896, "municipality_name": "Amapá", "municipality_state": "AP", "municipality_distance_km": 0.0, "segment_count": 12, "metrics_index": 745}, "geometry": {"type": "LineString", "coordinates": [[-50.4979, 2.1074], [-50.4862, 2.1101], [-50.4733, 2.1078], [-50.4666, 2.1161], [-50.4576, 2.1205], [-50.4414, 2.1182], [-50.4247, 2.1197], [-50.4152, 2.1269], [-50.4178, 2.1448], [-50.4305, 2.165], [-50.4483, 2.1762], [-50.4633, 2.1869], [-50.4924, 2.1866]]}}, {"type": "Feature", "properties": {"source_grid_index": 744, "source_longitude": -50.6, "source_latitude": 2.2, "nearest_grid_distance_km": 8.3732, "compound_count_annual_mean": 1.97, "mean_overlap_duration": 4.54, "mean_compound_intensity_norm": 0.3582, "Hazard_Index": 0.5217, "Hazard_Frequency": 0.1672, "Hazard_Severity": 0.8052, "Hazard_Index_raw": 0.4862, "municipality_name": "Amapá", "municipality_state": "AP", "municipality_distance_km": 0.3077, "segment_count": 5, "metrics_index": 744}, "geometry": {"type": "LineString", "coordinates": [[-50.4924, 2.1866], [-50.5136, 2.1873], [-50.5417, 2.1679], [-50.5535, 2.1563], [-50.553, 2.1513], [-50.5435, 2.1462]]}}, {"type": "Feature", "properties": {"source_grid_index": 770, "source_longitude": -51.6, "source_latitude": 4.4, "nearest_grid_distance_km": 36.9145, "compound_count_annual_mean": 1.27, "mean_overlap_duration": 3.48, "mean_compound_intensity_norm": 0.2279, "Hazard_Index": 0.2238, "Hazard_Frequency": 0.0985, "Hazard_Severity": 0.3306, "Hazard_Index_raw": 0.2145, "municipality_name": "Oiapoque", "municipality_state": "AP", "municipality_distance_km": 29.4935, "segment_count": 5, "metrics_index": 770}, "geometry": {"type": "LineString", "coordinates": [[-51.9463, 4.378], [-51.9365, 4.3919], [-51.9343, 4.4022], [-51.9249, 4.4293], [-51.9228, 4.4471], [-51.9246, 4.4787]]}}, {"type": "Feature", "properties": {"source_grid_index": 778, "source_longitude": -52.0, "source_latitude": 4.8, "nearest_grid_distance_km": 34.8055, "compound_count_annual_mean": 1.0, "mean_overlap_duration": 3.58, "mean_compound_intensity_norm": 0.293, "Hazard_Index": 0.2765, "Hazard_Frequency": 0.0716, "Hazard_Severity": 0.4536, "Hazard_Index_raw": 0.2626, "municipality_name": "Oiapoque", "municipality_state": "AP", "municipality_distance_km": 29.372, "segment_count": 1, "metrics_index": 778}, "geometry": {"type": "LineString", "coordinates": [[-51.9246, 4.4787], [-51.9265, 4.5102]]}}, {"type": "Feature", "properties": {"source_grid_index": 779, "source_longitude": -51.8, "source_latitude": 4.8, "nearest_grid_distance_km": 18.8483, "compound_count_annual_mean": 0.67, "mean_overlap_duration": 3.73, "mean_compound_intensity_norm": 0.3026, "Hazard_Index": 0.2756, "Hazard_Frequency": 0.0388, "Hazard_Severity": 0.4848, "Hazard_Index_raw": 0.2618, "municipality_name": "Oiapoque", "municipality_state": "AP", "municipality_distance_km": 29.7261, "segment_count": 4, "metrics_index": 779}, "geometry": {"type": "LineString", "coordinates": [[-51.8522, 4.6579], [-51.8483, 4.6557], [-51.8249, 4.6342], [-51.8015, 4.6127], [-51.7931, 4.6011]]}}, {"type": "Feature", "properties": {"source_grid_index": 774, "source_longitude": -51.6, "source_latitude": 4.6, "nearest_grid_distance_km": 20.8518, "compound_count_annual_mean": 0.7, "mean_overlap_duration": 3.83, "mean_compound_intensity_norm": 0.2703, "Hazard_Index": 0.243, "Hazard_Frequency": 0.0418, "Hazard_Severity": 0.4222, "Hazard_Index_raw": 0.232, "municipality_name": "Oiapoque", "municipality_state": "AP", "municipality_distance_km": 21.0781, "segment_count": 5, "metrics_index": 774}, "geometry": {"type": "LineString", "coordinates": [[-51.7931, 4.6011], [-51.8008, 4.5897], [-51.7872, 4.5708], [-51.7735, 4.552], [-51.7651, 4.529], [-51.7636, 4.5061]]}}, {"type": "Feature", "properties": {"source_grid_index": 770, "source_longitude": -51.6, "source_latitude": 4.4, "nearest_grid_distance_km": 21.8768, "compound_count_annual_mean": 1.27, "mean_overlap_duration": 3.48, "mean_compound_intensity_norm": 0.2279, "Hazard_Index": 0.2238, "Hazard_Frequency": 0.0985, "Hazard_Severity": 0.3306, "Hazard_Index_raw": 0.2145, "municipality_name": "Oiapoque", "municipality_state": "AP", "municipality_distance_km": 12.4779, "segment_count": 43, "metrics_index": 770}, "geometry": {"type": "LineString", "coordinates": [[-51.7636, 4.5061], [-51.758, 4.4778], [-51.7475, 4.4572], [-51.731, 4.4571], [-51.733, 4.4479], [-51.7377, 4.4404], [-51.7424, 4.436], [-51.7447, 4.4366], [-51.7437, 4.4289], [-51.7384, 4.413], [-51.7309, 4.3994], [-51.7143, 4.3952], [-51.6976, 4.3931], [-51.6901, 4.3851], [-51.6941, 4.371], [-51.7031, 4.3635], [-51.7123, 4.3537], [-51.7168, 4.3336], [-51.7147, 4.3161], [-51.7085, 4.3004], [-51.6889, 4.2712], [-51.6693, 4.2421], [-51.6567, 4.2173], [-51.6507, 4.19], [-51.649, 4.1523], [-51.6525, 4.1221], [-51.6624, 4.0914], [-51.6722, 4.0608], [-51.6832, 4.0394], [-51.6516, 4.0477], [-51.6317, 4.0678], [-51.6198, 4.0978], [-51.6078, 4.1278], [-51.5958, 4.1579], [-51.5964, 4.1867], [-51.5969, 4.2155], [-51.5853, 4.2338], [-51.5716, 4.2354], [-51.5597, 4.2237], [-51.5522, 4.2072], [-51.5457, 4.1782], [-51.5392, 4.1492], [-51.5255, 4.1148], [-51.5119, 4.0803]]}}, {"type": "Feature", "properties": {"source_grid_index": 767, "source_longitude": -51.2, "source_latitude": 4.2, "nearest_grid_distance_km": 36.2681, "compound_count_annual_mean": 1.12, "mean_overlap_duration": 3.0, "mean_compound_intensity_norm": 0.2579, "Hazard_Index": 0.2264, "Hazard_Frequency": 0.0836, "Hazard_Severity": 0.3502, "Hazard_Index_raw": 0.2169, "municipality_name": "Oiapoque", "municipality_state": "AP", "municipality_distance_km": 0.0, "segment_count": 10, "metrics_index": 767}, "geometry": {"type": "LineString", "coordinates": [[-51.5119, 4.0803], [-51.4916, 4.0437], [-51.4713, 4.0071], [-51.451, 3.9705], [-51.4368, 3.9295], [-51.4282, 3.9577], [-51.4354, 3.9859], [-51.4495, 4.0089], [-51.4635, 4.0319], [-51.4808, 4.0687], [-51.4982, 4.1054]]}}, {"type": "Feature", "properties": {"source_grid_index": 770, "source_longitude": -51.6, "source_latitude": 4.4, "nearest_grid_distance_km": 14.0168, "compound_count_annual_mean": 1.27, "mean_overlap_duration": 3.48, "mean_compound_intensity_norm": 0.2279, "Hazard_Index": 0.2238, "Hazard_Frequency": 0.0985, "Hazard_Severity": 0.3306, "Hazard_Index_raw": 0.2145, "municipality_name": "Oiapoque", "municipality_state": "AP", "municipality_distance_km": 0.0, "segment_count": 13, "metrics_index": 770}, "geometry": {"type": "LineString", "coordinates": [[-51.4982, 4.1054], [-51.5103, 4.1428], [-51.5224, 4.1802], [-51.5346, 4.2176], [-51.5467, 4.255], [-51.5515, 4.2891], [-51.5563, 4.3231], [-51.561, 4.3571], [-51.56, 4.3694], [-51.5539, 4.3956], [-51.5477, 4.4218], [-51.5378, 4.4321], [-51.5165, 4.4411], [-51.4907, 4.4277]]}}, {"type": "Feature", "properties": {"source_grid_index": 771, "source_longitude": -51.4, "source_latitude": 4.4, "nearest_grid_distance_km": 7.7444, "compound_count_annual_mean": 0.94, "mean_overlap_duration": 3.77, "mean_compound_intensity_norm": 0.2615, "Hazard_Index": 0.2246, "Hazard_Frequency": 0.0657, "Hazard_Severity": 0.3648, "Hazard_Index_raw": 0.2153, "municipality_name": "Oiapoque", "municipality_state": "AP", "municipality_distance_km": 0.0, "segment_count": 7, "metrics_index": 771}, "geometry": {"type": "LineString", "coordinates": [[-51.4907, 4.4277], [-51.472, 4.415], [-51.4534, 4.4023], [-51.4213, 4.3806], [-51.3892, 4.3589], [-51.3665, 4.3338], [-51.3438, 4.3087], [-51.321, 4.2836]]}}, {"type": "Feature", "properties": {"source_grid_index": 767, "source_longitude": -51.2, "source_latitude": 4.2, "nearest_grid_distance_km": 10.6683, "compound_count_annual_mean": 1.12, "mean_overlap_duration": 3.0, "mean_compound_intensity_norm": 0.2579, "Hazard_Index": 0.2264, "Hazard_Frequency": 0.0836, "Hazard_Severity": 0.3502, "Hazard_Index_raw": 0.2169, "municipality_name": "Oiapoque", "municipality_state": "AP", "municipality_distance_km": 0.0, "segment_count": 9, "metrics_index": 767}, "geometry": {"type": "LineString", "coordinates": [[-51.321, 4.2836], [-51.2983, 4.2585], [-51.2737, 4.2274], [-51.2491, 4.1962], [-51.2244, 4.165], [-51.2119, 4.1363], [-51.1994, 4.1076], [-51.1869, 4.0788], [-51.1832, 4.052], [-51.1794, 4.0252]]}}, {"type": "Feature", "properties": {"source_grid_index": 765, "source_longitude": -51.0, "source_latitude": 4.0, "nearest_grid_distance_km": 20.892, "compound_count_annual_mean": 0.88, "mean_overlap_duration": 3.76, "mean_compound_intensity_norm": 0.2411, "Hazard_Index": 0.2419, "Hazard_Frequency": 0.0597, "Hazard_Severity": 0.4024, "Hazard_Index_raw": 0.231, "municipality_name": "Oiapoque", "municipality_state": "AP", "municipality_distance_km": 0.0, "segment_count": 4, "metrics_index": 765}, "geometry": {"type": "LineString", "coordinates": [[-51.1794, 4.0252], [-51.1794, 3.9918], [-51.1794, 3.9584], [-51.1794, 3.9249], [-51.1797, 3.8848]]}}, {"type": "Feature", "properties": {"source_grid_index": 763, "source_longitude": -51.0, "source_latitude": 3.8, "nearest_grid_distance_km": 21.386, "compound_count_annual_mean": 0.73, "mean_overlap_duration": 4.46, "mean_compound_intensity_norm": 0.2661, "Hazard_Index": 0.2677, "Hazard_Frequency": 0.0448, "Hazard_Severity": 0.4644, "Hazard_Index_raw": 0.2546, "municipality_name": "Oiapoque", "municipality_state": "AP", "municipality_distance_km": 0.0, "segment_count": 5, "metrics_index": 763}, "geometry": {"type": "LineString", "coordinates": [[-51.1797, 3.8848], [-51.18, 3.8446], [-51.1802, 3.8044], [-51.186, 3.7695], [-51.1917, 3.7345], [-51.1975, 3.6995]]}}, {"type": "Feature", "properties": {"source_grid_index": 761, "source_longitude": -51.0, "source_latitude": 3.6, "nearest_grid_distance_km": 21.5855, "compound_count_annual_mean": 0.82, "mean_overlap_duration": 4.89, "mean_compound_intensity_norm": 0.2579, "Hazard_Index": 0.2677, "Hazard_Frequency": 0.0537, "Hazard_Severity": 0.4554, "Hazard_Index_raw": 0.2546, "municipality_name": "Calçoene", "municipality_state": "AP", "municipality_distance_km": 0.0, "segment_count": 4, "metrics_index": 761}, "geometry": {"type": "LineString", "coordinates": [[-51.1975, 3.6995], [-51.1868, 3.6739], [-51.1761, 3.6483], [-51.1735, 3.6713], [-51.1645, 3.7045]]}}, {"type": "Feature", "properties": {"source_grid_index": 763, "source_longitude": -51.0, "source_latitude": 3.8, "nearest_grid_distance_km": 17.582, "compound_count_annual_mean": 0.73, "mean_overlap_duration": 4.46, "mean_compound_intensity_norm": 0.2661, "Hazard_Index": 0.2677, "Hazard_Frequency": 0.0448, "Hazard_Severity": 0.4644, "Hazard_Index_raw": 0.2546, "municipality_name": "Calçoene", "municipality_state": "AP", "municipality_distance_km": 0.0, "segment_count": 5, "metrics_index": 763}, "geometry": {"type": "LineString", "coordinates": [[-51.1645, 3.7045], [-51.1556, 3.7377], [-51.1522, 3.7824], [-51.1488, 3.8271], [-51.1364, 3.8677], [-51.1164, 3.9062]]}}, {"type": "Feature", "properties": {"source_grid_index": 765, "source_longitude": -51.0, "source_latitude": 4.0, "nearest_grid_distance_km": 15.5579, "compound_count_annual_mean": 0.88, "mean_overlap_duration": 3.76, "mean_compound_intensity_norm": 0.2411, "Hazard_Index": 0.2419, "Hazard_Frequency": 0.0597, "Hazard_Severity": 0.4024, "Hazard_Index_raw": 0.231, "municipality_name": "Calçoene", "municipality_state": "AP", "municipality_distance_km": 0.0, "segment_count": 1, "metrics_index": 765}, "geometry": {"type": "LineString", "coordinates": [[-51.1164, 3.9062], [-51.0932, 3.9072]]}}, {"type": "Feature", "properties": {"source_grid_index": 763, "source_longitude": -51.0, "source_latitude": 3.8, "nearest_grid_distance_km": 11.8695, "compound_count_annual_mean": 0.73, "mean_overlap_duration": 4.46, "mean_compound_intensity_norm": 0.2661, "Hazard_Index": 0.2677, "Hazard_Frequency": 0.0448, "Hazard_Severity": 0.4644, "Hazard_Index_raw": 0.2546, "municipality_name": "Calçoene", "municipality_state": "AP", "municipality_distance_km": 0.0, "segment_count": 6, "metrics_index": 763}, "geometry": {"type": "LineString", "coordinates": [[-51.0932, 3.9072], [-51.0799, 3.8823], [-51.0824, 3.8429], [-51.085, 3.8036], [-51.0875, 3.7643], [-51.09, 3.725], [-51.0882, 3.6807]]}}, {"type": "Feature", "properties": {"source_grid_index": 761, "source_longitude": -51.0, "source_latitude": 3.6, "nearest_grid_distance_km": 11.1114, "compound_count_annual_mean": 0.82, "mean_overlap_duration": 4.89, "mean_compound_intensity_norm": 0.2579, "Hazard_Index": 0.2677, "Hazard_Frequency": 0.0537, "Hazard_Severity": 0.4554, "Hazard_Index_raw": 0.2546, "municipality_name": "Calçoene", "municipality_state": "AP", "municipality_distance_km": 0.11, "segment_count": 5, "metrics_index": 761}, "geometry": {"type": "LineString", "coordinates": [[-51.0882, 3.6807], [-51.0863, 3.6364], [-51.0844, 3.5921], [-51.0828, 3.5587], [-51.0811, 3.5254], [-51.0794, 3.4921]]}}, {"type": "Feature", "properties": {"source_grid_index": 278, "source_longitude": -29.4, "source_latitude": -20.6, "nearest_grid_distance_km": 8.0294, "compound_count_annual_mean": 0.33, "mean_overlap_duration": 4.64, "mean_compound_intensity_norm": 0.2498, "Hazard_Index": 0.1257, "Hazard_Frequency": 0.006, "Hazard_Severity": 0.2443, "Hazard_Index_raw": 0.1251, "municipality_name": "Vitória", "municipality_state": "ES", "municipality_distance_km": 5.6405, "segment_count": 8, "metrics_index": 278}, "geometry": {"type": "LineString", "coordinates": [[-29.3382, -20.5842], [-29.3483, -20.5613], [-29.3443, -20.551], [-29.332, -20.5533], [-29.3169, -20.5688], [-29.324, -20.5715], [-29.3286, -20.5753], [-29.3329, -20.5797], [-29.3382, -20.5842]]}}, {"type": "Feature", "properties": {"source_grid_index": 281, "source_longitude": -28.8, "source_latitude": -20.6, "nearest_grid_distance_km": 13.2821, "compound_count_annual_mean": 0.39, "mean_overlap_duration": 4.85, "mean_compound_intensity_norm": 0.3027, "Hazard_Index": 0.1896, "Hazard_Frequency": 0.0119, "Hazard_Severity": 0.3548, "Hazard_Index_raw": 0.1834, "municipality_name": "Vitória", "municipality_state": "ES", "municipality_distance_km": 4.1117, "segment_count": 8, "metrics_index": 281}, "geometry": {"type": "LineString", "coordinates": [[-28.8833, -20.5187], [-28.8819, -20.5154], [-28.8814, -20.5124], [-28.8805, -20.5108], [-28.8771, -20.5117], [-28.8778, -20.5143], [-28.8793, -20.5157], [-28.8813, -20.5169], [-28.8833, -20.5187]]}}, {"type": "Feature", "properties": {"source_grid_index": 114, "source_longitude": -48.4, "source_latitude": -27.4, "nearest_grid_distance_km": 11.6558, "compound_count_annual_mean": 5.21, "mean_overlap_duration": 1.27, "mean_compound_intensity_norm": 0.241, "Hazard_Index": 0.3591, "Hazard_Frequency": 0.4866, "Hazard_Severity": 0.1892, "Hazard_Index_raw": 0.3379, "municipality_name": "Florianópolis", "municipality_state": "SC", "municipality_distance_km": 0.0, "segment_count": 10, "metrics_index": 114}, "geometry": {"type": "LineString", "coordinates": [[-48.4346, -27.4047], [-48.4458, -27.4124], [-48.4726, -27.4194], [-48.4994, -27.4264], [-48.5171, -27.4283], [-48.5121, -27.4448], [-48.5194, -27.4545], [-48.5308, -27.4631], [-48.5375, -27.4762], [-48.5349, -27.4841], [-48.5204, -27.4958]]}}, {"type": "Feature", "properties": {"source_grid_index": 111, "source_longitude": -48.4, "source_latitude": -27.6, "nearest_grid_distance_km": 14.1571, "compound_count_annual_mean": 6.46, "mean_overlap_duration": 1.35, "mean_compound_intensity_norm": 0.2752, "Hazard_Index": 0.4666, "Hazard_Frequency": 0.609, "Hazard_Severity": 0.263, "Hazard_Index_raw": 0.436, "municipality_name": "Florianópolis", "municipality_state": "SC", "municipality_distance_km": 0.0, "segment_count": 20, "metrics_index": 111}, "geometry": {"type": "LineString", "coordinates": [[-48.5204, -27.4958], [-48.5171, -27.5071], [-48.5186, -27.5129], [-48.5216, -27.5178], [-48.5242, -27.5235], [-48.5239, -27.5307], [-48.5138, -27.5354], [-48.5067, -27.54], [-48.5034, -27.545], [-48.5043, -27.5564], [-48.5082, -27.5649], [-48.5158, -27.57], [-48.5277, -27.5717], [-48.5471, -27.5772], [-48.5402, -27.5915], [-48.526, -27.6114], [-48.5239, -27.6337], [-48.5502, -27.6583], [-48.5591, -27.6745], [-48.5444, -27.6816], [-48.5572, -27.7079]]}}, {"type": "Feature", "properties": {"source_grid_index": 109, "source_longitude": -48.4, "source_latitude": -27.8, "nearest_grid_distance_km": 13.6394, "compound_count_annual_mean": 6.88, "mean_overlap_duration": 1.48, "mean_compound_intensity_norm": 0.3024, "Hazard_Index": 0.5314, "Hazard_Frequency": 0.6507, "Hazard_Severity": 0.3394, "Hazard_Index_raw": 0.4951, "municipality_name": "Florianópolis", "municipality_state": "SC", "municipality_distance_km": 0.0, "segment_count": 15, "metrics_index": 109}, "geometry": {"type": "LineString", "coordinates": [[-48.5572, -27.7079], [-48.5635, -27.7398], [-48.5643, -27.7767], [-48.5651, -27.8137], [-48.5638, -27.8173], [-48.5598, -27.8185], [-48.5519, -27.8194], [-48.5426, -27.8167], [-48.5347, -27.8079], [-48.5205, -27.7883], [-48.5126, -27.7839], [-48.4935, -27.7791], [-48.4861, -27.7743], [-48.4822, -27.7595], [-48.4975, -27.7239], [-48.4966, -27.7027]]}}, {"type": "Feature", "properties": {"source_grid_index": 111, "source_longitude": -48.4, "source_latitude": -27.6, "nearest_grid_distance_km": 6.6683, "compound_count_annual_mean": 6.46, "mean_overlap_duration": 1.35, "mean_compound_intensity_norm": 0.2752, "Hazard_Index": 0.4666, "Hazard_Frequency": 0.609, "Hazard_Severity": 0.263, "Hazard_Index_raw": 0.436, "municipality_name": "Florianópolis", "municipality_state": "SC", "municipality_distance_km": 0.0, "segment_count": 13, "metrics_index": 111}, "geometry": {"type": "LineString", "coordinates": [[-48.4966, -27.7027], [-48.4743, -27.6682], [-48.452, -27.6337], [-48.4416, -27.6277], [-48.4276, -27.6131], [-48.4145, -27.5951], [-48.4072, -27.5792], [-48.407, -27.5686], [-48.4125, -27.5461], [-48.4141, -27.5341], [-48.412, -27.5237], [-48.4075, -27.5173], [-48.4031, -27.5124], [-48.3957, -27.4936]]}}, {"type": "Feature", "properties": {"source_grid_index": 114, "source_longitude": -48.4, "source_latitude": -27.4, "nearest_grid_distance_km": 4.6328, "compound_count_annual_mean": 5.21, "mean_overlap_duration": 1.27, "mean_compound_intensity_norm": 0.241, "Hazard_Index": 0.3591, "Hazard_Frequency": 0.4866, "Hazard_Severity": 0.1892, "Hazard_Index_raw": 0.3379, "municipality_name": "Florianópolis", "municipality_state": "SC", "municipality_distance_km": 0.0, "segment_count": 7, "metrics_index": 114}, "geometry": {"type": "LineString", "coordinates": [[-48.3957, -27.4936], [-48.3852, -27.4773], [-48.3773, -27.4582], [-48.3799, -27.4357], [-48.3902, -27.4205], [-48.4088, -27.3996], [-48.4266, -27.3889], [-48.4346, -27.4047]]}}, {"type": "Feature", "properties": {"source_grid_index": 127, "source_longitude": -48.4, "source_latitude": -26.4, "nearest_grid_distance_km": 16.5158, "compound_count_annual_mean": 5.67, "mean_overlap_duration": 1.31, "mean_compound_intensity_norm": 0.2831, "Hazard_Index": 0.4184, "Hazard_Frequency": 0.5313, "Hazard_Severity": 0.2527, "Hazard_Index_raw": 0.392, "municipality_name": "São Francisco do Sul", "municipality_state": "SC", "municipality_distance_km": 1.2717, "segment_count": 2, "metrics_index": 127}, "geometry": {"type": "LineString", "coordinates": [[-48.5444, -26.3419], [-48.5392, -26.3189], [-48.5161, -26.2813]]}}, {"type": "Feature", "properties": {"source_grid_index": 129, "source_longitude": -48.4, "source_latitude": -26.2, "nearest_grid_distance_km": 18.5597, "compound_count_annual_mean": 5.42, "mean_overlap_duration": 1.28, "mean_compound_intensity_norm": 0.2887, "Hazard_Index": 0.403, "Hazard_Frequency": 0.5075, "Hazard_Severity": 0.2485, "Hazard_Index_raw": 0.378, "municipality_name": "São Francisco do Sul", "municipality_state": "SC", "municipality_distance_km": 0.9615, "segment_count": 20, "metrics_index": 129}, "geometry": {"type": "LineString", "coordinates": [[-48.5161, -26.2813], [-48.5076, -26.2566], [-48.4928, -26.2438], [-48.4891, -26.236], [-48.4901, -26.2278], [-48.4934, -26.2189], [-48.5163, -26.184], [-48.5312, -26.1703], [-48.5476, -26.1673], [-48.5655, -26.1813], [-48.5581, -26.2055], [-48.5776, -26.2184], [-48.6072, -26.2273], [-48.63, -26.2397], [-48.6367, -26.2519], [-48.6398, -26.2617], [-48.6465, -26.2683], [-48.6642, -26.2708], [-48.6753, -26.2739], [-48.6842, -26.2813], [-48.7012, -26.3072]]}}, {"type": "Feature", "properties": {"source_grid_index": 127, "source_longitude": -48.4, "source_latitude": -26.4, "nearest_grid_distance_km": 29.3161, "compound_count_annual_mean": 5.67, "mean_overlap_duration": 1.31, "mean_compound_intensity_norm": 0.2831, "Hazard_Index": 0.4184, "Hazard_Frequency": 0.5313, "Hazard_Severity": 0.2527, "Hazard_Index_raw": 0.392, "municipality_name": "São Francisco do Sul", "municipality_state": "SC", "municipality_distance_km": 0.0, "segment_count": 5, "metrics_index": 127}, "geometry": {"type": "LineString", "coordinates": [[-48.7012, -26.3072], [-48.7033, -26.3119], [-48.6997, -26.3167], [-48.6785, -26.331], [-48.6573, -26.3453], [-48.6431, -26.3591]]}}, {"type": "Feature", "properties": {"source_grid_index": 127, "source_longitude": -48.4, "source_latitude": -26.4, "nearest_grid_distance_km": 22.8059, "compound_count_annual_mean": 5.67, "mean_overlap_duration": 1.31, "mean_compound_intensity_norm": 0.2831, "Hazard_Index": 0.4184, "Hazard_Frequency": 0.5313, "Hazard_Severity": 0.2527, "Hazard_Index_raw": 0.392, "municipality_name": "Balneário Barra do Sul", "municipality_state": "SC", "municipality_distance_km": 0.0, "segment_count": 2, "metrics_index": 127}, "geometry": {"type": "LineString", "coordinates": [[-48.6431, -26.3591], [-48.628, -26.388], [-48.6113, -26.4128]]}}, {"type": "Feature", "properties": {"source_grid_index": 127, "source_longitude": -48.4, "source_latitude": -26.4, "nearest_grid_distance_km": 17.9936, "compound_count_annual_mean": 5.67, "mean_overlap_duration": 1.31, "mean_compound_intensity_norm": 0.2831, "Hazard_Index": 0.4184, "Hazard_Frequency": 0.5313, "Hazard_Severity": 0.2527, "Hazard_Index_raw": 0.392, "municipality_name": "São Francisco do Sul", "municipality_state": "SC", "municipality_distance_km": 0.0, "segment_count": 9, "metrics_index": 127}, "geometry": {"type": "LineString", "coordinates": [[-48.6113, -26.4128], [-48.5922, -26.4142], [-48.5863, -26.4196], [-48.5832, -26.4211], [-48.5785, -26.421], [-48.5798, -26.3976], [-48.5791, -26.3854], [-48.5754, -26.3762], [-48.5479, -26.3518], [-48.5444, -26.3419]]}}, {"type": "Feature", "properties": {"source_grid_index": 148, "source_longitude": -47.4, "source_latitude": -24.8, "nearest_grid_distance_km": 19.402, "compound_count_annual_mean": 7.67, "mean_overlap_duration": 1.55, "mean_compound_intensity_norm": 0.3438, "Hazard_Index": 0.6063, "Hazard_Frequency": 0.7284, "Hazard_Severity": 0.3983, "Hazard_Index_raw": 0.5633, "municipality_name": "Ilha Comprida", "municipality_state": "SP", "municipality_distance_km": 0.0, "segment_count": 5, "metrics_index": 148}, "geometry": {"type": "LineString", "coordinates": [[-47.5172, -24.7009], [-47.5353, -24.7101], [-47.5617, -24.736], [-47.5873, -24.7453], [-47.6129, -24.7545], [-47.6433, -24.783]]}}, {"type": "Feature", "properties": {"source_grid_index": 145, "source_longitude": -47.6, "source_latitude": -25.0, "nearest_grid_distance_km": 22.7441, "compound_count_annual_mean": 7.52, "mean_overlap_duration": 1.55, "mean_compound_intensity_norm": 0.3495, "Hazard_Index": 0.5994, "Hazard_Frequency": 0.7134, "Hazard_Severity": 0.4007, "Hazard_Index_raw": 0.5571, "municipality_name": "Ilha Comprida", "municipality_state": "SP", "municipality_distance_km": 0.0, "segment_count": 2, "metrics_index": 145}, "geometry": {"type": "LineString", "coordinates": [[-47.6433, -24.783], [-47.6736, -24.8115], [-47.7174, -24.8303]]}}, {"type": "Feature", "properties": {"source_grid_index": 144, "source_longitude": -47.8, "source_latitude": -25.0, "nearest_grid_distance_km": 18.4957, "compound_count_annual_mean": 7.0, "mean_overlap_duration": 1.37, "mean_compound_intensity_norm": 0.2972, "Hazard_Index": 0.5145, "Hazard_Frequency": 0.6627, "Hazard_Severity": 0.2965, "Hazard_Index_raw": 0.4796, "municipality_name": "Ilha Comprida", "municipality_state": "SP", "municipality_distance_km": 0.0, "segment_count": 1, "metrics_index": 144}, "geometry": {"type": "LineString", "coordinates": [[-47.7174, -24.8303], [-47.7555, -24.858]]}}, {"type": "Feature", "properties": {"source_grid_index": 144, "source_longitude": -47.8, "source_latitude": -25.0, "nearest_grid_distance_km": 10.5105, "compound_count_annual_mean": 7.0, "mean_overlap_duration": 1.37, "mean_compound_intensity_norm": 0.2972, "Hazard_Index": 0.5145, "Hazard_Frequency": 0.6627, "Hazard_Severity": 0.2965, "Hazard_Index_raw": 0.4796, "municipality_name": "Cananéia", "municipality_state": "SP", "municipality_distance_km": 0.0, "segment_count": 5, "metrics_index": 144}, "geometry": {"type": "LineString", "coordinates": [[-47.7555, -24.858], [-47.7937, -24.8856], [-47.8319, -24.9133], [-47.8521, -24.9359], [-47.8724, -24.9586], [-47.8796, -24.9648]]}}, {"type": "Feature", "properties": {"source_grid_index": 144, "source_longitude": -47.8, "source_latitude": -25.0, "nearest_grid_distance_km": 9.8428, "compound_count_annual_mean": 7.0, "mean_overlap_duration": 1.37, "mean_compound_intensity_norm": 0.2972, "Hazard_Index": 0.5145, "Hazard_Frequency": 0.6627, "Hazard_Severity": 0.2965, "Hazard_Index_raw": 0.4796, "municipality_name": "Ilha Comprida", "municipality_state": "SP", "municipality_distance_km": 0.0, "segment_count": 12, "metrics_index": 144}, "geometry": {"type": "LineString", "coordinates": [[-47.8796, -24.9648], [-47.8838, -24.9821], [-47.8998, -25.0157], [-47.9001, -25.0368], [-47.8883, -25.0412], [-47.8774, -25.0271], [-47.8591, -24.989], [-47.838, -24.9583], [-47.8227, -24.9417], [-47.7854, -24.9238], [-47.7517, -24.8979], [-47.7181, -24.872], [-47.6844, -24.846]]}}, {"type": "Feature", "properties": {"source_grid_index": 145, "source_longitude": -47.6, "source_latitude": -25.0, "nearest_grid_distance_km": 20.7713, "compound_count_annual_mean": 7.52, "mean_overlap_duration": 1.55, "mean_compound_intensity_norm": 0.3495, "Hazard_Index": 0.5994, "Hazard_Frequency": 0.7134, "Hazard_Severity": 0.4007, "Hazard_Index_raw": 0.5571, "municipality_name": "Ilha Comprida", "municipality_state": "SP", "municipality_distance_km": 0.0582, "segment_count": 2, "metrics_index": 145}, "geometry": {"type": "LineString", "coordinates": [[-47.6844, -24.846], [-47.6508, -24.8201], [-47.6172, -24.7942]]}}, {"type": "Feature", "properties": {"source_grid_index": 148, "source_longitude": -47.4, "source_latitude": -24.8, "nearest_grid_distance_km": 15.145, "compound_count_annual_mean": 7.67, "mean_overlap_duration": 1.55, "mean_compound_intensity_norm": 0.3438, "Hazard_Index": 0.6063, "Hazard_Frequency": 0.7284, "Hazard_Severity": 0.3983, "Hazard_Index_raw": 0.5633, "municipality_name": "Ilha Comprida", "municipality_state": "SP", "municipality_distance_km": 0.0, "segment_count": 7, "metrics_index": 148}, "geometry": {"type": "LineString", "coordinates": [[-47.6172, -24.7942], [-47.5836, -24.7683], [-47.55, -24.7424], [-47.5303, -24.7325], [-47.4952, -24.7239], [-47.4717, -24.7087], [-47.4483, -24.6935], [-47.4483, -24.6867]]}}, {"type": "Feature", "properties": {"source_grid_index": 148, "source_longitude": -47.4, "source_latitude": -24.8, "nearest_grid_distance_km": 14.2757, "compound_count_annual_mean": 7.67, "mean_overlap_duration": 1.55, "mean_compound_intensity_norm": 0.3438, "Hazard_Index": 0.6063, "Hazard_Frequency": 0.7284, "Hazard_Severity": 0.3983, "Hazard_Index_raw": 0.5633, "municipality_name": "Iguape", "municipality_state": "SP", "municipality_distance_km": 0.0, "segment_count": 5, "metrics_index": 148}, "geometry": {"type": "LineString", "coordinates": [[-47.4483, -24.6867], [-47.4591, -24.6902], [-47.4733, -24.6977], [-47.483, -24.7009], [-47.5067, -24.6998], [-47.5172, -24.7009]]}}, {"type": "Feature", "properties": {"source_grid_index": 171, "source_longitude": -46.4, "source_latitude": -24.0, "nearest_grid_distance_km": 9.2559, "compound_count_annual_mean": 9.0, "mean_overlap_duration": 1.82, "mean_compound_intensity_norm": 0.327, "Hazard_Index": 0.7114, "Hazard_Frequency": 0.8597, "Hazard_Severity": 0.4587, "Hazard_Index_raw": 0.6592, "municipality_name": "Santos", "municipality_state": "SP", "municipality_distance_km": 0.0, "segment_count": 4, "metrics_index": 171}, "geometry": {"type": "LineString", "coordinates": [[-46.328, -23.9264], [-46.3484, -23.9264], [-46.3815, -23.9203], [-46.3937, -23.9202], [-46.3894, -23.9295]]}}, {"type": "Feature", "properties": {"source_grid_index": 171, "source_longitude": -46.4, "source_latitude": -24.0, "nearest_grid_distance_km": 5.1609, "compound_count_annual_mean": 9.0, "mean_overlap_duration": 1.82, "mean_compound_intensity_norm": 0.327, "Hazard_Index": 0.7114, "Hazard_Frequency": 0.8597, "Hazard_Severity": 0.4587, "Hazard_Index_raw": 0.6592, "municipality_name": "São Vicente", "municipality_state": "SP", "municipality_distance_km": 0.118, "segment_count": 12, "metrics_index": 171}, "geometry": {"type": "LineString", "coordinates": [[-46.3894, -23.9295], [-46.3883, -23.9357], [-46.39, -23.9409], [-46.3937, -23.9474], [-46.402, -23.9428], [-46.4069, -23.9418], [-46.4204, -23.9474], [-46.4047, -23.9705], [-46.3999, -23.9748], [-46.3916, -23.9773], [-46.3745, -23.978], [-46.3658, -23.9816], [-46.3554, -23.9706]]}}, {"type": "Feature", "properties": {"source_grid_index": 171, "source_longitude": -46.4, "source_latitude": -24.0, "nearest_grid_distance_km": 7.9418, "compound_count_annual_mean": 9.0, "mean_overlap_duration": 1.82, "mean_compound_intensity_norm": 0.327, "Hazard_Index": 0.7114, "Hazard_Frequency": 0.8597, "Hazard_Severity": 0.4587, "Hazard_Index_raw": 0.6592, "municipality_name": "Santos", "municipality_state": "SP", "municipality_distance_km": 0.0, "segment_count": 3, "metrics_index": 171}, "geometry": {"type": "LineString", "coordinates": [[-46.3554, -23.9706], [-46.3414, -23.9699], [-46.3166, -23.9804], [-46.2919, -23.9909]]}}, {"type": "Feature", "properties": {"source_grid_index": 172, "source_longitude": -46.2, "source_latitude": -24.0, "nearest_grid_distance_km": 9.9797, "compound_count_annual_mean": 8.7, "mean_overlap_duration": 1.81, "mean_compound_intensity_norm": 0.3185, "Hazard_Index": 0.6848, "Hazard_Frequency": 0.8299, "Hazard_Severity": 0.44, "Hazard_Index_raw": 0.6349, "municipality_name": "Santos", "municipality_state": "SP", "municipality_distance_km": 0.0, "segment_count": 2, "metrics_index": 172}, "geometry": {"type": "LineString", "coordinates": [[-46.2919, -23.9909], [-46.2916, -23.9792], [-46.3026, -23.9584]]}}, {"type": "Feature", "properties": {"source_grid_index": 171, "source_longitude": -46.4, "source_latitude": -24.0, "nearest_grid_distance_km": 11.0608, "compound_count_annual_mean": 9.0, "mean_overlap_duration": 1.82, "mean_compound_intensity_norm": 0.327, "Hazard_Index": 0.7114, "Hazard_Frequency": 0.8597, "Hazard_Severity": 0.4587, "Hazard_Index_raw": 0.6592, "municipality_name": "Santos", "municipality_state": "SP", "municipality_distance_km": 0.0, "segment_count": 5, "metrics_index": 171}, "geometry": {"type": "LineString", "coordinates": [[-46.3026, -23.9584], [-46.3174, -23.9406], [-46.3199, -23.9353], [-46.3187, -23.9308], [-46.3195, -23.9277], [-46.328, -23.9264]]}}, {"type": "Feature", "properties": {"source_grid_index": 177, "source_longitude": -45.2, "source_latitude": -24.0, "nearest_grid_distance_km": 11.0225, "compound_count_annual_mean": 7.52, "mean_overlap_duration": 1.96, "mean_compound_intensity_norm": 0.337, "Hazard_Index": 0.6516, "Hazard_Frequency": 0.7134, "Hazard_Severity": 0.496, "Hazard_Index_raw": 0.6047, "municipality_name": "Ilhabela", "municipality_state": "SP", "municipality_distance_km": 0.8978, "segment_count": 2, "metrics_index": 177}, "geometry": {"type": "LineString", "coordinates": [[-45.2137, -23.9065], [-45.2151, -23.902], [-45.2164, -23.8991]]}}, {"type": "Feature", "properties": {"source_grid_index": 183, "source_longitude": -45.2, "source_latitude": -23.8, "nearest_grid_distance_km": 8.4071, "compound_count_annual_mean": 7.09, "mean_overlap_duration": 1.76, "mean_compound_intensity_norm": 0.2544, "Hazard_Index": 0.5247, "Hazard_Frequency": 0.6716, "Hazard_Severity": 0.3063, "Hazard_Index_raw": 0.489, "municipality_name": "Ilhabela", "municipality_state": "SP", "municipality_distance_km": 0.9767, "segment_count": 11, "metrics_index": 183}, "geometry": {"type": "LineString", "coordinates": [[-45.2164, -23.8991], [-45.2213, -23.8923], [-45.255, -23.8982], [-45.2711, -23.8689], [-45.2657, -23.8393], [-45.2349, -23.8444], [-45.2315, -23.8084], [-45.2281, -23.7724], [-45.2366, -23.7618], [-45.2618, -23.745], [-45.287, -23.7282], [-45.2971, -23.7243]]}}, {"type": "Feature", "properties": {"source_grid_index": 182, "source_longitude": -45.4, "source_latitude": -23.8, "nearest_grid_distance_km": 8.928, "compound_count_annual_mean": 9.15, "mean_overlap_duration": 1.94, "mean_compound_intensity_norm": 0.2851, "Hazard_Index": 0.6901, "Hazard_Frequency": 0.8746, "Hazard_Severity": 0.4049, "Hazard_Index_raw": 0.6398, "municipality_name": "Ilhabela", "municipality_state": "SP", "municipality_distance_km": 0.995, "segment_count": 14, "metrics_index": 182}, "geometry": {"type": "LineString", "coordinates": [[-45.2971, -23.7243], [-45.3085, -23.7214], [-45.3168, -23.7209], [-45.3247, -23.7253], [-45.3271, -23.7309], [-45.3286, -23.7375], [-45.3339, -23.7452], [-45.3377, -23.7521], [-45.3447, -23.7824], [-45.3554, -23.8001], [-45.3876, -23.8291], [-45.4198, -23.8581], [-45.4348, -23.8673], [-45.4474, -23.8772], [-45.453, -23.8914]]}}, {"type": "Feature", "properties": {"source_grid_index": 176, "source_longitude": -45.4, "source_latitude": -24.0, "nearest_grid_distance_km": 10.2413, "compound_count_annual_mean": 7.91, "mean_overlap_duration": 1.95, "mean_compound_intensity_norm": 0.3478, "Hazard_Index": 0.6846, "Hazard_Frequency": 0.7522, "Hazard_Severity": 0.5173, "Hazard_Index_raw": 0.6348, "municipality_name": "Ilhabela", "municipality_state": "SP", "municipality_distance_km": 0.0, "segment_count": 6, "metrics_index": 176}, "geometry": {"type": "LineString", "coordinates": [[-45.453, -23.8914], [-45.4471, -23.9127], [-45.4219, -23.9352], [-45.3857, -23.9381], [-45.3461, -23.9282], [-45.31, -23.9127], [-45.3038, -23.9202]]}}, {"type": "Feature", "properties": {"source_grid_index": 177, "source_longitude": -45.2, "source_latitude": -24.0, "nearest_grid_distance_km": 8.1519, "compound_count_annual_mean": 7.52, "mean_overlap_duration": 1.96, "mean_compound_intensity_norm": 0.337, "Hazard_Index": 0.6516, "Hazard_Frequency": 0.7134, "Hazard_Severity": 0.496, "Hazard_Index_raw": 0.6047, "municipality_name": "Ilhabela", "municipality_state": "SP", "municipality_distance_km": 0.2462, "segment_count": 17, "metrics_index": 177}, "geometry": {"type": "LineString", "coordinates": [[-45.3038, -23.9202], [-45.2904, -23.9119], [-45.2805, -23.9252], [-45.2718, -23.9462], [-45.2622, -23.9611], [-45.256, -23.9621], [-45.251, -23.9621], [-45.2465, -23.9635], [-45.2417, -23.968], [-45.2289, -23.9611], [-45.2246, -23.9577], [-45.2183, -23.9495], [-45.2178, -23.9449], [-45.2213, -23.9406], [-45.2226, -23.9277], [-45.2269, -23.9168], [-45.2265, -23.9093], [-45.2137, -23.9065]]}}, {"type": "Feature", "properties": {"source_grid_index": 207, "source_longitude": -44.2, "source_latitude": -23.2, "nearest_grid_distance_km": 12.1547, "compound_count_annual_mean": 7.82, "mean_overlap_duration": 2.14, "mean_compound_intensity_norm": 0.3253, "Hazard_Index": 0.6841, "Hazard_Frequency": 0.7433, "Hazard_Severity": 0.5254, "Hazard_Index_raw": 0.6343, "municipality_name": "Angra dos Reis", "municipality_state": "RJ", "municipality_distance_km": 0.2629, "segment_count": 33, "metrics_index": 207}, "geometry": {"type": "LineString", "coordinates": [[-44.1009, -23.149], [-44.1106, -23.1403], [-44.1183, -23.1313], [-44.1169, -23.1267], [-44.1129, -23.1207], [-44.113, -23.1147], [-44.1244, -23.1108], [-44.1267, -23.1139], [-44.1302, -23.121], [-44.1353, -23.1281], [-44.1418, -23.1313], [-44.1551, -23.1259], [-44.1626, -23.1159], [-44.1708, -23.1101], [-44.1865, -23.1176], [-44.207, -23.1046], [-44.2018, -23.1023], [-44.1977, -23.1], [-44.1932, -23.0981], [-44.1865, -23.0971], [-44.1865, -23.091], [-44.1967, -23.0852], [-44.2082, -23.0807], [-44.2191, -23.0777], [-44.2275, -23.0768], [-44.2278, -23.0749], [-44.2305, -23.0715], [-44.2351, -23.0688], [-44.2412, -23.0698], [-44.2449, -23.086], [-44.248, -23.091], [-44.2709, -23.1152], [-44.2842, -23.1232], [-44.2964, -23.1176]]}}, {"type": "Feature", "properties": {"source_grid_index": 206, "source_longitude": -44.4, "source_latitude": -23.2, "nearest_grid_distance_km": 7.0518, "compound_count_annual_mean": 7.76, "mean_overlap_duration": 2.03, "mean_compound_intensity_norm": 0.296, "Hazard_Index": 0.6387, "Hazard_Frequency": 0.7373, "Hazard_Severity": 0.4484, "Hazard_Index_raw": 0.5929, "municipality_name": "Angra dos Reis", "municipality_state": "RJ", "municipality_distance_km": 0.0, "segment_count": 19, "metrics_index": 206}, "geometry": {"type": "LineString", "coordinates": [[-44.2964, -23.1176], [-44.3231, -23.1456], [-44.36, -23.1638], [-44.3655, -23.164], [-44.3671, -23.1652], [-44.3647, -23.1728], [-44.3607, -23.1782], [-44.3545, -23.1804], [-44.3374, -23.1796], [-44.3415, -23.1896], [-44.3417, -23.1987], [-44.338, -23.2066], [-44.3299, -23.2138], [-44.329, -23.2171], [-44.329, -23.2197], [-44.3277, -23.2213], [-44.3231, -23.2206], [-44.3189, -23.2072], [-44.3111, -23.1913], [-44.3017, -23.1783]]}}, {"type": "Feature", "properties": {"source_grid_index": 207, "source_longitude": -44.2, "source_latitude": -23.2, "nearest_grid_distance_km": 7.1266, "compound_count_annual_mean": 7.82, "mean_overlap_duration": 2.14, "mean_compound_intensity_norm": 0.3253, "Hazard_Index": 0.6841, "Hazard_Frequency": 0.7433, "Hazard_Severity": 0.5254, "Hazard_Index_raw": 0.6343, "municipality_name": "Angra dos Reis", "municipality_state": "RJ", "municipality_distance_km": 0.0, "segment_count": 21, "metrics_index": 207}, "geometry": {"type": "LineString", "coordinates": [[-44.3017, -23.1783], [-44.2926, -23.1728], [-44.2762, -23.1752], [-44.2659, -23.1808], [-44.256, -23.1877], [-44.2412, -23.1935], [-44.2308, -23.1935], [-44.1897, -23.1866], [-44.1769, -23.1813], [-44.1682, -23.1716], [-44.1593, -23.1658], [-44.1456, -23.1728], [-44.141, -23.1677], [-44.1354, -23.1655], [-44.128, -23.165], [-44.1183, -23.1655], [-44.1181, -23.1677], [-44.1163, -23.1725], [-44.1127, -23.1774], [-44.1077, -23.1796], [-44.1037, -23.1786], [-44.0978, -23.1739]]}}, {"type": "Feature", "properties": {"source_grid_index": 208, "source_longitude": -44.0, "source_latitude": -23.2, "nearest_grid_distance_km": 9.9767, "compound_count_annual_mean": 7.58, "mean_overlap_duration": 2.06, "mean_compound_intensity_norm": 0.3138, "Hazard_Index": 0.647, "Hazard_Frequency": 0.7194, "Hazard_Severity": 0.4815, "Hazard_Index_raw": 0.6004, "municipality_name": "Angra dos Reis", "municipality_state": "RJ", "municipality_distance_km": 0.1822, "segment_count": 3, "metrics_index": 208}, "geometry": {"type": "LineString", "coordinates": [[-44.0978, -23.1739], [-44.0823, -23.1695], [-44.0854, -23.1618], [-44.1009, -23.149]]}}, {"type": "Feature", "properties": {"source_grid_index": 528, "source_longitude": -32.4, "source_latitude": -3.8, "nearest_grid_distance_km": 7.6993, "compound_count_annual_mean": 0.55, "mean_overlap_duration": 3.33, "mean_compound_intensity_norm": 0.1672, "Hazard_Index": 0.023, "Hazard_Frequency": 0.0269, "Hazard_Severity": 0.036, "Hazard_Index_raw": 0.0314, "municipality_name": "Fernando de Noronha", "municipality_state": "PE", "municipality_distance_km": 0.0, "segment_count": 15, "metrics_index": 528}, "geometry": {"type": "LineString", "coordinates": [[-32.4034, -3.8378], [-32.4142, -3.8427], [-32.4266, -3.8458], [-32.4369, -3.8499], [-32.4413, -3.8586], [-32.4468, -3.8635], [-32.4571, -3.8709], [-32.4628, -3.8784], [-32.4543, -3.8831], [-32.4415, -3.8808], [-32.4144, -3.8655], [-32.3997, -3.862], [-32.3886, -3.8528], [-32.3866, -3.8412], [-32.3922, -3.8342], [-32.4034, -3.8378]]}}, {"type": "Feature", "properties": {"source_grid_index": 135, "source_longitude": -48.4, "source_latitude": -25.6, "nearest_grid_distance_km": 26.5892, "compound_count_annual_mean": 7.15, "mean_overlap_duration": 1.33, "mean_compound_intensity_norm": 0.322, "Hazard_Index": 0.5326, "Hazard_Frequency": 0.6776, "Hazard_Severity": 0.3147, "Hazard_Index_raw": 0.4962, "municipality_name": "Guaraqueçaba", "municipality_state": "PR", "municipality_distance_km": 0.0, "segment_count": 1, "metrics_index": 135}, "geometry": {"type": "LineString", "coordinates": [[-48.3223, -25.3837], [-48.2985, -25.3664]]}}, {"type": "Feature", "properties": {"source_grid_index": 136, "source_longitude": -48.2, "source_latitude": -25.6, "nearest_grid_distance_km": 28.2806, "compound_count_annual_mean": 7.06, "mean_overlap_duration": 1.34, "mean_compound_intensity_norm": 0.3327, "Hazard_Index": 0.5389, "Hazard_Frequency": 0.6687, "Hazard_Severity": 0.3352, "Hazard_Index_raw": 0.5019, "municipality_name": "Guaraqueçaba", "municipality_state": "PR", "municipality_distance_km": 0.0, "segment_count": 1, "metrics_index": 136}, "geometry": {"type": "LineString", "coordinates": [[-48.2985, -25.3664], [-48.269, -25.3482]]}}, {"type": "Feature", "properties": {"source_grid_index": 139, "source_longitude": -48.0, "source_latitude": -25.4, "nearest_grid_distance_km": 26.4714, "compound_count_annual_mean": 7.76, "mean_overlap_duration": 1.45, "mean_compound_intensity_norm": 0.3405, "Hazard_Index": 0.5944, "Hazard_Frequency": 0.7373, "Hazard_Severity": 0.3678, "Hazard_Index_raw": 0.5525, "municipality_name": "Guaraqueçaba", "municipality_state": "PR", "municipality_distance_km": 0.0, "segment_count": 2, "metrics_index": 139}, "geometry": {"type": "LineString", "coordinates": [[-48.269, -25.3482], [-48.2554, -25.3482], [-48.2509, -25.3646]]}}, {"type": "Feature", "properties": {"source_grid_index": 136, "source_longitude": -48.2, "source_latitude": -25.6, "nearest_grid_distance_km": 19.2168, "compound_count_annual_mean": 7.06, "mean_overlap_duration": 1.34, "mean_compound_intensity_norm": 0.3327, "Hazard_Index": 0.5389, "Hazard_Frequency": 0.6687, "Hazard_Severity": 0.3352, "Hazard_Index_raw": 0.5019, "municipality_name": "Guaraqueçaba", "municipality_state": "PR", "municipality_distance_km": 0.0, "segment_count": 6, "metrics_index": 136}, "geometry": {"type": "LineString", "coordinates": [[-48.2509, -25.3646], [-48.2567, -25.3891], [-48.2682, -25.4269], [-48.2671, -25.4463], [-48.2559, -25.4657], [-48.2695, -25.4759], [-48.2911, -25.4891]]}}, {"type": "Feature", "properties": {"source_grid_index": 135, "source_longitude": -48.4, "source_latitude": -25.6, "nearest_grid_distance_km": 18.9931, "compound_count_annual_mean": 7.15, "mean_overlap_duration": 1.33, "mean_compound_intensity_norm": 0.322, "Hazard_Index": 0.5326, "Hazard_Frequency": 0.6776, "Hazard_Severity": 0.3147, "Hazard_Index_raw": 0.4962, "municipality_name": "Guaraqueçaba", "municipality_state": "PR", "municipality_distance_km": 0.0, "segment_count": 7, "metrics_index": 135}, "geometry": {"type": "LineString", "coordinates": [[-48.2911, -25.4891], [-48.3092, -25.486], [-48.3239, -25.4675], [-48.3193, -25.4543], [-48.3215, -25.442], [-48.3395, -25.4255], [-48.3383, -25.4082], [-48.3223, -25.3837]]}}, {"type": "Feature", "properties": {"source_grid_index": 453, "source_longitude": -34.8, "source_latitude": -7.6, "nearest_grid_distance_km": 12.3232, "compound_count_annual_mean": 1.3, "mean_overlap_duration": 4.05, "mean_compound_intensity_norm": 0.2144, "Hazard_Index": 0.2066, "Hazard_Frequency": 0.1015, "Hazard_Severity": 0.2963, "Hazard_Index_raw": 0.1989, "municipality_name": "Ilha de Itamaracá", "municipality_state": "PE", "municipality_distance_km": 0.0, "segment_count": 2, "metrics_index": 453}, "geometry": {"type": "LineString", "coordinates": [[-34.8527, -7.6974], [-34.8461, -7.6958], [-34.8361, -7.6969]]}}, {"type": "Feature", "properties": {"source_grid_index": 450, "source_longitude": -34.8, "source_latitude": -7.8, "nearest_grid_distance_km": 8.6237, "compound_count_annual_mean": 0.97, "mean_overlap_duration": 4.44, "mean_compound_intensity_norm": 0.2134, "Hazard_Index": 0.128, "Hazard_Frequency": 0.0687, "Hazard_Severity": 0.1856, "Hazard_Index_raw": 0.1271, "municipality_name": "Ilha de Itamaracá", "municipality_state": "PE", "municipality_distance_km": 0.0, "segment_count": 21, "metrics_index": 450}, "geometry": {"type": "LineString", "coordinates": [[-34.8361, -7.6969], [-34.8302, -7.7038], [-34.8321, -7.7119], [-34.8278, -7.7242], [-34.8223, -7.7388], [-34.8223, -7.7492], [-34.8269, -7.7653], [-34.8338, -7.7784], [-34.8369, -7.7958], [-34.838, -7.8108], [-34.8454, -7.8135], [-34.8582, -7.8132], [-34.8737, -7.8094], [-34.8842, -7.804], [-34.8843, -7.7882], [-34.8828, -7.7655], [-34.8805, -7.7536], [-34.8708, -7.7424], [-34.86, -7.7278], [-34.8577, -7.7147], [-34.8566, -7.7043], [-34.8527, -7.6974]]}}, {"type": "Feature", "properties": {"source_grid_index": 567, "source_longitude": -42.2, "source_latitude": -2.6, "nearest_grid_distance_km": 15.2122, "compound_count_annual_mean": 0.67, "mean_overlap_duration": 6.86, "mean_compound_intensity_norm": 0.2089, "Hazard_Index": 0.1795, "Hazard_Frequency": 0.0388, "Hazard_Severity": 0.3096, "Hazard_Index_raw": 0.1742, "municipality_name": "Tutóia", "municipality_state": "MA", "municipality_distance_km": 0.0, "segment_count": 6, "metrics_index": 567}, "geometry": {"type": "LineString", "coordinates": [[-42.2287, -2.6933], [-42.2172, -2.7019], [-42.1989, -2.7201], [-42.1663, -2.7258], [-42.149, -2.7354], [-42.1269, -2.7546], [-42.1096, -2.7632]]}}, {"type": "Feature", "properties": {"source_grid_index": 567, "source_longitude": -42.2, "source_latitude": -2.6, "nearest_grid_distance_km": 21.5698, "compound_count_annual_mean": 0.67, "mean_overlap_duration": 6.86, "mean_compound_intensity_norm": 0.2089, "Hazard_Index": 0.1795, "Hazard_Frequency": 0.0388, "Hazard_Severity": 0.3096, "Hazard_Index_raw": 0.1742, "municipality_name": "Araioses", "municipality_state": "MA", "municipality_distance_km": 1.4092, "segment_count": 1, "metrics_index": 567}, "geometry": {"type": "LineString", "coordinates": [[-42.1096, -2.7632], [-42.1058, -2.7727]]}}, {"type": "Feature", "properties": {"source_grid_index": 567, "source_longitude": -42.2, "source_latitude": -2.6, "nearest_grid_distance_km": 15.5342, "compound_count_annual_mean": 0.67, "mean_overlap_duration": 6.86, "mean_compound_intensity_norm": 0.2089, "Hazard_Index": 0.1795, "Hazard_Frequency": 0.0388, "Hazard_Severity": 0.3096, "Hazard_Index_raw": 0.1742, "municipality_name": "Tutóia", "municipality_state": "MA", "municipality_distance_km": 0.5832, "segment_count": 10, "metrics_index": 567}, "geometry": {"type": "LineString", "coordinates": [[-42.1058, -2.7727], [-42.1317, -2.7737], [-42.1701, -2.768], [-42.1893, -2.7546], [-42.2152, -2.7441], [-42.2498, -2.7364], [-42.2584, -2.7202], [-42.2584, -2.6962], [-42.2508, -2.6818], [-42.2393, -2.6809], [-42.2287, -2.6933]]}}, {"type": "Feature", "properties": {"source_grid_index": 582, "source_longitude": -44.0, "source_latitude": -2.4, "nearest_grid_distance_km": 22.2229, "compound_count_annual_mean": 1.64, "mean_overlap_duration": 3.89, "mean_compound_intensity_norm": 0.2884, "Hazard_Index": 0.3102, "Hazard_Frequency": 0.1343, "Hazard_Severity": 0.4524, "Hazard_Index_raw": 0.2933, "municipality_name": "Icatu", "municipality_state": "MA", "municipality_distance_km": 0.0, "segment_count": 30, "metrics_index": 582}, "geometry": {"type": "LineString", "coordinates": [[-43.8329, -2.4541], [-43.8339, -2.4422], [-43.8403, -2.4324], [-43.8487, -2.424], [-43.8418, -2.4166], [-43.8403, -2.4156], [-43.8235, -2.4077], [-43.8131, -2.4092], [-43.8082, -2.421], [-43.8121, -2.4353], [-43.8136, -2.4541], [-43.8136, -2.4546], [-43.8033, -2.4565], [-43.8008, -2.4551], [-43.7909, -2.4417], [-43.7899, -2.4398], [-43.7751, -2.4289], [-43.7642, -2.4289], [-43.7568, -2.4477], [-43.7613, -2.461], [-43.7667, -2.4763], [-43.7707, -2.496], [-43.7815, -2.5054], [-43.8092, -2.5128], [-43.826, -2.5138], [-43.8383, -2.5074], [-43.8428, -2.4935], [-43.8428, -2.4926], [-43.8443, -2.4802], [-43.8378, -2.4635], [-43.8329, -2.4541]]}}, {"type": "Feature", "properties": {"source_grid_index": 599, "source_longitude": -43.6, "source_latitude": -2.2, "nearest_grid_distance_km": 21.7615, "compound_count_annual_mean": 0.94, "mean_overlap_duration": 5.32, "mean_compound_intensity_norm": 0.2206, "Hazard_Index": 0.173, "Hazard_Frequency": 0.0657, "Hazard_Severity": 0.2708, "Hazard_Index_raw": 0.1682, "municipality_name": "Humberto de Campos", "municipality_state": "MA", "municipality_distance_km": 0.0, "segment_count": 15, "metrics_index": 599}, "geometry": {"type": "LineString", "coordinates": [[-43.5648, -2.3613], [-43.546, -2.3603], [-43.542, -2.3712], [-43.545, -2.3899], [-43.5559, -2.4037], [-43.5608, -2.417], [-43.5608, -2.418], [-43.5737, -2.4235], [-43.5855, -2.4151], [-43.6018, -2.4116], [-43.6072, -2.3968], [-43.6117, -2.385], [-43.6077, -2.3732], [-43.5919, -2.3687], [-43.5796, -2.3648], [-43.5648, -2.3613]]}}]}
