grid_lat_mhws,grid_lon_mhws,compound_count_total_mhws,mean_integrated_severity_mhws,compound_count_annual_mean_mhws,mean_overlap_duration_mhws,mean_full_criterion_duration_mhws,mean_compound_intensity_norm_mhws,thr_hs_abs_mhws,thr_zos_abs_mhws,mhws_m,Hazard_Frequency_mhws,Hazard_Severity_mhws,Hazard_Index_raw_mhws,Hazard_Index_mhws,Hazard_Duration_mhws,Hazard_Peak_Intensity_mhws,grid_lat_hat,grid_lon_hat,compound_count_total_hat,mean_integrated_severity_hat,compound_count_annual_mean_hat,mean_overlap_duration_hat,mean_full_criterion_duration_hat,mean_compound_intensity_norm_hat,thr_hs_abs_hat,thr_zos_abs_hat,Hazard_Frequency_hat,Hazard_Severity_hat,Hazard_Index_raw_hat,Hazard_Index_hat,Hazard_Duration_hat,Hazard_Peak_Intensity_hat,latitude_band
-35.0,-54.8,344,0.8789,10.43,1.56,1.56,0.5544,2.14,0.398495,0.099642,1.0,0.8378651685393258,0.918932584269663,0.9962108534544586,0.03769633507853404,0.8752941176470589,-35.0,-54.8,344,0.7908,10.43,1.56,1.56,0.5117,2.14,0.398495,1.0,1.0,1.0,1.0,0.03183673469387755,1.0,RS
-35.0,-54.6,323,0.8944,9.79,1.59,1.59,0.5567,2.34,0.359741,0.11343,0.9373134328358209,0.8552808988764043,0.8962971658561126,0.9713896908733151,0.04083769633507854,0.8798039215686274,-35.0,-54.6,309,0.7652,9.36,1.61,1.59,0.4939,2.34,0.359741,0.8982558139534884,0.9676277187658068,0.9329417663596475,0.9329417663596475,0.03285714285714286,0.9652139925737736,RS
-35.0,-54.4,317,0.873,9.61,1.57,1.57,0.5493,2.498,0.321151,0.12276,0.9194029850746268,0.8312359550561796,0.8753194700654032,0.9483863256036337,0.03874345549738221,0.8652941176470589,-35.0,-54.4,287,0.6974,8.7,1.62,1.53,0.4649,2.498,0.321151,0.8343023255813954,0.8818917551846233,0.8580970403830093,0.8580970403830093,0.03306122448979592,0.9085401602501465,RS
-35.0,-54.2,307,0.8552,9.3,1.56,1.56,0.5441,2.6,0.293137,0.128753,0.8895522388059701,0.8112359550561796,0.8503940969310748,0.9210540833777744,0.03769633507853404,0.8550980392156864,-35.0,-54.2,252,0.6497,7.64,1.66,1.5,0.4507,2.6,0.293137,0.7325581395348837,0.8215730905412242,0.7770656150380539,0.7770656150380539,0.03387755102040816,0.8807895251123704,RS
-35.0,-54.0,295,0.865,8.94,1.63,1.63,0.5363,2.67,0.27192,0.132173,0.8537313432835821,0.8222471910112359,0.837989267147409,0.9074514058735909,0.04502617801047119,0.8398039215686275,-35.0,-54.0,214,0.6349,6.49,1.79,1.53,0.4362,2.67,0.27192,0.622093023255814,0.8028578654527062,0.71247544435426,0.71247544435426,0.03653061224489796,0.8524526089505569,RS
-34.8,-54.4,325,0.8948,9.85,1.54,1.54,0.5741,2.19,0.401081,0.121316,0.9432835820895522,0.8557303370786516,0.8995069595841019,0.9749094319498335,0.035602094240837705,0.9139215686274511,-34.8,-54.4,321,0.7598,9.73,1.54,1.53,0.5039,2.19,0.401081,0.9331395348837209,0.9607991906929693,0.9469693627883451,0.9469693627883451,0.03142857142857143,0.9847566933750244,RS
-34.8,-54.2,315,0.9253,9.55,1.58,1.58,0.5813,2.43,0.36329,0.127185,0.9134328358208955,0.8899999999999999,0.9017164179104478,0.9773322422258592,0.03979057591623038,0.9280392156862746,-34.8,-54.2,294,0.7466,8.91,1.62,1.57,0.4926,2.43,0.36329,0.8546511627906976,0.9441072331815884,0.899379197986143,0.899379197986143,0.03306122448979592,0.962673441469611,RS
-34.8,-54.0,298,0.9332,9.03,1.62,1.62,0.5776,2.58,0.324033,0.130959,0.8626865671641791,0.898876404494382,0.8807814858292806,0.9543757700582947,0.04397905759162305,0.9207843137254902,-34.8,-54.0,252,0.7203,7.64,1.69,1.59,0.4779,2.58,0.324033,0.7325581395348837,0.9108497723823977,0.8217039559586408,0.8217039559586408,0.034489795918367344,0.9339456712917724,RS
-34.8,-53.8,289,0.9142,8.76,1.63,1.63,0.5653,2.7,0.285091,0.132435,0.835820895522388,0.8775280898876403,0.8566744927050142,0.9279409330807847,0.04502617801047119,0.8966666666666667,-34.8,-53.8,223,0.6536,6.76,1.74,1.52,0.4522,2.7,0.285091,0.6482558139534884,0.8265048052604957,0.7373803096069921,0.7373803096069921,0.035510204081632656,0.883720930232558,RS
-34.8,-53.6,284,0.8621,8.61,1.6,1.6,0.5437,2.85,0.25258,0.131122,0.8208955223880597,0.8189887640449437,0.8199421432165017,0.8876615973077843,0.04188481675392671,0.854313725490196,-34.8,-53.6,193,0.5665,5.85,1.76,1.42,0.4102,2.85,0.25258,0.561046511627907,0.7163631765300962,0.6387048440790015,0.6387048440790015,0.035918367346938776,0.801641586867305,RS
-34.6,-54.0,291,0.9308,8.82,1.57,1.57,0.5926,2.3,0.386609,0.130876,0.8417910447761194,0.8961797752808988,0.868985410028509,0.9414406296548299,0.03874345549738221,0.9501960784313725,-34.6,-54.0,276,0.7237,8.36,1.59,1.53,0.4871,2.3,0.386609,0.8023255813953488,0.9151492159838139,0.8587373986895814,0.8587373986895814,0.032448979591836735,0.951924956028923,RS
-34.6,-53.8,287,0.9643,8.7,1.62,1.62,0.5966,2.47,0.349696,0.131571,0.8298507462686567,0.9338202247191011,0.8818354854938789,0.9555315471045809,0.04397905759162305,0.9580392156862746,-34.6,-53.8,251,0.723,7.61,1.68,1.58,0.484,2.47,0.349696,0.7296511627906976,0.9142640364188164,0.821957599604757,0.821957599604757,0.03428571428571429,0.9458667187805354,RS
-34.6,-53.6,283,0.9812,8.58,1.68,1.68,0.592,2.69,0.30852,0.130563,0.817910447761194,0.9528089887640447,0.8853597182626194,0.959396090402545,0.05026178010471204,0.9490196078431372,-34.6,-53.6,229,0.6786,6.94,1.78,1.55,0.4614,2.69,0.30852,0.6656976744186046,0.8581183611532626,0.7619080177859336,0.7619080177859336,0.036326530612244896,0.9017002149697086,RS
-34.6,-53.4,278,0.9257,8.43,1.67,1.67,0.563,2.85,0.268576,0.127997,0.8029850746268656,0.8904494382022471,0.8467172564145564,0.9170221960683352,0.04921465968586387,0.892156862745098,-34.6,-53.4,200,0.6023,6.06,1.78,1.47,0.427,2.85,0.268576,0.5813953488372093,0.7616337885685381,0.6715145687028737,0.6715145687028737,0.036326530612244896,0.8344733242134063,RS
-34.4,-53.8,309,0.8201,9.36,1.5,1.5,0.5394,1.59,0.399249,0.13174,0.8955223880597015,0.7717977528089888,0.8336600704343451,0.9027041688887254,0.03141361256544503,0.8458823529411764,-34.4,-53.8,286,0.6012,8.67,1.53,1.47,0.4175,1.59,0.399249,0.8313953488372093,0.7602427921092565,0.7958190704732329,0.7958190704732329,0.031224489795918367,0.815907758452218,RS
-34.4,-53.6,282,0.9163,8.55,1.57,1.57,0.58,2.25,0.363076,0.131326,0.8149253731343283,0.8798876404494381,0.8474065067918832,0.9177780025377443,0.03874345549738221,0.9254901960784313,-34.4,-53.6,243,0.6447,7.36,1.63,1.52,0.4436,2.25,0.363076,0.7063953488372093,0.8152503793626709,0.7608228640999402,0.7608228640999402,0.033265306122448976,0.8669142075434825,RS
-34.4,-53.4,282,0.9482,8.55,1.61,1.61,0.5888,2.63,0.320465,0.128846,0.8149253731343283,0.9157303370786516,0.86532785510649,0.9374298902149727,0.04293193717277488,0.9427450980392157,-34.4,-53.4,217,0.6561,6.58,1.72,1.53,0.4492,2.63,0.320465,0.6308139534883721,0.8296661608497724,0.7302400571690723,0.7302400571690723,0.03510204081632653,0.8778581199921828,RS
-34.2,-53.6,254,0.8317,7.7,1.44,1.44,0.5698,1.95,0.393752,0.132874,0.7313432835820896,0.7848314606741572,0.7580873721281234,0.8198339432501517,0.02513089005235602,0.9054901960784313,-34.2,-53.6,218,0.5734,6.61,1.49,1.4,0.4174,1.95,0.393752,0.6337209302325582,0.7250885179564999,0.679404724094529,0.679404724094529,0.030408163265306123,0.8157123314442055,RS
-34.2,-53.4,276,0.9549,8.36,1.57,1.57,0.6027,2.44,0.355605,0.130505,0.7970149253731343,0.923258426966292,0.8601366761697131,0.9317374354070505,0.03874345549738221,0.9700000000000001,-34.2,-53.4,224,0.6381,6.79,1.67,1.5,0.4417,2.44,0.355605,0.6511627906976745,0.8069044006069803,0.7290335956523274,0.7290335956523274,0.034081632653061224,0.8632010943912447,RS
-34.2,-53.2,277,0.9672,8.39,1.62,1.62,0.6008,2.69,0.314323,0.126515,0.8,0.9370786516853931,0.8685393258426966,0.9409514702366721,0.04397905759162305,0.9662745098039216,-34.2,-53.2,211,0.6376,6.39,1.73,1.51,0.4382,2.69,0.314323,0.6133720930232558,0.806272129489125,0.7098221112561904,0.7098221112561904,0.03530612244897959,0.856361149110807,RS
-34.0,-53.4,261,0.9149,7.91,1.51,1.51,0.6015,2.15,0.385741,0.131838,0.7522388059701492,0.878314606741573,0.8152767063558611,0.8825456518141195,0.032460732984293195,0.9676470588235295,-34.0,-53.4,216,0.5895,6.55,1.58,1.43,0.4189,2.15,0.385741,0.627906976744186,0.7454476479514417,0.6866773123478138,0.6866773123478138,0.03224489795918367,0.8186437365643932,RS
-34.0,-53.2,278,0.9598,8.43,1.56,1.56,0.6091,2.45,0.351185,0.128437,0.8029850746268656,0.9287640449438201,0.8658745597853429,0.938029386343993,0.03769633507853404,0.9825490196078431,-34.0,-53.2,217,0.6212,6.58,1.68,1.49,0.4294,2.45,0.351185,0.6308139534883721,0.7855336368234699,0.708173795155921,0.708173795155921,0.03428571428571429,0.8391635724057064,RS
-34.0,-53.0,281,0.9969,8.52,1.64,1.64,0.6118,2.72,0.310373,0.123686,0.8119402985074626,0.970449438202247,0.8911948683548548,0.9657947001599881,0.04607329842931936,0.987843137254902,-34.0,-53.0,214,0.6215,6.49,1.77,1.51,0.4305,2.72,0.310373,0.622093023255814,0.7859129994941833,0.7040030113749987,0.7040030113749987,0.03612244897959184,0.841313269493844,RS
-33.8,-53.4,258,0.8055,7.82,1.41,1.41,0.5681,1.7,0.41206,0.133062,0.7432835820895523,0.7553932584269661,0.7493384202582591,0.8102401662406442,0.02198952879581151,0.9021568627450981,-33.8,-53.4,216,0.5,6.55,1.48,1.36,0.3805,1.7,0.41206,0.627906976744186,0.6322711178553364,0.6300890472997612,0.6300890472997612,0.030204081632653063,0.7435997654875903,RS
-33.8,-53.2,278,0.9355,8.43,1.53,1.53,0.6065,2.12,0.383153,0.129908,0.8029850746268656,0.9014606741573032,0.8522228743920844,0.9230594530977031,0.034554973821989535,0.9774509803921569,-33.8,-53.2,221,0.602,6.7,1.63,1.46,0.421,2.12,0.383153,0.6424418604651163,0.761254425897825,0.7018481431814707,0.7018481431814707,0.033265306122448976,0.8227477037326557,RS
-33.8,-53.0,292,0.9872,8.85,1.6,1.6,0.6145,2.49,0.350963,0.125771,0.844776119402985,0.9595505617977527,0.9021633406003688,0.9778223211166074,0.04188481675392671,0.9931372549019609,-33.8,-53.0,228,0.6214,6.91,1.72,1.5,0.4258,2.49,0.350963,0.6627906976744186,0.785786545270612,0.7242886214725153,0.7242886214725153,0.03510204081632653,0.8321282001172562,RS
-33.8,-52.8,292,1.0232,8.85,1.66,1.66,0.618,2.74,0.317814,0.120912,0.844776119402985,1.0,0.9223880597014925,1.0,0.0481675392670157,1.0,-33.8,-52.8,220,0.6476,6.67,1.8,1.54,0.4376,2.74,0.317814,0.6395348837209303,0.8189175518462316,0.7292262177835809,0.7292262177835809,0.036734693877551024,0.8551885870627319,RS
-33.6,-53.0,298,0.8816,9.03,1.53,1.53,0.5757,1.63,0.388721,0.126795,0.8626865671641791,0.8408988764044943,0.8517927217843367,0.9225877636587654,0.034554973821989535,0.9170588235294117,-33.6,-53.0,237,0.552,7.18,1.64,1.44,0.3906,1.63,0.388721,0.688953488372093,0.6980273141122915,0.6934904012421923,0.6934904012421923,0.03346938775510204,0.7633378932968535,RS
-33.6,-52.8,289,0.969,8.76,1.6,1.6,0.6026,2.32,0.359737,0.122539,0.835820895522388,0.9391011235955055,0.8874610095589468,0.9617002887143934,0.04188481675392671,0.9698039215686275,-33.6,-52.8,227,0.6062,6.88,1.73,1.52,0.4156,2.32,0.359737,0.6598837209302325,0.7665655032878098,0.7132246121090211,0.7132246121090211,0.03530612244897959,0.8121946452999804,RS
-33.6,-52.6,289,1.0117,8.76,1.66,1.66,0.6135,2.68,0.322467,0.117234,0.835820895522388,0.9870786516853932,0.9114497736038907,0.9880054800566396,0.0481675392670157,0.9911764705882354,-33.6,-52.6,219,0.6398,6.64,1.81,1.55,0.4308,2.68,0.322467,0.6366279069767442,0.8090541224076885,0.7228410146922164,0.7228410146922164,0.03693877551020408,0.8418995505178816,RS
-33.4,-52.8,294,0.9129,8.91,1.53,1.53,0.5934,1.91,0.39731,0.122588,0.8507462686567164,0.876067415730337,0.8634068421935267,0.9353233785100866,0.034554973821989535,0.9517647058823531,-33.4,-52.8,227,0.5996,6.88,1.66,1.47,0.4244,1.91,0.39731,0.6598837209302325,0.7582195245321195,0.7090516227311761,0.7090516227311761,0.03387755102040816,0.829392222005081,RS
-33.4,-52.6,292,0.9526,8.85,1.59,1.59,0.5967,2.27,0.358655,0.118178,0.844776119402985,0.9206741573033707,0.8827251383531778,0.9565071075231246,0.04083769633507854,0.9582352941176471,-33.4,-52.6,230,0.59,6.97,1.7,1.49,0.404,2.27,0.358655,0.6686046511627907,0.7460799190692969,0.7073422851160438,0.7073422851160438,0.03469387755102041,0.7895251123705296,RS
-33.4,-52.4,283,0.9589,8.58,1.64,1.64,0.5839,2.61,0.312581,0.112311,0.817910447761194,0.9277528089887639,0.872831628374979,0.9456582504275547,0.04607329842931936,0.9331372549019608,-33.4,-52.4,209,0.5946,6.33,1.79,1.53,0.4039,2.61,0.312581,0.6075581395348837,0.7518968133535661,0.6797274764442249,0.6797274764442249,0.03653061224489796,0.789329685362517,RS
-33.2,-52.6,268,0.855,8.12,1.48,1.48,0.5714,1.87,0.393234,0.117468,0.7731343283582089,0.8110112359550561,0.7920727821566325,0.8571010868166019,0.02931937172774869,0.9086274509803922,-33.2,-52.6,208,0.5589,6.3,1.59,1.43,0.3979,1.87,0.393234,0.6046511627906976,0.7067526555386949,0.6557019091646963,0.6557019091646963,0.032448979591836735,0.7776040648817666,RS
-33.2,-52.4,265,0.914,8.03,1.57,1.57,0.5801,2.3,0.347864,0.112971,0.764179104477612,0.8773033707865168,0.8207412376320644,0.8885378546865518,0.03874345549738221,0.9256862745098038,-33.2,-52.4,208,0.5743,6.3,1.68,1.49,0.3933,2.3,0.347864,0.6046511627906976,0.7262266059686394,0.6654388843796686,0.6654388843796686,0.03428571428571429,0.7686144225131912,RS
-33.2,-52.2,271,0.8875,8.21,1.59,1.59,0.552,2.68,0.298496,0.107193,0.7820895522388059,0.8475280898876403,0.8148088210632232,0.882032586108608,0.04083769633507854,0.8705882352941178,-33.2,-52.2,189,0.5814,5.73,1.78,1.52,0.3912,2.68,0.298496,0.5494186046511628,0.7352048558421852,0.642311730246674,0.642311730246674,0.036326530612244896,0.7645104553449286,RS
-33.0,-52.4,227,0.8043,6.88,1.46,1.46,0.5464,1.86,0.370603,0.112674,0.6507462686567164,0.7540449438202247,0.7023956062384705,0.7587644127328564,0.027225130890052355,0.8596078431372549,-33.0,-52.4,179,0.4958,5.42,1.55,1.4,0.3606,1.86,0.370603,0.5203488372093024,0.6269600404653516,0.573654438837327,0.573654438837327,0.03163265306122449,0.7047097908931014,RS
-33.0,-52.2,246,0.8679,7.46,1.54,1.54,0.5629,2.47,0.325951,0.108007,0.7074626865671642,0.825505617977528,0.766484152272346,0.8290415417716397,0.035602094240837705,0.8919607843137254,-33.0,-52.2,181,0.55,5.49,1.69,1.45,0.3853,2.47,0.325951,0.5261627906976745,0.6954982296408702,0.6108305101692724,0.6108305101692724,0.034489795918367344,0.7529802618721906,RS
-32.8,-52.4,196,0.7725,5.94,1.4,1.4,0.5493,1.84,0.39022,0.111675,0.5582089552238806,0.7183146067415729,0.6382617809827267,0.6884376321741847,0.020942408376963345,0.8652941176470589,-32.8,-52.4,153,0.4896,4.64,1.48,1.35,0.3713,1.84,0.39022,0.44476744186046513,0.6191198786039454,0.5319436602322052,0.5319436602322052,0.030204081632653063,0.7256204807504397,RS
-32.8,-52.2,218,0.8204,6.61,1.49,1.49,0.5513,2.16,0.350609,0.108258,0.6238805970149254,0.7721348314606741,0.6980077142377997,0.7539528126666544,0.03036649214659686,0.8692156862745098,-32.8,-52.2,164,0.5202,4.97,1.6,1.41,0.3767,2.16,0.350609,0.47674418604651164,0.657814871016692,0.5672795285316018,0.5672795285316018,0.0326530612244898,0.736173539183115,RS
-32.8,-52.0,242,0.8724,7.33,1.57,1.57,0.5556,2.6,0.310739,0.102791,0.6955223880597015,0.8305617977528088,0.7630420929062551,0.8252671067875466,0.03874345549738221,0.8776470588235294,-32.8,-52.0,172,0.5715,5.21,1.72,1.48,0.3928,2.6,0.310739,0.5,0.7226858877086495,0.6113429438543247,0.6113429438543247,0.03510204081632653,0.7676372874731286,RS
-32.6,-52.2,186,0.7674,5.64,1.42,1.42,0.5432,2.04,0.363758,0.107091,0.5283582089552239,0.7125842696629212,0.6204712393090726,0.6689291822210779,0.02303664921465968,0.8533333333333334,-32.6,-52.2,136,0.4858,4.12,1.53,1.32,0.3715,2.04,0.363758,0.3953488372093023,0.6143146181082448,0.5048317276587736,0.5048317276587736,0.031224489795918367,0.7260113347664646,RS
-32.6,-52.0,226,0.862,6.85,1.54,1.54,0.5608,2.51,0.327647,0.102432,0.6477611940298508,0.8188764044943819,0.7333187992621164,0.7926736423987202,0.035602094240837705,0.8878431372549019,-32.6,-52.0,162,0.5702,4.91,1.7,1.44,0.4023,2.51,0.327647,0.47093023255813954,0.7210419828022256,0.5959861076801826,0.5959861076801826,0.03469387755102041,0.7862028532343169,RS
-32.4,-52.2,180,0.757,5.46,1.4,1.4,0.5423,1.88,0.38549,0.105269,0.5104477611940299,0.7008988764044943,0.6056733187992621,0.6527023299435444,0.020942408376963345,0.8515686274509804,-32.4,-52.2,143,0.4654,4.33,1.49,1.31,0.3638,1.88,0.38549,0.41569767441860467,0.5885179564997471,0.5021078154591759,0.5021078154591759,0.030408163265306123,0.7109634551495017,RS
-32.4,-52.0,221,0.7944,6.7,1.46,1.46,0.5426,2.22,0.347667,0.101058,0.6328358208955224,0.7429213483146067,0.6878785846050646,0.7428455837731477,0.027225130890052355,0.8521568627450979,-32.4,-52.0,174,0.5027,5.27,1.55,1.34,0.3704,2.22,0.347667,0.5058139534883721,0.6356853818917553,0.5707496676900636,0.5707496676900636,0.03163265306122449,0.7238616376783271,RS
-32.4,-51.8,245,0.8698,7.43,1.57,1.57,0.5585,2.57,0.314133,0.096108,0.7044776119402985,0.8276404494382021,0.7660590306892503,0.828575369168245,0.03874345549738221,0.8833333333333333,-32.4,-51.8,189,0.5815,5.73,1.66,1.46,0.4018,2.57,0.314133,0.5494186046511628,0.7353313100657562,0.6423749573584595,0.6423749573584595,0.03387755102040816,0.7852257181942544,RS
-32.2,-52.0,245,0.7811,7.43,1.43,1.43,0.5424,1.99,0.383239,0.098656,0.7044776119402985,0.7279775280898876,0.7162275700150931,0.7739320325861087,0.02408376963350785,0.851764705882353,-32.2,-52.0,203,0.5207,6.15,1.49,1.35,0.3854,1.99,0.383239,0.5901162790697675,0.6584471421345474,0.6242817106021574,0.6242817106021574,0.030408163265306123,0.7531756888802033,RS
-32.2,-51.8,256,0.8241,7.76,1.52,1.52,0.5385,2.21,0.346649,0.094181,0.7373134328358208,0.7762921348314606,0.7568027838336407,0.8184253112414719,0.033507853403141365,0.8441176470588235,-32.2,-51.8,214,0.5566,6.49,1.59,1.44,0.3906,2.21,0.346649,0.622093023255814,0.7038442083965605,0.6629686158261872,0.6629686158261872,0.032448979591836735,0.7633378932968535,RS
-32.2,-51.6,266,0.8445,8.06,1.59,1.59,0.5307,2.52,0.311231,0.088906,0.7671641791044777,0.7992134831460673,0.7831888311252725,0.8473592747200206,0.04083769633507854,0.8288235294117646,-32.2,-51.6,216,0.5845,6.55,1.69,1.51,0.3976,2.52,0.311231,0.627906976744186,0.7391249367728883,0.6835159567585372,0.6835159567585372,0.034489795918367344,0.7770177838577291,RS
-32.0,-51.8,268,0.7245,8.12,1.42,1.42,0.4999,1.52,0.383822,0.090927,0.7731343283582089,0.66438202247191,0.7187581754150595,0.7767070008643042,0.02303664921465968,0.7684313725490196,-32.0,-51.8,232,0.5145,7.03,1.47,1.4,0.3733,1.52,0.383822,0.6744186046511628,0.6506069802731411,0.6625127924621519,0.6625127924621519,0.03,0.7295290209106898,RS
-32.0,-51.6,251,0.793,7.61,1.53,1.53,0.5152,2.0,0.346131,0.086617,0.7223880597014926,0.7413483146067416,0.7318681871541171,0.7910829548171169,0.034554973821989535,0.7984313725490196,-32.0,-51.6,223,0.5689,6.76,1.59,1.5,0.3951,2.0,0.346131,0.6482558139534884,0.7193980778958017,0.6838269459246451,0.6838269459246451,0.032448979591836735,0.7721321086574164,RS
-32.0,-51.4,256,0.8252,7.76,1.59,1.59,0.5197,2.56,0.303084,0.082813,0.7373134328358208,0.7775280898876404,0.7574207613617306,0.8191029625406866,0.04083769633507854,0.8072549019607844,-32.0,-51.4,225,0.6101,6.82,1.67,1.56,0.4074,2.56,0.303084,0.6540697674418605,0.7714972180070815,0.712783492724471,0.712783492724471,0.034081632653061224,0.7961696306429548,RS
-32.0,-51.2,254,0.8261,7.7,1.67,1.67,0.4985,2.88,0.254321,0.080147,0.7313432835820896,0.7785393258426965,0.754941304712393,0.8163840820905127,0.04921465968586387,0.765686274509804,-32.0,-51.2,205,0.6261,6.21,1.79,1.62,0.4068,2.88,0.254321,0.5959302325581395,0.7917298937784523,0.6938300631682959,0.6938300631682959,0.03653061224489796,0.7949970685948797,RS
-31.8,-51.4,255,0.7783,7.73,1.53,1.53,0.5097,2.02,0.352066,0.079844,0.7343283582089553,0.7248314606741572,0.7295799094415563,0.7885737141175821,0.034554973821989535,0.7876470588235295,-31.8,-51.4,248,0.5932,7.52,1.54,1.51,0.4069,2.02,0.352066,0.7209302325581395,0.750126454223571,0.7355283433908553,0.7355283433908553,0.03142857142857143,0.7951924956028922,RS
-31.8,-51.2,252,0.8281,7.64,1.63,1.63,0.515,2.63,0.298127,0.078539,0.7253731343283583,0.7807865168539324,0.7530798255911453,0.8143428529395538,0.04502617801047119,0.7980392156862746,-31.8,-51.2,231,0.6381,7.0,1.68,1.59,0.4222,2.63,0.298127,0.6715116279069767,0.8069044006069803,0.7392080142569786,0.7392080142569786,0.03428571428571429,0.8250928278288059,RS
-31.8,-51.0,245,0.822,7.43,1.7,1.7,0.4889,2.92,0.240462,0.078346,0.7044776119402985,0.7739325842696628,0.7392050981049807,0.7991283399841851,0.05235602094240837,0.7468627450980392,-31.8,-51.0,187,0.6136,5.67,1.85,1.61,0.4001,2.92,0.240462,0.5436046511627907,0.7759231158320689,0.6597638834974298,0.6597638834974298,0.03775510204081633,0.7819034590580418,RS
-31.6,-51.2,249,0.7557,7.55,1.53,1.53,0.4902,2.03,0.345728,0.077377,0.7164179104477612,0.699438202247191,0.7079280563474761,0.7648310928851211,0.034554973821989535,0.7494117647058824,-31.6,-51.2,243,0.5911,7.36,1.54,1.52,0.4014,2.03,0.345728,0.7063953488372093,0.7474709155285787,0.726933132182894,0.726933132182894,0.03142857142857143,0.7844440101622043,RS
-31.6,-51.0,246,0.7942,7.46,1.61,1.61,0.4961,2.63,0.283773,0.078725,0.7074626865671642,0.7426966292134831,0.7250796578903236,0.7836389047242501,0.04293193717277488,0.7609803921568628,-31.6,-51.0,217,0.6054,6.58,1.69,1.59,0.398,2.63,0.283773,0.6308139534883721,0.7655538694992414,0.6981839114938068,0.6981839114938068,0.034489795918367344,0.7777994918897791,RS
-31.6,-50.8,241,0.7678,7.3,1.69,1.69,0.4562,2.97,0.227201,0.079862,0.6925373134328359,0.7130337078651685,0.7027855106490022,0.7591919674874492,0.05130890052356021,0.6827450980392157,-31.6,-50.8,164,0.5587,4.97,1.9,1.6,0.3632,2.97,0.227201,0.47674418604651164,0.7064997470915528,0.5916219665690322,0.5916219665690322,0.03877551020408163,0.7097908931014266,RS
-31.4,-50.8,221,0.7803,6.7,1.61,1.61,0.4892,2.73,0.272576,0.081762,0.6328358208955224,0.7270786516853932,0.6799572362904578,0.7341593262104856,0.04293193717277488,0.747450980392157,-31.4,-50.8,189,0.5839,5.73,1.7,1.57,0.3916,2.73,0.272576,0.5494186046511628,0.7383662114314619,0.6438924080413123,0.6438924080413123,0.03469387755102041,0.7652921633769786,RS
-31.4,-50.6,243,0.7413,7.36,1.68,1.68,0.4458,3.0,0.22405,0.083168,0.6985074626865672,0.683258426966292,0.6908829448264295,0.7461400540649882,0.05026178010471204,0.6623529411764706,-31.4,-50.6,144,0.5219,4.36,1.97,1.58,0.3493,3.0,0.22405,0.4186046511627907,0.6599645928174002,0.5392846219900954,0.5392846219900954,0.04020408163265306,0.682626538987688,RS
-31.2,-50.8,229,0.7435,6.94,1.52,1.52,0.4924,2.41,0.320875,0.084032,0.6567164179104478,0.6857303370786516,0.6712233774945497,0.7245820997076078,0.033507853403141365,0.7537254901960785,-31.2,-50.8,219,0.561,6.64,1.53,1.51,0.3882,2.41,0.320875,0.6366279069767442,0.7094081942336875,0.6730180506052159,0.6730180506052159,0.031224489795918367,0.7586476451045534,RS
-31.2,-50.6,240,0.7283,7.27,1.62,1.62,0.4491,2.61,0.259785,0.085774,0.6895522388059702,0.6686516853932583,0.6791019620996142,0.733221464168153,0.04397905759162305,0.6688235294117647,-31.2,-50.6,185,0.5186,5.61,1.78,1.56,0.3503,2.61,0.259785,0.5377906976744186,0.6557916034395549,0.5967911505569867,0.5967911505569867,0.036326530612244896,0.6845808090678132,RS
-31.2,-50.4,250,0.68,7.58,1.63,1.63,0.4168,2.93,0.220443,0.087101,0.7194029850746269,0.6143820224719101,0.6668925037732685,0.7198330237775612,0.04502617801047119,0.6054901960784314,-31.2,-50.4,119,0.4831,3.61,1.94,1.51,0.3277,2.93,0.220443,0.34593023255813954,0.610900354071826,0.4784152933149828,0.4784152933149828,0.039591836734693873,0.6404143052569864,RS
-31.0,-50.6,206,0.6937,6.24,1.52,1.52,0.4567,2.4,0.300475,0.088716,0.5880597014925373,0.6297752808988764,0.6089174911957068,0.6562597693962743,0.033507853403141365,0.6837254901960784,-31.0,-50.6,185,0.5037,5.61,1.57,1.5,0.3515,2.4,0.300475,0.5377906976744186,0.636949924127466,0.5873703109009423,0.5873703109009423,0.032040816326530615,0.6869259331639631,RS
-31.0,-50.4,234,0.7169,7.09,1.64,1.64,0.4412,2.73,0.251092,0.090091,0.6716417910447762,0.6558426966292134,0.6637422438369948,0.7163785652549697,0.04607329842931936,0.6533333333333333,-31.0,-50.4,163,0.5002,4.94,1.82,1.56,0.3366,2.73,0.251092,0.4738372093023256,0.6325240263024785,0.553180617802402,0.553180617802402,0.037142857142857144,0.6578073089700996,RS
-31.0,-50.2,245,0.6833,7.43,1.64,1.64,0.4191,3.028,0.218686,0.091159,0.7044776119402985,0.6180898876404494,0.6612837497903739,0.7136826716195589,0.04607329842931936,0.61,-31.0,-50.2,99,0.499,3.0,2.05,1.55,0.3361,3.028,0.218686,0.2877906976744186,0.6310065756196257,0.4593986366470222,0.4593986366470222,0.041836734693877546,0.6568301739300371,RS
-30.8,-50.4,216,0.7042,6.55,1.56,1.56,0.4509,2.48,0.290833,0.09291,0.6179104477611941,0.6415730337078651,0.6297417407345296,0.67909487118189,0.03769633507853404,0.6723529411764706,-30.8,-50.4,182,0.5063,5.52,1.64,1.53,0.346,2.48,0.290833,0.5290697674418605,0.6402377339403136,0.584653750691087,0.584653750691087,0.03346938775510204,0.6761774477232753,RS
-30.8,-50.2,240,0.7089,7.27,1.62,1.62,0.4358,2.85,0.247742,0.094295,0.6895522388059702,0.6468539325842696,0.6682030856951199,0.7212701594365472,0.04397905759162305,0.6427450980392158,-30.8,-50.2,157,0.4877,4.76,1.83,1.53,0.3322,2.85,0.247742,0.4563953488372093,0.6167172483560952,0.5365562985966522,0.5365562985966522,0.03734693877551021,0.6492085206175493,RS
-30.6,-50.4,129,0.5991,3.91,1.42,1.42,0.4243,1.94,0.322103,0.096224,0.3582089552238806,0.5234831460674156,0.4408460506456481,0.4719588444068482,0.02303664921465968,0.6201960784313726,-30.6,-50.4,116,0.4302,3.52,1.46,1.42,0.3149,1.94,0.322103,0.3372093023255814,0.5440060698027315,0.44060768606415646,0.44060768606415646,0.02979591836734694,0.6153996482313856,RS
-30.6,-50.2,214,0.6939,6.49,1.57,1.57,0.4413,2.53,0.282551,0.099211,0.6119402985074627,0.6299999999999999,0.6209701492537313,0.6694762684124386,0.03874345549738221,0.6535294117647059,-30.6,-50.2,174,0.4726,5.27,1.68,1.53,0.3293,2.53,0.282551,0.5058139534883721,0.597622660596864,0.551718307042618,0.551718307042618,0.03428571428571429,0.6435411373851866,RS
-30.6,-50.0,235,0.7169,7.12,1.66,1.66,0.4328,2.89,0.244868,0.101106,0.6746268656716418,0.6558426966292134,0.6652347811504276,0.7180152264660989,0.0481675392670157,0.6368627450980393,-30.6,-50.0,138,0.4961,4.18,1.93,1.55,0.3394,2.89,0.244868,0.4011627906976744,0.6273394031360647,0.5142510969168695,0.5142510969168695,0.03938775510204082,0.6632792651944498,RS
-30.4,-50.2,157,0.6207,4.76,1.48,1.48,0.4184,2.1,0.30499,0.108088,0.4417910447761194,0.547752808988764,0.4947719268824417,0.531091965648504,0.02931937172774869,0.6086274509803922,-30.4,-50.2,133,0.426,4.03,1.56,1.44,0.3083,2.1,0.30499,0.3866279069767442,0.5386949924127467,0.46266144969474543,0.46266144969474543,0.03183673469387755,0.60250146570256,RS
-30.4,-50.0,217,0.6929,6.58,1.62,1.62,0.4313,2.62,0.266964,0.109399,0.6208955223880597,0.6288764044943819,0.6248859634412207,0.6737702054101765,0.04397905759162305,0.6339215686274511,-30.4,-50.0,158,0.4727,4.79,1.79,1.51,0.3276,2.62,0.266964,0.45930232558139533,0.597749114820435,0.5285257202009152,0.5285257202009152,0.03653061224489796,0.6402188782489739,RS
-30.4,-49.8,238,0.7051,7.21,1.66,1.66,0.4253,2.97,0.235741,0.110999,0.6835820895522388,0.6425842696629213,0.66308317960758,0.7156558597988193,0.0481675392670157,0.6221568627450981,-30.4,-49.8,128,0.5027,3.88,1.98,1.56,0.3451,2.97,0.235741,0.37209302325581395,0.6356853818917553,0.5038892025737847,0.5038892025737847,0.04040816326530612,0.6744186046511628,RS
-30.2,-50.0,172,0.6641,5.21,1.59,1.59,0.4297,2.4,0.281295,0.120924,0.48656716417910445,0.5965168539325842,0.5415420090558444,0.5823783078026444,0.04083769633507854,0.6307843137254903,-30.2,-50.0,136,0.4459,4.12,1.72,1.51,0.3234,2.4,0.281295,0.3953488372093023,0.563859382903389,0.4796041100563456,0.4796041100563456,0.03510204081632653,0.6320109439124487,RS
-30.2,-49.8,220,0.6935,6.67,1.64,1.64,0.4245,2.8,0.250672,0.121909,0.6298507462686567,0.6295505617977527,0.6297006540332046,0.6790498170249544,0.04607329842931936,0.6205882352941177,-30.2,-49.8,141,0.4938,4.27,1.87,1.55,0.3405,2.8,0.250672,0.40988372093023256,0.6244309559939303,0.5171573384620815,0.5171573384620815,0.03816326530612245,0.6654289622825874,RS
-30.0,-50.0,129,0.6009,3.91,1.47,1.47,0.4127,2.1,0.296335,0.132162,0.3582089552238806,0.525505617977528,0.44185728660070434,0.4730677283510179,0.028272251308900525,0.5974509803921569,-30.0,-50.0,100,0.4325,3.03,1.59,1.42,0.3216,2.1,0.296335,0.29069767441860467,0.546914516944866,0.4188060956817353,0.4188060956817353,0.032448979591836735,0.6284932577682235,SC/PR
-30.0,-49.8,206,0.6982,6.24,1.63,1.63,0.4332,2.64,0.261981,0.133655,0.5880597014925373,0.6348314606741573,0.6114455810833472,0.6590319792566983,0.04502617801047119,0.6376470588235293,-30.0,-49.8,152,0.4734,4.61,1.8,1.51,0.3306,2.64,0.261981,0.4418604651162791,0.5986342943854325,0.5202473797508558,0.5202473797508558,0.036734693877551024,0.6460816884893492,SC/PR
-29.8,-49.8,199,0.6696,6.03,1.57,1.57,0.4291,2.43,0.279454,0.145398,0.5671641791044776,0.602696629213483,0.5849304041589802,0.6299564169992091,0.03874345549738221,0.6296078431372549,-29.8,-49.8,163,0.4538,4.94,1.67,1.47,0.3251,2.43,0.279454,0.4738372093023256,0.5738492665655033,0.5238432379339144,0.5238432379339144,0.034081632653061224,0.6353332030486613,SC/PR
-29.8,-49.6,230,0.7212,6.97,1.71,1.71,0.4284,2.74,0.250035,0.146764,0.6597014925373135,0.6606741573033706,0.6601878249203421,0.7124809209437467,0.05340314136125654,0.6282352941176471,-29.8,-49.6,150,0.5326,4.55,1.95,1.61,0.3531,2.74,0.250035,0.436046511627907,0.6734951947395043,0.5547708531837057,0.5547708531837057,0.03979591836734694,0.6900527652921634,SC/PR
-29.6,-49.8,172,0.6029,5.21,1.48,1.48,0.4108,2.14,0.299768,0.156548,0.48656716417910445,0.527752808988764,0.5071599865839342,0.5446762537008772,0.02931937172774869,0.5937254901960785,-29.6,-49.8,148,0.4204,4.49,1.55,1.43,0.3137,2.14,0.299768,0.43023255813953487,0.5316135558927668,0.48092305701615085,0.48092305701615085,0.03163265306122449,0.6130545241352354,SC/PR
-29.6,-49.6,216,0.7014,6.55,1.65,1.65,0.4295,2.58,0.267119,0.158922,0.6179104477611941,0.6384269662921348,0.6281687070266644,0.6773699406020706,0.04712041884816753,0.6303921568627451,-29.6,-49.6,167,0.4921,5.06,1.8,1.54,0.3359,2.58,0.267119,0.48546511627906974,0.6222812341932221,0.5538731752361459,0.5538731752361459,0.036734693877551024,0.656439319914012,SC/PR
-29.6,-49.4,234,0.7269,7.09,1.74,1.74,0.4264,2.83,0.240375,0.160749,0.6716417910447762,0.6670786516853932,0.6693602213650847,0.7225390316114676,0.05654450261780105,0.6243137254901961,-29.6,-49.4,145,0.5491,4.39,2.01,1.63,0.3631,2.83,0.240375,0.42151162790697677,0.6943601416287305,0.5579358847678536,0.5579358847678536,0.0410204081632653,0.7095954660934141,SC/PR
-29.4,-49.6,198,0.6545,6.0,1.58,1.58,0.4157,2.348,0.290769,0.170784,0.564179104477612,0.5857303370786516,0.5749547207781318,0.6190174515897681,0.03979057591623038,0.6033333333333334,-29.4,-49.6,168,0.4682,5.09,1.67,1.54,0.3231,2.348,0.290769,0.4883720930232558,0.5920586747597371,0.5402153838914965,0.5402153838914965,0.034081632653061224,0.6314246628884111,SC/PR
-29.4,-49.4,232,0.6947,7.03,1.7,1.7,0.4144,2.66,0.257661,0.173336,0.6656716417910448,0.6308988764044943,0.6482852590977695,0.6994290075212857,0.05235602094240837,0.6007843137254902,-29.4,-49.4,164,0.5123,4.97,1.89,1.61,0.3419,2.66,0.257661,0.47674418604651164,0.6478249873545776,0.5622845867005446,0.5622845867005446,0.03857142857142857,0.6681649403947625,SC/PR
-29.4,-49.2,249,0.7073,7.55,1.78,1.78,0.4084,2.86,0.231666,0.174937,0.7164179104477612,0.6450561797752808,0.680737045111521,0.7350144357196712,0.06073298429319372,0.5890196078431372,-29.4,-49.2,145,0.5335,4.39,2.1,1.61,0.3534,2.86,0.231666,0.42151162790697677,0.6746332827516439,0.5480724553293104,0.5480724553293104,0.04285714285714286,0.6906390463162009,SC/PR
-29.2,-49.4,221,0.6736,6.7,1.66,1.66,0.4128,2.47,0.279629,0.185864,0.6328358208955224,0.607191011235955,0.6200134160657387,0.6684271501866529,0.0481675392670157,0.5976470588235294,-29.2,-49.4,185,0.4891,5.61,1.77,1.58,0.3274,2.47,0.279629,0.5377906976744186,0.61848760748609,0.5781391525802543,0.5781391525802543,0.03612244897959184,0.6398280242329489,SC/PR
-29.2,-49.2,250,0.6989,7.58,1.74,1.74,0.4125,2.7,0.247735,0.187007,0.7194029850746269,0.6356179775280898,0.6775104813013584,0.7314763051913422,0.05654450261780105,0.5970588235294118,-29.2,-49.2,169,0.5242,5.12,1.98,1.63,0.3433,2.7,0.247735,0.49127906976744184,0.6628730399595347,0.5770760548634883,0.5770760548634883,0.04040816326530612,0.6709009185069376,SC/PR
-29.2,-49.0,255,0.6892,7.73,1.78,1.78,0.4012,2.9,0.224543,0.188107,0.7343283582089553,0.6247191011235955,0.6795237296662754,0.7336839588811858,0.06073298429319372,0.5749019607843138,-29.2,-49.0,135,0.5179,4.09,2.13,1.58,0.352,2.9,0.224543,0.39244186046511625,0.6549064238745574,0.5236741421698369,0.5236741421698369,0.04346938775510204,0.6879030682040257,SC/PR
-29.0,-49.4,202,0.6002,6.12,1.5,1.5,0.4006,2.12,0.310311,0.195021,0.5761194029850746,0.5247191011235954,0.550419252054335,0.5921127641185014,0.03141361256544503,0.5737254901960784,-29.0,-49.4,184,0.4505,5.58,1.55,1.49,0.3206,2.12,0.310311,0.5348837209302325,0.5696762771876581,0.5522799990589453,0.5522799990589453,0.03163265306122449,0.6265389876880985,SC/PR
-29.0,-49.2,249,0.679,7.55,1.71,1.71,0.4079,2.48,0.271116,0.196998,0.7164179104477612,0.6132584269662921,0.6648381687070266,0.7175803159307821,0.05340314136125654,0.5880392156862745,-29.0,-49.2,208,0.4984,6.3,1.83,1.63,0.3272,2.48,0.271116,0.6046511627906976,0.6302478502781993,0.6174495065344485,0.6174495065344485,0.03734693877551021,0.6394371702169239,SC/PR
-29.0,-49.0,260,0.6934,7.88,1.77,1.77,0.4046,2.72,0.239875,0.198786,0.7492537313432835,0.6294382022471909,0.6893459667952373,0.7444546608065613,0.05968586387434555,0.5815686274509805,-29.0,-49.0,165,0.5333,5.0,2.08,1.65,0.3499,2.72,0.239875,0.4796511627906977,0.6743803743045018,0.5770157685475997,0.5770157685475997,0.04244897959183674,0.683799101035763,SC/PR
-29.0,-48.8,260,0.6796,7.88,1.8,1.8,0.3939,2.92,0.218683,0.200615,0.7492537313432835,0.6139325842696628,0.6815931578064731,0.7359532172345941,0.06282722513089006,0.5605882352941176,-29.0,-48.8,114,0.5482,3.45,2.22,1.56,0.3727,2.92,0.218683,0.3313953488372093,0.6932220536165908,0.5123087012269001,0.5123087012269001,0.045306122448979594,0.7283564588626147,SC/PR
-29.0,-48.6,263,0.6406,7.97,1.77,1.77,0.3751,3.06,0.203926,0.201984,0.7582089552238805,0.5701123595505617,0.6641606573872212,0.7168373820776403,0.05968586387434555,0.5237254901960784,-29.0,-48.6,72,0.5278,2.18,2.26,1.46,0.3766,3.06,0.203926,0.20930232558139536,0.6674253920080931,0.43836385879474427,0.43836385879474427,0.046122448979591835,0.7359781121751026,SC/PR
-28.8,-49.0,261,0.6931,7.91,1.75,1.75,0.4085,2.468,0.272091,0.207608,0.7522388059701492,0.6291011235955056,0.6906699647828274,0.7459065080269957,0.05759162303664921,0.5892156862745098,-28.8,-49.0,223,0.5304,6.76,1.87,1.67,0.3411,2.468,0.272091,0.6482558139534884,0.6707132018209409,0.6594845078872147,0.6594845078872147,0.03816326530612245,0.6666015243306624,SC/PR
-28.8,-48.8,269,0.688,8.15,1.76,1.76,0.4023,2.74,0.239449,0.211068,0.7761194029850746,0.6233707865168538,0.6997450947509642,0.7558579598742161,0.05863874345549738,0.5770588235294117,-28.8,-48.8,175,0.5306,5.3,2.04,1.62,0.348,2.74,0.239449,0.5087209302325582,0.670966110268083,0.5898435202503205,0.5898435202503205,0.04163265306122449,0.6800859878835254,SC/PR
-28.8,-48.6,273,0.6486,8.27,1.77,1.77,0.382,2.96,0.215826,0.213491,0.7880597014925373,0.5791011235955055,0.6835804125440215,0.7381323672741316,0.05968586387434555,0.5372549019607843,-28.8,-48.6,109,0.5372,3.3,2.12,1.52,0.3771,2.96,0.215826,0.3168604651162791,0.6793120890237735,0.4980862770700263,0.4980862770700263,0.043265306122448985,0.736955247215165,SC/PR
-28.8,-48.4,254,0.6398,7.7,1.8,1.78,0.3772,3.08,0.200776,0.214358,0.7313432835820896,0.5692134831460673,0.6502783833640784,0.7016145938689566,0.06282722513089006,0.527843137254902,-28.8,-48.4,61,0.4906,1.85,2.23,1.34,0.3775,3.08,0.200776,0.17732558139534885,0.6203844208396561,0.39885500111750244,0.39885500111750244,0.04551020408163265,0.737736955247215,SC/PR
-28.6,-48.8,278,0.6995,8.43,1.78,1.78,0.4102,2.45,0.279791,0.221101,0.8029850746268656,0.6362921348314606,0.7196386047291632,0.7776724470843525,0.06073298429319372,0.5925490196078431,-28.6,-48.8,242,0.5522,7.33,1.88,1.68,0.3525,2.45,0.279791,0.7034883720930233,0.6982802225594336,0.7008842973262284,0.7008842973262284,0.038367346938775505,0.6888802032440883,SC/PR
-28.6,-48.6,265,0.6564,8.03,1.78,1.78,0.3824,2.71,0.236073,0.22613,0.764179104477612,0.5878651685393258,0.6760221365084689,0.7298442413431655,0.06073298429319372,0.5380392156862746,-28.6,-48.6,169,0.487,5.12,2.05,1.58,0.3311,2.71,0.236073,0.49127906976744184,0.6158320687910976,0.5535555692792697,0.5535555692792697,0.041836734693877546,0.6470588235294117,SC/PR
-28.6,-48.4,267,0.6193,8.09,1.78,1.77,0.3676,2.95,0.212027,0.227414,0.7701492537313432,0.5461797752808988,0.658164514506121,0.7102622335828168,0.06073298429319372,0.5090196078431373,-28.6,-48.4,88,0.5348,2.67,2.16,1.53,0.3728,2.95,0.212027,0.2558139534883721,0.6762771876580679,0.46604557057322,0.46604557057322,0.044081632653061226,0.7285518858706272,SC/PR
-28.4,-48.6,248,0.5585,7.52,1.65,1.65,0.3465,2.34,0.256445,0.240668,0.7134328358208956,0.4778651685393258,0.5956490021801106,0.6417100351238529,0.04712041884816753,0.46764705882352936,-28.4,-48.6,189,0.4401,5.73,1.83,1.58,0.295,2.34,0.256445,0.5494186046511628,0.5565250379362671,0.5529718212937149,0.5529718212937149,0.03734693877551021,0.5765096736368965,SC/PR
-28.4,-48.4,271,0.5928,8.21,1.76,1.75,0.3555,2.81,0.224089,0.242358,0.7820895522388059,0.5164044943820224,0.6492470233104142,0.7004836425826145,0.05863874345549738,0.4852941176470588,-28.4,-48.4,132,0.4639,4.0,2.08,1.51,0.3323,2.81,0.224089,0.38372093023255816,0.5866211431461811,0.4851710366893696,0.4851710366893696,0.04244897959183674,0.6494039476255618,SC/PR
-28.2,-48.6,203,0.478,6.15,1.47,1.47,0.3346,2.14,0.271338,0.257131,0.5791044776119403,0.3874157303370786,0.48326010397450947,0.5184685264532265,0.028272251308900525,0.4443137254901961,-28.2,-48.6,168,0.3942,5.09,1.57,1.43,0.297,2.14,0.271338,0.4883720930232558,0.4984825493171472,0.4934273211702015,0.4934273211702015,0.032040816326530615,0.5804182137971466,SC/PR
-28.2,-48.4,259,0.538,7.85,1.68,1.67,0.3375,2.58,0.235924,0.258333,0.746268656716418,0.4548314606741573,0.6005500586952877,0.6470843524154546,0.05026178010471204,0.45000000000000007,-28.2,-48.4,158,0.4207,4.79,1.93,1.51,0.3021,2.58,0.235924,0.45930232558139533,0.5319929185634801,0.49564762207243773,0.49564762207243773,0.03938775510204082,0.5903849912057846,SC/PR
-28.2,-48.2,271,0.5589,8.21,1.73,1.69,0.3456,2.87,0.213064,0.258062,0.7820895522388059,0.47831460674157295,0.6302020794901895,0.6795996616340867,0.05549738219895288,0.4658823529411765,-28.2,-48.2,102,0.453,3.09,2.04,1.46,0.3339,2.87,0.213064,0.29651162790697677,0.5728376327769348,0.43467463034195575,0.43467463034195575,0.04163265306122449,0.6525307797537618,SC/PR
-28.0,-48.4,243,0.5025,7.36,1.6,1.59,0.326,2.46,0.247908,0.274775,0.6985074626865672,0.414943820224719,0.5567256414556431,0.5990281174718181,0.04188481675392671,0.4274509803921569,-28.0,-48.4,169,0.4021,5.12,1.75,1.46,0.2937,2.46,0.247908,0.49127906976744184,0.5084724329792616,0.4998757513733517,0.4998757513733517,0.03571428571428571,0.573969122532734,SC/PR
-28.0,-48.2,271,0.5333,8.21,1.67,1.65,0.3332,2.78,0.220515,0.274578,0.7820895522388059,0.44955056179775277,0.6158200570182794,0.663828867761452,0.04921465968586387,0.4415686274509804,-28.0,-48.2,116,0.4395,3.52,1.92,1.46,0.3238,2.78,0.220515,0.3372093023255814,0.5557663125948407,0.446487807460211,0.446487807460211,0.03918367346938775,0.6327926519444986,SC/PR
-27.8,-48.4,227,0.4353,6.88,1.48,1.46,0.3024,2.23,0.257979,0.291929,0.6507462686567164,0.339438202247191,0.4950922354519537,0.5314432041780834,0.02931937172774869,0.38117647058823534,-27.8,-48.4,162,0.3541,4.91,1.59,1.37,0.2677,2.23,0.257979,0.47093023255813954,0.44777440566514926,0.4593523191116444,0.4593523191116444,0.032448979591836735,0.5231581004494821,SC/PR
-27.8,-48.2,267,0.4923,8.09,1.61,1.58,0.3195,2.64,0.227608,0.292104,0.7701492537313432,0.40348314606741564,0.5868161998993795,0.6320243108552934,0.04293193717277488,0.4147058823529412,-27.8,-48.2,140,0.3806,4.24,1.79,1.39,0.2854,2.64,0.227608,0.4069767441860465,0.4812847749114821,0.4441307595487643,0.4441307595487643,0.03653061224489796,0.5577486808676958,SC/PR
-27.6,-48.4,213,0.3673,6.46,1.35,1.35,0.2752,1.9,0.269996,0.311195,0.608955223880597,0.2630337078651685,0.4359944658728827,0.46663877599808745,0.015706806282722526,0.327843137254902,-27.6,-48.4,151,0.328,4.58,1.43,1.3,0.255,1.9,0.269996,0.438953488372093,0.4147698533131007,0.42686167084259685,0.42686167084259685,0.029183673469387755,0.4983388704318937,SC/PR
-27.6,-48.2,251,0.4616,7.61,1.58,1.53,0.3103,2.55,0.23548,0.312486,0.7223880597014926,0.3689887640449438,0.5456884118732181,0.5869250997627761,0.03979057591623038,0.3966666666666667,-27.6,-48.2,136,0.3727,4.12,1.74,1.38,0.2872,2.55,0.23548,0.3953488372093023,0.47129489124936774,0.43332186422933505,0.43332186422933505,0.035510204081632656,0.561266367011921,SC/PR
-27.6,-48.0,251,0.4926,7.61,1.63,1.56,0.3208,2.81,0.210822,0.308608,0.7223880597014926,0.403820224719101,0.5631041422102968,0.6060225454679196,0.04502617801047119,0.4172549019607843,-27.6,-48.0,92,0.4285,2.79,1.85,1.4,0.3163,2.81,0.210822,0.26744186046511625,0.5418563480020233,0.4046491042335698,0.4046491042335698,0.03775510204081633,0.6181356263435607,SC/PR
-27.4,-48.4,172,0.3016,5.21,1.27,1.27,0.241,1.5,0.272949,0.353181,0.48656716417910445,0.18921348314606734,0.33789032366258587,0.359061402379595,0.007329842931937179,0.2607843137254902,-27.4,-48.4,116,0.2717,3.52,1.33,1.23,0.221,1.5,0.272949,0.3372093023255814,0.3435761254425898,0.3403927138840856,0.3403927138840856,0.027142857142857146,0.43189368770764114,SC/PR
-27.4,-48.2,233,0.4309,7.06,1.49,1.44,0.301,2.5,0.242918,0.338541,0.6686567164179105,0.33449438202247184,0.5015755492201912,0.5385525662480002,0.03036649214659686,0.3784313725490196,-27.4,-48.2,129,0.371,3.91,1.62,1.36,0.2803,2.5,0.242918,0.375,0.46914516944865964,0.42207258472432985,0.42207258472432985,0.03306122448979592,0.547781903459058,SC/PR
-27.4,-48.0,255,0.4579,7.73,1.58,1.5,0.3097,2.77,0.21435,0.33042,0.7343283582089553,0.3648314606741572,0.5495799094415562,0.591192372055389,0.03979057591623038,0.39549019607843133,-27.4,-48.0,101,0.3902,3.06,1.71,1.38,0.2929,2.77,0.21435,0.2936046511627907,0.4934243803743045,0.3935145157685476,0.3935145157685476,0.03489795918367347,0.5724057064686339,SC/PR
-27.2,-48.4,147,0.2999,4.46,1.23,1.23,0.2529,1.64,0.273394,0.380259,0.41194029850746267,0.18730337078651682,0.29962183464698977,0.31709759282075806,0.0031413612565445053,0.2841176470588236,-27.2,-48.4,95,0.2571,2.88,1.27,1.22,0.2176,1.64,0.273394,0.2761627906976744,0.325113808801214,0.3006382997494442,0.3006382997494442,0.025918367346938778,0.4252491694352159,SC/PR
-27.2,-48.2,207,0.3788,6.27,1.41,1.34,0.281,2.29,0.247106,0.367154,0.591044776119403,0.2759550561797753,0.43349991614958916,0.4639033450412844,0.02198952879581151,0.3392156862745099,-27.2,-48.2,114,0.307,3.45,1.51,1.28,0.2422,2.29,0.247106,0.3313953488372093,0.3882144663631765,0.3598049076001929,0.3598049076001929,0.030816326530612247,0.4733242134062927,SC/PR
-27.2,-48.0,241,0.4528,7.3,1.56,1.49,0.3125,2.68,0.220099,0.354769,0.6925373134328359,0.35910112359550556,0.5258192185141707,0.5651372772577649,0.03769633507853404,0.40098039215686276,-27.2,-48.0,110,0.3504,3.33,1.67,1.28,0.2735,2.68,0.220099,0.31976744186046513,0.44309559939301973,0.38143152062674246,0.38143152062674246,0.034081632653061224,0.5344928669142075,SC/PR
-27.0,-48.4,127,0.2975,3.85,1.2,1.18,0.2591,1.82,0.269343,0.407824,0.3522388059701492,0.18460674157303364,0.2684227737715914,0.2828858566726125,0.0,0.29627450980392156,-27.0,-48.4,73,0.2343,2.21,1.23,1.14,0.201,1.82,0.269343,0.21220930232558138,0.2962822458270106,0.254245774076296,0.254245774076296,0.02510204081632653,0.39280828610513974,SC/PR
-27.0,-48.2,195,0.3889,5.91,1.4,1.34,0.2913,2.33,0.249826,0.394841,0.5552238805970149,0.28730337078651685,0.4212636256917659,0.4504854815277957,0.020942408376963345,0.3594117647058824,-27.0,-48.2,101,0.3131,3.06,1.49,1.24,0.2559,2.33,0.249826,0.2936046511627907,0.39592817400101166,0.3447664125819012,0.3447664125819012,0.030408163265306123,0.5000977135040062,SC/PR
-26.8,-48.4,161,0.332,4.88,1.28,1.25,0.2748,1.93,0.26993,0.432975,0.4537313432835821,0.2233707865168539,0.338551064900218,0.3597859467809265,0.008376963350785346,0.3270588235294118,-26.8,-48.4,85,0.2664,2.58,1.32,1.16,0.2259,1.93,0.26993,0.24709302325581395,0.3368740515933233,0.2919835374245686,0.2919835374245686,0.026938775510204082,0.441469611100254,SC/PR
-26.8,-48.2,209,0.3945,6.33,1.42,1.35,0.2936,2.32,0.253116,0.421535,0.5970149253731343,0.2935955056179775,0.4453052154955559,0.47684859964324466,0.02303664921465968,0.36392156862745106,-26.8,-48.2,102,0.3085,3.09,1.49,1.24,0.2527,2.32,0.253116,0.29651162790697677,0.3901112797167426,0.3433114538118597,0.3433114538118597,0.030408163265306123,0.49384404924760594,SC/PR
-26.6,-48.6,151,0.3285,4.58,1.21,1.19,0.2802,1.69,0.29291,0.464734,0.42388059701492536,0.219438202247191,0.32165939963105816,0.34126317144485924,0.0010471204188481683,0.33764705882352947,-26.6,-48.6,82,0.2381,2.49,1.24,1.13,0.2081,1.69,0.29291,0.23837209302325582,0.3010875063227112,0.2697297996729835,0.2697297996729835,0.02530612244897959,0.4066836036740277,SC/PR
-26.6,-48.4,177,0.3412,5.36,1.27,1.24,0.2767,1.94,0.272845,0.457832,0.5014925373134328,0.23370786516853928,0.367600201240986,0.39164015520697326,0.007329842931937179,0.3307843137254902,-26.6,-48.4,88,0.2625,2.67,1.34,1.15,0.2234,1.94,0.272845,0.2558139534883721,0.3319423368740516,0.29387814518121186,0.29387814518121186,0.027346938775510206,0.4365839358999413,SC/PR
-26.6,-48.2,217,0.3928,6.58,1.38,1.33,0.2949,2.29,0.255433,0.447226,0.6208955223880597,0.29168539325842685,0.4562904578232433,0.48889461005167434,0.01884816753926701,0.36647058823529416,-26.6,-48.2,98,0.3048,2.97,1.5,1.22,0.252,2.29,0.255433,0.28488372093023256,0.3854324734446131,0.33515809718742284,0.33515809718742284,0.030612244897959183,0.4924760601915184,SC/PR
-26.4,-48.4,187,0.3581,5.67,1.31,1.28,0.2831,1.63,0.279368,0.485014,0.5313432835820896,0.25269662921348307,0.3920199563977863,0.4184179554607477,0.011518324607329853,0.3433333333333334,-26.4,-48.4,90,0.2547,2.73,1.43,1.18,0.229,1.63,0.279368,0.2616279069767442,0.3220789074355083,0.2918534072061263,0.2918534072061263,0.029183673469387755,0.4475278483486418,SC/PR
-26.4,-48.2,209,0.4171,6.33,1.4,1.35,0.3093,2.24,0.260656,0.474562,0.5970149253731343,0.3189887640449438,0.45800184470903904,0.4907712536089299,0.020942408376963345,0.39470588235294124,-26.4,-48.2,87,0.308,2.64,1.49,1.2,0.259,2.24,0.260656,0.25290697674418605,0.38947900859888723,0.32119299267153667,0.32119299267153667,0.030408163265306123,0.506155950752394,SC/PR
-26.2,-48.4,179,0.3544,5.42,1.28,1.26,0.2887,1.34,0.286512,0.522567,0.5074626865671642,0.24853932584269658,0.3780010062049304,0.40304529321980914,0.008376963350785346,0.35431372549019613,-26.2,-48.4,84,0.2207,2.55,1.36,1.11,0.208,1.34,0.286512,0.2441860465116279,0.2790844714213455,0.2616352589664867,0.2616352589664867,0.02775510204081633,0.40648817666601517,SC/PR
-26.2,-48.2,212,0.4211,6.42,1.42,1.36,0.3125,2.0,0.269416,0.504855,0.6059701492537314,0.32348314606741563,0.4647266476605735,0.49814542378491694,0.02303664921465968,0.40098039215686276,-26.2,-48.2,89,0.2951,2.7,1.49,1.19,0.2515,2.0,0.269416,0.25872093023255816,0.3731664137582195,0.31594367199538886,0.31594367199538886,0.030408163265306123,0.4914989251514559,SC/PR
-26.0,-48.4,176,0.3622,5.33,1.27,1.23,0.2978,1.26,0.295223,0.556332,0.49850746268656715,0.2573033707865168,0.377905416736542,0.4029404733444896,0.007329842931937179,0.37215686274509807,-26.0,-48.4,78,0.2227,2.36,1.35,1.09,0.2153,1.26,0.295223,0.22674418604651161,0.2816135558927669,0.25417887096963926,0.25417887096963926,0.027551020408163266,0.4207543482509282,SC/PR
-26.0,-48.2,209,0.4202,6.33,1.38,1.34,0.3178,1.85,0.279148,0.536767,0.5970149253731343,0.32247191011235954,0.4597434177427469,0.4926809981794443,0.01884816753926701,0.4113725490196079,-26.0,-48.2,88,0.278,2.67,1.5,1.18,0.245,1.85,0.279148,0.2558139534883721,0.3515427415275671,0.3036783475079696,0.3036783475079696,0.030612244897959183,0.4787961696306429,SC/PR
-25.8,-48.2,224,0.4162,6.79,1.33,1.29,0.3184,1.8,0.28848,0.567931,0.6417910447761194,0.3179775280898876,0.4798842864330035,0.5147667298037846,0.01361256544502619,0.4125490196078432,-25.8,-48.2,87,0.2764,2.64,1.43,1.15,0.2512,1.8,0.28848,0.25290697674418605,0.3495194739504299,0.301213225347308,0.301213225347308,0.029183673469387755,0.4909126441274183,SC/PR
-25.8,-48.0,238,0.4712,7.21,1.46,1.38,0.341,2.15,0.271432,0.544411,0.6835820895522388,0.3797752808988763,0.5316786852255575,0.5715625517203331,0.027225130890052355,0.4568627450980393,-25.8,-48.0,95,0.3199,2.88,1.53,1.19,0.2683,2.15,0.271432,0.2761627906976744,0.40452706120384424,0.3403449259507593,0.3403449259507593,0.031224489795918367,0.5243306624975571,SC/PR
-25.6,-48.4,236,0.4133,7.15,1.33,1.28,0.322,1.33,0.313349,0.613027,0.6776119402985075,0.31471910112359547,0.49616552071105147,0.5326201290939517,0.01361256544502619,0.41960784313725497,-25.6,-48.4,91,0.2551,2.76,1.4,1.14,0.2281,1.33,0.313349,0.26453488372093026,0.3225847243297926,0.2935598040253614,0.2935598040253614,0.02857142857142857,0.4457690052765292,SC/PR
-25.6,-48.2,233,0.4315,7.06,1.34,1.3,0.3327,1.67,0.299426,0.596691,0.6686567164179105,0.3351685393258427,0.5019126278718766,0.5389221942293901,0.014659685863874358,0.44058823529411767,-25.6,-48.2,96,0.2621,2.91,1.43,1.12,0.2387,1.67,0.299426,0.27906976744186046,0.33143651997976736,0.3052531437108139,0.3052531437108139,0.029183673469387755,0.4664842681258549,SC/PR
-25.6,-48.0,236,0.4729,7.15,1.44,1.37,0.346,2.06,0.281381,0.571427,0.6776119402985075,0.38168539325842693,0.5296486667784672,0.5693365085786792,0.02513089005235602,0.4666666666666666,-25.6,-48.0,91,0.3198,2.76,1.55,1.18,0.2738,2.06,0.281381,0.26453488372093026,0.40440060698027314,0.3344677453506017,0.3344677453506017,0.03163265306122449,0.535079147938245,SC/PR
-25.6,-47.8,238,0.5056,7.21,1.51,1.43,0.3565,2.27,0.264722,0.548336,0.6835820895522388,0.4184269662921348,0.5510045279221868,0.592754555986686,0.032460732984293195,0.4872549019607843,-25.6,-47.8,95,0.3395,2.88,1.6,1.22,0.275,2.27,0.264722,0.2761627906976744,0.42931208902377344,0.3527374398607239,0.3527374398607239,0.0326530612244898,0.5374242720343951,SC/PR
-25.4,-48.0,256,0.4605,7.76,1.45,1.36,0.3405,1.89,0.295627,0.590252,0.7373134328358208,0.36775280898876406,0.5525331209122925,0.5944307545192078,0.026178010471204185,0.4558823529411765,-25.4,-48.0,112,0.2981,3.39,1.55,1.16,0.2644,1.89,0.295627,0.32558139534883723,0.37696004046535153,0.3512707179070944,0.3512707179070944,0.03163265306122449,0.5167090091850693,SC/PR
-25.4,-47.8,247,0.4791,7.49,1.51,1.41,0.3428,2.06,0.278879,0.572719,0.7104477611940299,0.38865168539325834,0.5495497232936442,0.5911592710421303,0.032460732984293195,0.4603921568627451,-25.4,-47.8,104,0.3233,3.15,1.61,1.19,0.2718,2.06,0.278879,0.3023255813953488,0.4088265048052605,0.35557604310030466,0.35557604310030466,0.03285714285714286,0.5311706077779949,SC/PR
-25.4,-47.6,246,0.5036,7.46,1.54,1.45,0.3535,2.31,0.262731,0.551879,0.7074626865671642,0.4161797752808989,0.5618212309240316,0.6046157524044209,0.035602094240837705,0.48137254901960785,-25.4,-47.6,106,0.3404,3.21,1.61,1.25,0.2804,2.31,0.262731,0.3081395348837209,0.430450177035913,0.3692948559598169,0.3692948559598169,0.03285714285714286,0.5479773304670704,SC/PR
-25.2,-47.8,249,0.4663,7.55,1.49,1.39,0.3355,1.85,0.295915,0.593444,0.7164179104477612,0.3742696629213482,0.5453437866845547,0.5865471965280715,0.03036649214659686,0.4460784313725491,-25.2,-47.8,116,0.3263,3.52,1.58,1.25,0.2705,1.85,0.295915,0.3372093023255814,0.4126201315123925,0.3749147169189869,0.3749147169189869,0.03224489795918367,0.5286300566738323,SC/PR
-25.2,-47.6,249,0.4935,7.55,1.54,1.44,0.3513,2.18,0.276937,0.576756,0.7164179104477612,0.4048314606741572,0.5606246855609591,0.6033036650177457,0.035602094240837705,0.4770588235294118,-25.2,-47.6,120,0.3327,3.64,1.61,1.21,0.2788,2.18,0.276937,0.3488372093023256,0.42071320182094085,0.38477520556163325,0.38477520556163325,0.03285714285714286,0.5448504983388703,SC/PR
-25.0,-47.8,231,0.3971,7.0,1.37,1.3,0.2972,1.29,0.3108,0.608831,0.6626865671641791,0.29651685393258426,0.47960171054838163,0.5144568675407786,0.017801047120418863,0.3709803921568628,-25.0,-47.8,117,0.2913,3.55,1.44,1.21,0.244,1.29,0.3108,0.34011627906976744,0.368361153262519,0.3542387161661432,0.3542387161661432,0.029387755102040815,0.4768418995505178,SP/RJ
-25.0,-47.6,248,0.4898,7.52,1.55,1.44,0.3495,2.04,0.293015,0.597858,0.7134328358208956,0.40067415730337075,0.5570534965621332,0.5993876312547124,0.03664921465968587,0.47352941176470587,-25.0,-47.6,124,0.347,3.76,1.61,1.26,0.2848,2.04,0.293015,0.36046511627906974,0.4387961557916034,0.39963063603533655,0.39963063603533655,0.03285714285714286,0.5565761188196208,SP/RJ
-25.0,-47.4,256,0.4886,7.76,1.56,1.45,0.344,2.2,0.277156,0.58215,0.7373134328358208,0.3993258426966291,0.568319637766225,0.6117416649809668,0.03769633507853404,0.46274509803921565,-25.0,-47.4,125,0.3638,3.79,1.65,1.3,0.2953,2.2,0.277156,0.3633720930232558,0.4600404653515428,0.4117062791873993,0.4117062791873993,0.0336734693877551,0.5770959546609341,SP/RJ
-25.0,-47.2,251,0.4915,7.61,1.63,1.49,0.3388,2.34,0.260433,0.564184,0.7223880597014926,0.4025842696629212,0.5624861646822069,0.6053448941687047,0.04502617801047119,0.45254901960784316,-25.0,-47.2,118,0.3654,3.58,1.73,1.31,0.3001,2.34,0.260433,0.3430232558139535,0.46206373292867986,0.40254349437131665,0.40254349437131665,0.03530612244897959,0.5864764510455344,SP/RJ
-24.8,-47.4,253,0.4877,7.67,1.55,1.43,0.3438,2.04,0.297006,0.59895,0.7283582089552239,0.39831460674157304,0.5633364078483984,0.6062772393754942,0.03664921465968587,0.4623529411764706,-24.8,-47.4,135,0.3746,4.09,1.62,1.3,0.2991,2.04,0.297006,0.39244186046511625,0.473697521497218,0.4330696909811671,0.4330696909811671,0.03306122448979592,0.5845221809654093,SP/RJ
-24.8,-47.2,259,0.4883,7.85,1.61,1.48,0.3403,2.25,0.279124,0.584536,0.746268656716418,0.3989887640449437,0.5726287103806809,0.6164668346236598,0.04293193717277488,0.4554901960784314,-24.8,-47.2,132,0.3838,4.0,1.67,1.3,0.3051,2.25,0.279124,0.38372093023255816,0.4853313100657562,0.43452612014915715,0.43452612014915715,0.034081632653061224,0.5962478014461597,SP/RJ
-24.8,-47.0,248,0.498,7.52,1.65,1.52,0.3355,2.36,0.262459,0.568864,0.7134328358208956,0.40988764044943815,0.5616602381351669,0.6044392136670406,0.04712041884816753,0.4460784313725491,-24.8,-47.0,125,0.3877,3.79,1.73,1.34,0.3024,2.36,0.262459,0.3633720930232558,0.4902630247850278,0.4268175589041418,0.4268175589041418,0.03530612244897959,0.5909712722298222,SP/RJ
-24.8,-46.8,242,0.5133,7.33,1.71,1.58,0.3338,2.45,0.245756,0.552574,0.6955223880597015,0.4270786516853932,0.5613005198725474,0.6040447599257066,0.05340314136125654,0.4427450980392157,-24.8,-46.8,114,0.3932,3.45,1.84,1.38,0.3024,2.45,0.245756,0.3313953488372093,0.49721800708143654,0.4143066779593229,0.4143066779593229,0.037551020408163265,0.5909712722298222,SP/RJ
-24.6,-47.2,263,0.4709,7.97,1.61,1.49,0.3227,1.99,0.304334,0.59598,0.7582089552238805,0.37943820224719094,0.5688235787355358,0.6122942680078707,0.04293193717277488,0.4209803921568627,-24.6,-47.2,145,0.4023,4.39,1.67,1.35,0.3131,1.99,0.304334,0.42151162790697677,0.5087253414264037,0.46511848466669026,0.46511848466669026,0.034081632653061224,0.6118819620871604,SP/RJ
-24.6,-47.0,260,0.4872,7.88,1.68,1.51,0.3301,2.21,0.285336,0.58598,0.7492537313432835,0.397752808988764,0.5735032701660238,0.6174258445355744,0.05026178010471204,0.4354901960784314,-24.6,-47.0,145,0.407,4.39,1.76,1.38,0.3137,2.21,0.285336,0.42151162790697677,0.5146686899342438,0.46809015892061023,0.46809015892061023,0.035918367346938776,0.6130545241352354,SP/RJ
-24.6,-46.8,248,0.4964,7.52,1.72,1.56,0.3289,2.31,0.265091,0.572384,0.7134328358208956,0.40808988764044934,0.5607613617306725,0.6034535390500009,0.05445026178010471,0.43313725490196087,-24.6,-46.8,136,0.3987,4.12,1.79,1.39,0.3025,2.31,0.265091,0.3953488372093023,0.5041729893778453,0.4497609132935738,0.4497609132935738,0.03653061224489796,0.5911666992378346,SP/RJ
-24.6,-46.6,249,0.5105,7.55,1.76,1.59,0.3315,2.44,0.247735,0.556872,0.7164179104477612,0.42393258426966285,0.5701752473587121,0.6137764578237923,0.05863874345549738,0.4382352941176471,-24.6,-46.6,125,0.4162,3.79,1.9,1.4,0.3087,2.44,0.247735,0.3633720930232558,0.526302478502782,0.4448372857630189,0.4448372857630189,0.03877551020408163,0.60328317373461,SP/RJ
-24.4,-46.8,266,0.4872,8.06,1.74,1.58,0.3193,2.14,0.284283,0.58881,0.7671641791044777,0.397752808988764,0.5824584940466209,0.6272458118023502,0.05654450261780105,0.41431372549019607,-24.4,-46.8,152,0.4184,4.61,1.78,1.41,0.3083,2.14,0.284283,0.4418604651162791,0.5290844714213455,0.4854724682688123,0.4854724682688123,0.036326530612244896,0.60250146570256,SP/RJ
-24.4,-46.6,263,0.5056,7.97,1.78,1.61,0.3259,2.25,0.268549,0.574982,0.7582089552238805,0.4184269662921348,0.5883179607580077,0.6336710862649184,0.06073298429319372,0.42725490196078436,-24.4,-46.6,152,0.4189,4.61,1.84,1.41,0.3065,2.25,0.268549,0.4418604651162791,0.5297167425392009,0.48578860382774,0.48578860382774,0.037551020408163265,0.5989837795583349,SP/RJ
-24.4,-46.4,259,0.5193,7.85,1.8,1.63,0.3325,2.36,0.253914,0.558983,0.746268656716418,0.4338202247191011,0.5900444407177595,0.6355642803288034,0.06282722513089006,0.4401960784313726,-24.4,-46.4,141,0.4443,4.27,1.88,1.43,0.3245,2.36,0.253914,0.40988372093023256,0.5618361153262519,0.48585991812824225,0.48585991812824225,0.038367346938775505,0.6341606410005862,SP/RJ
-24.4,-46.2,250,0.5403,7.58,1.87,1.7,0.3368,2.43,0.241483,0.541511,0.7194029850746269,0.4574157303370786,0.5884093577058527,0.6337713087772853,0.07015706806282723,0.44862745098039214,-24.4,-46.2,136,0.4506,4.12,2.01,1.46,0.3254,2.43,0.241483,0.3953488372093023,0.5698027314112292,0.4825757843102657,0.4825757843102657,0.0410204081632653,0.6359194840726988,SP/RJ
-24.4,-46.0,245,0.5471,7.43,1.9,1.7,0.3376,2.5,0.226557,0.524297,0.7044776119402985,0.4650561797752809,0.5847668958577896,0.6297771198440574,0.07329842931937172,0.4501960784313726,-24.4,-46.0,127,0.4475,3.85,2.03,1.47,0.3201,2.5,0.226557,0.3691860465116279,0.5658826504805261,0.467534348496077,0.467534348496077,0.041428571428571426,0.6255618526480359,SP/RJ
-24.4,-45.2,186,0.5256,5.64,2.09,1.72,0.3152,2.75,0.193941,0.45452,0.5283582089552239,0.44089887640449427,0.4846285426798591,0.5199691057209584,0.09319371727748689,0.40627450980392155,-24.4,-45.2,56,0.4422,1.7,2.21,1.48,0.3135,2.75,0.193941,0.16279069767441862,0.5591805766312595,0.36098563715283905,0.36098563715283905,0.04510204081632653,0.6126636701192104,SP/RJ
-24.2,-46.6,267,0.5144,8.09,1.79,1.63,0.3279,2.13,0.288781,0.587921,0.7701492537313432,0.42831460674157296,0.5992319302364582,0.6456389415031538,0.061780104712041886,0.4311764705882354,-24.2,-46.6,170,0.4437,5.15,1.86,1.48,0.3161,2.13,0.288781,0.4941860465116279,0.5610773899848255,0.5276317182482266,0.5276317182482266,0.03795918367346939,0.6177447723275356,SP/RJ
-24.2,-46.4,269,0.5319,8.15,1.81,1.65,0.3321,2.22,0.275237,0.574124,0.7761194029850746,0.44797752808988767,0.6120484655374812,0.6596930800492837,0.06387434554973823,0.4394117647058824,-24.2,-46.4,169,0.4564,5.12,1.88,1.51,0.319,2.22,0.275237,0.49127906976744184,0.577137076378351,0.5342080730728964,0.5342080730728964,0.038367346938775505,0.6234121555598984,SP/RJ
-24.2,-46.2,266,0.5329,8.06,1.83,1.69,0.3283,2.27,0.261151,0.557299,0.7671641791044777,0.44910112359550564,0.6081326513499916,0.6553991430515457,0.06596858638743457,0.4319607843137255,-24.2,-46.2,166,0.4596,5.03,1.92,1.54,0.3192,2.27,0.261151,0.48255813953488375,0.5811836115326252,0.5318708755337545,0.5318708755337545,0.03918367346938775,0.6238030095759233,SP/RJ
-24.2,-46.0,255,0.55,7.73,1.88,1.73,0.3359,2.37,0.246321,0.539977,0.7343283582089553,0.46831460674157305,0.6013214824752642,0.6479302671987348,0.07120418848167538,0.4468627450980392,-24.2,-46.0,155,0.4697,4.7,2.0,1.55,0.3263,2.37,0.246321,0.45058139534883723,0.593955488113303,0.5222684417310701,0.5222684417310701,0.04081632653061224,0.6376783271448113,SP/RJ
-24.2,-45.8,258,0.5676,7.82,1.93,1.76,0.342,2.48,0.232944,0.522583,0.7432835820895523,0.48808988764044936,0.6156867348650008,0.663682671619559,0.07643979057591622,0.4588235294117648,-24.2,-45.8,153,0.468,4.64,2.08,1.53,0.3289,2.48,0.232944,0.44476744186046513,0.591805766312595,0.51828660408653,0.51828660408653,0.04244897959183674,0.6427594293531366,SP/RJ
-24.2,-45.6,247,0.5601,7.49,1.96,1.76,0.3366,2.52,0.221916,0.503647,0.7104477611940299,0.4796629213483146,0.5950553412711722,0.6410590485297633,0.07958115183246073,0.4482352941176471,-24.2,-45.6,137,0.4643,4.15,2.09,1.5,0.3235,2.52,0.221916,0.39825581395348836,0.5871269600404654,0.4926913869969769,0.4926913869969769,0.042653061224489794,0.6322063709204612,SP/RJ
-24.2,-45.4,239,0.5498,7.24,1.98,1.74,0.3341,2.61,0.211505,0.485104,0.6865671641791045,0.46808988764044934,0.5773285259097769,0.6216204784935361,0.08167539267015707,0.44333333333333336,-24.2,-45.4,116,0.4708,3.52,2.09,1.53,0.3244,2.61,0.211505,0.3372093023255814,0.5953464845725848,0.4662778934490831,0.4662778934490831,0.042653061224489794,0.6339652139925738,SP/RJ
-24.2,-45.2,214,0.5402,6.49,2.01,1.72,0.3319,2.67,0.201581,0.468448,0.6119402985074627,0.45730337078651684,0.5346218346469898,0.5747899005130657,0.08481675392670154,0.4390196078431372,-24.2,-45.2,92,0.4606,2.79,2.08,1.55,0.3115,2.67,0.201581,0.26744186046511625,0.5824481537683359,0.4249450071167261,0.4249450071167261,0.04244897959183674,0.6087551299589603,SP/RJ
-24.2,-45.0,188,0.5311,5.7,2.11,1.76,0.3208,2.718,0.19306,0.454478,0.5343283582089552,0.44707865168539324,0.4907035049471742,0.5266306846392909,0.09528795811518323,0.4172549019607843,-24.2,-45.0,61,0.4501,1.85,2.2,1.51,0.3184,2.718,0.19306,0.17732558139534885,0.5691704602933738,0.3732480208443613,0.3732480208443613,0.04489795918367347,0.6222395935118233,SP/RJ
-24.0,-46.4,297,0.5414,9.0,1.82,1.69,0.327,1.83,0.295822,0.580194,0.8597014925373134,0.45865168539325835,0.6591765889652859,0.711372036999577,0.06492146596858639,0.4294117647058824,-24.0,-46.4,201,0.4843,6.09,1.94,1.54,0.3254,1.83,0.295822,0.5843023255813954,0.6124178047546789,0.5983600651680372,0.5983600651680372,0.039591836734693873,0.6359194840726988,SP/RJ
-24.0,-46.2,287,0.5248,8.7,1.81,1.7,0.3185,1.92,0.28569,0.564418,0.8298507462686567,0.44,0.6349253731343284,0.6847790507364976,0.06387434554973823,0.4127450980392157,-24.0,-46.2,199,0.4678,6.03,1.92,1.54,0.316,1.92,0.28569,0.5784883720930233,0.5915528578654528,0.5850206149792381,0.5850206149792381,0.03918367346938775,0.6175493453195231,SP/RJ
-24.0,-46.0,280,0.5569,8.49,1.84,1.73,0.3342,2.22,0.270699,0.552709,0.808955223880597,0.47606741573033695,0.642511319805467,0.6930975192629508,0.06701570680628273,0.4435294117647059,-24.0,-46.0,188,0.5021,5.7,2.01,1.56,0.3372,2.22,0.270699,0.5465116279069767,0.6349266565503288,0.5907191422286527,0.5907191422286527,0.0410204081632653,0.6589798710181747,SP/RJ
-24.0,-45.8,280,0.5673,8.49,1.85,1.74,0.3383,2.23,0.258003,0.537109,0.808955223880597,0.487752808988764,0.6483540164346805,0.6995044042737085,0.06806282722513089,0.4515686274509804,-24.0,-45.8,186,0.5092,5.64,1.98,1.59,0.3379,2.23,0.258003,0.5406976744186046,0.6439049064238745,0.5923012904212396,0.5923012904212396,0.04040816326530612,0.6603478600742622,SP/RJ
-24.0,-45.6,274,0.5616,8.3,1.88,1.76,0.3355,2.29,0.245552,0.518053,0.7910447761194029,0.4813483146067415,0.6361965453630722,0.686172971183729,0.07120418848167538,0.4460784313725491,-24.0,-45.6,180,0.4989,5.46,2.03,1.59,0.3337,2.29,0.245552,0.5232558139534884,0.6308801213960546,0.5770679676747715,0.5770679676747715,0.041428571428571426,0.6521399257377369,SP/RJ
-24.0,-45.4,261,0.5936,7.91,1.95,1.82,0.3478,2.43,0.239448,0.495248,0.7522388059701492,0.5173033707865168,0.6347710883783331,0.6846098677798415,0.07853403141361257,0.47019607843137257,-24.0,-45.4,176,0.504,5.33,2.09,1.61,0.3349,2.43,0.239448,0.5116279069767442,0.6373292867981791,0.5744785968874617,0.5744785968874617,0.042653061224489794,0.6544850498338869,SP/RJ
-24.0,-45.2,248,0.5746,7.52,1.96,1.8,0.337,2.53,0.226985,0.476081,0.7134328358208956,0.49595505617977526,0.6046939460003354,0.6516283859578146,0.07958115183246073,0.4490196078431373,-24.0,-45.2,156,0.4636,4.73,2.08,1.56,0.3148,2.53,0.226985,0.45348837209302323,0.5862417804754679,0.5198650762842456,0.5198650762842456,0.04244897959183674,0.615204221223373,SP/RJ
-24.0,-45.0,222,0.5316,6.73,1.99,1.76,0.3188,2.61,0.208136,0.467215,0.6358208955223881,0.44764044943820214,0.541730672480295,0.5825851891355117,0.08272251308900523,0.4133333333333333,-24.0,-45.0,105,0.4611,3.18,2.12,1.55,0.3123,2.61,0.208136,0.30523255813953487,0.5830804248861913,0.44415649151286307,0.44415649151286307,0.043265306122448985,0.6103185460230603,SP/RJ
-24.0,-44.8,199,0.5215,6.03,2.07,1.74,0.3191,2.68,0.195671,0.457572,0.5671641791044776,0.43629213483146057,0.501728156967969,0.5387199102594751,0.09109947643979056,0.413921568627451,-24.0,-44.8,76,0.4538,2.3,2.14,1.54,0.3087,2.68,0.195671,0.22093023255813954,0.5738492665655033,0.3973897495618214,0.3973897495618214,0.043673469387755105,0.60328317373461,SP/RJ
-23.8,-45.8,313,0.5897,9.49,1.91,1.79,0.338,1.89,0.279764,0.54715,0.9074626865671642,0.5129213483146067,0.7101920174408854,0.7673136688795307,0.07434554973821988,0.4509803921568628,-23.8,-45.8,229,0.5497,6.94,2.06,1.65,0.3483,1.89,0.279764,0.6656976744186046,0.6951188669701568,0.6804082706943807,0.6804082706943807,0.04204081632653062,0.6806722689075629,SP/RJ
-23.8,-45.6,323,0.58,9.79,1.95,1.8,0.329,1.698,0.275761,0.53249,0.9373134328358209,0.5020224719101123,0.7196679523729665,0.7777046286250207,0.07853403141361257,0.4333333333333334,-23.8,-45.6,234,0.5481,7.09,2.11,1.66,0.3432,1.698,0.275761,0.6802325581395349,0.6930955993930198,0.6866640787662773,0.6866640787662773,0.043061224489795914,0.6707054914989251,SP/RJ
-23.8,-45.4,302,0.4936,9.15,1.94,1.81,0.2851,1.3,0.262622,0.519371,0.8746268656716418,0.404943820224719,0.6397853429481803,0.6901083138711633,0.07748691099476439,0.3472549019607844,-23.8,-45.4,215,0.4653,6.52,2.08,1.66,0.2925,1.3,0.262622,0.625,0.5883915022761761,0.606695751138088,0.606695751138088,0.04244897959183674,0.5716239984365838,SP/RJ
-23.8,-45.2,234,0.4058,7.09,1.76,1.65,0.2544,1.65,0.24495,0.485425,0.6716417910447762,0.30629213483146056,0.48896696293811837,0.5247264569043197,0.05863874345549738,0.2870588235294118,-23.8,-45.2,160,0.3582,4.85,1.86,1.5,0.2435,1.65,0.24495,0.46511627906976744,0.452959028831563,0.4590376539506652,0.4590376539506652,0.03795918367346939,0.4758647645104553,SP/RJ
-23.8,-45.0,223,0.5286,6.76,1.97,1.82,0.3147,2.4,0.227094,0.478968,0.6388059701492538,0.44426966292134823,0.541537816535301,0.5823737104396918,0.08062827225130889,0.4052941176470588,-23.8,-45.0,144,0.428,4.36,2.06,1.58,0.2933,2.4,0.227094,0.4186046511627907,0.541224076884168,0.4799143640234793,0.4799143640234793,0.04204081632653062,0.573187414500684,SP/RJ
-23.8,-44.8,223,0.5268,6.76,1.99,1.77,0.3176,2.54,0.211581,0.471579,0.6388059701492538,0.44224719101123594,0.5405265805802448,0.5812648264955221,0.08272251308900523,0.4109803921568628,-23.8,-44.8,110,0.4772,3.33,2.13,1.57,0.3185,2.54,0.211581,0.31976744186046513,0.6034395548811331,0.4616034983707991,0.4616034983707991,0.04346938775510204,0.6224350205198358,SP/RJ
-23.8,-44.6,211,0.5324,6.39,2.09,1.77,0.3193,2.63,0.200707,0.46441,0.6029850746268657,0.44853932584269657,0.5257622002347812,0.5650747531216095,0.09319371727748689,0.41431372549019607,-23.8,-44.6,91,0.4539,2.76,2.2,1.52,0.3141,2.63,0.200707,0.26453488372093026,0.5739757207890744,0.41925530225500235,0.41925530225500235,0.04489795918367347,0.6138362321672854,SP/RJ
-23.6,-45.2,185,0.3023,5.61,1.45,1.38,0.2292,1.39,0.256151,0.496777,0.5253731343283582,0.18999999999999997,0.35768656716417907,0.38076923076923075,0.026178010471204185,0.23764705882352938,-23.6,-45.2,132,0.2931,4.0,1.52,1.34,0.2299,1.39,0.256151,0.38372093023255816,0.3706373292867982,0.37717912975967816,0.37717912975967816,0.031020408163265307,0.4492866914207543,SP/RJ
-23.6,-45.0,218,0.4427,6.61,1.83,1.72,0.2731,1.97,0.238276,0.489285,0.6238805970149254,0.347752808988764,0.48581670300184465,0.5212719983817282,0.06596858638743457,0.3237254901960785,-23.6,-45.0,152,0.375,4.61,1.95,1.52,0.2569,1.97,0.238276,0.4418604651162791,0.4742033383915023,0.4580319017538907,0.4580319017538907,0.03979591836734694,0.5020519835841313,SP/RJ
-23.6,-44.8,232,0.5311,7.03,1.98,1.84,0.3107,2.32,0.227238,0.483995,0.6656716417910448,0.44707865168539324,0.556375146738219,0.5986437779289799,0.08167539267015707,0.3974509803921568,-23.6,-44.8,152,0.4394,4.61,2.09,1.59,0.2964,2.32,0.227238,0.4418604651162791,0.5556398583712696,0.49875016174377435,0.49875016174377435,0.042653061224489794,0.5792456517490716,SP/RJ
-23.6,-44.6,233,0.5419,7.06,2.02,1.8,0.3205,2.48,0.217073,0.479068,0.6686567164179105,0.4592134831460674,0.563935099781989,0.606933742805127,0.08586387434554973,0.4166666666666667,-23.6,-44.6,139,0.4541,4.21,2.15,1.55,0.3078,2.48,0.217073,0.40406976744186046,0.5742286292362165,0.48914919833903847,0.48914919833903847,0.04387755102040816,0.6015243306624976,SP/RJ
-23.6,-44.4,222,0.5565,6.73,2.09,1.8,0.3261,2.58,0.206476,0.474267,0.6358208955223881,0.4756179775280898,0.5557194365252389,0.5979247503631916,0.09319371727748689,0.42764705882352944,-23.6,-44.4,114,0.479,3.45,2.2,1.59,0.3189,2.58,0.206476,0.3313953488372093,0.6057157309054123,0.4685555398713108,0.4685555398713108,0.04489795918367347,0.6232167285518858,SP/RJ
-23.6,-44.2,211,0.5589,6.39,2.13,1.8,0.3296,2.64,0.198908,0.469264,0.6029850746268657,0.47831460674157295,0.5406498406842193,0.5813999889663288,0.09738219895287957,0.4345098039215687,-23.6,-44.2,92,0.4774,2.79,2.25,1.55,0.3237,2.64,0.198908,0.26744186046511625,0.6036924633282752,0.43556716189669575,0.43556716189669575,0.04591836734693878,0.6325972249364862,SP/RJ
-23.6,-44.0,203,0.56,6.15,2.15,1.8,0.3297,2.68,0.193658,0.463588,0.5791044776119403,0.4795505617977528,0.5293275197048466,0.5689843505765093,0.09947643979057591,0.43470588235294116,-23.6,-44.0,77,0.4748,2.33,2.26,1.58,0.3184,2.68,0.193658,0.2238372093023256,0.6004046535154275,0.4121209314088765,0.4121209314088765,0.046122448979591835,0.6222395935118233,SP/RJ
-23.4,-44.4,248,0.5506,7.52,2.01,1.8,0.3199,2.4,0.223759,0.489926,0.7134328358208956,0.4689887640449438,0.5912107999329197,0.6368432667022196,0.08481675392670154,0.4154901960784314,-23.4,-44.4,159,0.4611,4.82,2.13,1.58,0.303,2.4,0.223759,0.4622093023255814,0.5830804248861913,0.5226448636058864,0.5226448636058864,0.04346938775510204,0.5921438342778972,SP/RJ
-23.4,-44.2,237,0.5802,7.18,2.11,1.85,0.3323,2.49,0.21393,0.483881,0.6805970149253732,0.5022471910112359,0.5914221029683046,0.6370749737950312,0.09528795811518323,0.43980392156862746,-23.4,-44.2,134,0.5033,4.06,2.28,1.63,0.3217,2.49,0.21393,0.38953488372093026,0.6364441072331816,0.512989495477056,0.512989495477056,0.046530612244897955,0.628688684776236,SP/RJ
-23.4,-44.0,221,0.6036,6.7,2.18,1.87,0.3412,2.548,0.205939,0.476982,0.6328358208955224,0.5285393258426966,0.5806875733691095,0.6253038856911675,0.10261780104712043,0.45725490196078433,-23.4,-44.0,120,0.4963,3.64,2.33,1.62,0.3293,2.548,0.205939,0.3488372093023256,0.6275923115832069,0.48821476044276624,0.48821476044276624,0.047551020408163266,0.6435411373851866,SP/RJ
-23.4,-43.8,218,0.5966,6.61,2.19,1.86,0.3433,2.59,0.19983,0.468939,0.6238805970149254,0.5206741573033707,0.5722773771591481,0.6160815756082311,0.10366492146596858,0.46137254901960784,-23.4,-43.8,97,0.5163,2.94,2.35,1.66,0.335,2.59,0.19983,0.2819767441860465,0.6528831562974203,0.4674299502417334,0.4674299502417334,0.04795918367346939,0.6546804768418996,SP/RJ
-23.4,-43.6,211,0.5865,6.39,2.23,1.87,0.3417,2.63,0.194967,0.462076,0.6029850746268657,0.5093258426966292,0.5561554586617474,0.5984028761102631,0.10785340314136126,0.4582352941176471,-23.4,-43.6,87,0.4932,2.64,2.37,1.61,0.3282,2.63,0.194967,0.25290697674418605,0.6236722306525039,0.43828960369834497,0.43828960369834497,0.048367346938775514,0.641391440297049,SP/RJ
-23.4,-43.4,205,0.5745,6.21,2.21,1.82,0.3382,2.668,0.191715,0.457397,0.5850746268656717,0.49584269662921343,0.5404586617474425,0.5811903492156898,0.10575916230366492,0.4513725490196079,-23.4,-43.4,72,0.5023,2.18,2.33,1.6,0.3407,2.668,0.191715,0.20930232558139536,0.635179564997471,0.4222409452894332,0.4222409452894332,0.047551020408163266,0.6658198162986124,SP/RJ
-23.4,-43.2,193,0.5876,5.85,2.21,1.84,0.3425,2.7,0.189242,0.454234,0.5492537313432836,0.510561797752809,0.5299077645480463,0.5696206256091506,0.10575916230366492,0.45980392156862754,-23.4,-43.2,61,0.5067,1.85,2.33,1.62,0.338,2.7,0.189242,0.17732558139534885,0.640743550834598,0.4090345661149734,0.4090345661149734,0.047551020408163266,0.6605432870822747,SP/RJ
-23.4,-43.0,176,0.5748,5.33,2.2,1.82,0.3376,2.73,0.1914,0.452049,0.49850746268656715,0.4961797752808988,0.49734361898373297,0.5339119880836353,0.10471204188481677,0.4501960784313726,-23.4,-43.0,51,0.5065,1.55,2.29,1.63,0.3282,2.73,0.1914,0.14825581395348839,0.6404906423874557,0.39437322817047205,0.39437322817047205,0.04673469387755102,0.641391440297049,SP/RJ
-23.4,-42.8,158,0.5449,4.79,2.21,1.77,0.3346,2.76,0.197937,0.450378,0.44477611940298506,0.4625842696629214,0.4536801945329532,0.4860322918773792,0.10575916230366492,0.4443137254901961,-23.4,-42.8,39,0.5147,1.18,2.38,1.64,0.3454,2.76,0.197937,0.11337209302325581,0.6508598887202833,0.38211599087176956,0.38211599087176956,0.04857142857142857,0.6750048856752002,SP/RJ
-23.4,-42.6,140,0.5568,4.24,2.29,1.81,0.3395,2.79,0.205333,0.449289,0.39104477611940297,0.4759550561797752,0.43349991614958905,0.4639033450412843,0.11413612565445026,0.45392156862745103,-23.4,-42.6,33,0.4928,1.0,2.33,1.67,0.312,2.79,0.205333,0.09593023255813954,0.6231664137582196,0.35954832315817953,0.35954832315817953,0.047551020408163266,0.6097322649990228,SP/RJ
-23.4,-42.2,124,0.5638,3.76,2.18,1.84,0.3282,2.84,0.20612,0.452048,0.34328358208955223,0.483820224719101,0.4135519034043266,0.4420290921127641,0.10261780104712043,0.43176470588235294,-23.4,-42.2,29,0.4405,0.88,2.31,1.59,0.3152,2.84,0.20612,0.08430232558139535,0.5570308548305514,0.3206665902059734,0.3206665902059734,0.047142857142857146,0.6159859292554231,SP/RJ
-23.4,-42.0,133,0.5479,4.03,2.17,1.8,0.3266,2.87,0.201215,0.456463,0.3701492537313433,0.4659550561797753,0.41805215495555925,0.4469639015060961,0.10157068062827224,0.4286274509803922,-23.4,-42.0,33,0.4097,1.0,2.27,1.52,0.3075,2.87,0.201215,0.09593023255813954,0.5180829539706626,0.30700659326440105,0.30700659326440105,0.0463265306122449,0.60093804963846,SP/RJ
-23.2,-44.4,256,0.5323,7.76,2.03,1.86,0.296,1.88,0.238935,0.512626,0.7373134328358208,0.4484269662921348,0.5928701995639778,0.6386629029588627,0.08691099476439788,0.3686274509803921,-23.2,-44.4,173,0.4609,5.24,2.17,1.65,0.2906,1.88,0.238935,0.502906976744186,0.5828275164390491,0.5428672465916176,0.5428672465916176,0.04428571428571428,0.5679108852843463,SP/RJ
-23.2,-44.2,258,0.6008,7.82,2.14,1.95,0.3253,2.08,0.232202,0.490792,0.7432835820895523,0.5253932584269663,0.6343384202582593,0.6841354199231321,0.09842931937172776,0.42607843137254897,-23.2,-44.2,173,0.504,5.24,2.28,1.71,0.3111,2.08,0.232202,0.502906976744186,0.6373292867981791,0.5701181317711825,0.5701181317711825,0.046530612244897955,0.6079734219269102,SP/RJ
-23.2,-44.0,250,0.5617,7.58,2.06,1.87,0.3138,2.13,0.225776,0.490087,0.7194029850746269,0.4814606741573033,0.6004318296159651,0.6469547067801908,0.09005235602094241,0.40352941176470597,-23.2,-44.0,159,0.4779,4.82,2.21,1.65,0.3031,2.13,0.225776,0.4622093023255814,0.6043247344461306,0.533267018385856,0.533267018385856,0.04510204081632653,0.5923392612859096,SP/RJ
-23.2,-43.8,241,0.5944,7.3,2.08,1.89,0.332,2.34,0.21996,0.477846,0.6925373134328359,0.5182022471910113,0.6053697803119236,0.6523694808657754,0.09214659685863875,0.43921568627450985,-23.2,-43.8,148,0.5015,4.49,2.22,1.65,0.3189,2.34,0.21996,0.43023255813953487,0.6341679312089024,0.5322002446742187,0.5322002446742187,0.045306122448979594,0.6232167285518858,SP/RJ
-23.2,-43.6,237,0.6148,7.18,2.13,1.9,0.345,2.45,0.213783,0.470074,0.6805970149253732,0.541123595505618,0.6108603052154955,0.6583901873885138,0.09738219895287957,0.46470588235294114,-23.2,-43.6,138,0.5111,4.18,2.24,1.64,0.3237,2.45,0.213783,0.4011627906976744,0.6463075366717249,0.5237351636846996,0.5237351636846996,0.04571428571428572,0.6325972249364862,SP/RJ
-23.2,-43.4,219,0.6545,6.64,2.23,1.97,0.3609,2.51,0.206644,0.465678,0.6268656716417911,0.5857303370786516,0.6062980043602213,0.6533873370234833,0.10785340314136126,0.4958823529411765,-23.2,-43.4,125,0.5178,3.79,2.38,1.69,0.3326,2.51,0.206644,0.3633720930232558,0.6547799696509864,0.5090760313371211,0.5090760313371211,0.04857142857142857,0.6499902286495993,SP/RJ
-23.2,-43.2,216,0.65,6.55,2.22,1.94,0.3607,2.56,0.200856,0.462916,0.6179104477611941,0.5806741573033708,0.5992923025322825,0.6457051435296715,0.10680628272251311,0.4954901960784314,-23.2,-43.2,110,0.5152,3.33,2.41,1.66,0.3364,2.56,0.200856,0.31976744186046513,0.6514921598381386,0.48562980084930185,0.48562980084930185,0.049183673469387755,0.6574164549540745,SP/RJ
-23.2,-43.0,210,0.6465,6.36,2.23,1.91,0.3645,2.59,0.196588,0.460574,0.6,0.5767415730337078,0.5883707865168539,0.6337290130381213,0.10785340314136126,0.5029411764705882,-23.2,-43.0,99,0.5049,3.0,2.51,1.6,0.3428,2.59,0.196588,0.2877906976744186,0.6384673748103187,0.4631290362423687,0.4631290362423687,0.051224489795918364,0.6699237834668751,SP/RJ
-23.2,-42.8,198,0.6228,6.0,2.18,1.88,0.358,2.63,0.195469,0.45922,0.564179104477612,0.5501123595505618,0.5571457320140869,0.5994887732396698,0.10261780104712043,0.49019607843137253,-23.2,-42.8,74,0.5267,2.24,2.41,1.61,0.3519,2.63,0.195469,0.21511627906976744,0.6660343955488113,0.4405753373092893,0.4405753373092893,0.049183673469387755,0.6877076411960132,SP/RJ
-23.2,-42.6,194,0.5978,5.88,2.16,1.86,0.3466,2.67,0.198072,0.458588,0.5522388059701493,0.5220224719101123,0.5371306389401308,0.5775409625039077,0.1005235602094241,0.467843137254902,-23.2,-42.6,61,0.4988,1.85,2.28,1.61,0.3317,2.67,0.198072,0.17732558139534885,0.6307536671724836,0.4040396242839162,0.4040396242839162,0.046530612244897955,0.6482313855774867,SP/RJ
-23.2,-42.4,183,0.5921,5.55,2.14,1.83,0.346,2.7,0.200248,0.459627,0.5194029850746269,0.5156179775280898,0.5175104813013583,0.5560262233582817,0.09842931937172776,0.4666666666666666,-23.2,-42.4,50,0.5153,1.52,2.34,1.66,0.3453,2.7,0.200248,0.14534883720930233,0.6516186140617097,0.39848372563550605,0.39848372563550605,0.04775510204081632,0.6748094586671878,SP/RJ
-23.2,-42.2,178,0.5845,5.39,2.13,1.81,0.3392,2.748,0.200646,0.4631,0.5044776119402985,0.5070786516853932,0.5057781318128458,0.5431609628716968,0.09738219895287957,0.45333333333333337,-23.2,-42.2,47,0.5013,1.42,2.34,1.66,0.3322,2.748,0.200646,0.13662790697674418,0.6339150227617603,0.38527146486925223,0.38527146486925223,0.04775510204081632,0.6492085206175493,SP/RJ
-23.2,-42.0,183,0.5663,5.55,2.07,1.75,0.3342,2.77,0.198236,0.469734,0.5194029850746269,0.48662921348314603,0.5030160992788865,0.5401322201585171,0.09109947643979056,0.4435294117647059,-23.2,-42.0,48,0.4902,1.45,2.23,1.58,0.3256,2.77,0.198236,0.13953488372093023,0.6198786039453719,0.37970674383315106,0.37970674383315106,0.04551020408163265,0.6363103380887238,SP/RJ
-23.2,-41.8,177,0.5436,5.36,2.0,1.71,0.3278,2.81,0.194796,0.477401,0.5014925373134328,0.4611235955056179,0.48130806640952534,0.516327994262491,0.08376963350785341,0.43098039215686273,-23.2,-41.8,44,0.4845,1.33,2.16,1.57,0.3225,2.81,0.194796,0.12790697674418605,0.612670713201821,0.3702888449730035,0.3702888449730035,0.044081632653061226,0.6302521008403361,SP/RJ
-23.0,-44.4,283,0.3636,8.58,1.89,1.77,0.2093,0.77,0.248897,0.534082,0.817910447761194,0.25887640449438193,0.538393426127788,0.5789256882252339,0.07225130890052354,0.1986274509803922,-23.0,-44.4,201,0.3282,6.09,2.05,1.62,0.2109,0.77,0.248897,0.5843023255813954,0.41502276176024283,0.4996625436708191,0.4996625436708191,0.041836734693877546,0.41215555989837793,SP/RJ
-23.0,-44.0,252,0.3914,7.64,1.83,1.68,0.239,1.01,0.248421,0.557472,0.7253731343283583,0.29011235955056175,0.50774274693946,0.5453152871512901,0.06596858638743457,0.25686274509803925,-23.0,-44.0,165,0.3327,5.0,1.95,1.5,0.2257,1.01,0.248421,0.4796511627906977,0.42071320182094085,0.4501821823058193,0.4501821823058193,0.03979591836734694,0.441078757084229,SP/RJ
-23.0,-43.4,262,0.555,7.94,2.08,1.91,0.3036,1.79,0.233271,0.467955,0.755223880597015,0.47393258426966295,0.614578232433339,0.6624671288548889,0.09214659685863875,0.38352941176470584,-23.0,-43.4,170,0.4911,5.15,2.26,1.74,0.3044,1.79,0.233271,0.4941860465116279,0.6210166919575114,0.5576013692345696,0.5576013692345696,0.046122448979591835,0.5948798123900723,SP/RJ
-23.0,-43.2,251,0.5897,7.61,2.1,1.93,0.3206,1.93,0.228156,0.469624,0.7223880597014926,0.5129213483146067,0.6176547040080496,0.6658406737895143,0.09424083769633508,0.4168627450980392,-23.0,-43.2,156,0.5074,4.73,2.27,1.77,0.3113,1.93,0.228156,0.45348837209302323,0.6416287303995953,0.5475585512463093,0.5475585512463093,0.0463265306122449,0.6083642759429353,SP/RJ
-23.0,-43.0,245,0.6213,7.43,2.12,1.92,0.3387,2.19,0.223334,0.46555,0.7044776119402985,0.5484269662921347,0.6264522891162165,0.6754877802092718,0.09633507853403142,0.4523529411764706,-23.0,-43.0,149,0.5317,4.52,2.32,1.75,0.3276,2.19,0.223334,0.4331395348837209,0.6723571067273647,0.5527483208055428,0.5527483208055428,0.0473469387755102,0.6402188782489739,SP/RJ
-23.0,-42.8,242,0.6296,7.33,2.1,1.89,0.3476,2.34,0.216791,0.462843,0.6955223880597015,0.557752808988764,0.6266375985242327,0.6756909836517773,0.09424083769633508,0.4698039215686275,-23.0,-42.8,147,0.5088,4.46,2.26,1.65,0.3254,2.34,0.216791,0.4273255813953488,0.6433990895295904,0.5353623354624696,0.5353623354624696,0.046122448979591835,0.6359194840726988,SP/RJ
-23.0,-42.6,244,0.6228,7.39,2.12,1.89,0.345,2.42,0.211555,0.462791,0.7014925373134329,0.5501123595505618,0.6258024484319973,0.6747751889516174,0.09633507853403142,0.46470588235294114,-23.0,-42.6,130,0.4928,3.94,2.32,1.66,0.3247,2.42,0.211555,0.37790697674418605,0.6231664137582196,0.5005366952512028,0.5005366952512028,0.0473469387755102,0.6345514950166112,SP/RJ
-23.0,-42.4,234,0.6458,7.09,2.17,1.93,0.3534,2.48,0.210004,0.464063,0.6716417910447762,0.5759550561797753,0.6237984236122758,0.6725776494602697,0.10157068062827224,0.4811764705882353,-23.0,-42.4,115,0.4928,3.49,2.37,1.65,0.3261,2.48,0.210004,0.33430232558139533,0.6231664137582196,0.4787343696698074,0.4787343696698074,0.048367346938775514,0.6372874731287863,SP/RJ
-23.0,-42.2,231,0.6355,7.0,2.11,1.88,0.3517,2.52,0.20899,0.468064,0.6626865671641791,0.56438202247191,0.6135342948180446,0.6613223854796888,0.09528795811518323,0.477843137254902,-23.0,-42.2,107,0.473,3.24,2.34,1.56,0.324,2.52,0.20899,0.311046511627907,0.5981284774911482,0.45458749455952757,0.45458749455952757,0.04775510204081632,0.6331835059605238,SP/RJ
-23.0,-42.0,213,0.595,6.46,2.05,1.82,0.3364,2.57,0.20661,0.481843,0.608955223880597,0.5188764044943819,0.5639158141874894,0.6069125949355448,0.08900523560209422,0.44784313725490194,-23.0,-42.0,88,0.426,2.67,2.28,1.47,0.3022,2.57,0.20661,0.2558139534883721,0.5386949924127467,0.3972544729505594,0.3972544729505594,0.046530612244897955,0.5905804182137971,SP/RJ
-23.0,-41.8,201,0.5422,6.09,2.0,1.76,0.3197,2.65,0.205499,0.49653,0.573134328358209,0.4595505617977528,0.5163424450779809,0.5547453980396845,0.08376963350785341,0.4150980392156863,-23.0,-41.8,63,0.4353,1.91,2.19,1.56,0.3,2.65,0.205499,0.18313953488372092,0.550455235204856,0.36679738504428844,0.36679738504428844,0.04469387755102041,0.5862810240375219,SP/RJ
-23.0,-41.6,192,0.5287,5.82,1.94,1.73,0.3192,2.73,0.20152,0.503546,0.5462686567164179,0.44438202247191,0.4953253395941639,0.5316988175582485,0.07748691099476439,0.41411764705882353,-23.0,-41.6,53,0.4454,1.61,2.26,1.58,0.315,2.73,0.20152,0.15406976744186046,0.5632271117855338,0.3586484396136971,0.3586484396136971,0.046122448979591835,0.615595075239398,SP/RJ
-22.8,-41.8,173,0.3647,5.24,1.82,1.59,0.2326,2.04,0.212426,0.524895,0.48955223880597015,0.2601123595505618,0.374832299178266,0.3995706063002262,0.06492146596858639,0.2443137254901961,-22.8,-41.8,56,0.3177,1.7,1.98,1.39,0.2224,2.04,0.212426,0.16279069767441862,0.4017450682852807,0.28226788297984967,0.28226788297984967,0.04040816326530612,0.4346296658198162,SP/RJ
-22.8,-41.6,187,0.4837,5.67,1.9,1.69,0.2926,2.5,0.207346,0.527439,0.5313432835820896,0.3938202247191011,0.4625817541505953,0.49579341289836154,0.07329842931937172,0.3619607843137256,-22.8,-41.6,50,0.448,1.52,2.22,1.64,0.292,2.5,0.207346,0.14534883720930233,0.5665149215983815,0.3559318794038419,0.3559318794038419,0.045306122448979594,0.5706468633965213,SP/RJ
-22.6,-41.8,136,0.2998,4.12,1.66,1.49,0.2016,1.81,0.214863,0.54993,0.37910447761194027,0.18719101123595502,0.28314774442394763,0.29903271483477073,0.0481675392670157,0.18352941176470589,-22.6,-41.8,41,0.2885,1.24,1.88,1.44,0.2073,1.81,0.214863,0.11918604651162791,0.3648204350025291,0.2420032407570785,0.2420032407570785,0.038367346938775505,0.4051201876099277,SP/RJ
-22.6,-41.6,184,0.4558,5.58,1.91,1.66,0.2763,2.31,0.211413,0.549095,0.5223880597014925,0.3624719101123595,0.442429984906926,0.4736957281303444,0.07434554973821988,0.33,-22.6,-41.6,55,0.4086,1.67,2.15,1.53,0.2732,2.31,0.211413,0.15988372093023256,0.516691957511381,0.33828783922080674,0.33828783922080674,0.04387755102040816,0.5339065858901699,SP/RJ
-22.6,-41.4,184,0.513,5.58,1.96,1.72,0.3088,2.48,0.205978,0.547916,0.5223880597014925,0.42674157303370785,0.4745648163676002,0.5089335956895125,0.07958115183246073,0.3937254901960785,-22.6,-41.4,58,0.4206,1.76,2.09,1.57,0.2764,2.48,0.205978,0.1686046511627907,0.5318664643399089,0.3502355577513498,0.3502355577513498,0.042653061224489794,0.5401602501465702,SP/RJ
-22.4,-41.6,180,0.4151,5.46,1.98,1.75,0.2459,1.78,0.216784,0.564705,0.5104477611940299,0.31674157303370787,0.4135946671138689,0.44207598521488084,0.08167539267015707,0.27039215686274515,-22.4,-41.6,59,0.3544,1.79,2.25,1.54,0.2407,1.78,0.216784,0.17151162790697674,0.44815376833586246,0.3098326981214196,0.3098326981214196,0.04591836734693878,0.4703928082861051,SP/RJ
-22.4,-41.4,186,0.4747,5.64,2.02,1.75,0.2761,2.19,0.213051,0.564918,0.5283582089552239,0.3837078651685393,0.4560330370618816,0.4886123319663841,0.08586387434554973,0.32960784313725494,-22.4,-41.4,56,0.4373,1.7,2.36,1.62,0.279,2.19,0.213051,0.16279069767441862,0.5529843196762773,0.3578875086753479,0.3578875086753479,0.048163265306122444,0.5452413523548955,SP/RJ
-22.4,-41.2,180,0.513,5.46,2.01,1.77,0.3056,2.42,0.207227,0.562775,0.5104477611940299,0.42674157303370785,0.4685946671138689,0.5023869508449954,0.08481675392670154,0.38745098039215686,-22.4,-41.2,58,0.4247,1.76,2.21,1.59,0.2779,2.42,0.207227,0.1686046511627907,0.5370510875063228,0.35282786933455673,0.35282786933455673,0.04510204081632653,0.5430916552667577,SP/RJ
-22.4,-41.0,164,0.4979,4.97,1.99,1.76,0.297,2.55,0.203314,0.559406,0.4626865671641791,0.4097752808988764,0.43623092403152774,0.46689806726861477,0.08272251308900523,0.37058823529411766,-22.4,-41.0,43,0.4202,1.3,2.23,1.56,0.2728,2.55,0.203314,0.125,0.5313606474456247,0.32818032372281236,0.32818032372281236,0.04551020408163265,0.5331248778581199,SP/RJ
-22.4,-40.8,133,0.4958,4.03,2.08,1.74,0.3076,2.66,0.205397,0.552765,0.3701492537313433,0.4074157303370786,0.38878249203421095,0.414867871788742,0.09214659685863875,0.39137254901960783,-22.4,-40.8,27,0.4091,0.82,2.37,1.48,0.3048,2.66,0.205397,0.07848837209302326,0.5173242286292363,0.2979063003611298,0.2979063003611298,0.048367346938775514,0.5956615204221223,SP/RJ
-22.2,-41.4,204,0.3684,6.18,1.89,1.7,0.2175,1.35,0.223718,0.576342,0.582089552238806,0.2642696629213483,0.4231796075800771,0.4525864763971386,0.07225130890052354,0.21470588235294116,-22.2,-41.4,67,0.346,2.03,2.18,1.6,0.2254,1.35,0.223718,0.19476744186046513,0.43753161355589276,0.31614952770817895,0.31614952770817895,0.04448979591836735,0.4404924760601915,SP/RJ
-22.2,-41.2,192,0.4699,5.82,1.99,1.77,0.2788,2.13,0.219858,0.578723,0.5462686567164179,0.37831460674157297,0.46229163172899546,0.4954752753820409,0.08272251308900523,0.3349019607843137,-22.2,-41.2,60,0.4309,1.82,2.33,1.6,0.2869,2.13,0.219858,0.1744186046511628,0.5448912493677289,0.35965492700944585,0.35965492700944585,0.047551020408163266,0.5606800859878834,SP/RJ
-22.2,-41.0,177,0.4736,5.36,1.95,1.71,0.292,2.38,0.211982,0.578729,0.5014925373134328,0.38247191011235954,0.4419822237128962,0.47320472976700567,0.07853403141361257,0.3607843137254902,-22.2,-41.0,53,0.4106,1.61,2.19,1.55,0.2789,2.38,0.211982,0.15406976744186046,0.5192210419828023,0.3366454047123314,0.3366454047123314,0.04469387755102041,0.5450459253468829,SP/RJ
-22.2,-40.8,154,0.4692,4.67,1.96,1.7,0.2877,2.54,0.207457,0.577013,0.43283582089552236,0.37752808988764036,0.40518195539158136,0.43285091671417275,0.07958115183246073,0.35235294117647065,-22.2,-40.8,38,0.4285,1.15,2.34,1.58,0.2781,2.54,0.207457,0.11046511627906977,0.5418563480020233,0.3261607321405465,0.3261607321405465,0.04775510204081632,0.5434825092827829,SP/RJ
-22.2,-40.6,135,0.483,4.09,2.07,1.76,0.3011,2.62,0.204931,0.570299,0.3761194029850746,0.3930337078651685,0.3845765554251216,0.4102557972746833,0.09109947643979056,0.37862745098039213,-22.2,-40.6,25,0.4457,0.76,2.44,1.6,0.3137,2.62,0.204931,0.07267441860465117,0.5636064744562469,0.31814044653044904,0.31814044653044904,0.04979591836734694,0.6130545241352354,SP/RJ
-22.0,-40.8,159,0.3757,4.82,1.77,1.58,0.2451,2.27,0.219477,0.617009,0.44776119402985076,0.2724719101123595,0.36011655207110516,0.3834338623365638,0.05968586387434555,0.2688235294117647,-22.0,-40.8,42,0.3515,1.27,2.02,1.52,0.2448,2.27,0.219477,0.12209302325581395,0.4444865958523015,0.2832898095540577,0.2832898095540577,0.04122448979591837,0.47840531561461785,SP/RJ
-22.0,-40.6,150,0.4198,4.55,1.89,1.66,0.2735,2.48,0.212702,0.600748,0.4208955223880597,0.3220224719101123,0.37145899714908603,0.3958715680685559,0.07225130890052354,0.3245098039215687,-22.0,-40.6,37,0.3745,1.12,2.08,1.51,0.2683,2.48,0.212702,0.10755813953488372,0.47357106727364695,0.2905646034042653,0.2905646034042653,0.04244897959183674,0.5243306624975571,SP/RJ
-21.8,-40.8,109,0.2986,3.3,1.61,1.51,0.2124,1.928,0.224021,0.663555,0.29850746268656714,0.1858426966292134,0.24217507965789026,0.25410360617149996,0.04293193717277488,0.20470588235294118,-21.8,-40.8,28,0.2957,0.85,1.82,1.5,0.2371,1.928,0.224021,0.08139534883720931,0.373925139099646,0.22766024396842766,0.22766024396842766,0.037142857142857144,0.46335743599765483,SP/RJ
-21.8,-40.6,127,0.3665,3.85,1.87,1.68,0.244,2.28,0.219633,0.639461,0.3522388059701492,0.2621348314606741,0.30718681871541165,0.32539307453244815,0.07015706806282723,0.26666666666666666,-21.8,-40.6,30,0.3174,0.91,2.23,1.5,0.2645,2.28,0.219633,0.0872093023255814,0.4013657056145676,0.24428750397007448,0.24428750397007448,0.04551020408163265,0.5169044361930819,SP/RJ
-21.6,-40.8,80,0.2519,2.42,1.55,1.41,0.1964,1.81,0.226347,0.692761,0.21194029850746268,0.1333707865168539,0.1726555425121583,0.1778710531639052,0.03664921465968587,0.1733333333333333,-21.6,-40.8,21,0.2251,0.64,1.95,1.48,0.2151,1.81,0.226347,0.061046511627906974,0.28464845725847243,0.1728474844431897,0.1728474844431897,0.03979591836734694,0.42036349423490327,SP/RJ
-21.6,-40.6,105,0.3081,3.18,1.85,1.57,0.2225,2.16,0.221039,0.66473,0.2865671641791045,0.19651685393258422,0.24154200905584436,0.25340940436565584,0.06806282722513089,0.22450980392156863,-21.6,-40.6,23,0.2803,0.7,2.35,1.52,0.2475,2.16,0.221039,0.06686046511627906,0.3544511886697016,0.21065582689299034,0.21065582689299034,0.04795918367346939,0.4836818448309556,SP/RJ
-21.4,-40.8,73,0.2423,2.21,1.45,1.37,0.1895,1.73,0.228933,0.704077,0.191044776119403,0.1225842696629213,0.15681452289116216,0.16050037698376213,0.026178010471204185,0.15980392156862747,-21.4,-40.8,20,0.1979,0.61,1.65,1.4,0.1788,1.73,0.228933,0.05813953488372093,0.25025290844714215,0.15419622166543154,0.15419622166543154,0.0336734693877551,0.34942349032636305,SP/RJ
-21.4,-40.6,99,0.28,3.0,1.71,1.47,0.2055,2.02,0.220727,0.676114,0.26865671641791045,0.1649438202247191,0.21680026832131477,0.22627852663712097,0.05340314136125654,0.19117647058823528,-21.4,-40.6,21,0.2656,0.64,2.29,1.48,0.2211,2.02,0.220727,0.061046511627906974,0.33586241780475473,0.19845446471633085,0.19845446471633085,0.04673469387755102,0.43208911471565364,SP/RJ
-21.2,-40.8,75,0.2572,2.27,1.49,1.35,0.1991,1.658,0.235542,0.707869,0.19701492537313434,0.13932584269662915,0.16817038403488174,0.1729527942772026,0.03036649214659686,0.17862745098039215,-21.2,-40.8,21,0.2278,0.64,1.71,1.38,0.1861,1.658,0.235542,0.061046511627906974,0.28806272129489124,0.1745546164613991,0.1745546164613991,0.03489795918367347,0.3636896619112761,SP/RJ
-21.2,-40.6,89,0.2749,2.7,1.72,1.47,0.2032,1.86,0.224314,0.680733,0.23880597014925373,0.15921348314606734,0.19900972664766053,0.20677007668401404,0.05445026178010471,0.18666666666666665,-21.2,-40.6,20,0.2311,0.61,2.25,1.35,0.2104,1.86,0.224314,0.05813953488372093,0.2922357106727365,0.17518762277822872,0.17518762277822872,0.04591836734693878,0.4111784248583154,SP/RJ
-21.2,-40.4,77,0.3083,2.33,1.92,1.55,0.2114,2.13,0.222954,0.63702,0.20298507462686566,0.19674157303370784,0.19986332383028677,0.20770609978116555,0.07539267015706805,0.2027450980392157,-21.2,-40.4,14,0.269,0.42,2.43,1.5,0.1875,2.13,0.222954,0.040697674418604654,0.340161861406171,0.19042976791238783,0.19042976791238783,0.04959183673469388,0.3664256400234512,SP/RJ
-21.0,-40.8,94,0.2708,2.85,1.61,1.45,0.205,1.47,0.243586,0.69954,0.2537313432835821,0.15460674157303367,0.20416904242830788,0.21242759153349638,0.04293193717277488,0.1901960784313725,-21.0,-40.8,27,0.2154,0.82,1.81,1.37,0.1864,1.47,0.243586,0.07848837209302326,0.27238239757207894,0.1754353848325511,0.1754353848325511,0.03693877551020408,0.3642759429353136,SP/RJ
-21.0,-40.6,99,0.2719,3.0,1.73,1.51,0.1984,1.68,0.23033,0.680894,0.26865671641791045,0.1558426966292134,0.21224970652356193,0.2212885488883576,0.05549738219895288,0.1772549019607843,-21.0,-40.6,20,0.2336,0.61,2.3,1.5,0.2113,1.68,0.23033,0.05813953488372093,0.2953970662620132,0.17676830057286705,0.17676830057286705,0.046938775510204075,0.41293726793042795,SP/RJ
-21.0,-40.4,87,0.3055,2.64,1.9,1.56,0.2168,2.02,0.224311,0.646736,0.23283582089552238,0.19359550561797748,0.21321566325674993,0.22234778131263905,0.07329842931937172,0.21333333333333332,-21.0,-40.4,16,0.2395,0.48,2.56,1.44,0.1833,2.02,0.224311,0.046511627906976744,0.30285786545270615,0.17468474667984146,0.17468474667984146,0.052244897959183675,0.3582177056869259,SP/RJ
-21.0,-40.2,65,0.3561,1.97,2.12,1.6,0.2467,2.29,0.236394,0.620769,0.16716417910447762,0.2504494382022472,0.2088068086533624,0.21751319443167402,0.09633507853403142,0.27196078431372545,-21.0,-40.2,10,0.2227,0.3,2.8,1.3,0.196,2.29,0.236394,0.029069767441860465,0.2816135558927669,0.15534166166731367,0.15534166166731367,0.05714285714285714,0.38303693570451436,SP/RJ
-21.0,-29.4,12,0.3525,0.36,5.0,2.08,0.2729,2.93,0.25865,0.533699,0.008955223880597015,0.2464044943820224,0.1276798591313097,0.12855238235348201,0.39790575916230364,0.3233333333333333,-21.0,-29.4,1,0.0137,0.03,6.0,1.0,0.185,2.93,0.25865,0.0029069767441860465,0.01732422862923622,0.010115602686711134,0.010115602686711134,0.12244897959183673,0.36153996482313855,SP/RJ
-21.0,-29.2,10,0.3518,0.3,5.5,2.1,0.2462,2.93,0.256112,0.52851,0.0029850746268656717,0.24561797752808984,0.12430152607747776,0.12484782728626859,0.450261780104712,0.2709803921568627,-21.0,-29.2,1,0.0,0.03,6.0,1.0,0.1695,2.93,0.256112,0.0029069767441860465,0.0,0.0014534883720930232,0.0014534883720930232,0.12244897959183673,0.33124877858119994,SP/RJ
-20.8,-40.4,99,0.2878,3.0,1.85,1.53,0.2076,1.86,0.228063,0.654957,0.26865671641791045,0.17370786516853928,0.22118229079322488,0.23108369039518933,0.06806282722513089,0.19529411764705884,-20.8,-40.4,16,0.2431,0.48,2.69,1.38,0.2002,1.86,0.228063,0.046511627906976744,0.30741021750126457,0.17696092270412067,0.17696092270412067,0.05489795918367347,0.39124487004103964,SP/RJ
-20.8,-40.2,78,0.3347,2.36,2.03,1.55,0.2385,2.16,0.228763,0.636018,0.20597014925373133,0.22640449438202243,0.21618732181787687,0.22560639217344927,0.08691099476439788,0.25588235294117645,-20.8,-40.2,12,0.2249,0.36,2.5,1.42,0.188,2.16,0.228763,0.03488372093023256,0.2843955488113303,0.15963963487078142,0.15963963487078142,0.05102040816326531,0.36740277506351376,SP/RJ
-20.8,-40.0,48,0.4222,1.45,2.48,1.79,0.2753,2.39,0.250423,0.62257,0.11641791044776119,0.3247191011235955,0.22056850578567833,0.23041063645892715,0.13403141361256543,0.32803921568627453,-20.8,-40.0,7,0.2555,0.21,2.57,1.43,0.203,2.39,0.250423,0.020348837209302327,0.32309054122407693,0.17171968921668962,0.17171968921668962,0.05244897959183673,0.39671682626538984,SP/RJ
-20.8,-29.6,11,0.3884,0.33,4.82,2.18,0.2371,2.92,0.261644,0.547904,0.005970149253731343,0.2867415730337078,0.14635586114371957,0.14903179536218022,0.37905759162303665,0.25313725490196076,-20.8,-29.6,0,0.0,0.0,,,,2.92,0.261644,0.0,0.0,0.0,0.0,0.0,0.0,SP/RJ
-20.8,-29.4,10,0.4047,0.3,5.4,2.3,0.2455,2.92,0.259664,0.54205,0.0029850746268656717,0.3050561797752808,0.15402062720107323,0.15743669431214252,0.43979057591623033,0.26960784313725494,-20.8,-29.4,0,0.0,0.0,,,,2.92,0.259664,0.0,0.0,0.0,0.0,0.0,0.0,SP/RJ
-20.8,-29.2,9,0.4232,0.27,5.56,2.33,0.2689,2.92,0.255782,0.535257,0.0,0.3258426966292135,0.16292134831460675,0.16719689586053443,0.45654450261780094,0.3154901960784313,-20.8,-29.2,0,0.0,0.0,,,,2.92,0.255782,0.0,0.0,0.0,0.0,0.0,0.0,SP/RJ
-20.8,-29.0,12,0.3458,0.36,4.67,2.0,0.2503,2.92,0.252327,0.531225,0.008955223880597015,0.23887640449438197,0.1239158141874895,0.12442486989462843,0.36335078534031406,0.27901960784313734,-20.8,-29.0,0,0.0,0.0,,,,2.92,0.252327,0.0,0.0,0.0,0.0,0.0,0.0,SP/RJ
-20.8,-28.8,10,0.4465,0.3,5.5,2.2,0.2855,2.92,0.248789,0.528294,0.0029850746268656717,0.3520224719101123,0.17750377326848898,0.1831874436823038,0.450261780104712,0.3480392156862745,-20.8,-28.8,0,0.0,0.0,,,,2.92,0.248789,0.0,0.0,0.0,0.0,0.0,0.0,SP/RJ
-20.8,-28.6,10,0.4431,0.3,4.7,2.1,0.2879,2.92,0.247071,0.525825,0.0029850746268656717,0.3482022471910111,0.17559366090893838,0.18109288512109448,0.36649214659685864,0.35274509803921567,-20.8,-28.6,0,0.0,0.0,,,,2.92,0.247071,0.0,0.0,0.0,0.0,0.0,0.0,SP/RJ
-20.6,-40.4,109,0.2657,3.3,1.75,1.55,0.1912,1.57,0.237372,0.65423,0.29850746268656714,0.14887640449438197,0.22369193359047457,0.2338356718586219,0.05759162303664921,0.1631372549019608,-20.6,-40.4,20,0.2059,0.61,2.2,1.45,0.1592,1.57,0.237372,0.05813953488372093,0.26036924633282754,0.15925439060827423,0.15925439060827423,0.04489795918367347,0.31111979675591167,SP/RJ
-20.6,-40.2,93,0.3242,2.82,1.99,1.62,0.2252,1.94,0.228375,0.648198,0.2507462686567164,0.21460674157303364,0.23267650511487503,0.24368782066606592,0.08272251308900523,0.22980392156862747,-20.6,-40.2,16,0.2107,0.48,2.19,1.5,0.1686,1.94,0.228375,0.046511627906976744,0.26643904906423876,0.15647533848560774,0.15647533848560774,0.04469387755102041,0.32948993550908734,SP/RJ
-20.6,-40.0,65,0.3484,1.97,2.09,1.58,0.2462,2.27,0.241462,0.637037,0.16716417910447762,0.24179775280898871,0.20448096595673315,0.21276963533717058,0.09319371727748689,0.2709803921568627,-20.6,-40.0,9,0.2181,0.27,2.44,1.44,0.1803,2.27,0.241462,0.02616279069767442,0.27579666160849775,0.15097972615308608,0.15097972615308608,0.04979591836734694,0.3523548954465507,SP/RJ
-20.6,-29.8,9,0.4385,0.27,5.22,2.33,0.3045,2.91,0.260855,0.562409,0.0,0.3430337078651685,0.17151685393258426,0.1766224093859762,0.4209424083769633,0.38529411764705884,-20.6,-29.8,0,0.0,0.0,,,,2.91,0.260855,0.0,0.0,0.0,0.0,0.0,0.0,SP/RJ
-20.6,-29.6,10,0.3897,0.3,5.1,2.1,0.253,2.91,0.260665,0.557873,0.0029850746268656717,0.2882022471910111,0.14559366090893838,0.14819599477739562,0.40837696335078527,0.2843137254901961,-20.6,-29.6,0,0.0,0.0,,,,2.91,0.260665,0.0,0.0,0.0,0.0,0.0,0.0,SP/RJ
-20.6,-29.4,11,0.3506,0.33,4.64,1.91,0.2498,2.91,0.258951,0.55243,0.005970149253731343,0.2442696629213483,0.1251199060875398,0.12574523253461814,0.36020942408376955,0.2780392156862745,-20.6,-29.4,0,0.0,0.0,,,,2.91,0.258951,0.0,0.0,0.0,0.0,0.0,0.0,SP/RJ
-20.6,-29.2,12,0.342,0.36,4.83,1.92,0.2652,2.91,0.254461,0.549504,0.008955223880597015,0.23460674157303368,0.12178098272681535,0.12208389267915924,0.3801047120418848,0.30823529411764705,-20.6,-29.2,0,0.0,0.0,,,,2.91,0.254461,0.0,0.0,0.0,0.0,0.0,0.0,SP/RJ
-20.6,-29.0,12,0.42,0.36,5.0,2.0,0.2816,2.91,0.25074,0.542649,0.008955223880597015,0.32224719101123583,0.16560120744591642,0.1701355302598429,0.39790575916230364,0.34039215686274515,-20.6,-29.0,1,0.0034,0.03,2.0,1.0,0.0154,2.91,0.25074,0.0029069767441860465,0.0042994436014162874,0.003603210172801167,0.003603210172801167,0.04081632653061224,0.030095759233926128,SP/RJ
-20.6,-28.8,13,0.449,0.39,4.85,2.08,0.3027,2.91,0.246485,0.536124,0.011940298507462687,0.3548314606741572,0.18338587959080996,0.18963754390481619,0.38219895287958106,0.381764705882353,-20.6,-28.8,1,0.0068,0.03,1.0,1.0,0.0,2.91,0.246485,0.0029069767441860465,0.008598887202832575,0.005752931973509311,0.005752931973509311,0.02040816326530612,0.0,SP/RJ
-20.6,-28.6,14,0.4316,0.42,5.0,2.07,0.3096,2.92,0.244529,0.534998,0.014925373134328358,0.33528089887640444,0.1751031360053664,0.1805549936556391,0.39790575916230364,0.3952941176470588,-20.6,-28.6,1,0.0049,0.03,2.0,1.0,0.003,2.92,0.244529,0.0029069767441860465,0.006196256954982297,0.004551616849584172,0.004551616849584172,0.04081632653061224,0.005862810240375219,SP/RJ
-20.4,-40.2,103,0.3093,3.12,1.9,1.61,0.2116,1.65,0.232371,0.654766,0.28059701492537314,0.19786516853932581,0.23923109173234947,0.250875337906177,0.07329842931937172,0.2031372549019608,-20.4,-40.2,18,0.2301,0.55,2.22,1.44,0.1817,1.65,0.232371,0.05232558139534884,0.2909711684370258,0.1716483749161873,0.1716483749161873,0.045306122448979594,0.35509087355872576,SP/RJ
-20.4,-40.0,79,0.3317,2.39,2.09,1.61,0.2347,2.17,0.235713,0.645867,0.208955223880597,0.2230337078651685,0.21599446587288273,0.22539491347762922,0.09319371727748689,0.24843137254901956,-20.4,-40.0,11,0.2111,0.33,2.09,1.36,0.1792,2.17,0.235713,0.03197674418604651,0.26694486595852307,0.1494608050722848,0.1494608050722848,0.042653061224489794,0.3502051983584131,SP/RJ
-20.4,-39.8,47,0.3925,1.42,2.3,1.68,0.255,2.4,0.253084,0.635389,0.11343283582089553,0.2913483146067415,0.2023905752138185,0.21047739016899905,0.11518324607329841,0.2882352941176471,-20.4,-39.8,6,0.2223,0.18,2.5,1.33,0.1736,2.4,0.253084,0.01744186046511628,0.28110773899848257,0.1492747997317994,0.1492747997317994,0.05102040816326531,0.3392612859097127,SP/RJ
-20.4,-29.6,12,0.3634,0.36,4.5,1.92,0.2473,2.9,0.256897,0.568821,0.008955223880597015,0.2586516853932584,0.1338034546369277,0.13526729068206475,0.34554973821989526,0.2731372549019607,-20.4,-29.6,0,0.0,0.0,,,,2.9,0.256897,0.0,0.0,0.0,0.0,0.0,0.0,SP/RJ
-20.4,-29.4,13,0.3801,0.39,4.85,2.08,0.2476,2.9,0.254991,0.567851,0.011940298507462687,0.2774157303370786,0.14467801442227066,0.14719193070854558,0.38219895287958106,0.27372549019607845,-20.4,-29.4,0,0.0,0.0,,,,2.9,0.254991,0.0,0.0,0.0,0.0,0.0,0.0,SP/RJ
-20.4,-29.2,14,0.3563,0.42,5.5,2.0,0.2706,2.9,0.251102,0.56471,0.014925373134328358,0.2506741573033707,0.13279976521884954,0.13416668199120982,0.450261780104712,0.31882352941176473,-20.4,-29.2,0,0.0,0.0,,,,2.9,0.251102,0.0,0.0,0.0,0.0,0.0,0.0,SP/RJ
-20.4,-29.0,12,0.4709,0.36,6.33,2.33,0.3119,2.9,0.246956,0.562921,0.008955223880597015,0.37943820224719094,0.19419671306389397,0.2014923040144173,0.5371727748691099,0.3998039215686275,-20.4,-29.0,0,0.0,0.0,,,,2.9,0.246956,0.0,0.0,0.0,0.0,0.0,0.0,SP/RJ
-20.4,-28.8,12,0.4858,0.36,6.58,2.5,0.3043,2.91,0.243242,0.554602,0.008955223880597015,0.39617977528089887,0.20256749958074793,0.21067139888559921,0.5633507853403141,0.38490196078431377,-20.4,-28.8,1,0.0022,0.03,2.0,1.0,0.0005,2.91,0.243242,0.0029069767441860465,0.0027819929185634805,0.0028444848313747637,0.0028444848313747637,0.04081632653061224,0.0009771350400625365,SP/RJ
-20.4,-28.6,14,0.4833,0.42,5.86,2.29,0.3261,2.91,0.240405,0.546389,0.014925373134328358,0.39337078651685387,0.2041480798255911,0.21240460471873332,0.48795811518324606,0.42764705882352944,-20.4,-28.6,1,0.0081,0.03,2.0,1.0,0.006,2.91,0.240405,0.0029069767441860465,0.01024279210925645,0.006574884426721248,0.006574884426721248,0.04081632653061224,0.011725620480750439,SP/RJ
-20.2,-40.0,81,0.3877,2.45,2.25,1.78,0.2544,2.08,0.235969,0.653511,0.21492537313432836,0.2859550561797752,0.2504402146570518,0.2631668474962761,0.10994764397905758,0.2870588235294118,-20.2,-40.0,16,0.1885,0.48,2.12,1.44,0.1567,2.08,0.235969,0.046511627906976744,0.23836621143146183,0.1424389196692193,0.1424389196692193,0.043265306122448985,0.306234121555599,SP/RJ
-20.2,-39.8,60,0.3845,1.82,2.27,1.72,0.256,2.32,0.24692,0.640954,0.15223880597014924,0.2823595505617977,0.21729917826597345,0.22682561282848154,0.11204188481675392,0.2901960784313726,-20.2,-39.8,7,0.2427,0.21,2.71,1.71,0.1796,2.32,0.24692,0.020348837209302327,0.30690440060698027,0.16362661890814129,0.16362661890814129,0.05530612244897959,0.35098690639046315,SP/RJ
-20.2,-29.6,13,0.3788,0.39,5.31,2.08,0.2544,2.89,0.251814,0.577799,0.011940298507462687,0.2759550561797753,0.143947677343619,0.14639107008220087,0.4303664921465968,0.2870588235294118,-20.2,-29.6,0,0.0,0.0,,,,2.89,0.251814,0.0,0.0,0.0,0.0,0.0,0.0,SP/RJ
-20.2,-29.4,14,0.3278,0.42,4.79,1.86,0.2731,2.89,0.249102,0.575115,0.014925373134328358,0.21865168539325835,0.11678852926379335,0.11660935287519075,0.3759162303664921,0.3237254901960785,-20.2,-29.4,0,0.0,0.0,,,,2.89,0.249102,0.0,0.0,0.0,0.0,0.0,0.0,SP/RJ
-20.2,-29.2,13,0.3626,0.39,5.31,2.0,0.258,2.89,0.246468,0.571933,0.011940298507462687,0.25775280898876396,0.13484655374811333,0.1364111145846742,0.4303664921465968,0.2941176470588236,-20.2,-29.2,0,0.0,0.0,,,,2.89,0.246468,0.0,0.0,0.0,0.0,0.0,0.0,SP/RJ
-20.2,-29.0,9,0.5965,0.27,7.67,3.0,0.3123,2.89,0.242537,0.56778,0.0,0.520561797752809,0.2602808988764045,0.2739577778186432,0.6774869109947643,0.4005882352941177,-20.2,-29.0,1,0.0051,0.03,9.0,1.0,0.2683,2.89,0.242537,0.0029069767441860465,0.006449165402124432,0.0046780710731552395,0.0046780710731552395,0.1836734693877551,0.5243306624975571,SP/RJ
-20.2,-28.8,13,0.4837,0.39,6.23,2.54,0.3063,2.89,0.239126,0.562204,0.011940298507462687,0.3938202247191011,0.2028802616132819,0.21101436216186398,0.5267015706806283,0.38882352941176473,-20.2,-28.8,1,0.0102,0.03,9.0,1.0,0.27,2.89,0.239126,0.0029069767441860465,0.012898330804248863,0.007902653774217455,0.007902653774217455,0.1836734693877551,0.5276529216337698,SP/RJ
-20.2,-28.6,14,0.4754,0.42,6.21,2.43,0.3045,2.89,0.237522,0.555528,0.014925373134328358,0.3844943820224718,0.19970987757840009,0.20753783629709996,0.5246073298429319,0.38529411764705884,-20.2,-28.6,1,0.0166,0.03,9.0,1.0,0.2698,2.89,0.237522,0.0029069767441860465,0.02099140111279717,0.01194918892849161,0.01194918892849161,0.1836734693877551,0.5272620676177447,SP/RJ
-20.0,-40.0,101,0.4045,3.06,2.13,1.82,0.2519,2.01,0.23896,0.660005,0.2746268656716418,0.30483146067415723,0.28972916317289954,0.3062496551977786,0.09738219895287957,0.2821568627450981,-20.0,-40.0,19,0.2344,0.58,2.32,1.58,0.1903,2.01,0.23896,0.055232558139534885,0.29640870005058173,0.1758206290950583,0.1758206290950583,0.0473469387755102,0.3718975962478014,ES/BA-S
-20.0,-39.8,80,0.4013,2.42,2.21,1.75,0.2775,2.24,0.240118,0.648694,0.21194029850746268,0.3012359550561797,0.2565881267818212,0.269908420529984,0.10575916230366492,0.3323529411764707,-20.0,-39.8,11,0.205,0.33,2.27,1.45,0.1527,2.24,0.240118,0.03197674418604651,0.25923115832068794,0.14560395125336723,0.14560395125336723,0.0463265306122449,0.29841704123509866,ES/BA-S
-20.0,-39.6,49,0.4299,1.49,2.8,1.88,0.2837,2.4,0.249153,0.645659,0.11940298507462686,0.33337078651685387,0.22638688579574037,0.23679085676455985,0.1675392670157068,0.34450980392156866,-20.0,-39.6,5,0.2128,0.15,3.2,1.6,0.1992,2.4,0.249153,0.014534883720930232,0.2690945877592312,0.14181473574008072,0.14181473574008072,0.0653061224489796,0.38929059996091453,ES/BA-S
-19.8,-40.0,130,0.3761,3.94,2.02,1.72,0.2322,1.718,0.246638,0.66568,0.3611940298507463,0.2729213483146067,0.3170576890826765,0.33621710586807413,0.08586387434554973,0.24352941176470586,-19.8,-40.0,26,0.2549,0.79,2.42,1.5,0.1971,1.718,0.246638,0.0755813953488372,0.32233181588265053,0.19895660561574385,0.19895660561574385,0.04938775510204081,0.3851866327926519,ES/BA-S
-19.8,-39.8,102,0.4247,3.09,2.13,1.81,0.2617,2.04,0.240177,0.66284,0.27761194029850744,0.3275280898876404,0.3025700150930739,0.32033045844903363,0.09738219895287957,0.30137254901960786,-19.8,-39.8,17,0.2506,0.52,2.41,1.59,0.1838,2.04,0.240177,0.04941860465116279,0.3168942842690946,0.1831564444601287,0.1831564444601287,0.049183673469387755,0.35919484072698843,ES/BA-S
-19.8,-39.6,75,0.4173,2.27,2.29,1.77,0.293,2.29,0.241149,0.653124,0.19701492537313434,0.3192134831460674,0.25811420425960085,0.27158186064473416,0.11413612565445026,0.3627450980392157,-19.8,-39.6,10,0.2011,0.3,3.0,1.5,0.1976,2.29,0.241149,0.029069767441860465,0.2542994436014163,0.1416846055216384,0.1416846055216384,0.061224489795918366,0.38616376783271444,ES/BA-S
-19.8,-39.4,56,0.4172,1.7,2.61,1.86,0.2855,2.42,0.246956,0.653365,0.14029850746268657,0.31910112359550563,0.2296998155290961,0.2404236929697126,0.1476439790575916,0.3480392156862745,-19.8,-39.4,5,0.2472,0.15,3.6,1.6,0.2055,2.42,0.246956,0.014534883720930232,0.31259484066767834,0.1635648621943043,0.1635648621943043,0.07346938775510205,0.4016025014657025,ES/BA-S
-19.6,-39.6,96,0.4195,2.91,2.16,1.77,0.2624,2.09,0.243374,0.697423,0.25970149253731345,0.32168539325842693,0.2906934428978702,0.30730704867687897,0.1005235602094241,0.30274509803921573,-19.6,-39.6,15,0.2324,0.45,2.33,1.47,0.1807,2.09,0.243374,0.0436046511627907,0.29387961557916037,0.16874213337097554,0.16874213337097554,0.047551020408163266,0.3531366034786007,ES/BA-S
-19.6,-39.4,74,0.4198,2.24,2.3,1.8,0.2938,2.25,0.241924,0.687139,0.19402985074626866,0.3220224719101123,0.25802616132819045,0.27148531602272935,0.11518324607329841,0.36431372549019614,-19.6,-39.4,8,0.1903,0.24,3.0,1.62,0.2416,2.25,0.241924,0.023255813953488372,0.24064238745574104,0.1319491007046147,0.1319491007046147,0.061224489795918366,0.4721516513582177,ES/BA-S
-19.4,-39.6,101,0.354,3.06,2.1,1.7,0.225,1.7,0.248343,0.791934,0.2746268656716418,0.24808988764044937,0.26135837665604555,0.27513930009746407,0.09424083769633508,0.22941176470588237,-19.4,-39.6,17,0.1602,0.52,2.06,1.29,0.1332,1.7,0.248343,0.04941860465116279,0.2025796661608498,0.1259991354060063,0.1259991354060063,0.04204081632653062,0.2603087746726598,ES/BA-S
-19.4,-39.4,81,0.4179,2.45,2.21,1.79,0.2771,2.1,0.243286,0.779243,0.21492537313432836,0.3198876404494381,0.26740650679188327,0.28177145589289987,0.10575916230366492,0.3315686274509804,-19.4,-39.4,6,0.2286,0.18,3.17,1.67,0.1967,2.1,0.243286,0.01744186046511628,0.2890743550834598,0.15325810777428803,0.15325810777428803,0.0646938775510204,0.3844049247606019,ES/BA-S
-19.2,-39.6,87,0.3559,2.64,1.98,1.68,0.2291,1.66,0.251859,0.939666,0.23283582089552238,0.25022471910112354,0.24153026999832294,0.25339653174938853,0.08167539267015707,0.23745098039215687,-19.2,-39.6,7,0.2017,0.21,2.0,1.29,0.1835,1.66,0.251859,0.020348837209302327,0.2550581689428427,0.13770350307607251,0.13770350307607251,0.04081632653061224,0.3586085597029509,ES/BA-S
-19.2,-39.4,82,0.4068,2.49,2.18,1.65,0.2836,2.06,0.244783,0.904732,0.21791044776119403,0.30741573033707853,0.26266308904913627,0.2765699994483164,0.10261780104712043,0.3443137254901961,-19.2,-39.4,4,0.2498,0.12,2.5,1.75,0.1849,2.06,0.244783,0.011627906976744186,0.31588265048052605,0.16375527872863513,0.16375527872863513,0.05102040816326531,0.36134453781512604,ES/BA-S
-19.0,-39.6,77,0.3517,2.33,2.03,1.64,0.2362,1.56,0.252816,1.050886,0.20298507462686566,0.24550561797752807,0.22424534630219686,0.23444252376836647,0.08691099476439788,0.2513725490196078,-19.0,-39.6,5,0.1708,0.15,1.4,1.0,0.1738,1.56,0.252816,0.014534883720930232,0.21598381385938292,0.11525934879015658,0.11525934879015658,0.02857142857142857,0.33965213992573773,ES/BA-S
-19.0,-39.4,81,0.4224,2.45,2.17,1.67,0.2864,2.02,0.245723,1.015036,0.21492537313432836,0.32494382022471907,0.2699345966795237,0.28454366575332385,0.10157068062827224,0.34980392156862744,-19.0,-39.4,5,0.1957,0.15,2.2,1.2,0.1682,2.02,0.245723,0.014534883720930232,0.2474709155285787,0.13100289962475448,0.13100289962475448,0.04489795918367347,0.32870822747703726,ES/BA-S
-18.8,-39.6,81,0.3454,2.45,1.99,1.67,0.2242,1.33,0.25494,1.144851,0.21492537313432836,0.23842696629213478,0.22667616971323157,0.23710807480828996,0.08272251308900523,0.227843137254902,-18.8,-39.6,5,0.1623,0.15,1.6,1.0,0.1595,1.33,0.25494,0.014534883720930232,0.2052352048558422,0.10988504428838622,0.10988504428838622,0.0326530612244898,0.3117060777799492,ES/BA-S
-18.8,-39.4,82,0.4153,2.49,2.2,1.67,0.2732,1.88,0.247405,1.109063,0.21791044776119403,0.31696629213483146,0.26743836994801273,0.2818063958513397,0.10471204188481677,0.32392156862745103,-18.8,-39.4,4,0.2122,0.12,2.25,1.25,0.1845,1.88,0.247405,0.011627906976744186,0.26833586241780477,0.1399818846972745,0.1399818846972745,0.04591836734693878,0.36056282978307597,ES/BA-S
-18.6,-39.6,87,0.3678,2.64,2.02,1.71,0.2379,1.34,0.258612,1.226963,0.23283582089552238,0.2635955056179775,0.24821566325674993,0.26072748671362106,0.08586387434554973,0.2547058823529412,-18.6,-39.6,5,0.184,0.15,1.6,1.0,0.18,1.34,0.258612,0.014534883720930232,0.23267577137076378,0.12360532754584701,0.12360532754584701,0.0326530612244898,0.35176861442251317,ES/BA-S
-18.6,-39.4,89,0.4367,2.7,2.28,1.73,0.2793,1.8,0.249858,1.186398,0.23880597014925373,0.3410112359550561,0.28990860305215493,0.3064464223321503,0.11308900523560207,0.33588235294117647,-18.6,-39.4,4,0.2295,0.12,2.0,1.25,0.2035,1.8,0.249858,0.011627906976744186,0.2902124430955994,0.1509201750361718,0.1509201750361718,0.04081632653061224,0.39769396130545237,ES/BA-S
-18.4,-39.6,97,0.3813,2.94,1.97,1.65,0.2465,1.45,0.263514,1.291322,0.2626865671641791,0.2787640449438201,0.2707253060539996,0.28541072840618614,0.08062827225130889,0.2715686274509804,-18.4,-39.6,6,0.1918,0.18,1.67,1.0,0.2175,1.45,0.263514,0.01744186046511628,0.24253920080930705,0.12999053063721167,0.12999053063721167,0.034081632653061224,0.4250537424272034,ES/BA-S
-18.4,-39.4,96,0.4705,2.91,2.2,1.74,0.3022,1.79,0.254322,1.251736,0.25970149253731345,0.3789887640449437,0.3193451282911286,0.3387254270950183,0.10471204188481677,0.38078431372549026,-18.4,-39.4,5,0.2116,0.15,1.8,1.0,0.2617,1.79,0.254322,0.014534883720930232,0.26757713707637837,0.1410560103986543,0.1410560103986543,0.036734693877551024,0.5114324799687316,ES/BA-S
-18.2,-39.4,107,0.4786,3.24,2.21,1.77,0.288,1.62,0.261256,1.301262,0.29253731343283584,0.38808988764044944,0.3403136005366426,0.3617186781662039,0.10575916230366492,0.3529411764705882,-18.2,-39.4,6,0.2057,0.18,1.83,1.0,0.278,1.62,0.261256,0.01744186046511628,0.2601163378856854,0.13877909917540082,0.13877909917540082,0.03734693877551021,0.5432870822747704,ES/BA-S
-18.2,-39.2,104,0.5044,3.15,2.3,1.81,0.3024,1.85,0.255313,1.245544,0.2835820895522388,0.41707865168539315,0.350330370618816,0.3727026977325806,0.11518324607329841,0.38117647058823534,-18.2,-39.2,6,0.2387,0.18,2.17,1.17,0.2882,1.85,0.255313,0.01744186046511628,0.3018462316641376,0.15964404606462693,0.15964404606462693,0.04428571428571428,0.5632206370920461,ES/BA-S
-18.2,-39.0,101,0.5032,3.06,2.32,1.79,0.3025,2.0,0.253706,1.186307,0.2746268656716418,0.41573033707865165,0.3451786013751467,0.367053458136413,0.11727748691099474,0.3813725490196079,-18.2,-39.0,6,0.2314,0.18,2.17,1.17,0.2868,2.0,0.253706,0.01744186046511628,0.29261507334344966,0.15502846690428296,0.15502846690428296,0.04428571428571428,0.560484658979871,ES/BA-S
-18.0,-39.4,125,0.4817,3.79,2.38,1.84,0.2742,1.34,0.270931,1.331671,0.34626865671641793,0.39157303370786517,0.3689208452121415,0.39308832453704556,0.12356020942408376,0.3258823529411765,-18.0,-39.4,7,0.2708,0.21,2.14,1.29,0.2804,1.34,0.270931,0.020348837209302327,0.3424380374304502,0.18139343731987626,0.18139343731987626,0.043673469387755105,0.5479773304670704,ES/BA-S
-18.0,-39.2,122,0.5301,3.7,2.36,1.84,0.3051,1.71,0.263802,1.276478,0.3373134328358209,0.44595505617977527,0.39163424450779805,0.41799499806910756,0.12146596858638742,0.3864705882352941,-18.0,-39.2,7,0.3158,0.21,2.57,1.57,0.3203,1.71,0.263802,0.020348837209302327,0.3993424380374305,0.20984563762336642,0.20984563762336642,0.05244897959183673,0.6259527066640609,ES/BA-S
-18.0,-39.0,117,0.5238,3.55,2.38,1.85,0.3068,1.86,0.260262,1.213096,0.32238805970149254,0.43887640449438203,0.3806322320979373,0.40593059820886745,0.12356020942408376,0.38980392156862753,-18.0,-39.0,9,0.2115,0.27,2.56,1.33,0.2589,1.86,0.260262,0.02616279069767442,0.2674506828528073,0.14680673677524086,0.14680673677524086,0.052244897959183675,0.5059605237443815,ES/BA-S
-18.0,-38.8,106,0.4759,3.21,2.34,1.84,0.2747,1.87,0.255135,1.1517,0.28955223880597014,0.38505617977528084,0.3373042092906255,0.3584186910388201,0.11937172774869108,0.32686274509803925,-18.0,-38.8,7,0.2296,0.21,2.86,1.57,0.2671,1.87,0.255135,0.020348837209302327,0.29033889731917045,0.15534386726423638,0.15534386726423638,0.05836734693877551,0.521985538401407,ES/BA-S
-17.8,-39.0,117,0.49,3.55,2.36,1.83,0.2824,1.65,0.262264,1.204005,0.32238805970149254,0.40089887640449434,0.3616434680529934,0.3851082219239044,0.12146596858638742,0.3419607843137255,-17.8,-39.0,9,0.2155,0.27,2.67,1.44,0.2332,1.65,0.262264,0.02616279069767442,0.27250885179565,0.1493358212466622,0.1493358212466622,0.05448979591836735,0.455735782685167,ES/BA-S
-17.8,-38.8,93,0.4248,2.82,2.31,1.81,0.2547,1.72,0.256267,1.139113,0.2507462686567164,0.32764044943820214,0.28919335904745924,0.3056621122124349,0.1162303664921466,0.2876470588235294,-17.8,-38.8,7,0.18,0.21,2.71,1.43,0.217,1.72,0.256267,0.020348837209302327,0.2276176024279211,0.12398321981861171,0.12398321981861171,0.05530612244897959,0.42407660738714087,ES/BA-S
-17.6,-39.0,97,0.3547,2.94,2.24,1.77,0.2148,1.208,0.262813,1.152385,0.2626865671641791,0.248876404494382,0.25578148582928056,0.26902388789790177,0.10890052356020945,0.20941176470588233,-17.6,-39.0,6,0.1412,0.18,2.0,1.17,0.2002,1.208,0.262813,0.01744186046511628,0.178553363682347,0.09799761207373164,0.09799761207373164,0.04081632653061224,0.39124487004103964,ES/BA-S
-17.6,-38.8,74,0.3584,2.24,2.2,1.69,0.2296,1.72,0.256302,1.086111,0.19402985074626866,0.2530337078651685,0.22353177930571858,0.23366005259383218,0.10471204188481677,0.2384313725490196,-17.6,-38.8,3,0.1121,0.09,2.0,1.33,0.2149,1.72,0.256302,0.00872093023255814,0.14175518462316644,0.07523805742786228,0.07523805742786228,0.04081632653061224,0.4199726402188782,ES/BA-S
-17.4,-39.0,67,0.2901,2.03,1.94,1.57,0.1944,1.41,0.262813,1.095402,0.17313432835820897,0.17629213483146067,0.17471323159483482,0.18012743890104638,0.07748691099476439,0.16941176470588235,-17.4,-39.0,4,0.1067,0.12,2.0,1.0,0.1676,1.41,0.262813,0.011627906976744186,0.1349266565503288,0.07327728176353648,0.07327728176353648,0.04081632653061224,0.32753566542896223,ES/BA-S
-17.4,-38.8,62,0.3546,1.88,2.11,1.66,0.2332,1.82,0.257227,1.030572,0.1582089552238806,0.2487640449438202,0.20348650008385039,0.2116791408448114,0.09528795811518323,0.24549019607843134,-17.4,-38.8,2,0.0747,0.06,2.0,1.0,0.2633,1.82,0.257227,0.005813953488372093,0.09446130500758726,0.050137629247979675,0.050137629247979675,0.04081632653061224,0.5145593120969317,ES/BA-S
-17.2,-39.0,66,0.3261,2.0,2.15,1.65,0.2033,1.56,0.264168,1.046291,0.1701492537313433,0.21674157303370784,0.19344541338252558,0.20066845657330956,0.09947643979057591,0.18686274509803924,-17.2,-39.0,2,0.1967,0.06,3.0,2.0,0.2348,1.56,0.264168,0.005813953488372093,0.24873545776428937,0.12727470562633073,0.12727470562633073,0.061224489795918366,0.4588626148133672,ES/BA-S
-17.2,-38.8,57,0.3661,1.73,2.37,1.81,0.2335,1.83,0.257742,0.972383,0.14328358208955225,0.2616853932584269,0.20248448767398958,0.21058037109913752,0.12251308900523561,0.246078431372549,-17.2,-38.8,2,0.0473,0.06,2.0,1.0,0.2293,1.83,0.257742,0.005813953488372093,0.05981284774911483,0.03281340061874346,0.03281340061874346,0.04081632653061224,0.44811412937267925,ES/BA-S
-17.0,-39.0,73,0.3369,2.21,2.38,1.79,0.2015,1.5,0.266732,1.005759,0.191044776119403,0.22887640449438196,0.20996059030689246,0.21877838871623234,0.12356020942408376,0.18333333333333335,-17.0,-39.0,3,0.1742,0.09,2.33,1.67,0.233,1.5,0.266732,0.00872093023255814,0.2202832574607992,0.11450209384667866,0.11450209384667866,0.047551020408163266,0.45534492866914206,ES/BA-S
-17.0,-38.8,55,0.3497,1.67,2.47,1.84,0.2241,1.81,0.257697,0.929029,0.1373134328358209,0.2432584269662921,0.1902859299010565,0.19720388385222237,0.1329842931937173,0.2276470588235294,-17.0,-38.8,2,0.1168,0.06,2.0,1.5,0.2628,1.81,0.257697,0.005813953488372093,0.1476985331310066,0.07675624330968935,0.07675624330968935,0.04081632653061224,0.5135821770568691,ES/BA-S
-16.8,-39.0,72,0.324,2.18,2.42,1.81,0.1918,1.5,0.268807,0.97206,0.1880597014925373,0.21438202247191007,0.2012208619822237,0.20919472590522076,0.12774869109947642,0.16431372549019607,-16.8,-39.0,3,0.1697,0.09,2.33,1.67,0.2113,1.5,0.268807,0.00872093023255814,0.21459281740010117,0.11165687381632965,0.11165687381632965,0.047551020408163266,0.41293726793042795,ES/BA-S
-16.8,-38.8,57,0.3419,1.73,2.53,1.84,0.2181,1.83,0.259235,0.926524,0.14328358208955225,0.23449438202247183,0.18888898205601204,0.19567204251641257,0.13926701570680625,0.21588235294117644,-16.8,-38.8,1,0.2265,0.03,3.0,2.0,0.2061,1.83,0.259235,0.0029069767441860465,0.2864188163884674,0.14466289656632672,0.14466289656632672,0.061224489795918366,0.40277506351377756,ES/BA-S
-16.6,-39.0,75,0.3043,2.27,2.56,1.88,0.1752,1.25,0.272469,0.967801,0.19701492537313434,0.19224719101123594,0.19463105819218512,0.20196859081630777,0.1424083769633508,0.13176470588235292,-16.6,-39.0,3,0.1862,0.09,2.33,1.67,0.1934,1.25,0.272469,0.00872093023255814,0.2354577642893273,0.12208934726094271,0.12208934726094271,0.047551020408163266,0.3779558334961891,ES/BA-S
-16.6,-38.8,54,0.3954,1.64,2.72,2.04,0.2391,1.88,0.261208,0.940806,0.13432835820895522,0.2946067415730337,0.21446754989099445,0.22372055389028853,0.15916230366492148,0.25705882352941173,-16.6,-38.8,2,0.162,0.06,2.0,1.5,0.2436,1.88,0.261208,0.005813953488372093,0.204855842185129,0.10533489783675055,0.10533489783675055,0.04081632653061224,0.47606019151846785,ES/BA-S
-16.4,-38.8,64,0.4018,1.94,2.8,2.05,0.2394,1.8,0.264891,0.951885,0.16417910447761194,0.3017977528089887,0.23298842864330033,0.24402986446974015,0.1675392670157068,0.25764705882352945,-16.4,-38.8,2,0.1978,0.06,2.0,1.5,0.2429,1.8,0.264891,0.005813953488372093,0.2501264542235711,0.1279702038559716,0.1279702038559716,0.04081632653061224,0.47469220246238025,ES/BA-S
-16.4,-38.6,50,0.3979,1.52,2.88,2.12,0.2299,1.98,0.258682,0.917305,0.12238805970149254,0.2974157303370785,0.20990189501928552,0.21871402563489575,0.17591623036649212,0.23901960784313725,-16.4,-38.6,1,0.1526,0.03,2.0,1.0,0.1503,1.98,0.258682,0.0029069767441860465,0.19296914516944869,0.09793806095681737,0.09793806095681737,0.04081632653061224,0.2937267930427985,ES/BA-S
-16.2,-38.8,71,0.3651,2.15,2.79,2.0,0.2096,1.54,0.26961,0.96449,0.18507462686567164,0.2605617977528089,0.22281821230924026,0.23287758141929785,0.16649214659685863,0.1992156862745098,-16.2,-38.8,2,0.2378,0.06,2.0,1.5,0.2456,1.54,0.26961,0.005813953488372093,0.300708143651998,0.15326104857018505,0.15326104857018505,0.04081632653061224,0.479968731678718,ES/BA-S
-16.2,-38.6,60,0.3799,1.82,2.8,1.97,0.228,1.92,0.261717,0.938238,0.15223880597014924,0.277191011235955,0.21471490860305215,0.22399179830449256,0.1675392670157068,0.23529411764705885,-16.2,-38.6,1,0.2371,0.03,2.0,2.0,0.1683,1.92,0.261717,0.0029069767441860465,0.29982296408700054,0.1513649704155933,0.1513649704155933,0.04081632653061224,0.3289036544850498,ES/BA-S
-16.0,-38.8,68,0.3635,2.06,2.75,2.09,0.206,1.46,0.272761,0.959015,0.1761194029850746,0.25876404494382016,0.2174417239644474,0.2269819231688703,0.16230366492146597,0.19215686274509802,-16.0,-38.8,3,0.1593,0.09,2.33,1.33,0.187,1.46,0.272761,0.00872093023255814,0.20144157814871017,0.10508125419063415,0.10508125419063415,0.047551020408163266,0.36544850498338866,ES/BA-S
-16.0,-38.6,55,0.3898,1.67,2.82,1.98,0.2265,1.94,0.263058,0.936481,0.1373134328358209,0.28831460674157294,0.2128140197886969,0.22190735394177896,0.16963350785340311,0.2323529411764706,-16.0,-38.6,1,0.1499,0.03,2.0,1.0,0.135,1.94,0.263058,0.0029069767441860465,0.18955488113302987,0.09623092893860796,0.09623092893860796,0.04081632653061224,0.2638264608168849,ES/BA-S
-15.8,-38.8,62,0.2713,1.88,2.44,1.85,0.1635,1.4,0.270123,0.925339,0.1582089552238806,0.15516853932584265,0.15668874727486162,0.1603624560951838,0.12984293193717275,0.10882352941176472,-15.8,-38.8,1,0.1832,0.03,2.0,2.0,0.1507,1.4,0.270123,0.0029069767441860465,0.23166413758219526,0.11728555716319065,0.11728555716319065,0.04081632653061224,0.2945085010748485,ES/BA-S
-15.8,-38.6,39,0.3865,1.18,3.08,2.15,0.2307,2.01,0.262774,0.90887,0.08955223880597014,0.2846067415730336,0.18707949018950187,0.1936878206660659,0.1968586387434555,0.24058823529411763,-15.8,-38.6,1,0.0804,0.03,2.0,1.0,0.0673,2.01,0.262774,0.0029069767441860465,0.1016691957511381,0.052288086247662076,0.052288086247662076,0.04081632653061224,0.13152237639241743,ES/BA-S
-15.8,-38.4,28,0.313,0.85,3.32,2.0,0.2167,2.07,0.26828,0.908908,0.056716417910447764,0.20202247191011233,0.12936944491028005,0.13040511962338402,0.22198952879581152,0.21313725490196078,-15.8,-38.4,0,0.0,0.0,,,,2.07,0.26828,0.0,0.0,0.0,0.0,0.0,0.0,ES/BA-S
-15.6,-38.8,50,0.2658,1.52,2.52,1.84,0.1545,1.62,0.267928,0.920412,0.12238805970149254,0.14898876404494377,0.13568841187321815,0.13733426506555838,0.1382198952879581,0.09117647058823529,-15.6,-38.8,1,0.1033,0.03,2.0,1.0,0.0961,1.62,0.267928,0.0029069767441860465,0.1306272129489125,0.06676709484654927,0.06676709484654927,0.04081632653061224,0.18780535470001955,ES/BA-S
-15.6,-38.6,32,0.3782,0.97,3.09,2.19,0.2161,2.01,0.264999,0.907959,0.06865671641791045,0.27528089887640445,0.17196880764715744,0.17711800511226758,0.19790575916230363,0.21196078431372548,-15.6,-38.6,1,0.0306,0.03,2.0,1.0,0.0208,2.01,0.264999,0.0029069767441860465,0.038694992412746584,0.020800984578466315,0.020800984578466315,0.04081632653061224,0.04064881766660152,ES/BA-S
-15.4,-38.8,47,0.282,1.42,2.72,1.89,0.1692,1.76,0.267544,0.916845,0.11343283582089553,0.16719101123595498,0.14031192352842525,0.14240423692969711,0.15916230366492148,0.11999999999999998,-15.4,-38.8,0,0.0,0.0,,,,1.76,0.267544,0.0,0.0,0.0,0.0,0.0,0.0,ES/BA-S
-15.4,-38.6,27,0.3583,0.82,3.22,2.15,0.2124,2.02,0.268741,0.909304,0.05373134328358209,0.2529213483146067,0.1533263457990944,0.15667537100719028,0.2115183246073299,0.20470588235294118,-15.4,-38.6,0,0.0,0.0,,,,2.02,0.268741,0.0,0.0,0.0,0.0,0.0,0.0,ES/BA-S
-15.2,-38.8,41,0.2851,1.24,2.68,1.9,0.1695,1.76,0.268576,0.911592,0.0955223880597015,0.17067415730337077,0.13309827268153612,0.1344940142334357,0.1549738219895288,0.12058823529411768,-15.2,-38.8,0,0.0,0.0,,,,1.76,0.268576,0.0,0.0,0.0,0.0,0.0,0.0,ES/BA-S
-15.2,-38.6,26,0.3087,0.79,2.73,1.88,0.2088,2.04,0.271145,0.91138,0.050746268656716415,0.19719101123595498,0.1239686399463357,0.1244827966678313,0.16020942408376962,0.19764705882352943,-15.2,-38.6,0,0.0,0.0,,,,2.04,0.271145,0.0,0.0,0.0,0.0,0.0,0.0,ES/BA-S
-15.0,-38.8,33,0.2947,1.0,2.76,1.94,0.1728,1.87,0.269283,0.912432,0.07164179104477612,0.18146067415730335,0.12655123260103973,0.12731477224663934,0.1633507853403141,0.12705882352941178,-15.0,-38.8,0,0.0,0.0,,,,1.87,0.269283,0.0,0.0,0.0,0.0,0.0,0.0,BA-N
-15.0,-38.6,22,0.2821,0.67,2.82,1.68,0.2085,2.06,0.272347,0.914858,0.03880597014925373,0.16730337078651683,0.10305467046788527,0.10154931131502969,0.16963350785340311,0.19705882352941176,-15.0,-38.6,0,0.0,0.0,,,,2.06,0.272347,0.0,0.0,0.0,0.0,0.0,0.0,BA-N
-14.8,-38.8,31,0.3374,0.94,2.68,2.03,0.1813,1.9,0.270801,0.917464,0.06567164179104477,0.22943820224719094,0.14755492201911785,0.1503466411666268,0.1549738219895288,0.14372549019607841,-14.8,-38.8,0,0.0,0.0,,,,1.9,0.270801,0.0,0.0,0.0,0.0,0.0,0.0,BA-N
-14.8,-38.6,22,0.3454,0.67,3.0,1.77,0.2251,2.07,0.272824,0.919487,0.03880597014925373,0.23842696629213478,0.13861646822069426,0.14054506335166148,0.18848167539267013,0.22960784313725488,-14.8,-38.6,0,0.0,0.0,,,,2.07,0.272824,0.0,0.0,0.0,0.0,0.0,0.0,BA-N
-14.6,-38.8,29,0.3591,0.88,2.55,1.97,0.201,1.938,0.27109,0.922739,0.05970149253731343,0.25382022471910104,0.15676085862820724,0.16044153073796869,0.1413612565445026,0.1823529411764706,-14.6,-38.8,0,0.0,0.0,,,,1.938,0.27109,0.0,0.0,0.0,0.0,0.0,0.0,BA-N
-14.6,-38.6,20,0.4035,0.61,3.0,1.9,0.2423,2.08,0.272047,0.924689,0.03283582089552239,0.30370786516853926,0.16827184303203083,0.17306405046065576,0.18848167539267013,0.26333333333333325,-14.6,-38.6,0,0.0,0.0,,,,2.08,0.272047,0.0,0.0,0.0,0.0,0.0,0.0,BA-N
-14.4,-38.8,29,0.4288,0.88,2.93,2.21,0.2168,1.95,0.271703,0.928005,0.05970149253731343,0.3321348314606741,0.19591816199899376,0.20337998124275913,0.181151832460733,0.21333333333333332,-14.4,-38.8,0,0.0,0.0,,,,1.95,0.271703,0.0,0.0,0.0,0.0,0.0,0.0,BA-N
-14.4,-38.6,20,0.4322,0.61,2.9,1.95,0.2517,2.1,0.271261,0.930156,0.03283582089552239,0.33595505617977517,0.18439543853764878,0.19074458890380475,0.17801047120418848,0.2817647058823529,-14.4,-38.6,0,0.0,0.0,,,,2.1,0.271261,0.0,0.0,0.0,0.0,0.0,0.0,BA-N
-14.2,-38.8,30,0.4283,0.91,2.93,2.23,0.2182,1.87,0.272322,0.933036,0.0626865671641791,0.3315730337078652,0.19712980043602213,0.20470861913606356,0.181151832460733,0.21607843137254903,-14.2,-38.8,0,0.0,0.0,,,,1.87,0.272322,0.0,0.0,0.0,0.0,0.0,0.0,BA-N
-14.2,-38.6,22,0.468,0.67,3.09,2.09,0.259,2.1,0.270083,0.935595,0.03880597014925373,0.3761797752808988,0.20749287271507627,0.2160723808823259,0.19790575916230363,0.2960784313725491,-14.2,-38.6,0,0.0,0.0,,,,2.1,0.270083,0.0,0.0,0.0,0.0,0.0,0.0,BA-N
-14.0,-38.8,34,0.3938,1.03,2.82,2.09,0.2169,1.8,0.273689,0.938179,0.07462686567164178,0.2928089887640448,0.1837179272178433,0.19000165505066288,0.16963350785340311,0.2135294117647059,-14.0,-38.8,0,0.0,0.0,,,,1.8,0.273689,0.0,0.0,0.0,0.0,0.0,0.0,BA-N
-14.0,-38.6,21,0.523,0.64,2.95,2.33,0.2616,2.08,0.268625,0.940826,0.03582089552238806,0.4379775280898876,0.23689921180613782,0.24831828463193512,0.18324607329842932,0.3011764705882353,-14.0,-38.6,0,0.0,0.0,,,,2.08,0.268625,0.0,0.0,0.0,0.0,0.0,0.0,BA-N
-13.8,-38.8,37,0.383,1.12,3.16,2.16,0.2061,1.73,0.276116,0.945465,0.08358208955223881,0.28067415730337075,0.18212812342780477,0.18825833501903308,0.20523560209424085,0.1923529411764706,-13.8,-38.8,0,0.0,0.0,,,,1.73,0.276116,0.0,0.0,0.0,0.0,0.0,0.0,BA-N
-13.8,-38.6,25,0.5008,0.76,3.16,2.2,0.2718,2.08,0.268781,0.945531,0.04776119402985075,0.4130337078651685,0.23039745094750963,0.24118869416502695,0.20523560209424085,0.3211764705882353,-13.8,-38.6,0,0.0,0.0,,,,2.08,0.268781,0.0,0.0,0.0,0.0,0.0,0.0,BA-N
-13.6,-38.8,42,0.3511,1.27,3.17,2.12,0.191,1.71,0.279738,0.948108,0.09850746268656717,0.2448314606741573,0.17166946168036223,0.17678975339745123,0.206282722513089,0.1627450980392157,-13.6,-38.8,0,0.0,0.0,,,,1.71,0.279738,0.0,0.0,0.0,0.0,0.0,0.0,BA-N
-13.6,-38.6,30,0.4528,0.91,3.0,2.17,0.2391,2.07,0.270088,0.949112,0.0626865671641791,0.35910112359550556,0.21089384537984232,0.21980176170948343,0.18848167539267013,0.25705882352941173,-13.6,-38.6,1,0.0486,0.03,4.0,1.0,0.0967,2.07,0.270088,0.0029069767441860465,0.061456752655538696,0.032181864699862374,0.032181864699862374,0.08163265306122448,0.18897791674809455,BA-N
-13.4,-38.8,44,0.3538,1.33,2.93,2.11,0.2072,1.71,0.282958,0.951327,0.1044776119402985,0.2478651685393258,0.17617139023981215,0.18172640173596424,0.181151832460733,0.1945098039215686,-13.4,-38.8,1,0.0574,0.03,5.0,1.0,0.0888,1.71,0.282958,0.0029069767441860465,0.07258472432979261,0.03774585053698933,0.03774585053698933,0.10204081632653061,0.1735391831151065,BA-N
-13.4,-38.6,38,0.4473,1.15,3.24,2.16,0.2424,2.05,0.273293,0.950906,0.08656716417910448,0.35292134831460664,0.21974425624685556,0.22950679490244394,0.21361256544502616,0.2635294117647059,-13.4,-38.6,1,0.0576,0.03,4.0,1.0,0.0952,2.05,0.273293,0.0029069767441860465,0.07283763277693475,0.0378723047605604,0.0378723047605604,0.08163265306122448,0.18604651162790697,BA-N
-13.4,-38.4,27,0.5082,0.82,3.37,2.26,0.2704,2.14,0.265411,0.95337,0.05373134328358209,0.4213483146067415,0.2375398289451618,0.24902076169109397,0.22722513089005233,0.3184313725490196,-13.4,-38.4,1,0.0582,0.03,4.0,1.0,0.118,2.14,0.265411,0.0029069767441860465,0.07359635811836115,0.0382516674312736,0.0382516674312736,0.08163265306122448,0.2306038694547586,BA-N
-13.2,-38.6,45,0.5099,1.36,3.56,2.38,0.2674,1.99,0.281181,0.953393,0.10746268656716418,0.4232584269662921,0.26536055676672815,0.279527942772026,0.24712041884816754,0.3125490196078432,-13.2,-38.6,1,0.0668,0.03,5.0,1.0,0.1065,1.99,0.281181,0.0029069767441860465,0.08447142134547295,0.0436891990448295,0.0436891990448295,0.10204081632653061,0.20812976353332027,BA-N
-13.2,-38.4,37,0.4837,1.12,3.51,2.3,0.252,2.11,0.27033,0.952719,0.08358208955223881,0.3938202247191011,0.23870115713566997,0.2502942312289671,0.24188481675392665,0.28235294117647064,-13.2,-38.4,1,0.0653,0.03,5.0,1.0,0.1178,2.11,0.27033,0.0029069767441860465,0.08257460799190693,0.04274079236804649,0.04274079236804649,0.10204081632653061,0.23021301543873363,BA-N
-13.2,-38.2,27,0.4912,0.82,3.44,2.33,0.2535,2.17,0.260825,0.952711,0.05373134328358209,0.4022471910112359,0.227989267147409,0.23854796888504753,0.23455497382198953,0.28529411764705886,-13.2,-38.2,1,0.0593,0.03,4.0,1.0,0.1219,2.17,0.260825,0.0029069767441860465,0.0749873545776429,0.038947165660914475,0.038947165660914475,0.08163265306122448,0.2382255227672464,BA-N
-13.2,-38.0,23,0.3629,0.7,2.87,2.04,0.2457,2.2,0.255684,0.952021,0.041791044776119404,0.2580898876404494,0.14994046620828438,0.1529625406866621,0.17486910994764399,0.26999999999999996,-13.2,-38.0,0,0.0,0.0,,,,2.2,0.255684,0.0,0.0,0.0,0.0,0.0,0.0,BA-N
-13.0,-38.4,55,0.4871,1.67,3.69,2.35,0.2782,1.96,0.282711,0.949998,0.1373134328358209,0.3976404494382022,0.26747694113701154,0.2818486915905037,0.2607329842931937,0.33372549019607844,-13.0,-38.4,1,0.0596,0.03,5.0,1.0,0.1157,1.96,0.282711,0.0029069767441860465,0.0753667172483561,0.039136846996271075,0.039136846996271075,0.10204081632653061,0.22610904827047096,BA-N
-13.0,-38.2,37,0.4574,1.12,3.68,2.35,0.2371,2.1,0.269589,0.950352,0.08358208955223881,0.3642696629213482,0.2239258762367935,0.2340922047113775,0.25968586387434556,0.25313725490196076,-13.0,-38.2,0,0.0,0.0,,,,2.1,0.269589,0.0,0.0,0.0,0.0,0.0,0.0,BA-N
-13.0,-38.0,31,0.4022,0.94,3.19,2.16,0.2157,2.17,0.258492,0.9505,0.06567164179104477,0.3022471910112359,0.18395941640114036,0.19026646315673332,0.20837696335078532,0.2111764705882353,-13.0,-38.0,0,0.0,0.0,,,,2.17,0.258492,0.0,0.0,0.0,0.0,0.0,0.0,BA-N
-13.0,-37.8,23,0.2951,0.7,2.43,1.83,0.2213,2.23,0.251533,0.950143,0.041791044776119404,0.18191011235955049,0.11185057856783495,0.11119457878960626,0.12879581151832462,0.22215686274509802,-13.0,-37.8,0,0.0,0.0,,,,2.23,0.251533,0.0,0.0,0.0,0.0,0.0,0.0,BA-N
-12.8,-38.0,35,0.4467,1.06,3.74,2.37,0.2181,2.1,0.267769,0.949006,0.07761194029850746,0.3522471910112359,0.2149295656548717,0.22422718328766622,0.26596858638743454,0.21588235294117644,-12.8,-38.0,0,0.0,0.0,,,,2.1,0.267769,0.0,0.0,0.0,0.0,0.0,0.0,BA-N
-12.8,-37.8,27,0.3797,0.82,3.3,2.19,0.1983,2.19,0.255388,0.948939,0.05373134328358209,0.27696629213483137,0.16534881770920673,0.16985876901009578,0.21989528795811514,0.17705882352941177,-12.8,-37.8,0,0.0,0.0,,,,2.19,0.255388,0.0,0.0,0.0,0.0,0.0,0.0,BA-N
-12.6,-37.8,32,0.3927,0.97,3.5,2.22,0.2105,2.12,0.264652,0.947612,0.06865671641791045,0.2915730337078651,0.18011487506288776,0.18605068132918953,0.2408376963350785,0.20098039215686272,-12.6,-37.8,0,0.0,0.0,,,,2.12,0.264652,0.0,0.0,0.0,0.0,0.0,0.0,BA-N
-12.6,-37.6,23,0.3843,0.7,3.57,2.22,0.2154,2.21,0.252491,0.949102,0.041791044776119404,0.2821348314606741,0.16196293811839674,0.16614593868956765,0.2481675392670157,0.21058823529411766,-12.6,-37.6,0,0.0,0.0,,,,2.21,0.252491,0.0,0.0,0.0,0.0,0.0,0.0,BA-N
-12.4,-37.8,38,0.3322,1.15,3.53,2.26,0.1986,1.78,0.27338,0.96485,0.08656716417910448,0.22359550561797747,0.15508133489854098,0.15859982713915297,0.24397905759162303,0.1776470588235294,-12.4,-37.8,0,0.0,0.0,,,,1.78,0.27338,0.0,0.0,0.0,0.0,0.0,0.0,BA-N
-12.4,-37.6,28,0.4017,0.85,3.75,2.32,0.2128,2.14,0.260133,0.949246,0.056716417910447764,0.30168539325842686,0.1792009055844373,0.18504845620552046,0.26701570680628267,0.20549019607843136,-12.4,-37.6,0,0.0,0.0,,,,2.14,0.260133,0.0,0.0,0.0,0.0,0.0,0.0,BA-N
-12.4,-37.4,24,0.3842,0.73,3.17,2.25,0.1997,2.24,0.249054,0.950421,0.04477611940298507,0.2820224719101123,0.1633992956565487,0.167720995237132,0.206282722513089,0.17980392156862743,-12.4,-37.4,0,0.0,0.0,,,,2.24,0.249054,0.0,0.0,0.0,0.0,0.0,0.0,BA-N
-12.2,-37.6,37,0.3432,1.12,3.73,2.22,0.2169,1.97,0.268988,0.953568,0.08358208955223881,0.23595505617977525,0.15976857286600704,0.1637396789201714,0.2649214659685864,0.2135294117647059,-12.2,-37.6,0,0.0,0.0,,,,1.97,0.268988,0.0,0.0,0.0,0.0,0.0,0.0,BA-N
-12.2,-37.4,24,0.3752,0.73,3.75,2.25,0.2225,2.19,0.255146,0.951332,0.04477611940298507,0.2719101123595505,0.1583431158812678,0.16217657551628384,0.26701570680628267,0.22450980392156863,-12.2,-37.4,0,0.0,0.0,,,,2.19,0.255146,0.0,0.0,0.0,0.0,0.0,0.0,BA-N
-12.0,-37.4,29,0.3501,0.88,3.62,2.14,0.208,2.12,0.262948,0.952447,0.05970149253731343,0.2437078651685393,0.15170467885292635,0.15489711101712056,0.2534031413612565,0.196078431372549,-12.0,-37.4,0,0.0,0.0,,,,2.12,0.262948,0.0,0.0,0.0,0.0,0.0,0.0,BA-N
-12.0,-37.2,23,0.3557,0.7,2.83,2.0,0.2153,2.23,0.251289,0.952844,0.041791044776119404,0.24999999999999997,0.1458955223880597,0.14852700490998363,0.1706806282722513,0.21039215686274507,-12.0,-37.2,0,0.0,0.0,,,,2.23,0.251289,0.0,0.0,0.0,0.0,0.0,0.0,BA-N
-11.8,-37.4,32,0.314,0.97,3.44,2.09,0.1886,2.01,0.269803,0.958718,0.06865671641791045,0.2031460674157303,0.13590139191682038,0.137567811103551,0.23455497382198953,0.1580392156862745,-11.8,-37.4,0,0.0,0.0,,,,2.01,0.269803,0.0,0.0,0.0,0.0,0.0,0.0,BA-N
-11.8,-37.2,24,0.343,0.73,3.42,1.96,0.2153,2.19,0.255789,0.953543,0.04477611940298507,0.23573033707865168,0.14025322824081837,0.14233987384836058,0.23246073298429315,0.21039215686274507,-11.8,-37.2,0,0.0,0.0,,,,2.19,0.255789,0.0,0.0,0.0,0.0,0.0,0.0,BA-N
-11.6,-37.4,43,0.4162,1.3,4.0,2.21,0.2499,1.84,0.275946,1.072647,0.10149253731343283,0.3179775280898876,0.20973503270166022,0.21853105058938194,0.2931937172774869,0.2782352941176471,-11.6,-37.4,0,0.0,0.0,,,,1.84,0.275946,0.0,0.0,0.0,0.0,0.0,0.0,BA-N
-11.6,-37.2,27,0.3565,0.82,3.7,2.15,0.2052,2.07,0.264692,0.953842,0.05373134328358209,0.2508988764044943,0.1523151098440382,0.15556648706302062,0.2617801047120419,0.19058823529411764,-11.6,-37.2,0,0.0,0.0,,,,2.07,0.264692,0.0,0.0,0.0,0.0,0.0,0.0,BA-N
-11.6,-37.0,22,0.3371,0.67,2.82,1.91,0.2122,2.23,0.252144,0.954208,0.03880597014925373,0.22910112359550558,0.13395354687237965,0.1354318762757682,0.16963350785340311,0.20431372549019608,-11.6,-37.0,0,0.0,0.0,,,,2.23,0.252144,0.0,0.0,0.0,0.0,0.0,0.0,BA-N
-11.4,-37.2,31,0.3373,0.94,3.77,2.13,0.1972,1.86,0.273297,0.968069,0.06567164179104477,0.22932584269662915,0.14749874224383697,0.15028503650306183,0.26910994764397905,0.1749019607843137,-11.4,-37.2,0,0.0,0.0,,,,1.86,0.273297,0.0,0.0,0.0,0.0,0.0,0.0,BA-N
-11.4,-37.0,24,0.3715,0.73,3.58,2.08,0.222,2.19,0.261116,0.954439,0.04477611940298507,0.26775280898876397,0.15626446419587453,0.15989720296437962,0.24921465968586384,0.2235294117647059,-11.4,-37.0,0,0.0,0.0,,,,2.19,0.261116,0.0,0.0,0.0,0.0,0.0,0.0,BA-N
-11.4,-36.8,19,0.3442,0.58,3.05,1.95,0.2176,2.26,0.249743,0.954895,0.029850746268656716,0.23707865168539322,0.13346469897702495,0.13489582375549383,0.19371727748691098,0.2149019607843137,-11.4,-36.8,0,0.0,0.0,,,,2.26,0.249743,0.0,0.0,0.0,0.0,0.0,0.0,BA-N
-11.2,-37.0,28,0.3943,0.85,3.89,2.25,0.2215,2.0,0.271554,0.960072,0.056716417910447764,0.2933707865168539,0.17504360221365084,0.18048971110171208,0.28167539267015707,0.22254901960784315,-11.2,-37.0,0,0.0,0.0,,,,2.0,0.271554,0.0,0.0,0.0,0.0,0.0,0.0,BA-N
-11.2,-36.8,21,0.3632,0.64,3.71,2.05,0.213,2.22,0.259547,0.955155,0.03582089552238806,0.2584269662921348,0.14712393090726142,0.14987403225509846,0.26282722513089,0.20588235294117646,-11.2,-36.8,0,0.0,0.0,,,,2.22,0.259547,0.0,0.0,0.0,0.0,0.0,0.0,BA-N
-11.0,-37.0,30,0.3191,0.91,3.87,2.33,0.1716,1.45,0.281625,0.969522,0.0626865671641791,0.20887640449438197,0.13578148582928054,0.13743632652310633,0.2795811518324607,0.12470588235294118,-11.0,-37.0,0,0.0,0.0,,,,1.45,0.281625,0.0,0.0,0.0,0.0,0.0,0.0,BA-N
-11.0,-36.8,27,0.3954,0.82,3.89,2.11,0.2356,2.19,0.271114,0.957194,0.05373134328358209,0.2946067415730337,0.17416904242830789,0.17953070118979753,0.28167539267015707,0.25019607843137254,-11.0,-36.8,0,0.0,0.0,,,,2.19,0.271114,0.0,0.0,0.0,0.0,0.0,0.0,BA-N
-11.0,-36.6,19,0.3647,0.58,3.89,2.16,0.2063,2.24,0.259713,0.955646,0.029850746268656716,0.2601123595505618,0.14498155290960923,0.14752477978631456,0.28167539267015707,0.19274509803921572,-11.0,-36.6,0,0.0,0.0,,,,2.24,0.259713,0.0,0.0,0.0,0.0,0.0,0.0,BA-N
-10.8,-36.8,30,0.3818,0.91,4.3,2.5,0.1906,1.66,0.282496,0.970013,0.0626865671641791,0.27932584269662913,0.1710062049304041,0.1760624505783482,0.3246073298429319,0.1619607843137255,-10.8,-36.8,0,0.0,0.0,,,,1.66,0.282496,0.0,0.0,0.0,0.0,0.0,0.0,BA-N
-10.8,-36.6,27,0.4184,0.82,4.3,2.3,0.2318,2.11,0.272567,0.970858,0.05373134328358209,0.32044943820224714,0.18709039074291461,0.1936997738097427,0.3246073298429319,0.2427450980392157,-10.8,-36.6,0,0.0,0.0,,,,2.11,0.272567,0.0,0.0,0.0,0.0,0.0,0.0,BA-N
-10.8,-36.4,21,0.3516,0.64,4.0,2.05,0.1983,2.23,0.260456,0.957841,0.03582089552238806,0.24539325842696627,0.14060707697467717,0.1427278912815609,0.2931937172774869,0.17705882352941177,-10.8,-36.4,0,0.0,0.0,,,,2.23,0.260456,0.0,0.0,0.0,0.0,0.0,0.0,BA-N
-10.8,-36.2,12,0.4018,0.36,4.08,2.33,0.2274,2.31,0.24787,0.959007,0.008955223880597015,0.3017977528089887,0.15537648834479284,0.1589234814910167,0.3015706806282722,0.2341176470588235,-10.8,-36.2,0,0.0,0.0,,,,2.31,0.24787,0.0,0.0,0.0,0.0,0.0,0.0,BA-N
-10.6,-36.6,34,0.442,1.03,4.32,2.56,0.2178,1.86,0.282533,0.992775,0.07462686567164178,0.3469662921348314,0.21079657890323658,0.21969510288898286,0.3267015706806283,0.2152941176470588,-10.6,-36.6,0,0.0,0.0,,,,1.86,0.282533,0.0,0.0,0.0,0.0,0.0,0.0,BA-N
-10.6,-36.4,29,0.4669,0.88,4.34,2.52,0.2297,2.08,0.271614,0.964956,0.05970149253731343,0.37494382022471906,0.21732265638101625,0.2268513580610162,0.32879581151832454,0.23862745098039212,-10.6,-36.4,0,0.0,0.0,,,,2.08,0.271614,0.0,0.0,0.0,0.0,0.0,0.0,BA-N
-10.6,-36.2,23,0.3539,0.7,3.96,2.0,0.1979,2.22,0.261598,0.961861,0.041791044776119404,0.24797752808988757,0.1448842864330035,0.147418120965814,0.2890052356020942,0.17627450980392156,-10.6,-36.2,0,0.0,0.0,,,,2.22,0.261598,0.0,0.0,0.0,0.0,0.0,0.0,BA-N
-10.6,-36.0,17,0.3361,0.52,3.53,1.94,0.2092,2.32,0.245918,0.962179,0.023880597014925373,0.2279775280898876,0.1259290625524065,0.12663252358447194,0.24397905759162303,0.1984313725490196,-10.6,-36.0,0,0.0,0.0,,,,2.32,0.245918,0.0,0.0,0.0,0.0,0.0,0.0,BA-N
-10.4,-36.2,30,0.3556,0.91,3.8,2.1,0.2014,1.9,0.269956,0.986222,0.0626865671641791,0.24988764044943818,0.15628710380680863,0.1599220287243237,0.2722513089005235,0.18313725490196078,-10.4,-36.2,0,0.0,0.0,,,,1.9,0.269956,0.0,0.0,0.0,0.0,0.0,0.0,BA-N
-10.4,-36.0,22,0.3634,0.67,3.82,1.95,0.2217,2.23,0.259041,0.9649,0.03880597014925373,0.2586516853932584,0.14872882777125607,0.15163390279335773,0.2743455497382199,0.22294117647058825,-10.4,-36.0,0,0.0,0.0,,,,2.23,0.259041,0.0,0.0,0.0,0.0,0.0,0.0,BA-N
-10.4,-35.8,17,0.3472,0.52,4.24,2.12,0.2139,2.32,0.243985,0.965449,0.023880597014925373,0.24044943820224715,0.13216501760858626,0.13347064124018462,0.3183246073298429,0.20764705882352943,-10.4,-35.8,0,0.0,0.0,,,,2.32,0.243985,0.0,0.0,0.0,0.0,0.0,0.0,BA-N
-10.2,-36.0,30,0.3706,0.91,3.73,2.1,0.212,2.0,0.267635,0.982127,0.0626865671641791,0.2667415730337078,0.16471407009894345,0.16916272825907058,0.2649214659685864,0.20392156862745098,-10.2,-36.0,0,0.0,0.0,,,,2.0,0.267635,0.0,0.0,0.0,0.0,0.0,0.0,BA-N
-10.2,-35.8,22,0.3201,0.67,3.91,1.91,0.192,2.26,0.253947,0.967084,0.03880597014925373,0.20999999999999996,0.12440298507462685,0.12495908346972177,0.2837696335078534,0.16470588235294117,-10.2,-35.8,0,0.0,0.0,,,,2.26,0.253947,0.0,0.0,0.0,0.0,0.0,0.0,BA-N
-10.2,-35.6,16,0.3553,0.48,3.94,2.12,0.1954,2.33,0.242115,0.968501,0.020895522388059702,0.24955056179775276,0.13522304209290623,0.13682395777781864,0.2869109947643979,0.17137254901960783,-10.2,-35.6,0,0.0,0.0,,,,2.33,0.242115,0.0,0.0,0.0,0.0,0.0,0.0,BA-N
-10.0,-35.8,33,0.2978,1.0,3.61,1.85,0.1857,2.01,0.261726,0.976761,0.07164179104477612,0.18494382022471906,0.1282928056347476,0.1292245168171537,0.2523560209424084,0.1523529411764706,-10.0,-35.8,0,0.0,0.0,,,,2.01,0.261726,0.0,0.0,0.0,0.0,0.0,0.0,NE
-10.0,-35.6,22,0.3076,0.67,3.82,1.82,0.2001,2.27,0.251656,0.970033,0.03880597014925373,0.1959550561797752,0.11738051316451448,0.11725850052409936,0.2743455497382199,0.18058823529411763,-10.0,-35.6,0,0.0,0.0,,,,2.27,0.251656,0.0,0.0,0.0,0.0,0.0,0.0,NE
-10.0,-35.4,17,0.3255,0.52,3.94,1.94,0.2004,2.35,0.239998,0.971629,0.023880597014925373,0.21606741573033705,0.11997400637263121,0.12010242924658415,0.2869109947643979,0.18117647058823527,-10.0,-35.4,0,0.0,0.0,,,,2.35,0.239998,0.0,0.0,0.0,0.0,0.0,0.0,NE
-9.8,-35.8,35,0.3335,1.06,3.97,1.94,0.2071,2.13,0.266531,0.999875,0.07761194029850746,0.22505617977528086,0.15133406003689415,0.1544907041321098,0.2900523560209424,0.1943137254901961,-9.8,-35.8,0,0.0,0.0,,,,2.13,0.266531,0.0,0.0,0.0,0.0,0.0,0.0,NE
-9.8,-35.6,31,0.3108,0.94,3.71,1.81,0.1978,2.19,0.257992,0.985671,0.06567164179104477,0.1995505617977528,0.13261110179439878,0.13395980065834237,0.26282722513089,0.17607843137254903,-9.8,-35.6,0,0.0,0.0,,,,2.19,0.257992,0.0,0.0,0.0,0.0,0.0,0.0,NE
-9.8,-35.4,23,0.3187,0.7,3.7,1.7,0.2152,2.28,0.249121,0.975167,0.041791044776119404,0.20842696629213478,0.1251090055341271,0.12573327939094134,0.2617801047120419,0.21019607843137256,-9.8,-35.4,0,0.0,0.0,,,,2.28,0.249121,0.0,0.0,0.0,0.0,0.0,0.0,NE
-9.6,-35.6,47,0.3736,1.42,4.19,2.11,0.2026,1.6,0.264005,0.97636,0.11343283582089553,0.27011235955056173,0.19177259768572863,0.19883410875521798,0.31308900523560207,0.18549019607843137,-9.6,-35.6,0,0.0,0.0,,,,1.6,0.264005,0.0,0.0,0.0,0.0,0.0,0.0,NE
-9.6,-35.4,29,0.3128,0.88,3.66,1.83,0.189,2.13,0.254871,0.998751,0.05970149253731343,0.20179775280898873,0.13074962267315107,0.13191857150738334,0.2575916230366492,0.1588235294117647,-9.6,-35.4,0,0.0,0.0,,,,2.13,0.254871,0.0,0.0,0.0,0.0,0.0,0.0,NE
-9.6,-35.2,24,0.2448,0.73,4.08,1.58,0.1903,2.26,0.244161,0.97664,0.04477611940298507,0.12539325842696625,0.08508468891497566,0.08184409422755105,0.3015706806282722,0.16137254901960785,-9.6,-35.2,0,0.0,0.0,,,,2.26,0.244161,0.0,0.0,0.0,0.0,0.0,0.0,NE
-9.4,-35.4,41,0.3467,1.24,4.22,2.15,0.1896,1.52,0.261399,0.98601,0.0955223880597015,0.23988764044943817,0.16770501425456982,0.17244248698946282,0.31623036649214653,0.15999999999999998,-9.4,-35.4,0,0.0,0.0,,,,1.52,0.261399,0.0,0.0,0.0,0.0,0.0,0.0,NE
-9.4,-35.2,27,0.3101,0.82,4.15,1.85,0.1981,2.15,0.249266,0.999125,0.05373134328358209,0.19876404494382016,0.12624769411370113,0.1269819231688703,0.3089005235602094,0.17666666666666667,-9.4,-35.2,0,0.0,0.0,,,,2.15,0.249266,0.0,0.0,0.0,0.0,0.0,0.0,NE
-9.4,-35.0,19,0.3078,0.58,3.95,2.0,0.2157,2.3,0.236885,0.976795,0.029850746268656716,0.19617977528089886,0.11301526077477779,0.11247172621784145,0.28795811518324604,0.2111764705882353,-9.4,-35.0,0,0.0,0.0,,,,2.3,0.236885,0.0,0.0,0.0,0.0,0.0,0.0,NE
-9.2,-35.2,32,0.3893,0.97,4.66,2.34,0.2176,1.83,0.255292,0.966471,0.06865671641791045,0.287752808988764,0.1782047627033372,0.18395612276798026,0.36230366492146593,0.2149019607843137,-9.2,-35.2,0,0.0,0.0,,,,1.83,0.255292,0.0,0.0,0.0,0.0,0.0,0.0,NE
-9.2,-35.0,24,0.2959,0.73,4.33,1.79,0.2165,2.2,0.243477,0.988284,0.04477611940298507,0.1828089887640449,0.11379255408351498,0.1133240773092554,0.3277486910994764,0.21274509803921568,-9.2,-35.0,0,0.0,0.0,,,,2.2,0.243477,0.0,0.0,0.0,0.0,0.0,0.0,NE
-9.2,-34.8,16,0.3043,0.48,4.44,2.0,0.2168,2.34,0.228422,0.98029,0.020895522388059702,0.19224719101123594,0.10657135669964782,0.10540557935967929,0.3392670157068063,0.21333333333333332,-9.2,-34.8,0,0.0,0.0,,,,2.34,0.228422,0.0,0.0,0.0,0.0,0.0,0.0,NE
-9.0,-35.0,22,0.3219,0.67,4.45,2.05,0.1951,2.11,0.247749,0.996934,0.03880597014925373,0.21202247191011234,0.12541422102968303,0.1260679674138914,0.3403141361256544,0.1707843137254902,-9.0,-35.0,0,0.0,0.0,,,,2.11,0.247749,0.0,0.0,0.0,0.0,0.0,0.0,NE
-9.0,-34.8,19,0.3219,0.58,3.47,2.05,0.2079,2.3,0.234564,0.982298,0.029850746268656716,0.21202247191011234,0.12093660908938453,0.1211579837805035,0.23769633507853405,0.19588235294117648,-9.0,-34.8,0,0.0,0.0,,,,2.3,0.234564,0.0,0.0,0.0,0.0,0.0,0.0,NE
-8.8,-35.0,22,0.3313,0.67,4.41,2.14,0.2,1.96,0.253182,1.011932,0.03880597014925373,0.22258426966292127,0.1306951199060875,0.13185880578899942,0.33612565445026177,0.18039215686274512,-8.8,-35.0,0,0.0,0.0,,,,1.96,0.253182,0.0,0.0,0.0,0.0,0.0,0.0,NE
-8.8,-34.8,21,0.3001,0.64,3.43,1.86,0.2201,2.25,0.239019,0.985532,0.03582089552238806,0.1875280898876404,0.11167449270501423,0.11100148954559663,0.2335078534031414,0.21980392156862744,-8.8,-34.8,0,0.0,0.0,,,,2.25,0.239019,0.0,0.0,0.0,0.0,0.0,0.0,NE
-8.6,-34.8,23,0.3388,0.7,4.04,1.96,0.2218,2.19,0.242803,0.996677,0.041791044776119404,0.23101123595505613,0.13640114036558776,0.13811581676750215,0.29738219895287954,0.2231372549019608,-8.6,-34.8,0,0.0,0.0,,,,2.19,0.242803,0.0,0.0,0.0,0.0,0.0,0.0,NE
-8.6,-34.6,23,0.3324,0.7,3.91,2.13,0.23,2.34,0.227725,0.987626,0.041791044776119404,0.22382022471910104,0.13280563474761023,0.13417311829934347,0.2837696335078534,0.23921568627450981,-8.6,-34.6,0,0.0,0.0,,,,2.34,0.227725,0.0,0.0,0.0,0.0,0.0,0.0,NE
-8.4,-34.8,27,0.3027,0.82,4.15,1.93,0.2027,1.97,0.246746,1.006426,0.05373134328358209,0.1904494382022472,0.12209039074291464,0.1224231780650619,0.3089005235602094,0.1856862745098039,-8.4,-34.8,0,0.0,0.0,,,,1.97,0.246746,0.0,0.0,0.0,0.0,0.0,0.0,NE
-8.4,-34.6,23,0.3273,0.7,4.04,2.13,0.2448,2.29,0.230696,0.99164,0.041791044776119404,0.21808988764044937,0.1299404662082844,0.13103128045752954,0.29738219895287954,0.268235294117647,-8.4,-34.6,0,0.0,0.0,,,,2.29,0.230696,0.0,0.0,0.0,0.0,0.0,0.0,NE
-8.2,-34.8,29,0.3437,0.88,4.07,1.9,0.2189,2.08,0.250896,1.019043,0.05970149253731343,0.23651685393258423,0.14810917323494882,0.15095441254896189,0.30052356020942406,0.21745098039215688,-8.2,-34.8,0,0.0,0.0,,,,2.08,0.250896,0.0,0.0,0.0,0.0,0.0,0.0,NE
-8.2,-34.6,25,0.3231,0.76,4.24,2.16,0.2385,2.24,0.234331,0.997142,0.04776119402985075,0.2133707865168539,0.13056599027335233,0.13171720701005904,0.3183246073298429,0.25588235294117645,-8.2,-34.6,0,0.0,0.0,,,,2.24,0.234331,0.0,0.0,0.0,0.0,0.0,0.0,NE
-8.0,-34.8,31,0.326,0.94,4.16,1.94,0.2182,1.93,0.253608,1.03189,0.06567164179104477,0.21662921348314604,0.1411504276370954,0.1433237095202192,0.30994764397905755,0.21607843137254903,-8.0,-34.8,0,0.0,0.0,,,,1.93,0.253608,0.0,0.0,0.0,0.0,0.0,0.0,NE
-8.0,-34.6,26,0.3264,0.79,4.35,2.12,0.2333,2.17,0.2373,1.014998,0.050746268656716415,0.21707865168539325,0.13391246017105485,0.13538682211883266,0.3298429319371727,0.24568627450980396,-8.0,-34.6,0,0.0,0.0,,,,2.17,0.2373,0.0,0.0,0.0,0.0,0.0,0.0,NE
-8.0,-34.4,25,0.293,0.76,4.44,2.0,0.2257,2.35,0.220697,1.00435,0.04776119402985075,0.17955056179775275,0.11365587791380174,0.11317420327700028,0.3392670157068063,0.23078431372549021,-8.0,-34.4,0,0.0,0.0,,,,2.35,0.220697,0.0,0.0,0.0,0.0,0.0,0.0,NE
-7.8,-34.8,32,0.2984,0.97,4.44,1.94,0.2134,1.75,0.255866,1.046247,0.06865671641791045,0.18561797752808984,0.12713734697300014,0.12795748358741424,0.3392670157068063,0.20666666666666667,-7.8,-34.8,0,0.0,0.0,,,,1.75,0.255866,0.0,0.0,0.0,0.0,0.0,0.0,NE
-7.8,-34.6,25,0.3049,0.76,5.0,2.16,0.2195,2.03,0.238882,1.028592,0.04776119402985075,0.1929213483146067,0.12034127117222872,0.12050515824123281,0.39790575916230364,0.21862745098039216,-7.8,-34.6,0,0.0,0.0,,,,2.03,0.238882,0.0,0.0,0.0,0.0,0.0,0.0,NE
-7.8,-34.4,26,0.2873,0.79,4.38,1.92,0.2361,2.33,0.222162,1.010883,0.050746268656716415,0.1731460674157303,0.11194616803622336,0.11129939866492579,0.3329842931937172,0.2511764705882353,-7.8,-34.4,0,0.0,0.0,,,,2.33,0.222162,0.0,0.0,0.0,0.0,0.0,0.0,NE
-7.6,-34.8,43,0.3969,1.3,4.05,2.42,0.2144,1.4,0.256086,0.950788,0.10149253731343283,0.29629213483146055,0.1988923360724467,0.20664135052134092,0.2984293193717277,0.20862745098039218,-7.6,-34.8,0,0.0,0.0,,,,1.4,0.256086,0.0,0.0,0.0,0.0,0.0,0.0,NE
-7.6,-34.6,23,0.2763,0.7,5.0,2.22,0.1934,1.85,0.239966,1.038846,0.041791044776119404,0.16078651685393253,0.10128878081502596,0.09961290203939017,0.39790575916230364,0.16745098039215683,-7.6,-34.6,0,0.0,0.0,,,,1.85,0.239966,0.0,0.0,0.0,0.0,0.0,0.0,NE
-7.6,-34.4,24,0.3043,0.73,4.71,2.0,0.244,2.31,0.222963,1.014374,0.04477611940298507,0.19224719101123594,0.1185116552071105,0.11849886904871366,0.36753926701570677,0.26666666666666666,-7.6,-34.4,0,0.0,0.0,,,,2.31,0.222963,0.0,0.0,0.0,0.0,0.0,0.0,NE
-7.4,-34.6,23,0.3012,0.7,4.91,2.3,0.2151,1.91,0.23826,1.042705,0.041791044776119404,0.1887640449438202,0.1152775448599698,0.11495246326707001,0.38848167539267014,0.21000000000000002,-7.4,-34.6,0,0.0,0.0,,,,1.91,0.23826,0.0,0.0,0.0,0.0,0.0,0.0,NE
-7.4,-34.4,27,0.2855,0.82,4.48,1.96,0.2351,2.3,0.220477,1.01821,0.05373134328358209,0.17112359550561793,0.11242746939460001,0.11182717593188546,0.34345549738219894,0.24921568627450977,-7.4,-34.4,0,0.0,0.0,,,,2.3,0.220477,0.0,0.0,0.0,0.0,0.0,0.0,NE
-7.2,-34.6,24,0.2911,0.73,4.88,2.21,0.2118,2.01,0.233535,1.046917,0.04477611940298507,0.17741573033707864,0.11109592487003185,0.11036705345813641,0.3853403141361256,0.20352941176470585,-7.2,-34.6,0,0.0,0.0,,,,2.01,0.233535,0.0,0.0,0.0,0.0,0.0,0.0,NE
-7.2,-34.4,24,0.3005,0.73,3.79,1.96,0.2271,2.3,0.215155,1.022368,0.04477611940298507,0.18797752808988757,0.11637682374643632,0.11615789183324442,0.2712041884816754,0.23352941176470587,-7.2,-34.4,0,0.0,0.0,,,,2.3,0.215155,0.0,0.0,0.0,0.0,0.0,0.0,NE
-7.0,-34.8,32,0.2209,0.97,3.59,1.84,0.1364,1.38,0.246393,1.024476,0.06865671641791045,0.09853932584269662,0.08359802113030354,0.08021386932455545,0.250261780104712,0.05568627450980391,-7.0,-34.8,0,0.0,0.0,,,,1.38,0.246393,0.0,0.0,0.0,0.0,0.0,0.0,NE
-7.0,-34.6,22,0.2832,0.67,4.55,2.18,0.2055,2.11,0.230769,1.038155,0.03880597014925373,0.1685393258426966,0.10367264799597517,0.10222696261424447,0.35078534031413605,0.19117647058823528,-7.0,-34.6,0,0.0,0.0,,,,2.11,0.230769,0.0,0.0,0.0,0.0,0.0,0.0,NE
-7.0,-34.4,23,0.2948,0.7,4.96,2.17,0.2178,2.28,0.218573,1.027034,0.041791044776119404,0.18157303370786512,0.11168203924199227,0.11100976479891134,0.39371727748691093,0.2152941176470588,-7.0,-34.4,0,0.0,0.0,,,,2.28,0.218573,0.0,0.0,0.0,0.0,0.0,0.0,NE
-6.8,-34.8,25,0.2351,0.76,3.88,1.8,0.1429,1.43,0.240963,1.060279,0.04776119402985075,0.11449438202247188,0.08112778802616132,0.07750510307287739,0.2806282722513089,0.06843137254901961,-6.8,-34.8,1,0.0,0.03,7.0,1.0,0.0493,1.43,0.240963,0.0029069767441860465,0.0,0.0014534883720930232,0.0014534883720930232,0.14285714285714285,0.09634551495016609,NE
-6.8,-34.6,21,0.3342,0.64,4.57,2.33,0.2114,2.19,0.225801,1.033618,0.03582089552238806,0.22584269662921344,0.13083179607580075,0.13200867982125453,0.35287958115183243,0.2027450980392157,-6.8,-34.6,0,0.0,0.0,,,,2.19,0.225801,0.0,0.0,0.0,0.0,0.0,0.0,NE
-6.6,-34.8,26,0.2256,0.79,3.46,1.73,0.1527,1.86,0.238273,1.048643,0.050746268656716415,0.10382022471910109,0.07728324668790876,0.07328932124533367,0.23664921465968583,0.08764705882352941,-6.6,-34.8,1,0.0171,0.03,7.0,1.0,0.0247,1.86,0.238273,0.0029069767441860465,0.021623672230652508,0.012265324487419276,0.012265324487419276,0.14285714285714285,0.048270470979089306,NE
-6.6,-34.6,24,0.2957,0.73,4.04,1.92,0.1938,2.21,0.22012,1.03649,0.04477611940298507,0.18258426966292132,0.1136801945329532,0.11320086798212545,0.29738219895287954,0.16823529411764707,-6.6,-34.6,0,0.0,0.0,,,,2.21,0.22012,0.0,0.0,0.0,0.0,0.0,0.0,NE
-6.4,-34.8,22,0.2856,0.67,4.55,2.05,0.1868,2.038,0.235984,1.044211,0.03880597014925373,0.17123595505617975,0.10502096260271673,0.10370547453980396,0.35078534031413605,0.15450980392156863,-6.4,-34.8,1,0.0247,0.03,21.0,1.0,0.1578,2.038,0.235984,0.0029069767441860465,0.03123419322205362,0.017070584983119832,0.017070584983119832,0.42857142857142855,0.30838381864373654,NE
-6.4,-34.6,20,0.3501,0.61,5.15,2.2,0.2281,2.27,0.219873,1.040203,0.03283582089552239,0.2437078651685393,0.13827184303203083,0.1401671601169569,0.41361256544502617,0.23549019607843136,-6.4,-34.6,1,0.0103,0.03,2.0,1.0,0.0123,2.27,0.219873,0.0029069767441860465,0.013024785027819931,0.007965880886002988,0.007965880886002988,0.04081632653061224,0.0240375219855384,NE
-6.2,-35.0,25,0.2317,0.76,3.4,1.76,0.1503,1.47,0.246394,1.061281,0.04776119402985075,0.11067415730337074,0.07921767566661074,0.07541054451166809,0.23036649214659685,0.08294117647058821,-6.2,-35.0,1,0.024,0.03,9.0,1.0,0.0154,1.47,0.246394,0.0029069767441860465,0.030349013657056147,0.016627995200621096,0.016627995200621096,0.1836734693877551,0.030095759233926128,NE
-6.2,-34.8,25,0.2856,0.76,4.48,2.04,0.1764,2.12,0.229019,1.044808,0.04776119402985075,0.17123595505617975,0.10949857454301525,0.10861545817319185,0.34345549738219894,0.13411764705882354,-6.2,-34.8,1,0.0205,0.03,4.0,1.0,0.0216,2.12,0.229019,0.0029069767441860465,0.025923115832068792,0.014415046288127419,0.014415046288127419,0.08163265306122448,0.042212233730701584,NE
-6.2,-34.6,25,0.3295,0.76,4.64,2.08,0.2145,2.3,0.21454,1.043922,0.04776119402985075,0.22056179775280896,0.13416149589132986,0.1356599054782177,0.36020942408376955,0.20882352941176469,-6.2,-34.6,0,0.0,0.0,,,,2.3,0.21454,0.0,0.0,0.0,0.0,0.0,0.0,NE
-6.0,-35.0,26,0.2494,0.79,4.38,1.88,0.16,1.87,0.244453,1.059566,0.050746268656716415,0.13056179775280896,0.09065403320476269,0.0879512311737987,0.3329842931937172,0.1019607843137255,-6.0,-35.0,1,0.0308,0.03,7.0,1.0,0.0247,1.87,0.244453,0.0029069767441860465,0.03894790085988872,0.020927438802037384,0.020927438802037384,0.14285714285714285,0.048270470979089306,NE
-6.0,-34.8,26,0.3028,0.79,4.73,2.15,0.1813,2.18,0.227485,1.049234,0.050746268656716415,0.19056179775280896,0.12065403320476269,0.12084812151749756,0.36963350785340315,0.14372549019607841,-6.0,-34.8,1,0.024,0.03,3.0,1.0,0.0216,2.18,0.227485,0.0029069767441860465,0.030349013657056147,0.016627995200621096,0.016627995200621096,0.061224489795918366,0.042212233730701584,NE
-5.8,-35.0,26,0.2931,0.79,4.81,2.12,0.1776,1.9,0.240608,1.053986,0.050746268656716415,0.1796629213483146,0.11520459500251551,0.11487246915169459,0.3780104712041884,0.13647058823529412,-5.8,-35.0,1,0.0537,0.03,9.0,1.0,0.0407,1.9,0.240608,0.0029069767441860465,0.06790591805766313,0.03540644740092459,0.03540644740092459,0.1836734693877551,0.07953879226109048,NE
-5.8,-34.8,26,0.32,0.79,4.92,2.27,0.1855,2.24,0.219906,1.052561,0.050746268656716415,0.20988764044943817,0.1303169545530773,0.13144412365067396,0.3895287958115183,0.15196078431372548,-5.8,-34.8,1,0.0308,0.03,4.0,1.0,0.0216,2.24,0.219906,0.0029069767441860465,0.03894790085988872,0.020927438802037384,0.020927438802037384,0.08163265306122448,0.042212233730701584,NE
-5.6,-35.0,27,0.3021,0.82,4.7,2.19,0.1704,2.03,0.235347,1.057718,0.05373134328358209,0.18977528089887635,0.12175331209122922,0.122053550083672,0.36649214659685864,0.12235294117647058,-5.6,-35.0,1,0.0591,0.03,7.0,1.0,0.0456,2.03,0.235347,0.0029069767441860465,0.07473444613050076,0.038820711437343405,0.038820711437343405,0.14285714285714285,0.08911471565370334,NE
-5.6,-34.8,24,0.3571,0.73,4.58,2.42,0.1872,2.3,0.215567,1.056596,0.04477611940298507,0.2515730337078651,0.1481745765554251,0.15102613141102264,0.35392670157068057,0.15529411764705883,-5.6,-34.8,0,0.0,0.0,,,,2.3,0.215567,0.0,0.0,0.0,0.0,0.0,0.0,NE
-5.4,-35.2,29,0.3052,0.88,4.55,2.14,0.1648,2.01,0.240752,1.08572,0.05970149253731343,0.1932584269662921,0.12647995975180276,0.12723661707644493,0.35078534031413605,0.11137254901960784,-5.4,-35.2,0,0.0,0.0,,,,2.01,0.240752,0.0,0.0,0.0,0.0,0.0,0.0,NE
-5.4,-35.0,23,0.3499,0.7,5.17,2.52,0.1782,2.21,0.227595,1.063407,0.041791044776119404,0.24348314606741567,0.14263709542176753,0.14495393442321483,0.41570680628272244,0.1376470588235294,-5.4,-35.0,1,0.0574,0.03,4.0,1.0,0.044,2.21,0.227595,0.0029069767441860465,0.07258472432979261,0.03774585053698933,0.03774585053698933,0.08163265306122448,0.08598788352550321,NE
-5.4,-34.8,23,0.3659,0.7,4.65,2.43,0.1919,2.34,0.210494,1.060547,0.041791044776119404,0.26146067415730334,0.15162585946671137,0.1548106805936115,0.3612565445026178,0.1645098039215686,-5.4,-34.8,0,0.0,0.0,,,,2.34,0.210494,0.0,0.0,0.0,0.0,0.0,0.0,NE
-5.2,-35.4,30,0.311,0.91,2.83,1.9,0.1598,1.87,0.223622,1.114995,0.0626865671641791,0.19977528089887636,0.13123092403152772,0.13244634877434303,0.1706806282722513,0.10156862745098039,-5.2,-35.4,0,0.0,0.0,,,,1.87,0.223622,0.0,0.0,0.0,0.0,0.0,0.0,NE
-5.2,-35.2,19,0.3415,0.58,4.47,2.42,0.168,2.06,0.221416,1.111479,0.029850746268656716,0.2340449438202247,0.1319478450444407,0.1332324978392394,0.3424083769633507,0.11764705882352944,-5.2,-35.2,0,0.0,0.0,,,,2.06,0.221416,0.0,0.0,0.0,0.0,0.0,0.0,NE
-5.2,-35.0,22,0.36,0.67,5.5,2.5,0.1944,2.27,0.218085,1.070431,0.03880597014925373,0.25483146067415724,0.1468187154117055,0.14953934423214843,0.450261780104712,0.16941176470588235,-5.2,-35.0,1,0.0548,0.03,7.0,1.0,0.0432,2.27,0.218085,0.0029069767441860465,0.06929691451694488,0.036101945630565464,0.036101945630565464,0.14285714285714285,0.08442446746140317,NE
-5.0,-36.6,20,0.307,0.61,4.7,2.15,0.1615,1.42,0.234444,1.259942,0.03283582089552239,0.19528089887640446,0.11405835988596343,0.11361555012045091,0.36649214659685864,0.10490196078431374,-5.0,-36.6,0,0.0,0.0,,,,1.42,0.234444,0.0,0.0,0.0,0.0,0.0,0.0,N_equatorial
-5.0,-36.2,24,0.3651,0.73,5.38,2.29,0.1709,1.36,0.221321,1.311864,0.04477611940298507,0.2605617977528089,0.152668958577897,0.15595450449622095,0.43769633507853395,0.12333333333333332,-5.0,-36.2,0,0.0,0.0,,,,1.36,0.221321,0.0,0.0,0.0,0.0,0.0,0.0,N_equatorial
-5.0,-35.6,13,0.2316,0.39,3.54,1.85,0.1528,1.72,0.214166,1.179192,0.011940298507462687,0.11056179775280896,0.06125104813013582,0.055709005314551564,0.24502617801047116,0.08784313725490195,-5.0,-35.6,0,0.0,0.0,,,,1.72,0.214166,0.0,0.0,0.0,0.0,0.0,0.0,N_equatorial
-5.0,-35.4,13,0.2827,0.39,3.38,2.08,0.1536,1.93,0.210272,1.148974,0.011940298507462687,0.1679775280898876,0.08995891329867516,0.08718898839625591,0.22827225130890047,0.08941176470588233,-5.0,-35.4,0,0.0,0.0,,,,1.93,0.210272,0.0,0.0,0.0,0.0,0.0,0.0,N_equatorial
-5.0,-35.2,18,0.3038,0.55,3.5,2.11,0.1562,2.14,0.204157,1.107909,0.026865671641791045,0.19168539325842693,0.10927553245010899,0.10837087846411297,0.2408376963350785,0.09450980392156864,-5.0,-35.2,0,0.0,0.0,,,,2.14,0.204157,0.0,0.0,0.0,0.0,0.0,0.0,N_equatorial
-5.0,-35.0,21,0.2993,0.64,3.9,2.0,0.1825,2.29,0.186163,1.080225,0.03582089552238806,0.18662921348314604,0.11122505450276705,0.11050865223707682,0.28272251308900526,0.146078431372549,-5.0,-35.0,0,0.0,0.0,,,,2.29,0.186163,0.0,0.0,0.0,0.0,0.0,0.0,N_equatorial
-4.8,-37.2,25,0.3031,0.76,2.68,1.44,0.2344,1.76,0.263642,1.651753,0.04776119402985075,0.19089887640449432,0.11933003521717253,0.11939627429706318,0.1549738219895288,0.24784313725490198,-4.8,-37.2,0,0.0,0.0,,,,1.76,0.263642,0.0,0.0,0.0,0.0,0.0,0.0,N_equatorial
-4.8,-37.0,17,0.1786,0.52,2.29,1.41,0.1394,1.79,0.248787,1.253946,0.023880597014925373,0.05101123595505617,0.03744591648499077,0.029605178469629817,0.11413612565445026,0.061568627450980386,-4.8,-37.0,0,0.0,0.0,,,,1.79,0.248787,0.0,0.0,0.0,0.0,0.0,0.0,N_equatorial
-4.8,-36.8,16,0.171,0.48,2.44,1.44,0.1212,1.86,0.240327,1.204529,0.020895522388059702,0.04247191011235955,0.031683716250209625,0.02328656282756211,0.12984293193717275,0.025882352941176478,-4.8,-36.8,0,0.0,0.0,,,,1.86,0.240327,0.0,0.0,0.0,0.0,0.0,0.0,N_equatorial
-4.8,-36.6,16,0.1714,0.48,2.81,1.5,0.116,1.9,0.233027,1.16643,0.020895522388059702,0.04292134831460672,0.03190843535133321,0.023532981481822018,0.16858638743455498,0.015686274509803935,-4.8,-36.6,0,0.0,0.0,,,,1.9,0.233027,0.0,0.0,0.0,0.0,0.0,0.0,N_equatorial
-4.8,-36.4,19,0.1907,0.58,2.89,1.63,0.13,1.91,0.228019,1.129115,0.029850746268656716,0.0646067415730337,0.04722874392084521,0.04033266518325089,0.1769633507853403,0.0431372549019608,-4.8,-36.4,0,0.0,0.0,,,,1.91,0.228019,0.0,0.0,0.0,0.0,0.0,0.0,N_equatorial
-4.8,-36.2,18,0.2141,0.55,3.0,1.61,0.1362,1.91,0.223337,1.121679,0.026865671641791045,0.09089887640449437,0.05888227402314271,0.05311149524632671,0.18848167539267013,0.0552941176470588,-4.8,-36.2,0,0.0,0.0,,,,1.91,0.223337,0.0,0.0,0.0,0.0,0.0,0.0,N_equatorial
-4.8,-36.0,16,0.2444,0.48,3.25,1.62,0.1565,1.93,0.219111,1.118824,0.020895522388059702,0.12494382022471907,0.07291967130638939,0.0685043858842568,0.21465968586387432,0.09509803921568627,-4.8,-36.0,0,0.0,0.0,,,,1.93,0.219111,0.0,0.0,0.0,0.0,0.0,0.0,N_equatorial
-4.8,-35.8,15,0.2154,0.45,2.93,1.6,0.1522,1.98,0.21403,1.12113,0.01791044776119403,0.09235955056179773,0.05513499916149588,0.04900237223928354,0.181151832460733,0.08666666666666667,-4.8,-35.8,0,0.0,0.0,,,,1.98,0.21403,0.0,0.0,0.0,0.0,0.0,0.0,N_equatorial
-4.8,-35.6,14,0.2788,0.42,3.29,1.79,0.1802,2.07,0.208027,1.126584,0.014925373134328358,0.16359550561797748,0.08926043937615291,0.086423067728351,0.21884816753926697,0.1415686274509804,-4.8,-35.6,0,0.0,0.0,,,,2.07,0.208027,0.0,0.0,0.0,0.0,0.0,0.0,N_equatorial
-4.8,-35.4,14,0.3112,0.42,3.64,2.07,0.1695,2.17,0.203751,1.117292,0.014925373134328358,0.19999999999999993,0.10746268656716414,0.10638297872340421,0.2554973821989529,0.12058823529411768,-4.8,-35.4,0,0.0,0.0,,,,2.17,0.203751,0.0,0.0,0.0,0.0,0.0,0.0,N_equatorial
-4.6,-37.4,15,0.2482,0.45,3.67,1.73,0.1627,1.52,0.26357,1.294184,0.01791044776119403,0.1292134831460674,0.07356196545363071,0.0692087018885967,0.2586387434554973,0.10725490196078434,-4.6,-37.4,0,0.0,0.0,,,,1.52,0.26357,0.0,0.0,0.0,0.0,0.0,0.0,N_equatorial
-4.6,-37.2,16,0.144,0.48,2.5,1.31,0.1177,1.93,0.251917,1.237453,0.020895522388059702,0.01213483146067413,0.016515176924366916,0.006653303665017731,0.13612565445026178,0.019019607843137255,-4.6,-37.2,0,0.0,0.0,,,,1.93,0.251917,0.0,0.0,0.0,0.0,0.0,0.0,N_equatorial
-4.6,-37.0,15,0.1444,0.45,1.93,1.27,0.1201,2.06,0.242439,1.165034,0.01791044776119403,0.012584269662921333,0.015247358712057683,0.0052630611081483595,0.07643979057591622,0.02372549019607843,-4.6,-37.0,0,0.0,0.0,,,,2.06,0.242439,0.0,0.0,0.0,0.0,0.0,0.0,N_equatorial
-4.6,-36.8,16,0.1332,0.48,2.31,1.19,0.108,2.09,0.236958,1.132432,0.020895522388059702,0.0,0.010447761194029851,0.0,0.1162303664921466,0.0,-4.6,-36.8,0,0.0,0.0,,,,2.09,0.236958,0.0,0.0,0.0,0.0,0.0,0.0,N_equatorial
-4.6,-36.6,18,0.1445,0.55,2.39,1.28,0.1196,2.09,0.231878,1.129437,0.026865671641791045,0.012696629213483118,0.019781150427637083,0.01023464940510122,0.12460732984293195,0.022745098039215685,-4.6,-36.6,0,0.0,0.0,,,,2.09,0.231878,0.0,0.0,0.0,0.0,0.0,0.0,N_equatorial
-4.6,-36.0,14,0.1956,0.42,2.64,1.36,0.1455,2.12,0.215278,1.119539,0.014925373134328358,0.07011235955056178,0.04251886634244507,0.03516798764228837,0.15078534031413612,0.07352941176470587,-4.6,-36.0,0,0.0,0.0,,,,2.12,0.215278,0.0,0.0,0.0,0.0,0.0,0.0,N_equatorial
-4.4,-37.6,16,0.2323,0.48,2.81,1.5,0.1513,1.75,0.265067,1.300822,0.020895522388059702,0.11134831460674155,0.06612191849740062,0.061050221592894305,0.16858638743455498,0.08490196078431371,-4.4,-37.6,0,0.0,0.0,,,,1.75,0.265067,0.0,0.0,0.0,0.0,0.0,0.0,N_equatorial
-4.4,-37.4,16,0.2311,0.48,2.81,1.56,0.1554,2.0,0.25345,1.241421,0.020895522388059702,0.10999999999999997,0.06544776119402984,0.060310965630114566,0.16858638743455498,0.09294117647058826,-4.4,-37.4,0,0.0,0.0,,,,2.0,0.25345,0.0,0.0,0.0,0.0,0.0,0.0,N_equatorial
-4.4,-37.2,16,0.1726,0.48,2.81,1.44,0.1374,2.1,0.245987,1.15709,0.020895522388059702,0.0442696629213483,0.032582592654704,0.02427223744460177,0.16858638743455498,0.057647058823529405,-4.4,-37.2,0,0.0,0.0,,,,2.1,0.245987,0.0,0.0,0.0,0.0,0.0,0.0,N_equatorial
-4.4,-37.0,18,0.1659,0.55,2.67,1.28,0.1303,2.15,0.239814,1.136719,0.026865671641791045,0.036741573033707835,0.03180362233774944,0.023418047408006754,0.1539267015706806,0.04372549019607843,-4.4,-37.0,0,0.0,0.0,,,,2.15,0.239814,0.0,0.0,0.0,0.0,0.0,0.0,N_equatorial
-4.2,-37.8,19,0.2227,0.58,2.63,1.53,0.1263,1.63,0.264082,1.300637,0.029850746268656716,0.10056179775280898,0.06520627201073284,0.06004615752404421,0.14973821989528793,0.03588235294117646,-4.2,-37.8,1,0.0,0.03,17.0,1.0,0.0647,1.63,0.264082,0.0029069767441860465,0.0,0.0014534883720930232,0.0014534883720930232,0.3469387755102041,0.1264412741840922,N_equatorial
-4.2,-37.6,21,0.2443,0.64,3.1,1.57,0.1396,1.91,0.255074,1.245739,0.03582089552238806,0.12483146067415726,0.08032617809827267,0.07662608727633828,0.19895287958115182,0.061960784313725495,-4.2,-37.6,0,0.0,0.0,,,,1.91,0.255074,0.0,0.0,0.0,0.0,0.0,0.0,N_equatorial
-4.2,-37.4,22,0.2107,0.67,2.68,1.5,0.1362,2.14,0.247978,1.177537,0.03880597014925373,0.08707865168539324,0.06294231091732348,0.057563581529634596,0.1549738219895288,0.0552941176470588,-4.2,-37.4,0,0.0,0.0,,,,2.14,0.247978,0.0,0.0,0.0,0.0,0.0,0.0,N_equatorial
-4.2,-32.6,12,0.2625,0.36,4.17,1.67,0.2042,2.43,0.145451,1.042693,0.008955223880597015,0.14528089887640447,0.07711806137850075,0.07310818514500082,0.3109947643979057,0.18862745098039213,-4.2,-32.6,0,0.0,0.0,,,,2.43,0.145451,0.0,0.0,0.0,0.0,0.0,0.0,N_equatorial
-4.2,-32.4,17,0.2238,0.52,3.12,1.41,0.1841,2.41,0.143615,1.038533,0.023880597014925373,0.10179775280898873,0.06283917491195705,0.057450486401000374,0.20104712041884817,0.14921568627450982,-4.2,-32.4,0,0.0,0.0,,,,2.41,0.143615,0.0,0.0,0.0,0.0,0.0,0.0,N_equatorial
-4.2,-32.2,17,0.1865,0.52,2.65,1.24,0.187,2.43,0.142424,1.034473,0.023880597014925373,0.05988764044943818,0.04188411873218178,0.03447194689126316,0.1518324607329843,0.15490196078431373,-4.2,-32.2,0,0.0,0.0,,,,2.43,0.142424,0.0,0.0,0.0,0.0,0.0,0.0,N_equatorial
-4.0,-38.0,25,0.2321,0.76,3.6,1.8,0.1412,1.71,0.261238,1.289114,0.04776119402985075,0.11112359550561794,0.07944239476773435,0.07565696316592802,0.25130890052356025,0.06509803921568626,-4.0,-38.0,1,0.0,0.03,20.0,1.0,0.0709,1.71,0.261238,0.0029069767441860465,0.0,0.0014534883720930232,0.0014534883720930232,0.40816326530612246,0.1385577486808677,N_equatorial
-4.0,-37.8,23,0.2417,0.7,3.83,1.78,0.13,1.87,0.25373,1.239291,0.041791044776119404,0.12191011235955053,0.08185057856783497,0.07829768844590743,0.27539267015706803,0.0431372549019608,-4.0,-37.8,1,0.0,0.03,21.0,1.0,0.0617,1.87,0.25373,0.0029069767441860465,0.0,0.0014534883720930232,0.0014534883720930232,0.42857142857142855,0.120578463943717,N_equatorial
-4.0,-37.6,23,0.2328,0.7,3.39,1.65,0.1395,2.11,0.247566,1.179988,0.041791044776119404,0.11191011235955053,0.07685057856783498,0.07281487338862429,0.22931937172774872,0.061764705882352965,-4.0,-37.6,1,0.0,0.03,23.0,1.0,0.0647,2.11,0.247566,0.0029069767441860465,0.0,0.0014534883720930232,0.0014534883720930232,0.46938775510204084,0.1264412741840922,N_equatorial
-4.0,-32.8,13,0.239,0.39,3.38,1.54,0.2092,2.44,0.142509,1.04822,0.011940298507462687,0.11887640449438198,0.06540835150092233,0.060267750418360015,0.22827225130890047,0.1984313725490196,-4.0,-32.8,0,0.0,0.0,,,,2.44,0.142509,0.0,0.0,0.0,0.0,0.0,0.0,N_equatorial
-4.0,-32.6,14,0.2428,0.42,3.43,1.5,0.1959,2.41,0.140678,1.043879,0.014925373134328358,0.1231460674157303,0.06903572027502933,0.06424538884495852,0.2335078534031414,0.17235294117647057,-4.0,-32.6,0,0.0,0.0,,,,2.41,0.140678,0.0,0.0,0.0,0.0,0.0,0.0,N_equatorial
-4.0,-32.4,19,0.2058,0.58,2.89,1.37,0.2011,2.39,0.138847,1.039406,0.029850746268656716,0.08157303370786516,0.05571188998826094,0.049634969381562734,0.1769633507853403,0.18254901960784314,-4.0,-32.4,0,0.0,0.0,,,,2.39,0.138847,0.0,0.0,0.0,0.0,0.0,0.0,N_equatorial
-4.0,-32.2,17,0.2225,0.52,2.94,1.41,0.2149,2.42,0.137883,1.035696,0.023880597014925373,0.10033707865168537,0.06210883783330537,0.05664962577465565,0.18219895287958113,0.20960784313725492,-4.0,-32.2,0,0.0,0.0,,,,2.42,0.137883,0.0,0.0,0.0,0.0,0.0,0.0,N_equatorial
-4.0,-32.0,17,0.216,0.52,2.88,1.35,0.2036,2.44,0.136418,1.031897,0.023880597014925373,0.09303370786516851,0.05845715244004694,0.05264532264293201,0.17591623036649212,0.18745098039215688,-4.0,-32.0,0,0.0,0.0,,,,2.44,0.136418,0.0,0.0,0.0,0.0,0.0,0.0,N_equatorial
-3.8,-38.2,24,0.2594,0.73,4.08,1.88,0.1495,1.77,0.253524,1.267627,0.04477611940298507,0.14179775280898876,0.09328693610598691,0.09083837510803804,0.3015706806282722,0.08137254901960783,-3.8,-38.2,1,0.0,0.03,30.0,1.0,0.074,1.77,0.253524,0.0029069767441860465,0.0,0.0014534883720930232,0.0014534883720930232,0.6122448979591837,0.1446159859292554,N_equatorial
-3.8,-38.0,24,0.2504,0.73,4.12,1.92,0.1406,1.95,0.25041,1.22853,0.04477611940298507,0.13168539325842696,0.08823075633070601,0.08529395538718991,0.3057591623036649,0.06392156862745099,-3.8,-38.0,1,0.0026,0.03,29.0,1.0,0.0809,1.95,0.25041,0.0029069767441860465,0.0032878098128477492,0.003097393278516898,0.003097393278516898,0.5918367346938775,0.1581004494821184,N_equatorial
-3.8,-32.8,11,0.2582,0.33,3.0,1.64,0.2157,2.35,0.138156,1.049541,0.005970149253731343,0.14044943820224715,0.07320979372798925,0.06882252340057742,0.18848167539267013,0.2111764705882353,-3.8,-32.8,0,0.0,0.0,,,,2.35,0.138156,0.0,0.0,0.0,0.0,0.0,0.0,N_equatorial
-3.8,-32.6,12,0.2272,0.36,3.08,1.67,0.1808,2.26,0.136757,1.046612,0.008955223880597015,0.10561797752808988,0.057286600704343445,0.05136173890656319,0.1968586387434555,0.14274509803921567,-3.8,-32.6,0,0.0,0.0,,,,2.26,0.136757,0.0,0.0,0.0,0.0,0.0,0.0,N_equatorial
-3.8,-32.4,18,0.1652,0.55,3.33,1.39,0.1672,2.23,0.134885,1.04484,0.026865671641791045,0.03595505617977528,0.03141036391078316,0.022986814763051915,0.22303664921465965,0.116078431372549,-3.8,-32.4,0,0.0,0.0,,,,2.23,0.134885,0.0,0.0,0.0,0.0,0.0,0.0,N_equatorial
-3.8,-32.2,16,0.2351,0.48,3.19,1.5,0.2195,2.4,0.134108,1.036952,0.020895522388059702,0.11449438202247188,0.0676949522052658,0.06277515217271373,0.20837696335078532,0.21862745098039216,-3.8,-32.2,0,0.0,0.0,,,,2.4,0.134108,0.0,0.0,0.0,0.0,0.0,0.0,N_equatorial
-3.8,-32.0,17,0.2259,0.52,3.06,1.35,0.2401,2.43,0.132267,1.033231,0.023880597014925373,0.10415730337078648,0.06401895019285593,0.05874418433586494,0.19476439790575917,0.25901960784313727,-3.8,-32.0,0,0.0,0.0,,,,2.43,0.132267,0.0,0.0,0.0,0.0,0.0,0.0,N_equatorial
-3.6,-38.6,19,0.2211,0.58,3.32,1.63,0.1319,1.62,0.252108,1.251281,0.029850746268656716,0.09876404494382018,0.06430739560623845,0.05906048290700453,0.22198952879581152,0.0468627450980392,-3.6,-38.6,0,0.0,0.0,,,,1.62,0.252108,0.0,0.0,0.0,0.0,0.0,0.0,N_equatorial
-3.6,-38.4,24,0.2186,0.73,3.96,1.75,0.1443,1.81,0.243862,1.239889,0.04477611940298507,0.09595505617977525,0.07036558779138016,0.06570367237352653,0.2890052356020942,0.07117647058823531,-3.6,-38.4,0,0.0,0.0,,,,1.81,0.243862,0.0,0.0,0.0,0.0,0.0,0.0,N_equatorial
-3.6,-38.2,27,0.2097,0.82,3.89,1.67,0.1427,1.98,0.240195,1.209024,0.05373134328358209,0.08595505617977525,0.06984319973167867,0.06513084094963129,0.28167539267015707,0.0680392156862745,-3.6,-38.2,0,0.0,0.0,,,,1.98,0.240195,0.0,0.0,0.0,0.0,0.0,0.0,N_equatorial
-3.6,-38.0,23,0.2326,0.7,4.39,1.87,0.1496,2.08,0.238716,1.170591,0.041791044776119404,0.11168539325842694,0.07673821901727318,0.07269166406149433,0.3340314136125654,0.08156862745098041,-3.6,-38.0,0,0.0,0.0,,,,2.08,0.238716,0.0,0.0,0.0,0.0,0.0,0.0,N_equatorial
-3.6,-32.8,14,0.2367,0.42,3.21,1.57,0.2085,2.34,0.133908,1.05072,0.014925373134328358,0.11629213483146064,0.0656087539828945,0.06048750436749479,0.21047120418848164,0.19705882352941176,-3.6,-32.8,0,0.0,0.0,,,,2.34,0.133908,0.0,0.0,0.0,0.0,0.0,0.0,N_equatorial
-3.6,-32.6,16,0.1546,0.48,2.94,1.38,0.1572,2.28,0.132875,1.047154,0.020895522388059702,0.024044943820224686,0.022470233104142194,0.013183398002905517,0.18219895287958113,0.09647058823529413,-3.6,-32.6,0,0.0,0.0,,,,2.28,0.132875,0.0,0.0,0.0,0.0,0.0,0.0,N_equatorial
-3.6,-32.4,18,0.1497,0.55,3.11,1.39,0.1604,2.25,0.131779,1.043036,0.026865671641791045,0.018539325842696613,0.02270249874224383,0.013438091910480142,0.19999999999999998,0.10274509803921567,-3.6,-32.4,0,0.0,0.0,,,,2.25,0.131779,0.0,0.0,0.0,0.0,0.0,0.0,N_equatorial
-3.6,-32.2,16,0.215,0.48,3.69,1.69,0.2083,2.35,0.13007,1.038743,0.020895522388059702,0.09191011235955053,0.05640281737380512,0.050392614796152924,0.2607329842931937,0.19666666666666668,-3.6,-32.2,0,0.0,0.0,,,,2.35,0.13007,0.0,0.0,0.0,0.0,0.0,0.0,N_equatorial
-3.6,-32.0,15,0.2316,0.45,2.53,1.4,0.2147,2.42,0.128727,1.034724,0.01791044776119403,0.11056179775280896,0.0642361227570015,0.05898232773681016,0.13926701570680625,0.20921568627450982,-3.6,-32.0,0,0.0,0.0,,,,2.42,0.128727,0.0,0.0,0.0,0.0,0.0,0.0,N_equatorial
-3.4,-38.8,26,0.2271,0.79,4.23,1.81,0.1332,1.79,0.249709,1.232389,0.050746268656716415,0.10550561797752805,0.07812594331712223,0.07421339119880835,0.3172774869109948,0.04941176470588238,-3.4,-38.8,0,0.0,0.0,,,,1.79,0.249709,0.0,0.0,0.0,0.0,0.0,0.0,N_equatorial
-3.4,-38.6,26,0.2348,0.79,4.46,1.88,0.1525,1.93,0.240606,1.215709,0.050746268656716415,0.1141573033707865,0.08245178601375146,0.07895695029331176,0.34136125654450256,0.08725490196078431,-3.4,-38.6,0,0.0,0.0,,,,1.93,0.240606,0.0,0.0,0.0,0.0,0.0,0.0,N_equatorial
-3.4,-38.4,29,0.2265,0.88,4.31,1.79,0.1454,2.04,0.235771,1.19178,0.05970149253731343,0.10483146067415729,0.08226647660573536,0.07875374685080637,0.32565445026178,0.07333333333333333,-3.4,-38.4,0,0.0,0.0,,,,2.04,0.235771,0.0,0.0,0.0,0.0,0.0,0.0,N_equatorial
-3.4,-38.2,25,0.2438,0.76,4.8,1.88,0.1638,2.12,0.229275,1.164969,0.04776119402985075,0.12426966292134826,0.08601542847559951,0.08286470880303057,0.37696335078534027,0.10941176470588236,-3.4,-38.2,0,0.0,0.0,,,,2.12,0.229275,0.0,0.0,0.0,0.0,0.0,0.0,N_equatorial
-3.4,-32.4,15,0.1861,0.45,3.2,1.73,0.1489,2.3,0.1284,1.044267,0.01791044776119403,0.05943820224719097,0.0386743250041925,0.030952205814744647,0.20942408376963348,0.08019607843137255,-3.4,-32.4,0,0.0,0.0,,,,2.3,0.1284,0.0,0.0,0.0,0.0,0.0,0.0,N_equatorial
-3.2,-39.2,24,0.1751,0.73,3.96,1.54,0.1168,1.5,0.253238,1.241848,0.04477611940298507,0.04707865168539324,0.04592738554418915,0.03890564372276062,0.2890052356020942,0.017254901960784316,-3.2,-39.2,0,0.0,0.0,,,,1.5,0.253238,0.0,0.0,0.0,0.0,0.0,0.0,N_equatorial
-3.2,-39.0,25,0.2102,0.76,4.08,1.76,0.1306,1.83,0.246834,1.213584,0.04776119402985075,0.08651685393258424,0.06713902398121749,0.06216554184519758,0.3015706806282722,0.04431372549019607,-3.2,-39.0,0,0.0,0.0,,,,1.83,0.246834,0.0,0.0,0.0,0.0,0.0,0.0,N_equatorial
-3.2,-38.8,26,0.2197,0.79,4.54,1.81,0.1419,2.02,0.239775,1.189474,0.050746268656716415,0.09719101123595504,0.07396863994633573,0.06965464609499991,0.3497382198952879,0.06647058823529411,-3.2,-38.8,0,0.0,0.0,,,,2.02,0.239775,0.0,0.0,0.0,0.0,0.0,0.0,N_equatorial
-3.2,-38.6,25,0.2039,0.76,4.48,1.64,0.1466,2.12,0.23283,1.161048,0.04776119402985075,0.07943820224719099,0.06359969813852087,0.05828444804060391,0.34345549738219894,0.07568627450980393,-3.2,-38.6,0,0.0,0.0,,,,2.12,0.23283,0.0,0.0,0.0,0.0,0.0,0.0,N_equatorial
-3.0,-39.4,23,0.2597,0.7,5.35,2.0,0.1452,1.68,0.24731,1.26572,0.041791044776119404,0.1421348314606741,0.09196293811839676,0.08938652788760366,0.43455497382198943,0.07294117647058823,-3.0,-39.4,0,0.0,0.0,,,,1.68,0.24731,0.0,0.0,0.0,0.0,0.0,0.0,N_equatorial
-3.0,-39.2,25,0.22,0.76,4.76,1.76,0.1531,1.9,0.240901,1.209854,0.04776119402985075,0.09752808988764042,0.07264464195874558,0.06820279887456554,0.37277486910994756,0.08843137254901963,-3.0,-39.2,0,0.0,0.0,,,,1.9,0.240901,0.0,0.0,0.0,0.0,0.0,0.0,N_equatorial
-3.0,-39.0,24,0.2844,0.73,5.08,2.0,0.1627,2.07,0.235298,1.169304,0.04477611940298507,0.16988764044943816,0.10733187992621161,0.10623954099928279,0.40628272251308895,0.10725490196078434,-3.0,-39.0,1,0.0263,0.03,29.0,1.0,0.1034,2.07,0.235298,0.0029069767441860465,0.033257460799190695,0.01808221877168837,0.01808221877168837,0.5918367346938775,0.20207152628493258,N_equatorial
-3.0,-38.8,26,0.2351,0.79,4.65,1.69,0.1723,2.14,0.232477,1.144255,0.050746268656716415,0.11449438202247188,0.08262032533959415,0.0791417642840067,0.3612565445026178,0.12607843137254904,-3.0,-38.8,0,0.0,0.0,,,,2.14,0.232477,0.0,0.0,0.0,0.0,0.0,0.0,N_equatorial
-2.8,-41.6,23,0.4185,0.7,8.57,2.43,0.1916,1.03,0.251285,1.436841,0.041791044776119404,0.32056179775280896,0.18117642126446418,0.18721473362879051,0.7717277486910994,0.16392156862745097,-2.8,-41.6,0,0.0,0.0,,,,1.03,0.251285,0.0,0.0,0.0,0.0,0.0,0.0,N_equatorial
-2.8,-41.4,17,0.5226,0.52,9.88,2.82,0.2149,1.17,0.240449,1.448758,0.023880597014925373,0.43752808988764036,0.23070434345128288,0.241525221133158,0.9089005235602096,0.20960784313725492,-2.8,-41.4,0,0.0,0.0,,,,1.17,0.240449,0.0,0.0,0.0,0.0,0.0,0.0,N_equatorial
-2.8,-41.2,14,0.3528,0.42,6.86,2.07,0.197,1.45,0.234543,1.447503,0.014925373134328358,0.2467415730337078,0.13083347308401808,0.13201051876643555,0.5926701570680628,0.17450980392156865,-2.8,-41.2,0,0.0,0.0,,,,1.45,0.234543,0.0,0.0,0.0,0.0,0.0,0.0,N_equatorial
-2.8,-41.0,10,0.32,0.3,6.7,2.0,0.1908,1.39,0.230451,1.43987,0.0029850746268656717,0.20988764044943817,0.10643635753815192,0.10525754427260522,0.5759162303664921,0.1623529411764706,-2.8,-41.0,0,0.0,0.0,,,,1.39,0.230451,0.0,0.0,0.0,0.0,0.0,0.0,N_equatorial
-2.8,-40.8,11,0.2865,0.33,4.82,1.82,0.1753,1.3,0.225507,1.430612,0.005970149253731343,0.1722471910112359,0.08910867013248362,0.0862566431894665,0.37905759162303665,0.13196078431372552,-2.8,-40.8,0,0.0,0.0,,,,1.3,0.225507,0.0,0.0,0.0,0.0,0.0,0.0,N_equatorial
-2.8,-40.6,11,0.2726,0.33,3.73,1.64,0.1842,1.29,0.219392,1.419547,0.005970149253731343,0.15662921348314604,0.0812996813684387,0.07769359495393442,0.2649214659685864,0.14941176470588236,-2.8,-40.6,0,0.0,0.0,,,,1.29,0.219392,0.0,0.0,0.0,0.0,0.0,0.0,N_equatorial
-2.8,-40.4,14,0.2257,0.42,3.14,1.29,0.1719,1.44,0.216093,1.394554,0.014925373134328358,0.10393258426966291,0.059428978701995636,0.05371099137534711,0.2031413612565445,0.1252941176470588,-2.8,-40.4,0,0.0,0.0,,,,1.44,0.216093,0.0,0.0,0.0,0.0,0.0,0.0,N_equatorial
-2.8,-40.2,12,0.2831,0.36,3.83,1.75,0.1915,1.58,0.213964,1.38074,0.008955223880597015,0.16842696629213483,0.08869109508636593,0.08579874583938654,0.27539267015706803,0.16372549019607843,-2.8,-40.2,0,0.0,0.0,,,,1.58,0.213964,0.0,0.0,0.0,0.0,0.0,0.0,N_equatorial
-2.8,-40.0,14,0.2284,0.42,4.93,1.57,0.1685,1.67,0.216364,1.38378,0.014925373134328358,0.10696629213483143,0.060945832634579894,0.05537431729160153,0.3905759162303664,0.11862745098039218,-2.8,-40.0,0,0.0,0.0,,,,1.67,0.216364,0.0,0.0,0.0,0.0,0.0,0.0,N_equatorial
-2.8,-39.8,18,0.3069,0.55,6.61,2.0,0.2068,1.79,0.232234,1.345574,0.026865671641791045,0.19516853932584266,0.11101710548381685,0.11028062303462734,0.5664921465968586,0.19372549019607846,-2.8,-39.8,0,0.0,0.0,,,,1.79,0.232234,0.0,0.0,0.0,0.0,0.0,0.0,N_equatorial
-2.8,-39.6,24,0.3233,0.73,6.12,2.08,0.1954,1.9,0.238247,1.292572,0.04477611940298507,0.21359550561797747,0.12918581251048128,0.1302037551260597,0.5151832460732984,0.17137254901960783,-2.8,-39.6,1,0.0426,0.03,35.0,1.0,0.1342,1.9,0.238247,0.0029069767441860465,0.05386949924127466,0.028388237992730353,0.028388237992730353,0.7142857142857143,0.26226304475278484,N_equatorial
-2.8,-39.4,26,0.2577,0.79,5.04,1.81,0.1652,1.99,0.235351,1.238562,0.050746268656716415,0.13988764044943816,0.09531695455307729,0.09306441824969196,0.4020942408376963,0.11215686274509806,-2.8,-39.4,0,0.0,0.0,,,,1.99,0.235351,0.0,0.0,0.0,0.0,0.0,0.0,N_equatorial
-2.8,-39.2,26,0.273,0.79,5.27,1.85,0.1693,2.1,0.232619,1.180875,0.050746268656716415,0.15707865168539326,0.10391246017105484,0.1024899317751338,0.42617801047120407,0.12019607843137256,-2.8,-39.2,1,0.0392,0.03,35.0,1.0,0.1495,2.1,0.232619,0.0029069767441860465,0.049570055639858376,0.02623851619202221,0.02623851619202221,0.7142857142857143,0.29216337697869843,N_equatorial
-2.6,-42.4,29,0.3108,0.88,5.03,1.79,0.2024,1.49,0.266563,1.399993,0.05970149253731343,0.1995505617977528,0.1296260271675331,0.1306864782360838,0.40104712041884816,0.18509803921568627,-2.6,-42.4,1,0.0112,0.03,26.0,1.0,0.1137,1.49,0.266563,0.0029069767441860465,0.014162873039959535,0.00853492489207279,0.00853492489207279,0.5306122448979592,0.2222005081102208,N_equatorial
-2.6,-42.2,22,0.4087,0.67,6.86,2.45,0.2089,1.45,0.256585,1.381174,0.03880597014925373,0.30955056179775275,0.17417826597350325,0.17954081538829328,0.5926701570680628,0.19784313725490196,-2.6,-42.2,1,0.0,0.03,35.0,1.0,0.0832,1.45,0.256585,0.0029069767441860465,0.0,0.0014534883720930232,0.0014534883720930232,0.7142857142857143,0.16259527066640608,N_equatorial
-2.6,-42.0,21,0.43,0.64,7.43,2.52,0.2112,1.43,0.250618,1.367723,0.03582089552238806,0.33348314606741564,0.18465202079490184,0.19102594751650448,0.6523560209424083,0.2023529411764706,-2.6,-42.0,0,0.0,0.0,,,,1.43,0.250618,0.0,0.0,0.0,0.0,0.0,0.0,N_equatorial
-2.6,-41.8,22,0.4284,0.67,7.36,2.5,0.2214,1.45,0.247517,1.372663,0.03880597014925373,0.33168539325842694,0.18524568170384034,0.19167693411059417,0.6450261780104711,0.22235294117647061,-2.6,-41.8,0,0.0,0.0,,,,1.45,0.247517,0.0,0.0,0.0,0.0,0.0,0.0,N_equatorial
-2.6,-41.6,20,0.4206,0.61,7.1,2.45,0.2362,1.66,0.241326,1.380379,0.03283582089552239,0.32292134831460667,0.17787858460506453,0.1835984479302672,0.6178010471204187,0.2513725490196078,-2.6,-41.6,0,0.0,0.0,,,,1.66,0.241326,0.0,0.0,0.0,0.0,0.0,0.0,N_equatorial
-2.6,-41.4,21,0.3653,0.64,7.76,2.24,0.2015,1.46,0.234943,1.385077,0.03582089552238806,0.26078651685393256,0.1483037061881603,0.15116773018996302,0.6869109947643978,0.18333333333333335,-2.6,-41.4,0,0.0,0.0,,,,1.46,0.234943,0.0,0.0,0.0,0.0,0.0,0.0,N_equatorial
-2.6,-41.2,16,0.452,0.48,7.12,2.31,0.216,1.85,0.228535,1.383757,0.020895522388059702,0.3582022471910112,0.18954888478953544,0.19639566744515344,0.6198952879581151,0.21176470588235294,-2.6,-41.2,0,0.0,0.0,,,,1.85,0.228535,0.0,0.0,0.0,0.0,0.0,0.0,N_equatorial
-2.6,-41.0,18,0.409,0.55,7.5,2.28,0.2168,1.74,0.225898,1.383716,0.026865671641791045,0.30988764044943806,0.16837665604561455,0.17317898453447098,0.6596858638743455,0.21333333333333332,-2.6,-41.0,0,0.0,0.0,,,,1.74,0.225898,0.0,0.0,0.0,0.0,0.0,0.0,N_equatorial
-2.6,-40.8,16,0.3848,0.48,7.94,2.31,0.204,1.62,0.220583,1.376663,0.020895522388059702,0.28269662921348304,0.15179607580077137,0.15499733352948744,0.7057591623036649,0.18823529411764703,-2.6,-40.8,0,0.0,0.0,,,,1.62,0.220583,0.0,0.0,0.0,0.0,0.0,0.0,N_equatorial
-2.6,-40.6,14,0.468,0.42,8.64,2.57,0.2317,1.94,0.216765,1.372943,0.014925373134328358,0.3761797752808988,0.19555257420761357,0.2029790911932915,0.7790575916230367,0.2425490196078431,-2.6,-40.6,0,0.0,0.0,,,,1.94,0.216765,0.0,0.0,0.0,0.0,0.0,0.0,N_equatorial
-2.6,-40.4,14,0.3704,0.42,8.0,2.14,0.2282,1.97,0.211921,1.362601,0.014925373134328358,0.26651685393258423,0.1407211135334563,0.14285293955387188,0.7120418848167539,0.2356862745098039,-2.6,-40.4,0,0.0,0.0,,,,1.97,0.211921,0.0,0.0,0.0,0.0,0.0,0.0,N_equatorial
-2.6,-40.2,13,0.3626,0.39,8.38,2.23,0.218,1.98,0.209973,1.349623,0.011940298507462687,0.25775280898876396,0.13484655374811333,0.1364111145846742,0.7518324607329843,0.21568627450980393,-2.6,-40.2,0,0.0,0.0,,,,1.98,0.209973,0.0,0.0,0.0,0.0,0.0,0.0,N_equatorial
-2.6,-40.0,16,0.3327,0.48,7.56,2.12,0.226,1.97,0.209284,1.325334,0.020895522388059702,0.22415730337078646,0.12252641287942308,0.12290130381213334,0.6659685863874344,0.23137254901960785,-2.6,-40.0,0,0.0,0.0,,,,1.97,0.209284,0.0,0.0,0.0,0.0,0.0,0.0,N_equatorial
-2.6,-39.8,17,0.373,0.52,8.12,2.24,0.2301,1.99,0.214602,1.288811,0.023880597014925373,0.26943820224719095,0.14665939963105817,0.14936464443994923,0.7246073298429317,0.23941176470588235,-2.6,-39.8,1,0.0535,0.03,38.0,1.0,0.1414,1.99,0.214602,0.0029069767441860465,0.067653009610521,0.03527999317735352,0.03527999317735352,0.7755102040816326,0.27633378932968533,N_equatorial
-2.6,-39.6,25,0.2721,0.76,5.56,1.88,0.186,2.04,0.225319,1.244661,0.04776119402985075,0.15606741573033706,0.1019143048800939,0.10029882859191967,0.45654450261780094,0.15294117647058822,-2.6,-39.6,0,0.0,0.0,,,,2.04,0.225319,0.0,0.0,0.0,0.0,0.0,0.0,N_equatorial
-2.4,-44.2,39,0.3719,1.18,5.87,2.03,0.2017,0.82,0.322811,2.053231,0.08955223880597014,0.2682022471910112,0.17887724299849067,0.18469353978557898,0.4890052356020942,0.18372549019607842,-2.4,-44.2,3,0.1358,0.09,9.33,1.33,0.1115,0.82,0.322811,0.00872093023255814,0.17172483560950938,0.09022288292103375,0.09022288292103375,0.19040816326530613,0.21790111393394565,N_equatorial
-2.4,-44.0,54,0.5358,1.64,3.89,2.0,0.2884,1.05,0.308298,2.078167,0.13432835820895522,0.4523595505617978,0.2933439543853765,0.3102135015355193,0.28167539267015707,0.3537254901960784,-2.4,-44.0,2,0.0979,0.06,9.0,1.0,0.1194,1.05,0.308298,0.005813953488372093,0.12379868487607487,0.06480631918222349,0.06480631918222349,0.1836734693877551,0.23333984756693374,N_equatorial
-2.4,-43.0,38,0.3179,1.15,5.74,2.0,0.2102,1.39,0.278329,1.432799,0.08656716417910448,0.20752808988764043,0.14704762703337246,0.149790360249361,0.47539267015706804,0.20039215686274509,-2.4,-43.0,1,0.0524,0.03,34.0,1.0,0.1552,1.39,0.278329,0.0029069767441860465,0.06626201315123925,0.03458449494771265,0.03458449494771265,0.6938775510204082,0.30330271643541135,N_equatorial
-2.4,-42.8,30,0.3405,0.91,5.77,1.97,0.2277,1.7,0.269671,1.392083,0.0626865671641791,0.23292134831460673,0.14780395773939292,0.15061972452601188,0.47853403141361245,0.2347058823529412,-2.4,-42.8,1,0.0321,0.03,29.0,1.0,0.13,1.7,0.269671,0.0029069767441860465,0.04059180576631259,0.021749391255249318,0.021749391255249318,0.5918367346938775,0.2540551104162595,N_equatorial
-2.4,-42.6,28,0.3419,0.85,5.96,1.93,0.2153,1.82,0.262027,1.357097,0.056716417910447764,0.23449438202247183,0.1456053999664598,0.14820886739366296,0.4984293193717277,0.21039215686274507,-2.4,-42.6,1,0.0207,0.03,32.0,1.0,0.1254,1.82,0.262027,0.0029069767441860465,0.026176024279210928,0.014541500511698488,0.014541500511698488,0.6530612244897959,0.2450654680476842,N_equatorial
-2.4,-42.4,30,0.352,0.91,5.8,1.93,0.2129,2.07,0.255493,1.328196,0.0626865671641791,0.2458426966292134,0.15426463189669626,0.15770426083598446,0.481675392670157,0.20568627450980392,-2.4,-42.4,1,0.0377,0.03,36.0,1.0,0.1202,2.07,0.255493,0.0029069767441860465,0.04767324228629236,0.025290109515239204,0.025290109515239204,0.7346938775510204,0.23490326363103378,N_equatorial
-2.4,-42.2,30,0.3747,0.91,6.57,2.2,0.2121,2.08,0.248687,1.307249,0.0626865671641791,0.27134831460674147,0.16701744088546028,0.1716885194652347,0.5623036649214659,0.20411764705882354,-2.4,-42.2,1,0.0479,0.03,39.0,1.0,0.1202,2.08,0.248687,0.0029069767441860465,0.060571573090541224,0.031739274917363634,0.031739274917363634,0.7959183673469388,0.23490326363103378,N_equatorial
-2.4,-42.0,27,0.4034,0.82,7.19,2.52,0.2086,2.08,0.242964,1.291387,0.05373134328358209,0.3035955056179775,0.1786634244507798,0.18445907427499586,0.6272251308900524,0.19725490196078432,-2.4,-42.0,0,0.0,0.0,,,,2.08,0.242964,0.0,0.0,0.0,0.0,0.0,0.0,N_equatorial
-2.4,-41.8,25,0.4315,0.76,7.32,2.6,0.2171,2.1,0.239214,1.280521,0.04776119402985075,0.3351685393258427,0.1914648666778467,0.19849666231449642,0.6408376963350785,0.21392156862745096,-2.4,-41.8,0,0.0,0.0,,,,2.1,0.239214,0.0,0.0,0.0,0.0,0.0,0.0,N_equatorial
-2.4,-41.6,24,0.4332,0.73,7.29,2.58,0.2329,2.13,0.234678,1.273242,0.04477611940298507,0.33707865168539314,0.19092738554418912,0.1979072803839717,0.637696335078534,0.24490196078431373,-2.4,-41.6,0,0.0,0.0,,,,2.13,0.234678,0.0,0.0,0.0,0.0,0.0,0.0,N_equatorial
-2.4,-40.8,16,0.5035,0.48,8.69,2.62,0.2378,2.16,0.217101,1.292571,0.020895522388059702,0.41606741573033695,0.21848146905919832,0.22812206918111766,0.7842931937172773,0.2545098039215687,-2.4,-40.8,0,0.0,0.0,,,,2.16,0.217101,0.0,0.0,0.0,0.0,0.0,0.0,N_equatorial
-2.4,-40.6,15,0.5196,0.45,10.47,2.87,0.2582,2.13,0.213713,1.281945,0.01791044776119403,0.4341573033707864,0.22603387556599022,0.23640375880395,0.9706806282722514,0.2945098039215686,-2.4,-40.6,0,0.0,0.0,,,,2.13,0.213713,0.0,0.0,0.0,0.0,0.0,0.0,N_equatorial
-2.4,-40.4,16,0.4568,0.48,9.81,2.69,0.2264,2.12,0.210094,1.272218,0.020895522388059702,0.3635955056179775,0.1922455140030186,0.19935269129627245,0.9015706806282723,0.23215686274509803,-2.4,-40.4,0,0.0,0.0,,,,2.12,0.210094,0.0,0.0,0.0,0.0,0.0,0.0,N_equatorial
-2.4,-40.2,15,0.3704,0.45,8.93,2.53,0.2383,2.12,0.205341,1.261654,0.01791044776119403,0.26651685393258423,0.14221365084688914,0.1444896007650012,0.8094240837696334,0.25549019607843143,-2.4,-40.2,0,0.0,0.0,,,,2.12,0.205341,0.0,0.0,0.0,0.0,0.0,0.0,N_equatorial
-2.4,-40.0,20,0.3399,0.61,7.05,2.15,0.2247,2.12,0.203375,1.246862,0.03283582089552239,0.2322471910112359,0.13254150595337913,0.133883484433329,0.6125654450261779,0.22882352941176473,-2.4,-40.0,0,0.0,0.0,,,,2.12,0.203375,0.0,0.0,0.0,0.0,0.0,0.0,N_equatorial
-2.2,-44.2,36,0.4262,1.09,5.5,1.89,0.2426,1.42,0.312313,2.087593,0.08059701492537313,0.3292134831460674,0.20490524903572027,0.21323488846797478,0.450261780104712,0.263921568627451,-2.2,-44.2,2,0.1362,0.06,14.5,1.0,0.1706,1.42,0.312313,0.005813953488372093,0.17223065250379363,0.08902230299608287,0.08902230299608287,0.29591836734693877,0.3333984756693375,N_equatorial
-2.2,-44.0,37,0.3992,1.12,5.03,1.76,0.2299,1.66,0.299374,2.016401,0.08358208955223881,0.298876404494382,0.1912292470233104,0.1982382905165597,0.40104712041884816,0.23901960784313725,-2.2,-44.0,1,0.1453,0.03,22.0,1.0,0.2526,1.66,0.299374,0.0029069767441860465,0.18373798684876078,0.09332248179647341,0.09332248179647341,0.4489795918367347,0.49364862223959344,N_equatorial
-2.2,-43.8,36,0.4238,1.09,5.33,1.83,0.2413,1.7,0.28952,1.915657,0.08059701492537313,0.3265168539325842,0.20355693442897865,0.21175637654241525,0.43246073298429316,0.26137254901960777,-2.2,-43.8,1,0.0936,0.03,34.0,1.0,0.2071,1.7,0.28952,0.0029069767441860465,0.11836115326251898,0.060634065003352514,0.060634065003352514,0.6938775510204082,0.4047293335939027,N_equatorial
-2.2,-43.6,31,0.3742,0.94,5.32,1.84,0.2206,1.78,0.28255,1.693864,0.06567164179104477,0.2707865168539325,0.16822907932248865,0.17301715735853912,0.431413612565445,0.22078431372549018,-2.2,-43.6,0,0.0,0.0,,,,1.78,0.28255,0.0,0.0,0.0,0.0,0.0,0.0,N_equatorial
-2.2,-43.4,30,0.3633,0.91,5.47,1.9,0.2286,1.88,0.276405,1.588325,0.0626865671641791,0.25853932584269657,0.16061294650343783,0.1646655878188271,0.44712041884816744,0.2364705882352941,-2.2,-43.4,1,0.0633,0.03,31.0,1.0,0.2013,1.88,0.276405,0.0029069767441860465,0.08004552352048558,0.041476250132335815,0.041476250132335815,0.6326530612244898,0.39339456712917725,N_equatorial
-2.2,-43.2,32,0.3728,0.97,6.06,1.91,0.237,2.0,0.27048,1.467889,0.06865671641791045,0.2692134831460674,0.16893509978198892,0.17379135327975873,0.5089005235602093,0.2529411764705882,-2.2,-43.2,1,0.1688,0.03,36.0,2.0,0.2629,2.0,0.27048,0.0029069767441860465,0.2134547293879616,0.10818085306607382,0.10818085306607382,0.7346938775510204,0.5137776040648818,N_equatorial
-2.2,-43.0,36,0.3786,1.09,6.28,1.97,0.2416,2.0,0.264034,1.379609,0.08059701492537313,0.27573033707865163,0.17816367600201238,0.1839110686110447,0.5319371727748691,0.2619607843137255,-2.2,-43.0,1,0.1683,0.03,39.0,2.0,0.2296,2.0,0.264034,0.0029069767441860465,0.21282245827010624,0.10786471750714614,0.10786471750714614,0.7959183673469388,0.44870041039671676,N_equatorial
-2.2,-42.8,35,0.4109,1.06,6.57,2.11,0.256,2.07,0.25816,1.311034,0.07761194029850746,0.31202247191011223,0.19481720610430986,0.20217271373140364,0.5623036649214659,0.2901960784313726,-2.2,-42.8,1,0.1789,0.03,40.0,2.0,0.2395,2.07,0.25816,0.0029069767441860465,0.22622660596863936,0.1145667913564127,0.1145667913564127,0.8163265306122449,0.468047684189955,N_equatorial
-2.2,-42.6,32,0.4109,0.97,6.59,2.09,0.2434,2.16,0.252327,1.260312,0.06865671641791045,0.31202247191011223,0.19033959416401133,0.19726273009801573,0.5643979057591623,0.2654901960784314,-2.2,-42.6,1,0.1378,0.03,41.0,2.0,0.2182,2.16,0.252327,0.0029069767441860465,0.1742539200809307,0.08858044841255838,0.08858044841255838,0.8367346938775511,0.426421731483291,N_equatorial
-2.0,-44.4,48,0.4695,1.45,5.23,1.96,0.2974,1.05,0.324692,2.119696,0.11641791044776119,0.3778651685393257,0.24714153949354345,0.25954964232516226,0.42198952879581153,0.37137254901960787,-2.0,-44.4,3,0.1471,0.09,12.0,1.33,0.1186,1.05,0.324692,0.00872093023255814,0.18601416287303998,0.09736754655279906,0.09736754655279906,0.24489795918367346,0.23177643150283367,N_equatorial
-2.0,-44.2,38,0.5191,1.15,6.47,2.03,0.3071,1.58,0.304075,2.059387,0.08656716417910448,0.4335955056179775,0.260081334898541,0.27373894334209903,0.5518324607329842,0.3903921568627451,-2.0,-44.2,1,0.2721,0.03,35.0,2.0,0.2591,1.58,0.304075,0.0029069767441860465,0.34408194233687406,0.17349445954053005,0.17349445954053005,0.7142857142857143,0.5063513777604064,N_equatorial
-2.0,-44.0,35,0.533,1.06,7.06,2.14,0.2881,1.83,0.292367,1.952203,0.07761194029850746,0.4492134831460674,0.2634127117222874,0.2773920079442432,0.6136125654450261,0.35313725490196085,-2.0,-44.0,1,0.2285,0.03,49.0,2.0,0.2726,1.83,0.292367,0.0029069767441860465,0.28894790085988875,0.1459274388020374,0.1459274388020374,1.0,0.5327340238420949,N_equatorial
-2.0,-43.8,33,0.5367,1.0,7.15,2.24,0.279,1.92,0.283211,1.81853,0.07164179104477612,0.4533707865168538,0.26250628878081494,0.27639805807388873,0.6230366492146596,0.3352941176470589,-2.0,-43.8,1,0.202,0.03,49.0,2.0,0.2909,1.92,0.283211,0.0029069767441860465,0.2554375316135559,0.129172254178871,0.129172254178871,1.0,0.5684971663083838,N_equatorial
-2.0,-43.6,30,0.5109,0.91,7.13,2.33,0.2548,1.99,0.276303,1.653825,0.0626865671641791,0.4243820224719101,0.2435342948180446,0.2555940712407363,0.6209424083769632,0.287843137254902,-2.0,-43.6,1,0.2236,0.03,46.0,2.0,0.328,1.99,0.276303,0.0029069767441860465,0.2827516439049064,0.14282931032454624,0.14282931032454624,0.9387755102040817,0.641000586281024,N_equatorial
-2.0,-43.4,28,0.4501,0.85,6.86,2.18,0.2562,2.09,0.270076,1.510522,0.056716417910447764,0.35606741573033696,0.20639191682039237,0.2148651133709704,0.5926701570680628,0.29058823529411765,-2.0,-43.4,1,0.2253,0.03,41.0,2.0,0.3076,2.09,0.270076,0.0029069767441860465,0.2849013657056146,0.14390417122490032,0.14390417122490032,0.8367346938775511,0.6011334766464724,N_equatorial
-2.0,-43.2,28,0.4771,0.85,7.32,2.32,0.265,2.12,0.264596,1.386831,0.056716417910447764,0.3864044943820224,0.2215604561462351,0.23149837253351477,0.6408376963350785,0.30784313725490203,-2.0,-43.2,1,0.2247,0.03,40.0,2.0,0.2798,2.12,0.264596,0.0029069767441860465,0.2841426403641882,0.14352480855418712,0.14352480855418712,0.8163265306122449,0.5468047684189954,N_equatorial
-2.0,-43.0,33,0.4359,1.0,6.79,2.12,0.263,2.15,0.259102,1.292776,0.07164179104477612,0.34011235955056174,0.20587707529766894,0.21430055720038985,0.5853403141361256,0.303921568627451,-2.0,-43.0,1,0.223,0.03,42.0,2.0,0.2701,2.15,0.259102,0.0029069767441860465,0.28199291856348,0.14244994765383304,0.14244994765383304,0.8571428571428571,0.5278483486417823,N_equatorial
-1.8,-44.4,46,0.4647,1.39,5.78,2.0,0.2862,1.13,0.308835,2.115749,0.11044776119402985,0.3724719101123595,0.24145983565319468,0.2533192960517847,0.4795811518324607,0.3494117647058824,-1.8,-44.4,1,0.2333,0.03,32.0,2.0,0.2239,1.13,0.308835,0.0029069767441860465,0.2950177035913,0.148962340167743,0.148962340167743,0.6530612244897959,0.43756107094000385,N_equatorial
-1.8,-44.2,39,0.5178,1.18,6.87,2.18,0.3033,1.71,0.295949,1.995643,0.08955223880597014,0.43213483146067416,0.26084353513332215,0.2745747439268836,0.5937172774869109,0.3829411764705883,-1.8,-44.2,1,0.2038,0.03,36.0,2.0,0.2469,1.71,0.295949,0.0029069767441860465,0.25771370763783513,0.1303103421910106,0.1303103421910106,0.7346938775510204,0.4825092827828806,N_equatorial
-1.6,-44.6,44,0.5344,1.33,6.09,2.25,0.2952,0.92,0.293217,2.158213,0.1044776119402985,0.4507865168539325,0.2776320643971155,0.2929844241343166,0.5120418848167538,0.3670588235294118,-1.6,-44.6,1,0.1636,0.03,41.0,2.0,0.2143,0.92,0.293217,0.0029069767441860465,0.20687910976226606,0.10489304325322606,0.10489304325322606,0.8367346938775511,0.41880007817080317,N_equatorial
-1.6,-44.4,37,0.5089,1.12,6.84,2.22,0.278,1.2,0.287828,2.055282,0.08358208955223881,0.42213483146067415,0.2528584605064565,0.26581860644734184,0.5905759162303664,0.3333333333333334,-1.6,-44.4,1,0.1823,0.03,41.0,2.0,0.2098,1.2,0.287828,0.0029069767441860465,0.23052604957005565,0.11671651315712085,0.11671651315712085,0.8367346938775511,0.4100058628102403,N_equatorial
-1.6,-44.2,39,0.4843,1.18,6.72,2.13,0.2842,1.72,0.284091,1.910045,0.08955223880597014,0.39449438202247183,0.24202331041422098,0.2539371816326155,0.5780104712041884,0.3454901960784314,-1.6,-44.2,2,0.1179,0.06,27.0,1.5,0.2151,1.72,0.284091,0.005813953488372093,0.14908952959028834,0.07745174153933022,0.07745174153933022,0.5510204081632653,0.42036349423490327,N_equatorial
-1.4,-48.6,76,0.561,2.3,2.91,1.93,0.2969,0.2,0.422303,1.985584,0.2,0.4806741573033708,0.3403370786516854,0.3617444233987385,0.17905759162303667,0.3703921568627451,-1.4,-48.6,1,0.0399,0.03,13.0,1.0,0.0421,0.2,0.422303,0.0029069767441860465,0.05045523520485584,0.026681105974520943,0.026681105974520943,0.2653061224489796,0.08227477037326558,N_equatorial
-1.4,-45.2,38,0.8033,1.15,4.95,2.26,0.4154,0.94,0.26268,2.35151,0.08656716417910448,0.7529213483146067,0.4197442562468556,0.4488193971937697,0.3926701570680628,0.6027450980392157,-1.4,-45.2,0,0.0,0.0,,,,0.94,0.26268,0.0,0.0,0.0,0.0,0.0,0.0,N_equatorial
-1.4,-45.0,49,0.9646,1.49,4.8,2.49,0.4585,0.95,0.256038,2.278717,0.11940298507462686,0.9341573033707864,0.5267801442227066,0.5661909928465031,0.37696335078534027,0.6872549019607843,-1.4,-45.0,0,0.0,0.0,,,,0.95,0.256038,0.0,0.0,0.0,0.0,0.0,0.0,N_equatorial
-1.4,-44.8,31,0.7317,0.94,7.16,2.61,0.3529,1.1,0.251337,2.106728,0.06567164179104477,0.6724719101123595,0.36907177595170215,0.39325382960333954,0.6240837696335078,0.4801960784313726,-1.4,-44.8,1,0.1169,0.03,40.0,2.0,0.1832,1.1,0.251337,0.0029069767441860465,0.14782498735457766,0.07536598204938186,0.07536598204938186,0.8163265306122449,0.3580222786789134,N_equatorial
-1.4,-44.6,26,0.61,0.79,9.27,2.77,0.3037,1.14,0.25635,2.091567,0.050746268656716415,0.5357303370786516,0.293238302867684,0.3100976479891134,0.8450261780104712,0.3837254901960785,-1.4,-44.6,1,0.0795,0.03,46.0,2.0,0.1911,1.14,0.25635,0.0029069767441860465,0.1005311077389985,0.051719042241592274,0.051719042241592274,0.9387755102040817,0.37346101231190143,N_equatorial
-1.4,-44.4,35,0.5196,1.06,7.31,2.43,0.2733,1.51,0.265953,1.9605,0.07761194029850746,0.4341573033707864,0.25588462183464694,0.26913698302653594,0.6397905759162302,0.3241176470588235,-1.4,-44.4,2,0.0834,0.06,26.5,1.0,0.1931,1.51,0.265953,0.005813953488372093,0.10546282245827011,0.0556383879733211,0.0556383879733211,0.5408163265306123,0.3773695524721516,N_equatorial
-1.2,-48.6,51,0.3817,1.55,2.49,1.51,0.2706,0.29,0.417965,1.974691,0.1253731343283582,0.27921348314606736,0.2022933087372128,0.2103707313484985,0.13507853403141362,0.31882352941176473,-1.2,-48.6,1,0.0661,0.03,5.0,1.0,0.104,0.29,0.417965,0.0029069767441860465,0.08358624178047548,0.04324660926233077,0.04324660926233077,0.10204081632653061,0.20324408833300758,N_equatorial
-1.2,-45.6,41,0.8025,1.24,4.85,2.22,0.4668,1.04,0.257562,2.697064,0.0955223880597015,0.7520224719101123,0.4237724299849069,0.4532365435186377,0.38219895287958106,0.7035294117647058,-1.2,-45.6,0,0.0,0.0,,,,1.04,0.257562,0.0,0.0,0.0,0.0,0.0,0.0,N_equatorial
-1.2,-45.4,23,0.339,0.7,6.87,1.65,0.2581,1.5,0.256086,2.307049,0.041791044776119404,0.23123595505617975,0.13651349991614958,0.13823902609463212,0.5937172774869109,0.2943137254901961,-1.2,-45.4,1,0.0683,0.03,30.0,1.0,0.1808,1.5,0.256086,0.0029069767441860465,0.08636823469903895,0.0446376057216125,0.0446376057216125,0.6122448979591837,0.3533320304866132,N_equatorial
-1.2,-45.2,25,0.4211,0.76,7.76,2.04,0.2737,1.49,0.25151,2.32466,0.04776119402985075,0.32348314606741563,0.18562217004863318,0.19208977730373852,0.6869109947643978,0.32490196078431377,-1.2,-45.2,1,0.1147,0.03,38.0,2.0,0.2017,1.49,0.25151,0.0029069767441860465,0.14504299443601418,0.07397498559010011,0.07397498559010011,0.7755102040816326,0.3941762751612272,N_equatorial
-1.2,-45.0,25,0.4833,0.76,8.4,2.36,0.2887,1.48,0.24554,2.221353,0.04776119402985075,0.39337078651685387,0.2205659902733523,0.2304078780411556,0.7539267015706805,0.35431372549019613,-1.2,-45.0,1,0.0899,0.03,43.0,1.0,0.2549,1.48,0.24554,0.0029069767441860465,0.11368234699038948,0.05829466186728777,0.05829466186728777,0.8775510204081632,0.49814344342388117,N_equatorial
-1.2,-44.8,26,0.5559,0.79,8.81,2.46,0.3098,1.65,0.241658,2.11262,0.050746268656716415,0.474943820224719,0.2628450444407177,0.2767695250004597,0.7968586387434554,0.395686274509804,-1.2,-44.8,1,0.1207,0.03,44.0,1.0,0.2831,1.65,0.241658,0.0029069767441860465,0.1526302478502782,0.07776861229723213,0.07776861229723213,0.8979591836734694,0.5532538596834082,N_equatorial
-1.2,-44.6,27,0.628,0.82,9.33,2.74,0.3217,1.67,0.244229,1.98493,0.05373134328358209,0.5559550561797753,0.30484319973167867,0.322823148641939,0.8513089005235602,0.41901960784313724,-1.2,-44.6,2,0.0774,0.06,33.5,1.0,0.2214,1.67,0.244229,0.005813953488372093,0.09787556904400607,0.05184476126618908,0.05184476126618908,0.6836734693877551,0.4326753957396912,N_equatorial
-1.0,-48.4,42,0.4784,1.27,2.36,1.57,0.3165,0.54,0.401977,2.034469,0.09850746268656717,0.38786516853932573,0.24318631561294646,0.2552124901156696,0.12146596858638742,0.40882352941176475,-1.0,-48.4,2,0.0747,0.06,2.5,1.5,0.0618,0.54,0.401977,0.005813953488372093,0.09446130500758726,0.050137629247979675,0.050137629247979675,0.05102040816326531,0.12077389095172952,N_equatorial
-1.0,-46.0,26,0.4947,0.79,6.46,2.08,0.3179,1.2,0.252693,2.291331,0.050746268656716415,0.40617977528089877,0.22846302196880758,0.23906747089869246,0.5507853403141361,0.41156862745098044,-1.0,-46.0,1,0.0591,0.03,32.0,1.0,0.1301,1.2,0.252693,0.0029069767441860465,0.07473444613050076,0.038820711437343405,0.038820711437343405,0.6530612244897959,0.254250537424272,N_equatorial
-1.0,-45.8,24,0.36,0.73,7.62,1.92,0.2621,1.41,0.247871,2.338417,0.04477611940298507,0.25483146067415724,0.14980379003857117,0.15281266665440701,0.6722513089005235,0.30215686274509806,-1.0,-45.8,1,0.0561,0.03,29.0,1.0,0.1266,1.41,0.247871,0.0029069767441860465,0.07094081942336875,0.0369238980837774,0.0369238980837774,0.5918367346938775,0.24741059214383423,N_equatorial
-1.0,-45.6,24,0.3129,0.73,7.21,1.75,0.2299,1.56,0.2425,2.30751,0.04477611940298507,0.20191011235955053,0.1233431158812678,0.12379687011530185,0.6293193717277487,0.23901960784313725,-1.0,-45.6,1,0.0445,0.03,26.0,1.0,0.1418,1.56,0.2425,0.0029069767441860465,0.05627212948912494,0.029589553116655492,0.029589553116655492,0.5306122448979592,0.2771154973617354,N_equatorial
-1.0,-45.4,20,0.3939,0.61,8.8,1.85,0.288,1.65,0.2378,2.260437,0.03283582089552239,0.29292134831460664,0.16287858460506452,0.16715000275841774,0.7958115183246073,0.3529411764705882,-1.0,-45.4,0,0.0,0.0,,,,1.65,0.2378,0.0,0.0,0.0,0.0,0.0,0.0,N_equatorial
-1.0,-45.2,21,0.4889,0.64,10.1,2.14,0.3161,1.62,0.23614,2.201829,0.03582089552238806,0.39966292134831455,0.2177419084353513,0.22731109435627722,0.9319371727748691,0.4080392156862745,-1.0,-45.2,1,0.0904,0.03,41.0,1.0,0.2591,1.62,0.23614,0.0029069767441860465,0.11431461810824482,0.05861079742621544,0.05861079742621544,0.8367346938775511,0.5063513777604064,N_equatorial
-1.0,-45.0,26,0.4985,0.79,8.85,2.19,0.3109,1.61,0.236213,2.117339,0.050746268656716415,0.4104494382022471,0.23059785342948175,0.24140844811416168,0.8010471204188481,0.397843137254902,-1.0,-45.0,1,0.1296,0.03,44.0,1.0,0.3043,1.61,0.236213,0.0029069767441860465,0.1638846737481032,0.08339582524614463,0.08339582524614463,0.8979591836734694,0.5946843853820598,N_equatorial
-1.0,-44.8,25,0.5919,0.76,9.56,2.56,0.3187,1.62,0.23426,1.995781,0.04776119402985075,0.5153932584269663,0.28157722622840853,0.29731054267272294,0.8753926701570681,0.4131372549019608,-1.0,-44.8,1,0.1504,0.03,46.0,1.0,0.3297,1.62,0.23426,0.0029069767441860465,0.1901871522508852,0.09654706449753563,0.09654706449753563,0.9387755102040817,0.6443228454172366,N_equatorial
-1.0,-44.6,24,0.6458,0.73,10.75,2.96,0.3322,1.63,0.232917,1.867274,0.04477611940298507,0.5759550561797753,0.3103655877913802,0.3288787951231174,1.0,0.43960784313725493,-1.0,-44.6,1,0.2456,0.03,47.0,2.0,0.3324,1.63,0.232917,0.0029069767441860465,0.3105715730905413,0.15673927491736367,0.15673927491736367,0.9591836734693877,0.6495993746335742,N_equatorial
-0.8,-48.4,46,0.4607,1.39,2.24,1.46,0.2924,0.72,0.395466,2.093857,0.11044776119402985,0.3679775280898876,0.23921264464195874,0.25085510950918555,0.10890052356020945,0.3615686274509804,-0.8,-48.4,1,0.158,0.03,4.0,1.0,0.1379,0.72,0.395466,0.0029069767441860465,0.1997976732422863,0.10135232499323618,0.10135232499323618,0.08163265306122448,0.2694938440492476,N_equatorial
-0.8,-48.2,58,0.4927,1.76,2.69,1.64,0.3169,0.61,0.381385,2.140336,0.14626865671641792,0.4039325842696629,0.2751006204930404,0.29020853638353045,0.15602094240837694,0.40960784313725496,-0.8,-48.2,2,0.1009,0.06,6.5,1.0,0.0972,0.61,0.381385,0.005813953488372093,0.12759231158320689,0.0667031325357895,0.0667031325357895,0.1326530612244898,0.1899550517881571,N_equatorial
-0.8,-46.6,24,0.4632,0.73,5.83,2.0,0.3031,1.3,0.265004,2.371893,0.04477611940298507,0.3707865168539325,0.2077813181284588,0.21638867945346546,0.48481675392670154,0.3825490196078431,-0.8,-46.6,1,0.1079,0.03,10.0,1.0,0.103,1.3,0.265004,0.0029069767441860465,0.1364441072331816,0.06967554198868382,0.06967554198868382,0.20408163265306123,0.20128981825288253,N_equatorial
-0.8,-46.4,20,0.4744,0.61,7.15,2.05,0.3259,1.37,0.252666,2.368053,0.03283582089552239,0.3833707865168538,0.2081033037061881,0.21674175692822592,0.6230366492146596,0.42725490196078436,-0.8,-46.4,3,0.0857,0.09,7.67,1.0,0.1502,1.37,0.252666,0.00872093023255814,0.10837126960040466,0.0585460999164814,0.0585460999164814,0.15653061224489795,0.29353136603478597,N_equatorial
-0.8,-46.2,24,0.4021,0.73,6.96,1.96,0.2768,1.23,0.244168,2.349752,0.04477611940298507,0.30213483146067416,0.17345547543182963,0.17874823001526327,0.6031413612565444,0.33098039215686276,-0.8,-46.2,1,0.0202,0.03,31.0,1.0,0.1252,1.23,0.244168,0.0029069767441860465,0.02554375316135559,0.014225364952770818,0.014225364952770818,0.6326530612244898,0.24467461403165916,N_equatorial
-0.8,-46.0,25,0.3789,0.76,6.96,1.84,0.269,1.41,0.239387,2.308008,0.04776119402985075,0.27606741573033705,0.1619143048800939,0.16609260927931738,0.6031413612565444,0.31568627450980397,-0.8,-46.0,1,0.0477,0.03,30.0,1.0,0.1127,1.41,0.239387,0.0029069767441860465,0.06031866464339909,0.03161282069379257,0.03161282069379257,0.6122448979591837,0.22024623803009574,N_equatorial
-0.8,-45.8,25,0.3305,0.76,6.32,1.64,0.2526,1.54,0.234074,2.258378,0.04776119402985075,0.22168539325842693,0.13472329364413885,0.1362759521138675,0.5361256544502617,0.28352941176470586,-0.8,-45.8,2,0.0257,0.06,15.0,1.0,0.0539,1.54,0.234074,0.005813953488372093,0.03249873545776429,0.019156344473068194,0.019156344473068194,0.30612244897959184,0.10533515731874145,N_equatorial
-0.8,-45.6,24,0.2802,0.73,6.33,1.46,0.2433,1.6,0.230229,2.191007,0.04477611940298507,0.16516853932584266,0.10497232936441386,0.10365214512955367,0.5371727748691099,0.2652941176470588,-0.8,-45.6,0,0.0,0.0,,,,1.6,0.230229,0.0,0.0,0.0,0.0,0.0,0.0,N_equatorial
-0.8,-45.4,20,0.3237,0.61,7.9,1.6,0.2761,1.6,0.228322,2.126663,0.03283582089552239,0.21404494382022465,0.12344038235787352,0.1239035289358024,0.7015706806282722,0.32960784313725494,-0.8,-45.4,0,0.0,0.0,,,,1.6,0.228322,0.0,0.0,0.0,0.0,0.0,0.0,N_equatorial
-0.6,-48.4,46,0.4752,1.39,1.96,1.48,0.3428,0.91,0.384833,2.153095,0.11044776119402985,0.38426966292134823,0.24735871205768906,0.2597877857261075,0.07958115183246073,0.4603921568627451,-0.6,-48.4,0,0.0,0.0,,,,0.91,0.384833,0.0,0.0,0.0,0.0,0.0,0.0,N_equatorial
-0.6,-48.2,49,0.5441,1.49,2.84,1.88,0.3282,0.938,0.369094,2.145264,0.11940298507462686,0.46168539325842695,0.2905441891665269,0.30714338255576606,0.17172774869109944,0.43176470588235294,-0.6,-48.2,2,0.1085,0.06,6.5,1.0,0.1012,0.938,0.369094,0.005813953488372093,0.137202832574608,0.07150839303149005,0.07150839303149005,0.1326530612244898,0.1977721321086574,N_equatorial
-0.6,-48.0,42,0.649,1.27,4.21,2.12,0.3473,0.78,0.348338,2.238664,0.09850746268656717,0.5795505617977528,0.33902901224216,0.36031004615752404,0.3151832460732984,0.4692156862745098,-0.6,-48.0,1,0.1057,0.03,3.0,2.0,0.09,0.78,0.348338,0.0029069767441860465,0.1336621143146181,0.06828454552940208,0.06828454552940208,0.061224489795918366,0.17588430721125659,N_equatorial
-0.6,-47.2,24,0.5348,0.73,5.42,2.12,0.3049,1.13,0.281838,2.303891,0.04477611940298507,0.4512359550561798,0.24800603722958245,0.2604976185659906,0.44188481675392666,0.38607843137254905,-0.6,-47.2,2,0.1251,0.06,14.5,2.0,0.171,1.13,0.281838,0.005813953488372093,0.15819423368740515,0.08200409358788863,0.08200409358788863,0.29591836734693877,0.3341801837013875,N_equatorial
-0.6,-47.0,23,0.6449,0.7,6.0,2.57,0.3546,1.49,0.268123,2.316853,0.041791044776119404,0.574943820224719,0.3083674325004192,0.32668769193990327,0.5026178010471204,0.48352941176470593,-0.6,-47.0,4,0.1348,0.12,12.0,1.5,0.2021,1.49,0.268123,0.011627906976744186,0.1704602933737987,0.09104410017527144,0.09104410017527144,0.24489795918367346,0.3949579831932773,N_equatorial
-0.6,-46.8,21,0.6168,0.64,6.95,2.57,0.3443,1.54,0.25583,2.333717,0.03582089552238806,0.5433707865168539,0.289595841019621,0.3061034590558856,0.6020942408376962,0.4633333333333333,-0.6,-46.8,3,0.1246,0.09,9.0,1.0,0.2094,1.54,0.25583,0.00872093023255814,0.15756196256954982,0.08314144640105398,0.08314144640105398,0.1836734693877551,0.4092241547781903,N_equatorial
-0.6,-46.6,23,0.4478,0.7,6.61,2.0,0.3028,1.52,0.247269,2.321267,0.041791044776119404,0.35348314606741565,0.19763709542176752,0.20526490005332937,0.5664921465968586,0.38196078431372554,-0.6,-46.6,3,0.1083,0.09,7.67,1.0,0.1734,1.52,0.247269,0.00872093023255814,0.13694992412746587,0.072835427180012,0.072835427180012,0.15653061224489795,0.33887043189368765,N_equatorial
-0.6,-46.4,22,0.4124,0.67,7.55,1.91,0.2991,1.54,0.23987,2.293634,0.03880597014925373,0.31370786516853927,0.1762569176588965,0.1818201879401975,0.6649214659685863,0.37470588235294117,-0.6,-46.4,4,0.0542,0.12,10.75,1.0,0.1271,1.54,0.23987,0.011627906976744186,0.06853818917551846,0.04008304807613132,0.04008304807613132,0.2193877551020408,0.24838772718389676,N_equatorial
-0.6,-46.2,25,0.3682,0.76,7.28,1.92,0.2632,1.51,0.234561,2.247503,0.04776119402985075,0.2640449438202247,0.15590306892503772,0.15950091027786462,0.6366492146596858,0.3043137254901961,-0.6,-46.2,1,0.0514,0.03,27.0,1.0,0.1381,1.51,0.234561,0.0029069767441860465,0.06499747091552859,0.03395222382985732,0.03395222382985732,0.5510204081632653,0.2698846980652726,N_equatorial
-0.6,-46.0,27,0.3506,0.82,6.7,1.67,0.2624,1.51,0.230952,2.189546,0.05373134328358209,0.2442696629213483,0.1490005031024652,0.1519318119126869,0.5759162303664921,0.30274509803921573,-0.6,-46.0,1,0.0596,0.03,28.0,1.0,0.117,1.51,0.230952,0.0029069767441860465,0.0753667172483561,0.039136846996271075,0.039136846996271075,0.5714285714285714,0.22864959937463356,N_equatorial
-0.4,-48.2,40,0.5234,1.21,2.98,1.85,0.3036,1.08,0.353369,2.056935,0.09253731343283582,0.43842696629213473,0.26548213986248526,0.2796612662976516,0.1863874345549738,0.38352941176470584,-0.4,-48.2,1,0.0749,0.03,2.0,1.0,0.0622,1.08,0.353369,0.0029069767441860465,0.09471421345472938,0.04881059509945772,0.04881059509945772,0.04081632653061224,0.12155559898377954,N_equatorial
-0.4,-48.0,35,0.5851,1.06,4.14,2.31,0.3019,1.23,0.331761,2.04614,0.07761194029850746,0.507752808988764,0.2926823746436357,0.3094880376615973,0.30785340314136117,0.3801960784313726,-0.4,-48.0,5,0.0694,0.15,6.4,1.6,0.0952,1.23,0.331761,0.014534883720930232,0.0877592311583207,0.051147057439625464,0.051147057439625464,0.1306122448979592,0.18604651162790697,N_equatorial
-0.4,-47.8,34,0.676,1.03,5.32,2.59,0.3212,1.37,0.314042,2.118183,0.07462686567164178,0.6098876404494382,0.34225725306054,0.3638500156310341,0.431413612565445,0.4180392156862745,-0.4,-47.8,7,0.1205,0.21,9.0,1.29,0.1509,1.37,0.314042,0.020348837209302327,0.15237733940313608,0.08636308830621921,0.08636308830621921,0.1836734693877551,0.29489935509087356,N_equatorial
-0.4,-47.6,31,0.7199,0.94,5.74,2.74,0.3341,1.47,0.296753,2.169742,0.06567164179104477,0.6592134831460673,0.36244256246855605,0.385984479302672,0.47539267015706804,0.44333333333333336,-0.4,-47.6,6,0.1128,0.18,10.67,1.17,0.1626,1.47,0.296753,0.01744186046511628,0.1426403641881639,0.08004111232664009,0.08004111232664009,0.21775510204081633,0.31776431502833685,N_equatorial
-0.4,-47.4,26,0.8201,0.79,7.04,3.04,0.3693,1.57,0.280379,2.199982,0.050746268656716415,0.7717977528089888,0.4112720107328526,0.4395290461391346,0.6115183246073298,0.5123529411764707,-0.4,-47.4,6,0.1328,0.18,12.0,1.67,0.1669,1.57,0.280379,0.01744186046511628,0.16793120890237737,0.09268653468374682,0.09268653468374682,0.24489795918367346,0.3261676763728747,N_equatorial
-0.4,-47.2,27,0.7156,0.82,6.11,2.78,0.3604,1.61,0.266681,2.221999,0.05373134328358209,0.65438202247191,0.35405668287774605,0.3767888339248607,0.5141361256544502,0.49490196078431375,-0.4,-47.2,5,0.1749,0.15,11.6,1.8,0.2052,1.61,0.266681,0.014534883720930232,0.22116843702579667,0.11785166037336345,0.11785166037336345,0.236734693877551,0.401016220441665,N_equatorial
-0.4,-47.0,23,0.6952,0.7,6.17,2.78,0.3842,1.63,0.254573,2.231603,0.041791044776119404,0.6314606741573033,0.33662585946671136,0.3576748377130878,0.5204188481675392,0.5415686274509803,-0.4,-47.0,5,0.151,0.15,10.6,1.4,0.1946,1.63,0.254573,0.014534883720930232,0.1909458775923116,0.10274038065662092,0.10274038065662092,0.21632653061224488,0.38030095759233923,N_equatorial
-0.4,-46.8,24,0.5627,0.73,5.71,2.42,0.3383,1.6,0.244735,2.232091,0.04477611940298507,0.4825842696629213,0.26368019453295316,0.2776853197006197,0.4722513089005235,0.4515686274509804,-0.4,-46.8,4,0.1345,0.12,8.0,1.25,0.1841,1.6,0.244735,0.011627906976744186,0.1700809307030855,0.09085441883991484,0.09085441883991484,0.16326530612244897,0.359781121751026,N_equatorial
-0.4,-46.6,23,0.4738,0.7,6.7,2.04,0.3149,1.53,0.238528,2.210888,0.041791044776119404,0.38269662921348313,0.21224383699480126,0.22128211258022398,0.5759162303664921,0.405686274509804,-0.4,-46.6,3,0.1116,0.09,9.33,1.33,0.1738,1.53,0.238528,0.00872093023255814,0.1411229135053111,0.07492192186893461,0.07492192186893461,0.19040816326530613,0.33965213992573773,N_equatorial
-0.2,-49.6,74,0.3334,2.24,2.43,1.59,0.2075,0.31,0.476692,1.819501,0.19402985074626866,0.22494382022471904,0.20948683548549385,0.2182588867025874,0.12879581151832462,0.19509803921568625,-0.2,-49.6,3,0.1859,0.09,8.67,2.0,0.1291,0.31,0.476692,0.00872093023255814,0.2350784016186141,0.12189966592558611,0.12189966592558611,0.1769387755102041,0.25229626734414695,N_equatorial
-0.2,-48.4,41,0.5569,1.24,3.49,2.12,0.3153,0.85,0.364241,1.980093,0.0955223880597015,0.47606741573033695,0.2857949018950192,0.3019354898030489,0.23979057591623035,0.4064705882352942,-0.2,-48.4,4,0.0794,0.12,7.0,1.0,0.1092,0.85,0.364241,0.011627906976744186,0.10040465351542742,0.056016280246085806,0.056016280246085806,0.14285714285714285,0.213406292749658,N_equatorial
-0.2,-48.2,35,0.7133,1.06,4.43,2.66,0.3342,1.0,0.342301,1.938727,0.07761194029850746,0.6517977528089888,0.36470484655374813,0.3884652163519006,0.33821989528795804,0.4435294117647059,-0.2,-48.2,6,0.0917,0.18,6.67,1.5,0.072,1.0,0.342301,0.01744186046511628,0.1159585230146687,0.06670019173989249,0.06670019173989249,0.13612244897959183,0.14070744576900526,N_equatorial
-0.2,-48.0,34,0.5932,1.03,4.56,2.24,0.3202,1.37,0.319333,2.048289,0.07462686567164178,0.5168539325842696,0.2957403991279557,0.3128413541992313,0.3518324607329842,0.416078431372549,-0.2,-48.0,6,0.1233,0.18,6.5,1.5,0.1066,1.37,0.319333,0.01744186046511628,0.15591805766312597,0.08667995906412113,0.08667995906412113,0.1326530612244898,0.2083251905413328,N_equatorial
-0.2,-47.8,35,0.65,1.06,5.0,2.43,0.3169,1.54,0.300208,2.083714,0.07761194029850746,0.5806741573033708,0.32914304880093914,0.3494694643152688,0.39790575916230364,0.40960784313725496,-0.2,-47.8,7,0.0995,0.21,9.29,1.29,0.1407,1.54,0.300208,0.020348837209302327,0.12582195245321195,0.07308539483125714,0.07308539483125714,0.18959183673469385,0.2749658002735978,N_equatorial
-0.2,-47.6,31,0.6909,0.94,5.42,2.58,0.3439,1.6,0.283073,2.106833,0.06567164179104477,0.6266292134831459,0.34615042763709536,0.36811912686882803,0.44188481675392666,0.4625490196078431,-0.2,-47.6,7,0.0998,0.21,9.57,1.29,0.1532,1.6,0.283073,0.020348837209302327,0.12620131512392516,0.07327507616661375,0.07327507616661375,0.1953061224489796,0.2993941762751612,N_equatorial
-0.2,-47.4,28,0.7447,0.85,6.46,2.82,0.3466,1.68,0.268252,2.125385,0.056716417910447764,0.6870786516853932,0.3718975347979205,0.39635245223339893,0.5507853403141361,0.467843137254902,-0.2,-47.4,6,0.1464,0.18,12.17,1.83,0.1776,1.68,0.268252,0.01744186046511628,0.1851289833080425,0.1012854218865794,0.1012854218865794,0.24836734693877552,0.347078366230213,N_equatorial
-0.2,-47.2,27,0.7314,0.82,5.67,2.78,0.3607,1.72,0.256556,2.126154,0.05373134328358209,0.6721348314606741,0.3629330873721281,0.3865223707681274,0.4680628272251308,0.4954901960784314,-0.2,-47.2,5,0.18,0.15,11.8,1.8,0.1944,1.72,0.256556,0.014534883720930232,0.2276176024279211,0.12107624307442566,0.12107624307442566,0.24081632653061225,0.3799101035763142,N_equatorial
-0.0,-50.4,158,0.3269,4.79,2.73,1.96,0.1779,0.24,0.532853,1.591697,0.44477611940298506,0.21764044943820224,0.33120828442059363,0.3517341253057246,0.16020942408376962,0.13705882352941176,-0.0,-50.4,9,0.1093,0.27,9.0,1.33,0.0929,0.24,0.532853,0.02616279069767442,0.13821446636317652,0.08218862853042547,0.08218862853042547,0.1836734693877551,0.1815516904436193,AP
-0.0,-50.2,124,0.3035,3.76,2.19,1.8,0.1723,0.21,0.517411,1.44763,0.34328358208955223,0.1913483146067415,0.26731594834814687,0.2816721528531234,0.10366492146596858,0.12607843137254904,-0.0,-50.2,7,0.1246,0.21,5.0,1.57,0.0896,0.21,0.517411,0.020348837209302327,0.15756196256954982,0.08895539988942608,0.08895539988942608,0.10204081632653061,0.17510259917920654,AP
-0.0,-50.0,115,0.2776,3.49,1.99,1.55,0.1796,0.24,0.500809,1.418273,0.3164179104477612,0.16224719101123594,0.23933255072949855,0.2509865940896302,0.08272251308900523,0.14039215686274512,-0.0,-50.0,7,0.0733,0.21,4.71,1.43,0.0576,0.24,0.500809,0.020348837209302327,0.09269094587759233,0.05651989154344733,0.05651989154344733,0.09612244897959184,0.1125659566152042,AP
-0.0,-49.2,95,0.4739,2.88,2.76,1.81,0.2732,0.77,0.433487,2.066449,0.25671641791044775,0.3828089887640449,0.3197627033372463,0.3391833244450983,0.1633507853403141,0.32392156862745103,-0.0,-49.2,7,0.0667,0.21,2.14,1.0,0.062,0.77,0.433487,0.020348837209302327,0.08434496712190187,0.0523469021656021,0.0523469021656021,0.043673469387755105,0.12116474496775453,AP
-0.0,-49.0,83,0.4327,2.52,2.82,1.8,0.2594,0.79,0.411084,1.885441,0.2208955223880597,0.33651685393258424,0.278706188160322,0.2941622685227754,0.16963350785340311,0.2968627450980393,-0.0,-49.0,8,0.0859,0.24,3.25,1.12,0.0715,0.79,0.411084,0.023255813953488372,0.1086241780475468,0.06593999600051759,0.06593999600051759,0.0663265306122449,0.1397303107289427,AP
-0.0,-48.8,62,0.483,1.88,3.23,2.02,0.2642,0.82,0.392162,1.802426,0.1582089552238806,0.3930337078651685,0.27562133154452456,0.2907795288622446,0.21256544502617802,0.30627450980392157,-0.0,-48.8,7,0.1006,0.21,5.86,1.29,0.0829,0.82,0.392162,0.020348837209302327,0.12721294891249368,0.07378089306089801,0.07378089306089801,0.11959183673469388,0.16200898964236857,AP
-0.0,-48.6,56,0.5554,1.7,3.82,2.36,0.2842,0.9,0.374585,1.77823,0.14029850746268657,0.4743820224719101,0.3073402649672983,0.32556133801651377,0.2743455497382199,0.3454901960784314,-0.0,-48.6,8,0.0943,0.24,7.0,1.25,0.0844,0.9,0.374585,0.023255813953488372,0.11924633282751644,0.0712510733905024,0.0712510733905024,0.14285714285714285,0.16494039476255618,AP
-0.0,-48.4,42,0.6309,1.27,4.45,2.57,0.3034,1.07,0.353879,1.796789,0.09850746268656717,0.5592134831460673,0.32886047291631726,0.3491596020522628,0.3403141361256544,0.3831372549019608,-0.0,-48.4,6,0.124,0.18,10.83,1.5,0.1338,1.07,0.353879,0.01744186046511628,0.15680323722812342,0.08712254884661985,0.08712254884661985,0.22102040816326532,0.2614813367207348,AP
-0.0,-48.2,38,0.7514,1.15,5.08,2.79,0.3381,1.35,0.329955,1.827063,0.08656716417910448,0.6946067415730336,0.39058695287606904,0.4168465768035455,0.40628272251308895,0.45117647058823535,-0.0,-48.2,11,0.1154,0.33,7.27,1.55,0.1196,1.35,0.329955,0.03197674418604651,0.14592817400101166,0.08895245909352908,0.08895245909352908,0.1483673469387755,0.23373070158295875,AP
0.2,-50.6,117,0.3903,3.55,2.42,1.74,0.2121,0.37,0.54469,2.161073,0.32238805970149254,0.28887640449438196,0.3056322320979372,0.3236883723496202,0.12774869109947642,0.20411764705882354,0.2,-50.6,8,0.0907,0.24,3.5,1.38,0.0742,0.37,0.54469,0.023255813953488372,0.11469398077895802,0.0689748973662232,0.0689748973662232,0.07142857142857142,0.14500683994528044,AP
0.2,-49.6,158,0.5555,4.79,2.01,1.68,0.3371,0.65,0.457478,2.240734,0.44477611940298506,0.47449438202247185,0.4596352507127285,0.49256238621526693,0.08481675392670154,0.44921568627450986,0.2,-49.6,5,0.0988,0.15,3.2,1.2,0.0576,0.65,0.457478,0.014534883720930232,0.12493677288821448,0.06973582830457235,0.06973582830457235,0.0653061224489796,0.1125659566152042,AP
0.2,-49.4,99,0.5517,3.0,2.81,1.96,0.2948,0.94,0.438038,2.375641,0.26865671641791045,0.4702247191011235,0.369440717759517,0.3936583975431692,0.16858638743455498,0.3662745098039216,0.2,-49.4,1,0.082,0.03,2.0,1.0,0.0688,0.94,0.438038,0.0029069767441860465,0.10369246332827517,0.05329972003623061,0.05329972003623061,0.04081632653061224,0.13445378151260504,AP
0.2,-49.2,79,0.5431,2.39,3.06,1.97,0.3027,1.23,0.417197,2.046903,0.208955223880597,0.460561797752809,0.334758510816703,0.35562717225399515,0.19476439790575917,0.381764705882353,0.2,-49.2,2,0.008,0.06,2.0,1.0,0.0145,1.23,0.417197,0.005813953488372093,0.010116337885685382,0.007965145687028738,0.007965145687028738,0.04081632653061224,0.028336916161813563,AP
0.2,-49.0,72,0.5333,2.18,3.25,2.07,0.2895,1.18,0.398755,1.88403,0.1880597014925373,0.44955056179775277,0.318805131645145,0.33813328674672205,0.21465968586387432,0.3558823529411764,0.2,-49.0,6,0.0907,0.18,5.33,1.0,0.1,1.18,0.398755,0.01744186046511628,0.11469398077895802,0.06606792062203715,0.06606792062203715,0.10877551020408163,0.19542700801250731,AP
0.2,-48.8,55,0.5698,1.67,3.67,2.35,0.2921,1.18,0.381519,1.726858,0.1373134328358209,0.4905617977528089,0.3139376152943149,0.33279574835874143,0.2586387434554973,0.36098039215686284,0.2,-48.8,6,0.1323,0.18,7.33,1.67,0.1154,1.18,0.381519,0.01744186046511628,0.167298937784522,0.09237039912481915,0.09237039912481915,0.14959183673469387,0.22552276724643344,AP
0.2,-48.6,52,0.5982,1.58,4.17,2.46,0.2977,1.33,0.363564,1.624536,0.12835820895522387,0.5224719101123595,0.3254150595337917,0.3453814891778076,0.3109947643979057,0.37196078431372553,0.2,-48.6,8,0.1263,0.24,7.5,1.25,0.1374,1.33,0.363564,0.023255813953488372,0.15971168437025798,0.09148374916187318,0.09148374916187318,0.15306122448979592,0.26851670900918506,AP
0.4,-50.0,177,0.3188,5.36,1.95,1.71,0.1973,0.59,0.489395,2.706483,0.5014925373134328,0.20853932584269655,0.35501593157806466,0.3778407105684179,0.07853403141361257,0.17509803921568629,0.4,-50.0,3,0.1337,0.09,4.33,1.33,0.1063,0.59,0.489395,0.00872093023255814,0.16906929691451697,0.08889511357353755,0.08889511357353755,0.08836734693877552,0.2077389095172953,AP
0.4,-49.8,141,0.5585,4.27,2.28,1.67,0.3464,0.71,0.4717,2.650299,0.3940298507462687,0.4778651685393258,0.43594750964279727,0.4665872855330183,0.11308900523560207,0.4674509803921569,0.4,-49.8,3,0.1064,0.09,5.33,1.67,0.0538,0.71,0.4717,0.00872093023255814,0.1345472938796156,0.07163411205608686,0.07163411205608686,0.10877551020408163,0.10513973031072893,AP
0.4,-49.6,102,0.5724,3.09,2.64,1.81,0.3283,0.91,0.447104,2.932899,0.27761194029850744,0.4934831460674157,0.3855475431829616,0.41132054653450784,0.15078534031413612,0.4319607843137255,0.4,-49.6,3,0.1681,0.09,1.67,1.0,0.1767,0.91,0.447104,0.00872093023255814,0.2125695498229641,0.11064524002776112,0.11064524002776112,0.034081632653061224,0.34531952315810044,AP
0.4,-49.4,79,0.5758,2.39,3.06,1.97,0.3235,1.36,0.422996,2.322104,0.208955223880597,0.49730337078651676,0.3531292973335569,0.3757718972397433,0.19476439790575917,0.4225490196078432,0.4,-49.4,2,0.2778,0.06,1.0,1.0,0.2471,1.36,0.422996,0.005813953488372093,0.3512898330804249,0.1785518932843985,0.1785518932843985,0.02040816326530612,0.48290013679890553,AP
0.4,-49.2,71,0.6131,2.15,3.49,2.2,0.3275,1.41,0.404161,1.993445,0.18507462686567164,0.5392134831460673,0.3621440550058695,0.3856571470604461,0.23979057591623035,0.4303921568627451,0.4,-49.2,1,0.388,0.03,1.0,1.0,0.3419,1.41,0.404161,0.0029069767441860465,0.49064238745574107,0.24677468209996356,0.24677468209996356,0.02040816326530612,0.6681649403947625,AP
0.4,-29.4,22,0.341,0.67,4.91,2.14,0.2145,2.3,0.112547,0.974593,0.03880597014925373,0.23348314606741571,0.13614455810833473,0.13783445815480241,0.38848167539267014,0.20882352941176469,0.4,-29.4,0,0.0,0.0,,,,2.3,0.112547,0.0,0.0,0.0,0.0,0.0,0.0,AP
0.6,-50.4,143,0.3817,4.33,2.34,1.66,0.2232,0.37,0.523436,2.450685,0.4,0.27921348314606736,0.3396067415730337,0.3609435627723938,0.11937172774869108,0.22588235294117648,0.6,-50.4,4,0.0927,0.12,6.0,1.25,0.0751,0.37,0.523436,0.011627906976744186,0.11722306525037937,0.06442548611356178,0.06442548611356178,0.12244897959183673,0.14676568301739298,AP
0.6,-50.2,104,0.4078,3.15,2.12,1.55,0.2541,0.62,0.505011,2.707793,0.2835820895522388,0.30853932584269655,0.2960607076974677,0.3131925927288107,0.09633507853403142,0.28647058823529414,0.6,-50.2,6,0.0425,0.18,4.5,1.33,0.0449,0.62,0.505011,0.01744186046511628,0.0537430450177036,0.03559245274140994,0.03559245274140994,0.09183673469387756,0.08774672659761579,AP
0.6,-50.0,127,0.4403,3.85,2.2,1.57,0.2856,1.03,0.482803,2.741855,0.3522388059701492,0.3450561797752809,0.34864749287271507,0.3708573162434028,0.10471204188481677,0.34823529411764714,0.6,-50.0,2,0.0959,0.06,9.5,1.5,0.1296,1.03,0.482803,0.005813953488372093,0.12126960040465352,0.0635417769465128,0.0635417769465128,0.19387755102040816,0.2532734023842095,AP
0.6,-49.8,112,0.4845,3.39,2.39,1.63,0.312,1.19,0.460312,2.822521,0.3074626865671642,0.3947191011235954,0.3510908938453798,0.3735366593721841,0.12460732984293195,0.4,0.6,-49.8,4,0.153,0.12,4.5,1.0,0.1752,1.19,0.460312,0.011627906976744186,0.19347496206373294,0.10255143452023856,0.10255143452023856,0.09183673469387756,0.3423881180379128,AP
0.6,-49.6,73,0.5697,2.21,2.82,1.86,0.3424,1.31,0.43382,2.774897,0.191044776119403,0.4904494382022471,0.34074710716082507,0.36219404549550377,0.16963350785340311,0.4596078431372549,0.6,-49.6,1,0.0406,0.03,1.0,1.0,0.0395,1.31,0.43382,0.0029069767441860465,0.051340414769853314,0.02712369575701968,0.02712369575701968,0.02040816326530612,0.07719366816494039,AP
0.6,-49.4,72,0.6187,2.18,3.24,2.11,0.3318,1.42,0.41093,2.212441,0.1880597014925373,0.5455056179775281,0.36678265973503266,0.39074366943121425,0.21361256544502616,0.4388235294117647,0.6,-49.4,2,0.3401,0.06,2.0,1.0,0.3251,1.42,0.41093,0.005813953488372093,0.43007081436519984,0.21794238392678597,0.21794238392678597,0.04081632653061224,0.6353332030486613,AP
0.6,-49.2,65,0.5908,1.97,3.45,2.18,0.3074,1.47,0.394217,1.885744,0.16716417910447762,0.5141573033707865,0.340660741237632,0.36209933981868,0.23560209424083767,0.39098039215686275,0.6,-49.2,4,0.1934,0.12,4.25,1.25,0.183,1.47,0.394217,0.011627906976744186,0.2445624683864441,0.12809518768159414,0.12809518768159414,0.08673469387755102,0.3576314246628884,AP
0.6,-29.8,23,0.3437,0.7,5.04,2.09,0.2237,2.29,0.117714,0.981688,0.041791044776119404,0.23651685393258423,0.13915394935435182,0.14113444528218613,0.4020942408376963,0.22686274509803922,0.6,-29.8,0,0.0,0.0,,,,2.29,0.117714,0.0,0.0,0.0,0.0,0.0,0.0,AP
0.6,-29.6,24,0.3448,0.73,4.71,2.08,0.2185,2.29,0.116632,0.977485,0.04477611940298507,0.237752808988764,0.14126446419587455,0.1434487577925302,0.36753926701570677,0.21666666666666667,0.6,-29.6,0,0.0,0.0,,,,2.29,0.116632,0.0,0.0,0.0,0.0,0.0,0.0,AP
0.6,-29.4,23,0.3382,0.7,4.91,2.17,0.2136,2.29,0.115492,0.972691,0.041791044776119404,0.23033707865168535,0.13606406171390237,0.13774618878611228,0.38848167539267014,0.2070588235294118,0.6,-29.4,0,0.0,0.0,,,,2.29,0.115492,0.0,0.0,0.0,0.0,0.0,0.0,AP
0.6,-29.2,25,0.3129,0.76,4.72,2.0,0.2087,2.29,0.114586,0.967305,0.04776119402985075,0.20191011235955053,0.12483565319470064,0.12543353132643115,0.3685863874345549,0.19745098039215686,0.6,-29.2,0,0.0,0.0,,,,2.29,0.114586,0.0,0.0,0.0,0.0,0.0,0.0,AP
0.6,-29.0,28,0.2936,0.85,4.46,1.89,0.1991,2.29,0.113395,0.961858,0.056716417910447764,0.1802247191011236,0.11847056850578568,0.11845381489177809,0.34136125654450256,0.17862745098039215,0.6,-29.0,0,0.0,0.0,,,,2.29,0.113395,0.0,0.0,0.0,0.0,0.0,0.0,AP
0.8,-50.2,119,0.4265,3.61,2.34,1.58,0.2596,0.51,0.500019,2.668332,0.3283582089552239,0.3295505617977528,0.32895438537648836,0.3492625829824013,0.11937172774869108,0.29725490196078436,0.8,-50.2,5,0.0598,0.15,6.4,1.4,0.0681,0.51,0.500019,0.014534883720930232,0.07561962569549824,0.045077254708214234,0.045077254708214234,0.1306122448979592,0.13308579245651747,AP
0.8,-50.0,109,0.4145,3.3,2.36,1.59,0.2555,0.73,0.476992,2.687402,0.29850746268656714,0.31606741573033703,0.3072874392084521,0.32550341124331084,0.12146596858638742,0.28921568627450983,0.8,-50.0,2,0.0657,0.06,10.5,1.0,0.1016,0.73,0.476992,0.005813953488372093,0.0830804248861912,0.04444718918728165,0.04444718918728165,0.21428571428571427,0.19855384014070743,AP
0.8,-49.8,86,0.4188,2.61,2.36,1.6,0.2759,1.16,0.45028,2.518836,0.2298507462686567,0.32089887640449427,0.2753748113365755,0.29050920392063107,0.12146596858638742,0.3292156862745098,0.8,-49.8,1,0.0677,0.03,3.0,1.0,0.0712,1.16,0.45028,0.0029069767441860465,0.08560950935761255,0.0442582430508993,0.0442582430508993,0.061224489795918366,0.1391440297049052,AP
0.8,-49.6,71,0.4868,2.15,2.99,1.97,0.2642,1.31,0.421679,2.269683,0.18507462686567164,0.39730337078651684,0.2911889988260942,0.3078504569778775,0.187434554973822,0.30627450980392157,0.8,-49.6,2,0.3044,0.06,4.5,1.5,0.321,1.31,0.421679,0.005813953488372093,0.3849266565503288,0.19537030501935046,0.19537030501935046,0.09183673469387756,0.6273206957201485,AP
0.8,-49.4,65,0.5452,1.97,3.26,2.14,0.2915,1.42,0.401093,1.970476,0.16716417910447762,0.46292134831460674,0.3150427637095422,0.33400761323304956,0.21570680628272246,0.35980392156862745,0.8,-49.4,3,0.2033,0.09,4.0,1.0,0.2224,1.42,0.401093,0.00872093023255814,0.2570814365199798,0.13290118337626897,0.13290118337626897,0.08163265306122448,0.4346296658198162,AP
0.8,-29.8,25,0.3374,0.76,4.56,2.12,0.2166,2.29,0.121381,0.977844,0.04776119402985075,0.22943820224719094,0.13859969813852085,0.14052667389985105,0.3518324607329842,0.21294117647058822,0.8,-29.8,0,0.0,0.0,,,,2.29,0.121381,0.0,0.0,0.0,0.0,0.0,0.0,AP
0.8,-29.6,25,0.3239,0.76,4.68,2.08,0.2088,2.29,0.120277,0.974479,0.04776119402985075,0.2142696629213483,0.13101542847559952,0.13221004431857886,0.36439790575916226,0.19764705882352943,0.8,-29.6,0,0.0,0.0,,,,2.29,0.120277,0.0,0.0,0.0,0.0,0.0,0.0,AP
0.8,-29.4,25,0.3223,0.76,4.76,2.0,0.2093,2.28,0.119205,0.970512,0.04776119402985075,0.21247191011235947,0.13011655207110512,0.13122436970153917,0.37277486910994756,0.1986274509803922,0.8,-29.4,0,0.0,0.0,,,,2.28,0.119205,0.0,0.0,0.0,0.0,0.0,0.0,AP
0.8,-29.2,23,0.3354,0.7,5.09,2.13,0.2154,2.29,0.118424,0.964515,0.041791044776119404,0.22719101123595498,0.13449102800603718,0.13602125820629282,0.40732984293193714,0.21058823529411766,0.8,-29.2,0,0.0,0.0,,,,2.29,0.118424,0.0,0.0,0.0,0.0,0.0,0.0,AP
0.8,-29.0,26,0.3093,0.79,4.73,2.0,0.2066,2.29,0.117313,0.958609,0.050746268656716415,0.19786516853932581,0.12430571859802111,0.12485242464922121,0.36963350785340315,0.19333333333333336,0.8,-29.0,0,0.0,0.0,,,,2.29,0.117313,0.0,0.0,0.0,0.0,0.0,0.0,AP
1.0,-50.0,104,0.4028,3.15,2.28,1.62,0.248,0.57,0.472427,2.617953,0.2835820895522388,0.30292134831460665,0.2932517189334227,0.31011235955056177,0.11308900523560207,0.27450980392156865,1.0,-50.0,2,0.073,0.06,10.0,1.5,0.0821,0.57,0.472427,0.005813953488372093,0.09231158320687911,0.0490627683476256,0.0490627683476256,0.20408163265306123,0.16044557357826852,AP
1.0,-49.8,73,0.3213,2.21,2.55,1.62,0.2032,1.03,0.440062,2.164499,0.191044776119403,0.2113483146067415,0.20119654536307224,0.2091680612000956,0.1413612565445026,0.18666666666666665,1.0,-49.8,5,0.0355,0.15,2.6,1.0,0.0454,1.03,0.440062,0.014534883720930232,0.04489124936772888,0.029713066544329557,0.029713066544329557,0.05306122448979592,0.08872386163767833,AP
1.0,-49.6,59,0.4185,1.79,3.68,2.07,0.2146,1.31,0.411439,1.948816,0.14925373134328357,0.32056179775280896,0.23490776454804627,0.2461345372294452,0.25968586387434556,0.20901960784313728,1.0,-49.6,3,0.0726,0.09,6.67,1.67,0.09,1.31,0.411439,0.00872093023255814,0.09180576631259485,0.050263348272576495,0.050263348272576495,0.13612244897959183,0.17588430721125659,AP
1.0,-29.8,24,0.3079,0.73,4.58,1.96,0.2126,2.288,0.125126,0.971587,0.04477611940298507,0.19629213483146063,0.12053412711722285,0.1207166369370529,0.35392670157068057,0.20509803921568628,1.0,-29.8,0,0.0,0.0,,,,2.288,0.125126,0.0,0.0,0.0,0.0,0.0,0.0,AP
1.0,-29.6,26,0.3125,0.79,4.58,1.96,0.2061,2.28,0.124076,0.966033,0.050746268656716415,0.20146067415730332,0.12610347140700987,0.12682377388330052,0.35392670157068057,0.1923529411764706,1.0,-29.6,0,0.0,0.0,,,,2.28,0.124076,0.0,0.0,0.0,0.0,0.0,0.0,AP
1.0,-29.4,25,0.3187,0.76,4.72,2.04,0.2058,2.28,0.123161,0.960863,0.04776119402985075,0.20842696629213478,0.12809408016099277,0.12900660181319995,0.3685863874345549,0.19176470588235295,1.0,-29.4,0,0.0,0.0,,,,2.28,0.123161,0.0,0.0,0.0,0.0,0.0,0.0,AP
1.0,-29.2,24,0.3297,0.73,5.04,2.08,0.2126,2.28,0.122318,0.957653,0.04477611940298507,0.22078651685393252,0.1327813181284588,0.13414645359421834,0.4020942408376963,0.20509803921568628,1.0,-29.2,0,0.0,0.0,,,,2.28,0.122318,0.0,0.0,0.0,0.0,0.0,0.0,AP
1.0,-29.0,24,0.3363,0.73,5.0,2.12,0.2136,2.28,0.121403,0.953805,0.04477611940298507,0.22820224719101118,0.13648918329699813,0.13821236138950696,0.39790575916230364,0.2070588235294118,1.0,-29.0,0,0.0,0.0,,,,2.28,0.121403,0.0,0.0,0.0,0.0,0.0,0.0,AP
1.2,-49.8,40,0.2196,1.21,3.9,1.6,0.1443,0.93,0.424447,1.873005,0.09253731343283582,0.09707865168539322,0.09480798255911452,0.09250629838724507,0.28272251308900526,0.07117647058823531,1.2,-49.8,2,0.1022,0.06,4.5,2.0,0.0852,0.93,0.424447,0.005813953488372093,0.12923621648963077,0.06752508498900144,0.06752508498900144,0.09183673469387756,0.16650381082665622,AP
1.2,-49.6,45,0.394,1.36,4.53,2.0,0.2151,1.44,0.39967,1.741465,0.10746268656716418,0.2930337078651685,0.20024819721616635,0.20812813770021518,0.3486910994764398,0.21000000000000002,1.2,-49.6,5,0.1618,0.15,6.0,1.0,0.1669,1.44,0.39967,0.014534883720930232,0.20460293373798685,0.10956890872945854,0.10956890872945854,0.12244897959183673,0.3261676763728747,AP
1.2,-29.6,26,0.3077,0.79,4.5,2.0,0.2056,2.28,0.128478,0.962875,0.050746268656716415,0.196067415730337,0.12340684219352671,0.12386675003218152,0.34554973821989526,0.19137254901960785,1.2,-29.6,0,0.0,0.0,,,,2.28,0.128478,0.0,0.0,0.0,0.0,0.0,0.0,AP
1.2,-29.4,26,0.3101,0.79,4.46,2.0,0.1988,2.28,0.127501,0.957874,0.050746268656716415,0.19876404494382016,0.12475515680026829,0.125345261957741,0.34136125654450256,0.1780392156862745,1.2,-29.4,0,0.0,0.0,,,,2.28,0.127501,0.0,0.0,0.0,0.0,0.0,0.0,AP
1.2,-29.2,24,0.3246,0.73,4.92,2.08,0.2113,2.28,0.126649,0.953435,0.04477611940298507,0.21505617977528085,0.12991614958913297,0.1310046157524044,0.3895287958115183,0.2025490196078431,1.2,-29.2,0,0.0,0.0,,,,2.28,0.126649,0.0,0.0,0.0,0.0,0.0,0.0,AP
1.4,-49.8,49,0.451,1.49,4.18,2.08,0.2354,1.36,0.400674,1.897521,0.11940298507462686,0.35707865168539316,0.23824081838001002,0.24978944077677043,0.3120418848167539,0.24980392156862746,1.4,-49.8,3,0.2066,0.09,7.0,1.0,0.2041,1.36,0.400674,0.00872093023255814,0.261254425897825,0.13498767806519157,0.13498767806519157,0.14285714285714285,0.39886652335352746,AP
1.4,-49.6,56,0.553,1.7,4.27,2.32,0.2701,1.56,0.380855,1.718871,0.14029850746268657,0.47168539325842695,0.30599195036055676,0.32408282609095423,0.3214659685863874,0.317843137254902,1.4,-49.6,3,0.2137,0.09,6.33,1.0,0.2118,1.56,0.380855,0.00872093023255814,0.2702326757713708,0.13947680300196447,0.13947680300196447,0.12918367346938775,0.4139144029704905,AP
1.6,-49.8,62,0.7684,1.88,4.4,2.5,0.3375,1.56,0.369454,2.154327,0.1582089552238806,0.7137078651685392,0.4359584101962099,0.466599238676695,0.33507853403141363,0.45000000000000007,1.6,-49.8,4,0.1346,0.12,9.0,1.0,0.1597,1.56,0.369454,0.011627906976744186,0.17020738492665655,0.09091764595170036,0.09091764595170036,0.1836734693877551,0.3120969317959742,AP
1.6,-49.6,65,0.813,1.97,4.23,2.71,0.3426,1.68,0.35726,1.897992,0.16716417910447762,0.7638202247191009,0.4654922019117893,0.4989849022600636,0.3172774869109948,0.4600000000000001,1.6,-49.6,3,0.1379,0.09,8.67,1.0,0.1609,1.68,0.35726,0.00872093023255814,0.17438037430450176,0.09155065226852994,0.09155065226852994,0.1769387755102041,0.31444205589212426,AP
1.8,-50.0,75,0.9557,2.27,4.24,2.6,0.3926,1.57,0.34962,3.574155,0.19701492537313434,0.9241573033707864,0.5605861143719604,0.6032613692785818,0.3183246073298429,0.5580392156862746,1.8,-50.0,1,0.012,0.03,2.0,1.0,0.0098,1.57,0.34962,0.0029069767441860465,0.015174506828528073,0.00904074178635706,0.00904074178635706,0.04081632653061224,0.019151846785225714,AP
1.8,-49.8,74,0.8348,2.24,4.11,2.49,0.3655,1.8,0.342766,2.60935,0.19402985074626866,0.7883146067415729,0.4911722287439208,0.5271446698173927,0.30471204188481676,0.5049019607843137,1.8,-49.8,3,0.0195,0.09,7.0,1.0,0.068,1.8,0.342766,0.00872093023255814,0.02465857359635812,0.01668975191445813,0.01668975191445813,0.14285714285714285,0.132890365448505,AP
1.8,-49.6,68,0.8168,2.06,4.12,2.69,0.3311,1.81,0.335225,2.124809,0.1761194029850746,0.7680898876404493,0.472104645312762,0.5062358631089207,0.3057591623036649,0.4374509803921569,1.8,-49.6,4,0.0825,0.12,9.25,1.0,0.1305,1.81,0.335225,0.011627906976744186,0.10432473444613051,0.05797632071143735,0.05797632071143735,0.18877551020408162,0.255032245456322,AP
2.0,-50.2,58,0.9533,1.76,4.66,2.53,0.4073,1.71,0.345702,4.067557,0.14626865671641792,0.9214606741573033,0.5338646654368606,0.5739596167638242,0.36230366492146593,0.5868627450980393,2.0,-50.2,1,0.0806,0.03,2.0,1.0,0.067,1.71,0.345702,0.0029069767441860465,0.10192210419828024,0.052414540471233145,0.052414540471233145,0.04081632653061224,0.1309360953683799,AP
2.0,-50.0,66,0.9012,2.0,4.45,2.58,0.3895,1.86,0.331736,3.433067,0.1701492537313433,0.8629213483146067,0.516535301022975,0.5549568767355044,0.3403141361256544,0.5519607843137255,2.0,-50.0,2,0.0415,0.06,1.5,1.0,0.0337,1.86,0.331736,0.005813953488372093,0.052478502781992925,0.029146228135182507,0.029146228135182507,0.030612244897959183,0.06585890170021497,AP
2.0,-49.8,62,0.9099,1.88,4.48,2.73,0.3717,1.93,0.321787,2.766639,0.1582089552238806,0.8726966292134831,0.5154527922186819,0.5537698376211405,0.34345549738219894,0.5170588235294117,2.0,-49.8,3,0.0556,0.09,10.33,1.0,0.1109,1.93,0.321787,0.00872093023255814,0.0703085483055134,0.03951473926903577,0.03951473926903577,0.21081632653061225,0.21672855188587062,AP
2.0,-49.6,52,0.8146,1.58,4.75,2.71,0.3309,1.91,0.312864,2.301553,0.12835820895522387,0.7656179775280898,0.44698809324165684,0.47869398113242245,0.3717277486910994,0.43705882352941183,2.0,-49.6,2,0.0617,0.06,7.5,1.0,0.0971,1.91,0.312864,0.005813953488372093,0.07802225594334851,0.0419181047158603,0.0419181047158603,0.15306122448979592,0.1897596247801446,AP
2.2,-50.6,65,0.8498,1.97,4.54,2.57,0.3582,0.91,0.348307,4.332241,0.16716417910447762,0.8051685393258426,0.48616635921516016,0.521655418451976,0.3497382198952879,0.4905882352941177,2.2,-50.6,1,0.0234,0.03,3.0,1.0,0.0138,0.91,0.348307,0.0029069767441860465,0.029590288315629744,0.016248632529907894,0.016248632529907894,0.061224489795918366,0.026968927105726008,AP
2.2,-50.4,52,0.8904,1.58,5.25,2.63,0.3821,1.42,0.338169,4.080478,0.12835820895522387,0.8507865168539325,0.4895723629045782,0.5253903161146766,0.4240837696335078,0.5374509803921569,2.2,-50.4,3,0.0242,0.09,5.67,1.0,0.052,1.42,0.338169,0.00872093023255814,0.030601922104198282,0.01966142616837821,0.01966142616837821,0.11571428571428571,0.10162204416650379,AP
2.2,-50.2,50,0.8985,1.52,5.16,2.58,0.3892,1.89,0.327952,3.660358,0.12238805970149254,0.8598876404494381,0.49113785007546534,0.5271069714411813,0.4146596858638743,0.5513725490196079,2.2,-50.2,2,0.0825,0.06,3.0,1.0,0.1062,1.89,0.327952,0.005813953488372093,0.10432473444613051,0.0550693439672513,0.0550693439672513,0.061224489795918366,0.20754348250928278,AP
2.2,-50.0,48,0.9519,1.45,5.42,2.88,0.3786,1.98,0.314097,3.189866,0.11641791044776119,0.919887640449438,0.5181527754485996,0.5567305393626215,0.44188481675392666,0.5305882352941177,2.2,-50.0,3,0.0804,0.09,7.0,1.0,0.1008,1.98,0.314097,0.00872093023255814,0.1016691957511381,0.05519506299184812,0.05519506299184812,0.14285714285714285,0.19699042407660738,AP
2.4,-50.6,54,0.8845,1.64,4.69,2.46,0.4066,1.69,0.334835,4.132748,0.13432835820895522,0.8441573033707863,0.48924283078987074,0.5250289633866013,0.36544502617801045,0.5854901960784314,2.4,-50.6,2,0.0212,0.06,6.0,1.0,0.0621,1.69,0.334835,0.005813953488372093,0.026808295397066265,0.016311124442719177,0.016311124442719177,0.12244897959183673,0.12136017197576704,AP
2.4,-50.4,49,0.8591,1.49,4.94,2.49,0.4014,1.89,0.323283,3.834614,0.11940298507462686,0.8156179775280897,0.4675104813013583,0.5011980727854503,0.39162303664921466,0.5752941176470588,2.4,-50.4,3,0.0383,0.09,5.33,1.0,0.0844,1.89,0.323283,0.00872093023255814,0.04843196762771877,0.028576448930138457,0.028576448930138457,0.10877551020408163,0.16494039476255618,AP
2.4,-50.2,45,0.8475,1.36,5.47,2.6,0.3673,1.98,0.31012,3.39471,0.10746268656716418,0.8025842696629213,0.45502347811504273,0.48750528696739553,0.44712041884816744,0.5084313725490197,2.4,-50.2,3,0.0862,0.09,5.33,1.0,0.1347,1.98,0.31012,0.00872093023255814,0.10900354071825999,0.058862235475409065,0.058862235475409065,0.10877551020408163,0.2632401797928473,AP
2.6,-50.8,55,0.6752,1.67,4.31,2.15,0.3436,1.22,0.330021,3.767275,0.1373134328358209,0.6089887640449437,0.3731510984403823,0.3977270637562294,0.32565445026178,0.46196078431372556,2.6,-50.8,3,0.0219,0.09,2.33,1.0,0.0239,1.22,0.330021,0.00872093023255814,0.027693474962063733,0.018207202597310936,0.018207202597310936,0.047551020408163266,0.04670705491498925,AP
2.6,-50.6,46,0.8214,1.39,5.11,2.48,0.389,1.75,0.320296,3.710315,0.11044776119402985,0.7732584269662921,0.441853094080161,0.4730631309880653,0.4094240837696335,0.5509803921568628,2.6,-50.6,4,0.038,0.12,4.5,1.0,0.0685,1.75,0.320296,0.011627906976744186,0.048052604957005564,0.029840255966874875,0.029840255966874875,0.09183673469387756,0.13386750048856752,AP
2.6,-50.4,38,0.8824,1.15,5.68,2.76,0.3813,1.94,0.307743,3.419876,0.08656716417910448,0.8417977528089886,0.46418245849404655,0.4975486860736681,0.46910994764397895,0.5358823529411765,2.6,-50.4,2,0.0794,0.06,7.5,1.0,0.1582,1.94,0.307743,0.005813953488372093,0.10040465351542742,0.053109303501899754,0.053109303501899754,0.15306122448979592,0.30916552667578656,AP
2.8,-50.8,42,0.6612,1.27,4.81,2.24,0.3321,1.52,0.316132,3.336776,0.09850746268656717,0.593258426966292,0.3458829448264296,0.3678258151124515,0.3780104712041884,0.4394117647058824,2.8,-50.8,3,0.0389,0.09,2.33,1.0,0.05,1.52,0.316132,0.00872093023255814,0.04919069296914517,0.028955811600851655,0.028955811600851655,0.047551020408163266,0.09771350400625366,AP
2.8,-50.6,41,0.6348,1.24,4.83,1.98,0.3271,1.88,0.305596,3.23076,0.0955223880597015,0.5635955056179776,0.3295589468388395,0.34992552272016775,0.3801047120418848,0.4296078431372549,2.8,-50.6,1,0.0638,0.03,2.0,1.0,0.1306,1.88,0.305596,0.0029069767441860465,0.08067779463834092,0.041792385691263485,0.041792385691263485,0.04081632653061224,0.25522767246433453,AP
3.0,-50.8,30,0.614,0.91,4.97,2.23,0.3021,1.8,0.30256,2.877892,0.0626865671641791,0.5402247191011236,0.30145564313265133,0.3191084793762298,0.39476439790575907,0.3805882352941176,3.0,-50.8,2,0.0554,0.06,2.5,1.0,0.052,1.8,0.30256,0.005813953488372093,0.07005563985837127,0.03793479667337168,0.03793479667337168,0.05102040816326531,0.10162204416650379,AP
3.0,-50.6,33,0.6017,1.0,5.48,2.21,0.2945,1.98,0.290353,2.691555,0.07164179104477612,0.5264044943820224,0.29902314271339925,0.31644108939112525,0.4481675392670157,0.3656862745098039,3.0,-50.6,1,0.0726,0.03,2.0,1.0,0.0694,1.98,0.290353,0.0029069767441860465,0.09180576631259485,0.04735637152839045,0.04735637152839045,0.04081632653061224,0.13562634356068007,AP
3.2,-50.8,28,0.5944,0.85,5.25,2.39,0.3035,1.95,0.288047,2.419473,0.056716417910447764,0.5182022471910113,0.28745933255072953,0.30376064289523536,0.4240837696335078,0.38333333333333336,3.2,-50.8,4,0.1123,0.12,4.5,1.25,0.1431,1.95,0.288047,0.011627906976744186,0.14200809307030857,0.07681800002352637,0.07681800002352637,0.09183673469387756,0.279656048465898,AP
3.2,-50.6,30,0.5642,0.91,5.2,2.2,0.2976,2.07,0.270766,2.212439,0.0626865671641791,0.4842696629213483,0.2734781150427637,0.2884293569208702,0.41884816753926696,0.37176470588235294,3.2,-50.6,4,0.1056,0.12,4.5,1.25,0.1406,2.07,0.270766,0.011627906976744186,0.13353566009104706,0.07258178353389562,0.07258178353389562,0.09183673469387756,0.2747703732655853,AP
3.4,-50.8,31,0.5083,0.94,4.61,2.1,0.2618,2.0,0.270107,1.995645,0.06567164179104477,0.4214606741573033,0.24356615797417405,0.25562901119917614,0.35706806282722514,0.3015686274509804,3.4,-50.8,4,0.0858,0.12,5.0,1.25,0.1425,2.0,0.270107,0.011627906976744186,0.10849772382397573,0.06006281540035996,0.06006281540035996,0.10204081632653061,0.2784834864178229,AP
3.6,-51.0,27,0.5385,0.82,4.89,2.26,0.2579,1.56,0.268062,1.818707,0.05373134328358209,0.4553932584269662,0.25456230085527415,0.26768697475128267,0.38638743455497376,0.29392156862745106,3.6,-51.0,4,0.1106,0.12,5.5,1.5,0.0968,1.56,0.268062,0.011627906976744186,0.1398583712696004,0.07574313912317229,0.07574313912317229,0.11224489795918367,0.18917334375610706,AP
3.6,-50.8,28,0.4902,0.85,4.0,2.04,0.2544,1.99,0.248861,1.700254,0.056716417910447764,0.4011235955056179,0.2289200067080328,0.239568583460527,0.2931937172774869,0.2870588235294118,3.6,-50.8,3,0.0965,0.09,4.0,1.33,0.0974,1.99,0.248861,0.00872093023255814,0.12202832574607993,0.06537462798931903,0.06537462798931903,0.08163265306122448,0.19034590580418212,AP
3.8,-51.0,24,0.5465,0.73,4.46,2.42,0.2661,1.29,0.24792,1.581928,0.04477611940298507,0.46438202247191007,0.2545790709374476,0.2677053642030931,0.34136125654450256,0.31000000000000005,3.8,-51.0,4,0.0969,0.12,5.5,1.5,0.0855,1.29,0.24792,0.011627906976744186,0.12253414264036419,0.06708102480855418,0.06708102480855418,0.11224489795918367,0.16709009185069376,AP
3.8,-50.8,24,0.4879,0.73,3.75,2.08,0.2511,1.9,0.229003,1.485139,0.04477611940298507,0.3985393258426966,0.22165772262284084,0.23160503135401533,0.26701570680628267,0.28058823529411764,3.8,-50.8,1,0.1627,0.03,11.0,3.0,0.1908,1.9,0.229003,0.0029069767441860465,0.20574102175012648,0.10432399924715627,0.10432399924715627,0.22448979591836735,0.37287473128786397,AP
4.0,-51.0,29,0.4913,0.88,3.76,2.28,0.2411,1.46,0.219428,1.408803,0.05970149253731343,0.4023595505617977,0.23103052154955556,0.2418828959708711,0.2680628272251308,0.26098039215686275,4.0,-51.0,2,0.0705,0.06,9.5,1.5,0.1159,1.46,0.219428,0.005813953488372093,0.08915022761760243,0.04748209055298726,0.04748209055298726,0.19387755102040816,0.22649990228649597,AP
4.0,-50.8,19,0.4755,0.58,3.42,2.0,0.2817,2.01,0.207648,1.306864,0.029850746268656716,0.3846067415730336,0.20722874392084514,0.2157827470163114,0.23246073298429315,0.3405882352941177,4.0,-50.8,1,0.0327,0.03,11.0,2.0,0.1671,2.01,0.207648,0.0029069767441860465,0.041350531107739,0.022128753925962523,0.022128753925962523,0.22448979591836735,0.3265585303888997,AP
4.2,-51.2,37,0.4449,1.12,3.0,1.97,0.2579,1.0,0.203554,1.368351,0.08358208955223881,0.3502247191011235,0.21690340432668115,0.22639162176575514,0.18848167539267013,0.29392156862745106,4.2,-51.2,2,0.075,0.06,10.5,1.5,0.0868,1.0,0.203554,0.005813953488372093,0.09484066767830046,0.050327310583336275,0.050327310583336275,0.21428571428571427,0.16963064295485636,AP
4.2,-51.0,22,0.4155,0.67,3.41,2.05,0.2407,1.39,0.192816,1.237265,0.03880597014925373,0.317191011235955,0.17799849069260437,0.18372993251071185,0.23141361256544501,0.2601960784313725,4.2,-51.0,2,0.0727,0.06,9.5,1.5,0.0845,1.39,0.192816,0.005813953488372093,0.09193222053616591,0.048873087012269,0.048873087012269,0.19387755102040816,0.16513582177056868,AP
4.2,-50.8,12,0.5078,0.36,3.5,2.25,0.2404,2.01,0.189117,1.173837,0.008955223880597015,0.42089887640449436,0.21492705014254568,0.22422442486989463,0.2408376963350785,0.25960784313725493,4.2,-50.8,1,0.0687,0.03,12.0,1.0,0.1817,2.01,0.189117,0.0029069767441860465,0.08687405159332322,0.044890514168754635,0.044890514168754635,0.24489795918367346,0.35509087355872576,AP
4.4,-51.6,42,0.4274,1.27,3.48,2.36,0.2279,1.0,0.187723,0.982917,0.09850746268656717,0.330561797752809,0.21453463021968808,0.22379411169753033,0.2387434554973822,0.23509803921568626,4.4,-51.6,3,0.0615,0.09,7.33,1.33,0.0964,1.0,0.187723,0.00872093023255814,0.07776934749620638,0.04324513886438226,0.04324513886438226,0.14959183673469387,0.18839163572405704,AP
4.4,-51.4,31,0.4579,0.94,3.77,2.26,0.2615,1.33,0.177886,1.218334,0.06567164179104477,0.3648314606741572,0.215251551232601,0.22458026076242665,0.26910994764397905,0.3009803921568628,4.4,-51.4,3,0.0945,0.09,8.67,1.33,0.1443,1.33,0.177886,0.00872093023255814,0.11949924127465858,0.06411008575360835,0.06411008575360835,0.1769387755102041,0.2820011725620481,AP
4.4,-51.2,23,0.4564,0.7,3.57,2.39,0.249,1.35,0.182853,1.175965,0.041791044776119404,0.3631460674157302,0.2024685560959248,0.21056290111991754,0.2481675392670157,0.27647058823529413,4.4,-51.2,3,0.0732,0.09,7.33,1.33,0.1088,1.35,0.182853,0.00872093023255814,0.09256449165402125,0.0506427109432897,0.0506427109432897,0.14959183673469387,0.21262458471760795,AP
4.4,-51.0,17,0.3796,0.52,3.12,2.12,0.2388,1.38,0.178509,1.112606,0.023880597014925373,0.2768539325842696,0.1503672647995975,0.15343055223523785,0.20104712041884817,0.2564705882352942,4.4,-51.0,2,0.0844,0.06,9.0,1.5,0.1091,1.38,0.178509,0.005813953488372093,0.1067273646939808,0.05627065909117644,0.05627065909117644,0.1836734693877551,0.2132108657416455,AP
4.6,-51.6,23,0.509,0.7,3.83,2.35,0.2703,1.92,0.172671,1.151823,0.041791044776119404,0.4222471910112359,0.23201911789367766,0.24296695415509664,0.27539267015706803,0.31823529411764706,4.6,-51.6,2,0.1138,0.06,9.5,1.5,0.2028,1.92,0.172671,0.005813953488372093,0.14390490642387457,0.07485942995612334,0.07485942995612334,0.19387755102040816,0.39632597224936483,AP
4.6,-51.4,19,0.5132,0.58,3.53,2.37,0.2725,1.99,0.168977,1.111885,0.029850746268656716,0.4269662921348314,0.22840851920174404,0.23900770518030856,0.24397905759162303,0.3225490196078432,4.6,-51.4,2,0.1143,0.06,8.0,2.0,0.1998,1.99,0.168977,0.005813953488372093,0.1445371775417299,0.075175565515051,0.075175565515051,0.16326530612244897,0.3904631620089896,AP
4.6,-51.2,17,0.3986,0.52,3.18,2.12,0.2373,1.76,0.165823,1.063546,0.023880597014925373,0.2982022471910112,0.1610414221029683,0.1651354383125839,0.20732984293193718,0.25352941176470595,4.6,-51.2,1,0.1261,0.03,11.0,2.0,0.181,1.76,0.165823,0.0029069767441860465,0.15945877592311583,0.08118287633365094,0.08118287633365094,0.22448979591836735,0.3537228845026382,AP
4.6,-51.0,11,0.4783,0.33,3.55,2.18,0.25,2.13,0.176995,1.04425,0.005970149253731343,0.38775280898876396,0.19686147912124766,0.20441438790709646,0.24607329842931933,0.2784313725490196,4.6,-51.0,1,0.1311,0.03,11.0,2.0,0.2107,2.13,0.176995,0.0029069767441860465,0.1657814871016692,0.08434423192292763,0.08434423192292763,0.22448979591836735,0.4117647058823529,AP
4.8,-52.0,33,0.5369,1.0,3.58,2.36,0.293,1.86,0.158574,1.134771,0.07164179104477612,0.4535955056179775,0.2626186483313768,0.2765212674010188,0.24921465968586384,0.3627450980392157,4.8,-52.0,2,0.2036,0.06,10.0,2.5,0.2409,1.86,0.158574,0.005813953488372093,0.257460799190693,0.13163737633953254,0.13163737633953254,0.20408163265306123,0.47078366230213015,AP
4.8,-51.8,22,0.5647,0.67,3.73,2.41,0.3026,2.14,0.151687,1.111602,0.03880597014925373,0.4848314606741572,0.2618187154117055,0.2756440905496607,0.2649214659685864,0.38156862745098036,4.8,-51.8,2,0.1732,0.06,9.5,2.0,0.2481,2.14,0.151687,0.005813953488372093,0.21901871522508853,0.11241633435673032,0.11241633435673032,0.19387755102040816,0.48485440687903064,AP
4.8,-51.6,19,0.4857,0.58,2.95,2.0,0.2802,2.21,0.154736,1.070713,0.029850746268656716,0.39606741573033705,0.21295908099949687,0.22206642269993931,0.18324607329842932,0.33764705882352947,4.8,-51.6,2,0.1428,0.06,7.5,2.0,0.2231,2.21,0.154736,0.005813953488372093,0.1805766312594841,0.0931952923739281,0.0931952923739281,0.15306122448979592,0.4359976548759038,AP
4.8,-51.4,13,0.5281,0.39,3.08,2.08,0.288,2.3,0.159695,1.042542,0.011940298507462687,0.4437078651685393,0.22782408183800099,0.23836683278471468,0.1968586387434555,0.3529411764705882,4.8,-51.4,1,0.1684,0.03,13.0,3.0,0.2627,2.3,0.159695,0.0029069767441860465,0.21294891249367728,0.10792794461893167,0.10792794461893167,0.2653061224489796,0.5133867500488567,AP
5.0,-52.2,34,0.4927,1.03,3.82,2.53,0.2679,1.53,0.143376,1.104383,0.07462686567164178,0.4039325842696629,0.23927972497065234,0.2509286673164273,0.2743455497382199,0.31352941176470595,5.0,-52.2,3,0.1301,0.09,7.67,2.0,0.1557,1.53,0.143376,0.00872093023255814,0.16451694486595853,0.08661893754925833,0.08661893754925833,0.15653061224489795,0.3042798514754739,AP
5.0,-52.0,22,0.544,0.67,3.82,2.59,0.2618,1.92,0.14069,1.076656,0.03880597014925373,0.4615730337078652,0.25018950192855943,0.26289192519171006,0.2743455497382199,0.3015686274509804,5.0,-52.0,2,0.1525,0.06,8.5,2.0,0.216,1.92,0.14069,0.005813953488372093,0.1928426909458776,0.09932832221712486,0.09932832221712486,0.17346938775510204,0.4221223373070158,AP
5.0,-51.8,16,0.5249,0.48,3.25,2.19,0.2739,2.25,0.142095,1.051013,0.020895522388059702,0.44011235955056177,0.23050394096931073,0.24130546718402324,0.21465968586387432,0.3252941176470588,5.0,-51.8,2,0.133,0.06,8.5,2.0,0.2324,2.25,0.142095,0.005813953488372093,0.1681841173495195,0.0869990354189458,0.0869990354189458,0.17346938775510204,0.45417236662106697,AP
5.0,-51.6,13,0.5234,0.39,3.31,2.31,0.251,2.34,0.149284,1.026756,0.011940298507462687,0.43842696629213473,0.22518363239979872,0.23547141359716064,0.22094240837696336,0.2803921568627451,5.0,-51.6,1,0.0753,0.03,13.0,2.0,0.2711,2.34,0.149284,0.0029069767441860465,0.09522003034901368,0.049063503546599864,0.049063503546599864,0.2653061224489796,0.5298026187219074,AP
5.2,-52.6,40,0.4787,1.21,3.7,2.38,0.2562,1.47,0.140088,1.097684,0.09253731343283582,0.3882022471910112,0.24036978031192352,0.252123981684106,0.2617801047120419,0.29058823529411765,5.2,-52.6,4,0.1042,0.12,6.75,1.5,0.1228,1.47,0.140088,0.011627906976744186,0.1317653009610521,0.07169660396889814,0.07169660396889814,0.1377551020408163,0.239984365839359,AP
5.2,-52.4,31,0.4885,0.94,3.48,2.39,0.2764,1.82,0.13213,1.078093,0.06567164179104477,0.3992134831460673,0.23244256246855605,0.24343128781331025,0.2387434554973822,0.33019607843137255,5.2,-52.4,3,0.1485,0.09,6.67,2.0,0.1726,1.82,0.13213,0.00872093023255814,0.18778452200303491,0.09825272611779652,0.09825272611779652,0.13612244897959183,0.3373070158295876,AP
5.2,-52.2,19,0.5395,0.58,3.74,2.53,0.2566,1.92,0.132312,1.052509,0.029850746268656716,0.4565168539325842,0.24318380010062043,0.25520973169789807,0.26596858638743454,0.29137254901960785,5.2,-52.2,2,0.1448,0.06,8.5,2.0,0.2226,1.92,0.132312,0.005813953488372093,0.18310571573090545,0.09445983460963878,0.09445983460963878,0.17346938775510204,0.4350205198358413,AP
5.2,-52.0,16,0.5766,0.48,3.5,2.5,0.2762,2.21,0.141545,1.027735,0.020895522388059702,0.4982022471910112,0.2595488847895355,0.2731550782471175,0.2408376963350785,0.3298039215686275,5.2,-52.0,1,0.1919,0.03,12.0,3.0,0.2695,2.21,0.141545,0.0029069767441860465,0.2426656550328781,0.12278631588853207,0.12278631588853207,0.24489795918367346,0.5266757865937073,AP
5.4,-52.6,28,0.5046,0.85,3.64,2.29,0.2702,1.84,0.118229,1.061178,0.056716417910447764,0.41730337078651686,0.2370098943484823,0.24843965501388404,0.2554973821989529,0.3180392156862745,5.4,-52.6,3,0.1046,0.09,6.33,1.67,0.1817,1.84,0.118229,0.00872093023255814,0.13227111785533638,0.07049602404394725,0.07049602404394725,0.12918367346938775,0.35509087355872576,AP
5.4,-52.4,20,0.522,0.61,3.55,2.35,0.2887,1.94,0.119778,1.034162,0.03283582089552239,0.43685393258426963,0.234844876739896,0.24606557678515606,0.24607329842931933,0.35431372549019613,5.4,-52.4,3,0.0873,0.09,6.33,1.67,0.1751,1.94,0.119778,0.00872093023255814,0.11039453717754175,0.059557733705049944,0.059557733705049944,0.12918367346938775,0.3421926910299003,AP
5.6,-53.4,30,0.4092,0.91,3.33,1.97,0.2302,1.49,0.094597,1.166065,0.0626865671641791,0.31011235955056177,0.18639946335737043,0.19294212839515254,0.22303664921465965,0.2396078431372549,5.6,-53.4,2,0.1167,0.06,9.0,2.0,0.1625,1.49,0.094597,0.005813953488372093,0.1475720789074355,0.07669301619790381,0.07669301619790381,0.1836734693877551,0.3175688880203244,AP
5.6,-53.2,26,0.4439,0.79,3.62,1.96,0.2684,1.92,0.091673,1.143424,0.050746268656716415,0.34910112359550555,0.199923696126111,0.2077723018076831,0.2534031413612565,0.3145098039215687,5.6,-53.2,2,0.127,0.06,9.0,2.0,0.1955,1.92,0.091673,0.005813953488372093,0.16059686393525546,0.08320540871181378,0.08320540871181378,0.1836734693877551,0.38205980066445183,AP
5.6,-53.0,21,0.4,0.64,3.33,1.81,0.2829,1.98,0.093497,1.09826,0.03582089552238806,0.2997752808988764,0.16779808821063222,0.1725445484470108,0.22303664921465965,0.34294117647058825,5.6,-53.0,2,0.0968,0.06,8.5,1.5,0.2021,1.98,0.093497,0.005813953488372093,0.12240768841679313,0.06411082095258261,0.06411082095258261,0.17346938775510204,0.3949579831932773,AP
5.6,-52.8,19,0.4651,0.58,3.42,2.0,0.2826,2.0,0.09496,1.051132,0.029850746268656716,0.37292134831460666,0.20138604729163168,0.20937586200555358,0.23246073298429315,0.34235294117647064,5.6,-52.8,2,0.0854,0.06,7.5,1.5,0.1676,2.0,0.09496,0.005813953488372093,0.10799190692969146,0.056902930209031775,0.056902930209031775,0.15306122448979592,0.32753566542896223,AP
5.6,-52.6,15,0.5061,0.45,3.67,2.2,0.2876,1.94,0.112881,1.021377,0.01791044776119403,0.4189887640449438,0.21844960590306892,0.22808712922267788,0.2586387434554973,0.3521568627450981,5.6,-52.6,2,0.0875,0.06,7.0,1.5,0.1571,1.94,0.112881,0.005813953488372093,0.11064744562468387,0.05823069955652798,0.05823069955652798,0.14285714285714285,0.30701582958764895,AP
5.8,-53.6,27,0.3346,0.82,3.0,1.74,0.2288,1.7,0.083201,1.144314,0.05373134328358209,0.22629213483146063,0.14001173905752134,0.1420750657422902,0.18848167539267013,0.23686274509803923,5.8,-53.6,1,0.1043,0.03,12.0,2.0,0.1787,1.7,0.083201,0.0029069767441860465,0.13189175518462318,0.06739936596440461,0.06739936596440461,0.24489795918367346,0.34922806331835055,AP
5.8,-53.4,22,0.3332,0.67,3.0,1.68,0.2186,1.54,0.082163,1.115909,0.03880597014925373,0.22471910112359544,0.1317625356364246,0.13302929439673403,0.18848167539267013,0.21686274509803918,5.8,-53.4,1,0.0882,0.03,12.0,2.0,0.1813,1.54,0.082163,0.0029069767441860465,0.11153262518968135,0.0572198009669337,0.0572198009669337,0.24489795918367346,0.35430916552667574,AP
5.8,-53.2,15,0.4827,0.45,3.93,2.13,0.2733,2.12,0.083467,1.081541,0.01791044776119403,0.39269662921348314,0.2053035384873386,0.21367163794847277,0.2858638743455498,0.3241176470588235,5.8,-53.2,2,0.0853,0.06,8.5,1.5,0.1891,2.12,0.083467,0.005813953488372093,0.1078654527061204,0.056839703097246244,0.056839703097246244,0.17346938775510204,0.3695524721516513,AP
5.8,-53.0,16,0.477,0.48,3.81,2.12,0.2804,2.14,0.089114,1.046892,0.020895522388059702,0.38629213483146063,0.20359382860976016,0.21179683333639823,0.27329842931937176,0.3380392156862745,5.8,-53.0,2,0.0754,0.06,8.5,1.5,0.191,2.14,0.089114,0.005813953488372093,0.09534648457258472,0.05058021903047841,0.05058021903047841,0.17346938775510204,0.373265585303889,AP
5.8,-52.8,10,0.6169,0.3,5.1,2.6,0.327,2.12,0.097792,1.012594,0.0029850746268656717,0.5434831460674157,0.2732341103471407,0.2881617903970283,0.40837696335078527,0.4294117647058824,5.8,-52.8,3,0.0329,0.09,5.67,1.0,0.1381,2.12,0.097792,0.00872093023255814,0.04160343955488113,0.025162184893719637,0.025162184893719637,0.11571428571428571,0.2698846980652726,AP
6.0,-54.2,19,0.3163,0.58,2.74,1.63,0.1955,1.94,0.068361,1.130142,0.029850746268656716,0.20573033707865168,0.1177905416736542,0.11770812262086469,0.1612565445026178,0.1715686274509804,6.0,-54.2,1,0.1431,0.03,10.0,2.0,0.1756,1.94,0.068361,0.0029069767441860465,0.1809559939301973,0.09193148533719167,0.09193148533719167,0.20408163265306123,0.3431698260699628,AP
6.0,-54.0,17,0.3954,0.52,2.88,1.76,0.2398,2.07,0.067141,1.129754,0.023880597014925373,0.2946067415730337,0.15924366929397954,0.16316408907850458,0.17591623036649212,0.25843137254901966,6.0,-54.0,1,0.1312,0.03,10.0,2.0,0.187,2.07,0.067141,0.0029069767441860465,0.16590794132524028,0.08440745903471317,0.08440745903471317,0.20408163265306123,0.36544850498338866,AP
6.0,-53.8,16,0.4155,0.48,3.44,1.94,0.246,2.16,0.069021,1.111276,0.020895522388059702,0.317191011235955,0.16904326681200735,0.17390996524393607,0.23455497382198953,0.2705882352941177,6.0,-53.8,1,0.1076,0.03,11.0,2.0,0.2007,2.16,0.069021,0.0029069767441860465,0.1360647445624684,0.06948586065332722,0.06948586065332722,0.22448979591836735,0.39222200508110217,AP
6.0,-53.6,18,0.3793,0.55,3.06,1.78,0.2411,2.2,0.077321,1.087374,0.026865671641791045,0.27651685393258424,0.15169126278718764,0.15488239945567223,0.19476439790575917,0.26098039215686275,6.0,-53.6,1,0.0921,0.03,11.0,2.0,0.212,2.2,0.077321,0.0029069767441860465,0.11646433990895297,0.05968565832656951,0.05968565832656951,0.22448979591836735,0.4143052569865155,AP
6.0,-53.4,13,0.4241,0.39,3.15,1.92,0.2442,2.22,0.08063,1.06036,0.011940298507462687,0.32685393258426954,0.16939711554586612,0.17429798267713634,0.20418848167539266,0.26705882352941174,6.0,-53.4,1,0.0162,0.03,9.0,1.0,0.2171,2.22,0.08063,0.0029069767441860465,0.0204855842185129,0.011696280481349474,0.011696280481349474,0.1836734693877551,0.4242720343951534,AP
6.0,-53.2,13,0.4594,0.39,3.54,2.08,0.2632,2.22,0.086965,1.030648,0.011940298507462687,0.36651685393258415,0.18922857622002343,0.196044428915574,0.24502617801047116,0.3043137254901961,6.0,-53.2,1,0.0152,0.03,9.0,1.0,0.2317,2.22,0.086965,0.0029069767441860465,0.019221041982802226,0.011064009363494137,0.011064009363494137,0.1836734693877551,0.45280437756497943,AP
