rank,thr_hs_pct,thr_ssh_pct,H,M,F,POD,FAR,CSI,pct_sum
1.0,0.9,0.55,51.0,40.0,2652.0,0.5604395604395604,0.9811320754716981,0.01859278162595698,1.4500000000000002
