lag,count,fraction,lag_label
-2.0,8,0.19047619047619047,D-2
-1.0,13,0.30952380952380953,D-1
0.0,15,0.35714285714285715,D
1.0,6,0.14285714285714285,D+1 00Z
