lag,count,fraction,lag_label
-2.0,7,0.13725490196078433,D-2
-1.0,19,0.37254901960784315,D-1
0.0,23,0.45098039215686275,D
1.0,2,0.0392156862745098,D+1 00Z
