rank,thr_hs_pct,thr_ssh_pct,H,M,F,POD,FAR,CSI,pct_sum
1.0,0.9,0.55,42.0,49.0,3406.0,0.46153846153846156,0.9878190255220418,0.012010294538175578,1.4500000000000002
