grid_lat,grid_lon,thr_hs_abs,thr_zos_abs,zos_mean,mhws_m,n_hs_episodes,n_zos_episodes,n_candidate_events,n_rejected_by_mhws,compound_count_total,compound_count_annual_mean,mean_overlap_duration,p95_overlap_duration,max_overlap_duration,mean_full_criterion_duration,p95_full_criterion_duration,mean_compound_intensity_norm,p95_compound_intensity_norm,max_compound_intensity_norm,mean_integrated_severity,p95_integrated_severity,max_integrated_severity
-35.0,-54.8,2.14,0.398495,0.131448,0.099642,609,688,344,0,344,10.43,1.56,3.0,9,1.56,3.0,0.5544,0.9231,1.0,0.8789,2.0477,5.2206
-35.0,-54.6,2.34,0.359741,0.124738,0.11343,592,689,323,0,323,9.79,1.59,3.0,6,1.59,3.0,0.5567,0.9419,1.0,0.8944,2.2374,3.665
-35.0,-54.4,2.498,0.321151,0.115913,0.12276,595,698,317,0,317,9.61,1.57,3.0,5,1.57,3.0,0.5493,0.9566,1.0,0.873,1.8923,3.8256
-35.0,-54.2,2.6,0.293137,0.108703,0.128753,600,693,307,0,307,9.3,1.56,3.0,5,1.56,3.0,0.5441,0.9544,1.0,0.8552,1.8827,3.9025
-35.0,-54.0,2.67,0.27192,0.105329,0.132173,596,666,295,0,295,8.94,1.63,3.0,7,1.63,3.0,0.5363,0.942,1.0,0.865,1.9511,3.9152
-34.8,-54.4,2.19,0.401081,0.12998,0.121316,606,678,325,0,325,9.85,1.54,3.0,8,1.54,3.0,0.5741,0.9483,1.0,0.8948,2.0684,5.0107
-34.8,-54.2,2.43,0.36329,0.123438,0.127185,596,669,315,0,315,9.55,1.58,3.0,7,1.58,3.0,0.5813,0.9486,1.0,0.9253,2.3027,4.1039
-34.8,-54.0,2.58,0.324033,0.11655,0.130959,597,676,298,0,298,9.03,1.62,3.0,6,1.62,3.0,0.5776,0.9552,1.0,0.9332,2.2735,3.7864
-34.8,-53.8,2.7,0.285091,0.104528,0.132435,591,670,289,0,289,8.76,1.63,3.0,6,1.63,3.0,0.5653,0.9448,1.0,0.9142,2.238,3.9052
-34.8,-53.6,2.85,0.25258,0.09527,0.131122,577,636,284,0,284,8.61,1.6,3.0,5,1.6,3.0,0.5437,0.9254,1.0,0.8621,1.8025,3.785
-34.6,-54.0,2.3,0.386609,0.126087,0.130876,582,666,291,0,291,8.82,1.57,3.0,9,1.57,3.0,0.5926,0.9483,1.0,0.9308,1.9998,5.2054
-34.6,-53.8,2.47,0.349696,0.119396,0.131571,586,654,287,0,287,8.7,1.62,3.0,7,1.62,3.0,0.5966,0.9544,1.0,0.9643,2.3165,4.0651
-34.6,-53.6,2.69,0.30852,0.107752,0.130563,595,639,283,0,283,8.58,1.68,3.0,6,1.68,3.0,0.592,0.9564,1.0,0.9812,2.3762,3.4479
-34.6,-53.4,2.85,0.268576,0.098321,0.127997,584,625,278,0,278,8.43,1.67,3.0,6,1.67,3.0,0.563,0.9486,1.0,0.9257,2.1932,3.5117
-34.4,-53.8,1.59,0.399249,0.126765,0.13174,628,682,309,0,309,9.36,1.5,3.0,8,1.5,3.0,0.5394,0.8343,1.0,0.8201,1.6863,4.6286
-34.4,-53.6,2.25,0.363076,0.121071,0.131326,585,658,282,0,282,8.55,1.57,3.0,6,1.57,3.0,0.58,0.9371,1.0,0.9163,1.9445,3.7912
-34.4,-53.4,2.63,0.320465,0.113736,0.128846,584,645,282,0,282,8.55,1.61,3.0,5,1.61,3.0,0.5888,0.931,1.0,0.9482,2.1192,3.3195
-34.2,-53.6,1.95,0.393752,0.124793,0.132874,595,685,254,0,254,7.7,1.44,3.0,5,1.44,3.0,0.5698,0.859,1.0,0.8317,1.7912,3.3526
-34.2,-53.4,2.44,0.355605,0.119814,0.130505,595,657,276,0,276,8.36,1.57,3.0,6,1.57,3.0,0.6027,0.9544,1.0,0.9549,2.0783,3.922
-34.2,-53.2,2.69,0.314323,0.114078,0.126515,579,647,277,0,277,8.39,1.62,3.0,5,1.62,3.0,0.6008,0.9509,1.0,0.9672,2.196,3.3456
-34.0,-53.4,2.15,0.385741,0.123465,0.131838,589,677,261,0,261,7.91,1.51,3.0,5,1.51,3.0,0.6015,0.9241,1.0,0.9149,1.9474,3.7136
-34.0,-53.2,2.45,0.351185,0.120021,0.128437,595,651,278,0,278,8.43,1.56,3.0,5,1.56,3.0,0.6091,0.9568,1.0,0.9598,2.168,3.5065
-34.0,-53.0,2.72,0.310373,0.112387,0.123686,576,634,281,0,281,8.52,1.64,3.0,6,1.64,3.0,0.6118,0.9649,1.0,0.9969,2.2197,3.8161
-33.8,-53.4,1.7,0.41206,0.124568,0.133062,616,700,258,0,258,7.82,1.41,3.0,5,1.41,3.0,0.5681,0.8281,1.0,0.8055,1.7664,3.4827
-33.8,-53.2,2.12,0.383153,0.12211,0.129908,589,683,278,0,278,8.43,1.53,3.0,5,1.53,3.0,0.6065,0.9419,1.0,0.9355,2.0463,3.5891
-33.8,-53.0,2.49,0.350963,0.118129,0.125771,576,661,292,0,292,8.85,1.6,3.0,6,1.6,3.0,0.6145,0.9763,1.0,0.9872,2.2779,4.0368
-33.8,-52.8,2.74,0.317814,0.108563,0.120912,574,639,292,0,292,8.85,1.66,3.0,6,1.66,3.0,0.618,0.9719,1.0,1.0232,2.3067,3.9086
-33.6,-53.0,1.63,0.388721,0.121074,0.126795,606,687,298,0,298,9.03,1.53,3.0,7,1.53,3.0,0.5757,0.8494,1.0,0.8816,1.8911,4.0332
-33.6,-52.8,2.32,0.359737,0.114688,0.122539,580,665,289,0,289,8.76,1.6,3.0,7,1.6,3.0,0.6026,0.9465,1.0,0.969,2.1897,4.135
-33.6,-52.6,2.68,0.322467,0.107205,0.117234,583,646,289,0,289,8.76,1.66,3.0,6,1.66,3.0,0.6135,0.9621,1.0,1.0117,2.2934,3.9119
-33.4,-52.8,1.91,0.39731,0.117572,0.122588,609,689,294,0,294,8.91,1.53,3.0,7,1.53,3.0,0.5934,0.8993,1.0,0.9129,2.0523,4.2068
-33.4,-52.6,2.27,0.358655,0.11226,0.118178,591,669,292,0,292,8.85,1.59,3.0,7,1.59,3.0,0.5967,0.9498,1.0,0.9526,2.1487,4.1306
-33.4,-52.4,2.61,0.312581,0.106819,0.112311,586,631,283,0,283,8.58,1.64,3.0,7,1.64,3.0,0.5839,0.9311,1.0,0.9589,2.2278,3.9748
-33.2,-52.6,1.87,0.393234,0.114643,0.117468,601,687,268,0,268,8.12,1.48,3.0,7,1.48,3.0,0.5714,0.8528,1.0,0.855,1.7825,3.7965
-33.2,-52.4,2.3,0.347864,0.111139,0.112971,595,659,265,0,265,8.03,1.57,3.0,7,1.57,3.0,0.5801,0.9151,1.0,0.914,2.0307,3.7771
-33.2,-52.2,2.68,0.298496,0.107004,0.107193,598,610,271,0,271,8.21,1.59,3.0,7,1.59,3.0,0.552,0.903,1.0,0.8875,2.0966,3.6822
-33.0,-52.4,1.86,0.370603,0.11458,0.112674,600,675,227,0,227,6.88,1.46,3.0,6,1.46,3.0,0.5464,0.8093,1.0,0.8043,1.7403,3.3011
-33.0,-52.2,2.47,0.325951,0.110431,0.108007,584,636,246,0,246,7.46,1.54,3.0,7,1.54,3.0,0.5629,0.8941,1.0,0.8679,1.9478,3.4028
-32.8,-52.4,1.84,0.39022,0.11447,0.111675,604,697,196,0,196,5.94,1.4,3.0,6,1.4,3.0,0.5493,0.8241,0.9966,0.7725,1.6485,3.6001
-32.8,-52.2,2.16,0.350609,0.112836,0.108258,594,657,218,0,218,6.61,1.49,3.0,6,1.49,3.0,0.5513,0.8548,1.0,0.8204,1.7689,3.3473
-32.8,-52.0,2.6,0.310739,0.107181,0.102791,593,613,242,0,242,7.33,1.57,3.0,6,1.57,3.0,0.5556,0.9218,1.0,0.8724,2.0442,3.3198
-32.6,-52.2,2.04,0.363758,0.115166,0.107091,604,670,186,0,186,5.64,1.42,3.0,6,1.42,3.0,0.5432,0.8572,1.0,0.7674,1.6963,3.3776
-32.6,-52.0,2.51,0.327647,0.109348,0.102432,583,633,226,0,226,6.85,1.54,3.0,6,1.54,3.0,0.5608,0.8894,1.0,0.862,1.9603,3.3709
-32.4,-52.2,1.88,0.38549,0.117442,0.105269,583,686,180,0,180,5.46,1.4,2.05,6,1.4,2.05,0.5423,0.8291,0.9595,0.757,1.565,2.7116
-32.4,-52.0,2.22,0.347667,0.110113,0.101058,593,657,221,0,221,6.7,1.46,3.0,5,1.46,3.0,0.5426,0.8953,1.0,0.7944,1.6992,3.4206
-32.4,-51.8,2.57,0.314133,0.09879,0.096108,594,625,245,0,245,7.43,1.57,3.0,5,1.57,3.0,0.5585,0.9097,1.0,0.8698,2.0612,3.3838
-32.2,-52.0,1.99,0.383239,0.114421,0.098656,619,681,245,0,245,7.43,1.43,3.0,5,1.43,3.0,0.5424,0.8835,1.0,0.7811,1.6816,3.3021
-32.2,-51.8,2.21,0.346649,0.105251,0.094181,601,651,256,0,256,7.76,1.52,3.0,5,1.52,3.0,0.5385,0.8822,1.0,0.8241,1.8242,3.2978
-32.2,-51.6,2.52,0.311231,0.098206,0.088906,603,623,266,0,266,8.06,1.59,3.0,5,1.59,3.0,0.5307,0.8869,1.0,0.8445,1.9637,3.3772
-32.0,-51.8,1.52,0.383822,0.111584,0.090927,617,678,268,0,268,8.12,1.42,3.0,5,1.42,3.0,0.4999,0.7722,1.0,0.7245,1.6089,3.0224
-32.0,-51.6,2.0,0.346131,0.102784,0.086617,588,649,251,0,251,7.61,1.53,3.0,5,1.53,3.0,0.5152,0.8345,1.0,0.793,1.8932,3.1373
-32.0,-51.4,2.56,0.303084,0.093313,0.082813,586,611,256,0,256,7.76,1.59,3.25,5,1.59,3.25,0.5197,0.9058,1.0,0.8252,2.0249,3.3558
-32.0,-51.2,2.88,0.254321,0.085132,0.080147,594,563,254,0,254,7.7,1.67,4.0,5,1.67,4.0,0.4985,0.8573,1.0,0.8261,2.1668,3.2864
-31.8,-51.4,2.02,0.352066,0.09802,0.079844,600,647,255,0,255,7.73,1.53,3.0,5,1.53,3.0,0.5097,0.8387,1.0,0.7783,1.8033,3.1239
-31.8,-51.2,2.63,0.298127,0.088323,0.078539,587,597,252,0,252,7.64,1.63,3.0,5,1.63,3.0,0.515,0.9065,1.0,0.8281,2.0289,3.2775
-31.8,-51.0,2.92,0.240462,0.082398,0.078346,582,546,245,0,245,7.43,1.7,4.0,5,1.7,4.0,0.4889,0.8391,1.0,0.822,2.0944,3.1645
-31.6,-51.2,2.03,0.345728,0.094876,0.077377,598,634,249,0,249,7.55,1.53,3.0,5,1.53,3.0,0.4902,0.8228,1.0,0.7557,1.6816,3.052
-31.6,-51.0,2.63,0.283773,0.086368,0.078725,580,580,246,0,246,7.46,1.61,3.0,5,1.61,3.0,0.4961,0.8807,0.9977,0.7942,1.8784,3.1493
-31.6,-50.8,2.97,0.227201,0.089498,0.079862,593,533,241,0,241,7.3,1.69,4.0,5,1.69,4.0,0.4562,0.814,0.9856,0.7678,1.9334,3.0281
-31.4,-50.8,2.73,0.272576,0.088925,0.081762,571,562,221,0,221,6.7,1.61,3.0,5,1.61,3.0,0.4892,0.8634,1.0,0.7803,2.0399,3.0884
-31.4,-50.6,3.0,0.22405,0.097127,0.083168,585,548,243,0,243,7.36,1.68,4.0,5,1.68,4.0,0.4458,0.7912,0.9488,0.7413,1.9169,2.9811
-31.2,-50.8,2.41,0.320875,0.093651,0.084032,586,609,229,0,229,6.94,1.52,3.0,5,1.52,3.0,0.4924,0.8442,1.0,0.7435,1.9193,3.0508
-31.2,-50.6,2.61,0.259785,0.095343,0.085774,589,548,240,0,240,7.27,1.62,3.0,5,1.62,3.0,0.4491,0.8099,1.0,0.7283,1.9616,2.9984
-31.2,-50.4,2.93,0.220443,0.104889,0.087101,600,578,250,0,250,7.58,1.63,3.55,5,1.63,3.55,0.4168,0.7659,0.9093,0.68,1.9013,2.9032
-31.0,-50.6,2.4,0.300475,0.09754,0.088716,575,590,206,0,206,6.24,1.52,3.0,5,1.52,3.0,0.4567,0.8181,0.9633,0.6937,1.8091,2.8595
-31.0,-50.4,2.73,0.251092,0.102053,0.090091,597,552,234,0,234,7.09,1.64,3.0,5,1.64,3.0,0.4412,0.7956,0.9796,0.7169,1.871,3.6031
-31.0,-50.2,3.028,0.218686,0.107627,0.091159,594,589,245,0,245,7.43,1.64,3.8,5,1.64,3.8,0.4191,0.7558,0.8886,0.6833,1.7642,3.5491
-30.8,-50.4,2.48,0.290833,0.102161,0.09291,577,565,216,0,216,6.55,1.56,3.0,5,1.56,3.0,0.4509,0.8104,0.9399,0.7042,1.7937,3.6088
-30.8,-50.2,2.85,0.247742,0.103453,0.094295,585,555,240,0,240,7.27,1.62,4.0,5,1.62,4.0,0.4358,0.7784,0.966,0.7089,1.8699,3.6222
-30.6,-50.4,1.94,0.322103,0.104434,0.096224,571,592,129,0,129,3.91,1.42,3.0,5,1.42,3.0,0.4243,0.7204,0.8108,0.5991,1.3983,2.9695
-30.6,-50.2,2.53,0.282551,0.102945,0.099211,569,553,214,0,214,6.49,1.57,3.0,5,1.57,3.0,0.4413,0.793,0.9153,0.6939,1.8263,3.6041
-30.6,-50.0,2.89,0.244868,0.106092,0.101106,580,552,235,0,235,7.12,1.66,3.3,6,1.66,3.3,0.4328,0.7804,0.9511,0.7169,1.9424,3.7536
-30.4,-50.2,2.1,0.30499,0.1047,0.108088,556,570,157,0,157,4.76,1.48,3.0,5,1.48,3.0,0.4184,0.7141,0.8575,0.6207,1.4996,3.0831
-30.4,-50.0,2.62,0.266964,0.106848,0.109399,579,547,217,0,217,6.58,1.62,3.0,6,1.62,3.0,0.4313,0.7744,0.9276,0.6929,1.7615,3.7671
-30.4,-49.8,2.97,0.235741,0.104427,0.110999,587,571,238,0,238,7.21,1.66,4.0,6,1.66,4.0,0.4253,0.7698,0.9289,0.7051,1.8831,3.7018
-30.2,-50.0,2.4,0.281295,0.105923,0.120924,555,548,172,0,172,5.21,1.59,3.0,5,1.59,3.0,0.4297,0.7628,0.9043,0.6641,1.6659,3.4054
-30.2,-49.8,2.8,0.250672,0.103083,0.121909,572,553,220,0,220,6.67,1.64,3.0,6,1.64,3.0,0.4245,0.7562,0.9774,0.6935,1.6421,3.7269
-30.0,-50.0,2.1,0.296335,0.1054,0.132162,535,561,129,0,129,3.91,1.47,3.0,5,1.47,3.0,0.4127,0.7155,0.8181,0.6009,1.3992,2.9205
-30.0,-49.8,2.64,0.261981,0.101242,0.133655,574,548,206,0,206,6.24,1.63,3.0,6,1.63,3.0,0.4332,0.7695,0.9448,0.6982,1.6146,3.7449
-29.8,-49.8,2.43,0.279454,0.100544,0.145398,548,555,199,0,199,6.03,1.57,3.0,6,1.57,3.0,0.4291,0.7821,0.9179,0.6696,1.6502,3.7275
-29.8,-49.6,2.74,0.250035,0.096261,0.146764,567,546,230,0,230,6.97,1.71,3.0,6,1.71,3.0,0.4284,0.7858,0.9805,0.7212,1.7889,3.7896
-29.6,-49.8,2.14,0.299768,0.100793,0.156548,513,567,172,0,172,5.21,1.48,3.0,6,1.48,3.0,0.4108,0.6939,0.8688,0.6029,1.3761,3.4486
-29.6,-49.6,2.58,0.267119,0.09474,0.158922,562,554,216,0,216,6.55,1.65,3.0,6,1.65,3.0,0.4295,0.784,0.9249,0.7014,1.6826,3.8389
-29.6,-49.4,2.83,0.240375,0.093312,0.160749,557,541,234,0,234,7.09,1.74,4.0,6,1.74,4.0,0.4264,0.7685,0.9656,0.7269,1.8265,3.8047
-29.4,-49.6,2.348,0.290769,0.096182,0.170784,525,564,198,0,198,6.0,1.58,3.0,6,1.58,3.0,0.4157,0.764,0.9157,0.6545,1.6045,3.873
-29.4,-49.4,2.66,0.257661,0.090965,0.173336,557,546,232,0,232,7.03,1.7,3.0,6,1.7,3.0,0.4144,0.7792,0.9116,0.6947,1.6423,3.8648
-29.4,-49.2,2.86,0.231666,0.0926,0.174937,562,545,249,0,249,7.55,1.78,4.0,6,1.78,4.0,0.4084,0.7281,0.9493,0.7073,1.7353,3.7979
-29.2,-49.4,2.47,0.279629,0.090743,0.185864,540,557,221,0,221,6.7,1.66,3.0,6,1.66,3.0,0.4128,0.7591,0.9071,0.6736,1.6316,3.9274
-29.2,-49.2,2.7,0.247735,0.087951,0.187007,558,544,250,0,250,7.58,1.74,4.0,6,1.74,4.0,0.4125,0.7649,0.9334,0.6989,1.63,3.8967
-29.2,-49.0,2.9,0.224543,0.095278,0.188107,562,541,255,0,255,7.73,1.78,4.0,6,1.78,4.0,0.4012,0.7252,0.9283,0.6892,1.589,3.7714
-29.0,-49.4,2.12,0.310311,0.092442,0.195021,507,578,202,0,202,6.12,1.5,3.0,6,1.5,3.0,0.4006,0.7079,0.8937,0.6002,1.2948,3.7636
-29.0,-49.2,2.48,0.271116,0.085944,0.196998,546,547,249,0,249,7.55,1.71,3.0,6,1.71,3.0,0.4079,0.7533,0.9008,0.679,1.5968,3.9103
-29.0,-49.0,2.72,0.239875,0.088502,0.198786,546,546,260,0,260,7.88,1.77,4.0,6,1.77,4.0,0.4046,0.7466,0.9463,0.6934,1.5999,3.8815
-29.0,-48.8,2.92,0.218683,0.097313,0.200615,555,546,261,1,260,7.88,1.8,4.0,6,1.8,4.0,0.3939,0.7117,0.903,0.6796,1.5606,3.7482
-29.0,-48.6,3.06,0.203926,0.105334,0.201984,561,548,264,1,263,7.97,1.77,3.0,7,1.77,3.0,0.3751,0.6765,0.8159,0.6406,1.5309,3.6145
-28.8,-49.0,2.468,0.272091,0.083165,0.207608,529,546,261,0,261,7.91,1.75,4.0,6,1.75,4.0,0.4085,0.7486,0.9017,0.6931,1.6558,4.0057
-28.8,-48.8,2.74,0.239449,0.087761,0.211068,551,544,269,0,269,8.15,1.76,4.0,6,1.76,4.0,0.4023,0.7341,0.9324,0.688,1.5652,3.8646
-28.8,-48.6,2.96,0.215826,0.097997,0.213491,557,557,274,1,273,8.27,1.77,4.0,6,1.77,4.0,0.382,0.7003,0.8716,0.6486,1.4923,3.6885
-28.8,-48.4,3.08,0.200776,0.107444,0.214358,555,545,258,4,254,7.7,1.8,3.0,7,1.78,3.0,0.3772,0.6595,0.7765,0.6398,1.5099,3.5561
-28.6,-48.8,2.45,0.279791,0.083504,0.221101,532,555,278,0,278,8.43,1.78,4.0,6,1.78,4.0,0.4102,0.7604,0.8976,0.6995,1.7059,3.9963
-28.6,-48.6,2.71,0.236073,0.091288,0.22613,555,549,266,1,265,8.03,1.78,4.0,6,1.78,4.0,0.3824,0.7102,0.8705,0.6564,1.507,3.7498
-28.6,-48.4,2.95,0.212027,0.102172,0.227414,553,562,270,3,267,8.09,1.78,4.0,7,1.77,4.0,0.3676,0.6718,0.8238,0.6193,1.4427,3.5984
-28.4,-48.6,2.34,0.256445,0.088191,0.240668,550,555,249,1,248,7.52,1.65,3.0,6,1.65,3.0,0.3465,0.6948,0.8522,0.5585,1.3946,3.4967
-28.4,-48.4,2.81,0.224089,0.098764,0.242358,556,556,274,3,271,8.21,1.76,4.0,6,1.75,4.0,0.3555,0.6647,0.8184,0.5928,1.3882,3.5825
-28.2,-48.6,2.14,0.271338,0.087313,0.257131,566,566,203,0,203,6.15,1.47,3.0,6,1.47,3.0,0.3346,0.5965,0.8162,0.478,1.2333,2.9701
-28.2,-48.4,2.58,0.235924,0.096169,0.258333,568,556,262,3,259,7.85,1.68,3.0,6,1.67,3.0,0.3375,0.6855,0.8265,0.538,1.2552,3.4738
-28.2,-48.2,2.87,0.213064,0.104498,0.258062,564,575,284,13,271,8.21,1.73,3.5,6,1.69,3.5,0.3456,0.6436,0.7832,0.5589,1.3218,3.4939
-28.0,-48.4,2.46,0.247908,0.09408,0.274775,560,560,246,3,243,7.36,1.6,3.0,6,1.59,3.0,0.326,0.6363,0.8484,0.5025,1.2296,3.4129
-28.0,-48.2,2.78,0.220515,0.103058,0.274578,567,567,282,11,271,8.21,1.67,3.0,6,1.65,3.0,0.3332,0.6604,0.8063,0.5333,1.2777,3.482
-27.8,-48.4,2.23,0.257979,0.092964,0.291929,563,563,230,3,227,6.88,1.48,3.0,6,1.46,3.0,0.3024,0.5931,0.7751,0.4353,1.0615,3.0116
-27.8,-48.2,2.64,0.227608,0.101687,0.292104,578,568,278,11,267,8.09,1.61,3.0,7,1.58,3.0,0.3195,0.6434,0.826,0.4923,1.2482,3.407
-27.6,-48.4,1.9,0.269996,0.093046,0.311195,560,577,217,4,213,6.46,1.35,2.0,6,1.35,2.0,0.2752,0.5311,0.7922,0.3673,0.9142,2.5317
-27.6,-48.2,2.55,0.23548,0.10046,0.312486,569,574,264,13,251,7.61,1.58,3.0,7,1.53,3.0,0.3103,0.6199,0.8446,0.4616,1.2597,3.3796
-27.6,-48.0,2.81,0.210822,0.104667,0.308608,572,568,283,32,251,7.61,1.63,3.0,6,1.56,3.0,0.3208,0.6399,0.8037,0.4926,1.1573,3.4259
-27.4,-48.4,1.5,0.272949,0.096727,0.353181,602,576,181,9,172,5.21,1.27,2.0,4,1.27,2.0,0.241,0.4638,0.6213,0.3016,0.7153,1.361
-27.4,-48.2,2.5,0.242918,0.101803,0.338541,576,582,250,17,233,7.06,1.49,3.0,6,1.44,3.0,0.301,0.608,0.7555,0.4309,1.1474,3.0506
-27.4,-48.0,2.77,0.21435,0.102672,0.33042,583,577,291,36,255,7.73,1.58,3.0,6,1.5,3.0,0.3097,0.6371,0.8164,0.4579,1.1537,3.3666
-27.2,-48.4,1.64,0.273394,0.097551,0.380259,597,582,157,10,147,4.46,1.23,2.0,3,1.23,2.0,0.2529,0.4617,0.6212,0.2999,0.6952,1.118
-27.2,-48.2,2.29,0.247106,0.103762,0.367154,580,582,229,22,207,6.27,1.41,2.7,6,1.34,2.0,0.281,0.5579,0.7294,0.3788,0.937,2.4216
-27.2,-48.0,2.68,0.220099,0.102155,0.354769,581,580,284,43,241,7.3,1.56,3.0,7,1.49,3.0,0.3125,0.6406,0.8266,0.4528,1.1415,3.5561
-27.0,-48.4,1.82,0.269343,0.104245,0.407824,543,588,139,12,127,3.85,1.2,2.0,3,1.18,2.0,0.2591,0.47,0.646,0.2975,0.7259,1.2235
-27.0,-48.2,2.33,0.249826,0.104683,0.394841,584,583,221,26,195,5.91,1.4,2.0,6,1.34,2.0,0.2913,0.5808,0.739,0.3889,1.005,2.2134
-26.8,-48.4,1.93,0.26993,0.104052,0.432975,568,594,177,16,161,4.88,1.28,2.0,4,1.25,2.0,0.2748,0.5,0.7132,0.332,0.8444,1.4365
-26.8,-48.2,2.32,0.253116,0.104442,0.421535,580,584,237,28,209,6.33,1.42,2.6,6,1.35,2.0,0.2936,0.5847,0.7724,0.3945,0.9893,2.3216
-26.6,-48.6,1.69,0.29291,0.104919,0.464734,565,613,162,11,151,4.58,1.21,2.0,3,1.19,2.0,0.2802,0.4944,0.7131,0.3285,0.7818,1.3048
-26.6,-48.4,1.94,0.272845,0.103449,0.457832,570,595,200,23,177,5.36,1.27,2.0,4,1.24,2.0,0.2767,0.5234,0.7383,0.3412,0.8915,1.5822
-26.6,-48.2,2.29,0.255433,0.103524,0.447226,588,588,249,32,217,6.58,1.38,2.0,6,1.33,2.0,0.2949,0.6005,0.7919,0.3928,0.9771,2.3386
-26.4,-48.4,1.63,0.279368,0.103151,0.485014,598,601,212,25,187,5.67,1.31,2.0,4,1.28,2.0,0.2831,0.5163,0.7121,0.3581,0.8874,1.5252
-26.4,-48.2,2.24,0.260656,0.102609,0.474562,573,594,246,37,209,6.33,1.4,2.6,5,1.35,2.0,0.3093,0.6058,0.7913,0.4171,1.1469,2.1545
-26.2,-48.4,1.34,0.286512,0.103907,0.522567,592,614,201,22,179,5.42,1.28,2.0,4,1.26,2.0,0.2887,0.4842,0.6793,0.3544,0.8297,1.4274
-26.2,-48.2,2.0,0.269416,0.102032,0.504855,590,597,252,40,212,6.42,1.42,3.0,5,1.36,2.45,0.3125,0.5906,0.759,0.4211,1.0928,2.1323
-26.0,-48.4,1.26,0.295223,0.103868,0.556332,609,624,199,23,176,5.33,1.27,2.0,4,1.23,2.0,0.2978,0.5438,0.7573,0.3622,0.8716,1.4859
-26.0,-48.2,1.85,0.279148,0.101391,0.536767,595,599,242,33,209,6.33,1.38,3.0,5,1.34,3.0,0.3178,0.5747,0.7313,0.4202,1.0594,1.7743
-25.8,-48.2,1.8,0.28848,0.101785,0.567931,623,613,256,32,224,6.79,1.33,2.0,4,1.29,2.0,0.3184,0.574,0.736,0.4162,1.053,1.828
-25.8,-48.0,2.15,0.271432,0.101349,0.544411,601,593,278,40,238,7.21,1.46,3.0,6,1.38,2.15,0.341,0.6318,0.8223,0.4712,1.2289,2.3554
-25.6,-48.4,1.33,0.313349,0.104679,0.613027,631,631,268,32,236,7.15,1.33,2.0,5,1.28,2.0,0.322,0.5731,0.8676,0.4133,0.9906,1.7377
-25.6,-48.2,1.67,0.299426,0.101752,0.596691,619,625,270,37,233,7.06,1.34,2.0,5,1.3,2.0,0.3327,0.5903,0.8306,0.4315,1.0896,1.7979
-25.6,-48.0,2.06,0.281381,0.101261,0.571427,604,597,278,42,236,7.15,1.44,2.25,6,1.37,2.0,0.346,0.6305,0.8322,0.4729,1.1814,1.9322
-25.6,-47.8,2.27,0.264722,0.10065,0.548336,604,588,286,48,238,7.21,1.51,3.0,8,1.43,2.15,0.3565,0.6851,0.8281,0.5056,1.3186,2.9292
-25.4,-48.0,1.89,0.295627,0.101044,0.590252,605,617,295,39,256,7.76,1.45,3.0,6,1.36,2.0,0.3405,0.6262,0.8146,0.4605,1.1605,1.8988
-25.4,-47.8,2.06,0.278879,0.100596,0.572719,608,602,293,46,247,7.49,1.51,3.0,8,1.41,2.0,0.3428,0.6354,0.8318,0.4791,1.269,1.8506
-25.4,-47.6,2.31,0.262731,0.099648,0.551879,602,583,298,52,246,7.46,1.54,3.0,7,1.45,3.0,0.3535,0.6751,0.8188,0.5036,1.3491,1.9502
-25.2,-47.8,1.85,0.295915,0.100738,0.593444,591,617,294,45,249,7.55,1.49,3.0,6,1.39,2.6,0.3355,0.6248,0.8015,0.4663,1.1454,1.8422
-25.2,-47.6,2.18,0.276937,0.100392,0.576756,591,606,303,54,249,7.55,1.54,3.0,7,1.44,2.6,0.3513,0.6783,0.848,0.4935,1.2749,2.005
-25.0,-47.8,1.29,0.3108,0.102003,0.608831,573,631,267,36,231,7.0,1.37,2.0,4,1.3,2.0,0.2972,0.5712,0.7143,0.3971,0.9539,1.6659
-25.0,-47.6,2.04,0.293015,0.101287,0.597858,568,614,300,52,248,7.52,1.55,3.0,5,1.44,3.0,0.3495,0.6633,0.8207,0.4898,1.2527,1.9745
-25.0,-47.4,2.2,0.277156,0.098849,0.58215,588,603,316,60,256,7.76,1.56,3.0,6,1.45,3.0,0.344,0.6795,0.829,0.4886,1.3048,2.07
-25.0,-47.2,2.34,0.260433,0.096849,0.564184,589,575,308,57,251,7.61,1.63,3.0,6,1.49,3.0,0.3388,0.6586,0.8249,0.4915,1.2852,2.1212
-24.8,-47.4,2.04,0.297006,0.099977,0.59895,569,619,307,54,253,7.67,1.55,3.0,5,1.43,2.4,0.3438,0.6512,0.8385,0.4877,1.2008,1.9972
-24.8,-47.2,2.25,0.279124,0.097118,0.584536,579,600,313,54,259,7.85,1.61,3.0,6,1.48,3.0,0.3403,0.6659,0.8347,0.4883,1.2855,2.1081
-24.8,-47.0,2.36,0.262459,0.094113,0.568864,581,581,308,60,248,7.52,1.65,3.0,5,1.52,3.0,0.3355,0.6524,0.8269,0.498,1.281,2.1446
-24.8,-46.8,2.45,0.245756,0.092133,0.552574,579,558,308,66,242,7.33,1.71,3.0,5,1.58,3.0,0.3338,0.6419,0.8451,0.5133,1.3382,2.1131
-24.6,-47.2,1.99,0.304334,0.098852,0.59598,570,617,305,42,263,7.97,1.61,3.0,5,1.49,3.0,0.3227,0.639,0.8047,0.4709,1.1237,1.9972
-24.6,-47.0,2.21,0.285336,0.095993,0.58598,585,594,311,51,260,7.88,1.68,3.0,5,1.51,3.0,0.3301,0.6455,0.8323,0.4872,1.2247,2.1094
-24.6,-46.8,2.31,0.265091,0.092933,0.572384,566,575,303,55,248,7.52,1.72,3.0,5,1.56,3.0,0.3289,0.6397,0.8227,0.4964,1.3153,2.0651
-24.6,-46.6,2.44,0.247735,0.089954,0.556872,573,569,319,70,249,7.55,1.76,3.6,5,1.59,3.0,0.3315,0.6572,0.865,0.5105,1.3224,2.024
-24.4,-46.8,2.14,0.284283,0.093872,0.58881,565,592,316,50,266,8.06,1.74,3.0,6,1.58,3.0,0.3193,0.6408,0.8228,0.4872,1.1922,2.9648
-24.4,-46.6,2.25,0.268549,0.090568,0.574982,560,573,319,56,263,7.97,1.78,3.0,6,1.61,3.0,0.3259,0.6495,0.8688,0.5056,1.2646,3.1546
-24.4,-46.4,2.36,0.253914,0.087318,0.558983,556,561,316,57,259,7.85,1.8,4.0,5,1.63,3.0,0.3325,0.6431,0.8783,0.5193,1.3383,1.9349
-24.4,-46.2,2.43,0.241483,0.084103,0.541511,558,548,305,55,250,7.58,1.87,4.0,6,1.7,3.0,0.3368,0.6545,0.8942,0.5403,1.3565,1.9531
-24.4,-46.0,2.5,0.226557,0.080115,0.524297,562,541,303,58,245,7.43,1.9,4.0,6,1.7,3.0,0.3376,0.6533,0.862,0.5471,1.428,1.9831
-24.4,-45.2,2.75,0.193941,0.100415,0.45452,556,443,257,71,186,5.64,2.09,4.0,7,1.72,3.0,0.3152,0.605,0.7402,0.5256,1.2906,3.3229
-24.2,-46.6,2.13,0.288781,0.090908,0.587921,555,600,318,51,267,8.09,1.79,3.0,6,1.63,3.0,0.3279,0.6501,0.8756,0.5144,1.281,3.3013
-24.2,-46.4,2.22,0.275237,0.088211,0.574124,551,578,322,53,269,8.15,1.81,4.0,7,1.65,3.0,0.3321,0.649,0.9113,0.5319,1.3291,3.42
-24.2,-46.2,2.27,0.261151,0.085181,0.557299,560,562,316,50,266,8.06,1.83,4.0,7,1.69,3.0,0.3283,0.6457,0.898,0.5329,1.2953,3.4289
-24.2,-46.0,2.37,0.246321,0.080917,0.539977,554,544,302,47,255,7.73,1.88,4.0,6,1.73,3.0,0.3359,0.6516,0.901,0.55,1.395,3.3614
-24.2,-45.8,2.48,0.232944,0.077208,0.522583,555,535,305,47,258,7.82,1.93,4.0,6,1.76,3.0,0.342,0.6703,0.863,0.5676,1.4168,3.4198
-24.2,-45.6,2.52,0.221916,0.078832,0.503647,542,519,294,47,247,7.49,1.96,4.0,6,1.76,3.0,0.3366,0.6668,0.828,0.5601,1.405,3.3323
-24.2,-45.4,2.61,0.211505,0.083446,0.485104,546,509,293,54,239,7.24,1.98,4.0,6,1.74,3.0,0.3341,0.6571,0.7992,0.5498,1.3566,3.3111
-24.2,-45.2,2.67,0.201581,0.087915,0.468448,540,499,275,61,214,6.49,2.01,4.0,6,1.72,3.0,0.3319,0.6352,0.7724,0.5402,1.2758,3.2194
-24.2,-45.0,2.718,0.19306,0.096161,0.454478,531,459,257,69,188,5.7,2.11,4.0,7,1.76,3.0,0.3208,0.6003,0.7455,0.5311,1.3042,3.4386
-24.0,-46.4,1.83,0.295822,0.088691,0.580194,577,611,355,58,297,9.0,1.82,4.0,6,1.69,3.0,0.327,0.6332,0.9111,0.5414,1.3106,3.5661
-24.0,-46.2,1.92,0.28569,0.084999,0.564418,569,597,339,52,287,8.7,1.81,4.0,7,1.7,3.0,0.3185,0.6169,0.8868,0.5248,1.2612,3.5098
-24.0,-46.0,2.22,0.270699,0.082989,0.552709,552,581,331,51,280,8.49,1.84,4.0,6,1.73,3.0,0.3342,0.6552,0.9176,0.5569,1.3153,3.6927
-24.0,-45.8,2.23,0.258003,0.079571,0.537109,571,556,331,51,280,8.49,1.85,4.0,6,1.74,3.0,0.3383,0.6806,0.9116,0.5673,1.3503,3.4389
-24.0,-45.6,2.29,0.245552,0.076269,0.518053,558,548,325,51,274,8.3,1.88,4.0,6,1.76,3.35,0.3355,0.6782,0.8789,0.5616,1.4228,3.3933
-24.0,-45.4,2.43,0.239448,0.074367,0.495248,540,540,303,42,261,7.91,1.95,4.0,6,1.82,4.0,0.3478,0.6881,0.8649,0.5936,1.4263,3.524
-24.0,-45.2,2.53,0.226985,0.074887,0.476081,539,515,292,44,248,7.52,1.96,4.0,6,1.8,4.0,0.337,0.6703,0.824,0.5746,1.3668,3.4435
-24.0,-45.0,2.61,0.208136,0.083797,0.467215,530,511,283,61,222,6.73,1.99,4.0,6,1.76,3.0,0.3188,0.6366,0.7769,0.5316,1.2732,3.2802
-24.0,-44.8,2.68,0.195671,0.092953,0.457572,531,485,267,68,199,6.03,2.07,4.0,6,1.74,3.0,0.3191,0.614,0.7559,0.5215,1.2634,3.3416
-23.8,-45.8,1.89,0.279764,0.079724,0.54715,573,595,360,47,313,9.49,1.91,4.0,7,1.79,4.0,0.338,0.6764,0.9442,0.5897,1.4299,3.899
-23.8,-45.6,1.698,0.275761,0.076551,0.53249,571,588,362,39,323,9.79,1.95,4.0,7,1.8,4.0,0.329,0.681,0.9443,0.58,1.4834,3.7847
-23.8,-45.4,1.3,0.262622,0.07688,0.519371,576,576,341,39,302,9.15,1.94,4.0,7,1.81,4.0,0.2851,0.6011,0.8772,0.4936,1.2011,3.3945
-23.8,-45.2,1.65,0.24495,0.079159,0.485425,571,541,269,35,234,7.09,1.76,3.35,6,1.65,3.0,0.2544,0.5268,0.7612,0.4058,0.983,2.8663
-23.8,-45.0,2.4,0.227094,0.0797,0.478968,529,515,264,41,223,6.76,1.97,4.0,6,1.82,3.0,0.3147,0.6136,0.8291,0.5286,1.2736,3.2654
-23.8,-44.8,2.54,0.211581,0.083346,0.471579,534,510,279,56,223,6.76,1.99,4.0,6,1.77,3.0,0.3176,0.6452,0.7968,0.5268,1.2376,3.3559
-23.8,-44.6,2.63,0.200707,0.089246,0.46441,529,486,275,64,211,6.39,2.09,4.0,6,1.77,3.0,0.3193,0.6195,0.7706,0.5324,1.2361,3.4158
-23.6,-45.2,1.39,0.256151,0.076362,0.496777,574,564,206,21,185,5.61,1.45,3.0,3,1.38,3.0,0.2292,0.4732,0.6025,0.3023,0.7776,1.4093
-23.6,-45.0,1.97,0.238276,0.076185,0.489285,530,532,253,35,218,6.61,1.83,3.15,6,1.72,3.0,0.2731,0.5368,0.7774,0.4427,1.0469,2.9597
-23.6,-44.8,2.32,0.227238,0.077235,0.483995,528,518,276,44,232,7.03,1.98,4.0,6,1.84,3.0,0.3107,0.6062,0.8342,0.5311,1.2767,3.3397
-23.6,-44.6,2.48,0.217073,0.080236,0.479068,526,501,283,50,233,7.06,2.02,4.0,6,1.8,3.0,0.3205,0.6308,0.8086,0.5419,1.2947,3.4302
-23.6,-44.4,2.58,0.206476,0.083608,0.474267,518,497,283,61,222,6.73,2.09,4.0,6,1.8,3.0,0.3261,0.6463,0.786,0.5565,1.3125,3.4584
-23.6,-44.2,2.64,0.198908,0.088367,0.469264,524,481,280,69,211,6.39,2.13,4.0,6,1.8,3.0,0.3296,0.6297,0.7903,0.5589,1.4326,3.4773
-23.6,-44.0,2.68,0.193658,0.093444,0.463588,526,474,277,74,203,6.15,2.15,4.0,7,1.8,3.0,0.3297,0.6175,0.8017,0.56,1.3943,3.7647
-23.4,-44.4,2.4,0.223759,0.076993,0.489926,532,514,294,46,248,7.52,2.01,4.0,6,1.8,3.0,0.3199,0.6431,0.8236,0.5506,1.279,3.5919
-23.4,-44.2,2.49,0.21393,0.079425,0.483881,523,500,295,58,237,7.18,2.11,4.0,6,1.85,4.0,0.3323,0.6584,0.8187,0.5802,1.3926,3.6402
-23.4,-44.0,2.548,0.205939,0.081787,0.476982,516,496,288,67,221,6.7,2.18,4.0,6,1.87,4.0,0.3412,0.6561,0.8473,0.6036,1.4325,3.6604
-23.4,-43.8,2.59,0.19983,0.083449,0.468939,524,487,289,71,218,6.61,2.19,5.0,6,1.86,4.0,0.3433,0.6445,0.846,0.5966,1.4942,3.6469
-23.4,-43.6,2.63,0.194967,0.085872,0.462076,518,478,283,72,211,6.39,2.23,5.0,7,1.87,4.0,0.3417,0.6401,0.8222,0.5865,1.5199,3.8701
-23.4,-43.4,2.668,0.191715,0.088391,0.457397,517,472,277,72,205,6.21,2.21,4.8,7,1.82,3.8,0.3382,0.6306,0.7987,0.5745,1.4659,3.8225
-23.4,-43.2,2.7,0.189242,0.092378,0.454234,523,458,269,76,193,5.85,2.21,5.0,7,1.84,4.0,0.3425,0.6257,0.7746,0.5876,1.4768,3.7784
-23.4,-43.0,2.73,0.1914,0.101685,0.452049,537,454,259,83,176,5.33,2.2,5.0,7,1.82,4.0,0.3376,0.6161,0.7483,0.5748,1.4876,3.732
-23.4,-42.8,2.76,0.197937,0.115117,0.450378,537,443,242,84,158,4.79,2.21,5.0,7,1.77,3.0,0.3346,0.609,0.7225,0.5449,1.4172,3.6919
-23.4,-42.6,2.79,0.205333,0.125938,0.449289,540,432,224,84,140,4.24,2.29,5.0,7,1.81,3.0,0.3395,0.6073,0.7001,0.5568,1.4033,3.6442
-23.4,-42.2,2.84,0.20612,0.126278,0.452048,547,408,209,85,124,3.76,2.18,5.0,7,1.84,3.0,0.3282,0.6043,0.6918,0.5638,1.3942,3.5511
-23.4,-42.0,2.87,0.201215,0.116984,0.456463,557,414,214,81,133,4.03,2.17,5.0,7,1.8,3.0,0.3266,0.6082,0.7024,0.5479,1.2723,3.5373
-23.2,-44.4,1.88,0.238935,0.076103,0.512626,536,521,302,46,256,7.76,2.03,4.0,6,1.86,3.25,0.296,0.5877,0.8081,0.5323,1.3135,3.5702
-23.2,-44.2,2.08,0.232202,0.073048,0.490792,533,518,305,47,258,7.82,2.14,4.0,7,1.95,4.0,0.3253,0.6558,0.8507,0.6008,1.5094,3.7799
-23.2,-44.0,2.13,0.225776,0.071939,0.490087,532,510,296,46,250,7.58,2.06,4.0,6,1.87,4.0,0.3138,0.639,0.8371,0.5617,1.4699,3.6164
-23.2,-43.8,2.34,0.21996,0.072611,0.477846,521,499,294,53,241,7.3,2.08,4.0,6,1.89,4.0,0.332,0.6695,0.8509,0.5944,1.5621,3.6646
-23.2,-43.6,2.45,0.213783,0.07345,0.470074,519,486,292,55,237,7.18,2.13,4.0,6,1.9,4.0,0.345,0.6768,0.8953,0.6148,1.6399,3.7113
-23.2,-43.4,2.51,0.206644,0.074073,0.465678,518,472,286,67,219,6.64,2.23,5.0,6,1.97,4.0,0.3609,0.6705,0.8783,0.6545,1.7133,3.7448
-23.2,-43.2,2.56,0.200856,0.073207,0.462916,527,462,284,68,216,6.55,2.22,5.0,6,1.94,4.0,0.3607,0.6666,0.8614,0.65,1.6896,3.763
-23.2,-43.0,2.59,0.196588,0.07587,0.460574,531,458,281,71,210,6.36,2.23,5.0,7,1.91,4.0,0.3645,0.6564,0.8406,0.6465,1.6503,4.0064
-23.2,-42.8,2.63,0.195469,0.085791,0.45922,535,452,276,78,198,6.0,2.18,4.15,7,1.88,4.0,0.358,0.6428,0.8153,0.6228,1.5817,3.9353
-23.2,-42.6,2.67,0.198072,0.097424,0.458588,541,460,275,81,194,5.88,2.16,4.0,7,1.86,4.0,0.3466,0.6403,0.7906,0.5978,1.5539,3.8451
-23.2,-42.4,2.7,0.200248,0.10425,0.459627,547,472,270,87,183,5.55,2.14,4.0,7,1.83,4.0,0.346,0.6356,0.7694,0.5921,1.4928,3.7615
-23.2,-42.2,2.748,0.200646,0.104448,0.4631,540,478,265,87,178,5.39,2.13,4.15,7,1.81,4.0,0.3392,0.6275,0.763,0.5845,1.4842,3.6739
-23.2,-42.0,2.77,0.198236,0.100016,0.469734,552,487,271,88,183,5.55,2.07,4.0,7,1.75,4.0,0.3342,0.6224,0.7631,0.5663,1.4271,3.6448
-23.2,-41.8,2.81,0.194796,0.094509,0.477401,549,495,264,87,177,5.36,2.0,4.2,7,1.71,4.0,0.3278,0.617,0.7632,0.5436,1.5026,3.6185
-23.0,-44.4,0.77,0.248897,0.074324,0.534082,603,542,331,48,283,8.58,1.89,4.0,6,1.77,3.0,0.2093,0.4191,0.6463,0.3636,0.9076,2.3953
-23.0,-44.0,1.01,0.248421,0.070787,0.557472,602,535,309,57,252,7.64,1.83,3.45,5,1.68,3.0,0.239,0.4816,0.7102,0.3914,0.9371,2.2532
-23.0,-43.4,1.79,0.233271,0.067241,0.467955,540,502,310,48,262,7.94,2.08,4.0,6,1.91,4.0,0.3036,0.5895,0.8456,0.555,1.409,3.5758
-23.0,-43.2,1.93,0.228156,0.066532,0.469624,540,495,301,50,251,7.61,2.1,4.0,6,1.93,4.0,0.3206,0.6189,0.9049,0.5897,1.5128,3.7092
-23.0,-43.0,2.19,0.223334,0.0645,0.46555,544,486,296,51,245,7.43,2.12,4.0,6,1.92,4.0,0.3387,0.6511,0.9258,0.6213,1.5927,3.8366
-23.0,-42.8,2.34,0.216791,0.06449,0.462843,541,472,297,55,242,7.33,2.1,4.0,6,1.89,4.0,0.3476,0.6571,0.911,0.6296,1.7021,3.8852
-23.0,-42.6,2.42,0.211555,0.06902,0.462791,546,465,299,55,244,7.39,2.12,4.0,7,1.89,4.0,0.345,0.673,0.8927,0.6228,1.6939,4.1626
-23.0,-42.4,2.48,0.210004,0.073523,0.464063,539,471,299,65,234,7.09,2.17,4.35,7,1.93,4.0,0.3534,0.6648,0.8759,0.6458,1.7203,4.1111
-23.0,-42.2,2.52,0.20899,0.077186,0.468064,543,470,304,73,231,7.0,2.11,4.0,7,1.88,4.0,0.3517,0.6524,0.8699,0.6355,1.729,4.0347
-23.0,-42.0,2.57,0.20661,0.080343,0.481843,544,479,291,78,213,6.46,2.05,4.4,6,1.82,4.0,0.3364,0.6391,0.8597,0.595,1.6115,3.3021
-23.0,-41.8,2.65,0.205499,0.086782,0.49653,547,491,283,82,201,6.09,2.0,4.0,7,1.76,4.0,0.3197,0.6172,0.8395,0.5422,1.5029,3.6173
-23.0,-41.6,2.73,0.20152,0.088549,0.503546,555,493,280,88,192,5.82,1.94,4.0,7,1.73,3.45,0.3192,0.6128,0.8215,0.5287,1.4748,3.6067
-22.8,-41.8,2.04,0.212426,0.081481,0.524895,550,492,228,55,173,5.24,1.82,4.0,6,1.59,3.0,0.2326,0.479,0.7576,0.3647,1.0198,2.1392
-22.8,-41.6,2.5,0.207346,0.084002,0.527439,541,493,264,77,187,5.67,1.9,4.0,6,1.69,3.7,0.2926,0.579,0.8699,0.4837,1.4155,3.047
-22.6,-41.8,1.81,0.214863,0.077958,0.54993,503,489,177,41,136,4.12,1.66,3.0,5,1.49,3.0,0.2016,0.4373,0.6729,0.2998,0.7641,1.3867
-22.6,-41.6,2.31,0.211413,0.079104,0.549095,525,495,252,68,184,5.58,1.91,4.0,6,1.66,3.0,0.2763,0.5994,0.8144,0.4558,1.2232,2.8179
-22.6,-41.4,2.48,0.205978,0.078402,0.547916,544,483,265,81,184,5.58,1.96,4.0,6,1.72,3.0,0.3088,0.61,0.879,0.513,1.4047,3.1172
-22.4,-41.6,1.78,0.216784,0.074417,0.564705,519,494,239,59,180,5.46,1.98,4.0,6,1.75,3.05,0.2459,0.5157,0.7536,0.4151,1.1691,1.8724
-22.4,-41.4,2.19,0.213051,0.073609,0.564918,527,495,252,66,186,5.64,2.02,4.0,7,1.75,4.0,0.2761,0.5838,0.7949,0.4747,1.2912,2.8611
-22.4,-41.2,2.42,0.207227,0.075151,0.562775,536,486,257,77,180,5.46,2.01,4.0,6,1.77,4.0,0.3056,0.619,0.8352,0.513,1.4147,3.082
-22.4,-41.0,2.55,0.203314,0.090727,0.559406,553,458,255,91,164,4.97,1.99,4.0,7,1.76,3.0,0.297,0.5804,0.8183,0.4979,1.3533,3.2948
-22.4,-40.8,2.66,0.205397,0.109212,0.552765,553,387,215,82,133,4.03,2.08,4.0,7,1.74,3.0,0.3076,0.6041,0.7956,0.4958,1.3556,3.2485
-22.2,-41.4,1.35,0.223718,0.06814,0.576342,545,521,266,62,204,6.18,1.89,4.0,6,1.7,3.0,0.2175,0.4577,0.731,0.3684,1.0683,1.7682
-22.2,-41.2,2.13,0.219858,0.066784,0.578723,515,517,255,63,192,5.82,1.99,4.0,6,1.77,4.0,0.2788,0.5815,0.7767,0.4699,1.3253,2.0552
-22.2,-41.0,2.38,0.211982,0.076442,0.578729,543,489,252,75,177,5.36,1.95,4.0,6,1.71,3.0,0.292,0.6007,0.7679,0.4736,1.4047,2.0922
-22.2,-40.8,2.54,0.207457,0.090461,0.577013,543,465,244,90,154,4.67,1.96,4.0,6,1.7,3.0,0.2877,0.5754,0.7616,0.4692,1.327,2.9801
-22.2,-40.6,2.62,0.204931,0.100495,0.570299,556,418,219,84,135,4.09,2.07,4.0,6,1.76,3.0,0.3011,0.6074,0.7639,0.483,1.2357,2.9854
-22.0,-40.8,2.27,0.219477,0.082928,0.617009,536,503,242,83,159,4.82,1.77,4.0,6,1.58,3.0,0.2451,0.5316,0.654,0.3757,1.1487,1.7826
-22.0,-40.6,2.48,0.212702,0.090093,0.600748,545,476,235,85,150,4.55,1.89,4.0,6,1.66,3.0,0.2735,0.5646,0.6842,0.4198,1.2544,2.0156
-21.8,-40.8,1.928,0.224021,0.088736,0.663555,528,501,185,76,109,3.3,1.61,3.0,3,1.51,3.0,0.2124,0.4506,0.7044,0.2986,0.8136,1.2937
-21.8,-40.6,2.28,0.219633,0.097986,0.639461,548,473,216,89,127,3.85,1.87,4.0,6,1.68,3.0,0.244,0.5276,0.6818,0.3665,1.0302,1.8284
-21.6,-40.8,1.81,0.226347,0.093247,0.692761,533,495,136,56,80,2.42,1.55,3.0,4,1.41,3.0,0.1964,0.4122,0.7015,0.2519,0.666,1.1013
-21.6,-40.6,2.16,0.221039,0.107174,0.66473,529,444,181,76,105,3.18,1.85,4.0,4,1.57,3.0,0.2225,0.4575,0.6705,0.3081,0.9411,1.483
-21.4,-40.8,1.73,0.228933,0.090808,0.704077,499,501,123,50,73,2.21,1.45,2.0,3,1.37,2.0,0.1895,0.3933,0.5536,0.2423,0.617,0.8065
-21.4,-40.6,2.02,0.220727,0.103684,0.676114,528,449,167,68,99,3.0,1.71,3.0,4,1.47,3.0,0.2055,0.4368,0.5141,0.28,0.779,1.297
-21.2,-40.8,1.658,0.235542,0.085202,0.707869,460,525,122,47,75,2.27,1.49,3.0,3,1.35,2.0,0.1991,0.4092,0.4891,0.2572,0.6406,0.8337
-21.2,-40.6,1.86,0.224314,0.100793,0.680733,498,463,148,59,89,2.7,1.72,3.0,4,1.47,3.0,0.2032,0.4215,0.49,0.2749,0.7089,1.1056
-21.2,-40.4,2.13,0.222954,0.131564,0.63702,507,371,150,73,77,2.33,1.92,4.0,6,1.55,3.0,0.2114,0.4611,0.5436,0.3083,0.8705,1.2422
-21.0,-40.8,1.47,0.243586,0.087034,0.69954,446,535,146,52,94,2.85,1.61,3.0,4,1.45,2.35,0.205,0.411,0.7427,0.2708,0.697,0.8614
-21.0,-40.6,1.68,0.23033,0.103195,0.680894,483,475,161,62,99,3.0,1.73,3.0,5,1.51,3.0,0.1984,0.4331,0.6661,0.2719,0.7498,1.0288
-21.0,-40.4,2.02,0.224311,0.126646,0.646736,507,388,167,80,87,2.64,1.9,4.0,6,1.56,3.0,0.2168,0.477,0.5504,0.3055,0.8568,1.2446
-21.0,-40.2,2.29,0.236394,0.158401,0.620769,511,290,120,55,65,1.97,2.12,4.0,7,1.6,3.0,0.2467,0.4952,0.5678,0.3561,0.9357,1.2182
-21.0,-29.4,2.93,0.25865,0.19255,0.533699,515,62,24,12,12,0.36,5.0,13.35,15,2.08,4.35,0.2729,0.5265,0.5335,0.3525,1.011,1.2576
-21.0,-29.2,2.93,0.256112,0.189978,0.52851,513,65,23,13,10,0.3,5.5,12.55,13,2.1,4.65,0.2462,0.5016,0.5294,0.3518,1.0264,1.1962
-20.8,-40.4,1.86,0.228063,0.116691,0.654957,486,425,174,75,99,3.0,1.85,4.0,6,1.53,3.0,0.2076,0.4381,0.5475,0.2878,0.816,1.2713
-20.8,-40.2,2.16,0.228763,0.142521,0.636018,513,331,149,71,78,2.36,2.03,4.0,6,1.55,3.0,0.2385,0.5056,0.5854,0.3347,0.8735,1.3237
-20.8,-40.0,2.39,0.250423,0.176918,0.62257,522,242,100,52,48,1.45,2.48,4.65,7,1.79,3.0,0.2753,0.542,0.5994,0.4222,1.0781,1.2759
-20.8,-29.6,2.92,0.261644,0.194201,0.547904,516,58,24,13,11,0.33,4.82,13.0,16,2.18,5.0,0.2371,0.4856,0.5377,0.3884,1.0427,1.2883
-20.8,-29.4,2.92,0.259664,0.192634,0.54205,516,58,19,9,10,0.3,5.4,13.1,14,2.3,4.65,0.2455,0.4966,0.5308,0.4047,1.0325,1.2101
-20.8,-29.2,2.92,0.255782,0.189812,0.535257,510,60,18,9,9,0.27,5.56,13.8,15,2.33,4.6,0.2689,0.5554,0.6177,0.4232,0.9443,1.0235
-20.8,-29.0,2.92,0.252327,0.186499,0.531225,512,75,22,10,12,0.36,4.67,13.35,15,2.0,4.45,0.2503,0.5358,0.6175,0.3458,0.9092,1.0044
-20.8,-28.8,2.92,0.248789,0.184031,0.528294,515,68,18,8,10,0.3,5.5,12.55,13,2.2,4.1,0.2855,0.5743,0.6175,0.4465,0.9266,1.0081
-20.8,-28.6,2.92,0.247071,0.18235,0.525825,516,62,18,8,10,0.3,4.7,11.75,14,2.1,3.55,0.2879,0.5715,0.6152,0.4431,0.8973,0.94
-20.6,-40.4,1.57,0.237372,0.107236,0.65423,444,474,172,63,109,3.3,1.75,4.0,6,1.55,3.0,0.1912,0.4063,0.545,0.2657,0.7502,0.9828
-20.6,-40.2,1.94,0.228375,0.129715,0.648198,491,389,178,85,93,2.82,1.99,4.0,6,1.62,3.0,0.2252,0.4384,0.5665,0.3242,0.8517,1.0916
-20.6,-40.0,2.27,0.241462,0.163419,0.637037,520,279,128,63,65,1.97,2.09,3.8,6,1.58,3.0,0.2462,0.5,0.6062,0.3484,0.956,1.3139
-20.6,-29.8,2.91,0.260855,0.193309,0.562409,512,55,17,8,9,0.27,5.22,12.8,14,2.33,5.2,0.3045,0.5216,0.5387,0.4385,1.1202,1.3345
-20.6,-29.6,2.91,0.260665,0.193038,0.557873,508,59,21,11,10,0.3,5.1,15.2,17,2.1,4.65,0.253,0.4735,0.532,0.3897,1.056,1.2628
-20.6,-29.4,2.91,0.258951,0.192132,0.55243,516,64,22,11,11,0.33,4.64,12.5,13,1.91,3.5,0.2498,0.4754,0.5259,0.3506,0.9127,1.0039
-20.6,-29.2,2.91,0.254461,0.189232,0.549504,510,66,22,10,12,0.36,4.83,12.9,14,1.92,3.9,0.2652,0.4763,0.5219,0.342,0.9259,1.0223
-20.6,-29.0,2.91,0.25074,0.185154,0.542649,510,68,21,9,12,0.36,5.0,12.45,13,2.0,3.45,0.2816,0.5471,0.6152,0.42,0.8818,0.9271
-20.6,-28.8,2.91,0.246485,0.182085,0.536124,513,70,21,8,13,0.39,4.85,12.8,14,2.08,3.4,0.3027,0.5428,0.6135,0.449,1.0711,1.2834
-20.6,-28.6,2.92,0.244529,0.179973,0.534998,510,66,23,9,14,0.42,5.0,12.8,18,2.07,3.35,0.3096,0.4932,0.5029,0.4316,1.0284,1.2426
-20.4,-40.2,1.65,0.232371,0.121862,0.654766,477,422,183,80,103,3.12,1.9,3.0,6,1.61,3.0,0.2116,0.4199,0.5136,0.3093,0.8773,1.0284
-20.4,-40.0,2.17,0.235713,0.152222,0.645867,494,322,146,67,79,2.39,2.09,3.1,6,1.61,3.0,0.2347,0.5055,0.6246,0.3317,0.8877,1.368
-20.4,-39.8,2.4,0.253084,0.183255,0.635389,505,220,99,52,47,1.42,2.3,4.0,6,1.68,3.0,0.255,0.4719,0.5984,0.3925,0.9233,1.357
-20.4,-29.6,2.9,0.256897,0.189982,0.568821,505,63,19,7,12,0.36,4.5,15.25,18,1.92,3.45,0.2473,0.4421,0.5257,0.3634,0.9035,1.0508
-20.4,-29.4,2.9,0.254991,0.188882,0.567851,509,68,22,9,13,0.39,4.85,14.4,18,2.08,3.4,0.2476,0.4372,0.5205,0.3801,0.8859,1.0031
-20.4,-29.2,2.9,0.251102,0.186187,0.56471,507,68,20,6,14,0.42,5.5,14.45,19,2.0,3.7,0.2706,0.452,0.5172,0.3563,0.8744,1.0081
-20.4,-29.0,2.9,0.246956,0.18256,0.562921,509,70,20,8,12,0.36,6.33,16.25,19,2.33,3.9,0.3119,0.4745,0.5,0.4709,1.1229,1.3008
-20.4,-28.8,2.91,0.243242,0.179635,0.554602,508,73,18,6,12,0.36,6.58,16.25,19,2.5,4.45,0.3043,0.4834,0.5,0.4858,1.1489,1.2553
-20.4,-28.6,2.91,0.240405,0.177482,0.546389,509,70,18,4,14,0.42,5.86,15.75,19,2.29,4.7,0.3261,0.5272,0.5776,0.4833,1.3422,1.5527
-20.2,-40.0,2.08,0.235969,0.144534,0.653511,475,366,157,76,81,2.45,2.25,4.0,6,1.78,3.0,0.2544,0.5236,0.6119,0.3877,0.9428,1.4163
-20.2,-39.8,2.32,0.24692,0.173014,0.640954,501,262,120,60,60,1.82,2.27,5.0,6,1.72,3.0,0.256,0.5141,0.6085,0.3845,0.9573,1.3789
-20.2,-29.6,2.89,0.251814,0.185897,0.577799,500,61,21,8,13,0.39,5.31,15.0,18,2.08,4.0,0.2544,0.4414,0.5208,0.3788,0.9072,1.0602
-20.2,-29.4,2.89,0.249102,0.184233,0.575115,504,60,22,8,14,0.42,4.79,12.2,20,1.86,4.0,0.2731,0.4475,0.5,0.3278,0.8717,0.9992
-20.2,-29.2,2.89,0.246468,0.181945,0.571933,502,63,22,9,13,0.39,5.31,13.6,19,2.0,4.4,0.258,0.4109,0.422,0.3626,0.8882,1.0093
-20.2,-29.0,2.89,0.242537,0.179321,0.56778,503,69,18,9,9,0.27,7.67,17.0,19,3.0,5.0,0.3123,0.4559,0.461,0.5965,1.1457,1.2703
-20.2,-28.8,2.89,0.239126,0.177051,0.562204,507,67,18,5,13,0.39,6.23,16.0,19,2.54,5.0,0.3063,0.5125,0.5718,0.4837,1.1196,1.2496
-20.2,-28.6,2.89,0.237522,0.175269,0.555528,506,65,18,4,14,0.42,6.21,15.75,19,2.43,5.35,0.3045,0.5245,0.5701,0.4754,1.321,1.5159
-20.0,-40.0,2.01,0.23896,0.136669,0.660005,468,405,190,89,101,3.06,2.13,4.0,6,1.82,3.0,0.2519,0.4761,0.62,0.4045,1.0229,1.4722
-20.0,-39.8,2.24,0.240118,0.157486,0.648694,493,309,146,66,80,2.42,2.21,4.0,6,1.75,3.0,0.2775,0.5042,0.6224,0.4013,1.0031,1.4165
-20.0,-39.6,2.4,0.249153,0.178778,0.645659,494,225,105,56,49,1.49,2.8,5.0,6,1.88,3.0,0.2837,0.4847,0.6162,0.4299,0.9787,1.4545
-19.8,-40.0,1.718,0.246638,0.129643,0.66568,482,438,215,85,130,3.94,2.02,4.0,6,1.72,3.0,0.2322,0.4495,0.571,0.3761,0.9907,1.4267
-19.8,-39.8,2.04,0.240177,0.140038,0.66284,494,397,192,90,102,3.09,2.13,4.0,6,1.81,3.0,0.2617,0.509,0.6537,0.4247,1.0438,1.5123
-19.8,-39.6,2.29,0.241149,0.160036,0.653124,496,314,143,68,75,2.27,2.29,4.3,6,1.77,3.0,0.293,0.5376,0.6234,0.4173,1.0026,1.4612
-19.8,-39.4,2.42,0.246956,0.174987,0.653365,490,232,111,55,56,1.7,2.61,5.0,6,1.86,3.25,0.2855,0.5045,0.632,0.4172,1.0158,1.5091
-19.6,-39.6,2.09,0.243374,0.147066,0.697423,495,367,177,81,96,2.91,2.16,4.0,6,1.77,3.0,0.2624,0.5116,0.6496,0.4195,1.0861,1.5135
-19.6,-39.4,2.25,0.241924,0.160308,0.687139,495,310,144,70,74,2.24,2.3,4.35,6,1.8,3.35,0.2938,0.5517,0.6342,0.4198,0.9869,1.4809
-19.4,-39.6,1.7,0.248343,0.143362,0.791934,491,407,187,86,101,3.06,2.1,4.0,6,1.7,3.0,0.225,0.4368,0.538,0.354,0.9426,1.3784
-19.4,-39.4,2.1,0.243286,0.152701,0.779243,482,345,156,75,81,2.45,2.21,4.0,6,1.79,3.0,0.2771,0.5184,0.6534,0.4179,0.9184,1.5006
-19.2,-39.6,1.66,0.251859,0.145541,0.939666,490,400,168,81,87,2.64,1.98,4.0,6,1.68,3.0,0.2291,0.4455,0.5428,0.3559,0.8253,1.3321
-19.2,-39.4,2.06,0.244783,0.150887,0.904732,492,356,165,83,82,2.49,2.18,4.0,6,1.65,3.0,0.2836,0.5462,0.6733,0.4068,0.9603,1.5264
-19.0,-39.6,1.56,0.252816,0.144878,1.050886,469,400,161,84,77,2.33,2.03,4.0,6,1.64,3.0,0.2362,0.4485,0.5189,0.3517,0.8452,1.0603
-19.0,-39.4,2.02,0.245723,0.149763,1.015036,473,362,170,89,81,2.45,2.17,4.0,6,1.67,3.0,0.2864,0.564,0.6901,0.4224,0.9913,1.5606
-18.8,-39.6,1.33,0.25494,0.144824,1.144851,487,401,176,95,81,2.45,1.99,4.0,6,1.67,3.0,0.2242,0.4464,0.4884,0.3454,0.7835,1.0524
-18.8,-39.4,1.88,0.247405,0.14954,1.109063,472,362,171,89,82,2.49,2.2,4.0,6,1.67,3.0,0.2732,0.5282,0.6886,0.4153,0.9811,1.5888
-18.6,-39.6,1.34,0.258612,0.144373,1.226963,492,404,193,106,87,2.64,2.02,4.0,6,1.71,3.0,0.2379,0.4743,0.5455,0.3678,0.8996,1.2303
-18.6,-39.4,1.8,0.249858,0.14803,1.186398,480,372,184,95,89,2.7,2.28,4.0,6,1.73,3.0,0.2793,0.5501,0.6837,0.4367,1.0473,1.6121
-18.4,-39.6,1.45,0.263514,0.143022,1.291322,476,419,206,109,97,2.94,1.97,4.0,6,1.65,3.0,0.2465,0.5145,0.6903,0.3813,0.9995,1.3786
-18.4,-39.4,1.79,0.254322,0.145254,1.251736,475,399,206,110,96,2.91,2.2,4.0,6,1.74,3.0,0.3022,0.5994,0.7379,0.4705,1.1298,1.6702
-18.2,-39.4,1.62,0.261256,0.14188,1.301262,462,412,230,123,107,3.24,2.21,4.0,6,1.77,3.0,0.288,0.5801,0.7518,0.4786,1.1477,1.8557
-18.2,-39.2,1.85,0.255313,0.144437,1.245544,458,402,226,122,104,3.15,2.3,4.0,6,1.81,3.0,0.3024,0.6093,0.7662,0.5044,1.3457,1.7265
-18.2,-39.0,2.0,0.253706,0.14565,1.186307,468,396,220,119,101,3.06,2.32,4.0,6,1.79,3.0,0.3025,0.6026,0.7785,0.5032,1.3437,1.7232
-18.0,-39.4,1.34,0.270931,0.137817,1.331671,456,425,254,129,125,3.79,2.38,5.0,7,1.84,3.0,0.2742,0.5605,0.7536,0.4817,1.2189,1.8483
-18.0,-39.2,1.71,0.263802,0.139275,1.276478,460,417,253,131,122,3.7,2.36,4.95,7,1.84,3.0,0.3051,0.67,0.8335,0.5301,1.4768,1.9833
-18.0,-39.0,1.86,0.260262,0.141995,1.213096,474,403,243,126,117,3.55,2.38,4.0,6,1.85,3.0,0.3068,0.6414,0.8495,0.5238,1.4611,1.7699
-18.0,-38.8,1.87,0.255135,0.144966,1.1517,479,385,221,115,106,3.21,2.34,4.0,6,1.84,3.0,0.2747,0.5547,0.7833,0.4759,1.3041,2.0467
-17.8,-39.0,1.65,0.262264,0.14428,1.204005,478,396,244,127,117,3.55,2.36,4.0,6,1.83,3.0,0.2824,0.611,0.7861,0.49,1.3522,2.0802
-17.8,-38.8,1.72,0.256267,0.152091,1.139113,487,362,199,106,93,2.82,2.31,4.0,6,1.81,3.0,0.2547,0.536,0.7135,0.4248,1.1447,1.8724
-17.6,-39.0,1.208,0.262813,0.155088,1.152385,483,371,210,113,97,2.94,2.24,4.0,6,1.77,3.0,0.2148,0.4647,0.6754,0.3547,0.9659,1.3851
-17.6,-38.8,1.72,0.256302,0.163049,1.086111,470,311,161,87,74,2.24,2.2,4.0,6,1.69,3.0,0.2296,0.5074,0.6442,0.3584,0.9029,1.4395
-17.4,-39.0,1.41,0.262813,0.161027,1.095402,472,348,152,85,67,2.03,1.94,4.0,5,1.57,3.0,0.1944,0.4215,0.5118,0.2901,0.74,1.1101
-17.4,-38.8,1.82,0.257227,0.168466,1.030572,446,285,142,80,62,1.88,2.11,4.0,6,1.66,3.0,0.2332,0.4508,0.6626,0.3546,0.8497,1.3963
-17.2,-39.0,1.56,0.264168,0.165297,1.046291,449,326,148,82,66,2.0,2.15,4.0,5,1.65,3.0,0.2033,0.3957,0.5581,0.3261,0.7541,1.4684
-17.2,-38.8,1.83,0.257742,0.175932,0.972383,449,242,128,71,57,1.73,2.37,4.2,6,1.81,3.0,0.2335,0.4676,0.6534,0.3661,0.885,1.3343
-17.0,-39.0,1.5,0.266732,0.1663,1.005759,438,320,160,87,73,2.21,2.38,5.0,5,1.79,3.0,0.2015,0.4351,0.5229,0.3369,0.7837,1.1549
-17.0,-38.8,1.81,0.257697,0.17962,0.929029,441,225,116,61,55,1.67,2.47,5.3,7,1.84,3.0,0.2241,0.4794,0.6386,0.3497,0.9019,0.9583
-16.8,-39.0,1.5,0.268807,0.171997,0.97206,414,307,150,78,72,2.18,2.42,5.0,5,1.81,3.0,0.1918,0.4098,0.4923,0.324,0.7837,1.1493
-16.8,-38.8,1.83,0.259235,0.180782,0.926524,437,221,119,62,57,1.73,2.53,5.2,6,1.84,3.0,0.2181,0.4506,0.6644,0.3419,0.8609,1.0195
-16.6,-39.0,1.25,0.272469,0.174012,0.967801,410,311,152,77,75,2.27,2.56,5.0,5,1.88,3.3,0.1752,0.3745,0.456,0.3043,0.7725,0.9886
-16.6,-38.8,1.88,0.261208,0.179433,0.940806,403,237,121,67,54,1.64,2.72,5.35,7,2.04,4.0,0.2391,0.4974,0.672,0.3954,0.9134,1.1135
-16.4,-38.8,1.8,0.264891,0.17702,0.951885,399,258,138,74,64,1.94,2.8,5.85,7,2.05,4.0,0.2394,0.4377,0.678,0.4018,0.9052,1.1719
-16.4,-38.6,1.98,0.258682,0.180393,0.917305,407,201,104,54,50,1.52,2.88,6.0,7,2.12,4.0,0.2299,0.4479,0.6603,0.3979,0.8874,1.2296
-16.2,-38.8,1.54,0.26961,0.175332,0.96449,400,276,145,74,71,2.15,2.79,6.0,7,2.0,4.0,0.2096,0.4182,0.5856,0.3651,0.8526,1.1
-16.2,-38.6,1.92,0.261717,0.178842,0.938238,408,222,121,61,60,1.82,2.8,6.0,7,1.97,4.0,0.228,0.4333,0.6691,0.3799,0.9114,1.2702
-16.0,-38.8,1.46,0.272761,0.176236,0.959015,392,282,138,70,68,2.06,2.75,5.0,8,2.09,4.0,0.206,0.4203,0.5335,0.3635,0.8033,1.0846
-16.0,-38.6,1.94,0.263058,0.184015,0.936481,394,211,111,56,55,1.67,2.82,6.0,7,1.98,4.0,0.2265,0.4283,0.6575,0.3898,0.9102,1.301
-15.8,-38.8,1.4,0.270123,0.183285,0.925339,395,250,119,57,62,1.88,2.44,5.0,7,1.85,4.0,0.1635,0.325,0.4546,0.2713,0.7339,0.8844
-15.8,-38.6,2.01,0.262774,0.192251,0.90887,385,168,80,41,39,1.18,3.08,6.0,6,2.15,4.0,0.2307,0.4538,0.6263,0.3865,0.8803,0.962
-15.8,-38.4,2.07,0.26828,0.204095,0.908908,395,131,58,30,28,0.85,3.32,8.0,10,2.0,4.0,0.2167,0.4319,0.5655,0.313,0.7344,1.0455
-15.6,-38.8,1.62,0.267928,0.187608,0.920412,400,211,98,48,50,1.52,2.52,5.0,7,1.84,4.0,0.1545,0.3061,0.4592,0.2658,0.7433,0.9376
-15.6,-38.6,2.01,0.264999,0.1975,0.907959,391,155,71,39,32,0.97,3.09,6.45,9,2.19,4.0,0.2161,0.3675,0.5022,0.3782,0.8956,1.0212
-15.4,-38.8,1.76,0.267544,0.191112,0.916845,390,193,88,41,47,1.42,2.72,5.0,7,1.89,4.0,0.1692,0.3502,0.5469,0.282,0.7452,1.1037
-15.4,-38.6,2.02,0.268741,0.202938,0.909304,390,147,60,33,27,0.82,3.22,7.7,10,2.15,4.0,0.2124,0.4428,0.4672,0.3583,0.8077,1.0551
-15.2,-38.8,1.76,0.268576,0.196381,0.911592,395,176,83,42,41,1.24,2.68,5.0,6,1.9,4.0,0.1695,0.353,0.5552,0.2851,0.7781,1.1032
-15.2,-38.6,2.04,0.271145,0.207514,0.91138,388,144,56,30,26,0.79,2.73,7.5,8,1.88,3.0,0.2088,0.3511,0.3925,0.3087,0.6991,1.024
-15.0,-38.8,1.87,0.269283,0.200121,0.912432,401,168,74,41,33,1.0,2.76,5.4,7,1.94,4.0,0.1728,0.3659,0.4122,0.2947,0.6615,1.1664
-15.0,-38.6,2.06,0.272347,0.210182,0.914858,386,139,53,31,22,0.67,2.82,6.9,7,1.68,3.0,0.2085,0.3707,0.4694,0.2821,0.593,0.9743
-14.8,-38.8,1.9,0.270801,0.203163,0.917464,397,165,73,42,31,0.94,2.68,5.0,6,2.03,4.0,0.1813,0.3878,0.4237,0.3374,0.8011,1.2828
-14.8,-38.6,2.07,0.272824,0.210939,0.919487,389,138,54,32,22,0.67,3.0,7.85,9,1.77,3.0,0.2251,0.3998,0.4564,0.3454,0.9509,1.3192
-14.6,-38.8,1.938,0.27109,0.204407,0.922739,388,161,69,40,29,0.88,2.55,4.6,6,1.97,4.0,0.201,0.4174,0.461,0.3591,0.8761,1.3725
-14.6,-38.6,2.08,0.272047,0.2105,0.924689,390,134,55,35,20,0.61,3.0,6.15,9,1.9,3.05,0.2423,0.5007,0.5134,0.4035,0.9299,1.6679
-14.4,-38.8,1.95,0.271703,0.204815,0.928005,394,166,71,42,29,0.88,2.93,5.6,6,2.21,4.0,0.2168,0.4529,0.5054,0.4288,0.9744,1.6578
-14.4,-38.6,2.1,0.271261,0.209373,0.930156,390,132,53,33,20,0.61,2.9,6.15,9,1.95,3.1,0.2517,0.5015,0.5309,0.4322,0.9911,1.8487
-14.2,-38.8,1.87,0.272322,0.203552,0.933036,390,174,76,46,30,0.91,2.93,5.0,6,2.23,4.0,0.2182,0.4451,0.5144,0.4283,1.0518,1.6739
-14.2,-38.6,2.1,0.270083,0.208024,0.935595,382,135,55,33,22,0.67,3.09,6.0,10,2.09,4.0,0.259,0.4968,0.5238,0.468,1.0266,1.8443
-14.0,-38.8,1.8,0.273689,0.203892,0.938179,396,173,84,50,34,1.03,2.82,5.0,6,2.09,4.0,0.2169,0.4544,0.4833,0.3938,1.0486,1.6117
-14.0,-38.6,2.08,0.268625,0.207051,0.940826,386,145,60,39,21,0.64,2.95,6.0,6,2.33,4.0,0.2616,0.5,0.5035,0.523,1.0992,1.8476
-13.8,-38.8,1.73,0.276116,0.203897,0.945465,389,175,86,49,37,1.12,3.16,5.2,9,2.16,4.0,0.2061,0.4416,0.4517,0.383,1.0465,1.5598
-13.8,-38.6,2.08,0.268781,0.206741,0.945531,374,143,60,35,25,0.76,3.16,6.0,7,2.2,4.0,0.2718,0.4842,0.5,0.5008,1.3036,1.8231
-13.6,-38.8,1.71,0.279738,0.206297,0.948108,381,171,90,48,42,1.27,3.17,5.95,10,2.12,4.0,0.191,0.3817,0.4481,0.3511,1.0043,1.4059
-13.6,-38.6,2.07,0.270088,0.206858,0.949112,369,152,65,35,30,0.91,3.0,6.0,7,2.17,4.0,0.2391,0.4635,0.5008,0.4528,1.1339,1.7569
-13.4,-38.8,1.71,0.282958,0.206623,0.951327,374,172,92,48,44,1.33,2.93,5.0,11,2.11,4.0,0.2072,0.3972,0.5744,0.3538,0.9192,1.3097
-13.4,-38.6,2.05,0.273293,0.206286,0.950906,355,161,79,41,38,1.15,3.24,5.15,9,2.16,4.15,0.2424,0.4682,0.5041,0.4473,1.1103,1.7453
-13.4,-38.4,2.14,0.265411,0.204509,0.95337,366,142,60,33,27,0.82,3.37,6.0,8,2.26,4.0,0.2704,0.4405,0.5179,0.5082,1.0444,1.3104
-13.2,-38.6,1.99,0.281181,0.204848,0.953393,353,166,92,47,45,1.36,3.56,6.0,11,2.38,4.8,0.2674,0.4887,0.6547,0.5099,1.2053,1.7851
-13.2,-38.4,2.11,0.27033,0.203496,0.952719,352,168,79,42,37,1.12,3.51,6.0,11,2.3,5.0,0.252,0.4495,0.505,0.4837,1.168,1.6753
-13.2,-38.2,2.17,0.260825,0.200369,0.952711,359,147,59,32,27,0.82,3.44,6.7,9,2.33,4.0,0.2535,0.4273,0.5171,0.4912,1.0428,1.1917
-13.2,-38.0,2.2,0.255684,0.194694,0.952021,362,142,54,31,23,0.7,2.87,5.0,6,2.04,3.9,0.2457,0.4457,0.5,0.3629,0.7109,0.8988
-13.0,-38.4,1.96,0.282711,0.201955,0.949998,358,175,102,47,55,1.67,3.69,7.0,13,2.35,5.0,0.2782,0.5246,0.6605,0.4871,1.2814,1.7262
-13.0,-38.2,2.1,0.269589,0.201245,0.950352,357,163,83,46,37,1.12,3.68,7.0,12,2.35,5.0,0.2371,0.4502,0.5114,0.4574,1.0881,1.5468
-13.0,-38.0,2.17,0.258492,0.197739,0.9505,352,157,66,35,31,0.94,3.19,6.5,10,2.16,4.0,0.2157,0.4243,0.5005,0.4022,1.0446,1.1378
-13.0,-37.8,2.23,0.251533,0.190653,0.950143,351,133,53,30,23,0.7,2.43,4.9,6,1.83,4.0,0.2213,0.4101,0.5,0.2951,0.7627,0.829
-12.8,-38.0,2.1,0.267769,0.200284,0.949006,343,159,79,44,35,1.06,3.74,6.3,13,2.37,4.3,0.2181,0.3814,0.5034,0.4467,1.0569,1.4134
-12.8,-37.8,2.19,0.255388,0.195262,0.948939,342,151,60,33,27,0.82,3.3,6.0,6,2.19,4.0,0.1983,0.3926,0.5,0.3797,1.007,1.104
-12.6,-37.8,2.12,0.264652,0.199515,0.947612,338,161,68,36,32,0.97,3.5,5.9,11,2.22,4.45,0.2105,0.3593,0.4828,0.3927,1.0495,1.2351
-12.6,-37.6,2.21,0.252491,0.192322,0.949102,341,138,53,30,23,0.7,3.57,6.0,8,2.22,4.0,0.2154,0.3832,0.5,0.3843,0.9785,1.1252
-12.4,-37.8,1.78,0.27338,0.201528,0.96485,346,159,79,41,38,1.15,3.53,7.0,11,2.26,5.0,0.1986,0.3586,0.557,0.3322,0.949,1.0669
-12.4,-37.6,2.14,0.260133,0.196985,0.949246,333,150,59,31,28,0.85,3.75,6.3,11,2.32,4.65,0.2128,0.3533,0.4448,0.4017,1.055,1.263
-12.4,-37.4,2.24,0.249054,0.188905,0.950421,339,129,50,26,24,0.73,3.17,6.0,8,2.25,4.0,0.1997,0.36,0.3683,0.3842,1.027,1.1561
-12.2,-37.6,1.97,0.268988,0.199839,0.953568,336,153,76,39,37,1.12,3.73,8.6,12,2.22,4.2,0.2169,0.4061,0.5598,0.3432,1.0809,1.1688
-12.2,-37.4,2.19,0.255146,0.193985,0.951332,337,139,54,30,24,0.73,3.75,6.0,8,2.25,4.0,0.2225,0.3635,0.5823,0.3752,0.9923,1.1371
-12.0,-37.4,2.12,0.262948,0.198422,0.952447,337,151,67,38,29,0.88,3.62,9.0,11,2.14,4.6,0.208,0.3573,0.5908,0.3501,0.9475,1.2137
-12.0,-37.2,2.23,0.251289,0.19096,0.952844,340,131,49,26,23,0.7,2.83,5.0,6,2.0,4.0,0.2153,0.3562,0.5786,0.3557,0.9092,1.1009
-11.8,-37.4,2.01,0.269803,0.201015,0.958718,328,156,72,40,32,0.97,3.44,9.45,11,2.09,4.45,0.1886,0.3418,0.5984,0.314,0.9539,1.1532
-11.8,-37.2,2.19,0.255789,0.195055,0.953543,346,142,52,28,24,0.73,3.42,7.7,8,1.96,4.0,0.2153,0.349,0.5864,0.343,0.9154,1.0914
-11.6,-37.4,1.84,0.275946,0.203258,1.072647,344,166,78,35,43,1.3,4.0,10.9,15,2.21,5.0,0.2499,0.4637,0.681,0.4162,1.2137,1.4419
-11.6,-37.2,2.07,0.264692,0.199272,0.953842,339,154,65,38,27,0.82,3.7,8.7,12,2.15,5.0,0.2052,0.3593,0.5702,0.3565,0.9078,1.2337
-11.6,-37.0,2.23,0.252144,0.192599,0.954208,338,134,49,27,22,0.67,2.82,5.0,6,1.91,4.0,0.2122,0.3758,0.586,0.3371,0.9273,1.0644
-11.4,-37.2,1.86,0.273297,0.202991,0.968069,328,160,69,38,31,0.94,3.77,11.5,15,2.13,5.0,0.1972,0.4256,0.5483,0.3373,0.9623,1.0971
-11.4,-37.0,2.19,0.261116,0.197975,0.954439,337,146,57,33,24,0.73,3.58,7.85,13,2.08,5.0,0.222,0.5316,0.5724,0.3715,0.9708,1.1989
-11.4,-36.8,2.26,0.249743,0.190849,0.954895,348,135,46,27,19,0.58,3.05,6.0,6,1.95,4.1,0.2176,0.4149,0.5218,0.3442,0.9911,1.032
-11.2,-37.0,2.0,0.271554,0.202253,0.960072,340,155,67,39,28,0.85,3.89,11.95,14,2.25,5.0,0.2215,0.4562,0.5032,0.3943,1.0241,1.1982
-11.2,-36.8,2.22,0.259547,0.197201,0.955155,342,146,55,34,21,0.64,3.71,7.0,14,2.05,4.0,0.213,0.3901,0.5175,0.3632,1.0273,1.2147
-11.0,-37.0,1.45,0.281625,0.207078,0.969522,355,165,75,45,30,0.91,3.87,11.1,16,2.33,5.0,0.1716,0.3685,0.3827,0.3191,0.7701,1.0125
-11.0,-36.8,2.19,0.271114,0.20147,0.957194,340,157,64,37,27,0.82,3.89,11.2,14,2.11,4.7,0.2356,0.4992,0.5682,0.3954,1.0877,1.3336
-11.0,-36.6,2.24,0.259713,0.196778,0.955646,334,145,54,35,19,0.58,3.89,7.7,14,2.16,4.1,0.2063,0.4383,0.6041,0.3647,1.1115,1.2335
-10.8,-36.8,1.66,0.282496,0.205188,0.970013,340,162,75,45,30,0.91,4.3,14.2,17,2.5,5.55,0.1906,0.3996,0.454,0.3818,0.963,1.0817
-10.8,-36.6,2.11,0.272567,0.199707,0.970858,329,156,64,37,27,0.82,4.3,13.8,15,2.3,5.0,0.2318,0.5267,0.5965,0.4184,1.1062,1.3021
-10.8,-36.4,2.23,0.260456,0.195846,0.957841,336,141,53,32,21,0.64,4.0,8.0,14,2.05,4.0,0.1983,0.4134,0.6046,0.3516,1.0895,1.3328
-10.8,-36.2,2.31,0.24787,0.188413,0.959007,340,125,40,28,12,0.36,4.08,7.35,9,2.33,4.0,0.2274,0.4935,0.5814,0.4018,1.09,1.1549
-10.6,-36.6,1.86,0.282533,0.201982,0.992775,336,168,84,50,34,1.03,4.32,13.05,17,2.56,5.35,0.2178,0.4608,0.5567,0.442,1.2347,1.3308
-10.6,-36.4,2.08,0.271614,0.196731,0.964956,342,162,72,43,29,0.88,4.34,14.4,17,2.52,5.6,0.2297,0.4944,0.6076,0.4669,1.207,1.4128
-10.6,-36.2,2.22,0.261598,0.195147,0.961861,346,154,57,34,23,0.7,3.96,9.0,14,2.0,4.0,0.1979,0.4203,0.6066,0.3539,1.0509,1.4111
-10.6,-36.0,2.32,0.245918,0.186451,0.962179,342,136,43,26,17,0.52,3.53,6.8,10,1.94,4.2,0.2092,0.4347,0.5331,0.3361,1.0819,1.3242
-10.4,-36.2,1.9,0.269956,0.1983,0.986222,356,163,71,41,30,0.91,3.8,7.0,16,2.1,4.0,0.2014,0.358,0.467,0.3556,1.0236,1.2951
-10.4,-36.0,2.23,0.259041,0.19314,0.9649,347,149,57,35,22,0.67,3.82,8.85,15,1.95,3.95,0.2217,0.5417,0.6062,0.3634,1.0288,1.4289
-10.4,-35.8,2.32,0.243985,0.184821,0.965449,350,141,42,25,17,0.52,4.24,8.2,9,2.12,4.2,0.2139,0.438,0.5335,0.3472,1.0525,1.3533
-10.2,-36.0,2.0,0.267635,0.195241,0.982127,348,157,65,35,30,0.91,3.73,8.0,15,2.1,5.0,0.212,0.3919,0.4883,0.3706,1.1231,1.3201
-10.2,-35.8,2.26,0.253947,0.189775,0.967084,354,148,55,33,22,0.67,3.91,9.8,15,1.91,3.95,0.192,0.4135,0.6036,0.3201,0.9498,1.3993
-10.2,-35.6,2.33,0.242115,0.183547,0.968501,357,133,45,29,16,0.48,3.94,7.75,10,2.12,4.25,0.1954,0.3624,0.4215,0.3553,1.049,1.3946
-10.0,-35.8,2.01,0.261726,0.192554,0.976761,354,154,69,36,33,1.0,3.61,10.0,16,1.85,4.4,0.1857,0.418,0.5998,0.2978,1.0184,1.2443
-10.0,-35.6,2.27,0.251656,0.189189,0.970033,353,145,57,35,22,0.67,3.82,8.85,15,1.82,3.95,0.2001,0.4224,0.5922,0.3076,0.9268,1.4002
-10.0,-35.4,2.35,0.239998,0.182,0.971629,349,132,45,28,17,0.52,3.94,8.4,10,1.94,3.4,0.2004,0.3644,0.4385,0.3255,0.9422,1.4178
-9.8,-35.8,2.13,0.266531,0.193949,0.999875,358,153,72,37,35,1.06,3.97,10.8,17,1.94,5.0,0.2071,0.4508,0.6011,0.3335,1.0201,1.5151
-9.8,-35.6,2.19,0.257992,0.190763,0.985671,355,152,66,35,31,0.94,3.71,10.5,15,1.81,4.5,0.1978,0.4584,0.6086,0.3108,1.0455,1.4902
-9.8,-35.4,2.28,0.249121,0.187452,0.975167,351,153,58,35,23,0.7,3.7,9.6,16,1.7,3.0,0.2152,0.4847,0.5928,0.3187,0.9081,1.4651
-9.6,-35.6,1.6,0.264005,0.192467,0.97636,371,156,75,28,47,1.42,4.19,10.0,19,2.11,5.0,0.2026,0.4444,0.7108,0.3736,1.3563,1.8186
-9.6,-35.4,2.13,0.254871,0.188841,0.998751,352,158,67,38,29,0.88,3.66,10.0,16,1.83,4.6,0.189,0.4519,0.6105,0.3128,1.0758,1.4596
-9.6,-35.2,2.26,0.244161,0.18443,0.97664,353,150,54,30,24,0.73,4.08,9.85,16,1.58,3.0,0.1903,0.4011,0.5921,0.2448,0.799,1.3707
-9.4,-35.4,1.52,0.261399,0.191507,0.98601,362,157,69,28,41,1.24,4.22,10.0,18,2.15,5.0,0.1896,0.4414,0.622,0.3467,1.2556,1.3558
-9.4,-35.2,2.15,0.249266,0.186527,0.999125,348,155,62,35,27,0.82,4.15,11.8,16,1.85,4.0,0.1981,0.4443,0.6082,0.3101,0.9464,1.3221
-9.4,-35.0,2.3,0.236885,0.179621,0.976795,358,137,48,29,19,0.58,3.95,6.8,14,2.0,3.2,0.2157,0.4073,0.5669,0.3078,0.8192,1.29
-9.2,-35.2,1.83,0.255292,0.188958,0.966471,365,156,68,36,32,0.97,4.66,11.8,18,2.34,5.0,0.2176,0.4639,0.6405,0.3893,1.2496,1.4582
-9.2,-35.0,2.2,0.243477,0.18341,0.988284,366,159,61,37,24,0.73,4.33,11.55,16,1.79,3.0,0.2165,0.5328,0.6037,0.2959,0.9256,1.2603
-9.2,-34.8,2.34,0.228422,0.172688,0.98029,357,131,39,23,16,0.48,4.44,10.5,12,2.0,3.0,0.2168,0.4097,0.5876,0.3043,0.8725,0.8949
-9.0,-35.0,2.11,0.247749,0.185746,0.996934,347,157,64,42,22,0.67,4.45,8.95,12,2.05,4.9,0.1951,0.3628,0.5532,0.3219,0.9593,1.1238
-9.0,-34.8,2.3,0.234564,0.177705,0.982298,358,150,54,35,19,0.58,3.47,6.0,6,2.05,3.2,0.2079,0.418,0.5759,0.3219,0.8791,1.1695
-8.8,-35.0,1.96,0.253182,0.18851,1.011932,355,158,66,44,22,0.67,4.41,9.0,13,2.14,4.9,0.2,0.3929,0.4826,0.3313,0.9574,0.9973
-8.8,-34.8,2.25,0.239019,0.180763,0.985532,352,155,59,38,21,0.64,3.43,6.0,12,1.86,3.0,0.2201,0.5527,0.6115,0.3001,1.0172,1.101
-8.6,-34.8,2.19,0.242803,0.183494,0.996677,358,158,65,42,23,0.7,4.04,8.9,14,1.96,3.9,0.2218,0.4552,0.5798,0.3388,1.0181,1.3333
-8.6,-34.6,2.34,0.227725,0.172119,0.987626,353,149,56,33,23,0.7,3.91,7.0,8,2.13,4.0,0.23,0.465,0.5976,0.3324,1.0194,1.0599
-8.4,-34.8,1.97,0.246746,0.186156,1.006426,354,162,68,41,27,0.82,4.15,9.4,17,1.93,3.7,0.2027,0.3952,0.4897,0.3027,0.8795,1.3635
-8.4,-34.6,2.29,0.230696,0.174928,0.99164,351,150,53,30,23,0.7,4.04,8.8,9,2.13,4.0,0.2448,0.5041,0.5654,0.3273,0.9395,1.1867
-8.2,-34.8,2.08,0.250896,0.189144,1.019043,354,159,68,39,29,0.88,4.07,9.2,17,1.9,3.6,0.2189,0.4682,0.7194,0.3437,1.1343,1.3827
-8.2,-34.6,2.24,0.234331,0.177795,0.997142,353,166,56,31,25,0.76,4.24,8.0,15,2.16,4.0,0.2385,0.5075,0.5876,0.3231,0.8721,1.3876
-8.0,-34.8,1.93,0.253608,0.192247,1.03189,363,170,63,32,31,0.94,4.16,9.5,17,1.94,3.5,0.2182,0.424,0.6699,0.326,1.0535,1.3443
-8.0,-34.6,2.17,0.2373,0.180163,1.014998,350,158,54,28,26,0.79,4.35,10.25,16,2.12,4.0,0.2333,0.486,0.5615,0.3264,0.9899,1.3862
-8.0,-34.4,2.35,0.220697,0.165682,1.00435,360,159,51,26,25,0.76,4.44,11.0,12,2.0,4.0,0.2257,0.4274,0.5661,0.293,0.8839,1.3649
-7.8,-34.8,1.75,0.255866,0.19542,1.046247,369,179,71,39,32,0.97,4.44,8.9,20,1.94,4.0,0.2134,0.3744,0.5966,0.2984,0.9323,1.3261
-7.8,-34.6,2.03,0.238882,0.181605,1.028592,366,159,57,32,25,0.76,5.0,10.0,17,2.16,4.0,0.2195,0.3884,0.5009,0.3049,0.9023,1.3655
-7.8,-34.4,2.33,0.222162,0.167217,1.010883,368,152,52,26,26,0.79,4.38,11.5,13,1.92,4.0,0.2361,0.4876,0.5464,0.2873,0.8267,1.4064
-7.6,-34.8,1.4,0.256086,0.197335,0.950788,391,185,73,30,43,1.3,4.05,10.9,19,2.42,4.9,0.2144,0.4332,0.5141,0.3969,0.9403,2.3804
-7.6,-34.6,1.85,0.239966,0.182638,1.038846,368,173,57,34,23,0.7,5.0,11.0,16,2.22,4.9,0.1934,0.3355,0.4434,0.2763,0.5604,1.3826
-7.6,-34.4,2.31,0.222963,0.16802,1.014374,375,157,49,25,24,0.73,4.71,11.85,13,2.0,4.0,0.244,0.4855,0.5202,0.3043,0.7736,1.4634
-7.4,-34.6,1.91,0.23826,0.181755,1.042705,370,176,53,30,23,0.7,4.91,9.8,16,2.3,4.0,0.2151,0.3875,0.4233,0.3012,0.5831,1.467
-7.4,-34.4,2.3,0.220477,0.165867,1.01821,375,157,55,28,27,0.82,4.48,10.7,12,1.96,4.0,0.2351,0.4578,0.4959,0.2855,0.6717,1.4753
-7.2,-34.6,2.01,0.233535,0.178283,1.046917,383,167,52,28,24,0.73,4.88,9.85,14,2.21,4.0,0.2118,0.4021,0.4298,0.2911,0.6037,1.4618
-7.2,-34.4,2.3,0.215155,0.160614,1.022368,375,165,59,35,24,0.73,3.79,9.85,11,1.96,4.0,0.2271,0.4531,0.4812,0.3005,0.76,1.4225
-7.0,-34.8,1.38,0.246393,0.191582,1.024476,434,193,64,32,32,0.97,3.59,8.45,15,1.84,3.9,0.1364,0.3185,0.3623,0.2209,0.6206,1.3942
-7.0,-34.6,2.11,0.230769,0.175794,1.038155,377,167,51,29,22,0.67,4.55,10.85,13,2.18,4.0,0.2055,0.4102,0.453,0.2832,0.6183,1.4306
-7.0,-34.4,2.28,0.218573,0.163519,1.027034,395,155,54,31,23,0.7,4.96,11.9,12,2.17,3.9,0.2178,0.4328,0.4931,0.2948,0.8872,1.3961
-6.8,-34.8,1.43,0.240963,0.185733,1.060279,417,185,55,30,25,0.76,3.88,8.8,14,1.8,3.8,0.1429,0.331,0.3568,0.2351,0.6167,1.2896
-6.8,-34.6,2.19,0.225801,0.171232,1.033618,367,162,51,30,21,0.64,4.57,12.0,20,2.33,5.0,0.2114,0.4458,0.4832,0.3342,0.6371,1.4601
-6.6,-34.8,1.86,0.238273,0.182621,1.048643,392,182,54,28,26,0.79,3.46,7.75,14,1.73,4.0,0.1527,0.3257,0.3746,0.2256,0.5806,1.4757
-6.6,-34.6,2.21,0.22012,0.16577,1.03649,372,172,56,32,24,0.73,4.04,9.0,15,1.92,3.85,0.1938,0.3252,0.4321,0.2957,0.5911,1.5281
-6.4,-34.8,2.038,0.235984,0.180119,1.044211,379,179,60,38,22,0.67,4.55,13.7,21,2.05,4.0,0.1868,0.4218,0.4738,0.2856,0.7292,1.522
-6.4,-34.6,2.27,0.219873,0.164893,1.040203,382,159,52,32,20,0.61,5.15,13.4,21,2.2,5.1,0.2281,0.4493,0.5301,0.3501,0.6608,1.5666
-6.2,-35.0,1.47,0.246394,0.190358,1.061281,430,192,65,40,25,0.76,3.4,8.8,13,1.76,4.0,0.1503,0.3134,0.3767,0.2317,0.5693,1.3387
-6.2,-34.8,2.12,0.229019,0.174104,1.044808,390,177,58,33,25,0.76,4.48,14.6,18,2.04,4.0,0.1764,0.4366,0.4483,0.2856,0.6682,1.5868
-6.2,-34.6,2.3,0.21454,0.160037,1.043922,388,161,53,28,25,0.76,4.64,13.2,23,2.08,4.8,0.2145,0.4692,0.5345,0.3295,0.7236,1.5803
-6.0,-35.0,1.87,0.244453,0.188116,1.059566,432,192,60,34,26,0.79,4.38,11.25,15,1.88,4.0,0.16,0.3443,0.3945,0.2494,0.6479,1.4318
-6.0,-34.8,2.18,0.227485,0.172533,1.049234,393,170,57,31,26,0.79,4.73,14.0,18,2.15,4.75,0.1813,0.4555,0.4687,0.3028,0.8771,1.5911
-5.8,-35.0,1.9,0.240608,0.18435,1.053986,408,196,62,36,26,0.79,4.81,12.25,18,2.12,4.75,0.1776,0.3863,0.4464,0.2931,0.7932,1.4528
-5.8,-34.8,2.24,0.219906,0.165835,1.052561,394,172,56,30,26,0.79,4.92,13.75,22,2.27,6.25,0.1855,0.4665,0.4778,0.32,0.9348,1.5167
-5.6,-35.0,2.03,0.235347,0.179823,1.057718,404,186,63,36,27,0.82,4.7,15.1,21,2.19,6.1,0.1704,0.3963,0.4494,0.3021,0.8526,1.4184
-5.6,-34.8,2.3,0.215567,0.162221,1.056596,395,178,51,27,24,0.73,4.58,10.55,22,2.42,6.55,0.1872,0.4423,0.4696,0.3571,1.3486,1.4984
-5.4,-35.2,2.01,0.240752,0.18726,1.08572,431,180,57,28,29,0.88,4.55,11.8,20,2.14,6.2,0.1648,0.3841,0.3934,0.3052,1.1153,1.581
-5.4,-35.0,2.21,0.227595,0.173118,1.063407,401,173,54,31,23,0.7,5.17,15.7,27,2.52,6.7,0.1782,0.4187,0.4346,0.3499,1.2788,1.4298
-5.4,-34.8,2.34,0.210494,0.157498,1.060547,400,173,55,32,23,0.7,4.65,15.2,20,2.43,6.7,0.1919,0.4455,0.4602,0.3659,1.415,1.5096
-5.2,-35.4,1.87,0.223622,0.173969,1.114995,422,178,48,18,30,0.91,2.83,6.0,18,1.9,5.55,0.1598,0.4318,0.4527,0.311,1.4654,1.609
-5.2,-35.2,2.06,0.221416,0.169999,1.111479,421,172,47,28,19,0.58,4.47,11.8,19,2.42,6.2,0.168,0.3602,0.3655,0.3415,1.1519,1.4156
-5.2,-35.0,2.27,0.218085,0.164647,1.070431,416,173,55,33,22,0.67,5.5,14.9,25,2.5,6.85,0.1944,0.3985,0.4619,0.36,1.2886,1.4921
-5.0,-36.6,1.42,0.234444,0.180246,1.259942,415,214,43,23,20,0.61,4.7,12.2,16,2.15,5.0,0.1615,0.2989,0.3341,0.307,0.9025,1.3261
-5.0,-36.2,1.36,0.221321,0.168888,1.311864,410,218,42,18,24,0.73,5.38,15.55,20,2.29,6.7,0.1709,0.3834,0.3989,0.3651,1.4491,2.1154
-5.0,-35.6,1.72,0.214166,0.164347,1.179192,526,177,42,29,13,0.39,3.54,9.6,15,1.85,4.4,0.1528,0.3213,0.3428,0.2316,0.5499,0.6345
-5.0,-35.4,1.93,0.210272,0.160162,1.148974,493,174,48,35,13,0.39,3.38,8.4,9,2.08,4.0,0.1536,0.3458,0.357,0.2827,0.7359,0.7363
-5.0,-35.2,2.14,0.204157,0.15359,1.107909,443,164,50,32,18,0.55,3.5,9.75,14,2.11,5.15,0.1562,0.3558,0.3646,0.3038,1.037,1.0734
-5.0,-35.0,2.29,0.186163,0.134739,1.080225,420,163,46,25,21,0.64,3.9,11.0,14,2.0,5.0,0.1825,0.3518,0.4341,0.2993,0.6478,1.6841
-4.8,-37.2,1.76,0.263642,0.20818,1.651753,524,226,44,19,25,0.76,2.68,6.8,10,1.44,2.8,0.2344,0.4657,0.5069,0.3031,0.5155,1.2156
-4.8,-37.0,1.79,0.248787,0.193824,1.253946,526,220,36,19,17,0.52,2.29,4.4,6,1.41,2.2,0.1394,0.2624,0.2856,0.1786,0.3587,0.3879
-4.8,-36.8,1.86,0.240327,0.186307,1.204529,523,223,38,22,16,0.48,2.44,5.0,8,1.44,2.25,0.1212,0.2659,0.2859,0.171,0.4935,0.4937
-4.8,-36.6,1.9,0.233027,0.179867,1.16643,491,227,40,24,16,0.48,2.81,7.25,8,1.5,3.25,0.116,0.2529,0.2682,0.1714,0.5178,0.6506
-4.8,-36.4,1.91,0.228019,0.175549,1.129115,485,217,40,21,19,0.58,2.89,8.4,12,1.63,3.1,0.13,0.2733,0.3497,0.1907,0.5218,0.6331
-4.8,-36.2,1.91,0.223337,0.171709,1.121679,499,213,40,22,18,0.55,3.0,7.45,10,1.61,3.15,0.1362,0.2772,0.3419,0.2141,0.5691,0.6106
-4.8,-36.0,1.93,0.219111,0.167736,1.118824,506,198,42,26,16,0.48,3.25,7.5,12,1.62,3.25,0.1565,0.2798,0.3329,0.2444,0.5811,0.6101
-4.8,-35.8,1.98,0.21403,0.163059,1.12113,506,190,44,29,15,0.45,2.93,7.5,11,1.6,3.3,0.1522,0.3173,0.3538,0.2154,0.5561,0.6791
-4.8,-35.6,2.07,0.208027,0.157427,1.126584,474,177,42,28,14,0.42,3.29,6.7,8,1.79,3.35,0.1802,0.3392,0.3697,0.2788,0.6944,0.7058
-4.8,-35.4,2.17,0.203751,0.15305,1.117292,449,169,46,32,14,0.42,3.64,7.7,9,2.07,4.35,0.1695,0.3664,0.3725,0.3112,0.8813,0.8896
-4.6,-37.4,1.52,0.26357,0.208166,1.294184,553,226,43,28,15,0.45,3.67,10.2,20,1.73,3.3,0.1627,0.3157,0.3592,0.2482,0.6125,1.0148
-4.6,-37.2,1.93,0.251917,0.197244,1.237453,529,228,37,21,16,0.48,2.5,6.0,9,1.31,2.0,0.1177,0.2611,0.263,0.144,0.3863,0.4253
-4.6,-37.0,2.06,0.242439,0.188369,1.165034,525,230,38,23,15,0.45,1.93,3.3,4,1.27,2.0,0.1201,0.2381,0.2431,0.1444,0.3481,0.377
-4.6,-36.8,2.09,0.236958,0.183296,1.132432,514,222,34,18,16,0.48,2.31,4.5,6,1.19,2.0,0.108,0.254,0.3127,0.1332,0.3821,0.4881
-4.6,-36.6,2.09,0.231878,0.178935,1.129437,517,220,39,21,18,0.55,2.39,5.15,6,1.28,2.15,0.1196,0.3177,0.363,0.1445,0.4853,0.5344
-4.6,-36.0,2.12,0.215278,0.164376,1.119539,477,202,40,26,14,0.42,2.64,6.35,7,1.36,2.35,0.1455,0.317,0.3437,0.1956,0.4636,0.6605
-4.4,-37.6,1.75,0.265067,0.210214,1.300822,525,227,48,32,16,0.48,2.81,8.75,11,1.5,2.75,0.1513,0.3375,0.4119,0.2323,0.6935,1.3313
-4.4,-37.4,2.0,0.25345,0.198773,1.241421,537,232,49,33,16,0.48,2.81,8.25,9,1.56,3.25,0.1554,0.3313,0.4044,0.2311,0.6195,1.0796
-4.4,-37.2,2.1,0.245987,0.191573,1.15709,548,231,38,22,16,0.48,2.81,7.5,9,1.44,2.5,0.1374,0.2984,0.3685,0.1726,0.4604,0.5573
-4.4,-37.0,2.15,0.239814,0.185897,1.136719,535,240,38,20,18,0.55,2.67,6.45,9,1.28,2.0,0.1303,0.3518,0.3771,0.1659,0.5129,0.547
-4.2,-37.8,1.63,0.264082,0.209607,1.300637,539,216,55,36,19,0.58,2.63,9.8,17,1.53,2.5,0.1263,0.3212,0.4338,0.2227,0.5867,1.7201
-4.2,-37.6,1.91,0.255074,0.200578,1.245739,559,223,54,33,21,0.64,3.1,10.0,22,1.57,3.0,0.1396,0.3207,0.4283,0.2443,0.4671,2.0881
-4.2,-37.4,2.14,0.247978,0.193629,1.177537,538,223,49,27,22,0.67,2.68,7.8,13,1.5,2.95,0.1362,0.3327,0.4062,0.2107,0.4492,1.4708
-4.2,-32.6,2.43,0.145451,0.093624,1.042693,421,117,26,14,12,0.36,4.17,7.9,9,1.67,3.45,0.2042,0.3698,0.4244,0.2625,0.648,0.6957
-4.2,-32.4,2.41,0.143615,0.092195,1.038533,410,131,30,13,17,0.52,3.12,7.2,8,1.41,2.4,0.1841,0.2967,0.3224,0.2238,0.6278,0.6302
-4.2,-32.2,2.43,0.142424,0.090933,1.034473,414,130,33,16,17,0.52,2.65,8.2,9,1.24,2.4,0.187,0.3167,0.3342,0.1865,0.3582,0.5869
-4.0,-38.0,1.71,0.261238,0.207565,1.289114,546,206,61,36,25,0.76,3.6,14.0,20,1.8,3.8,0.1412,0.2993,0.4409,0.2321,0.4757,2.0702
-4.0,-37.8,1.87,0.25373,0.199599,1.239291,557,212,55,32,23,0.7,3.83,13.2,21,1.78,3.9,0.13,0.3138,0.4213,0.2417,0.4619,2.3924
-4.0,-37.6,2.11,0.247566,0.193576,1.179988,553,214,53,30,23,0.7,3.39,10.4,23,1.65,3.0,0.1395,0.3353,0.4117,0.2328,0.435,2.0805
-4.0,-32.8,2.44,0.142509,0.090554,1.04822,437,116,29,16,13,0.39,3.38,7.4,8,1.54,3.4,0.2092,0.349,0.4252,0.239,0.6,0.6299
-4.0,-32.6,2.41,0.140678,0.088876,1.043879,434,118,31,17,14,0.42,3.43,7.35,8,1.5,2.7,0.1959,0.349,0.4346,0.2428,0.5998,0.6134
-4.0,-32.4,2.39,0.138847,0.08732,1.039406,403,120,33,14,19,0.58,2.89,7.1,8,1.37,2.2,0.2011,0.318,0.4418,0.2058,0.4969,0.6255
-4.0,-32.2,2.42,0.137883,0.086454,1.035696,419,124,36,19,17,0.52,2.94,8.8,12,1.41,2.4,0.2149,0.3591,0.4326,0.2225,0.4772,0.5637
-4.0,-32.0,2.44,0.136418,0.085138,1.031897,444,128,41,24,17,0.52,2.88,9.0,13,1.35,2.4,0.2036,0.3345,0.3782,0.216,0.4109,0.5267
-3.8,-38.2,1.77,0.253524,0.200718,1.267627,541,188,52,28,24,0.73,4.08,13.95,30,1.88,4.0,0.1495,0.3061,0.4395,0.2594,0.4705,2.3267
-3.8,-38.0,1.95,0.25041,0.196824,1.22853,556,203,53,29,24,0.73,4.12,14.8,29,1.92,4.0,0.1406,0.3255,0.4407,0.2504,0.479,2.43
-3.8,-32.8,2.35,0.138156,0.086276,1.049541,446,126,34,23,11,0.33,3.0,6.0,8,1.64,3.5,0.2157,0.3501,0.4397,0.2582,0.5149,0.5479
-3.8,-32.6,2.26,0.136757,0.084839,1.046612,457,131,42,30,12,0.36,3.08,5.8,8,1.67,3.45,0.1808,0.3178,0.4119,0.2272,0.4471,0.4869
-3.8,-32.4,2.23,0.134885,0.083149,1.04484,471,141,45,27,18,0.55,3.33,9.05,15,1.39,3.15,0.1672,0.3771,0.3771,0.1652,0.4558,0.4871
-3.8,-32.2,2.4,0.134108,0.082305,1.036952,432,143,39,23,16,0.48,3.19,9.25,13,1.5,3.25,0.2195,0.3842,0.4014,0.2351,0.4824,0.5197
-3.8,-32.0,2.43,0.132267,0.080699,1.033231,446,144,41,24,17,0.52,3.06,8.2,13,1.35,2.4,0.2401,0.4456,0.477,0.2259,0.4233,0.4989
-3.6,-38.6,1.62,0.252108,0.199525,1.251281,547,180,52,33,19,0.58,3.32,11.5,16,1.63,3.2,0.1319,0.2872,0.3272,0.2211,0.5927,1.1207
-3.6,-38.4,1.81,0.243862,0.19141,1.239889,554,179,51,27,24,0.73,3.96,17.2,22,1.75,3.85,0.1443,0.2978,0.3906,0.2186,0.4677,1.588
-3.6,-38.2,1.98,0.240195,0.187527,1.209024,535,181,55,28,27,0.82,3.89,12.2,28,1.67,3.0,0.1427,0.3258,0.4085,0.2097,0.429,1.9427
-3.6,-38.0,2.08,0.238716,0.185679,1.170591,541,181,50,27,23,0.7,4.39,14.3,28,1.87,4.0,0.1496,0.3436,0.3459,0.2326,0.471,1.6382
-3.6,-32.8,2.34,0.133908,0.081873,1.05072,456,143,38,24,14,0.42,3.21,7.35,8,1.57,3.35,0.2085,0.437,0.4435,0.2367,0.4824,0.5075
-3.6,-32.6,2.28,0.132875,0.08054,1.047154,463,138,44,28,16,0.48,2.94,6.25,7,1.38,2.25,0.1572,0.2874,0.4014,0.1546,0.3858,0.4463
-3.6,-32.4,2.25,0.131779,0.079109,1.043036,457,138,42,24,18,0.55,3.11,7.2,14,1.39,2.3,0.1604,0.3671,0.3882,0.1497,0.4012,0.5745
-3.6,-32.2,2.35,0.13007,0.07764,1.038743,441,141,41,25,16,0.48,3.69,7.5,15,1.69,3.0,0.2083,0.3805,0.3884,0.215,0.4683,0.4811
-3.6,-32.0,2.42,0.128727,0.076329,1.034724,442,144,41,26,15,0.45,2.53,6.3,7,1.4,2.6,0.2147,0.4036,0.438,0.2316,0.4557,0.4652
-3.4,-38.8,1.79,0.249709,0.196521,1.232389,563,178,57,31,26,0.79,4.23,17.75,24,1.81,3.75,0.1332,0.2958,0.3964,0.2271,0.5999,1.6007
-3.4,-38.6,1.93,0.240606,0.18748,1.215709,540,177,52,26,26,0.79,4.46,17.75,29,1.88,4.5,0.1525,0.3163,0.404,0.2348,0.5828,1.6877
-3.4,-38.4,2.04,0.235771,0.182701,1.19178,539,178,57,28,29,0.88,4.31,18.2,32,1.79,5.2,0.1454,0.3257,0.4044,0.2265,0.5373,1.9631
-3.4,-38.2,2.12,0.229275,0.176086,1.164969,533,181,52,27,25,0.76,4.8,21.0,33,1.88,5.6,0.1638,0.345,0.4048,0.2438,0.6373,1.9843
-3.4,-32.4,2.3,0.1284,0.074882,1.044267,447,139,43,28,15,0.45,3.2,6.2,9,1.73,3.3,0.1489,0.31,0.3848,0.1861,0.5357,0.6258
-3.2,-39.2,1.5,0.253238,0.199455,1.241848,560,175,63,39,24,0.73,3.96,12.4,20,1.54,2.85,0.1168,0.2608,0.3374,0.1751,0.5873,0.9393
-3.2,-39.0,1.83,0.246834,0.192811,1.213584,542,180,56,31,25,0.76,4.08,14.6,20,1.76,3.0,0.1306,0.3017,0.3914,0.2102,0.6059,1.4002
-3.2,-38.8,2.02,0.239775,0.185921,1.189474,526,181,58,32,26,0.79,4.54,20.25,30,1.81,4.5,0.1419,0.3302,0.4002,0.2197,0.5805,1.673
-3.2,-38.6,2.12,0.23283,0.1795,1.161048,526,181,51,26,25,0.76,4.48,21.6,28,1.64,4.6,0.1466,0.3364,0.344,0.2039,0.5855,1.3159
-3.0,-39.4,1.68,0.24731,0.192986,1.26572,563,179,59,36,23,0.7,5.35,24.7,27,2.0,4.8,0.1452,0.3757,0.4171,0.2597,0.5603,1.8238
-3.0,-39.2,1.9,0.240901,0.186744,1.209854,538,174,54,29,25,0.76,4.76,19.4,25,1.76,3.0,0.1531,0.3852,0.4197,0.22,0.5257,1.398
-3.0,-39.0,2.07,0.235298,0.180912,1.169304,559,175,54,30,24,0.73,5.08,20.9,29,2.0,3.85,0.1627,0.4079,0.4431,0.2844,0.6972,2.0072
-3.0,-38.8,2.14,0.232477,0.177409,1.144255,534,180,57,31,26,0.79,4.65,21.5,28,1.69,4.5,0.1723,0.345,0.4118,0.2351,0.7158,1.3
-2.8,-41.6,1.03,0.251285,0.1873,1.436841,558,129,55,32,23,0.7,8.57,37.9,40,2.43,6.8,0.1916,0.4293,0.4337,0.4185,1.7399,2.4446
-2.8,-41.4,1.17,0.240449,0.177714,1.448758,503,130,47,30,17,0.52,9.88,36.8,40,2.82,9.2,0.2149,0.4358,0.4729,0.5226,1.9968,2.349
-2.8,-41.2,1.45,0.234543,0.172727,1.447503,486,130,35,21,14,0.42,6.86,16.7,18,2.07,4.35,0.197,0.3966,0.3977,0.3528,0.9389,1.1796
-2.8,-41.0,1.39,0.230451,0.16873,1.43987,486,129,28,18,10,0.3,6.7,13.1,14,2.0,4.1,0.1908,0.3325,0.3568,0.32,0.7201,0.7326
-2.8,-40.8,1.3,0.225507,0.164066,1.430612,477,136,29,18,11,0.33,4.82,11.5,12,1.82,4.0,0.1753,0.3099,0.3387,0.2865,0.6963,0.7414
-2.8,-40.6,1.29,0.219392,0.158599,1.419547,484,135,30,19,11,0.33,3.73,9.0,11,1.64,2.5,0.1842,0.2916,0.3222,0.2726,0.5086,0.614
-2.8,-40.4,1.44,0.216093,0.155817,1.394554,485,135,33,19,14,0.42,3.14,8.05,10,1.29,2.0,0.1719,0.2849,0.3302,0.2257,0.5033,0.5903
-2.8,-40.2,1.58,0.213964,0.15461,1.38074,460,141,29,17,12,0.36,3.83,7.9,9,1.75,3.45,0.1915,0.3075,0.3219,0.2831,0.6576,0.7707
-2.8,-40.0,1.67,0.216364,0.158541,1.38378,487,140,33,19,14,0.42,4.93,11.7,13,1.57,2.7,0.1685,0.2914,0.3152,0.2284,0.6604,0.7287
-2.8,-39.8,1.79,0.232234,0.175583,1.345574,503,146,48,30,18,0.55,6.61,23.75,28,2.0,4.45,0.2068,0.4218,0.6292,0.3069,0.7719,1.5307
-2.8,-39.6,1.9,0.238247,0.182589,1.292572,525,157,57,33,24,0.73,6.12,26.9,35,2.08,4.85,0.1954,0.4817,0.6208,0.3233,0.6346,2.4085
-2.8,-39.4,1.99,0.235351,0.180401,1.238562,540,160,54,28,26,0.79,5.04,23.0,32,1.81,3.75,0.1652,0.4194,0.4543,0.2577,0.5547,1.9874
-2.8,-39.2,2.1,0.232619,0.177443,1.180875,546,164,51,25,26,0.79,5.27,24.5,35,1.85,4.0,0.1693,0.4336,0.4878,0.273,0.7025,2.1644
-2.6,-42.4,1.49,0.266563,0.200274,1.399993,526,147,64,35,29,0.88,5.03,21.4,26,1.79,4.6,0.2024,0.4618,0.5067,0.3108,1.0885,1.3844
-2.6,-42.2,1.45,0.256585,0.191351,1.381174,538,148,53,31,22,0.67,6.86,22.9,35,2.45,7.9,0.2089,0.4688,0.4975,0.4087,1.5369,1.8996
-2.6,-42.0,1.43,0.250618,0.186399,1.367723,535,142,48,27,21,0.64,7.43,22.0,36,2.52,8.0,0.2112,0.4528,0.4635,0.43,1.7852,1.8256
-2.6,-41.8,1.45,0.247517,0.1837,1.372663,530,139,50,28,22,0.67,7.36,23.9,33,2.5,6.95,0.2214,0.465,0.4872,0.4284,1.7763,1.8857
-2.6,-41.6,1.66,0.241326,0.177417,1.380379,517,133,48,28,20,0.61,7.1,19.6,31,2.45,7.05,0.2362,0.4619,0.483,0.4206,1.6506,1.7678
-2.6,-41.4,1.46,0.234943,0.172047,1.385077,528,131,48,27,21,0.64,7.76,32.0,38,2.24,7.0,0.2015,0.4313,0.4718,0.3653,1.6662,1.6984
-2.6,-41.2,1.85,0.228535,0.16665,1.383757,464,130,38,22,16,0.48,7.12,24.25,31,2.31,7.0,0.216,0.449,0.4655,0.452,1.613,1.7659
-2.6,-41.0,1.74,0.225898,0.164323,1.383716,487,135,44,26,18,0.55,7.5,29.9,35,2.28,6.3,0.2168,0.4265,0.5162,0.409,1.2746,1.9573
-2.6,-40.8,1.62,0.220583,0.159809,1.376663,482,134,38,22,16,0.48,7.94,28.0,34,2.31,6.75,0.204,0.3701,0.3881,0.3848,1.2385,1.883
-2.6,-40.6,1.94,0.216765,0.156351,1.372943,445,135,38,24,14,0.42,8.64,32.2,40,2.57,8.75,0.2317,0.394,0.4013,0.468,1.5151,2.2399
-2.6,-40.4,1.97,0.211921,0.152241,1.362601,453,143,35,21,14,0.42,8.0,27.8,33,2.14,5.75,0.2282,0.4015,0.4504,0.3704,1.0752,1.3433
-2.6,-40.2,1.98,0.209973,0.150663,1.349623,480,146,34,21,13,0.39,8.38,25.4,29,2.23,5.4,0.218,0.3417,0.3477,0.3626,1.0707,1.3396
-2.6,-40.0,1.97,0.209284,0.150463,1.325334,507,147,40,24,16,0.48,7.56,26.75,35,2.12,5.25,0.226,0.4599,0.6265,0.3327,1.1024,1.6679
-2.6,-39.8,1.99,0.214602,0.156695,1.288811,511,137,41,24,17,0.52,8.12,30.0,38,2.24,5.0,0.2301,0.517,0.6289,0.373,1.1255,2.1296
-2.6,-39.6,2.04,0.225319,0.168318,1.244661,528,147,53,28,25,0.76,5.56,26.2,30,1.88,4.8,0.186,0.4435,0.6219,0.2721,0.7055,1.6769
-2.4,-44.2,0.82,0.322811,0.251024,2.053231,613,193,100,61,39,1.18,5.87,25.3,30,2.03,5.2,0.2017,0.4637,0.5745,0.3719,1.3601,2.6119
-2.4,-44.0,1.05,0.308298,0.238117,2.078167,617,179,86,32,54,1.64,3.89,12.1,24,2.0,5.7,0.2884,0.5795,0.6276,0.5358,2.0126,2.8192
-2.4,-43.0,1.39,0.278329,0.211204,1.432799,526,173,74,36,38,1.15,5.74,18.2,34,2.0,3.9,0.2102,0.437,0.5825,0.3179,1.0146,2.4113
-2.4,-42.8,1.7,0.269671,0.203345,1.392083,508,171,73,43,30,0.91,5.77,21.55,29,1.97,5.2,0.2277,0.476,0.5891,0.3405,0.9087,1.9887
-2.4,-42.6,1.82,0.262027,0.19587,1.357097,512,159,63,35,28,0.85,5.96,21.3,32,1.93,5.3,0.2153,0.4921,0.5185,0.3419,0.9835,1.9784
-2.4,-42.4,2.07,0.255493,0.189279,1.328196,492,157,57,27,30,0.91,5.8,23.3,36,1.93,6.75,0.2129,0.4922,0.5097,0.352,1.2076,2.4722
-2.4,-42.2,2.08,0.248687,0.183461,1.307249,516,156,59,29,30,0.91,6.57,24.5,39,2.2,7.65,0.2121,0.4924,0.5436,0.3747,1.6333,2.2999
-2.4,-42.0,2.08,0.242964,0.178611,1.291387,512,150,53,26,27,0.82,7.19,28.3,36,2.52,8.4,0.2086,0.4859,0.5477,0.4034,1.7783,2.5424
-2.4,-41.8,2.1,0.239214,0.175131,1.280521,499,152,51,26,25,0.76,7.32,30.2,38,2.6,9.4,0.2171,0.4941,0.5654,0.4315,2.0452,2.526
-2.4,-41.6,2.13,0.234678,0.170912,1.273242,481,144,44,20,24,0.73,7.29,30.75,37,2.58,9.4,0.2329,0.4801,0.556,0.4332,2.045,2.4696
-2.4,-40.8,2.16,0.217101,0.155964,1.292571,447,134,36,20,16,0.48,8.69,32.5,40,2.62,9.0,0.2378,0.438,0.4515,0.5035,1.8091,2.6744
-2.4,-40.6,2.13,0.213713,0.152924,1.281945,443,134,39,24,15,0.45,10.47,35.7,42,2.87,9.2,0.2582,0.4508,0.4544,0.5196,1.77,2.4442
-2.4,-40.4,2.12,0.210094,0.149721,1.272218,459,140,34,18,16,0.48,9.81,34.0,43,2.69,8.5,0.2264,0.4458,0.5023,0.4568,1.5176,2.6384
-2.4,-40.2,2.12,0.205341,0.145641,1.261654,491,142,37,22,15,0.45,8.93,29.8,34,2.53,6.5,0.2383,0.4943,0.5842,0.3704,1.0932,1.5635
-2.4,-40.0,2.12,0.203375,0.143374,1.246862,524,145,43,23,20,0.61,7.05,28.35,35,2.15,5.25,0.2247,0.4751,0.6313,0.3399,0.9096,1.7838
-2.2,-44.2,1.42,0.312313,0.242157,2.087593,580,199,103,67,36,1.09,5.5,24.0,33,1.89,6.25,0.2426,0.4839,0.6499,0.4262,1.3259,2.5477
-2.2,-44.0,1.66,0.299374,0.229476,2.016401,580,186,94,57,37,1.12,5.03,20.4,30,1.76,4.6,0.2299,0.4846,0.6816,0.3992,1.2979,2.6253
-2.2,-43.8,1.7,0.28952,0.221467,1.915657,572,168,84,48,36,1.09,5.33,22.5,34,1.83,4.75,0.2413,0.4749,0.6944,0.4238,1.3524,2.7888
-2.2,-43.6,1.78,0.28255,0.215362,1.693864,548,164,75,44,31,0.94,5.32,24.0,32,1.84,5.5,0.2206,0.4549,0.6072,0.3742,1.2204,2.051
-2.2,-43.4,1.88,0.276405,0.209738,1.588325,532,155,65,35,30,0.91,5.47,21.4,31,1.9,5.0,0.2286,0.4782,0.6216,0.3633,0.9115,1.9126
-2.2,-43.2,2.0,0.27048,0.204223,1.467889,543,163,66,34,32,0.97,6.06,23.05,36,1.91,5.35,0.237,0.4859,0.638,0.3728,0.898,2.5334
-2.2,-43.0,2.0,0.264034,0.198098,1.379609,526,164,68,32,36,1.09,6.28,27.0,39,1.97,5.25,0.2416,0.4593,0.6112,0.3786,0.9936,3.1435
-2.2,-42.8,2.07,0.25816,0.192179,1.311034,518,160,65,30,35,1.06,6.57,26.1,40,2.11,6.5,0.256,0.5312,0.6005,0.4109,1.2316,3.1566
-2.2,-42.6,2.16,0.252327,0.186508,1.260312,516,161,57,25,32,0.97,6.59,25.15,41,2.09,7.25,0.2434,0.5322,0.56,0.4109,1.3716,3.0313
-2.0,-44.4,1.05,0.324692,0.252914,2.119696,615,237,136,88,48,1.45,5.23,14.65,39,1.96,5.3,0.2974,0.5194,0.6567,0.4695,1.1051,3.5421
-2.0,-44.2,1.58,0.304075,0.234063,2.059387,573,198,105,67,38,1.15,6.47,21.4,39,2.03,5.45,0.3071,0.5376,0.674,0.5191,1.2969,3.5907
-2.0,-44.0,1.83,0.292367,0.222854,1.952203,562,182,92,57,35,1.06,7.06,25.7,49,2.14,5.5,0.2881,0.546,0.7137,0.533,1.4719,4.5499
-2.0,-43.8,1.92,0.283211,0.21484,1.81853,550,163,81,48,33,1.0,7.15,26.2,49,2.24,6.2,0.279,0.5243,0.7213,0.5367,1.3899,4.1578
-2.0,-43.6,1.99,0.276303,0.208626,1.653825,541,151,68,38,30,0.91,7.13,26.7,46,2.33,6.65,0.2548,0.5031,0.7168,0.5109,1.3683,3.8309
-2.0,-43.4,2.09,0.270076,0.202888,1.510522,540,155,62,34,28,0.85,6.86,25.8,41,2.18,5.95,0.2562,0.5116,0.6772,0.4501,1.0391,2.6903
-2.0,-43.2,2.12,0.264596,0.197471,1.386831,531,158,63,35,28,0.85,7.32,26.45,40,2.32,6.65,0.265,0.545,0.6378,0.4771,1.1576,2.8169
-2.0,-43.0,2.15,0.259102,0.192215,1.292776,525,162,65,32,33,1.0,6.79,25.0,42,2.12,5.6,0.263,0.5797,0.6348,0.4359,1.32,3.1426
-1.8,-44.4,1.13,0.308835,0.238774,2.115749,665,212,126,80,46,1.39,5.78,16.75,40,2.0,4.75,0.2862,0.5554,0.6636,0.4647,1.0735,3.3924
-1.8,-44.2,1.71,0.295949,0.226238,1.995643,583,183,102,63,39,1.18,6.87,20.7,39,2.18,5.4,0.3033,0.5832,0.6958,0.5178,1.3573,3.6753
-1.6,-44.6,0.92,0.293217,0.224869,2.158213,742,210,126,82,44,1.33,6.09,24.25,41,2.25,6.7,0.2952,0.5963,0.6966,0.5344,1.5596,4.0961
-1.6,-44.4,1.2,0.287828,0.219024,2.055282,715,187,104,67,37,1.12,6.84,26.8,41,2.22,5.8,0.278,0.5677,0.6646,0.5089,1.5029,4.1156
-1.6,-44.2,1.72,0.284091,0.214992,1.910045,633,174,92,53,39,1.18,6.72,22.5,48,2.13,8.1,0.2842,0.5744,0.7074,0.4843,1.3072,3.962
-1.4,-48.6,0.2,0.422303,0.328597,1.985584,572,334,112,36,76,2.3,2.91,10.75,17,1.93,5.25,0.2969,0.5172,0.5414,0.561,1.9736,3.3391
-1.4,-45.2,0.94,0.26268,0.196257,2.35151,729,156,77,39,38,1.15,4.95,18.5,27,2.26,6.6,0.4154,0.6488,0.6793,0.8033,2.029,4.3569
-1.4,-45.0,0.95,0.256038,0.189715,2.278717,695,152,81,32,49,1.49,4.8,19.2,36,2.49,7.6,0.4585,0.6697,0.7138,0.9646,2.6576,7.402
-1.4,-44.8,1.1,0.251337,0.185901,2.106728,765,152,78,47,31,0.94,7.16,35.0,41,2.61,9.5,0.3529,0.6828,0.6899,0.7317,2.6191,5.2682
-1.4,-44.6,1.14,0.25635,0.190229,2.091567,769,153,75,49,26,0.79,9.27,35.0,46,2.77,7.25,0.3037,0.5768,0.6541,0.61,1.5802,4.1288
-1.4,-44.4,1.51,0.265953,0.199139,1.9605,687,162,88,53,35,1.06,7.31,26.2,44,2.43,6.6,0.2733,0.5702,0.6921,0.5196,1.3945,3.843
-1.2,-48.6,0.29,0.417965,0.325633,1.974691,461,330,88,37,51,1.55,2.49,7.0,10,1.51,3.5,0.2706,0.5172,0.5517,0.3817,0.8121,1.9761
-1.2,-45.6,1.04,0.257562,0.188484,2.697064,762,151,68,27,41,1.24,4.85,18.0,29,2.22,6.0,0.4668,0.631,0.6448,0.8025,2.1977,4.6735
-1.2,-45.4,1.5,0.256086,0.18836,2.307049,692,146,71,48,23,0.7,6.87,28.7,32,1.65,4.0,0.2581,0.4479,0.6034,0.339,0.8282,1.2845
-1.2,-45.2,1.49,0.25151,0.183768,2.32466,685,147,75,50,25,0.76,7.76,33.0,38,2.04,6.4,0.2737,0.5291,0.6311,0.4211,1.2571,2.3014
-1.2,-45.0,1.48,0.24554,0.177306,2.221353,697,146,72,47,25,0.76,8.4,35.8,43,2.36,8.0,0.2887,0.5546,0.6663,0.4833,1.1521,2.8962
-1.2,-44.8,1.65,0.241658,0.174952,2.11262,649,140,64,38,26,0.79,8.81,38.0,52,2.46,7.0,0.3098,0.5843,0.6959,0.5559,1.239,3.7421
-1.2,-44.6,1.67,0.244229,0.177657,1.98493,654,142,66,39,27,0.82,9.33,37.0,48,2.74,7.8,0.3217,0.5833,0.6934,0.628,1.4248,3.8522
-1.0,-48.4,0.54,0.401977,0.308084,2.034469,480,282,69,27,42,1.27,2.36,6.95,8,1.57,3.95,0.3165,0.5678,0.5828,0.4784,1.139,2.1613
-1.0,-46.0,1.2,0.252693,0.182353,2.291331,781,135,53,27,26,0.79,6.46,29.5,32,2.08,5.5,0.3179,0.6128,0.6189,0.4947,1.4065,1.8451
-1.0,-45.8,1.41,0.247871,0.178646,2.338417,762,134,57,33,24,0.73,7.62,27.5,33,1.92,4.85,0.2621,0.4961,0.5565,0.36,0.8959,1.497
-1.0,-45.6,1.56,0.2425,0.17422,2.30751,731,136,57,33,24,0.73,7.21,24.8,33,1.75,4.85,0.2299,0.4751,0.5714,0.3129,0.8282,1.4972
-1.0,-45.4,1.65,0.2378,0.169282,2.260437,734,129,53,33,20,0.61,8.8,32.15,35,1.85,5.05,0.288,0.5049,0.5842,0.3939,0.9527,1.7224
-1.0,-45.2,1.62,0.23614,0.167455,2.201829,664,137,60,39,21,0.64,10.1,41.0,48,2.14,7.0,0.3161,0.5602,0.6474,0.4889,1.2782,2.4274
-1.0,-45.0,1.61,0.236213,0.167379,2.117339,675,140,64,38,26,0.79,8.85,39.0,48,2.19,6.25,0.3109,0.5763,0.6915,0.4985,1.1745,2.9711
-1.0,-44.8,1.62,0.23426,0.166292,1.995781,675,140,58,33,25,0.76,9.56,41.6,52,2.56,6.6,0.3187,0.6027,0.7109,0.5919,1.2251,3.6547
-1.0,-44.6,1.63,0.232917,0.16552,1.867274,649,134,55,31,24,0.73,10.75,43.85,53,2.96,8.55,0.3322,0.6408,0.7037,0.6458,1.5401,3.8136
-0.8,-48.4,0.72,0.395466,0.302229,2.093857,544,283,81,35,46,1.39,2.24,5.75,7,1.46,3.75,0.2924,0.5673,0.5793,0.4607,1.7784,2.1562
-0.8,-48.2,0.61,0.381385,0.2845,2.140336,572,241,86,28,58,1.76,2.69,8.15,9,1.64,4.0,0.3169,0.544,0.6207,0.4927,1.4632,2.5756
-0.8,-46.6,1.3,0.265004,0.189535,2.371893,751,148,68,44,24,0.73,5.83,19.1,25,2.0,4.0,0.3031,0.6079,0.6543,0.4632,1.4617,1.6186
-0.8,-46.4,1.37,0.252666,0.179902,2.368053,755,134,54,34,20,0.61,7.15,21.15,24,2.05,4.05,0.3259,0.5965,0.7165,0.4744,1.314,1.3733
-0.8,-46.2,1.23,0.244168,0.17353,2.349752,807,130,54,30,24,0.73,6.96,27.65,31,1.96,4.85,0.2768,0.5556,0.5717,0.4021,1.2737,1.3328
-0.8,-46.0,1.41,0.239387,0.16916,2.308008,770,121,51,26,25,0.76,6.96,28.2,30,1.84,4.8,0.269,0.5243,0.5442,0.3789,1.0513,1.4622
-0.8,-45.8,1.54,0.234074,0.164391,2.258378,747,127,55,30,25,0.76,6.32,26.6,29,1.64,4.6,0.2526,0.5028,0.518,0.3305,0.8841,1.4249
-0.8,-45.6,1.6,0.230229,0.160677,2.191007,732,124,50,26,24,0.73,6.33,20.95,30,1.46,3.7,0.2433,0.4684,0.5072,0.2802,0.787,1.1975
-0.8,-45.4,1.6,0.228322,0.158807,2.126663,720,119,50,30,20,0.61,7.9,24.9,42,1.6,3.2,0.2761,0.4991,0.515,0.3237,0.8719,0.9708
-0.6,-48.4,0.91,0.384833,0.293061,2.153095,584,271,83,37,46,1.39,1.96,6.5,7,1.48,3.0,0.3428,0.569,0.6069,0.4752,1.2855,1.9148
-0.6,-48.2,0.938,0.369094,0.267368,2.145264,598,214,86,37,49,1.49,2.84,6.6,8,1.88,4.0,0.3282,0.5634,0.6214,0.5441,1.4392,1.7681
-0.6,-48.0,0.78,0.348338,0.244063,2.238664,656,186,85,43,42,1.27,4.21,11.85,15,2.12,5.0,0.3473,0.5891,0.6128,0.649,1.57,2.5268
-0.6,-47.2,1.13,0.281838,0.197097,2.303891,712,129,69,45,24,0.73,5.42,17.25,21,2.12,4.85,0.3049,0.5916,0.7416,0.5348,1.3264,2.8434
-0.6,-47.0,1.49,0.268123,0.185737,2.316853,598,136,64,41,23,0.7,6.0,16.9,21,2.57,5.9,0.3546,0.6922,0.7316,0.6449,1.9812,2.3346
-0.6,-46.8,1.54,0.25583,0.177755,2.333717,652,132,63,42,21,0.64,6.95,18.0,19,2.57,5.0,0.3443,0.6123,0.731,0.6168,1.4762,2.2889
-0.6,-46.6,1.52,0.247269,0.172401,2.321267,733,133,59,36,23,0.7,6.61,15.9,27,2.0,4.0,0.3028,0.5869,0.7238,0.4478,1.3473,1.4043
-0.6,-46.4,1.54,0.23987,0.167372,2.293634,745,127,48,26,22,0.67,7.55,20.7,29,1.91,4.0,0.2991,0.5861,0.6892,0.4124,1.2486,1.3241
-0.6,-46.2,1.51,0.234561,0.162845,2.247503,782,124,53,28,25,0.76,7.28,25.4,31,1.92,4.8,0.2632,0.5547,0.5872,0.3682,1.1073,1.6542
-0.6,-46.0,1.51,0.230952,0.159449,2.189546,795,121,59,32,27,0.82,6.7,25.6,31,1.67,4.4,0.2624,0.5125,0.5353,0.3506,0.972,1.7686
-0.4,-48.2,1.08,0.353369,0.25183,2.056935,663,183,74,34,40,1.21,2.98,7.05,9,1.85,4.0,0.3036,0.5864,0.6,0.5234,1.519,2.1017
-0.4,-48.0,1.23,0.331761,0.231063,2.04614,643,155,69,34,35,1.06,4.14,10.6,13,2.31,5.3,0.3019,0.5664,0.5903,0.5851,1.5185,2.3836
-0.4,-47.8,1.37,0.314042,0.215824,2.118183,622,139,73,39,34,1.03,5.32,15.35,22,2.59,6.0,0.3212,0.5999,0.6834,0.676,1.8343,2.8404
-0.4,-47.6,1.47,0.296753,0.203116,2.169742,617,124,70,39,31,0.94,5.74,19.0,22,2.74,7.0,0.3341,0.6465,0.7264,0.7199,2.0564,2.5232
-0.4,-47.4,1.57,0.280379,0.191846,2.199982,572,120,63,37,26,0.79,7.04,21.5,25,3.04,7.25,0.3693,0.6461,0.7986,0.8201,2.6033,2.8937
-0.4,-47.2,1.61,0.266681,0.182594,2.221999,558,126,61,34,27,0.82,6.11,17.0,23,2.78,7.4,0.3604,0.685,0.7631,0.7156,2.3488,2.9049
-0.4,-47.0,1.63,0.254573,0.174204,2.231603,593,125,58,35,23,0.7,6.17,13.9,21,2.78,7.0,0.3842,0.6191,0.7241,0.6952,2.0688,2.3566
-0.4,-46.8,1.6,0.244735,0.167724,2.232091,642,115,55,31,24,0.73,5.71,15.55,20,2.42,4.85,0.3383,0.6074,0.7402,0.5627,1.494,2.2525
-0.4,-46.6,1.53,0.238528,0.164082,2.210888,699,122,59,36,23,0.7,6.7,17.0,22,2.04,4.0,0.3149,0.585,0.7113,0.4738,1.3467,1.4241
-0.2,-49.6,0.31,0.476692,0.370453,1.819501,573,406,120,46,74,2.24,2.43,7.0,12,1.59,4.0,0.2075,0.5116,0.5308,0.3334,0.9381,2.2489
-0.2,-48.4,0.85,0.364241,0.259119,1.980093,701,188,75,34,41,1.24,3.49,9.0,12,2.12,5.0,0.3153,0.5897,0.6102,0.5569,1.2137,3.2752
-0.2,-48.2,1.0,0.342301,0.238683,1.938727,680,151,72,37,35,1.06,4.43,11.6,16,2.66,7.3,0.3342,0.5772,0.6115,0.7133,1.9785,3.6352
-0.2,-48.0,1.37,0.319333,0.221328,2.048289,621,146,71,37,34,1.03,4.56,11.35,18,2.24,4.35,0.3202,0.5512,0.6593,0.5932,1.6223,2.6652
-0.2,-47.8,1.54,0.300208,0.206332,2.083714,585,136,76,41,35,1.06,5.0,14.3,23,2.43,5.3,0.3169,0.6004,0.7362,0.65,1.9333,2.8532
-0.2,-47.6,1.6,0.283073,0.193605,2.106833,576,123,66,35,31,0.94,5.42,17.0,23,2.58,6.5,0.3439,0.6666,0.7887,0.6909,2.1231,2.6932
-0.2,-47.4,1.68,0.268252,0.183301,2.125385,567,121,59,31,28,0.85,6.46,21.3,25,2.82,7.3,0.3466,0.6743,0.8456,0.7447,2.2662,2.8862
-0.2,-47.2,1.72,0.256556,0.175094,2.126154,539,135,62,35,27,0.82,5.67,14.7,25,2.78,7.7,0.3607,0.6319,0.7172,0.7314,2.2271,2.937
-0.0,-50.4,0.24,0.532853,0.422092,1.591697,643,522,218,60,158,4.79,2.73,8.15,19,1.96,5.15,0.1779,0.4244,0.5188,0.3269,1.0818,2.3613
-0.0,-50.2,0.21,0.517411,0.409617,1.44763,588,495,171,47,124,3.76,2.19,6.0,9,1.8,5.0,0.1723,0.3732,0.4949,0.3035,1.1659,1.6198
-0.0,-50.0,0.24,0.500809,0.395767,1.418273,565,469,150,35,115,3.49,1.99,6.3,11,1.55,4.0,0.1796,0.4013,0.5103,0.2776,0.7839,1.7604
-0.0,-49.2,0.77,0.433487,0.326816,2.066449,641,328,164,69,95,2.88,2.76,6.3,14,1.81,4.0,0.2732,0.5552,0.6138,0.4739,1.6912,2.4927
-0.0,-49.0,0.79,0.411084,0.304028,1.885441,720,289,146,63,83,2.52,2.82,7.9,12,1.8,4.0,0.2594,0.5402,0.5897,0.4327,1.4983,2.2635
-0.0,-48.8,0.82,0.392162,0.284761,1.802426,737,243,118,56,62,1.88,3.23,8.9,20,2.02,4.95,0.2642,0.5169,0.5828,0.483,1.4846,3.4404
-0.0,-48.6,0.9,0.374585,0.266646,1.77823,716,205,100,44,56,1.7,3.82,11.25,22,2.36,5.25,0.2842,0.5335,0.5877,0.5554,1.7311,3.852
-0.0,-48.4,1.07,0.353879,0.246931,1.796789,667,168,82,40,42,1.27,4.45,13.95,25,2.57,6.9,0.3034,0.5697,0.6345,0.6309,2.2433,3.6942
-0.0,-48.2,1.35,0.329955,0.227705,1.827063,610,148,79,41,38,1.15,5.08,14.45,24,2.79,6.6,0.3381,0.6371,0.6582,0.7514,2.7115,3.4406
0.2,-50.6,0.37,0.54469,0.431991,2.161073,488,543,191,74,117,3.55,2.42,7.2,11,1.74,4.0,0.2121,0.5,0.5414,0.3903,1.228,2.0673
0.2,-49.6,0.65,0.457478,0.355506,2.240734,631,402,196,38,158,4.79,2.01,5.0,8,1.68,4.0,0.3371,0.5316,0.7621,0.5555,1.4878,3.2296
0.2,-49.4,0.94,0.438038,0.334045,2.375641,616,347,182,83,99,3.0,2.81,7.0,15,1.96,4.0,0.2948,0.5804,0.8586,0.5517,1.7508,2.298
0.2,-49.2,1.23,0.417197,0.313647,2.046903,599,307,149,70,79,2.39,3.06,7.3,15,1.97,4.1,0.3027,0.6117,0.8241,0.5431,1.684,2.4573
0.2,-49.0,1.18,0.398755,0.294285,1.88403,623,272,135,63,72,2.18,3.25,7.9,20,2.07,4.45,0.2895,0.5793,0.7448,0.5333,1.5693,2.9045
0.2,-48.8,1.18,0.381519,0.276251,1.726858,634,233,113,58,55,1.67,3.67,12.0,22,2.35,5.6,0.2921,0.5197,0.6703,0.5698,1.5672,2.7671
0.2,-48.6,1.33,0.363564,0.258098,1.624536,600,200,103,51,52,1.58,4.17,12.9,25,2.46,5.9,0.2977,0.5436,0.5713,0.5982,1.7834,3.0792
0.4,-50.0,0.59,0.489395,0.387932,2.706483,648,465,217,40,177,5.36,1.95,5.0,10,1.71,4.0,0.1973,0.3992,0.5069,0.3188,0.8314,2.0518
0.4,-49.8,0.71,0.4717,0.369455,2.650299,608,434,210,69,141,4.27,2.28,6.0,10,1.67,4.0,0.3464,0.5552,1.0,0.5585,1.4108,2.1641
0.4,-49.6,0.91,0.447104,0.346721,2.932899,591,391,200,98,102,3.09,2.64,6.0,13,1.81,4.0,0.3283,0.5897,1.0,0.5724,1.6684,2.3728
0.4,-49.4,1.36,0.422996,0.322012,2.322104,548,333,165,86,79,2.39,3.06,7.0,15,1.97,4.0,0.3235,0.6323,0.9793,0.5758,1.6701,2.61
0.4,-49.2,1.41,0.404161,0.303104,1.993445,549,294,140,69,71,2.15,3.49,9.5,15,2.2,5.0,0.3275,0.6159,0.8759,0.6131,1.8401,2.4105
0.4,-29.4,2.3,0.112547,0.046954,0.974593,492,117,37,15,22,0.67,4.91,12.9,14,2.14,4.95,0.2145,0.4241,0.4637,0.341,0.7692,0.8689
0.6,-50.4,0.37,0.523436,0.416202,2.450685,607,522,265,122,143,4.33,2.34,7.0,15,1.66,3.9,0.2232,0.5172,0.6172,0.3817,1.4305,2.5013
0.6,-50.2,0.62,0.505011,0.402265,2.707793,654,512,260,156,104,3.15,2.12,6.7,14,1.55,3.85,0.2541,0.5271,0.5665,0.4078,1.2837,2.2604
0.6,-50.0,1.03,0.482803,0.383787,2.741855,611,478,237,110,127,3.85,2.2,5.0,14,1.57,3.0,0.2856,0.5566,0.6345,0.4403,1.2378,2.7071
0.6,-49.8,1.19,0.460312,0.362689,2.822521,588,437,222,110,112,3.39,2.39,6.0,12,1.63,3.0,0.312,0.5824,1.0,0.4845,1.4833,2.2141
0.6,-49.6,1.31,0.43382,0.336519,2.774897,557,380,190,117,73,2.21,2.82,7.4,13,1.86,4.0,0.3424,0.6329,1.0,0.5697,1.64,2.444
0.6,-49.4,1.42,0.41093,0.312836,2.212441,554,325,155,83,72,2.18,3.24,8.45,16,2.11,5.0,0.3318,0.6378,1.0,0.6187,1.9104,2.6333
0.6,-49.2,1.47,0.394217,0.295542,1.885744,537,290,137,72,65,1.97,3.45,10.4,15,2.18,5.0,0.3074,0.5701,0.9207,0.5908,1.6445,2.2395
0.6,-29.8,2.29,0.117714,0.051108,0.981688,498,119,36,13,23,0.7,5.04,11.9,15,2.09,4.9,0.2237,0.42,0.5451,0.3437,0.8709,0.9195
0.6,-29.6,2.29,0.116632,0.050122,0.977485,494,120,38,14,24,0.73,4.71,11.85,14,2.08,4.85,0.2185,0.4128,0.5006,0.3448,0.8166,0.958
0.6,-29.4,2.29,0.115492,0.04914,0.972691,498,121,37,14,23,0.7,4.91,11.9,14,2.17,4.9,0.2136,0.4169,0.46,0.3382,0.7595,0.9649
0.6,-29.2,2.29,0.114586,0.04816,0.967305,498,129,38,13,25,0.76,4.72,12.6,15,2.0,4.0,0.2087,0.4094,0.4264,0.3129,0.6968,0.9792
0.6,-29.0,2.29,0.113395,0.047173,0.961858,500,136,42,14,28,0.85,4.46,12.95,15,1.89,4.0,0.1991,0.3793,0.4247,0.2936,0.6731,0.9849
0.8,-50.2,0.51,0.500019,0.397642,2.668332,674,506,272,153,119,3.61,2.34,7.1,16,1.58,3.1,0.2596,0.5303,0.5793,0.4265,1.3675,2.3726
0.8,-50.0,0.73,0.476992,0.380305,2.687402,642,490,270,161,109,3.3,2.36,7.0,15,1.59,4.0,0.2555,0.529,0.5848,0.4145,1.4015,2.4065
0.8,-49.8,1.16,0.45028,0.357923,2.518836,602,451,240,154,86,2.61,2.36,6.0,12,1.6,3.0,0.2759,0.524,0.5718,0.4188,1.0185,1.4664
0.8,-49.6,1.31,0.421679,0.327364,2.269683,547,362,181,110,71,2.15,2.99,8.0,13,1.97,4.0,0.2642,0.5605,0.9793,0.4868,1.4716,2.3192
0.8,-49.4,1.42,0.401093,0.306025,1.970476,533,317,162,97,65,1.97,3.26,9.0,15,2.14,5.0,0.2915,0.5651,0.9656,0.5452,1.4919,2.2992
0.8,-29.8,2.29,0.121381,0.05354,0.977844,491,124,39,14,25,0.76,4.56,11.8,15,2.12,4.8,0.2166,0.4094,0.5353,0.3374,0.8631,0.9509
0.8,-29.6,2.29,0.120277,0.052568,0.974479,488,123,38,13,25,0.76,4.68,12.0,16,2.08,4.8,0.2088,0.4045,0.4904,0.3239,0.7979,0.9601
0.8,-29.4,2.28,0.119205,0.051603,0.970512,500,124,42,17,25,0.76,4.76,12.6,16,2.0,4.8,0.2093,0.4047,0.4529,0.3223,0.7473,0.9832
0.8,-29.2,2.29,0.118424,0.050636,0.964515,493,132,39,16,23,0.7,5.09,13.7,15,2.13,5.0,0.2154,0.4084,0.4168,0.3354,0.6906,1.1
0.8,-29.0,2.29,0.117313,0.04967,0.958609,500,138,41,15,26,0.79,4.73,14.0,16,2.0,4.75,0.2066,0.3723,0.418,0.3093,0.6631,1.0872
1.0,-50.0,0.57,0.472427,0.375843,2.617953,670,493,277,173,104,3.15,2.28,7.0,14,1.62,3.0,0.248,0.4968,0.5448,0.4028,1.3055,2.2753
1.0,-49.8,1.03,0.440062,0.349217,2.164499,577,458,230,157,73,2.21,2.55,7.0,11,1.62,3.0,0.2032,0.4059,0.474,0.3213,0.7656,1.2584
1.0,-49.6,1.31,0.411439,0.319382,1.948816,497,357,158,99,59,1.79,3.68,12.1,14,2.07,4.1,0.2146,0.4408,0.8238,0.4185,1.1506,2.1377
1.0,-29.8,2.288,0.125126,0.056222,0.971587,484,130,38,14,24,0.73,4.58,12.85,15,1.96,4.85,0.2126,0.4002,0.5266,0.3079,0.8649,0.9548
1.0,-29.6,2.28,0.124076,0.05526,0.966033,494,140,43,17,26,0.79,4.58,13.0,17,1.96,5.0,0.2061,0.396,0.4882,0.3125,0.7977,1.0798
1.0,-29.4,2.28,0.123161,0.054311,0.960863,499,137,43,18,25,0.76,4.72,12.8,16,2.04,5.0,0.2058,0.3967,0.4504,0.3187,0.7463,1.0901
1.0,-29.2,2.28,0.122318,0.053364,0.957653,496,130,40,16,24,0.73,5.04,14.4,16,2.08,5.0,0.2126,0.398,0.4132,0.3297,0.694,1.0969
1.0,-29.0,2.28,0.121403,0.052413,0.953805,503,134,39,15,24,0.73,5.0,14.55,16,2.12,5.0,0.2136,0.4066,0.4149,0.3363,0.8896,1.0861
1.2,-49.8,0.93,0.424447,0.335301,1.873005,457,429,168,128,40,1.21,3.9,12.05,17,1.6,3.0,0.1443,0.2579,0.3431,0.2196,0.5144,0.8123
1.2,-49.6,1.44,0.39967,0.309401,1.741465,438,350,145,100,45,1.36,4.53,13.0,16,2.0,4.0,0.2151,0.3886,0.789,0.394,0.8781,1.3474
1.2,-29.6,2.28,0.128478,0.058197,0.962875,495,131,43,17,26,0.79,4.5,13.0,15,2.0,5.0,0.2056,0.3876,0.4901,0.3077,0.8249,1.0631
1.2,-29.4,2.28,0.127501,0.057255,0.957874,494,129,43,17,26,0.79,4.46,13.5,15,2.0,5.0,0.1988,0.3877,0.4453,0.3101,0.7428,1.0607
1.2,-29.2,2.28,0.126649,0.056331,0.953435,492,138,40,16,24,0.73,4.92,14.55,16,2.08,5.0,0.2113,0.3963,0.4081,0.3246,0.6872,1.0661
1.4,-49.8,1.36,0.400674,0.314324,1.897521,392,372,136,87,49,1.49,4.18,13.8,16,2.08,4.6,0.2354,0.4312,0.8521,0.451,1.1951,1.7359
1.4,-49.6,1.56,0.380855,0.292287,1.718871,387,327,130,74,56,1.7,4.27,13.0,16,2.32,5.0,0.2701,0.4981,0.8852,0.553,1.4659,1.9948
1.6,-49.8,1.56,0.369454,0.282784,2.154327,369,304,122,60,62,1.88,4.4,13.95,19,2.5,5.0,0.3375,0.5985,0.8069,0.7684,2.13,2.4867
1.6,-49.6,1.68,0.35726,0.269275,1.897992,370,283,112,47,65,1.97,4.23,13.0,20,2.71,7.0,0.3426,0.6431,0.7988,0.813,2.4928,3.291
1.8,-50.0,1.57,0.34962,0.258355,3.574155,351,270,128,53,75,2.27,4.24,15.0,21,2.6,6.3,0.3926,0.6379,0.918,0.9557,2.8042,3.8983
1.8,-49.8,1.8,0.342766,0.249279,2.60935,351,247,113,39,74,2.24,4.11,13.7,16,2.49,6.35,0.3655,0.6564,0.7272,0.8348,2.4711,3.3702
1.8,-49.6,1.81,0.335225,0.245384,2.124809,348,238,98,30,68,2.06,4.12,13.95,24,2.69,6.65,0.3311,0.6391,0.7083,0.8168,2.6843,5.2098
2.0,-50.2,1.71,0.345702,0.254959,4.067557,333,262,121,63,58,1.76,4.66,14.15,17,2.53,5.0,0.4073,0.6453,0.6941,0.9533,2.6504,2.8862
2.0,-50.0,1.86,0.331736,0.237464,3.433067,332,237,108,42,66,2.0,4.45,14.75,16,2.58,5.75,0.3895,0.6552,0.6932,0.9012,2.6856,3.1984
2.0,-49.8,1.93,0.321787,0.227111,2.766639,337,213,96,34,62,1.88,4.48,14.0,17,2.73,7.0,0.3717,0.6509,0.6862,0.9099,2.743,3.7413
2.0,-49.6,1.91,0.312864,0.221994,2.301553,335,197,86,34,52,1.58,4.75,15.0,26,2.71,7.45,0.3309,0.6005,0.6655,0.8146,2.601,4.3113
2.2,-50.6,0.91,0.348307,0.253006,4.332241,351,285,136,71,65,1.97,4.54,14.0,17,2.57,5.0,0.3582,0.5779,0.5897,0.8498,2.1886,2.6754
2.2,-50.4,1.42,0.338169,0.24632,4.080478,344,250,123,71,52,1.58,5.25,14.45,17,2.63,5.0,0.3821,0.6084,0.6207,0.8904,2.1721,2.7126
2.2,-50.2,1.89,0.327952,0.23742,3.660358,332,230,100,50,50,1.52,5.16,14.55,16,2.58,5.0,0.3892,0.6536,0.6724,0.8985,2.4788,2.9087
2.2,-50.0,1.98,0.314097,0.219998,3.189866,324,201,85,37,48,1.45,5.42,14.3,17,2.88,5.65,0.3786,0.6525,0.6828,0.9519,2.5976,3.4588
2.4,-50.6,1.69,0.334835,0.242853,4.132748,339,253,117,63,54,1.64,4.69,14.0,17,2.46,5.0,0.4066,0.6345,0.6448,0.8845,2.3379,2.9023
2.4,-50.4,1.89,0.323283,0.233849,3.834614,333,228,95,46,49,1.49,4.94,13.6,16,2.49,5.0,0.4014,0.6501,0.6724,0.8591,2.4911,2.8782
2.4,-50.2,1.98,0.31012,0.220121,3.39471,328,208,81,36,45,1.36,5.47,14.0,15,2.6,5.0,0.3673,0.6414,0.6897,0.8475,2.4213,2.8737
2.6,-50.8,1.22,0.330021,0.239172,3.767275,375,260,129,74,55,1.67,4.31,14.3,15,2.15,4.3,0.3436,0.5724,0.5862,0.6752,1.8534,2.2936
2.6,-50.6,1.75,0.320296,0.230891,3.710315,342,219,96,50,46,1.39,5.11,13.75,16,2.48,5.0,0.389,0.6172,0.6379,0.8214,2.3018,2.7622
2.6,-50.4,1.94,0.307743,0.220426,3.419876,328,208,76,38,38,1.15,5.68,13.3,15,2.76,5.15,0.3813,0.6434,0.6793,0.8824,2.4212,2.7366
2.8,-50.8,1.52,0.316132,0.227993,3.336776,331,239,102,60,42,1.27,4.81,14.9,16,2.24,5.0,0.3321,0.5906,0.6,0.6612,1.6839,2.4674
2.8,-50.6,1.88,0.305596,0.218979,3.23076,337,213,81,40,41,1.24,4.83,13.0,15,1.98,5.0,0.3271,0.6276,0.631,0.6348,1.8169,2.6387
3.0,-50.8,1.8,0.30256,0.217488,2.877892,330,214,79,49,30,0.91,4.97,12.55,15,2.23,4.55,0.3021,0.5439,0.5456,0.614,1.665,2.0125
3.0,-50.6,1.98,0.290353,0.20666,2.691555,332,197,70,37,33,1.0,5.48,14.4,15,2.21,5.4,0.2945,0.568,0.581,0.6017,1.8409,2.317
3.2,-50.8,1.95,0.288047,0.204661,2.419473,316,186,68,40,28,0.85,5.25,14.65,15,2.39,5.0,0.3035,0.5238,0.5692,0.5944,1.607,1.9282
3.2,-50.6,2.07,0.270766,0.1891,2.212439,325,170,62,32,30,0.91,5.2,12.55,14,2.2,5.0,0.2976,0.5268,0.5826,0.5642,1.6166,1.9605
3.4,-50.8,2.0,0.270107,0.188402,1.995645,315,171,66,35,31,0.94,4.61,12.0,16,2.1,4.5,0.2618,0.511,0.5704,0.5083,1.528,1.9611
3.6,-51.0,1.56,0.268062,0.186355,1.818707,338,183,67,40,27,0.82,4.89,12.4,15,2.26,5.0,0.2579,0.4362,0.4946,0.5385,1.6206,2.1487
3.6,-50.8,1.99,0.248861,0.168247,1.700254,321,162,62,34,28,0.85,4.0,12.25,14,2.04,4.65,0.2544,0.4634,0.5321,0.4902,1.5778,1.8984
3.8,-51.0,1.29,0.24792,0.167289,1.581928,355,168,62,38,24,0.73,4.46,10.0,13,2.42,5.0,0.2661,0.4087,0.4536,0.5465,1.6862,1.8377
3.8,-50.8,1.9,0.229003,0.150061,1.485139,324,146,45,21,24,0.73,3.75,9.55,11,2.08,4.85,0.2511,0.4487,0.5217,0.4879,1.6653,1.9761
4.0,-51.0,1.46,0.219428,0.139598,1.408803,367,152,54,25,29,0.88,3.76,8.6,11,2.28,5.0,0.2411,0.4379,0.4826,0.4913,1.3179,2.0082
4.0,-50.8,2.01,0.207648,0.12938,1.306864,336,126,32,13,19,0.58,3.42,7.4,11,2.0,5.1,0.2817,0.4536,0.5123,0.4755,1.3379,2.0158
4.2,-51.2,1.0,0.203554,0.123753,1.368351,437,153,61,24,37,1.12,3.0,8.2,12,1.97,5.0,0.2579,0.508,0.5561,0.4449,1.198,1.8695
4.2,-51.0,1.39,0.192816,0.112943,1.237265,384,131,38,16,22,0.67,3.41,7.95,11,2.05,4.0,0.2407,0.4282,0.4533,0.4155,1.0101,1.8525
4.2,-50.8,2.01,0.189117,0.11172,1.173837,331,130,22,10,12,0.36,3.5,8.15,12,2.25,5.9,0.2404,0.4648,0.5092,0.5078,1.6619,2.2591
4.4,-51.6,1.0,0.187723,0.108909,0.982917,389,159,62,20,42,1.27,3.48,7.95,14,2.36,5.0,0.2279,0.4531,0.6113,0.4274,1.0934,2.3326
4.4,-51.4,1.33,0.177886,0.09927,1.218334,365,139,46,15,31,0.94,3.77,9.5,12,2.26,5.0,0.2615,0.4999,0.5151,0.4579,1.1075,1.7728
4.4,-51.2,1.35,0.182853,0.103241,1.175965,387,133,38,15,23,0.7,3.57,8.0,12,2.39,5.8,0.249,0.4229,0.4588,0.4564,1.0622,1.8087
4.4,-51.0,1.38,0.178509,0.096584,1.112606,385,138,30,13,17,0.52,3.12,8.0,12,2.12,4.6,0.2388,0.4095,0.4293,0.3796,0.8415,1.5131
4.6,-51.6,1.92,0.172671,0.095259,1.151823,320,133,36,13,23,0.7,3.83,6.0,13,2.35,4.9,0.2703,0.4942,0.5739,0.509,1.293,2.3284
4.6,-51.4,1.99,0.168977,0.090286,1.111885,331,138,30,11,19,0.58,3.53,6.6,12,2.37,3.5,0.2725,0.4955,0.5637,0.5132,1.1293,2.3084
4.6,-51.2,1.76,0.165823,0.085085,1.063546,355,134,28,11,17,0.52,3.18,7.0,11,2.12,4.6,0.2373,0.3964,0.4853,0.3986,0.9062,1.7314
4.6,-51.0,2.13,0.176995,0.094501,1.04425,336,125,16,5,11,0.33,3.55,8.0,11,2.18,5.0,0.25,0.4501,0.5186,0.4783,1.2603,1.8201
4.8,-52.0,1.86,0.158574,0.080716,1.134771,318,148,47,14,33,1.0,3.58,9.0,14,2.36,5.2,0.293,0.5738,0.6106,0.5369,1.542,2.7844
4.8,-51.8,2.14,0.151687,0.073422,1.111602,302,138,33,11,22,0.67,3.73,6.9,14,2.41,4.95,0.3026,0.5233,0.6277,0.5647,1.3482,2.7816
4.8,-51.6,2.21,0.154736,0.076438,1.070713,307,137,30,11,19,0.58,2.95,5.7,12,2.0,4.3,0.2802,0.5031,0.5935,0.4857,1.1093,2.3575
4.8,-51.4,2.3,0.159695,0.079151,1.042542,320,135,23,10,13,0.39,3.08,7.6,13,2.08,5.0,0.288,0.4647,0.5782,0.5281,1.3333,2.3132
5.0,-52.2,1.53,0.143376,0.06435,1.104383,365,149,48,14,34,1.03,3.82,8.35,15,2.53,4.7,0.2679,0.5137,0.5526,0.4927,1.3324,2.5164
5.0,-52.0,1.92,0.14069,0.061692,1.076656,329,138,35,13,22,0.67,3.82,6.0,13,2.59,4.95,0.2618,0.4991,0.5537,0.544,1.2814,2.5824
5.0,-51.8,2.25,0.142095,0.063573,1.051013,317,131,27,11,16,0.48,3.25,7.75,13,2.19,4.5,0.2739,0.5224,0.5982,0.5249,1.2263,2.5975
5.0,-51.6,2.34,0.149284,0.070024,1.026756,323,125,23,10,13,0.39,3.31,8.2,13,2.31,5.4,0.251,0.4408,0.5863,0.5234,1.4353,2.2731
5.2,-52.6,1.47,0.140088,0.06142,1.097684,367,173,54,14,40,1.21,3.7,8.15,13,2.38,6.05,0.2562,0.4802,0.5948,0.4787,1.4205,2.1762
5.2,-52.4,1.82,0.13213,0.053775,1.078093,341,147,42,11,31,0.94,3.48,7.5,13,2.39,5.5,0.2764,0.535,0.5988,0.4885,1.4309,2.6931
5.2,-52.2,1.92,0.132312,0.053225,1.052509,336,132,29,10,19,0.58,3.74,8.5,13,2.53,4.5,0.2566,0.4987,0.5564,0.5395,1.4007,2.4664
5.2,-52.0,2.21,0.141545,0.061947,1.027735,332,123,25,9,16,0.48,3.5,8.25,12,2.5,5.0,0.2762,0.4553,0.5714,0.5766,1.4006,2.4888
5.4,-52.6,1.84,0.118229,0.040494,1.061178,364,145,38,10,28,0.85,3.64,7.65,11,2.29,4.65,0.2702,0.5052,0.5887,0.5046,1.3521,2.4297
5.4,-52.4,1.94,0.119778,0.042148,1.034162,355,125,26,6,20,0.61,3.55,7.25,12,2.35,4.25,0.2887,0.4938,0.5689,0.522,0.9399,2.596
5.6,-53.4,1.49,0.094597,0.018571,1.166065,364,157,50,20,30,0.91,3.33,6.55,13,1.97,4.55,0.2302,0.4249,0.4947,0.4092,1.2012,2.0379
5.6,-53.2,1.92,0.091673,0.016047,1.143424,338,166,41,15,26,0.79,3.62,7.0,12,1.96,4.75,0.2684,0.5022,0.5595,0.4439,1.3161,1.9706
5.6,-53.0,1.98,0.093497,0.016639,1.09826,353,157,38,17,21,0.64,3.33,9.0,12,1.81,4.0,0.2829,0.4525,0.5767,0.4,0.8594,1.9833
5.6,-52.8,2.0,0.09496,0.017655,1.051132,353,153,32,13,19,0.58,3.42,7.5,12,2.0,3.5,0.2826,0.4251,0.5904,0.4651,1.0909,2.3102
5.6,-52.6,1.94,0.112881,0.034861,1.021377,353,128,24,9,15,0.45,3.67,7.5,11,2.2,4.5,0.2876,0.4494,0.5748,0.5061,1.1368,2.3185
5.8,-53.6,1.7,0.083201,0.008678,1.144314,364,146,38,11,27,0.82,3.0,8.8,12,1.74,3.4,0.2288,0.376,0.4703,0.3346,0.6728,1.6952
5.8,-53.4,1.54,0.082163,0.006835,1.115909,372,140,33,11,22,0.67,3.0,7.95,12,1.68,3.95,0.2186,0.3714,0.4793,0.3332,0.6255,1.943
5.8,-53.2,2.12,0.083467,0.007779,1.081541,336,138,25,10,15,0.45,3.93,8.8,13,2.13,4.5,0.2733,0.4536,0.5786,0.4827,1.2769,2.3019
5.8,-53.0,2.14,0.089114,0.012434,1.046892,353,145,24,8,16,0.48,3.81,10.0,13,2.12,5.25,0.2804,0.444,0.5782,0.477,1.228,2.2903
5.8,-52.8,2.12,0.097792,0.020173,1.012594,354,142,18,8,10,0.3,5.1,9.75,12,2.6,5.75,0.327,0.5015,0.5809,0.6169,1.6305,2.3205
6.0,-54.2,1.94,0.068361,-0.006022,1.130142,344,142,30,11,19,0.58,2.74,5.5,10,1.63,4.2,0.1955,0.3484,0.4462,0.3163,1.0574,1.6602
6.0,-54.0,2.07,0.067141,-0.007635,1.129754,346,150,28,11,17,0.52,2.88,6.0,10,1.76,4.4,0.2398,0.3778,0.4692,0.3954,1.1449,1.7173
6.0,-53.8,2.16,0.069021,-0.006673,1.111276,342,141,25,9,16,0.48,3.44,8.75,11,1.94,4.5,0.246,0.3962,0.4921,0.4155,1.0188,1.7632
6.0,-53.6,2.2,0.077321,0.00113,1.087374,347,138,25,7,18,0.55,3.06,6.75,11,1.78,3.45,0.2411,0.3975,0.5089,0.3793,0.8356,1.7777
6.0,-53.4,2.22,0.08063,0.00331,1.06036,351,131,23,10,13,0.39,3.15,7.8,9,1.92,3.8,0.2442,0.4279,0.5196,0.4241,1.1496,1.6845
6.0,-53.2,2.22,0.086965,0.009696,1.030648,349,130,21,8,13,0.39,3.54,8.4,9,2.08,4.6,0.2632,0.4466,0.5344,0.4594,1.2279,1.7801
