{"type":"FeatureCollection","features":[{"type":"Feature","id":7970,"geometry":{"type":"LineString","coordinates":[[-38.183789175129561,-6.016327259497535],[-38.183712176974666,-6.0162602654010104],[-38.183482179857947,-6.0161292530646717],[-38.183219167729646,-6.0159382622431048],[-38.182957171835255,-6.0157772539192456],[-38.182695170544946,-6.0155862577017611],[-38.182117159178802,-6.0152822562732089],[-38.180897152380915,-6.0145052519179787],[-38.180215149708665,-6.0140042441027202],[-38.180141146296137,-6.01391724368799]]},"properties":{"OBJECTID":7970,"NORIOCOMP":"Rio Apodi","COCURSODAG":"754","COBACIA":"75477977","DEDOMINIAL":"Estadual"}},{"type":"Feature","id":7971,"geometry":{"type":"LineString","coordinates":[[-37.926828243128163,-5.8541293915655057],[-37.926559243313704,-5.8539483976077999],[-37.925530228236703,-5.853664391705669],[-37.924682228701158,-5.853418387555883],[-37.923646221395245,-5.8533593965262627],[-37.922842216694221,-5.8532993910613804],[-37.922712215195816,-5.8532853886171479],[-37.922453207748617,-5.8532703915226811],[-37.922194211093199,-5.8532693932752178],[-37.921936203692105,-5.8532403946358436],[-37.921677200741499,-5.853239389193825],[-37.921419205031562,-5.8532243929986789],[-37.921160202080898,-5.8532093860116925],[-37.920900200882841,-5.8532093860116925],[-37.920642193481683,-5.8532083976567542],[-37.920383196826322,-5.8532373953968166],[-37.920124189379067,-5.8532363908541178],[-37.919824191732346,-5.8532643903466557],[-37.918565178639312,-5.8533283959960469]]},"properties":{"OBJECTID":7971,"NORIOCOMP":"Rio Apodi","COCURSODAG":"754","COBACIA":"75477113","DEDOMINIAL":"Estadual"}},{"type":"Feature","id":7972,"geometry":{"type":"LineString","coordinates":[[-37.867317792081678,-5.8166721930757896],[-37.867159792889368,-5.8166682000858954],[-37.86566478330235,-5.816453192869095]]},"properties":{"OBJECTID":7972,"NORIOCOMP":"Rio Apodi","COCURSODAG":"754","COBACIA":"7547535","DEDOMINIAL":"Estadual"}},{"type":"Feature","id":7973,"geometry":{"type":"LineString","coordinates":[[-38.237674746291759,-6.3377072106110255],[-38.238010757289885,-6.3378062133777409],[-38.238632757195262,-6.3377992040617466],[-38.238823765103923,-6.3378452088809833],[-38.239810762955585,-6.3372192042945841],[-38.240468769917072,-6.3367012001919818],[-38.240782770008082,-6.3363291983256271],[-38.240972766179482,-6.3360811949829579],[-38.241257778423005,-6.3356871930013252],[-38.24139777678522,-6.3354971851387765],[-38.241484776300631,-6.3352051914582299],[-38.241500778837121,-6.3350441930268975],[-38.241498773348958,-6.3348521913673341],[-38.241672774178426,-6.334303184935882],[-38.241818780911274,-6.3335361819411178],[-38.2419147790431,-6.3335001748850051],[-38.241919772978406,-6.3336031760375855],[-38.242066780656671,-6.3339341886037959],[-38.24219177742782,-6.3341221855822614],[-38.242300783353748,-6.3343881852583657],[-38.242346783676396,-6.3347181860872732],[-38.24233178118601,-6.3352201876533218],[-38.242732782591077,-6.3357771971516863],[-38.243564785885447,-6.3361211941295812],[-38.244243793815315,-6.335924187742874],[-38.244374794460441,-6.3360121935996272],[-38.244623793352609,-6.3361301909473555],[-38.244754799393718,-6.3362171913620857],[-38.24485679600361,-6.3363501974953742],[-38.245016800684077,-6.3366422010684893],[-38.245089804949771,-6.3369342010442704],[-38.245074803358762,-6.3372262046173802],[-38.245029809377456,-6.3375182036938904],[-38.245000805342158,-6.3378112019171873],[-38.244955799669697,-6.3381032126848504],[-38.244939805227091,-6.3384182119226296],[-38.244955805964942,-6.3387012078861416],[-38.245081808178163,-6.3388422053951334],[-38.245158806333109,-6.3389202080928291],[-38.245504808799126,-6.3390782126810548],[-38.245676809536405,-6.3392032139488599],[-38.245786811011783,-6.3394542066379778],[-38.245958811749013,-6.3396902139239026],[-38.246282814999176,-6.3399022165057648],[-38.246516811400973,-6.3397992198497786],[-38.247290823711808,-6.3394362049086235],[-38.24742281810785,-6.3392322161855184],[-38.247984826937454,-6.3383582073570679]]},"properties":{"OBJECTID":7973,"NORIOCOMP":"Rio Apodi","COCURSODAG":"75494","COBACIA":"75494535","DEDOMINIAL":"Estadual"}},{"type":"Feature","id":7974,"geometry":{"type":"LineString","coordinates":[[-37.901835057341259,-5.8419633323496276],[-37.901265049042024,-5.8418013302749134],[-37.89954203973258,-5.8409363308547118],[-37.898838037844435,-5.8407063274428221],[-37.897636021084736,-5.8405173259216063],[-37.896417020628235,-5.8402423231324869],[-37.89585801013834,-5.8399123285988885]]},"properties":{"OBJECTID":7974,"NORIOCOMP":"Rio Apodi","COCURSODAG":"754","COBACIA":"75475773","DEDOMINIAL":"Estadual"}},{"type":"Feature","id":7975,"geometry":{"type":"LineString","coordinates":[[-37.198581567884332,-5.019708490288938],[-37.198687568275879,-5.0195414870843047],[-37.198855569728039,-5.0191774891841776],[-37.198901575446598,-5.0189044855879397],[-37.198856569774136,-5.0185854825683816],[-37.198812569543691,-5.0181604782578901],[-37.198647566431312,-5.0178404796888358],[-37.198027564819533,-5.0172014736035635],[-37.197499569248976,-5.016622468486581],[-37.197182553731125,-5.0162424644526364],[-37.197078557029045,-5.0157104642010388],[-37.197124556452366,-5.0151334645722274],[-37.197126550249322,-5.0147074548197201],[-37.196885554424057,-5.0142214548907722],[-37.196355553365379,-5.0139004517789552],[-37.195826551453422,-5.0138384561143949],[-37.195295541355392,-5.0139894576818591],[-37.194915541818027,-5.0143674571269523],[-37.19465754430945,-5.0147924623368176],[-37.194551537622601,-5.0149434684008893],[-37.194444537184893,-5.0151104599143057],[-37.194338540390561,-5.0153224624961616],[-37.194171533588644,-5.0154744641097277],[-37.193958541752579,-5.0155804591054176],[-37.193701528102281,-5.0156404672682626],[-37.193428529902008,-5.0155934677987899],[-37.193065525752679,-5.0153804597749216],[-37.192794532141193,-5.0151064678237365],[-37.192446518791094,-5.0148314596386472],[-37.191962523450968,-5.0145114664655637],[-37.191494512660874,-5.0141454594799324],[-37.1909655161449,-5.0138254555149029],[-37.190541505585259,-5.0137174550311041],[-37.189844507617181,-5.013822457175185],[-37.1892074998255,-5.0141844621777389],[-37.188843496529387,-5.0145024651512031],[-37.188039497224281,-5.0148804708915318],[-37.187615492060552,-5.0149244603300804],[-37.187191481500918,-5.0149694660025963],[-37.186706479819463,-5.014967465910348],[-37.186388475946679,-5.0149664667635649],[-37.18602548348855,-5.0150264578392836],[-37.185707474219839,-5.0150714680083395],[-37.185495471637985,-5.01496446757064],[-37.185116472146717,-5.0149634675245363],[-37.184721470119037,-5.0150054694613706],[-37.184482468989984,-5.0149254621748725],[-37.184164465117256,-5.0150044640192979],[-37.183925458592284,-5.015128471536241],[-37.1833224640597,-5.0154004651938049],[-37.182970457719705,-5.0153994768388648],[-37.182573451103167,-5.0153304718583058],[-37.182255447230375,-5.0152834669929147],[-37.181778449515093,-5.0152024704521629],[-37.181222438264172,-5.0151214694148036],[-37.180779438519558,-5.0150404674781255],[-37.180461433747439,-5.0149594709373755],[-37.180064428030164,-5.0149244639274198],[-37.179837429253212,-5.0150724662558614],[-37.179598432620821,-5.01523047084408],[-37.179358432345055,-5.0154694719730637],[-37.17911942582009,-5.0156624736787245],[-37.178846422223835,-5.0159804775515031],[-37.178607425591458,-5.0162984751289903],[-37.178322419643223,-5.016457474367396],[-37.178050415193752,-5.0164564869118315],[-37.177766419184138,-5.0163074800406378],[-37.1773464133056,-5.0162264772046417],[-37.176904411808437,-5.0159064741389834],[-37.176587407082422,-5.0155074800206823],[-37.176270408651703,-5.0151414721357392],[-37.175999409644305,-5.0147874666028196],[-37.17560240302771,-5.0144224632606154],[-37.175365401091653,-5.0140574608176829],[-37.175048396365639,-5.0135434560002681],[-37.174777397358241,-5.0130194597148998],[-37.174381396183719,-5.012585457687325],[-37.173984394963099,-5.0123794544828577],[-37.17342738366608,-5.01226345542874],[-37.173063386665206,-5.0124904542056852],[-37.172505375322089,-5.0130124566940868],[-37.17223237172584,-5.013444459528734],[-37.171821375255554,-5.0141274676430951],[-37.17151337364254,-5.014513464759121],[-37.171160373551629,-5.0149114768177201],[-37.17063637097101,-5.015274474671803],[-37.170045358106044,-5.0157854802501927],[-37.169839359398168,-5.0161834806176282],[-37.169474356055957,-5.0168654877865126],[-37.169154352990233,-5.0175024892828839],[-37.168834349924573,-5.0181054946072772],[-37.168561352623563,-5.0182974908709284],[-37.168401347043812,-5.0185364919999058],[-37.167957347253036,-5.018934503159187],[-37.167639348776163,-5.0189334986164349],[-37.167060338263241,-5.0190915032047112],[-37.166060332617519,-5.0190885048650058],[-37.16547033508715,-5.0188924976250693],[-37.165107325541896,-5.0187325001391541],[-37.164790327111184,-5.0185265014312801],[-37.164444318349865,-5.0182694931769678],[-37.164126319872992,-5.0181014971207976]]},"properties":{"OBJECTID":7975,"NORIOCOMP":"Rio Apodi","COCURSODAG":"754","COBACIA":"75433","DEDOMINIAL":"Estadual"}},{"type":"Feature","id":7976,"geometry":{"type":"LineString","coordinates":[[-38.021760963397014,-5.9230667755163626],[-38.021166960286223,-5.9227457679079514],[-38.019999952335176,-5.9222767633670781],[-38.01766592923849,-5.9209397610662933],[-38.0151959115613,-5.9189347486449888],[-38.010253872517467,-5.9161917336668859],[-38.009856871296847,-5.9156877320085766]]},"properties":{"OBJECTID":7976,"NORIOCOMP":"Rio Apodi","COCURSODAG":"754","COBACIA":"75477551","DEDOMINIAL":"Estadual"}},{"type":"Feature","id":7977,"geometry":{"type":"LineString","coordinates":[[-37.774051091084232,-5.7517608392020323],[-37.774031090161941,-5.7516598372423289],[-37.773485081170804,-5.7501178290852542],[-37.772650078637469,-5.7484848176309962],[-37.77218807082204,-5.7470378138548321],[-37.77277707190359,-5.7436097951668339]]},"properties":{"OBJECTID":7977,"NORIOCOMP":"Rio Apodi","COCURSODAG":"754","COBACIA":"7547353","DEDOMINIAL":"Estadual"}},{"type":"Feature","id":7978,"geometry":{"type":"LineString","coordinates":[[-37.768999993054479,-5.6508642090299084],[-37.768909993400712,-5.6508162095143355],[-37.766510980796397,-5.6502052029217209],[-37.765465970377477,-5.6502662111306599]]},"properties":{"OBJECTID":7978,"NORIOCOMP":"Rio Apodi","COCURSODAG":"754","COBACIA":"754717","DEDOMINIAL":"Estadual"}},{"type":"Feature","id":7979,"geometry":{"type":"LineString","coordinates":[[-37.817275419724126,-5.797267096808211],[-37.817241422652792,-5.7970740942032277],[-37.817250423967153,-5.7940960800792887]]},"properties":{"OBJECTID":7979,"NORIOCOMP":"Rio Apodi","COCURSODAG":"754","COBACIA":"75473755","DEDOMINIAL":"Estadual"}},{"type":"Feature","id":7980,"geometry":{"type":"LineString","coordinates":[[-38.18071023818618,-6.1607541532789671],[-38.180882239822779,-6.1605491546172502],[-38.180943235441248,-6.1604621542025164],[-38.181396239244293,-6.1600321451648306],[-38.182281244982732,-6.1588191368911298],[-38.183088254318754,-6.1580751340576807],[-38.183878256575554,-6.1577081261266322],[-38.184224259041571,-6.1576301288249065],[-38.184786268770551,-6.1575611346361816],[-38.185049269207632,-6.1574881303704414],[-38.185312265148177,-6.1573571243293452],[-38.185531271650127,-6.1571531311096352],[-38.185619276607611,-6.157037127558926],[-38.185692269182141,-6.1569201284587169],[-38.185809268282355,-6.1565981253008077],[-38.185868269204491,-6.1563351194677542],[-38.185927265630092,-6.1557731160340827],[-38.186192270656022,-6.1545541101816506],[-38.186236277181713,-6.1543641086143337],[-38.186427272499884,-6.1536941028981671],[-38.186568276304172,-6.1532361015624986]]},"properties":{"OBJECTID":7980,"NORIOCOMP":"Rio Apodi","COCURSODAG":"754","COBACIA":"7549171","DEDOMINIAL":"Estadual"}},{"type":"Feature","id":7981,"geometry":{"type":"LineString","coordinates":[[-38.177349218990514,-6.1643471696834347],[-38.177352218229544,-6.1642451730736099],[-38.177901214768497,-6.1640601753341215],[-38.17848522371338,-6.1638491727984199]]},"properties":{"OBJECTID":7981,"NORIOCOMP":"Rio Apodi","COCURSODAG":"754","COBACIA":"7549175","DEDOMINIAL":"Estadual"}},{"type":"Feature","id":7982,"geometry":{"type":"LineString","coordinates":[[-37.364464888143345,-5.2597549435623465],[-37.364465877397606,-5.2591879470926886],[-37.364467886483055,-5.2583369321303195],[-37.36447088032611,-5.2574259323875427],[-37.364411883900573,-5.2566559211604931],[-37.36433288025745,-5.2559469154444853],[-37.364052878137052,-5.2548119161637183],[-37.363994880858336,-5.2540829095254162],[-37.364259880488362,-5.2530919024960845],[-37.36476788143181,-5.2519588916163666],[-37.365114883044669,-5.2505418856263635],[-37.365542881198287,-5.2488418773776742],[-37.365768885325053,-5.2475058580359102],[-37.365771889060682,-5.2464328589163145],[-37.365815882995832,-5.2448938455016192],[-37.3658818878381,-5.2430308342327416],[-37.365823885163422,-5.2418968287028456],[-37.36562588322721,-5.2405598201068209],[-37.365204882698436,-5.2392218114646463],[-37.365208881084243,-5.2376628016242552],[-37.365271875895587,-5.2365897989073913],[-37.365496879976256,-5.2358207913238299],[-37.366265882163987,-5.235053788329064],[-37.367034889747629,-5.2346297786687508],[-37.368590902147673,-5.2342697782550518],[-37.369722907585356,-5.2338477722842809],[-37.370451914223743,-5.2332007676287553],[-37.370513915284221,-5.2326547649329296],[-37.370515913577833,-5.2319457655121591]]},"properties":{"OBJECTID":7982,"NORIOCOMP":"Rio Apodi","COCURSODAG":"754","COBACIA":"7545113","DEDOMINIAL":"Estadual"}},{"type":"Feature","id":7983,"geometry":{"type":"LineString","coordinates":[[-38.193769323294873,-6.1366889967979903],[-38.193721312987464,-6.1364209979289521],[-38.19359831630851,-6.136164989720732],[-38.193517313472512,-6.1360259860086437],[-38.193328311051971,-6.1356899929970412],[-38.19309531289764,-6.1354119846735991],[-38.192789306880286,-6.1351189810543847],[-38.192454305820824,-6.1348999853442949],[-38.192206302478155,-6.1347969841917163],[-38.191885298467021,-6.1346799850915064],[-38.191784301003963,-6.1346479881124187],[-38.190865291898938,-6.134230982372241],[-38.190192286943727,-6.1337599786383752],[-38.189212282220296,-6.1332809763343228],[-38.188324276343572,-6.1329579749288952],[-38.187933268205022,-6.1326719743305009],[-38.187787271364755,-6.1325409799805586],[-38.187666267583445,-6.1323069718875667],[-38.187598268044894,-6.1321159702741488],[-38.187555273256521,-6.1318829676232287],[-38.187511266730837,-6.1316489703220736],[-38.187329261935133,-6.1311519626913196],[-38.187083262281988,-6.1307219635461552]]},"properties":{"OBJECTID":7983,"NORIOCOMP":"Rio Apodi","COCURSODAG":"754","COBACIA":"75491193","DEDOMINIAL":"Estadual"}},{"type":"Feature","id":7984,"geometry":{"type":"LineString","coordinates":[[-37.77277707190359,-5.7436097951668339],[-37.77281107437085,-5.7435127861970185],[-37.772247074442191,-5.7413027742146214],[-37.770294050928953,-5.7399457646963059],[-37.767169030925288,-5.7394097615623103]]},"properties":{"OBJECTID":7984,"NORIOCOMP":"Rio Apodi","COCURSODAG":"754","COBACIA":"7547351","DEDOMINIAL":"Estadual"}},{"type":"Feature","id":8107,"geometry":{"type":"LineString","coordinates":[[-38.267214972692102,-6.354848293305241],[-38.266553965592323,-6.3547692914608147],[-38.266192961535182,-6.354878291990774],[-38.265940963403978,-6.3550352974322246],[-38.265579959346894,-6.355300297961552],[-38.264598953678046,-6.3554482948940754],[-38.264441953632506,-6.3554162979149824],[-38.264213950312808,-6.3552683009824547],[-38.264100950497721,-6.3548143043278351],[-38.264194948537295,-6.354470291162186],[-38.264227951857777,-6.3541722927083484],[-38.264061947799924,-6.353675290473519],[-38.264003951420477,-6.3535872900126282],[-38.2639459487458,-6.3534912864848812],[-38.263741944734193,-6.3532642931038588],[-38.263537939823316,-6.353104289322701],[-38.263390949232189,-6.3530452875012493],[-38.263157940285964,-6.3529572816444331],[-38.26292393758888,-6.3529132868099749],[-38.262734940564314,-6.3529492893694233],[-38.262456937636841,-6.3530002881240213],[-38.262222934939757,-6.3530872939346787],[-38.261989932288827,-6.3531902905906579],[-38.261754929545646,-6.3532762909592959],[-38.261521933189897,-6.3533792939105131],[-38.261287934989468,-6.3533932900595049],[-38.261127931208307,-6.3534072925037997],[-38.260470923393655,-6.3532022884460986],[-38.260251916891718,-6.3531432875239009],[-38.260076921412065,-6.3530842910983658],[-38.259492910668541,-6.3524842859123165],[-38.259289917494975,-6.3522792818546172],[-38.259310912168132,-6.3520522830776729],[-38.259562921091174,-6.3516142826642934],[-38.259735911082714,-6.3514102831493533],[-38.259876919383601,-6.3511752696142736],[-38.260002916200904,-6.3508932736969257],[-38.260097919682494,-6.3504392761429802],[-38.260063917215291,-6.3502512737685981],[-38.260036917768787,-6.3501522701025062]]},"properties":{"OBJECTID":8107,"NORIOCOMP":"Rio Apodi","COCURSODAG":"75494","COBACIA":"754945953","DEDOMINIAL":"Estadual"}},{"type":"Feature","id":8108,"geometry":{"type":"LineString","coordinates":[[-37.950572423477809,-5.8635134420986743],[-37.950045409966947,-5.862783430917677],[-37.949901411420285,-5.8626244316792091],[-37.949757414672206,-5.862466433386226],[-37.949621415595118,-5.8623224357388866],[-37.949516413450965,-5.8622014373534919],[-37.948794405336798,-5.8615204257341667],[-37.9484664028015,-5.8613304295627762],[-37.94821040088857,-5.8611824281336586],[-37.947693395932731,-5.8610684282724748],[-37.946776391416563,-5.8610784269349834],[-37.945705386993268,-5.8608894308096797],[-37.945236376157077,-5.8607584247685871]]},"properties":{"OBJECTID":8108,"NORIOCOMP":"Rio Apodi","COCURSODAG":"754","COBACIA":"754771573","DEDOMINIAL":"Estadual"}},{"type":"Feature","id":8109,"geometry":{"type":"LineString","coordinates":[[-38.003231820291546,-5.9050946697888786],[-38.001315808377115,-5.9030116546698777],[-37.999620792265034,-5.9016026535454218],[-37.999378790997639,-5.9014106509865369],[-37.998782785096694,-5.9010346462377239],[-37.998071778389139,-5.9003566446492561],[-37.997564777491732,-5.8997186377108157]]},"properties":{"OBJECTID":8109,"NORIOCOMP":"Rio Apodi","COCURSODAG":"754","COBACIA":"75477513","DEDOMINIAL":"Estadual"}},{"type":"Feature","id":8110,"geometry":{"type":"LineString","coordinates":[[-38.167901231156179,-6.299916014705234],[-38.167835219119304,-6.2994760133003398],[-38.167807221425392,-6.2990670115263363],[-38.167807225921983,-6.2987750061545889],[-38.167854230787384,-6.2983040132126167]]},"properties":{"OBJECTID":8110,"NORIOCOMP":"Rio Apodi","COCURSODAG":"754","COBACIA":"75499373","DEDOMINIAL":"Estadual"}},{"type":"Feature","id":8111,"geometry":{"type":"LineString","coordinates":[[-38.193101264610959,-6.0536824865583787],[-38.193056264334416,-6.0535904877117375],[-38.192694254835267,-6.052883481188605],[-38.192548263390904,-6.0526064729113207],[-38.192476258271938,-6.0515694727538998],[-38.192448259678713,-6.0512914698264391],[-38.192230257719473,-6.05051746920683],[-38.192186252093101,-6.0503264666940515],[-38.191779248612704,-6.0497424586485602],[-38.19163325087311,-6.0492924549838216]]},"properties":{"OBJECTID":8111,"NORIOCOMP":"Rio Apodi","COCURSODAG":"754","COBACIA":"75491111","DEDOMINIAL":"Estadual"}},{"type":"Feature","id":8112,"geometry":{"type":"LineString","coordinates":[[-38.317569360336961,-6.410050605940115],[-38.317461364349754,-6.4091465993255099],[-38.317476360544852,-6.4087955993268668],[-38.317490367485732,-6.4086935964218004],[-38.317462363496531,-6.4085615966298457],[-38.317403367070995,-6.4083285930795482],[-38.31733135745543,-6.4080945903825262],[-38.317273361075991,-6.4078605885847644],[-38.317185359715836,-6.4076265858876926],[-38.317055359116807,-6.4073925894859043],[-38.316923358425527,-6.4072025879185999],[-38.316749357596052,-6.4069835814166689],[-38.316573356674326,-6.4066795853840386],[-38.316530356490034,-6.4063255852470942],[-38.316706356512377,-6.405551573835603],[-38.316794356973269,-6.4051865758893216],[-38.316314358220325,-6.4042215682603301],[-38.315847352872311,-6.403519561967796],[-38.315716346831209,-6.4033155633521748],[-38.315221341990593,-6.4027735608407959],[-38.314899339731994,-6.4025255556994898],[-38.314709341761954,-6.402407563747734],[-38.314513335421339,-6.4022685546397282],[-38.314418336436347,-6.4021445516193838],[-38.314287336690491,-6.4018955590225097],[-38.314112330418993,-6.4014275536283636],[-38.313996331364876,-6.4011945518767615],[-38.31390833540064,-6.4009605437837607],[-38.31385033362529,-6.4006975541385209],[-38.313880332310767,-6.4004935501269218],[-38.313909330050819,-6.4002735489748188],[-38.313939338628813,-6.3993825456577182],[-38.313940337775648,-6.3990465355589246],[-38.313538327331173,-6.3988345383729914],[-38.313303324587991,-6.3987875389035702],[-38.31306732809395,-6.3986935345687055],[-38.31278532588135,-6.3985195346385604],[-38.312550323138169,-6.3982845327947029],[-38.312331322032151,-6.3977515333963293],[-38.312152321871395,-6.396755527035765],[-38.312119318550977,-6.3961665196589941],[-38.312046315184546,-6.3958735214357079],[-38.311988317006467,-6.3955815223592483],[-38.311915313640043,-6.3952895115915753],[-38.311843314816372,-6.3949975125150633],[-38.311726311219559,-6.3947045088958552],[-38.311551315739905,-6.3943905106034968],[-38.311493313065228,-6.3942805100274382],[-38.311348316271051,-6.3941775133714644],[-38.311113313527869,-6.3941055100511388],[-38.311012305272932,-6.3940465073303656],[-38.310297300179514,-6.3936225084619487],[-38.310136301748173,-6.3935195064099952],[-38.309743299812681,-6.3928325017085275],[-38.309597296677168,-6.3925545050762995],[-38.308823289762245,-6.3923194969372066],[-38.308531290685778,-6.3922315027716126],[-38.307436275263171,-6.3919674932951862],[-38.307115277547261,-6.3918934997751755],[-38.306853276256966,-6.3918785035800338],[-38.306561277180435,-6.3918645020351201],[-38.305977267336289,-6.3918634974924267],[-38.305684268213668,-6.391877499037335],[-38.305422266923358,-6.3918475066471014],[-38.30512926780073,-6.3918914960856545],[-38.304823260884064,-6.3919195000748505],[-38.304340259294804,-6.3921085033947049],[-38.304122252838972,-6.3921965029562164],[-38.303868255514828,-6.3927165062516913]]},"properties":{"OBJECTID":8112,"NORIOCOMP":"Rio Apodi","COCURSODAG":"75494","COBACIA":"75494917","DEDOMINIAL":"Estadual"}},{"type":"Feature","id":7848,"geometry":{"type":"LineString","coordinates":[[-37.775098055729934,-5.6771763657097694],[-37.774574053149308,-5.675513360066625],[-37.774577056884937,-5.6745323499011535],[-37.775185054346025,-5.6726703395777012],[-37.776025060707241,-5.672065339556962],[-37.778027077486911,-5.6716033326409239],[-37.78018509426596,-5.6718823338158462],[-37.781406101109958,-5.6722723356129769]]},"properties":{"OBJECTID":7848,"NORIOCOMP":"Rio Apodi","COCURSODAG":"754","COBACIA":"7547317","DEDOMINIAL":"Estadual"}},{"type":"Feature","id":7849,"geometry":{"type":"LineString","coordinates":[[-37.371042939679171,-5.2817040789059897],[-37.370670937812804,-5.2812370789539065],[-37.370227937168806,-5.280446072154394],[-37.369947935048394,-5.2795340678688483],[-37.369828930460017,-5.2786020680569363],[-37.369891931566656,-5.2778930569450173],[-37.370033934517728,-5.2774080561628374],[-37.369833928891978,-5.277043047424721],[-37.369470930138561,-5.2764750401170204],[-37.36910991978624,-5.2757040450316861],[-37.368990926889012,-5.2748530363646147],[-37.368830922208531,-5.2740630332085239],[-37.368710918473369,-5.2734350303285114],[-37.368288916999177,-5.2727860264801167],[-37.367744919791448,-5.2721570181580217],[-37.367180910869592,-5.2716690181368735],[-37.366252903148222,-5.2710190088463937],[-37.365405892866931,-5.2705310142211692],[-37.365124889801052,-5.2698820112720322],[-37.365186890861594,-5.2691730046567082],[-37.365270891137982,-5.2681199974662007],[-37.365353892267592,-5.2671279894914411],[-37.365355892359787,-5.2664189900706724],[-37.365217892291128,-5.2653659756856124],[-37.3648568927307,-5.2642309719082601],[-37.364637891624682,-5.2631569628499886],[-37.36451888703624,-5.2621039601561499],[-37.364440883439265,-5.2609699564248933],[-37.364464888143345,-5.2597549435623465]]},"properties":{"OBJECTID":7849,"NORIOCOMP":"Rio Apodi","COCURSODAG":"754","COBACIA":"754513","DEDOMINIAL":"Estadual"}},{"type":"Feature","id":7850,"geometry":{"type":"LineString","coordinates":[[-37.783606112631269,-5.671792332363446],[-37.783783117196378,-5.6707003224751382],[-37.783612114706614,-5.669371312449428],[-37.783579111386132,-5.6682873110238923],[-37.78382811477497,-5.6660842966663854],[-37.784001114658963,-5.6635262821257317]]},"properties":{"OBJECTID":7850,"NORIOCOMP":"Rio Apodi","COCURSODAG":"754","COBACIA":"7547311","DEDOMINIAL":"Estadual"}},{"type":"Feature","id":7851,"geometry":{"type":"LineString","coordinates":[[-38.247801795116004,-6.2920279234431185],[-38.247796790388804,-6.2918979219447193],[-38.247753790204513,-6.2917669212995948],[-38.247673799105833,-6.2916709177718548],[-38.24760778796832,-6.2915909167805983],[-38.247520792050182,-6.2914599161354108],[-38.247228792973658,-6.2910649204029809],[-38.247155789607291,-6.2909619192503987],[-38.247098786978711,-6.2906559123337411],[-38.247156789653381,-6.2905239116424658],[-38.247244789214903,-6.2904139164623256],[-38.247580793917791,-6.2902469087610964],[-38.247823794331907,-6.2903089098215794],[-38.248204793915363,-6.2904749120807928],[-38.248471799932872,-6.2905379077914523],[-38.248880802606202,-6.2905539148245433],[-38.249051804196661,-6.290491912864737],[-38.249209797993046,-6.2903649115047369]]},"properties":{"OBJECTID":7851,"NORIOCOMP":"Rio Apodi","COCURSODAG":"75494","COBACIA":"7549431","DEDOMINIAL":"Estadual"}},{"type":"Feature","id":7852,"geometry":{"type":"LineString","coordinates":[[-38.047757154068677,-5.9353528303735157],[-38.046356148816471,-5.9360278345216457],[-38.045730144230049,-5.9360758385338164]]},"properties":{"OBJECTID":7852,"NORIOCOMP":"Rio Apodi","COCURSODAG":"754","COBACIA":"75477711","DEDOMINIAL":"Estadual"}},{"type":"Feature","id":7853,"geometry":{"type":"LineString","coordinates":[[-37.822168462803567,-5.8041661424624396],[-37.822087466262815,-5.8041041360060355],[-37.821606462967168,-5.8027251254731222],[-37.820490452871361,-5.8017441216029439],[-37.819281443882801,-5.8011351195991185],[-37.817935433972366,-5.7988941043884932],[-37.817881429683496,-5.7987741015526577]]},"properties":{"OBJECTID":7853,"NORIOCOMP":"Rio Apodi","COCURSODAG":"754","COBACIA":"75473773","DEDOMINIAL":"Estadual"}},{"type":"Feature","id":7854,"geometry":{"type":"LineString","coordinates":[[-38.208555492541223,-6.2530477068806318],[-38.20792748336595,-6.252878705382388],[-38.207227484360146,-6.2524937020172189],[-38.206930475160561,-6.2523367019716867],[-38.2062464741947,-6.2516066970858759],[-38.206199474725224,-6.2512767016529542],[-38.206103475694071,-6.2510436936061051]]},"properties":{"OBJECTID":7854,"NORIOCOMP":"Rio Apodi","COCURSODAG":"75494","COBACIA":"7549411573","DEDOMINIAL":"Estadual"}},{"type":"Feature","id":7855,"geometry":{"type":"LineString","coordinates":[[-37.54151926400209,-5.4695291870420952],[-37.540345257526894,-5.4690541786272373],[-37.537479240473829,-5.4692631837687085],[-37.534792210990986,-5.469830187432982],[-37.532175198226071,-5.4704701944636662],[-37.53056318504224,-5.4709691985893327],[-37.528271173774897,-5.4708911967910119],[-37.526553157501496,-5.4704561956166575],[-37.525900154367889,-5.4701811982234663],[-37.525367148674214,-5.469490187941572]]},"properties":{"OBJECTID":7855,"NORIOCOMP":"Rio Apodi","COCURSODAG":"754","COBACIA":"754535","DEDOMINIAL":"Estadual"}},{"type":"Feature","id":7856,"geometry":{"type":"LineString","coordinates":[[-38.149974031275804,-6.1859993228071026],[-38.150054033166327,-6.1859353279496601],[-38.150401035678499,-6.1856173294727901],[-38.150484036808109,-6.1855133165829113],[-38.150587033464092,-6.1854983203878193],[-38.150734040243037,-6.185338321103262],[-38.151143044715013,-6.1849443209203203],[-38.151256038234862,-6.1848583196523634],[-38.152168047916348,-6.1842513096469212]]},"properties":{"OBJECTID":7856,"NORIOCOMP":"Rio Apodi","COCURSODAG":"754","COBACIA":"754953","DEDOMINIAL":"Estadual"}},{"type":"Feature","id":7857,"geometry":{"type":"LineString","coordinates":[[-37.289087284549794,-5.1547893173031003],[-37.288847283374707,-5.1550273183859874],[-37.288722287502821,-5.1553803193762082],[-37.288653282522205,-5.1557453164231779],[-37.288492277795626,-5.156223319580449],[-37.288287284529815,-5.156461319764019],[-37.287820280081121,-5.1568593264266944],[-37.287581278052812,-5.1569723253424637],[-37.287183277685358,-5.1570163264721662],[-37.28699027597969,-5.1569363245816477],[-37.286615274874293,-5.1566333169039575],[-37.28631326634342,-5.1562533236619092],[-37.286057264430433,-5.1556753176916983],[-37.285891265768555,-5.1553563209673792],[-37.28540825878337,-5.1548233161730872],[-37.285105256501652,-5.1545033131073748],[-37.284894253066568,-5.1542443101567841],[-37.284729260746019,-5.1538183066995193]]},"properties":{"OBJECTID":7857,"NORIOCOMP":"Rio Apodi","COCURSODAG":"754","COBACIA":"754377","DEDOMINIAL":"Estadual"}},{"type":"Feature","id":7858,"geometry":{"type":"LineString","coordinates":[[-38.197174319338615,-6.092261720601587],[-38.197189315533763,-6.0920147209022941],[-38.197160316894383,-6.0917517150692406],[-38.197131318255011,-6.0914877199819211],[-38.197072311037573,-6.0912247141489235],[-38.197030310899379,-6.0909627128585706],[-38.197001312259999,-6.0906987069794232],[-38.197016312951739,-6.0904357065423413],[-38.197001312259999,-6.0903047049978447],[-38.197075309377283,-6.0897056944619674],[-38.197105317955334,-6.0894577010118134],[-38.197223316202326,-6.0885806983403148],[-38.197267311036853,-6.0883176979031779],[-38.197346312881287,-6.0872526874613815]]},"properties":{"OBJECTID":7858,"NORIOCOMP":"Rio Apodi","COCURSODAG":"754","COBACIA":"75491151","DEDOMINIAL":"Estadual"}},{"type":"Feature","id":7859,"geometry":{"type":"LineString","coordinates":[[-37.888450953647862,-5.8195381957395833],[-37.887037933453151,-5.8180601896345179],[-37.884201919582154,-5.8160491787351623],[-37.882527897243904,-5.8148801733898665],[-37.880578889203598,-5.8144471714084416]]},"properties":{"OBJECTID":7859,"NORIOCOMP":"Rio Apodi","COCURSODAG":"754","COBACIA":"7547559","DEDOMINIAL":"Estadual"}},{"type":"Feature","id":7896,"geometry":{"type":"LineString","coordinates":[[-38.161136151211679,-6.2654468128142113],[-38.160910156078103,-6.2651948110857409],[-38.160236151976108,-6.2646928086203024],[-38.160049155043737,-6.2645198024410087],[-38.159333139112327,-6.2639157988691467],[-38.158929139367558,-6.2638308030432102],[-38.158753145640389,-6.2637568005300057],[-38.158623137846803,-6.2636688054650946],[-38.158505140499074,-6.2636257944889095],[-38.158403143889245,-6.2635367939819835],[-38.158316137179263,-6.2634208012231074],[-38.158287138539883,-6.263273799840138],[-38.158258135403905,-6.2630987980651991],[-38.158185141930005,-6.2630247946526749],[-38.158014134044315,-6.2628977932926837],[-38.157820133191876,-6.2627917973976732],[-38.157675130102405,-6.2627767967059293],[-38.157499129180735,-6.2627617897189412],[-38.15732412920449,-6.2627617951149208],[-38.157120129689474,-6.2627897928088254],[-38.156915125631826,-6.2627757975591498],[-38.156704127592661,-6.2627817906412897],[-38.155879117426593,-6.2623207945631902],[-38.155704116551021,-6.2622327896057008],[-38.155399115076364,-6.2615757880863079],[-38.155297117567159,-6.2613407916384283],[-38.154671106685505,-6.2606247820022887],[-38.15442310783942,-6.2603467853700572],[-38.153956102491399,-6.2599217756636536],[-38.153709102792106,-6.259709779377042],[-38.153606094444967,-6.2596067773251409],[-38.153505097881236,-6.2594977821911622],[-38.15342410134047,-6.2593727755274395],[-38.153373102585874,-6.259248772507104],[-38.15335909474566,-6.2591387728303642],[-38.153395097305179,-6.2589567734305858],[-38.153469095321725,-6.258836775990666],[-38.153609093683997,-6.2587087691885976],[-38.153769098364478,-6.2586067725787711],[-38.153885101915193,-6.2585777676441596],[-38.154091100623077,-6.2585487699040954],[-38.154295105533947,-6.2585487699040954],[-38.154499105048899,-6.2585637714951066],[-38.15471810525559,-6.2585797722329461],[-38.155228110787959,-6.2587257690732772],[-38.155535118650057,-6.2588137695341057],[-38.155777112722838,-6.2587787724166688],[-38.156394120491541,-6.2587087673899555],[-38.15684911719228,-6.2584267651773686],[-38.157133129389649,-6.2580827628035562],[-38.157164127221961,-6.2577067679473135],[-38.157086118229017,-6.2572367588636277],[-38.156873121896297,-6.2565387554535548],[-38.15681112533241,-6.2560997549940769],[-38.156812124479245,-6.2558917570932691]]},"properties":{"OBJECTID":7896,"NORIOCOMP":"Rio Apodi","COCURSODAG":"754","COBACIA":"75499317","DEDOMINIAL":"Estadual"}},{"type":"Feature","id":7941,"geometry":{"type":"LineString","coordinates":[[-38.146540029398125,-6.2170695217366356],[-38.146618026699848,-6.2167075185327807],[-38.146587022572305,-6.2160025121019],[-38.146564022410985,-6.2148495056958106],[-38.146963027321142,-6.213729497214227],[-38.147581033337303,-6.212892490991389],[-38.147818029877442,-6.2124804881797715],[-38.147858030822704,-6.2122284846526012],[-38.147976034465671,-6.2115854846781762],[-38.148006032251828,-6.2112644878616035],[-38.148084034949527,-6.2109034784086132],[-38.14822603700128,-6.2104914711003421]]},"properties":{"OBJECTID":7941,"NORIOCOMP":"Rio Apodi","COCURSODAG":"754","COBACIA":"7549771","DEDOMINIAL":"Estadual"}},{"type":"Feature","id":7860,"geometry":{"type":"LineString","coordinates":[[-37.299617360052366,-5.1550113059569922],[-37.29934536189819,-5.1548173105004693],[-37.298982363144773,-5.1546113072959949],[-37.298630361301377,-5.1544963028920598],[-37.298154352840349,-5.1543693006326938],[-37.297631356601073,-5.1543683068818282],[-37.296994342514154,-5.1544803075501351],[-37.296562339679497,-5.1546043042751863],[-37.296050340350178,-5.1550013099924454],[-37.295561334886941,-5.1554333191223281],[-37.295048335511524,-5.1557623145091496],[-37.294457322646565,-5.1559543107727395],[-37.293855328160134,-5.1560783191890014],[-37.293457321497442,-5.1561113171135053],[-37.292821319147833,-5.1561093224172376],[-37.292469312807782,-5.1559943135166977],[-37.291902310042815,-5.1556393187295262],[-37.291437302988413,-5.1553993130577851],[-37.290915305895908,-5.1551133124593873],[-37.290598302069213,-5.154793309393674],[-37.290042295314947,-5.1545183120004818],[-37.289451293241825,-5.1545853123922436],[-37.289087284549794,-5.1547893173031003]]},"properties":{"OBJECTID":7860,"NORIOCOMP":"Rio Apodi","COCURSODAG":"754","COBACIA":"754379","DEDOMINIAL":"Estadual"}},{"type":"Feature","id":7861,"geometry":{"type":"LineString","coordinates":[[-38.170102184267648,-6.2005274010149174],[-38.170123189732699,-6.2003944065727792],[-38.170271185765849,-6.1990943933877505],[-38.170419186295646,-6.1979403887342039],[-38.169983177880631,-6.1967483823282743],[-38.169837185536949,-6.1962513791940559],[-38.16978017841177,-6.1959303760822992],[-38.169665173108513,-6.195287365315985],[-38.169650176913365,-6.1949663684994096],[-38.169563175599308,-6.1946453653876601],[-38.169505179219925,-6.1943223684788915],[-38.169461173593561,-6.1941033619769046],[-38.169024171427623,-6.1937823660597049],[-38.167634168481356,-6.1934313606651408],[-38.167534159373183,-6.1934103650926708]]},"properties":{"OBJECTID":7861,"NORIOCOMP":"Rio Apodi","COCURSODAG":"75494","COBACIA":"754941113","DEDOMINIAL":"Estadual"}},{"type":"Feature","id":7862,"geometry":{"type":"LineString","coordinates":[[-37.956423464870277,-5.8704664785519158],[-37.955618461022425,-5.8695334741973104],[-37.95528145537412,-5.869100466819912],[-37.955095457588527,-5.8688554717095274],[-37.954894457312612,-5.8685814743624309],[-37.954707453185677,-5.8683364693594164],[-37.954521444608247,-5.8680764672620445],[-37.954334446776556,-5.8678464638500927],[-37.954162450535925,-5.8676584668716352],[-37.953982439537185,-5.8674564629522825],[-37.953329441799553,-5.8667794551146786],[-37.952701431724968,-5.8659904538033327]]},"properties":{"OBJECTID":7862,"NORIOCOMP":"Rio Apodi","COCURSODAG":"754","COBACIA":"75477173","DEDOMINIAL":"Estadual"}},{"type":"Feature","id":7863,"geometry":{"type":"LineString","coordinates":[[-38.167170208237792,-6.2808739019026278],[-38.16716520980583,-6.2806288968996178],[-38.167151211858197,-6.2802198996222662],[-38.167144208837442,-6.2798188937205577],[-38.167189207315346,-6.2789348889276155],[-38.166862205725465,-6.2779408880551744],[-38.16640419719522,-6.2771808781886396],[-38.165840198165881,-6.2762668801061494]]},"properties":{"OBJECTID":7863,"NORIOCOMP":"Rio Apodi","COCURSODAG":"754","COBACIA":"75499337","DEDOMINIAL":"Estadual"}},{"type":"Feature","id":7897,"geometry":{"type":"LineString","coordinates":[[-37.974467601797642,-5.8803305287373906],[-37.973898599839742,-5.8797635214758479],[-37.973697594167902,-5.8795605274029157],[-37.973496589395324,-5.8793585234835657],[-37.973277593685275,-5.8791525247756908],[-37.972614581097275,-5.8787045265991811],[-37.971535572707751,-5.8781385184844028],[-37.969945564135735,-5.8774935202163707],[-37.968841555492645,-5.8770375072817318],[-37.96814355747847,-5.8768775097958175],[-37.96644053829948,-5.8762385145024432]]},"properties":{"OBJECTID":7897,"NORIOCOMP":"Rio Apodi","COCURSODAG":"754","COBACIA":"7547733","DEDOMINIAL":"Estadual"}},{"type":"Feature","id":7898,"geometry":{"type":"LineString","coordinates":[[-37.630078950282609,-5.5529446720760482],[-37.629977952819502,-5.5528796663805533],[-37.628555935807071,-5.5518146613346753],[-37.628060936362367,-5.5508836507769752],[-37.62801992907572,-5.5498436504812618],[-37.628214929075,-5.5467296309849408],[-37.628143923102812,-5.5437126096665956],[-37.626944920870649,-5.5415855988137519],[-37.625873911051421,-5.5404285895252539],[-37.624645905683273,-5.5396135888135527],[-37.622499892155538,-5.5392675818509485],[-37.620668871570444,-5.5390795803758301],[-37.619254863020785,-5.5389975846882926],[-37.617971856015565,-5.5394405907281969],[-37.616949844858709,-5.5396745880293023],[-37.615588840551823,-5.5397235884902907],[-37.614307831840222,-5.5393535876155031],[-37.612947815888276,-5.5388515860493843],[-37.611613810128517,-5.5383765839297148],[-37.610410798718647,-5.5378755824097556],[-37.609208792750842,-5.536823574366025],[-37.608347780025262,-5.5358245741624152],[-37.607721775438847,-5.5346955580712285],[-37.606729771061339,-5.5337225581672165],[-37.605241759998478,-5.5320405471512863],[-37.603542749997189,-5.5309355420594075],[-37.602054737135695,-5.52951553143446],[-37.600800721575297,-5.5284105317384986],[-37.599597716460721,-5.5276215241319004],[-37.598607707678816,-5.5260975123082865],[-37.596859692719875,-5.5234964984826567],[-37.595062679098646,-5.5193744711730561],[-37.595038677991845,-5.5185224678558056],[-37.595098673564166,-5.5154144477368652],[-37.594998669851975,-5.5135524365140842],[-37.594216664366797,-5.5121604298783291],[-37.593199660635094,-5.5102434170185397],[-37.591502645330081,-5.508508408055083],[-37.591194644616401,-5.5082624084019391]]},"properties":{"OBJECTID":7898,"NORIOCOMP":"Rio Apodi","COCURSODAG":"754","COBACIA":"754553","DEDOMINIAL":"Estadual"}},{"type":"Feature","id":7899,"geometry":{"type":"LineString","coordinates":[[-37.905114079950067,-5.8479253752633875],[-37.905771082368794,-5.8470533602319472],[-37.905889090508367,-5.8458153535033786],[-37.905387082646996,-5.8447983479730095]]},"properties":{"OBJECTID":7899,"NORIOCOMP":"Rio Apodi","COCURSODAG":"754","COBACIA":"75475793","DEDOMINIAL":"Estadual"}},{"type":"Feature","id":7900,"geometry":{"type":"LineString","coordinates":[[-38.150040065795679,-6.2458606992066166],[-38.150004064135487,-6.2457166961633019],[-38.14973207047791,-6.24468368899577],[-38.149616066027875,-6.2442836894354574],[-38.149456060448074,-6.2438746858628127],[-38.149326059849045,-6.2435086779778555],[-38.149079060149745,-6.2429596769423252],[-38.148671055723923,-6.2419956747554144],[-38.148374057316175,-6.2408116660204094],[-38.147423038641591,-6.2396026543339378]]},"properties":{"OBJECTID":7900,"NORIOCOMP":"Rio Apodi","COCURSODAG":"754","COBACIA":"7549919","DEDOMINIAL":"Estadual"}},{"type":"Feature","id":7901,"geometry":{"type":"LineString","coordinates":[[-37.479110767447203,-5.3703695884087495],[-37.478518765328026,-5.3707015884305216],[-37.477775756245421,-5.3708675915890565],[-37.477033753504202,-5.3705925941958625],[-37.476353750024828,-5.3701195912691206],[-37.475657740411634,-5.3694795851377499],[-37.475023736355581,-5.3685665754101421],[-37.474495735389155,-5.367775579402517],[-37.474027729994994,-5.3668635634258184],[-37.473771721786761,-5.3662855637509033],[-37.473439719966336,-5.3655405626699473],[-37.473182718007308,-5.3651595576905891],[-37.472653715196039,-5.3647945552477037],[-37.472078709364212,-5.3646865592604431],[-37.471274704663131,-5.3647755606667529],[-37.470486702498583,-5.3650465596741395],[-37.469742698765792,-5.3654095584275421],[-37.468893689291576,-5.3656355679502257],[-37.468302686319191,-5.3655275629697776],[-37.467939683069176,-5.3653135656916389]]},"properties":{"OBJECTID":7901,"NORIOCOMP":"Rio Apodi","COCURSODAG":"754","COBACIA":"7545175","DEDOMINIAL":"Estadual"}},{"type":"Feature","id":7902,"geometry":{"type":"LineString","coordinates":[[-38.115230657568077,-5.9594129425571767],[-38.114597649061523,-5.9591519476082055],[-38.112811634148841,-5.9586159435748893],[-38.111781628918322,-5.958213940325046],[-38.109860619471249,-5.956810931383413],[-38.108761605662835,-5.9566089328599778],[-38.106802589966833,-5.9569069322131343],[-38.104607576877413,-5.9577369363145385],[-38.104136572244272,-5.9578029357608271],[-38.103022567636629,-5.9577109378135029]]},"properties":{"OBJECTID":7902,"NORIOCOMP":"Rio Apodi","COCURSODAG":"754","COBACIA":"7547777","DEDOMINIAL":"Estadual"}},{"type":"Feature","id":7903,"geometry":{"type":"LineString","coordinates":[[-37.997564777491732,-5.8997186377108157],[-37.997328774702453,-5.8995126390029453],[-37.997203768038737,-5.899419634714234],[-37.996859770161507,-5.8991736368597332],[-37.996513772192088,-5.8988856361690214],[-37.996197768411555,-5.8986106270846728],[-37.996054764515002,-5.8984956343718977],[-37.995882757482548,-5.8983236327353596],[-37.995767763870447,-5.8982136276627024]]},"properties":{"OBJECTID":7903,"NORIOCOMP":"Rio Apodi","COCURSODAG":"754","COBACIA":"75477511","DEDOMINIAL":"Estadual"}},{"type":"Feature","id":7904,"geometry":{"type":"LineString","coordinates":[[-37.52517414157262,-5.4604451332563775],[-37.525402144892325,-5.4574971223145123],[-37.525158138136817,-5.4548401050070794],[-37.525021137214985,-5.4523270898436529],[-37.524741139591193,-5.4498140701836171],[-37.524065134497619,-5.4479460559861748],[-37.523314121448777,-5.4472990567265693],[-37.521775111631371,-5.4469360543758878],[-37.520202103843253,-5.44603504700037],[-37.518273084134762,-5.4438410312591605],[-37.516273066548017,-5.4414670225057726],[-37.515094059842227,-5.4404590146924958],[-37.513018050441929,-5.4400230143713602],[-37.511480034375325,-5.4391220123917101],[-37.510268025248422,-5.4370369962811926],[-37.508877009665525,-5.434449978604551],[-37.507271998603123,-5.4320049701742246],[-37.505838988277958,-5.4296029511363413]]},"properties":{"OBJECTID":7904,"NORIOCOMP":"Rio Apodi","COCURSODAG":"754","COBACIA":"7545331","DEDOMINIAL":"Estadual"}},{"type":"Feature","id":7905,"geometry":{"type":"LineString","coordinates":[[-38.291214145915376,-6.3674903582841669],[-38.291208152833235,-6.3673803577081074],[-38.291087149951295,-6.3670643539275806],[-38.291073147506999,-6.3667433508157689],[-38.291131149282364,-6.3664153500791221],[-38.291248152879234,-6.3659843526865512],[-38.2913221517951,-6.3657363484445595],[-38.29120615184172,-6.3648153401467011],[-38.290900144924997,-6.3648443387860798],[-38.289951138033871,-6.3644043382804432],[-38.289586145483497,-6.3642433407484251],[-38.289309135407507,-6.3637173398742135],[-38.28898913234184,-6.3632493344801206],[-38.288873127891804,-6.3628543333517014],[-38.288683130821092,-6.362632328510065]]},"properties":{"OBJECTID":7905,"NORIOCOMP":"Rio Apodi","COCURSODAG":"75494","COBACIA":"7549475","DEDOMINIAL":"Estadual"}},{"type":"Feature","id":7942,"geometry":{"type":"LineString","coordinates":[[-38.173944291295236,-6.3224121518914904],[-38.173902284861811,-6.3220701487106119],[-38.173902283962491,-6.3217781505334756],[-38.173918285599655,-6.3214861406651224],[-38.173962280434125,-6.3211581444250715],[-38.173818281887463,-6.3202591371417487],[-38.173789283248084,-6.3200691337758022],[-38.173265275271483,-6.3193521303887987],[-38.173118278385111,-6.3191621351167804],[-38.17244326884105,-6.3189211338955484],[-38.17217027154004,-6.3188251303678049],[-38.171499265777754,-6.3184441262877602],[-38.171208261351467,-6.3183561321221697],[-38.17107625976081,-6.318312137287645],[-38.170784256187744,-6.318209125343234],[-38.170521260247199,-6.3180911261968653],[-38.170288251301038,-6.3180031212394354],[-38.170025256259805,-6.3178861284344574],[-38.169792252709556,-6.3177841264286663],[-38.169558250911798,-6.3176221225553135],[-38.16935425139684,-6.3174761311109622],[-38.169164242634956,-6.3172861295436453],[-38.169005243396498,-6.3170671293369596],[-38.168844250361133,-6.3168771214743433],[-38.168510239455259,-6.3160141149518436],[-38.167928239595824,-6.3148451096066029],[-38.16783223516876,-6.3146671094919471]]},"properties":{"OBJECTID":7942,"NORIOCOMP":"Rio Apodi","COCURSODAG":"754","COBACIA":"75499391","DEDOMINIAL":"Estadual"}},{"type":"Feature","id":7943,"geometry":{"type":"LineString","coordinates":[[-37.816010416246968,-5.7917730628858886],[-37.815995408360664,-5.7916160583437595],[-37.815674410644817,-5.789517051480173],[-37.815769413227081,-5.7883510435752656],[-37.815408397478791,-5.7880680422158379]]},"properties":{"OBJECTID":7943,"NORIOCOMP":"Rio Apodi","COCURSODAG":"754","COBACIA":"75473751","DEDOMINIAL":"Estadual"}},{"type":"Feature","id":7944,"geometry":{"type":"LineString","coordinates":[[-38.127607740903784,-5.9632819599982634],[-38.127194743441912,-5.9628139546041155],[-38.126558734797015,-5.9614829561773597],[-38.126196736089753,-5.9609699460100689],[-38.126093728641933,-5.9606509375945906],[-38.125839730418477,-5.9603529400400097],[-38.125772724630792,-5.9600509432003754],[-38.124727724104453,-5.9593429375304572],[-38.123971713523019,-5.9590749395607432]]},"properties":{"OBJECTID":7944,"NORIOCOMP":"Rio Apodi","COCURSODAG":"754","COBACIA":"75477795","DEDOMINIAL":"Estadual"}},{"type":"Feature","id":7945,"geometry":{"type":"LineString","coordinates":[[-37.326928578989964,-5.1896545122747577],[-37.327134577697841,-5.1894165102925518],[-37.327407581294096,-5.1890985127150646],[-37.327533583507318,-5.1887455063289298],[-37.327648581616025,-5.1881875129722292],[-37.327763586019948,-5.187675507347687],[-37.327855584866597,-5.1872314967650883],[-37.328129583113025,-5.1868334963977025],[-37.328686583618207,-5.1866414938388239],[-37.32923259170996,-5.1864034927559342],[-37.329709593921905,-5.1863244945087938],[-37.330471602981326,-5.186076490266748],[-37.330983603209972,-5.1858044921125819],[-37.331540613607672,-5.1855664901303751],[-37.331735610009673,-5.1851344810004925],[-37.331895620086073,-5.1845764768519569],[-37.331976614828186,-5.1841434739711563],[-37.331954609316995,-5.1836654762097947],[-37.331763606804252,-5.182992468556634],[-37.331526604868202,-5.1823884694813778],[-37.331243608904686,-5.18203445855249],[-37.330926604178671,-5.1816694615055274],[-37.330530596708904,-5.1810414622228436],[-37.330293601068092,-5.1804484555608932],[-37.330215597471124,-5.1798784490603174],[-37.330250599984481,-5.1793664497310692],[-37.330343603373876,-5.178694440325379],[-37.330231592812986,-5.1780104447554551],[-37.330074592767517,-5.177247436549214],[-37.329519592354586,-5.1767334380270373],[-37.329009585922904,-5.1763674292427639],[-37.328373584472615,-5.1760124299589894],[-37.327738574974482,-5.1755324177162079],[-37.32671756836033,-5.1751314235057073],[-37.3258095615613,-5.1748094212471232],[-37.325128559834411,-5.1745684209252083],[-37.324617554256015,-5.1742144162916119],[-37.324096550914362,-5.1738144104360542],[-37.323507547134845,-5.1731744159958994],[-37.323121549119435,-5.1726954082958612],[-37.322725536253763,-5.1720564067072461],[-37.322330535125332,-5.1713033962641921],[-37.321844528001805,-5.1704253890499334],[-37.321459529133222,-5.1698663893519008],[-37.321097525030041,-5.1693063860104234],[-37.320700523809364,-5.1689073918921267],[-37.320270520167639,-5.1684613812172744],[-37.319759519985098,-5.1680733795124016],[-37.319124517681587,-5.1677063769772627],[-37.318727505669131,-5.1674663758021913],[-37.317933503227835,-5.1671453789856194],[-37.317297495482308,-5.1670303745816826],[-37.316627496061358,-5.1669823759654863],[-37.316070491059577,-5.1669813768186472],[-37.31538848928659,-5.1672523758260391],[-37.314910480733374,-5.167570374302902],[-37.314204473356995,-5.1679673863153521],[-37.313533474789267,-5.1682843847461042],[-37.312658465914751,-5.1685663815627851],[-37.311783457040178,-5.1686443842604284],[-37.311261453652435,-5.1685173829004363],[-37.31046644666845,-5.1682763879744398],[-37.309910445310045,-5.16779639191952],[-37.309480442567633,-5.167248380138199],[-37.309164437887773,-5.1666893804401557],[-37.308801439134356,-5.1661643742161161],[-37.308405431664596,-5.1656853773079234],[-37.307747430099084,-5.1654213723280833],[-37.307145418525522,-5.1652943700687715],[-37.306668420810233,-5.1652933709219413],[-37.306190418552205,-5.1653373765483046],[-37.305793406539749,-5.1654843680388094],[-37.305394412421442,-5.165802371911532],[-37.304950411731397,-5.1661993785281153],[-37.304597410741174,-5.1665173761055998],[-37.304244405254337,-5.1667563835298758]]},"properties":{"OBJECTID":7945,"NORIOCOMP":"Rio Apodi","COCURSODAG":"754","COBACIA":"754395","DEDOMINIAL":"Estadual"}},{"type":"Feature","id":7946,"geometry":{"type":"LineString","coordinates":[[-38.201578340767078,-6.0814876536322906],[-38.201743343879457,-6.0813716545781755],[-38.201962339589564,-6.0811956428646194],[-38.20198433880546,-6.0810056457939039],[-38.202299343439222,-6.0804516454270843],[-38.202556345398307,-6.0798356448991102]]},"properties":{"OBJECTID":7946,"NORIOCOMP":"Rio Apodi","COCURSODAG":"754","COBACIA":"754911373","DEDOMINIAL":"Estadual"}},{"type":"Feature","id":7947,"geometry":{"type":"LineString","coordinates":[[-37.13348708506021,-4.9867023108983748],[-37.1340030836746,-4.986663309999213],[-37.135435098450273,-4.9864283018600677],[-37.13710510891292,-4.9863133073486958],[-37.139790126612297,-4.9857232981271897],[-37.141701138296135,-4.9850702886983669],[-37.141968138018399,-4.9849332949711052],[-37.143791155536633,-4.9840002888178043],[-37.146240175842706,-4.9826912779156922],[-37.147378179758448,-4.9809002645711544],[-37.14804019140098,-4.9788082553324013],[-37.148104186258422,-4.9771942429556972],[-37.147870182662075,-4.9756382323543376],[-37.147517180772525,-4.9737232123921906],[-37.147028174409968,-4.9720392120758978],[-37.146926172404171,-4.9716882057820166],[-37.146216164843402,-4.9697121955973174],[-37.145150163348603,-4.9671381803188117],[-37.143964152722731,-4.9649211635170198],[-37.142342139977018,-4.962441147177417],[-37.142123138871,-4.9621051487698313],[-37.140817125409278,-4.9598291355425053],[-37.139274115407382,-4.957492122200053],[-37.138206097632576,-4.9553961028842837],[-37.137914102153339,-4.9533020944525985],[-37.137681094106483,-4.9513270834147347],[-37.138163094750269,-4.9495940682482775],[-37.139420107751043,-4.9476240610382982],[-37.14073711632409,-4.9460730488688434],[-37.14122511724463,-4.9457320394388278],[-37.143127136607347,-4.9444050322032673],[-37.146232153890026,-4.9427990228934648],[-37.149812182285643,-4.9418520124972964],[-37.152618197471099,-4.940903005606148],[-37.154829216694218,-4.9391739987180214],[-37.156562227364134,-4.9378039903988533],[-37.157266234648262,-4.9364559785976274]]},"properties":{"OBJECTID":7947,"NORIOCOMP":"Rio Apodi","COCURSODAG":"754","COBACIA":"75411","DEDOMINIAL":"Estadual"}},{"type":"Feature","id":7948,"geometry":{"type":"LineString","coordinates":[[-38.162452174127786,-6.2696558351425731],[-38.162452174127793,-6.2692998349133839],[-38.162512165203516,-6.2690518306713932],[-38.162643175741216,-6.2686718257381271],[-38.162776171082669,-6.2682928262468778],[-38.162834172858027,-6.2679128222129323],[-38.162792171820513,-6.2677888254878846],[-38.162791171774415,-6.2676648287628431]]},"properties":{"OBJECTID":7948,"NORIOCOMP":"Rio Apodi","COCURSODAG":"754","COBACIA":"75499333","DEDOMINIAL":"Estadual"}},{"type":"Feature","id":7949,"geometry":{"type":"LineString","coordinates":[[-37.282644239239517,-5.1461282569437881],[-37.282584237371907,-5.1457032580292239],[-37.282389235574044,-5.1451252583543097],[-37.282058234699036,-5.1442742496871796],[-37.281802226490818,-5.1436812376293641],[-37.281380231311857,-5.1429352409989617],[-37.280700223335884,-5.1423562367812954],[-37.280172216074163,-5.1416112294051004],[-37.279856216790222,-5.1409112321980102],[-37.279539218359503,-5.1404852224455144],[-37.279071206670096,-5.1399072173746259],[-37.278482203789906,-5.1392072201675356],[-37.277953201878006,-5.1386742153732543],[-37.277485196483894,-5.1382472073732313],[-37.277168202549781,-5.1377152116182394],[-37.276942193027018,-5.1371822068239412],[-37.276566191875531,-5.1364371985484292],[-37.276159182099832,-5.1356921974675238],[-37.275631184730628,-5.1349461954412021],[-37.275102178322129,-5.1344291913846991],[-37.27478517989141,-5.1339871862902742],[-37.274422169446837,-5.1335151879062906],[-37.274046163798687,-5.1329221812443304],[-37.273895167627131,-5.1325571779021359],[-37.273669162601038,-5.1322831742597987]]},"properties":{"OBJECTID":7949,"NORIOCOMP":"Rio Apodi","COCURSODAG":"754","COBACIA":"754373","DEDOMINIAL":"Estadual"}},{"type":"Feature","id":8017,"geometry":{"type":"LineString","coordinates":[[-38.173546104768207,-6.0148542572203478],[-38.173459105252789,-6.0147982546378653],[-38.172576097807905,-6.0148262532311438],[-38.171154085292066,-6.0144152513648903],[-38.170950081280466,-6.0143572495895326],[-38.170338078238956,-6.0134062498007514],[-38.170221073742823,-6.0133332455350121],[-38.17006107535758,-6.0132742446128704],[-38.169915073121388,-6.0132302488790828],[-38.169623067749633,-6.0131562454665728],[-38.169332073215855,-6.0131122407395248],[-38.169040068743413,-6.0130242465739308],[-38.168748064271028,-6.0129362524083421],[-38.168456058899267,-6.0128482465515276],[-38.168165065264816,-6.0127312366594303],[-38.167888056088202,-6.0125842460682994],[-38.167640051846149,-6.012438238436185],[-38.167372057473756,-6.0123152417572365]]},"properties":{"OBJECTID":8017,"NORIOCOMP":"Rio Apodi","COCURSODAG":"754","COBACIA":"75477973","DEDOMINIAL":"Estadual"}},{"type":"Feature","id":8018,"geometry":{"type":"LineString","coordinates":[[-38.19163325087311,-6.0492924549838216],[-38.191455245362533,-6.0490924547540059],[-38.191001242412653,-6.0485464538568232],[-38.190951248200804,-6.0484024562094234],[-38.190607245826982,-6.0479544526369367]]},"properties":{"OBJECTID":8018,"NORIOCOMP":"Rio Apodi","COCURSODAG":"754","COBACIA":"754795","DEDOMINIAL":"Estadual"}},{"type":"Feature","id":8019,"geometry":{"type":"LineString","coordinates":[[-37.766475026800322,-5.7393437630152793],[-37.765120020072118,-5.7388237651157246]]},"properties":{"OBJECTID":8019,"NORIOCOMP":"Rio Apodi","COCURSODAG":"754","COBACIA":"7547337","DEDOMINIAL":"Estadual"}},{"type":"Feature","id":8020,"geometry":{"type":"LineString","coordinates":[[-37.677897314508691,-5.5875778545503012],[-37.676871307663987,-5.5852808421531686]]},"properties":{"OBJECTID":8020,"NORIOCOMP":"Rio Apodi","COCURSODAG":"754","COBACIA":"754575","DEDOMINIAL":"Estadual"}},{"type":"Feature","id":8021,"geometry":{"type":"LineString","coordinates":[[-38.034093051852096,-5.9269587814276194],[-38.033860053697758,-5.9263637809687122],[-38.032695038644363,-5.9248277784842598],[-38.031735033044583,-5.9240257738754565],[-38.031069027512842,-5.9238747732073005]]},"properties":{"OBJECTID":8021,"NORIOCOMP":"Rio Apodi","COCURSODAG":"754","COBACIA":"75477571","DEDOMINIAL":"Estadual"}},{"type":"Feature","id":8022,"geometry":{"type":"LineString","coordinates":[[-38.19729931700914,-6.0932977216121706],[-38.197234310414331,-6.093012726455787],[-38.197174319338615,-6.092261720601587]]},"properties":{"OBJECTID":8022,"NORIOCOMP":"Rio Apodi","COCURSODAG":"754","COBACIA":"75491153","DEDOMINIAL":"Estadual"}},{"type":"Feature","id":7906,"geometry":{"type":"LineString","coordinates":[[-37.455966573397916,-5.3236063034126531],[-37.45522456975732,-5.3232243037831148],[-37.454058561852378,-5.3230543022387709],[-37.452891553002026,-5.323158304336765],[-37.452360546501261,-5.3232783026760613],[-37.451894546595319,-5.3233983010153025],[-37.451180541548013,-5.3235723081400073],[-37.450529532211419,-5.3235103070795198],[-37.449742522898362,-5.3232493058353176],[-37.448954524331107,-5.3228683080505217],[-37.448319516631678,-5.322441303647782],[-37.447744515296392,-5.321968300721041],[-37.447367509602145,-5.3212232933448975],[-37.447202510986358,-5.3206462874208524],[-37.447053509511143,-5.3198862838495558],[-37.44684350522283,-5.3190962815927874],[-37.446738509373965,-5.3184122761302977],[-37.446649509766303,-5.3176072713831406],[-37.446378504463667,-5.3170292672116268],[-37.44580349773247,-5.316769270510119],[-37.444530493886418,-5.3167052657601115],[-37.443303483168457,-5.3166412655067514],[-37.442470474432128,-5.3165482666139603],[-37.44128846938662,-5.3164392669833225],[-37.440667468628021,-5.3163762604807667],[-37.439713457909022,-5.3163132719646606],[-37.438910451455399,-5.3161592666615647],[-37.438168443318261,-5.3158992645641376],[-37.437169442215236,-5.3155782623517052],[-37.436095432257673,-5.3149372624694742],[-37.435369424858322,-5.3144642541468174],[-37.434673420641111,-5.314022253548992],[-37.433992411719665,-5.3135502497690288],[-37.433251403628617,-5.3131682456428848],[-37.432403403193746,-5.3128012503023152],[-37.43149439185197,-5.312647249495817],[-37.430328383047708,-5.3125832447458068],[-37.429116373920749,-5.3125202499344661],[-37.428419370556746,-5.3124272510416635],[-37.427889369498075,-5.3122132438709651],[-37.426951364013519,-5.3115722439887367],[-37.426149353109395,-5.3110392391944474],[-37.425620346700896,-5.310779237996341],[-37.424878343060357,-5.3106102418940706],[-37.424302336283063,-5.3106092364519997],[-37.423560333541843,-5.3106522366363409],[-37.422862329232373,-5.3108182406941431],[-37.422286323354399,-5.3109832384106577],[-37.421391325248692,-5.3111942418456817],[-37.420421311993202,-5.3114042506305781],[-37.419693300005065,-5.3116152432737609],[-37.418783299408979,-5.3119312470542948],[-37.417935298974093,-5.3120962510659879],[-37.416980288209004,-5.3120332445634331],[-37.416298280140779,-5.3119862513892544],[-37.415177277008979,-5.3118162444489974],[-37.4142692702099,-5.3115402524056199],[-37.413482267192137,-5.3111732453738885],[-37.413059261175192,-5.3108532477041548],[-37.412363256957974,-5.3103202483057217],[-37.412046257627935,-5.3096962384155955],[-37.411624246261226,-5.3090572377262992],[-37.411200241097511,-5.3086772327930429],[-37.410246234875103,-5.3084012299577719],[-37.409247228376159,-5.3083532313415711],[-37.408717228216744,-5.3082452308577155],[-37.408020223953429,-5.3081982322876176],[-37.406823211920937,-5.3081952339479077],[-37.405444200488709,-5.3082372295894382],[-37.404534194496762,-5.3083412316874927],[-37.403898198442334,-5.3083392315952418],[-37.40336818659182,-5.3082312311114412],[-37.403005187838396,-5.3080182356780492],[-37.402097181039323,-5.3074992270326966],[-37.401568173731505,-5.3072242242435772],[-37.400341163912849,-5.3068412263665268],[-37.399660160387327,-5.3065812251684727],[-37.398645153150539,-5.3066242316480032],[-37.398069147272558,-5.3067292274969144],[-37.397477145153402,-5.3071072269420085],[-37.397006140520197,-5.307319229523868],[-37.396521134342159,-5.3074242316679587],[-37.396097129178429,-5.307362236902712],[-37.395567128119744,-5.3072092307464489],[-37.39499212678448,-5.3069342270579565],[-37.394463124872573,-5.3065682254683031],[-37.393722110486287,-5.3058372250329837],[-37.393149113739867,-5.3050302219922765],[-37.392394113097112,-5.303920212173197],[-37.391821106458167,-5.3030222040366546],[-37.391353105560654,-5.3021702007194067],[-37.391142096729652,-5.3015931965939354],[-37.39102309304058,-5.3008941931377116],[-37.390722096246975,-5.3002091876291733],[-37.390450096294153,-5.2996771873775899],[-37.389816083244909,-5.2990381803929889],[-37.389120083524283,-5.29855017587525],[-37.3883480820976,-5.2983351803495999],[-37.387712068056764,-5.2982271852617133],[-37.386863069374385,-5.2983311819637953],[-37.385954063428528,-5.2984351786658683],[-37.385590060132415,-5.2983281782281644],[-37.385212054392071,-5.2980081805584227],[-37.38485004938952,-5.2975361713825428],[-37.384382038599483,-5.2966841680652985],[-37.384066038416222,-5.2958941604125593],[-37.383962042613405,-5.2951491593316451],[-37.384070043097267,-5.2945121569359603],[-37.384345045886398,-5.2934951514055975],[-37.384711042979525,-5.292858149009855],[-37.385409046389611,-5.2921151345313469],[-37.385986057709665,-5.2916461353863937],[-37.386517057915171,-5.2913291315597073],[-37.386670064071438,-5.2910101330367469],[-37.386731059689915,-5.2906911300171862],[-37.38653606418729,-5.290159129765593],[-37.386113058170338,-5.2895811255940828],[-37.385569043875535,-5.2889261178716493],[-37.38505504445402,-5.2884691156828127],[-37.384526042542063,-5.2880271150849172],[-37.383845035419313,-5.2875091127810254],[-37.383105035468247,-5.28680911017796],[-37.382576022764511,-5.2861690986506682],[-37.382092021129154,-5.2858041016037092],[-37.381669021407447,-5.2856360992523017],[-37.38103301366192,-5.2854821002444412],[-37.380033007116822,-5.285525100428786],[-37.379442005043757,-5.2853261011443919],[-37.378276996285592,-5.2848980975948701],[-37.377428985058884,-5.2845160988646569],[-37.376580985523333,-5.2842100982432267],[-37.37562797844771,-5.2839340954079583],[-37.374476961341941,-5.2836730950630724],[-37.373734963097313,-5.2834580932421877],[-37.37299395320764,-5.282985090315508],[-37.372418951872362,-5.282604086235402],[-37.371722943158545,-5.2821770827320469],[-37.371405944727826,-5.2820090803805835],[-37.371042939679171,-5.2817040789059897]]},"properties":{"OBJECTID":7906,"NORIOCOMP":"Rio Apodi","COCURSODAG":"754","COBACIA":"754515","DEDOMINIAL":"Estadual"}},{"type":"Feature","id":7907,"geometry":{"type":"LineString","coordinates":[[-37.817881429683496,-5.7987741015526577],[-37.817425421245446,-5.7980071057524505],[-37.817275419724126,-5.797267096808211]]},"properties":{"OBJECTID":7907,"NORIOCOMP":"Rio Apodi","COCURSODAG":"754","COBACIA":"75473771","DEDOMINIAL":"Estadual"}},{"type":"Feature","id":7908,"geometry":{"type":"LineString","coordinates":[[-37.854585707663546,-5.8207612305547549],[-37.85448671029269,-5.8207922283870115],[-37.852454695726863,-5.8212092305299619]]},"properties":{"OBJECTID":7908,"NORIOCOMP":"Rio Apodi","COCURSODAG":"754","COBACIA":"7547511","DEDOMINIAL":"Estadual"}},{"type":"Feature","id":7909,"geometry":{"type":"LineString","coordinates":[[-38.053250193341,-5.9367148356258372],[-38.053104191104808,-5.9366758347266746],[-38.051326185554281,-5.9359948338991257],[-38.048784163657501,-5.9351238261084056],[-38.048098158102789,-5.9351888327031519],[-38.047757154068677,-5.9353528303735157]]},"properties":{"OBJECTID":7909,"NORIOCOMP":"Rio Apodi","COCURSODAG":"754","COBACIA":"75477713","DEDOMINIAL":"Estadual"}},{"type":"Feature","id":7950,"geometry":{"type":"LineString","coordinates":[[-37.467939683069176,-5.3653135656916389],[-37.467713683439001,-5.3649035584756231],[-37.467562676475609,-5.3643715636199438],[-37.467398677905919,-5.3636725556671259],[-37.467293675761759,-5.3631555516106202],[-37.467038677492212,-5.3621975425058483],[-37.466676667993113,-5.361240537044444],[-37.466133664536237,-5.3602815332894336],[-37.465454661102967,-5.3591715243696729],[-37.464609655410527,-5.3576805248597275],[-37.464293650730667,-5.3568295107966808],[-37.463872648403253,-5.3554464973814166],[-37.463452647920626,-5.3539564925216512],[-37.463090642918075,-5.3531054892504946],[-37.462517635379811,-5.3520864836278763],[-37.462095634804939,-5.3510214731860222],[-37.461508630218354,-5.3494254679346458],[-37.46114662611518,-5.3485284643408537]]},"properties":{"OBJECTID":7950,"NORIOCOMP":"Rio Apodi","COCURSODAG":"754","COBACIA":"7545173","DEDOMINIAL":"Estadual"}},{"type":"Feature","id":7951,"geometry":{"type":"LineString","coordinates":[[-37.505838988277958,-5.4296029511363413],[-37.505169977211949,-5.42754994279675],[-37.504633974977196,-5.4241799159915898]]},"properties":{"OBJECTID":7951,"NORIOCOMP":"Rio Apodi","COCURSODAG":"754","COBACIA":"754531","DEDOMINIAL":"Estadual"}},{"type":"Feature","id":7952,"geometry":{"type":"LineString","coordinates":[[-37.677054296317976,-5.5747257825851779],[-37.677060305587865,-5.5742747725790487],[-37.67688629846316,-5.5734337724670544],[-37.676195293577173,-5.5727087660131494],[-37.674049271955596,-5.5712727555497308],[-37.671829258612668,-5.5693797473939561],[-37.669417239113557,-5.5684147406642888],[-37.667623225630621,-5.5680257389133132],[-37.665547216230323,-5.5676997382689182],[-37.662677188200917,-5.5675387362403033],[-37.661390181910633,-5.5675357423971947],[-37.66043517114548,-5.5675227408983767],[-37.659099165293526,-5.5673427424901707],[-37.657709150656046,-5.5665647326928669],[-37.656337143143901,-5.5653227221825654],[-37.655374138305092,-5.5639807259464709],[-37.654643125279279,-5.5623977176972508],[-37.653451116175347,-5.5596836977613115],[-37.652418112605069,-5.5578336852932235],[-37.650853097092011,-5.556125674876947],[-37.648317079968535,-5.5546706635372773],[-37.646926070680877,-5.5544456594566061],[-37.645512057634619,-5.5544976690491987],[-37.6443070479312,-5.5549046680329912],[-37.642739040373677,-5.5550116693700122],[-37.6416270277644,-5.5551186761030165]]},"properties":{"OBJECTID":7952,"NORIOCOMP":"Rio Apodi","COCURSODAG":"754","COBACIA":"754557","DEDOMINIAL":"Estadual"}},{"type":"Feature","id":7953,"geometry":{"type":"LineString","coordinates":[[-38.237556712971184,-6.2783688385447158],[-38.237130714010512,-6.2782668482301283],[-38.236915711290301,-6.2781378458785584],[-38.23679071002249,-6.2780618378771909]]},"properties":{"OBJECTID":7953,"NORIOCOMP":"Rio Apodi","COCURSODAG":"75494","COBACIA":"75494175","DEDOMINIAL":"Estadual"}},{"type":"Feature","id":7954,"geometry":{"type":"LineString","coordinates":[[-37.233594839829266,-5.0531856905004959],[-37.233171832913001,-5.0525006795959788],[-37.232809834205732,-5.0519076837259229],[-37.232115823785477,-5.0512226782173899],[-37.231586828168815,-5.0506896779196406],[-37.231163822151927,-5.0502176741397342],[-37.230635815789526,-5.0495776680083653],[-37.230000812586695,-5.0491056642284011],[-37.229411808807185,-5.0485116638156544],[-37.228943803413081,-5.0478266637030371],[-37.228839807610314,-5.0474016530972481],[-37.228780799493556,-5.0468086464353572],[-37.228887799931279,-5.0462326513492979],[-37.228889804520129,-5.0456546471777299],[-37.228845798893758,-5.0449106389483616],[-37.228529799609817,-5.0442116309955329],[-37.228213794929957,-5.0436786306978467],[-37.227895796453076,-5.0434656289692148],[-37.227472790436202,-5.0432056277711093],[-37.227003785895249,-5.0429316295246878],[-37.226262781401488,-5.0426556266894194],[-37.225838776237758,-5.0424576220552542],[-37.225415776516108,-5.0422436193811526],[-37.224931763189602,-5.0419236172148132],[-37.224568765335505,-5.041648613526319],[-37.224191765037176,-5.0413896114750489],[-37.223767764370109,-5.041221616318202],[-37.223343754709788,-5.0411746168487808],[-37.222873755518663,-5.0412196162260088],[-37.222434754159849,-5.0413246120748552],[-37.221918743854189,-5.0416266152097995],[-37.22138774274935,-5.041898624155797],[-37.220857741690679,-5.0419426252855608],[-37.22026773336848,-5.0417896191292426],[-37.219950730441099,-5.0415756227504351],[-37.219738732355893,-5.0413166215984795],[-37.219634735653756,-5.0408306207702038],[-37.219529729013061,-5.0403596116404827],[-37.219425726915006,-5.0397216100979634],[-37.219108728484287,-5.0392346092235947],[-37.218837728577569,-5.0387626000477193],[-37.218565724128105,-5.0384436024240777],[-37.21830872216907,-5.038169598781729],[-37.218203720024917,-5.037910603025705],[-37.217946717166512,-5.0375915991068236]]},"properties":{"OBJECTID":7954,"NORIOCOMP":"Rio Apodi","COCURSODAG":"754","COBACIA":"754355","DEDOMINIAL":"Estadual"}},{"type":"Feature","id":8023,"geometry":{"type":"LineString","coordinates":[[-38.194341441403644,-6.3425702621993976],[-38.193919435432861,-6.3423972614160844],[-38.193510431860204,-6.3422402559746418],[-38.192931436635774,-6.3418162634014088],[-38.192444431264732,-6.3413402603363771],[-38.192255422548961,-6.3411492587229104],[-38.192095428660366,-6.3409302576169022],[-38.191628417017114,-6.3403452486259946],[-38.191410421353112,-6.3400242518094148],[-38.191148420962115,-6.3397312481902075],[-38.190943409709867,-6.3394972463924546],[-38.190426411049323,-6.3392772461396625],[-38.189897410036679,-6.3391272500142692],[-38.189701397400817,-6.3390882437191269]]},"properties":{"OBJECTID":8023,"NORIOCOMP":"Rio Apodi","COCURSODAG":"754","COBACIA":"754995173","DEDOMINIAL":"Estadual"}},{"type":"Feature","id":8024,"geometry":{"type":"LineString","coordinates":[[-38.235054689321714,-6.2714268025987119],[-38.2345076811838,-6.2710788018390922],[-38.233712679595726,-6.2702697996054484],[-38.233013675240159,-6.2694137871104978],[-38.232613674780509,-6.2683707830791633],[-38.23245866943131,-6.267784779438017],[-38.232297676395888,-6.2674927740662616],[-38.232138670862241,-6.2671997821382126],[-38.231920668903008,-6.2669377754519937],[-38.231620660464394,-6.2666587787736203],[-38.231555660164815,-6.2665717729629629],[-38.231277658136662,-6.2664687763069802],[-38.231059657076806,-6.2663947737937784],[-38.230452652467193,-6.2663367711191063],[-38.229307644631376,-6.2665387777364145],[-38.229102639674345,-6.2665827824634563],[-38.228298641268566,-6.2669317796718946],[-38.228080645604564,-6.2670337762817789],[-38.227393629211861,-6.2670907843062675],[-38.227145629466463,-6.2670177854364519],[-38.226970633986809,-6.266958778219025],[-38.226692625663425,-6.2668277784732194],[-38.226474623704178,-6.2666807770901949],[-38.22625562349748,-6.2665197732629458],[-38.226007629148,-6.2663737764226699],[-38.225759619510086,-6.2662417757314],[-38.225525616812995,-6.2661237783836734],[-38.225292619557983,-6.2660657757089968],[-38.224930615454809,-6.2658647709364841],[-38.224666614971568,-6.265760775133721]]},"properties":{"OBJECTID":8024,"NORIOCOMP":"Rio Apodi","COCURSODAG":"75494","COBACIA":"7549415","DEDOMINIAL":"Estadual"}},{"type":"Feature","id":8025,"geometry":{"type":"LineString","coordinates":[[-37.872992837049026,-5.8182702002180591],[-37.871021823497586,-5.8177952034943576],[-37.869114810199562,-5.8167181969957058],[-37.867317792081678,-5.8166721930757896]]},"properties":{"OBJECTID":8025,"NORIOCOMP":"Rio Apodi","COCURSODAG":"754","COBACIA":"7547551","DEDOMINIAL":"Estadual"}},{"type":"Feature","id":8026,"geometry":{"type":"LineString","coordinates":[[-38.071033335319441,-5.9470708896141931],[-38.070649325705062,-5.9467958922209938],[-38.068177315130235,-5.9459918848219804],[-38.067339307961959,-5.9459258907716119]]},"properties":{"OBJECTID":8026,"NORIOCOMP":"Rio Apodi","COCURSODAG":"754","COBACIA":"75477735","DEDOMINIAL":"Estadual"}},{"type":"Feature","id":8027,"geometry":{"type":"LineString","coordinates":[[-38.271694005673055,-6.3592253152871105],[-38.270607998759381,-6.3590583246730104],[-38.270242996316483,-6.3589523179861089],[-38.269979994980019,-6.3588293159112368]]},"properties":{"OBJECTID":8027,"NORIOCOMP":"Rio Apodi","COCURSODAG":"75494","COBACIA":"75494711","DEDOMINIAL":"Estadual"}},{"type":"Feature","id":8028,"geometry":{"type":"LineString","coordinates":[[-38.090318471919204,-5.9536109223103404],[-38.089947470098927,-5.9532489200057572],[-38.087682451982857,-5.9512449112278301],[-38.087183447857115,-5.9511999064546925]]},"properties":{"OBJECTID":8028,"NORIOCOMP":"Rio Apodi","COCURSODAG":"754","COBACIA":"75477753","DEDOMINIAL":"Estadual"}},{"type":"Feature","id":8029,"geometry":{"type":"LineString","coordinates":[[-38.288683130821092,-6.362632328510065],[-38.288387132459434,-6.3622773283269662],[-38.288202127525444,-6.3621383246149428],[-38.287941120885307,-6.361957325261316]]},"properties":{"OBJECTID":8029,"NORIOCOMP":"Rio Apodi","COCURSODAG":"75494","COBACIA":"7549473","DEDOMINIAL":"Estadual"}},{"type":"Feature","id":8030,"geometry":{"type":"LineString","coordinates":[[-38.247984826937454,-6.3383582073570679],[-38.24808082506928,-6.3382092067811646],[-38.248168825530122,-6.3380782007400747],[-38.248226821909554,-6.3379912003253374],[-38.248212824861234,-6.3378151994036696],[-38.248022822394603,-6.3376251969370401],[-38.247869822533517,-6.3375802029557393],[-38.247512822258216,-6.3376831996117104],[-38.247292816609445,-6.3377992049610654],[-38.247095816517977,-6.3378872045225787],[-38.246854814397409,-6.3378422051453533],[-38.246708812161216,-6.3377992049610654],[-38.246650815781777,-6.3376962029091679],[-38.24658481004019,-6.3375862077290375],[-38.246548812876654,-6.3374262039478753],[-38.246555810501491,-6.3372652001206218],[-38.246636813337545,-6.3369942011132387],[-38.246753816934358,-6.3367611984623151],[-38.246965814120301,-6.3362701938061559],[-38.247462817254473,-6.3355731850462673],[-38.247725817691617,-6.334516177671321],[-38.247659816446628,-6.3332691741249754],[-38.247593815201697,-6.3321171677649799]]},"properties":{"OBJECTID":8030,"NORIOCOMP":"Rio Apodi","COCURSODAG":"75494","COBACIA":"75494533","DEDOMINIAL":"Estadual"}},{"type":"Feature","id":8031,"geometry":{"type":"LineString","coordinates":[[-38.195362454313056,-6.3457572841628274],[-38.195377450508204,-6.3456562875990352],[-38.195402449862463,-6.3453912816737938],[-38.195403449009234,-6.3450992772013599],[-38.195374451269174,-6.3448072781249039],[-38.195360455120181,-6.3445882770188868],[-38.195055447350285,-6.3436522680292819],[-38.194341441403644,-6.3425702621993976]]},"properties":{"OBJECTID":8031,"NORIOCOMP":"Rio Apodi","COCURSODAG":"754","COBACIA":"754995191","DEDOMINIAL":"Estadual"}},{"type":"Feature","id":8032,"geometry":{"type":"LineString","coordinates":[[-38.300950238761743,-6.3919175035799327],[-38.300825237493989,-6.3919045065777222],[-38.300463238786676,-6.3917945015050117],[-38.300106234014713,-6.391708501136427],[-38.299785230902955,-6.3915625042961075],[-38.299508228021587,-6.3914304982089094],[-38.299231218844909,-6.3912845076638751],[-38.298983219998888,-6.3911514970339844],[-38.298516219147473,-6.3908514993872183],[-38.298239216266097,-6.3903264922638661],[-38.29822421917163,-6.3900594925416039],[-38.298350215089613,-6.3897464933960153],[-38.29852321677231,-6.3895274931893322],[-38.298750215549262,-6.3883754823327354],[-38.298797214119418,-6.3880774730870007],[-38.298907220091394,-6.3877174753713257],[-38.298886219122949,-6.3874264808375623],[-38.29897421958384,-6.3873394750268586],[-38.299003223619131,-6.3872074752349022],[-38.299061224495176,-6.3870614667034769],[-38.29916421665456,-6.3867694730229321],[-38.299223223871927,-6.3864774739464165],[-38.299252221611987,-6.3861854694739888],[-38.299252221611994,-6.3858934659009314],[-38.299268216953912,-6.3856014605291804],[-38.29921022057448,-6.3853084569099687],[-38.299159216423959,-6.3851774616607129],[-38.299079213634059,-6.3850164632293716],[-38.29897721702423,-6.3847384603019091],[-38.298569213497672,-6.3839494481987229],[-38.297519208244132,-6.3828954463580443],[-38.297330204924265,-6.3826914468430971],[-38.296293192176343,-6.3824854499338617],[-38.295957192869423,-6.382411441125428],[-38.295301188698147,-6.3820014491978379],[-38.294834189645371,-6.3816644453481883],[-38.294645180929592,-6.3814454388462565],[-38.294455182959609,-6.3812264386395636],[-38.294280182983307,-6.3809484366114182],[-38.294164177633938,-6.380656432138986],[-38.294179174728413,-6.3803644330624776],[-38.294193181669243,-6.3800714285439435],[-38.294208177864391,-6.3797794303668018],[-38.2942231794554,-6.3795894332960925],[-38.294239180193244,-6.378903421446168],[-38.29399317514418,-6.3775874192144411],[-38.293962176412549,-6.377413412989057]]},"properties":{"OBJECTID":8032,"NORIOCOMP":"Rio Apodi","COCURSODAG":"75494","COBACIA":"75494911","DEDOMINIAL":"Estadual"}},{"type":"Feature","id":8066,"geometry":{"type":"LineString","coordinates":[[-38.24953781311882,-6.3031669892579627],[-38.249460814963925,-6.3021999815367771],[-38.249446812519643,-6.3020099799694629],[-38.249447806270496,-6.3013239789113706],[-38.249479808645511,-6.3000669668100109],[-38.250007820403823,-6.2990079656381042]]},"properties":{"OBJECTID":8066,"NORIOCOMP":"Rio Apodi","COCURSODAG":"75494","COBACIA":"7549435","DEDOMINIAL":"Estadual"}},{"type":"Feature","id":8067,"geometry":{"type":"LineString","coordinates":[[-38.083778428431003,-5.9549929356795088],[-38.083382415565268,-5.9545849321529651],[-38.082215413010147,-5.9540499281657384],[-38.08063440125585,-5.9537799301037682],[-38.079124390977135,-5.953644931072839],[-38.078265381941094,-5.9531429304060444],[-38.07816337993529,-5.9530529253563618]]},"properties":{"OBJECTID":8067,"NORIOCOMP":"Rio Apodi","COCURSODAG":"754","COBACIA":"75477739","DEDOMINIAL":"Estadual"}},{"type":"Feature","id":8068,"geometry":{"type":"LineString","coordinates":[[-38.237818750234389,-6.3390922133266487],[-38.237844754131345,-6.338772215656908],[-38.237674746291759,-6.3377072106110255]]},"properties":{"OBJECTID":8068,"NORIOCOMP":"Rio Apodi","COCURSODAG":"75494","COBACIA":"7549455","DEDOMINIAL":"Estadual"}},{"type":"Feature","id":7955,"geometry":{"type":"LineString","coordinates":[[-38.18420035955819,-6.3365292327296547],[-38.183882366477292,-6.3361842312090655],[-38.183707360205744,-6.3360082311867192],[-38.183065353082839,-6.3353652312122355],[-38.182920356288662,-6.3352182298292785],[-38.182468352531714,-6.3345672204926409],[-38.182031350365776,-6.3341502192490662],[-38.181709346308544,-6.3340042179121951],[-38.181272345041975,-6.333784217659356],[-38.181053343935957,-6.3336382208190782],[-38.180879342207163,-6.3334622207967399],[-38.180718338379855,-6.3332432196907265],[-38.180514338864889,-6.332892213396784],[-38.180419335383306,-6.3325902120605404],[-38.180299337044005,-6.3322862160279652]]},"properties":{"OBJECTID":7955,"NORIOCOMP":"Rio Apodi","COCURSODAG":"754","COBACIA":"75499513","DEDOMINIAL":"Estadual"}},{"type":"Feature","id":7956,"geometry":{"type":"LineString","coordinates":[[-37.74469481561249,-5.6332951146922445],[-37.744104807290284,-5.6317971022689655],[-37.742360797911779,-5.6309540921721482],[-37.739119772558688,-5.6285690919046623],[-37.736783754765725,-5.6271300696116828],[-37.734655736672153,-5.6266000766468975],[-37.732281718026115,-5.6265950737183381],[-37.730327711553919,-5.6262410744807161],[-37.728726693481349,-5.6244190597065966],[-37.728379690969234,-5.6229130532096629],[-37.728034693045913,-5.6214800464818131],[-37.728666695211068,-5.6199080342432968],[-37.729333689097757,-5.6179510249347961],[-37.729134693410629,-5.616182012604809]]},"properties":{"OBJECTID":7956,"NORIOCOMP":"Rio Apodi","COCURSODAG":"754","COBACIA":"754595","DEDOMINIAL":"Estadual"}},{"type":"Feature","id":7957,"geometry":{"type":"LineString","coordinates":[[-38.341608547995349,-6.4259156837507012],[-38.34014053695546,-6.4251786803407303],[-38.338968522478581,-6.4241716779695244],[-38.338525528129878,-6.4232856676883632],[-38.338117523703993,-6.4227676698810585],[-38.33783651074566,-6.4221406661478246],[-38.337215503691823,-6.4213216616543987],[-38.336793509412182,-6.4208036530552031],[-38.336526508790591,-6.4204736630181936],[-38.336046506440368,-6.4202556565623601],[-38.335685501483965,-6.4202396495292833],[-38.335424500239753,-6.4202866489986992]]},"properties":{"OBJECTID":7957,"NORIOCOMP":"Rio Apodi","COCURSODAG":"75494","COBACIA":"75494955","DEDOMINIAL":"Estadual"}},{"type":"Feature","id":7958,"geometry":{"type":"LineString","coordinates":[[-38.193750316123442,-6.1448760496878787],[-38.192971316172589,-6.1443160400511685],[-38.192782312852728,-6.1438820434195653],[-38.192719317142007,-6.1434740398930225],[-38.192743311054244,-6.1431690393176952],[-38.192729314005881,-6.1423690392977361],[-38.192745314743711,-6.1417110278397304],[-38.192856309970011,-6.1411940228839086],[-38.192951313451601,-6.1409350217319618],[-38.193304314441832,-6.140246016938236],[-38.193524314694628,-6.1398700166860207],[-38.193832314508938,-6.1394730100694996]]},"properties":{"OBJECTID":7958,"NORIOCOMP":"Rio Apodi","COCURSODAG":"754","COBACIA":"7549131","DEDOMINIAL":"Estadual"}},{"type":"Feature","id":7959,"geometry":{"type":"LineString","coordinates":[[-38.149724035035433,-6.1902243467726787],[-38.149586030470182,-6.1900863538985833],[-38.149414028833633,-6.1898033525391529],[-38.149383030102008,-6.1893953490126652],[-38.149399031739165,-6.189004348068706],[-38.149525027657148,-6.1885343488776448],[-38.149683033144697,-6.1881423361964325],[-38.149669029801146,-6.187191330112352],[-38.149858026825711,-6.1863443306229833],[-38.149974031275804,-6.1859993228071026]]},"properties":{"OBJECTID":7959,"NORIOCOMP":"Rio Apodi","COCURSODAG":"754","COBACIA":"754971","DEDOMINIAL":"Estadual"}},{"type":"Feature","id":7960,"geometry":{"type":"LineString","coordinates":[[-37.362980856580521,-5.2198216911459854],[-37.362822851092979,-5.2195366905936851],[-37.362584850010087,-5.2191376847842319],[-37.362266850633887,-5.2188976836090939],[-37.361756845101581,-5.218770687645014],[-37.361245839523122,-5.2184506854786763],[-37.360769841854001,-5.2180956798996077],[-37.360293837889579,-5.2176956794399789],[-37.359386824841351,-5.2168166739782604],[-37.358468814883167,-5.215902669600526],[-37.357833811680337,-5.2152976596872689],[-37.357324810690727,-5.2144646572461628],[-37.35689580619578,-5.2136206587944578],[-37.356340799487555,-5.2127076490668536],[-37.355786793724803,-5.2119086436970736],[-37.355276793588416,-5.2111896411172021],[-37.354879792367797,-5.2108706318023428],[-37.354392786097442,-5.210435630628047],[-37.354008781879031,-5.2096376307002874],[-37.353691781649673,-5.2091586283961764],[-37.353374777822978,-5.2087586234399428],[-37.352625775658282,-5.2083926209509075],[-37.352069769803286,-5.2081176226583912],[-37.351752765976642,-5.2076726183249358],[-37.351491769229028,-5.2074896197783795],[-37.351242764940878,-5.2071696113168029],[-37.350754758624475,-5.2067356146851456],[-37.350244758488088,-5.2062906103516884],[-37.34965575021198,-5.2059356047726739],[-37.349291746915867,-5.2058096079553735],[-37.348575741776301,-5.2058076150576849],[-37.348099737811879,-5.2056466112304323],[-37.347701738343801,-5.205531605927173],[-37.347157734840835,-5.2050065997031396],[-37.346920732005458,-5.2044476009044205],[-37.346558721606982,-5.2038085948191997],[-37.34627672568962,-5.2032955954438043],[-37.345890716882309,-5.2027815906263308],[-37.345494720204442,-5.2023025892215307],[-37.345063711120652,-5.2019365804372617],[-37.344701712413325,-5.2016625830902239],[-37.344304711192713,-5.201342580024507],[-37.343987706466748,-5.2007835758298677],[-37.343829707274438,-5.2002585750017536],[-37.343830701025297,-5.1997805718444159],[-37.343877706790011,-5.1995185660575194],[-37.344105704713741,-5.199040569195466],[-37.344311708817543,-5.1985175666609118],[-37.344472712644802,-5.1979595670089687],[-37.344439709324377,-5.1975155555270467],[-37.344315707203407,-5.1971275538221713],[-37.344043708149854,-5.1966825539853119],[-37.343726703423904,-5.1963285484523993],[-37.343522703908889,-5.1961685437719201],[-37.342818696624818,-5.1958825494687035],[-37.342103687034808,-5.1957205518905916],[-37.341466690034963,-5.1957535435198592],[-37.340704680975477,-5.1961155476230836],[-37.339987676689191,-5.1967065550920486],[-37.339475671064633,-5.1971035554133387],[-37.338871666593377,-5.1975005620299184],[-37.338235665143088,-5.1977035561027884],[-37.337564660280123,-5.197895564057589],[-37.336007643337325,-5.1978575578086046],[-37.335099641934164,-5.1976955593311791],[-37.334384631444827,-5.1974545590092669],[-37.333226621210883,-5.1972355597018964],[-37.332362625434087,-5.1970845635303968],[-37.331488615706292,-5.1969575576737501],[-37.330648608445756,-5.196795560095631],[-37.329932604205574,-5.1965995591509415],[-37.329024597406487,-5.1963585588290337],[-37.327583584913782,-5.1956365570101237],[-37.326630583234078,-5.1951555501172146],[-37.326074571983156,-5.1947105511796776],[-37.325519572469545,-5.1941505415429612],[-37.325407566405325,-5.1935925427903484],[-37.325375568526908,-5.1926005357149059],[-37.325343564353254,-5.1918835323279033],[-37.32545956790397,-5.1912455253894692],[-37.325573573161137,-5.190892524399306],[-37.325858573713447,-5.190654523316427],[-37.326211569307759,-5.1904165213342184],[-37.326620578276334,-5.1901325253246142],[-37.326769579751556,-5.1898935134037423],[-37.326928578989964,-5.1896545122747577]]},"properties":{"OBJECTID":7960,"NORIOCOMP":"Rio Apodi","COCURSODAG":"754","COBACIA":"754397","DEDOMINIAL":"Estadual"}},{"type":"Feature","id":8069,"geometry":{"type":"LineString","coordinates":[[-37.931304275970831,-5.8570184141757125],[-37.930284269402762,-5.8566834095189897],[-37.929659264862444,-5.856236405093286],[-37.92940826587801,-5.8560913975072726],[-37.929192259514423,-5.8559614032034899],[-37.928991264634426,-5.8558314026044034],[-37.92883326004619,-5.8556874058563864],[-37.928661252114352,-5.8555573989620697],[-37.928489262168966,-5.8554124021678957],[-37.928317255136442,-5.8552544029755893],[-37.928144248057833,-5.8551244023765632],[-37.928029249949198,-5.8550233995175427],[-37.927929251632918,-5.8549193983188701],[-37.927300246908146,-5.85444540074195],[-37.926828243128163,-5.8541293915655057]]},"properties":{"OBJECTID":8069,"NORIOCOMP":"Rio Apodi","COCURSODAG":"754","COBACIA":"75477115","DEDOMINIAL":"Estadual"}},{"type":"Feature","id":8070,"geometry":{"type":"LineString","coordinates":[[-37.761836980191731,-5.7194476468031148],[-37.761403981807575,-5.7177316279240076],[-37.760801970234006,-5.71651762050353],[-37.760711975976157,-5.7148856135920187],[-37.76144598014713,-5.713263602645001],[-37.763421990331835,-5.7104615777515635],[-37.765103995951911,-5.7071075615767564],[-37.765197000240619,-5.7062755645777186],[-37.765224999733221,-5.706177555561867]]},"properties":{"OBJECTID":8070,"NORIOCOMP":"Rio Apodi","COCURSODAG":"754","COBACIA":"7547333","DEDOMINIAL":"Estadual"}},{"type":"Feature","id":8071,"geometry":{"type":"LineString","coordinates":[[-38.152168047916348,-6.1842513096469212],[-38.152291046393941,-6.184177312529636],[-38.152878049181879,-6.1839283073421711],[-38.153450056674053,-6.1839523066503288],[-38.154329064833746,-6.1841113103853278],[-38.154678066538793,-6.1846213159176813],[-38.154897062248892,-6.1850283184987482],[-38.155481072093032,-6.1859783191407516],[-38.155782080577808,-6.1864273335512303],[-38.155972077648528,-6.1866033236810507],[-38.156161080069069,-6.186763327462157],[-38.15627807916929,-6.1868813257092006],[-38.156394078223393,-6.1869693306666367],[-38.156481084034056,-6.1870563265847709],[-38.156569078199652,-6.1871443315422514],[-38.156802082649278,-6.1873203315645995],[-38.156919086246084,-6.1873783279440415],[-38.157065083086366,-6.1874663347001588],[-38.157211085322615,-6.1875253311257019],[-38.157356082116735,-6.1876133306872108],[-38.157503090694327,-6.1876723379046421],[-38.157758093460529,-6.1877383319550106],[-38.158509094818157,-6.1878923327615114],[-38.1588591010659,-6.187966335274707],[-38.159619105536528,-6.187777331954857],[-38.159999111369132,-6.1876763245992334],[-38.160787102741835,-6.1873993325097638],[-38.160992113094778,-6.1873263282440236],[-38.161261118305219,-6.1870193275764942],[-38.161611112861806,-6.1865883238886301],[-38.161732115743796,-6.1865423190693951],[-38.161779121508516,-6.1864513247654482]]},"properties":{"OBJECTID":8071,"NORIOCOMP":"Rio Apodi","COCURSODAG":"754","COBACIA":"754951","DEDOMINIAL":"Estadual"}},{"type":"Feature","id":8072,"geometry":{"type":"LineString","coordinates":[[-37.888652953969881,-5.8294432631042392],[-37.889951960813612,-5.8262592385812013]]},"properties":{"OBJECTID":8072,"NORIOCOMP":"Rio Apodi","COCURSODAG":"754","COBACIA":"75475751","DEDOMINIAL":"Estadual"}},{"type":"Feature","id":8073,"geometry":{"type":"LineString","coordinates":[[-37.813267386879659,-5.785828027051366],[-37.812891380332189,-5.7844280227446232],[-37.812197385200427,-5.7822350016536497],[-37.811036369432145,-5.7808799976235017],[-37.809177360146293,-5.7793839906883395],[-37.808947350439155,-5.7780779844212207],[-37.808974354382201,-5.777944984583173]]},"properties":{"OBJECTID":8073,"NORIOCOMP":"Rio Apodi","COCURSODAG":"754","COBACIA":"75473735","DEDOMINIAL":"Estadual"}},{"type":"Feature","id":8074,"geometry":{"type":"LineString","coordinates":[[-37.744179812547543,-5.6352651272981991],[-37.744774813006472,-5.6334991088112725],[-37.744730818172002,-5.6334071153605487],[-37.74469481561249,-5.6332951146922445]]},"properties":{"OBJECTID":8074,"NORIOCOMP":"Rio Apodi","COCURSODAG":"754","COBACIA":"754597","DEDOMINIAL":"Estadual"}},{"type":"Feature","id":8075,"geometry":{"type":"LineString","coordinates":[[-38.145572022530082,-6.2193365372469316],[-38.145930026448802,-6.2188545294085404],[-38.145957025895314,-6.2187125318534031],[-38.146023019945687,-6.2185945345057343],[-38.146141024487967,-6.2183615318547591],[-38.146317019114406,-6.2178945256074405],[-38.146407023264771,-6.2176875223568642],[-38.146540029398125,-6.2170695217366356]]},"properties":{"OBJECTID":8075,"NORIOCOMP":"Rio Apodi","COCURSODAG":"754","COBACIA":"7549773","DEDOMINIAL":"Estadual"}},{"type":"Feature","id":8076,"geometry":{"type":"LineString","coordinates":[[-38.166497211376445,-6.283567921815612],[-38.166597207894085,-6.2832099223934854],[-38.167060208561054,-6.2823529143490395],[-38.167148214417807,-6.2819439107763904],[-38.167192214648253,-6.2815349090023922],[-38.167177217553785,-6.2811489055910634],[-38.167170208237792,-6.2808739019026278]]},"properties":{"OBJECTID":8076,"NORIOCOMP":"Rio Apodi","COCURSODAG":"754","COBACIA":"75499351","DEDOMINIAL":"Estadual"}},{"type":"Feature","id":8077,"geometry":{"type":"LineString","coordinates":[[-37.6416270277644,-5.5551186761030165],[-37.639218012900244,-5.5543506703641965],[-37.637572996395932,-5.5542036689811694],[-37.636313994094792,-5.554222670756686],[-37.633894969776293,-5.5544386780195847],[-37.631190961992566,-5.5536466729726053],[-37.630078950282609,-5.5529446720760482]]},"properties":{"OBJECTID":8077,"NORIOCOMP":"Rio Apodi","COCURSODAG":"754","COBACIA":"754555","DEDOMINIAL":"Estadual"}},{"type":"Feature","id":8078,"geometry":{"type":"LineString","coordinates":[[-38.195784396432032,-6.2383066224475803],[-38.195692385894176,-6.2382346227245993],[-38.194524383292901,-6.2374096143571904],[-38.193684375133046,-6.2367586122151764],[-38.192767365220959,-6.2357476105587857],[-38.192652366212997,-6.2356586046558817],[-38.192567364991135,-6.2355746034801722],[-38.192476365291277,-6.2355126078156093],[-38.192389364876533,-6.2354536113900831],[-38.192279364300468,-6.2353656064325929],[-38.192156367621521,-6.2352776005758361],[-38.192054364716398,-6.2352195988004855],[-38.191922358629199,-6.2351386022597239],[-38.191791358883336,-6.2350366002539275],[-38.191703358422501,-6.2349565983633513],[-38.191616358007764,-6.2348976019378126],[-38.191470360268177,-6.2348236030218889],[-38.191324352636002,-6.2347366026071551],[-38.191179354942562,-6.2346486039449696],[-38.191032353559528,-6.234575598779899],[-38.190902358356425,-6.2344876001177063],[-38.190785352960916,-6.2343995996568777],[-38.190653353168962,-6.2343115991959888],[-38.190522347127853,-6.2342236041310821],[-38.190376350287579,-6.2341656032550441],[-38.190231353493402,-6.2340915989432046],[-38.189705340028695,-6.2337255964541667],[-38.189531349991057,-6.2336085928573546],[-38.188948339293688,-6.233037591706605],[-38.188744340678063,-6.2328475946358868],[-38.187915330327485,-6.2320765896580417],[-38.187292330376003,-6.231437578176843]]},"properties":{"OBJECTID":8078,"NORIOCOMP":"Rio Apodi","COCURSODAG":"75494","COBACIA":"754941137","DEDOMINIAL":"Estadual"}},{"type":"Feature","id":8079,"geometry":{"type":"LineString","coordinates":[[-38.250877824551196,-6.3067930071842673],[-38.250921824781642,-6.3064370069550151],[-38.251205830683773,-6.305842001100249],[-38.251189824550011,-6.3057179980799045]]},"properties":{"OBJECTID":8079,"NORIOCOMP":"Rio Apodi","COCURSODAG":"75494","COBACIA":"754945111","DEDOMINIAL":"Estadual"}},{"type":"Feature","id":8080,"geometry":{"type":"LineString","coordinates":[[-38.067339307961959,-5.9459258907716119],[-38.064295279103078,-5.9456848859530957],[-38.063128270252719,-5.9452168814583199],[-38.062098265022144,-5.9444138830986528],[-38.06180626594567,-5.9442998787408179],[-38.060725252967309,-5.9438778799646022],[-38.059695248636046,-5.9433438751241567],[-38.05873523314375,-5.9426088709071179],[-38.056682222106133,-5.9402008605857892]]},"properties":{"OBJECTID":8080,"NORIOCOMP":"Rio Apodi","COCURSODAG":"754","COBACIA":"75477733","DEDOMINIAL":"Estadual"}},{"type":"Feature","id":7822,"geometry":{"type":"LineString","coordinates":[[-38.193449268967868,-6.0584225144881554],[-38.193266264126066,-6.0575095101565175]]},"properties":{"OBJECTID":7822,"NORIOCOMP":"Rio Apodi","COCURSODAG":"754","COBACIA":"75491131","DEDOMINIAL":"Estadual"}},{"type":"Feature","id":7823,"geometry":{"type":"LineString","coordinates":[[-37.765224999733221,-5.706177555561867],[-37.765810001529587,-5.703891544571297],[-37.765720007271803,-5.7023065371291981],[-37.7654430034911,-5.7011395237822819],[-37.76409698908401,-5.6994585128124413],[-37.76214297002133,-5.6988475161123482],[-37.760281962441873,-5.6983775079279821],[-37.760144957023385,-5.6969315095938988],[-37.760985963430699,-5.6956284971698388],[-37.762756975852994,-5.6944664867514723],[-37.763367977949088,-5.6933944777854633],[-37.762530975323493,-5.6914814633114812],[-37.762441968521273,-5.6897554520651079],[-37.763328974351964,-5.6884524495336155],[-37.764912988942577,-5.6876624418808817],[-37.766776001110827,-5.6872004394614413],[-37.768780017083365,-5.6863184320627349],[-37.770551035800899,-5.6852504268785085],[-37.771811036349497,-5.6833874093143306],[-37.772094043104858,-5.6818493950464175],[-37.773865050131235,-5.6807344011846101],[-37.775078057505588,-5.6794313824653058],[-37.775129060756797,-5.6772863653865047],[-37.775098055729934,-5.6771763657097694]]},"properties":{"OBJECTID":7823,"NORIOCOMP":"Rio Apodi","COCURSODAG":"754","COBACIA":"7547331","DEDOMINIAL":"Estadual"}},{"type":"Feature","id":7824,"geometry":{"type":"LineString","coordinates":[[-38.167372057473756,-6.0123152417572365],[-38.167407059087793,-6.0122182381833493],[-38.167170051755761,-6.0112422336443947],[-38.166698047076466,-6.0107162372667746],[-38.166094048001185,-6.0102172295437741],[-38.164715036568964,-6.0101222314581042],[-38.16380902896276,-6.0099502316202065],[-38.163543022991348,-6.0098892351024222],[-38.163471029563595,-6.0098092278159276],[-38.163406023868163,-6.0097212282543548],[-38.163267025552045,-6.0095382243119362],[-38.163180025137301,-6.0093042216148547],[-38.163151025598609,-6.009070224313704],[-38.163195025829054,-6.0088372270586996],[-38.163258027834956,-6.0085832189427357],[-38.163401024536945,-6.0080332178610441]]},"properties":{"OBJECTID":7824,"NORIOCOMP":"Rio Apodi","COCURSODAG":"754","COBACIA":"75477971","DEDOMINIAL":"Estadual"}},{"type":"Feature","id":7825,"geometry":{"type":"LineString","coordinates":[[-37.525367148674214,-5.469490187941572],[-37.524768146232248,-5.4677961853654926],[-37.524451142405553,-5.4658211689317104],[-37.525032144916793,-5.4623411523423373],[-37.52517414157262,-5.4604451332563775]]},"properties":{"OBJECTID":7825,"NORIOCOMP":"Rio Apodi","COCURSODAG":"754","COBACIA":"7545333","DEDOMINIAL":"Estadual"}},{"type":"Feature","id":7826,"geometry":{"type":"LineString","coordinates":[[-37.206805639567847,-5.030301554307326],[-37.206550636801694,-5.0296625482220607],[-37.206127631684126,-5.0292365483620731],[-37.205431627466901,-5.0289155407536628],[-37.204689617531074,-5.0287615462424604],[-37.204008610408323,-5.0285465498174924],[-37.203692611124382,-5.0281205355683349],[-37.203633603906951,-5.0274825394217917],[-37.203846611031508,-5.0271645364483302],[-37.204225610522769,-5.0268315300851505],[-37.204272609992188,-5.0264675321850305],[-37.204121614720009,-5.0259955239084766],[-37.203955611561469,-5.0257825266764407],[-37.20348660612126,-5.0256145243250367],[-37.202896603194915,-5.0255065292370942],[-37.201624598495691,-5.0254575251788243],[-37.201094586645119,-5.0255015254092639],[-37.200306588977121,-5.0254535222964174],[-37.199928582337463,-5.0252855253409239],[-37.199459572400599,-5.0251325245805285],[-37.198976577106578,-5.0248125215148667],[-37.198659576877219,-5.0244315174347749],[-37.198131569615498,-5.0236405160312252],[-37.197557563829768,-5.0231685122512681],[-37.196982562494505,-5.0227875135671383],[-37.196605561296849,-5.0221485119785205],[-37.19628955212039,-5.0215095004973298],[-37.196291550414003,-5.0208714989548167],[-37.196503552995807,-5.0206595017689333],[-37.197050555737803,-5.02038749282287],[-37.197413558987819,-5.0202824960746977],[-37.197792570170236,-5.0201775002257847],[-37.198262569361361,-5.0199654976439358],[-37.198581567884332,-5.019708490288938]]},"properties":{"OBJECTID":7826,"NORIOCOMP":"Rio Apodi","COCURSODAG":"754","COBACIA":"754351","DEDOMINIAL":"Estadual"}},{"type":"Feature","id":7827,"geometry":{"type":"LineString","coordinates":[[-37.945236376157077,-5.8607584247685871],[-37.944821374106368,-5.860642431110449],[-37.944103369773927,-5.8603244227410674],[-37.943767365071096,-5.8600784239871961],[-37.942138349304628,-5.8591414149514902],[-37.94189135500131,-5.8590274159896252],[-37.94163635223515,-5.8589224093488728]]},"properties":{"OBJECTID":7827,"NORIOCOMP":"Rio Apodi","COCURSODAG":"754","COBACIA":"754771571","DEDOMINIAL":"Estadual"}},{"type":"Feature","id":7828,"geometry":{"type":"LineString","coordinates":[[-37.25314399759668,-5.0934849346139925],[-37.25303899725116,-5.0931199357683861],[-37.252978999880213,-5.0928009390440714],[-37.252934999649767,-5.0923299290150252],[-37.253041995590877,-5.0918599298239187],[-37.253255996466294,-5.0912219228854747],[-37.253317997526835,-5.09062992076628],[-37.253364996996254,-5.0901599224745393],[-37.253366001539007,-5.0896889178413591],[-37.25321600001763,-5.0892019133697142],[-37.253111997919632,-5.0886699077222062],[-37.253006002024613,-5.0883059044261039],[-37.25290199453071,-5.0877739041745071],[-37.253008995867731,-5.0873488989647049],[-37.253055995337149,-5.0868018980213607],[-37.253163995821005,-5.086057889791995],[-37.253271996304818,-5.0853148870046496],[-37.253424995266585,-5.0845858803663457],[-37.25347299478215,-5.0838878715602958],[-37.253382995128391,-5.083355877603946],[-37.253278993030335,-5.0828848675748999],[-37.25311299526777,-5.0825038634948081]]},"properties":{"OBJECTID":7828,"NORIOCOMP":"Rio Apodi","COCURSODAG":"754","COBACIA":"7543573","DEDOMINIAL":"Estadual"}},{"type":"Feature","id":8081,"geometry":{"type":"LineString","coordinates":[[-38.180299337044005,-6.3322862160279652],[-38.180180333354947,-6.3320882095951028],[-38.179640329137165,-6.3317222026094724],[-38.17942132803114,-6.3315602104272797],[-38.178822321991852,-6.3314432059311532],[-38.178575317795946,-6.3313992066000297],[-38.17812231938877,-6.3310622018510543],[-38.177965313947311,-6.3309462036962572]]},"properties":{"OBJECTID":8081,"NORIOCOMP":"Rio Apodi","COCURSODAG":"754","COBACIA":"75499511","DEDOMINIAL":"Estadual"}},{"type":"Feature","id":8129,"geometry":{"type":"LineString","coordinates":[[-38.197547335640309,-6.1170338746124475],[-38.19761933356466,-6.1168068695402624],[-38.197692332434428,-6.1166028655286562],[-38.198029336284094,-6.1157478692676204],[-38.19809633667586,-6.1156028607822899]]},"properties":{"OBJECTID":8129,"NORIOCOMP":"Rio Apodi","COCURSODAG":"754","COBACIA":"75491171","DEDOMINIAL":"Estadual"}},{"type":"Feature","id":8130,"geometry":{"type":"LineString","coordinates":[[-38.168459174150826,-6.2036654207186519],[-38.168804176570745,-6.2033524269689915],[-38.169002176708375,-6.2031674229342642],[-38.169083173249085,-6.2031024172388332],[-38.16934617908214,-6.2028394212983011],[-38.169536176152867,-6.2024754180021935],[-38.169697179980119,-6.2021534157436102],[-38.169800176636102,-6.2018324081352514],[-38.169902184037824,-6.2015114095200436],[-38.169976187450345,-6.2012924093133552],[-38.170102184267648,-6.2005274010149174]]},"properties":{"OBJECTID":8130,"NORIOCOMP":"Rio Apodi","COCURSODAG":"75494","COBACIA":"7549411151","DEDOMINIAL":"Estadual"}},{"type":"Feature","id":8131,"geometry":{"type":"LineString","coordinates":[[-38.165840198165881,-6.2762668801061494],[-38.165726199204009,-6.2760828707215985],[-38.165158190996969,-6.2756298732138047],[-38.164910191251579,-6.2753078655593013],[-38.164648185464671,-6.2749278678206002],[-38.164503186871855,-6.2745468682371515],[-38.164474188232475,-6.274166864203206],[-38.164519188509018,-6.2737878638126352],[-38.164548186249085,-6.2734808577491945],[-38.164593180230327,-6.2725248523338921],[-38.164026182861335,-6.2714498450281742],[-38.163217173433054,-6.2706668421948812],[-38.162452174127786,-6.2696558351425731]]},"properties":{"OBJECTID":8131,"NORIOCOMP":"Rio Apodi","COCURSODAG":"754","COBACIA":"75499335","DEDOMINIAL":"Estadual"}},{"type":"Feature","id":8132,"geometry":{"type":"LineString","coordinates":[[-37.910327117102042,-5.8491503706006247],[-37.90976511276898,-5.8485513717559083],[-37.909607118972644,-5.8485073661295486],[-37.9093201129321,-5.8484053695197193],[-37.909032112241448,-5.8483043675600186],[-37.908745116992812,-5.8482463711805757],[-37.90845711090622,-5.8482313632942793],[-37.908170105765009,-5.8482023655542195],[-37.907883105120447,-5.8482023709501911],[-37.907595105329108,-5.8482013718033592],[-37.907307099242473,-5.8482583690360226],[-37.907019098551814,-5.8482863676292958],[-37.906732092511326,-5.8483003691742059],[-37.906444092719937,-5.8482993700274317],[-37.9061550928825,-5.8484153744774643],[-37.905458082323889,-5.8482333696817683],[-37.905114079950067,-5.8479253752633875]]},"properties":{"OBJECTID":8132,"NORIOCOMP":"Rio Apodi","COCURSODAG":"754","COBACIA":"7547591","DEDOMINIAL":"Estadual"}},{"type":"Feature","id":8133,"geometry":{"type":"LineString","coordinates":[[-38.170041195843794,-6.2140704877585371],[-38.169504185469066,-6.2136364857309569],[-38.169257185769766,-6.2131094794146655],[-38.169038190059666,-6.2128464789775952],[-38.168955183534138,-6.2126344772950572],[-38.168903184733438,-6.2125464768342269]]},"properties":{"OBJECTID":8133,"NORIOCOMP":"Rio Apodi","COCURSODAG":"75494","COBACIA":"7549411171","DEDOMINIAL":"Estadual"}},{"type":"Feature","id":8134,"geometry":{"type":"LineString","coordinates":[[-38.176374248671891,-6.2245045507397698],[-38.176081243254032,-6.2242245432234613],[-38.175846239611531,-6.2236745421418256],[-38.175569236730155,-6.2230975371170905],[-38.175518233478954,-6.2229945359645127],[-38.17551923802165,-6.2228495436669427],[-38.175461235346972,-6.222585537787789],[-38.175475237791268,-6.2223235320008357],[-38.175490239382327,-6.222060536060356],[-38.175549235807857,-6.2217975293279766],[-38.175608232233401,-6.221534528890845],[-38.175666234008759,-6.2214325268851036],[-38.17574023742128,-6.2212725284998571],[-38.175900242101761,-6.2210385320980777],[-38.176135243945623,-6.2206805263806615],[-38.176311239471374,-6.2204545222538989],[-38.176502235688872,-6.2194905191676586],[-38.176492243321604,-6.2193575193296056]]},"properties":{"OBJECTID":8134,"NORIOCOMP":"Rio Apodi","COCURSODAG":"75494","COBACIA":"754941119","DEDOMINIAL":"Estadual"}},{"type":"Feature","id":8135,"geometry":{"type":"LineString","coordinates":[[-37.873930841634319,-5.8180221959760665],[-37.873348836378959,-5.8183591998256601],[-37.872992837049026,-5.8182702002180591]]},"properties":{"OBJECTID":8135,"NORIOCOMP":"Rio Apodi","COCURSODAG":"754","COBACIA":"7547553","DEDOMINIAL":"Estadual"}},{"type":"Feature","id":8136,"geometry":{"type":"LineString","coordinates":[[-38.177744257890424,-6.2272465674704192],[-38.177513253533107,-6.2263585570970559],[-38.177455250858372,-6.2261395622862858],[-38.176989250053111,-6.2252175485464027],[-38.176858249407928,-6.2249695505996492],[-38.176374248671891,-6.2245045507397698]]},"properties":{"OBJECTID":8136,"NORIOCOMP":"Rio Apodi","COCURSODAG":"75494","COBACIA":"754941131","DEDOMINIAL":"Estadual"}},{"type":"Feature","id":7829,"geometry":{"type":"LineString","coordinates":[[-37.765120020072118,-5.7388237651157246],[-37.764670020004701,-5.7360167471863006],[-37.763789000061529,-5.7342897367930838],[-37.762583993955388,-5.732002722159196],[-37.76115098363028,-5.7272896927765551],[-37.760409972841217,-5.7250496767126986],[-37.76027497201158,-5.7231376676807946],[-37.761069978995579,-5.721647656525727],[-37.761836980191731,-5.7194476468031148]]},"properties":{"OBJECTID":7829,"NORIOCOMP":"Rio Apodi","COCURSODAG":"754","COBACIA":"7547335","DEDOMINIAL":"Estadual"}},{"type":"Feature","id":7830,"geometry":{"type":"LineString","coordinates":[[-37.825248490624574,-5.8089311625519056],[-37.825087490394651,-5.8078151587514251],[-37.824586476284082,-5.8067491536593856]]},"properties":{"OBJECTID":7830,"NORIOCOMP":"Rio Apodi","COCURSODAG":"754","COBACIA":"75473793","DEDOMINIAL":"Estadual"}},{"type":"Feature","id":7864,"geometry":{"type":"LineString","coordinates":[[-37.364126859965893,-5.2204176898523489],[-37.363888857983682,-5.2201776949725094],[-37.363650856001478,-5.2200176911913525],[-37.363252855634023,-5.2198906907306784],[-37.362980856580521,-5.2198216911459854]]},"properties":{"OBJECTID":7864,"NORIOCOMP":"Rio Apodi","COCURSODAG":"754","COBACIA":"754399","DEDOMINIAL":"Estadual"}},{"type":"Feature","id":7865,"geometry":{"type":"LineString","coordinates":[[-38.189701397400817,-6.3390882437191269],[-38.188925402984239,-6.3389372475476327],[-38.188181399251455,-6.3384422454049947],[-38.187726390859495,-6.3379722354220505],[-38.187486384288491,-6.3377092349849145],[-38.187274386203228,-6.3376212345240797],[-38.187172389593343,-6.3375622380985472],[-38.186873386596744,-6.3374452345016818],[-38.186581381225039,-6.337371242780371],[-38.186289382148523,-6.3372982331187151],[-38.185997378575394,-6.3372542328882719],[-38.185705377700287,-6.3371942373159529],[-38.18531938058419,-6.3371702380077988],[-38.185072369193733,-6.3371402348257284]]},"properties":{"OBJECTID":7865,"NORIOCOMP":"Rio Apodi","COCURSODAG":"754","COBACIA":"754995171","DEDOMINIAL":"Estadual"}},{"type":"Feature","id":7866,"geometry":{"type":"LineString","coordinates":[[-37.918565178639312,-5.8533283959960469],[-37.918111181085408,-5.8531463920996725],[-37.917219170527574,-5.8529433935301451],[-37.916149164351737,-5.8524653921715011],[-37.915509158220345,-5.8523693940396848]]},"properties":{"OBJECTID":7866,"NORIOCOMP":"Rio Apodi","COCURSODAG":"754","COBACIA":"75477111","DEDOMINIAL":"Estadual"}},{"type":"Feature","id":7867,"geometry":{"type":"LineString","coordinates":[[-38.168903184733438,-6.2125464768342269],[-38.168587175556979,-6.2120274735847865],[-38.168310181668801,-6.2116764726868254],[-38.168077179017864,-6.2113694720192987],[-38.16769917327747,-6.2110544682848685],[-38.166685159791541,-6.2102424668121969],[-38.165920155989689,-6.2090944606367078],[-38.165675155483314,-6.2087254589087015],[-38.165738161985871,-6.2085684588631729],[-38.166005161708085,-6.2084124534678269],[-38.166287163920742,-6.2084134535139794],[-38.166631167193884,-6.2086374575484991],[-38.166899166062926,-6.2087374603613634],[-38.167161161957331,-6.2088114583779674],[-38.167425174131722,-6.2088564586545054],[-38.167570177221137,-6.2088564631511005],[-38.167687170026113,-6.208797455933734],[-38.16783317226237,-6.2087754621137483],[-38.167906181024705,-6.2086964593700023],[-38.168111174290516,-6.2085064569033701],[-38.168301176757154,-6.2083164535374156],[-38.168476177632726,-6.2080824508403412],[-38.168666180099365,-6.2078494481893651],[-38.168798186186621,-6.2076884506574075],[-38.169134185493533,-6.2073614481682187],[-38.169738189964733,-6.2072184514662965],[-38.170136190332187,-6.2071634471313262]]},"properties":{"OBJECTID":7867,"NORIOCOMP":"Rio Apodi","COCURSODAG":"75494","COBACIA":"7549411155","DEDOMINIAL":"Estadual"}},{"type":"Feature","id":7868,"geometry":{"type":"LineString","coordinates":[[-38.163401024536945,-6.0080332178610441],[-38.163480032676603,-6.0079472219890588],[-38.163591021607601,-6.0078742186226393],[-38.163795031914447,-6.0077272163402951],[-38.164679037606732,-6.0068972023463765],[-38.165388037926846,-6.005846197946088],[-38.165433037304062,-6.0057282050950187],[-38.166004038454844,-6.0041151927644067],[-38.166253042742994,-6.0033921855034817],[-38.166312049960368,-6.0032021830368505],[-38.166400045025341,-6.0029401871424648],[-38.166473042995797,-6.0026771822087328],[-38.166561042557305,-6.0024141799729618],[-38.166649043018197,-6.0021511795358231],[-38.166795050650308,-6.0018891791448379],[-38.166905050327046,-6.0016181738422159],[-38.166960047467455,-6.0004101711950373],[-38.16690404488503,-6.0001401668378209],[-38.166057044496256,-5.9986071581964273],[-38.165165028542503,-5.9982721589356798],[-38.163927026310482,-5.998137159904692],[-38.162485008375711,-5.9976681508671694],[-38.1620050114214,-5.9973331570022825],[-38.161525009071163,-5.9964661466980465],[-38.160425999759354,-5.9957981428727702],[-38.159464989616822,-5.9951291390013388],[-38.158878985076342,-5.9942231385897768]]},"properties":{"OBJECTID":7868,"NORIOCOMP":"Rio Apodi","COCURSODAG":"754","COBACIA":"7547795","DEDOMINIAL":"Estadual"}},{"type":"Feature","id":7869,"geometry":{"type":"LineString","coordinates":[[-37.370515913577833,-5.2319457655121591],[-37.37031590795204,-5.2313777627010589],[-37.370018909544285,-5.2310257572603938],[-37.369701900321679,-5.2308317618038735],[-37.369178908579045,-5.2307397512660163],[-37.368701900071869,-5.2306237594064671],[-37.368269896337893,-5.2306567564317046],[-37.367792893226685,-5.2308267525800671],[-37.367268890646017,-5.2312237645925759],[-37.366756880524861,-5.2316217649599599],[-37.366233883386251,-5.2318937694094174],[-37.365800880505503,-5.2320067629292053],[-37.365357874465587,-5.2320507694548901],[-37.365005873521518,-5.2318557685563496],[-37.364722877557995,-5.2315707680040537],[-37.364360868058903,-5.2310567631865839],[-37.364486863077502,-5.2304997527888988],[-37.364999868748214,-5.2298627512924796],[-37.365284874696449,-5.2294987470970566],[-37.365411876056498,-5.2289747463150338],[-37.365367875826053,-5.2283487408293174],[-37.365288873082307,-5.2279497413150962],[-37.364971868356292,-5.227344732301165],[-37.364655869971671,-5.2268317392210015],[-37.364383870918175,-5.2265117298601034],[-37.364100863263502,-5.2261127303458892],[-37.363704856693055,-5.2256327288949924],[-37.363512859530097,-5.2251087263143932],[-37.363434856832441,-5.2244367223046106],[-37.3635158578698,-5.2237187134755914],[-37.363722861120372,-5.2228877048314972],[-37.364042865085423,-5.2220917049959867],[-37.364248862893987,-5.2214536980575561],[-37.364284865453442,-5.2208956984056059],[-37.36423985978098,-5.2206566972765716],[-37.364126859965893,-5.2204176898523489]]},"properties":{"OBJECTID":7869,"NORIOCOMP":"Rio Apodi","COCURSODAG":"754","COBACIA":"7545111","DEDOMINIAL":"Estadual"}},{"type":"Feature","id":7870,"geometry":{"type":"LineString","coordinates":[[-37.77938512212495,-5.7556838591332902],[-37.779153124016723,-5.7555858618085951],[-37.776827115678095,-5.7546488590681246],[-37.774130088432116,-5.7532908513023484],[-37.774051091084232,-5.7517608392020323]]},"properties":{"OBJECTID":7870,"NORIOCOMP":"Rio Apodi","COCURSODAG":"754","COBACIA":"7547355","DEDOMINIAL":"Estadual"}},{"type":"Feature","id":7871,"geometry":{"type":"LineString","coordinates":[[-38.193353303211609,-6.1243709197807368],[-38.193711314324958,-6.1241489203350143],[-38.194353314253306,-6.123915916784771],[-38.194762317825962,-6.1238289154707148],[-38.195171321398618,-6.1237429213973131],[-38.195579324925177,-6.1236849187226445],[-38.195989323148005,-6.1235969173624927],[-38.196354325590903,-6.1235389164864547],[-38.196526327227502,-6.1233869148728273],[-38.196767332945342,-6.1230979087401582],[-38.197046329623674,-6.122902914136807]]},"properties":{"OBJECTID":7871,"NORIOCOMP":"Rio Apodi","COCURSODAG":"754","COBACIA":"75491175","DEDOMINIAL":"Estadual"}},{"type":"Feature","id":7872,"geometry":{"type":"LineString","coordinates":[[-38.07816337993529,-5.9530529253563618],[-38.076893374428948,-5.9519399216941649],[-38.075315361913681,-5.9500049125009369],[-38.072708346012632,-5.9482669007011708],[-38.071033335319441,-5.9470708896141931]]},"properties":{"OBJECTID":7872,"NORIOCOMP":"Rio Apodi","COCURSODAG":"754","COBACIA":"75477737","DEDOMINIAL":"Estadual"}},{"type":"Feature","id":7873,"geometry":{"type":"LineString","coordinates":[[-37.676871307663987,-5.5852808421531686],[-37.675887291964216,-5.5840248354938167],[-37.674312280486618,-5.5837408349876139],[-37.673066274288374,-5.5835888405686074]]},"properties":{"OBJECTID":7873,"NORIOCOMP":"Rio Apodi","COCURSODAG":"754","COBACIA":"754573","DEDOMINIAL":"Estadual"}},{"type":"Feature","id":7874,"geometry":{"type":"LineString","coordinates":[[-38.150627081174093,-6.247413708770301],[-38.150358070567734,-6.2466366981197687],[-38.150299074142197,-6.2464606980974304],[-38.150040065795679,-6.2458606992066166]]},"properties":{"OBJECTID":7874,"NORIOCOMP":"Rio Apodi","COCURSODAG":"754","COBACIA":"75499311","DEDOMINIAL":"Estadual"}},{"type":"Feature","id":7875,"geometry":{"type":"LineString","coordinates":[[-38.209096502201078,-6.2547857195796652],[-38.208970495491258,-6.2545337169518689],[-38.208768496068494,-6.2539217085144685],[-38.208570488736314,-6.2532087044126436],[-38.208555492541223,-6.2530477068806318]]},"properties":{"OBJECTID":7875,"NORIOCOMP":"Rio Apodi","COCURSODAG":"75494","COBACIA":"754941159","DEDOMINIAL":"Estadual"}},{"type":"Feature","id":7910,"geometry":{"type":"LineString","coordinates":[[-38.279208059003963,-6.3547962891086218],[-38.278486057185027,-6.3553212953326526],[-38.277829049370382,-6.3558782958378206],[-38.27706304102577,-6.3560662937156032],[-38.276632031941972,-6.35624629841905],[-38.276318038146201,-6.356402303814396],[-38.275785032452511,-6.3566682980945899],[-38.275580033790789,-6.3569973060719525],[-38.275457031715916,-6.357354304548597],[-38.275283030886442,-6.3575893126876935],[-38.27515702867322,-6.3578863101961112],[-38.274592026000448,-6.3580743134698681],[-38.274476026946338,-6.3580733143230876],[-38.274131024526405,-6.3576963086288005],[-38.273722020054436,-6.3573353045717296],[-38.273326013483995,-6.3572333088612218],[-38.272686012748522,-6.3572223056559647],[-38.272467011642505,-6.3572663121816415],[-38.272176012612128,-6.357338304710078],[-38.271869005649364,-6.3574543145560831],[-38.271738005004181,-6.3575573112120036],[-38.27175200744847,-6.3577173149931578],[-38.272028011183011,-6.3580943152914777],[-38.272248011435863,-6.3583323172736801],[-38.272240008368961,-6.3585803152204257],[-38.272057015218309,-6.3589593210069166],[-38.271954007770489,-6.3590763192078077],[-38.271694005673055,-6.3592253152871105]]},"properties":{"OBJECTID":7910,"NORIOCOMP":"Rio Apodi","COCURSODAG":"75494","COBACIA":"75494713","DEDOMINIAL":"Estadual"}},{"type":"Feature","id":7911,"geometry":{"type":"LineString","coordinates":[[-38.303868255514828,-6.3927165062516913],[-38.303372251527435,-6.392096507337909],[-38.302964247101556,-6.3917665011131515],[-38.302515247979557,-6.391672503073579],[-38.302122241547465,-6.391655501390261],[-38.301389241019933,-6.3918735033494913],[-38.301100234887208,-6.3919335043177812]]},"properties":{"OBJECTID":7911,"NORIOCOMP":"Rio Apodi","COCURSODAG":"75494","COBACIA":"75494915","DEDOMINIAL":"Estadual"}},{"type":"Feature","id":7912,"geometry":{"type":"LineString","coordinates":[[-37.217946717166512,-5.0375915991068236],[-37.217735714630805,-5.0372715960411103],[-37.217509714101254,-5.0369525939208692],[-37.217102705224931,-5.0363285885273443],[-37.216800707485895,-5.0359025787748379],[-37.216271706473322,-5.0354605844722524],[-37.215575696860185,-5.0352615842885307],[-37.214894695133353,-5.0351985786852929],[-37.214409694351161,-5.0351975795385169],[-37.213667689811295,-5.0353465810137328],[-37.21281867943776,-5.0355575835494859],[-37.212288679278394,-5.0356625856936388],[-37.211818674691351,-5.0356605865007076],[-37.211500669919253,-5.0355685822580956],[-37.211228671765078,-5.0355525869162205],[-37.210971669805986,-5.0354005853026056],[-37.21044266249811,-5.0349735817992407],[-37.210186664182459,-5.034502583461351],[-37.209915659779142,-5.0339695777676887],[-37.209870659502599,-5.0336505747481262],[-37.209659656966835,-5.0332855714059326],[-37.209494648458531,-5.0328595670493419],[-37.209238656438117,-5.0323735671203931],[-37.208966651089327,-5.0319475627637491],[-37.208649652658607,-5.031581560274776],[-37.2083936498463,-5.0312015562408297],[-37.208226641245744,-5.0310495600231793],[-37.207864642538482,-5.030820552160729],[-37.207591643438832,-5.0308195566112257],[-37.207168638321264,-5.0306665567502078],[-37.206956635739402,-5.0305145560359614],[-37.206805639567847,-5.030301554307326]]},"properties":{"OBJECTID":7912,"NORIOCOMP":"Rio Apodi","COCURSODAG":"754","COBACIA":"754353","DEDOMINIAL":"Estadual"}},{"type":"Feature","id":7914,"geometry":{"type":"LineString","coordinates":[[-38.045730144230049,-5.9360758385338164],[-38.045491137705085,-5.9358858369665057],[-38.044598131597752,-5.9354838373139325],[-38.04356712362312,-5.9351488344558545],[-38.043017121642094,-5.9351478344097517],[-38.041918112330286,-5.9352788359542012],[-38.04109310756013,-5.9357438412099999],[-38.039855106227435,-5.9367418422668425],[-38.038479094933564,-5.9374058495050122],[-38.037173082371112,-5.9374708552004334],[-38.036143073543251,-5.937201850889319],[-38.035182067897381,-5.9364668466722872],[-38.033469050055885,-5.9343978330982479],[-38.032572046462015,-5.9331018308895613]]},"properties":{"OBJECTID":7914,"NORIOCOMP":"Rio Apodi","COCURSODAG":"754","COBACIA":"7547759","DEDOMINIAL":"Estadual"}},{"type":"Feature","id":7915,"geometry":{"type":"LineString","coordinates":[[-38.184805183311823,-6.0186462720098319],[-38.184858186655276,-6.0178842620511075],[-38.184400183520893,-6.0168452573048414],[-38.184240179739788,-6.0168162640614327],[-38.183920175774738,-6.0164952618489478],[-38.183789175129561,-6.016327259497535]]},"properties":{"OBJECTID":7915,"NORIOCOMP":"Rio Apodi","COCURSODAG":"754","COBACIA":"75477979","DEDOMINIAL":"Estadual"}},{"type":"Feature","id":7916,"geometry":{"type":"LineString","coordinates":[[-38.157780978508583,-5.9899761100123801],[-38.157825974288528,-5.9898551071304436],[-38.157913979246025,-5.989338103073945],[-38.157708974288994,-5.9879901029638738],[-38.157312966819234,-5.9867190938141945],[-38.156410958498221,-5.9858680851470663],[-38.153457940131098,-5.9845960777498775],[-38.150505914615508,-5.9825910662278963],[-38.149478909523339,-5.9817050667386269],[-38.149107912199661,-5.980347057174213],[-38.149180905673518,-5.9800540580516026]]},"properties":{"OBJECTID":7916,"NORIOCOMP":"Rio Apodi","COCURSODAG":"754","COBACIA":"75477933","DEDOMINIAL":"Estadual"}},{"type":"Feature","id":7917,"geometry":{"type":"LineString","coordinates":[[-38.009856871296847,-5.9156877320085766],[-38.008676865444215,-5.914188720438462],[-38.007716854448518,-5.9126997165241102]]},"properties":{"OBJECTID":7917,"NORIOCOMP":"Rio Apodi","COCURSODAG":"754","COBACIA":"75477533","DEDOMINIAL":"Estadual"}},{"type":"Feature","id":7918,"geometry":{"type":"LineString","coordinates":[[-37.962556508475359,-5.8743275019193506],[-37.962448512488095,-5.8742555021963581],[-37.961945504580626,-5.8739515016671291],[-37.961787505388315,-5.8738504997074816],[-37.961528503337036,-5.873648493989502],[-37.961269500386372,-5.8735334958808032],[-37.961011498381197,-5.8733884990866851],[-37.960752501725835,-5.873243491500622],[-37.960494494324735,-5.873084492262219],[-37.960235497669316,-5.8729404892189052],[-37.959977489368896,-5.8727814953764161],[-37.959718488216936,-5.8726654918257122],[-37.959459490662191,-5.8725214950776934],[-37.959201484160417,-5.872405490627604],[-37.958942481209817,-5.8722614884836624],[-37.958684479204635,-5.872116491689491],[-37.958296481096966,-5.8719144868708275],[-37.957269471508134,-5.8712064812009093],[-37.956423464870277,-5.8704664785519158]]},"properties":{"OBJECTID":7918,"NORIOCOMP":"Rio Apodi","COCURSODAG":"754","COBACIA":"7547719","DEDOMINIAL":"Estadual"}},{"type":"Feature","id":7919,"geometry":{"type":"LineString","coordinates":[[-38.202756363614533,-6.1008877703536735],[-38.202688357780751,-6.1008107730980443],[-38.201963354924146,-6.1000127623784461],[-38.201774352503605,-6.0998077646160445],[-38.201381350568113,-6.0991347605601689],[-38.201294349254056,-6.0989887538273271],[-38.20078434372175,-6.0984187527227203],[-38.200478342200995,-6.0980237506949875],[-38.200274342686043,-6.0977457486668438],[-38.199949340289095,-6.0973207497522797]]},"properties":{"OBJECTID":7919,"NORIOCOMP":"Rio Apodi","COCURSODAG":"754","COBACIA":"75491157","DEDOMINIAL":"Estadual"}},{"type":"Feature","id":7985,"geometry":{"type":"LineString","coordinates":[[-37.685032368348409,-5.6039829554644234],[-37.684053362771749,-5.6034379537140158],[-37.683936359174879,-5.6031859555828243]]},"properties":{"OBJECTID":7985,"NORIOCOMP":"Rio Apodi","COCURSODAG":"754","COBACIA":"754591","DEDOMINIAL":"Estadual"}},{"type":"Feature","id":7986,"geometry":{"type":"LineString","coordinates":[[-37.761470947125758,-5.6534012261994482],[-37.760010934656187,-5.6537232302566816],[-37.758753926152053,-5.6537212310637512],[-37.757998925509241,-5.6532192348936068]]},"properties":{"OBJECTID":7986,"NORIOCOMP":"Rio Apodi","COCURSODAG":"754","COBACIA":"754713","DEDOMINIAL":"Estadual"}},{"type":"Feature","id":7987,"geometry":{"type":"LineString","coordinates":[[-37.815408397478791,-5.7880680422158379],[-37.815171401837965,-5.7878510421013987],[-37.814104395800484,-5.7870460382535631],[-37.813267386879659,-5.785828027051366]]},"properties":{"OBJECTID":7987,"NORIOCOMP":"Rio Apodi","COCURSODAG":"754","COBACIA":"75473737","DEDOMINIAL":"Estadual"}},{"type":"Feature","id":7988,"geometry":{"type":"LineString","coordinates":[[-38.241781781003631,-6.3453392549941263],[-38.24196878333197,-6.3446722503156234],[-38.241938780149837,-6.3442932445291387],[-38.241895784462137,-6.3440292449452258],[-38.241837782686787,-6.3437662499040623],[-38.241764784716281,-6.3435612404504482],[-38.241648779366926,-6.3432402373386392],[-38.241488774686445,-6.3430502357713241],[-38.241386783472535,-6.342991239345789],[-38.241152775379533,-6.3428882318979181],[-38.240889774942445,-6.3428302355185355],[-38.240627772752767,-6.3428152339274693],[-38.240364772315672,-6.3427852415372312],[-38.240203773884332,-6.3427852415372312],[-38.240101770979209,-6.3428292363717036],[-38.239839770588212,-6.3428722410526515],[-38.239706764454866,-6.3428862390002827],[-38.239261770013911,-6.3432082358629538],[-38.238414754336702,-6.343396239136653],[-38.237282747999693,-6.3432342415585401],[-38.237137744910292,-6.3432052492144573],[-38.236970748000886,-6.3429772449954394],[-38.236954746363722,-6.3427262415144234],[-38.237112750951951,-6.3422402352902294],[-38.237372753049385,-6.3417442322021698],[-38.23748975035096,-6.3415102295050936],[-38.237577750811795,-6.3412772268541691],[-38.237680747467785,-6.3410432295530095],[-38.237739754685208,-6.34080922235934],[-38.237739754685208,-6.3405762305002487],[-38.237754750880299,-6.3403422224072576],[-38.237740753831986,-6.3401082197102374],[-38.237740753831986,-6.3398742233084056],[-38.237769752471365,-6.3396412197581604],[-38.237791751687276,-6.3393702207507667],[-38.237818750234389,-6.3390922133266487]]},"properties":{"OBJECTID":7988,"NORIOCOMP":"Rio Apodi","COCURSODAG":"75494","COBACIA":"75494571","DEDOMINIAL":"Estadual"}},{"type":"Feature","id":7989,"geometry":{"type":"LineString","coordinates":[[-37.765465970377477,-5.6502662111306599],[-37.76532397282233,-5.6502722087094002],[-37.764100962288808,-5.6508642108285416],[-37.763371960147083,-5.6519172198176815],[-37.762769956667398,-5.6527852193762342],[-37.761581953143889,-5.6533772322872711],[-37.761470947125758,-5.6534012261994482]]},"properties":{"OBJECTID":7989,"NORIOCOMP":"Rio Apodi","COCURSODAG":"754","COBACIA":"754715","DEDOMINIAL":"Estadual"}},{"type":"Feature","id":7876,"geometry":{"type":"LineString","coordinates":[[-38.193832314508938,-6.1394730100694996],[-38.193919314923676,-6.139419012975182],[-38.193995318428442,-6.138503008505201],[-38.193953317390935,-6.1377070032737793],[-38.193769323294873,-6.1366889967979903]]},"properties":{"OBJECTID":7876,"NORIOCOMP":"Rio Apodi","COCURSODAG":"754","COBACIA":"75491195","DEDOMINIAL":"Estadual"}},{"type":"Feature","id":7877,"geometry":{"type":"LineString","coordinates":[[-38.199457413827879,-6.241181638116962],[-38.199235413482832,-6.2409386377027989],[-38.198914410371003,-6.2407886370807981],[-38.198782415075648,-6.2407076342447514],[-38.198644405114464,-6.2406276332535526],[-38.198483406683124,-6.2404886295414554],[-38.198352411433916,-6.2403276365060982],[-38.198177406061681,-6.240181633370538],[-38.198032407468872,-6.240005633348189],[-38.1978294026041,-6.2398476287599092]]},"properties":{"OBJECTID":7877,"NORIOCOMP":"Rio Apodi","COCURSODAG":"75494","COBACIA":"754941151","DEDOMINIAL":"Estadual"}},{"type":"Feature","id":7878,"geometry":{"type":"LineString","coordinates":[[-38.23679071002249,-6.2780618378771909],[-38.236691711752364,-6.2780028414515998],[-38.236327696765045,-6.2776368398619358],[-38.236094704905952,-6.2774038372109642],[-38.236021706935503,-6.2773298391944188],[-38.235350690381324,-6.2765408369837514],[-38.235219695132052,-6.2763938356007252],[-38.234709689599754,-6.2760288322585271],[-38.234622689185009,-6.2757358277400002],[-38.234330682913935,-6.2748968214249077],[-38.234362680792344,-6.2745198220259066],[-38.23442569269082,-6.2742538214504808],[-38.234724695687419,-6.2739098190766693],[-38.235101695985755,-6.2736438140045863],[-38.23547169775992,-6.2733848119533135],[-38.23561869914289,-6.2732388151130447],[-38.23577969847355,-6.2730928128767989],[-38.235911704560749,-6.2729028104101676],[-38.235969700940188,-6.2725888112184895]]},"properties":{"OBJECTID":7878,"NORIOCOMP":"Rio Apodi","COCURSODAG":"75494","COBACIA":"75494173","DEDOMINIAL":"Estadual"}},{"type":"Feature","id":7879,"geometry":{"type":"LineString","coordinates":[[-38.151776058617486,-6.2051484414433888],[-38.151720056035003,-6.2045944410766252],[-38.151769053798041,-6.2042874404090442],[-38.151754053106345,-6.2040244399719704],[-38.151696050431667,-6.2037614341389169],[-38.151623051561849,-6.2034984337017818],[-38.151529052622948,-6.2032134331494815],[-38.150816046722419,-6.2022704310316294],[-38.150329045848025,-6.2010714207056203],[-38.15079804409374,-6.199669410910766],[-38.151734053982636,-6.1983123950971546],[-38.151924056449339,-6.197888396228743],[-38.152027053105257,-6.1976264003343617],[-38.152115058962067,-6.1973633998972204],[-38.152203057624263,-6.1971003931648481],[-38.152277056540193,-6.1968383918745431],[-38.152320051328559,-6.1965753914374151],[-38.152409061728072,-6.1963123847051005],[-38.152497051397063,-6.1960493905631946],[-38.152644058176008,-6.1957863838308267],[-38.152834060642654,-6.1955233824944278],[-38.152906054070399,-6.1954213804886278],[-38.153339056951154,-6.1946913854953856],[-38.153326064445601,-6.193399370880611],[-38.153160061287053,-6.1929673626500499],[-38.152752052364576,-6.1924493702386672],[-38.152304052389361,-6.191673354238314],[-38.152289049898975,-6.1913913583209661],[-38.152290055341034,-6.1909983572847969],[-38.152126046878834,-6.1906143530664135],[-38.152024050268956,-6.1905703528359641],[-38.15190004724866,-6.1903983574946624],[-38.151659046027419,-6.1902183527912227],[-38.151412046328119,-6.1900583490100596],[-38.151163047435936,-6.189999347188607],[-38.150871042064182,-6.1900273457818944],[-38.150616039298022,-6.1901073539677052],[-38.150258035379295,-6.1902313506927493],[-38.150161036302059,-6.1902673532522083],[-38.149724035035433,-6.1902243467726787]]},"properties":{"OBJECTID":7879,"NORIOCOMP":"Rio Apodi","COCURSODAG":"754","COBACIA":"754973","DEDOMINIAL":"Estadual"}},{"type":"Feature","id":7920,"geometry":{"type":"LineString","coordinates":[[-37.937888326884035,-5.8571374088715169],[-37.936618315981775,-5.856832402001011],[-37.93633831296205,-5.8568244043300188],[-37.936107304108077,-5.8568104081810262],[-37.935877311488014,-5.8568094081349305],[-37.935647313471975,-5.8568234060825652],[-37.935417304664163,-5.8568234060825652],[-37.935187312044093,-5.8568514091724433],[-37.93495630319012,-5.8568934102099526],[-37.934727304320916,-5.856922408849333],[-37.934496296366262,-5.8569944076730014],[-37.934180297082321,-5.8570654073498876],[-37.933863292356307,-5.8571514077185318],[-37.932655284313171,-5.8572924115228142],[-37.932464281800435,-5.8572634128834391]]},"properties":{"OBJECTID":7920,"NORIOCOMP":"Rio Apodi","COCURSODAG":"754","COBACIA":"75477151","DEDOMINIAL":"Estadual"}},{"type":"Feature","id":7921,"geometry":{"type":"LineString","coordinates":[[-37.888097955355583,-5.8332032818140096],[-37.888036954341203,-5.8331212852271577],[-37.887770952866447,-5.8320722818183803],[-37.888652953969881,-5.8294432631042392]]},"properties":{"OBJECTID":7921,"NORIOCOMP":"Rio Apodi","COCURSODAG":"754","COBACIA":"75475753","DEDOMINIAL":"Estadual"}},{"type":"Feature","id":7922,"geometry":{"type":"LineString","coordinates":[[-38.351799622254021,-6.4312827145143974],[-38.351498619165234,-6.4310147102493787],[-38.351090615638668,-6.4306377099510659],[-38.350016611077024,-6.4298607064951536],[-38.349237604830876,-6.4291456969051675],[-38.348308597962671,-6.4282866968623953]]},"properties":{"OBJECTID":7922,"NORIOCOMP":"Rio Apodi","COCURSODAG":"75494","COBACIA":"75494993","DEDOMINIAL":"Estadual"}},{"type":"Feature","id":7923,"geometry":{"type":"LineString","coordinates":[[-37.504633974977196,-5.4241799159915898],[-37.504394972948894,-5.4220199027176346],[-37.504040966516641,-5.4205118925311746],[-37.503076961631727,-5.4192538857796277],[-37.501504948493846,-5.4177418763079865],[-37.500307946353871,-5.4171648712832496],[-37.499821945525639,-5.4171348734970897],[-37.499104930447452,-5.4172768818440726],[-37.498680930679654,-5.4171238765871346],[-37.498211926138772,-5.4170168761493711],[-37.4975759237891,-5.4168478692552577],[-37.496984920816715,-5.4165278760821218],[-37.496410914131616,-5.4159028724411353],[-37.496048910028435,-5.4152488584695604],[-37.495792911712783,-5.4144588571121135],[-37.495687904172712,-5.4140328581514492],[-37.495734909937426,-5.4133498518357914],[-37.495736908230988,-5.4126058490023325],[-37.495830906270562,-5.4115428386527356],[-37.495725905025779,-5.4108438351965074],[-37.495364905465294,-5.409946832502035],[-37.4948358927615,-5.4092618269934434],[-37.494306897144838,-5.4085158249671235],[-37.493718893411476,-5.4074968139485877],[-37.493402883335648,-5.4065548064809139],[-37.493252891706845,-5.4057948020103614],[-37.493300879531212,-5.405065795372006],[-37.493513886655812,-5.4045957970802148],[-37.493984897584198,-5.4041107962980961],[-37.494425891840713,-5.4037317905116096],[-37.494729894168529,-5.4031557846336575],[-37.494897896519944,-5.402624784428216],[-37.494853895390236,-5.402092785075947],[-37.494581896336683,-5.4015607803276975],[-37.494052884532273,-5.4013007782303255],[-37.49337088275928,-5.4011317821280578],[-37.492461875914103,-5.400977782220874],[-37.49199288216505,-5.4007487788550854],[-37.491674866601045,-5.4003227744984414],[-37.491449872412943,-5.3997447694276133],[-37.491193863305398,-5.3989997674473873],[-37.49102886648825,-5.3984227570266743],[-37.490923864344104,-5.3977237544697729],[-37.490774862868875,-5.3969787515902281],[-37.490502862916053,-5.3962947452284755],[-37.490034851226653,-5.3957017394658884],[-37.489414850514201,-5.3952287410357487],[-37.488930848878852,-5.3949087496612522],[-37.488612845905372,-5.3947557327130982],[-37.488400847820117,-5.3945427417763003]]},"properties":{"OBJECTID":7923,"NORIOCOMP":"Rio Apodi","COCURSODAG":"754","COBACIA":"754519","DEDOMINIAL":"Estadual"}},{"type":"Feature","id":7924,"geometry":{"type":"LineString","coordinates":[[-38.177965313947311,-6.3309462036962572],[-38.177845315608067,-6.3308572040886526],[-38.177540319529385,-6.330170198487858],[-38.177321313027448,-6.3298772002645753],[-38.177248308761705,-6.3298041959988289],[-38.177117314411809,-6.3296581937626373],[-38.176899316949182,-6.329468185900029],[-38.176811311991685,-6.3293651901434274],[-38.176607307080815,-6.3291611915277457],[-38.176433306251333,-6.3289121926355758],[-38.176257299933695,-6.3286631883474902],[-38.17606830290913,-6.3283861854661341],[-38.175908303624567,-6.3281081888338999],[-38.175733302748995,-6.3278151843153783],[-38.175384300144572,-6.3271711797981984],[-38.17525329410347,-6.3269381825431923],[-38.174802289493307,-6.3260311829847948],[-38.174846295119671,-6.3251841673076141],[-38.174861291314819,-6.3249501700064563],[-38.174650287879729,-6.3242981669190259]]},"properties":{"OBJECTID":7924,"NORIOCOMP":"Rio Apodi","COCURSODAG":"754","COBACIA":"75499395","DEDOMINIAL":"Estadual"}},{"type":"Feature","id":7925,"geometry":{"type":"LineString","coordinates":[[-37.88996296671678,-5.822195217543614],[-37.889208959824884,-5.8203242050064672],[-37.888450953647862,-5.8195381957395833]]},"properties":{"OBJECTID":7925,"NORIOCOMP":"Rio Apodi","COCURSODAG":"754","COBACIA":"7547571","DEDOMINIAL":"Estadual"}},{"type":"Feature","id":7990,"geometry":{"type":"LineString","coordinates":[[-38.19809633667586,-6.1156028607822899],[-38.198585341239777,-6.1145428541683131],[-38.19870333858745,-6.1142958544690211],[-38.199185341029938,-6.1136388475537107],[-38.199521344833443,-6.1133328514288836],[-38.199784351565825,-6.1131428489622488],[-38.200091346837439,-6.1129828451811496],[-38.200295351748366,-6.1128518490325714],[-38.200616354860138,-6.1126908443059946],[-38.200879350800683,-6.1125748407552862],[-38.201143356679829,-6.1124878403405498],[-38.20140635711693,-6.1124298376658812],[-38.201668363803208,-6.1123428426470605],[-38.201917362695383,-6.1122698383813239],[-38.202369361056412,-6.1120518373214034],[-38.203450374034787,-6.11154083174302],[-38.203669368845567,-6.1114388288378985],[-38.203955375739277,-6.1107098284948371],[-38.204474378988664,-6.1097018260774769],[-38.204709375436607,-6.1092928279007497],[-38.204869384613687,-6.1090308158186106],[-38.204987377464761,-6.1087678207773983],[-38.205118377210617,-6.1085048140450233],[-38.205235382606077,-6.1082418199031814],[-38.205323381268272,-6.1079788077748862],[-38.205352379907652,-6.1077168118805085],[-38.205353384450405,-6.1071758085159082],[-38.205325385857122,-6.1070448078707296],[-38.205354384496509,-6.1066788053817538],[-38.205384376886741,-6.106474801370152],[-38.205013375066471,-6.1055317938563842],[-38.204654375598238,-6.1052087969476192],[-38.204241371841078,-6.1048367896853426],[-38.203549366908987,-6.1038567867605904],[-38.203389368523801,-6.1034477777919678],[-38.20327337396629,-6.1029217823136701],[-38.203229362944001,-6.1026587764806699],[-38.203230368386073,-6.1018697742700034],[-38.203173359462262,-6.1016357715729255],[-38.203143356280123,-6.1013287709054023],[-38.202756363614533,-6.1008877703536735]]},"properties":{"OBJECTID":7990,"NORIOCOMP":"Rio Apodi","COCURSODAG":"754","COBACIA":"75491159","DEDOMINIAL":"Estadual"}},{"type":"Feature","id":7991,"geometry":{"type":"LineString","coordinates":[[-37.488400847820117,-5.3945427417763003],[-37.488144845007866,-5.3942237378574287],[-37.488038838320961,-5.3939497351144094],[-37.487978841849326,-5.3935237307578223],[-37.488086842333189,-5.393053731566714],[-37.48842284703602,-5.3918997206179267],[-37.488743843852546,-5.3909897209211843],[-37.489017847494942,-5.3903067083102849],[-37.489429850306578,-5.389244702503369],[-37.489901854086554,-5.3882276960737459],[-37.490115854961971,-5.3874386938630758],[-37.49049785908818,-5.3863616855657828],[-37.49055986554464,-5.385784685037641],[-37.490606853322902,-5.3848886715974338],[-37.490775861116326,-5.3840376728228829],[-37.490929855627598,-5.3833096608347564],[-37.490930860170295,-5.382762659891422],[-37.490871852952921,-5.3820786643214937],[-37.490781853299154,-5.3817136501874083],[-37.490510847996518,-5.3812276547551088],[-37.489921845116328,-5.380314645926819],[-37.489922849659031,-5.3796916405794466],[-37.490045851733953,-5.3790996393595663],[-37.490456849103566,-5.3784176312913612],[-37.49089785505123,-5.3779326314085596],[-37.491945860212518,-5.3766286243343249],[-37.492585870840514,-5.3752476146085364],[-37.493072870815581,-5.3742926092393883],[-37.493499875218326,-5.3735335985196384],[-37.493758870974375,-5.3728515976459894],[-37.493972872749112,-5.3720465928988945],[-37.494080873232974,-5.3714695878741141],[-37.494081873279072,-5.3708775866542826],[-37.493976871134969,-5.3702995761874694],[-37.493660866455066,-5.3696615746449625],[-37.493252868324475,-5.3691285752465827],[-37.492617859725726,-5.368443568838674],[-37.491876860627883,-5.367849568425922],[-37.491240848385701,-5.367589562731208],[-37.490346842232213,-5.3674205657296259],[-37.489437837185676,-5.367478568404298],[-37.488376829626247,-5.3675365602870819],[-37.487740827276639,-5.3674285651991962],[-37.48595381141854,-5.3669385668844383],[-37.484999811491377,-5.3667235596676317],[-37.48431780342316,-5.3666155645797478],[-37.483574795239861,-5.3667195666777445],[-37.482982793120641,-5.3670835654772517],[-37.482618789824528,-5.3675685653601084],[-37.482298797550698,-5.3680385708464504],[-37.481660779820402,-5.3685835788920997],[-37.481022778277861,-5.3692045895431937],[-37.480157772562393,-5.3697945816776267],[-37.479474765347391,-5.3702185868412773],[-37.479110767447203,-5.3703695884087495]]},"properties":{"OBJECTID":7991,"NORIOCOMP":"Rio Apodi","COCURSODAG":"754","COBACIA":"7545177","DEDOMINIAL":"Estadual"}},{"type":"Feature","id":7992,"geometry":{"type":"LineString","coordinates":[[-38.368663745234933,-6.4356467260041974],[-38.368385747703371,-6.4354317250826378],[-38.367581743002297,-6.4346227228489887],[-38.366984736155928,-6.4343867218583588],[-38.366529733159894,-6.4343547185840331],[-38.366357731523351,-6.434370719321878],[-38.366039727650552,-6.4346067221111483],[-38.365741724700115,-6.4348487233784804],[-38.364931722420302,-6.4354077329690869],[-38.364423716080864,-6.4358767321140515],[-38.364155710916577,-6.4361797397917391],[-38.363963709257007,-6.4368117374602276],[-38.36377471762836,-6.4373907479731862],[-38.363538709443162,-6.4375637379646626],[-38.363208709513572,-6.4376417460582349],[-38.362674703773791,-6.4377697474643814]]},"properties":{"OBJECTID":7992,"NORIOCOMP":"Rio Apodi","COCURSODAG":"75494","COBACIA":"754949991","DEDOMINIAL":"Estadual"}},{"type":"Feature","id":7993,"geometry":{"type":"LineString","coordinates":[[-37.915509158220345,-5.8523693940396848],[-37.915240158405823,-5.852338386314849],[-37.914369154212352,-5.8524533961147043],[-37.914214147963833,-5.8524453921485353]]},"properties":{"OBJECTID":7993,"NORIOCOMP":"Rio Apodi","COCURSODAG":"754","COBACIA":"7547595","DEDOMINIAL":"Estadual"}},{"type":"Feature","id":7994,"geometry":{"type":"LineString","coordinates":[[-37.94163635223515,-5.8589224093488728],[-37.940138332617209,-5.8583034095818682],[-37.938873330938748,-5.8574604156728594]]},"properties":{"OBJECTID":7994,"NORIOCOMP":"Rio Apodi","COCURSODAG":"754","COBACIA":"75477155","DEDOMINIAL":"Estadual"}},{"type":"Feature","id":7995,"geometry":{"type":"LineString","coordinates":[[-37.952701431724968,-5.8659904538033327],[-37.952010425040328,-5.8651204496559872],[-37.951436430046442,-5.8643414452084999],[-37.951307423198273,-5.864211443710162],[-37.950695420156762,-5.8636474356876382]]},"properties":{"OBJECTID":7995,"NORIOCOMP":"Rio Apodi","COCURSODAG":"754","COBACIA":"75477171","DEDOMINIAL":"Estadual"}},{"type":"Feature","id":7996,"geometry":{"type":"LineString","coordinates":[[-37.273669162601038,-5.1322831742597987],[-37.273306164746941,-5.1318121759219073],[-37.273050155639453,-5.1313861661693485],[-37.27235515776357,-5.1307911657104954],[-37.271886151423985,-5.130380169240162],[-37.27162914856563,-5.13021216149283]]},"properties":{"OBJECTID":7996,"NORIOCOMP":"Rio Apodi","COCURSODAG":"754","COBACIA":"754371","DEDOMINIAL":"Estadual"}},{"type":"Feature","id":7997,"geometry":{"type":"LineString","coordinates":[[-38.206103475694071,-6.2510436936061051],[-38.206012465202377,-6.250821688764475],[-38.205964471982043,-6.2506456932386687],[-38.20591347322744,-6.2505066895266346],[-38.205768470138032,-6.2502146904501243],[-38.205579467717541,-6.249921692226887],[-38.20534546502045,-6.2496436848027646],[-38.204882463454169,-6.2491806778405774]]},"properties":{"OBJECTID":7997,"NORIOCOMP":"Rio Apodi","COCURSODAG":"75494","COBACIA":"7549411571","DEDOMINIAL":"Estadual"}},{"type":"Feature","id":7998,"geometry":{"type":"LineString","coordinates":[[-37.985930685252185,-5.8846065496588746],[-37.985027673287732,-5.8845355517806235],[-37.984186676772993,-5.8845195501434615],[-37.984014669740475,-5.8845045548476937],[-37.982936662296368,-5.8844025537412081],[-37.981735650079436,-5.8844785563466582],[-37.98152564758982,-5.8844565562314379],[-37.981353651349195,-5.8844275584913763],[-37.981181649712589,-5.8843995545021812],[-37.981008648029956,-5.8843415527268261],[-37.980836647292676,-5.8842825509053736],[-37.980678648100366,-5.8842255482767918],[-37.980520642612817,-5.884138547862058],[-37.980376645864794,-5.8840525537886608],[-37.980247649808462,-5.8839655533739297],[-37.980103641369226,-5.8838785529591897],[-37.979959638325909,-5.8837915471485349],[-37.979845633068749,-5.8836905442895695],[-37.97971563246972,-5.8836045493168569],[-37.979586636413387,-5.8835085457891108],[-37.979483639757404,-5.8834185461353492],[-37.977263621917871,-5.8821685388533735],[-37.977015616776555,-5.8821005393148384],[-37.976251613920113,-5.8817165359957642],[-37.975668603222744,-5.8811975336457056],[-37.975395604123094,-5.8810235328162346]]},"properties":{"OBJECTID":7998,"NORIOCOMP":"Rio Apodi","COCURSODAG":"754","COBACIA":"75477353","DEDOMINIAL":"Estadual"}},{"type":"Feature","id":7999,"geometry":{"type":"LineString","coordinates":[[-38.162791171774415,-6.2676648287628431],[-38.162813166493727,-6.2672758207165691],[-38.162751175325759,-6.2668528209948757],[-38.162547171314138,-6.2664758215959386],[-38.162124166196577,-6.2661138129961111],[-38.161858164721764,-6.2659098197764029],[-38.161204161542059,-6.2655228118223842],[-38.161136151211679,-6.2654468128142113]]},"properties":{"OBJECTID":7999,"NORIOCOMP":"Rio Apodi","COCURSODAG":"754","COBACIA":"75499331","DEDOMINIAL":"Estadual"}},{"type":"Feature","id":8033,"geometry":{"type":"LineString","coordinates":[[-37.562472433455305,-5.4949143306508033],[-37.562457430065592,-5.4931193306116191],[-37.561781425871345,-5.4913233080432935],[-37.560388406598918,-5.4897053035760202],[-37.558457404784633,-5.4885872960859974],[-37.557275388947289,-5.4882972962024166],[-37.555305375442011,-5.4881852928361505],[-37.553408365303085,-5.4880012960421372],[-37.551547346931784,-5.4873142904413559],[-37.548934321760782,-5.4866982908126936],[-37.546428307819383,-5.4861892916217325],[-37.545034299292745,-5.4848582824030885],[-37.544037291986683,-5.482451269429907],[-37.543110283412091,-5.4809052574910604],[-37.542685277302951,-5.4786432413119872],[-37.542942279262036,-5.4762752292379613],[-37.54298427760159,-5.4736552136368228],[-37.542524275274332,-5.4712491944144928],[-37.54151926400209,-5.4695291870420952]]},"properties":{"OBJECTID":8033,"NORIOCOMP":"Rio Apodi","COCURSODAG":"754","COBACIA":"7545371","DEDOMINIAL":"Estadual"}},{"type":"Feature","id":8034,"geometry":{"type":"LineString","coordinates":[[-38.201573438562598,-6.2457946628880485],[-38.2014834326136,-6.2456266659325523],[-38.20137043279852,-6.2452846627516774],[-38.201221436719209,-6.2448896571266594],[-38.201178431138942,-6.2445396553755295],[-38.201149431600243,-6.2444376542690483],[-38.201008433191873,-6.2441746520332773]]},"properties":{"OBJECTID":8034,"NORIOCOMP":"Rio Apodi","COCURSODAG":"75494","COBACIA":"7549411551","DEDOMINIAL":"Estadual"}},{"type":"Feature","id":8035,"geometry":{"type":"LineString","coordinates":[[-38.328025440520946,-6.4156646310071261],[-38.327617442390306,-6.4152656251976632],[-38.327057437250176,-6.4147806244155445],[-38.326376429228105,-6.4139276228507827],[-38.32573742763941,-6.4135186201774586],[-38.324806416182412,-6.4134786255274401],[-38.323961410489972,-6.4137896191848487],[-38.323553406064093,-6.4137886254339849],[-38.32323940687241,-6.4138196232663018],[-38.322901408372566,-6.4137996295385671],[-38.321938393641233,-6.4136226240741534],[-38.32177839435667,-6.4134466240517547],[-38.321632397516396,-6.4132136214008302],[-38.321472398231833,-6.4129796133078374],[-38.321312393551345,-6.4127896171364407],[-38.321122391084714,-6.4125696159843297],[-38.320918391569755,-6.4123356141865751],[-38.320619388573171,-6.4120876099445816],[-38.320436390026657,-6.4120436151100568],[-38.32020238732958,-6.4119836186384305],[-38.319969384678643,-6.4119546155024487],[-38.319706377946261,-6.4118886106601805],[-38.319575382696996,-6.4118086141655217],[-38.319341373704674,-6.4115886193086506],[-38.318729370663164,-6.4109746062823971],[-38.31855437518351,-6.4107986116559683],[-38.317825369444499,-6.4102425968077883],[-38.317569360336961,-6.410050605940115]]},"properties":{"OBJECTID":8035,"NORIOCOMP":"Rio Apodi","COCURSODAG":"75494","COBACIA":"7549493","DEDOMINIAL":"Estadual"}},{"type":"Feature","id":8113,"geometry":{"type":"LineString","coordinates":[[-38.38569385338787,-6.4198726236117798],[-38.385326857148016,-6.4201306202210304],[-38.384379843154477,-6.4207956302031981],[-38.383383837693202,-6.4215706371641916],[-38.382480835621323,-6.4223946364923004],[-38.382409835944429,-6.4224756384289741],[-38.382285834722779,-6.4226926394427366],[-38.382095837652059,-6.4229366399029999],[-38.382009831887501,-6.4230506451600995],[-38.381897832118518,-6.4231436431535744],[-38.381290828408282,-6.4237896432664066],[-38.381100830438243,-6.4239676478776016],[-38.380851827049412,-6.4241426541491427],[-38.380602822761318,-6.4244106494208442],[-38.380354829311159,-6.4245366561307202],[-38.380135822809223,-6.4247406556456621],[-38.379887817667914,-6.4249306581122916],[-38.379697821496507,-6.4250916556443096],[-38.379550820113529,-6.4254786591017305],[-38.379336812043505,-6.4257066624214287],[-38.378991815019504,-6.4260846681617636]]},"properties":{"OBJECTID":8113,"NORIOCOMP":"Rio Apodi","COCURSODAG":"75494","COBACIA":"754949995","DEDOMINIAL":"Estadual"}},{"type":"Feature","id":8114,"geometry":{"type":"LineString","coordinates":[[-38.149180905673518,-5.9800540580516026],[-38.149294904635383,-5.9799430529327973],[-38.149779909914173,-5.9777440378604165],[-38.149919907377068,-5.9762100282735462],[-38.148341900257776,-5.97387401497725],[-38.147449884303967,-5.9731390107602147],[-38.146144887975481,-5.9728040114994085],[-38.144151863516925,-5.9726680025298045],[-38.141884846207972,-5.972664010439237],[-38.138311827128405,-5.9723910194335321],[-38.136387807650465,-5.9720560102801548],[-38.133485793433863,-5.9716820110195084],[-38.132714780362107,-5.9714190114817471],[-38.131637772064778,-5.9713670081843926]]},"properties":{"OBJECTID":8114,"NORIOCOMP":"Rio Apodi","COCURSODAG":"754","COBACIA":"75477931","DEDOMINIAL":"Estadual"}},{"type":"Feature","id":8115,"geometry":{"type":"LineString","coordinates":[[-38.191392310805782,-6.146170054502333],[-38.192001309212287,-6.1460150536497347],[-38.192212306352133,-6.1458570490614575],[-38.192659317073094,-6.1454110491784943],[-38.193750316123442,-6.1448760496878787]]},"properties":{"OBJECTID":8115,"NORIOCOMP":"Rio Apodi","COCURSODAG":"754","COBACIA":"7549133","DEDOMINIAL":"Estadual"}},{"type":"Feature","id":8116,"geometry":{"type":"LineString","coordinates":[[-37.852454695726863,-5.8212092305299619],[-37.849689665345011,-5.8211562343811281],[-37.846712652166445,-5.8201702221864213],[-37.844153624089763,-5.8187662194939218],[-37.838848591688418,-5.8175902120271932],[-37.83360155206924,-5.8149352020065788]]},"properties":{"OBJECTID":8116,"NORIOCOMP":"Rio Apodi","COCURSODAG":"754","COBACIA":"7547395","DEDOMINIAL":"Estadual"}},{"type":"Feature","id":8117,"geometry":{"type":"LineString","coordinates":[[-38.251043837602253,-6.3143700616215162],[-38.250977831860723,-6.3139480511541404],[-38.251007829646881,-6.3136560520776221],[-38.250992827156495,-6.3133630529550642],[-38.250949833267441,-6.3130710484826364],[-38.2509788355041,-6.3127570447942949],[-38.251214831998134,-6.311582038272987],[-38.251258832228586,-6.3113630380663555],[-38.251624833818312,-6.3104430298145893],[-38.251653837853617,-6.3103410332047059],[-38.251816836377145,-6.3102550328361264],[-38.252036832133335,-6.3102390365948766],[-38.252381845345163,-6.3103030305529995],[-38.252710836235337,-6.3104280381160924],[-38.253321844626669,-6.3108520378838282],[-38.253674850113498,-6.3109700352315539],[-38.254019848036819,-6.3109550327411732],[-38.254272856106695,-6.3108230329492088]]},"properties":{"OBJECTID":8117,"NORIOCOMP":"Rio Apodi","COCURSODAG":"75494","COBACIA":"754945153","DEDOMINIAL":"Estadual"}},{"type":"Feature","id":8000,"geometry":{"type":"LineString","coordinates":[[-38.25115482293598,-6.3072450154377977],[-38.250931822544828,-6.307025009789089],[-38.250877824551196,-6.3067930071842673]]},"properties":{"OBJECTID":8000,"NORIOCOMP":"Rio Apodi","COCURSODAG":"75494","COBACIA":"754945113","DEDOMINIAL":"Estadual"}},{"type":"Feature","id":8036,"geometry":{"type":"LineString","coordinates":[[-37.932464281800435,-5.8572634128834391],[-37.93172128350966,-5.8571474102320424],[-37.931563284317356,-5.8571034144981953],[-37.931304275970831,-5.8570184141757125]]},"properties":{"OBJECTID":8036,"NORIOCOMP":"Rio Apodi","COCURSODAG":"754","COBACIA":"7547713","DEDOMINIAL":"Estadual"}},{"type":"Feature","id":8037,"geometry":{"type":"LineString","coordinates":[[-37.861851752255802,-5.8165011950826271],[-37.861525755208667,-5.8165631898478711],[-37.859195732296484,-5.8173152029427859]]},"properties":{"OBJECTID":8037,"NORIOCOMP":"Rio Apodi","COCURSODAG":"754","COBACIA":"7547531","DEDOMINIAL":"Estadual"}},{"type":"Feature","id":8038,"geometry":{"type":"LineString","coordinates":[[-38.167854230787384,-6.2983040132126167],[-38.167863228504466,-6.2982020058109027],[-38.168113227442745,-6.2978730050281513],[-38.168458229862665,-6.2976700001633867],[-38.168832230921964,-6.2975200040379873],[-38.168948235371992,-6.2974759975123078],[-38.169080235163953,-6.2972719997960009],[-38.169168235624859,-6.2971259912645214],[-38.169862239749818,-6.2967329947249544],[-38.170811247540307,-6.2968069927415575],[-38.171004248346662,-6.296752994747929]]},"properties":{"OBJECTID":8038,"NORIOCOMP":"Rio Apodi","COCURSODAG":"754","COBACIA":"75499371","DEDOMINIAL":"Estadual"}},{"type":"Feature","id":8039,"geometry":{"type":"LineString","coordinates":[[-38.253768857146326,-6.3241551171570709],[-38.254101857214209,-6.3241901187711083],[-38.254429864246106,-6.3243161155884016],[-38.254807864590532,-6.3242851114608545],[-38.254979865327762,-6.3242381119914413],[-38.255104872890861,-6.3240501096170565],[-38.255230864312182,-6.323706112639166],[-38.255216867263862,-6.3233921071521895],[-38.254871863944622,-6.322858108607047],[-38.254636862100767,-6.322608105172125],[-38.25444886332366,-6.3223561070409309],[-38.254097862425681,-6.3218711008628325],[-38.25404685827516,-6.3216370936691568],[-38.25398985564658,-6.3214030963680576],[-38.25395985696111,-6.3211690999662755],[-38.253974859451489,-6.3209350909739586],[-38.253975858598267,-6.320468091021878],[-38.254005850988506,-6.3202340892241224],[-38.25404985751419,-6.3200010865732015],[-38.254064858205872,-6.3197660901252632],[-38.254064852809968,-6.3196370886730131],[-38.253976857745045,-6.319002087268843],[-38.253677854748446,-6.3182800854499384]]},"properties":{"OBJECTID":8039,"NORIOCOMP":"Rio Apodi","COCURSODAG":"75494","COBACIA":"754945157","DEDOMINIAL":"Estadual"}},{"type":"Feature","id":8040,"geometry":{"type":"LineString","coordinates":[[-37.817250423967153,-5.7940960800792887],[-37.816178418598383,-5.7931080731882956],[-37.816010416246968,-5.7917730628858886]]},"properties":{"OBJECTID":8040,"NORIOCOMP":"Rio Apodi","COCURSODAG":"754","COBACIA":"75473753","DEDOMINIAL":"Estadual"}},{"type":"Feature","id":8041,"geometry":{"type":"LineString","coordinates":[[-38.287941120885307,-6.361957325261316],[-38.287504125014607,-6.3624573285338197],[-38.287104125454277,-6.3627713277254987],[-38.286729114456307,-6.3631423349417355],[-38.285269107382646,-6.3644783452902374],[-38.284479099729936,-6.3655573581763907],[-38.283014093324994,-6.3661683566751259],[-38.281572081685454,-6.3662393554526986],[-38.280596080743798,-6.3657703572070643],[-38.280504075601868,-6.3647733516996663],[-38.281014075738256,-6.3636623409351643],[-38.281742076035243,-6.3627913376410428],[-38.282159082674809,-6.361888335569188],[-38.282243082951197,-6.3608913246658787],[-38.281258077997165,-6.3601113156756925],[-38.280253062228326,-6.3585733121996721],[-38.279959062160223,-6.3572273004906457],[-38.280421068177013,-6.3560462909946782],[-38.279930057225613,-6.3551262881388197],[-38.279208059003963,-6.3547962891086218]]},"properties":{"OBJECTID":8041,"NORIOCOMP":"Rio Apodi","COCURSODAG":"75494","COBACIA":"75494715","DEDOMINIAL":"Estadual"}},{"type":"Feature","id":8042,"geometry":{"type":"LineString","coordinates":[[-37.829063511870856,-5.8118761823486231],[-37.825362485089897,-5.8097281732253467],[-37.825248490624574,-5.8089311625519056]]},"properties":{"OBJECTID":8042,"NORIOCOMP":"Rio Apodi","COCURSODAG":"754","COBACIA":"7547391","DEDOMINIAL":"Estadual"}},{"type":"Feature","id":8043,"geometry":{"type":"LineString","coordinates":[[-37.808714344190889,-5.7707009347103924],[-37.806036322317652,-5.7673939198037028],[-37.803836315292983,-5.7661369086016068],[-37.803736312480119,-5.7661159085325382]]},"properties":{"OBJECTID":8043,"NORIOCOMP":"Rio Apodi","COCURSODAG":"754","COBACIA":"7547371","DEDOMINIAL":"Estadual"}},{"type":"Feature","id":8044,"geometry":{"type":"LineString","coordinates":[[-38.032572046462015,-5.9331018308895613],[-38.032374045425115,-5.9320618207012705],[-38.03244404955251,-5.9310618150555863],[-38.033271047220303,-5.9297968034845887],[-38.033823052890853,-5.92833079973156],[-38.034093051852096,-5.9269587814276194]]},"properties":{"OBJECTID":8044,"NORIOCOMP":"Rio Apodi","COCURSODAG":"754","COBACIA":"75477573","DEDOMINIAL":"Estadual"}},{"type":"Feature","id":8045,"geometry":{"type":"LineString","coordinates":[[-38.170136190332187,-6.2071634471313262],[-38.169635187013512,-6.2063324348898927],[-38.169479181618215,-6.2060504380732144],[-38.169046178737403,-6.2050214355867954],[-38.168677170714091,-6.2044644368802659],[-38.168505168178228,-6.2041984264122645],[-38.168473176595057,-6.2039314203947633],[-38.168459174150826,-6.2036654207186519]]},"properties":{"OBJECTID":8045,"NORIOCOMP":"Rio Apodi","COCURSODAG":"75494","COBACIA":"7549411153","DEDOMINIAL":"Estadual"}},{"type":"Feature","id":8046,"geometry":{"type":"LineString","coordinates":[[-38.131637772064778,-5.9713670081843926],[-38.131304771097582,-5.9711560056486928],[-38.130344771793034,-5.9702870015474465],[-38.129521754524596,-5.9694190037875927],[-38.128973757132428,-5.9683519932535383],[-38.128631747656307,-5.9670169838503906],[-38.128428752684044,-5.9657499793817577],[-38.127946751140882,-5.9646119709694547],[-38.127607740903784,-5.9632819599982634]]},"properties":{"OBJECTID":8046,"NORIOCOMP":"Rio Apodi","COCURSODAG":"754","COBACIA":"7547791","DEDOMINIAL":"Estadual"}},{"type":"Feature","id":8047,"geometry":{"type":"LineString","coordinates":[[-38.17848522371338,-6.1638491727984199],[-38.178528223897665,-6.1637551630676271],[-38.178984221543821,-6.163215164245786],[-38.179244233533829,-6.1628161647315656],[-38.179275225970173,-6.1626811594053441],[-38.17939322961314,-6.1623741641337411],[-38.179671232540606,-6.1619941645963952],[-38.179935233023862,-6.1616841637905226],[-38.18071023818618,-6.1607541532789671]]},"properties":{"OBJECTID":8047,"NORIOCOMP":"Rio Apodi","COCURSODAG":"754","COBACIA":"7549173","DEDOMINIAL":"Estadual"}},{"type":"Feature","id":8048,"geometry":{"type":"LineString","coordinates":[[-38.167534159373183,-6.1934103650926708],[-38.167404165069406,-6.1933853603424973],[-38.166953155063311,-6.1925373572097024],[-38.16682215891479,-6.1922883529215555],[-38.166488148008909,-6.1915133468598809],[-38.166342156564561,-6.1910163554169362],[-38.166285148540062,-6.1906953469092114],[-38.16624114741029,-6.1903743437973962],[-38.166242147456387,-6.1900523415388076],[-38.166287152229529,-6.1897313384269932],[-38.166316156264884,-6.189409336168409],[-38.166331146164737,-6.1890883384525699],[-38.166171153175412,-6.188839335063804],[-38.166083147318659,-6.188693338223481],[-38.165822145175127,-6.1885023357107505],[-38.165690145383167,-6.1884003337049487],[-38.165113139459102,-6.1880923275954061],[-38.164262134389276,-6.1871123300665687],[-38.164116132153026,-6.186937324694342],[-38.163477130564388,-6.1869363246482525],[-38.16328412975804,-6.1869063268620916],[-38.162124123928436,-6.1865103265869026],[-38.161942119132732,-6.1863923229439424],[-38.161779121508516,-6.1864513247654482]]},"properties":{"OBJECTID":8048,"NORIOCOMP":"Rio Apodi","COCURSODAG":"75494","COBACIA":"754941111","DEDOMINIAL":"Estadual"}},{"type":"Feature","id":8082,"geometry":{"type":"LineString","coordinates":[[-37.878660875398346,-5.8156671836022236],[-37.878586876482416,-5.815738181480465],[-37.877449867216853,-5.8163621823773397],[-37.875445851244308,-5.8171041914138284],[-37.873930841634319,-5.8180221959760665]]},"properties":{"OBJECTID":8082,"NORIOCOMP":"Rio Apodi","COCURSODAG":"754","COBACIA":"7547555","DEDOMINIAL":"Estadual"}},{"type":"Feature","id":8083,"geometry":{"type":"LineString","coordinates":[[-38.140416989851474,-6.23151461410328],[-38.140454986207892,-6.2314056135733793],[-38.140807990795395,-6.2299816036633011],[-38.140880995061138,-6.2297036070310163],[-38.140619987521688,-6.2289655972797107],[-38.14051998380944,-6.2275125950254955],[-38.140592982679266,-6.2274025899528382],[-38.140767993447412,-6.2272355867482068],[-38.141045990978967,-6.2270305880864827],[-38.141279993676051,-6.2269585784709216],[-38.141440992107334,-6.2268705888019316],[-38.141761995219156,-6.2268425794168083],[-38.142403996046831,-6.2267265803627012],[-38.142724999158638,-6.2266245774575726],[-38.143047001417251,-6.2264645844683146],[-38.143311013591649,-6.2262895781967744],[-38.143413010201527,-6.2262305754759995],[-38.143749009508433,-6.2258155743246224],[-38.143863008470305,-6.2254575749024932],[-38.143963004987938,-6.2249955742816967],[-38.143933012597699,-6.2247595723917435],[-38.143745009323993,-6.2244455624081692],[-38.14335300113936,-6.2241005653841768],[-38.143120004783661,-6.2239655663531899]]},"properties":{"OBJECTID":8083,"NORIOCOMP":"Rio Apodi","COCURSODAG":"754","COBACIA":"7549913","DEDOMINIAL":"Estadual"}},{"type":"Feature","id":8084,"geometry":{"type":"LineString","coordinates":[[-38.254272856106695,-6.3108230329492088],[-38.254412849072992,-6.3104860290995566],[-38.254501849579924,-6.3103450306912485],[-38.254552852831132,-6.3102280315909836],[-38.254611849256719,-6.3101040240740405],[-38.25466285340724,-6.3099790273028917],[-38.254655849487115,-6.3097090283416097],[-38.254612849302816,-6.3095340274660376],[-38.254517854814424,-6.3093730236387842],[-38.254429849856933,-6.3092410292427461],[-38.254299848358585,-6.30907302239474],[-38.253955845984763,-6.3088120202512172]]},"properties":{"OBJECTID":8084,"NORIOCOMP":"Rio Apodi","COCURSODAG":"75494","COBACIA":"754945151","DEDOMINIAL":"Estadual"}},{"type":"Feature","id":8085,"geometry":{"type":"LineString","coordinates":[[-38.335424500239753,-6.4202866489986992],[-38.334883496875136,-6.4201706571391988],[-38.334503497337778,-6.4200826512823905],[-38.334270488391603,-6.4200376573011448],[-38.333686483943325,-6.4198916550648999],[-38.333394484866858,-6.4198606518366717],[-38.333102480394423,-6.4198466556876816],[-38.332810485814555,-6.4198026500613148],[-38.332623478090284,-6.419764654604224],[-38.331813468615962,-6.4195526529216904],[-38.330685466960013,-6.4192446468120945]]},"properties":{"OBJECTID":8085,"NORIOCOMP":"Rio Apodi","COCURSODAG":"75494","COBACIA":"75494953","DEDOMINIAL":"Estadual"}},{"type":"Feature","id":8086,"geometry":{"type":"LineString","coordinates":[[-37.748360847074707,-5.6474011986204387],[-37.748329848343076,-5.647193195323716],[-37.745612824671355,-5.6430571727644425],[-37.743457807131335,-5.640189153820625],[-37.742721801069536,-5.6386861420660708],[-37.742626801185168,-5.6373891398112779],[-37.743151808308539,-5.6364461304988733],[-37.744131808535371,-5.6354341234004677],[-37.744179812547543,-5.6352651272981991]]},"properties":{"OBJECTID":8086,"NORIOCOMP":"Rio Apodi","COCURSODAG":"754","COBACIA":"754599","DEDOMINIAL":"Estadual"}},{"type":"Feature","id":7831,"geometry":{"type":"LineString","coordinates":[[-38.147423038641591,-6.2396026543339378],[-38.147360048326838,-6.239521657793178],[-38.146822037905956,-6.2391216573335369],[-38.146531032580356,-6.2388726539447177],[-38.145947034427365,-6.2383466521711819],[-38.145656029101701,-6.2381406489667128],[-38.145379026220326,-6.2378926492213251],[-38.145116024883919,-6.2376876460629447],[-38.144592027699161,-6.2370076398856309],[-38.143937012782146,-6.2359476332716532],[-38.142997008104714,-6.2350546244663914],[-38.141486991530712,-6.2346136311092195],[-38.141083997227952,-6.2343976292422374]]},"properties":{"OBJECTID":7831,"NORIOCOMP":"Rio Apodi","COCURSODAG":"754","COBACIA":"7549917","DEDOMINIAL":"Estadual"}},{"type":"Feature","id":7832,"geometry":{"type":"LineString","coordinates":[[-37.824586476284082,-5.8067491536593856],[-37.824252477069422,-5.8060421489348917],[-37.822858468542734,-5.8047801437975464],[-37.822168462803567,-5.8041661424624396]]},"properties":{"OBJECTID":7832,"NORIOCOMP":"Rio Apodi","COCURSODAG":"754","COBACIA":"75473791","DEDOMINIAL":"Estadual"}},{"type":"Feature","id":7833,"geometry":{"type":"LineString","coordinates":[[-38.091487474566577,-5.9546679233900548],[-38.091318472169007,-5.9545849276563629],[-38.090318471919204,-5.9536109223103404]]},"properties":{"OBJECTID":7833,"NORIOCOMP":"Rio Apodi","COCURSODAG":"754","COBACIA":"75477755","DEDOMINIAL":"Estadual"}},{"type":"Feature","id":7834,"geometry":{"type":"LineString","coordinates":[[-38.174650287879729,-6.3242981669190259],[-38.17461529076229,-6.3241901664352289],[-38.174513287857224,-6.3239851578809256],[-38.174440290786038,-6.3238971628159524],[-38.174324291731921,-6.3236491585739696],[-38.174177283154336,-6.3233571585981858],[-38.174076286590605,-6.3230651604209998],[-38.174007287005963,-6.3228811573317421],[-38.173976288274325,-6.3226791516137553],[-38.173944291295236,-6.3224121518914904]]},"properties":{"OBJECTID":7834,"NORIOCOMP":"Rio Apodi","COCURSODAG":"754","COBACIA":"75499393","DEDOMINIAL":"Estadual"}},{"type":"Feature","id":7835,"geometry":{"type":"LineString","coordinates":[[-37.284729260746019,-5.1538183066995193],[-37.284745251591346,-5.1534543034034161],[-37.284625253252102,-5.1529833104614458],[-37.28436925583577,-5.152344298980255],[-37.283992249242146,-5.151645296423351],[-37.283797247444276,-5.1511732926434508],[-37.283420241750036,-5.1504892862816334],[-37.283165244379802,-5.1496382767152387],[-37.282895243619862,-5.1484522741832839],[-37.282746242144633,-5.1474042699213438],[-37.282703241960292,-5.1467202635595317],[-37.282644239239517,-5.1461282569437881]]},"properties":{"OBJECTID":7835,"NORIOCOMP":"Rio Apodi","COCURSODAG":"754","COBACIA":"754375","DEDOMINIAL":"Estadual"}},{"type":"Feature","id":8087,"geometry":{"type":"LineString","coordinates":[[-38.180141146296137,-6.01391724368799],[-38.178718140029382,-6.0134912411300361],[-38.177903133022426,-6.0133322409923142],[-38.177299133947145,-6.0133052433445062],[-38.176827118476012,-6.0133312427448606],[-38.175499117489551,-6.0136832436889245],[-38.174683115832408,-6.0141552537641214],[-38.174289107555531,-6.0144702476059786],[-38.174104104420167,-6.0146802509949024],[-38.17395910762599,-6.0147722552375127],[-38.173546104768207,-6.0148542572203478]]},"properties":{"OBJECTID":8087,"NORIOCOMP":"Rio Apodi","COCURSODAG":"754","COBACIA":"75477975","DEDOMINIAL":"Estadual"}},{"type":"Feature","id":8088,"geometry":{"type":"LineString","coordinates":[[-38.253677854748446,-6.3182800854499384],[-38.253483851198041,-6.3171650700043394],[-38.253455853504079,-6.3169170657623566],[-38.252843850462568,-6.316390071137282],[-38.252594840778556,-6.3161710646353511],[-38.252362836375084,-6.3156000580886715],[-38.252245848966027,-6.3154540612483512],[-38.252143836168386,-6.3153670671289088],[-38.251939836653378,-6.3152340663914748],[-38.25173484248824,-6.315147060580828],[-38.251471830359947,-6.3150000591978017],[-38.251224831559966,-6.3148390553705473],[-38.251041827617478,-6.3146490582998993],[-38.251060833889653,-6.3144840614827515],[-38.251043837602253,-6.3143700616215162]]},"properties":{"OBJECTID":8088,"NORIOCOMP":"Rio Apodi","COCURSODAG":"75494","COBACIA":"754945155","DEDOMINIAL":"Estadual"}},{"type":"Feature","id":8089,"geometry":{"type":"LineString","coordinates":[[-38.224590610567475,-6.265404774904475],[-38.224544611144154,-6.2649027679424369],[-38.224488608561671,-6.2638917662861111],[-38.224536612573843,-6.2636567581469533],[-38.224385611006426,-6.2629117561667362],[-38.224182606141596,-6.2626447564444687],[-38.224088612598678,-6.2624097492046991],[-38.22385860199217,-6.2618117495068155]]},"properties":{"OBJECTID":8089,"NORIOCOMP":"Rio Apodi","COCURSODAG":"75494","COBACIA":"75494131","DEDOMINIAL":"Estadual"}},{"type":"Feature","id":8090,"geometry":{"type":"LineString","coordinates":[[-38.11773867609827,-5.960990950575793],[-38.117687671947749,-5.9608909540581614],[-38.116383659477549,-5.9598889447229446],[-38.115230657568077,-5.9594129425571767]]},"properties":{"OBJECTID":8090,"NORIOCOMP":"Rio Apodi","COCURSODAG":"754","COBACIA":"75477791","DEDOMINIAL":"Estadual"}},{"type":"Feature","id":8091,"geometry":{"type":"LineString","coordinates":[[-37.89395899990717,-5.8389343140751597],[-37.891636979162513,-5.8376673105058492],[-37.889511958509338,-5.8351252940050777]]},"properties":{"OBJECTID":8091,"NORIOCOMP":"Rio Apodi","COCURSODAG":"754","COBACIA":"75475757","DEDOMINIAL":"Estadual"}},{"type":"Feature","id":8092,"geometry":{"type":"LineString","coordinates":[[-38.007716854448518,-5.9126997165241102],[-38.007684855670789,-5.9121397122833166],[-38.007650853203593,-5.9115207062210775],[-38.006994849931637,-5.9103507053262794]]},"properties":{"OBJECTID":8092,"NORIOCOMP":"Rio Apodi","COCURSODAG":"754","COBACIA":"75477531","DEDOMINIAL":"Estadual"}},{"type":"Feature","id":8093,"geometry":{"type":"LineString","coordinates":[[-38.087183447857115,-5.9511999064546925],[-38.086926444998717,-5.9511769071926919],[-38.086376438521086,-5.9515089126103824],[-38.085894437877243,-5.9523759121227826],[-38.085618435042022,-5.9533089236720045],[-38.08547843667975,-5.9544419282564816],[-38.084631427297779,-5.955037935056728],[-38.083778428431003,-5.9549929356795088]]},"properties":{"OBJECTID":8093,"NORIOCOMP":"Rio Apodi","COCURSODAG":"754","COBACIA":"75477751","DEDOMINIAL":"Estadual"}},{"type":"Feature","id":8094,"geometry":{"type":"LineString","coordinates":[[-38.141083997227952,-6.2343976292422374],[-38.140974996697999,-6.2343386337160167],[-38.140582994808597,-6.2339516248626845],[-38.140407987637786,-6.2336326209437996],[-38.140261990797512,-6.2333116241272277],[-38.140189985678553,-6.232989620969315],[-38.140189991973784,-6.2326686187568843],[-38.140205992711628,-6.2323476210409954],[-38.140205992711628,-6.2321276162916028],[-38.140416989851474,-6.23151461410328]]},"properties":{"OBJECTID":8094,"NORIOCOMP":"Rio Apodi","COCURSODAG":"754","COBACIA":"7549915","DEDOMINIAL":"Estadual"}},{"type":"Feature","id":8095,"geometry":{"type":"LineString","coordinates":[[-37.591194644616401,-5.5082624084019391],[-37.590797643395781,-5.5079554023385002],[-37.589776636781608,-5.5079534040448861],[-37.588781625071192,-5.5082654094396135],[-37.587471618619588,-5.508918413472518],[-37.585689602992041,-5.50949140842022],[-37.584013594950704,-5.5101954175029766],[-37.582310575771714,-5.5107154261944258],[-37.580583568076463,-5.5107644257560917],[-37.578960551687373,-5.5107074186309113],[-37.57618753802371,-5.5100194201785291],[-37.575063529357642,-5.5097804253448386],[-37.573649515412058,-5.5097774270051421],[-37.572366508406901,-5.5101674243056689],[-37.571186493561065,-5.5108994301829899],[-37.570451493840601,-5.5116574354606787],[-37.569691489369973,-5.5120494418466564],[-37.568670478259207,-5.5121514402551801],[-37.567860474180804,-5.5119134391722939],[-37.566945468857568,-5.5113084355542812],[-37.565350456457679,-5.5106494348419544],[-37.564225453141432,-5.5104624316143509],[-37.562811440095118,-5.5107474330660278],[-37.561318429701032,-5.5113214406503701],[-37.560583424584649,-5.5118964410863098],[-37.560320424147505,-5.5126034476093899],[-37.560527428297455,-5.5134694524716119],[-37.560134426361969,-5.5141824574727414]]},"properties":{"OBJECTID":8095,"NORIOCOMP":"Rio Apodi","COCURSODAG":"754","COBACIA":"754551","DEDOMINIAL":"Estadual"}},{"type":"Feature","id":8096,"geometry":{"type":"LineString","coordinates":[[-38.260036917768787,-6.3501522701025062],[-38.260007920028727,-6.3500542673818945],[-38.259697913826926,-6.3498032692967872],[-38.259352906011088,-6.349835267175199],[-38.259054908456513,-6.3499752718326521],[-38.258934910117262,-6.3500152664826679],[-38.258751910671378,-6.3501312763286775],[-38.258518897228555,-6.3503212725000742],[-38.258298903271054,-6.3505252720150178],[-38.25810891069694,-6.3507292769258763],[-38.257903901243303,-6.3509782749187274],[-38.257757910698274,-6.3511372804524227],[-38.257479901475506,-6.3514592773150911],[-38.256807898365082,-6.3516632822259664],[-38.256486894353941,-6.3517642787896857],[-38.255698890390761,-6.3513242845793512],[-38.255406886817646,-6.3511642861941713],[-38.254954876765396,-6.3506082758425855],[-38.254736875705532,-6.3503442753593546],[-38.254137880458067,-6.3499202764908773],[-38.25374686692362,-6.3498742770675598]]},"properties":{"OBJECTID":8096,"NORIOCOMP":"Rio Apodi","COCURSODAG":"75494","COBACIA":"754945951","DEDOMINIAL":"Estadual"}},{"type":"Feature","id":8097,"geometry":{"type":"LineString","coordinates":[[-38.103022567636629,-5.9577109378135029],[-38.102308557193396,-5.9574029370998272],[-38.099148534676374,-5.9568649410681989],[-38.097361531408808,-5.9567949378401268],[-38.095369511493004,-5.9565919392705942],[-38.091487474566577,-5.9546679233900548]]},"properties":{"OBJECTID":8097,"NORIOCOMP":"Rio Apodi","COCURSODAG":"754","COBACIA":"75477757","DEDOMINIAL":"Estadual"}},{"type":"Feature","id":7961,"geometry":{"type":"LineString","coordinates":[[-37.164126319872992,-5.0181014971207976],[-37.163916317383382,-5.0175694914732851],[-37.163660314571132,-5.0169304853880643],[-37.163450316578121,-5.0162924892414633],[-37.163134311898204,-5.0157594844471225],[-37.16281730717224,-5.0153944865008429],[-37.162605309986304,-5.0151204828584994],[-37.162228303392745,-5.0146944794012427],[-37.161820299866179,-5.0142674749984986],[-37.161291303350254,-5.0139014725095219],[-37.160490287995628,-5.0135804649011098],[-37.159431279629132,-5.013213468661224],[-37.158796277325628,-5.0128924655494096],[-37.157419265086276,-5.0122964650444581],[-37.156678265988432,-5.0119144627169021],[-37.156043252893085,-5.011609455846342],[-37.15551425637711,-5.0113954594675247],[-37.154984244526531,-5.0113324529649725],[-37.154621245773107,-5.0111794584998668],[-37.154091240217838,-5.0110114561484513],[-37.152820230168743,-5.0107044500849502],[-37.151398228444748,-5.0103664515851261],[-37.150171218626099,-5.0102104533843814],[-37.149703213231994,-5.00999645160966],[-37.149173205878014,-5.0098434508492611],[-37.148477201660796,-5.0098414570522936],[-37.148219205051532,-5.0098254509185347],[-37.147735203416175,-5.0097324511264238],[-37.146841193665416,-5.0097754468141158],[-37.146524189838772,-5.0097754522100315],[-37.146206180570061,-5.0097134511495502],[-37.145933181470411,-5.0097124520027716],[-37.145615178496939,-5.0097264481517652],[-37.145085177438261,-5.0096194531099858],[-37.144252174097801,-5.0096474463072855],[-37.14319216658447,-5.0096444479675819],[-37.142511153166424,-5.0094444477377609],[-37.141982162945737,-5.009336453549194],[-37.141029150474189,-5.0091214526276291],[-37.140181140146751,-5.0088004441199008],[-37.139335134408157,-5.0083114449519757],[-37.13811012378244,-5.0077764400654372],[-37.137475121478928,-5.0074104429723203],[-37.137052120857966,-5.0069694424205879],[-37.136735110736026,-5.0066644310534212],[-37.136629114841014,-5.0064974395400004],[-37.136312116410295,-5.0061314370509686],[-37.135890109540185,-5.0057504275750038],[-37.135467104422553,-5.005324428614343],[-37.1351041056692,-5.0051104268395559],[-37.134786096400489,-5.005003430898455]]},"properties":{"OBJECTID":7961,"NORIOCOMP":"Rio Apodi","COCURSODAG":"754","COBACIA":"75431","DEDOMINIAL":"Estadual"}},{"type":"Feature","id":7962,"geometry":{"type":"LineString","coordinates":[[-38.1978294026041,-6.2398476287599092],[-38.197363408094077,-6.2394796324739801],[-38.197253407518019,-6.2394046236193876],[-38.196522396290788,-6.2388796272878677],[-38.195784396432032,-6.2383066224475803]]},"properties":{"OBJECTID":7962,"NORIOCOMP":"Rio Apodi","COCURSODAG":"75494","COBACIA":"754941139","DEDOMINIAL":"Estadual"}},{"type":"Feature","id":7963,"geometry":{"type":"LineString","coordinates":[[-38.158878985076342,-5.9942231385897768],[-38.158291981389084,-5.9933151335893724],[-38.157586978555457,-5.991833116508019],[-38.157535975304256,-5.9915201227583577],[-38.15760697318251,-5.9904401161214071],[-38.157780978508583,-5.9899761100123801]]},"properties":{"OBJECTID":7963,"NORIOCOMP":"Rio Apodi","COCURSODAG":"754","COBACIA":"75477935","DEDOMINIAL":"Estadual"}},{"type":"Feature","id":7964,"geometry":{"type":"LineString","coordinates":[[-37.46114662611518,-5.3485284643408537],[-37.460875620812487,-5.3479354531822993],[-37.460453621136935,-5.3471444508794352],[-37.460031614266825,-5.3461864471705782],[-37.459776610601352,-5.3453814433227427],[-37.459415611940187,-5.3439524295847836],[-37.459146611226402,-5.3427824232940795],[-37.458830601150574,-5.341824418685901],[-37.458273600645377,-5.3402894090529349],[-37.457912601084956,-5.3392254040531526],[-37.457536595436807,-5.3381153987306691],[-37.457115588612794,-5.3368383911029351],[-37.456905590619783,-5.3360323827124034],[-37.456680584740468,-5.3348773771133837],[-37.456576582642413,-5.3339663728740003],[-37.45642959025264,-5.3323103603590347],[-37.456417581605365,-5.3309433521782177],[-37.456527586678021,-5.3296073364337353],[-37.45648458559441,-5.3282703386295474],[-37.456486585686662,-5.3275263259035821],[-37.456595579921327,-5.3265843229325709],[-37.456748580681733,-5.3259473205368311],[-37.456811585385587,-5.3250363153980729],[-37.456812585431756,-5.3244583112265538],[-37.456450581328511,-5.3238653045646585],[-37.455966573397916,-5.3236063034126531]]},"properties":{"OBJECTID":7964,"NORIOCOMP":"Rio Apodi","COCURSODAG":"754","COBACIA":"7545171","DEDOMINIAL":"Estadual"}},{"type":"Feature","id":7965,"geometry":{"type":"LineString","coordinates":[[-38.197046329623674,-6.122902914136807],[-38.197208329000432,-6.1224699058601537],[-38.19727133460367,-6.1220939056079375],[-38.197508330244496,-6.1216869066241406],[-38.197555329713964,-6.1215769069474009],[-38.197501332619645,-6.1209888933214938],[-38.197454332250913,-6.1206128930692705],[-38.197298332251478,-6.1198598880221367],[-38.197294327570432,-6.1193048885085517],[-38.197309328262122,-6.1190408826293945],[-38.197339326947656,-6.1187778812929432],[-38.197324330752501,-6.1185148808558614],[-38.197340331490352,-6.118252884961481],[-38.197340331490352,-6.1179898791284293],[-38.197384326324887,-6.1177258732492712],[-38.197413329460858,-6.1174488757638263],[-38.197547335640309,-6.1170338746124475]]},"properties":{"OBJECTID":7965,"NORIOCOMP":"Rio Apodi","COCURSODAG":"754","COBACIA":"75491173","DEDOMINIAL":"Estadual"}},{"type":"Feature","id":7966,"geometry":{"type":"LineString","coordinates":[[-38.249065824627337,-6.3307521596763614],[-38.249200829953622,-6.3306291629974112],[-38.24944982884579,-6.3304981569563141],[-38.249939834355132,-6.3302831551354899],[-38.250907836726526,-6.3298681575813802],[-38.251158840207552,-6.329681149857179],[-38.251499843342344,-6.3288741405211786],[-38.251700842718947,-6.3278791405019499],[-38.252184848850959,-6.3272841328485399],[-38.25222884368543,-6.3271541376453762],[-38.252418845252741,-6.3268351346258171],[-38.252506852008878,-6.326543129254115],[-38.252565848434422,-6.3262511310769316],[-38.252566852977175,-6.3256661220859609],[-38.252581849172266,-6.3253741284054303],[-38.252757854590577,-6.3247611217205559]]},"properties":{"OBJECTID":7966,"NORIOCOMP":"Rio Apodi","COCURSODAG":"75494","COBACIA":"75494519","DEDOMINIAL":"Estadual"}},{"type":"Feature","id":7967,"geometry":{"type":"LineString","coordinates":[[-37.560134426361969,-5.5141824574727414],[-37.55911241520505,-5.5142794556506676],[-37.557281400915201,-5.5137764603336876],[-37.555608390314205,-5.5128544537883641],[-37.552918371484907,-5.5104614324675758],[-37.552717365813059,-5.510307437956369]]},"properties":{"OBJECTID":7967,"NORIOCOMP":"Rio Apodi","COCURSODAG":"754","COBACIA":"754539","DEDOMINIAL":"Estadual"}},{"type":"Feature","id":7968,"geometry":{"type":"LineString","coordinates":[[-37.808974354382201,-5.777944984583173],[-37.809183357725026,-5.7763999717910952],[-37.809607361090116,-5.77416295946293],[-37.809614358714953,-5.7727889491606206]]},"properties":{"OBJECTID":7968,"NORIOCOMP":"Rio Apodi","COCURSODAG":"754","COBACIA":"75473733","DEDOMINIAL":"Estadual"}},{"type":"Feature","id":7969,"geometry":{"type":"LineString","coordinates":[[-37.784001114658963,-5.6635262821257317],[-37.783521112308733,-5.6625862792469173],[-37.782858105116702,-5.6623052671878469],[-37.781637098272711,-5.6623022733447872],[-37.780169081836902,-5.6627192808836107],[-37.778878076261492,-5.6625762787857639],[-37.777554061969624,-5.6613142673531209],[-37.776614058191512,-5.6600542677038845],[-37.774870047913623,-5.6594552571680108],[-37.772881028136169,-5.6588222567554078],[-37.770792020834335,-5.6566842435966818],[-37.771040014284495,-5.6549012288224061],[-37.771706018916916,-5.6534682265912153],[-37.771534017280317,-5.6525972232970352],[-37.770453014194523,-5.6516472055679605],[-37.768999993054479,-5.6508642090299084]]},"properties":{"OBJECTID":7969,"NORIOCOMP":"Rio Apodi","COCURSODAG":"754","COBACIA":"754719","DEDOMINIAL":"Estadual"}},{"type":"Feature","id":7836,"geometry":{"type":"LineString","coordinates":[[-38.056682222106133,-5.9402008605857892],[-38.055718211825251,-5.939069849798325],[-38.054964210329274,-5.937934845121652],[-38.053250193341,-5.9367148356258372]]},"properties":{"OBJECTID":7836,"NORIOCOMP":"Rio Apodi","COCURSODAG":"754","COBACIA":"75477731","DEDOMINIAL":"Estadual"}},{"type":"Feature","id":7837,"geometry":{"type":"LineString","coordinates":[[-37.673066274288374,-5.5835888405686074],[-37.672870272444356,-5.5835608365794052],[-37.672238270279195,-5.5828508308173053],[-37.671961260203261,-5.5818618292761366],[-37.672065261401933,-5.5810948208854514],[-37.673188275417829,-5.5795928145729663],[-37.674172284822362,-5.5787708036458943],[-37.675245287539269,-5.5777798011132136],[-37.675487294202526,-5.5775567953261032],[-37.676157292724156,-5.5768977937145054],[-37.677043294012094,-5.575307781545221],[-37.677054296317976,-5.5747257825851779]]},"properties":{"OBJECTID":7837,"NORIOCOMP":"Rio Apodi","COCURSODAG":"754","COBACIA":"754571","DEDOMINIAL":"Estadual"}},{"type":"Feature","id":7838,"geometry":{"type":"LineString","coordinates":[[-38.19479828711053,-6.06576455628971],[-38.194630283859794,-6.0656695573047248],[-38.194514280309022,-6.0656115600259666],[-38.19400228008044,-6.0645995484309632],[-38.193950281279747,-6.0638365393254015],[-38.19397727353163,-6.0633905412410227],[-38.194137278212054,-6.0631535438015742],[-38.193449268967868,-6.0584225144881554]]},"properties":{"OBJECTID":7838,"NORIOCOMP":"Rio Apodi","COCURSODAG":"754","COBACIA":"75491133","DEDOMINIAL":"Estadual"}},{"type":"Feature","id":7839,"geometry":{"type":"LineString","coordinates":[[-37.987449696845317,-5.8864415614352064],[-37.987267692049613,-5.8861025574933032],[-37.98721869248795,-5.8859505630742968],[-37.987146693664215,-5.88582155622613],[-37.987003690667059,-5.8855615604239961],[-37.986781690322005,-5.8852825529537833],[-37.986349686588028,-5.8849585506029385],[-37.985930685252185,-5.8846065496588746]]},"properties":{"OBJECTID":7839,"NORIOCOMP":"Rio Apodi","COCURSODAG":"754","COBACIA":"7547737","DEDOMINIAL":"Estadual"}},{"type":"Feature","id":7840,"geometry":{"type":"LineString","coordinates":[[-37.782781112357718,-5.6722063343680471],[-37.783606112631269,-5.671792332363446]]},"properties":{"OBJECTID":7840,"NORIOCOMP":"Rio Apodi","COCURSODAG":"754","COBACIA":"7547313","DEDOMINIAL":"Estadual"}},{"type":"Feature","id":7841,"geometry":{"type":"LineString","coordinates":[[-38.251189824550011,-6.3057179980799045],[-38.25103382904723,-6.305434002969613],[-38.25073582519741,-6.305166992455522],[-38.250639821669665,-6.3051239976671472],[-38.250581818994981,-6.3049770007807231],[-38.250479822385152,-6.3048900003659858],[-38.250289815421922,-6.3046410023731418],[-38.250114824438867,-6.3043339963097011],[-38.249925822018334,-6.3040129931978894],[-38.249721811711481,-6.3036899854972273],[-38.249561812426975,-6.3033319815785065],[-38.24953781311882,-6.3031669892579627]]},"properties":{"OBJECTID":7841,"NORIOCOMP":"Rio Apodi","COCURSODAG":"75494","COBACIA":"7549437","DEDOMINIAL":"Estadual"}},{"type":"Feature","id":7842,"geometry":{"type":"LineString","coordinates":[[-38.031069027512842,-5.9238747732073005],[-38.028781015530683,-5.923353766268403],[-38.023564973743817,-5.9231367733485198],[-38.022431968259987,-5.9229837734874407],[-38.021760963397014,-5.9230667755163626]]},"properties":{"OBJECTID":7842,"NORIOCOMP":"Rio Apodi","COCURSODAG":"754","COBACIA":"75477553","DEDOMINIAL":"Estadual"}},{"type":"Feature","id":7843,"geometry":{"type":"LineString","coordinates":[[-38.249209797993046,-6.2903649115047369],[-38.249303807723841,-6.290287908853192],[-38.248512799125656,-6.2895269052357428],[-38.248277802677713,-6.2891819037151588],[-38.247885794493072,-6.2885698961770684],[-38.247379787346567,-6.2878658951882613],[-38.247131782205265,-6.2874848902088365],[-38.246840787671481,-6.2871778958365496],[-38.24662178746479,-6.2868558989739407],[-38.246417782553863,-6.2865638882062722],[-38.246228779234059,-6.2862708845870605],[-38.246009783523967,-6.2859418838043126],[-38.245354780298157,-6.2846918819182633],[-38.245252777393034,-6.2845018785523106],[-38.245136772942999,-6.283406870324292],[-38.24512277049871,-6.2832168678576661],[-38.244525768148947,-6.2823828653704537],[-38.244380766858171,-6.282192863803135],[-38.244336765728406,-6.2816808536820012],[-38.244221760425155,-6.2812138600251615],[-38.24411976381532,-6.2809208546073085],[-38.243929755952706,-6.280628851034197],[-38.243856757982257,-6.2805268544243722],[-38.243623759827926,-6.2804098454315795],[-38.243346750651256,-6.280349855255194],[-38.243215750905449,-6.280349855255194],[-38.243025753834729,-6.2804228532256925],[-38.24270375067681,-6.280583851656977],[-38.242382748464308,-6.2807578578824224],[-38.242061749849135,-6.2808748515867077],[-38.241739747590543,-6.2809178571669149],[-38.241607741503344,-6.280946855806298],[-38.240776737355816,-6.2803468569154806],[-38.240557737149118,-6.2801848584380489],[-38.240530732306688,-6.2790318475353608],[-38.240567733113657,-6.2787568447461855],[-38.24041172771831,-6.278427843963442],[-38.240034726520662,-6.2781448435033971],[-38.239658732563726,-6.2780738393298492],[-38.238800719077176,-6.2782298393292786],[-38.238345716081199,-6.2783698430874049],[-38.237918711678454,-6.27839984716885],[-38.237683714331183,-6.2783988471227614],[-38.237556712971184,-6.2783688385447158]]},"properties":{"OBJECTID":7843,"NORIOCOMP":"Rio Apodi","COCURSODAG":"75494","COBACIA":"7549419","DEDOMINIAL":"Estadual"}},{"type":"Feature","id":7844,"geometry":{"type":"LineString","coordinates":[[-38.235969700940188,-6.2725888112184895],[-38.23602070329207,-6.2723058098590645],[-38.235926699856577,-6.2721548028956766],[-38.235781696767162,-6.2720268023888446],[-38.235598692824681,-6.2718658030581889],[-38.235431690519363,-6.2717198017213232],[-38.235290697506969,-6.2715878019293658],[-38.235054689321714,-6.2714268025987119]]},"properties":{"OBJECTID":7844,"NORIOCOMP":"Rio Apodi","COCURSODAG":"75494","COBACIA":"75494171","DEDOMINIAL":"Estadual"}},{"type":"Feature","id":7845,"geometry":{"type":"LineString","coordinates":[[-37.767169030925288,-5.7394097615623103],[-37.766475026800322,-5.7393437630152793]]},"properties":{"OBJECTID":7845,"NORIOCOMP":"Rio Apodi","COCURSODAG":"754","COBACIA":"7547339","DEDOMINIAL":"Estadual"}},{"type":"Feature","id":7846,"geometry":{"type":"LineString","coordinates":[[-38.346573580905272,-6.4263466838412349],[-38.345913578348245,-6.4263226899290533],[-38.343322558688385,-6.4256956825985396],[-38.341608547995349,-6.4259156837507012]]},"properties":{"OBJECTID":7846,"NORIOCOMP":"Rio Apodi","COCURSODAG":"75494","COBACIA":"7549497","DEDOMINIAL":"Estadual"}},{"type":"Feature","id":7847,"geometry":{"type":"LineString","coordinates":[[-38.162887125839461,-6.1825092967633788],[-38.163336124062141,-6.1816692948987839],[-38.164009128118039,-6.1807792853325543],[-38.164959139551911,-6.1796922792720759],[-38.165383139319658,-6.1792842703496111],[-38.165675137496862,-6.1789782805200799],[-38.166041146281145,-6.1785982746874906],[-38.166289146026543,-6.1782922686701429],[-38.166655148515531,-6.1778832650975],[-38.166992147868598,-6.1774602662751281],[-38.167211148075296,-6.177213260280654],[-38.167584154484416,-6.1765412571701992],[-38.168483157271169,-6.1756432544295716],[-38.169222160773359,-6.1748932468228306],[-38.170296169831666,-6.1738282354817047],[-38.170399171883567,-6.1736232422158484],[-38.170457168262942,-6.1734192328083877],[-38.17065517469581,-6.1732512412488143]]},"properties":{"OBJECTID":7847,"NORIOCOMP":"Rio Apodi","COCURSODAG":"754","COBACIA":"754919","DEDOMINIAL":"Estadual"}},{"type":"Feature","id":7880,"geometry":{"type":"LineString","coordinates":[[-37.729134693410629,-5.616182012604809],[-37.728118685228431,-5.6150110071673227],[-37.725468668243714,-5.6135360003012789],[-37.722538644641986,-5.6124809939179041],[-37.719086616753195,-5.6108989812181829],[-37.716853607307371,-5.6102649861554008],[-37.715318596775091,-5.610156986570872],[-37.713921578217537,-5.6102579840339697],[-37.712804579766782,-5.6106409891055833],[-37.711653567157668,-5.6102879881153669],[-37.7084165356938,-5.607662970484987],[-37.705830519861877,-5.605269954560109],[-37.70376450103015,-5.6041119515207516],[-37.702089492135599,-5.6040289521897835],[-37.700334485847122,-5.6046809561765896],[-37.698814471509934,-5.6053599533145562],[-37.697139457219414,-5.6049359544461419],[-37.695492450515417,-5.6039619499993814],[-37.693294427395195,-5.6035379466343667],[-37.689079395796746,-5.6035539545667739],[-37.686094375953928,-5.6040199562713955],[-37.685122368901489,-5.6040299594305036],[-37.685032368348409,-5.6039829554644234]]},"properties":{"OBJECTID":7880,"NORIOCOMP":"Rio Apodi","COCURSODAG":"754","COBACIA":"754593","DEDOMINIAL":"Estadual"}},{"type":"Feature","id":7881,"geometry":{"type":"LineString","coordinates":[[-37.83360155206924,-5.8149352020065788],[-37.830478530359137,-5.8123961910400741],[-37.829222515605863,-5.8119741859686149],[-37.829063511870856,-5.8118761823486231]]},"properties":{"OBJECTID":7881,"NORIOCOMP":"Rio Apodi","COCURSODAG":"754","COBACIA":"7547393","DEDOMINIAL":"Estadual"}},{"type":"Feature","id":7882,"geometry":{"type":"LineString","coordinates":[[-38.14822603700128,-6.2104914711003421],[-38.14832803990641,-6.2102134789647172],[-38.148475035893448,-6.2099644746766272],[-38.148709038590546,-6.2096154729715369],[-38.149594038933003,-6.2089034626205768],[-38.149735048133209,-6.208840461513935],[-38.15069804667678,-6.2084274649514635],[-38.150974055807296,-6.2084054648362477],[-38.151778054213082,-6.207442454601547],[-38.151909054858265,-6.2072834562624086],[-38.151882055411761,-6.2061284515627628],[-38.15183806057729,-6.2059384490961271],[-38.151839060623388,-6.2057774443695584],[-38.151776058617486,-6.2051484414433888]]},"properties":{"OBJECTID":7882,"NORIOCOMP":"Rio Apodi","COCURSODAG":"754","COBACIA":"754975","DEDOMINIAL":"Estadual"}},{"type":"Feature","id":7883,"geometry":{"type":"LineString","coordinates":[[-38.16783223516876,-6.3146671094919471],[-38.167623231825928,-6.3137631028774059],[-38.167579236092138,-6.3135730959141787],[-38.16737622583139,-6.3130030993061128],[-38.167304226108399,-6.3125640925513915],[-38.167260232173248,-6.3122720934748822],[-38.167217226592982,-6.3119800890024482],[-38.167174230905289,-6.3116870898798387],[-38.167160228461057,-6.3113950917026971],[-38.167116228230611,-6.3111030863309496],[-38.167131224425709,-6.310811082757839],[-38.167146232312,-6.3105190890772977],[-38.167176229198894,-6.3103580789548035],[-38.167250233510742,-6.309614077020675],[-38.167265229705833,-6.3094240799499639],[-38.167465228137019,-6.3087730715127099]]},"properties":{"OBJECTID":7883,"NORIOCOMP":"Rio Apodi","COCURSODAG":"754","COBACIA":"75499377","DEDOMINIAL":"Estadual"}},{"type":"Feature","id":7884,"geometry":{"type":"LineString","coordinates":[[-38.123971713523019,-5.9590749395607432],[-38.123009709629628,-5.9593399400900706],[-38.122320703936616,-5.9602059458516061],[-38.121494704516238,-5.9610049458254588],[-38.120463696541606,-5.9615369568688932],[-38.1196386800803,-5.9616689584594864],[-38.118609681191124,-5.9614599605126362],[-38.118189675312522,-5.9612859542871952],[-38.11773867609827,-5.960990950575793]]},"properties":{"OBJECTID":7884,"NORIOCOMP":"Rio Apodi","COCURSODAG":"754","COBACIA":"75477793","DEDOMINIAL":"Estadual"}},{"type":"Feature","id":8118,"geometry":{"type":"LineString","coordinates":[[-37.880578889203598,-5.8144471714084416],[-37.879454881436914,-5.8148741758111813],[-37.878660875398346,-5.8156671836022236]]},"properties":{"OBJECTID":8118,"NORIOCOMP":"Rio Apodi","COCURSODAG":"754","COBACIA":"7547557","DEDOMINIAL":"Estadual"}},{"type":"Feature","id":8119,"geometry":{"type":"LineString","coordinates":[[-37.859195732296484,-5.8173152029427859],[-37.858680728332217,-5.8188892080789341],[-37.857747723078205,-5.8197732155698922],[-37.854585707663546,-5.8207612305547549]]},"properties":{"OBJECTID":8119,"NORIOCOMP":"Rio Apodi","COCURSODAG":"754","COBACIA":"7547513","DEDOMINIAL":"Estadual"}},{"type":"Feature","id":8120,"geometry":{"type":"LineString","coordinates":[[-38.161779121508516,-6.1864513247654482],[-38.161840116227665,-6.186006319532618],[-38.161797111546711,-6.1857213189803124],[-38.161826113783377,-6.1853993221176466],[-38.161856117864829,-6.1852093142550917],[-38.161929116734598,-6.1850783145092318],[-38.162047114082327,-6.1847573113974788],[-38.162193117217839,-6.1844353082395767],[-38.162281123074649,-6.1841143051277605],[-38.162384118831255,-6.1837943074580206],[-38.162494118507993,-6.1834353034931429],[-38.162801124571494,-6.1826693005445357],[-38.162887125839461,-6.1825092967633788]]},"properties":{"OBJECTID":8120,"NORIOCOMP":"Rio Apodi","COCURSODAG":"754","COBACIA":"75493","DEDOMINIAL":"Estadual"}},{"type":"Feature","id":8121,"geometry":{"type":"LineString","coordinates":[[-38.378991815019504,-6.4260846681617636],[-38.378760811561456,-6.4264776647013244],[-38.378599813130108,-6.4267996615639928],[-38.378189810410674,-6.427645672698481],[-38.378101810849159,-6.427967674057748],[-38.377852806561009,-6.4287856803037116],[-38.377659805754718,-6.4290016875666174],[-38.377414799852374,-6.4291786822391952],[-38.377150799369133,-6.4294276865272764],[-38.376858800292666,-6.4296606891782044],[-38.376614799832396,-6.4298486870560376],[-38.376375798703407,-6.4299526837581178],[-38.376113802809023,-6.4300986913902234],[-38.375850791580035,-6.4302586960706982],[-38.375276790290904,-6.4305016964848649],[-38.374742784551131,-6.4307836977981374],[-38.374491781070105,-6.4310026989041509],[-38.374270786167131,-6.4312526978424707],[-38.374238788288721,-6.4315517008390017],[-38.374223787596975,-6.4319277001919],[-38.37413878637517,-6.4321697005599114],[-38.373919785269145,-6.4322427102215727],[-38.373281778330643,-6.4324697036025968],[-38.372604775888924,-6.4327087056309544],[-38.372050764730261,-6.4328687103113769],[-38.371947768074278,-6.4330147071516999],[-38.371698769182103,-6.4333217186110589],[-38.371537765354852,-6.4336427163269576],[-38.371405770958802,-6.4339637194387054],[-38.371215762196933,-6.4342847225505233],[-38.370996761990227,-6.4346357234484852],[-38.370820761068501,-6.4348397220641091],[-38.370681762752383,-6.4348987184896496],[-38.37037275659668,-6.4351917176122555],[-38.370298758580084,-6.4352627280810468],[-38.369574750373715,-6.4356327298551488],[-38.3692917499136,-6.4357417303850992],[-38.368962742835549,-6.4357257287479417],[-38.368663745234933,-6.4356467260041974]]},"properties":{"OBJECTID":8121,"NORIOCOMP":"Rio Apodi","COCURSODAG":"75494","COBACIA":"754949993","DEDOMINIAL":"Estadual"}},{"type":"Feature","id":8122,"geometry":{"type":"LineString","coordinates":[[-38.200021325622913,-6.0741286047515537],[-38.199871328598192,-6.0738736082806462],[-38.199682326177651,-6.0736546017786619],[-38.199478322166101,-6.0733176033249805],[-38.199333319076686,-6.0730546028878427],[-38.199173314396205,-6.0727916015514474],[-38.199057321637326,-6.0725285903224755],[-38.198955318732253,-6.0723375995008988],[-38.198838314236063,-6.0719285959282603],[-38.198780317856624,-6.0716955887806794],[-38.198665306258135,-6.0709505921963727],[-38.198635314767216,-6.0708185861091826],[-38.198287306813029,-6.0700875802779466],[-38.198214314238442,-6.0699415780417585],[-38.197690304463265,-6.0692245746547586],[-38.197485305801479,-6.0688155773774062],[-38.197358299045504,-6.0685195745191702],[-38.197311304072684,-6.0683915731130167],[-38.197194300475871,-6.0682815734362849],[-38.196606303037697,-6.0674975696575215],[-38.196121295960324,-6.0670575646553466],[-38.195494291327748,-6.0666335648875567],[-38.195079289277032,-6.0661235647511855],[-38.19479828711053,-6.06576455628971]]},"properties":{"OBJECTID":8122,"NORIOCOMP":"Rio Apodi","COCURSODAG":"754","COBACIA":"75491135","DEDOMINIAL":"Estadual"}},{"type":"Feature","id":8123,"geometry":{"type":"LineString","coordinates":[[-38.330685466960013,-6.4192446468120945],[-38.330511459835236,-6.4190156542381311],[-38.329768456148599,-6.4184426440019253],[-38.329011450916994,-6.4177906463104133],[-38.328650452255829,-6.4174306369035188],[-38.328368444647253,-6.4171006423699266],[-38.328227446238884,-6.4168336426476529],[-38.328151442734168,-6.4162756322038765],[-38.328042441304888,-6.4159926254485349],[-38.328025440520946,-6.4156646310071261]]},"properties":{"OBJECTID":8123,"NORIOCOMP":"Rio Apodi","COCURSODAG":"75494","COBACIA":"75494951","DEDOMINIAL":"Estadual"}},{"type":"Feature","id":8124,"geometry":{"type":"LineString","coordinates":[[-38.252757854590577,-6.3247611217205559],[-38.252924856895902,-6.3245811161177397],[-38.253238850691673,-6.3243461133745589],[-38.253768857146326,-6.3241551171570709]]},"properties":{"OBJECTID":8124,"NORIOCOMP":"Rio Apodi","COCURSODAG":"75494","COBACIA":"75494517","DEDOMINIAL":"Estadual"}},{"type":"Feature","id":8125,"geometry":{"type":"LineString","coordinates":[[-37.550779353783412,-5.5065374124901529],[-37.550916352007278,-5.5049754034107385],[-37.551258355188232,-5.5040843982950092],[-37.551996358644317,-5.5021193796244114],[-37.553518366778462,-5.5004443761258299],[-37.555421385287957,-5.4995633687732308],[-37.557751403703556,-5.4990303621803029],[-37.559112407111172,-5.4988183586991202],[-37.560511424861609,-5.4979963477720526],[-37.562472433455305,-5.4949143306508033]]},"properties":{"OBJECTID":8125,"NORIOCOMP":"Rio Apodi","COCURSODAG":"754","COBACIA":"7545373","DEDOMINIAL":"Estadual"}},{"type":"Feature","id":8126,"geometry":{"type":"LineString","coordinates":[[-38.293962176412549,-6.377413412989057],[-38.293945175628608,-6.3773134200687069],[-38.293307173186747,-6.376819417972218],[-38.292841166086191,-6.3759064073453446],[-38.2925791701918,-6.3754234066554183],[-38.292477168186004,-6.3751314030823067],[-38.292390167771259,-6.3748394031064697],[-38.292302161914506,-6.3745474040300163],[-38.292216160646547,-6.3742543941155736],[-38.292158157971869,-6.3739623959383769],[-38.292144161822876,-6.3736703968619155],[-38.292120167910696,-6.3734303902908636],[-38.292047158249034,-6.3727483894172154],[-38.291959156888829,-6.3721843858913001],[-38.291929164498583,-6.3720863831706849]]},"properties":{"OBJECTID":8126,"NORIOCOMP":"Rio Apodi","COCURSODAG":"75494","COBACIA":"7549479","DEDOMINIAL":"Estadual"}},{"type":"Feature","id":8127,"geometry":{"type":"LineString","coordinates":[[-38.143120004783661,-6.2239655663531899],[-38.14303200432277,-6.2239135576599782],[-38.142427999851577,-6.2239895602653776],[-38.141882997201833,-6.2239715594353333],[-38.141766998147716,-6.2239055608883085],[-38.141605988025162,-6.2238475690055255],[-38.141416990101277,-6.2236785612120453],[-38.141321992914925,-6.22356856153531],[-38.141096992431528,-6.2232905595071095],[-38.140978982493323,-6.223013556625741],[-38.141009992016784,-6.2227655577796721],[-38.141097992477626,-6.2225025573425912],[-38.141228992223489,-6.2222395506102135],[-38.141389996050741,-6.2219775502192363],[-38.141478990262442,-6.2218165571838187],[-38.141827998262791,-6.2216355515349546]]},"properties":{"OBJECTID":8127,"NORIOCOMP":"Rio Apodi","COCURSODAG":"754","COBACIA":"7549911","DEDOMINIAL":"Estadual"}},{"type":"Feature","id":8128,"geometry":{"type":"LineString","coordinates":[[-37.950695420156762,-5.8636474356876382],[-37.950572423477809,-5.8635134420986743]]},"properties":{"OBJECTID":8128,"NORIOCOMP":"Rio Apodi","COCURSODAG":"754","COBACIA":"75477159","DEDOMINIAL":"Estadual"}},{"type":"Feature","id":7885,"geometry":{"type":"LineString","coordinates":[[-37.781406101109958,-5.6722723356129769],[-37.782781112357718,-5.6722063343680471]]},"properties":{"OBJECTID":7885,"NORIOCOMP":"Rio Apodi","COCURSODAG":"754","COBACIA":"7547315","DEDOMINIAL":"Estadual"}},{"type":"Feature","id":7886,"geometry":{"type":"LineString","coordinates":[[-38.201008433191873,-6.2441746520332773],[-38.200825429249392,-6.2438326497517211],[-38.200591425653045,-6.2433466498228176],[-38.200153429736247,-6.2426406433457817],[-38.199861418968567,-6.2418796460236372],[-38.199565420606916,-6.2412986363178602],[-38.199457413827879,-6.241181638116962]]},"properties":{"OBJECTID":7886,"NORIOCOMP":"Rio Apodi","COCURSODAG":"75494","COBACIA":"754941153","DEDOMINIAL":"Estadual"}},{"type":"Feature","id":7887,"geometry":{"type":"LineString","coordinates":[[-38.19238325398323,-6.0423244133422394],[-38.192301252000455,-6.0416784087328583],[-38.192229253176777,-6.0412544089650684],[-38.191676245661483,-6.0400273946498588],[-38.191094241305457,-6.0390913964521395],[-38.190775241883159,-6.0379793865408704],[-38.190440236327106,-6.0372343854599082],[-38.190090230079306,-6.0368403789817293],[-38.189727225929971,-6.0364883780376655],[-38.189348226438767,-6.0361523787307663],[-38.188968220606171,-6.0358583750654011],[-38.188793219730542,-6.0357713746506718],[-38.18858922021559,-6.0356683779946918],[-38.188159217473185,-6.0356833696932348],[-38.187830221187028,-6.0356963783866036],[-38.186910212035905,-6.0359433834818166],[-38.186619207609624,-6.035738374028206],[-38.185978200532759,-6.0352993726694031],[-38.185759199426798,-6.0350503737772359],[-38.185161193433601,-6.0344073693061588],[-38.184914198230899,-6.0342313683844315],[-38.184170190001502,-6.0336893604771396],[-38.184010185321036,-6.0335433636368707],[-38.183864188480754,-6.0334263663352976],[-38.183777187166697,-6.0333673591178707],[-38.183682183685107,-6.0331853651140692],[-38.183545184561865,-6.0328553651844814],[-38.183443177160143,-6.0325633553161317],[-38.183399181426353,-6.0323013531265106],[-38.183400180573138,-6.0317743585014432],[-38.183415183063516,-6.0315123518151639],[-38.183445186245592,-6.0312493513780874],[-38.18346018154142,-6.030985349995535],[-38.183526181887032,-6.0304203419268623],[-38.183711185921766,-6.02965934370539],[-38.184081186796618,-6.0282933301747486],[-38.184213186588522,-6.0273483288640257],[-38.1842541812847,-6.0269403199415637],[-38.184240185135707,-6.0266193231249963],[-38.184168180016741,-6.0257133110222743],[-38.184183187003725,-6.02558131662623],[-38.184183187003725,-6.0252603135144804],[-38.184198184098193,-6.0249393104026669],[-38.184184186150503,-6.0246173081440757],[-38.184141180570293,-6.0242963059315873],[-38.184142179717078,-6.0239753073164355],[-38.184114181123853,-6.0236103057728148],[-38.184155182115205,-6.0225733038168157],[-38.184156186657958,-6.0218452972246146]]},"properties":{"OBJECTID":7887,"NORIOCOMP":"Rio Apodi","COCURSODAG":"754","COBACIA":"754791","DEDOMINIAL":"Estadual"}},{"type":"Feature","id":7888,"geometry":{"type":"LineString","coordinates":[[-37.889511958509338,-5.8351252940050777],[-37.888097955355583,-5.8332032818140096]]},"properties":{"OBJECTID":7888,"NORIOCOMP":"Rio Apodi","COCURSODAG":"754","COBACIA":"75475755","DEDOMINIAL":"Estadual"}},{"type":"Feature","id":7889,"geometry":{"type":"LineString","coordinates":[[-37.304244405254337,-5.1667563835298758],[-37.303880401958224,-5.1669143827221857],[-37.303561398039335,-5.1671183813378088],[-37.303243399562518,-5.1672313865488091],[-37.303004392138234,-5.1672313820522131],[-37.302766391055343,-5.1671163821448705],[-37.302415383862126,-5.1667623820079367],[-37.302098385431414,-5.1663973795650051]]},"properties":{"OBJECTID":7889,"NORIOCOMP":"Rio Apodi","COCURSODAG":"754","COBACIA":"754393","DEDOMINIAL":"Estadual"}},{"type":"Feature","id":7890,"geometry":{"type":"LineString","coordinates":[[-38.199949340289095,-6.0973207497522797],[-38.199837335124187,-6.0971757529581057],[-38.199619339460192,-6.0969257441272724],[-38.199545340544269,-6.0968157489471295],[-38.199057328831941,-6.0960337398647022],[-38.198681333975628,-6.0956407388285445],[-38.198274324199986,-6.0952797401673928],[-38.197882322310591,-6.094918742405607],[-38.197405318300071,-6.094110728526859],[-38.197359317977373,-6.0935617274913172],[-38.19729931700914,-6.0932977216121706]]},"properties":{"OBJECTID":7890,"NORIOCOMP":"Rio Apodi","COCURSODAG":"754","COBACIA":"75491155","DEDOMINIAL":"Estadual"}},{"type":"Feature","id":7891,"geometry":{"type":"LineString","coordinates":[[-38.224666614971568,-6.265760775133721],[-38.224590610567475,-6.265404774904475]]},"properties":{"OBJECTID":7891,"NORIOCOMP":"Rio Apodi","COCURSODAG":"75494","COBACIA":"75494133","DEDOMINIAL":"Estadual"}},{"type":"Feature","id":7892,"geometry":{"type":"LineString","coordinates":[[-38.17909426528734,-6.2281665694268868],[-38.178810263881815,-6.2280845683434363],[-38.178547257149432,-6.2279675701424884],[-38.178328256043415,-6.2278205624642293],[-38.17812525657461,-6.2276595640329466],[-38.177964258143277,-6.2274695624656351],[-38.177744257890424,-6.2272465674704192]]},"properties":{"OBJECTID":7892,"NORIOCOMP":"Rio Apodi","COCURSODAG":"75494","COBACIA":"754941133","DEDOMINIAL":"Estadual"}},{"type":"Feature","id":7893,"geometry":{"type":"LineString","coordinates":[[-38.176492243321604,-6.2193575193296056],[-38.175958237581881,-6.219183513104217],[-38.175536231611034,-6.2189645128975197],[-38.175023232235617,-6.2189085157109654],[-38.17453722601141,-6.2189225181552512],[-38.173978227212672,-6.2188515139817646],[-38.173664216329769,-6.21860051589666],[-38.17357121653766,-6.2181145096724713],[-38.173352215431635,-6.2173825055937852],[-38.17314821591669,-6.2170315046958118],[-38.172900210775367,-6.2166945053427618],[-38.172594215549843,-6.2162854972735193],[-38.172311207895177,-6.2158244966988123],[-38.171939200632835,-6.2154804934256811],[-38.171174202226894,-6.214880489138948],[-38.170291194782067,-6.2142734872273815],[-38.170041195843794,-6.2140704877585371]]},"properties":{"OBJECTID":7893,"NORIOCOMP":"Rio Apodi","COCURSODAG":"75494","COBACIA":"7549411173","DEDOMINIAL":"Estadual"}},{"type":"Feature","id":7894,"geometry":{"type":"LineString","coordinates":[[-38.167465228137019,-6.3087730715127099],[-38.167544230880821,-6.3085180687465652],[-38.16761722885127,-6.3082560674562087],[-38.167808231364063,-6.307532065545101],[-38.168000226728346,-6.3062550525213963],[-38.168015234614643,-6.305846054344669],[-38.168030230809734,-6.3055540561675327],[-38.168090231778024,-6.3049690525724902],[-38.168134225713231,-6.3046770481000625],[-38.168192232884508,-6.3043850436276765],[-38.168208234521671,-6.3040930391552461],[-38.16823822691191,-6.3038010400787359],[-38.168253233898895,-6.3035020370822004],[-38.168224235259515,-6.3027120357246975],[-38.168160223314885,-6.3017260325232938],[-38.168038231178684,-6.300842026830983],[-38.167901231156179,-6.299916014705234]]},"properties":{"OBJECTID":7894,"NORIOCOMP":"Rio Apodi","COCURSODAG":"754","COBACIA":"75499375","DEDOMINIAL":"Estadual"}},{"type":"Feature","id":7895,"geometry":{"type":"LineString","coordinates":[[-38.006994849931637,-5.9103507053262794],[-38.006075845323274,-5.9087166938259159],[-38.005125836587354,-5.9072616815869283]]},"properties":{"OBJECTID":7895,"NORIOCOMP":"Rio Apodi","COCURSODAG":"754","COBACIA":"75477517","DEDOMINIAL":"Estadual"}},{"type":"Feature","id":7926,"geometry":{"type":"LineString","coordinates":[[-37.134786096400489,-5.005003430898455],[-37.134575099260708,-5.0046844224829758],[-37.134258100829925,-5.004364419417259],[-37.13388009419026,-5.0040444163516007],[-37.133639088472421,-5.0037244195811841],[-37.133074084001009,-5.0031264135880136],[-37.132404084580116,-5.0022604087257836],[-37.132056082021847,-5.0016114048773836],[-37.131680080870304,-5.0010434029656672],[-37.131521070839995,-5.0006373932360715],[-37.131456081332317,-5.0003723990019795],[-37.131106067889959,-4.9989753885383994],[-37.130096059085133,-4.9976573853151729],[-37.129027058351312,-4.9961583674498211],[-37.128913057590808,-4.9941853556048894],[-37.128862047144992,-4.9913143419186534],[-37.129345054130226,-4.9889233233880166],[-37.130662062703266,-4.9874913095117055],[-37.131693071577274,-4.9870813112888852],[-37.132453076047852,-4.9867783099064855],[-37.13348708506021,-4.9867023108983748]]},"properties":{"OBJECTID":7926,"NORIOCOMP":"Rio Apodi","COCURSODAG":"754","COBACIA":"75413","DEDOMINIAL":"Estadual"}},{"type":"Feature","id":7927,"geometry":{"type":"LineString","coordinates":[[-38.184156186657958,-6.0218452972246146],[-38.184156180362727,-6.0217052934664297],[-38.184552182436505,-6.0208652817093196],[-38.184698182874115,-6.0194602735747518],[-38.184805183311823,-6.0186462720098319]]},"properties":{"OBJECTID":7927,"NORIOCOMP":"Rio Apodi","COCURSODAG":"754","COBACIA":"7547799","DEDOMINIAL":"Estadual"}},{"type":"Feature","id":7928,"geometry":{"type":"LineString","coordinates":[[-38.197346312881287,-6.0872526874613815],[-38.1974603163398,-6.0860246847912327],[-38.197534315255723,-6.0856156812185827],[-38.197593311681267,-6.0853536745323078],[-38.197666315047684,-6.0850896794449962],[-38.198017309650368,-6.0843016655892628],[-38.198178319772914,-6.084038671447427],[-38.198324322009114,-6.0837616622708222],[-38.198661320462804,-6.0835286596198426],[-38.199829328459998,-6.0829016549873396],[-38.200063331157075,-6.0827706597380855],[-38.20069133493643,-6.0821136528227671],[-38.201578340767078,-6.0814876536322906]]},"properties":{"OBJECTID":7928,"NORIOCOMP":"Rio Apodi","COCURSODAG":"754","COBACIA":"75491139","DEDOMINIAL":"Estadual"}},{"type":"Feature","id":7929,"geometry":{"type":"LineString","coordinates":[[-38.269979994980019,-6.3588293159112368],[-38.26991098999946,-6.3586053172726391],[-38.269677991845128,-6.3577583069913812],[-38.269458990739111,-6.3574363047327909],[-38.269094987442998,-6.3568813106151154],[-38.268992979141963,-6.3568513065336631],[-38.268720980088403,-6.3567673062572778],[-38.268205981520111,-6.356306304783252],[-38.26807497547901,-6.3560193050380267],[-38.267945979422677,-6.3557322998968786],[-38.267661978017145,-6.3550162965560251]]},"properties":{"OBJECTID":7929,"NORIOCOMP":"Rio Apodi","COCURSODAG":"75494","COBACIA":"75494599","DEDOMINIAL":"Estadual"}},{"type":"Feature","id":7930,"geometry":{"type":"LineString","coordinates":[[-38.166497207779173,-6.2874069414705458],[-38.166376204897176,-6.286923935384646],[-38.166424208909355,-6.2865479351324902],[-38.166541207110299,-6.2857719353199473],[-38.166808206832521,-6.2853649318395588],[-38.166940212020457,-6.2847779227563407],[-38.166815209853318,-6.2844639235646635],[-38.166580213405382,-6.2841659215134955],[-38.166486203674594,-6.2838829192548022],[-38.166470211930005,-6.2836659245362805],[-38.166497211376445,-6.283567921815612]]},"properties":{"OBJECTID":7930,"NORIOCOMP":"Rio Apodi","COCURSODAG":"754","COBACIA":"75499353","DEDOMINIAL":"Estadual"}},{"type":"Feature","id":7931,"geometry":{"type":"LineString","coordinates":[[-37.791977219872081,-5.7624848966709257],[-37.789104197100293,-5.7605498829810466],[-37.786965186593363,-5.7597058800326897],[-37.785011169329259,-5.7589558796205527],[-37.782967156008681,-5.7570398614109477],[-37.77938512212495,-5.7556838591332902]]},"properties":{"OBJECTID":7931,"NORIOCOMP":"Rio Apodi","COCURSODAG":"754","COBACIA":"7547357","DEDOMINIAL":"Estadual"}},{"type":"Feature","id":7932,"geometry":{"type":"LineString","coordinates":[[-38.204882463454169,-6.2491806778405774],[-38.204710461817633,-6.2490096816460525],[-38.204303457437845,-6.2486326831464334],[-38.203477447225673,-6.2480586764613513],[-38.203305450985056,-6.2479646730258613],[-38.202292442041824,-6.2471246675640009],[-38.201916440890272,-6.2464346735160117],[-38.201573438562598,-6.2457946628880485]]},"properties":{"OBJECTID":7932,"NORIOCOMP":"Rio Apodi","COCURSODAG":"75494","COBACIA":"7549411553","DEDOMINIAL":"Estadual"}},{"type":"Feature","id":7933,"geometry":{"type":"LineString","coordinates":[[-38.187292330376003,-6.231437578176843],[-38.186876321983902,-6.2310085799771517],[-38.186820320300789,-6.2309015786401227],[-38.186732319839962,-6.2308435768647712],[-38.186630317834158,-6.2307545826530264],[-38.18639731967982,-6.2305355824463264],[-38.186192314722803,-6.2303455799796952],[-38.185988316107171,-6.2301845761524453],[-38.185755313456184,-6.2300375747694785],[-38.185521310759157,-6.2299205756692055],[-38.185244307877781,-6.2297895705274327],[-38.184967304996405,-6.229730574101902],[-38.184675310416488,-6.2297295803510364],[-38.184347303384591,-6.2297075739405807],[-38.183675299374841,-6.2297285749090223],[-38.182289289418406,-6.2298285777218894],[-38.181552285109149,-6.2294615760860816],[-38.180473271323649,-6.2286565677416519],[-38.180297275797898,-6.228554571131764],[-38.18012226952635,-6.2285395758359927],[-38.179991268881224,-6.2284585730000011],[-38.17984527204095,-6.2284075697488017],[-38.179743270035146,-6.2283775719626435],[-38.179451270958623,-6.2283045685962248],[-38.179233263603464,-6.2282065649762322],[-38.17909426528734,-6.2281665694268868]]},"properties":{"OBJECTID":7933,"NORIOCOMP":"Rio Apodi","COCURSODAG":"75494","COBACIA":"754941135","DEDOMINIAL":"Estadual"}},{"type":"Feature","id":7934,"geometry":{"type":"LineString","coordinates":[[-38.291929164498583,-6.3720863831706849],[-38.291830155436571,-6.3717603924188024],[-38.291569158688958,-6.3703733680272006],[-38.291686157789229,-6.3698633687901491],[-38.29173315096341,-6.3695973745099046],[-38.291812159103131,-6.3692993652642329],[-38.29185915767323,-6.368673361577093],[-38.291844160578819,-6.36849736605134],[-38.291727151586031,-6.3683513647144778],[-38.291494154331019,-6.3680733617869585],[-38.291261156176688,-6.3677373633793737],[-38.291214145915376,-6.3674903582841669]]},"properties":{"OBJECTID":7934,"NORIOCOMP":"Rio Apodi","COCURSODAG":"75494","COBACIA":"7549477","DEDOMINIAL":"Estadual"}},{"type":"Feature","id":7935,"geometry":{"type":"LineString","coordinates":[[-37.757998925509241,-5.6532192348936068],[-37.757847919445169,-5.6531242260160459],[-37.757570915664473,-5.6518302167049912],[-37.756315910849878,-5.650988212050251],[-37.754362893631885,-5.6503892186014513],[-37.750660863207543,-5.6507662206984053],[-37.749474858876908,-5.6507632223587514],[-37.748674851662315,-5.6492232088979026],[-37.748360847074707,-5.6474011986204387]]},"properties":{"OBJECTID":7935,"NORIOCOMP":"Rio Apodi","COCURSODAG":"754","COBACIA":"754711","DEDOMINIAL":"Estadual"}},{"type":"Feature","id":8001,"geometry":{"type":"LineString","coordinates":[[-37.800640284820531,-5.7649449084909623],[-37.800544286688762,-5.7649089068307733],[-37.798266272469732,-5.7650929117187291],[-37.792080221923982,-5.7625619002217912],[-37.791977219872081,-5.7624848966709257]]},"properties":{"OBJECTID":8001,"NORIOCOMP":"Rio Apodi","COCURSODAG":"754","COBACIA":"75473591","DEDOMINIAL":"Estadual"}},{"type":"Feature","id":8002,"geometry":{"type":"LineString","coordinates":[[-38.156812124479245,-6.2558917570932691],[-38.156812124479245,-6.2557897487922336],[-38.156789118921949,-6.2556847475474573]]},"properties":{"OBJECTID":8002,"NORIOCOMP":"Rio Apodi","COCURSODAG":"754","COBACIA":"75499315","DEDOMINIAL":"Estadual"}},{"type":"Feature","id":8003,"geometry":{"type":"LineString","coordinates":[[-38.171004248346662,-6.296752994747929],[-38.170802243527994,-6.2961259910147467],[-38.170645243482454,-6.2956859905091145],[-38.170395232852968,-6.2947919870536735],[-38.170165245628823,-6.2941619831820885],[-38.170049241178788,-6.2938689795628768],[-38.169918239634292,-6.2935769750904971],[-38.169890236544454,-6.2932849760139842],[-38.169905237236158,-6.2929929715415538],[-38.169934241271449,-6.2927009724650933],[-38.170022236336422,-6.2924089742879046],[-38.170110241293855,-6.2921169689162086],[-38.170154235229006,-6.2919269727448093],[-38.170098238941819,-6.2911079610567739],[-38.170068240256342,-6.2909039624411403],[-38.169544237675666,-6.2903339550412483],[-38.169219229882799,-6.2902929549491544],[-38.168969230944526,-6.29038695928402],[-38.16863921842446,-6.290433958753435],[-38.16831022843354,-6.2903709630427782],[-38.16810622352267,-6.2902289609910387],[-38.168075226589686,-6.2896799545595297],[-38.168201222507655,-6.2893669491187092],[-38.168107218172842,-6.2892349547226685],[-38.168041223223156,-6.2891329473209439],[-38.167838218358327,-6.2889279540551488],[-38.167619217252302,-6.2887519477375031],[-38.167473220412035,-6.288649951127625],[-38.167284217092231,-6.2885189513818167],[-38.16712321866089,-6.2883859461477938],[-38.166977216424641,-6.2882549508985832],[-38.166832208838628,-6.2881379464024025],[-38.166708216610168,-6.2879769425751517],[-38.166595206003201,-6.2876549457125357],[-38.166511204827486,-6.2875089488722082],[-38.166497207779173,-6.2874069414705458]]},"properties":{"OBJECTID":8003,"NORIOCOMP":"Rio Apodi","COCURSODAG":"754","COBACIA":"75499355","DEDOMINIAL":"Estadual"}},{"type":"Feature","id":8004,"geometry":{"type":"LineString","coordinates":[[-38.301100234887208,-6.3919335043177812],[-38.300950238761743,-6.3919175035799327]]},"properties":{"OBJECTID":8004,"NORIOCOMP":"Rio Apodi","COCURSODAG":"75494","COBACIA":"75494913","DEDOMINIAL":"Estadual"}},{"type":"Feature","id":8005,"geometry":{"type":"LineString","coordinates":[[-37.809614358714953,-5.7727889491606206],[-37.808714344190889,-5.7707009347103924]]},"properties":{"OBJECTID":8005,"NORIOCOMP":"Rio Apodi","COCURSODAG":"754","COBACIA":"75473731","DEDOMINIAL":"Estadual"}},{"type":"Feature","id":8006,"geometry":{"type":"LineString","coordinates":[[-37.905387082646996,-5.8447983479730095],[-37.905330080018416,-5.8446833489649936],[-37.904626083526175,-5.8440773354083682],[-37.904439074003328,-5.843874341335435],[-37.904182076540849,-5.8436013377391962],[-37.903966075573173,-5.8433263403459996],[-37.903780071492349,-5.8430383342593775],[-37.90362206690412,-5.8428363348366759],[-37.903450069764176,-5.8426493325083912],[-37.903235068842605,-5.8424473393808816],[-37.902674064555697,-5.8421773341243499],[-37.902073053028232,-5.8420303327413876],[-37.901835057341259,-5.8419633323496276]]},"properties":{"OBJECTID":8006,"NORIOCOMP":"Rio Apodi","COCURSODAG":"754","COBACIA":"75475791","DEDOMINIAL":"Estadual"}},{"type":"Feature","id":8007,"geometry":{"type":"LineString","coordinates":[[-38.362674703773791,-6.4377697474643814],[-38.361909699971932,-6.4370787326858947],[-38.360829691536303,-6.4360697365176724],[-38.360333687548923,-6.43562973601209],[-38.360041687573073,-6.4353667355749593],[-38.359735675260474,-6.4351187313329756],[-38.359414683839873,-6.434883729489119],[-38.359093674432813,-6.4346357306430439],[-38.358757669729926,-6.4344007332958508],[-38.358465675150057,-6.4341667207061963],[-38.358188672268675,-6.4338747216297403],[-38.358072666919327,-6.4337577234288448],[-38.357723665214223,-6.4334557211932264],[-38.357660670402879,-6.4333757246985659],[-38.357064657307319,-6.4328767169755663]]},"properties":{"OBJECTID":8007,"NORIOCOMP":"Rio Apodi","COCURSODAG":"75494","COBACIA":"75494997","DEDOMINIAL":"Estadual"}},{"type":"Feature","id":8008,"geometry":{"type":"LineString","coordinates":[[-38.253955845984763,-6.3088120202512172],[-38.253817846815423,-6.3087070190063823],[-38.253759850435983,-6.3086190248407856],[-38.253131840361391,-6.3084140207830934],[-38.252810842645545,-6.3083110142345973],[-38.25199383554633,-6.3079300155504683],[-38.251701830174568,-6.3077830186640496],[-38.25115482293598,-6.3072450154377977]]},"properties":{"OBJECTID":8008,"NORIOCOMP":"Rio Apodi","COCURSODAG":"75494","COBACIA":"75494513","DEDOMINIAL":"Estadual"}},{"type":"Feature","id":8009,"geometry":{"type":"LineString","coordinates":[[-38.141827998262791,-6.2216355515349546],[-38.142266998722278,-6.2214085464627153],[-38.142485994432377,-6.2212915491611458],[-38.143406002684117,-6.2208265421066979],[-38.143914009023547,-6.2206305411620688],[-38.144542013702221,-6.2202235430775348],[-38.145176015959628,-6.219794534086005],[-38.145572022530082,-6.2193365372469316]]},"properties":{"OBJECTID":8009,"NORIOCOMP":"Rio Apodi","COCURSODAG":"754","COBACIA":"754979","DEDOMINIAL":"Estadual"}},{"type":"Feature","id":7936,"geometry":{"type":"LineString","coordinates":[[-38.185072369193733,-6.3371402348257284],[-38.184895369125229,-6.3370842376392202],[-38.184779370071112,-6.3370182327969591],[-38.184581369933539,-6.3369452393231089],[-38.18420035955819,-6.3365292327296547]]},"properties":{"OBJECTID":7936,"NORIOCOMP":"Rio Apodi","COCURSODAG":"754","COBACIA":"75499515","DEDOMINIAL":"Estadual"}},{"type":"Feature","id":7937,"geometry":{"type":"LineString","coordinates":[[-37.803736312480119,-5.7661159085325382],[-37.800640284820531,-5.7649449084909623]]},"properties":{"OBJECTID":7937,"NORIOCOMP":"Rio Apodi","COCURSODAG":"754","COBACIA":"75473593","DEDOMINIAL":"Estadual"}},{"type":"Feature","id":7938,"geometry":{"type":"LineString","coordinates":[[-37.25311299526777,-5.0825038634948081],[-37.253007993123617,-5.0820788699762076],[-37.25275199031136,-5.0814558601321798],[-37.252541987821758,-5.0808778541620283],[-37.252332988975525,-5.0799208549958745],[-37.252182987454148,-5.0790698463288013],[-37.252230986070401,-5.0783858453629067],[-37.252504983417516,-5.0776428371796953],[-37.253248991646892,-5.0770528342534256],[-37.253674990607578,-5.0764768238788109],[-37.253675996049651,-5.075990823050601],[-37.253404996142933,-5.0753518223612391],[-37.253042992039695,-5.0747738172904109],[-37.252831983208694,-5.0743938177530676],[-37.252621986115003,-5.0738158072862598],[-37.252092978807184,-5.0733288073112135],[-37.251350975166645,-5.0731598112089404],[-37.250714967421061,-5.07315780662009],[-37.250017963157745,-5.0730648131232714],[-37.249488963044485,-5.0728958053297877],[-37.249277965005319,-5.0726378087205308],[-37.249232959332858,-5.0722117989680315],[-37.249219962330642,-5.0716807987625341],[-37.249114960186546,-5.0710877983958733],[-37.248752956083308,-5.0704487914112866],[-37.248239950412653,-5.0700377949410003],[-37.247816945295028,-5.0696107914376451],[-37.247392944627961,-5.0693517839903937],[-37.247181942092197,-5.069138781362442],[-37.246969939510343,-5.0688647840153402],[-37.24669893510702,-5.068499786968383],[-37.246593938358842,-5.067906780306485],[-37.246444942279538,-5.0672227676494366],[-37.246279938267776,-5.0666307664295553],[-37.246023935455526,-5.0660067610360251],[-37.245767932643219,-5.0654137606694238],[-37.245495928193805,-5.0650487573271699],[-37.24513392409056,-5.0646677586430444],[-37.244816924760528,-5.0643027499048658],[-37.244606926767517,-5.063770750552659],[-37.244653926236936,-5.063132754406058],[-37.244715921002182,-5.0624497417950955],[-37.24476392591373,-5.0617507392382519],[-37.24476392591373,-5.0613717352504031],[-37.244674920010823,-5.0610067319081509],[-37.244356916138031,-5.0606417348611892],[-37.243979921235628,-5.0602607298818265],[-37.243616912589687,-5.0600017287298718],[-37.243193911968717,-5.0597877269550944],[-37.24260390904243,-5.0596187245575797],[-37.242073907983702,-5.0593447209152478],[-37.241604902543486,-5.059038720293815],[-37.241120895512154,-5.0587647121548214],[-37.240652890118042,-5.0584447198809999],[-37.240016886869114,-5.0582907199738862],[-37.239698883895642,-5.0581837141402026],[-37.239426890238072,-5.0581217175763129],[-37.239169876587766,-5.0579697168620736],[-37.238851883506868,-5.057801715409985],[-37.238640874675866,-5.0576947140728965],[-37.238367877374912,-5.0575267126208079],[-37.238171870134977,-5.0573287124832467],[-37.238005866976437,-5.0571157035599912],[-37.237764866654523,-5.0567967059364092],[-37.237599868038728,-5.056324708451692],[-37.237494865894568,-5.0557327063325488],[-37.237177867463856,-5.0551996961422772],[-37.236755866888984,-5.0545606999495822],[-37.236226859581166,-5.0542866918106508],[-37.235802855316763,-5.0542846980136353],[-37.235060845380985,-5.0542376931482416],[-37.234530844322251,-5.0539776928495153],[-37.234001848705589,-5.0535966932660701],[-37.233594839829266,-5.0531856905004959]]},"properties":{"OBJECTID":7938,"NORIOCOMP":"Rio Apodi","COCURSODAG":"754","COBACIA":"7543571","DEDOMINIAL":"Estadual"}},{"type":"Feature","id":7939,"geometry":{"type":"LineString","coordinates":[[-37.995767763870447,-5.8982136276627024],[-37.995301763065186,-5.8976856320921591],[-37.994116747988812,-5.8965906193675455],[-37.993972744945495,-5.8964616233112181],[-37.99324774208889,-5.8958116194166612],[-37.992048729964154,-5.8949886102421951],[-37.991905732362909,-5.8948736112341793],[-37.991703732940209,-5.8947286090440887],[-37.991517728859378,-5.8945846122960148],[-37.991316729482719,-5.8944546063010614],[-37.99112972625511,-5.8943106149489672],[-37.990957724618568,-5.8941656118595063],[-37.990784723835191,-5.8940216043195921],[-37.990598725150278,-5.8938626050811855],[-37.990425723467638,-5.8937186128297707],[-37.990253722730351,-5.8935606019462519],[-37.990123715836091,-5.8934446037915134],[-37.989909718557897,-5.8932286082197711],[-37.989553719228013,-5.8928905989280409],[-37.988723715126582,-5.8919205928671445],[-37.987971701132381,-5.890420591143517],[-37.987658701986788,-5.8894965782106983],[-37.987525694954115,-5.8882565731885181],[-37.987459693709127,-5.8871075615709536],[-37.987449696845317,-5.8864415614352064]]},"properties":{"OBJECTID":7939,"NORIOCOMP":"Rio Apodi","COCURSODAG":"754","COBACIA":"7547739","DEDOMINIAL":"Estadual"}},{"type":"Feature","id":7940,"geometry":{"type":"LineString","coordinates":[[-38.357064657307319,-6.4328767169755663],[-38.356781661343859,-6.4326307182217404],[-38.355592646982352,-6.4317887135670038],[-38.355004644148273,-6.4316317135214751],[-38.354508645556791,-6.4313877085646141],[-38.354084644889724,-6.431418711792837],[-38.353927634951674,-6.4314147134070359],[-38.353737632485036,-6.4315027084719496],[-38.35360663183986,-6.4315457095555555],[-38.353416634769133,-6.4315597164964418],[-38.353095632556631,-6.4315447149053728],[-38.352825632696067,-6.4315577119075913],[-38.352204621145631,-6.4314227119772829],[-38.351799622254021,-6.4312827145143974]]},"properties":{"OBJECTID":7940,"NORIOCOMP":"Rio Apodi","COCURSODAG":"75494","COBACIA":"75494995","DEDOMINIAL":"Estadual"}},{"type":"Feature","id":8010,"geometry":{"type":"LineString","coordinates":[[-37.257274045060399,-5.117750096720755],[-37.25738004545201,-5.1174920893196623],[-37.257639042107371,-5.117280086737809],[-37.25854804265731,-5.1171610884446714],[-37.259229056075355,-5.1171780892286121],[-37.259714057756803,-5.1170130861162315],[-37.259973058908763,-5.1166940812980313],[-37.260080065641773,-5.1162240722144032],[-37.260051061606475,-5.1158440735763726],[-37.259946059462322,-5.1152670721489182],[-37.259841058217539,-5.1148870744102135],[-37.259569059163994,-5.1146280669630277],[-37.259146047751187,-5.1144140705841554],[-37.258676048560069,-5.114458076210517],[-37.258297049068808,-5.1145640721055239],[-37.25761504100057,-5.1147740691992141],[-37.257024033531593,-5.114727076025039],[-37.256662029428355,-5.1144530678860409],[-37.25649603166579,-5.1141940712306857],[-37.256345030098309,-5.1138140609015048],[-37.25622603270449,-5.1132370612726916],[-37.256348029337346,-5.1127050610211002],[-37.256410034894429,-5.1122960628443748],[-37.256411030443928,-5.1118100575195031],[-37.256413028737541,-5.1112780464760714],[-37.256202030698432,-5.1108520484147313],[-37.255991028162668,-5.1105330498917638],[-37.255522022722403,-5.1101060409924255],[-37.255038021986365,-5.109847038941159],[-37.254510013825325,-5.1093290357378764],[-37.253996009007892,-5.1088420348635122],[-37.253665013528803,-5.1082030296775551],[-37.253197008134691,-5.1076240245605753],[-37.252926003731318,-5.1069860239174272],[-37.252776007605917,-5.1064080242424579],[-37.252732006476151,-5.1056030140993842],[-37.252735004815868,-5.1047980111508746],[-37.253040000894593,-5.1041160093779618],[-37.253526002622152,-5.1034789961903853],[-37.254314011081988,-5.1032229987740099],[-37.255117015736971,-5.1030580010575424],[-37.255799022006499,-5.1028470030184376],[-37.256164031644005,-5.1025449899909923],[-37.256483029267656,-5.1022719917906594],[-37.256529029590297,-5.1019529878717886],[-37.256590030604684,-5.1016349848983209],[-37.256652030765849,-5.1013159818787708],[-37.256547029521073,-5.1009509893284077],[-37.256229025648281,-5.1007829815810766],[-37.25595702119881,-5.1006759865392901],[-37.255639017326018,-5.1005229803829657],[-37.255216016705049,-5.1002029836125526],[-37.254975016383128,-5.0997769738599956],[-37.254809012325325,-5.0992909730317741],[-37.254856011794743,-5.098819973794571],[-37.255024015045535,-5.0985019753177072],[-37.255191016451477,-5.0981679653111618],[-37.255495018779357,-5.0978039566191446],[-37.255814021798926,-5.0974859635381975],[-37.256148021912963,-5.0970769599655537],[-37.256452023341474,-5.0965919600827529],[-37.256560023825273,-5.0961669494770332],[-37.256470018775588,-5.0956959448438521],[-37.256304021912342,-5.0954069450064168],[-37.25603202285884,-5.0951329413640822],[-37.255624023828886,-5.09491894588459],[-37.255140016797611,-5.0947049441098073],[-37.254520009789871,-5.0944449429117],[-37.253929007716806,-5.0941859417597453],[-37.253612002990792,-5.0939719390857015],[-37.253355001031707,-5.0937589373570118],[-37.25314399759668,-5.0934849346139925]]},"properties":{"OBJECTID":8010,"NORIOCOMP":"Rio Apodi","COCURSODAG":"754","COBACIA":"7543575","DEDOMINIAL":"Estadual"}},{"type":"Feature","id":8011,"geometry":{"type":"LineString","coordinates":[[-38.189925283624177,-6.1269289361200299],[-38.19026328751994,-6.1266709386114568],[-38.190438282999601,-6.126466934599911],[-38.190869292083448,-6.1261969356386228],[-38.191490291942671,-6.125606927316376],[-38.192374293138357,-6.1249799235831963],[-38.193353303211609,-6.1243709197807368]]},"properties":{"OBJECTID":8011,"NORIOCOMP":"Rio Apodi","COCURSODAG":"754","COBACIA":"75491177","DEDOMINIAL":"Estadual"}},{"type":"Feature","id":8012,"geometry":{"type":"LineString","coordinates":[[-38.247794831665431,-6.3509042840967425],[-38.247696828944754,-6.3510212813983165],[-38.247587823018875,-6.3510722864481552],[-38.247485825509671,-6.3511742830580324],[-38.247331825602544,-6.351312281327993],[-38.247067819723384,-6.3515162907355105],[-38.246805824728312,-6.3516342853852157],[-38.246542823391849,-6.3516332898357195],[-38.246279822954705,-6.3516032875529689],[-38.246017815369164,-6.3515452911735322],[-38.245754819428612,-6.3515142933412152],[-38.245483809629377,-6.3515002864003867],[-38.24512580481133,-6.3512652836572139]]},"properties":{"OBJECTID":8012,"NORIOCOMP":"Rio Apodi","COCURSODAG":"75494","COBACIA":"754945911","DEDOMINIAL":"Estadual"}},{"type":"Feature","id":8013,"geometry":{"type":"LineString","coordinates":[[-38.214172537531852,-6.2585477338850986],[-38.21396053494999,-6.2584147340470482],[-38.213427533752963,-6.2578647347639951],[-38.213286524552693,-6.2576767314902897],[-38.212961527551727,-6.2571797283560837]]},"properties":{"OBJECTID":8013,"NORIOCOMP":"Rio Apodi","COCURSODAG":"75494","COBACIA":"754941173","DEDOMINIAL":"Estadual"}},{"type":"Feature","id":8014,"geometry":{"type":"LineString","coordinates":[[-38.005125836587354,-5.9072616815869283],[-38.003677825570435,-5.9055786705249051],[-38.003231820291546,-5.9050946697888786]]},"properties":{"OBJECTID":8014,"NORIOCOMP":"Rio Apodi","COCURSODAG":"754","COBACIA":"75477515","DEDOMINIAL":"Estadual"}},{"type":"Feature","id":8015,"geometry":{"type":"LineString","coordinates":[[-37.302098385431414,-5.1663973795650051],[-37.301849386539232,-5.1658383699743853],[-37.301737386770249,-5.1653253714983096],[-37.301580385825396,-5.1645613731385458],[-37.301547388800202,-5.1640493684133251],[-37.301356385388146,-5.163490358822715],[-37.301153380523374,-5.1628523626761078],[-37.300757373952877,-5.1622133565908985],[-37.300281375384429,-5.161745352096057],[-37.299851360950804,-5.161265344349923],[-37.299647366831778,-5.1608663493323617],[-37.299569364134129,-5.1604333473508897],[-37.299695366347351,-5.1598753378064304],[-37.299732367154263,-5.1590213397928446],[-37.299892370935424,-5.1583953298104586],[-37.299974372918257,-5.1576773326726633],[-37.300214368697432,-5.1569603229904226],[-37.300170372963578,-5.1564023179425655],[-37.30009337031202,-5.1556843091135498],[-37.299855368329816,-5.1552963119052153],[-37.299617360052366,-5.1550113059569922]]},"properties":{"OBJECTID":8015,"NORIOCOMP":"Rio Apodi","COCURSODAG":"754","COBACIA":"754391","DEDOMINIAL":"Estadual"}},{"type":"Feature","id":8016,"geometry":{"type":"LineString","coordinates":[[-38.186568276304172,-6.1532361015624986],[-38.186509279878635,-6.1531531004328848],[-38.18602026812016,-6.1524651010812441],[-38.185889278266814,-6.1522300983380651],[-38.185525269574775,-6.1515290857963905],[-38.185438263764127,-6.151339095020969],[-38.18532226471001,-6.1510750945377453],[-38.185234263349848,-6.1508120878053676],[-38.185147262935118,-6.1505500874143841],[-38.185119264341836,-6.1502860806358566],[-38.185060261621068,-6.1500230864940155],[-38.185061261667158,-6.1492340779881118],[-38.185091259453316,-6.1487520773442839]]},"properties":{"OBJECTID":8016,"NORIOCOMP":"Rio Apodi","COCURSODAG":"754","COBACIA":"754915","DEDOMINIAL":"Estadual"}},{"type":"Feature","id":8049,"geometry":{"type":"LineString","coordinates":[[-38.250007820403823,-6.2990079656381042],[-38.250079812932249,-6.2987239642325221],[-38.249977822617666,-6.2985479642101811],[-38.249963813878132,-6.2982559597377472],[-38.249905812102782,-6.2979349512300207],[-38.24981781164194,-6.2976129543673478],[-38.249774811457655,-6.2974959552671397],[-38.249665810028375,-6.2973719540454871],[-38.249599810582026,-6.2972909575047309],[-38.249373806455253,-6.2970129500806129],[-38.249249808830882,-6.2969249496197772],[-38.249147805925759,-6.2968529507960556],[-38.249030807724864,-6.2967509541862317],[-38.248724806204109,-6.2965449500824375],[-38.248564801523621,-6.2964279464855677],[-38.247937796891044,-6.2959889460260889],[-38.247718796684353,-6.295827942198839],[-38.247363795601927,-6.2953019413246185],[-38.247270790413886,-6.2948309366914925],[-38.247213794080608,-6.2939299356111604],[-38.247254794172655,-6.2935629267807895],[-38.247751791910893,-6.2925109187370625],[-38.247810792833093,-6.2923359286533911],[-38.247801795116004,-6.2920279234431185]]},"properties":{"OBJECTID":8049,"NORIOCOMP":"Rio Apodi","COCURSODAG":"75494","COBACIA":"7549433","DEDOMINIAL":"Estadual"}},{"type":"Feature","id":8050,"geometry":{"type":"LineString","coordinates":[[-38.22385860199217,-6.2618117495068155],[-38.223320598765902,-6.261593743050982],[-38.222657596070462,-6.2612837440437472],[-38.222350596302249,-6.2611817465345512],[-38.222117598147918,-6.2609767433762267],[-38.22192859482805,-6.2607287391341844],[-38.221695586781152,-6.2604057422254087],[-38.221432586344065,-6.2601437409351126],[-38.221257584569116,-6.259952739321708],[-38.220396577239512,-6.2598927329574945],[-38.219112570188209,-6.2593217425985781],[-38.218747566845991,-6.2591607387713237],[-38.217900567356544,-6.2592457354965241],[-38.217667558410369,-6.2592607370875886],[-38.216630551058358,-6.2594497404074456],[-38.216455544786804,-6.2594047464261404],[-38.216251551567098,-6.2592437309077358],[-38.216047546656227,-6.2591267390020819],[-38.215769550023992,-6.2589507380803591],[-38.215493545390075,-6.2588637385649468],[-38.215171543131476,-6.2587897288571943],[-38.214850540019654,-6.2587597373662724],[-38.214530541450586,-6.2587157371358302],[-38.214299533495932,-6.2586267366288437],[-38.214172537531852,-6.2585477338850986]]},"properties":{"OBJECTID":8050,"NORIOCOMP":"Rio Apodi","COCURSODAG":"75494","COBACIA":"75494119","DEDOMINIAL":"Estadual"}},{"type":"Feature","id":8051,"geometry":{"type":"LineString","coordinates":[[-38.187083262281988,-6.1307219635461552],[-38.187031263481288,-6.1306339639846366],[-38.186827264865656,-6.1303309563070005],[-38.186734260576941,-6.1298909620966624],[-38.186735259723712,-6.1293109515376072],[-38.186897257301837,-6.1287079525084387],[-38.187086260621697,-6.1283789463297831],[-38.187416266846469,-6.1281599461230867],[-38.187651268690324,-6.1280189477147253],[-38.187996265714332,-6.1279569466542432],[-38.188865271614247,-6.1276679396221914],[-38.189357281712432,-6.1273709421137799],[-38.189575281873033,-6.1271939420452783],[-38.189925283624177,-6.1269289361200299]]},"properties":{"OBJECTID":8051,"NORIOCOMP":"Rio Apodi","COCURSODAG":"754","COBACIA":"75491191","DEDOMINIAL":"Estadual"}},{"type":"Feature","id":8052,"geometry":{"type":"LineString","coordinates":[[-37.938873330938748,-5.8574604156728594],[-37.938746334974617,-5.8574644041661541],[-37.937888326884035,-5.8571374088715169]]},"properties":{"OBJECTID":8052,"NORIOCOMP":"Rio Apodi","COCURSODAG":"754","COBACIA":"75477153","DEDOMINIAL":"Estadual"}},{"type":"Feature","id":8053,"geometry":{"type":"LineString","coordinates":[[-38.251074851622377,-6.3510022850187164],[-38.25087984982445,-6.3510992831966382],[-38.250281844730587,-6.3511272817899203],[-38.250004851741778,-6.351142288776904],[-38.249127838278355,-6.3511252825969891],[-38.248865836988053,-6.3511102864018945],[-38.247915830050765,-6.3509782875092577],[-38.247794831665431,-6.3509042840967425]]},"properties":{"OBJECTID":8053,"NORIOCOMP":"Rio Apodi","COCURSODAG":"75494","COBACIA":"754945913","DEDOMINIAL":"Estadual"}},{"type":"Feature","id":8054,"geometry":{"type":"LineString","coordinates":[[-37.889951960813612,-5.8262592385812013],[-37.88996296671678,-5.822195217543614]]},"properties":{"OBJECTID":8054,"NORIOCOMP":"Rio Apodi","COCURSODAG":"754","COBACIA":"7547573","DEDOMINIAL":"Estadual"}},{"type":"Feature","id":8055,"geometry":{"type":"LineString","coordinates":[[-37.96644053829948,-5.8762385145024432],[-37.966126539107734,-5.8761195108133792],[-37.965910537240745,-5.8760615099373439],[-37.965550532330447,-5.8759315030430779],[-37.964293523826314,-5.8754115114387613],[-37.963309519817756,-5.8748335027705911],[-37.962874517744069,-5.8745395045012021],[-37.962556508475359,-5.8743275019193506]]},"properties":{"OBJECTID":8055,"NORIOCOMP":"Rio Apodi","COCURSODAG":"754","COBACIA":"7547731","DEDOMINIAL":"Estadual"}},{"type":"Feature","id":8056,"geometry":{"type":"LineString","coordinates":[[-38.190607245826982,-6.0479544526369367],[-38.190243241631556,-6.0474824488570311],[-38.190034238288717,-6.0468514458386755],[-38.189693239650524,-6.0464564393143396],[-38.189483230865683,-6.0460614381859283],[-38.189681231003249,-6.0456284308085912],[-38.190496238010212,-6.0451834300724094],[-38.191049243726866,-6.0447894235941808],[-38.191417246308106,-6.0442914204139297],[-38.191864251633149,-6.0438454259268921],[-38.192049249372637,-6.0435034227459532],[-38.192181249164548,-6.042952416222251],[-38.19238325398323,-6.0423244133422394]]},"properties":{"OBJECTID":8056,"NORIOCOMP":"Rio Apodi","COCURSODAG":"754","COBACIA":"754793","DEDOMINIAL":"Estadual"}},{"type":"Feature","id":8057,"geometry":{"type":"LineString","coordinates":[[-38.247593815201697,-6.3321171677649799],[-38.247855816492006,-6.3317661614711005],[-38.247878815754,-6.3316641648612153],[-38.247973821034293,-6.3315471657610027],[-38.248105820826254,-6.3313971597430356],[-38.248207822832001,-6.3312411651395788],[-38.248368821263341,-6.3311391568385371],[-38.248499821908531,-6.3310521627190992],[-38.248723826842365,-6.3309191628809929],[-38.249065824627337,-6.3307521596763614]]},"properties":{"OBJECTID":8057,"NORIOCOMP":"Rio Apodi","COCURSODAG":"75494","COBACIA":"75494531","DEDOMINIAL":"Estadual"}},{"type":"Feature","id":8058,"geometry":{"type":"LineString","coordinates":[[-37.26305508232543,-5.1249491400217551],[-37.262800084055868,-5.124250126672953],[-37.262589081520161,-5.1237641312406552],[-37.262287079284533,-5.1233981233557024],[-37.261803077649176,-5.1230631240949025],[-37.261380072531551,-5.1226971162099488],[-37.261276070433553,-5.1222261232680335],[-37.261216067666624,-5.1217401116478651],[-37.261173066583012,-5.1210561106820238],[-37.261023076752849,-5.1202661030293424],[-37.260873064439636,-5.1198861034919956],[-37.26060106538614,-5.1194150997581929],[-37.260285060706231,-5.1190340956780895],[-37.259860059993002,-5.118927099736986],[-37.259270057966035,-5.1189251014434252],[-37.258331047938782,-5.1189220968084816],[-37.257801047779367,-5.1187080959330231],[-37.257424046581718,-5.1183880928673604],[-37.257273045014244,-5.1180240832760227],[-37.257274045060399,-5.117750096720755]]},"properties":{"OBJECTID":8058,"NORIOCOMP":"Rio Apodi","COCURSODAG":"754","COBACIA":"7543591","DEDOMINIAL":"Estadual"}},{"type":"Feature","id":8059,"geometry":{"type":"LineString","coordinates":[[-38.267661978017145,-6.3550162965560251],[-38.267475979332232,-6.3550532973629359],[-38.267301973106839,-6.3549362991620475],[-38.267214972692102,-6.354848293305241]]},"properties":{"OBJECTID":8059,"NORIOCOMP":"Rio Apodi","COCURSODAG":"75494","COBACIA":"75494597","DEDOMINIAL":"Estadual"}},{"type":"Feature","id":8060,"geometry":{"type":"LineString","coordinates":[[-37.975395604123094,-5.8810235328162346],[-37.974747599421448,-5.8806095317110092],[-37.974467601797642,-5.8803305287373906]]},"properties":{"OBJECTID":8060,"NORIOCOMP":"Rio Apodi","COCURSODAG":"754","COBACIA":"75477351","DEDOMINIAL":"Estadual"}},{"type":"Feature","id":8061,"geometry":{"type":"LineString","coordinates":[[-38.185091259453316,-6.1487520773442839],[-38.185731265584707,-6.1483550761236785],[-38.186399271208643,-6.1480100683078467],[-38.187064276694279,-6.1476010647352073],[-38.187283277800304,-6.1475430674564544],[-38.188583280193477,-6.1472380596865595],[-38.189027291675416,-6.1472170704093321],[-38.189385291097558,-6.1471080590875395],[-38.189706294209373,-6.147021064068718],[-38.190027291925219,-6.1468610593882484],[-38.190349295083138,-6.1467300587431231],[-38.190705294413078,-6.1465600562994673],[-38.191186307601299,-6.1462230578457264],[-38.191392310805782,-6.146170054502333]]},"properties":{"OBJECTID":8061,"NORIOCOMP":"Rio Apodi","COCURSODAG":"754","COBACIA":"7549135","DEDOMINIAL":"Estadual"}},{"type":"Feature","id":8062,"geometry":{"type":"LineString","coordinates":[[-38.24512580481133,-6.3512652836572139],[-38.245016804281363,-6.3511922901833149],[-38.244339805436937,-6.3502422850447644],[-38.244223801886214,-6.3500962774126002],[-38.243391803987834,-6.3496562832022621],[-38.243260791651487,-6.349583278936521],[-38.242633797810754,-6.349260276631834],[-38.242311789256917,-6.3491722770702692],[-38.242135789234567,-6.349143273934291],[-38.24187478259438,-6.3490402709830702],[-38.241611786653891,-6.3489972770940204],[-38.241348780820836,-6.3489082711911156],[-38.241086784926438,-6.3488352732206677],[-38.240822778147958,-6.3486732693472554],[-38.240619779578424,-6.3484832731759218],[-38.240458773952525,-6.348337270939675],[-38.240444777803532,-6.3477962621791635],[-38.240444777803532,-6.3476362691898958],[-38.240978776348697,-6.3468772647653822],[-38.241600781649993,-6.3459862596496466],[-38.241781781003631,-6.3453392549941263]]},"properties":{"OBJECTID":8062,"NORIOCOMP":"Rio Apodi","COCURSODAG":"75494","COBACIA":"75494573","DEDOMINIAL":"Estadual"}},{"type":"Feature","id":8063,"geometry":{"type":"LineString","coordinates":[[-37.86566478330235,-5.816453192869095],[-37.865516780973905,-5.8164371921312501],[-37.863761769289454,-5.8161011937236662],[-37.861851752255802,-5.8165011950826271]]},"properties":{"OBJECTID":8063,"NORIOCOMP":"Rio Apodi","COCURSODAG":"754","COBACIA":"7547533","DEDOMINIAL":"Estadual"}},{"type":"Feature","id":8064,"geometry":{"type":"LineString","coordinates":[[-38.202556345398307,-6.0798356448991102],[-38.202548342331397,-6.0796596331855515],[-38.202548342331397,-6.0795566419255476],[-38.202622351139837,-6.0793116369225322],[-38.202615348119075,-6.0791956324724996],[-38.202651348879904,-6.0790496356322326],[-38.202644339563903,-6.0789246397604026],[-38.202637346435665,-6.0787866351951552],[-38.202623350286672,-6.0785086331669529],[-38.202288344730569,-6.0777556218245783],[-38.201706339475265,-6.0768496169164203],[-38.200993334474049,-6.0758186197336608],[-38.200468337243258,-6.0749116138800856],[-38.200236328343124,-6.0744876042197706],[-38.200120322993769,-6.0742986062958382],[-38.200021325622913,-6.0741286047515537]]},"properties":{"OBJECTID":8064,"NORIOCOMP":"Rio Apodi","COCURSODAG":"754","COBACIA":"754911371","DEDOMINIAL":"Estadual"}},{"type":"Feature","id":8098,"geometry":{"type":"LineString","coordinates":[[-37.89585801013834,-5.8399123285988885],[-37.894048994165018,-5.838982318087333],[-37.89395899990717,-5.8389343140751597]]},"properties":{"OBJECTID":8098,"NORIOCOMP":"Rio Apodi","COCURSODAG":"754","COBACIA":"75475771","DEDOMINIAL":"Estadual"}},{"type":"Feature","id":8099,"geometry":{"type":"LineString","coordinates":[[-37.27162914856563,-5.13021216149283],[-37.271251149120474,-5.1299991588648801],[-37.270994146262069,-5.1297851633853897],[-37.270722137316064,-5.129572160757438],[-37.270405137985961,-5.1293581598819644],[-37.270087134113226,-5.1291451572540216],[-37.269831131300911,-5.1287801602070573],[-37.269605137066662,-5.1283691520455656],[-37.269349127959117,-5.1278371526932887],[-37.269183125699954,-5.127305147045778],[-37.268881133356899,-5.1270311434034443],[-37.268503128515817,-5.1269231429195834],[-37.268245125611315,-5.1269231429195834],[-37.267972122015067,-5.1270281450637283],[-37.267653123492096,-5.1273461480371907],[-37.26728912019599,-5.1277101513332974],[-37.266910120704779,-5.1279371501102391],[-37.266274108462596,-5.1279801502945341],[-37.265532109318656,-5.1277661548150375],[-37.264790100282141,-5.1274901519797718],[-37.26421609899301,-5.1271241440948732],[-37.263793093875449,-5.1267591470478608],[-37.263476093646027,-5.1261661403859593],[-37.263220085437865,-5.1255881353151311],[-37.26305508232543,-5.1249491400217551]]},"properties":{"OBJECTID":8099,"NORIOCOMP":"Rio Apodi","COCURSODAG":"754","COBACIA":"7543593","DEDOMINIAL":"Estadual"}},{"type":"Feature","id":8100,"geometry":{"type":"LineString","coordinates":[[-37.914214147963833,-5.8524453921485353],[-37.913655149165038,-5.852418388205427],[-37.913396147113765,-5.8523313940859332],[-37.912994146561857,-5.8520423834566078],[-37.91196813611986,-5.8509883816159327],[-37.911136126530273,-5.8500373809278292],[-37.910327117102042,-5.8491503706006247]]},"properties":{"OBJECTID":8100,"NORIOCOMP":"Rio Apodi","COCURSODAG":"754","COBACIA":"7547593","DEDOMINIAL":"Estadual"}},{"type":"Feature","id":8101,"geometry":{"type":"LineString","coordinates":[[-38.17065517469581,-6.1732512412488143],[-38.171013173218626,-6.172777226584766],[-38.171137175339652,-6.1726452321887777],[-38.171232174324651,-6.1725292268393757],[-38.171540180434242,-6.1722232262179499],[-38.171861178150102,-6.1719312271414903],[-38.172446180845832,-6.1713482173434615],[-38.172614184096574,-6.1712462207335808],[-38.173030190689985,-6.1708952198356117],[-38.173593194169825,-6.1705312165395121],[-38.174368200231527,-6.169860211676566],[-38.17541321065039,-6.168868209997048],[-38.175822208827128,-6.168475202665646],[-38.176070206773886,-6.1681831981932147],[-38.176363205896514,-6.1678031986558706],[-38.17656821624945,-6.1674831955902114],[-38.176714206794493,-6.1671611924323084],[-38.176846212881685,-6.1668401848238981],[-38.176978218968877,-6.1665191871080607],[-38.177066207738562,-6.1663291846414321],[-38.177257209351986,-6.1657891867188477],[-38.177347214401664,-6.1644751764855039],[-38.177349218990514,-6.1643471696834347]]},"properties":{"OBJECTID":8101,"NORIOCOMP":"Rio Apodi","COCURSODAG":"754","COBACIA":"7549177","DEDOMINIAL":"Estadual"}},{"type":"Feature","id":8102,"geometry":{"type":"LineString","coordinates":[[-38.156789118921949,-6.2556847475474573],[-38.156751122565538,-6.2553867508922059],[-38.156724124917673,-6.255163750501068],[-38.15666511680098,-6.2549587473426902],[-38.156608119568318,-6.2547547478277439],[-38.156520113711565,-6.2545497437700472],[-38.156476119776357,-6.2544477417643023],[-38.156388118416203,-6.2543597413034151],[-38.156134121092066,-6.2542057467922065],[-38.155937115604679,-6.2542127453163641],[-38.155688110417202,-6.2542277415114516],[-38.155294108435619,-6.2542417439557418],[-38.154988107814177,-6.2542557410040516],[-38.154258106525674,-6.2538307411901721],[-38.153996105235301,-6.2536697373629098],[-38.153778097880149,-6.2525147335625899],[-38.153735102192449,-6.2522817255156902],[-38.153525093407609,-6.2512657254274],[-38.153383094953142,-6.251096728425809],[-38.153270096037375,-6.2509507261895587],[-38.153110091356893,-6.2507607237229292],[-38.152935090481321,-6.2505707275515912],[-38.152746093456699,-6.2503947212339526],[-38.152556084694822,-6.2502047196666402],[-38.152410087854548,-6.2500877205663707],[-38.152235086978919,-6.2499117142487908],[-38.152119082528891,-6.2497807198988546],[-38.15194408704923,-6.2495537103300096],[-38.151347080202868,-6.2488077092030103],[-38.150779071995828,-6.2478497054941515],[-38.150627081174093,-6.247413708770301]]},"properties":{"OBJECTID":8102,"NORIOCOMP":"Rio Apodi","COCURSODAG":"754","COBACIA":"75499313","DEDOMINIAL":"Estadual"}},{"type":"Feature","id":8103,"geometry":{"type":"LineString","coordinates":[[-38.25374686692362,-6.3498742770675598],[-38.253553870613871,-6.3498322706341304],[-38.253291869323562,-6.3497882766989227],[-38.253159868632281,-6.3498312723866706],[-38.253028868886481,-6.3498902796040415],[-38.252764862107938,-6.34996227213247],[-38.252502867112867,-6.350063274991494],[-38.25223986577646,-6.3502242743221498],[-38.251990856092398,-6.3503992742983986],[-38.251786861973365,-6.3506402809155524],[-38.251172848947071,-6.3509532863563711],[-38.251074851622377,-6.3510022850187164]]},"properties":{"OBJECTID":8103,"NORIOCOMP":"Rio Apodi","COCURSODAG":"75494","COBACIA":"75494593","DEDOMINIAL":"Estadual"}},{"type":"Feature","id":8104,"geometry":{"type":"LineString","coordinates":[[-37.552717365813059,-5.510307437956369],[-37.551769358967981,-5.5095404367602372],[-37.550987352583498,-5.5082534259733453],[-37.550755349079338,-5.5067324187846705],[-37.550779353783412,-5.5065374124901529]]},"properties":{"OBJECTID":8104,"NORIOCOMP":"Rio Apodi","COCURSODAG":"754","COBACIA":"7545375","DEDOMINIAL":"Estadual"}},{"type":"Feature","id":8105,"geometry":{"type":"LineString","coordinates":[[-37.683936359174879,-5.6031859555828243],[-37.683819360074665,-5.602938950487613],[-37.683794360720405,-5.602335946961853],[-37.684083360557906,-5.6018119506764892],[-37.684529364937475,-5.6014199424918649],[-37.685080371461261,-5.6007389407649937],[-37.68560537318865,-5.6001109369857192],[-37.685895373072242,-5.599297929171656],[-37.685923365370286,-5.5983539216118006],[-37.685973374870628,-5.5975029120454121],[-37.685696371089932,-5.5962779086142245],[-37.68462635951812,-5.5943718980603832],[-37.683627347623258,-5.5932188934529279],[-37.682642348065144,-5.5924348851776262],[-37.681436338315621,-5.5919158828275037],[-37.680392326144215,-5.5912638788407527],[-37.679350324856841,-5.5896828652878714],[-37.677897314508691,-5.5875778545503012]]},"properties":{"OBJECTID":8105,"NORIOCOMP":"Rio Apodi","COCURSODAG":"754","COBACIA":"754577","DEDOMINIAL":"Estadual"}},{"type":"Feature","id":8106,"geometry":{"type":"LineString","coordinates":[[-38.348308597962671,-6.4282866968623953],[-38.348332597270826,-6.428186704841365],[-38.348023591115123,-6.4278436962184182],[-38.347804590009105,-6.4274976892558096],[-38.347569593561161,-6.4272466902713905],[-38.347318589180809,-6.4270116830316182],[-38.346850588283303,-6.426512681603854],[-38.346573580905272,-6.4263466838412349]]},"properties":{"OBJECTID":8106,"NORIOCOMP":"Rio Apodi","COCURSODAG":"75494","COBACIA":"75494991","DEDOMINIAL":"Estadual"}},{"type":"Feature","id":7913,"geometry":{"type":"LineString","coordinates":[[-38.212961527551727,-6.2571797283560837],[-38.212665522894831,-6.2567277245991502],[-38.211997512774246,-6.2564997221787682],[-38.211777517917369,-6.2565147237698344],[-38.211478514920771,-6.2566237296957139],[-38.210606504385908,-6.2564577274364979],[-38.210355505401537,-6.2563477277597617],[-38.209847504458025,-6.2559467290526625],[-38.209672498186478,-6.2557277225507342],[-38.20948949334467,-6.2554497196232184],[-38.2091424971278,-6.2548787139758604],[-38.209096502201078,-6.2547857195796652]]},"properties":{"OBJECTID":7913,"NORIOCOMP":"Rio Apodi","COCURSODAG":"75494","COBACIA":"754941171","DEDOMINIAL":"Estadual"}},{"type":"Feature","id":8065,"geometry":{"type":"LineString","coordinates":[[-38.193266264126066,-6.0575095101565175],[-38.193276266385851,-6.0563735009370889],[-38.193249268738043,-6.0562744972710565],[-38.193287269591053,-6.056157499070105],[-38.193309263411038,-6.0560264984249859],[-38.193317267377267,-6.0557345002477927],[-38.19330227118212,-6.0556024941605973],[-38.19330227118212,-6.0554194947147222],[-38.193346266016647,-6.0552954934930741],[-38.193377263848902,-6.0546374910282639],[-38.1933772683455,-6.0544044937732027],[-38.193333268115111,-6.0541714803304441],[-38.193201267423831,-6.0539134900164235],[-38.193101264610959,-6.0536824865583787]]},"properties":{"OBJECTID":8065,"NORIOCOMP":"Rio Apodi","COCURSODAG":"754","COBACIA":"75491113","DEDOMINIAL":"Estadual"}}]}