grid_lat,grid_lon,compound_count_total,mean_integrated_severity,compound_count_annual_mean,mean_overlap_duration,mean_full_criterion_duration,mean_compound_intensity_norm,thr_hs_abs,thr_zos_abs,hat_m,Hazard_Frequency,Hazard_Severity,Hazard_Index,Hazard_Index_raw
-35.000000,-54.799988,94,0.948300,2.850000,1.270000,1.270000,0.729700,1.590000,0.765303,0.340699,0.949495,0.948300,0.948897,0.948897
-35.000000,-54.600006,95,0.907000,2.880000,1.250000,1.250000,0.704100,1.730000,0.693086,0.387580,0.959596,0.907000,0.933298,0.933298
-35.000000,-54.399994,95,0.826900,2.880000,1.240000,1.240000,0.647600,1.850000,0.613392,0.424577,0.959596,0.826900,0.893248,0.893248
-35.000000,-54.200012,98,0.731000,2.970000,1.210000,1.210000,0.583400,1.934000,0.550924,0.457002,0.989899,0.731000,0.860449,0.860449
-35.000000,-54.000000,97,0.685800,2.940000,1.240000,1.240000,0.531900,2.000000,0.503555,0.481176,0.979798,0.685800,0.832799,0.832799
-34.799999,-54.399994,94,0.923800,2.850000,1.280000,1.280000,0.711000,1.620000,0.775673,0.414249,0.949495,0.923800,0.936647,0.936647
-34.799999,-54.200012,95,0.900200,2.880000,1.270000,1.270000,0.691400,1.800000,0.698369,0.450690,0.959596,0.900200,0.929898,0.929898
-34.799999,-54.000000,93,0.836800,2.820000,1.290000,1.290000,0.625000,1.920000,0.617392,0.480480,0.939394,0.836800,0.888097,0.888097
-34.799999,-53.799988,95,0.735700,2.880000,1.260000,1.260000,0.558500,2.020000,0.539174,0.502553,0.959596,0.735700,0.847648,0.847648
-34.799999,-53.600006,91,0.683600,2.760000,1.320000,1.320000,0.510400,2.130000,0.467457,0.513066,0.919192,0.683600,0.801396,0.801396
-34.599998,-54.000000,97,0.837000,2.940000,1.250000,1.250000,0.660900,1.740000,0.742606,0.487323,0.979798,0.837000,0.908399,0.908399
-34.599998,-53.799988,95,0.838300,2.880000,1.270000,1.270000,0.640600,1.860000,0.670630,0.511101,0.959596,0.838300,0.898948,0.898948
-34.599998,-53.600006,92,0.797900,2.790000,1.300000,1.300000,0.589800,2.030000,0.586850,0.526462,0.929293,0.797900,0.863596,0.863596
-34.599998,-53.399994,94,0.696800,2.850000,1.280000,1.280000,0.516400,2.140000,0.501774,0.526763,0.949495,0.696800,0.823147,0.823147
-34.400002,-53.799988,97,0.712100,2.940000,1.240000,1.240000,0.559000,1.220000,0.755472,0.535219,0.979798,0.712100,0.845949,0.845949
-34.400002,-53.600006,95,0.756200,2.880000,1.270000,1.270000,0.577900,1.710000,0.684916,0.557542,0.959596,0.756200,0.857898,0.857898
-34.400002,-53.399994,94,0.742300,2.850000,1.280000,1.280000,0.561600,2.000000,0.605543,0.558083,0.949495,0.742300,0.845897,0.845897
-34.200001,-53.600006,95,0.660900,2.880000,1.230000,1.230000,0.526400,1.500000,0.741867,0.603595,0.959596,0.660900,0.810248,0.810248
-34.200001,-53.399994,95,0.728000,2.880000,1.260000,1.260000,0.559900,1.870000,0.673555,0.603226,0.959596,0.728000,0.843798,0.843798
-34.200001,-53.200012,92,0.752000,2.790000,1.320000,1.320000,0.556400,2.040000,0.594386,0.581479,0.929293,0.752000,0.840646,0.840646
-34.000000,-53.399994,96,0.662900,2.910000,1.230000,1.230000,0.522300,1.660000,0.726610,0.650568,0.969697,0.662900,0.816298,0.816298
-34.000000,-53.200012,96,0.703900,2.910000,1.250000,1.250000,0.549000,1.870000,0.663485,0.629783,0.969697,0.703900,0.836798,0.836798
-34.000000,-53.000000,94,0.727300,2.850000,1.290000,1.290000,0.546700,2.060000,0.597089,0.598559,0.949495,0.727300,0.838397,0.838397
-33.799999,-53.399994,93,0.585300,2.820000,1.170000,1.170000,0.490800,1.320000,0.769351,0.689188,0.939394,0.585300,0.762347,0.762347
-33.799999,-53.200012,94,0.691100,2.850000,1.270000,1.270000,0.527400,1.630000,0.726764,0.672814,0.949495,0.691100,0.820297,0.820297
-33.799999,-53.000000,93,0.750400,2.820000,1.290000,1.290000,0.561400,1.890000,0.668072,0.642905,0.939394,0.750400,0.844897,0.844897
-33.799999,-52.799988,97,0.716800,2.940000,1.250000,1.250000,0.553700,2.090000,0.600591,0.607156,0.979798,0.716800,0.848299,0.848299
-33.599998,-53.000000,96,0.627600,2.910000,1.240000,1.240000,0.475000,1.260000,0.734285,0.677149,0.969697,0.627600,0.798648,0.798648
-33.599998,-52.799988,93,0.716400,2.820000,1.280000,1.280000,0.534600,1.790000,0.676970,0.646935,0.939394,0.716400,0.827897,0.827897
-33.599998,-52.600006,92,0.743000,2.790000,1.320000,1.320000,0.547200,2.060000,0.608963,0.606629,0.929293,0.743000,0.836146,0.836146
-33.400002,-52.799988,97,0.640200,2.940000,1.220000,1.220000,0.496400,1.490000,0.740723,0.680058,0.979798,0.640200,0.809999,0.809999
-33.400002,-52.600006,94,0.680300,2.850000,1.260000,1.260000,0.510200,1.760000,0.673067,0.642206,0.949495,0.680300,0.814897,0.814897
-33.400002,-52.399994,90,0.713700,2.730000,1.330000,1.330000,0.514400,2.010000,0.586635,0.587714,0.909091,0.713700,0.811395,0.811395
-33.200001,-52.600006,96,0.587300,2.910000,1.210000,1.210000,0.463700,1.480000,0.723451,0.663173,0.969697,0.587300,0.778498,0.778498
-33.200001,-52.399994,93,0.643600,2.820000,1.260000,1.260000,0.484300,1.790000,0.649575,0.613792,0.939394,0.643600,0.791497,0.791497
-33.200001,-52.200012,87,0.679300,2.640000,1.370000,1.340000,0.490900,2.070000,0.563346,0.559928,0.878788,0.679300,0.779044,0.779044
-33.000000,-52.399994,96,0.510900,2.910000,1.170000,1.170000,0.407100,1.480000,0.682233,0.633565,0.969697,0.510900,0.740298,0.740298
-33.000000,-52.200012,91,0.620700,2.760000,1.310000,1.300000,0.463400,1.930000,0.612138,0.586189,0.919192,0.620700,0.769946,0.769946
-32.799999,-52.399994,92,0.512900,2.790000,1.170000,1.170000,0.408400,1.460000,0.707425,0.642113,0.929293,0.512900,0.721096,0.721096
-32.799999,-52.200012,92,0.534400,2.790000,1.210000,1.200000,0.419900,1.710000,0.646512,0.602867,0.929293,0.534400,0.731846,0.731846
-32.799999,-52.000000,90,0.620500,2.730000,1.320000,1.320000,0.461100,2.040000,0.580579,0.555541,0.909091,0.620500,0.764795,0.764795
-32.599998,-52.200012,87,0.491100,2.640000,1.170000,1.170000,0.397100,1.620000,0.666568,0.613080,0.878788,0.491100,0.684944,0.684944
-32.599998,-52.000000,92,0.581400,2.790000,1.250000,1.250000,0.453100,1.970000,0.610661,0.570541,0.929293,0.581400,0.755346,0.755346
-32.400002,-52.200012,81,0.493100,2.450000,1.160000,1.160000,0.400300,1.490000,0.695739,0.612179,0.818182,0.493100,0.655641,0.655641
-32.400002,-52.000000,88,0.582200,2.670000,1.260000,1.260000,0.444600,1.750000,0.644680,0.572813,0.888889,0.582200,0.735544,0.735544
-32.400002,-51.799988,91,0.643000,2.760000,1.300000,1.300000,0.480100,2.030000,0.588882,0.530149,0.919192,0.643000,0.781096,0.781096
-32.200001,-52.000000,91,0.595500,2.760000,1.210000,1.210000,0.469700,1.570000,0.696337,0.562711,0.919192,0.595500,0.757346,0.757346
-32.200001,-51.799988,93,0.638000,2.820000,1.270000,1.270000,0.483900,1.750000,0.640756,0.522609,0.939394,0.638000,0.788697,0.788697
-32.200001,-51.600006,90,0.692200,2.730000,1.310000,1.310000,0.511400,1.990000,0.581334,0.475387,0.909091,0.692200,0.800645,0.800645
-32.000000,-51.799988,93,0.608000,2.820000,1.230000,1.230000,0.471500,1.200000,0.695939,0.502180,0.939394,0.608000,0.773697,0.773697
-32.000000,-51.600006,91,0.665500,2.760000,1.290000,1.290000,0.500200,1.590000,0.640666,0.460966,0.919192,0.665500,0.792346,0.792346
-32.000000,-51.399994,90,0.720000,2.730000,1.310000,1.310000,0.530800,2.020000,0.570662,0.421791,0.909091,0.720000,0.814545,0.814545
-32.000000,-51.200012,82,0.766100,2.490000,1.430000,1.430000,0.529300,2.250000,0.484353,0.388714,0.828283,0.766100,0.797191,0.797191
-31.799999,-51.399994,92,0.719100,2.790000,1.280000,1.280000,0.543900,1.610000,0.643971,0.402355,0.929293,0.719100,0.824196,0.824196
-31.799999,-51.200012,88,0.762500,2.670000,1.340000,1.340000,0.552600,2.070000,0.559950,0.381555,0.888889,0.762500,0.825694,0.825694
-31.799999,-51.000000,82,0.718200,2.490000,1.440000,1.440000,0.488400,2.290000,0.453950,0.383175,0.828283,0.718200,0.773241,0.773241
-31.600000,-51.200012,89,0.733700,2.700000,1.310000,1.310000,0.540900,1.620000,0.626257,0.376494,0.898990,0.733700,0.816345,0.816345
-31.600000,-51.000000,85,0.736600,2.580000,1.380000,1.380000,0.518600,2.080000,0.533029,0.380624,0.858586,0.736600,0.797593,0.797593
-31.600000,-50.799988,82,0.621600,2.490000,1.400000,1.400000,0.429100,2.340000,0.414176,0.382144,0.828283,0.621600,0.724941,0.724941
-31.400000,-50.799988,83,0.685100,2.520000,1.400000,1.400000,0.484300,2.180000,0.507877,0.381983,0.838384,0.685100,0.761742,0.761742
-31.400000,-50.600006,77,0.588600,2.330000,1.450000,1.440000,0.406400,2.360000,0.387117,0.386440,0.777778,0.588600,0.683189,0.683189
-31.200001,-50.799988,88,0.683300,2.670000,1.330000,1.330000,0.503600,1.930000,0.578968,0.380958,0.888889,0.683300,0.786094,0.786094
-31.200001,-50.600006,84,0.605800,2.550000,1.380000,1.380000,0.426600,2.090000,0.473308,0.387122,0.848485,0.605800,0.727142,0.727142
-31.200001,-50.399994,73,0.528800,2.210000,1.490000,1.410000,0.360600,2.320000,0.364967,0.391040,0.737374,0.528800,0.633087,0.633087
-31.000000,-50.600006,80,0.606900,2.420000,1.350000,1.350000,0.445400,1.930000,0.546302,0.388655,0.808081,0.606900,0.707490,0.707490
-31.000000,-50.399994,83,0.555600,2.520000,1.390000,1.390000,0.395600,2.190000,0.445466,0.392952,0.838384,0.555600,0.696992,0.696992
-31.000000,-50.200012,66,0.526800,2.000000,1.520000,1.410000,0.367900,2.400000,0.354679,0.395880,0.666667,0.526800,0.596733,0.596733
-30.799999,-50.399994,83,0.575300,2.520000,1.340000,1.340000,0.422500,1.990000,0.522757,0.395301,0.838384,0.575300,0.706842,0.706842
-30.799999,-50.200012,78,0.561100,2.360000,1.460000,1.450000,0.397200,2.270000,0.431327,0.398879,0.787879,0.561100,0.674489,0.674489
-30.600000,-50.399994,68,0.469700,2.060000,1.220000,1.220000,0.393400,1.570000,0.569709,0.397410,0.686869,0.469700,0.578284,0.578284
-30.600000,-50.200012,80,0.559600,2.420000,1.400000,1.400000,0.407800,2.030000,0.501684,0.404066,0.808081,0.559600,0.683840,0.683840
-30.600000,-50.000000,81,0.529600,2.450000,1.410000,1.410000,0.385000,2.300000,0.413882,0.406059,0.818182,0.529600,0.673891,0.673891
-30.400000,-50.200012,75,0.486500,2.270000,1.320000,1.320000,0.375100,1.700000,0.537201,0.412557,0.757576,0.486500,0.622038,0.622038
-30.400000,-50.000000,83,0.528000,2.520000,1.360000,1.360000,0.394200,2.110000,0.474951,0.413877,0.838384,0.528000,0.683192,0.683192
-30.400000,-49.799988,78,0.533800,2.360000,1.420000,1.410000,0.389800,2.350000,0.395837,0.413275,0.787879,0.533800,0.660839,0.660839
-30.200001,-50.000000,83,0.486900,2.520000,1.330000,1.330000,0.375400,1.930000,0.504210,0.423298,0.838384,0.486900,0.662642,0.662642
-30.200001,-49.799988,80,0.546000,2.420000,1.430000,1.430000,0.399600,2.230000,0.438044,0.421627,0.808081,0.546000,0.677040,0.677040
-30.000000,-50.000000,71,0.468400,2.150000,1.320000,1.320000,0.362200,1.690000,0.527055,0.431692,0.717172,0.468400,0.592786,0.592786
-30.000000,-49.799988,79,0.551800,2.390000,1.390000,1.390000,0.405200,2.110000,0.471376,0.430222,0.797980,0.551800,0.674890,0.674890
-29.799999,-49.799988,82,0.536500,2.490000,1.370000,1.370000,0.399000,1.940000,0.502901,0.438053,0.828283,0.536500,0.682391,0.682391
-29.799999,-49.600006,80,0.575100,2.420000,1.430000,1.430000,0.418300,2.180000,0.444113,0.435056,0.808081,0.575100,0.691590,0.691590
-29.600000,-49.799988,80,0.499500,2.420000,1.300000,1.300000,0.383200,1.710000,0.537439,0.444409,0.808081,0.499500,0.653790,0.653790
-29.600000,-49.600006,80,0.579100,2.420000,1.400000,1.400000,0.425100,2.060000,0.481749,0.442450,0.808081,0.579100,0.693590,0.693590
-29.600000,-49.399994,78,0.586000,2.360000,1.450000,1.420000,0.416800,2.240000,0.424741,0.439253,0.787879,0.586000,0.686939,0.686939
-29.400000,-49.600006,78,0.556700,2.360000,1.360000,1.360000,0.407200,1.890000,0.524958,0.448990,0.787879,0.556700,0.672289,0.672289
-29.400000,-49.399994,78,0.587500,2.360000,1.420000,1.420000,0.420600,2.120000,0.467442,0.445521,0.787879,0.587500,0.687689,0.687689
-29.400000,-49.200012,80,0.557700,2.420000,1.450000,1.400000,0.408800,2.270000,0.409275,0.441797,0.808081,0.557700,0.682890,0.682890
-29.200001,-49.399994,80,0.570800,2.420000,1.380000,1.380000,0.413400,1.990000,0.513148,0.449673,0.808081,0.570800,0.689440,0.689440
-29.200001,-49.200012,80,0.588700,2.420000,1.430000,1.430000,0.420100,2.160000,0.452147,0.446082,0.808081,0.588700,0.698390,0.698390
-29.200001,-49.000000,77,0.552200,2.330000,1.450000,1.390000,0.403300,2.300000,0.390634,0.443349,0.777778,0.552200,0.664989,0.664989
-29.000000,-49.399994,77,0.566300,2.330000,1.360000,1.360000,0.417500,1.710000,0.564854,0.449269,0.777778,0.566300,0.672039,0.672039
-29.000000,-49.200012,79,0.609300,2.390000,1.410000,1.410000,0.427300,1.990000,0.501091,0.447561,0.797980,0.609300,0.703640,0.703640
-29.000000,-49.000000,77,0.614700,2.330000,1.490000,1.490000,0.427700,2.160000,0.435328,0.445677,0.777778,0.614700,0.696239,0.696239
-29.000000,-48.799988,75,0.559400,2.270000,1.480000,1.370000,0.401200,2.290000,0.378113,0.443778,0.757576,0.559400,0.658488,0.658488
-29.000000,-48.600006,56,0.510600,1.700000,1.520000,1.360000,0.372700,2.380000,0.322592,0.442453,0.565657,0.510600,0.538128,0.538128
-28.799999,-49.000000,80,0.657400,2.420000,1.440000,1.440000,0.454300,1.940000,0.506818,0.445228,0.808081,0.657400,0.732740,0.732740
-28.799999,-48.799988,77,0.644800,2.330000,1.510000,1.510000,0.439400,2.150000,0.432148,0.444728,0.777778,0.644800,0.711289,0.711289
-28.799999,-48.600006,71,0.554400,2.150000,1.510000,1.410000,0.405700,2.300000,0.361943,0.444776,0.717172,0.554400,0.635786,0.635786
-28.799999,-48.399994,48,0.476000,1.450000,1.580000,1.330000,0.340600,2.380000,0.308629,0.444843,0.484848,0.476000,0.480424,0.480424
-28.600000,-48.799988,79,0.717100,2.390000,1.460000,1.460000,0.487400,1.910000,0.511988,0.441854,0.797980,0.717100,0.757540,0.757540
-28.600000,-48.600006,76,0.608400,2.300000,1.530000,1.500000,0.416400,2.114000,0.412320,0.446283,0.767677,0.608400,0.688038,0.688038
-28.600000,-48.399994,60,0.568300,1.820000,1.550000,1.500000,0.385400,2.280000,0.338439,0.448277,0.606061,0.568300,0.587180,0.587180
-28.400000,-48.600006,72,0.583800,2.180000,1.510000,1.510000,0.378700,1.850000,0.459957,0.447478,0.727273,0.583800,0.655536,0.655536
-28.400000,-48.399994,71,0.550200,2.150000,1.550000,1.480000,0.381800,2.170000,0.375002,0.451957,0.717172,0.550200,0.633686,0.633686
-28.200001,-48.600006,68,0.538600,2.060000,1.460000,1.460000,0.365200,1.700000,0.497254,0.449557,0.686869,0.538600,0.612734,0.612734
-28.200001,-48.399994,70,0.561800,2.120000,1.560000,1.530000,0.366400,2.010000,0.407737,0.455688,0.707071,0.561800,0.634435,0.634435
-28.200001,-48.200012,63,0.498900,1.910000,1.540000,1.380000,0.353700,2.210000,0.338121,0.459175,0.636364,0.498900,0.567632,0.567632
-28.000000,-48.399994,72,0.533100,2.180000,1.500000,1.470000,0.354300,1.920000,0.433193,0.463890,0.727273,0.533100,0.630186,0.630186
-28.000000,-48.200012,61,0.536600,1.850000,1.590000,1.460000,0.373100,2.140000,0.361206,0.468105,0.616162,0.536600,0.576381,0.576381
-27.799999,-48.399994,70,0.465300,2.120000,1.410000,1.400000,0.323000,1.750000,0.458330,0.476086,0.707071,0.465300,0.586185,0.586185
-27.799999,-48.200012,64,0.485300,1.940000,1.530000,1.410000,0.338100,2.050000,0.382234,0.481567,0.646465,0.485300,0.565882,0.565882
-27.600000,-48.399994,71,0.406400,2.150000,1.280000,1.270000,0.301000,1.490000,0.480951,0.492605,0.717172,0.406400,0.561786,0.561786
-27.600000,-48.200012,64,0.457600,1.940000,1.530000,1.410000,0.318800,1.980000,0.401334,0.500705,0.646465,0.457600,0.552032,0.552032
-27.600000,-48.000000,55,0.461300,1.670000,1.530000,1.310000,0.338400,2.160000,0.334097,0.501159,0.555556,0.461300,0.508428,0.508428
-27.400000,-48.399994,56,0.327000,1.700000,1.180000,1.180000,0.265500,1.180000,0.485302,0.537301,0.565657,0.327000,0.446328,0.446328
-27.400000,-48.200012,62,0.419600,1.880000,1.400000,1.340000,0.306300,1.950000,0.415279,0.528236,0.626263,0.419600,0.522931,0.522931
-27.400000,-48.000000,54,0.459600,1.640000,1.520000,1.370000,0.331200,2.130000,0.348729,0.524446,0.545455,0.459600,0.502527,0.502527
-27.200001,-48.399994,37,0.325200,1.120000,1.190000,1.190000,0.266200,1.290000,0.483645,0.582978,0.373737,0.325200,0.349469,0.349469
-27.200001,-48.200012,57,0.361000,1.730000,1.350000,1.330000,0.279100,1.790000,0.425884,0.566661,0.575758,0.361000,0.468379,0.468379
-27.200001,-48.000000,56,0.424400,1.700000,1.460000,1.360000,0.319100,2.070000,0.365199,0.552473,0.565657,0.424400,0.495028,0.495028
-27.000000,-48.399994,32,0.327300,0.970000,1.190000,1.160000,0.293700,1.440000,0.476197,0.629906,0.323232,0.327300,0.325266,0.325266
-27.000000,-48.200012,56,0.342800,1.700000,1.270000,1.210000,0.286100,1.810000,0.430489,0.611887,0.565657,0.342800,0.454228,0.454228
-26.799999,-48.399994,37,0.337300,1.120000,1.220000,1.190000,0.300800,1.510000,0.475709,0.677386,0.373737,0.337300,0.355519,0.355519
-26.799999,-48.200012,55,0.343800,1.670000,1.290000,1.240000,0.284600,1.800000,0.436660,0.657062,0.555556,0.343800,0.449678,0.449678
-26.600000,-48.600006,35,0.280700,1.060000,1.090000,1.060000,0.264800,1.320000,0.512669,0.750584,0.353535,0.280700,0.317118,0.317118
-26.600000,-48.399994,44,0.310300,1.330000,1.230000,1.200000,0.275000,1.510000,0.480854,0.728177,0.444444,0.310300,0.377372,0.377372
-26.600000,-48.200012,48,0.344700,1.450000,1.270000,1.210000,0.284000,1.770000,0.442573,0.707378,0.484848,0.344700,0.414774,0.414774
-26.400000,-48.399994,43,0.306500,1.300000,1.260000,1.160000,0.267900,1.260000,0.491175,0.786422,0.434343,0.306500,0.370422,0.370422
-26.400000,-48.200012,49,0.339700,1.490000,1.240000,1.180000,0.281300,1.720000,0.454473,0.763106,0.494949,0.339700,0.417325,0.417325
-26.200001,-48.399994,40,0.292100,1.210000,1.250000,1.150000,0.244600,1.030000,0.503602,0.868401,0.404040,0.292100,0.348070,0.348070
-26.200001,-48.200012,44,0.332800,1.330000,1.200000,1.140000,0.277700,1.550000,0.470428,0.825459,0.444444,0.332800,0.388622,0.388622
-26.000000,-48.399994,37,0.293100,1.120000,1.140000,1.110000,0.248000,0.990000,0.515635,0.940288,0.373737,0.293100,0.333419,0.333419
-26.000000,-48.200012,42,0.315700,1.270000,1.260000,1.140000,0.270700,1.440000,0.489386,0.890884,0.424242,0.315700,0.369971,0.369971
-25.799999,-48.200012,40,0.331200,1.210000,1.230000,1.150000,0.282300,1.400000,0.508009,0.951877,0.404040,0.331200,0.367620,0.367620
-25.799999,-48.000000,42,0.374900,1.270000,1.310000,1.210000,0.309000,1.670000,0.475203,0.893305,0.424242,0.374900,0.399571,0.399571
-25.600000,-48.399994,37,0.329200,1.120000,1.220000,1.160000,0.277000,1.030000,0.546474,1.065991,0.373737,0.329200,0.351469,0.351469
-25.600000,-48.200012,38,0.354000,1.150000,1.260000,1.180000,0.301600,1.290000,0.528216,1.007499,0.383838,0.354000,0.368919,0.368919
-25.600000,-48.000000,41,0.359400,1.240000,1.290000,1.200000,0.299800,1.590000,0.495586,0.944670,0.414141,0.359400,0.386771,0.386771
-25.600000,-47.799988,48,0.367200,1.450000,1.330000,1.250000,0.317800,1.760000,0.464495,0.889423,0.484848,0.367200,0.426024,0.426024
-25.400000,-48.000000,45,0.372400,1.360000,1.330000,1.200000,0.314200,1.470000,0.522750,0.972441,0.454545,0.372400,0.413473,0.413473
-25.400000,-47.799988,46,0.377700,1.390000,1.350000,1.260000,0.320900,1.600000,0.492566,0.928446,0.464646,0.377700,0.421173,0.421173
-25.400000,-47.600006,48,0.385900,1.450000,1.350000,1.250000,0.331900,1.790000,0.461903,0.876343,0.484848,0.385900,0.435374,0.435374
-25.200001,-47.799988,50,0.373000,1.520000,1.300000,1.220000,0.312000,1.450000,0.523600,0.953431,0.505051,0.373000,0.439025,0.439025
-25.200001,-47.600006,50,0.381600,1.520000,1.340000,1.240000,0.329900,1.700000,0.489610,0.909957,0.505051,0.381600,0.443325,0.443325
-25.000000,-47.799988,48,0.316000,1.450000,1.250000,1.210000,0.253300,1.010000,0.546095,0.960678,0.484848,0.316000,0.400424,0.400424
-25.000000,-47.600006,53,0.388400,1.610000,1.300000,1.250000,0.323700,1.590000,0.519301,0.928360,0.535354,0.388400,0.461877,0.461877
-25.000000,-47.399994,51,0.430200,1.550000,1.350000,1.290000,0.349100,1.710000,0.491191,0.886895,0.515152,0.430200,0.472676,0.472676
-25.000000,-47.200012,50,0.444500,1.520000,1.400000,1.320000,0.356300,1.810000,0.458377,0.842559,0.505051,0.444500,0.474775,0.474775
-24.799999,-47.399994,55,0.430300,1.670000,1.310000,1.250000,0.354800,1.580000,0.527572,0.900160,0.555556,0.430300,0.492928,0.492928
-24.799999,-47.200012,52,0.452100,1.580000,1.400000,1.310000,0.362800,1.740000,0.495925,0.861248,0.525253,0.452100,0.488676,0.488676
-24.799999,-47.000000,51,0.460900,1.550000,1.450000,1.350000,0.358300,1.830000,0.464187,0.823436,0.515152,0.460900,0.488026,0.488026
-24.799999,-46.799988,44,0.484100,1.330000,1.500000,1.390000,0.370900,1.900000,0.430262,0.791171,0.444444,0.484100,0.464272,0.464272
-24.600000,-47.200012,59,0.448400,1.790000,1.410000,1.310000,0.351200,1.560000,0.541866,0.864213,0.595960,0.448400,0.522180,0.522180
-24.600000,-47.000000,57,0.458200,1.730000,1.420000,1.320000,0.362000,1.720000,0.508424,0.835846,0.575758,0.458200,0.516979,0.516979
-24.600000,-46.799988,55,0.466400,1.670000,1.420000,1.350000,0.366300,1.790000,0.471034,0.807554,0.555556,0.466400,0.510978,0.510978
-24.600000,-46.600006,50,0.494100,1.520000,1.520000,1.340000,0.382400,1.890000,0.439337,0.779478,0.505051,0.494100,0.499575,0.499575
-24.400000,-46.799988,58,0.501600,1.760000,1.470000,1.360000,0.383400,1.660000,0.511817,0.818604,0.585859,0.501600,0.543729,0.543729
-24.400000,-46.600006,57,0.519100,1.730000,1.490000,1.390000,0.388600,1.740000,0.483378,0.793456,0.575758,0.519100,0.547429,0.547429
-24.400000,-46.399994,55,0.533100,1.670000,1.510000,1.360000,0.407100,1.820000,0.455203,0.766807,0.555556,0.533100,0.544328,0.544328
-24.400000,-46.200012,53,0.533000,1.610000,1.700000,1.400000,0.401500,1.870000,0.428423,0.740575,0.535354,0.533000,0.534177,0.534177
-24.400000,-46.000000,50,0.529400,1.520000,1.740000,1.380000,0.405500,1.940000,0.405737,0.718592,0.505051,0.529400,0.517225,0.517225
-24.400000,-45.200012,29,0.562900,0.880000,2.000000,1.620000,0.374200,2.130000,0.310408,0.628043,0.292929,0.562900,0.427915,0.427915
-24.200001,-46.600006,68,0.491400,2.060000,1.490000,1.370000,0.362300,1.650000,0.519876,0.800581,0.686869,0.491400,0.589134,0.589134
-24.200001,-46.399994,67,0.521600,2.030000,1.520000,1.370000,0.385600,1.710000,0.497989,0.776560,0.676768,0.521600,0.599184,0.599184
-24.200001,-46.200012,66,0.522700,2.000000,1.530000,1.360000,0.390900,1.750000,0.472245,0.750144,0.666667,0.522700,0.594683,0.594683
-24.200001,-46.000000,61,0.550500,1.850000,1.670000,1.430000,0.395900,1.824000,0.444901,0.728185,0.616162,0.550500,0.583331,0.583331
-24.200001,-45.799988,60,0.562900,1.820000,1.720000,1.430000,0.410000,1.910000,0.423619,0.706449,0.606061,0.562900,0.584480,0.584480
-24.200001,-45.600006,54,0.568300,1.640000,1.740000,1.410000,0.421100,1.940000,0.399430,0.682859,0.545455,0.568300,0.556877,0.556877
-24.200001,-45.399994,44,0.605400,1.330000,1.890000,1.550000,0.426600,2.010000,0.372946,0.659380,0.444444,0.605400,0.524922,0.524922
-24.200001,-45.200012,36,0.610200,1.090000,2.000000,1.670000,0.395600,2.060000,0.340921,0.638479,0.363636,0.610200,0.486918,0.486918
-24.200001,-45.000000,31,0.526800,0.940000,2.100000,1.550000,0.370900,2.100000,0.307043,0.622446,0.313131,0.526800,0.419966,0.419966
-24.000000,-46.399994,72,0.544200,2.180000,1.500000,1.360000,0.399100,1.360000,0.533314,0.774999,0.727273,0.544200,0.635736,0.635736
-24.000000,-46.200012,70,0.547100,2.120000,1.540000,1.410000,0.391300,1.460000,0.516709,0.749386,0.707071,0.547100,0.627085,0.627085
-24.000000,-46.000000,70,0.591700,2.120000,1.560000,1.430000,0.423900,1.680000,0.496988,0.732638,0.707071,0.591700,0.649385,0.649385
-24.000000,-45.799988,69,0.589400,2.090000,1.590000,1.460000,0.414800,1.700000,0.473016,0.713567,0.696970,0.589400,0.643185,0.643185
-24.000000,-45.600006,69,0.581400,2.090000,1.610000,1.460000,0.412400,1.740000,0.454133,0.691409,0.696970,0.581400,0.639185,0.639185
-24.000000,-45.399994,68,0.601800,2.060000,1.650000,1.500000,0.421800,1.850000,0.437813,0.665422,0.686869,0.601800,0.644334,0.644334
-24.000000,-45.200012,62,0.569000,1.880000,1.690000,1.520000,0.398800,1.950000,0.397507,0.643223,0.626263,0.569000,0.597631,0.597631
-24.000000,-45.000000,43,0.590100,1.300000,1.950000,1.630000,0.383100,2.020000,0.350047,0.632645,0.434343,0.590100,0.512222,0.512222
-24.000000,-44.799988,34,0.592600,1.030000,2.030000,1.680000,0.371900,2.070000,0.316433,0.622273,0.343434,0.592600,0.468017,0.468017
-23.799999,-45.799988,77,0.660600,2.330000,1.520000,1.420000,0.464600,1.350000,0.515067,0.716081,0.777778,0.660600,0.719189,0.719189
-23.799999,-45.600006,76,0.660500,2.300000,1.530000,1.430000,0.456700,1.200000,0.511387,0.700519,0.767677,0.660500,0.714088,0.714088
-23.799999,-45.399994,74,0.522700,2.240000,1.580000,1.500000,0.347000,0.950000,0.481768,0.679261,0.747475,0.522700,0.635087,0.635087
-23.799999,-45.200012,66,0.416400,2.000000,1.620000,1.500000,0.286000,1.294000,0.445804,0.648680,0.666667,0.416400,0.541533,0.541533
-23.799999,-45.000000,63,0.506100,1.910000,1.730000,1.540000,0.345900,1.880000,0.407657,0.641958,0.636364,0.506100,0.571232,0.571232
-23.799999,-44.799988,48,0.571200,1.450000,1.880000,1.580000,0.373500,1.980000,0.367493,0.633815,0.484848,0.571200,0.528024,0.528024
-23.799999,-44.600006,36,0.631600,1.090000,2.030000,1.720000,0.389000,2.040000,0.332785,0.626118,0.363636,0.631600,0.497618,0.497618
-23.600000,-45.200012,67,0.321600,2.030000,1.400000,1.340000,0.242700,1.100000,0.471473,0.657104,0.676768,0.321600,0.499184,0.499184
-23.600000,-45.000000,66,0.437400,2.000000,1.650000,1.530000,0.295600,1.560000,0.435238,0.649852,0.666667,0.437400,0.552033,0.552033
-23.600000,-44.799988,64,0.526300,1.940000,1.720000,1.560000,0.343800,1.820000,0.413479,0.643862,0.646465,0.526300,0.586382,0.586382
-23.600000,-44.600006,57,0.559700,1.730000,1.840000,1.580000,0.373200,1.930000,0.381941,0.638136,0.575758,0.559700,0.567729,0.567729
-23.600000,-44.399994,48,0.589600,1.450000,1.960000,1.620000,0.377800,2.000000,0.352952,0.632744,0.484848,0.589600,0.537224,0.537224
-23.600000,-44.200012,38,0.641100,1.150000,2.000000,1.710000,0.394900,2.040000,0.330311,0.627519,0.383838,0.641100,0.512469,0.512469
-23.600000,-44.000000,35,0.588900,1.060000,2.110000,1.600000,0.383700,2.074000,0.310800,0.623142,0.353535,0.588900,0.471218,0.471218
-23.400000,-44.399994,60,0.584800,1.820000,1.800000,1.620000,0.376200,1.860000,0.400814,0.647998,0.606061,0.584800,0.595430,0.595430
-23.400000,-44.200012,54,0.612700,1.640000,1.910000,1.590000,0.392800,1.920000,0.375930,0.644203,0.545455,0.612700,0.579077,0.579077
-23.400000,-44.000000,47,0.637600,1.420000,1.980000,1.640000,0.397500,1.960000,0.353949,0.638865,0.474747,0.637600,0.556174,0.556174
-23.400000,-43.799988,41,0.664500,1.240000,1.980000,1.680000,0.402800,1.990000,0.336629,0.631576,0.414141,0.664500,0.539321,0.539321
-23.400000,-43.600006,37,0.654000,1.120000,2.050000,1.680000,0.408600,2.020000,0.323298,0.625777,0.373737,0.654000,0.513869,0.513869
-23.400000,-43.399994,34,0.614000,1.030000,2.090000,1.620000,0.403200,2.050000,0.310249,0.622132,0.343434,0.614000,0.478717,0.478717
-23.400000,-43.200012,29,0.591300,0.880000,2.140000,1.620000,0.385800,2.090000,0.298429,0.620257,0.292929,0.591300,0.442115,0.442115
-23.400000,-43.000000,26,0.576900,0.790000,2.000000,1.650000,0.371200,2.120000,0.291593,0.619911,0.262626,0.576900,0.419763,0.419763
-23.400000,-42.799988,21,0.548100,0.640000,1.900000,1.570000,0.357600,2.160000,0.286174,0.620806,0.212121,0.548100,0.380111,0.380111
-23.400000,-42.600006,15,0.559400,0.450000,1.870000,1.670000,0.322900,2.200000,0.284754,0.622580,0.151515,0.559400,0.355458,0.355458
-23.400000,-42.200012,13,0.504500,0.390000,1.920000,1.540000,0.335800,2.260000,0.285201,0.631304,0.131313,0.504500,0.317907,0.317907
-23.400000,-42.000000,13,0.505300,0.390000,1.920000,1.540000,0.333000,2.290000,0.279606,0.638720,0.131313,0.505300,0.318307,0.318307
-23.200001,-44.399994,68,0.538500,2.060000,1.650000,1.510000,0.351500,1.420000,0.439570,0.671855,0.686869,0.538500,0.612684,0.612684
-23.200001,-44.200012,64,0.616800,1.940000,1.750000,1.580000,0.395400,1.560000,0.426051,0.654414,0.646465,0.616800,0.631632,0.631632
-23.200001,-44.000000,62,0.592700,1.880000,1.810000,1.630000,0.371300,1.630000,0.409766,0.655431,0.626263,0.592700,0.609481,0.609481
-23.200001,-43.799988,57,0.633500,1.730000,1.880000,1.630000,0.395300,1.780000,0.394202,0.642301,0.575758,0.633500,0.604629,0.604629
-23.200001,-43.600006,50,0.688500,1.520000,2.020000,1.700000,0.419300,1.860000,0.377501,0.635576,0.505051,0.688500,0.596775,0.596775
-23.200001,-43.399994,45,0.704200,1.360000,2.040000,1.760000,0.430200,1.900000,0.359715,0.633069,0.454545,0.704200,0.579373,0.579373
-23.200001,-43.200012,43,0.682500,1.300000,1.980000,1.700000,0.425100,1.950000,0.343404,0.632665,0.434343,0.682500,0.558422,0.558422
-23.200001,-43.000000,43,0.647500,1.300000,1.980000,1.670000,0.409000,1.990000,0.331272,0.633021,0.434343,0.647500,0.540922,0.540922
-23.200001,-42.799988,37,0.627300,1.120000,2.000000,1.620000,0.402000,2.030000,0.319505,0.633750,0.373737,0.627300,0.500519,0.500519
-23.200001,-42.600006,28,0.585700,0.850000,2.140000,1.610000,0.389400,2.080000,0.309379,0.635982,0.282828,0.585700,0.434264,0.434264
-23.200001,-42.399994,25,0.602100,0.760000,1.920000,1.640000,0.390800,2.120000,0.303473,0.640332,0.252525,0.602100,0.427313,0.427313
-23.200001,-42.200012,21,0.637500,0.640000,1.810000,1.620000,0.412200,2.170000,0.300455,0.647502,0.212121,0.637500,0.424811,0.424811
-23.200001,-42.000000,24,0.549700,0.730000,1.670000,1.460000,0.364800,2.220000,0.298649,0.658140,0.242424,0.549700,0.396062,0.396062
-23.200001,-41.799988,23,0.533000,0.700000,1.650000,1.430000,0.364500,2.250000,0.298482,0.669163,0.232323,0.533000,0.382662,0.382662
-23.000000,-44.399994,70,0.368600,2.120000,1.640000,1.510000,0.229900,0.570000,0.462839,0.697688,0.707071,0.368600,0.537835,0.537835
-23.000000,-44.000000,64,0.359200,1.940000,1.640000,1.500000,0.235100,0.780000,0.463417,0.752706,0.646465,0.359200,0.502832,0.502832
-23.000000,-43.399994,63,0.611200,1.910000,1.780000,1.670000,0.369500,1.320000,0.428965,0.637959,0.636364,0.611200,0.623782,0.623782
-23.000000,-43.200012,60,0.641500,1.820000,1.870000,1.700000,0.380900,1.430000,0.416117,0.647089,0.606061,0.641500,0.623780,0.623780
-23.000000,-43.000000,56,0.688100,1.700000,1.910000,1.730000,0.414000,1.630000,0.403906,0.643499,0.565657,0.688100,0.626878,0.626878
-23.000000,-42.799988,55,0.689300,1.670000,1.910000,1.750000,0.420800,1.740000,0.389164,0.641843,0.555556,0.689300,0.622428,0.622428
-23.000000,-42.600006,48,0.683600,1.450000,1.960000,1.690000,0.431100,1.800000,0.376220,0.643954,0.484848,0.683600,0.584224,0.584224
-23.000000,-42.399994,43,0.707700,1.300000,1.880000,1.670000,0.441800,1.860000,0.366525,0.648192,0.434343,0.707700,0.571022,0.571022
-23.000000,-42.200012,43,0.643200,1.300000,1.860000,1.580000,0.430000,1.900000,0.360602,0.656045,0.434343,0.643200,0.538772,0.538772
-23.000000,-42.000000,39,0.563100,1.180000,1.950000,1.540000,0.383300,2.010000,0.353099,0.677808,0.393939,0.563100,0.478520,0.478520
-23.000000,-41.799988,31,0.519500,0.940000,1.810000,1.520000,0.348100,2.130000,0.337551,0.697625,0.313131,0.519500,0.416316,0.416316
-23.000000,-41.600006,29,0.483300,0.880000,1.720000,1.410000,0.353600,2.190000,0.326541,0.706657,0.292929,0.483300,0.388115,0.388115
-22.799999,-41.799988,36,0.332300,1.090000,1.750000,1.360000,0.220900,1.700000,0.367896,0.739432,0.363636,0.332300,0.347968,0.347968
-22.799999,-41.600006,31,0.453500,0.940000,1.770000,1.520000,0.307400,2.030000,0.352583,0.741352,0.313131,0.453500,0.383316,0.383316
-22.600000,-41.799988,33,0.265500,1.000000,1.730000,1.360000,0.173900,1.500000,0.382561,0.776155,0.333333,0.265500,0.299417,0.299417
-22.600000,-41.600006,32,0.445500,0.970000,1.750000,1.530000,0.299700,1.880000,0.369437,0.773195,0.323232,0.445500,0.384366,0.384366
-22.600000,-41.399994,27,0.533100,0.820000,1.960000,1.670000,0.343500,2.020000,0.357120,0.769919,0.272727,0.533100,0.402914,0.402914
-22.400000,-41.600006,34,0.392100,1.030000,1.880000,1.560000,0.247800,1.420000,0.389513,0.796984,0.343434,0.392100,0.367767,0.367767
-22.400000,-41.399994,33,0.476300,1.000000,1.820000,1.580000,0.310500,1.750000,0.378080,0.795288,0.333333,0.476300,0.404817,0.404817
-22.400000,-41.200012,30,0.508500,0.910000,1.870000,1.600000,0.331100,1.960000,0.365077,0.790209,0.303030,0.508500,0.405765,0.405765
-22.400000,-41.000000,24,0.464600,0.730000,2.000000,1.460000,0.316700,2.080000,0.341893,0.784130,0.242424,0.464600,0.353512,0.353512
-22.400000,-40.799988,16,0.513200,0.480000,1.690000,1.500000,0.362300,2.170000,0.317986,0.775374,0.161616,0.513200,0.337408,0.337408
-22.200001,-41.399994,37,0.368300,1.120000,1.680000,1.510000,0.224900,1.080000,0.404216,0.813512,0.373737,0.368300,0.371019,0.371019
-22.200001,-41.200012,37,0.466800,1.120000,1.730000,1.540000,0.305000,1.720000,0.396361,0.813636,0.373737,0.466800,0.420269,0.420269
-22.200001,-41.000000,30,0.463700,0.910000,1.770000,1.530000,0.311000,1.950000,0.374686,0.810288,0.303030,0.463700,0.383365,0.383365
-22.200001,-40.799988,25,0.419500,0.760000,1.960000,1.440000,0.303700,2.080000,0.347805,0.806583,0.252525,0.419500,0.336013,0.336013
-22.200001,-40.600006,16,0.525700,0.480000,1.750000,1.560000,0.357300,2.160000,0.318968,0.798453,0.161616,0.525700,0.343658,0.343658
-22.000000,-40.799988,26,0.393000,0.790000,1.690000,1.540000,0.264000,1.880000,0.381815,0.854338,0.262626,0.393000,0.327813,0.327813
-22.000000,-40.600006,21,0.406400,0.640000,1.710000,1.380000,0.300600,2.060000,0.354961,0.835640,0.212121,0.406400,0.309261,0.309261
-21.799999,-40.799988,25,0.264700,0.760000,1.680000,1.400000,0.193200,1.630000,0.390375,0.903909,0.252525,0.264700,0.258613,0.258613
-21.799999,-40.600006,20,0.338300,0.610000,1.800000,1.450000,0.243300,1.910000,0.367329,0.879408,0.202020,0.338300,0.270160,0.270160
-21.600000,-40.799988,22,0.216100,0.670000,1.410000,1.320000,0.177200,1.530000,0.387107,0.934757,0.222222,0.216100,0.219161,0.219161
-21.600000,-40.600006,20,0.255300,0.610000,1.650000,1.350000,0.207900,1.810000,0.362942,0.907387,0.202020,0.255300,0.228660,0.228660
-21.400000,-40.799988,20,0.208700,0.610000,1.450000,1.350000,0.168100,1.460000,0.393443,0.948337,0.202020,0.208700,0.205360,0.205360
-21.400000,-40.600006,19,0.230600,0.580000,1.580000,1.370000,0.180800,1.710000,0.364510,0.920794,0.191919,0.230600,0.211260,0.211260
-21.200001,-40.799988,23,0.208600,0.700000,1.430000,1.300000,0.154800,1.390000,0.407269,0.955550,0.232323,0.208600,0.220462,0.220462
-21.200001,-40.600006,18,0.226600,0.550000,1.500000,1.390000,0.155700,1.570000,0.372986,0.928676,0.181818,0.226600,0.204209,0.204209
-21.200001,-40.399994,10,0.227000,0.300000,1.800000,1.600000,0.193200,1.790000,0.332395,0.886068,0.101010,0.227000,0.164005,0.164005
-21.000000,-40.799988,25,0.234500,0.760000,1.480000,1.400000,0.162000,1.220000,0.424294,0.951343,0.252525,0.234500,0.243513,0.243513
-21.000000,-40.600006,20,0.219600,0.610000,1.600000,1.450000,0.155400,1.400000,0.384989,0.932945,0.202020,0.219600,0.210810,0.210810
-21.000000,-40.399994,12,0.197200,0.360000,1.750000,1.500000,0.147900,1.690000,0.339973,0.898775,0.121212,0.197200,0.159206,0.159206
-21.000000,-40.200012,7,0.142400,0.210000,1.710000,1.140000,0.170900,1.900000,0.316719,0.871251,0.070707,0.142400,0.106554,0.106554
-21.000000,-29.399994,1,0.060800,0.030000,2.000000,1.000000,0.034900,2.340000,0.315867,0.770816,0.010101,0.060800,0.035451,0.035451
-21.000000,-29.200012,1,0.063200,0.030000,3.000000,1.000000,0.039800,2.334000,0.312539,0.764102,0.010101,0.063200,0.036651,0.036651
-20.799999,-40.399994,15,0.183900,0.450000,1.600000,1.400000,0.154500,1.550000,0.356020,0.910979,0.151515,0.183900,0.167708,0.167708
-20.799999,-40.200012,8,0.198300,0.240000,2.120000,1.500000,0.161600,1.790000,0.327114,0.890282,0.080808,0.198300,0.139554,0.139554
-20.799999,-40.000000,1,0.128800,0.030000,4.000000,1.000000,0.177200,1.960000,0.318337,0.875556,0.010101,0.128800,0.069451,0.069451
-20.799999,-29.600006,0,0.000000,0.000000,,,,2.330000,0.312983,0.790647,0.000000,0.000000,0.000000,0.000000
-20.799999,-29.399994,0,0.000000,0.000000,,,,2.330000,0.313782,0.782981,0.000000,0.000000,0.000000,0.000000
-20.799999,-29.200012,1,0.042800,0.030000,1.000000,1.000000,0.021700,2.330000,0.310255,0.774233,0.010101,0.042800,0.026451,0.026451
-20.799999,-29.000000,1,0.038300,0.030000,2.000000,1.000000,0.024400,2.330000,0.304787,0.769028,0.010101,0.038300,0.024201,0.024201
-20.799999,-28.799988,3,0.052700,0.090000,2.670000,1.000000,0.072700,2.330000,0.302096,0.765312,0.030303,0.052700,0.041502,0.041502
-20.799999,-28.600006,2,0.128800,0.060000,4.000000,1.500000,0.101500,2.330000,0.300268,0.762137,0.020202,0.128800,0.074501,0.074501
-20.600000,-40.399994,20,0.192900,0.610000,1.650000,1.400000,0.138100,1.300000,0.385961,0.912610,0.202020,0.192900,0.197460,0.197460
-20.600000,-40.200012,14,0.153600,0.420000,1.860000,1.430000,0.115400,1.600000,0.341237,0.907403,0.141414,0.153600,0.147507,0.147507
-20.600000,-40.000000,4,0.113800,0.120000,1.750000,1.000000,0.153900,1.860000,0.319670,0.895040,0.040404,0.113800,0.077102,0.077102
-20.600000,-29.799988,1,0.220200,0.030000,2.000000,2.000000,0.116200,2.320000,0.311151,0.810998,0.010101,0.220200,0.115151,0.115151
-20.600000,-29.600006,1,0.065600,0.030000,1.000000,1.000000,0.102800,2.330000,0.309720,0.804873,0.010101,0.065600,0.037851,0.037851
-20.600000,-29.399994,0,0.000000,0.000000,,,,2.330000,0.309976,0.797520,0.000000,0.000000,0.000000,0.000000
-20.600000,-29.200012,0,0.000000,0.000000,,,,2.330000,0.306612,0.794126,0.000000,0.000000,0.000000,0.000000
-20.600000,-29.000000,1,0.065200,0.030000,2.000000,1.000000,0.153300,2.330000,0.302194,0.785180,0.010101,0.065200,0.037651,0.037651
-20.600000,-28.799988,2,0.121200,0.060000,4.000000,1.500000,0.095700,2.330000,0.297836,0.777077,0.020202,0.121200,0.070701,0.070701
-20.600000,-28.600006,2,0.122600,0.060000,4.000000,1.500000,0.097600,2.330000,0.294754,0.775593,0.020202,0.122600,0.071401,0.071401
-20.400000,-40.200012,16,0.154900,0.480000,1.620000,1.440000,0.121900,1.360000,0.359068,0.917585,0.161616,0.154900,0.158258,0.158258
-20.400000,-40.000000,9,0.123400,0.270000,2.000000,1.110000,0.129700,1.770000,0.325835,0.907028,0.090909,0.123400,0.107155,0.107155
-20.400000,-39.799988,1,0.130800,0.030000,1.000000,1.000000,0.123900,1.934000,0.320872,0.894402,0.010101,0.130800,0.070451,0.070451
-20.400000,-29.600006,1,0.065400,0.030000,2.000000,1.000000,0.160300,2.320000,0.307814,0.820567,0.010101,0.065400,0.037751,0.037751
-20.400000,-29.399994,1,0.197400,0.030000,3.000000,2.000000,0.157700,2.320000,0.305715,0.819149,0.010101,0.197400,0.103751,0.103751
-20.400000,-29.200012,1,0.193800,0.030000,3.000000,2.000000,0.154100,2.320000,0.301626,0.815344,0.010101,0.193800,0.101951,0.101951
-20.400000,-29.000000,1,0.193800,0.030000,4.000000,2.000000,0.153300,2.320000,0.297553,0.813267,0.010101,0.193800,0.101951,0.101951
-20.400000,-28.799988,1,0.190400,0.030000,5.000000,2.000000,0.150200,2.330000,0.292721,0.802867,0.010101,0.190400,0.100251,0.100251
-20.400000,-28.600006,1,0.192800,0.030000,4.000000,2.000000,0.150100,2.330000,0.288577,0.791805,0.010101,0.192800,0.101451,0.101451
-20.200001,-40.000000,13,0.142100,0.390000,2.310000,1.230000,0.125500,1.690000,0.338936,0.917964,0.131313,0.142100,0.136707,0.136707
-20.200001,-39.799988,3,0.075500,0.090000,1.000000,1.000000,0.106500,1.870000,0.321745,0.902548,0.030303,0.075500,0.052902,0.052902
-20.200001,-29.600006,1,0.207700,0.030000,3.000000,2.000000,0.158300,2.310000,0.301827,0.833773,0.010101,0.207700,0.108901,0.108901
-20.200001,-29.399994,1,0.202600,0.030000,3.000000,2.000000,0.155300,2.320000,0.298978,0.830219,0.010101,0.202600,0.106351,0.106351
-20.200001,-29.200012,1,0.199100,0.030000,3.000000,2.000000,0.154200,2.320000,0.296539,0.826120,0.010101,0.199100,0.104601,0.104601
-20.200001,-29.000000,1,0.126300,0.030000,4.000000,1.000000,0.139000,2.320000,0.292946,0.820817,0.010101,0.126300,0.068201,0.068201
-20.200001,-28.799988,1,0.125900,0.030000,4.000000,1.000000,0.138600,2.320000,0.287707,0.813605,0.010101,0.125900,0.068001,0.068001
-20.200001,-28.600006,1,0.127000,0.030000,9.000000,1.000000,0.223000,2.320000,0.283883,0.804866,0.010101,0.127000,0.068551,0.068551
-20.000000,-40.000000,15,0.165800,0.450000,2.070000,1.270000,0.135400,1.610000,0.355846,0.927341,0.151515,0.165800,0.158658,0.158658
-20.000000,-39.799988,6,0.126600,0.180000,1.830000,1.170000,0.137700,1.790000,0.325839,0.912863,0.060606,0.126600,0.093603,0.093603
-20.000000,-39.600006,1,0.141100,0.030000,1.000000,1.000000,0.134000,1.920000,0.320473,0.908498,0.010101,0.141100,0.075601,0.075601
-19.799999,-40.000000,18,0.235600,0.550000,2.110000,1.500000,0.167700,1.340000,0.380776,0.935606,0.181818,0.235600,0.208709,0.208709
-19.799999,-39.799988,15,0.191000,0.450000,2.200000,1.330000,0.155700,1.610000,0.352128,0.931915,0.151515,0.191000,0.171258,0.171258
-19.799999,-39.600006,7,0.122000,0.210000,2.000000,1.140000,0.152000,1.820000,0.326270,0.918094,0.070707,0.122000,0.096354,0.096354
-19.799999,-39.399994,3,0.089500,0.090000,1.330000,1.000000,0.166100,1.920000,0.319991,0.918504,0.030303,0.089500,0.059902,0.059902
-19.600000,-39.600006,13,0.165500,0.390000,1.850000,1.230000,0.149300,1.680000,0.349754,0.982108,0.131313,0.165500,0.148407,0.148407
-19.600000,-39.399994,4,0.055800,0.120000,1.750000,1.000000,0.179700,1.810000,0.327973,0.965226,0.040404,0.055800,0.048102,0.048102
-19.400000,-39.600006,14,0.128900,0.420000,1.790000,1.210000,0.109800,1.390000,0.368849,1.115143,0.141414,0.128900,0.135157,0.135157
-19.400000,-39.399994,7,0.088600,0.210000,1.710000,1.000000,0.157300,1.700000,0.344057,1.095759,0.070707,0.088600,0.079654,0.079654
-19.200001,-39.600006,4,0.103500,0.120000,2.000000,1.000000,0.156400,1.370000,0.376666,1.322787,0.040404,0.103500,0.071952,0.071952
-19.200001,-39.399994,6,0.069700,0.180000,1.830000,1.000000,0.162500,1.670000,0.352320,1.272525,0.060606,0.069700,0.065153,0.065153
-19.000000,-39.600006,3,0.116900,0.090000,2.000000,1.000000,0.182900,1.280000,0.379000,1.481503,0.030303,0.116900,0.073602,0.073602
-19.000000,-39.399994,4,0.086600,0.120000,2.000000,1.000000,0.185600,1.640000,0.358038,1.433717,0.040404,0.086600,0.063502,0.063502
-18.799999,-39.600006,3,0.101900,0.090000,2.000000,1.000000,0.148300,1.100000,0.383885,1.620159,0.030303,0.101900,0.066102,0.066102
-18.799999,-39.399994,4,0.071300,0.120000,2.000000,1.000000,0.158500,1.530000,0.363749,1.571999,0.040404,0.071300,0.055852,0.055852
-18.600000,-39.600006,3,0.103900,0.090000,2.000000,1.000000,0.164000,1.100000,0.392729,1.739896,0.030303,0.103900,0.067102,0.067102
-18.600000,-39.399994,4,0.074800,0.120000,2.000000,1.000000,0.172300,1.460000,0.370456,1.684572,0.040404,0.074800,0.057602,0.057602
-18.400000,-39.600006,3,0.209700,0.090000,2.330000,1.330000,0.213400,1.180000,0.407007,1.841177,0.030303,0.209700,0.120002,0.120002
-18.400000,-39.399994,3,0.203600,0.090000,2.330000,1.330000,0.246700,1.430000,0.384634,1.785987,0.030303,0.203600,0.116952,0.116952
-18.200001,-39.399994,3,0.227700,0.090000,2.670000,1.330000,0.239200,1.280000,0.403572,1.862386,0.030303,0.227700,0.129002,0.129002
-18.200001,-39.200012,4,0.166500,0.120000,2.500000,1.250000,0.220200,1.470000,0.386003,1.780442,0.040404,0.166500,0.103452,0.103452
-18.200001,-39.000000,3,0.174100,0.090000,2.330000,1.330000,0.264300,1.600000,0.376593,1.690964,0.030303,0.174100,0.102202,0.102202
-18.000000,-39.399994,4,0.254600,0.120000,2.750000,1.500000,0.198800,1.020000,0.428005,1.905866,0.040404,0.254600,0.147502,0.147502
-18.000000,-39.200012,4,0.268900,0.120000,2.750000,1.500000,0.235200,1.330000,0.412880,1.824537,0.040404,0.268900,0.154652,0.154652
-18.000000,-39.000000,3,0.208500,0.090000,2.330000,1.330000,0.281600,1.480000,0.398718,1.729094,0.030303,0.208500,0.119402,0.119402
-18.000000,-38.799988,3,0.178700,0.090000,2.000000,1.330000,0.240200,1.500000,0.382177,1.637309,0.030303,0.178700,0.104502,0.104502
-17.799999,-39.000000,3,0.196100,0.090000,2.000000,1.330000,0.242500,1.310000,0.397163,1.712443,0.030303,0.196100,0.113202,0.113202
-17.799999,-38.799988,2,0.221200,0.060000,2.500000,1.500000,0.245800,1.400000,0.373105,1.616846,0.020202,0.221200,0.120701,0.120701
-17.600000,-39.000000,2,0.187300,0.060000,2.500000,1.500000,0.187000,0.990000,0.386391,1.633249,0.020202,0.187300,0.103751,0.103751
-17.600000,-38.799988,1,0.300400,0.030000,2.000000,2.000000,0.276400,1.410000,0.359402,1.538098,0.010101,0.300400,0.155251,0.155251
-17.400000,-39.000000,2,0.159800,0.060000,2.000000,1.500000,0.156600,1.160000,0.378449,1.547085,0.020202,0.159800,0.090001,0.090001
-17.400000,-38.799988,1,0.260000,0.030000,2.000000,2.000000,0.256100,1.480000,0.351919,1.456344,0.010101,0.260000,0.135051,0.135051
-17.200001,-39.000000,2,0.176400,0.060000,2.000000,1.500000,0.170700,1.290000,0.374308,1.474319,0.020202,0.176400,0.098301,0.098301
-17.200001,-38.799988,1,0.242700,0.030000,2.000000,2.000000,0.226000,1.490000,0.341281,1.373565,0.010101,0.242700,0.126401,0.126401
-17.000000,-39.000000,2,0.192300,0.060000,2.500000,1.500000,0.172800,1.230000,0.372631,1.415185,0.020202,0.192300,0.106251,0.106251
-17.000000,-38.799988,1,0.169500,0.030000,2.000000,1.000000,0.199600,1.470000,0.337010,1.312467,0.010101,0.169500,0.089801,0.089801
-16.799999,-39.000000,2,0.192700,0.060000,2.500000,1.500000,0.159000,1.230000,0.371222,1.366177,0.020202,0.192700,0.106451,0.106451
-16.799999,-38.799988,1,0.187700,0.030000,2.000000,1.000000,0.184400,1.480000,0.340059,1.306837,0.010101,0.187700,0.098901,0.098901
-16.600000,-39.000000,2,0.194600,0.060000,3.000000,1.500000,0.138000,1.020000,0.378000,1.357535,0.020202,0.194600,0.107401,0.107401
-16.600000,-38.799988,1,0.203300,0.030000,2.000000,1.000000,0.183200,1.510000,0.343039,1.324238,0.010101,0.203300,0.106701,0.106701
-16.400000,-38.799988,1,0.218000,0.030000,2.000000,1.000000,0.192700,1.440000,0.353368,1.338481,0.010101,0.218000,0.114051,0.114051
-16.400000,-38.600006,1,0.186100,0.030000,2.000000,1.000000,0.149900,1.590000,0.333769,1.295215,0.010101,0.186100,0.098101,0.098101
-16.200001,-38.799988,1,0.222300,0.030000,2.000000,2.000000,0.206300,1.230000,0.366271,1.355504,0.010101,0.222300,0.116201,0.116201
-16.200001,-38.600006,1,0.200900,0.030000,2.000000,1.000000,0.161700,1.540000,0.342710,1.323611,0.010101,0.200900,0.105501,0.105501
-16.000000,-38.799988,2,0.139100,0.060000,2.500000,1.500000,0.141200,1.170000,0.370151,1.351447,0.020202,0.139100,0.079651,0.079651
-16.000000,-38.600006,1,0.183000,0.030000,2.000000,1.000000,0.137400,1.550000,0.340646,1.323896,0.010101,0.183000,0.096551,0.096551
-15.800000,-38.799988,1,0.148100,0.030000,2.000000,2.000000,0.121300,1.140000,0.357014,1.310747,0.010101,0.148100,0.079101,0.079101
-15.800000,-38.600006,0,0.000000,0.000000,,,,1.610000,0.327660,1.290048,0.000000,0.000000,0.000000,0.000000
-15.800000,-38.399994,0,0.000000,0.000000,,,,1.670000,0.322092,1.290004,0.000000,0.000000,0.000000,0.000000
-15.600000,-38.799988,1,0.125000,0.030000,2.000000,1.000000,0.082600,1.320000,0.346948,1.305100,0.010101,0.125000,0.067551,0.067551
-15.600000,-38.600006,0,0.000000,0.000000,,,,1.610000,0.324061,1.289537,0.000000,0.000000,0.000000,0.000000
-15.400000,-38.799988,0,0.000000,0.000000,,,,1.420000,0.340436,1.301436,0.000000,0.000000,0.000000,0.000000
-15.400000,-38.600006,0,0.000000,0.000000,,,,1.610000,0.322422,1.292143,0.000000,0.000000,0.000000,0.000000
-15.200000,-38.799988,0,0.000000,0.000000,,,,1.410000,0.334740,1.295797,0.000000,0.000000,0.000000,0.000000
-15.200000,-38.600006,0,0.000000,0.000000,,,,1.620000,0.320633,1.295563,0.000000,0.000000,0.000000,0.000000
-15.000000,-38.799988,0,0.000000,0.000000,,,,1.500000,0.329965,1.297176,0.000000,0.000000,0.000000,0.000000
-15.000000,-38.600006,0,0.000000,0.000000,,,,1.630000,0.320779,1.300468,0.000000,0.000000,0.000000,0.000000
-14.800000,-38.799988,0,0.000000,0.000000,,,,1.520000,0.327773,1.303494,0.000000,0.000000,0.000000,0.000000
-14.800000,-38.600006,0,0.000000,0.000000,,,,1.640000,0.322098,1.306485,0.000000,0.000000,0.000000,0.000000
-14.600000,-38.799988,0,0.000000,0.000000,,,,1.530000,0.328240,1.310174,0.000000,0.000000,0.000000,0.000000
-14.600000,-38.600006,1,0.017400,0.030000,11.000000,1.000000,0.067400,1.650000,0.323306,1.313147,0.010101,0.017400,0.013751,0.013751
-14.400000,-38.799988,1,0.015100,0.030000,1.000000,1.000000,0.011400,1.540000,0.329901,1.316916,0.010101,0.015100,0.012601,0.012601
-14.400000,-38.600006,1,0.031300,0.030000,12.000000,1.000000,0.080800,1.654000,0.323051,1.320095,0.010101,0.031300,0.020701,0.020701
-14.200000,-38.799988,1,0.019600,0.030000,1.000000,1.000000,0.015800,1.470000,0.333404,1.323417,0.010101,0.019600,0.014851,0.014851
-14.200000,-38.600006,1,0.056300,0.030000,11.000000,1.000000,0.079100,1.650000,0.323234,1.326971,0.010101,0.056300,0.033201,0.033201
-14.000000,-38.799988,1,0.057500,0.030000,1.000000,1.000000,0.017000,1.420000,0.339547,1.330248,0.010101,0.057500,0.033801,0.033801
-14.000000,-38.600006,1,0.159900,0.030000,11.000000,2.000000,0.120700,1.640000,0.324900,1.333567,0.010101,0.159900,0.085001,0.085001
-13.800000,-38.799988,1,0.116500,0.030000,2.000000,2.000000,0.071900,1.370000,0.346070,1.340700,0.010101,0.116500,0.063301,0.063301
-13.800000,-38.600006,1,0.181500,0.030000,11.000000,2.000000,0.118800,1.640000,0.326845,1.339513,0.010101,0.181500,0.095801,0.095801
-13.600000,-38.799988,1,0.072500,0.030000,1.000000,1.000000,0.067200,1.360000,0.351721,1.343764,0.010101,0.072500,0.041301,0.041301
-13.600000,-38.600006,1,0.206700,0.030000,2.000000,2.000000,0.122900,1.620000,0.328939,1.344172,0.010101,0.206700,0.108401,0.108401
-13.400000,-38.799988,1,0.070200,0.030000,1.000000,1.000000,0.109500,1.350000,0.356999,1.348290,0.010101,0.070200,0.040151,0.040151
-13.400000,-38.600006,1,0.218200,0.030000,2.000000,2.000000,0.128200,1.600000,0.336075,1.347042,0.010101,0.218200,0.114151,0.114151
-13.400000,-38.399994,1,0.207800,0.030000,7.000000,2.000000,0.126200,1.690000,0.321755,1.350069,0.010101,0.207800,0.108951,0.108951
-13.200000,-38.600006,1,0.106300,0.030000,1.000000,1.000000,0.134400,1.544000,0.355094,1.351313,0.010101,0.106300,0.058201,0.058201
-13.200000,-38.399994,1,0.223500,0.030000,2.000000,2.000000,0.134600,1.650000,0.332740,1.350203,0.010101,0.223500,0.116801,0.116801
-13.200000,-38.200012,1,0.204500,0.030000,7.000000,2.000000,0.127100,1.710000,0.316887,1.350511,0.010101,0.204500,0.107301,0.107301
-13.200000,-38.000000,1,0.075300,0.030000,5.000000,1.000000,0.050700,1.760000,0.305610,1.350577,0.010101,0.075300,0.042701,0.042701
-13.000000,-38.399994,1,0.105300,0.030000,1.000000,1.000000,0.128900,1.520000,0.361607,1.348136,0.010101,0.105300,0.057701,0.057701
-13.000000,-38.200012,1,0.164100,0.030000,2.000000,2.000000,0.097400,1.660000,0.334849,1.348924,0.010101,0.164100,0.087101,0.087101
-13.000000,-38.000000,1,0.061500,0.030000,6.000000,1.000000,0.044500,1.730000,0.313425,1.349592,0.010101,0.061500,0.035801,0.035801
-13.000000,-37.799988,1,0.018500,0.030000,5.000000,1.000000,0.036100,1.780000,0.299842,1.350038,0.010101,0.018500,0.014301,0.014301
-12.800000,-38.000000,1,0.035500,0.030000,1.000000,1.000000,0.014700,1.670000,0.332342,1.349560,0.010101,0.035500,0.022801,0.022801
-12.800000,-37.799988,1,0.018700,0.030000,6.000000,1.000000,0.036300,1.750000,0.308603,1.349639,0.010101,0.018700,0.014401,0.014401
-12.600000,-37.799988,0,0.000000,0.000000,,,,1.690000,0.326460,1.349527,0.000000,0.000000,0.000000,0.000000
-12.600000,-37.600006,0,0.000000,0.000000,,,,1.780000,0.302902,1.351438,0.000000,0.000000,0.000000,0.000000
-12.400000,-37.799988,0,0.000000,0.000000,,,,1.430000,0.344245,1.373806,0.000000,0.000000,0.000000,0.000000
-12.400000,-37.600006,0,0.000000,0.000000,,,,1.720000,0.317787,1.352773,0.000000,0.000000,0.000000,0.000000
-12.400000,-37.399994,0,0.000000,0.000000,,,,1.810000,0.295176,1.354573,0.000000,0.000000,0.000000,0.000000
-12.200000,-37.600006,0,0.000000,0.000000,,,,1.590000,0.335733,1.360619,0.000000,0.000000,0.000000,0.000000
-12.200000,-37.399994,0,0.000000,0.000000,,,,1.760000,0.307600,1.356948,0.000000,0.000000,0.000000,0.000000
-12.000000,-37.399994,0,0.000000,0.000000,,,,1.710000,0.323159,1.359817,0.000000,0.000000,0.000000,0.000000
-12.000000,-37.200012,0,0.000000,0.000000,,,,1.810000,0.298409,1.360825,0.000000,0.000000,0.000000,0.000000
-11.800000,-37.399994,0,0.000000,0.000000,,,,1.610000,0.335567,1.370144,0.000000,0.000000,0.000000,0.000000
-11.800000,-37.200012,0,0.000000,0.000000,,,,1.770000,0.309568,1.363171,0.000000,0.000000,0.000000,0.000000
-11.600000,-37.399994,0,0.000000,0.000000,,,,1.490000,0.345132,1.602126,0.000000,0.000000,0.000000,0.000000
-11.600000,-37.200012,0,0.000000,0.000000,,,,1.670000,0.325711,1.365042,0.000000,0.000000,0.000000,0.000000
-11.600000,-37.000000,0,0.000000,0.000000,,,,1.810000,0.304023,1.365911,0.000000,0.000000,0.000000,0.000000
-11.400000,-37.200012,0,0.000000,0.000000,,,,1.500000,0.339389,1.388061,0.000000,0.000000,0.000000,0.000000
-11.400000,-37.000000,0,0.000000,0.000000,,,,1.770000,0.318335,1.367612,0.000000,0.000000,0.000000,0.000000
-11.400000,-36.799988,0,0.000000,0.000000,,,,1.840000,0.299890,1.368654,0.000000,0.000000,0.000000,0.000000
-11.200000,-37.000000,0,0.000000,0.000000,,,,1.620000,0.335181,1.376672,0.000000,0.000000,0.000000,0.000000
-11.200000,-36.799988,0,0.000000,0.000000,,,,1.800000,0.314188,1.370282,0.000000,0.000000,0.000000,0.000000
-11.000000,-37.000000,0,0.000000,0.000000,,,,1.180000,0.347594,1.390123,0.000000,0.000000,0.000000,0.000000
-11.000000,-36.799988,0,0.000000,0.000000,,,,1.760000,0.333410,1.374372,0.000000,0.000000,0.000000,0.000000
-11.000000,-36.600006,0,0.000000,0.000000,,,,1.820000,0.314915,1.372764,0.000000,0.000000,0.000000,0.000000
-10.800000,-36.799988,0,0.000000,0.000000,,,,1.350000,0.349729,1.392731,0.000000,0.000000,0.000000,0.000000
-10.800000,-36.600006,0,0.000000,0.000000,,,,1.710000,0.335536,1.394202,0.000000,0.000000,0.000000,0.000000
-10.800000,-36.399994,0,0.000000,0.000000,,,,1.810000,0.316753,1.377530,0.000000,0.000000,0.000000,0.000000
-10.800000,-36.200012,0,0.000000,0.000000,,,,1.870000,0.298323,1.378938,0.000000,0.000000,0.000000,0.000000
-10.600000,-36.600006,0,0.000000,0.000000,,,,1.500000,0.354631,1.422749,0.000000,0.000000,0.000000,0.000000
-10.600000,-36.399994,0,0.000000,0.000000,,,,1.690000,0.341647,1.388460,0.000000,0.000000,0.000000,0.000000
-10.600000,-36.200012,0,0.000000,0.000000,,,,1.810000,0.319668,1.383781,0.000000,0.000000,0.000000,0.000000
-10.600000,-36.000000,0,0.000000,0.000000,,,,1.890000,0.296940,1.384103,0.000000,0.000000,0.000000,0.000000
-10.400000,-36.200012,0,0.000000,0.000000,,,,1.560000,0.333720,1.416001,0.000000,0.000000,0.000000,0.000000
-10.400000,-36.000000,0,0.000000,0.000000,,,,1.820000,0.315683,1.388901,0.000000,0.000000,0.000000,0.000000
-10.400000,-35.799988,0,0.000000,0.000000,,,,1.900000,0.292982,1.389181,0.000000,0.000000,0.000000,0.000000
-10.200000,-36.000000,0,0.000000,0.000000,,,,1.640000,0.331763,1.411976,0.000000,0.000000,0.000000,0.000000
-10.200000,-35.799988,0,0.000000,0.000000,,,,1.850000,0.309885,1.392141,0.000000,0.000000,0.000000,0.000000
-10.200000,-35.600006,0,0.000000,0.000000,,,,1.910000,0.288784,1.393638,0.000000,0.000000,0.000000,0.000000
-10.000000,-35.799988,0,0.000000,0.000000,,,,1.640000,0.325988,1.405856,0.000000,0.000000,0.000000,0.000000
-10.000000,-35.600006,0,0.000000,0.000000,,,,1.860000,0.305764,1.396168,0.000000,0.000000,0.000000,0.000000
-10.000000,-35.399994,0,0.000000,0.000000,,,,1.930000,0.284462,1.398335,0.000000,0.000000,0.000000,0.000000
-9.800000,-35.799988,0,0.000000,0.000000,,,,1.740000,0.335752,1.436392,0.000000,0.000000,0.000000,0.000000
-9.800000,-35.600006,0,0.000000,0.000000,,,,1.790000,0.320581,1.418245,0.000000,0.000000,0.000000,0.000000
-9.800000,-35.399994,0,0.000000,0.000000,,,,1.870000,0.300485,1.403642,0.000000,0.000000,0.000000,0.000000
-9.600000,-35.600006,0,0.000000,0.000000,,,,1.310000,0.329686,1.525435,0.000000,0.000000,0.000000,0.000000
-9.600000,-35.399994,0,0.000000,0.000000,,,,1.740000,0.314182,1.439302,0.000000,0.000000,0.000000,0.000000
-9.600000,-35.200012,0,0.000000,0.000000,,,,1.850000,0.292354,1.407447,0.000000,0.000000,0.000000,0.000000
-9.400000,-35.399994,0,0.000000,0.000000,,,,1.250000,0.323708,1.505995,0.000000,0.000000,0.000000,0.000000
-9.400000,-35.200012,0,0.000000,0.000000,,,,1.760000,0.302802,1.442442,0.000000,0.000000,0.000000,0.000000
-9.400000,-35.000000,0,0.000000,0.000000,,,,1.890000,0.279882,1.408616,0.000000,0.000000,0.000000,0.000000
-9.200000,-35.200012,0,0.000000,0.000000,,,,1.510000,0.312326,1.488888,0.000000,0.000000,0.000000,0.000000
-9.200000,-35.000000,0,0.000000,0.000000,,,,1.820000,0.291298,1.427484,0.000000,0.000000,0.000000,0.000000
-9.200000,-34.799988,0,0.000000,0.000000,,,,1.940000,0.268426,1.414111,0.000000,0.000000,0.000000,0.000000
-9.000000,-35.000000,0,0.000000,0.000000,,,,1.740000,0.300754,1.441883,0.000000,0.000000,0.000000,0.000000
-9.000000,-34.799988,0,0.000000,0.000000,,,,1.900000,0.277685,1.417307,0.000000,0.000000,0.000000,0.000000
-8.800000,-35.000000,0,0.000000,0.000000,,,,1.610000,0.307443,1.461161,0.000000,0.000000,0.000000,0.000000
-8.800000,-34.799988,0,0.000000,0.000000,,,,1.860000,0.284474,1.421714,0.000000,0.000000,0.000000,0.000000
-8.600000,-34.799988,0,0.000000,0.000000,,,,1.810000,0.290891,1.436247,0.000000,0.000000,0.000000,0.000000
-8.600000,-34.600006,1,0.008400,0.030000,7.000000,1.000000,0.123500,1.960000,0.267868,1.424191,0.010101,0.008400,0.009251,0.009251
-8.400000,-34.799988,0,0.000000,0.000000,,,,1.630000,0.296444,1.448603,0.000000,0.000000,0.000000,0.000000
-8.400000,-34.600006,1,0.013700,0.030000,8.000000,1.000000,0.119300,1.910000,0.271602,1.429391,0.010101,0.013700,0.011901,0.011901
-8.200000,-34.799988,0,0.000000,0.000000,,,,1.720000,0.301650,1.464965,0.000000,0.000000,0.000000,0.000000
-8.200000,-34.600006,1,0.017500,0.030000,6.000000,1.000000,0.109200,1.870000,0.276632,1.436222,0.010101,0.017500,0.013801,0.013801
-8.000000,-34.799988,0,0.000000,0.000000,,,,1.600000,0.303502,1.481607,0.000000,0.000000,0.000000,0.000000
-8.000000,-34.600006,1,0.020000,0.030000,6.000000,1.000000,0.102400,1.810000,0.280099,1.459484,0.010101,0.020000,0.015051,0.015051
-8.000000,-34.399994,0,0.000000,0.000000,,,,1.980000,0.258550,1.445025,0.000000,0.000000,0.000000,0.000000
-7.800000,-34.799988,0,0.000000,0.000000,,,,1.460000,0.304390,1.506723,0.000000,0.000000,0.000000,0.000000
-7.800000,-34.600006,1,0.021600,0.030000,7.000000,1.000000,0.080800,1.700000,0.282453,1.478786,0.010101,0.021600,0.015851,0.015851
-7.800000,-34.399994,0,0.000000,0.000000,,,,1.970000,0.260060,1.453005,0.000000,0.000000,0.000000,0.000000
-7.600000,-34.799988,1,0.025500,0.030000,5.000000,1.000000,0.004800,1.180000,0.302577,1.572820,0.010101,0.025500,0.017801,0.017801
-7.600000,-34.600006,1,0.022200,0.030000,5.000000,1.000000,0.049000,1.560000,0.283730,1.495883,0.010101,0.022200,0.016151,0.016151
-7.600000,-34.399994,0,0.000000,0.000000,,,,1.960000,0.260493,1.457574,0.000000,0.000000,0.000000,0.000000
-7.400000,-34.600006,1,0.034300,0.030000,3.000000,1.000000,0.053800,1.630000,0.280675,1.500972,0.010101,0.034300,0.022201,0.022201
-7.400000,-34.399994,0,0.000000,0.000000,,,,1.960000,0.258455,1.462508,0.000000,0.000000,0.000000,0.000000
-7.200000,-34.600006,1,0.041700,0.030000,4.000000,1.000000,0.058400,1.720000,0.273220,1.504667,0.010101,0.041700,0.025901,0.025901
-7.200000,-34.399994,0,0.000000,0.000000,,,,1.960000,0.252366,1.468047,0.000000,0.000000,0.000000,0.000000
-7.000000,-34.799988,0,0.000000,0.000000,,,,1.190000,0.286656,1.546305,0.000000,0.000000,0.000000,0.000000
-7.000000,-34.600006,1,0.039200,0.030000,3.000000,1.000000,0.046800,1.810000,0.269965,1.490822,0.010101,0.039200,0.024651,0.024651
-7.000000,-34.399994,0,0.000000,0.000000,,,,1.964000,0.255742,1.474373,0.000000,0.000000,0.000000,0.000000
-6.800000,-34.799988,1,0.029400,0.030000,3.000000,1.000000,0.033000,1.240000,0.281148,1.525076,0.010101,0.029400,0.019751,0.019751
-6.800000,-34.600006,0,0.000000,0.000000,,,,1.890000,0.264126,1.483497,0.000000,0.000000,0.000000,0.000000
-6.600000,-34.799988,1,0.053900,0.030000,3.000000,1.000000,0.026000,1.620000,0.278639,1.505313,0.010101,0.053900,0.032001,0.032001
-6.600000,-34.600006,0,0.000000,0.000000,,,,1.910000,0.256825,1.486998,0.000000,0.000000,0.000000,0.000000
-6.400000,-34.799988,1,0.066200,0.030000,3.000000,1.000000,0.035300,1.770000,0.276355,1.497272,0.010101,0.066200,0.038151,0.038151
-6.400000,-34.600006,1,0.066200,0.030000,3.000000,1.000000,0.033000,1.960000,0.258015,1.491658,0.010101,0.066200,0.038151,0.038151
-6.200000,-35.000000,1,0.046600,0.030000,3.000000,1.000000,0.007500,1.280000,0.287636,1.519458,0.010101,0.046600,0.028351,0.028351
-6.200000,-34.799988,1,0.066200,0.030000,3.000000,1.000000,0.033000,1.840000,0.268346,1.497613,0.010101,0.066200,0.038151,0.038151
-6.200000,-34.600006,0,0.000000,0.000000,,,,2.000000,0.253993,1.496253,0.000000,0.000000,0.000000,0.000000
-6.000000,-35.000000,1,0.058800,0.030000,3.000000,1.000000,0.021400,1.650000,0.286105,1.516990,0.010101,0.058800,0.034451,0.034451
-6.000000,-34.799988,1,0.066200,0.030000,3.000000,1.000000,0.030700,1.910000,0.267097,1.503050,0.010101,0.066200,0.038151,0.038151
-5.800000,-35.000000,1,0.076000,0.030000,3.000000,1.000000,0.035300,1.670000,0.282479,1.509022,0.010101,0.076000,0.043051,0.043051
-5.800000,-34.799988,1,0.073500,0.030000,3.000000,1.000000,0.033000,1.960000,0.259696,1.506931,0.010101,0.073500,0.041801,0.041801
-5.600000,-35.000000,1,0.083300,0.030000,3.000000,1.000000,0.042200,1.780000,0.276376,1.513292,0.010101,0.083300,0.046701,0.046701
-5.600000,-34.799988,0,0.000000,0.000000,,,,2.010000,0.255109,1.511965,0.000000,0.000000,0.000000,0.000000
-5.400000,-35.200012,0,0.000000,0.000000,,,,1.780000,0.279171,1.605680,0.000000,0.000000,0.000000,0.000000
-5.400000,-35.000000,1,0.088200,0.030000,3.000000,1.000000,0.046800,1.940000,0.266148,1.520551,0.010101,0.088200,0.049151,0.049151
-5.400000,-34.799988,0,0.000000,0.000000,,,,2.050000,0.250165,1.516327,0.000000,0.000000,0.000000,0.000000
-5.200000,-35.399994,0,0.000000,0.000000,,,,1.650000,0.261810,1.738510,0.000000,0.000000,0.000000,0.000000
-5.200000,-35.200012,0,0.000000,0.000000,,,,1.820000,0.258816,1.594263,0.000000,0.000000,0.000000,0.000000
-5.200000,-35.000000,1,0.088200,0.030000,3.000000,1.000000,0.046800,2.000000,0.255318,1.530478,0.010101,0.088200,0.049151,0.049151
-5.000000,-36.600006,0,0.000000,0.000000,,,,1.260000,0.274696,1.840329,0.000000,0.000000,0.000000,0.000000
-5.000000,-36.200012,0,0.000000,0.000000,,,,1.210000,0.259894,1.970770,0.000000,0.000000,0.000000,0.000000
-5.000000,-35.600006,0,0.000000,0.000000,,,,1.560000,0.253028,1.697200,0.000000,0.000000,0.000000,0.000000
-5.000000,-35.399994,0,0.000000,0.000000,,,,1.730000,0.249514,1.649420,0.000000,0.000000,0.000000,0.000000
-5.000000,-35.200012,0,0.000000,0.000000,,,,1.894000,0.243809,1.587488,0.000000,0.000000,0.000000,0.000000
-5.000000,-35.000000,0,0.000000,0.000000,,,,2.020000,0.233161,1.545186,0.000000,0.000000,0.000000,0.000000
-4.800000,-37.200012,0,0.000000,0.000000,,,,1.570000,0.303670,2.560722,0.000000,0.000000,0.000000,0.000000
-4.800000,-37.000000,0,0.000000,0.000000,,,,1.600000,0.287392,1.806893,0.000000,0.000000,0.000000,0.000000
-4.800000,-36.799988,0,0.000000,0.000000,,,,1.670000,0.278437,1.737330,0.000000,0.000000,0.000000,0.000000
-4.800000,-36.600006,0,0.000000,0.000000,,,,1.710000,0.270272,1.683603,0.000000,0.000000,0.000000,0.000000
-4.800000,-36.399994,0,0.000000,0.000000,,,,1.720000,0.265168,1.627938,0.000000,0.000000,0.000000,0.000000
-4.800000,-36.200012,0,0.000000,0.000000,,,,1.730000,0.260402,1.615296,0.000000,0.000000,0.000000,0.000000
-4.800000,-36.000000,0,0.000000,0.000000,,,,1.740000,0.254793,1.610028,0.000000,0.000000,0.000000,0.000000
-4.800000,-35.799988,0,0.000000,0.000000,,,,1.780000,0.250103,1.612341,0.000000,0.000000,0.000000,0.000000
-4.800000,-35.600006,0,0.000000,0.000000,,,,1.840000,0.244513,1.618963,0.000000,0.000000,0.000000,0.000000
-4.800000,-35.399994,0,0.000000,0.000000,,,,1.920000,0.241009,1.603576,0.000000,0.000000,0.000000,0.000000
-4.600000,-37.399994,0,0.000000,0.000000,,,,1.360000,0.302927,1.853448,0.000000,0.000000,0.000000,0.000000
-4.600000,-37.200012,0,0.000000,0.000000,,,,1.710000,0.290823,1.780435,0.000000,0.000000,0.000000,0.000000
-4.600000,-37.000000,0,0.000000,0.000000,,,,1.830000,0.281652,1.678176,0.000000,0.000000,0.000000,0.000000
-4.600000,-36.799988,0,0.000000,0.000000,,,,1.870000,0.275912,1.631472,0.000000,0.000000,0.000000,0.000000
-4.600000,-36.600006,0,0.000000,0.000000,,,,1.880000,0.269258,1.626712,0.000000,0.000000,0.000000,0.000000
-4.600000,-36.000000,0,0.000000,0.000000,,,,1.900000,0.251411,1.610290,0.000000,0.000000,0.000000,0.000000
-4.400000,-37.600006,0,0.000000,0.000000,,,,1.550000,0.304831,1.858766,0.000000,0.000000,0.000000,0.000000
-4.400000,-37.399994,0,0.000000,0.000000,,,,1.770000,0.292583,1.779353,0.000000,0.000000,0.000000,0.000000
-4.400000,-37.200012,0,0.000000,0.000000,,,,1.860000,0.285390,1.666838,0.000000,0.000000,0.000000,0.000000
-4.400000,-37.000000,0,0.000000,0.000000,,,,1.910000,0.278722,1.636325,0.000000,0.000000,0.000000,0.000000
-4.200000,-37.799988,0,0.000000,0.000000,,,,1.440000,0.302333,1.854103,0.000000,0.000000,0.000000,0.000000
-4.200000,-37.600006,0,0.000000,0.000000,,,,1.690000,0.294261,1.782573,0.000000,0.000000,0.000000,0.000000
-4.200000,-37.399994,0,0.000000,0.000000,,,,1.880000,0.287046,1.690868,0.000000,0.000000,0.000000,0.000000
-4.200000,-32.600006,0,0.000000,0.000000,,,,2.120000,0.191014,1.490892,0.000000,0.000000,0.000000,0.000000
-4.200000,-32.399994,0,0.000000,0.000000,,,,2.100000,0.189782,1.484970,0.000000,0.000000,0.000000,0.000000
-4.200000,-32.200012,0,0.000000,0.000000,,,,2.130000,0.188994,1.479976,0.000000,0.000000,0.000000,0.000000
-4.000000,-38.000000,0,0.000000,0.000000,,,,1.520000,0.299081,1.836123,0.000000,0.000000,0.000000,0.000000
-4.000000,-37.799988,0,0.000000,0.000000,,,,1.660000,0.291603,1.772287,0.000000,0.000000,0.000000,0.000000
-4.000000,-37.600006,0,0.000000,0.000000,,,,1.850000,0.286349,1.693911,0.000000,0.000000,0.000000,0.000000
-4.000000,-32.799988,0,0.000000,0.000000,,,,2.140000,0.186986,1.500969,0.000000,0.000000,0.000000,0.000000
-4.000000,-32.600006,0,0.000000,0.000000,,,,2.110000,0.185238,1.493792,0.000000,0.000000,0.000000,0.000000
-4.000000,-32.399994,0,0.000000,0.000000,,,,2.080000,0.184024,1.487338,0.000000,0.000000,0.000000,0.000000
-4.000000,-32.200012,0,0.000000,0.000000,,,,2.120000,0.183355,1.482734,0.000000,0.000000,0.000000,0.000000
-4.000000,-32.000000,0,0.000000,0.000000,,,,2.150000,0.182195,1.477778,0.000000,0.000000,0.000000,0.000000
-3.800000,-38.200012,0,0.000000,0.000000,,,,1.560000,0.292145,1.806007,0.000000,0.000000,0.000000,0.000000
-3.800000,-38.000000,0,0.000000,0.000000,,,,1.720000,0.288368,1.755204,0.000000,0.000000,0.000000,0.000000
-3.800000,-32.799988,0,0.000000,0.000000,,,,2.070000,0.181734,1.505154,0.000000,0.000000,0.000000,0.000000
-3.800000,-32.600006,0,0.000000,0.000000,,,,2.000000,0.180644,1.501549,0.000000,0.000000,0.000000,0.000000
-3.800000,-32.399994,0,0.000000,0.000000,,,,1.980000,0.178420,1.497121,0.000000,0.000000,0.000000,0.000000
-3.800000,-32.200012,0,0.000000,0.000000,,,,2.120000,0.178403,1.486614,0.000000,0.000000,0.000000,0.000000
-3.800000,-32.000000,0,0.000000,0.000000,,,,2.140000,0.176334,1.481335,0.000000,0.000000,0.000000,0.000000
-3.600000,-38.600006,0,0.000000,0.000000,,,,1.450000,0.289752,1.784805,0.000000,0.000000,0.000000,0.000000
-3.600000,-38.399994,0,0.000000,0.000000,,,,1.610000,0.281734,1.769613,0.000000,0.000000,0.000000,0.000000
-3.600000,-38.200012,0,0.000000,0.000000,,,,1.740000,0.277686,1.730015,0.000000,0.000000,0.000000,0.000000
-3.600000,-38.000000,0,0.000000,0.000000,,,,1.830000,0.276373,1.678095,0.000000,0.000000,0.000000,0.000000
-3.600000,-32.799988,0,0.000000,0.000000,,,,2.070000,0.176641,1.508328,0.000000,0.000000,0.000000,0.000000
-3.600000,-32.600006,0,0.000000,0.000000,,,,2.020000,0.175778,1.503295,0.000000,0.000000,0.000000,0.000000
-3.600000,-32.399994,0,0.000000,0.000000,,,,2.000000,0.174168,1.497304,0.000000,0.000000,0.000000,0.000000
-3.600000,-32.200012,0,0.000000,0.000000,,,,2.080000,0.172518,1.490777,0.000000,0.000000,0.000000,0.000000
-3.600000,-32.000000,0,0.000000,0.000000,,,,2.140000,0.171446,1.484888,0.000000,0.000000,0.000000,0.000000
-3.400000,-38.799988,0,0.000000,0.000000,,,,1.600000,0.287466,1.759959,0.000000,0.000000,0.000000,0.000000
-3.400000,-38.600006,0,0.000000,0.000000,,,,1.710000,0.278273,1.737820,0.000000,0.000000,0.000000,0.000000
-3.400000,-38.399994,0,0.000000,0.000000,,,,1.800000,0.273267,1.707105,0.000000,0.000000,0.000000,0.000000
-3.400000,-38.200012,0,0.000000,0.000000,,,,1.860000,0.266918,1.671651,0.000000,0.000000,0.000000,0.000000
-3.400000,-32.399994,0,0.000000,0.000000,,,,2.040000,0.170854,1.499928,0.000000,0.000000,0.000000,0.000000
-3.200000,-39.200012,0,0.000000,0.000000,,,,1.350000,0.290907,1.774932,0.000000,0.000000,0.000000,0.000000
-3.200000,-39.000000,0,0.000000,0.000000,,,,1.630000,0.284611,1.737566,0.000000,0.000000,0.000000,0.000000
-3.200000,-38.799988,0,0.000000,0.000000,,,,1.780000,0.277220,1.704213,0.000000,0.000000,0.000000,0.000000
-3.200000,-38.600006,0,0.000000,0.000000,,,,1.860000,0.269571,1.666362,0.000000,0.000000,0.000000,0.000000
-3.000000,-39.399994,0,0.000000,0.000000,,,,1.510000,0.285497,1.803254,0.000000,0.000000,0.000000,0.000000
-3.000000,-39.200012,0,0.000000,0.000000,,,,1.680000,0.278600,1.733309,0.000000,0.000000,0.000000,0.000000
-3.000000,-39.000000,0,0.000000,0.000000,,,,1.830000,0.272225,1.680708,0.000000,0.000000,0.000000,0.000000
-3.000000,-38.799988,0,0.000000,0.000000,,,,1.880000,0.270362,1.646006,0.000000,0.000000,0.000000,0.000000
-2.800000,-41.600006,1,0.022600,0.030000,24.000000,1.000000,0.030900,0.900000,0.302969,2.004612,0.010101,0.022600,0.016351,0.016351
-2.800000,-41.399994,1,0.013200,0.030000,25.000000,1.000000,0.017100,1.020000,0.290566,2.015229,0.010101,0.013200,0.011651,0.011651
-2.800000,-41.200012,0,0.000000,0.000000,,,,1.290000,0.282763,2.013555,0.000000,0.000000,0.000000,0.000000
-2.800000,-41.000000,0,0.000000,0.000000,,,,1.230000,0.277108,2.007533,0.000000,0.000000,0.000000,0.000000
-2.800000,-40.799988,0,0.000000,0.000000,,,,1.150000,0.271163,1.997641,0.000000,0.000000,0.000000,0.000000
-2.800000,-40.600006,0,0.000000,0.000000,,,,1.150000,0.264294,1.984487,0.000000,0.000000,0.000000,0.000000
-2.800000,-40.399994,0,0.000000,0.000000,,,,1.300000,0.260045,1.956000,0.000000,0.000000,0.000000,0.000000
-2.800000,-40.200012,0,0.000000,0.000000,,,,1.420000,0.256324,1.943465,0.000000,0.000000,0.000000,0.000000
-2.800000,-40.000000,1,0.012100,0.030000,1.000000,1.000000,0.008500,1.510000,0.257942,1.948853,0.010101,0.012100,0.011101,0.011101
-2.800000,-39.799988,1,0.024100,0.030000,22.000000,1.000000,0.020500,1.600000,0.272707,1.899586,0.010101,0.024100,0.017101,0.017101
-2.800000,-39.600006,1,0.049100,0.030000,25.000000,1.000000,0.048900,1.690000,0.277403,1.832702,0.010101,0.049100,0.029601,0.029601
-2.800000,-39.399994,1,0.049800,0.030000,23.000000,1.000000,0.063500,1.760000,0.274029,1.764647,0.010101,0.049800,0.029951,0.029951
-2.800000,-39.200012,0,0.000000,0.000000,,,,1.850000,0.271023,1.691989,0.000000,0.000000,0.000000,0.000000
-2.600000,-42.399994,1,0.063700,0.030000,24.000000,2.000000,0.107100,1.300000,0.318687,1.975753,0.010101,0.063700,0.036901,0.036901
-2.600000,-42.200012,1,0.062300,0.030000,24.000000,2.000000,0.087200,1.270000,0.306793,1.951352,0.010101,0.062300,0.036201,0.036201
-2.600000,-42.000000,1,0.037600,0.030000,25.000000,1.000000,0.075600,1.250000,0.299628,1.930328,0.010101,0.037600,0.023851,0.023851
-2.600000,-41.799988,1,0.038500,0.030000,23.000000,1.000000,0.071800,1.280000,0.297077,1.928852,0.010101,0.038500,0.024301,0.024301
-2.600000,-41.600006,1,0.034700,0.030000,25.000000,1.000000,0.061200,1.470000,0.289877,1.934676,0.010101,0.034700,0.022401,0.022401
-2.600000,-41.399994,1,0.029900,0.030000,30.000000,1.000000,0.041700,1.294000,0.282455,1.938719,0.010101,0.029900,0.020001,0.020001
-2.600000,-41.200012,1,0.025900,0.030000,29.000000,1.000000,0.050300,1.630000,0.275338,1.937048,0.010101,0.025900,0.018001,0.018001
-2.600000,-41.000000,1,0.025900,0.030000,30.000000,1.000000,0.029500,1.550000,0.271859,1.940247,0.010101,0.025900,0.018001,0.018001
-2.600000,-40.799988,1,0.024400,0.030000,31.000000,1.000000,0.048900,1.450000,0.264979,1.934839,0.010101,0.024400,0.017251,0.017251
-2.600000,-40.600006,1,0.024300,0.030000,30.000000,1.000000,0.058000,1.730000,0.260878,1.928443,0.010101,0.024300,0.017201,0.017201
-2.600000,-40.399994,1,0.023400,0.030000,19.000000,1.000000,0.043200,1.760000,0.254669,1.917338,0.010101,0.023400,0.016751,0.016751
-2.600000,-40.200012,1,0.026500,0.030000,19.000000,1.000000,0.039300,1.770000,0.251462,1.902774,0.010101,0.026500,0.018301,0.018301
-2.600000,-40.000000,1,0.044200,0.030000,19.000000,1.000000,0.051400,1.760000,0.250493,1.873120,0.010101,0.044200,0.027151,0.027151
-2.600000,-39.799988,1,0.060300,0.030000,24.000000,1.000000,0.066700,1.770000,0.255257,1.825626,0.010101,0.060300,0.035201,0.035201
-2.600000,-39.600006,1,0.064400,0.030000,24.000000,1.000000,0.073000,1.800000,0.264964,1.768004,0.010101,0.064400,0.037251,0.037251
-2.400000,-44.200012,1,0.237300,0.030000,23.000000,2.000000,0.161800,0.690000,0.381012,2.614275,0.010101,0.237300,0.123701,0.123701
-2.400000,-44.000000,1,0.204400,0.030000,18.000000,2.000000,0.161200,0.900000,0.361947,3.150891,0.010101,0.204400,0.107251,0.107251
-2.400000,-43.000000,2,0.040000,0.060000,14.500000,1.500000,0.069500,1.210000,0.328682,2.001206,0.020202,0.040000,0.030101,0.030101
-2.400000,-42.799988,1,0.082100,0.030000,22.000000,2.000000,0.109900,1.490000,0.319491,1.955848,0.010101,0.082100,0.046101,0.046101
-2.400000,-42.600006,2,0.047200,0.060000,17.000000,1.500000,0.088000,1.590000,0.311484,1.913208,0.020202,0.047200,0.033701,0.033701
-2.400000,-42.399994,1,0.154000,0.030000,27.000000,2.000000,0.146300,1.800000,0.303866,1.879237,0.010101,0.154000,0.082051,0.082051
-2.400000,-42.200012,1,0.165900,0.030000,28.000000,2.000000,0.136800,1.820000,0.296249,1.852244,0.010101,0.165900,0.088001,0.088001
-2.400000,-42.000000,1,0.080800,0.030000,27.000000,1.000000,0.109700,1.820000,0.289987,1.827438,0.010101,0.080800,0.045451,0.045451
-2.400000,-41.799988,1,0.085000,0.030000,30.000000,1.000000,0.109100,1.840000,0.286318,1.811669,0.010101,0.085000,0.047551,0.047551
-2.400000,-41.600006,1,0.076500,0.030000,35.000000,1.000000,0.107900,1.870000,0.280713,1.800203,0.010101,0.076500,0.043301,0.043301
-2.400000,-40.799988,1,0.042800,0.030000,33.000000,1.000000,0.085100,1.920000,0.260712,1.826859,0.010101,0.042800,0.026451,0.026451
-2.400000,-40.600006,1,0.052000,0.030000,26.000000,1.000000,0.091500,1.900000,0.257033,1.813602,0.010101,0.052000,0.031051,0.031051
-2.400000,-40.399994,1,0.059200,0.030000,26.000000,1.000000,0.089000,1.880000,0.252670,1.802334,0.010101,0.059200,0.034651,0.034651
-2.400000,-40.200012,1,0.065400,0.030000,22.000000,1.000000,0.092600,1.880000,0.246997,1.789460,0.010101,0.065400,0.037751,0.037751
-2.400000,-40.000000,1,0.070200,0.030000,19.000000,1.000000,0.092500,1.890000,0.245369,1.769113,0.010101,0.070200,0.040151,0.040151
-2.200000,-44.200012,1,0.290500,0.030000,22.000000,2.000000,0.220200,1.200000,0.366039,2.693342,0.010101,0.290500,0.150301,0.150301
-2.200000,-44.000000,1,0.228200,0.030000,18.000000,2.000000,0.217100,1.430000,0.351695,2.664917,0.010101,0.228200,0.119151,0.119151
-2.200000,-43.799988,1,0.142100,0.030000,25.000000,2.000000,0.173500,1.480000,0.340738,2.623215,0.010101,0.142100,0.076101,0.076101
-2.200000,-43.600006,1,0.077000,0.030000,28.000000,1.000000,0.196600,1.550000,0.332339,2.320195,0.010101,0.077000,0.043551,0.043551
-2.200000,-43.399994,1,0.175700,0.030000,21.000000,2.000000,0.208200,1.630000,0.325567,2.197052,0.010101,0.175700,0.092901,0.092901
-2.200000,-43.200012,1,0.199800,0.030000,23.000000,2.000000,0.200500,1.740000,0.319840,2.034414,0.010101,0.199800,0.104951,0.104951
-2.200000,-43.000000,2,0.100200,0.060000,14.500000,1.500000,0.131600,1.740000,0.313301,1.929457,0.020202,0.100200,0.060201,0.060201
-2.200000,-42.799988,2,0.104700,0.060000,15.500000,1.500000,0.138000,1.800000,0.306494,1.845262,0.020202,0.104700,0.062451,0.062451
-2.200000,-42.600006,2,0.100400,0.060000,15.500000,1.500000,0.131400,1.870000,0.299594,1.783193,0.020202,0.100400,0.060301,0.060301
-2.000000,-44.399994,1,0.282700,0.030000,23.000000,2.000000,0.183600,0.860000,0.376871,2.759919,0.010101,0.282700,0.146401,0.146401
-2.000000,-44.200012,1,0.272600,0.030000,19.000000,2.000000,0.197200,1.330000,0.356962,2.703656,0.010101,0.272600,0.141351,0.141351
-2.000000,-44.000000,1,0.246700,0.030000,23.000000,2.000000,0.209200,1.560000,0.343638,2.603690,0.010101,0.246700,0.128401,0.128401
-2.000000,-43.799988,1,0.231200,0.030000,31.000000,2.000000,0.223600,1.650000,0.333408,2.458520,0.010101,0.231200,0.120651,0.120651
-2.000000,-43.600006,1,0.255800,0.030000,31.000000,2.000000,0.254800,1.720000,0.325320,2.261335,0.010101,0.255800,0.132951,0.132951
-2.000000,-43.399994,1,0.252400,0.030000,29.000000,3.000000,0.240900,1.810000,0.318332,2.084741,0.010101,0.252400,0.131251,0.131251
-2.000000,-43.200012,1,0.250300,0.030000,29.000000,2.000000,0.217700,1.840000,0.312752,1.924317,0.010101,0.250300,0.130201,0.130201
-2.000000,-43.000000,2,0.127900,0.060000,15.000000,1.500000,0.157700,1.870000,0.307773,1.815630,0.020202,0.127900,0.074051,0.074051
-1.800000,-44.399994,1,0.218100,0.030000,26.000000,2.000000,0.157700,0.930000,0.360235,2.786406,0.010101,0.218100,0.114101,0.114101
-1.800000,-44.200012,1,0.223300,0.030000,22.000000,2.000000,0.187200,1.450000,0.347553,2.659747,0.010101,0.223300,0.116701,0.116701
-1.600000,-44.600006,1,0.154600,0.030000,28.000000,2.000000,0.143900,0.740000,0.342586,2.888404,0.010101,0.154600,0.082351,0.082351
-1.600000,-44.399994,1,0.182500,0.030000,31.000000,2.000000,0.148100,0.990000,0.337728,2.736742,0.010101,0.182500,0.096301,0.096301
-1.600000,-44.200012,1,0.234100,0.030000,32.000000,2.000000,0.222500,1.460000,0.333509,2.558309,0.010101,0.234100,0.122101,0.122101
-1.400000,-48.600006,2,0.000000,0.060000,1.500000,1.000000,0.000000,0.140000,0.498580,3.063851,0.020202,0.000000,0.010101,0.010101
-1.400000,-45.200012,2,0.044100,0.060000,9.500000,1.000000,0.072300,0.760000,0.317464,4.057414,0.020202,0.044100,0.032151,0.032151
-1.400000,-45.000000,1,0.033700,0.030000,27.000000,1.000000,0.097100,0.770000,0.311316,4.085818,0.010101,0.033700,0.021901,0.021901
-1.400000,-44.799988,1,0.128300,0.030000,29.000000,2.000000,0.124200,0.900000,0.306227,2.990314,0.010101,0.128300,0.069201,0.069201
-1.400000,-44.600006,1,0.115200,0.030000,36.000000,2.000000,0.131600,0.930000,0.308229,2.763478,0.010101,0.115200,0.062651,0.062651
-1.400000,-44.399994,1,0.139800,0.030000,37.000000,1.000000,0.202800,1.270000,0.314900,2.615062,0.010101,0.139800,0.074951,0.074951
-1.200000,-48.600006,1,0.019300,0.030000,1.000000,1.000000,0.015600,0.220000,0.493287,2.932690,0.010101,0.019300,0.014701,0.014701
-1.200000,-45.600006,0,0.000000,0.000000,,,,0.860000,0.318606,4.560236,0.000000,0.000000,0.000000,0.000000
-1.200000,-45.399994,1,0.054500,0.030000,22.000000,1.000000,0.153800,1.260000,0.313544,2.918687,0.010101,0.054500,0.032301,0.032301
-1.200000,-45.200012,1,0.159000,0.030000,26.000000,2.000000,0.148700,1.244000,0.307394,2.954317,0.010101,0.159000,0.084551,0.084551
-1.200000,-45.000000,1,0.102200,0.030000,27.000000,1.000000,0.192000,1.230000,0.301003,2.840690,0.010101,0.102200,0.056151,0.056151
-1.200000,-44.799988,1,0.132500,0.030000,35.000000,1.000000,0.220900,1.370000,0.296763,2.736868,0.010101,0.132500,0.071301,0.071301
-1.200000,-44.600006,1,0.147200,0.030000,39.000000,1.000000,0.221200,1.400000,0.296139,2.608679,0.010101,0.147200,0.078651,0.078651
-1.000000,-48.399994,0,0.000000,0.000000,,,,0.440000,0.479411,3.092678,0.000000,0.000000,0.000000,0.000000
-1.000000,-46.000000,0,0.000000,0.000000,,,,0.990000,0.318455,3.031009,0.000000,0.000000,0.000000,0.000000
-1.000000,-45.799988,0,0.000000,0.000000,,,,1.180000,0.309667,2.968626,0.000000,0.000000,0.000000,0.000000
-1.000000,-45.600006,0,0.000000,0.000000,,,,1.320000,0.301767,2.928292,0.000000,0.000000,0.000000,0.000000
-1.000000,-45.399994,1,0.070100,0.030000,19.000000,1.000000,0.154700,1.400000,0.295966,2.860276,0.010101,0.070100,0.040101,0.040101
-1.000000,-45.200012,1,0.108700,0.030000,24.000000,1.000000,0.200800,1.350000,0.293307,2.797509,0.010101,0.108700,0.059401,0.059401
-1.000000,-45.000000,1,0.140600,0.030000,28.000000,1.000000,0.238200,1.330000,0.292209,2.715078,0.010101,0.140600,0.075351,0.075351
-1.000000,-44.799988,1,0.156500,0.030000,32.000000,1.000000,0.258000,1.340000,0.289010,2.588355,0.010101,0.156500,0.083301,0.083301
-1.000000,-44.600006,1,0.274300,0.030000,40.000000,2.000000,0.260800,1.350000,0.286142,2.451983,0.010101,0.274300,0.142201,0.142201
-0.800000,-48.399994,0,0.000000,0.000000,,,,0.610000,0.470553,3.195137,0.000000,0.000000,0.000000,0.000000
-0.800000,-48.200012,0,0.000000,0.000000,,,,0.520000,0.461940,3.260997,0.000000,0.000000,0.000000,0.000000
-0.800000,-46.600006,3,0.072400,0.090000,9.670000,1.000000,0.059500,1.090000,0.345432,3.112490,0.030303,0.072400,0.051352,0.051352
-0.800000,-46.399994,3,0.079700,0.090000,9.670000,1.000000,0.077800,1.140000,0.326619,3.022545,0.030303,0.079700,0.055002,0.055002
-0.800000,-46.200012,0,0.000000,0.000000,,,,1.000000,0.312272,2.966771,0.000000,0.000000,0.000000,0.000000
-0.800000,-46.000000,1,0.029400,0.030000,2.000000,1.000000,0.000000,1.160000,0.303627,2.918617,0.010101,0.029400,0.019751,0.019751
-0.800000,-45.799988,1,0.044100,0.030000,2.000000,1.000000,0.005200,1.290000,0.296675,2.858238,0.010101,0.044100,0.027101,0.027101
-0.800000,-45.600006,1,0.013500,0.030000,13.000000,1.000000,0.066000,1.340000,0.290502,2.774863,0.010101,0.013500,0.011801,0.011801
-0.800000,-45.399994,1,0.061000,0.030000,18.000000,1.000000,0.142000,1.340000,0.287433,2.708450,0.010101,0.061000,0.035551,0.035551
-0.600000,-48.399994,0,0.000000,0.000000,,,,0.770000,0.465149,3.257537,0.000000,0.000000,0.000000,0.000000
-0.600000,-48.200012,0,0.000000,0.000000,,,,0.800000,0.451106,3.184237,0.000000,0.000000,0.000000,0.000000
-0.600000,-48.000000,0,0.000000,0.000000,,,,0.670000,0.438451,3.234610,0.000000,0.000000,0.000000,0.000000
-0.600000,-47.200012,4,0.120200,0.120000,9.750000,2.000000,0.067900,0.970000,0.377857,2.959708,0.040404,0.120200,0.080302,0.080302
-0.600000,-47.000000,4,0.160700,0.120000,11.250000,2.000000,0.091300,1.270000,0.363139,2.972664,0.040404,0.160700,0.100552,0.100552
-0.600000,-46.799988,4,0.142400,0.120000,10.250000,1.500000,0.094900,1.310000,0.346426,2.976737,0.040404,0.142400,0.091402,0.091402
-0.600000,-46.600006,4,0.080600,0.120000,8.750000,1.000000,0.067300,1.290000,0.329468,2.950558,0.040404,0.080600,0.060502,0.060502
-0.600000,-46.399994,3,0.095700,0.090000,8.670000,1.000000,0.094000,1.290000,0.312561,2.905302,0.030303,0.095700,0.063002,0.063002
-0.600000,-46.200012,2,0.047400,0.060000,3.000000,1.000000,0.058700,1.240000,0.300307,2.835536,0.020202,0.047400,0.033801,0.033801
-0.600000,-46.000000,0,0.000000,0.000000,,,,1.240000,0.294565,2.771571,0.000000,0.000000,0.000000,0.000000
-0.400000,-48.200012,3,0.010800,0.090000,4.000000,1.000000,0.008800,0.940000,0.444609,2.960708,0.030303,0.010800,0.020552,0.020552
-0.400000,-48.000000,4,0.072400,0.120000,6.250000,2.000000,0.063800,1.080000,0.427767,2.728510,0.040404,0.072400,0.056402,0.056402
-0.400000,-47.799988,4,0.178400,0.120000,9.750000,2.500000,0.110200,1.200000,0.408651,2.774426,0.040404,0.178400,0.109402,0.109402
-0.400000,-47.600006,5,0.154000,0.150000,11.000000,2.000000,0.112600,1.280000,0.392309,2.835506,0.050505,0.154000,0.102253,0.102253
-0.400000,-47.399994,4,0.239100,0.120000,12.250000,2.750000,0.126200,1.360000,0.379485,2.847995,0.040404,0.239100,0.139752,0.139752
-0.400000,-47.200012,4,0.198200,0.120000,12.250000,2.250000,0.104700,1.390000,0.364253,2.870207,0.040404,0.198200,0.119302,0.119302
-0.400000,-47.000000,4,0.180400,0.120000,11.500000,2.000000,0.100800,1.400000,0.348856,2.866034,0.040404,0.180400,0.110402,0.110402
-0.400000,-46.799988,4,0.162800,0.120000,10.750000,1.750000,0.106100,1.370000,0.331484,2.847996,0.040404,0.162800,0.101602,0.101602
-0.400000,-46.600006,3,0.153200,0.090000,12.330000,1.670000,0.131600,1.290000,0.314038,2.814040,0.030303,0.153200,0.091752,0.091752
-0.200000,-49.600006,2,0.053100,0.060000,2.500000,1.000000,0.044800,0.240000,0.570455,2.594349,0.020202,0.053100,0.036651,0.036651
-0.200000,-48.399994,1,0.031200,0.030000,4.000000,2.000000,0.011100,0.740000,0.456491,2.767483,0.010101,0.031200,0.020651,0.020651
-0.200000,-48.200012,3,0.124800,0.090000,6.330000,2.000000,0.073700,0.870000,0.437971,2.667735,0.030303,0.124800,0.077552,0.077552
-0.200000,-48.000000,4,0.116700,0.120000,7.500000,1.750000,0.067500,1.200000,0.415415,2.708041,0.040404,0.116700,0.078552,0.078552
-0.200000,-47.799988,6,0.147100,0.180000,9.500000,2.170000,0.100500,1.340000,0.394897,2.748529,0.060606,0.147100,0.103853,0.103853
-0.200000,-47.600006,5,0.186400,0.150000,11.000000,2.600000,0.122500,1.390000,0.377141,2.760031,0.050505,0.186400,0.118453,0.118453
-0.200000,-47.399994,4,0.220100,0.120000,12.500000,2.500000,0.118100,1.460000,0.362241,2.768685,0.040404,0.220100,0.130252,0.130252
-0.200000,-47.200012,4,0.195400,0.120000,12.750000,2.000000,0.102500,1.490000,0.348035,2.762830,0.040404,0.195400,0.117902,0.117902
-0.000000,-50.399994,7,0.071900,0.210000,2.290000,1.140000,0.064800,0.200000,0.626957,2.190940,0.070707,0.071900,0.071304,0.071304
-0.000000,-50.200012,5,0.087700,0.150000,1.800000,1.200000,0.069500,0.140000,0.612409,2.009903,0.050505,0.087700,0.069103,0.069103
-0.000000,-50.000000,4,0.099100,0.120000,1.750000,1.250000,0.075700,0.180000,0.593121,2.026225,0.040404,0.099100,0.069752,0.069752
-0.000000,-49.200012,0,0.000000,0.000000,,,,0.680000,0.524031,2.970676,0.000000,0.000000,0.000000,0.000000
-0.000000,-49.000000,2,0.038900,0.060000,3.500000,1.500000,0.032300,0.690000,0.505838,2.638095,0.020202,0.038900,0.029551,0.029551
-0.000000,-48.799988,2,0.086400,0.060000,4.000000,1.500000,0.045600,0.710000,0.488029,2.498322,0.020202,0.086400,0.053301,0.053301
-0.000000,-48.600006,2,0.070400,0.060000,3.500000,1.500000,0.042300,0.790000,0.468487,2.464769,0.020202,0.070400,0.045301,0.045301
-0.000000,-48.399994,3,0.154800,0.090000,6.330000,2.000000,0.073800,0.940000,0.447183,2.456981,0.030303,0.154800,0.092552,0.092552
-0.000000,-48.200012,6,0.111000,0.180000,6.830000,1.670000,0.071200,1.190000,0.426741,2.458865,0.060606,0.111000,0.085803,0.085803
0.200000,-50.600006,6,0.046000,0.180000,1.830000,1.170000,0.037900,0.300000,0.638479,2.878966,0.060606,0.046000,0.053303,0.053303
0.200000,-49.600006,2,0.174100,0.060000,2.000000,2.000000,0.077700,0.560000,0.544193,3.525090,0.020202,0.174100,0.097151,0.097151
0.200000,-49.399994,0,0.000000,0.000000,,,,0.830000,0.523572,3.404997,0.000000,0.000000,0.000000,0.000000
0.200000,-49.200012,0,0.000000,0.000000,,,,1.080000,0.507219,2.886956,0.000000,0.000000,0.000000,0.000000
0.200000,-49.000000,2,0.011000,0.060000,4.000000,1.000000,0.016800,1.040000,0.492093,2.641126,0.020202,0.011000,0.015601,0.015601
0.200000,-48.799988,3,0.059700,0.090000,4.330000,1.330000,0.031900,1.040000,0.476173,2.370161,0.030303,0.059700,0.045002,0.045002
0.200000,-48.600006,3,0.099800,0.090000,5.670000,1.670000,0.073200,1.170000,0.455286,2.219122,0.030303,0.099800,0.065052,0.065052
0.400000,-50.000000,3,0.092700,0.090000,1.670000,1.330000,0.071800,0.510000,0.573621,3.331347,0.030303,0.092700,0.061502,0.061502
0.400000,-49.799988,2,0.054400,0.060000,4.000000,1.000000,0.041700,0.620000,0.555268,3.806559,0.020202,0.054400,0.037301,0.037301
0.400000,-49.600006,0,0.000000,0.000000,,,,0.800000,0.530424,4.162305,0.000000,0.000000,0.000000,0.000000
0.400000,-49.399994,0,0.000000,0.000000,,,,1.180000,0.512419,3.250249,0.000000,0.000000,0.000000,0.000000
0.400000,-49.200012,1,0.000000,0.030000,9.000000,1.000000,0.019100,1.230000,0.495382,2.800498,0.010101,0.000000,0.005051,0.005051
0.400000,-29.399994,1,0.020600,0.030000,8.000000,1.000000,0.056500,2.040000,0.164894,1.419356,0.010101,0.020600,0.015351,0.015351
0.600000,-50.399994,2,0.041000,0.060000,1.500000,1.000000,0.021600,0.300000,0.610634,3.234794,0.020202,0.041000,0.030601,0.030601
0.600000,-50.200012,1,0.027000,0.030000,1.000000,1.000000,0.000000,0.530000,0.588319,3.515040,0.010101,0.027000,0.018551,0.018551
0.600000,-50.000000,0,0.000000,0.000000,,,,0.880000,0.565169,3.696011,0.000000,0.000000,0.000000,0.000000
0.600000,-49.799988,0,0.000000,0.000000,,,,1.030000,0.540605,3.892893,0.000000,0.000000,0.000000,0.000000
0.600000,-49.600006,0,0.000000,0.000000,,,,1.140000,0.515025,3.777912,0.000000,0.000000,0.000000,0.000000
0.600000,-49.399994,1,0.010500,0.030000,8.000000,2.000000,0.007500,1.240000,0.498751,3.036217,0.010101,0.010500,0.010301,0.010301
0.600000,-49.200012,4,0.050000,0.120000,6.000000,1.250000,0.067500,1.280000,0.481268,2.584148,0.040404,0.050000,0.045202,0.045202
0.600000,-29.799988,1,0.024800,0.030000,12.000000,1.000000,0.065100,2.030000,0.169041,1.428497,0.010101,0.024800,0.017451,0.017451
0.600000,-29.600006,1,0.021400,0.030000,12.000000,1.000000,0.061900,2.030000,0.168485,1.423168,0.010101,0.021400,0.015751,0.015751
0.600000,-29.399994,1,0.020200,0.030000,10.000000,1.000000,0.053800,2.030000,0.167880,1.417093,0.010101,0.020200,0.015151,0.015151
0.600000,-29.200012,1,0.019200,0.030000,10.000000,1.000000,0.052800,2.030000,0.167069,1.410312,0.010101,0.019200,0.014651,0.014651
0.600000,-29.000000,1,0.020900,0.030000,11.000000,1.000000,0.054400,2.030000,0.166021,1.403462,0.010101,0.020900,0.015501,0.015501
0.800000,-50.200012,1,0.024700,0.030000,1.000000,1.000000,0.000000,0.440000,0.580386,3.486170,0.010101,0.024700,0.017401,0.017401
0.800000,-50.000000,0,0.000000,0.000000,,,,0.630000,0.555493,3.506284,0.000000,0.000000,0.000000,0.000000
0.800000,-49.799988,2,0.012800,0.060000,3.000000,1.000000,0.021000,1.010000,0.526039,3.253789,0.020202,0.012800,0.016501,0.016501
0.800000,-49.600006,2,0.061200,0.060000,6.000000,1.000000,0.062000,1.140000,0.499795,2.984089,0.020202,0.061200,0.040701,0.040701
0.800000,-49.399994,2,0.077800,0.060000,7.500000,2.000000,0.066100,1.230000,0.484339,2.629218,0.020202,0.077800,0.049001,0.049001
0.800000,-29.799988,1,0.025100,0.030000,11.000000,1.000000,0.065400,2.030000,0.172587,1.423599,0.010101,0.025100,0.017601,0.017601
0.800000,-29.600006,1,0.019100,0.030000,10.000000,1.000000,0.059700,2.030000,0.172263,1.419397,0.010101,0.019100,0.014601,0.014601
0.800000,-29.399994,1,0.015500,0.030000,10.000000,1.000000,0.051700,2.030000,0.170960,1.414405,0.010101,0.015500,0.012801,0.012801
0.800000,-29.200012,1,0.014300,0.030000,10.000000,1.000000,0.048200,2.030000,0.170009,1.406857,0.010101,0.014300,0.012201,0.012201
0.800000,-29.000000,0,0.000000,0.000000,,,,2.020000,0.169195,1.399467,0.000000,0.000000,0.000000,0.000000
1.000000,-50.000000,1,0.022100,0.030000,2.000000,1.000000,0.000000,0.490000,0.547649,3.384965,0.010101,0.022100,0.016101,0.016101
1.000000,-49.799988,2,0.074000,0.060000,3.000000,1.000000,0.072300,0.890000,0.512580,2.713614,0.020202,0.074000,0.047101,0.047101
1.000000,-49.600006,2,0.138500,0.060000,6.500000,1.500000,0.101400,1.130000,0.487928,2.455517,0.020202,0.138500,0.079351,0.079351
1.000000,-29.799988,1,0.026000,0.030000,10.000000,1.000000,0.066300,2.020000,0.177007,1.415641,0.010101,0.026000,0.018051,0.018051
1.000000,-29.600006,1,0.021600,0.030000,10.000000,1.000000,0.062100,2.020000,0.176336,1.408623,0.010101,0.021600,0.015851,0.015851
1.000000,-29.399994,1,0.017800,0.030000,10.000000,1.000000,0.051500,2.020000,0.174656,1.402179,0.010101,0.017800,0.013951,0.013951
1.000000,-29.200012,0,0.000000,0.000000,,,,2.020000,0.173221,1.398248,0.000000,0.000000,0.000000,0.000000
1.000000,-29.000000,0,0.000000,0.000000,,,,2.020000,0.172430,1.393432,0.000000,0.000000,0.000000,0.000000
1.200000,-49.799988,4,0.054200,0.120000,4.000000,1.250000,0.044800,0.800000,0.493739,2.187036,0.040404,0.054200,0.047302,0.047302
1.200000,-49.600006,6,0.066500,0.180000,7.000000,1.330000,0.070100,1.230000,0.473184,2.140021,0.060606,0.066500,0.063553,0.063553
1.200000,-29.600006,1,0.017400,0.030000,9.000000,1.000000,0.060500,2.020000,0.180165,1.404569,0.010101,0.017400,0.013751,0.013751
1.200000,-29.399994,0,0.000000,0.000000,,,,2.020000,0.179136,1.398319,0.000000,0.000000,0.000000,0.000000
1.200000,-29.200012,0,0.000000,0.000000,,,,2.010000,0.177523,1.392795,0.000000,0.000000,0.000000,0.000000
1.400000,-49.799988,1,0.049000,0.030000,6.000000,1.000000,0.049200,1.150000,0.469349,2.427619,0.010101,0.049000,0.029551,0.029551
1.400000,-49.600006,3,0.058800,0.090000,7.000000,1.330000,0.066500,1.310000,0.453119,2.302629,0.030303,0.058800,0.044552,0.044552
1.600000,-49.799988,2,0.072500,0.060000,10.500000,1.500000,0.112700,1.300000,0.442999,2.972669,0.020202,0.072500,0.046351,0.046351
1.600000,-49.600006,2,0.081000,0.060000,11.000000,1.500000,0.132300,1.394000,0.430054,2.707691,0.020202,0.081000,0.050601,0.050601
1.800000,-50.000000,0,0.000000,0.000000,,,,1.290000,0.428165,4.942067,0.000000,0.000000,0.000000,0.000000
1.800000,-49.799988,3,0.072000,0.090000,8.000000,1.670000,0.092300,1.480000,0.420777,3.615597,0.030303,0.072000,0.051152,0.051152
1.800000,-49.600006,3,0.131000,0.090000,8.000000,2.330000,0.098100,1.490000,0.409141,2.987294,0.030303,0.131000,0.080652,0.080652
2.000000,-50.200012,0,0.000000,0.000000,,,,1.390000,0.423585,5.319650,0.000000,0.000000,0.000000,0.000000
2.000000,-50.000000,1,0.014500,0.030000,13.000000,1.000000,0.106300,1.520000,0.410169,4.579433,0.010101,0.014500,0.012301,0.012301
2.000000,-49.799988,2,0.125700,0.060000,7.500000,2.000000,0.100600,1.580000,0.397746,3.735987,0.020202,0.125700,0.072951,0.072951
2.000000,-49.600006,3,0.135900,0.090000,8.330000,2.330000,0.116100,1.570000,0.387219,3.102664,0.030303,0.135900,0.083102,0.083102
2.200000,-50.600006,0,0.000000,0.000000,,,,0.730000,0.429828,5.623373,0.000000,0.000000,0.000000,0.000000
2.200000,-50.399994,0,0.000000,0.000000,,,,1.170000,0.416014,5.177614,0.000000,0.000000,0.000000,0.000000
2.200000,-50.200012,0,0.000000,0.000000,,,,1.540000,0.404040,4.676989,0.000000,0.000000,0.000000,0.000000
2.200000,-50.000000,2,0.028300,0.060000,10.500000,1.500000,0.115300,1.620000,0.390967,4.119654,0.020202,0.028300,0.024251,0.024251
2.400000,-50.600006,0,0.000000,0.000000,,,,1.380000,0.413636,5.293974,0.000000,0.000000,0.000000,0.000000
2.400000,-50.399994,0,0.000000,0.000000,,,,1.540000,0.398284,4.884984,0.000000,0.000000,0.000000,0.000000
2.400000,-50.200012,1,0.013300,0.030000,10.000000,1.000000,0.109600,1.620000,0.385860,4.306118,0.010101,0.013300,0.011701,0.011701
2.600000,-50.799988,0,0.000000,0.000000,,,,1.010000,0.405870,4.752028,0.000000,0.000000,0.000000,0.000000
2.600000,-50.600006,0,0.000000,0.000000,,,,1.430000,0.395717,4.697703,0.000000,0.000000,0.000000,0.000000
2.600000,-50.399994,0,0.000000,0.000000,,,,1.580000,0.381118,4.333643,0.000000,0.000000,0.000000,0.000000
2.800000,-50.799988,1,0.000000,0.030000,9.000000,1.000000,0.044500,1.240000,0.390367,4.157855,0.010101,0.000000,0.005051,0.005051
2.800000,-50.600006,0,0.000000,0.000000,,,,1.530000,0.377105,4.068867,0.000000,0.000000,0.000000,0.000000
3.000000,-50.799988,1,0.012300,0.030000,13.000000,1.000000,0.111600,1.460000,0.372965,3.531451,0.010101,0.012300,0.011201,0.011201
3.000000,-50.600006,1,0.012300,0.030000,13.000000,1.000000,0.127800,1.610000,0.359838,3.362740,0.010101,0.012300,0.011201,0.011201
3.200000,-50.799988,2,0.087900,0.060000,11.500000,1.500000,0.116700,1.580000,0.356249,2.964172,0.020202,0.087900,0.054051,0.054051
3.200000,-50.600006,1,0.159700,0.030000,14.000000,2.000000,0.152500,1.680000,0.340849,2.765468,0.010101,0.159700,0.084901,0.084901
3.400000,-50.799988,1,0.201500,0.030000,12.000000,2.000000,0.157800,1.620000,0.337904,2.505258,0.010101,0.201500,0.105801,0.105801
3.600000,-51.000000,1,0.101800,0.030000,11.000000,1.000000,0.150300,1.270000,0.335428,2.309414,0.010101,0.101800,0.055951,0.055951
3.600000,-50.799988,1,0.108800,0.030000,11.000000,1.000000,0.196100,1.620000,0.315248,2.202086,0.010101,0.108800,0.059451,0.059451
3.800000,-51.000000,1,0.071800,0.030000,10.000000,1.000000,0.089100,1.050000,0.316477,2.080939,0.010101,0.071800,0.040951,0.040951
3.800000,-50.799988,1,0.080000,0.030000,9.000000,1.000000,0.149400,1.540000,0.294919,1.986709,0.010101,0.080000,0.045051,0.045051
4.000000,-51.000000,2,0.038500,0.060000,9.000000,1.000000,0.067500,1.170000,0.285958,1.941237,0.020202,0.038500,0.029351,0.029351
4.000000,-50.799988,0,0.000000,0.000000,,,,1.630000,0.271751,1.807062,0.000000,0.000000,0.000000,0.000000
4.200000,-51.200012,2,0.059400,0.060000,9.500000,1.000000,0.058100,0.800000,0.270304,1.998946,0.020202,0.059400,0.039801,0.039801
4.200000,-51.000000,1,0.094900,0.030000,4.000000,1.000000,0.096900,1.120000,0.258450,1.749204,0.010101,0.094900,0.052501,0.052501
4.200000,-50.799988,0,0.000000,0.000000,,,,1.630000,0.252669,1.654944,0.000000,0.000000,0.000000,0.000000
4.400000,-51.600006,2,0.036800,0.060000,9.000000,1.500000,0.047900,0.800000,0.254872,1.514566,0.020202,0.036800,0.028501,0.028501
4.400000,-51.399994,2,0.100000,0.060000,8.500000,1.500000,0.120000,1.070000,0.247136,1.755413,0.020202,0.100000,0.060101,0.060101
4.400000,-51.200012,2,0.054800,0.060000,5.500000,1.000000,0.086900,1.080000,0.249852,1.680212,0.020202,0.054800,0.037501,0.037501
4.400000,-51.000000,0,0.000000,0.000000,,,,1.130000,0.243989,1.590975,0.000000,0.000000,0.000000,0.000000
4.600000,-51.600006,2,0.076400,0.060000,5.500000,1.000000,0.160600,1.550000,0.240081,1.654176,0.020202,0.076400,0.048301,0.048301
4.600000,-51.399994,2,0.075900,0.060000,4.000000,1.000000,0.165900,1.610000,0.235908,1.599656,0.020202,0.075900,0.048051,0.048051
4.600000,-51.200012,1,0.022500,0.030000,5.000000,1.000000,0.084000,1.430000,0.231094,1.529998,0.010101,0.022500,0.016301,0.016301
4.600000,-51.000000,0,0.000000,0.000000,,,,1.730000,0.240669,1.500165,0.000000,0.000000,0.000000,0.000000
4.800000,-52.000000,2,0.087800,0.060000,6.000000,1.000000,0.160000,1.510000,0.228916,1.654961,0.020202,0.087800,0.054001,0.054001
4.800000,-51.799988,2,0.092800,0.060000,5.500000,1.000000,0.194700,1.730000,0.220366,1.604465,0.020202,0.092800,0.056501,0.056501
4.800000,-51.600006,1,0.028900,0.030000,4.000000,1.000000,0.127200,1.800000,0.220047,1.542312,0.010101,0.028900,0.019501,0.019501
4.800000,-51.399994,1,0.021100,0.030000,1.000000,1.000000,0.131200,1.880000,0.224285,1.500167,0.010101,0.021100,0.015601,0.015601
5.000000,-52.200012,2,0.088000,0.060000,6.000000,1.000000,0.120000,1.260000,0.214177,1.587629,0.020202,0.088000,0.054101,0.054101
5.000000,-52.000000,2,0.092500,0.060000,3.500000,1.000000,0.157500,1.560000,0.210260,1.552442,0.020202,0.092500,0.056351,0.056351
5.000000,-51.799988,1,0.032500,0.030000,2.000000,1.000000,0.130600,1.820000,0.208320,1.515197,0.010101,0.032500,0.021301,0.021301
5.000000,-51.600006,1,0.017600,0.030000,1.000000,1.000000,0.130100,1.910000,0.213288,1.479345,0.010101,0.017600,0.013851,0.013851
5.200000,-52.600006,3,0.065700,0.090000,5.000000,1.000000,0.077900,1.200000,0.212383,1.561166,0.030303,0.065700,0.048002,0.048002
5.200000,-52.399994,2,0.104400,0.060000,3.500000,1.000000,0.163100,1.470000,0.202643,1.542537,0.020202,0.104400,0.062301,0.062301
5.200000,-52.200012,2,0.093400,0.060000,2.500000,1.000000,0.163000,1.560000,0.200427,1.510593,0.020202,0.093400,0.056801,0.056801
5.200000,-52.000000,1,0.038300,0.030000,3.000000,1.000000,0.124300,1.800000,0.204716,1.477151,0.010101,0.038300,0.024201,0.024201
5.400000,-52.600006,2,0.102300,0.060000,4.000000,1.000000,0.183200,1.500000,0.190997,1.516122,0.020202,0.102300,0.061251,0.061251
5.400000,-52.399994,1,0.074200,0.030000,3.000000,1.000000,0.109700,1.580000,0.188450,1.481362,0.010101,0.074200,0.042151,0.042151
5.600000,-53.399994,4,0.030200,0.120000,6.000000,1.000000,0.063100,1.210000,0.159610,1.613339,0.040404,0.030200,0.035302,0.035302
5.600000,-53.200012,4,0.037100,0.120000,4.250000,1.000000,0.093000,1.570000,0.159295,1.599135,0.040404,0.037100,0.038752,0.038752
5.600000,-53.000000,3,0.064600,0.090000,4.670000,1.000000,0.143300,1.610000,0.163662,1.556313,0.030303,0.064600,0.047452,0.047452
5.600000,-52.799988,3,0.070800,0.090000,2.670000,1.000000,0.153800,1.630000,0.166775,1.499172,0.030303,0.070800,0.050552,0.050552
5.600000,-52.600006,1,0.075100,0.030000,3.000000,1.000000,0.105900,1.590000,0.183282,1.461278,0.010101,0.075100,0.042601,0.042601
5.800000,-53.600006,3,0.037800,0.090000,6.000000,1.000000,0.087200,1.390000,0.147577,1.588477,0.030303,0.037800,0.034052,0.034052
5.800000,-53.399994,3,0.033800,0.090000,3.670000,1.000000,0.076300,1.270000,0.148983,1.561184,0.030303,0.033800,0.032052,0.032052
5.800000,-53.200012,2,0.040500,0.060000,2.000000,1.000000,0.070700,1.740000,0.152715,1.525109,0.020202,0.040500,0.030351,0.030351
5.800000,-53.000000,2,0.055700,0.060000,2.000000,1.000000,0.090000,1.750000,0.161045,1.486704,0.020202,0.055700,0.037951,0.037951
5.800000,-52.799988,1,0.064200,0.030000,2.000000,1.000000,0.135300,1.740000,0.170330,1.445210,0.010101,0.064200,0.037151,0.037151
6.000000,-54.200012,2,0.032300,0.060000,4.500000,1.000000,0.079400,1.600000,0.127230,1.546589,0.020202,0.032300,0.026251,0.026251
6.000000,-54.000000,2,0.051700,0.060000,4.500000,1.000000,0.093300,1.700000,0.126957,1.555553,0.020202,0.051700,0.035951,0.035951
6.000000,-53.799988,2,0.022100,0.060000,2.000000,1.000000,0.006100,1.780000,0.128935,1.541895,0.020202,0.022100,0.021151,0.021151
6.000000,-53.600006,2,0.022900,0.060000,1.000000,1.000000,0.007200,1.810000,0.140658,1.518222,0.020202,0.022900,0.021551,0.021551
6.000000,-53.399994,1,0.028100,0.030000,3.000000,1.000000,0.142600,1.820000,0.148093,1.490253,0.010101,0.028100,0.019101,0.019101
6.000000,-53.200012,1,0.028500,0.030000,2.000000,1.000000,0.140700,1.820000,0.156340,1.457728,0.010101,0.028500,0.019301,0.019301
