hs_global_q90,ssh_total_global_q90,hs_DJF_q90,ssh_total_DJF_q90,hs_MAM_q90,ssh_total_MAM_q90,hs_JJA_q90,ssh_total_JJA_q90,hs_SON_q90,ssh_total_SON_q90,global_compound_day_count,global_compound_event_count,global_hs_episode_count,global_ssh_total_episode_count,seasonal_compound_day_count,seasonal_compound_event_count,seasonal_hs_episode_count,seasonal_ssh_total_episode_count,grid_lat,grid_lon,i_lat,i_lon,hs_valid_frac,ssh_total_valid_frac,dist_to_coast_km,delta_compound_day_count,global_compound_day_count_annual_mean,seasonal_compound_day_count_annual_mean,pct_change_compound_day_count,delta_compound_event_count,global_compound_event_count_annual_mean,seasonal_compound_event_count_annual_mean,pct_change_compound_event_count
2.140000104904175,0.5752924084663391,2.0,0.5063469409942627,2.2350001335144043,0.6420743465423584,2.2300000190734863,0.6373385787010193,2.128000020980835,0.46233922243118286,510,322,609,656,514,347,611,687,-35.0,-54.79998779296875,0,1,1.0,1.0,10.545459143279231,4,15.456148357119151,15.577373050116163,0.7843137254901961,25,9.758587786259543,10.516242117490874,7.763975155279503
2.3399999141693115,0.5685023069381714,2.1630001068115234,0.5102203488349915,2.430000066757202,0.6341433525085449,2.430000066757202,0.6203920841217041,2.299999952316284,0.46892744302749634,475,294,592,631,493,331,604,686,-35.0,-54.600006103515625,0,2,1.0,1.0,17.048642463581615,18,14.395432293395288,14.940943411881847,3.789473684210526,37,8.910014935280453,10.03134334550282,12.585034013605442
2.497999906539917,0.5619852542877197,2.2899999618530273,0.5119375586509705,2.5899999141693115,0.6169171333312988,2.5999999046325684,0.6015724539756775,2.4600000381469727,0.4666701555252075,454,291,595,637,471,316,604,678,-35.0,-54.399993896484375,0,3,1.0,1.0,25.631987038885892,17,13.75900265516097,14.274207600398276,3.7444933920704844,25,8.819096415532693,9.576750746764024,8.59106529209622
2.5999999046325684,0.555905818939209,2.369999885559082,0.5167717337608337,2.700000047683716,0.6100232005119324,2.7300000190734863,0.5886874794960022,2.569999933242798,0.46382540464401245,429,276,600,624,442,299,605,662,-35.0,-54.20001220703125,0,4,1.0,1.0,34.40356449150929,13,13.001348323929639,13.39532857616993,3.0303030303030303,23,8.364503816793894,9.061545801526718,8.333333333333334
2.6700000762939453,0.553986668586731,2.433000087738037,0.5235122442245483,2.7950000762939453,0.6058834791183472,2.809999942779541,0.5788524746894836,2.6500000953674316,0.4627530574798584,399,252,596,583,416,277,600,632,-35.0,-54.0,0,5,1.0,1.0,40.09225979862795,17,12.092163126452041,12.607368071689347,4.260651629072682,25,7.637155658811816,8.394809990043147,9.920634920634921
2.190000057220459,0.6257703304290771,2.0299999713897705,0.5509907603263855,2.2899999618530273,0.6966824531555176,2.240000009536743,0.7036926746368408,2.190000057220459,0.516433596611023,459,302,606,644,481,327,613,679,-34.79999923706055,-54.399993896484375,1,3,1.0,1.0,14.076881475982114,22,13.910533521407237,14.577269332890808,4.793028322440088,25,9.152464321274477,9.910118652505808,8.278145695364238
2.430000066757202,0.6133224964141846,2.2230000495910645,0.5527894496917725,2.5299999713897705,0.6754394173622131,2.490000009536743,0.6777421832084656,2.4200000762939453,0.5111648440361023,449,288,596,625,477,317,594,668,-34.79999923706055,-54.20001220703125,1,4,1.0,1.0,13.415945120488255,28,13.607471788914703,14.456044639893793,6.23608017817372,29,8.728177895784933,9.607056920013276,10.069444444444445
2.5799999237060547,0.5972470045089722,2.3429999351501465,0.5493447184562683,2.690000057220459,0.6553345918655396,2.680000066757202,0.6483335494995117,2.5799999237060547,0.5016503930091858,433,270,597,606,445,298,594,655,-34.79999923706055,-54.0,1,5,1.0,1.0,21.491952521599973,12,13.122573016926651,13.48624709591769,2.771362586605081,28,8.182666777298374,9.031239628277465,10.37037037037037
2.700000047683716,0.5782660245895386,2.443000078201294,0.5377719402313232,2.819999933242798,0.632729709148407,2.819999933242798,0.6153366565704346,2.700000047683716,0.48816418647766113,397,247,591,573,412,274,592,633,-34.79999923706055,-53.79998779296875,1,6,1.0,1.0,39.34308189566235,15,12.031550779953536,12.486143378692335,3.7783375314861463,27,7.48562479256555,8.303891470295387,10.931174089068826
2.8499999046325684,0.5559186339378357,2.5899999141693115,0.5228739976882935,2.9600000381469727,0.6066154837608337,2.9800000190734863,0.5893283486366272,2.8299999237060547,0.46655112504959106,376,235,577,544,376,249,594,593,-34.79999923706055,-53.600006103515625,1,7,1.0,1.0,48.79647859593946,0,11.395121141719217,11.395121141719217,0.0,14,7.121950713574511,7.546237139064056,5.957446808510638
2.299999952316284,0.6597084403038025,2.109999895095825,0.5838971138000488,2.4100000858306885,0.7187942266464233,2.359999895095825,0.738875150680542,2.307999849319458,0.5490922927856445,426,270,582,622,456,300,592,663,-34.599998474121094,-54.0,2,5,1.0,1.0,12.867153382061607,30,12.910429804181879,13.819615001659477,7.042253521126761,30,8.182666777298374,9.091851974775972,11.11111111111111
2.4700000286102295,0.6406320929527283,2.259999990463257,0.5768097639083862,2.5799999237060547,0.6958011984825134,2.549999952316284,0.709293007850647,2.4800000190734863,0.5354338884353638,419,259,586,596,435,290,586,651,-34.599998474121094,-53.79998779296875,2,6,1.0,1.0,20.29004126862253,16,12.698286591437107,13.183185363425158,3.818615751789976,31,7.849298871556589,8.788790242283438,11.96911196911197
2.690000057220459,0.6126565337181091,2.450000047683716,0.5598820447921753,2.804999828338623,0.670987606048584,2.809999942779541,0.6670606136322021,2.690000057220459,0.513434886932373,414,258,595,572,419,279,590,624,-34.599998474121094,-53.600006103515625,2,7,1.0,1.0,29.244639685684902,5,12.54675572519084,12.698286591437107,1.2077294685990339,21,7.818992698307335,8.455422336541654,8.13953488372093
2.8499999046325684,0.5781632661819458,2.5799999237060547,0.5360450744628906,2.9749999046325684,0.6337136030197144,2.9800000190734863,0.6222742795944214,2.8499999046325684,0.4866316020488739,379,240,584,542,388,259,589,587,-34.599998474121094,-53.399993896484375,2,8,1.0,1.0,45.59516777565185,9,11.486039661466977,11.758795220710256,2.37467018469657,19,7.273481579820777,7.849298871556589,7.916666666666667
1.590000033378601,0.7027344107627869,1.4900000095367432,0.620897650718689,1.6699999570846558,0.7573667168617249,1.6299999952316284,0.7823824286460876,1.5980000495910645,0.5864532589912415,428,287,628,637,424,300,635,671,-34.400001525878906,-53.79998779296875,3,6,1.0,1.0,0.6311054048587247,-4,12.971042150680386,12.849817457683372,-0.9345794392523364,13,8.697871722535679,9.091851974775972,4.529616724738676
2.25,0.6844836473464966,2.049999952316284,0.6130460500717163,2.3550000190734863,0.7338988184928894,2.309999942779541,0.7582752704620361,2.259999990463257,0.5705756545066833,396,253,585,596,411,279,602,647,-34.400001525878906,-53.600006103515625,3,7,1.0,1.0,17.75042991031941,15,12.001244606704281,12.45583720544308,3.787878787878788,26,7.667461832061069,8.455422336541654,10.276679841897232
2.630000114440918,0.6472969651222229,2.4000000953674316,0.5860127210617065,2.75,0.6986352205276489,2.7200000286102295,0.7100664377212524,2.640000104904175,0.5452237129211426,388,249,584,568,403,267,590,617,-34.400001525878906,-53.399993896484375,3,8,1.0,1.0,38.07516248108571,15,11.758795220710256,12.213387819449055,3.865979381443299,18,7.546237139064056,8.091748257550615,7.228915662650603
1.9500000476837158,0.7371331453323364,1.809999942779541,0.6594135165214539,2.0199999809265137,0.7884489893913269,1.940000057220459,0.822843074798584,1.9880000352859497,0.6234233379364014,340,237,595,617,344,255,606,668,-34.20000076293945,-53.600006103515625,4,7,1.0,1.0,7.226564870762892,4,10.3040989047461,10.425323597743114,1.1764705882352942,18,7.182563060073017,7.7280741785595755,7.594936708860759
2.440000057220459,0.7041510343551636,2.2300000190734863,0.6321055889129639,2.569999933242798,0.7536351084709167,2.5,0.7814854383468628,2.4700000286102295,0.594457745552063,390,251,595,583,388,262,595,636,-34.20000076293945,-53.399993896484375,4,8,1.0,1.0,21.396290385111996,-2,11.819407567208762,11.758795220710256,-0.5128205128205128,11,7.606849485562563,7.940217391304349,4.382470119521912
2.690000057220459,0.6554824709892273,2.440000057220459,0.5966355800628662,2.799999952316284,0.7071727514266968,2.7799999713897705,0.7231132388114929,2.700000047683716,0.5574778914451599,386,244,579,543,400,265,597,601,-34.20000076293945,-53.20001220703125,4,9,1.0,1.0,39.259956200331814,14,11.69818287421175,12.122469299701295,3.626943005181347,21,7.39470627281779,8.031135911052107,8.60655737704918
2.1500000953674316,0.7601267695426941,1.9900000095367432,0.6826175451278687,2.259999990463257,0.8069034814834595,2.180000066757202,0.8490577340126038,2.180000066757202,0.6470884084701538,355,238,589,602,360,254,602,654,-34.0,-53.399993896484375,5,8,1.0,1.0,12.514494435100907,5,10.758691503484899,10.910222369731166,1.408450704225352,16,7.21286923332227,7.697768005310322,6.722689075630252
2.450000047683716,0.7162685394287109,2.2200000286102295,0.6468307375907898,2.569999933242798,0.7693992853164673,2.509999990463257,0.7997011542320251,2.4679999351501465,0.6128944754600525,389,252,595,569,389,259,591,621,-34.0,-53.20001220703125,5,9,1.0,1.0,33.255481509247865,0,11.789101393959509,11.789101393959509,0.0,7,7.637155658811816,7.849298871556589,2.7777777777777777
2.7200000286102295,0.6612315773963928,2.450000047683716,0.6037192940711975,2.8299999237060547,0.7100955247879028,2.815000057220459,0.7306455969810486,2.7100000381469727,0.5645520687103271,397,247,576,531,405,264,600,598,-34.0,-53.0,5,10,1.0,1.0,45.90389747960947,8,12.031550779953536,12.27400016594756,2.0151133501259446,17,7.48562479256555,8.000829737802855,6.882591093117409
1.7000000476837158,0.8088099360466003,1.600000023841858,0.7257028818130493,1.7699999809265137,0.8525171279907227,1.690000057220459,0.8959393501281738,1.75,0.7015843987464905,335,241,616,624,338,249,619,665,-33.79999923706055,-53.399993896484375,6,8,1.0,1.0,4.2571892459119525,3,10.152568038499835,10.243486558247595,0.8955223880597015,8,7.30378775307003,7.546237139064056,3.319502074688797
2.119999885559082,0.7720891833305359,1.940000057220459,0.6933866143226624,2.240000009536743,0.8199520111083984,2.1500000953674316,0.8592286109924316,2.130000114440918,0.6654058694839478,384,252,589,601,392,265,582,642,-33.79999923706055,-53.20001220703125,6,9,1.0,1.0,15.432378752253925,8,11.637570527713244,11.880019913707269,2.0833333333333335,13,7.637155658811816,8.031135911052107,5.158730158730159
2.490000009536743,0.7231743335723877,2.25,0.6526533961296082,2.609999895095825,0.7744604349136353,2.554999828338623,0.8043038845062256,2.4800000190734863,0.6230276823043823,412,263,576,580,417,273,578,623,-33.79999923706055,-53.0,6,10,1.0,1.0,28.928947079780006,5,12.486143378692335,12.6376742449386,1.2135922330097086,10,7.970523564553601,8.273585297046134,3.802281368821293
2.740000009536743,0.6702616810798645,2.4600000381469727,0.6088529229164124,2.869999885559082,0.720151424407959,2.8550000190734863,0.7370474338531494,2.7300000190734863,0.5779035687446594,415,264,574,553,415,267,587,596,-33.79999923706055,-52.79998779296875,6,11,1.0,1.0,43.576245460358,0,12.577061898440094,12.577061898440094,0.0,3,8.000829737802855,8.091748257550615,1.1363636363636365
1.6299999952316284,0.779094398021698,1.5,0.697451651096344,1.7200000286102295,0.8263733386993408,1.649999976158142,0.8676435947418213,1.6399999856948853,0.6786181330680847,401,266,606,607,408,278,607,647,-33.599998474121094,-53.0,7,10,1.0,1.0,12.735587680642725,7,12.152775472950548,12.36491868569532,1.745635910224439,12,8.061442084301362,8.4251161632924,4.511278195488722
2.319999933242798,0.7301914691925049,2.0999999046325684,0.6565074920654297,2.440000057220459,0.7786426544189453,2.390000104904175,0.8099554181098938,2.3399999141693115,0.6331969499588013,406,258,580,585,402,269,584,626,-33.599998474121094,-52.79998779296875,7,11,1.0,1.0,25.434544242193827,-4,12.304306339196815,12.1830816461998,-0.9852216748768473,11,7.818992698307335,8.152360604049122,4.263565891472868
2.680000066757202,0.6717247366905212,2.4030001163482666,0.60409015417099,2.809999942779541,0.7213172912597656,2.7899999618530273,0.7413745522499084,2.690000057220459,0.5780702233314514,416,260,583,557,415,270,589,595,-33.599998474121094,-52.600006103515625,7,12,1.0,1.0,38.79368462892341,-1,12.607368071689347,12.577061898440094,-0.2403846153846154,10,7.8796050448058415,8.182666777298374,3.8461538461538463
1.909999966621399,0.7781919836997986,1.7699999809265137,0.6926227807998657,1.9800000190734863,0.8277674913406372,1.940000057220459,0.8651688098907471,1.940000057220459,0.685084342956543,390,258,609,613,405,274,619,644,-33.400001525878906,-52.79998779296875,8,11,1.0,1.0,8.85161120049528,15,11.819407567208762,12.27400016594756,3.8461538461538463,16,7.818992698307335,8.303891470295387,6.2015503875969
2.2699999809265137,0.7198281288146973,2.049999952316284,0.6442404985427856,2.380000114440918,0.773652970790863,2.3449997901916504,0.8002057075500488,2.299999952316284,0.6272591352462769,405,258,591,587,405,267,588,615,-33.400001525878906,-52.600006103515625,8,12,1.0,1.0,22.799292271821937,0,12.27400016594756,12.27400016594756,0.0,9,7.818992698307335,8.091748257550615,3.488372093023256
2.609999895095825,0.6464012861251831,2.3299999237060547,0.5792462825775146,2.700000047683716,0.6959308385848999,2.7100000381469727,0.7161372900009155,2.619999885559082,0.5571250319480896,402,252,586,546,410,267,591,582,-33.400001525878906,-52.399993896484375,8,13,1.0,1.0,39.306286082471765,8,12.1830816461998,12.425531032193827,1.9900497512437811,15,7.637155658811816,8.091748257550615,5.9523809523809526
1.8700000047683716,0.7599257230758667,1.7300000190734863,0.6712800860404968,1.9199999570846558,0.8101376295089722,1.8799999952316284,0.8421379327774048,1.9179999828338623,0.6638801097869873,350,235,601,615,354,245,620,645,-33.20000076293945,-52.600006103515625,9,12,1.0,1.0,8.497278679468906,4,10.607160637238634,10.728385330235646,1.1428571428571428,10,7.121950713574511,7.4250124460670435,4.25531914893617
2.299999952316284,0.693146288394928,2.069999933242798,0.6125226020812988,2.390000104904175,0.7406109571456909,2.359999895095825,0.764556884765625,2.3499999046325684,0.5963144898414612,374,240,595,579,363,242,603,602,-33.20000076293945,-52.399993896484375,9,13,1.0,1.0,26.191464059996832,-11,11.33450879522071,11.001140889478926,-2.9411764705882355,2,7.273481579820777,7.334093926319284,0.8333333333333334
2.680000066757202,0.6109241247177124,2.380000114440918,0.5432523488998413,2.7750000953674316,0.660666823387146,2.7649998664855957,0.6766958236694336,2.7300000190734863,0.5232434868812561,375,235,598,525,370,243,599,559,-33.20000076293945,-52.20001220703125,9,14,1.0,1.0,46.60371253248502,-5,11.364814968469965,11.213284102223698,-1.3333333333333333,8,7.121950713574511,7.364400099568536,3.404255319148936
1.8600000143051147,0.7194030284881592,1.7100000381469727,0.6321802139282227,1.899999976158142,0.7680057883262634,1.8700000047683716,0.7944302558898926,1.9299999475479126,0.6284957528114319,292,202,600,601,294,213,614,615,-33.0,-52.399993896484375,10,13,1.0,1.0,23.36917198221382,2,8.849402588781945,8.910014935280453,0.684931506849315,11,6.121846996349154,6.4552149020909395,5.445544554455446
2.4700000286102295,0.650281548500061,2.2200000286102295,0.5716294646263123,2.5399999618530273,0.6992758512496948,2.5199999809265137,0.7199388742446899,2.549999952316284,0.5599676966667175,331,216,584,559,326,222,600,578,-33.0,-52.20001220703125,10,14,1.0,1.0,36.54174098778209,-5,10.03134334550282,9.879812479256556,-1.5105740181268883,6,6.546133421838699,6.727970461334219,2.7777777777777777
1.840000033378601,0.7390720248222351,1.6799999475479126,0.6459850072860718,1.8700000047683716,0.7923812866210938,1.840000033378601,0.8140326738357544,1.9299999475479126,0.6520625948905945,257,186,604,610,243,180,620,635,-32.79999923706055,-52.399993896484375,11,13,1.0,1.0,7.615730899406184,-14,7.788686525058082,7.364400099568536,-5.447470817120623,-6,5.636948224361102,5.455111184865583,-3.225806451612903
2.1600000858306885,0.6794378161430359,1.9600000381469727,0.5942079424858093,2.2100000381469727,0.7307189702987671,2.180000066757202,0.748806357383728,2.259999990463257,0.591418981552124,288,195,594,581,289,206,615,591,-32.79999923706055,-52.20001220703125,11,14,1.0,1.0,29.036658414198182,1,8.728177895784933,8.758484069034186,0.3472222222222222,11,5.909703783604381,6.243071689346167,5.641025641025641
2.5999999046325684,0.6128526926040649,2.359999895095825,0.5367637872695923,2.6750001907348633,0.6623896956443787,2.6700000762939453,0.67648845911026,2.690000057220459,0.5289966464042664,327,218,593,542,322,217,593,552,-32.79999923706055,-52.0,11,15,1.0,1.0,49.27994773821986,-5,9.910118652505808,9.758587786259543,-1.529051987767584,-1,6.6067457683372055,6.576439595087953,-0.45871559633027525
2.0399999618530273,0.6918410062789917,1.8700000047683716,0.6024107336997986,2.0799999237060547,0.7437928915023804,2.0399999618530273,0.7650362849235535,2.1500000953674316,0.6078259348869324,239,171,604,594,231,170,616,606,-32.599998474121094,-52.20001220703125,12,14,1.0,1.0,21.93874170465978,-8,7.243175406571524,7.000726020577498,-3.3472803347280333,-1,5.182355625622304,5.15204945237305,-0.5847953216374269
2.509999990463257,0.6317780017852783,2.2799999713897705,0.5517890453338623,2.5799999237060547,0.6824988126754761,2.5399999618530273,0.7014960050582886,2.609999895095825,0.5487513542175293,299,199,583,564,309,216,607,572,-32.599998474121094,-52.0,12,15,1.0,1.0,41.87064905037687,10,9.061545801526718,9.36460753401925,3.3444816053511706,17,6.030928476601394,6.546133421838699,8.542713567839195
1.8799999952316284,0.7063314914703369,1.7599999904632568,0.6062254309654236,1.909999966621399,0.7582284212112427,1.8899999856948853,0.7774018049240112,1.9880000352859497,0.6267290115356445,235,169,583,611,224,171,594,633,-32.400001525878906,-52.20001220703125,13,14,1.0,1.0,14.250708301649235,-11,7.121950713574511,6.788582807832725,-4.680851063829787,2,5.121743279123797,5.182355625622304,1.183431952662722
2.2200000286102295,0.649631142616272,2.0199999809265137,0.5571174025535583,2.2799999713897705,0.7005637884140015,2.2300000190734863,0.7177964448928833,2.309999942779541,0.5653853416442871,293,201,593,586,295,208,610,602,-32.400001525878906,-52.0,13,15,1.0,1.0,27.140723151005353,2,8.879708762031198,8.940321108529705,0.6825938566552902,7,6.0915408230999,6.3036840358446735,3.482587064676617
2.569999933242798,0.5897197723388672,2.319999933242798,0.5084278583526611,2.6600000858306885,0.6429088115692139,2.640000104904175,0.6557354927062988,2.6700000762939453,0.5072782039642334,348,226,594,557,329,221,591,580,-32.400001525878906,-51.79998779296875,13,16,1.0,1.0,39.10205927396395,-19,10.546548290740127,9.970730999004315,-5.459770114942529,-5,6.849195154331231,6.697664288084965,-2.2123893805309733
1.9900000095367432,0.6702914237976074,1.840000033378601,0.5688365697860718,2.0399999618530273,0.7253379821777344,1.9900000095367432,0.7430639863014221,2.059999942779541,0.5919086337089539,320,226,619,617,324,235,626,642,-32.20000076293945,-52.0,14,15,1.0,1.0,8.472704686016044,4,9.697975439761036,9.819200132758048,1.25,9,6.849195154331231,7.121950713574511,3.982300884955752
2.2100000381469727,0.6130928993225098,2.009999990463257,0.517295777797699,2.2899999618530273,0.6686907410621643,2.25,0.6817346811294556,2.2799999713897705,0.5300284028053284,356,234,601,600,351,237,598,622,-32.20000076293945,-51.79998779296875,14,16,1.0,1.0,26.964139043053425,-5,10.788997676734153,10.637466810487886,-1.404494382022472,3,7.091644540325258,7.182563060073017,1.2820512820512822
2.5199999809265137,0.5519759654998779,2.259999990463257,0.4639992415904999,2.609999895095825,0.6076874732971191,2.619999885559082,0.6156497001647949,2.5999999046325684,0.47328782081604004,384,242,603,566,360,244,593,598,-32.20000076293945,-51.600006103515625,14,17,1.0,1.0,41.09261033910633,-24,11.637570527713244,10.910222369731166,-6.25,2,7.334093926319284,7.39470627281779,0.8264462809917356
1.5199999809265137,0.6342630982398987,1.399999976158142,0.528300940990448,1.5499999523162842,0.6900653839111328,1.5399999618530273,0.7061997652053833,1.559999942779541,0.5537394285202026,349,241,617,630,364,257,631,662,-32.0,-51.79998779296875,15,16,1.0,1.0,10.199001540432928,15,10.57685446398938,11.031447062728178,4.2979942693409745,16,7.30378775307003,7.788686525058082,6.639004149377594
2.0,0.5768885016441345,1.809999942779541,0.4796036183834076,2.069999933242798,0.6342065930366516,2.0399999618530273,0.6455344557762146,2.059999942779541,0.495779424905777,359,229,588,610,354,243,608,641,-32.0,-51.600006103515625,15,17,1.0,1.0,25.0164477960088,-5,10.879916196481911,10.728385330235646,-1.392757660167131,14,6.940113674078991,7.364400099568536,6.11353711790393
2.559999942779541,0.5166912078857422,2.2699999809265137,0.4338276982307434,2.6500000953674316,0.5733323693275452,2.6550002098083496,0.5810717940330505,2.640000104904175,0.4372102916240692,381,235,586,569,369,248,598,605,-32.0,-51.399993896484375,15,18,1.0,1.0,30.30596015328656,-12,11.546652007965484,11.182977928974445,-3.1496062992125986,13,7.121950713574511,7.515930965814803,5.531914893617022
2.880000114440918,0.4608722925186157,2.549999952316284,0.3978439271450043,2.9600000381469727,0.510585606098175,3.0149998664855957,0.5140067338943481,2.9800000190734863,0.38986936211586,388,233,594,518,362,234,604,549,-32.0,-51.20001220703125,15,19,1.0,1.0,45.93678183916417,-26,11.758795220710256,10.970834716229671,-6.701030927835052,1,7.061338367076004,7.091644540325258,0.4291845493562232
2.0199999809265137,0.553626298904419,1.8300000429153442,0.45741796493530273,2.0899999141693115,0.6064119935035706,2.0799999237060547,0.6293522119522095,2.0999999046325684,0.4724082052707672,369,238,600,617,364,249,604,660,-31.799999237060547,-51.399993896484375,16,18,1.0,1.0,17.731917717106608,-5,11.182977928974445,11.031447062728178,-1.3550135501355014,11,7.21286923332227,7.546237139064056,4.621848739495798
2.630000114440918,0.49096477031707764,2.3299999237060547,0.40943393111228943,2.695000171661377,0.543655276298523,2.7300000190734863,0.5600954294204712,2.7200000286102295,0.41385015845298767,380,234,587,567,366,244,590,605,-31.799999237060547,-51.20001220703125,16,19,1.0,1.0,25.515874555547175,-14,11.51634583471623,11.092059409226685,-3.6842105263157894,10,7.091644540325258,7.39470627281779,4.273504273504273
2.9200000762939453,0.4390484392642975,2.572999954223633,0.38052254915237427,3.0,0.4823588728904724,3.049999952316284,0.48876404762268066,3.009999990463257,0.3673909306526184,373,221,582,502,367,236,611,550,-31.799999237060547,-51.0,16,20,1.0,1.0,38.933426261510824,-6,11.304202621971458,11.122365582475938,-1.6085790884718498,15,6.697664288084965,7.152256886823764,6.787330316742081
2.0299999713897705,0.5304731130599976,1.840000033378601,0.44124746322631836,2.0999999046325684,0.5784417390823364,2.065000057220459,0.6074502468109131,2.109999895095825,0.44688814878463745,359,228,598,616,356,244,596,662,-31.600000381469727,-51.20001220703125,17,19,1.0,1.0,13.327741740724091,-3,10.879916196481911,10.788997676734153,-0.8356545961002786,16,6.909807500829738,7.39470627281779,7.017543859649122
2.630000114440918,0.47162824869155884,2.3299999237060547,0.396168977022171,2.680000066757202,0.517352819442749,2.7249999046325684,0.5372290015220642,2.7179999351501465,0.39633476734161377,371,227,580,545,350,226,587,603,-31.600000381469727,-51.0,17,20,1.0,1.0,20.956451588631033,-21,11.24359027547295,10.607160637238634,-5.660377358490566,-1,6.879501327580485,6.849195154331231,-0.44052863436123346
2.9700000286102295,0.42489343881607056,2.619999885559082,0.3770458698272705,3.0299999713897705,0.4614450931549072,3.109999895095825,0.4709969758987427,3.0779998302459717,0.3613576591014862,360,220,593,514,346,218,614,533,-31.600000381469727,-50.79998779296875,17,21,1.0,1.0,35.25088819648886,-14,10.910222369731166,10.48593594424162,-3.888888888888889,-2,6.667358114835713,6.6067457683372055,-0.9090909090909091
2.7300000190734863,0.4606758654117584,2.4600000381469727,0.39134207367897034,2.7799999713897705,0.501784086227417,2.819999933242798,0.5254940390586853,2.8379998207092285,0.38638290762901306,331,201,571,530,318,213,589,588,-31.399999618530273,-50.79998779296875,18,21,1.0,1.0,21.9195735690255,-13,10.03134334550282,9.637363093262529,-3.9274924471299095,12,6.0915408230999,6.4552149020909395,5.970149253731344
3.0,0.42284807562828064,2.6700000762939453,0.38514360785484314,3.0250000953674316,0.453615665435791,3.1600000858306885,0.4624069333076477,3.109999895095825,0.36672866344451904,341,210,585,531,336,213,609,536,-31.399999618530273,-50.600006103515625,18,22,1.0,1.0,36.4527359086755,-5,10.334405077995354,10.182874211749088,-1.466275659824047,3,6.36429638234318,6.4552149020909395,1.4285714285714286
2.4100000858306885,0.5050358772277832,2.180000066757202,0.41779232025146484,2.440000057220459,0.5450443625450134,2.4700000286102295,0.5821897387504578,2.5,0.4257294535636902,332,211,586,579,325,224,594,630,-31.200000762939453,-50.79998779296875,19,21,1.0,1.0,7.059829117103444,-7,10.061649518752075,9.849506306007303,-2.108433734939759,13,6.394602555592433,6.788582807832725,6.161137440758294
2.609999895095825,0.4530470669269562,2.3499999046325684,0.3901459872722626,2.640000104904175,0.488834023475647,2.7100000381469727,0.514133095741272,2.7200000286102295,0.38628682494163513,367,222,589,529,331,222,603,572,-31.200000762939453,-50.600006103515625,19,22,1.0,1.0,21.635126557344357,-36,11.122365582475938,10.03134334550282,-9.809264305177111,0,6.727970461334219,6.727970461334219,0.0
2.930000066757202,0.42334577441215515,2.609999895095825,0.3924926817417145,2.950000047683716,0.4488131105899811,3.0899999141693115,0.45428192615509033,3.0399999618530273,0.37518805265426636,336,209,600,541,321,212,611,545,-31.200000762939453,-50.399993896484375,19,23,1.0,1.0,38.61335809242864,-15,10.182874211749088,9.728281613010289,-4.464285714285714,3,6.333990209093926,6.424908728841686,1.4354066985645932
2.4000000953674316,0.4889775812625885,2.180000066757202,0.4062248468399048,2.450000047683716,0.5246792435646057,2.440000057220459,0.5637781620025635,2.5,0.4107198119163513,305,195,575,557,291,202,596,598,-31.0,-50.600006103515625,20,22,1.0,1.0,13.159935111675773,-14,9.243382841022237,8.819096415532693,-4.590163934426229,7,5.909703783604381,6.121846996349154,3.58974358974359
2.7300000190734863,0.44841498136520386,2.450000047683716,0.3931238353252411,2.759999990463257,0.4779302477836609,2.8350000381469727,0.5027940273284912,2.8479998111724854,0.388335645198822,353,222,597,542,320,216,602,561,-31.0,-50.399993896484375,20,23,1.0,1.0,25.15795149691779,-33,10.698079156986394,9.697975439761036,-9.34844192634561,-6,6.727970461334219,6.546133421838699,-2.7027027027027026
3.0279998779296875,0.42402780055999756,2.680000066757202,0.3993665874004364,3.0399999618530273,0.44823282957077026,3.195000171661377,0.4504230320453644,3.130000114440918,0.3810100853443146,326,205,594,544,306,204,605,547,-31.0,-50.20001220703125,20,24,1.0,1.0,44.60934401328981,-20,9.879812479256556,9.27368901427149,-6.134969325153374,-1,6.212765516096914,6.18245934284766,-0.4878048780487805
2.4800000190734863,0.4845300018787384,2.25,0.4075893759727478,2.509999990463257,0.5174920558929443,2.5250000953674316,0.5563952922821045,2.5799999237060547,0.4122844934463501,322,207,577,545,303,206,596,587,-30.799999237060547,-50.399993896484375,21,23,1.0,1.0,20.944556169738682,-19,9.758587786259543,9.18277049452373,-5.900621118012422,-1,6.27337786259542,6.243071689346167,-0.4830917874396135
2.8499999046325684,0.44777482748031616,2.5399999618530273,0.3984268009662628,2.869999885559082,0.47793105244636536,2.9749999046325684,0.4968959093093872,2.9600000381469727,0.3943568170070648,352,222,585,539,322,210,594,559,-30.799999237060547,-50.20001220703125,21,24,1.0,1.0,39.57329850544913,-30,10.66777298373714,9.758587786259543,-8.522727272727273,-12,6.727970461334219,6.36429638234318,-5.405405405405405
1.940000057220459,0.5144214630126953,1.809999942779541,0.42226797342300415,1.934999942779541,0.5456544160842896,1.909999966621399,0.5911681056022644,2.0799999237060547,0.4375908374786377,172,122,571,579,182,124,596,606,-30.600000381469727,-50.399993896484375,22,23,1.0,1.0,17.843958490109113,10,5.212661798871557,5.515723531364089,5.813953488372093,2,3.697353136408895,3.7579654829074016,1.639344262295082
2.5299999713897705,0.482517808675766,2.2799999713897705,0.4089846909046173,2.549999952316284,0.5144356489181519,2.5799999237060547,0.5464626550674438,2.6500000953674316,0.4128033518791199,313,198,569,532,293,194,589,580,-30.600000381469727,-50.20001220703125,22,24,1.0,1.0,19.767250258916327,-20,9.485832227016264,8.879708762031198,-6.389776357827476,-4,6.000622303352141,5.879397610355128,-2.0202020202020203
2.890000104904175,0.44877889752388,2.5429999828338623,0.4037405848503113,2.9050002098083496,0.4767170548439026,3.0199999809265137,0.49426016211509705,3.0,0.3978536128997803,344,216,580,528,317,204,586,551,-30.600000381469727,-50.0,22,25,1.0,1.0,37.242653112226485,-27,10.425323597743114,9.607056920013276,-7.848837209302325,-12,6.546133421838699,6.18245934284766,-5.555555555555555
2.0999999046325684,0.5078957676887512,1.9299999475479126,0.4237942099571228,2.0899999141693115,0.5385794043540955,2.0850000381469727,0.5799967050552368,2.2200000286102295,0.43756818771362305,217,152,556,554,227,158,592,597,-30.399999618530273,-50.20001220703125,23,24,1.0,1.0,10.188331271609153,10,6.576439595087953,6.879501327580485,4.608294930875576,6,4.606538333886492,4.788375373382012,3.9473684210526314
2.619999885559082,0.47571852803230286,2.3399999141693115,0.407919317483902,2.6500000953674316,0.5061598420143127,2.700000047683716,0.5339846611022949,2.7300000190734863,0.41035518050193787,335,210,579,524,303,201,585,570,-30.399999618530273,-50.0,23,25,1.0,1.0,28.33852681765787,-32,10.152568038499835,9.18277049452373,-9.552238805970148,-9,6.36429638234318,6.0915408230999,-4.285714285714286
2.9700000286102295,0.4466075301170349,2.609999895095825,0.40593385696411133,2.990000009536743,0.472118616104126,3.130000114440918,0.4854907989501953,3.069999933242798,0.3941023647785187,350,214,587,526,318,207,594,554,-30.399999618530273,-49.79998779296875,23,26,1.0,1.0,48.985371769236586,-32,10.607160637238634,9.637363093262529,-9.142857142857142,-7,6.485521075340193,6.27337786259542,-3.2710280373831777
2.4000000953674316,0.4949757158756256,2.1630001068115234,0.42076969146728516,2.4100000858306885,0.5251224040985107,2.4200000762939453,0.5596315860748291,2.5399999618530273,0.4288586378097534,261,165,555,531,253,176,572,576,-30.200000762939453,-50.0,24,25,1.0,1.0,22.23456477993985,-8,7.909911218055095,7.667461832061069,-3.0651340996168583,11,5.000518586126784,5.33388649186857,6.666666666666667
2.799999952316284,0.4648957848548889,2.4700000286102295,0.40877407789230347,2.819999933242798,0.49287867546081543,2.9050002098083496,0.5151265263557434,2.9000000953674316,0.4062403738498688,332,208,572,535,298,199,581,564,-30.200000762939453,-49.79998779296875,24,26,1.0,1.0,43.72841135549409,-34,10.061649518752075,9.031239628277465,-10.240963855421686,-9,6.3036840358446735,6.030928476601394,-4.326923076923077
2.0999999046325684,0.51784348487854,1.9299999475479126,0.43399375677108765,2.0949997901916504,0.5459150671958923,2.0799999237060547,0.5847717523574829,2.259999990463257,0.44954273104667664,191,131,535,560,186,129,564,593,-30.0,-50.0,25,25,1.0,1.0,21.15337046140183,-5,5.788479090607368,5.636948224361102,-2.6178010471204187,-2,3.9701086956521743,3.9094963491536676,-1.5267175572519085
2.640000104904175,0.48474517464637756,2.359999895095825,0.4172215163707733,2.6700000762939453,0.5113296508789062,2.7100000381469727,0.5413315296173096,2.759999990463257,0.42157307267189026,318,200,574,536,289,194,566,580,-30.0,-49.79998779296875,25,26,1.0,1.0,33.44866410515634,-29,9.637363093262529,8.758484069034186,-9.119496855345911,-6,6.061234649850648,5.879397610355128,-3.0
2.430000066757202,0.5073949098587036,2.190000057220459,0.4288642406463623,2.4700000286102295,0.5346999764442444,2.4700000286102295,0.5743560194969177,2.5399999618530273,0.44524791836738586,300,195,548,556,281,191,555,592,-29.799999237060547,-49.79998779296875,26,26,1.0,1.0,21.578527405999612,-19,9.091851974775972,8.516034683040159,-6.333333333333333,-4,5.909703783604381,5.788479090607368,-2.051282051282051
2.740000009536743,0.4755721390247345,2.4200000762939453,0.4147801399230957,2.7799999713897705,0.5025210976600647,2.859999895095825,0.528457522392273,2.819999933242798,0.41848066449165344,367,226,567,540,323,215,578,571,-29.799999237060547,-49.600006103515625,26,27,1.0,1.0,40.28707150735657,-44,11.122365582475938,9.788893959508796,-11.989100817438691,-11,6.849195154331231,6.515827248589446,-4.867256637168142
2.140000104904175,0.5320952534675598,1.9500000476837158,0.4483121633529663,2.1600000858306885,0.561848521232605,2.140000104904175,0.6041381359100342,2.257999897003174,0.4690437614917755,245,168,513,572,240,167,523,612,-29.600000381469727,-49.79998779296875,27,26,1.0,1.0,10.237269480614255,-5,7.4250124460670435,7.273481579820777,-2.0408163265306123,-1,5.091437105874544,5.06113093262529,-0.5952380952380952
2.5799999237060547,0.4975675046443939,2.2929999828338623,0.4241057336330414,2.630000114440918,0.5262980461120605,2.6449999809265137,0.5573301911354065,2.6700000762939453,0.4391074776649475,346,215,562,551,314,212,555,591,-29.600000381469727,-49.600006103515625,27,27,1.0,1.0,28.55993260653379,-32,10.48593594424162,9.516138400265516,-9.248554913294798,-3,6.515827248589446,6.424908728841686,-1.3953488372093024
2.8299999237060547,0.46876493096351624,2.4800000190734863,0.41580042243003845,2.890000104904175,0.493454247713089,2.9700000286102295,0.5183972120285034,2.890000104904175,0.4139062464237213,387,233,557,542,353,229,575,571,-29.600000381469727,-49.399993896484375,27,28,1.0,1.0,45.50401400663826,-34,11.728489047461004,10.698079156986394,-8.785529715762275,-4,7.061338367076004,6.940113674078991,-1.7167381974248928
2.3479998111724854,0.5269441604614258,2.140000104904175,0.44173863530158997,2.4000000953674316,0.557801365852356,2.359999895095825,0.5961054563522339,2.450000047683716,0.4644361734390259,299,192,525,570,299,200,537,607,-29.399999618530273,-49.600006103515625,28,27,1.0,1.0,14.80249086960339,0,9.061545801526718,9.061545801526718,0.0,8,5.818785263856622,6.061234649850648,4.166666666666667
2.6600000858306885,0.49044498801231384,2.359999895095825,0.42106902599334717,2.7100000381469727,0.5186225175857544,2.740000009536743,0.5471010804176331,2.7300000190734863,0.43201950192451477,377,231,557,549,350,228,558,591,-29.399999618530273,-49.399993896484375,28,28,1.0,1.0,34.40498234213569,-27,11.42542731496847,10.607160637238634,-7.161803713527852,-3,7.000726020577498,6.909807500829738,-1.2987012987012987
2.859999895095825,0.4634016454219818,2.509999990463257,0.41790440678596497,2.9149999618530273,0.4869978427886963,3.0399999618530273,0.5070490837097168,2.930000066757202,0.4122858941555023,405,242,562,547,367,237,572,564,-29.399999618530273,-49.20001220703125,28,29,1.0,1.0,48.46813793164603,-38,12.27400016594756,11.122365582475938,-9.382716049382717,-5,7.334093926319284,7.182563060073017,-2.0661157024793386
2.4700000286102295,0.518030047416687,2.2200000286102295,0.43446773290634155,2.5399999618530273,0.5485425591468811,2.5199999809265137,0.5858327150344849,2.559999942779541,0.45661306381225586,367,227,540,565,330,216,543,609,-29.200000762939453,-49.399993896484375,29,28,1.0,1.0,18.24668940407085,-37,11.122365582475938,10.001037172253568,-10.08174386920981,-11,6.879501327580485,6.546133421838699,-4.845814977973569
2.700000047683716,0.48392975330352783,2.4000000953674316,0.4192977249622345,2.7799999713897705,0.5095560550689697,2.8299999237060547,0.5391376614570618,2.7799999713897705,0.4285316467285156,417,248,558,546,379,244,561,588,-29.200000762939453,-49.20001220703125,29,29,1.0,1.0,34.31045316078664,-38,12.6376742449386,11.486039661466977,-9.112709832134293,-4,7.515930965814803,7.39470627281779,-1.6129032258064515
2.9000000953674316,0.4597136378288269,2.5199999809265137,0.42168524861335754,2.9700000286102295,0.48229479789733887,3.0899999141693115,0.5000996589660645,2.9600000381469727,0.415745347738266,407,243,562,542,385,243,570,551,-29.200000762939453,-49.0,29,30,1.0,1.0,47.944444905817754,-22,12.334612512446068,11.667876700962497,-5.405405405405405,0,7.364400099568536,7.364400099568536,0.0
2.119999885559082,0.5499903559684753,1.9299999475479126,0.45241111516952515,2.180000066757202,0.580215334892273,2.125,0.6250200271606445,2.190000057220459,0.48672395944595337,305,203,507,590,283,185,511,631,-29.0,-49.399993896484375,30,28,1.0,1.0,10.483401789570125,-22,9.243382841022237,8.576647029538666,-7.213114754098361,-18,6.1521531695984075,5.606642051111849,-8.866995073891626
2.4800000190734863,0.5089423656463623,2.200000047683716,0.4251376688480377,2.554999828338623,0.5373151898384094,2.569999933242798,0.5726958513259888,2.549999952316284,0.44915255904197693,423,254,546,558,384,250,550,599,-29.0,-49.20001220703125,30,29,1.0,1.0,17.533228284470322,-39,12.81951128443412,11.637570527713244,-9.21985815602837,-4,7.697768005310322,7.5765433123133095,-1.5748031496062993
2.7200000286102295,0.4772050678730011,2.380000114440918,0.4185919761657715,2.799999952316284,0.5023264288902283,2.890000104904175,0.5241482257843018,2.7799999713897705,0.42452529072761536,431,251,546,546,403,256,562,579,-29.0,-49.0,30,30,1.0,1.0,31.839856888754593,-28,13.061960670428146,12.213387819449055,-6.496519721577727,5,7.606849485562563,7.758380351808829,1.9920318725099602
2.9200000762939453,0.4582068920135498,2.5,0.42523306608200073,2.9800000190734863,0.4759088158607483,3.1500000953674316,0.4926643967628479,2.9600000381469727,0.4207402765750885,413,242,555,547,388,244,569,548,-29.0,-48.79998779296875,30,31,1.0,1.0,40.730283852195726,-25,12.516449551941587,11.758795220710256,-6.053268765133172,2,7.334093926319284,7.39470627281779,0.8264462809917356
3.059999942779541,0.44744762778282166,2.5999999046325684,0.43574634194374084,3.1600000858306885,0.4607657790184021,3.359999895095825,0.4637793302536011,3.0899999141693115,0.4236505925655365,366,217,561,509,355,220,580,519,-29.0,-48.600006103515625,30,32,1.0,1.0,49.043019351774696,-11,11.092059409226685,10.758691503484899,-3.0054644808743167,3,6.576439595087953,6.667358114835713,1.3824884792626728
2.4679999351501465,0.5101401209831238,2.1600000858306885,0.4226476550102234,2.559999942779541,0.5418753623962402,2.5749998092651367,0.5756593942642212,2.490000009536743,0.4512196183204651,450,268,529,555,419,271,552,609,-28.799999237060547,-49.0,31,30,1.0,1.0,10.925469639290654,-31,13.637777962163957,12.698286591437107,-6.888888888888889,3,8.122054430799867,8.212972950547627,1.1194029850746268
2.740000009536743,0.47772496938705444,2.359999895095825,0.42035549879074097,2.8399999141693115,0.5030770301818848,2.9200000762939453,0.5262694358825684,2.7799999713897705,0.43064624071121216,441,258,551,555,417,266,568,582,-28.799999237060547,-48.79998779296875,31,31,1.0,1.0,20.722516643687264,-24,13.365022402920678,12.6376742449386,-5.442176870748299,8,7.818992698307335,8.061442084301362,3.10077519379845
2.9600000381469727,0.45946693420410156,2.5199999809265137,0.4309130609035492,3.049999952316284,0.47850438952445984,3.2200000286102295,0.4859223961830139,2.98799991607666,0.42911824584007263,409,243,557,548,392,250,575,559,-28.799999237060547,-48.600006103515625,31,32,1.0,1.0,31.275803701335953,-17,12.395224858944575,11.880019913707269,-4.156479217603912,7,7.364400099568536,7.5765433123133095,2.880658436213992
3.0799999237060547,0.44954219460487366,2.609999895095825,0.44136589765548706,3.190000057220459,0.4629051089286804,3.390000104904175,0.4559098780155182,3.0999999046325684,0.42889299988746643,344,206,555,503,342,214,578,510,-28.799999237060547,-48.399993896484375,31,33,1.0,1.0,48.48517827124363,-2,10.425323597743114,10.364711251244607,-0.5813953488372093,8,6.243071689346167,6.485521075340193,3.883495145631068
2.450000047683716,0.5160354375839233,2.119999885559082,0.4257214367389679,2.5349998474121094,0.5509097576141357,2.5899999141693115,0.580452561378479,2.4800000190734863,0.4638881981372833,472,277,532,561,439,283,566,610,-28.600000381469727,-48.79998779296875,32,31,1.0,1.0,0.7663941996960325,-33,14.304513773647528,13.30441005642217,-6.991525423728813,6,8.394809990043147,8.576647029538666,2.1660649819494586
2.7100000381469727,0.4800037145614624,2.3399999141693115,0.43026039004325867,2.799999952316284,0.5054484605789185,2.890000104904175,0.5214484930038452,2.740000009536743,0.44076523184776306,436,255,555,555,407,260,579,586,-28.600000381469727,-48.600006103515625,32,32,1.0,1.0,18.56073139389208,-29,13.213491536674411,12.334612512446068,-6.651376146788991,5,7.7280741785595755,7.8796050448058415,1.9607843137254901
2.950000047683716,0.46178606152534485,2.5199999809265137,0.44438546895980835,3.059999942779541,0.4801877737045288,3.195000171661377,0.478342205286026,2.9700000286102295,0.4398011863231659,369,221,553,534,371,241,579,554,-28.600000381469727,-48.399993896484375,32,33,1.0,1.0,38.8635915603421,2,11.182977928974445,11.24359027547295,0.5420054200542005,20,6.697664288084965,7.30378775307003,9.049773755656108
2.3399999141693115,0.5045717358589172,2.069999933242798,0.4354647994041443,2.4100000858306885,0.5362753868103027,2.4200000762939453,0.5557201504707336,2.380000114440918,0.46278008818626404,397,248,550,550,367,242,556,593,-28.399999618530273,-48.600006103515625,33,32,1.0,1.0,12.193364075768901,-30,12.031550779953536,11.122365582475938,-7.5566750629722925,-6,7.515930965814803,7.334093926319284,-2.4193548387096775
2.809999942779541,0.48001617193222046,2.4200000762939453,0.4477194547653198,2.9050002098083496,0.5005933046340942,2.990000009536743,0.5064831972122192,2.8379998207092285,0.4534209966659546,393,241,556,563,371,245,568,575,-28.399999618530273,-48.399993896484375,33,33,1.0,1.0,31.592382135090812,-22,11.910326086956522,11.24359027547295,-5.597964376590331,4,7.30378775307003,7.4250124460670435,1.6597510373443984
2.140000104904175,0.5274001359939575,1.9299999475479126,0.4467810094356537,2.190000057220459,0.5597536563873291,2.1700000762939453,0.5810824632644653,2.2279999256134033,0.48109614849090576,303,211,566,567,279,200,552,603,-28.200000762939453,-48.600006103515625,34,32,1.0,1.0,5.106755274764556,-24,9.18277049452373,8.455422336541654,-7.920792079207921,-11,6.394602555592433,6.061234649850648,-5.213270142180095
2.5799999237060547,0.4994770288467407,2.2699999809265137,0.45640236139297485,2.6700000762939453,0.5220046043395996,2.7150001525878906,0.5321409106254578,2.630000114440918,0.4704107940196991,387,245,568,574,358,242,571,585,-28.200000762939453,-48.399993896484375,34,33,1.0,1.0,25.57083350142527,-29,11.728489047461004,10.849610023232659,-7.493540051679586,-3,7.4250124460670435,7.334093926319284,-1.2244897959183674
2.869999885559082,0.4838426113128662,2.4700000286102295,0.4664112627506256,2.9800000190734863,0.5056489706039429,3.0799999237060547,0.49433672428131104,2.880000114440918,0.4662567973136902,359,220,564,548,348,222,574,557,-28.200000762939453,-48.20001220703125,34,34,1.0,1.0,46.28759227121452,-11,10.879916196481911,10.546548290740127,-3.064066852367688,2,6.667358114835713,6.727970461334219,0.9090909090909091
2.4600000381469727,0.5208571553230286,2.193000078201294,0.46721839904785156,2.549999952316284,0.5454645156860352,2.5399999618530273,0.5597212910652161,2.5199999809265137,0.48819684982299805,368,243,560,566,339,234,565,596,-28.0,-48.399993896484375,35,33,1.0,1.0,21.80212500268283,-29,11.15267175572519,10.273792731496847,-7.880434782608695,-9,7.364400099568536,7.091644540325258,-3.7037037037037037
2.7799999713897705,0.5029507279396057,2.4130001068115234,0.47761547565460205,2.890000104904175,0.5235450267791748,2.9700000286102295,0.5213147401809692,2.799999952316284,0.4844208061695099,361,229,567,575,352,231,579,569,-28.0,-48.20001220703125,35,34,1.0,1.0,39.65378151342399,-9,10.940528542980418,10.66777298373714,-2.4930747922437675,2,6.940113674078991,7.000726020577498,0.8733624454148472
2.2300000190734863,0.5441379547119141,2.0,0.4815237820148468,2.299999952316284,0.5701017379760742,2.259999990463257,0.5868179798126221,2.309999942779541,0.5122101902961731,312,220,563,560,302,216,568,584,-27.799999237060547,-48.399993896484375,36,33,1.0,1.0,9.678687731098767,-10,9.45552605376701,9.152464321274477,-3.2051282051282053,-4,6.667358114835713,6.546133421838699,-1.8181818181818181
2.640000104904175,0.5237933397293091,2.3399999141693115,0.492844820022583,2.75,0.5448610782623291,2.7699999809265137,0.5485134124755859,2.700000047683716,0.5059516429901123,359,231,578,572,341,230,575,575,-27.799999237060547,-48.20001220703125,36,34,1.0,1.0,30.653941886091562,-18,10.879916196481911,10.334405077995354,-5.013927576601671,-1,7.000726020577498,6.970419847328245,-0.4329004329004329
1.899999976158142,0.5721238851547241,1.7330000400543213,0.5024457573890686,1.9299999475479126,0.6019806265830994,1.8799999952316284,0.6200257539749146,1.9800000190734863,0.5406791567802429,266,194,560,564,273,198,572,589,-27.600000381469727,-48.399993896484375,37,33,1.0,1.0,1.6533523176485831,7,8.061442084301362,8.273585297046134,2.6315789473684212,4,5.879397610355128,6.000622303352141,2.0618556701030926
2.549999952316284,0.5510460734367371,2.2699999809265137,0.5137404799461365,2.630000114440918,0.5718499422073364,2.630000114440918,0.5802121162414551,2.630000114440918,0.5319497585296631,328,220,569,577,319,217,578,577,-27.600000381469727,-48.20001220703125,37,34,1.0,1.0,22.38662188037925,-9,9.940424825755063,9.667669266511783,-2.7439024390243905,-3,6.667358114835713,6.576439595087953,-1.3636363636363635
2.809999942779541,0.5314715504646301,2.4600000381469727,0.5141202211380005,2.890000104904175,0.5509478449821472,2.9800000190734863,0.5389735698699951,2.859999895095825,0.5198820233345032,323,206,572,540,318,205,582,549,-27.600000381469727,-48.0,37,35,1.0,1.0,43.49572505664527,-5,9.788893959508796,9.637363093262529,-1.5479876160990713,-1,6.243071689346167,6.212765516096914,-0.4854368932038835
1.5,0.6278943419456482,1.4199999570846558,0.5649751424789429,1.4800000190734863,0.6564610600471497,1.4550000429153442,0.6790640354156494,1.590000033378601,0.6000292301177979,214,163,602,552,221,177,607,592,-27.399999618530273,-48.399993896484375,38,33,1.0,1.0,0.9432786955259338,7,6.485521075340193,6.697664288084965,3.2710280373831777,14,4.939906239628278,5.364192665117823,8.588957055214724
2.5,0.5872432589530945,2.25,0.5476977825164795,2.549999952316284,0.6089776754379272,2.5349998474121094,0.6187369227409363,2.609999895095825,0.5684587955474854,292,197,576,570,280,196,586,574,-27.399999618530273,-48.20001220703125,38,34,1.0,1.0,19.73129426615746,-12,8.849402588781945,8.485728509790906,-4.109589041095891,-1,5.970316130102888,5.940009956853634,-0.5076142131979695
2.7699999809265137,0.5587425827980042,2.450000047683716,0.5387319922447205,2.8350000381469727,0.5802440643310547,2.9100000858306885,0.5700516700744629,2.8399999141693115,0.5477818846702576,321,210,583,546,304,202,590,542,-27.399999618530273,-48.0,38,35,1.0,1.0,41.01487628070181,-17,9.728281613010289,9.213076667772985,-5.29595015576324,-8,6.36429638234318,6.121846996349154,-3.8095238095238093
1.6399999856948853,0.663706362247467,1.5700000524520874,0.604436993598938,1.600000023841858,0.688430905342102,1.5700000524520874,0.7133222222328186,1.75,0.6388387084007263,191,149,597,566,206,167,602,580,-27.200000762939453,-48.399993896484375,39,33,1.0,1.0,9.309054992707342,15,5.788479090607368,6.243071689346167,7.853403141361256,18,4.5156198141387325,5.06113093262529,12.080536912751677
2.2899999618530273,0.6278036236763,2.109999895095825,0.5880497694015503,2.2950000762939453,0.6501624584197998,2.2849998474121094,0.6579452157020569,2.430000066757202,0.6089764833450317,256,181,580,564,252,182,587,560,-27.200000762939453,-48.20001220703125,39,34,1.0,1.0,30.111008492495433,-4,7.758380351808829,7.637155658811816,-1.5625,1,5.4854173581148356,5.515723531364089,0.5524861878453039
2.680000066757202,0.5929900407791138,2.390000104904175,0.5704938769340515,2.7200000286102295,0.6134303212165833,2.7699999809265137,0.6041146516799927,2.7799999713897705,0.5806538462638855,297,201,581,531,288,193,600,536,-27.200000762939453,-48.0,39,35,1.0,1.0,48.488236756162394,-9,9.000933455028212,8.728177895784933,-3.0303030303030303,-8,6.0915408230999,5.849091437105875,-3.9800995024875623
1.8200000524520874,0.7012333869934082,1.7400000095367432,0.6488850116729736,1.7599999904632568,0.7269895076751709,1.75,0.7424166798591614,1.9700000286102295,0.6809263229370117,155,122,543,551,167,130,564,565,-27.0,-48.399993896484375,40,33,1.0,1.0,18.32368944718786,12,4.697456853634252,5.06113093262529,7.741935483870968,8,3.697353136408895,3.9398025224029207,6.557377049180328
2.3299999237060547,0.6682019829750061,2.1500000953674316,0.629543125629425,2.3299999237060547,0.6907321214675903,2.299999952316284,0.6956385970115662,2.4700000286102295,0.6475805044174194,246,172,584,547,245,170,583,551,-27.0,-48.20001220703125,40,34,1.0,1.0,34.245173541579625,-1,7.455318619316296,7.4250124460670435,-0.4065040650406504,-2,5.212661798871557,5.15204945237305,-1.1627906976744187
1.9299999475479126,0.7381049394607544,1.840000033378601,0.6878109574317932,1.899999976158142,0.7648783922195435,1.850000023841858,0.7736850380897522,2.069999933242798,0.716380774974823,197,148,568,551,202,156,570,558,-26.799999237060547,-48.399993896484375,41,33,1.0,1.0,19.300424668312022,5,5.970316130102888,6.121846996349154,2.5380710659898478,8,4.485313640889479,4.727763026883505,5.405405405405405
2.319999933242798,0.7080046534538269,2.1500000953674316,0.6715291738510132,2.3299999237060547,0.7302709817886353,2.2799999713897705,0.7330683469772339,2.4600000381469727,0.6888031363487244,259,182,580,537,257,179,581,540,-26.799999237060547,-48.20001220703125,41,34,1.0,1.0,40.6985602902472,-2,7.849298871556589,7.788686525058082,-0.7722007722007722,-3,5.515723531364089,5.424805011616329,-1.6483516483516483
1.690000057220459,0.8045957684516907,1.6430000066757202,0.7456899285316467,1.659999966621399,0.8316634893417358,1.5800000429153442,0.8470337390899658,1.8200000524520874,0.7848061323165894,176,140,565,568,196,155,569,567,-26.600000381469727,-48.600006103515625,42,32,1.0,1.0,8.128750087697533,20,5.33388649186857,5.940009956853634,11.363636363636363,15,4.242864254895453,4.697456853634252,10.714285714285714
1.940000057220459,0.7773637771606445,1.8700000047683716,0.7283886075019836,1.9199999570846558,0.8020191788673401,1.850000023841858,0.8118166327476501,2.0799999237060547,0.754096269607544,214,161,570,545,218,165,588,547,-26.600000381469727,-48.399993896484375,42,33,1.0,1.0,27.00728077958231,4,6.485521075340193,6.6067457683372055,1.8691588785046729,4,4.879293893129772,5.000518586126784,2.484472049689441
2.2899999618530273,0.7467055916786194,2.133000135421753,0.7117791771888733,2.299999952316284,0.7710620164871216,2.240000009536743,0.7724847793579102,2.4200000762939453,0.7262298464775085,256,176,588,527,257,180,588,539,-26.600000381469727,-48.20001220703125,42,34,1.0,1.0,45.09082376633664,1,7.758380351808829,7.788686525058082,0.390625,4,5.33388649186857,5.455111184865583,2.272727272727273
1.6299999952316284,0.8225337266921997,1.559999942779541,0.7728517055511475,1.6299999952316284,0.8501830101013184,1.5700000524520874,0.8619790077209473,1.7380000352859497,0.8009046316146851,229,166,598,546,232,170,599,547,-26.399999618530273,-48.399993896484375,43,33,1.0,1.0,16.772363739395743,3,6.940113674078991,7.031032193826751,1.3100436681222707,4,5.030824759376038,5.15204945237305,2.4096385542168677
2.240000009536743,0.7905775904655457,2.0899999141693115,0.7545212507247925,2.25,0.8157989978790283,2.200000047683716,0.8180175423622131,2.369999885559082,0.7695074677467346,250,178,573,526,247,175,590,540,-26.399999618530273,-48.20001220703125,43,34,1.0,1.0,35.92628297160989,-3,7.5765433123133095,7.48562479256555,-1.2,-3,5.394498838367077,5.303580318619317,-1.6853932584269662
1.340000033378601,0.8872953653335571,1.2699999809265137,0.8393398523330688,1.3350000381469727,0.9114177823066711,1.2799999713897705,0.9285180568695068,1.4299999475479126,0.8659400343894958,211,160,592,543,214,162,608,542,-26.200000762939453,-48.399993896484375,44,33,1.0,1.0,10.16709450523642,3,6.394602555592433,6.485521075340193,1.4218009478672986,2,4.848987719880518,4.909600066379024,1.25
2.0,0.8390948176383972,1.8700000047683716,0.7998484373092651,2.0199999809265137,0.8666919469833374,1.9800000190734863,0.8723376989364624,2.119999885559082,0.8159005641937256,252,185,590,530,251,175,592,539,-26.200000762939453,-48.20001220703125,44,34,1.0,1.0,31.32564812653443,-1,7.637155658811816,7.606849485562563,-0.3968253968253968,-10,5.606642051111849,5.303580318619317,-5.405405405405405
1.2599999904632568,0.9466719031333923,1.2100000381469727,0.8930414915084839,1.25,0.9697220921516418,1.2100000381469727,0.9874354600906372,1.3600000143051147,0.9220115542411804,197,152,609,541,205,158,609,546,-26.0,-48.399993896484375,45,33,1.0,1.0,19.65297598472032,8,5.970316130102888,6.212765516096914,4.060913705583756,6,4.606538333886492,4.788375373382012,3.9473684210526314
1.850000023841858,0.8941023349761963,1.7300000190734863,0.8460310697555542,1.8600000143051147,0.9215318560600281,1.809999942779541,0.9334059953689575,1.9600000381469727,0.8702160716056824,242,177,595,534,240,171,597,539,-26.0,-48.20001220703125,45,34,1.0,1.0,39.65927221634142,-2,7.334093926319284,7.273481579820777,-0.8264462809917356,-6,5.364192665117823,5.182355625622304,-3.389830508474576
1.7999999523162842,0.9465181827545166,1.7200000286102295,0.8966234922409058,1.815000057220459,0.9715754985809326,1.7599999904632568,0.9871330261230469,1.909999966621399,0.9235461354255676,246,187,623,537,247,186,619,544,-25.799999237060547,-48.20001220703125,46,34,1.0,1.0,30.454283304804566,1,7.455318619316296,7.48562479256555,0.4065040650406504,-1,5.667254397610355,5.636948224361102,-0.5347593582887701
2.1500000953674316,0.8897505402565002,2.0,0.8483393788337708,2.200000047683716,0.9150521755218506,2.140000104904175,0.919395387172699,2.25,0.8651350140571594,283,199,601,523,268,189,614,535,-25.799999237060547,-48.0,46,35,1.0,1.0,44.1482361826366,-15,8.576647029538666,8.122054430799867,-5.30035335689046,-10,6.030928476601394,5.727866744108862,-5.025125628140704
1.3300000429153442,1.0427987575531006,1.2999999523162842,0.986485481262207,1.3300000429153442,1.066799521446228,1.2699999809265137,1.0899550914764404,1.409999966621399,1.0112093687057495,253,186,631,540,260,188,636,557,-25.600000381469727,-48.399993896484375,47,33,1.0,1.0,1.2933584106296465,7,7.667461832061069,7.8796050448058415,2.766798418972332,2,5.636948224361102,5.697560570859609,1.075268817204301
1.6699999570846558,0.9906139969825745,1.590000033378601,0.9360041618347168,1.6799999475479126,1.0153353214263916,1.6100000143051147,1.0321847200393677,1.75,0.9623847603797913,264,194,619,541,266,195,628,553,-25.600000381469727,-48.20001220703125,47,34,1.0,1.0,15.669056922091535,2,8.000829737802855,8.061442084301362,0.7575757575757576,1,5.879397610355128,5.909703783604381,0.5154639175257731
2.059999942779541,0.9310259222984314,1.9199999570846558,0.8859363198280334,2.0999999046325684,0.9582616090774536,2.0399999618530273,0.9655588269233704,2.1600000858306885,0.9071351289749146,281,196,604,530,271,192,613,539,-25.600000381469727,-48.0,47,35,1.0,1.0,27.4684123639126,-10,8.516034683040159,8.212972950547627,-3.5587188612099645,-4,5.940009956853634,5.818785263856622,-2.0408163265306123
2.2699999809265137,0.8786876797676086,2.0799999237060547,0.8410114645957947,2.319999933242798,0.9074618816375732,2.2899999618530273,0.9062875509262085,2.359999895095825,0.8562308549880981,291,203,604,524,274,194,605,521,-25.600000381469727,-47.79998779296875,47,36,1.0,1.0,43.72045269085323,-17,8.819096415532693,8.303891470295387,-5.841924398625429,-9,6.1521531695984075,5.879397610355128,-4.433497536945813
1.8899999856948853,0.9609321355819702,1.7599999904632568,0.905169665813446,1.940000057220459,0.9912549257278442,1.8700000047683716,0.998604416847229,1.9780000448226929,0.9370976090431213,292,204,605,540,285,203,603,555,-25.399999618530273,-48.0,48,35,1.0,1.0,12.866417210071774,-7,8.849402588781945,8.637259376037173,-2.3972602739726026,-1,6.18245934284766,6.1521531695984075,-0.49019607843137253
2.059999942779541,0.9157692790031433,1.899999976158142,0.8694378733634949,2.0999999046325684,0.9452914595603943,2.069999933242798,0.9486455917358398,2.138000011444092,0.8962982892990112,290,203,608,537,280,199,607,541,-25.399999618530273,-47.79998779296875,48,36,1.0,1.0,27.427474572511855,-10,8.788790242283438,8.485728509790906,-3.4482758620689653,-4,6.1521531695984075,6.030928476601394,-1.9704433497536946
2.309999942779541,0.8651902675628662,2.0899999141693115,0.8253084421157837,2.369999885559082,0.8959304094314575,2.3499999046325684,0.8901670575141907,2.380000114440918,0.8460995554924011,295,204,602,524,284,196,608,523,-25.399999618530273,-47.600006103515625,48,37,1.0,1.0,43.76197260230043,-11,8.940321108529705,8.606953202787919,-3.7288135593220337,-8,6.18245934284766,5.940009956853634,-3.9215686274509802
1.850000023841858,0.9464309811592102,1.7100000381469727,0.8874732255935669,1.899999976158142,0.9764575958251953,1.850000023841858,0.9809633493423462,1.9199999570846558,0.9296121597290039,294,204,591,542,290,203,591,555,-25.200000762939453,-47.79998779296875,49,36,1.0,1.0,13.891577797601652,-4,8.910014935280453,8.788790242283438,-1.3605442176870748,-1,6.18245934284766,6.1521531695984075,-0.49019607843137253
2.180000066757202,0.9006102681159973,1.9800000190734863,0.853386402130127,2.2300000190734863,0.9308750033378601,2.2100000381469727,0.9290412068367004,2.25,0.881187379360199,298,205,591,524,287,202,598,534,-25.200000762939453,-47.600006103515625,49,37,1.0,1.0,34.67833196137092,-11,9.031239628277465,8.697871722535679,-3.6912751677852347,-3,6.212765516096914,6.121846996349154,-1.4634146341463414
1.2899999618530273,0.9627276062965393,1.2100000381469727,0.8968967199325562,1.2999999523162842,0.9922392964363098,1.25,0.998364269733429,1.3600000143051147,0.9492096900939941,275,197,573,554,262,191,578,565,-25.0,-47.79998779296875,50,36,1.0,1.0,6.179235150365875,-13,8.33419764354464,7.940217391304349,-4.7272727272727275,-6,5.970316130102888,5.788479090607368,-3.045685279187817
2.0399999618530273,0.9263536930084229,1.8530000448226929,0.8663504123687744,2.0999999046325684,0.9552220702171326,2.049999952316284,0.9584795236587524,2.109999895095825,0.9093906283378601,310,212,568,539,291,202,575,542,-25.0,-47.600006103515625,50,37,1.0,1.0,21.64509936594639,-19,9.394913707268504,8.819096415532693,-6.129032258064516,-10,6.424908728841686,6.121846996349154,-4.716981132075472
2.200000047683716,0.8806172609329224,1.9900000095367432,0.8271629214286804,2.25,0.9106148481369019,2.240000009536743,0.9086511135101318,2.2679998874664307,0.8617400527000427,322,217,588,530,296,202,583,532,-25.0,-47.399993896484375,50,38,1.0,1.0,32.31032755327796,-26,9.758587786259543,8.970627281778958,-8.074534161490684,-15,6.576439595087953,6.121846996349154,-6.912442396313364
2.3399999141693115,0.8343190550804138,2.0899999141693115,0.7835086584091187,2.390000104904175,0.8652275800704956,2.4000000953674316,0.8552014827728271,2.4000000953674316,0.8188219666481018,314,206,589,516,296,198,591,517,-25.0,-47.20001220703125,50,39,1.0,1.0,43.23433900515393,-18,9.516138400265516,8.970627281778958,-5.732484076433121,-8,6.243071689346167,6.000622303352141,-3.883495145631068
2.0399999618530273,0.9016525745391846,1.850000023841858,0.835297703742981,2.0899999141693115,0.9336405992507935,2.049999952316284,0.9365159273147583,2.0999999046325684,0.8882031440734863,332,224,569,545,304,209,583,544,-24.799999237060547,-47.399993896484375,51,38,1.0,1.0,12.907771218937409,-28,10.061649518752075,9.213076667772985,-8.433734939759036,-15,6.788582807832725,6.333990209093926,-6.696428571428571
2.25,0.8582276105880737,2.0199999809265137,0.7965675592422485,2.2799999713897705,0.8917864561080933,2.299999952316284,0.8856602907180786,2.3299999237060547,0.845037579536438,330,219,579,531,317,207,587,529,-24.799999237060547,-47.20001220703125,51,39,1.0,1.0,29.18332744419484,-13,10.001037172253568,9.607056920013276,-3.9393939393939394,-12,6.637051941586459,6.27337786259542,-5.47945205479452
2.359999895095825,0.8175963163375854,2.0899999141693115,0.7599248886108398,2.4000000953674316,0.8513203859329224,2.430000066757202,0.8368963003158569,2.430000066757202,0.8053103685379028,331,211,581,521,304,198,582,522,-24.799999237060547,-47.0,51,40,1.0,1.0,35.43728853788353,-27,10.03134334550282,9.213076667772985,-8.157099697885196,-13,6.394602555592433,6.000622303352141,-6.161137440758294
2.450000047683716,0.780911386013031,2.1600000858306885,0.7273865938186646,2.494999885559082,0.8150919675827026,2.549999952316284,0.796904444694519,2.5299999713897705,0.7700719833374023,333,208,579,503,306,198,591,516,-24.799999237060547,-46.79998779296875,51,41,1.0,1.0,47.82651086742907,-27,10.091955692001328,9.27368901427149,-8.108108108108109,-10,6.3036840358446735,6.000622303352141,-4.8076923076923075
1.9900000095367432,0.8732613921165466,1.809999942779541,0.7998666763305664,2.0299999713897705,0.9094588160514832,2.0199999809265137,0.9045957922935486,2.069999933242798,0.8572654724121094,355,234,570,549,332,219,579,555,-24.600000381469727,-47.20001220703125,52,39,1.0,1.0,7.66100995661133,-23,10.758691503484899,10.061649518752075,-6.47887323943662,-15,7.091644540325258,6.637051941586459,-6.410256410256411
2.2100000381469727,0.8390258550643921,1.9830000400543213,0.7718740105628967,2.255000114440918,0.8794472813606262,2.2649998664855957,0.8646068572998047,2.307999849319458,0.823166012763977,360,232,585,539,319,212,570,543,-24.600000381469727,-47.0,52,40,1.0,1.0,18.429338447127133,-41,10.910222369731166,9.667669266511783,-11.38888888888889,-20,7.031032193826751,6.424908728841686,-8.620689655172415
2.309999942779541,0.8046730756759644,2.052999973297119,0.7401704788208008,2.3499999046325684,0.8429017066955566,2.390000104904175,0.827691912651062,2.390000104904175,0.7907455563545227,346,219,566,528,319,209,578,542,-24.600000381469727,-46.79998779296875,52,41,1.0,1.0,30.086716755174677,-27,10.48593594424162,9.667669266511783,-7.803468208092486,-10,6.637051941586459,6.333990209093926,-4.566210045662101
2.440000057220459,0.7713032364845276,2.140000104904175,0.7118821740150452,2.4850001335144043,0.8083056807518005,2.5749998092651367,0.7930587530136108,2.509999990463257,0.760622501373291,349,217,573,519,329,214,580,532,-24.600000381469727,-46.600006103515625,52,42,1.0,1.0,47.83973163251861,-20,10.57685446398938,9.970730999004315,-5.730659025787966,-3,6.576439595087953,6.485521075340193,-1.3824884792626728
2.140000104904175,0.825983464717865,1.902999997138977,0.7509746551513672,2.180000066757202,0.8688209056854248,2.2200000286102295,0.8550234436988831,2.2200000286102295,0.8123496174812317,379,237,565,533,349,228,576,563,-24.399999618530273,-46.79998779296875,53,41,1.0,1.0,19.93773521890288,-30,11.486039661466977,10.57685446398938,-7.915567282321899,-9,7.182563060073017,6.909807500829738,-3.7974683544303796
2.25,0.7961509823799133,1.9700000286102295,0.7248483896255493,2.2899999618530273,0.8382297158241272,2.359999895095825,0.8237335681915283,2.319999933242798,0.7848926186561584,381,239,560,531,347,224,577,557,-24.399999618530273,-46.600006103515625,53,42,1.0,1.0,29.152897226663978,-34,11.546652007965484,10.516242117490874,-8.923884514435695,-15,7.243175406571524,6.788582807832725,-6.2761506276150625
2.359999895095825,0.7669069766998291,2.049999952316284,0.700770914554596,2.390000104904175,0.8057583570480347,2.509999990463257,0.7928785085678101,2.4179999828338623,0.7553876042366028,374,232,556,528,343,217,573,543,-24.399999618530273,-46.399993896484375,53,43,1.0,1.0,40.24502442896932,-31,11.33450879522071,10.39501742449386,-8.288770053475936,-15,7.031032193826751,6.576439595087953,-6.4655172413793105
2.430000066757202,0.738324761390686,2.0899999141693115,0.6751385927200317,2.4700000286102295,0.7739953994750977,2.5999999046325684,0.7630813121795654,2.490000009536743,0.7245609164237976,380,233,558,518,341,215,576,538,-24.399999618530273,-46.20001220703125,53,44,1.0,1.0,43.09196556520859,-39,11.51634583471623,10.334405077995354,-10.263157894736842,-18,7.061338367076004,6.515827248589446,-7.725321888412017
2.5,0.7091943621635437,2.133000135421753,0.6500296592712402,2.549999952316284,0.7442841529846191,2.690000057220459,0.7313560247421265,2.559999942779541,0.6950991153717041,373,223,562,519,340,214,574,533,-24.399999618530273,-46.0,53,45,1.0,1.0,49.1518574506021,-33,11.304202621971458,10.3040989047461,-8.847184986595174,-9,6.7582766345834715,6.485521075340193,-4.0358744394618835
2.75,0.6281796097755432,2.319999933242798,0.6037798523902893,2.799999952316284,0.6554964184761047,2.990000009536743,0.6307706832885742,2.7779998779296875,0.6206632256507874,288,163,556,450,273,165,567,463,-24.399999618530273,-45.20001220703125,53,49,1.0,1.0,48.16613407129825,-15,8.728177895784933,8.273585297046134,-5.208333333333333,2,4.939906239628278,5.000518586126784,1.2269938650306749
2.130000114440918,0.8179981708526611,1.8630000352859497,0.7373822927474976,2.180000066757202,0.862816333770752,2.240000009536743,0.8488326072692871,2.190000057220459,0.8076784610748291,405,248,555,538,358,233,561,572,-24.200000762939453,-46.600006103515625,54,42,1.0,1.0,12.28256790604771,-47,12.27400016594756,10.849610023232659,-11.604938271604938,-15,7.515930965814803,7.061338367076004,-6.048387096774194
2.2200000286102295,0.7926738858222961,1.9199999570846558,0.7139869332313538,2.259999990463257,0.8382835984230042,2.359999895095825,0.8224791884422302,2.2699999809265137,0.7805909514427185,411,249,551,537,377,241,563,570,-24.200000762939453,-46.399993896484375,54,43,1.0,1.0,18.92270337702859,-34,12.45583720544308,11.42542731496847,-8.27250608272506,-8,7.546237139064056,7.30378775307003,-3.21285140562249
2.2699999809265137,0.7636478543281555,1.9530000686645508,0.6891921162605286,2.309999942779541,0.8076574802398682,2.4200000762939453,0.7911142110824585,2.309999942779541,0.7522299289703369,406,245,560,531,372,237,560,569,-24.200000762939453,-46.20001220703125,54,44,1.0,1.0,21.971832232632707,-34,12.304306339196815,11.273896448722205,-8.374384236453203,-8,7.4250124460670435,7.182563060073017,-3.2653061224489797
2.369999885559082,0.7340101003646851,2.0299999713897705,0.6648896932601929,2.4100000858306885,0.776817798614502,2.5399999618530273,0.7614532709121704,2.4179999828338623,0.7206977605819702,396,239,554,526,367,238,558,562,-24.200000762939453,-46.0,54,45,1.0,1.0,29.875598207823213,-29,12.001244606704281,11.122365582475938,-7.3232323232323235,-1,7.243175406571524,7.21286923332227,-0.41841004184100417
2.4800000190734863,0.7055420875549316,2.0999999046325684,0.6417003870010376,2.5299999713897705,0.746191143989563,2.690000057220459,0.7310488224029541,2.5279998779296875,0.6898619532585144,410,243,555,520,369,231,567,552,-24.200000762939453,-45.79998779296875,54,46,1.0,1.0,46.24771168650643,-41,12.425531032193827,11.182977928974445,-10.0,-12,7.364400099568536,7.000726020577498,-4.938271604938271
2.5199999809265137,0.6792738437652588,2.130000114440918,0.6218367218971252,2.569999933242798,0.7203351259231567,2.7300000190734863,0.7035788297653198,2.559999942779541,0.6655572056770325,395,232,542,513,358,220,569,533,-24.200000762939453,-45.600006103515625,54,47,1.0,1.0,35.074251296569905,-37,11.970938433455029,10.849610023232659,-9.367088607594937,-12,7.031032193826751,6.667358114835713,-5.172413793103448
2.609999895095825,0.6579614877700806,2.200000047683716,0.6080288290977478,2.6700000762939453,0.6935306787490845,2.8399999141693115,0.6770694255828857,2.640000104904175,0.6465936303138733,378,224,546,500,350,213,561,529,-24.200000762939453,-45.399993896484375,54,48,1.0,1.0,29.113294129483695,-28,11.455733488217724,10.607160637238634,-7.407407407407407,-11,6.788582807832725,6.4552149020909395,-4.910714285714286
2.6700000762939453,0.6385050415992737,2.25,0.5982274413108826,2.7300000190734863,0.6691469550132751,2.9050002098083496,0.6503093242645264,2.690000057220459,0.6291788220405579,351,197,540,484,324,196,559,518,-24.200000762939453,-45.20001220703125,54,49,1.0,1.0,26.14424048392619,-27,10.637466810487886,9.819200132758048,-7.6923076923076925,-1,5.970316130102888,5.940009956853634,-0.5076142131979695
2.7179999351501465,0.6237684488296509,2.2899999618530273,0.5958608388900757,2.7750000953674316,0.6515420079231262,2.950000047683716,0.6267331838607788,2.7300000190734863,0.6163012981414795,300,166,531,454,283,167,564,478,-24.200000762939453,-45.0,54,50,1.0,1.0,36.137992631122096,-17,9.091851974775972,8.576647029538666,-5.666666666666667,1,5.030824759376038,5.06113093262529,0.6024096385542169
1.8300000429153442,0.8097321391105652,1.5700000524520874,0.7212370038032532,1.8799999952316284,0.8535271883010864,1.9700000286102295,0.8414607644081116,1.809999942779541,0.7931928038597107,474,285,577,557,431,275,587,590,-24.0,-46.399993896484375,55,43,1.0,1.0,1.2304258265381114,-43,14.365126120146034,13.061960670428146,-9.071729957805907,-10,8.637259376037173,8.33419764354464,-3.508771929824561
1.9199999570846558,0.785114049911499,1.659999966621399,0.700215756893158,1.9600000381469727,0.8288712501525879,2.049999952316284,0.8166922330856323,1.9299999475479126,0.7702779769897461,459,273,569,555,424,272,571,585,-24.0,-46.20001220703125,55,44,1.0,1.0,0.7546160967021673,-35,13.910533521407237,12.849817457683372,-7.625272331154684,-1,8.273585297046134,8.243279123796881,-0.3663003663003663
2.2200000286102295,0.7629756331443787,1.8799999952316284,0.6814082860946655,2.2699999809265137,0.8102623224258423,2.4000000953674316,0.792506754398346,2.2300000190734863,0.7490630745887756,445,264,552,546,412,259,555,587,-24.0,-46.0,55,45,1.0,1.0,18.00801667026915,-33,13.48624709591769,12.486143378692335,-7.415730337078652,-5,8.000829737802855,7.849298871556589,-1.893939393939394
2.2300000190734863,0.7363830804824829,1.899999976158142,0.6595327258110046,2.2899999618530273,0.7831240892410278,2.4200000762939453,0.7651878595352173,2.25,0.7191779613494873,455,271,571,540,423,265,566,574,-24.0,-45.79998779296875,55,46,1.0,1.0,25.73605521049147,-32,13.789308828410222,12.81951128443412,-7.032967032967033,-6,8.212972950547627,8.031135911052107,-2.2140221402214024
2.2899999618530273,0.707427978515625,1.940000057220459,0.635436475276947,2.3499999046325684,0.7545629739761353,2.4700000286102295,0.7368853092193604,2.299999952316284,0.6910223364830017,435,254,558,529,412,257,564,567,-24.0,-45.600006103515625,55,47,1.0,1.0,19.07372907057934,-23,13.183185363425158,12.486143378692335,-5.287356321839081,3,7.697768005310322,7.788686525058082,1.1811023622047243
2.430000066757202,0.6805800199508667,2.0299999713897705,0.6122949123382568,2.4800000190734863,0.7252593040466309,2.630000114440918,0.7128305435180664,2.430000066757202,0.6631540060043335,431,244,540,519,403,247,560,565,-24.0,-45.399993896484375,55,48,1.0,1.0,7.041570372610981,-28,13.061960670428146,12.213387819449055,-6.496519721577727,3,7.39470627281779,7.48562479256555,1.2295081967213115
2.5299999713897705,0.6538746356964111,2.119999885559082,0.5943254828453064,2.5850000381469727,0.6938309669494629,2.740000009536743,0.6803281307220459,2.559999942779541,0.6358940601348877,401,230,539,517,374,229,559,548,-24.0,-45.20001220703125,55,49,1.0,1.0,5.317618492259029,-27,12.152775472950548,11.33450879522071,-6.733167082294265,-1,6.970419847328245,6.940113674078991,-0.43478260869565216
2.609999895095825,0.6372665762901306,2.190000057220459,0.590726912021637,2.6500000953674316,0.6717466711997986,2.819999933242798,0.654174268245697,2.630000114440918,0.6263120174407959,360,206,530,484,339,204,563,517,-24.0,-45.0,55,50,1.0,1.0,24.115368337046736,-21,10.910222369731166,10.273792731496847,-5.833333333333333,-2,6.243071689346167,6.18245934284766,-0.970873786407767
2.680000066757202,0.6262897849082947,2.240000009536743,0.5941205024719238,2.7300000190734863,0.653030276298523,2.9100000858306885,0.6341116428375244,2.690000057220459,0.6170074343681335,322,177,531,462,309,180,571,489,-24.0,-44.79998779296875,55,51,1.0,1.0,45.29673493479778,-13,9.758587786259543,9.36460753401925,-4.037267080745342,3,5.364192665117823,5.455111184865583,1.694915254237288
1.8899999856948853,0.7627357244491577,1.5700000524520874,0.6739185452461243,1.9500000476837158,0.8111087083816528,2.0999999046325684,0.7927721738815308,1.840000033378601,0.7449751496315002,513,298,573,558,468,287,582,601,-23.799999237060547,-45.79998779296875,56,46,1.0,1.0,3.836509164407477,-45,15.54706687686691,14.183289080650516,-8.771929824561404,-11,9.031239628277465,8.697871722535679,-3.6912751677852347
1.6980000734329224,0.7453413009643555,1.3899999856948853,0.6567391753196716,1.75,0.7941832542419434,1.899999976158142,0.7773949503898621,1.6299999952316284,0.727037250995636,525,300,571,558,495,299,593,600,-23.799999237060547,-45.600006103515625,56,47,1.0,1.0,0.9300150213727616,-30,15.91074095585795,15.001555758380352,-5.714285714285714,-1,9.091851974775972,9.061545801526718,-0.3333333333333333
1.2999999523162842,0.7185765504837036,1.0800000429153442,0.640188455581665,1.3300000429153442,0.7726857662200928,1.4600000381469727,0.7504125237464905,1.2799999713897705,0.7006552219390869,500,289,576,563,465,287,598,588,-23.799999237060547,-45.399993896484375,56,48,1.0,1.0,0.6549222341662441,-35,15.153086624626619,14.092370560902756,-7.0,-2,8.758484069034186,8.697871722535679,-0.6920415224913494
1.649999976158142,0.6739757657051086,1.409999966621399,0.6021504998207092,1.6399999856948853,0.7185224294662476,1.7100000381469727,0.7033494114875793,1.7300000190734863,0.6518234014511108,363,225,571,537,335,219,579,574,-23.799999237060547,-45.20001220703125,56,49,1.0,1.0,4.301126246661709,-28,11.001140889478926,10.152568038499835,-7.7134986225895315,-6,6.818888981081979,6.637051941586459,-2.6666666666666665
2.4000000953674316,0.6561323404312134,2.013000011444092,0.5943851470947266,2.450000047683716,0.6970878839492798,2.559999942779541,0.6830774545669556,2.4579999446868896,0.6391912698745728,375,217,529,514,331,204,541,535,-23.799999237060547,-45.0,56,50,1.0,1.0,24.703194205437324,-44,11.364814968469965,10.03134334550282,-11.733333333333333,-13,6.576439595087953,6.18245934284766,-5.990783410138249
2.5399999618530273,0.6415423154830933,2.119999885559082,0.5912488102912903,2.5799999237060547,0.6768587827682495,2.744999885559082,0.6647634506225586,2.5799999237060547,0.6291788816452026,374,216,534,495,333,199,553,507,-23.799999237060547,-44.79998779296875,56,51,1.0,1.0,42.9254548955549,-41,11.33450879522071,10.091955692001328,-10.962566844919786,-17,6.546133421838699,6.030928476601394,-7.87037037037037
2.630000114440918,0.6331040859222412,2.183000087738037,0.5936697125434875,2.680000066757202,0.6629239320755005,2.859999895095825,0.6468228101730347,2.6500000953674316,0.6244201064109802,361,200,529,472,311,181,556,489,-23.799999237060547,-44.600006103515625,56,52,1.0,1.0,49.624682084904926,-50,10.940528542980418,9.425219880517757,-13.850415512465373,-19,6.061234649850648,5.4854173581148356,-9.5
1.3899999856948853,0.6918851137161255,1.2100000381469727,0.6149038076400757,1.3600000143051147,0.7415536642074585,1.399999976158142,0.726800262928009,1.5,0.6702616214752197,254,181,574,553,249,180,580,589,-23.600000381469727,-45.20001220703125,57,49,1.0,1.0,2.807146626865273,-5,7.697768005310322,7.546237139064056,-1.968503937007874,-1,5.4854173581148356,5.455111184865583,-0.5524861878453039
1.9700000286102295,0.6722999811172485,1.6799999475479126,0.6012518405914307,1.975000023841858,0.7171972393989563,2.049999952316284,0.7001509666442871,2.0299999713897705,0.6505336761474609,356,218,530,523,317,203,548,556,-23.600000381469727,-45.0,57,50,1.0,1.0,12.061165330560618,-39,10.788997676734153,9.607056920013276,-10.955056179775282,-15,6.6067457683372055,6.1521531695984075,-6.8807339449541285
2.319999933242798,0.660824179649353,1.940000057220459,0.5966048240661621,2.3550000190734863,0.7011698484420776,2.4850001335144043,0.6896435022354126,2.369999885559082,0.641717255115509,395,221,528,512,340,211,547,533,-23.600000381469727,-44.79998779296875,57,51,1.0,1.0,23.99320334122598,-55,11.970938433455029,10.3040989047461,-13.924050632911392,-10,6.697664288084965,6.394602555592433,-4.524886877828054
2.4800000190734863,0.6503020524978638,2.049999952316284,0.5947293043136597,2.5299999713897705,0.6877803802490234,2.684999942779541,0.6766958832740784,2.507999897003174,0.6360344290733337,398,218,526,492,339,199,541,519,-23.600000381469727,-44.600006103515625,57,52,1.0,1.0,27.449673156847926,-59,12.061856953202788,10.273792731496847,-14.824120603015075,-19,6.6067457683372055,6.030928476601394,-8.715596330275229
2.5799999237060547,0.6428016424179077,2.119999885559082,0.5956619381904602,2.640000104904175,0.6756513118743896,2.804999828338623,0.6646435260772705,2.5899999141693115,0.6328617930412292,387,214,518,475,333,190,544,485,-23.600000381469727,-44.399993896484375,57,53,1.0,1.0,33.77372811928585,-54,11.728489047461004,10.091955692001328,-13.953488372093023,-24,6.485521075340193,5.758172917358115,-11.214953271028037
2.640000104904175,0.6380865573883057,2.180000066757202,0.5960923433303833,2.7100000381469727,0.6691120862960815,2.890000104904175,0.6511905193328857,2.6480000019073486,0.6293688416481018,366,197,524,457,320,183,541,474,-23.600000381469727,-44.20001220703125,57,54,1.0,1.0,44.138566730090446,-46,11.092059409226685,9.697975439761036,-12.568306010928962,-14,5.970316130102888,5.546029704613343,-7.106598984771574
2.680000066757202,0.6338940262794495,2.2100000381469727,0.6005769371986389,2.75,0.6618130207061768,2.945000171661377,0.6391518712043762,2.690000057220459,0.6237435936927795,338,181,526,443,302,170,544,460,-23.600000381469727,-44.0,57,55,1.0,1.0,48.07717392918243,-36,10.243486558247595,9.152464321274477,-10.650887573964496,-11,5.4854173581148356,5.15204945237305,-6.077348066298343
2.4000000953674316,0.6638749837875366,1.9800000190734863,0.6019102334976196,2.4700000286102295,0.7017682790756226,2.609999895095825,0.6913505792617798,2.4100000858306885,0.6474161148071289,415,232,532,500,350,209,544,526,-23.399999618530273,-44.399993896484375,58,53,1.0,1.0,15.822117176919525,-65,12.577061898440094,10.607160637238634,-15.662650602409638,-23,7.031032193826751,6.333990209093926,-9.913793103448276
2.490000009536743,0.6544188261032104,2.0429999828338623,0.5988313555717468,2.569999933242798,0.6903766393661499,2.7300000190734863,0.6819431781768799,2.490000009536743,0.6414346694946289,418,227,523,478,346,203,542,502,-23.399999618530273,-44.20001220703125,58,54,1.0,1.0,23.155397844485343,-72,12.667980418187852,10.48593594424162,-17.22488038277512,-24,6.879501327580485,6.1521531695984075,-10.572687224669604
2.547999858856201,0.6471904516220093,2.0799999237060547,0.5963084101676941,2.619999885559082,0.6809095740318298,2.809999942779541,0.6666815280914307,2.5399999618530273,0.6357516050338745,395,215,516,472,345,198,539,478,-23.399999618530273,-44.0,58,55,1.0,1.0,26.978159320825327,-50,11.970938433455029,10.455629770992367,-12.658227848101266,-17,6.515827248589446,6.000622303352141,-7.906976744186046
2.5899999141693115,0.6373331546783447,2.119999885559082,0.5914505124092102,2.6700000762939453,0.6696681976318359,2.869999885559082,0.654386043548584,2.5879998207092285,0.6268775463104248,381,207,524,467,334,192,543,480,-23.399999618530273,-43.79998779296875,58,56,1.0,1.0,37.462548903769175,-47,11.546652007965484,10.12226186525058,-12.335958005249344,-15,6.27337786259542,5.818785263856622,-7.246376811594203
2.630000114440918,0.6301565766334534,2.1500000953674316,0.5901486873626709,2.700000047683716,0.6614081859588623,2.9050002098083496,0.6433182954788208,2.619999885559082,0.6188992261886597,362,196,518,455,313,185,548,473,-23.399999618530273,-43.600006103515625,58,57,1.0,1.0,37.154740237118325,-49,10.970834716229671,9.485832227016264,-13.535911602209945,-11,5.940009956853634,5.606642051111849,-5.612244897959184
2.6679999828338623,0.6254573464393616,2.1700000762939453,0.5903732776641846,2.7350001335144043,0.6569264531135559,2.940000057220459,0.6352046728134155,2.6600000858306885,0.6155458688735962,334,187,517,453,307,184,550,462,-23.399999618530273,-43.399993896484375,58,58,1.0,1.0,40.73550154611762,-27,10.12226186525058,9.303995187520744,-8.083832335329342,-3,5.667254397610355,5.576335877862595,-1.6042780748663101
2.700000047683716,0.6239766478538513,2.200000047683716,0.5947322845458984,2.7799999713897705,0.655345618724823,2.990000009536743,0.6268141269683838,2.690000057220459,0.6170117855072021,324,177,523,439,288,175,551,456,-23.399999618530273,-43.20001220703125,58,59,1.0,1.0,44.97424670461731,-36,9.819200132758048,8.728177895784933,-11.11111111111111,-2,5.364192665117823,5.303580318619317,-1.1299435028248588
2.7300000190734863,0.6286647915840149,2.2230000495910645,0.6056469082832336,2.799999952316284,0.658359706401825,3.0199999809265137,0.6240043640136719,2.7300000190734863,0.6243372559547424,296,166,537,434,268,162,553,455,-23.399999618530273,-43.0,58,60,1.0,1.0,47.373195845965476,-28,8.970627281778958,8.122054430799867,-9.45945945945946,-4,5.030824759376038,4.909600066379024,-2.4096385542168677
2.759999990463257,0.6382922530174255,2.25,0.6209105849266052,2.8399999141693115,0.667457103729248,3.059999942779541,0.6243851184844971,2.7679998874664307,0.6381146907806396,254,146,537,427,240,145,549,435,-23.399999618530273,-42.79998779296875,58,61,1.0,1.0,47.40909396542939,-14,7.697768005310322,7.273481579820777,-5.511811023622047,-1,4.424701294390973,4.394395121141719,-0.684931506849315
2.7899999618530273,0.6475019454956055,2.2799999713897705,0.6319515109062195,2.869999885559082,0.6765033006668091,3.0749998092651367,0.6264258623123169,2.799999952316284,0.6493909955024719,234,134,540,413,217,130,554,425,-23.399999618530273,-42.600006103515625,58,62,1.0,1.0,49.161759813168025,-17,7.091644540325258,6.576439595087953,-7.264957264957265,-4,4.061027215399934,3.9398025224029207,-2.985074626865672
2.8399999141693115,0.6515739560127258,2.3399999141693115,0.636903703212738,2.930000066757202,0.6811513900756836,3.119999885559082,0.6283355951309204,2.8499999046325684,0.6549587249755859,217,127,547,398,210,129,567,415,-23.399999618530273,-42.20001220703125,58,64,1.0,1.0,49.94087048768797,-7,6.576439595087953,6.36429638234318,-3.225806451612903,2,3.848884002655161,3.9094963491536676,1.5748031496062993
2.869999885559082,0.6473230123519897,2.369999885559082,0.631044328212738,2.950000047683716,0.6778926849365234,3.1500000953674316,0.6254768371582031,2.880000114440918,0.6487143039703369,225,130,557,407,214,129,569,417,-23.399999618530273,-42.0,58,65,1.0,1.0,46.45361826435126,-11,6.818888981081979,6.485521075340193,-4.888888888888889,-1,3.9398025224029207,3.9094963491536676,-0.7692307692307693
1.8799999952316284,0.6977089643478394,1.5429999828338623,0.6249583959579468,1.9600000381469727,0.7391114234924316,2.059999942779541,0.7287110090255737,1.8600000143051147,0.6774649024009705,440,243,536,516,381,232,550,536,-23.200000762939453,-44.399993896484375,59,53,1.0,1.0,4.8529503099466735,-59,13.334716229671425,11.546652007965484,-13.409090909090908,-11,7.364400099568536,7.031032193826751,-4.526748971193416
2.0799999237060547,0.6724569201469421,1.690000057220459,0.6023170351982117,2.1500000953674316,0.7136663198471069,2.299999952316284,0.7038745284080505,2.0399999618530273,0.6501007676124573,453,245,533,500,394,237,555,530,-23.200000762939453,-44.20001220703125,59,54,1.0,1.0,1.8540864571405613,-59,13.728696481911717,11.940632260205776,-13.024282560706402,-8,7.4250124460670435,7.182563060073017,-3.2653061224489797
2.130000114440918,0.667893648147583,1.75,0.6004489064216614,2.200000047683716,0.7069259881973267,2.319999933242798,0.6999506950378418,2.119999885559082,0.6479707360267639,428,238,532,487,368,218,551,523,-23.200000762939453,-44.0,59,55,1.0,1.0,9.465530096115508,-60,12.971042150680386,11.15267175572519,-14.018691588785046,-20,7.21286923332227,6.6067457683372055,-8.403361344537815
2.3399999141693115,0.65204256772995,1.909999966621399,0.5877063870429993,2.4200000762939453,0.6901092529296875,2.559999942779541,0.6829993724822998,2.3299999237060547,0.6322960257530212,415,228,521,483,356,213,551,516,-23.200000762939453,-43.79998779296875,59,56,1.0,1.0,16.392822745649084,-59,12.577061898440094,10.788997676734153,-14.216867469879517,-15,6.909807500829738,6.4552149020909395,-6.578947368421052
2.450000047683716,0.6426286101341248,1.9900000095367432,0.5820033550262451,2.5299999713897705,0.6801491975784302,2.7049999237060547,0.6706200242042542,2.430000066757202,0.6273391842842102,413,227,519,474,356,210,546,500,-23.200000762939453,-43.600006103515625,59,57,1.0,1.0,15.266799089027808,-57,12.516449551941587,10.788997676734153,-13.801452784503631,-17,6.879501327580485,6.36429638234318,-7.488986784140969
2.509999990463257,0.6363718509674072,2.0299999713897705,0.5795037746429443,2.5799999237060547,0.6715645790100098,2.7799999713897705,0.6617337465286255,2.48799991607666,0.6211680173873901,403,218,518,462,351,209,551,489,-23.200000762939453,-43.399993896484375,59,58,1.0,1.0,20.82197114668619,-52,12.213387819449055,10.637466810487886,-12.903225806451612,-9,6.6067457683372055,6.333990209093926,-4.128440366972477
2.559999942779541,0.6306473016738892,2.069999933242798,0.5778741836547852,2.640000104904175,0.6671631336212158,2.8399999141693115,0.6540440917015076,2.5299999713897705,0.6151359677314758,397,213,527,450,343,200,544,481,-23.200000762939453,-43.20001220703125,59,59,1.0,1.0,22.825136688374997,-54,12.031550779953536,10.39501742449386,-13.602015113350125,-13,6.4552149020909395,6.061234649850648,-6.103286384976526
2.5899999141693115,0.6270554661750793,2.0999999046325684,0.5781028270721436,2.680000066757202,0.6600130796432495,2.875,0.645634651184082,2.5799999237060547,0.6115772128105164,378,203,531,446,326,190,542,465,-23.200000762939453,-43.0,59,60,1.0,1.0,25.27939672444916,-52,11.455733488217724,9.879812479256556,-13.756613756613756,-13,6.1521531695984075,5.758172917358115,-6.403940886699507
2.630000114440918,0.6294416189193726,2.133000135421753,0.5904994010925293,2.7100000381469727,0.6599600911140442,2.9100000858306885,0.6417524814605713,2.609999895095825,0.6169286370277405,343,190,535,443,310,184,546,464,-23.200000762939453,-42.79998779296875,59,61,1.0,1.0,25.629843708259834,-33,10.39501742449386,9.394913707268504,-9.620991253644315,-6,5.758172917358115,5.576335877862595,-3.1578947368421053
2.6700000762939453,0.635758638381958,2.1700000762939453,0.6071485877037048,2.755000114440918,0.6661376953125,2.945000171661377,0.6388800144195557,2.6600000858306885,0.6295440793037415,321,179,541,456,287,169,551,454,-23.200000762939453,-42.600006103515625,59,62,1.0,1.0,27.84258554016202,-34,9.728281613010289,8.697871722535679,-10.59190031152648,-10,5.424805011616329,5.121743279123797,-5.58659217877095
2.700000047683716,0.6427502632141113,2.200000047683716,0.6161775588989258,2.799999952316284,0.6727269887924194,3.0,0.6390102505683899,2.700000047683716,0.638905942440033,298,166,547,452,274,165,562,448,-23.200000762939453,-42.399993896484375,59,63,1.0,1.0,29.257812165144507,-24,9.031239628277465,8.303891470295387,-8.053691275167786,-1,5.030824759376038,5.000518586126784,-0.6024096385542169
2.747999906539917,0.6469877362251282,2.2330000400543213,0.6191234588623047,2.8299999237060547,0.6750693321228027,3.0299999713897705,0.6397401094436646,2.747999906539917,0.6437603235244751,286,160,540,449,263,159,555,449,-23.200000762939453,-42.20001220703125,59,64,1.0,1.0,27.803054519493195,-23,8.667565549286426,7.970523564553601,-8.041958041958042,-1,4.848987719880518,4.8186815466312645,-0.625
2.7699999809265137,0.6495155692100525,2.2799999713897705,0.6219926476478577,2.859999895095825,0.6784254908561707,3.059999942779541,0.6413425207138062,2.7899999618530273,0.6464934945106506,277,158,552,444,258,157,559,445,-23.200000762939453,-42.0,59,65,1.0,1.0,24.274763364454298,-19,8.394809990043147,7.818992698307335,-6.859205776173285,-1,4.788375373382012,4.758069200132758,-0.6329113924050633
2.809999942779541,0.6524220108985901,2.3299999237060547,0.6214805841445923,2.890000104904175,0.684332549571991,3.0799999237060547,0.6445719599723816,2.819999933242798,0.6487449407577515,267,154,549,442,255,156,555,449,-23.200000762939453,-41.79998779296875,59,66,1.0,1.0,33.37369403042338,-12,8.091748257550615,7.7280741785595755,-4.49438202247191,2,4.6671506803849985,4.727763026883505,1.2987012987012987
0.7699999809265137,0.7276572585105896,0.6499999761581421,0.649845540523529,0.7799999713897705,0.7749549150466919,0.8299999833106995,0.7573195099830627,0.7799999713897705,0.707916796207428,462,269,603,530,430,270,631,561,-23.0,-44.399993896484375,60,53,1.0,1.0,3.849418299552968,-32,14.001452041154996,13.031654497178891,-6.926406926406926,1,8.152360604049122,8.182666777298374,0.37174721189591076
1.0099999904632568,0.7649417519569397,0.8700000047683716,0.6842241883277893,0.9900000095367432,0.8114621639251709,1.059999942779541,0.7978240251541138,1.0499999523162842,0.7446879744529724,393,244,602,504,364,238,634,547,-23.0,-44.0,60,55,1.0,1.0,4.584897525180694,-29,11.910326086956522,11.031447062728178,-7.379134860050891,-6,7.39470627281779,7.21286923332227,-2.459016393442623
1.7899999618530273,0.652742326259613,1.4500000476837158,0.5780662298202515,1.8550000190734863,0.6978645324707031,1.9800000190734863,0.6886174082756042,1.7599999904632568,0.624981164932251,444,245,540,487,392,233,565,523,-23.0,-43.399993896484375,60,58,1.0,1.0,5.4967994381718475,-52,13.455940922668438,11.880019913707269,-11.711711711711711,-12,7.4250124460670435,7.061338367076004,-4.8979591836734695
1.9299999475479126,0.6527918577194214,1.5529999732971191,0.5805764198303223,2.0,0.697633683681488,2.140000104904175,0.6878829002380371,1.909999966621399,0.6268188953399658,437,236,540,476,383,226,565,521,-23.0,-43.20001220703125,60,59,1.0,1.0,1.599643069332085,-54,13.243797709923665,11.60726435446399,-12.356979405034325,-10,7.152256886823764,6.849195154331231,-4.237288135593221
2.190000057220459,0.6441260576248169,1.7599999904632568,0.5734188556671143,2.2699999809265137,0.6887681484222412,2.4250001907348633,0.6811789274215698,2.1600000858306885,0.6178833246231079,427,229,544,466,373,217,553,512,-23.0,-43.0,60,60,1.0,1.0,4.418971721132494,-54,12.940735977431132,11.304202621971458,-12.646370023419204,-12,6.940113674078991,6.576439595087953,-5.240174672489083
2.3399999141693115,0.6368365287780762,1.8799999952316284,0.5697000622749329,2.430000066757202,0.6782164573669434,2.5899999141693115,0.6719107031822205,2.299999952316284,0.613000214099884,425,230,541,458,366,215,552,501,-23.0,-42.79998779296875,60,61,1.0,1.0,4.800637352505223,-59,12.880123630932626,11.092059409226685,-13.882352941176471,-15,6.970419847328245,6.515827248589446,-6.521739130434782
2.4200000762939453,0.6358613967895508,1.940000057220459,0.5743771195411682,2.5299999713897705,0.6736178398132324,2.6700000762939453,0.6643990278244019,2.380000114440918,0.6136564612388611,429,227,546,447,354,209,549,495,-23.0,-42.600006103515625,60,62,1.0,1.0,7.198472079320148,-75,13.001348323929639,10.728385330235646,-17.482517482517483,-18,6.879501327580485,6.333990209093926,-7.929515418502203
2.4800000190734863,0.6363208293914795,1.9800000190734863,0.5803943276405334,2.5899999141693115,0.6731867790222168,2.75,0.6629939079284668,2.440000057220459,0.6190480589866638,416,218,539,453,355,209,551,487,-23.0,-42.399993896484375,60,63,1.0,1.0,7.403429429112118,-61,12.607368071689347,10.758691503484899,-14.663461538461538,-9,6.6067457683372055,6.333990209093926,-4.128440366972477
2.5199999809265137,0.6415391564369202,2.009999990463257,0.5884160399436951,2.619999885559082,0.6749306321144104,2.799999952316284,0.6653296947479248,2.4800000190734863,0.6246790885925293,408,217,543,453,355,213,557,489,-23.0,-42.20001220703125,60,64,1.0,1.0,6.130072183762927,-53,12.36491868569532,10.758691503484899,-12.990196078431373,-4,6.576439595087953,6.4552149020909395,-1.8433179723502304
2.569999933242798,0.6559364795684814,2.0899999141693115,0.6032121181488037,2.6600000858306885,0.6891257762908936,2.815000057220459,0.6739893555641174,2.559999942779541,0.641539990901947,372,201,544,462,311,184,550,484,-23.0,-42.0,60,65,1.0,1.0,2.4983242251524973,-61,11.273896448722205,9.425219880517757,-16.397849462365592,-17,6.0915408230999,5.576335877862595,-8.457711442786069
2.6500000953674316,0.671791672706604,2.180000066757202,0.6281998157501221,2.7150001525878906,0.7049887776374817,2.869999885559082,0.6808518767356873,2.6600000858306885,0.6613975763320923,317,183,547,469,273,171,561,477,-23.0,-41.79998779296875,60,66,1.0,1.0,22.359503060431003,-44,9.607056920013276,8.273585297046134,-13.8801261829653,-12,5.546029704613343,5.182355625622304,-6.557377049180328
2.7300000190734863,0.6780309081077576,2.259999990463257,0.6364158391952515,2.799999952316284,0.7121381759643555,2.934999942779541,0.6816388964653015,2.73799991607666,0.6692798733711243,297,172,555,452,264,166,563,459,-23.0,-41.600006103515625,60,67,1.0,1.0,39.480374485894046,-33,9.000933455028212,8.000829737802855,-11.11111111111111,-6,5.212661798871557,5.030824759376038,-3.488372093023256
2.0399999618530273,0.7018561363220215,1.753000020980835,0.6438763737678528,2.009999990463257,0.7380845546722412,2.119999885559082,0.7184559106826782,2.140000104904175,0.6884658336639404,269,163,550,464,219,144,561,487,-22.799999237060547,-41.79998779296875,61,66,1.0,1.0,9.191510205686464,-50,8.152360604049122,6.637051941586459,-18.587360594795538,-19,4.939906239628278,4.3640889478924665,-11.656441717791411
2.5,0.7025976181030273,2.0799999237060547,0.6518965363502502,2.559999942779541,0.7395214438438416,2.6700000762939453,0.7135111689567566,2.5399999618530273,0.6908674240112305,303,174,541,465,261,160,554,478,-22.799999237060547,-41.600006103515625,61,67,1.0,1.0,29.474174846654112,-42,9.18277049452373,7.909911218055095,-13.861386138613861,-14,5.273274145370063,4.848987719880518,-8.045977011494253
1.809999942779541,0.7283870577812195,1.5399999618530273,0.6633588075637817,1.7899999618530273,0.7664076089859009,1.8600000143051147,0.7467714548110962,1.9199999570846558,0.7123402953147888,197,125,503,466,174,115,511,489,-22.600000381469727,-41.79998779296875,62,66,1.0,1.0,15.784297086732188,-23,5.970316130102888,5.273274145370063,-11.6751269035533,-10,3.7882716561566547,3.4852099236641223,-8.0
2.309999942779541,0.7245593667030334,1.9199999570846558,0.6651079058647156,2.359999895095825,0.7626081705093384,2.4749999046325684,0.7416845560073853,2.359999895095825,0.7103919982910156,302,170,525,464,238,153,538,487,-22.600000381469727,-41.600006103515625,62,67,1.0,1.0,30.719343311575745,-64,9.152464321274477,7.21286923332227,-21.192052980132452,-17,5.15204945237305,4.636844507135745,-10.0
2.4800000190734863,0.7192173004150391,2.059999942779541,0.663111686706543,2.5399999618530273,0.7581309676170349,2.680000066757202,0.7337712049484253,2.5299999713897705,0.7060752511024475,311,177,544,453,261,161,561,474,-22.600000381469727,-41.399993896484375,62,68,1.0,1.0,44.08423912327918,-50,9.425219880517757,7.909911218055095,-16.077170418006432,-16,5.364192665117823,4.879293893129772,-9.03954802259887
1.7799999713897705,0.7426754832267761,1.4600000381469727,0.673236608505249,1.8300000429153442,0.7834514379501343,1.8899999856948853,0.7633258104324341,1.8200000524520874,0.726250171661377,303,167,519,462,248,155,537,496,-22.399999618530273,-41.600006103515625,63,67,1.0,1.0,14.936251947086442,-55,9.18277049452373,7.515930965814803,-18.151815181518153,-12,5.06113093262529,4.697456853634252,-7.18562874251497
2.190000057220459,0.7389823794364929,1.7899999618530273,0.6742092967033386,2.240000009536743,0.7792677879333496,2.359999895095825,0.7597181797027588,2.2100000381469727,0.7223034501075745,320,175,527,461,259,166,539,494,-22.399999618530273,-41.399993896484375,63,68,1.0,1.0,23.025096259490873,-61,9.697975439761036,7.849298871556589,-19.0625,-9,5.303580318619317,5.030824759376038,-5.142857142857143
2.4200000762939453,0.7321751117706299,2.009999990463257,0.6736611127853394,2.4700000286102295,0.7715016603469849,2.614999771118164,0.7501088976860046,2.4579999446868896,0.7177994251251221,318,175,536,453,265,160,544,482,-22.399999618530273,-41.20001220703125,63,69,1.0,1.0,28.668266508616767,-53,9.637363093262529,8.031135911052107,-16.666666666666668,-15,5.303580318619317,4.848987719880518,-8.571428571428571
2.549999952316284,0.7334149479866028,2.140000104904175,0.688346266746521,2.5999999046325684,0.7712527513504028,2.740000009536743,0.7342625260353088,2.5999999046325684,0.7262247800827026,284,159,553,426,228,135,574,440,-22.399999618530273,-41.0,63,70,1.0,1.0,36.92310348297016,-56,8.606953202787919,6.909807500829738,-19.718309859154928,-24,4.8186815466312645,4.091333388649187,-15.09433962264151
2.6600000858306885,0.7373621463775635,2.253000020980835,0.7051844596862793,2.700000047683716,0.7750699520111084,2.869999885559082,0.7284083366394043,2.7100000381469727,0.7341772317886353,233,134,553,407,200,120,579,421,-22.399999618530273,-40.79998779296875,63,71,1.0,1.0,47.683739824904194,-33,7.061338367076004,6.061234649850648,-14.163090128755364,-14,4.061027215399934,3.6367407899103883,-10.447761194029852
1.350000023841858,0.7541093230247498,1.1100000143051147,0.6776978969573975,1.3849999904632568,0.7974900007247925,1.4299999475479126,0.7801281213760376,1.3899999856948853,0.7362502217292786,324,179,545,466,286,179,570,507,-22.200000762939453,-41.399993896484375,64,68,1.0,1.0,6.609003716571099,-38,9.819200132758048,8.667565549286426,-11.728395061728396,0,5.424805011616329,5.424805011616329,0.0
2.130000114440918,0.7515308856964111,1.75,0.6800207495689392,2.184999942779541,0.7916648983955383,2.2799999713897705,0.7754827737808228,2.180000066757202,0.7319743633270264,327,177,515,468,273,170,541,511,-22.200000762939453,-41.20001220703125,64,69,1.0,1.0,7.682708166255931,-54,9.910118652505808,8.273585297046134,-16.513761467889907,-7,5.364192665117823,5.15204945237305,-3.9548022598870056
2.380000114440918,0.7495239973068237,2.0,0.6878540515899658,2.4000000953674316,0.7879300713539124,2.5399999618530273,0.7647277116775513,2.430000066757202,0.7373585104942322,308,174,543,455,261,165,570,488,-22.200000762939453,-41.0,64,70,1.0,1.0,19.01979286376462,-47,9.334301360769997,7.909911218055095,-15.25974025974026,-9,5.273274145370063,5.000518586126784,-5.172413793103448
2.5399999618530273,0.7513003945350647,2.1600000858306885,0.7052217721939087,2.5399999618530273,0.7892382144927979,2.700000047683716,0.7522628307342529,2.5999999046325684,0.7432345151901245,266,159,543,437,227,141,580,449,-22.200000762939453,-40.79998779296875,64,71,1.0,1.0,29.419247166915376,-39,8.061442084301362,6.879501327580485,-14.661654135338345,-18,4.8186815466312645,4.273170428144707,-11.320754716981131
2.619999885559082,0.7483001947402954,2.259999990463257,0.7132090330123901,2.640000104904175,0.7868327498435974,2.809999942779541,0.7423721551895142,2.690000057220459,0.7445155382156372,238,139,556,414,206,125,579,421,-22.200000762939453,-40.600006103515625,64,72,1.0,1.0,46.518455056319084,-32,7.21286923332227,6.243071689346167,-13.445378151260504,-14,4.2125580816462,3.7882716561566547,-10.071942446043165
2.2699999809265137,0.7869715690612793,1.9500000476837158,0.728607177734375,2.2300000190734863,0.8266148567199707,2.369999885559082,0.7978465557098389,2.3399999141693115,0.7763515114784241,266,163,536,458,221,142,582,473,-22.0,-40.79998779296875,65,71,1.0,1.0,18.612601093045445,-45,8.061442084301362,6.697664288084965,-16.917293233082706,-21,4.939906239628278,4.303476601393959,-12.883435582822086
2.4800000190734863,0.7736098170280457,2.140000104904175,0.7255682945251465,2.4749999046325684,0.8136475086212158,2.630000114440918,0.7754949331283569,2.559999942779541,0.7656388878822327,256,151,545,439,211,134,566,452,-22.0,-40.600006103515625,65,72,1.0,1.0,39.89587799829469,-45,7.758380351808829,6.394602555592433,-17.578125,-17,4.576232160637239,4.061027215399934,-11.258278145695364
1.9279999732971191,0.8286299705505371,1.7200000286102295,0.7692142128944397,1.850000023841858,0.87187659740448,1.965000033378601,0.8373680114746094,2.0399999618530273,0.8216596245765686,209,137,528,449,180,121,574,470,-21.799999237060547,-40.79998779296875,66,71,1.0,1.0,22.370316605026506,-29,6.333990209093926,5.455111184865583,-13.875598086124402,-16,4.151945735147693,3.667046963159642,-11.678832116788321
2.2799999713897705,0.812890887260437,1.9900000095367432,0.7611042261123657,2.25,0.8555209636688232,2.385000228881836,0.8132067322731018,2.380000114440918,0.8072794079780579,223,135,548,436,182,115,575,448,-21.799999237060547,-40.600006103515625,66,72,1.0,1.0,42.730589291445035,-41,6.7582766345834715,5.515723531364089,-18.385650224215247,-20,4.091333388649187,3.4852099236641223,-14.814814814814815
1.809999942779541,0.8543606996536255,1.649999976158142,0.7927789092063904,1.6699999570846558,0.8997748494148254,1.8300000429153442,0.8586479425430298,1.9700000286102295,0.8492131233215332,165,110,533,445,153,100,568,461,-21.600000381469727,-40.79998779296875,67,71,1.0,1.0,23.503983232843673,-12,5.000518586126784,4.636844507135745,-7.2727272727272725,-10,3.3336790574178563,3.030617324925324,-9.090909090909092
2.1600000858306885,0.8388661742210388,1.909999966621399,0.7871584892272949,2.0899999141693115,0.8804861903190613,2.2200000286102295,0.8344749212265015,2.2799999713897705,0.837897777557373,189,116,529,417,156,96,569,430,-21.600000381469727,-40.600006103515625,67,72,1.0,1.0,44.80693671833893,-33,5.727866744108862,4.727763026883505,-17.46031746031746,-20,3.5155160969133754,2.909392631928311,-17.24137931034483
1.7300000190734863,0.8643147349357605,1.5800000429153442,0.7972124814987183,1.5700000524520874,0.9124892354011536,1.7300000190734863,0.8681405186653137,1.8799999952316284,0.8591219782829285,158,104,499,443,143,98,549,466,-21.399999618530273,-40.79998779296875,68,71,1.0,1.0,18.00815873624435,-15,4.788375373382012,4.333782774643213,-9.49367088607595,-6,3.1518420179223368,2.970004978426817,-5.769230769230769
2.0199999809265137,0.8469015955924988,1.809999942779541,0.7917476892471313,1.9299999475479126,0.888695478439331,2.059999942779541,0.8429001569747925,2.1500000953674316,0.8468332290649414,183,113,528,417,159,99,568,431,-21.399999618530273,-40.600006103515625,68,72,1.0,1.0,39.261216056860754,-24,5.546029704613343,4.8186815466312645,-13.114754098360656,-14,3.4245975771656156,3.0003111516760703,-12.389380530973451
1.6579999923706055,0.8679805397987366,1.4800000190734863,0.796826958656311,1.5299999713897705,0.9186234474182129,1.659999966621399,0.8758500814437866,1.7999999523162842,0.8610468506813049,154,100,460,452,151,103,528,477,-21.200000762939453,-40.79998779296875,69,71,1.0,1.0,12.735096312941085,-3,4.6671506803849985,4.576232160637239,-1.948051948051948,3,3.030617324925324,3.1215358446730836,3.0
1.8600000143051147,0.8522137403488159,1.649999976158142,0.7935386300086975,1.7699999809265137,0.8970244526863098,1.8899999856948853,0.8522074222564697,1.9900000095367432,0.8511218428611755,182,116,498,423,160,104,546,443,-21.200000762939453,-40.600006103515625,69,72,1.0,1.0,28.967327262460184,-22,5.515723531364089,4.848987719880518,-12.087912087912088,-12,3.5155160969133754,3.1518420179223368,-10.344827586206897
2.130000114440918,0.8396790027618408,1.8700000047683716,0.7974081635475159,2.0799999237060547,0.8859119415283203,2.2100000381469727,0.825049638748169,2.2679998874664307,0.8430534601211548,171,100,507,385,156,91,556,395,-21.200000762939453,-40.399993896484375,69,73,1.0,1.0,46.972823435871,-15,5.182355625622304,4.727763026883505,-8.771929824561404,-9,3.030617324925324,2.7578617656820446,-9.0
1.4700000286102295,0.8687703013420105,1.2599999904632568,0.7926386594772339,1.399999976158142,0.9189676642417908,1.4900000095367432,0.877863883972168,1.5700000524520874,0.8624221682548523,183,112,446,455,171,110,512,475,-21.0,-40.79998779296875,70,71,1.0,1.0,0.8267875440243422,-12,5.546029704613343,5.182355625622304,-6.557377049180328,-2,3.3942914039163625,3.3336790574178563,-1.7857142857142858
1.6799999475479126,0.8593580722808838,1.4299999475479126,0.7967888116836548,1.6200000047683716,0.9062387943267822,1.7300000190734863,0.8605545163154602,1.7899999618530273,0.8577321767807007,194,121,483,425,168,105,530,446,-21.0,-40.600006103515625,70,72,1.0,1.0,18.10652363850507,-26,5.879397610355128,5.091437105874544,-13.402061855670103,-16,3.667046963159642,3.18214819117159,-13.223140495867769
2.0199999809265137,0.8467735648155212,1.7300000190734863,0.7987666726112366,2.0,0.8937915563583374,2.0999999046325684,0.834796667098999,2.130000114440918,0.8494640588760376,186,110,507,387,169,99,545,405,-21.0,-40.399993896484375,70,73,1.0,1.0,29.525135803217598,-17,5.636948224361102,5.121743279123797,-9.13978494623656,-11,3.3336790574178563,3.0003111516760703,-10.0
2.2899999618530273,0.8523340821266174,1.9600000381469727,0.8215875625610352,2.2799999713897705,0.9040442109107971,2.4100000858306885,0.8238730430603027,2.390000104904175,0.8551937341690063,146,86,511,363,147,85,537,382,-21.0,-40.20001220703125,70,74,1.0,1.0,46.69984672527079,1,4.424701294390973,4.455007467640226,0.684931506849315,-1,2.6063308994357786,2.576024726186525,-1.1627906976744187
2.930000066757202,0.7974077463150024,2.2300000190734863,0.7867109179496765,2.930000066757202,0.8462870121002197,3.25,0.7492941617965698,2.937999963760376,0.7981799244880676,86,55,515,341,100,68,548,355,-21.0,-29.399993896484375,70,128,1.0,1.0,46.632666319590896,14,2.6063308994357786,3.030617324925324,16.27906976744186,13,1.6668395287089282,2.0608197809492204,23.636363636363637
2.930000066757202,0.7895740866661072,2.240000009536743,0.7770999073982239,2.940000057220459,0.8376189470291138,3.25,0.7432306408882141,2.940000057220459,0.7903594374656677,85,54,513,342,96,66,544,354,-21.0,-29.20001220703125,70,129,1.0,1.0,48.489673294546655,11,2.576024726186525,2.909392631928311,12.941176470588236,12,1.6365333554596748,2.0002074344507137,22.22222222222222
1.8600000143051147,0.8494580388069153,1.5700000524520874,0.7953216433525085,1.850000023841858,0.8949588537216187,1.9500000476837158,0.8419463634490967,1.9600000381469727,0.8482909202575684,198,112,486,399,174,103,523,411,-20.799999237060547,-40.399993896484375,71,73,1.0,1.0,16.322478191119668,-24,6.000622303352141,5.273274145370063,-12.121212121212121,-9,3.3942914039163625,3.1215358446730836,-8.035714285714286
2.1600000858306885,0.8529720902442932,1.8300000429153442,0.8145702481269836,2.1600000858306885,0.9046233296394348,2.2699999809265137,0.8324989080429077,2.25,0.8556869029998779,172,99,513,369,155,93,538,384,-20.799999237060547,-40.20001220703125,71,74,1.0,1.0,31.15434392123639,-17,5.212661798871557,4.697456853634252,-9.883720930232558,-6,3.0003111516760703,2.818474112180551,-6.0606060606060606
2.390000104904175,0.8723732233047485,2.0230000019073486,0.8510469794273376,2.4100000858306885,0.9250972867012024,2.5299999713897705,0.8362197875976562,2.4800000190734863,0.8747069835662842,141,82,522,362,140,86,525,371,-20.799999237060547,-40.0,71,75,1.0,1.0,49.407751756543185,-1,4.273170428144707,4.242864254895453,-0.7092198581560284,4,2.4851062064387657,2.6063308994357786,4.878048780487805
2.9200000762939453,0.8144605159759521,2.2300000190734863,0.80277019739151,2.9200000762939453,0.8615034818649292,3.240000009536743,0.7644083499908447,2.9200000762939453,0.8154734969139099,90,57,516,343,100,67,537,359,-20.799999237060547,-29.600006103515625,71,127,1.0,1.0,36.949513872385864,10,2.7275555924327914,3.030617324925324,11.11111111111111,10,1.7274518752074346,2.030513607699967,17.54385964912281
2.9200000762939453,0.8064957857131958,2.2300000190734863,0.7957353591918945,2.9200000762939453,0.8539431691169739,3.240000009536743,0.7587766647338867,2.930000066757202,0.8088510036468506,86,55,516,341,97,64,538,356,-20.799999237060547,-29.399993896484375,71,128,1.0,1.0,24.859919693055893,11,2.6063308994357786,2.939698805177564,12.790697674418604,9,1.6668395287089282,1.9395950879522073,16.363636363636363
2.9200000762939453,0.7974100708961487,2.2300000190734863,0.7868219614028931,2.9200000762939453,0.8449612855911255,3.25,0.748670220375061,2.9200000762939453,0.798795223236084,81,51,510,347,96,66,536,355,-20.799999237060547,-29.20001220703125,71,129,1.0,1.0,28.18968703768723,15,2.454800033189512,2.909392631928311,18.51851851851852,15,1.545614835711915,2.0002074344507137,29.41176470588235
2.9200000762939453,0.7889559268951416,2.2300000190734863,0.7785716652870178,2.9200000762939453,0.836986780166626,3.25,0.7394257187843323,2.9200000762939453,0.7889112234115601,82,50,512,345,90,65,538,353,-20.799999237060547,-29.0,71,130,1.0,1.0,33.64569459578339,8,2.4851062064387657,2.7275555924327914,9.75609756097561,15,1.515308662462662,1.9699012612014604,30.0
2.9200000762939453,0.7838717699050903,2.2300000190734863,0.7719594240188599,2.9200000762939453,0.8324161767959595,3.25,0.7340964078903198,2.9200000762939453,0.7846874594688416,81,51,515,350,93,66,538,353,-20.799999237060547,-28.79998779296875,71,131,1.0,1.0,32.478720373265766,12,2.454800033189512,2.818474112180551,14.814814814814815,15,1.545614835711915,2.0002074344507137,29.41176470588235
2.9200000762939453,0.780479371547699,2.2230000495910645,0.768543004989624,2.9100000858306885,0.8279058933258057,3.25,0.7299807071685791,2.9200000762939453,0.7804616689682007,75,46,516,348,96,67,542,354,-20.799999237060547,-28.600006103515625,71,132,1.0,1.0,43.546720415409204,21,2.272962993693993,2.909392631928311,28.0,21,1.3940839694656488,2.030513607699967,45.65217391304348
1.5700000524520874,0.850057065486908,1.2999999523162842,0.7822555899620056,1.5499999523162842,0.8953736424446106,1.649999976158142,0.8498210906982422,1.649999976158142,0.8497464656829834,204,118,444,417,174,105,490,430,-20.600000381469727,-40.399993896484375,72,73,1.0,1.0,2.602908935308507,-30,6.18245934284766,5.273274145370063,-14.705882352941176,-13,3.576128443411882,3.18214819117159,-11.016949152542374
1.940000057220459,0.8561958074569702,1.6100000143051147,0.8078717589378357,1.940000057220459,0.9074625968933105,2.049999952316284,0.8444349765777588,2.0299999713897705,0.8589391708374023,195,109,491,385,171,102,527,400,-20.600000381469727,-40.20001220703125,72,74,1.0,1.0,19.45384696400267,-24,5.909703783604381,5.182355625622304,-12.307692307692308,-7,3.3033728841686028,3.09122967142383,-6.422018348623853
2.2699999809265137,0.8745466470718384,1.899999976158142,0.8478646278381348,2.2899999618530273,0.927899956703186,2.4000000953674316,0.8447394371032715,2.3499999046325684,0.8770512938499451,153,88,520,365,144,86,519,379,-20.600000381469727,-40.0,72,75,1.0,1.0,39.083847496236416,-9,4.636844507135745,4.3640889478924665,-5.882352941176471,-2,2.666943245934285,2.6063308994357786,-2.272727272727273
2.9100000858306885,0.8295952677726746,2.2200000286102295,0.8177526593208313,2.9100000858306885,0.875715970993042,3.2249999046325684,0.7766591310501099,2.9000000953674316,0.8309471607208252,86,55,512,346,102,68,528,352,-20.600000381469727,-29.79998779296875,72,126,1.0,1.0,48.73478814843143,16,2.6063308994357786,3.09122967142383,18.6046511627907,13,1.6668395287089282,2.0608197809492204,23.636363636363637
2.9100000858306885,0.8240547776222229,2.2200000286102295,0.8141120672225952,2.9000000953674316,0.8702411651611328,3.2300000190734863,0.7739977836608887,2.9079999923706055,0.8241183757781982,87,56,508,345,99,65,533,355,-20.600000381469727,-29.600006103515625,72,127,1.0,1.0,27.393133523128746,12,2.6366370726850317,3.0003111516760703,13.793103448275861,9,1.6971457019581813,1.9699012612014604,16.071428571428573
2.9100000858306885,0.8174432516098022,2.2230000495910645,0.8073834776878357,2.9050002098083496,0.8645370006561279,3.2300000190734863,0.769010066986084,2.9100000858306885,0.8186295032501221,85,53,516,344,98,64,532,352,-20.600000381469727,-29.399993896484375,72,128,1.0,1.0,6.864743754504524,13,2.576024726186525,2.970004978426817,15.294117647058824,11,1.6062271822104215,1.9395950879522073,20.754716981132077
2.9100000858306885,0.810839056968689,2.2200000286102295,0.802460789680481,2.9000000953674316,0.8590291738510132,3.240000009536743,0.7625399231910706,2.9100000858306885,0.8130553364753723,79,49,510,344,95,65,535,355,-20.600000381469727,-29.20001220703125,72,129,1.0,1.0,13.028829120399347,16,2.394187686691006,2.8790864586790574,20.253164556962027,16,1.4850024892134086,1.9699012612014604,32.6530612244898
2.9100000858306885,0.7999209761619568,2.2100000381469727,0.7908710837364197,2.9000000953674316,0.8473970293998718,3.2300000190734863,0.7508912086486816,2.9179999828338623,0.8008536696434021,77,46,510,346,92,63,532,358,-20.600000381469727,-29.0,72,130,1.0,1.0,15.449350978243451,15,2.3335753401924992,2.7881679389312977,19.48051948051948,17,1.3940839694656488,1.909288914702954,36.95652173913044
2.9100000858306885,0.7908234596252441,2.2100000381469727,0.7805954813957214,2.890000104904175,0.8385761976242065,3.240000009536743,0.7397022247314453,2.9200000762939453,0.7913762331008911,78,48,513,356,96,66,532,359,-20.600000381469727,-28.79998779296875,72,131,1.0,1.0,12.652881927719985,18,2.3638815134417523,2.909392631928311,23.076923076923077,18,1.4546963159641555,2.0002074344507137,37.5
2.9200000762939453,0.7885116934776306,2.2200000286102295,0.7755132913589478,2.890000104904175,0.8357205390930176,3.240000009536743,0.7371616363525391,2.9200000762939453,0.7888023257255554,75,46,510,352,92,63,525,359,-20.600000381469727,-28.600006103515625,72,132,1.0,1.0,31.337409645604012,17,2.272962993693993,2.7881679389312977,22.666666666666668,17,1.3940839694656488,1.909288914702954,36.95652173913044
1.649999976158142,0.8604081273078918,1.3600000143051147,0.8035274744033813,1.649999976158142,0.9099645614624023,1.75,0.8505523800849915,1.7400000095367432,0.8620531558990479,203,114,477,385,184,104,510,404,-20.399999618530273,-40.20001220703125,73,74,1.0,1.0,10.810873449699494,-19,6.1521531695984075,5.576335877862595,-9.35960591133005,-10,3.454903750414869,3.1518420179223368,-8.771929824561404
2.1700000762939453,0.8756356835365295,1.7899999618530273,0.8417827486991882,2.180000066757202,0.9269672632217407,2.299999952316284,0.8491486310958862,2.25,0.8777509331703186,172,102,494,370,152,92,512,383,-20.399999618530273,-40.0,73,75,1.0,1.0,29.059169046389766,-20,5.212661798871557,4.606538333886492,-11.627906976744185,-10,3.09122967142383,2.7881679389312977,-9.803921568627452
2.4000000953674316,0.8929302096366882,1.9700000286102295,0.8730599284172058,2.4200000762939453,0.9447616338729858,2.5399999618530273,0.8511601686477661,2.4700000286102295,0.8972597718238831,138,80,505,361,130,81,531,374,-20.399999618530273,-39.79998779296875,73,76,1.0,1.0,47.971475906762166,-8,4.182251908396947,3.9398025224029207,-5.797101449275362,1,2.424493859940259,2.454800033189512,1.25
2.9000000953674316,0.8328273892402649,2.2200000286102295,0.8238279819488525,2.880000114440918,0.880560040473938,3.2200000286102295,0.7819907665252686,2.890000104904175,0.8329709768295288,85,53,505,348,97,64,533,354,-20.399999618530273,-29.600006103515625,73,127,1.0,1.0,32.18433667711787,12,2.576024726186525,2.939698805177564,14.117647058823529,11,1.6062271822104215,1.9395950879522073,20.754716981132077
2.9000000953674316,0.8303510546684265,2.2100000381469727,0.821628212928772,2.880000114440918,0.8773359656333923,3.2249999046325684,0.7801294326782227,2.890000104904175,0.8303816318511963,83,52,509,348,94,63,531,357,-20.399999618530273,-29.399993896484375,73,128,1.0,1.0,17.792944826140573,11,2.515412379688019,2.8487802854298043,13.25301204819277,11,1.5759210089611684,1.909288914702954,21.153846153846153
2.9000000953674316,0.8244434595108032,2.203000068664551,0.8169265985488892,2.880000114440918,0.8714110255241394,3.2200000286102295,0.7748808264732361,2.9000000953674316,0.8244420289993286,78,47,507,349,90,60,532,355,-20.399999618530273,-29.20001220703125,73,129,1.0,1.0,22.15564050060247,12,2.3638815134417523,2.7275555924327914,15.384615384615385,13,1.4243901427149022,1.8183703949551941,27.659574468085108
2.9000000953674316,0.8191362023353577,2.2100000381469727,0.810357928276062,2.880000114440918,0.8668052554130554,3.2200000286102295,0.7676368951797485,2.9000000953674316,0.8184546232223511,75,46,509,352,90,61,531,358,-20.399999618530273,-29.0,73,130,1.0,1.0,17.785675923096726,15,2.272962993693993,2.7275555924327914,20.0,15,1.3940839694656488,1.8486765682044475,32.608695652173914
2.9100000858306885,0.808342695236206,2.2100000381469727,0.7978439927101135,2.880000114440918,0.8566800355911255,3.2200000286102295,0.7559155821800232,2.9100000858306885,0.8085444569587708,78,49,508,355,91,63,524,358,-20.399999618530273,-28.79998779296875,73,131,1.0,1.0,14.9065555118274,13,2.3638815134417523,2.7578617656820446,16.666666666666668,14,1.4850024892134086,1.909288914702954,28.571428571428573
2.9100000858306885,0.7970008254051208,2.2100000381469727,0.786114513874054,2.880000114440918,0.8464730978012085,3.2300000190734863,0.7453387379646301,2.9100000858306885,0.7977116107940674,73,46,509,353,89,61,523,359,-20.399999618530273,-28.600006103515625,73,132,1.0,1.0,32.2503914043208,16,2.2123506471954864,2.6972494191835383,21.91780821917808,15,1.3940839694656488,1.8486765682044475,32.608695652173914
2.0799999237060547,0.8791230916976929,1.6799999475479126,0.8381891250610352,2.0799999237060547,0.9299428462982178,2.2100000381469727,0.8575176000595093,2.180000066757202,0.8824052810668945,190,105,475,373,167,100,503,388,-20.200000762939453,-40.0,74,75,1.0,1.0,20.55525207058475,-23,5.758172917358115,5.06113093262529,-12.105263157894736,-5,3.18214819117159,3.030617324925324,-4.761904761904762
2.319999933242798,0.8896805644035339,1.8799999952316284,0.8628133535385132,2.3399999141693115,0.9415197372436523,2.4800000190734863,0.8546143770217896,2.4000000953674316,0.8944247364997864,157,88,501,363,143,84,521,378,-20.200000762939453,-39.79998779296875,74,76,1.0,1.0,40.688765326111856,-14,4.758069200132758,4.333782774643213,-8.9171974522293,-4,2.666943245934285,2.545718552937272,-4.545454545454546
2.890000104904175,0.8371099829673767,2.2100000381469727,0.83024001121521,2.880000114440918,0.8888466358184814,3.2100000381469727,0.7860661745071411,2.880000114440918,0.837291419506073,83,51,500,347,92,61,523,353,-20.200000762939453,-29.600006103515625,74,127,1.0,1.0,47.67215281231526,9,2.515412379688019,2.7881679389312977,10.843373493975903,10,1.545614835711915,1.8486765682044475,19.607843137254903
2.890000104904175,0.8320963978767395,2.200000047683716,0.8259296417236328,2.869999885559082,0.8832191228866577,3.2100000381469727,0.7827669978141785,2.890000104904175,0.8320150971412659,81,52,504,351,87,60,529,358,-20.200000762939453,-29.399993896484375,74,128,1.0,1.0,39.41308807998614,6,2.454800033189512,2.6366370726850317,7.407407407407407,8,1.5759210089611684,1.8183703949551941,15.384615384615385
2.890000104904175,0.8269546627998352,2.200000047683716,0.8200532793998718,2.859999895095825,0.876683235168457,3.2100000381469727,0.7768926024436951,2.8980000019073486,0.8271488547325134,78,47,502,348,85,56,527,360,-20.200000762939453,-29.20001220703125,74,129,1.0,1.0,41.70498808357595,7,2.3638815134417523,2.576024726186525,8.974358974358974,9,1.4243901427149022,1.6971457019581813,19.148936170212767
2.890000104904175,0.8202033042907715,2.200000047683716,0.812382161617279,2.859999895095825,0.8701657056808472,3.2150001525878906,0.7687481045722961,2.8980000019073486,0.8205267190933228,81,48,503,353,84,57,526,364,-20.200000762939453,-29.0,74,130,1.0,1.0,36.81583779531567,3,2.454800033189512,2.545718552937272,3.7037037037037037,9,1.4546963159641555,1.7274518752074346,18.75
2.890000104904175,0.8127123117446899,2.203000068664551,0.8040329813957214,2.859999895095825,0.8632917404174805,3.2200000286102295,0.7612861394882202,2.890000104904175,0.8120962381362915,75,46,507,359,90,61,525,363,-20.200000762939453,-28.79998779296875,74,131,1.0,1.0,35.57063374799803,15,2.272962993693993,2.7275555924327914,20.0,15,1.3940839694656488,1.8486765682044475,32.608695652173914
2.890000104904175,0.8035030364990234,2.2100000381469727,0.7943634986877441,2.869999885559082,0.8546468615531921,3.2200000286102295,0.7523038387298584,2.890000104904175,0.8029001355171204,75,46,506,355,85,59,524,364,-20.200000762939453,-28.600006103515625,74,132,1.0,1.0,45.64180188280542,10,2.272962993693993,2.576024726186525,13.333333333333334,13,1.3940839694656488,1.788064221705941,28.26086956521739
2.009999990463257,0.8805432319641113,1.5700000524520874,0.8317278027534485,2.0399999618530273,0.9349254369735718,2.1600000858306885,0.8633556365966797,2.109999895095825,0.8828808665275574,213,112,468,387,181,102,484,396,-20.0,-40.0,75,75,1.0,1.0,12.996548612368207,-32,6.4552149020909395,5.4854173581148356,-15.023474178403756,-10,3.3942914039163625,3.09122967142383,-8.928571428571429
2.240000009536743,0.8846059441566467,1.7799999713897705,0.8509722352027893,2.2699999809265137,0.9369910955429077,2.4100000858306885,0.8576492667198181,2.3299999237060547,0.8904340863227844,179,100,493,375,158,89,510,378,-20.0,-39.79998779296875,75,76,1.0,1.0,32.386535085039384,-21,5.424805011616329,4.788375373382012,-11.731843575418994,-11,3.030617324925324,2.6972494191835383,-11.0
2.4000000953674316,0.9000509977340698,1.9500000476837158,0.8754931092262268,2.430000066757202,0.9528000354766846,2.5899999141693115,0.8626294732093811,2.4800000190734863,0.9056615233421326,143,73,494,358,138,81,515,378,-20.0,-39.600006103515625,75,77,1.0,1.0,45.664429695363424,-5,4.333782774643213,4.182251908396947,-3.4965034965034967,8,2.2123506471954864,2.454800033189512,10.95890410958904
1.718000054359436,0.8844813108444214,1.2899999618530273,0.8247313499450684,1.75,0.9383541345596313,1.850000023841858,0.8728381395339966,1.7899999618530273,0.8870530128479004,236,125,482,395,215,124,504,408,-19.799999237060547,-40.0,76,75,1.0,1.0,4.890814464818479,-21,7.152256886823764,6.515827248589446,-8.898305084745763,-1,3.7882716561566547,3.7579654829074016,-0.8
2.0399999618530273,0.8887624144554138,1.5800000429153442,0.8391793370246887,2.069999933242798,0.94181227684021,2.200000047683716,0.8704947233200073,2.109999895095825,0.8918944597244263,215,118,494,382,189,107,507,394,-19.799999237060547,-39.79998779296875,76,76,1.0,1.0,16.292186749899386,-26,6.515827248589446,5.727866744108862,-12.093023255813954,-11,3.576128443411882,3.2427605376700965,-9.322033898305085
2.2899999618530273,0.8920822143554688,1.840000033378601,0.8594419360160828,2.319999933242798,0.9451589584350586,2.4800000190734863,0.8615601062774658,2.369999885559082,0.8972418904304504,174,97,496,370,153,89,509,382,-19.799999237060547,-39.600006103515625,76,77,1.0,1.0,28.731906861904196,-21,5.273274145370063,4.636844507135745,-12.068965517241379,-8,2.939698805177564,2.6972494191835383,-8.24742268041237
2.4200000762939453,0.9045300483703613,1.9600000381469727,0.8792209625244141,2.4600000381469727,0.958999514579773,2.635000228881836,0.8693808317184448,2.490000009536743,0.9103708267211914,148,77,490,359,133,79,503,373,-19.799999237060547,-39.399993896484375,76,78,1.0,1.0,46.96447844031299,-15,4.485313640889479,4.030721042150681,-10.135135135135135,2,2.3335753401924992,2.394187686691006,2.5974025974025974
2.0899999141693115,0.9339073300361633,1.690000057220459,0.8852190375328064,2.109999895095825,0.987094521522522,2.259999990463257,0.9109746217727661,2.1679999828338623,0.9418392777442932,201,108,495,373,176,99,514,391,-19.600000381469727,-39.600006103515625,77,77,1.0,1.0,20.01089645974989,-25,6.0915408230999,5.33388649186857,-12.437810945273633,-9,3.2730667109193496,3.0003111516760703,-8.333333333333334
2.25,0.9301493167877197,1.8700000047683716,0.8940269351005554,2.259999990463257,0.984960675239563,2.440000057220459,0.8973147869110107,2.3299999237060547,0.939349889755249,168,90,495,366,149,81,502,379,-19.600000381469727,-39.399993896484375,77,78,1.0,1.0,39.05096791141465,-19,5.091437105874544,4.5156198141387325,-11.30952380952381,-9,2.7275555924327914,2.454800033189512,-10.0
1.7000000476837158,1.038849115371704,1.4299999475479126,0.9817723631858826,1.690000057220459,1.099457025527954,1.809999942779541,1.0143928527832031,1.7799999713897705,1.0551882982254028,191,106,491,379,176,101,519,398,-19.399999618530273,-39.600006103515625,78,77,1.0,1.0,11.213764454780186,-15,5.788479090607368,5.33388649186857,-7.853403141361256,-5,3.212454364420843,3.060923498174577,-4.716981132075472
2.0999999046325684,1.027690052986145,1.75,0.9804388880729675,2.0899999141693115,1.0856157541275024,2.25,0.9958341121673584,2.180000066757202,1.0415986776351929,164,89,482,364,155,91,508,387,-19.399999618530273,-39.399993896484375,78,78,1.0,1.0,32.49888265276651,-9,4.970212412877531,4.697456853634252,-5.487804878048781,2,2.6972494191835383,2.7578617656820446,2.247191011235955
1.659999966621399,1.2020447254180908,1.4299999475479126,1.1412831544876099,1.6100000143051147,1.2681939601898193,1.7699999809265137,1.1715949773788452,1.75,1.223844289779663,166,94,490,373,150,94,522,391,-19.200000762939453,-39.600006103515625,79,77,1.0,1.0,11.432077503873806,-16,5.030824759376038,4.545925987387986,-9.63855421686747,0,2.8487802854298043,2.8487802854298043,0.0
2.059999942779541,1.1653008460998535,1.7200000286102295,1.1144640445709229,2.0399999618530273,1.2299067974090576,2.190000057220459,1.1289763450622559,2.1600000858306885,1.1861025094985962,155,92,492,368,144,86,509,380,-19.200000762939453,-39.399993896484375,79,78,1.0,1.0,32.33739750264558,-11,4.697456853634252,4.3640889478924665,-7.096774193548387,-6,2.7881679389312977,2.6063308994357786,-6.521739130434782
1.559999942779541,1.32816743850708,1.3300000429153442,1.2625070810317993,1.4900000095367432,1.3949494361877441,1.649999976158142,1.289064645767212,1.649999976158142,1.3505065441131592,153,90,469,368,140,89,514,382,-19.0,-39.600006103515625,80,77,1.0,1.0,16.281369550432732,-13,4.636844507135745,4.242864254895453,-8.49673202614379,-1,2.7275555924327914,2.6972494191835383,-1.1111111111111112
2.0199999809265137,1.2892568111419678,1.6699999570846558,1.2323637008666992,1.9900000095367432,1.3562722206115723,2.1600000858306885,1.2477262020111084,2.117999792098999,1.3136210441589355,159,93,473,367,139,84,499,382,-19.0,-39.399993896484375,80,78,1.0,1.0,35.74695856803609,-20,4.8186815466312645,4.2125580816462,-12.578616352201259,-9,2.818474112180551,2.545718552937272,-9.67741935483871
1.3300000429153442,1.4352566003799438,1.149999976158142,1.3646334409713745,1.2799999713897705,1.5091304779052734,1.409999966621399,1.3921363353729248,1.4199999570846558,1.460634708404541,159,94,487,371,136,86,523,379,-18.799999237060547,-39.600006103515625,81,77,1.0,1.0,18.92915695822885,-23,4.8186815466312645,4.121639561898441,-14.465408805031446,-8,2.8487802854298043,2.6063308994357786,-8.51063829787234
1.8799999952316284,1.3981724977493286,1.5499999523162842,1.3365720510482788,1.850000023841858,1.466538906097412,2.0199999809265137,1.349463939666748,1.9700000286102295,1.4246826171875,154,89,472,367,135,81,512,377,-18.799999237060547,-39.399993896484375,81,78,1.0,1.0,38.36688400816917,-19,4.6671506803849985,4.091333388649187,-12.337662337662337,-8,2.6972494191835383,2.454800033189512,-8.98876404494382
1.340000033378601,1.5308796167373657,1.159999966621399,1.4537322521209717,1.2699999809265137,1.6087943315505981,1.409999966621399,1.482966661453247,1.4299999475479126,1.5583733320236206,163,98,492,372,132,85,520,376,-18.600000381469727,-39.600006103515625,82,77,1.0,1.0,16.151971925392424,-31,4.939906239628278,4.000414868901427,-19.01840490797546,-13,2.970004978426817,2.576024726186525,-13.26530612244898
1.7999999523162842,1.4867010116577148,1.4900000095367432,1.4175158739089966,1.7599999904632568,1.5577852725982666,1.9299999475479126,1.4357414245605469,1.899999976158142,1.5158884525299072,159,92,480,365,135,86,529,374,-18.600000381469727,-39.399993896484375,82,78,1.0,1.0,36.039380461150294,-24,4.8186815466312645,4.091333388649187,-15.09433962264151,-6,2.7881679389312977,2.6063308994357786,-6.521739130434782
1.4500000476837158,1.6032757759094238,1.2000000476837158,1.521314263343811,1.3799999952316284,1.6887938976287842,1.5549999475479126,1.5587154626846313,1.5399999618530273,1.6312355995178223,164,98,476,369,130,82,515,377,-18.399999618530273,-39.600006103515625,83,77,1.0,1.0,11.55742338098544,-34,4.970212412877531,3.9398025224029207,-20.73170731707317,-16,2.970004978426817,2.4851062064387657,-16.3265306122449
1.7899999618530273,1.559896469116211,1.4500000476837158,1.4855372905731201,1.75,1.6378288269042969,1.9299999475479126,1.512709617614746,1.8899999856948853,1.592767357826233,171,98,475,366,143,89,515,375,-18.399999618530273,-39.399993896484375,83,78,1.0,1.0,30.51092198358367,-28,5.182355625622304,4.333782774643213,-16.374269005847953,-9,2.970004978426817,2.6972494191835383,-9.183673469387756
1.6200000047683716,1.6135190725326538,1.2599999904632568,1.5305941104888916,1.600000023841858,1.6961231231689453,1.7599999904632568,1.5680773258209229,1.7000000476837158,1.647438883781433,184,104,462,372,160,97,498,375,-18.200000762939453,-39.399993896484375,84,78,1.0,1.0,24.060469196417287,-24,5.576335877862595,4.848987719880518,-13.043478260869565,-7,3.1518420179223368,2.939698805177564,-6.730769230769231
1.850000023841858,1.5511739253997803,1.4700000286102295,1.4774963855743408,1.8200000524520874,1.628556728363037,2.009999990463257,1.5040032863616943,1.940000057220459,1.5840152502059937,178,97,458,365,151,90,503,378,-18.200000762939453,-39.20001220703125,84,79,1.0,1.0,36.499872332434364,-27,5.394498838367077,4.576232160637239,-15.168539325842696,-7,2.939698805177564,2.7275555924327914,-7.216494845360825
2.0,1.48126220703125,1.6200000047683716,1.414546251296997,1.9700000286102295,1.5540080070495605,2.180000066757202,1.4358770847320557,2.0899999141693115,1.5123566389083862,165,91,468,365,148,86,499,376,-18.200000762939453,-39.0,84,80,1.0,1.0,47.33915779058383,-17,5.000518586126784,4.485313640889479,-10.303030303030303,-5,2.7578617656820446,2.6063308994357786,-5.4945054945054945
1.340000033378601,1.6403371095657349,0.9800000190734863,1.549086332321167,1.340000033378601,1.7304447889328003,1.4700000286102295,1.5960543155670166,1.4199999570846558,1.673216700553894,201,108,456,368,187,111,506,379,-18.0,-39.399993896484375,85,78,1.0,1.0,7.898856937960196,-14,6.0915408230999,5.667254397610355,-6.965174129353234,3,3.2730667109193496,3.3639852306671094,2.7777777777777777
1.7100000381469727,1.5787684917449951,1.309999942779541,1.4964467287063599,1.7100000381469727,1.6618866920471191,1.8700000047683716,1.5356810092926025,1.7799999713897705,1.6112078428268433,199,106,460,369,178,103,494,384,-18.0,-39.20001220703125,85,79,1.0,1.0,16.774337744132293,-21,6.030928476601394,5.394498838367077,-10.552763819095478,-3,3.212454364420843,3.1215358446730836,-2.830188679245283
1.8600000143051147,1.5062971115112305,1.4900000095367432,1.4294768571853638,1.8600000143051147,1.5830883979797363,2.0299999713897705,1.4665353298187256,1.9500000476837158,1.5355702638626099,190,103,474,368,167,96,498,384,-18.0,-39.0,85,80,1.0,1.0,33.046356436255465,-23,5.758172917358115,5.06113093262529,-12.105263157894736,-7,3.1215358446730836,2.909392631928311,-6.796116504854369
1.8700000047683716,1.4361907243728638,1.5230000019073486,1.3677051067352295,1.850000023841858,1.50779128074646,2.0399999618530273,1.3979802131652832,1.9500000476837158,1.4613137245178223,181,99,479,365,148,88,494,383,-18.0,-38.79998779296875,85,81,1.0,1.0,49.42760869578716,-33,5.4854173581148356,4.485313640889479,-18.23204419889503,-11,3.0003111516760703,2.666943245934285,-11.11111111111111
1.649999976158142,1.492605447769165,1.3200000524520874,1.416567087173462,1.6399999856948853,1.5709655284881592,1.7999999523162842,1.4558314085006714,1.7380000352859497,1.5197620391845703,199,104,478,365,161,95,504,381,-17.799999237060547,-39.0,86,80,1.0,1.0,18.8907400929364,-38,6.030928476601394,4.879293893129772,-19.09547738693467,-9,3.1518420179223368,2.8790864586790574,-8.653846153846153
1.7200000286102295,1.4238862991333008,1.440000057220459,1.3554210662841797,1.6699999570846558,1.496011734008789,1.8600000143051147,1.388226866722107,1.7999999523162842,1.448833703994751,159,87,487,363,141,89,509,376,-17.799999237060547,-38.79998779296875,86,81,1.0,1.0,38.61458127193693,-18,4.8186815466312645,4.273170428144707,-11.320754716981131,2,2.6366370726850317,2.6972494191835383,2.2988505747126435
1.2080000638961792,1.4407438039779663,1.0199999809265137,1.3675110340118408,1.149999976158142,1.515082836151123,1.2999999523162842,1.404503583908081,1.2699999809265137,1.4609040021896362,161,92,483,362,145,90,531,374,-17.600000381469727,-39.0,87,80,1.0,1.0,17.019935829688848,-16,4.879293893129772,4.394395121141719,-9.937888198757763,-2,2.7881679389312977,2.7275555924327914,-2.1739130434782608
1.7200000286102295,1.3723503351211548,1.4600000381469727,1.3092094659805298,1.5950000286102295,1.4400355815887451,1.8600000143051147,1.3350571393966675,1.8200000524520874,1.3918938636779785,130,72,470,357,119,76,488,373,-17.600000381469727,-38.79998779296875,87,81,1.0,1.0,37.29136056036042,-11,3.9398025224029207,3.606434616661135,-8.461538461538462,4,2.1820444739462332,2.303269166943246,5.555555555555555
1.409999966621399,1.378398060798645,1.2400000095367432,1.311316728591919,1.25,1.4472507238388062,1.5099999904632568,1.343320608139038,1.5,1.3946175575256348,114,74,472,363,122,79,494,375,-17.399999618530273,-39.0,88,80,1.0,1.0,20.694167415170263,8,3.454903750414869,3.697353136408895,7.017543859649122,5,2.2426568204447395,2.394187686691006,6.756756756756757
1.8200000524520874,1.3137128353118896,1.5399999618530273,1.2557668685913086,1.659999966621399,1.3787486553192139,1.9850000143051147,1.2792422771453857,1.909999966621399,1.3266462087631226,119,66,446,356,113,72,473,369,-17.399999618530273,-38.79998779296875,88,81,1.0,1.0,41.911882195406555,-6,3.606434616661135,3.4245975771656156,-5.042016806722689,6,2.0002074344507137,2.1820444739462332,9.090909090909092
1.559999942779541,1.3264527320861816,1.340000033378601,1.257049560546875,1.399999976158142,1.3947657346725464,1.7400000095367432,1.2942304611206055,1.659999966621399,1.3400472402572632,125,76,449,366,119,74,475,373,-17.200000762939453,-39.0,89,80,1.0,1.0,21.888181295289886,-6,3.7882716561566547,3.606434616661135,-4.8,-2,2.303269166943246,2.2426568204447395,-2.6315789473684212
1.8300000429153442,1.2553389072418213,1.5299999713897705,1.198195219039917,1.6799999475479126,1.3186652660369873,2.0199999809265137,1.2207794189453125,1.9199999570846558,1.26312255859375,124,69,449,356,111,71,474,363,-17.200000762939453,-38.79998779296875,89,81,1.0,1.0,41.95938048847016,-13,3.7579654829074016,3.3639852306671094,-10.483870967741936,2,2.0911259541984735,2.1517383006969797,2.898550724637681
1.5,1.2827119827270508,1.2599999904632568,1.2128101587295532,1.3600000143051147,1.3495392799377441,1.6799999475479126,1.2525513172149658,1.5700000524520874,1.2903223037719727,132,76,438,361,133,80,474,375,-17.0,-39.0,90,80,1.0,1.0,16.99618435173948,1,4.000414868901427,4.030721042150681,0.7575757575757576,4,2.303269166943246,2.424493859940259,5.2631578947368425
1.809999942779541,1.2099591493606567,1.5,1.1589900255203247,1.6749999523162842,1.2730815410614014,2.0199999809265137,1.1760339736938477,1.8799999952316284,1.217726230621338,127,69,441,356,107,66,466,359,-17.0,-38.79998779296875,90,81,1.0,1.0,36.57788877607562,-20,3.848884002655161,3.2427605376700965,-15.748031496062993,-3,2.0911259541984735,2.0002074344507137,-4.3478260869565215
1.5,1.2480921745300293,1.2400000095367432,1.1836680173873901,1.3600000143051147,1.315222978591919,1.7000000476837158,1.2229013442993164,1.559999942779541,1.2536931037902832,137,76,414,361,124,78,465,374,-16.799999237060547,-39.0,91,80,1.0,1.0,14.612568573668396,-13,4.151945735147693,3.7579654829074016,-9.489051094890511,2,2.303269166943246,2.3638815134417523,2.6315789473684212
1.8300000429153442,1.2053700685501099,1.4900000095367432,1.1544978618621826,1.7000000476837158,1.2692537307739258,2.059999942779541,1.1719393730163574,1.899999976158142,1.213846206665039,127,70,437,354,112,68,464,361,-16.799999237060547,-38.79998779296875,91,81,1.0,1.0,35.15261329600891,-15,3.848884002655161,3.3942914039163625,-11.811023622047244,-2,2.1214321274477266,2.0608197809492204,-2.857142857142857
1.25,1.244774580001831,1.0199999809265137,1.179345726966858,1.149999976158142,1.3119804859161377,1.4199999570846558,1.2222416400909424,1.2899999618530273,1.2493655681610107,148,82,410,361,134,81,464,375,-16.600000381469727,-39.0,92,80,1.0,1.0,11.811319311538501,-14,4.485313640889479,4.061027215399934,-9.45945945945946,-1,2.4851062064387657,2.454800033189512,-1.2195121951219512
1.8799999952316284,1.219513177871704,1.5,1.1658504009246826,1.7400000095367432,1.2845165729522705,2.130000114440918,1.1878137588500977,1.940000057220459,1.2257899045944214,134,72,403,354,117,68,454,363,-16.600000381469727,-38.79998779296875,92,81,1.0,1.0,31.072875302700425,-17,4.061027215399934,3.545822270162629,-12.686567164179104,-4,2.1820444739462332,2.0608197809492204,-5.555555555555555
1.7999999523162842,1.2301491498947144,1.4299999475479126,1.171675443649292,1.6699999570846558,1.2966725826263428,2.049999952316284,1.201321005821228,1.850000023841858,1.236726999282837,142,77,399,356,126,74,462,363,-16.399999618530273,-38.79998779296875,93,81,1.0,1.0,22.69033704466506,-16,4.303476601393959,3.818577829405908,-11.267605633802816,-3,2.3335753401924992,2.2426568204447395,-3.896103896103896
1.9800000190734863,1.1967765092849731,1.590000033378601,1.1448115110397339,1.840000033378601,1.2595336437225342,2.2350001335144043,1.1653835773468018,2.0199999809265137,1.2009340524673462,126,67,407,348,117,71,454,359,-16.399999618530273,-38.600006103515625,93,82,1.0,1.0,43.960070388683675,-9,3.818577829405908,3.545822270162629,-7.142857142857143,4,2.030513607699967,2.1517383006969797,5.970149253731344
1.5399999618530273,1.2438056468963623,1.2300000190734863,1.1802749633789062,1.4299999475479126,1.31055748462677,1.75,1.2171109914779663,1.5800000429153442,1.2485756874084473,150,80,400,359,135,79,468,367,-16.200000762939453,-38.79998779296875,94,81,1.0,1.0,16.817733716575173,-15,4.545925987387986,4.091333388649187,-10.0,-1,2.424493859940259,2.394187686691006,-1.25
1.9199999570846558,1.2178786993026733,1.5499999523162842,1.161338210105896,1.7899999618530273,1.2828121185302734,2.1700000762939453,1.1905865669250488,1.9700000286102295,1.2262578010559082,139,73,408,346,122,73,458,363,-16.200000762939453,-38.600006103515625,94,82,1.0,1.0,38.082941191808246,-17,4.2125580816462,3.697353136408895,-12.23021582733813,0,2.2123506471954864,2.2123506471954864,0.0
1.4600000381469727,1.2427059412002563,1.1799999475479126,1.1739020347595215,1.340000033378601,1.307445764541626,1.659999966621399,1.2158479690551758,1.4900000095367432,1.2461981773376465,158,83,392,358,129,75,475,368,-16.0,-38.79998779296875,95,81,1.0,1.0,12.527878789625182,-29,4.788375373382012,3.9094963491536676,-18.354430379746834,-8,2.515412379688019,2.272962993693993,-9.63855421686747
1.940000057220459,1.2219014167785645,1.5499999523162842,1.1676316261291504,1.7999999523162842,1.284196376800537,2.190000057220459,1.1952852010726929,1.9800000190734863,1.2279361486434937,131,71,394,346,117,70,470,363,-16.0,-38.600006103515625,95,82,1.0,1.0,32.131785395561025,-14,3.9701086956521743,3.545822270162629,-10.687022900763358,-1,2.1517383006969797,2.1214321274477266,-1.408450704225352
1.399999976158142,1.2141025066375732,1.159999966621399,1.1528629064559937,1.2699999809265137,1.2761759757995605,1.590000033378601,1.1881678104400635,1.4299999475479126,1.2181886434555054,132,73,395,350,124,73,482,366,-15.800000190734863,-38.79998779296875,96,81,1.0,1.0,8.427758789571413,-8,4.000414868901427,3.7579654829074016,-6.0606060606060606,0,2.2123506471954864,2.2123506471954864,0.0
2.009999990463257,1.201281189918518,1.600000023841858,1.1561745405197144,1.850000023841858,1.2618693113327026,2.2799999713897705,1.1703288555145264,2.0399999618530273,1.2042088508605957,120,61,385,341,112,67,460,355,-15.800000190734863,-38.600006103515625,96,82,1.0,1.0,28.758893306327032,-8,3.6367407899103883,3.3942914039163625,-6.666666666666667,6,1.8486765682044475,2.030513607699967,9.836065573770492
2.069999933242798,1.212891936302185,1.659999966621399,1.1798429489135742,1.9299999475479126,1.267279028892517,2.359999895095825,1.17289137840271,2.109999895095825,1.2167595624923706,103,53,395,339,105,64,460,353,-15.800000190734863,-38.399993896484375,96,83,1.0,1.0,49.97937205638599,2,3.1215358446730836,3.18214819117159,1.941747572815534,11,1.6062271822104215,1.9395950879522073,20.754716981132077
1.6200000047683716,1.2111937999725342,1.3600000143051147,1.1553300619125366,1.4500000476837158,1.2733917236328125,1.840000033378601,1.1831865310668945,1.649999976158142,1.216223955154419,117,67,400,344,113,66,486,360,-15.600000381469727,-38.79998779296875,97,81,1.0,1.0,15.8700751146904,-4,3.545822270162629,3.4245975771656156,-3.4188034188034186,-1,2.030513607699967,2.0002074344507137,-1.492537313432836
2.009999990463257,1.2064385414123535,1.600000023841858,1.165622591972351,1.850000023841858,1.2633579969406128,2.2899999618530273,1.171248435974121,2.0399999618530273,1.2095167636871338,108,57,391,342,104,64,464,354,-15.600000381469727,-38.600006103515625,97,82,1.0,1.0,36.941739748808864,-4,3.2730667109193496,3.1518420179223368,-3.7037037037037037,7,1.7274518752074346,1.9395950879522073,12.280701754385966
1.7599999904632568,1.209871530532837,1.4299999475479126,1.1591531038284302,1.5800000429153442,1.2729706764221191,2.009999990463257,1.1815685033798218,1.7979999780654907,1.2133030891418457,114,62,390,341,112,67,468,355,-15.399999618530273,-38.79998779296875,98,81,1.0,1.0,18.648929911210054,-2,3.454903750414869,3.3942914039163625,-1.7543859649122806,5,1.8789827414537008,2.030513607699967,8.064516129032258
2.0199999809265137,1.2135686874389648,1.6100000143051147,1.1779992580413818,1.850000023841858,1.2675015926361084,2.309999942779541,1.174832820892334,2.049999952316284,1.2188609838485718,102,54,390,346,105,67,460,349,-15.399999618530273,-38.600006103515625,98,82,1.0,1.0,40.12460462599919,3,3.09122967142383,3.18214819117159,2.9411764705882355,13,1.6365333554596748,2.030513607699967,24.074074074074073
1.7599999904632568,1.2100329399108887,1.402999997138977,1.1643540859222412,1.590000033378601,1.2696592807769775,2.009999990463257,1.1779218912124634,1.7879999876022339,1.2137259244918823,110,60,395,342,104,64,472,353,-15.199999809265137,-38.79998779296875,99,81,1.0,1.0,21.979093413464977,-6,3.3336790574178563,3.1518420179223368,-5.454545454545454,4,1.8183703949551941,1.9395950879522073,6.666666666666667
2.0399999618530273,1.2196216583251953,1.600000023841858,1.1881930828094482,1.8700000047683716,1.2718253135681152,2.3399999141693115,1.176231861114502,2.069999933242798,1.2272182703018188,101,53,388,349,101,64,469,351,-15.199999809265137,-38.600006103515625,99,82,1.0,1.0,43.04499222219166,0,3.060923498174577,3.060923498174577,0.0,11,1.6062271822104215,1.9395950879522073,20.754716981132077
1.8700000047683716,1.2152670621871948,1.4900000095367432,1.172445297241211,1.690000057220459,1.272539496421814,2.1500000953674316,1.179158091545105,1.8899999856948853,1.2189770936965942,108,61,401,342,98,63,470,352,-15.0,-38.79998779296875,100,81,1.0,1.0,22.68199780110864,-10,3.2730667109193496,2.970004978426817,-9.25925925925926,2,1.8486765682044475,1.909288914702954,3.278688524590164
2.059999942779541,1.2261090278625488,1.600000023841858,1.2008211612701416,1.8799999952316284,1.2794008255004883,2.359999895095825,1.1787819862365723,2.069999933242798,1.2347897291183472,98,53,386,348,102,64,468,355,-15.0,-38.600006103515625,100,82,1.0,1.0,44.06040164239996,4,2.970004978426817,3.09122967142383,4.081632653061225,11,1.6062271822104215,1.9395950879522073,20.754716981132077
1.899999976158142,1.2230756282806396,1.4900000095367432,1.183821678161621,1.7200000286102295,1.2785078287124634,2.190000057220459,1.1844656467437744,1.9179999828338623,1.2286834716796875,110,60,397,347,103,63,476,351,-14.800000190734863,-38.79998779296875,101,81,1.0,1.0,23.997439055991237,-7,3.3336790574178563,3.1215358446730836,-6.363636363636363,3,1.8183703949551941,1.909288914702954,5.0
2.069999933242798,1.2309823036193848,1.590000033378601,1.2109192609786987,1.909999966621399,1.2820334434509277,2.390000104904175,1.1803088188171387,2.0799999237060547,1.2408030033111572,103,53,389,349,92,58,466,354,-14.800000190734863,-38.600006103515625,101,82,1.0,1.0,45.45809363080793,-11,3.1215358446730836,2.7881679389312977,-10.679611650485437,5,1.6062271822104215,1.7577580484566877,9.433962264150944
1.9380000829696655,1.2285038232803345,1.4900000095367432,1.1929452419281006,1.75,1.2850793600082397,2.2300000190734863,1.1888072490692139,1.9380000829696655,1.2352054119110107,108,58,388,348,103,63,465,348,-14.600000381469727,-38.79998779296875,102,81,1.0,1.0,25.99729701536674,-5,3.2730667109193496,3.1215358446730836,-4.62962962962963,5,1.7577580484566877,1.909288914702954,8.620689655172415
2.0799999237060547,1.235726237297058,1.590000033378601,1.2170414924621582,1.9299999475479126,1.2882275581359863,2.4100000858306885,1.1842517852783203,2.0799999237060547,1.2467150688171387,100,53,390,348,92,57,466,356,-14.600000381469727,-38.600006103515625,102,82,1.0,1.0,47.08281415329875,-8,3.030617324925324,2.7881679389312977,-8.0,4,1.6062271822104215,1.7274518752074346,7.547169811320755
1.9500000476837158,1.2346566915512085,1.4800000190734863,1.1991195678710938,1.7799999713897705,1.290701150894165,2.25,1.1951332092285156,1.940000057220459,1.2404441833496094,109,58,394,348,108,64,466,350,-14.399999618530273,-38.79998779296875,103,81,1.0,1.0,21.820384527875877,-1,3.3033728841686028,3.2730667109193496,-0.9174311926605505,6,1.7577580484566877,1.9395950879522073,10.344827586206897
2.0999999046325684,1.240615725517273,1.600000023841858,1.2223788499832153,1.9450000524520874,1.2926571369171143,2.430000066757202,1.1877129077911377,2.0999999046325684,1.2517119646072388,96,50,390,345,94,57,458,354,-14.399999618530273,-38.600006103515625,103,82,1.0,1.0,42.51415945653474,-2,2.909392631928311,2.8487802854298043,-2.0833333333333335,7,1.515308662462662,1.7274518752074346,14.0
1.8700000047683716,1.239166498184204,1.399999976158142,1.2003802061080933,1.7100000381469727,1.296446681022644,2.1600000858306885,1.1998887062072754,1.8600000143051147,1.2441744804382324,110,60,390,347,111,68,466,345,-14.199999809265137,-38.79998779296875,104,81,1.0,1.0,18.398753313365606,1,3.3336790574178563,3.3639852306671094,0.9090909090909091,8,1.8183703949551941,2.0608197809492204,13.333333333333334
2.0999999046325684,1.2457466125488281,1.5800000429153442,1.225939154624939,1.940000057220459,1.2966582775115967,2.430000066757202,1.194075584411621,2.0979998111724854,1.2554963827133179,92,48,382,347,101,60,462,359,-14.199999809265137,-38.600006103515625,104,82,1.0,1.0,38.80176462613955,9,2.7881679389312977,3.060923498174577,9.782608695652174,12,1.4546963159641555,1.8183703949551941,25.0
1.7999999523162842,1.2454735040664673,1.3630000352859497,1.2027018070220947,1.649999976158142,1.3041419982910156,2.0799999237060547,1.2066112756729126,1.7899999618530273,1.2491836547851562,119,65,396,346,112,70,491,348,-14.0,-38.79998779296875,105,81,1.0,1.0,13.301712436350947,-7,3.606434616661135,3.3942914039163625,-5.882352941176471,5,1.9699012612014604,2.1214321274477266,7.6923076923076925
2.0799999237060547,1.2515051364898682,1.559999942779541,1.2290360927581787,1.9249999523162842,1.3044472932815552,2.4200000762939453,1.2000348567962646,2.069999933242798,1.261017918586731,103,55,386,349,105,63,467,358,-14.0,-38.600006103515625,105,82,1.0,1.0,34.788117551906076,2,3.1215358446730836,3.18214819117159,1.941747572815534,8,1.6668395287089282,1.909288914702954,14.545454545454545
1.7300000190734863,1.253493070602417,1.309999942779541,1.2084470987319946,1.590000033378601,1.3132621049880981,2.0,1.2185864448547363,1.7200000286102295,1.256565809249878,121,63,389,346,107,63,501,344,-13.800000190734863,-38.79998779296875,106,81,1.0,1.0,17.606932804911622,-14,3.667046963159642,3.2427605376700965,-11.570247933884298,0,1.909288914702954,1.909288914702954,0.0
2.0799999237060547,1.2561976909637451,1.5499999523162842,1.2300056219100952,1.9299999475479126,1.309410810470581,2.4200000762939453,1.2078821659088135,2.069999933242798,1.2668218612670898,108,59,374,348,110,65,470,352,-13.800000190734863,-38.600006103515625,106,82,1.0,1.0,35.437195198034026,2,3.2730667109193496,3.3336790574178563,1.8518518518518519,6,1.788064221705941,1.9699012612014604,10.169491525423728
1.7100000381469727,1.25836181640625,1.2999999523162842,1.2132729291915894,1.565000057220459,1.3178666830062866,1.9700000286102295,1.2244176864624023,1.6980000734329224,1.2607499361038208,124,64,381,345,105,63,490,350,-13.600000381469727,-38.79998779296875,107,81,1.0,1.0,10.849107045429562,-19,3.7579654829074016,3.18214819117159,-15.32258064516129,-1,1.9395950879522073,1.909288914702954,-1.5625
2.069999933242798,1.2597013711929321,1.5299999713897705,1.2276946306228638,1.909999966621399,1.3146764039993286,2.4000000953674316,1.2148923873901367,2.0399999618530273,1.2697049379348755,111,60,369,346,108,63,467,351,-13.600000381469727,-38.600006103515625,107,82,1.0,1.0,31.816347594666475,-3,3.3639852306671094,3.2730667109193496,-2.7027027027027026,3,1.8183703949551941,1.909288914702954,5.0
1.7100000381469727,1.2611477375030518,1.2799999713897705,1.2146673202514648,1.5399999618530273,1.3235583305358887,1.9700000286102295,1.2312220335006714,1.6799999475479126,1.2628546953201294,125,66,374,343,110,64,491,349,-13.399999618530273,-38.79998779296875,108,81,1.0,1.0,11.484972827798893,-15,3.7882716561566547,3.3336790574178563,-12.0,-2,2.0002074344507137,1.9395950879522073,-3.0303030303030303
2.049999952316284,1.2621192932128906,1.4900000095367432,1.2232742309570312,1.8899999856948853,1.3182909488677979,2.380000114440918,1.2216320037841797,2.009999990463257,1.2681423425674438,121,64,355,345,113,64,462,348,-13.399999618530273,-38.600006103515625,108,82,1.0,1.0,32.39658619416468,-8,3.667046963159642,3.4245975771656156,-6.6115702479338845,0,1.9395950879522073,1.9395950879522073,0.0
2.140000104904175,1.2615677118301392,1.5800000429153442,1.2350749969482422,1.9700000286102295,1.3156596422195435,2.490000009536743,1.2130990028381348,2.109999895095825,1.2730846405029297,105,57,366,345,110,66,460,349,-13.399999618530273,-38.399993896484375,108,83,1.0,1.0,43.64429284553309,5,3.18214819117159,3.3336790574178563,4.761904761904762,9,1.7274518752074346,2.0002074344507137,15.789473684210526
1.9900000095367432,1.2620689868927002,1.399999976158142,1.2127602100372314,1.850000023841858,1.3239009380340576,2.3299999237060547,1.2317250967025757,1.9380000829696655,1.2651408910751343,132,67,353,346,119,69,447,350,-13.199999809265137,-38.600006103515625,109,82,1.0,1.0,19.00886600545105,-13,4.000414868901427,3.606434616661135,-9.848484848484848,2,2.030513607699967,2.0911259541984735,2.985074626865672
2.109999895095825,1.2606462240219116,1.5099999904632568,1.2204859256744385,1.9500000476837158,1.3176617622375488,2.450000047683716,1.221674919128418,2.049999952316284,1.2682359218597412,119,62,352,346,114,65,444,350,-13.199999809265137,-38.399993896484375,109,83,1.0,1.0,22.663238887246266,-5,3.606434616661135,3.454903750414869,-4.201680672268908,3,1.8789827414537008,1.9699012612014604,4.838709677419355
2.1700000762939453,1.2571426630020142,1.590000033378601,1.2289533615112305,1.9950000047683716,1.311328649520874,2.5,1.207007646560669,2.109999895095825,1.2668535709381104,105,55,359,348,107,65,453,350,-13.199999809265137,-38.20001220703125,109,84,1.0,1.0,31.536891202735386,2,3.18214819117159,3.2427605376700965,1.9047619047619047,10,1.6668395287089282,1.9699012612014604,18.181818181818183
2.200000047683716,1.252795934677124,1.649999976158142,1.2357144355773926,2.0299999713897705,1.3040027618408203,2.5399999618530273,1.1940892934799194,2.1600000858306885,1.2631640434265137,98,49,362,344,102,64,461,348,-13.199999809265137,-38.0,109,85,1.0,1.0,45.270468126788344,4,2.970004978426817,3.09122967142383,4.081632653061225,15,1.4850024892134086,1.9395950879522073,30.612244897959183
1.9600000381469727,1.2577792406082153,1.3630000352859497,1.2041356563568115,1.8200000524520874,1.3187336921691895,2.2699999809265137,1.2280076742172241,1.8980000019073486,1.2609423398971558,140,66,358,341,131,73,432,352,-13.0,-38.399993896484375,110,83,1.0,1.0,3.4615042921156336,-9,4.242864254895453,3.9701086956521743,-6.428571428571429,7,2.0002074344507137,2.2123506471954864,10.606060606060606
2.0999999046325684,1.257022738456726,1.5099999904632568,1.2145110368728638,1.9299999475479126,1.3163063526153564,2.445000171661377,1.2201361656188965,2.0399999618530273,1.265193223953247,125,63,357,346,117,66,436,351,-13.0,-38.20001220703125,110,84,1.0,1.0,14.802958731782788,-8,3.7882716561566547,3.545822270162629,-6.4,3,1.909288914702954,2.0002074344507137,4.761904761904762
2.1700000762939453,1.2532529830932617,1.600000023841858,1.22371244430542,1.9900000095367432,1.3061537742614746,2.5199999809265137,1.2045831680297852,2.130000114440918,1.2639621496200562,108,56,352,351,110,67,447,352,-13.0,-38.0,110,85,1.0,1.0,30.40323346392017,2,3.2730667109193496,3.3336790574178563,1.8518518518518519,11,1.6971457019581813,2.030513607699967,19.642857142857142
2.2300000190734863,1.2484804391860962,1.6699999570846558,1.2311965227127075,2.0349998474121094,1.2987743616104126,2.569999933242798,1.1879682540893555,2.180000066757202,1.2567319869995117,96,48,351,345,97,62,449,352,-13.0,-37.79998779296875,110,86,1.0,1.0,47.366673570469224,1,2.909392631928311,2.939698805177564,1.0416666666666667,14,1.4546963159641555,1.8789827414537008,29.166666666666668
2.0999999046325684,1.2552357912063599,1.5199999809265137,1.2118513584136963,1.9199999570846558,1.3140695095062256,2.440000057220459,1.2169866561889648,2.049999952316284,1.26399564743042,122,61,343,345,121,67,429,350,-12.800000190734863,-38.0,111,85,1.0,1.0,17.218308623668598,-1,3.697353136408895,3.667046963159642,-0.819672131147541,6,1.8486765682044475,2.030513607699967,9.836065573770492
2.190000057220459,1.2497080564498901,1.6200000047683716,1.2238357067108154,1.9900000095367432,1.3039411306381226,2.5199999809265137,1.200430154800415,2.140000104904175,1.263245701789856,102,53,342,352,111,66,440,351,-12.800000190734863,-37.79998779296875,111,86,1.0,1.0,32.22299938503078,9,3.09122967142383,3.3639852306671094,8.823529411764707,13,1.6062271822104215,2.0002074344507137,24.528301886792452
2.119999885559082,1.2536897659301758,1.559999942779541,1.2131155729293823,1.9149999618530273,1.310316562652588,2.434999942779541,1.2122220993041992,2.059999942779541,1.2641113996505737,117,60,338,344,118,69,426,350,-12.600000381469727,-37.79998779296875,112,86,1.0,1.0,19.921776194621458,1,3.545822270162629,3.576128443411882,0.8547008547008547,9,1.8183703949551941,2.0911259541984735,15.0
2.2100000381469727,1.2472741603851318,1.659999966621399,1.2232015132904053,2.0,1.3006141185760498,2.5399999618530273,1.197385549545288,2.1579999923706055,1.262056589126587,101,54,341,350,107,64,433,352,-12.600000381469727,-37.600006103515625,112,87,1.0,1.0,37.85952567983644,6,3.060923498174577,3.2427605376700965,5.9405940594059405,10,1.6365333554596748,1.9395950879522073,18.51851851851852
1.7799999713897705,1.2772983312606812,1.340000033378601,1.2258012294769287,1.600000023841858,1.3373714685440063,2.0399999618530273,1.241076946258545,1.7300000190734863,1.2838144302368164,122,63,346,341,120,71,448,352,-12.399999618530273,-37.79998779296875,113,86,1.0,1.0,7.89922498871245,-2,3.697353136408895,3.6367407899103883,-1.639344262295082,8,1.909288914702954,2.1517383006969797,12.698412698412698
2.140000104904175,1.2536561489105225,1.6030000448226929,1.215582251548767,1.934999942779541,1.309375286102295,2.450000047683716,1.2112987041473389,2.0799999237060547,1.2640374898910522,111,58,333,344,110,65,437,352,-12.399999618530273,-37.600006103515625,113,87,1.0,1.0,25.066578583330706,-1,3.3639852306671094,3.3336790574178563,-0.9009009009009009,7,1.7577580484566877,1.9699012612014604,12.068965517241379
2.240000009536743,1.2458003759384155,1.693000078201294,1.2257801294326782,2.0299999713897705,1.2989569902420044,2.559999942779541,1.193528413772583,2.187999963760376,1.2610247135162354,97,52,339,347,104,61,438,349,-12.399999618530273,-37.399993896484375,113,88,1.0,1.0,44.190961485815535,7,2.939698805177564,3.1518420179223368,7.216494845360825,9,1.5759210089611684,1.8486765682044475,17.307692307692307
1.9700000286102295,1.2640385627746582,1.4900000095367432,1.2160706520080566,1.7799999713897705,1.3216402530670166,2.25,1.227664828300476,1.9199999570846558,1.2708821296691895,120,61,336,341,119,69,442,352,-12.199999809265137,-37.600006103515625,114,87,1.0,1.0,14.478836635358968,-1,3.6367407899103883,3.606434616661135,-0.8333333333333334,8,1.8486765682044475,2.0911259541984735,13.114754098360656
2.190000057220459,1.251975417137146,1.649999976158142,1.2219728231430054,1.9700000286102295,1.306791067123413,2.5,1.2065796852111816,2.130000114440918,1.2631158828735352,102,54,337,346,109,64,446,351,-12.199999809265137,-37.399993896484375,114,88,1.0,1.0,32.048805349026914,7,3.09122967142383,3.3033728841686028,6.862745098039215,10,1.6365333554596748,1.9395950879522073,18.51851851851852
2.119999885559082,1.2594834566116333,1.590000033378601,1.22005033493042,1.899999976158142,1.3158830404281616,2.4200000762939453,1.2194020748138428,2.059999942779541,1.2694954872131348,110,59,337,343,112,66,445,351,-12.0,-37.399993896484375,115,88,1.0,1.0,22.64058591716323,2,3.3336790574178563,3.3942914039163625,1.8181818181818181,7,1.788064221705941,2.0002074344507137,11.864406779661017
2.2300000190734863,1.251749873161316,1.7000000476837158,1.2317928075790405,2.009999990463257,1.3051342964172363,2.549999952316284,1.202184796333313,2.1700000762939453,1.2674158811569214,93,51,340,347,102,60,441,346,-12.0,-37.20001220703125,115,89,1.0,1.0,42.6716408901891,9,2.818474112180551,3.09122967142383,9.67741935483871,9,1.545614835711915,1.8183703949551941,17.647058823529413
2.009999990463257,1.27047860622406,1.5,1.2244343757629395,1.7799999713897705,1.3299354314804077,2.299999952316284,1.2349745035171509,1.9500000476837158,1.276860237121582,113,58,328,337,119,68,439,349,-11.800000190734863,-37.399993896484375,116,88,1.0,1.0,12.946933307613683,6,3.4245975771656156,3.606434616661135,5.3097345132743365,10,1.7577580484566877,2.0608197809492204,17.24137931034483
2.190000057220459,1.2561613321304321,1.659999966621399,1.2281341552734375,1.9600000381469727,1.3106718063354492,2.5,1.2139580249786377,2.130000114440918,1.2673583030700684,100,55,346,345,105,66,443,350,-11.800000190734863,-37.20001220703125,116,89,1.0,1.0,33.96174263019252,5,3.030617324925324,3.18214819117159,5.0,11,1.6668395287089282,2.0002074344507137,20.0
1.840000033378601,1.4603420495986938,1.3899999856948853,1.406261682510376,1.659999966621399,1.5304661989212036,2.109999895095825,1.4313554763793945,1.7999999523162842,1.474500298500061,121,64,344,346,115,69,449,366,-11.600000381469727,-37.399993896484375,117,88,1.0,1.0,5.056157138666552,-6,3.667046963159642,3.4852099236641223,-4.958677685950414,5,1.9395950879522073,2.0911259541984735,7.8125
2.069999933242798,1.2622509002685547,1.559999942779541,1.2244040966033936,1.8600000143051147,1.321029782295227,2.369999885559082,1.2262089252471924,2.0199999809265137,1.2691560983657837,105,56,339,340,114,64,441,349,-11.600000381469727,-37.20001220703125,117,89,1.0,1.0,22.86965719996105,9,3.18214819117159,3.454903750414869,8.571428571428571,8,1.6971457019581813,1.9395950879522073,14.285714285714286
2.2300000190734863,1.2557637691497803,1.690000057220459,1.2343769073486328,2.0,1.3092342615127563,2.549999952316284,1.2094488143920898,2.180000066757202,1.2699100971221924,91,50,338,344,97,59,440,347,-11.600000381469727,-37.0,117,90,1.0,1.0,40.18819520552715,6,2.7578617656820446,2.939698805177564,6.593406593406593,9,1.515308662462662,1.788064221705941,18.0
1.8600000143051147,1.2863798141479492,1.3899999856948853,1.2383495569229126,1.649999976158142,1.345515251159668,2.130000114440918,1.2540137767791748,1.809999942779541,1.2915974855422974,115,58,328,337,122,66,440,349,-11.399999618530273,-37.20001220703125,118,89,1.0,1.0,12.48829348695909,7,3.4852099236641223,3.697353136408895,6.086956521739131,8,1.7577580484566877,2.0002074344507137,13.793103448275861
2.190000057220459,1.2618249654769897,1.6399999856948853,1.2286772727966309,1.9600000381469727,1.317325234413147,2.509999990463257,1.224666953086853,2.130000114440918,1.2716388702392578,99,54,337,344,107,60,440,348,-11.399999618530273,-37.0,118,90,1.0,1.0,28.524685868148662,8,3.0003111516760703,3.2427605376700965,8.080808080808081,6,1.6365333554596748,1.8183703949551941,11.11111111111111
2.259999990463257,1.256563425064087,1.7100000381469727,1.2379604578018188,2.0199999809265137,1.3083181381225586,2.5899999141693115,1.205471158027649,2.2100000381469727,1.268300175666809,85,46,348,346,94,56,429,348,-11.399999618530273,-36.79998779296875,118,91,1.0,1.0,44.325348681597276,9,2.576024726186525,2.8487802854298043,10.588235294117647,10,1.3940839694656488,1.6971457019581813,21.73913043478261
2.0,1.274560809135437,1.5,1.2306021451950073,1.7899999618530273,1.3323736190795898,2.2799999713897705,1.242300033569336,1.940000057220459,1.278882622718811,109,54,340,338,110,59,432,346,-11.199999809265137,-37.0,119,90,1.0,1.0,16.089896067275927,1,3.3033728841686028,3.3336790574178563,0.9174311926605505,5,1.6365333554596748,1.788064221705941,9.25925925925926
2.2200000286102295,1.2618274688720703,1.6699999570846558,1.2327568531036377,1.9800000190734863,1.3165851831436157,2.5399999618530273,1.2225208282470703,2.1600000858306885,1.2719779014587402,92,49,342,344,100,55,423,349,-11.199999809265137,-36.79998779296875,119,91,1.0,1.0,34.917186788817595,8,2.7881679389312977,3.030617324925324,8.695652173913043,6,1.4850024892134086,1.6668395287089282,12.244897959183673
1.4500000476837158,1.2904374599456787,1.1100000143051147,1.2394542694091797,1.2699999809265137,1.35005784034729,1.649999976158142,1.2595539093017578,1.399999976158142,1.2929714918136597,112,53,355,335,112,60,463,348,-11.0,-37.0,120,90,1.0,1.0,5.157460720240881,0,3.3942914039163625,3.3942914039163625,0.0,7,1.6062271822104215,1.8183703949551941,13.20754716981132
2.190000057220459,1.2713346481323242,1.6100000143051147,1.2279565334320068,1.9500000476837158,1.3291311264038086,2.5,1.2384319305419922,2.109999895095825,1.2751843929290771,106,53,340,339,105,59,432,345,-11.0,-36.79998779296875,120,91,1.0,1.0,22.98484851445801,-1,3.212454364420843,3.18214819117159,-0.9433962264150944,6,1.6062271822104215,1.788064221705941,11.320754716981131
2.240000009536743,1.2636849880218506,1.6699999570846558,1.2342278957366943,1.9900000095367432,1.3177616596221924,2.569999933242798,1.2263855934143066,2.1700000762939453,1.270981788635254,93,47,334,344,100,55,424,349,-11.0,-36.600006103515625,120,92,1.0,1.0,40.5947460425608,7,2.818474112180551,3.030617324925324,7.526881720430108,8,1.4243901427149022,1.6668395287089282,17.02127659574468
1.659999966621399,1.2897359132766724,1.25,1.2385755777359009,1.4700000286102295,1.351787805557251,1.899999976158142,1.2610974311828613,1.6100000143051147,1.2908961772918701,119,56,340,333,112,62,443,349,-10.800000190734863,-36.79998779296875,121,91,1.0,1.0,11.478961830369592,-7,3.606434616661135,3.3942914039163625,-5.882352941176471,6,1.6971457019581813,1.8789827414537008,10.714285714285714
2.109999895095825,1.2850896120071411,1.5499999523162842,1.2394368648529053,1.8700000047683716,1.3439788818359375,2.4200000762939453,1.254870891571045,2.0399999618530273,1.2876931428909302,106,51,329,337,106,58,435,349,-10.800000190734863,-36.600006103515625,121,92,1.0,1.0,22.963489678691687,0,3.212454364420843,3.212454364420843,0.0,7,1.545614835711915,1.7577580484566877,13.72549019607843
2.2300000190734863,1.2651463747024536,1.6399999856948853,1.235493540763855,1.9800000190734863,1.3207404613494873,2.554999828338623,1.2301405668258667,2.1579999923706055,1.2732678651809692,93,46,336,343,102,54,434,349,-10.800000190734863,-36.399993896484375,121,93,1.0,1.0,31.64928537463651,9,2.818474112180551,3.09122967142383,9.67741935483871,8,1.3940839694656488,1.6365333554596748,17.391304347826086
2.309999942779541,1.2597626447677612,1.7000000476837158,1.239459753036499,2.049999952316284,1.3076196908950806,2.640000104904175,1.2134087085723877,2.2200000286102295,1.2746424674987793,83,43,340,338,98,56,451,350,-10.800000190734863,-36.20001220703125,121,94,1.0,1.0,39.91390499605849,15,2.515412379688019,2.970004978426817,18.072289156626507,13,1.3031654497178893,1.6971457019581813,30.232558139534884
1.8600000143051147,1.310157060623169,1.340000033378601,1.2587429285049438,1.659999966621399,1.3741534948349,2.130000114440918,1.2836804389953613,1.7999999523162842,1.310904860496521,114,52,336,335,112,58,429,346,-10.600000381469727,-36.600006103515625,122,92,1.0,1.0,2.9993377571883504,-2,3.454903750414869,3.3942914039163625,-1.7543859649122806,6,1.5759210089611684,1.7577580484566877,11.538461538461538
2.0799999237060547,1.2773411273956299,1.5299999713897705,1.2328176498413086,1.8600000143051147,1.3363052606582642,2.380000114440918,1.2496275901794434,2.009999990463257,1.2777535915374756,109,52,342,336,114,60,436,347,-10.600000381469727,-36.399993896484375,122,93,1.0,1.0,10.374963763598085,5,3.3033728841686028,3.454903750414869,4.587155963302752,8,1.5759210089611684,1.8183703949551941,15.384615384615385
2.2200000286102295,1.2706949710845947,1.6299999952316284,1.2376611232757568,1.9800000190734863,1.3253083229064941,2.5399999618530273,1.2384328842163086,2.1500000953674316,1.277652382850647,97,51,346,340,105,55,445,349,-10.600000381469727,-36.20001220703125,122,94,1.0,1.0,24.858304249169944,8,2.939698805177564,3.18214819117159,8.24742268041237,4,1.545614835711915,1.6668395287089282,7.8431372549019605
2.319999933242798,1.261306643486023,1.7230000495910645,1.2404706478118896,2.059999942779541,1.3075644969940186,2.6500000953674316,1.217529058456421,2.23799991607666,1.274774432182312,87,47,342,341,94,55,443,351,-10.600000381469727,-36.0,122,95,1.0,1.0,41.742701756666676,7,2.6366370726850317,2.8487802854298043,8.045977011494253,8,1.4243901427149022,1.6668395287089282,17.02127659574468
1.899999976158142,1.3001434803009033,1.409999966621399,1.2583730220794678,1.7000000476837158,1.3572208881378174,2.1600000858306885,1.2703230381011963,1.840000033378601,1.302617073059082,103,53,356,341,110,58,454,348,-10.399999618530273,-36.20001220703125,123,94,1.0,1.0,11.228861025037478,7,3.1215358446730836,3.3336790574178563,6.796116504854369,5,1.6062271822104215,1.7577580484566877,9.433962264150944
2.2300000190734863,1.271857500076294,1.649999976158142,1.2375823259353638,1.9800000190734863,1.3268492221832275,2.549999952316284,1.23933744430542,2.1500000953674316,1.2799115180969238,94,50,347,341,104,56,434,350,-10.399999618530273,-36.0,123,95,1.0,1.0,30.711737484776148,10,2.8487802854298043,3.1518420179223368,10.638297872340425,6,1.515308662462662,1.6971457019581813,12.0
2.319999933242798,1.2625633478164673,1.7300000190734863,1.2402358055114746,2.065000057220459,1.3125247955322266,2.6500000953674316,1.2194054126739502,2.25,1.2779003381729126,89,47,350,345,97,56,439,349,-10.399999618530273,-35.79998779296875,123,96,1.0,1.0,44.673346170676304,8,2.6972494191835383,2.939698805177564,8.98876404494382,9,1.4243901427149022,1.6971457019581813,19.148936170212767
2.0,1.2927583456039429,1.4700000286102295,1.2506810426712036,1.7799999713897705,1.347686767578125,2.2799999713897705,1.2648499011993408,1.940000057220459,1.295785903930664,108,56,348,346,107,58,445,346,-10.199999809265137,-36.0,124,95,1.0,1.0,14.517470192804105,-1,3.2730667109193496,3.2427605376700965,-0.9259259259259259,2,1.6971457019581813,1.7577580484566877,3.5714285714285716
2.259999990463257,1.270104169845581,1.6699999570846558,1.2373836040496826,2.009999990463257,1.3226854801177979,2.569999933242798,1.2374589443206787,2.180000066757202,1.2798470258712769,97,51,354,347,103,59,447,353,-10.199999809265137,-35.79998779296875,124,96,1.0,1.0,29.53384593734478,6,2.939698805177564,3.1215358446730836,6.185567010309279,8,1.545614835711915,1.788064221705941,15.686274509803921
2.3299999237060547,1.2661571502685547,1.7400000095367432,1.2449744939804077,2.0799999237060547,1.3133313655853271,2.6600000858306885,1.2214677333831787,2.25,1.2793781757354736,89,47,357,348,106,61,451,348,-10.199999809265137,-35.600006103515625,124,97,1.0,1.0,47.80510263410695,17,2.6972494191835383,3.212454364420843,19.10112359550562,14,1.4243901427149022,1.8486765682044475,29.78723404255319
2.009999990463257,1.2845090627670288,1.4900000095367432,1.244586706161499,1.7799999713897705,1.3364596366882324,2.2899999618530273,1.2567436695098877,1.940000057220459,1.2905644178390503,103,55,354,349,108,64,454,350,-10.0,-35.79998779296875,125,96,1.0,1.0,17.537673357162788,5,3.1215358446730836,3.2730667109193496,4.854368932038835,9,1.6668395287089282,1.9395950879522073,16.363636363636363
2.2699999809265137,1.273416519165039,1.6799999475479126,1.242437720298767,2.009999990463257,1.321917176246643,2.5899999141693115,1.238930106163025,2.187999963760376,1.2852752208709717,92,49,353,348,104,59,451,354,-10.0,-35.600006103515625,125,97,1.0,1.0,34.34439083388572,12,2.7881679389312977,3.1518420179223368,13.043478260869565,10,1.4850024892134086,1.788064221705941,20.408163265306122
2.3499999046325684,1.268473744392395,1.75,1.2481602430343628,2.0949997901916504,1.3138110637664795,2.680000066757202,1.22379469871521,2.259999990463257,1.2833406925201416,89,46,349,348,102,57,445,352,-10.0,-35.399993896484375,125,98,1.0,1.0,48.278851783109026,13,2.6972494191835383,3.09122967142383,14.606741573033707,11,1.3940839694656488,1.7274518752074346,23.91304347826087
2.130000114440918,1.3108144998550415,1.5529999732971191,1.267989993095398,1.909999966621399,1.3629356622695923,2.430000066757202,1.2852885723114014,2.049999952316284,1.3146190643310547,107,54,358,348,109,62,428,349,-9.800000190734863,-35.79998779296875,126,96,1.0,1.0,6.23222421085324,2,3.2427605376700965,3.3033728841686028,1.8691588785046729,8,1.6365333554596748,1.8789827414537008,14.814814814814815
2.190000057220459,1.2924648523330688,1.6100000143051147,1.2547670602798462,1.9600000381469727,1.3438700437545776,2.5,1.263857364654541,2.109999895095825,1.3015296459197998,100,51,355,346,112,64,440,354,-9.800000190734863,-35.600006103515625,126,97,1.0,1.0,17.4831414644323,12,3.030617324925324,3.3942914039163625,12.0,13,1.545614835711915,1.9395950879522073,25.49019607843137
2.2799999713897705,1.2782323360443115,1.690000057220459,1.2482694387435913,2.0299999713897705,1.3245856761932373,2.5999999046325684,1.2430684566497803,2.200000047683716,1.289331078529358,90,48,351,346,105,59,443,352,-9.800000190734863,-35.399993896484375,126,98,1.0,1.0,34.81149631410232,15,2.7275555924327914,3.18214819117159,16.666666666666668,11,1.4546963159641555,1.788064221705941,22.916666666666668
1.600000023841858,1.3800907135009766,1.190000057220459,1.334126591682434,1.4199999570846558,1.428919792175293,1.809999942779541,1.3579528331756592,1.5399999618530273,1.3900772333145142,103,51,371,355,108,64,464,362,-9.600000381469727,-35.600006103515625,127,97,1.0,1.0,5.18837222603453,5,3.1215358446730836,3.2730667109193496,4.854368932038835,13,1.545614835711915,1.9395950879522073,25.49019607843137
2.130000114440918,1.3083268404006958,1.5700000524520874,1.2723515033721924,1.8899999856948853,1.3587380647659302,2.430000066757202,1.2780569791793823,2.059999942779541,1.3182960748672485,96,49,352,348,111,61,436,352,-9.600000381469727,-35.399993896484375,127,98,1.0,1.0,20.537819307663643,15,2.909392631928311,3.3639852306671094,15.625,12,1.4850024892134086,1.8486765682044475,24.489795918367346
2.259999990463257,1.2791316509246826,1.690000057220459,1.2501355409622192,2.0,1.3240233659744263,2.569999933242798,1.24192476272583,2.190000057220459,1.2907277345657349,93,48,353,351,108,63,442,351,-9.600000381469727,-35.20001220703125,127,99,1.0,1.0,38.28765608820249,15,2.818474112180551,3.2730667109193496,16.129032258064516,15,1.4546963159641555,1.909288914702954,31.25
1.5199999809265137,1.366278886795044,1.149999976158142,1.328795313835144,1.3300000429153442,1.4161837100982666,1.7400000095367432,1.3434476852416992,1.4800000190734863,1.374294638633728,103,51,362,350,106,63,463,355,-9.399999618530273,-35.399993896484375,128,98,1.0,1.0,8.650946060907206,3,3.1215358446730836,3.212454364420843,2.912621359223301,12,1.545614835711915,1.909288914702954,23.529411764705884
2.1500000953674316,1.309146523475647,1.600000023841858,1.2757415771484375,1.899999976158142,1.3541293144226074,2.450000047683716,1.2779139280319214,2.0879998207092285,1.3202937841415405,101,49,348,350,109,63,444,353,-9.399999618530273,-35.20001220703125,128,99,1.0,1.0,23.14752108976202,8,3.060923498174577,3.3033728841686028,7.920792079207921,14,1.4850024892134086,1.909288914702954,28.571428571428573
2.299999952316284,1.2739979028701782,1.7400000095367432,1.2514771223068237,2.049999952316284,1.3177505731582642,2.609999895095825,1.2361153364181519,2.23799991607666,1.2880308628082275,93,47,358,350,108,62,437,350,-9.399999618530273,-35.0,128,100,1.0,1.0,40.03239550012451,15,2.818474112180551,3.2730667109193496,16.129032258064516,15,1.4243901427149022,1.8789827414537008,31.914893617021278
1.8300000429153442,1.3438079357147217,1.3700000047683716,1.3139779567718506,1.6200000047683716,1.3857742547988892,2.0799999237060547,1.3249313831329346,1.7899999618530273,1.3490495681762695,111,54,365,349,104,59,457,355,-9.199999809265137,-35.20001220703125,129,99,1.0,1.0,10.902403168449016,-7,3.3639852306671094,3.1518420179223368,-6.306306306306307,5,1.6365333554596748,1.788064221705941,9.25925925925926
2.200000047683716,1.2943264245986938,1.6699999570846558,1.2658158540725708,1.9600000381469727,1.3365978002548218,2.509999990463257,1.261701226234436,2.1500000953674316,1.3049945831298828,106,51,366,353,109,62,447,352,-9.199999809265137,-35.0,129,100,1.0,1.0,29.5750167768183,3,3.212454364420843,3.3033728841686028,2.830188679245283,11,1.545614835711915,1.8789827414537008,21.568627450980394
2.3399999141693115,1.2723110914230347,1.7999999523162842,1.2559391260147095,2.0799999237060547,1.3138957023620605,2.6500000953674316,1.2306864261627197,2.2799999713897705,1.2878506183624268,98,49,357,347,113,65,448,354,-9.199999809265137,-34.79998779296875,129,101,1.0,1.0,47.817212451597186,15,2.970004978426817,3.4245975771656156,15.306122448979592,16,1.4850024892134086,1.9699012612014604,32.6530612244898
2.109999895095825,1.307187795639038,1.590000033378601,1.2786242961883545,1.8600000143051147,1.3506133556365967,2.390000104904175,1.2785921096801758,2.059999942779541,1.317272663116455,106,53,347,352,112,65,441,350,-9.0,-35.0,130,100,1.0,1.0,18.621518241802566,6,3.212454364420843,3.3942914039163625,5.660377358490566,12,1.6062271822104215,1.9699012612014604,22.641509433962263
2.299999952316284,1.2816613912582397,1.7599999904632568,1.260512351989746,2.0399999618530273,1.3205711841583252,2.5999999046325684,1.244365930557251,2.240000009536743,1.2928900718688965,104,53,358,349,115,66,452,353,-9.0,-34.79998779296875,130,101,1.0,1.0,38.59980213056675,11,3.1518420179223368,3.4852099236641223,10.576923076923077,13,1.6062271822104215,2.0002074344507137,24.528301886792452
1.9600000381469727,1.3264025449752808,1.4900000095367432,1.2964683771133423,1.7000000476837158,1.3714829683303833,2.2100000381469727,1.301325798034668,1.9199999570846558,1.3331815004348755,110,55,355,348,123,67,467,348,-8.800000190734863,-35.0,131,100,1.0,1.0,11.217467106074636,13,3.3336790574178563,3.727659309658148,11.818181818181818,12,1.6668395287089282,2.030513607699967,21.818181818181817
2.25,1.288327932357788,1.7300000190734863,1.2653992176055908,1.9900000095367432,1.3280564546585083,2.549999952316284,1.2539653778076172,2.200000047683716,1.2979960441589355,110,54,352,345,111,62,447,352,-8.800000190734863,-34.79998779296875,131,101,1.0,1.0,31.435020831906158,1,3.3336790574178563,3.3639852306671094,0.9090909090909091,8,1.6365333554596748,1.8789827414537008,14.814814814814815
2.190000057220459,1.3035823106765747,1.6799999475479126,1.2789900302886963,1.934999942779541,1.3434910774230957,2.4800000190734863,1.274240255355835,2.1579999923706055,1.311502456665039,115,55,358,343,111,61,437,349,-8.600000381469727,-34.79998779296875,132,101,1.0,1.0,24.460731476446494,-4,3.4852099236641223,3.3639852306671094,-3.4782608695652173,6,1.6668395287089282,1.8486765682044475,10.909090909090908
2.3399999141693115,1.2814770936965942,1.840000033378601,1.2678542137145996,2.0999999046325684,1.3217389583587646,2.6600000858306885,1.245105504989624,2.309999942779541,1.2942339181900024,111,52,353,343,116,65,446,349,-8.600000381469727,-34.600006103515625,132,102,1.0,1.0,45.359962283368915,5,3.3639852306671094,3.5155160969133754,4.504504504504505,13,1.5759210089611684,1.9699012612014604,25.0
1.9700000286102295,1.3168631792068481,1.5199999809265137,1.2921284437179565,1.715000033378601,1.3568823337554932,2.2300000190734863,1.2883309125900269,1.9500000476837158,1.3254808187484741,124,61,354,341,123,67,451,347,-8.399999618530273,-34.79998779296875,133,101,1.0,1.0,16.001237054549932,-1,3.7579654829074016,3.727659309658148,-0.8064516129032258,6,1.8486765682044475,2.030513607699967,9.836065573770492
2.2899999618530273,1.2894045114517212,1.7999999523162842,1.273327350616455,2.0399999618530273,1.3299717903137207,2.5999999046325684,1.2557964324951172,2.259999990463257,1.3013337850570679,110,54,351,342,116,63,447,348,-8.399999618530273,-34.600006103515625,133,102,1.0,1.0,36.85632987877611,6,3.3336790574178563,3.5155160969133754,5.454545454545454,9,1.6365333554596748,1.909288914702954,16.666666666666668
2.0799999237060547,1.3353689908981323,1.6100000143051147,1.308471918106079,1.8200000524520874,1.3746376037597656,2.3499999046325684,1.3078590631484985,2.049999952316284,1.3421846628189087,125,62,354,340,125,65,456,349,-8.199999809265137,-34.79998779296875,134,101,1.0,1.0,11.023253908041973,0,3.7882716561566547,3.7882716561566547,0.0,3,1.8789827414537008,1.9699012612014604,4.838709677419355
2.240000009536743,1.299459457397461,1.7699999809265137,1.281469464302063,1.9800000190734863,1.339704990386963,2.5299999713897705,1.2686104774475098,2.2100000381469727,1.3096619844436646,117,61,353,343,124,66,447,349,-8.199999809265137,-34.600006103515625,134,102,1.0,1.0,30.680534683010645,7,3.545822270162629,3.7579654829074016,5.982905982905983,5,1.8486765682044475,2.0002074344507137,8.19672131147541
1.9299999475479126,1.354498267173767,1.5,1.326143741607666,1.6799999475479126,1.3946895599365234,2.180000066757202,1.3283307552337646,1.909999966621399,1.3590527772903442,130,65,363,343,130,68,455,351,-8.0,-34.79998779296875,135,101,1.0,1.0,5.780615002784898,0,3.9398025224029207,3.9398025224029207,0.0,3,1.9699012612014604,2.0608197809492204,4.615384615384615
2.1700000762939453,1.3249084949493408,1.7300000190734863,1.3038557767868042,1.9199999570846558,1.3629904985427856,2.4600000381469727,1.295142412185669,2.1500000953674316,1.3321436643600464,119,64,350,342,122,66,440,348,-8.0,-34.600006103515625,135,102,1.0,1.0,23.94332596095936,3,3.606434616661135,3.697353136408895,2.5210084033613445,2,1.9395950879522073,2.0002074344507137,3.125
2.3499999046325684,1.29728102684021,1.909999966621399,1.283402919769287,2.109999895095825,1.3353161811828613,2.6600000858306885,1.265707015991211,2.319999933242798,1.3097443580627441,115,61,360,343,122,66,451,344,-8.0,-34.399993896484375,135,103,1.0,1.0,44.86576521950517,7,3.4852099236641223,3.697353136408895,6.086956521739131,5,1.8486765682044475,2.0002074344507137,8.19672131147541
1.75,1.3780440092086792,1.3899999856948853,1.3520760536193848,1.5199999809265137,1.4172451496124268,1.9700000286102295,1.3531386852264404,1.7400000095367432,1.3831332921981812,137,69,369,342,130,72,480,349,-7.800000190734863,-34.79998779296875,136,101,1.0,1.0,3.992170874563843,-7,4.151945735147693,3.9398025224029207,-5.109489051094891,3,2.0911259541984735,2.1820444739462332,4.3478260869565215
2.0299999713897705,1.3429635763168335,1.6299999952316284,1.3215683698654175,1.7799999713897705,1.3816817998886108,2.2899999618530273,1.3147938251495361,2.009999990463257,1.35109281539917,124,66,366,344,123,67,460,350,-7.800000190734863,-34.600006103515625,136,102,1.0,1.0,24.545417018787592,-1,3.7579654829074016,3.727659309658148,-0.8064516129032258,1,2.0002074344507137,2.030513607699967,1.5151515151515151
2.3299999237060547,1.3078707456588745,1.909999966621399,1.2937426567077637,2.0899999141693115,1.3439480066299438,2.640000104904175,1.276733636856079,2.309999942779541,1.3194962739944458,118,63,368,341,124,68,444,345,-7.800000190734863,-34.399993896484375,136,103,1.0,1.0,45.73168105830112,6,3.576128443411882,3.7579654829074016,5.084745762711864,5,1.909288914702954,2.0608197809492204,7.936507936507937
1.399999976158142,1.4305496215820312,1.159999966621399,1.4226876497268677,1.2200000286102295,1.4545726776123047,1.5700000524520874,1.4205524921417236,1.399999976158142,1.4227415323257446,112,63,391,357,124,72,517,365,-7.599999904632568,-34.79998779296875,137,101,1.0,1.0,1.8002446129114356,12,3.3942914039163625,3.7579654829074016,10.714285714285714,9,1.909288914702954,2.1820444739462332,14.285714285714286
1.850000023841858,1.3593119382858276,1.5099999904632568,1.3384116888046265,1.6299999952316284,1.3974263668060303,2.0899999141693115,1.3320388793945312,1.850000023841858,1.3666073083877563,123,66,368,342,127,71,481,348,-7.599999904632568,-34.600006103515625,137,102,1.0,1.0,22.20591112133509,4,3.727659309658148,3.848884002655161,3.252032520325203,5,2.0002074344507137,2.1517383006969797,7.575757575757576
2.309999942779541,1.3150218725204468,1.899999976158142,1.2983900308609009,2.059999942779541,1.349855661392212,2.609999895095825,1.2855671644210815,2.2899999618530273,1.325087547302246,117,64,375,339,119,66,455,344,-7.599999904632568,-34.399993896484375,137,103,1.0,1.0,43.629224084865434,2,3.545822270162629,3.606434616661135,1.7094017094017093,2,1.9395950879522073,2.0002074344507137,3.125
1.909999966621399,1.364900827407837,1.6100000143051147,1.3437888622283936,1.6799999475479126,1.4014145135879517,2.1500000953674316,1.3370041847229004,1.909999966621399,1.3702245950698853,122,64,370,339,126,70,485,346,-7.400000095367432,-34.600006103515625,138,102,1.0,1.0,22.245710679993095,4,3.697353136408895,3.818577829405908,3.278688524590164,6,1.9395950879522073,2.1214321274477266,9.375
2.299999952316284,1.3169995546340942,1.9299999475479126,1.3036853075027466,2.059999942779541,1.3504316806793213,2.5999999046325684,1.2892522811889648,2.2899999618530273,1.3266651630401611,123,67,375,340,109,63,451,345,-7.400000095367432,-34.399993896484375,138,103,1.0,1.0,43.622767179941704,-14,3.727659309658148,3.3033728841686028,-11.382113821138212,-4,2.030513607699967,1.909288914702954,-5.970149253731344
2.009999990463257,1.3646152019500732,1.7300000190734863,1.345548391342163,1.7799999713897705,1.4009780883789062,2.25,1.3363287448883057,2.0199999809265137,1.3711450099945068,115,63,383,340,116,65,472,347,-7.199999809265137,-34.600006103515625,139,102,1.0,1.0,20.972541234617978,1,3.4852099236641223,3.5155160969133754,0.8695652173913043,2,1.909288914702954,1.9699012612014604,3.1746031746031744
2.299999952316284,1.3183612823486328,1.9600000381469727,1.3079423904418945,2.065000057220459,1.3470457792282104,2.5799999237060547,1.288440227508545,2.2899999618530273,1.3293766975402832,115,62,375,337,105,60,458,339,-7.199999809265137,-34.399993896484375,139,103,1.0,1.0,42.38193536912934,-10,3.4852099236641223,3.18214819117159,-8.695652173913043,-2,1.8789827414537008,1.8183703949551941,-3.225806451612903
1.3799999952316284,1.4066120386123657,1.2100000381469727,1.3888789415359497,1.2050000429153442,1.4409432411193848,1.5,1.3791414499282837,1.399999976158142,1.4167536497116089,118,67,434,346,128,74,535,347,-7.0,-34.79998779296875,140,101,1.0,1.0,2.6293189232510774,10,3.576128443411882,3.8791901759044145,8.474576271186441,7,2.030513607699967,2.2426568204447395,10.447761194029852
2.109999895095825,1.3517897129058838,1.850000023841858,1.3344095945358276,1.8700000047683716,1.3880243301391602,2.3449997901916504,1.3249824047088623,2.119999885559082,1.357713222503662,113,60,377,342,120,67,470,347,-7.0,-34.600006103515625,140,102,1.0,1.0,24.09669314782799,7,3.4245975771656156,3.6367407899103883,6.1946902654867255,7,1.8183703949551941,2.030513607699967,11.666666666666666
2.2799999713897705,1.3262585401535034,1.9800000190734863,1.3121225833892822,2.059999942779541,1.3594303131103516,2.5450000762939453,1.3003838062286377,2.2799999713897705,1.332533359527588,124,63,395,340,115,67,471,344,-7.0,-34.399993896484375,140,103,1.0,1.0,45.5893521303555,-9,3.7579654829074016,3.4852099236641223,-7.258064516129032,4,1.909288914702954,2.030513607699967,6.349206349206349
1.4299999475479126,1.391897201538086,1.2699999809265137,1.3719332218170166,1.2599999904632568,1.4294270277023315,1.5800000429153442,1.365349292755127,1.4500000476837158,1.3954659700393677,118,61,417,341,120,67,511,346,-6.800000190734863,-34.79998779296875,141,101,1.0,1.0,13.83361289693059,2,3.576128443411882,3.6367407899103883,1.694915254237288,6,1.8486765682044475,2.030513607699967,9.836065573770492
2.190000057220459,1.3426560163497925,1.9199999570846558,1.3274198770523071,1.9500000476837158,1.3755245208740234,2.450000047683716,1.3170514106750488,2.2100000381469727,1.3471211194992065,113,61,367,343,112,65,459,349,-6.800000190734863,-34.600006103515625,141,102,1.0,1.0,30.711192963294263,-1,3.4245975771656156,3.3942914039163625,-0.8849557522123894,4,1.8486765682044475,1.9699012612014604,6.557377049180328
1.8600000143051147,1.373365044593811,1.659999966621399,1.354468584060669,1.6399999856948853,1.410203218460083,2.0399999618530273,1.3476109504699707,1.8899999856948853,1.37644362449646,117,60,392,342,119,63,488,347,-6.599999904632568,-34.79998779296875,142,101,1.0,1.0,17.141880968188172,2,3.545822270162629,3.606434616661135,1.7094017094017093,3,1.8183703949551941,1.909288914702954,5.0
2.2100000381469727,1.3416004180908203,1.9500000476837158,1.3294289112091064,1.9700000286102295,1.3737881183624268,2.450000047683716,1.3176647424697876,2.2300000190734863,1.34515380859375,112,59,372,341,118,67,469,345,-6.599999904632568,-34.600006103515625,142,102,1.0,1.0,37.890926183243636,6,3.3942914039163625,3.576128443411882,5.357142857142857,8,1.788064221705941,2.030513607699967,13.559322033898304
2.0379998683929443,1.3653401136398315,1.840000033378601,1.3467912673950195,1.8049999475479126,1.3998360633850098,2.240000009536743,1.3436806201934814,2.067999839782715,1.3671245574951172,116,57,379,341,115,63,467,346,-6.400000095367432,-34.79998779296875,143,101,1.0,1.0,18.88200237534197,-1,3.5155160969133754,3.4852099236641223,-0.8620689655172413,6,1.7274518752074346,1.909288914702954,10.526315789473685
2.2699999809265137,1.3459354639053345,2.0199999809265137,1.3319216966629028,2.0299999713897705,1.3789247274398804,2.509999990463257,1.3212487697601318,2.2899999618530273,1.3478118181228638,114,58,382,341,121,65,467,344,-6.400000095367432,-34.600006103515625,143,102,1.0,1.0,40.17725420812614,7,3.454903750414869,3.667046963159642,6.140350877192983,7,1.7577580484566877,1.9699012612014604,12.068965517241379
1.4700000286102295,1.3945258855819702,1.3300000429153442,1.3766844272613525,1.2899999618530273,1.4306330680847168,1.590000033378601,1.3721113204956055,1.5099999904632568,1.3935139179229736,119,66,430,343,121,71,530,345,-6.199999809265137,-35.0,144,100,1.0,1.0,5.560226672134895,2,3.606434616661135,3.667046963159642,1.680672268907563,5,2.0002074344507137,2.1517383006969797,7.575757575757576
2.119999885559082,1.3618242740631104,1.9199999570846558,1.3459306955337524,1.8799999952316284,1.3973426818847656,2.3399999141693115,1.3403971195220947,2.1500000953674316,1.3637436628341675,116,59,390,344,115,64,465,343,-6.199999809265137,-34.79998779296875,144,101,1.0,1.0,25.917826316807275,-1,3.5155160969133754,3.4852099236641223,-0.8620689655172413,5,1.788064221705941,1.9395950879522073,8.474576271186441
2.299999952316284,1.3464546203613281,2.069999933242798,1.3329384326934814,2.059999942779541,1.3796074390411377,2.554999828338623,1.3246676921844482,2.319999933242798,1.3478740453720093,120,65,388,342,119,67,456,342,-6.199999809265137,-34.600006103515625,144,102,1.0,1.0,46.235211418862576,-1,3.6367407899103883,3.606434616661135,-0.8333333333333334,2,1.9699012612014604,2.030513607699967,3.076923076923077
1.8700000047683716,1.3909549713134766,1.7599999904632568,1.3746846914291382,1.6799999475479126,1.4280030727386475,2.009999990463257,1.3705487251281738,1.909999966621399,1.3904515504837036,116,66,432,341,116,69,506,345,-6.0,-35.0,145,100,1.0,1.0,11.300125969046212,0,3.5155160969133754,3.5155160969133754,0.0,3,2.0002074344507137,2.0911259541984735,4.545454545454546
2.180000066757202,1.3658584356307983,1.9900000095367432,1.3497109413146973,1.9500000476837158,1.39912748336792,2.390000104904175,1.3469672203063965,2.2200000286102295,1.366855263710022,124,67,393,344,117,63,469,341,-6.0,-34.79998779296875,145,101,1.0,1.0,32.78725635175345,-7,3.7579654829074016,3.545822270162629,-5.645161290322581,-4,2.030513607699967,1.909288914702954,-5.970149253731344
1.899999976158142,1.3817647695541382,1.7599999904632568,1.367823839187622,1.6950000524520874,1.4192445278167725,2.059999942779541,1.3647223711013794,1.9500000476837158,1.3811922073364258,126,72,408,344,119,66,482,344,-5.800000190734863,-35.0,146,100,1.0,1.0,17.989176754696672,-7,3.818577829405908,3.606434616661135,-5.555555555555555,-6,2.1820444739462332,2.0002074344507137,-8.333333333333334
2.240000009536743,1.3633579015731812,2.059999942779541,1.3499253988265991,2.009999990463257,1.39974045753479,2.440000057220459,1.3439050912857056,2.2699999809265137,1.3638019561767578,118,64,394,344,115,67,465,340,-5.800000190734863,-34.79998779296875,146,101,1.0,1.0,38.2987501519415,-3,3.576128443411882,3.4852099236641223,-2.542372881355932,3,1.9395950879522073,2.030513607699967,4.6875
2.0299999713897705,1.383636713027954,1.8799999952316284,1.3702802658081055,1.809999942779541,1.420668125152588,2.190000057220459,1.363926887512207,2.0799999237060547,1.3835748434066772,116,69,404,343,116,67,481,342,-5.599999904632568,-35.0,147,100,1.0,1.0,23.25835711413061,0,3.5155160969133754,3.5155160969133754,0.0,-2,2.0911259541984735,2.030513607699967,-2.898550724637681
2.299999952316284,1.365896224975586,2.109999895095825,1.35353422164917,2.059999942779541,1.4007136821746826,2.5,1.3447954654693604,2.3299999237060547,1.3664263486862183,118,61,395,343,117,70,467,338,-5.599999904632568,-34.79998779296875,147,101,1.0,1.0,43.667930716134116,-1,3.576128443411882,3.545822270162629,-0.847457627118644,9,1.8486765682044475,2.1214321274477266,14.754098360655737
2.009999990463257,1.466033697128296,1.899999976158142,1.4598959684371948,1.7999999523162842,1.4971102476119995,2.140000104904175,1.441791296005249,2.069999933242798,1.4666874408721924,122,71,431,348,124,70,494,344,-5.400000095367432,-35.20001220703125,148,99,1.0,1.0,11.41623356013512,2,3.697353136408895,3.7579654829074016,1.639344262295082,-1,2.1517383006969797,2.1214321274477266,-1.408450704225352
2.2100000381469727,1.3849893808364868,2.059999942779541,1.3759618997573853,1.9800000190734863,1.4187203645706177,2.369999885559082,1.363039255142212,2.259999990463257,1.3857872486114502,121,69,401,342,117,70,483,340,-5.400000095367432,-35.0,148,100,1.0,1.0,29.664472842793177,-4,3.667046963159642,3.545822270162629,-3.3057851239669422,1,2.0911259541984735,2.1214321274477266,1.4492753623188406
2.3399999141693115,1.3667384386062622,2.1600000858306885,1.3580574989318848,2.0999999046325684,1.40154230594635,2.5399999618530273,1.3451330661773682,2.380000114440918,1.3649041652679443,114,60,400,345,124,74,471,339,-5.400000095367432,-34.79998779296875,148,101,1.0,1.0,49.78648132807115,10,3.454903750414869,3.7579654829074016,8.771929824561404,14,1.8183703949551941,2.2426568204447395,23.333333333333332
1.8700000047683716,1.5674694776535034,1.7400000095367432,1.575119137763977,1.6699999570846558,1.5826570987701416,1.9800000190734863,1.537110686302185,1.9299999475479126,1.574262261390686,113,69,422,366,123,71,470,369,-5.199999809265137,-35.399993896484375,149,98,1.0,1.0,2.549823230784918,10,3.4245975771656156,3.727659309658148,8.849557522123893,2,2.0911259541984735,2.1517383006969797,2.898550724637681
2.059999942779541,1.4429341554641724,1.9299999475479126,1.4398983716964722,1.840000033378601,1.47480309009552,2.200000047683716,1.4153337478637695,2.119999885559082,1.4415504932403564,121,70,421,344,130,77,491,346,-5.199999809265137,-35.20001220703125,149,99,1.0,1.0,20.383302994372187,9,3.667046963159642,3.9398025224029207,7.43801652892562,7,2.1214321274477266,2.3335753401924992,10.0
2.2699999809265137,1.3861247301101685,2.130000114440918,1.3799630403518677,2.049999952316284,1.4166462421417236,2.430000066757202,1.3651689291000366,2.319999933242798,1.3854405879974365,126,73,416,340,126,76,479,341,-5.199999809265137,-35.0,149,100,1.0,1.0,39.83804448466747,0,3.818577829405908,3.818577829405908,0.0,3,2.2123506471954864,2.303269166943246,4.109589041095891
1.4199999570846558,1.644252896308899,1.5299999713897705,1.6606630086898804,1.340000033378601,1.6737446784973145,1.149999976158142,1.5931419134140015,1.4199999570846558,1.6553188562393188,128,66,415,349,117,74,500,355,-5.0,-36.600006103515625,150,92,1.0,1.0,9.24342451971599,-11,3.8791901759044145,3.545822270162629,-8.59375,8,2.0002074344507137,2.2426568204447395,12.121212121212121
1.3600000143051147,1.729575514793396,1.4900000095367432,1.7673386335372925,1.3200000524520874,1.7248988151550293,1.1200000047683716,1.7022188901901245,1.340000033378601,1.7200638055801392,140,74,410,386,123,77,501,381,-5.0,-36.20001220703125,150,94,1.0,1.0,12.29134179472063,-17,4.242864254895453,3.727659309658148,-12.142857142857142,3,2.2426568204447395,2.3335753401924992,4.054054054054054
1.7200000286102295,1.5154321193695068,1.7300000190734863,1.5198957920074463,1.6100000143051147,1.5446165800094604,1.7200000286102295,1.478603720664978,1.7699999809265137,1.5200092792510986,118,76,526,346,144,91,537,353,-5.0,-35.600006103515625,150,97,1.0,1.0,13.341076587739355,26,3.576128443411882,4.3640889478924665,22.033898305084747,15,2.303269166943246,2.7578617656820446,19.736842105263158
1.9299999475479126,1.4766230583190918,1.8799999952316284,1.4802662134170532,1.7599999904632568,1.5037126541137695,2.0,1.4418740272521973,1.9900000095367432,1.483984351158142,114,71,493,349,130,81,502,354,-5.0,-35.399993896484375,150,98,1.0,1.0,19.893123136258076,16,3.454903750414869,3.9398025224029207,14.035087719298245,10,2.1517383006969797,2.454800033189512,14.084507042253522
2.140000104904175,1.4216468334197998,2.049999952316284,1.423937201499939,1.9299999475479126,1.4467469453811646,2.259999990463257,1.3875622749328613,2.200000047683716,1.4264143705368042,113,66,443,348,121,76,490,345,-5.0,-35.20001220703125,150,99,1.0,1.0,33.34159950813056,8,3.4245975771656156,3.667046963159642,7.079646017699115,10,2.0002074344507137,2.303269166943246,15.151515151515152
2.2899999618530273,1.370841383934021,2.1700000762939453,1.3818978071212769,2.069999933242798,1.3951054811477661,2.440000057220459,1.3362009525299072,2.3399999141693115,1.3733127117156982,108,65,420,346,129,81,491,347,-5.0,-35.0,150,100,1.0,1.0,49.93863176585644,21,3.2730667109193496,3.9094963491536676,19.444444444444443,16,1.9699012612014604,2.454800033189512,24.615384615384617
1.7599999904632568,2.2768726348876953,1.7699999809265137,2.3053946495056152,1.5299999713897705,2.2849905490875244,1.6100000143051147,2.247668504714966,1.8600000143051147,2.2828710079193115,142,88,524,367,145,88,604,373,-4.800000190734863,-37.20001220703125,151,89,1.0,1.0,5.741046821898071,3,4.303476601393959,4.394395121141719,2.112676056338028,0,2.666943245934285,2.666943245934285,0.0
1.7899999618530273,1.6326786279678345,1.809999942779541,1.6411242485046387,1.559999942779541,1.6578761339187622,1.6399999856948853,1.5903035402297974,1.8899999856948853,1.6396297216415405,127,82,526,356,130,82,607,353,-4.800000190734863,-37.0,151,90,1.0,1.0,14.521479029549957,3,3.848884002655161,3.9398025224029207,2.3622047244094486,0,2.4851062064387657,2.4851062064387657,0.0
1.8600000143051147,1.5711852312088013,1.8899999856948853,1.577957272529602,1.649999976158142,1.5951588153839111,1.7200000286102295,1.5328335762023926,1.9600000381469727,1.579342246055603,129,81,523,352,110,76,588,355,-4.800000190734863,-36.79998779296875,151,91,1.0,1.0,18.64191159467969,-19,3.9094963491536676,3.3336790574178563,-14.728682170542635,-5,2.454800033189512,2.303269166943246,-6.172839506172839
1.899999976158142,1.5222513675689697,1.940000057220459,1.5275979042053223,1.7200000286102295,1.5469416379928589,1.7599999904632568,1.4881391525268555,1.9900000095367432,1.5288006067276,129,79,491,350,118,82,561,354,-4.800000190734863,-36.600006103515625,151,92,1.0,1.0,31.263642698110594,-11,3.9094963491536676,3.576128443411882,-8.527131782945736,3,2.394187686691006,2.4851062064387657,3.7974683544303796
1.909999966621399,1.4760109186172485,1.9600000381469727,1.4782686233520508,1.75,1.50099778175354,1.7799999713897705,1.443842887878418,1.9900000095367432,1.479584813117981,119,72,485,350,119,74,539,353,-4.800000190734863,-36.399993896484375,151,93,1.0,1.0,31.2819429356914,0,3.606434616661135,3.606434616661135,0.0,2,2.1820444739462332,2.2426568204447395,2.7777777777777777
1.909999966621399,1.4610798358917236,1.9600000381469727,1.464052677154541,1.7599999904632568,1.4876748323440552,1.8200000524520874,1.4312717914581299,1.9800000190734863,1.4663939476013184,115,74,499,351,125,75,520,354,-4.800000190734863,-36.20001220703125,151,94,1.0,1.0,32.90652280478702,10,3.4852099236641223,3.7882716561566547,8.695652173913043,1,2.2426568204447395,2.272962993693993,1.3513513513513513
1.9299999475479126,1.4543712139129639,1.9800000190734863,1.4569036960601807,1.7899999618530273,1.4819164276123047,1.8700000047683716,1.4228136539459229,2.0,1.458560824394226,114,72,506,349,128,78,520,356,-4.800000190734863,-36.0,151,95,1.0,1.0,27.47855712128407,14,3.454903750414869,3.8791901759044145,12.280701754385966,6,2.1820444739462332,2.3638815134417523,8.333333333333334
1.9800000190734863,1.4496638774871826,1.9800000190734863,1.4525668621063232,1.809999942779541,1.4770792722702026,1.9900000095367432,1.4189764261245728,2.059999942779541,1.4567573070526123,112,74,506,349,129,81,509,354,-4.800000190734863,-35.79998779296875,151,96,1.0,1.0,31.33135973105114,17,3.3942914039163625,3.9094963491536676,15.178571428571429,7,2.2426568204447395,2.454800033189512,9.45945945945946
2.069999933242798,1.449795126914978,2.009999990463257,1.4529459476470947,1.8600000143051147,1.4761298894882202,2.140000104904175,1.4179067611694336,2.140000104904175,1.4546960592269897,104,65,474,348,131,81,485,353,-4.800000190734863,-35.600006103515625,151,97,1.0,1.0,35.13478501453338,27,3.1518420179223368,3.9701086956521743,25.96153846153846,16,1.9699012612014604,2.454800033189512,24.615384615384617
2.1700000762939453,1.433593511581421,2.0899999141693115,1.437928557395935,1.940000057220459,1.4591214656829834,2.259999990463257,1.4026254415512085,2.240000009536743,1.4366576671600342,106,62,449,344,126,78,494,352,-4.800000190734863,-35.399993896484375,151,98,1.0,1.0,39.80143673657739,20,3.212454364420843,3.818577829405908,18.867924528301888,16,1.8789827414537008,2.3638815134417523,25.806451612903224
1.5199999809265137,1.6884422302246094,1.5199999809265137,1.6937202215194702,1.309999942779541,1.7117011547088623,1.440000057220459,1.6429436206817627,1.6299999952316284,1.7001196146011353,143,89,553,347,141,91,635,350,-4.599999904632568,-37.399993896484375,152,88,1.0,1.0,7.3782234843233425,-2,4.333782774643213,4.273170428144707,-1.3986013986013985,2,2.6972494191835383,2.7578617656820446,2.247191011235955
1.9299999475479126,1.6190922260284424,1.9129999876022339,1.6227831840515137,1.649999976158142,1.639192819595337,1.8300000429153442,1.5807485580444336,2.059999942779541,1.628343105316162,126,83,529,354,125,82,623,355,-4.599999904632568,-37.20001220703125,152,89,1.0,1.0,16.44119369857149,-1,3.818577829405908,3.7882716561566547,-0.7936507936507936,-1,2.515412379688019,2.4851062064387657,-1.2048192771084338
2.059999942779541,1.5279053449630737,2.0399999618530273,1.5291134119033813,1.7799999713897705,1.5538370609283447,1.9600000381469727,1.5005249977111816,2.190000057220459,1.533231496810913,120,80,525,350,123,85,592,353,-4.599999904632568,-37.0,152,90,1.0,1.0,33.45586459038508,3,3.6367407899103883,3.727659309658148,2.5,5,2.424493859940259,2.576024726186525,6.25
2.0899999141693115,1.4870539903640747,2.0799999237060547,1.4879692792892456,1.8300000429153442,1.51243257522583,2.009999990463257,1.4596683979034424,2.2200000286102295,1.4896938800811768,121,75,514,350,122,82,571,351,-4.599999904632568,-36.79998779296875,152,91,1.0,1.0,39.01674261620209,1,3.667046963159642,3.697353136408895,0.8264462809917356,7,2.272962993693993,2.4851062064387657,9.333333333333334
2.0899999141693115,1.47916579246521,2.0999999046325684,1.4795094728469849,1.8600000143051147,1.5032919645309448,2.0299999713897705,1.4518224000930786,2.2100000381469727,1.483381748199463,120,75,517,350,120,82,560,353,-4.599999904632568,-36.600006103515625,152,92,1.0,1.0,49.07490592030587,0,3.6367407899103883,3.6367407899103883,0.0,7,2.272962993693993,2.4851062064387657,9.333333333333334
2.119999885559082,1.4509929418563843,2.119999885559082,1.4529571533203125,1.9199999570846558,1.4749553203582764,2.109999895095825,1.4226453304290771,2.2100000381469727,1.4580415487289429,109,72,477,349,121,75,508,356,-4.599999904632568,-36.0,152,95,1.0,1.0,49.677884500012844,12,3.3033728841686028,3.667046963159642,11.009174311926605,3,2.1820444739462332,2.272962993693993,4.166666666666667
1.75,1.7018024921417236,1.7100000381469727,1.700962781906128,1.4800000190734863,1.7225205898284912,1.690000057220459,1.6645305156707764,1.8899999856948853,1.7130290269851685,132,83,525,348,139,89,649,352,-4.400000095367432,-37.600006103515625,153,87,1.0,1.0,17.488340280255752,7,4.000414868901427,4.2125580816462,5.303030303030303,6,2.515412379688019,2.6972494191835383,7.228915662650603
2.0,1.6245441436767578,1.9700000286102295,1.6253716945648193,1.7100000381469727,1.644187092781067,1.9299999475479126,1.5925663709640503,2.1500000953674316,1.63384211063385,132,86,537,351,131,87,642,353,-4.400000095367432,-37.399993896484375,153,88,1.0,1.0,27.224117632748396,-1,4.000414868901427,3.9701086956521743,-0.7575757575757576,1,2.6063308994357786,2.6366370726850317,1.1627906976744187
2.0999999046325684,1.5243335962295532,2.069999933242798,1.5227630138397217,1.809999942779541,1.5476174354553223,2.049999952316284,1.4992140531539917,2.25,1.5302757024765015,126,83,548,352,126,88,613,356,-4.400000095367432,-37.20001220703125,153,89,1.0,1.0,35.53600578845778,0,3.818577829405908,3.818577829405908,0.0,5,2.515412379688019,2.666943245934285,6.024096385542169
2.1500000953674316,1.495144009590149,2.130000114440918,1.493764877319336,1.875,1.5186882019042969,2.0999999046325684,1.4710538387298584,2.299999952316284,1.5000221729278564,125,78,535,350,116,81,587,354,-4.400000095367432,-37.0,153,90,1.0,1.0,47.26475366959218,-9,3.7882716561566547,3.5155160969133754,-7.2,3,2.3638815134417523,2.454800033189512,3.8461538461538463
1.6299999952316284,1.7003986835479736,1.5800000429153442,1.6967432498931885,1.3899999856948853,1.7193318605422974,1.600000023841858,1.6683344841003418,1.75,1.712311863899231,137,85,539,349,144,95,674,353,-4.199999809265137,-37.79998779296875,154,86,1.0,1.0,18.066598285873695,7,4.151945735147693,4.3640889478924665,5.109489051094891,10,2.576024726186525,2.8790864586790574,11.764705882352942
1.909999966621399,1.6331427097320557,1.8600000143051147,1.6297763586044312,1.6399999856948853,1.6495375633239746,1.8700000047683716,1.606126308441162,2.049999952316284,1.641984462738037,127,83,559,349,137,89,651,352,-4.199999809265137,-37.600006103515625,154,87,1.0,1.0,28.3495788313586,10,3.848884002655161,4.151945735147693,7.874015748031496,6,2.515412379688019,2.6972494191835383,7.228915662650603
2.140000104904175,1.5485916137695312,2.0899999141693115,1.5458014011383057,1.8300000429153442,1.5691503286361694,2.0999999046325684,1.5260162353515625,2.299999952316284,1.5557551383972168,123,82,538,350,127,86,614,354,-4.199999809265137,-37.399993896484375,154,88,1.0,1.0,45.217946950484794,4,3.727659309658148,3.848884002655161,3.252032520325203,4,2.4851062064387657,2.6063308994357786,4.878048780487805
2.430000066757202,1.2842317819595337,2.180000066757202,1.2906783819198608,2.2300000190734863,1.29909086227417,2.630000114440918,1.255947470664978,2.4800000190734863,1.2957671880722046,105,61,421,344,117,67,480,339,-4.199999809265137,-32.600006103515625,154,112,1.0,1.0,38.508509135138524,12,3.18214819117159,3.545822270162629,11.428571428571429,6,1.8486765682044475,2.030513607699967,9.836065573770492
2.4100000858306885,1.2779390811920166,2.119999885559082,1.2836891412734985,2.200000047683716,1.2925171852111816,2.619999885559082,1.2488445043563843,2.4600000381469727,1.2898399829864502,109,59,410,343,119,68,479,340,-4.199999809265137,-32.399993896484375,154,113,1.0,1.0,35.659107892826164,10,3.3033728841686028,3.606434616661135,9.174311926605505,9,1.788064221705941,2.0608197809492204,15.254237288135593
2.430000066757202,1.271915078163147,2.180000066757202,1.278506875038147,2.2350001335144043,1.2879314422607422,2.619999885559082,1.2423218488693237,2.4800000190734863,1.2831686735153198,108,62,414,343,119,68,481,340,-4.199999809265137,-32.20001220703125,154,114,1.0,1.0,43.223722977358975,11,3.2730667109193496,3.606434616661135,10.185185185185185,6,1.8789827414537008,2.0608197809492204,9.67741935483871
1.7100000381469727,1.6858460903167725,1.6699999570846558,1.679591417312622,1.4800000190734863,1.7034599781036377,1.6799999475479126,1.6561858654022217,1.8300000429153442,1.6988310813903809,132,83,546,348,153,99,641,351,-4.0,-38.0,155,85,1.0,1.0,20.942459762146317,21,4.000414868901427,4.636844507135745,15.909090909090908,16,2.515412379688019,3.0003111516760703,19.27710843373494
1.8700000047683716,1.6258221864700317,1.8200000524520874,1.6210492849349976,1.6100000143051147,1.6403474807739258,1.8550000190734863,1.5996880531311035,2.009999990463257,1.6337242126464844,133,84,557,351,139,93,658,353,-4.0,-37.79998779296875,155,86,1.0,1.0,36.10141709388166,6,4.030721042150681,4.2125580816462,4.511278195488722,9,2.545718552937272,2.818474112180551,10.714285714285714
2.109999895095825,1.553316593170166,2.049999952316284,1.5487091541290283,1.809999942779541,1.5703257322311401,2.0899999141693115,1.5334413051605225,2.259999990463257,1.5605252981185913,126,83,553,350,134,88,634,349,-4.0,-37.600006103515625,155,87,1.0,1.0,47.58738272548117,8,3.818577829405908,4.061027215399934,6.349206349206349,5,2.515412379688019,2.666943245934285,6.024096385542169
2.440000057220459,1.2887794971466064,2.25,1.297027349472046,2.259999990463257,1.3008792400360107,2.609999895095825,1.2577540874481201,2.490000009536743,1.303924798965454,102,60,437,342,115,68,481,342,-4.0,-32.79998779296875,155,111,1.0,1.0,38.669941418390266,13,3.09122967142383,3.4852099236641223,12.745098039215685,8,1.8183703949551941,2.0608197809492204,13.333333333333334
2.4100000858306885,1.2819780111312866,2.1700000762939453,1.2888562679290771,2.2200000286102295,1.2924662828445435,2.609999895095825,1.2510732412338257,2.4700000286102295,1.2964611053466797,107,60,434,340,112,65,475,339,-4.0,-32.600006103515625,155,112,1.0,1.0,19.99358563653723,5,3.2427605376700965,3.3942914039163625,4.672897196261682,5,1.8183703949551941,1.9699012612014604,8.333333333333334
2.390000104904175,1.2750850915908813,2.0799999237060547,1.281066656112671,2.180000066757202,1.2857924699783325,2.5999999046325684,1.243983507156372,2.450000047683716,1.2899140119552612,112,60,403,340,118,68,482,337,-4.0,-32.399993896484375,155,113,1.0,1.0,13.964239294132588,6,3.3942914039163625,3.576128443411882,5.357142857142857,8,1.8183703949551941,2.0608197809492204,13.333333333333334
2.4200000762939453,1.2703114748001099,2.1700000762939453,1.276745080947876,2.2300000190734863,1.282843828201294,2.609999895095825,1.2393848896026611,2.4679999351501465,1.2843618392944336,107,62,419,340,115,66,489,339,-4.0,-32.20001220703125,155,114,1.0,1.0,26.03112969343384,8,3.2427605376700965,3.4852099236641223,7.4766355140186915,4,1.8789827414537008,2.0002074344507137,6.451612903225806
2.440000057220459,1.2648227214813232,2.25,1.272165060043335,2.2799999713897705,1.2770354747772217,2.6050000190734863,1.2372584342956543,2.4800000190734863,1.2789415121078491,109,64,444,341,120,70,484,341,-4.0,-32.0,155,115,1.0,1.0,44.84141071600999,11,3.3033728841686028,3.6367407899103883,10.091743119266056,6,1.9395950879522073,2.1214321274477266,9.375
1.7699999809265137,1.6564018726348877,1.7000000476837158,1.650173306465149,1.5199999809265137,1.6719354391098022,1.7599999904632568,1.6283535957336426,1.899999976158142,1.6698309183120728,144,88,541,349,150,98,638,353,-3.799999952316284,-38.20001220703125,156,84,1.0,1.0,18.157379385608493,6,4.3640889478924665,4.545925987387986,4.166666666666667,10,2.666943245934285,2.970004978426817,11.363636363636363
1.9500000476837158,1.609590768814087,1.8799999952316284,1.6036972999572754,1.6799999475479126,1.6240171194076538,1.9500000476837158,1.587171196937561,2.0999999046325684,1.6203653812408447,141,89,556,351,146,95,647,355,-3.799999952316284,-38.0,156,85,1.0,1.0,32.438259641370756,5,4.273170428144707,4.424701294390973,3.5460992907801416,6,2.6972494191835383,2.8790864586790574,6.741573033707865
2.3499999046325684,1.2887799739837646,2.2100000381469727,1.2966079711914062,2.200000047683716,1.297546625137329,2.5,1.255845546722412,2.4000000953674316,1.3043180704116821,104,61,446,341,111,72,481,344,-3.799999952316284,-32.79998779296875,156,111,1.0,1.0,37.26482630400888,7,3.1518420179223368,3.3639852306671094,6.730769230769231,11,1.8486765682044475,2.1820444739462332,18.0327868852459
2.259999990463257,1.2845206260681152,2.1600000858306885,1.2915410995483398,2.119999885559082,1.2932465076446533,2.369999885559082,1.2533457279205322,2.299999952316284,1.299810528755188,101,60,457,341,123,78,492,342,-3.799999952316284,-32.600006103515625,156,112,1.0,1.0,17.118597394990175,22,3.060923498174577,3.727659309658148,21.782178217821784,18,1.8183703949551941,2.3638815134417523,30.0
2.2300000190734863,1.2789703607559204,2.1500000953674316,1.2857023477554321,2.0899999141693115,1.2882978916168213,2.3299999237060547,1.2480846643447876,2.2799999713897705,1.295546293258667,107,64,471,339,120,77,502,342,-3.799999952316284,-32.399993896484375,156,113,1.0,1.0,3.8842256623947944,13,3.2427605376700965,3.6367407899103883,12.149532710280374,13,1.9395950879522073,2.3335753401924992,20.3125
2.4000000953674316,1.2697199583053589,2.2300000190734863,1.2756975889205933,2.2300000190734863,1.2788300514221191,2.549999952316284,1.2412874698638916,2.4600000381469727,1.2854775190353394,109,65,432,340,121,73,484,342,-3.799999952316284,-32.20001220703125,156,114,1.0,1.0,20.565943330797012,12,3.3033728841686028,3.667046963159642,11.009174311926605,8,1.9699012612014604,2.2123506471954864,12.307692307692308
2.430000066757202,1.262978196144104,2.259999990463257,1.2700519561767578,2.2799999713897705,1.272710919380188,2.5899999141693115,1.2362911701202393,2.4800000190734863,1.2791136503219604,107,64,446,339,118,71,481,344,-3.799999952316284,-32.0,156,115,1.0,1.0,41.79568799475851,11,3.2427605376700965,3.576128443411882,10.280373831775702,7,1.9395950879522073,2.1517383006969797,10.9375
1.6200000047683716,1.6386457681655884,1.6030000448226929,1.6331360340118408,1.4299999475479126,1.6520302295684814,1.5700000524520874,1.6094675064086914,1.718000054359436,1.6551316976547241,137,85,547,347,144,96,649,353,-3.5999999046325684,-38.600006103515625,157,82,1.0,1.0,10.082401025631139,7,4.151945735147693,4.3640889478924665,5.109489051094891,11,2.576024726186525,2.909392631928311,12.941176470588236
1.809999942779541,1.618800163269043,1.7799999713897705,1.614083170890808,1.590000033378601,1.630631923675537,1.7899999618530273,1.591639518737793,1.9299999475479126,1.6343539953231812,141,88,554,349,139,92,637,354,-3.5999999046325684,-38.399993896484375,157,83,1.0,1.0,13.645299030728781,-2,4.273170428144707,4.2125580816462,-1.4184397163120568,4,2.666943245934285,2.7881679389312977,4.545454545454546
1.9800000190734863,1.581121802330017,1.909999966621399,1.5769143104553223,1.7100000381469727,1.5939724445343018,1.9800000190734863,1.558934211730957,2.109999895095825,1.5956754684448242,130,84,535,350,142,94,627,352,-3.5999999046325684,-38.20001220703125,157,84,1.0,1.0,30.620286581763292,12,3.9398025224029207,4.303476601393959,9.23076923076923,10,2.545718552937272,2.8487802854298043,11.904761904761905
2.0799999237060547,1.5356031656265259,2.0,1.5293283462524414,1.7899999618530273,1.5492899417877197,2.0899999141693115,1.5181087255477905,2.2200000286102295,1.5464246273040771,130,88,541,351,140,92,625,354,-3.5999999046325684,-38.0,157,85,1.0,1.0,48.2175079164656,10,3.9398025224029207,4.242864254895453,7.6923076923076925,4,2.666943245934285,2.7881679389312977,4.545454545454546
2.3399999141693115,1.286744236946106,2.2200000286102295,1.2949727773666382,2.200000047683716,1.2944461107254028,2.4800000190734863,1.2543566226959229,2.4000000953674316,1.3042863607406616,108,63,456,340,115,74,485,347,-3.5999999046325684,-32.79998779296875,157,111,1.0,1.0,47.554245252209626,7,3.2730667109193496,3.4852099236641223,6.481481481481482,11,1.909288914702954,2.2426568204447395,17.46031746031746
2.2799999713897705,1.281921625137329,2.190000057220459,1.288658618927002,2.140000104904175,1.2891290187835693,2.380000114440918,1.2502402067184448,2.3299999237060547,1.2991647720336914,96,58,463,340,125,80,499,345,-3.5999999046325684,-32.600006103515625,157,112,1.0,1.0,32.80860042042592,29,2.909392631928311,3.7882716561566547,30.208333333333332,22,1.7577580484566877,2.424493859940259,37.93103448275862
2.25,1.2751611471176147,2.190000057220459,1.2827023267745972,2.0999999046325684,1.2806930541992188,2.3299999237060547,1.2453553676605225,2.299999952316284,1.2947598695755005,97,62,457,339,119,76,497,345,-3.5999999046325684,-32.399993896484375,157,113,1.0,1.0,26.00553370400996,22,2.939698805177564,3.606434616661135,22.68041237113402,14,1.8789827414537008,2.303269166943246,22.580645161290324
2.3499999046325684,1.2686223983764648,2.2300000190734863,1.2755372524261475,2.190000057220459,1.2732861042022705,2.4600000381469727,1.2399972677230835,2.4100000858306885,1.2865369319915771,102,63,441,341,121,77,487,346,-3.5999999046325684,-32.20001220703125,157,114,1.0,1.0,33.19581808713716,19,3.09122967142383,3.667046963159642,18.627450980392158,14,1.909288914702954,2.3335753401924992,22.22222222222222
2.4200000762939453,1.2618043422698975,2.2699999809265137,1.2688586711883545,2.2699999809265137,1.2684948444366455,2.559999942779541,1.234573245048523,2.4700000286102295,1.2798079252243042,99,59,442,340,114,68,486,345,-3.5999999046325684,-32.0,157,115,1.0,1.0,49.42644620839267,15,3.0003111516760703,3.454903750414869,15.151515151515152,9,1.788064221705941,2.0608197809492204,15.254237288135593
1.7899999618530273,1.6171962022781372,1.7630000114440918,1.6100411415100098,1.5800000429153442,1.628119707107544,1.7699999809265137,1.5900371074676514,1.909999966621399,1.6336030960083008,147,88,563,347,151,98,638,352,-3.4000000953674316,-38.79998779296875,158,81,1.0,1.0,14.924405116920092,4,4.455007467640226,4.576232160637239,2.7210884353741496,10,2.666943245934285,2.970004978426817,11.363636363636363
1.9299999475479126,1.5898889303207397,1.8799999952316284,1.5862319469451904,1.6799999475479126,1.599572777748108,1.9199999570846558,1.5650689601898193,2.059999942779541,1.6062911748886108,135,85,540,348,138,91,621,352,-3.4000000953674316,-38.600006103515625,158,82,1.0,1.0,27.648797423574234,3,4.091333388649187,4.182251908396947,2.2222222222222223,6,2.576024726186525,2.7578617656820446,7.0588235294117645
2.0399999618530273,1.5598729848861694,1.9700000286102295,1.5547997951507568,1.7599999904632568,1.568207025527954,2.059999942779541,1.5371017456054688,2.190000057220459,1.5749034881591797,137,87,539,349,135,87,610,353,-3.4000000953674316,-38.399993896484375,158,83,1.0,1.0,34.04800663134581,-2,4.151945735147693,4.091333388649187,-1.4598540145985401,0,2.6366370726850317,2.6366370726850317,0.0
2.119999885559082,1.5233715772628784,2.049999952316284,1.5187431573867798,1.8300000429153442,1.531943440437317,2.1500000953674316,1.5022761821746826,2.2699999809265137,1.5388550758361816,134,85,533,350,140,92,613,352,-3.4000000953674316,-38.20001220703125,158,84,1.0,1.0,44.38821885793679,6,4.061027215399934,4.242864254895453,4.477611940298507,7,2.576024726186525,2.7881679389312977,8.235294117647058
2.299999952316284,1.273986577987671,2.2200000286102295,1.2813119888305664,2.130000114440918,1.275439977645874,2.390000104904175,1.243626356124878,2.359999895095825,1.2942421436309814,96,58,447,340,119,75,488,345,-3.4000000953674316,-32.399993896484375,158,113,1.0,1.0,48.19920703342193,23,2.909392631928311,3.606434616661135,23.958333333333332,17,1.7577580484566877,2.272962993693993,29.310344827586206
1.5,1.632462739944458,1.5,1.6244771480560303,1.3300000429153442,1.641089677810669,1.4500000476837158,1.6036746501922607,1.5800000429153442,1.6534786224365234,147,94,560,345,148,97,637,352,-3.200000047683716,-39.20001220703125,159,79,1.0,1.0,8.294529374793155,1,4.455007467640226,4.485313640889479,0.6802721088435374,3,2.8487802854298043,2.939698805177564,3.1914893617021276
1.8300000429153442,1.595319390296936,1.8300000429153442,1.588083028793335,1.6200000047683716,1.6052350997924805,1.7899999618530273,1.5711179971694946,1.940000057220459,1.6136696338653564,136,84,542,347,143,95,613,351,-3.200000047683716,-39.0,159,80,1.0,1.0,19.410517211469326,7,4.121639561898441,4.333782774643213,5.147058823529412,11,2.545718552937272,2.8790864586790574,13.095238095238095
2.0199999809265137,1.5621428489685059,1.9600000381469727,1.5568184852600098,1.7599999904632568,1.5689659118652344,2.0299999713897705,1.5405583381652832,2.1700000762939453,1.5787440538406372,140,86,526,347,141,91,606,350,-3.200000047683716,-38.79998779296875,159,81,1.0,1.0,29.479416636865736,1,4.242864254895453,4.273170428144707,0.7142857142857143,5,2.6063308994357786,2.7578617656820446,5.813953488372093
2.119999885559082,1.524429202079773,2.059999942779541,1.5212448835372925,1.840000033378601,1.530954360961914,2.130000114440918,1.5035139322280884,2.259999990463257,1.538971185684204,132,85,526,348,140,93,624,352,-3.200000047683716,-38.600006103515625,159,82,1.0,1.0,44.53345517297312,8,4.000414868901427,4.242864254895453,6.0606060606060606,8,2.576024726186525,2.818474112180551,9.411764705882353
1.6799999475479126,1.6539547443389893,1.690000057220459,1.6413263082504272,1.4900000095367432,1.662039041519165,1.6399999856948853,1.6256275177001953,1.7799999713897705,1.6755151748657227,152,97,563,346,150,106,618,353,-3.0,-39.399993896484375,160,78,1.0,1.0,17.911137866143548,-2,4.606538333886492,4.545925987387986,-1.3157894736842106,9,2.939698805177564,3.212454364420843,9.278350515463918
1.899999976158142,1.5881625413894653,1.8899999856948853,1.578873872756958,1.6699999570846558,1.5941057205200195,1.8600000143051147,1.564162254333496,2.009999990463257,1.6082918643951416,135,86,538,346,146,100,615,354,-3.0,-39.20001220703125,160,79,1.0,1.0,26.431877753011495,11,4.091333388649187,4.424701294390973,8.148148148148149,14,2.6063308994357786,3.030617324925324,16.27906976744186
2.069999933242798,1.5382962226867676,2.049999952316284,1.5326204299926758,1.8200000524520874,1.5439043045043945,2.059999942779541,1.5173972845077515,2.2100000381469727,1.5583844184875488,141,86,559,346,149,96,606,351,-3.0,-39.0,160,80,1.0,1.0,38.916331552968664,8,4.273170428144707,4.5156198141387325,5.673758865248227,10,2.6063308994357786,2.909392631928311,11.627906976744185
2.140000104904175,1.5064339637756348,2.0999999046325684,1.502119541168213,1.8700000047683716,1.5094659328460693,2.1500000953674316,1.489095687866211,2.2799999713897705,1.5248916149139404,131,85,534,347,144,91,591,348,-3.0,-38.79998779296875,160,81,1.0,1.0,48.14520995896436,13,3.9701086956521743,4.3640889478924665,9.923664122137405,6,2.576024726186525,2.7578617656820446,7.0588235294117645
1.0299999713897705,1.8152573108673096,1.0499999523162842,1.8175756931304932,0.8600000143051147,1.8192071914672852,0.9100000262260437,1.7559473514556885,1.1200000047683716,1.8703229427337646,145,94,558,340,152,107,695,351,-2.799999952316284,-41.600006103515625,161,67,1.0,1.0,9.348123133178216,7,4.394395121141719,4.606538333886492,4.827586206896552,13,2.8487802854298043,3.2427605376700965,13.829787234042554
1.1699999570846558,1.8117088079452515,1.1699999570846558,1.816030740737915,0.9399999976158142,1.8178986310958862,1.0499999523162842,1.7486271858215332,1.2699999809265137,1.8664759397506714,149,87,503,340,153,99,638,351,-2.799999952316284,-41.399993896484375,161,68,1.0,1.0,12.105942141711381,4,4.5156198141387325,4.636844507135745,2.684563758389262,12,2.6366370726850317,3.0003111516760703,13.793103448275861
1.4500000476837158,1.8055843114852905,1.4900000095367432,1.8077259063720703,1.2699999809265137,1.812218427658081,1.2799999713897705,1.7389461994171143,1.5399999618530273,1.858272671699524,145,85,486,340,151,97,568,353,-2.799999952316284,-41.20001220703125,161,69,1.0,1.0,8.346086620355353,6,4.394395121141719,4.576232160637239,4.137931034482759,12,2.576024726186525,2.939698805177564,14.117647058823529
1.3899999856948853,1.7960683107376099,1.4199999570846558,1.7980858087539673,1.2000000476837158,1.8032739162445068,1.25,1.7295764684677124,1.4900000095367432,1.8472143411636353,146,84,486,340,142,96,544,352,-2.799999952316284,-41.0,161,70,1.0,1.0,10.111196684506831,-4,4.424701294390973,4.303476601393959,-2.73972602739726,12,2.545718552937272,2.909392631928311,14.285714285714286
1.2999999523162842,1.7837684154510498,1.309999942779541,1.7854677438735962,1.100000023841858,1.7901833057403564,1.2100000381469727,1.716285228729248,1.399999976158142,1.8340766429901123,153,86,477,339,140,93,552,352,-2.799999952316284,-40.79998779296875,161,71,1.0,1.0,6.157001808087874,-13,4.636844507135745,4.242864254895453,-8.49673202614379,7,2.6063308994357786,2.818474112180551,8.13953488372093
1.2899999618530273,1.7677699327468872,1.2999999523162842,1.770265817642212,1.1299999952316284,1.7749383449554443,1.2000000476837158,1.7026735544204712,1.3600000143051147,1.8158903121948242,148,87,484,338,147,96,548,353,-2.799999952316284,-40.600006103515625,161,72,1.0,1.0,3.6202214016452032,-1,4.485313640889479,4.455007467640226,-0.6756756756756757,9,2.6366370726850317,2.909392631928311,10.344827586206897
1.440000057220459,1.7404377460479736,1.4800000190734863,1.7485287189483643,1.2999999523162842,1.7457717657089233,1.3300000429153442,1.6786408424377441,1.5099999904632568,1.7898534536361694,154,87,485,343,154,98,532,351,-2.799999952316284,-40.399993896484375,161,73,1.0,1.0,0.7355526644511281,0,4.6671506803849985,4.6671506803849985,0.0,11,2.6366370726850317,2.970004978426817,12.64367816091954
1.5800000429153442,1.7307411432266235,1.659999966621399,1.7391830682754517,1.4700000286102295,1.7351903915405273,1.4299999475479126,1.6711170673370361,1.6299999952316284,1.7779244184494019,146,88,460,343,150,93,518,350,-2.799999952316284,-40.20001220703125,161,74,1.0,1.0,2.611911463971312,4,4.424701294390973,4.545925987387986,2.73972602739726,5,2.666943245934285,2.818474112180551,5.681818181818182
1.6699999570846558,1.7441293001174927,1.7100000381469727,1.7479966878890991,1.5299999713897705,1.7519773244857788,1.5800000429153442,1.6894936561584473,1.75,1.787241816520691,144,81,487,347,143,92,549,351,-2.799999952316284,-40.0,161,75,1.0,1.0,5.066822345390495,-1,4.3640889478924665,4.333782774643213,-0.6944444444444444,11,2.454800033189512,2.7881679389312977,13.580246913580247
1.7899999618530273,1.71738600730896,1.7899999618530273,1.714935541152954,1.590000033378601,1.724611759185791,1.75,1.6813055276870728,1.899999976158142,1.7510790824890137,147,86,503,349,145,96,572,354,-2.799999952316284,-39.79998779296875,161,76,1.0,1.0,14.415550038751837,-2,4.455007467640226,4.394395121141719,-1.3605442176870748,10,2.6063308994357786,2.909392631928311,11.627906976744185
1.899999976158142,1.672054409980774,1.8799999952316284,1.6623711585998535,1.649999976158142,1.6790852546691895,1.8799999952316284,1.6446692943572998,2.0299999713897705,1.6990526914596558,155,93,525,346,148,102,599,352,-2.799999952316284,-39.600006103515625,161,77,1.0,1.0,25.99070957471325,-7,4.697456853634252,4.485313640889479,-4.516129032258065,9,2.818474112180551,3.09122967142383,9.67741935483871
1.9900000095367432,1.6124438047409058,1.9700000286102295,1.6021581888198853,1.7400000095367432,1.6166212558746338,1.9600000381469727,1.5892584323883057,2.119999885559082,1.6362682580947876,148,93,540,346,147,99,594,354,-2.799999952316284,-39.399993896484375,161,78,1.0,1.0,35.44595376677883,-1,4.485313640889479,4.455007467640226,-0.6756756756756757,6,2.818474112180551,3.0003111516760703,6.451612903225806
2.0999999046325684,1.5478426218032837,2.0799999237060547,1.5390976667404175,1.850000023841858,1.5520226955413818,2.0899999141693115,1.5267184972763062,2.240000009536743,1.5709720849990845,150,93,546,345,148,95,591,350,-2.799999952316284,-39.20001220703125,161,79,1.0,1.0,45.842752469777594,-2,4.545925987387986,4.485313640889479,-1.3333333333333333,2,2.818474112180551,2.8790864586790574,2.150537634408602
1.4900000095367432,1.8194580078125,1.5299999713897705,1.8181688785552979,1.2799999713897705,1.8172409534454346,1.309999942779541,1.7787986993789673,1.600000023841858,1.8642385005950928,146,97,526,350,153,104,665,349,-2.5999999046325684,-42.399993896484375,162,63,1.0,1.0,12.100237704790356,7,4.424701294390973,4.636844507135745,4.794520547945205,7,2.939698805177564,3.1518420179223368,7.216494845360825
1.4500000476837158,1.7868164777755737,1.4900000095367432,1.7858526706695557,1.25,1.7869610786437988,1.2799999713897705,1.7461175918579102,1.559999942779541,1.8305927515029907,148,97,538,347,144,107,671,350,-2.5999999046325684,-42.20001220703125,162,64,1.0,1.0,8.617635931524935,-4,4.485313640889479,4.3640889478924665,-2.7027027027027026,10,2.939698805177564,3.2427605376700965,10.309278350515465
1.4299999475479126,1.7619563341140747,1.4700000286102295,1.7619268894195557,1.2300000190734863,1.761734962463379,1.2699999809265137,1.7240309715270996,1.5399999618530273,1.803805947303772,148,96,535,346,152,113,657,353,-2.5999999046325684,-42.0,162,65,1.0,1.0,12.188191910874377,4,4.485313640889479,4.606538333886492,2.7027027027027026,17,2.909392631928311,3.4245975771656156,17.708333333333332
1.4500000476837158,1.7560465335845947,1.4800000190734863,1.7563318014144897,1.25,1.7553045749664307,1.309999942779541,1.716981053352356,1.559999942779541,1.8037052154541016,152,96,530,346,149,107,639,355,-2.5999999046325684,-41.79998779296875,162,66,1.0,1.0,14.958235176154197,-3,4.606538333886492,4.5156198141387325,-1.9736842105263157,11,2.909392631928311,3.2427605376700965,11.458333333333334
1.659999966621399,1.7532321214675903,1.7000000476837158,1.7533507347106934,1.4500000476837158,1.7547664642333984,1.4800000190734863,1.7111895084381104,1.7799999713897705,1.8021519184112549,156,96,517,344,148,101,593,354,-2.5999999046325684,-41.600006103515625,162,67,1.0,1.0,27.592794735307972,-8,4.727763026883505,4.485313640889479,-5.128205128205129,5,2.909392631928311,3.060923498174577,5.208333333333333
1.4600000381469727,1.7493674755096436,1.4900000095367432,1.7492256164550781,1.2599999904632568,1.75172758102417,1.3350000381469727,1.7053980827331543,1.5700000524520874,1.7998361587524414,150,88,528,346,138,96,602,356,-2.5999999046325684,-41.399993896484375,162,68,1.0,1.0,32.81577904351258,-12,4.545925987387986,4.182251908396947,-8.0,8,2.666943245934285,2.909392631928311,9.090909090909092
1.850000023841858,1.7420597076416016,1.840000033378601,1.7423583269119263,1.5700000524520874,1.7473258972167969,1.7200000286102295,1.6964826583862305,1.9900000095367432,1.7901711463928223,149,83,464,344,149,95,540,355,-2.5999999046325684,-41.20001220703125,162,69,1.0,1.0,30.545036479094403,0,4.5156198141387325,4.5156198141387325,0.0,12,2.515412379688019,2.8790864586790574,14.457831325301205
1.7400000095367432,1.7408421039581299,1.7599999904632568,1.741766333580017,1.5,1.748366117477417,1.6200000047683716,1.693807601928711,1.8600000143051147,1.790383219718933,150,84,487,339,143,94,545,354,-2.5999999046325684,-41.0,162,70,1.0,1.0,30.572792780639727,-7,4.545925987387986,4.333782774643213,-4.666666666666667,10,2.545718552937272,2.8487802854298043,11.904761904761905
1.6200000047683716,1.7322155237197876,1.6200000047683716,1.732716679573059,1.3899999856948853,1.7411962747573853,1.5499999523162842,1.6833868026733398,1.7280000448226929,1.77891206741333,139,83,482,339,141,93,537,354,-2.5999999046325684,-40.79998779296875,162,71,1.0,1.0,27.224746107317433,2,4.2125580816462,4.273170428144707,1.4388489208633093,10,2.515412379688019,2.818474112180551,12.048192771084338
1.940000057220459,1.7235076427459717,1.899999976158142,1.7240077257156372,1.659999966621399,1.732513666152954,1.8899999856948853,1.6752681732177734,2.0799999237060547,1.7701822519302368,138,78,445,340,147,89,493,355,-2.5999999046325684,-40.600006103515625,162,72,1.0,1.0,23.324842311687846,9,4.182251908396947,4.455007467640226,6.521739130434782,11,2.3638815134417523,2.6972494191835383,14.102564102564102
1.9700000286102295,1.710877537727356,1.9500000476837158,1.711626410484314,1.7100000381469727,1.7206833362579346,1.9199999570846558,1.6650402545928955,2.0999999046325684,1.7556127309799194,138,79,453,341,137,87,500,354,-2.5999999046325684,-40.399993896484375,162,73,1.0,1.0,22.859763297823335,-1,4.182251908396947,4.151945735147693,-0.7246376811594203,8,2.394187686691006,2.6366370726850317,10.126582278481013
1.9800000190734863,1.6980557441711426,1.9630000591278076,1.6983484029769897,1.7300000190734863,1.706871509552002,1.9299999475479126,1.6534301042556763,2.0999999046325684,1.7393536567687988,138,82,480,344,137,91,534,354,-2.5999999046325684,-40.20001220703125,162,74,1.0,1.0,24.286042425230107,-1,4.182251908396947,4.151945735147693,-0.7246376811594203,9,2.4851062064387657,2.7578617656820446,10.975609756097562
1.9700000286102295,1.6736314296722412,1.9299999475479126,1.6731641292572021,1.7300000190734863,1.6824114322662354,1.9500000476837158,1.6331781148910522,2.109999895095825,1.7115228176116943,146,85,507,345,138,92,559,355,-2.5999999046325684,-40.0,162,75,1.0,1.0,27.26581663924816,-8,4.424701294390973,4.182251908396947,-5.47945205479452,7,2.576024726186525,2.7881679389312977,8.235294117647058
1.9900000095367432,1.641401767730713,1.940000057220459,1.6399003267288208,1.7300000190734863,1.6482906341552734,1.9800000190734863,1.608603835105896,2.130000114440918,1.675915241241455,148,88,511,347,136,91,570,353,-2.5999999046325684,-39.79998779296875,162,76,1.0,1.0,34.03788939476914,-12,4.485313640889479,4.121639561898441,-8.108108108108109,3,2.666943245934285,2.7578617656820446,3.409090909090909
2.0399999618530273,1.6068229675292969,2.0,1.5992634296417236,1.7699999809265137,1.6081597805023193,2.0199999809265137,1.5804924964904785,2.180000066757202,1.6352216005325317,141,92,528,345,144,97,580,351,-2.5999999046325684,-39.600006103515625,162,77,1.0,1.0,44.87933988788776,3,4.273170428144707,4.3640889478924665,2.127659574468085,5,2.7881679389312977,2.939698805177564,5.434782608695652
0.8199999928474426,2.460296392440796,0.8100000023841858,2.4253969192504883,0.6600000262260437,2.5083465576171875,0.7400000095367432,2.376283884048462,0.9200000166893005,2.5449748039245605,164,93,613,329,176,111,717,339,-2.4000000953674316,-44.20001220703125,163,54,1.0,1.0,8.105698850392567,12,4.970212412877531,5.33388649186857,7.317073170731708,18,2.818474112180551,3.3639852306671094,19.35483870967742
1.0499999523162842,2.82712984085083,1.0700000524520874,2.758559465408325,0.8899999856948853,2.897325038909912,0.949999988079071,2.7291388511657715,1.159999966621399,2.9327492713928223,160,95,617,350,144,95,689,353,-2.4000000953674316,-44.0,163,55,1.0,1.0,4.0656010362724,-16,4.848987719880518,4.3640889478924665,-10.0,0,2.8790864586790574,2.8790864586790574,0.0
1.3899999856948853,1.8528841733932495,1.3899999856948853,1.8453550338745117,1.1799999475479126,1.8529105186462402,1.2899999618530273,1.8188247680664062,1.5180000066757202,1.8983172178268433,157,88,526,346,154,105,637,354,-2.4000000953674316,-43.0,163,60,1.0,1.0,6.526533638788976,-3,4.758069200132758,4.6671506803849985,-1.910828025477707,17,2.666943245934285,3.18214819117159,19.318181818181817
1.7000000476837158,1.8094384670257568,1.7100000381469727,1.8026000261306763,1.4600000381469727,1.8076353073120117,1.5700000524520874,1.7771828174591064,1.850000023841858,1.8503485918045044,146,88,508,346,153,101,620,353,-2.4000000953674316,-42.79998779296875,163,61,1.0,1.0,14.921205636342577,7,4.424701294390973,4.636844507135745,4.794520547945205,13,2.666943245934285,3.060923498174577,14.772727272727273
1.8200000524520874,1.7661237716674805,1.843000054359436,1.7642995119094849,1.559999942779541,1.7613694667816162,1.6799999475479126,1.734688639640808,1.9700000286102295,1.806156039237976,144,91,512,346,156,106,615,351,-2.4000000953674316,-42.600006103515625,163,62,1.0,1.0,21.09931833335952,12,4.3640889478924665,4.727763026883505,8.333333333333334,15,2.7578617656820446,3.212454364420843,16.483516483516482
2.069999933242798,1.7295167446136475,2.059999942779541,1.7277805805206299,1.7450000047683716,1.7216774225234985,1.909999966621399,1.6996351480484009,2.259999990463257,1.7704333066940308,149,92,492,347,150,106,605,356,-2.4000000953674316,-42.399993896484375,163,63,1.0,1.0,31.297184003220053,1,4.5156198141387325,4.545925987387986,0.6711409395973155,14,2.7881679389312977,3.212454364420843,15.217391304347826
2.0799999237060547,1.6995267868041992,2.069999933242798,1.6983160972595215,1.7599999904632568,1.6923850774765015,1.9500000476837158,1.670121431350708,2.2699999809265137,1.7400959730148315,149,91,516,349,148,103,605,353,-2.4000000953674316,-42.20001220703125,163,64,1.0,1.0,30.458294691666918,-1,4.5156198141387325,4.485313640889479,-0.6711409395973155,12,2.7578617656820446,3.1215358446730836,13.186813186813186
2.0799999237060547,1.6736469268798828,2.069999933242798,1.6735206842422485,1.75,1.666981816291809,1.9500000476837158,1.644689679145813,2.259999990463257,1.7157810926437378,146,90,512,348,143,100,610,353,-2.4000000953674316,-42.0,163,65,1.0,1.0,32.425071620104575,-3,4.424701294390973,4.333782774643213,-2.0547945205479454,10,2.7275555924327914,3.030617324925324,11.11111111111111
2.0999999046325684,1.6569743156433105,2.069999933242798,1.6548892259597778,1.7599999904632568,1.6513220071792603,1.9900000095367432,1.62541925907135,2.2799999713897705,1.6985735893249512,153,94,499,349,142,98,596,353,-2.4000000953674316,-41.79998779296875,163,66,1.0,1.0,36.80648011177972,-11,4.636844507135745,4.303476601393959,-7.189542483660131,4,2.8487802854298043,2.970004978426817,4.25531914893617
2.130000114440918,1.6428394317626953,2.0929999351501465,1.641586422920227,1.7899999618530273,1.637451410293579,2.0299999713897705,1.6108789443969727,2.309999942779541,1.6840746402740479,148,87,481,349,138,95,572,359,-2.4000000953674316,-41.600006103515625,163,67,1.0,1.0,44.00331156380247,-10,4.485313640889479,4.182251908396947,-6.756756756756757,8,2.6366370726850317,2.8790864586790574,9.195402298850574
2.1600000858306885,1.6462900638580322,2.130000114440918,1.6439831256866455,1.850000023841858,1.6494252681732178,2.0899999141693115,1.6075562238693237,2.309999942779541,1.6847018003463745,140,76,447,348,137,87,511,355,-2.4000000953674316,-40.79998779296875,163,71,1.0,1.0,49.21130697145225,-3,4.242864254895453,4.151945735147693,-2.142857142857143,11,2.303269166943246,2.6366370726850317,14.473684210526315
2.130000114440918,1.6321032047271729,2.0799999237060547,1.6287283897399902,1.8300000429153442,1.6365344524383545,2.0999999046325684,1.5943315029144287,2.2799999713897705,1.669714093208313,138,76,443,348,133,86,522,357,-2.4000000953674316,-40.600006103515625,163,72,1.0,1.0,44.21643269079571,-5,4.182251908396947,4.030721042150681,-3.6231884057971016,10,2.303269166943246,2.6063308994357786,13.157894736842104
2.119999885559082,1.6187258958816528,2.069999933242798,1.6168310642242432,1.8200000524520874,1.6236217021942139,2.0999999046325684,1.5826561450958252,2.259999990463257,1.6554145812988281,140,78,459,347,132,87,538,356,-2.4000000953674316,-40.399993896484375,163,73,1.0,1.0,44.0774691394934,-8,4.242864254895453,4.000414868901427,-5.714285714285714,9,2.3638815134417523,2.6366370726850317,11.538461538461538
2.119999885559082,1.6039543151855469,2.0799999237060547,1.6026538610458374,1.840000033378601,1.6084294319152832,2.0999999046325684,1.5672301054000854,2.259999990463257,1.6389697790145874,138,80,491,345,129,90,552,353,-2.4000000953674316,-40.20001220703125,163,74,1.0,1.0,45.84677732406419,-9,4.182251908396947,3.9094963491536676,-6.521739130434782,10,2.424493859940259,2.7275555924327914,12.5
2.119999885559082,1.5845577716827393,2.0899999141693115,1.5853427648544312,1.850000023841858,1.587094783782959,2.0999999046325684,1.5506409406661987,2.2699999809265137,1.6202601194381714,141,88,524,345,136,94,565,354,-2.4000000953674316,-40.0,163,75,1.0,1.0,48.92061174915224,-5,4.273170428144707,4.121639561898441,-3.5460992907801416,6,2.666943245934285,2.8487802854298043,6.818181818181818
1.4199999570846558,2.517594337463379,1.3899999856948853,2.4913620948791504,1.1699999570846558,2.5612571239471436,1.350000023841858,2.441082239151001,1.5700000524520874,2.5968077182769775,157,87,580,333,164,102,695,343,-2.200000047683716,-44.20001220703125,164,54,1.0,1.0,20.385708344306106,7,4.758069200132758,4.970212412877531,4.45859872611465,15,2.6366370726850317,3.09122967142383,17.24137931034483
1.659999966621399,2.457550048828125,1.6699999570846558,2.434500217437744,1.4199999570846558,2.490030288696289,1.559999942779541,2.3870558738708496,1.8200000524520874,2.526569366455078,170,93,580,336,167,104,654,340,-2.200000047683716,-44.0,164,55,1.0,1.0,22.920040498854263,-3,5.15204945237305,5.06113093262529,-1.7647058823529411,11,2.818474112180551,3.1518420179223368,11.827956989247312
1.7000000476837158,2.3900206089019775,1.7300000190734863,2.3742570877075195,1.4700000286102295,2.4165172576904297,1.5800000429153442,2.329225540161133,1.8580000400543213,2.4458322525024414,163,95,572,343,162,104,644,344,-2.200000047683716,-43.79998779296875,164,56,1.0,1.0,13.437601330620563,-1,4.939906239628278,4.909600066379024,-0.6134969325153374,9,2.8790864586790574,3.1518420179223368,9.473684210526315
1.7799999713897705,2.125359058380127,1.809999942779541,2.1094539165496826,1.5499999523162842,2.13992977142334,1.6399999856948853,2.0833635330200195,1.9380000829696655,2.1687088012695312,159,100,548,345,157,104,644,355,-2.200000047683716,-43.600006103515625,164,57,1.0,1.0,6.297779179042084,-2,4.8186815466312645,4.758069200132758,-1.2578616352201257,4,3.030617324925324,3.1518420179223368,4.0
1.8799999952316284,2.012479782104492,1.9299999475479126,1.9986968040466309,1.6399999856948853,2.0191712379455566,1.7100000381469727,1.970853328704834,2.0299999713897705,2.0591917037963867,149,95,532,349,162,105,626,355,-2.200000047683716,-43.399993896484375,164,58,1.0,1.0,15.243106902833532,13,4.5156198141387325,4.909600066379024,8.724832214765101,10,2.8790864586790574,3.18214819117159,10.526315789473685
2.0,1.87540864944458,2.0399999618530273,1.8701491355895996,1.75,1.8824487924575806,1.8600000143051147,1.8378703594207764,2.180000066757202,1.9187602996826172,151,93,543,348,160,104,619,353,-2.200000047683716,-43.20001220703125,164,59,1.0,1.0,19.37051853753503,9,4.576232160637239,4.848987719880518,5.960264900662252,11,2.818474112180551,3.1518420179223368,11.827956989247312
2.0,1.7833133935928345,1.9900000095367432,1.7772514820098877,1.7100000381469727,1.7826273441314697,1.899999976158142,1.7527263164520264,2.200000047683716,1.8268898725509644,152,86,526,348,165,106,619,358,-2.200000047683716,-43.0,164,60,1.0,1.0,27.24317689453177,13,4.606538333886492,5.000518586126784,8.552631578947368,20,2.6063308994357786,3.212454364420843,23.25581395348837
2.069999933242798,1.7099887132644653,2.049999952316284,1.7052756547927856,1.7599999904632568,1.7034916877746582,1.9700000286102295,1.6817874908447266,2.2699999809265137,1.7491670846939087,157,93,518,349,165,108,638,355,-2.200000047683716,-42.79998779296875,164,61,1.0,1.0,34.78397828302067,8,4.758069200132758,5.000518586126784,5.095541401273885,15,2.818474112180551,3.2730667109193496,16.129032258064516
2.1600000858306885,1.6492364406585693,2.1600000858306885,1.646514892578125,1.850000023841858,1.6406760215759277,2.0199999809265137,1.6252245903015137,2.359999895095825,1.6862586736679077,152,93,516,350,146,101,618,359,-2.200000047683716,-42.600006103515625,164,62,1.0,1.0,41.70383007222361,-6,4.606538333886492,4.424701294390973,-3.9473684210526314,8,2.818474112180551,3.060923498174577,8.602150537634408
1.0499999523162842,2.5681135654449463,0.9900000095367432,2.5330452919006348,0.8100000023841858,2.6073222160339355,1.0299999713897705,2.5005664825439453,1.190000057220459,2.6468117237091064,155,91,615,332,160,105,713,341,-2.0,-44.399993896484375,165,53,1.0,1.0,9.574768238711126,5,4.697456853634252,4.848987719880518,3.225806451612903,14,2.7578617656820446,3.18214819117159,15.384615384615385
1.5800000429153442,2.498634099960327,1.5399999618530273,2.469327926635742,1.2899999618530273,2.5324807167053223,1.5399999618530273,2.431525468826294,1.75,2.576411008834839,151,86,573,334,160,106,666,341,-2.0,-44.20001220703125,165,54,1.0,1.0,30.33888198070985,9,4.576232160637239,4.848987719880518,5.960264900662252,20,2.6063308994357786,3.212454364420843,23.25581395348837
1.8300000429153442,2.393950939178467,1.7999999523162842,2.3704466819763184,1.5299999713897705,2.419175624847412,1.7699999809265137,2.3354804515838623,2.0399999618530273,2.4594807624816895,162,94,562,338,167,105,645,346,-2.0,-44.0,165,55,1.0,1.0,44.25032223699026,5,4.909600066379024,5.06113093262529,3.0864197530864197,11,2.8487802854298043,3.18214819117159,11.702127659574469
1.9199999570846558,2.254023790359497,1.899999976158142,2.2381837368011475,1.6200000047683716,2.2667665481567383,1.850000023841858,2.2082912921905518,2.140000104904175,2.3085248470306396,161,94,550,346,169,106,632,357,-2.0,-43.79998779296875,165,56,1.0,1.0,31.759386171947437,8,4.879293893129772,5.121743279123797,4.968944099378882,12,2.8487802854298043,3.212454364420843,12.76595744680851
1.9900000095367432,2.0762405395507812,1.9900000095367432,2.0577549934387207,1.7000000476837158,2.088181495666504,1.909999966621399,2.0355732440948486,2.2100000381469727,2.1165997982025146,153,91,541,348,170,110,632,354,-2.0,-43.600006103515625,165,57,1.0,1.0,28.13081598322112,17,4.636844507135745,5.15204945237305,11.11111111111111,19,2.7578617656820446,3.3336790574178563,20.87912087912088
2.0899999141693115,1.9149655103683472,2.119999885559082,1.910223364830017,1.8200000524520874,1.913268804550171,1.9700000286102295,1.8798694610595703,2.2899999618530273,1.9645581245422363,150,92,540,350,158,107,621,354,-2.0,-43.399993896484375,165,58,1.0,1.0,36.11806591902517,8,4.545925987387986,4.788375373382012,5.333333333333333,15,2.7881679389312977,3.2427605376700965,16.304347826086957
2.119999885559082,1.7828208208084106,2.119999885559082,1.7770432233810425,1.840000033378601,1.781900405883789,2.009999990463257,1.7542697191238403,2.319999933242798,1.825580358505249,142,87,531,347,164,108,620,360,-2.0,-43.20001220703125,165,59,1.0,1.0,40.28948936946176,22,4.303476601393959,4.970212412877531,15.492957746478874,21,2.6366370726850317,3.2730667109193496,24.137931034482758
2.1500000953674316,1.6876965761184692,2.1500000953674316,1.6820554733276367,1.8600000143051147,1.6812365055084229,2.049999952316284,1.6580957174301147,2.3499999046325684,1.7252174615859985,149,89,525,349,166,109,621,360,-2.0,-43.0,165,60,1.0,1.0,47.26237136167172,17,4.5156198141387325,5.030824759376038,11.409395973154362,20,2.6972494191835383,3.3033728841686028,22.471910112359552
1.1299999952316284,2.5572621822357178,1.090000033378601,2.5218236446380615,0.9100000262260437,2.601445198059082,1.1100000143051147,2.49521541595459,1.2599999904632568,2.635100841522217,149,96,665,334,152,106,733,345,-1.7999999523162842,-44.399993896484375,166,53,1.0,1.0,14.09372655465045,3,4.5156198141387325,4.606538333886492,2.0134228187919465,10,2.909392631928311,3.212454364420843,10.416666666666666
1.7100000381469727,2.44142484664917,1.6699999570846558,2.4090685844421387,1.4199999570846558,2.46669864654541,1.6699999570846558,2.3817532062530518,1.8799999952316284,2.510040521621704,148,90,583,332,169,107,670,350,-1.7999999523162842,-44.20001220703125,166,54,1.0,1.0,34.967869812833975,21,4.485313640889479,5.121743279123797,14.18918918918919,17,2.7275555924327914,3.2427605376700965,18.88888888888889
0.9200000166893005,2.6236870288848877,0.8999999761581421,2.5813183784484863,0.7400000095367432,2.6614654064178467,0.8999999761581421,2.5543558597564697,1.0299999713897705,2.6959826946258545,154,102,742,332,146,101,775,346,-1.600000023841858,-44.600006103515625,167,52,1.0,1.0,14.214878595822556,-8,4.6671506803849985,4.424701294390973,-5.194805194805195,-1,3.09122967142383,3.060923498174577,-0.9803921568627451
1.2000000476837158,2.491870880126953,1.2000000476837158,2.458894968032837,1.0099999904632568,2.5198750495910645,1.159999966621399,2.4300594329833984,1.309999942779541,2.5549185276031494,156,103,715,334,149,98,757,347,-1.600000023841858,-44.399993896484375,167,53,1.0,1.0,26.668035358755002,-7,4.727763026883505,4.5156198141387325,-4.487179487179487,-5,3.1215358446730836,2.970004978426817,-4.854368932038835
1.7200000286102295,2.3413374423980713,1.7200000286102295,2.3131580352783203,1.4700000286102295,2.3606457710266113,1.659999966621399,2.2856197357177734,1.8700000047683716,2.3999295234680176,153,96,633,338,160,106,707,353,-1.600000023841858,-44.20001220703125,167,54,1.0,1.0,43.956528226674266,7,4.636844507135745,4.848987719880518,4.57516339869281,10,2.909392631928311,3.212454364420843,10.416666666666666
0.20000000298023224,2.9167282581329346,0.20000000298023224,2.858060836791992,0.12999999523162842,2.9799132347106934,0.15000000596046448,2.8310742378234863,0.23999999463558197,2.9988512992858887,194,100,572,351,179,108,691,349,-1.399999976158142,-48.600006103515625,168,32,1.0,1.0,3.373345850292339,-15,5.879397610355128,5.424805011616329,-7.731958762886598,8,3.030617324925324,3.2730667109193496,8.0
0.9399999976158142,3.3664486408233643,1.0199999809265137,3.3243045806884766,0.8299999833106995,3.4416589736938477,0.8100000023841858,3.272239923477173,1.0,3.431445837020874,150,95,729,358,146,98,771,362,-1.399999976158142,-45.20001220703125,168,49,1.0,1.0,10.010436230620199,-4,4.545925987387986,4.424701294390973,-2.6666666666666665,3,2.8790864586790574,2.970004978426817,3.1578947368421053
0.949999988079071,3.435940980911255,0.9399999976158142,3.396242380142212,0.7599999904632568,3.500335216522217,0.8999999761581421,3.334108591079712,1.0399999618530273,3.525916814804077,137,93,695,361,141,97,787,360,-1.399999976158142,-45.0,168,50,1.0,1.0,1.1440570163608803,4,4.151945735147693,4.273170428144707,2.9197080291970803,4,2.818474112180551,2.939698805177564,4.301075268817204
1.100000023841858,2.6362552642822266,1.1100000143051147,2.594247817993164,0.9399999976158142,2.6849470138549805,1.065000057220459,2.557767868041992,1.2000000476837158,2.695974588394165,154,104,765,342,141,99,785,353,-1.399999976158142,-44.79998779296875,168,51,1.0,1.0,7.1487108413672065,-13,4.6671506803849985,4.273170428144707,-8.441558441558442,-5,3.1518420179223368,3.0003111516760703,-4.8076923076923075
1.1399999856948853,2.481574296951294,1.159999966621399,2.451000213623047,0.9700000286102295,2.51741099357605,1.100000023841858,2.40966796875,1.2400000095367432,2.533071279525757,152,102,769,336,139,99,796,350,-1.399999976158142,-44.600006103515625,168,52,1.0,1.0,27.489101530448114,-13,4.606538333886492,4.2125580816462,-8.552631578947368,-3,3.09122967142383,3.0003111516760703,-2.9411764705882355
1.5099999904632568,2.3680849075317383,1.5199999809265137,2.3367602825164795,1.2999999523162842,2.395481586456299,1.4700000286102295,2.307802200317383,1.6399999856948853,2.418475389480591,158,104,687,337,145,98,743,349,-1.399999976158142,-44.399993896484375,168,53,1.0,1.0,43.791376748897044,-13,4.788375373382012,4.394395121141719,-8.227848101265822,-6,3.1518420179223368,2.970004978426817,-5.769230769230769
0.28999999165534973,2.7805545330047607,0.28999999165534973,2.7149085998535156,0.20999999344348907,2.8570380210876465,0.2199999988079071,2.689784526824951,0.33000001311302185,2.8649516105651855,159,85,461,356,182,108,635,363,-1.2000000476837158,-48.600006103515625,169,32,1.0,1.0,13.312783767144007,23,4.8186815466312645,5.515723531364089,14.465408805031446,23,2.576024726186525,3.2730667109193496,27.058823529411764
1.0399999618530273,3.8867299556732178,1.090000033378601,3.8532464504241943,0.9200000166893005,3.949052333831787,0.9700000286102295,3.7748913764953613,1.1200000047683716,3.959864377975464,121,87,762,352,125,84,788,357,-1.2000000476837158,-45.600006103515625,169,47,1.0,1.0,7.984340015204688,4,3.667046963159642,3.7882716561566547,3.3057851239669422,-3,2.6366370726850317,2.545718552937272,-3.4482758620689653
1.5,2.5993614196777344,1.5700000524520874,2.5585741996765137,1.350000023841858,2.6454291343688965,1.3899999856948853,2.5003623962402344,1.5800000429153442,2.6808128356933594,148,95,692,332,161,100,748,336,-1.2000000476837158,-45.399993896484375,169,48,1.0,1.0,9.878767175493754,13,4.485313640889479,4.879293893129772,8.783783783783784,5,2.8790864586790574,3.030617324925324,5.2631578947368425
1.4900000095367432,2.6296017169952393,1.5199999809265137,2.593567132949829,1.2999999523162842,2.6764183044433594,1.4299999475479126,2.5419199466705322,1.600000023841858,2.6906185150146484,153,91,685,333,154,96,742,342,-1.2000000476837158,-45.20001220703125,169,49,1.0,1.0,18.34588251912619,1,4.636844507135745,4.6671506803849985,0.6535947712418301,5,2.7578617656820446,2.909392631928311,5.4945054945054945
1.4800000190734863,2.5347630977630615,1.4900000095367432,2.4996180534362793,1.2699999809265137,2.5703048706054688,1.440000057220459,2.4493465423583984,1.6200000047683716,2.592595100402832,153,91,697,332,147,94,747,346,-1.2000000476837158,-45.0,169,50,1.0,1.0,7.2435216725095986,-6,4.636844507135745,4.455007467640226,-3.9215686274509802,3,2.7578617656820446,2.8487802854298043,3.2967032967032965
1.649999976158142,2.450218439102173,1.6100000143051147,2.417731761932373,1.3700000047683716,2.4821839332580566,1.6299999952316284,2.3763632774353027,1.8200000524520874,2.5029656887054443,155,93,649,334,149,97,732,346,-1.2000000476837158,-44.79998779296875,169,51,1.0,1.0,12.675351838508535,-6,4.697456853634252,4.5156198141387325,-3.870967741935484,4,2.818474112180551,2.939698805177564,4.301075268817204
1.6699999570846558,2.3405306339263916,1.6299999952316284,2.3064866065979004,1.399999976158142,2.368194103240967,1.649999976158142,2.274909496307373,1.840000033378601,2.390493392944336,155,98,654,340,154,100,727,349,-1.2000000476837158,-44.600006103515625,169,52,1.0,1.0,31.39874007856709,-1,4.697456853634252,4.6671506803849985,-0.6451612903225806,2,2.970004978426817,3.030617324925324,2.0408163265306123
0.5400000214576721,2.8920578956604004,0.5699999928474426,2.818438768386841,0.4300000071525574,2.9761762619018555,0.4099999964237213,2.778665542602539,0.5899999737739563,2.979267120361328,169,89,480,352,160,97,589,356,-1.0,-48.399993896484375,170,33,1.0,1.0,7.469812678960408,-9,5.121743279123797,4.848987719880518,-5.325443786982248,8,2.6972494191835383,2.939698805177564,8.98876404494382
1.2000000476837158,2.7050771713256836,1.2400000095367432,2.6763381958007812,1.059999942779541,2.767681121826172,1.1399999856948853,2.6101503372192383,1.2899999618530273,2.7639644145965576,126,98,781,337,136,102,818,347,-1.0,-46.0,170,45,1.0,1.0,6.50073274988173,10,3.818577829405908,4.121639561898441,7.936507936507937,4,2.970004978426817,3.09122967142383,4.081632653061225
1.409999966621399,2.6502199172973633,1.4800000190734863,2.626887321472168,1.2799999713897705,2.705855131149292,1.3350000381469727,2.5537989139556885,1.4900000095367432,2.705601930618286,144,100,762,328,144,100,793,337,-1.0,-45.79998779296875,170,46,1.0,1.0,9.498962847033903,0,4.3640889478924665,4.3640889478924665,0.0,0,3.030617324925324,3.030617324925324,0.0
1.559999942779541,2.605506181716919,1.6200000047683716,2.5779941082000732,1.409999966621399,2.660229206085205,1.4800000190734863,2.516237735748291,1.6299999952316284,2.6649622917175293,147,97,731,329,146,98,762,342,-1.0,-45.600006103515625,170,47,1.0,1.0,18.47792240976187,-1,4.455007467640226,4.424701294390973,-0.6802721088435374,1,2.939698805177564,2.970004978426817,1.0309278350515463
1.649999976158142,2.5484650135040283,1.7100000381469727,2.515737295150757,1.4900000095367432,2.593221664428711,1.5800000429153442,2.460245132446289,1.7400000095367432,2.6096699237823486,147,92,734,333,152,98,722,344,-1.0,-45.399993896484375,170,48,1.0,1.0,31.978372333727204,5,4.455007467640226,4.606538333886492,3.401360544217687,6,2.7881679389312977,2.970004978426817,6.521739130434782
1.6200000047683716,2.492701768875122,1.6200000047683716,2.4565773010253906,1.3899999856948853,2.530167818069458,1.5800000429153442,2.409256935119629,1.75,2.5552477836608887,148,91,664,330,148,95,742,344,-1.0,-45.20001220703125,170,49,1.0,1.0,37.28605421852384,0,4.485313640889479,4.485313640889479,0.0,4,2.7578617656820446,2.8790864586790574,4.395604395604396
1.6100000143051147,2.4221887588500977,1.5800000429153442,2.388475179672241,1.3600000143051147,2.4549293518066406,1.590000033378601,2.3434391021728516,1.7599999904632568,2.478604793548584,149,94,675,334,149,100,754,347,-1.0,-45.0,170,50,1.0,1.0,29.02987858787044,0,4.5156198141387325,4.5156198141387325,0.0,6,2.8487802854298043,3.030617324925324,6.382978723404255
1.6200000047683716,2.3141887187957764,1.5730000734329224,2.2823574542999268,1.350000023841858,2.344512462615967,1.600000023841858,2.246580123901367,1.7899999618530273,2.3676235675811768,155,100,675,339,146,96,753,345,-1.0,-44.79998779296875,170,51,1.0,1.0,31.318604634352177,-9,4.697456853634252,4.424701294390973,-5.806451612903226,-4,3.030617324925324,2.909392631928311,-4.0
1.6299999952316284,2.2007174491882324,1.5700000524520874,2.1692466735839844,1.340000033378601,2.2239012718200684,1.6150000095367432,2.1375114917755127,1.809999942779541,2.2509913444519043,148,94,649,343,148,99,730,350,-1.0,-44.600006103515625,170,52,1.0,1.0,43.556837691696174,0,4.485313640889479,4.485313640889479,0.0,5,2.8487802854298043,3.0003111516760703,5.319148936170213
0.7200000286102295,2.969755172729492,0.7400000095367432,2.89255428314209,0.5899999737739563,3.0579957962036133,0.6200000047683716,2.8499374389648438,0.7799999713897705,3.059887170791626,163,86,544,340,171,100,635,357,-0.800000011920929,-48.399993896484375,171,33,1.0,1.0,12.112065089255553,8,4.939906239628278,5.182355625622304,4.9079754601226995,14,2.6063308994357786,3.030617324925324,16.27906976744186
0.6100000143051147,3.0152599811553955,0.6399999856948853,2.933863401412964,0.5299999713897705,3.1203410625457764,0.5099999904632568,2.878082036972046,0.6499999761581421,3.1232285499572754,140,84,572,340,158,97,636,357,-0.800000011920929,-48.20001220703125,171,34,1.0,1.0,2.2247462909254896,18,4.242864254895453,4.788375373382012,12.857142857142858,13,2.545718552937272,2.939698805177564,15.476190476190476
1.2999999523162842,2.778662919998169,1.3899999856948853,2.7467188835144043,1.2000000476837158,2.8494420051574707,1.2000000476837158,2.660963535308838,1.350000023841858,2.8449506759643555,150,104,751,329,143,100,766,349,-0.800000011920929,-46.600006103515625,171,42,1.0,1.0,2.0868286935724845,-7,4.545925987387986,4.333782774643213,-4.666666666666667,-4,3.1518420179223368,3.030617324925324,-3.8461538461538463
1.3700000047683716,2.6982038021087646,1.4800000190734863,2.6700422763824463,1.2899999618530273,2.7588813304901123,1.2400000095367432,2.592082977294922,1.399999976158142,2.7551872730255127,139,95,755,330,138,99,788,345,-0.800000011920929,-46.399993896484375,171,43,1.0,1.0,8.168033392045727,-1,4.2125580816462,4.182251908396947,-0.7194244604316546,4,2.8790864586790574,3.0003111516760703,4.2105263157894735
1.2300000190734863,2.6533124446868896,1.2999999523162842,2.626500129699707,1.1200000047683716,2.7131543159484863,1.149999976158142,2.551860809326172,1.2899999618530273,2.709528923034668,128,98,807,330,135,107,866,339,-0.800000011920929,-46.20001220703125,171,44,1.0,1.0,11.948900083511653,7,3.8791901759044145,4.091333388649187,5.46875,9,2.970004978426817,3.2427605376700965,9.183673469387756
1.409999966621399,2.6052379608154297,1.4700000286102295,2.5827953815460205,1.2699999809265137,2.6633505821228027,1.340000033378601,2.5090041160583496,1.4900000095367432,2.664893388748169,131,96,770,329,141,102,839,340,-0.800000011920929,-46.0,171,45,1.0,1.0,22.829041940008516,10,3.9701086956521743,4.273170428144707,7.633587786259542,6,2.909392631928311,3.09122967142383,6.25
1.5399999618530273,2.5450613498687744,1.6299999952316284,2.519778251647949,1.4199999570846558,2.595285415649414,1.440000057220459,2.4539647102355957,1.600000023841858,2.6072747707366943,139,95,747,331,137,96,795,344,-0.800000011920929,-45.79998779296875,171,46,1.0,1.0,30.131341633403878,-2,4.2125580816462,4.151945735147693,-1.4388489208633093,1,2.8790864586790574,2.909392631928311,1.0526315789473684
1.600000023841858,2.475963592529297,1.7100000381469727,2.4467997550964355,1.5,2.518404960632324,1.4800000190734863,2.3886234760284424,1.6399999856948853,2.5365967750549316,139,96,732,330,136,90,743,344,-0.800000011920929,-45.600006103515625,171,47,1.0,1.0,38.70555354850359,-3,4.2125580816462,4.121639561898441,-2.158273381294964,-6,2.909392631928311,2.7275555924327914,-6.25
1.600000023841858,2.413468837738037,1.7000000476837158,2.380305767059326,1.4950000047683716,2.449474334716797,1.4800000190734863,2.3303751945495605,1.6299999952316284,2.4751486778259277,131,90,720,333,136,94,766,348,-0.800000011920929,-45.399993896484375,171,48,1.0,1.0,49.263139949269934,5,3.9701086956521743,4.121639561898441,3.816793893129771,4,2.7275555924327914,2.8487802854298043,4.444444444444445
0.9100000262260437,3.022491455078125,0.9200000166893005,2.9465889930725098,0.75,3.1252212524414062,0.8399999737739563,2.875307321548462,0.9900000095367432,3.136300802230835,165,90,584,341,169,104,643,338,-0.6000000238418579,-48.399993896484375,172,33,1.0,1.0,7.100251973603914,4,5.000518586126784,5.121743279123797,2.4242424242424243,14,2.7275555924327914,3.1518420179223368,15.555555555555555
0.9380000233650208,2.9107327461242676,0.9700000286102295,2.8469860553741455,0.8199999928474426,3.025996685028076,0.8500000238418579,2.755436897277832,0.9900000095367432,3.0145277976989746,133,86,598,332,164,101,670,341,-0.6000000238418579,-48.20001220703125,172,34,1.0,1.0,16.77659448753746,31,4.030721042150681,4.970212412877531,23.30827067669173,15,2.6063308994357786,3.060923498174577,17.441860465116278
0.7799999713897705,2.9207961559295654,0.8399999737739563,2.859678268432617,0.7200000286102295,3.0428714752197266,0.6899999976158142,2.745847225189209,0.800000011920929,3.018202781677246,138,89,656,337,169,104,716,351,-0.6000000238418579,-48.0,172,35,1.0,1.0,5.019770162039405,31,4.182251908396947,5.121743279123797,22.463768115942027,15,2.6972494191835383,3.1518420179223368,16.853932584269664
1.1299999952316284,2.673391342163086,1.2300000190734863,2.6384263038635254,1.090000033378601,2.775914430618286,1.0299999713897705,2.5385518074035645,1.149999976158142,2.7344346046447754,147,92,712,334,140,92,736,343,-0.6000000238418579,-47.20001220703125,172,39,1.0,1.0,5.115250612546096,-7,4.455007467640226,4.242864254895453,-4.761904761904762,0,2.7881679389312977,2.7881679389312977,0.0
1.4900000095367432,2.6705546379089355,1.6100000143051147,2.6381635665893555,1.440000057220459,2.756763458251953,1.309999942779541,2.53494930267334,1.4700000286102295,2.7244513034820557,150,88,598,333,149,88,691,341,-0.6000000238418579,-47.0,172,40,1.0,1.0,11.074012211418301,-1,4.545925987387986,4.5156198141387325,-0.6666666666666666,0,2.666943245934285,2.666943245934285,0.0
1.5399999618530273,2.665459394454956,1.6699999570846558,2.63493275642395,1.5,2.742109775543213,1.3799999952316284,2.5364885330200195,1.5399999618530273,2.7225639820098877,149,89,652,330,145,90,709,341,-0.6000000238418579,-46.79998779296875,172,41,1.0,1.0,12.567679462635493,-4,4.5156198141387325,4.394395121141719,-2.684563758389262,1,2.6972494191835383,2.7275555924327914,1.1235955056179776
1.5199999809265137,2.6359193325042725,1.6299999952316284,2.6084632873535156,1.4500000476837158,2.698152780532837,1.409999966621399,2.5220799446105957,1.559999942779541,2.6977293491363525,154,103,733,330,143,94,748,345,-0.6000000238418579,-46.600006103515625,172,42,1.0,1.0,22.776402115210292,-11,4.6671506803849985,4.333782774643213,-7.142857142857143,-9,3.1215358446730836,2.8487802854298043,-8.737864077669903
1.5399999618530273,2.593947410583496,1.6399999856948853,2.562272310256958,1.4500000476837158,2.6528215408325195,1.4299999475479126,2.4869589805603027,1.590000033378601,2.6499438285827637,141,94,745,331,141,99,775,347,-0.6000000238418579,-46.399993896484375,172,43,1.0,1.0,29.956604921380702,0,4.273170428144707,4.273170428144707,0.0,5,2.8487802854298043,3.0003111516760703,5.319148936170213
1.5099999904632568,2.5362775325775146,1.590000033378601,2.516066789627075,1.3799999952316284,2.5865345001220703,1.4199999570846558,2.4365878105163574,1.5700000524520874,2.594640016555786,142,102,782,333,139,102,825,341,-0.6000000238418579,-46.20001220703125,172,44,1.0,1.0,34.14886946692148,-3,4.303476601393959,4.2125580816462,-2.112676056338028,0,3.09122967142383,3.09122967142383,0.0
1.5099999904632568,2.4740710258483887,1.5700000524520874,2.451998710632324,1.3600000143051147,2.5203945636749268,1.4500000476837158,2.384551525115967,1.5980000495910645,2.535640001296997,141,104,795,334,128,95,832,346,-0.6000000238418579,-46.0,172,45,1.0,1.0,40.12867292315362,-13,4.273170428144707,3.8791901759044145,-9.21985815602837,-9,3.1518420179223368,2.8790864586790574,-8.653846153846153
1.0800000429153442,2.7218258380889893,1.1100000143051147,2.661986827850342,0.9599999785423279,2.837554693222046,1.0499999523162842,2.557135581970215,1.149999976158142,2.8149335384368896,160,102,663,324,178,109,683,339,-0.4000000059604645,-48.20001220703125,173,34,1.0,1.0,18.76089375212531,18,4.848987719880518,5.394498838367077,11.25,7,3.09122967142383,3.3033728841686028,6.862745098039215
1.2300000190734863,2.5242254734039307,1.2999999523162842,2.4818592071533203,1.1399999856948853,2.6453185081481934,1.149999976158142,2.368638038635254,1.2599999904632568,2.5944018363952637,166,99,643,307,173,108,698,338,-0.4000000059604645,-48.0,173,35,1.0,1.0,26.14611817321383,7,5.030824759376038,5.24296797212081,4.216867469879518,9,3.0003111516760703,3.2730667109193496,9.090909090909092
1.3700000047683716,2.5520026683807373,1.4800000190734863,2.5108044147491455,1.3200000524520874,2.6685028076171875,1.25,2.396519660949707,1.378000020980835,2.6182196140289307,172,99,622,313,173,102,656,338,-0.4000000059604645,-47.79998779296875,173,36,1.0,1.0,17.2265003039013,1,5.212661798871557,5.24296797212081,0.5813953488372093,3,3.0003111516760703,3.09122967142383,3.0303030303030303
1.4700000286102295,2.581523895263672,1.600000023841858,2.5434014797210693,1.4299999475479126,2.687084913253784,1.3300000429153442,2.431152820587158,1.4600000381469727,2.6442415714263916,153,87,617,319,155,93,661,345,-0.4000000059604645,-47.600006103515625,173,37,1.0,1.0,19.85533070821275,2,4.636844507135745,4.697456853634252,1.3071895424836601,6,2.6366370726850317,2.818474112180551,6.896551724137931
1.5700000524520874,2.582648277282715,1.7300000190734863,2.545625925064087,1.5499999523162842,2.6845173835754395,1.3899999856948853,2.4398584365844727,1.5199999809265137,2.6439075469970703,152,84,572,331,143,85,635,344,-0.4000000059604645,-47.399993896484375,173,38,1.0,1.0,20.175971686909847,-9,4.606538333886492,4.333782774643213,-5.921052631578948,1,2.545718552937272,2.576024726186525,1.1904761904761905
1.6100000143051147,2.583810329437256,1.7599999904632568,2.5534493923187256,1.5750000476837158,2.680572748184204,1.4199999570846558,2.45216965675354,1.5499999523162842,2.648030996322632,145,80,558,335,141,85,651,342,-0.4000000059604645,-47.20001220703125,173,39,1.0,1.0,23.67226704741317,-4,4.394395121141719,4.273170428144707,-2.7586206896551726,5,2.424493859940259,2.576024726186525,6.25
1.6299999952316284,2.571160078048706,1.7799999713897705,2.541557550430298,1.600000023841858,2.6537671089172363,1.440000057220459,2.4412827491760254,1.5800000429153442,2.6280877590179443,149,85,593,332,145,87,673,343,-0.4000000059604645,-47.0,173,40,1.0,1.0,30.559223671618923,-4,4.5156198141387325,4.394395121141719,-2.684563758389262,2,2.576024726186525,2.6366370726850317,2.3529411764705883
1.600000023841858,2.5511317253112793,1.7400000095367432,2.5255653858184814,1.5700000524520874,2.619691848754883,1.4299999475479126,2.4290771484375,1.559999942779541,2.610659122467041,151,95,642,329,140,89,703,344,-0.4000000059604645,-46.79998779296875,173,41,1.0,1.0,34.52626741275947,-11,4.576232160637239,4.242864254895453,-7.28476821192053,-6,2.8790864586790574,2.6972494191835383,-6.315789473684211
1.5299999713897705,2.514833688735962,1.659999966621399,2.4925856590270996,1.4850000143051147,2.5718495845794678,1.3799999952316284,2.4085872173309326,1.5099999904632568,2.57578706741333,147,97,699,331,141,94,756,347,-0.4000000059604645,-46.600006103515625,173,42,1.0,1.0,41.7754614969065,-6,4.455007467640226,4.273170428144707,-4.081632653061225,-3,2.939698805177564,2.8487802854298043,-3.0927835051546393
0.3100000023841858,2.5820388793945312,0.30000001192092896,2.5402274131774902,0.23000000417232513,2.6423540115356445,0.25999999046325684,2.503091812133789,0.36000001430511475,2.6410269737243652,180,106,573,346,201,118,678,352,-0.20000000298023224,-49.600006103515625,174,27,1.0,1.0,7.339703015031951,21,5.455111184865583,6.0915408230999,11.666666666666666,12,3.212454364420843,3.576128443411882,11.320754716981131
0.8500000238418579,2.564016819000244,0.8700000047683716,2.51275634765625,0.7699999809265137,2.6792993545532227,0.8199999928474426,2.4112372398376465,0.8899999856948853,2.644923448562622,152,99,701,335,173,106,723,346,-0.20000000298023224,-48.399993896484375,174,33,1.0,1.0,7.269118407301065,21,4.606538333886492,5.24296797212081,13.81578947368421,7,3.0003111516760703,3.212454364420843,7.070707070707071
1.0,2.4784977436065674,1.0499999523162842,2.4289777278900146,0.9300000071525574,2.5910797119140625,0.949999988079071,2.315809965133667,1.0199999809265137,2.550367593765259,166,107,680,315,165,108,717,342,-0.20000000298023224,-48.20001220703125,174,34,1.0,1.0,21.15550740919468,-1,5.030824759376038,5.000518586126784,-0.6024096385542169,1,3.2427605376700965,3.2730667109193496,0.9345794392523364
1.3700000047683716,2.496535539627075,1.4600000381469727,2.4620537757873535,1.2899999618530273,2.6114089488983154,1.2799999713897705,2.341810703277588,1.3799999952316284,2.5640461444854736,152,89,621,312,167,104,663,333,-0.20000000298023224,-48.0,174,35,1.0,1.0,41.10593939189551,15,4.606538333886492,5.06113093262529,9.868421052631579,15,2.6972494191835383,3.1518420179223368,16.853932584269664
1.5399999618530273,2.517967939376831,1.659999966621399,2.473750114440918,1.4800000190734863,2.62185001373291,1.4199999570846558,2.362417221069336,1.5299999713897705,2.580897808074951,156,90,585,317,162,97,639,335,-0.20000000298023224,-47.79998779296875,174,36,1.0,1.0,38.57581743349267,6,4.727763026883505,4.909600066379024,3.8461538461538463,7,2.7275555924327914,2.939698805177564,7.777777777777778
1.600000023841858,2.5197880268096924,1.7300000190734863,2.4855120182037354,1.5499999523162842,2.6203432083129883,1.465000033378601,2.3739519119262695,1.5700000524520874,2.579388380050659,152,86,576,320,155,88,640,342,-0.20000000298023224,-47.600006103515625,174,37,1.0,1.0,40.501872861254085,3,4.606538333886492,4.697456853634252,1.9736842105263157,2,2.6063308994357786,2.666943245934285,2.3255813953488373
1.6799999475479126,2.508843183517456,1.840000033378601,2.4796509742736816,1.6549999713897705,2.604278087615967,1.5099999904632568,2.3800971508026123,1.6299999952316284,2.5750420093536377,151,83,567,332,147,82,624,344,-0.20000000298023224,-47.399993896484375,174,38,1.0,1.0,42.305608059234515,-4,4.576232160637239,4.455007467640226,-2.6490066225165565,-1,2.515412379688019,2.4851062064387657,-1.2048192771084338
1.7200000286102295,2.487865447998047,1.8899999856948853,2.4615397453308105,1.7000000476837158,2.5765252113342285,1.5199999809265137,2.3628101348876953,1.6299999952316284,2.556662082672119,151,82,539,334,148,83,648,344,-0.20000000298023224,-47.20001220703125,174,39,1.0,1.0,44.76327248536602,-3,4.576232160637239,4.485313640889479,-1.9867549668874172,1,2.4851062064387657,2.515412379688019,1.2195121951219512
0.23999999463558197,2.338263511657715,0.25,2.3143866062164307,0.20000000298023224,2.365344524383545,0.20999999344348907,2.2785329818725586,0.27000001072883606,2.3859426975250244,256,127,643,343,213,122,690,353,-7.411293800885232e-13,-50.399993896484375,175,23,1.0,1.0,3.9565834945258693,-43,7.758380351808829,6.4552149020909395,-16.796875,-5,3.848884002655161,3.697353136408895,-3.937007874015748
0.20999999344348907,2.1755928993225098,0.20000000298023224,2.157064199447632,0.10999999940395355,2.2000670433044434,0.15000000596046448,2.1222872734069824,0.23999999463558197,2.2144978046417236,225,114,588,347,224,126,723,359,-7.411293800885232e-13,-50.20001220703125,175,24,1.0,1.0,4.199837782602687,-1,6.818888981081979,6.788582807832725,-0.4444444444444444,12,3.454903750414869,3.818577829405908,10.526315789473685
0.23999999463558197,2.1726064682006836,0.23000000417232513,2.151520013809204,0.15000000596046448,2.2025632858276367,0.20000000298023224,2.1190919876098633,0.27000001072883606,2.205688238143921,171,100,565,354,197,120,699,360,-7.411293800885232e-13,-50.0,175,25,1.0,1.0,3.7868328336811867,26,5.182355625622304,5.970316130102888,15.2046783625731,20,3.030617324925324,3.6367407899103883,20.0
0.7699999809265137,2.792452335357666,0.8199999928474426,2.7283082008361816,0.7300000190734863,2.887303590774536,0.7099999785423279,2.6785805225372314,0.7799999713897705,2.8559956550598145,171,111,641,339,180,115,689,346,-7.411293800885232e-13,-49.20001220703125,175,29,1.0,1.0,15.588278962857473,9,5.182355625622304,5.455111184865583,5.2631578947368425,4,3.3639852306671094,3.4852099236641223,3.6036036036036037
0.7900000214576721,2.4920854568481445,0.8399999737739563,2.436607837677002,0.75,2.599998950958252,0.7400000095367432,2.37699818611145,0.8100000023841858,2.5552785396575928,176,114,720,329,187,122,739,341,-7.411293800885232e-13,-49.0,175,30,1.0,1.0,17.7842322842537,11,5.33388649186857,5.667254397610355,6.25,8,3.454903750414869,3.697353136408895,7.017543859649122
0.8199999928474426,2.3616721630096436,0.8700000047683716,2.310694694519043,0.7699999809265137,2.469271183013916,0.7799999713897705,2.2391865253448486,0.8500000238418579,2.422804117202759,169,109,737,331,178,119,725,352,-7.411293800885232e-13,-48.79998779296875,175,31,1.0,1.0,19.728582862966835,9,5.121743279123797,5.394498838367077,5.325443786982248,10,3.3033728841686028,3.606434616661135,9.174311926605505
0.8999999761581421,2.3200340270996094,0.9599999785423279,2.2597734928131104,0.8500000238418579,2.4303171634674072,0.8500000238418579,2.1845154762268066,0.9200000166893005,2.3786585330963135,168,109,716,332,165,107,704,350,-7.411293800885232e-13,-48.600006103515625,175,32,1.0,1.0,24.926161817742955,-3,5.091437105874544,5.000518586126784,-1.7857142857142858,-2,3.3033728841686028,3.2427605376700965,-1.834862385321101
1.0700000524520874,2.2952771186828613,1.1399999856948853,2.2496228218078613,1.0199999809265137,2.4081921577453613,1.0099999904632568,2.1461284160614014,1.0800000429153442,2.367953300476074,163,107,667,326,179,110,675,340,-7.411293800885232e-13,-48.399993896484375,175,33,1.0,1.0,29.001720685869895,16,4.939906239628278,5.424805011616329,9.815950920245399,3,3.2427605376700965,3.3336790574178563,2.803738317757009
1.350000023841858,2.2950947284698486,1.4600000381469727,2.2597734928131104,1.309999942779541,2.4104928970336914,1.2599999904632568,2.1442465782165527,1.340000033378601,2.359771728515625,168,96,610,319,170,103,637,330,-7.411293800885232e-13,-48.20001220703125,175,34,1.0,1.0,36.59398652228856,2,5.091437105874544,5.15204945237305,1.1904761904761905,7,2.909392631928311,3.1215358446730836,7.291666666666667
0.3700000047683716,2.9378647804260254,0.36000001430511475,2.887237310409546,0.28999999165534973,2.9831109046936035,0.3199999928474426,2.863032817840576,0.4099999964237213,3.0134546756744385,222,101,488,330,215,110,648,339,0.20000000298023224,-50.600006103515625,176,22,1.0,1.0,2.1635306903259957,-7,6.727970461334219,6.515827248589446,-3.1531531531531534,9,3.060923498174577,3.3336790574178563,8.910891089108912
0.6499999761581421,3.4455642700195312,0.6600000262260437,3.4337213039398193,0.5899999737739563,3.498271942138672,0.6299999952316284,3.4032225608825684,0.6800000071525574,3.459343671798706,147,100,631,402,160,104,663,400,0.20000000298023224,-49.600006103515625,176,27,1.0,1.0,5.83121567941843,13,4.455007467640226,4.848987719880518,8.843537414965986,4,3.030617324925324,3.1518420179223368,4.0
0.9399999976158142,3.171698808670044,1.0099999904632568,3.0994951725006104,0.9100000262260437,3.2696805000305176,0.8700000047683716,3.0569019317626953,0.9399999976158142,3.2525930404663086,174,103,616,328,175,111,658,340,0.20000000298023224,-49.399993896484375,176,28,1.0,1.0,14.521728352828946,1,5.273274145370063,5.303580318619317,0.5747126436781609,8,3.1215358446730836,3.3639852306671094,7.766990291262136
1.2300000190734863,2.7078373432159424,1.3200000524520874,2.6477584838867188,1.190000057220459,2.8102307319641113,1.1399999856948853,2.592435359954834,1.2300000190734863,2.774244546890259,166,103,599,328,160,103,613,339,0.20000000298023224,-49.20001220703125,176,29,1.0,1.0,26.053705323737308,-6,5.030824759376038,4.848987719880518,-3.6144578313253013,0,3.1215358446730836,3.1215358446730836,0.0
1.1799999475479126,2.482835531234741,1.2599999904632568,2.424295425415039,1.1299999952316284,2.588224172592163,1.1100000143051147,2.372359275817871,1.1799999475479126,2.5431482791900635,169,106,623,331,166,103,637,340,0.20000000298023224,-49.0,176,30,1.0,1.0,39.96392523645673,-3,5.121743279123797,5.030824759376038,-1.7751479289940828,-3,3.212454364420843,3.1215358446730836,-2.830188679245283
1.1799999475479126,2.248203992843628,1.2599999904632568,2.1958632469177246,1.1399999856948853,2.3563318252563477,1.1200000047683716,2.1350200176239014,1.1799999475479126,2.301483631134033,164,99,634,328,176,111,636,343,0.20000000298023224,-48.79998779296875,176,31,1.0,1.0,40.44179798179701,12,4.970212412877531,5.33388649186857,7.317073170731708,12,3.0003111516760703,3.3639852306671094,12.121212121212121
1.3300000429153442,2.107701063156128,1.4299999475479126,2.056173801422119,1.2999999523162842,2.216294288635254,1.25,1.983311653137207,1.3200000524520874,2.1581647396087646,173,100,600,326,157,89,609,332,0.20000000298023224,-48.600006103515625,176,32,1.0,1.0,47.065603134109686,-16,5.24296797212081,4.758069200132758,-9.248554913294798,-11,3.030617324925324,2.6972494191835383,-11.0
0.5899999737739563,3.4398603439331055,0.6200000047683716,3.431358814239502,0.550000011920929,3.452662467956543,0.550000011920929,3.3914127349853516,0.6100000143051147,3.463498592376709,222,147,648,404,222,143,670,390,0.4000000059604645,-50.0,177,25,1.0,1.0,9.984806131145971,0,6.727970461334219,6.727970461334219,0.0,-4,4.455007467640226,4.333782774643213,-2.7210884353741496
0.7099999785423279,3.7130227088928223,0.7599999904632568,3.673367977142334,0.6899999976158142,3.7556378841400146,0.6499999761581421,3.655085325241089,0.7099999785423279,3.7671754360198975,162,104,608,379,170,109,663,377,0.4000000059604645,-49.79998779296875,177,26,1.0,1.0,7.774384034085031,8,4.909600066379024,5.15204945237305,4.938271604938271,5,3.1518420179223368,3.3033728841686028,4.8076923076923075
0.9100000262260437,3.88346791267395,0.9700000286102295,3.7979559898376465,0.8799999952316284,3.9766995906829834,0.8500000238418579,3.793735980987549,0.9100000262260437,3.965850591659546,164,97,591,336,164,103,633,344,0.4000000059604645,-49.600006103515625,177,27,1.0,1.0,4.564814175115144,0,4.970212412877531,4.970212412877531,0.0,6,2.939698805177564,3.1215358446730836,6.185567010309279
1.3600000143051147,3.0295395851135254,1.4600000381469727,2.9593944549560547,1.3200000524520874,3.1364243030548096,1.25,2.916088581085205,1.3380000591278076,3.104621410369873,156,94,548,325,158,94,600,336,0.4000000059604645,-49.399993896484375,177,28,1.0,1.0,14.919122385644277,2,4.727763026883505,4.788375373382012,1.2820512820512822,0,2.8487802854298043,2.8487802854298043,0.0
1.409999966621399,2.6255712509155273,1.5199999809265137,2.5655112266540527,1.3700000047683716,2.7308218479156494,1.309999942779541,2.515946388244629,1.3799999952316284,2.6883533000946045,162,97,549,326,166,98,612,339,0.4000000059604645,-49.20001220703125,177,29,1.0,1.0,35.869212567267226,4,4.909600066379024,5.030824759376038,2.4691358024691357,1,2.939698805177564,2.970004978426817,1.0309278350515463
2.299999952316284,1.1782184839248657,2.359999895095825,1.1738721132278442,2.2300000190734863,1.1613976955413818,2.259999990463257,1.1500129699707031,2.3279998302459717,1.221387505531311,120,69,492,341,120,68,491,347,0.4000000059604645,-29.399993896484375,177,128,1.0,1.0,47.934038067917236,0,3.6367407899103883,3.6367407899103883,0.0,-1,2.0911259541984735,2.0608197809492204,-1.4492753623188406
0.3700000047683716,3.1914432048797607,0.3499999940395355,3.118699312210083,0.28999999165534973,3.2517411708831787,0.3499999940395355,3.107116222381592,0.4300000071525574,3.289905309677124,232,121,607,319,211,117,661,335,0.6000000238418579,-50.399993896484375,178,23,1.0,1.0,2.539566252629253,-21,7.031032193826751,6.394602555592433,-9.051724137931034,-4,3.667046963159642,3.545822270162629,-3.3057851239669422
0.6200000047683716,3.4056897163391113,0.6100000143051147,3.3230600357055664,0.5400000214576721,3.4769723415374756,0.6100000143051147,3.297797679901123,0.6800000071525574,3.5148704051971436,215,121,654,322,181,116,645,337,0.6000000238418579,-50.20001220703125,178,24,1.0,1.0,1.6501041029429195,-34,6.515827248589446,5.4854173581148356,-15.813953488372093,-5,3.667046963159642,3.5155160969133754,-4.132231404958677
1.0299999713897705,3.569979429244995,1.0399999618530273,3.5089328289031982,0.9200000166893005,3.626401901245117,1.0,3.5001397132873535,1.0880000591278076,3.6596531867980957,171,106,611,336,174,108,642,339,0.6000000238418579,-50.0,178,25,1.0,1.0,3.646223182017158,3,5.182355625622304,5.273274145370063,1.7543859649122806,2,3.212454364420843,3.2730667109193496,1.8867924528301887
1.190000057220459,3.6763768196105957,1.25,3.601954460144043,1.1200000047683716,3.754337787628174,1.1299999952316284,3.5978426933288574,1.2100000381469727,3.7599291801452637,158,99,588,340,173,104,626,337,0.6000000238418579,-49.79998779296875,178,26,1.0,1.0,24.920938210959275,15,4.788375373382012,5.24296797212081,9.49367088607595,5,3.0003111516760703,3.1518420179223368,5.05050505050505
1.309999942779541,3.505058526992798,1.399999976158142,3.405271291732788,1.2599999904632568,3.6254165172576904,1.2200000286102295,3.391125202178955,1.2999999523162842,3.603278875350952,159,95,557,320,169,104,601,326,0.6000000238418579,-49.600006103515625,178,27,1.0,1.0,24.163419189204117,10,4.8186815466312645,5.121743279123797,6.289308176100629,9,2.8790864586790574,3.1518420179223368,9.473684210526315
1.4199999570846558,2.857055425643921,1.5299999713897705,2.7850096225738525,1.3799999952316284,2.972886562347412,1.3200000524520874,2.760488986968994,1.3899999856948853,2.9244003295898438,171,92,554,317,182,107,605,330,0.6000000238418579,-49.399993896484375,178,28,1.0,1.0,29.356008148415057,11,5.182355625622304,5.515723531364089,6.432748538011696,15,2.7881679389312977,3.2427605376700965,16.304347826086957
1.4700000286102295,2.460285186767578,1.5800000429153442,2.4040682315826416,1.4299999475479126,2.566033124923706,1.3600000143051147,2.3626904487609863,1.440000057220459,2.512343645095825,164,92,537,321,175,102,602,329,0.6000000238418579,-49.20001220703125,178,29,1.0,1.0,44.802160979590745,11,4.970212412877531,5.303580318619317,6.7073170731707314,10,2.7881679389312977,3.09122967142383,10.869565217391305
2.2899999618530273,1.1906338930130005,2.369999885559082,1.1853766441345215,2.2300000190734863,1.170657992362976,2.240000009536743,1.1659247875213623,2.309999942779541,1.2348159551620483,117,71,498,342,127,77,511,345,0.6000000238418579,-29.79998779296875,178,126,1.0,1.0,48.935741649763195,10,3.545822270162629,3.848884002655161,8.547008547008547,6,2.1517383006969797,2.3335753401924992,8.450704225352112
2.2899999618530273,1.1852163076400757,2.359999895095825,1.1801334619522095,2.2300000190734863,1.1660736799240112,2.240000009536743,1.1599020957946777,2.319999933242798,1.229171633720398,120,72,494,342,123,71,503,346,0.6000000238418579,-29.600006103515625,178,127,1.0,1.0,33.09686388882497,3,3.6367407899103883,3.727659309658148,2.5,-1,2.1820444739462332,2.1517383006969797,-1.3888888888888888
2.2899999618530273,1.1794908046722412,2.369999885559082,1.1731940507888794,2.2300000190734863,1.1600565910339355,2.240000009536743,1.1537485122680664,2.317999839782715,1.2221856117248535,121,70,498,341,119,69,501,349,0.6000000238418579,-29.399993896484375,178,128,1.0,1.0,25.74415349090004,-2,3.667046963159642,3.606434616661135,-1.6528925619834711,-1,2.1214321274477266,2.0911259541984735,-1.4285714285714286
2.2899999618530273,1.1721432209014893,2.359999895095825,1.1673482656478882,2.2300000190734863,1.1533372402191162,2.244999885559082,1.1471374034881592,2.317999839782715,1.2153668403625488,124,72,498,342,115,63,494,347,0.6000000238418579,-29.20001220703125,178,129,1.0,1.0,31.67626250206992,-9,3.7579654829074016,3.4852099236641223,-7.258064516129032,-9,2.1820444739462332,1.909288914702954,-12.5
2.2899999618530273,1.1648050546646118,2.359999895095825,1.1612317562103271,2.2300000190734863,1.1463900804519653,2.240000009536743,1.1402390003204346,2.309999942779541,1.2081836462020874,122,70,500,343,121,65,500,347,0.6000000238418579,-29.0,178,130,1.0,1.0,46.83020667210693,-1,3.697353136408895,3.667046963159642,-0.819672131147541,-5,2.1214321274477266,1.9699012612014604,-7.142857142857143
0.5099999904632568,3.3808698654174805,0.5,3.2924556732177734,0.4399999976158142,3.457902431488037,0.5099999904632568,3.2808456420898438,0.5600000023841858,3.4902966022491455,223,118,674,316,192,113,666,337,0.800000011920929,-50.20001220703125,179,24,1.0,1.0,5.590215643510794,-31,6.7582766345834715,5.818785263856622,-13.90134529147982,-5,3.576128443411882,3.4245975771656156,-4.237288135593221
0.7300000190734863,3.360577344894409,0.7300000190734863,3.2709367275238037,0.6499999761581421,3.446796417236328,0.7300000190734863,3.271951198577881,0.7699999809265137,3.4644713401794434,188,115,642,312,203,122,656,333,0.800000011920929,-50.0,179,25,1.0,1.0,5.827608246101145,15,5.697560570859609,6.1521531695984075,7.9787234042553195,7,3.4852099236641223,3.697353136408895,6.086956521739131
1.159999966621399,3.130929946899414,1.2200000286102295,3.0475263595581055,1.100000023841858,3.2293143272399902,1.1100000143051147,3.0454611778259277,1.1799999475479126,3.2268102169036865,175,108,602,312,187,110,625,327,0.800000011920929,-49.79998779296875,179,26,1.0,1.0,25.295634751693214,12,5.303580318619317,5.667254397610355,6.857142857142857,2,3.2730667109193496,3.3336790574178563,1.8518518518518519
1.309999942779541,2.8479371070861816,1.399999976158142,2.7676868438720703,1.2799999713897705,2.961512565612793,1.2100000381469727,2.7529349327087402,1.2899999618530273,2.919945001602173,180,99,547,312,192,107,613,323,0.800000011920929,-49.600006103515625,179,27,1.0,1.0,43.54219625126581,12,5.455111184865583,5.818785263856622,6.666666666666667,8,3.0003111516760703,3.2427605376700965,8.080808080808081
1.4199999570846558,2.5080513954162598,1.5299999713897705,2.432804822921753,1.399999976158142,2.625563859939575,1.309999942779541,2.416515827178955,1.3799999952316284,2.5655674934387207,168,91,533,310,194,108,585,328,0.800000011920929,-49.399993896484375,179,28,1.0,1.0,49.096723085665694,26,5.091437105874544,5.879397610355128,15.476190476190476,17,2.7578617656820446,3.2730667109193496,18.681318681318682
2.2899999618530273,1.1897742748260498,2.369999885559082,1.1838984489440918,2.2300000190734863,1.166602611541748,2.2249999046325684,1.1665812730789185,2.309999942779541,1.2354333400726318,114,68,491,339,128,76,510,342,0.800000011920929,-29.79998779296875,179,126,1.0,1.0,40.671923715653186,14,3.454903750414869,3.8791901759044145,12.280701754385966,8,2.0608197809492204,2.303269166943246,11.764705882352942
2.2899999618530273,1.185459017753601,2.369999885559082,1.179506540298462,2.2300000190734863,1.1625850200653076,2.2300000190734863,1.1613903045654297,2.309999942779541,1.2308008670806885,117,70,488,340,124,72,509,344,0.800000011920929,-29.600006103515625,179,127,1.0,1.0,19.75779863613828,7,3.545822270162629,3.7579654829074016,5.982905982905983,2,2.1214321274477266,2.1820444739462332,2.857142857142857
2.2799999713897705,1.1799452304840088,2.369999885559082,1.1730941534042358,2.2300000190734863,1.1573820114135742,2.2300000190734863,1.1559609174728394,2.309999942779541,1.2241142988204956,119,70,500,342,122,69,502,346,0.800000011920929,-29.399993896484375,179,128,1.0,1.0,3.6784959792977086,3,3.606434616661135,3.697353136408895,2.5210084033613445,-1,2.1214321274477266,2.0911259541984735,-1.4285714285714286
2.2899999618530273,1.1727477312088013,2.369999885559082,1.1665422916412354,2.2300000190734863,1.1513495445251465,2.2300000190734863,1.1486760377883911,2.299999952316284,1.216774582862854,115,68,493,342,118,66,501,348,0.800000011920929,-29.20001220703125,179,129,1.0,1.0,17.045358827748572,3,3.4852099236641223,3.576128443411882,2.608695652173913,-2,2.0608197809492204,2.0002074344507137,-2.9411764705882355
2.2899999618530273,1.1649534702301025,2.369999885559082,1.1606287956237793,2.2300000190734863,1.144986629486084,2.2300000190734863,1.14241361618042,2.299999952316284,1.2093994617462158,116,67,500,344,115,66,499,347,0.800000011920929,-29.0,179,130,1.0,1.0,37.84040909308421,-1,3.5155160969133754,3.4852099236641223,-0.8620689655172413,-1,2.030513607699967,2.0002074344507137,-1.492537313432836
0.5699999928474426,3.254018545150757,0.5699999928474426,3.1630518436431885,0.5099999904632568,3.3381435871124268,0.5699999928474426,3.166469097137451,0.6000000238418579,3.3672025203704834,195,117,670,311,217,128,696,331,1.0,-50.0,180,25,1.0,1.0,3.3231169716915407,22,5.909703783604381,6.576439595087953,11.282051282051283,11,3.545822270162629,3.8791901759044145,9.401709401709402
1.0299999713897705,2.652982473373413,1.090000033378601,2.5717544555664062,1.0,2.7529478073120117,0.9700000286102295,2.577742576599121,1.0199999809265137,2.737933397293091,178,97,577,308,200,115,633,324,1.0,-49.79998779296875,180,26,1.0,1.0,13.978709906327499,22,5.394498838367077,6.061234649850648,12.359550561797754,18,2.939698805177564,3.4852099236641223,18.556701030927837
1.309999942779541,2.3963282108306885,1.4299999475479126,2.3222320079803467,1.3200000524520874,2.50443172454834,1.159999966621399,2.3136343955993652,1.2300000190734863,2.4445879459381104,177,92,497,305,208,113,621,326,1.0,-49.600006103515625,180,27,1.0,1.0,34.555739176713566,31,5.364192665117823,6.3036840358446735,17.51412429378531,21,2.7881679389312977,3.4245975771656156,22.82608695652174
2.2879998683929443,1.1867645978927612,2.380000114440918,1.1810041666030884,2.2300000190734863,1.1616601943969727,2.2100000381469727,1.1672172546386719,2.299999952316284,1.2336204051971436,111,68,484,340,123,73,502,342,1.0,-29.79998779296875,180,126,1.0,1.0,42.9061487352021,12,3.3639852306671094,3.727659309658148,10.81081081081081,5,2.0608197809492204,2.2123506471954864,7.352941176470588
2.2799999713897705,1.1802215576171875,2.383000135421753,1.1750813722610474,2.2300000190734863,1.1551157236099243,2.2200000286102295,1.1612606048583984,2.299999952316284,1.226932168006897,117,72,494,342,121,72,498,343,1.0,-29.600006103515625,180,127,1.0,1.0,23.735681751738962,4,3.545822270162629,3.667046963159642,3.4188034188034186,0,2.1820444739462332,2.1820444739462332,0.0
2.2799999713897705,1.1729660034179688,2.380000114440918,1.1677536964416504,2.2300000190734863,1.1489105224609375,2.2200000286102295,1.153704047203064,2.299999952316284,1.220118522644043,117,71,499,342,118,69,502,345,1.0,-29.399993896484375,180,128,1.0,1.0,12.224253713866906,1,3.545822270162629,3.576128443411882,0.8547008547008547,-2,2.1517383006969797,2.0911259541984735,-2.816901408450704
2.2799999713897705,1.1680742502212524,2.380000114440918,1.1638307571411133,2.2300000190734863,1.1438138484954834,2.2200000286102295,1.147998571395874,2.2899999618530273,1.214234709739685,119,70,496,344,113,65,505,347,1.0,-29.20001220703125,180,129,1.0,1.0,21.237904001961724,-6,3.606434616661135,3.4245975771656156,-5.042016806722689,-5,2.1214321274477266,1.9699012612014604,-7.142857142857143
2.2799999713897705,1.1627122163772583,2.369999885559082,1.159849762916565,2.2300000190734863,1.1394329071044922,2.2150001525878906,1.143405556678772,2.2899999618530273,1.2096490859985352,119,69,503,345,110,64,503,347,1.0,-29.0,180,130,1.0,1.0,39.953540127247514,-9,3.606434616661135,3.3336790574178563,-7.563025210084033,-5,2.0911259541984735,1.9395950879522073,-7.246376811594203
0.9300000071525574,2.1846187114715576,1.0130000114440918,2.1106948852539062,0.9399999976158142,2.2687039375305176,0.8100000023841858,2.1129515171051025,0.8500000238418579,2.2484545707702637,159,85,457,317,208,117,631,330,1.2000000476837158,-49.79998779296875,181,26,1.0,1.0,9.815628593413066,49,4.8186815466312645,6.3036840358446735,30.81761006289308,32,2.576024726186525,3.545822270162629,37.64705882352941
1.440000057220459,2.1104159355163574,1.600000023841858,2.053035259246826,1.4700000286102295,2.2055487632751465,1.215000033378601,2.044741630554199,1.2999999523162842,2.153210401535034,163,75,438,315,186,109,588,330,1.2000000476837158,-49.600006103515625,181,27,1.0,1.0,31.027795037679837,23,4.939906239628278,5.636948224361102,14.110429447852761,34,2.272962993693993,3.3033728841686028,45.333333333333336
2.2799999713897705,1.178696870803833,2.390000104904175,1.1743615865707397,2.2300000190734863,1.1516481637954712,2.2100000381469727,1.1636731624603271,2.2899999618530273,1.2257080078125,120,71,495,342,116,68,510,345,1.2000000476837158,-29.600006103515625,181,127,1.0,1.0,40.61363076721279,-4,3.6367407899103883,3.5155160969133754,-3.3333333333333335,-3,2.1517383006969797,2.0608197809492204,-4.225352112676056
2.2799999713897705,1.1722482442855835,2.380000114440918,1.167625069618225,2.2300000190734863,1.1463186740875244,2.2100000381469727,1.156690001487732,2.2899999618530273,1.2183467149734497,120,71,494,342,115,68,513,344,1.2000000476837158,-29.399993896484375,181,128,1.0,1.0,34.31874049750335,-5,3.6367407899103883,3.4852099236641223,-4.166666666666667,-3,2.1517383006969797,2.0608197809492204,-4.225352112676056
2.2799999713897705,1.166571855545044,2.380000114440918,1.1621192693710327,2.2300000190734863,1.1408710479736328,2.2100000381469727,1.1508607864379883,2.2899999618530273,1.2132964134216309,117,68,492,342,114,64,502,346,1.2000000476837158,-29.20001220703125,181,129,1.0,1.0,39.00904369909925,-3,3.545822270162629,3.454903750414869,-2.5641025641025643,-4,2.0608197809492204,1.9395950879522073,-5.882352941176471
1.3600000143051147,2.3720595836639404,1.5099999904632568,2.309490203857422,1.3899999856948853,2.4388089179992676,1.1100000143051147,2.303833484649658,1.1799999475479126,2.4308712482452393,144,66,392,331,161,103,584,338,1.399999976158142,-49.79998779296875,182,26,1.0,1.0,7.951326277411699,17,4.3640889478924665,4.879293893129772,11.805555555555555,37,2.0002074344507137,3.1215358446730836,56.06060606060606
1.559999942779541,2.2295055389404297,1.7400000095367432,2.1705894470214844,1.600000023841858,2.313321590423584,1.25,2.166379451751709,1.3300000429153442,2.2676949501037598,151,70,387,316,159,100,583,331,1.399999976158142,-49.600006103515625,182,27,1.0,1.0,29.4088869730869,8,4.576232160637239,4.8186815466312645,5.298013245033113,30,2.1214321274477266,3.030617324925324,42.857142857142854
1.559999942779541,2.8227076530456543,1.7400000095367432,2.7664036750793457,1.600000023841858,2.923525333404541,1.2100000381469727,2.7314376831054688,1.2899999618530273,2.8888931274414062,135,56,369,316,152,88,575,329,1.600000023841858,-49.79998779296875,183,26,1.0,1.0,10.909310548270863,17,4.091333388649187,4.606538333886492,12.592592592592593,32,1.6971457019581813,2.666943245934285,57.142857142857146
1.6799999475479126,2.5632762908935547,1.8799999952316284,2.5097179412841797,1.7200000286102295,2.671358108520508,1.2799999713897705,2.4919281005859375,1.3799999952316284,2.617572784423828,138,57,370,308,160,95,574,321,1.600000023841858,-49.600006103515625,183,27,1.0,1.0,32.33329710931118,22,4.182251908396947,4.848987719880518,15.942028985507246,38,1.7274518752074346,2.8790864586790574,66.66666666666667
1.5700000524520874,4.469533920288086,1.7599999904632568,4.3799238204956055,1.6100000143051147,4.60208797454834,1.1399999856948853,4.311692237854004,1.2300000190734863,4.570129871368408,145,62,351,319,143,87,557,326,1.7999999523162842,-50.0,184,25,1.0,1.0,5.389911929149925,-2,4.394395121141719,4.333782774643213,-1.3793103448275863,25,1.8789827414537008,2.6366370726850317,40.32258064516129
1.7999999523162842,3.3357150554656982,2.0199999809265137,3.2646865844726562,1.850000023841858,3.4687464237213135,1.309999942779541,3.218986749649048,1.4299999475479126,3.4087975025177,156,66,351,313,149,85,551,328,1.7999999523162842,-49.79998779296875,184,26,1.0,1.0,17.97793041723259,-7,4.727763026883505,4.5156198141387325,-4.487179487179487,19,2.0002074344507137,2.576024726186525,28.78787878787879
1.809999942779541,2.80096173286438,2.0199999809265137,2.7395429611206055,1.8600000143051147,2.9182863235473633,1.340000033378601,2.718993663787842,1.4600000381469727,2.8432867527008057,147,63,348,314,146,77,539,327,1.7999999523162842,-49.600006103515625,184,27,1.0,1.0,36.577716789318885,-1,4.455007467640226,4.424701294390973,-0.6802721088435374,14,1.909288914702954,2.3335753401924992,22.22222222222222
1.7100000381469727,4.840381145477295,1.9199999570846558,4.740499496459961,1.75,4.9978837966918945,1.2200000286102295,4.675872802734375,1.340000033378601,4.97157621383667,138,60,333,310,146,81,542,320,2.0,-50.20001220703125,185,24,1.0,1.0,12.749019669788446,8,4.182251908396947,4.424701294390973,5.797101449275362,21,1.8183703949551941,2.454800033189512,35.0
1.8600000143051147,4.1637187004089355,2.0799999237060547,4.083678245544434,1.909999966621399,4.318812370300293,1.3300000429153442,4.028018951416016,1.4600000381469727,4.253538131713867,145,61,332,310,153,86,542,321,2.0,-50.0,185,25,1.0,1.0,26.111593303264918,8,4.394395121141719,4.636844507135745,5.517241379310345,25,1.8486765682044475,2.6063308994357786,40.98360655737705
1.9299999475479126,3.4519259929656982,2.1530001163482666,3.371215581893921,1.9800000190734863,3.587754249572754,1.3899999856948853,3.3267154693603516,1.5199999809265137,3.50860857963562,150,62,337,305,143,84,543,323,2.0,-49.79998779296875,185,26,1.0,1.0,34.91115237940634,-7,4.545925987387986,4.333782774643213,-4.666666666666667,22,1.8789827414537008,2.545718552937272,35.483870967741936
1.909999966621399,2.8716397285461426,2.130000114440918,2.809048652648926,1.9600000381469727,2.9923081398010254,1.3899999856948853,2.7774505615234375,1.5299999713897705,2.906533718109131,150,64,335,299,150,82,542,323,2.0,-49.600006103515625,185,27,1.0,1.0,48.7475799935535,0,4.545925987387986,4.545925987387986,0.0,18,1.9395950879522073,2.4851062064387657,28.125
0.9100000262260437,5.114398002624512,1.0299999713897705,5.013185977935791,0.949999988079071,5.259191513061523,0.6299999952316284,4.935050964355469,0.699999988079071,5.212080001831055,154,64,351,321,139,79,541,326,2.200000047683716,-50.600006103515625,186,22,1.0,1.0,6.962156488741237,-15,4.6671506803849985,4.2125580816462,-9.74025974025974,15,1.9395950879522073,2.394187686691006,23.4375
1.4199999570846558,4.727160453796387,1.600000023841858,4.640460968017578,1.4600000381469727,4.869277000427246,1.0399999618530273,4.559672832489014,1.1200000047683716,4.836069107055664,145,61,344,312,146,86,556,324,2.200000047683716,-50.399993896484375,186,23,1.0,1.0,5.089662737538367,1,4.394395121141719,4.424701294390973,0.6896551724137931,25,1.8486765682044475,2.6063308994357786,40.98360655737705
1.8899999856948853,4.2926130294799805,2.119999885559082,4.211154937744141,1.940000057220459,4.438183784484863,1.340000033378601,4.151394844055176,1.4700000286102295,4.3884687423706055,137,61,332,310,154,87,526,319,2.200000047683716,-50.20001220703125,186,24,1.0,1.0,22.97418466999784,17,4.151945735147693,4.6671506803849985,12.408759124087592,26,1.8486765682044475,2.6366370726850317,42.622950819672134
1.9800000190734863,3.77994441986084,2.2200000286102295,3.715831756591797,2.0299999713897705,3.9227817058563232,1.4199999570846558,3.662862777709961,1.5499999523162842,3.846735954284668,141,58,324,301,147,83,519,312,2.200000047683716,-50.0,186,25,1.0,1.0,41.409457952418606,6,4.273170428144707,4.455007467640226,4.25531914893617,25,1.7577580484566877,2.515412379688019,43.10344827586207
1.690000057220459,4.826051712036133,1.899999976158142,4.736775875091553,1.7300000190734863,4.975311279296875,1.2100000381469727,4.659095287322998,1.3200000524520874,4.927031993865967,148,65,339,314,141,85,532,322,2.4000000953674316,-50.600006103515625,187,22,1.0,1.0,15.489824440647924,-7,4.485313640889479,4.273170428144707,-4.72972972972973,20,1.9699012612014604,2.576024726186525,30.76923076923077
1.8899999856948853,4.463787078857422,2.122999906539917,4.385091304779053,1.934999942779541,4.601544380187988,1.340000033378601,4.308938026428223,1.4700000286102295,4.5599188804626465,138,61,333,315,144,83,506,321,2.4000000953674316,-50.399993896484375,187,23,1.0,1.0,24.610327414271545,6,4.182251908396947,4.3640889478924665,4.3478260869565215,22,1.8486765682044475,2.515412379688019,36.0655737704918
1.9800000190734863,3.95074462890625,2.2200000286102295,3.8837225437164307,2.0299999713897705,4.091785430908203,1.409999966621399,3.817286491394043,1.5399999618530273,4.031671047210693,141,64,328,304,148,87,516,318,2.4000000953674316,-50.20001220703125,187,24,1.0,1.0,35.97789809602444,7,4.273170428144707,4.485313640889479,4.964539007092198,23,1.9395950879522073,2.6366370726850317,35.9375
1.2200000286102295,4.341880798339844,1.340000033378601,4.257481098175049,1.25,4.483990669250488,0.9399999976158142,4.178900241851807,0.9900000095367432,4.424180030822754,141,65,375,311,149,97,603,329,2.5999999046325684,-50.79998779296875,188,21,1.0,1.0,3.801722945522752,8,4.273170428144707,4.5156198141387325,5.673758865248227,32,1.9699012612014604,2.939698805177564,49.23076923076923
1.75,4.294597625732422,1.9600000381469727,4.21402645111084,1.7899999618530273,4.430598258972168,1.2599999904632568,4.144871234893799,1.3700000047683716,4.3734917640686035,147,65,342,311,140,84,522,324,2.5999999046325684,-50.600006103515625,188,22,1.0,1.0,23.68421826653177,-7,4.455007467640226,4.242864254895453,-4.761904761904762,19,1.9699012612014604,2.545718552937272,29.23076923076923
1.940000057220459,3.9745357036590576,2.1700000762939453,3.906635284423828,1.9800000190734863,4.105783462524414,1.3899999856948853,3.8414664268493652,1.5080000162124634,4.04392147064209,143,62,328,301,145,86,507,323,2.5999999046325684,-50.399993896484375,188,23,1.0,1.0,42.699357880733,2,4.333782774643213,4.394395121141719,1.3986013986013985,24,1.8789827414537008,2.6063308994357786,38.70967741935484
1.5199999809265137,3.799896001815796,1.7000000476837158,3.7352821826934814,1.5549999475479126,3.933987617492676,1.1100000143051147,3.674072742462158,1.1799999475479126,3.8773491382598877,148,62,331,306,139,84,529,323,2.799999952316284,-50.79998779296875,189,21,1.0,1.0,10.564665993272863,-9,4.485313640889479,4.2125580816462,-6.081081081081081,22,1.8789827414537008,2.545718552937272,35.483870967741936
1.8799999952316284,3.718250036239624,2.0999999046325684,3.657604217529297,1.9199999570846558,3.8489456176757812,1.340000033378601,3.5963971614837646,1.4500000476837158,3.788567066192627,138,60,337,309,142,86,504,323,2.799999952316284,-50.600006103515625,189,22,1.0,1.0,30.59320855313424,4,4.182251908396947,4.303476601393959,2.898550724637681,26,1.8183703949551941,2.6063308994357786,43.333333333333336
1.7999999523162842,3.254373550415039,2.009999990463257,3.20114803314209,1.840000033378601,3.379467725753784,1.2799999713897705,3.143784999847412,1.3700000047683716,3.2987475395202637,138,60,330,311,139,81,512,322,3.0,-50.79998779296875,190,21,1.0,1.0,19.967466544911343,1,4.182251908396947,4.2125580816462,0.7246376811594203,21,1.8183703949551941,2.454800033189512,35.0
1.9800000190734863,3.0892021656036377,2.2100000381469727,3.039149522781372,2.0299999713897705,3.2083539962768555,1.3899999856948853,2.9904253482818604,1.5099999904632568,3.1243813037872314,139,59,332,309,136,80,499,322,3.0,-50.600006103515625,190,22,1.0,1.0,39.49859765396289,-3,4.2125580816462,4.121639561898441,-2.158273381294964,21,1.788064221705941,2.424493859940259,35.59322033898305
1.9500000476837158,2.739565134048462,2.190000057220459,2.6953587532043457,2.0,2.8473246097564697,1.3700000047683716,2.650069236755371,1.4700000286102295,2.7648022174835205,142,62,316,317,135,78,496,331,3.200000047683716,-50.79998779296875,191,21,1.0,1.0,24.56815047228684,-7,4.303476601393959,4.091333388649187,-4.929577464788732,16,1.8789827414537008,2.3638815134417523,25.806451612903224
2.069999933242798,2.541008472442627,2.319999933242798,2.5048022270202637,2.119999885559082,2.642240524291992,1.4299999475479126,2.4610061645507812,1.5499999523162842,2.55932879447937,147,65,325,320,132,73,488,330,3.200000047683716,-50.600006103515625,191,22,1.0,1.0,46.01968274021193,-15,4.455007467640226,4.000414868901427,-10.204081632653061,8,1.9699012612014604,2.2123506471954864,12.307692307692308
2.0,2.299516439437866,2.25,2.2656993865966797,2.049999952316284,2.39927339553833,1.399999976158142,2.2239553928375244,1.4980000257492065,2.310372829437256,148,59,315,326,131,70,476,338,3.4000000953674316,-50.79998779296875,192,21,1.0,1.0,31.569982017275144,-17,4.485313640889479,3.9701086956521743,-11.486486486486486,11,1.788064221705941,2.1214321274477266,18.64406779661017
1.559999942779541,2.118011951446533,1.7599999904632568,2.089611053466797,1.6100000143051147,2.214972734451294,1.1399999856948853,2.048832416534424,1.190000057220459,2.1259262561798096,148,66,338,328,130,76,526,343,3.5999999046325684,-51.0,193,20,1.0,1.0,9.116859459668705,-18,4.485313640889479,3.9398025224029207,-12.162162162162161,10,2.0002074344507137,2.303269166943246,15.151515151515152
1.9900000095367432,2.00543475151062,2.2300000190734863,1.9777917861938477,2.0399999618530273,2.0972251892089844,1.3899999856948853,1.945422887802124,1.4700000286102295,2.0109364986419678,139,63,321,328,123,69,493,342,3.5999999046325684,-50.79998779296875,193,21,1.0,1.0,30.580967052754982,-16,4.2125580816462,3.727659309658148,-11.510791366906474,6,1.909288914702954,2.0911259541984735,9.523809523809524
1.2899999618530273,1.90799081325531,1.440000057220459,1.8748067617416382,1.3200000524520874,1.9918688535690308,0.9200000166893005,1.8469030857086182,0.9599999785423279,1.9148973226547241,143,66,355,335,131,83,561,353,3.799999952316284,-51.0,194,20,1.0,1.0,12.535046791194045,-12,4.333782774643213,3.9701086956521743,-8.391608391608392,17,2.0002074344507137,2.515412379688019,25.757575757575758
1.899999976158142,1.8033798933029175,2.130000114440918,1.7658751010894775,1.9500000476837158,1.882800579071045,1.3200000524520874,1.752274513244629,1.399999976158142,1.8071993589401245,138,68,324,335,127,74,477,353,3.799999952316284,-50.79998779296875,194,21,1.0,1.0,31.436515072183564,-11,4.182251908396947,3.848884002655161,-7.971014492753623,6,2.0608197809492204,2.2426568204447395,8.823529411764707
1.4600000381469727,1.7545514106750488,1.6399999856948853,1.7210911512374878,1.5,1.827489972114563,1.0199999809265137,1.70290207862854,1.059999942779541,1.7595206499099731,147,70,367,343,122,76,544,359,4.0,-51.0,195,20,1.0,1.0,14.361451573422215,-25,4.455007467640226,3.697353136408895,-17.006802721088434,6,2.1214321274477266,2.303269166943246,8.571428571428571
2.009999990463257,1.6257965564727783,2.25,1.5927293300628662,2.049999952316284,1.6963703632354736,1.375,1.5869003534317017,1.4700000286102295,1.6331974267959595,130,65,336,339,121,70,475,353,4.0,-50.79998779296875,195,21,1.0,1.0,32.79690183771373,-9,3.9398025224029207,3.667046963159642,-6.923076923076923,5,1.9699012612014604,2.1214321274477266,7.6923076923076925
1.0,1.7725598812103271,1.1299999952316284,1.7322708368301392,1.0299999713897705,1.8554704189300537,0.6600000262260437,1.7112984657287598,0.7400000095367432,1.7979835271835327,134,75,437,357,127,91,636,368,4.199999809265137,-51.20001220703125,196,19,1.0,1.0,4.68462435974123,-7,4.061027215399934,3.848884002655161,-5.223880597014926,16,2.272962993693993,2.7578617656820446,21.333333333333332
1.3899999856948853,1.5636900663375854,1.5700000524520874,1.5312155485153198,1.4299999475479126,1.6322733163833618,0.9599999785423279,1.5240850448608398,1.0199999809265137,1.5714901685714722,133,70,384,344,119,80,569,357,4.199999809265137,-51.0,196,20,1.0,1.0,24.173975505245345,-14,4.030721042150681,3.606434616661135,-10.526315789473685,10,2.1214321274477266,2.424493859940259,14.285714285714286
2.009999990463257,1.484009027481079,2.259999990463257,1.449224591255188,2.049999952316284,1.5435585975646973,1.3600000143051147,1.4522335529327393,1.4800000190734863,1.492927074432373,119,60,331,341,114,65,488,353,4.199999809265137,-50.79998779296875,196,21,1.0,1.0,43.70274499567163,-5,3.606434616661135,3.454903750414869,-4.201680672268908,5,1.8183703949551941,1.9699012612014604,8.333333333333334
1.0,1.3529934883117676,1.1299999952316284,1.3315340280532837,1.0299999713897705,1.411436676979065,0.6299999952316284,1.2972933053970337,0.7099999785423279,1.3714399337768555,135,73,389,341,135,78,525,349,4.400000095367432,-51.600006103515625,197,17,1.0,1.0,5.476986420956862,0,4.091333388649187,4.091333388649187,0.0,5,2.2123506471954864,2.3638815134417523,6.8493150684931505
1.3300000429153442,1.5662567615509033,1.5099999904632568,1.5329129695892334,1.3700000047683716,1.6343556642532349,0.8399999737739563,1.5110576152801514,0.9800000190734863,1.5877342224121094,138,69,365,352,129,78,513,359,4.400000095367432,-51.399993896484375,197,18,1.0,1.0,4.706261671869886,-9,4.182251908396947,3.9094963491536676,-6.521739130434782,9,2.0911259541984735,2.3638815134417523,13.043478260869565
1.350000023841858,1.5026899576187134,1.5299999713897705,1.4737658500671387,1.3799999952316284,1.562134027481079,0.8600000143051147,1.461785078048706,1.0,1.5134581327438354,134,72,387,344,124,82,552,353,4.400000095367432,-51.20001220703125,197,19,1.0,1.0,18.923717405365856,-10,4.061027215399934,3.7579654829074016,-7.462686567164179,10,2.1820444739462332,2.4851062064387657,13.88888888888889
1.3799999952316284,1.4183332920074463,1.5700000524520874,1.3842170238494873,1.409999966621399,1.477370023727417,0.9300000071525574,1.3825585842132568,1.0399999618530273,1.42550790309906,119,68,385,339,111,77,565,349,4.400000095367432,-51.0,197,20,1.0,1.0,35.52318634038536,-8,3.606434616661135,3.3639852306671094,-6.722689075630252,9,2.0608197809492204,2.3335753401924992,13.235294117647058
1.9199999570846558,1.4696342945098877,2.1700000762939453,1.448824405670166,1.9700000286102295,1.525317907333374,1.25,1.4219810962677002,1.3700000047683716,1.4811371564865112,132,62,320,343,118,70,445,355,4.599999904632568,-51.600006103515625,198,17,1.0,1.0,19.396268555066143,-14,4.000414868901427,3.576128443411882,-10.606060606060606,8,1.8789827414537008,2.1214321274477266,12.903225806451612
1.9900000095367432,1.4187302589416504,2.25,1.3931323289871216,2.0399999618530273,1.4720828533172607,1.2799999713897705,1.3803876638412476,1.4500000476837158,1.435999870300293,135,65,331,345,116,68,468,353,4.599999904632568,-51.399993896484375,198,18,1.0,1.0,21.460408324793168,-19,4.091333388649187,3.5155160969133754,-14.074074074074074,3,1.9699012612014604,2.0608197809492204,4.615384615384615
1.7599999904632568,1.3538719415664673,1.9800000190734863,1.3208707571029663,1.7899999618530273,1.4040775299072266,1.149999976158142,1.3235783576965332,1.3300000429153442,1.369125485420227,116,63,355,341,116,70,500,345,4.599999904632568,-51.20001220703125,198,19,1.0,1.0,33.61074223314964,0,3.5155160969133754,3.5155160969133754,0.0,7,1.909288914702954,2.1214321274477266,11.11111111111111
2.130000114440918,1.3391742706298828,2.4100000858306885,1.2992948293685913,2.1550002098083496,1.3916045427322388,1.3849999904632568,1.3133463859558105,1.600000023841858,1.3499468564987183,105,58,336,336,113,68,480,345,4.599999904632568,-51.0,198,20,1.0,1.0,49.64003386430771,8,3.18214819117159,3.4245975771656156,7.619047619047619,10,1.7577580484566877,2.0608197809492204,17.24137931034483
1.8600000143051147,1.4517706632614136,2.0899999141693115,1.4347003698349,1.909999966621399,1.5089647769927979,1.25,1.3963468074798584,1.2599999904632568,1.460586667060852,148,69,318,347,121,69,434,360,4.800000190734863,-52.0,199,15,1.0,1.0,10.069885912588871,-27,4.485313640889479,3.667046963159642,-18.243243243243242,0,2.0911259541984735,2.0911259541984735,0.0
2.140000104904175,1.4005956649780273,2.4100000858306885,1.3826940059661865,2.190000057220459,1.4517183303833008,1.4299999475479126,1.3547163009643555,1.4800000190734863,1.410761833190918,135,64,302,347,116,68,424,354,4.800000190734863,-51.79998779296875,199,16,1.0,1.0,16.547353443192844,-19,4.091333388649187,3.5155160969133754,-14.074074074074074,4,1.9395950879522073,2.0608197809492204,6.25
2.2100000381469727,1.3544155359268188,2.490000009536743,1.3296294212341309,2.2699999809265137,1.4030067920684814,1.465000033378601,1.3184962272644043,1.5800000429153442,1.3694374561309814,126,63,307,345,115,65,439,351,4.800000190734863,-51.600006103515625,199,17,1.0,1.0,30.018960884250493,-11,3.818577829405908,3.4852099236641223,-8.73015873015873,2,1.909288914702954,1.9699012612014604,3.1746031746031744
2.299999952316284,1.3223299980163574,2.5999999046325684,1.2890472412109375,2.3499999046325684,1.3686827421188354,1.5199999809265137,1.2960636615753174,1.6699999570846558,1.3388044834136963,120,62,320,342,112,63,434,350,4.800000190734863,-51.399993896484375,199,18,1.0,1.0,41.75659723454327,-8,3.6367407899103883,3.3942914039163625,-6.666666666666667,1,1.8789827414537008,1.909288914702954,1.6129032258064515
1.5299999713897705,1.3798792362213135,1.7100000381469727,1.3645286560058594,1.590000033378601,1.4347498416900635,1.0399999618530273,1.333066701889038,1.0780000686645508,1.3830585479736328,150,71,365,344,114,72,502,345,5.0,-52.20001220703125,200,14,1.0,1.0,11.426643219394345,-36,4.545925987387986,3.454903750414869,-24.0,1,2.1517383006969797,2.1820444739462332,1.408450704225352
1.9199999570846558,1.3468068838119507,2.1500000953674316,1.3243212699890137,1.9700000286102295,1.3967607021331787,1.2899999618530273,1.305957317352295,1.3700000047683716,1.354708194732666,144,66,329,346,115,66,457,348,5.0,-52.0,200,15,1.0,1.0,26.60770989212546,-29,4.3640889478924665,3.4852099236641223,-20.13888888888889,0,2.0002074344507137,2.0002074344507137,0.0
2.25,1.318955659866333,2.5299999713897705,1.293052077293396,2.299999952316284,1.3641502857208252,1.5,1.287750005722046,1.6100000143051147,1.3340481519699097,123,62,317,345,112,65,441,350,5.0,-51.79998779296875,200,16,1.0,1.0,37.8558687556553,-11,3.727659309658148,3.3942914039163625,-8.94308943089431,3,1.8789827414537008,1.9699012612014604,4.838709677419355
2.3399999141693115,1.2969083786010742,2.640000104904175,1.2650638818740845,2.4000000953674316,1.3385355472564697,1.5700000524520874,1.2721145153045654,1.7000000476837158,1.311320424079895,117,62,323,341,113,64,441,351,5.0,-51.600006103515625,200,17,1.0,1.0,46.609620455745834,-4,3.545822270162629,3.4245975771656156,-3.4188034188034186,2,1.8789827414537008,1.9395950879522073,3.225806451612903
1.4700000286102295,1.3624471426010132,1.6399999856948853,1.3494117259979248,1.5299999713897705,1.4224023818969727,1.0,1.3094110488891602,1.0299999713897705,1.3686062097549438,155,73,367,340,121,79,511,347,5.199999809265137,-52.600006103515625,201,12,1.0,1.0,8.803373200861882,-34,4.697456853634252,3.667046963159642,-21.93548387096774,6,2.2123506471954864,2.394187686691006,8.219178082191782
1.8200000524520874,1.3365966081619263,2.0399999618530273,1.3203939199447632,1.8899999856948853,1.3913079500198364,1.2300000190734863,1.2934092283248901,1.25,1.3404529094696045,148,66,341,339,111,70,482,344,5.199999809265137,-52.399993896484375,201,13,1.0,1.0,19.7364709181566,-37,4.485313640889479,3.3639852306671094,-25.0,4,2.0002074344507137,2.1214321274477266,6.0606060606060606
1.9199999570846558,1.3073359727859497,2.1530001163482666,1.2873494625091553,1.9800000190734863,1.3570449352264404,1.2999999523162842,1.2696185111999512,1.350000023841858,1.313026785850525,130,61,336,341,107,66,471,341,5.199999809265137,-52.20001220703125,201,14,1.0,1.0,30.268633575871522,-23,3.9398025224029207,3.2427605376700965,-17.692307692307693,5,1.8486765682044475,2.0002074344507137,8.19672131147541
2.2100000381469727,1.2870081663131714,2.5,1.26200532913208,2.2699999809265137,1.3300049304962158,1.4900000095367432,1.2576510906219482,1.5980000495910645,1.298535704612732,127,61,332,344,108,64,461,345,5.199999809265137,-52.0,201,15,1.0,1.0,42.306628469753605,-19,3.848884002655161,3.2730667109193496,-14.960629921259843,3,1.8486765682044475,1.9395950879522073,4.918032786885246
1.840000033378601,1.302051305770874,2.049999952316284,1.2820463180541992,1.9199999570846558,1.353954792022705,1.25,1.2599434852600098,1.2999999523162842,1.3087246417999268,144,68,364,339,115,72,486,342,5.400000095367432,-52.600006103515625,202,12,1.0,1.0,21.738392816311983,-29,4.3640889478924665,3.4852099236641223,-20.13888888888889,4,2.0608197809492204,2.1820444739462332,5.882352941176471
1.940000057220459,1.2729711532592773,2.1700000762939453,1.2501188516616821,2.0199999809265137,1.317852258682251,1.3200000524520874,1.2384154796600342,1.3680000305175781,1.2844027280807495,131,64,355,341,107,68,488,343,5.400000095367432,-52.399993896484375,202,13,1.0,1.0,36.83076417859115,-24,3.9701086956521743,3.2427605376700965,-18.3206106870229,4,1.9395950879522073,2.0608197809492204,6.25
1.4900000095367432,1.3595846891403198,1.649999976158142,1.344315528869629,1.5499999523162842,1.412314534187317,1.0199999809265137,1.2987470626831055,1.0700000524520874,1.3711600303649902,153,73,364,333,109,70,472,346,5.599999904632568,-53.399993896484375,203,8,1.0,1.0,4.319112435602427,-44,4.636844507135745,3.3033728841686028,-28.758169934640524,-3,2.2123506471954864,2.1214321274477266,-4.109589041095891
1.9199999570846558,1.344860553741455,2.130000114440918,1.3283309936523438,1.9900000095367432,1.3965892791748047,1.3200000524520874,1.2910230159759521,1.399999976158142,1.3597837686538696,144,68,338,331,112,71,461,349,5.599999904632568,-53.20001220703125,203,9,1.0,1.0,7.424101387172736,-32,4.3640889478924665,3.3942914039163625,-22.22222222222222,3,2.0608197809492204,2.1517383006969797,4.411764705882353
1.9800000190734863,1.3099017143249512,2.2100000381469727,1.2896506786346436,2.049999952316284,1.3583457469940186,1.340000033378601,1.2655799388885498,1.440000057220459,1.3270107507705688,139,66,353,334,111,73,484,346,5.599999904632568,-53.0,203,10,1.0,1.0,15.69138748389396,-28,4.2125580816462,3.3639852306671094,-20.14388489208633,7,2.0002074344507137,2.2123506471954864,10.606060606060606
2.0,1.263379693031311,2.2300000190734863,1.2394756078720093,2.069999933242798,1.3083215951919556,1.3600000143051147,1.2247977256774902,1.440000057220459,1.2772297859191895,138,68,353,337,111,69,490,344,5.599999904632568,-52.79998779296875,203,11,1.0,1.0,23.93553573896936,-27,4.182251908396947,3.3639852306671094,-19.565217391304348,1,2.0608197809492204,2.0911259541984735,1.4705882352941178
1.940000057220459,1.2495982646942139,2.1700000762939453,1.2210557460784912,2.009999990463257,1.2927254438400269,1.340000033378601,1.2169837951660156,1.3799999952316284,1.2620853185653687,135,65,353,338,112,70,502,346,5.599999904632568,-52.600006103515625,203,12,1.0,1.0,37.08131194137091,-23,4.091333388649187,3.3942914039163625,-17.037037037037038,5,1.9699012612014604,2.1214321274477266,7.6923076923076925
1.7000000476837158,1.3271501064300537,1.8899999856948853,1.3087704181671143,1.75,1.3763329982757568,1.159999966621399,1.2739968299865723,1.2899999618530273,1.34026300907135,132,67,364,336,125,77,480,346,5.800000190734863,-53.600006103515625,204,7,1.0,1.0,18.309629849878384,-7,4.000414868901427,3.7882716561566547,-5.303030303030303,10,2.030513607699967,2.3335753401924992,14.925373134328359
1.5399999618530273,1.302512288093567,1.7200000286102295,1.2799248695373535,1.590000033378601,1.3491754531860352,1.059999942779541,1.2578073740005493,1.159999966621399,1.3183549642562866,133,69,372,338,119,76,494,344,5.800000190734863,-53.399993896484375,204,8,1.0,1.0,26.45007814355909,-14,4.030721042150681,3.606434616661135,-10.526315789473685,7,2.0911259541984735,2.303269166943246,10.144927536231885
2.119999885559082,1.2729631662368774,2.36299991607666,1.2504901885986328,2.200000047683716,1.31793212890625,1.4700000286102295,1.2338112592697144,1.5499999523162842,1.2901884317398071,133,64,336,339,104,68,458,344,5.800000190734863,-53.20001220703125,204,9,1.0,1.0,27.686617383955507,-29,4.030721042150681,3.1518420179223368,-21.804511278195488,4,1.9395950879522073,2.0608197809492204,6.25
2.140000104904175,1.245488166809082,2.390000104904175,1.2204095125198364,2.2100000381469727,1.2912838459014893,1.4700000286102295,1.2120726108551025,1.5700000524520874,1.2629554271697998,137,66,353,338,115,72,473,343,5.800000190734863,-53.0,204,10,1.0,1.0,35.63454461240179,-22,4.151945735147693,3.4852099236641223,-16.05839416058394,6,2.0002074344507137,2.1820444739462332,9.090909090909092
2.119999885559082,1.2187225818634033,2.369999885559082,1.1904263496398926,2.190000057220459,1.2599754333496094,1.4700000286102295,1.1910450458526611,1.5299999713897705,1.2347145080566406,132,68,354,337,114,71,480,343,5.800000190734863,-52.79998779296875,204,11,1.0,1.0,43.33019235148454,-18,4.000414868901427,3.454903750414869,-13.636363636363637,3,2.0608197809492204,2.1517383006969797,4.411764705882353
1.940000057220459,1.278193473815918,2.140000104904175,1.2578486204147339,2.0,1.317156434059143,1.3799999952316284,1.2283155918121338,1.4500000476837158,1.3006271123886108,121,58,344,335,117,70,457,350,6.0,-54.20001220703125,205,4,1.0,1.0,12.976735093635012,-4,3.667046963159642,3.545822270162629,-3.3057851239669422,12,1.7577580484566877,2.1214321274477266,20.689655172413794
2.069999933242798,1.2831895351409912,2.2899999618530273,1.262101650238037,2.130000114440918,1.3235130310058594,1.4500000476837158,1.2376065254211426,1.559999942779541,1.3048335313796997,125,59,346,339,115,68,470,348,6.0,-54.0,205,5,1.0,1.0,17.93874395702036,-10,3.7882716561566547,3.4852099236641223,-8.0,9,1.788064221705941,2.0608197809492204,15.254237288135593
2.1600000858306885,1.2725398540496826,2.4030001163482666,1.249691128730774,2.2300000190734863,1.3133939504623413,1.5199999809265137,1.2298442125320435,1.6399999856948853,1.292203426361084,128,63,342,337,112,70,467,344,6.0,-53.79998779296875,205,6,1.0,1.0,29.72937910039374,-16,3.8791901759044145,3.3942914039163625,-12.5,7,1.909288914702954,2.1214321274477266,11.11111111111111
2.200000047683716,1.2602744102478027,2.450000047683716,1.234324336051941,2.259999990463257,1.303600788116455,1.5299999713897705,1.222146987915039,1.6699999570846558,1.2793251276016235,123,62,347,338,115,73,473,346,6.0,-53.600006103515625,205,7,1.0,1.0,36.97894263647528,-8,3.727659309658148,3.4852099236641223,-6.504065040650406,11,1.8789827414537008,2.2123506471954864,17.741935483870968
2.2200000286102295,1.2381430864334106,2.4700000286102295,1.2114394903182983,2.2799999713897705,1.2797017097473145,1.5399999618530273,1.2067915201187134,1.6699999570846558,1.2576878070831299,118,60,351,340,115,71,488,341,6.0,-53.399993896484375,205,8,1.0,1.0,46.744929193608385,-3,3.576128443411882,3.4852099236641223,-2.542372881355932,11,1.8183703949551941,2.1517383006969797,18.333333333333332
2.2200000286102295,1.2174830436706543,2.4700000286102295,1.1886742115020752,2.2799999713897705,1.259106993675232,1.5299999713897705,1.188767910003662,1.6699999570846558,1.2365410327911377,122,62,349,339,115,71,479,343,6.0,-53.20001220703125,205,9,1.0,1.0,49.40070850560563,-7,3.697353136408895,3.4852099236641223,-5.737704918032787,9,1.8789827414537008,2.1517383006969797,14.516129032258064
