grid_lat,grid_lon,latitude_band,mhws_m,hat_m,hat_minus_mhws_m,springneap_swing_m,mhws_n_candidates,mhws_n_accepted,mhws_n_rejected,mhws_frac_tide_alone,mhws_full_days,mhws_mean_excess_m,mhws_mean_meteo_term_m,mhws_mean_astro_term_m,hybrid_mean_excess_over_mhws_m,hybrid_inherited_constant_m,hybrid_constant_share,hat_n_candidates,hat_n_accepted,hat_n_rejected,hat_frac_tide_alone,hat_full_days,hat_mean_excess_m,hat_mean_meteo_term_m,hat_mean_astro_term_m
-35.0,-54.8,RS,0.0996,0.3407,0.2411,0.301,344,344,0,0.9041,535,0.5544,0.4886,0.0659,0.5544,0.2411,0.4348,344,344,0,0.0,535,0.3134,0.4886,-0.1752
-35.0,-54.6,RS,0.1134,0.3876,0.2742,0.3355,323,323,0,0.9133,514,0.5216,0.4407,0.0809,0.5334,0.2742,0.514,323,309,14,0.0,492,0.2592,0.4492,-0.19
-35.0,-54.4,RS,0.1228,0.4246,0.3018,0.3642,317,317,0,0.9369,497,0.485,0.3894,0.0956,0.5138,0.3018,0.5875,317,287,30,0.0,439,0.2119,0.4089,-0.1969
-35.0,-54.2,RS,0.1288,0.457,0.3282,0.3877,307,307,0,0.9479,480,0.4571,0.3516,0.1055,0.5065,0.3282,0.648,307,252,55,0.0,377,0.1783,0.3825,-0.2042
-35.0,-54.0,RS,0.1322,0.4812,0.349,0.4095,295,295,0,0.9492,480,0.4325,0.3177,0.1148,0.5036,0.349,0.6931,295,214,81,0.0,328,0.1546,0.3596,-0.205
-34.8,-54.4,RS,0.1213,0.4142,0.2929,0.3561,325,325,0,0.9354,499,0.5885,0.4971,0.0914,0.5931,0.2929,0.4939,325,321,4,0.0,492,0.3001,0.5002,-0.2
-34.8,-54.2,RS,0.1272,0.4507,0.3235,0.385,315,315,0,0.9556,497,0.5552,0.4493,0.1059,0.5746,0.3235,0.5631,315,294,21,0.0,462,0.2511,0.4631,-0.212
-34.8,-54.0,RS,0.131,0.4805,0.3495,0.4111,298,298,0,0.9631,483,0.5107,0.3931,0.1176,0.5549,0.3495,0.6299,298,252,46,0.0,400,0.2054,0.4224,-0.217
-34.8,-53.8,RS,0.1324,0.5026,0.3701,0.4278,289,289,0,0.955,470,0.471,0.3433,0.1277,0.5374,0.3701,0.6887,289,223,66,0.0,338,0.1673,0.3826,-0.2153
-34.8,-53.6,RS,0.1311,0.5131,0.3819,0.4398,284,284,0,0.9613,455,0.4321,0.2999,0.1322,0.52,0.3819,0.7345,284,193,91,0.0,274,0.138,0.3471,-0.209
-34.6,-54.0,RS,0.1309,0.4873,0.3564,0.4161,291,291,0,0.9656,456,0.6044,0.4831,0.1213,0.626,0.3564,0.5694,291,276,15,0.0,423,0.2696,0.4981,-0.2285
-34.6,-53.8,RS,0.1316,0.5111,0.3795,0.4361,287,287,0,0.9652,465,0.5672,0.4343,0.1329,0.6079,0.3795,0.6244,287,251,36,0.0,397,0.2283,0.4612,-0.2329
-34.6,-53.6,RS,0.1306,0.5265,0.3959,0.4576,283,283,0,0.9717,475,0.5185,0.3778,0.1407,0.5823,0.3959,0.6799,283,229,54,0.0,356,0.1864,0.4159,-0.2296
-34.6,-53.4,RS,0.128,0.5268,0.3988,0.4568,278,278,0,0.9748,463,0.4644,0.3207,0.1437,0.5492,0.3988,0.7261,278,200,78,0.0,294,0.1504,0.3665,-0.2161
-34.4,-53.8,RS,0.1317,0.5352,0.4035,0.46,309,309,0,0.9676,462,0.6371,0.4912,0.1459,0.6657,0.4035,0.6061,309,286,23,0.0,420,0.2622,0.5095,-0.2473
-34.4,-53.6,RS,0.1313,0.5575,0.4262,0.4816,282,282,0,0.9858,443,0.6061,0.4489,0.1573,0.6542,0.4262,0.6515,282,243,39,0.0,370,0.228,0.4791,-0.2511
-34.4,-53.4,RS,0.1288,0.5581,0.4292,0.4829,282,282,0,0.9858,455,0.5498,0.3895,0.1603,0.6211,0.4292,0.6911,282,217,65,0.0,333,0.1918,0.4303,-0.2385
-34.2,-53.6,RS,0.1329,0.6036,0.4707,0.5271,254,254,0,0.9921,365,0.6646,0.4836,0.181,0.7159,0.4707,0.6575,254,218,36,0.0,305,0.2452,0.5161,-0.2709
-34.2,-53.4,RS,0.1305,0.6032,0.4727,0.5267,276,276,0,0.9855,434,0.6211,0.4389,0.1822,0.6861,0.4727,0.689,276,224,52,0.0,335,0.2134,0.4751,-0.2618
-34.2,-53.2,RS,0.1265,0.5815,0.455,0.5101,277,277,0,0.9892,448,0.5609,0.3844,0.1765,0.6376,0.455,0.7136,277,211,66,0.0,319,0.1826,0.4256,-0.243
-34.0,-53.4,RS,0.1318,0.6506,0.5187,0.564,261,261,0,0.9962,393,0.6816,0.4746,0.207,0.7477,0.5187,0.6938,261,216,45,0.0,309,0.2289,0.5125,-0.2836
-34.0,-53.2,RS,0.1284,0.6298,0.5013,0.5502,278,278,0,0.9892,434,0.6311,0.4295,0.2016,0.7042,0.5013,0.712,278,217,61,0.0,323,0.2028,0.4689,-0.2661
-34.0,-53.0,RS,0.1237,0.5986,0.4749,0.5271,281,281,0,0.9858,460,0.573,0.384,0.189,0.6522,0.4749,0.7281,281,214,67,0.0,324,0.1773,0.4236,-0.2463
-33.8,-53.4,RS,0.1331,0.6892,0.5561,0.605,258,258,0,0.9922,363,0.7301,0.5017,0.2284,0.7929,0.5561,0.7014,258,216,42,0.0,293,0.2368,0.5372,-0.3005
-33.8,-53.2,RS,0.1299,0.6728,0.5429,0.5863,278,278,0,0.9892,425,0.6946,0.4734,0.2213,0.7704,0.5429,0.7047,278,221,57,0.0,322,0.2275,0.5144,-0.2869
-33.8,-53.0,RS,0.1258,0.6429,0.5171,0.5628,292,292,0,0.9932,467,0.6391,0.43,0.2091,0.7166,0.5171,0.7217,292,228,64,0.0,341,0.1995,0.4715,-0.272
-33.8,-52.8,RS,0.1209,0.6072,0.4862,0.5381,292,292,0,0.9795,484,0.584,0.3896,0.1945,0.6649,0.4862,0.7313,292,220,72,0.0,339,0.1786,0.4307,-0.2521
-33.6,-53.0,RS,0.1268,0.6771,0.5504,0.592,298,298,0,0.9933,457,0.702,0.4769,0.2251,0.782,0.5504,0.7038,298,237,61,0.0,342,0.2317,0.5209,-0.2892
-33.6,-52.8,RS,0.1225,0.6469,0.5244,0.5719,289,289,0,0.9896,463,0.654,0.441,0.2131,0.7307,0.5244,0.7177,289,227,62,0.0,344,0.2063,0.4831,-0.2768
-33.6,-52.6,RS,0.1172,0.6066,0.4894,0.5426,289,289,0,0.9827,479,0.5914,0.3967,0.1947,0.6704,0.4894,0.73,289,219,70,0.0,340,0.181,0.438,-0.2569
-33.4,-52.8,RS,0.1226,0.6801,0.5575,0.6037,294,294,0,0.9932,451,0.7124,0.4871,0.2253,0.7954,0.5575,0.7009,294,227,67,0.0,334,0.2379,0.5336,-0.2957
-33.4,-52.6,RS,0.1182,0.6422,0.524,0.5788,292,292,0,0.9897,463,0.6523,0.4429,0.2094,0.7292,0.524,0.7186,292,230,62,0.0,342,0.2052,0.4841,-0.2789
-33.4,-52.4,RS,0.1123,0.5877,0.4754,0.5326,283,283,0,0.9823,463,0.5668,0.3823,0.1845,0.6482,0.4754,0.7335,283,209,74,0.0,320,0.1728,0.4246,-0.2519
-33.2,-52.6,RS,0.1175,0.6632,0.5457,0.603,268,268,0,0.9851,397,0.6994,0.484,0.2153,0.7808,0.5457,0.6989,268,208,60,0.0,297,0.2351,0.5301,-0.2951
-33.2,-52.4,RS,0.113,0.6138,0.5008,0.5631,265,265,0,0.9774,415,0.6261,0.4276,0.1985,0.6989,0.5008,0.7165,265,208,57,0.0,310,0.1981,0.4668,-0.2687
-33.2,-52.2,RS,0.1072,0.5599,0.4527,0.5182,271,271,0,0.9779,430,0.5295,0.3605,0.1691,0.6176,0.4527,0.733,271,189,82,0.0,287,0.1649,0.407,-0.2421
-33.0,-52.4,RS,0.1127,0.6336,0.5209,0.5887,227,227,0,0.978,331,0.6582,0.4553,0.2029,0.7322,0.5209,0.7114,227,179,48,0.0,251,0.2113,0.4963,-0.2849
-33.0,-52.2,RS,0.108,0.5862,0.4782,0.5464,246,246,0,0.9797,378,0.5763,0.3966,0.1796,0.6619,0.4782,0.7225,246,181,65,0.0,262,0.1837,0.4455,-0.2618
-32.8,-52.4,RS,0.1117,0.6421,0.5304,0.5961,196,196,0,0.9949,275,0.6766,0.4806,0.196,0.7537,0.5304,0.7038,196,153,43,0.0,207,0.2233,0.5238,-0.3005
-32.8,-52.2,RS,0.1083,0.6029,0.4946,0.5644,218,218,0,0.9862,324,0.6126,0.428,0.1846,0.697,0.4946,0.7096,218,164,54,0.0,231,0.2024,0.4751,-0.2727
-32.8,-52.0,RS,0.1028,0.5555,0.4527,0.5271,242,242,0,0.9835,379,0.5402,0.3759,0.1643,0.6287,0.4527,0.7201,242,172,70,0.0,254,0.1759,0.4262,-0.2503
-32.6,-52.2,RS,0.1071,0.6131,0.506,0.5826,186,186,0,0.9946,264,0.6203,0.4434,0.1769,0.7152,0.506,0.7075,186,136,50,0.0,179,0.2092,0.498,-0.2888
-32.6,-52.0,RS,0.1024,0.5705,0.4681,0.5514,226,226,0,0.9912,349,0.5642,0.3971,0.167,0.6578,0.4681,0.7116,226,162,64,0.0,233,0.1897,0.4502,-0.2605
-32.4,-52.2,RS,0.1053,0.6122,0.5069,0.5853,180,180,0,0.9944,252,0.6473,0.4656,0.1817,0.7244,0.5069,0.6998,180,143,37,0.0,188,0.2175,0.5101,-0.2926
-32.4,-52.0,RS,0.1011,0.5728,0.4718,0.5501,221,221,0,0.991,323,0.5953,0.43,0.1653,0.6748,0.4718,0.6992,221,174,47,0.0,234,0.203,0.4777,-0.2747
-32.4,-51.8,RS,0.0961,0.5301,0.434,0.5171,245,245,0,0.9918,384,0.5457,0.3958,0.1499,0.6206,0.434,0.6994,245,189,56,0.0,276,0.1865,0.4404,-0.2538
-32.2,-52.0,RS,0.0987,0.5627,0.4641,0.5419,245,245,0,0.9918,350,0.627,0.4676,0.1594,0.6903,0.4641,0.6722,245,203,42,0.0,275,0.2263,0.5075,-0.2813
-32.2,-51.8,RS,0.0942,0.5226,0.4284,0.5083,256,256,0,0.9883,388,0.5787,0.4325,0.1462,0.6363,0.4284,0.6733,256,214,42,0.0,308,0.2079,0.4684,-0.2605
-32.2,-51.6,RS,0.0889,0.4754,0.3865,0.4642,266,266,0,0.9774,424,0.5151,0.3846,0.1305,0.5718,0.3865,0.676,266,216,50,0.0,327,0.1853,0.4185,-0.2332
-32.0,-51.8,RS,0.0909,0.5022,0.4113,0.4885,268,268,0,0.9888,381,0.6084,0.4686,0.1398,0.65,0.4113,0.6327,268,232,36,0.0,325,0.2387,0.4959,-0.2572
-32.0,-51.6,RS,0.0866,0.461,0.3743,0.4452,251,251,0,0.9841,385,0.5578,0.4307,0.1271,0.592,0.3743,0.6324,251,223,28,0.0,335,0.2176,0.4529,-0.2353
-32.0,-51.4,RS,0.0828,0.4218,0.339,0.4101,256,256,0,0.9844,408,0.497,0.3815,0.1155,0.5312,0.339,0.6382,256,225,31,0.0,350,0.1922,0.4033,-0.2111
-32.0,-51.2,RS,0.0801,0.3887,0.3086,0.3763,254,254,0,0.9528,423,0.424,0.3167,0.1072,0.4688,0.3086,0.6582,254,205,49,0.0,332,0.1602,0.3439,-0.1836
-31.8,-51.4,RS,0.0798,0.4024,0.3225,0.3905,255,255,0,0.9843,390,0.5509,0.441,0.1099,0.5611,0.3225,0.5748,255,248,7,0.0,375,0.2386,0.4473,-0.2088
-31.8,-51.2,RS,0.0785,0.3816,0.303,0.3674,252,252,0,0.9643,410,0.4789,0.3745,0.1043,0.5028,0.303,0.6027,252,231,21,0.0,367,0.1997,0.3901,-0.1903
-31.8,-51.0,RS,0.0783,0.3832,0.3048,0.3691,245,245,0,0.9592,416,0.3966,0.2966,0.0999,0.4502,0.3048,0.6771,245,187,58,0.0,301,0.1454,0.3303,-0.185
-31.6,-51.2,RS,0.0774,0.3765,0.2991,0.3628,249,249,0,0.9558,381,0.5284,0.4298,0.0985,0.5358,0.2991,0.5582,249,243,6,0.0,370,0.2367,0.4343,-0.1976
-31.6,-51.0,RS,0.0787,0.3806,0.3019,0.3645,246,246,0,0.9553,396,0.4553,0.3589,0.0963,0.4837,0.3019,0.6241,246,217,29,0.0,344,0.1818,0.3779,-0.1961
-31.6,-50.8,RS,0.0799,0.3821,0.3023,0.3657,241,241,0,0.9544,407,0.3589,0.263,0.0959,0.4233,0.3023,0.7141,241,164,77,0.0,262,0.121,0.3051,-0.1841
-31.4,-50.8,RS,0.0818,0.382,0.3002,0.3666,221,221,0,0.9457,355,0.431,0.3395,0.0915,0.4647,0.3002,0.646,221,189,32,0.0,297,0.1645,0.3628,-0.1983
-31.4,-50.6,RS,0.0832,0.3864,0.3033,0.3706,243,243,0,0.9465,409,0.3287,0.2359,0.0929,0.4036,0.3033,0.7513,243,144,99,0.0,227,0.1004,0.2817,-0.1814
-31.2,-50.8,RS,0.084,0.381,0.2969,0.3644,229,229,0,0.9432,348,0.4829,0.3951,0.0878,0.4951,0.2969,0.5997,229,219,10,0.0,330,0.1982,0.4028,-0.2046
-31.2,-50.6,RS,0.0858,0.3871,0.3013,0.3706,240,240,0,0.9417,390,0.3914,0.3015,0.0899,0.439,0.3013,0.6864,240,185,55,0.0,288,0.1377,0.3343,-0.1967
-31.2,-50.4,RS,0.0871,0.391,0.3039,0.3766,250,250,0,0.944,407,0.3015,0.2118,0.0898,0.3909,0.3039,0.7775,250,119,131,0.0,180,0.087,0.2617,-0.1748
-31.0,-50.6,RS,0.0887,0.3887,0.2999,0.3741,206,206,0,0.9466,314,0.4453,0.3586,0.0867,0.4689,0.2999,0.6397,206,185,21,0.0,278,0.169,0.3749,-0.2059
-31.0,-50.4,RS,0.0901,0.393,0.3029,0.3778,234,234,0,0.9444,384,0.3644,0.2774,0.087,0.4238,0.3029,0.7146,234,163,71,0.0,255,0.1209,0.3183,-0.1974
-31.0,-50.2,RS,0.0912,0.3959,0.3047,0.3818,245,245,0,0.9429,402,0.2895,0.2018,0.0878,0.3887,0.3047,0.7839,245,99,146,0.0,153,0.084,0.2522,-0.1682
-30.8,-50.4,RS,0.0929,0.3953,0.3024,0.3822,216,216,0,0.9491,336,0.4264,0.3403,0.0861,0.4589,0.3024,0.6589,216,182,34,0.0,279,0.1565,0.3637,-0.2072
-30.8,-50.2,RS,0.0943,0.3989,0.3046,0.3876,240,240,0,0.9417,390,0.3522,0.2667,0.0855,0.4185,0.3046,0.7277,240,157,83,0.0,240,0.114,0.3117,-0.1977
-30.6,-50.4,RS,0.0962,0.3974,0.3012,0.3844,129,129,0,0.938,183,0.4588,0.3717,0.0871,0.4795,0.3012,0.6282,129,116,13,0.0,165,0.1783,0.3851,-0.2068
-30.6,-50.2,RS,0.0992,0.4041,0.3049,0.3938,214,214,0,0.9579,336,0.4072,0.3221,0.0851,0.4454,0.3049,0.6844,214,174,40,0.0,266,0.1406,0.3493,-0.2087
-30.6,-50.0,RS,0.1011,0.4061,0.305,0.3965,235,235,0,0.9319,390,0.3355,0.2519,0.0836,0.4099,0.305,0.7439,235,138,97,0.0,214,0.105,0.302,-0.197
-30.4,-50.2,RS,0.1081,0.4126,0.3045,0.3992,157,157,0,0.9299,233,0.4318,0.3513,0.0805,0.468,0.3045,0.6505,157,133,24,0.0,191,0.1636,0.3777,-0.2141
-30.4,-50.0,RS,0.1094,0.4139,0.3045,0.4019,217,217,0,0.9355,351,0.3766,0.2981,0.0785,0.4334,0.3045,0.7025,217,158,59,0.0,239,0.129,0.3384,-0.2094
-30.4,-49.8,RS,0.111,0.4133,0.3023,0.4027,238,238,0,0.9118,396,0.3177,0.2396,0.0781,0.3984,0.3023,0.7588,238,128,110,0.0,200,0.0961,0.2917,-0.1956
-30.2,-50.0,RS,0.1209,0.4233,0.3024,0.4076,172,172,0,0.9244,273,0.3975,0.3231,0.0744,0.4446,0.3024,0.6801,172,136,36,0.0,205,0.1422,0.3565,-0.2143
-30.2,-49.8,RS,0.1219,0.4216,0.2997,0.4082,220,220,0,0.9045,360,0.3449,0.273,0.0719,0.4126,0.2997,0.7264,220,141,79,0.0,219,0.1129,0.32,-0.2071
-30.0,-50.0,SC/PR,0.1322,0.4317,0.2995,0.4145,129,129,0,0.9225,190,0.4181,0.341,0.0771,0.4707,0.2995,0.6363,129,100,29,0.0,142,0.1712,0.3785,-0.2073
-30.0,-49.8,SC/PR,0.1337,0.4302,0.2966,0.4144,206,206,0,0.8835,336,0.3658,0.3001,0.0657,0.4219,0.2966,0.7028,206,152,54,0.0,230,0.1254,0.3397,-0.2143
-29.8,-49.8,SC/PR,0.1454,0.4381,0.2927,0.4178,199,199,0,0.8794,313,0.3899,0.3276,0.0622,0.4334,0.2927,0.6752,199,163,36,0.0,240,0.1408,0.3586,-0.2179
-29.8,-49.6,SC/PR,0.1468,0.4351,0.2883,0.4163,230,230,0,0.8696,393,0.3389,0.2806,0.0582,0.4063,0.2883,0.7095,230,150,80,0.0,241,0.1181,0.3272,-0.2091
-29.6,-49.8,SC/PR,0.1565,0.4444,0.2879,0.4285,172,172,0,0.8721,255,0.4135,0.3532,0.0603,0.4481,0.2879,0.6424,172,148,24,0.0,211,0.1603,0.3763,-0.216
-29.6,-49.6,SC/PR,0.1589,0.4424,0.2835,0.4258,216,216,0,0.8657,357,0.3669,0.3142,0.0527,0.4175,0.2835,0.6791,216,167,49,0.0,258,0.134,0.3495,-0.2155
-29.6,-49.4,SC/PR,0.1607,0.4393,0.2785,0.4215,234,234,0,0.8376,408,0.3154,0.2677,0.0477,0.3869,0.2785,0.7199,234,145,89,0.0,237,0.1084,0.3144,-0.2061
-29.4,-49.6,SC/PR,0.1708,0.449,0.2782,0.4336,198,198,0,0.8131,312,0.393,0.3453,0.0478,0.4276,0.2782,0.6506,198,168,30,0.0,258,0.1494,0.3675,-0.2181
-29.4,-49.4,SC/PR,0.1733,0.4455,0.2722,0.4285,232,232,0,0.7931,395,0.339,0.2999,0.0391,0.3984,0.2722,0.6832,232,164,68,0.0,264,0.1262,0.341,-0.2148
-29.4,-49.2,SC/PR,0.1749,0.4418,0.2669,0.4229,249,249,0,0.7791,444,0.2867,0.2523,0.0345,0.3659,0.2669,0.7294,249,145,104,0.0,234,0.099,0.3038,-0.2048
-29.2,-49.4,SC/PR,0.1859,0.4497,0.2638,0.4332,221,221,0,0.7421,366,0.3723,0.3405,0.0318,0.4106,0.2638,0.6425,221,185,36,0.0,293,0.1468,0.3669,-0.2201
-29.2,-49.2,SC/PR,0.187,0.4461,0.2591,0.4273,250,250,0,0.752,436,0.3162,0.2888,0.0274,0.3812,0.2591,0.6797,250,169,81,0.0,276,0.1221,0.3338,-0.2117
-29.2,-49.0,SC/PR,0.1881,0.4433,0.2552,0.4236,255,255,0,0.7255,455,0.2596,0.2381,0.0215,0.3473,0.2552,0.735,255,135,120,0.0,213,0.092,0.2899,-0.1979
-29.0,-49.4,SC/PR,0.195,0.4493,0.2542,0.431,202,202,0,0.7178,304,0.3994,0.3698,0.0296,0.42,0.2542,0.6054,202,184,18,0.0,274,0.1657,0.3826,-0.2168
-29.0,-49.2,SC/PR,0.197,0.4476,0.2506,0.4292,249,249,0,0.7189,425,0.3522,0.3316,0.0206,0.3902,0.2506,0.6421,249,208,41,0.0,339,0.1397,0.3575,-0.2178
-29.0,-49.0,SC/PR,0.1988,0.4457,0.2469,0.4264,260,260,0,0.7115,460,0.2889,0.2752,0.0138,0.3588,0.2469,0.688,260,165,95,0.0,273,0.112,0.3242,-0.2123
-29.0,-48.8,SC/PR,0.2006,0.4438,0.2432,0.4238,261,260,1,0.6885,468,0.2317,0.2222,0.0094,0.3335,0.2432,0.7292,261,114,147,0.0,178,0.0903,0.2829,-0.1926
-29.0,-48.6,SC/PR,0.202,0.4425,0.2405,0.4219,264,263,1,0.635,465,0.1829,0.1755,0.0073,0.3085,0.2405,0.7795,264,72,192,0.0,105,0.068,0.2376,-0.1696
-28.8,-49.0,SC/PR,0.2076,0.4452,0.2376,0.4248,261,261,0,0.6667,457,0.3456,0.3362,0.0094,0.3812,0.2376,0.6233,261,223,38,0.0,373,0.1436,0.3593,-0.2156
-28.8,-48.8,SC/PR,0.2111,0.4447,0.2337,0.4233,269,269,0,0.6171,474,0.2728,0.2715,0.0013,0.3415,0.2337,0.6841,269,175,94,0.0,283,0.1079,0.3174,-0.2096
-28.8,-48.6,SC/PR,0.2135,0.4448,0.2313,0.4238,274,273,1,0.5861,482,0.2093,0.2108,-0.0015,0.3165,0.2313,0.7308,274,109,165,0.0,166,0.0852,0.2713,-0.1862
-28.8,-48.4,SC/PR,0.2144,0.4448,0.2305,0.424,258,254,4,0.5945,451,0.161,0.1624,-0.0014,0.2941,0.2305,0.7836,258,61,197,0.0,82,0.0636,0.2232,-0.1596
-28.6,-48.8,SC/PR,0.2211,0.4419,0.2208,0.4187,278,278,0,0.5827,495,0.3338,0.3382,-0.0044,0.3688,0.2208,0.5986,278,242,36,0.0,407,0.148,0.3599,-0.2119
-28.6,-48.6,SC/PR,0.2261,0.4463,0.2202,0.4226,266,265,1,0.5547,473,0.2464,0.2552,-0.0088,0.3181,0.2202,0.6921,266,169,97,0.0,267,0.0979,0.2982,-0.2003
-28.6,-48.4,SC/PR,0.2274,0.4483,0.2209,0.4241,270,267,3,0.5393,473,0.179,0.1898,-0.0107,0.294,0.2209,0.7512,270,88,182,0.0,135,0.0731,0.2473,-0.1741
-28.4,-48.6,SC/PR,0.2407,0.4475,0.2068,0.4202,249,248,1,0.5,410,0.2824,0.2981,-0.0157,0.3312,0.2068,0.6243,249,189,60,0.0,298,0.1244,0.3278,-0.2034
-28.4,-48.4,SC/PR,0.2424,0.452,0.2096,0.4254,274,271,3,0.4982,474,0.2016,0.2185,-0.0168,0.2948,0.2096,0.711,274,132,142,0.0,199,0.0852,0.2663,-0.1811
-28.2,-48.6,SC/PR,0.2571,0.4496,0.1924,0.4189,203,203,0,0.4631,299,0.2966,0.3179,-0.0213,0.3362,0.1924,0.5724,203,168,35,0.0,240,0.1438,0.3395,-0.1957
-28.2,-48.4,SC/PR,0.2583,0.4557,0.1974,0.4245,262,259,3,0.4517,433,0.2216,0.2471,-0.0255,0.2987,0.1974,0.6608,262,158,104,0.0,238,0.1013,0.2877,-0.1864
-28.2,-48.2,SC/PR,0.2581,0.4592,0.2011,0.4296,284,271,13,0.4613,459,0.1654,0.1866,-0.0211,0.2727,0.2011,0.7374,284,102,182,0.0,149,0.0716,0.234,-0.1624
-28.0,-48.4,SC/PR,0.2748,0.4639,0.1891,0.4288,246,243,3,0.4527,386,0.2404,0.2691,-0.0286,0.3039,0.1891,0.6223,246,169,77,0.0,247,0.1148,0.3023,-0.1875
-28.0,-48.2,SC/PR,0.2746,0.4681,0.1935,0.4347,282,271,11,0.4317,446,0.1776,0.2057,-0.0281,0.2793,0.1935,0.6928,282,116,166,0.0,169,0.0858,0.2488,-0.163
-27.8,-48.4,SC/PR,0.2919,0.4761,0.1842,0.4369,230,227,3,0.4449,332,0.2447,0.2772,-0.0325,0.305,0.1842,0.6037,230,162,68,0.0,222,0.1209,0.3047,-0.1838
-27.8,-48.2,SC/PR,0.2921,0.4816,0.1895,0.4442,278,267,11,0.4569,421,0.1898,0.2225,-0.0327,0.282,0.1895,0.6718,278,140,138,0.0,194,0.0926,0.2584,-0.1658
-27.6,-48.4,SC/PR,0.3112,0.4926,0.1814,0.4508,217,213,4,0.4272,287,0.2519,0.2869,-0.0349,0.3155,0.1814,0.5749,217,151,66,0.0,197,0.1341,0.3133,-0.1792
-27.6,-48.2,SC/PR,0.3125,0.5007,0.1882,0.4592,264,251,13,0.4582,384,0.1981,0.2332,-0.0351,0.2903,0.1882,0.6485,264,136,128,0.0,187,0.102,0.2686,-0.1666
-27.6,-48.0,SC/PR,0.3086,0.5012,0.1926,0.4625,283,251,32,0.4622,391,0.1586,0.1869,-0.0283,0.2721,0.1926,0.7077,283,92,191,0.0,129,0.0795,0.2218,-0.1423
-27.4,-48.4,SC/PR,0.3532,0.5373,0.1841,0.4914,181,172,9,0.4709,218,0.2471,0.2754,-0.0284,0.3176,0.1841,0.5797,181,116,65,0.0,143,0.1335,0.2986,-0.1651
-27.4,-48.2,SC/PR,0.3385,0.5282,0.1897,0.4826,250,233,17,0.4721,335,0.2077,0.2388,-0.0311,0.2961,0.1897,0.6406,250,129,121,0.0,175,0.1064,0.2656,-0.1592
-27.4,-48.0,SC/PR,0.3304,0.5244,0.194,0.4811,291,255,36,0.4824,383,0.168,0.1952,-0.0272,0.2806,0.194,0.6914,291,101,190,0.0,139,0.0866,0.2292,-0.1426
-27.2,-48.4,SC/PR,0.3803,0.583,0.2027,0.5391,157,147,10,0.5034,181,0.2513,0.2681,-0.0167,0.3263,0.2027,0.6213,157,95,62,0.0,116,0.1236,0.2855,-0.1619
-27.2,-48.2,SC/PR,0.3672,0.5667,0.1995,0.5209,229,207,22,0.4783,278,0.213,0.2369,-0.0239,0.2989,0.1995,0.6674,229,114,115,0.0,146,0.0994,0.2566,-0.1572
-27.2,-48.0,SC/PR,0.3548,0.5525,0.1977,0.508,284,241,43,0.5104,359,0.178,0.2023,-0.0243,0.2876,0.1977,0.6875,284,110,174,0.0,141,0.0899,0.2331,-0.1432
-27.0,-48.4,SC/PR,0.4078,0.6299,0.2221,0.5813,139,127,12,0.4882,150,0.2369,0.2493,-0.0124,0.3251,0.2221,0.6831,139,73,66,0.0,83,0.103,0.2672,-0.1642
-27.0,-48.2,SC/PR,0.3948,0.6119,0.217,0.5636,221,195,26,0.5179,262,0.2224,0.2358,-0.0134,0.3245,0.217,0.6689,221,101,120,0.0,125,0.1075,0.2572,-0.1498
-26.8,-48.4,SC/PR,0.433,0.6774,0.2444,0.6229,177,161,16,0.528,201,0.2453,0.2554,-0.0101,0.3576,0.2444,0.6834,177,85,92,0.0,99,0.1132,0.2764,-0.1632
-26.8,-48.2,SC/PR,0.4215,0.6571,0.2355,0.6059,237,209,28,0.5215,282,0.2279,0.2409,-0.013,0.3425,0.2355,0.6877,237,102,135,0.0,126,0.107,0.2657,-0.1587
-26.6,-48.6,SC/PR,0.4647,0.7506,0.2859,0.692,162,151,11,0.5563,180,0.2833,0.2815,0.0019,0.3973,0.2859,0.7195,162,82,80,0.0,93,0.1114,0.2973,-0.1859
-26.6,-48.4,SC/PR,0.4578,0.7282,0.2703,0.6723,200,177,23,0.5424,219,0.2559,0.2604,-0.0045,0.3775,0.2703,0.7162,200,88,112,0.0,101,0.1071,0.2837,-0.1765
-26.6,-48.2,SC/PR,0.4472,0.7074,0.2602,0.6537,249,217,32,0.5392,289,0.2373,0.2466,-0.0093,0.3678,0.2602,0.7074,249,98,151,0.0,120,0.1076,0.2739,-0.1663
-26.4,-48.4,SC/PR,0.485,0.7864,0.3014,0.7299,212,187,25,0.5561,240,0.2807,0.2785,0.0022,0.4186,0.3014,0.72,212,90,122,0.0,106,0.1172,0.3002,-0.183
-26.4,-48.2,SC/PR,0.4746,0.7631,0.2885,0.7043,246,209,37,0.5502,283,0.2508,0.2557,-0.0049,0.4001,0.2885,0.7212,246,87,159,0.0,104,0.1115,0.2829,-0.1713
-26.2,-48.4,SC/PR,0.5226,0.8684,0.3458,0.8056,201,179,22,0.6145,225,0.3046,0.2892,0.0154,0.46,0.3458,0.7517,201,84,117,0.0,93,0.1142,0.3139,-0.1997
-26.2,-48.2,SC/PR,0.5049,0.8255,0.3206,0.7604,252,212,40,0.5849,288,0.2747,0.2695,0.0053,0.4349,0.3206,0.7371,252,89,163,0.0,106,0.1143,0.2917,-0.1774
-26.0,-48.4,SC/PR,0.5563,0.9403,0.384,0.8702,199,176,23,0.5795,217,0.3262,0.3025,0.0237,0.5006,0.384,0.767,199,78,121,0.0,85,0.1166,0.322,-0.2053
-26.0,-48.2,SC/PR,0.5368,0.8909,0.3541,0.8179,242,209,33,0.5885,280,0.2999,0.2876,0.0123,0.4699,0.3541,0.7536,242,88,154,0.0,104,0.1158,0.3093,-0.1935
-25.8,-48.2,SC/PR,0.5679,0.9519,0.3839,0.8741,256,224,32,0.5848,289,0.3159,0.3019,0.014,0.5067,0.3839,0.7577,256,87,169,0.0,100,0.1228,0.3282,-0.2055
-25.8,-48.0,SC/PR,0.5444,0.8933,0.3489,0.8213,278,238,40,0.5966,328,0.291,0.2822,0.0088,0.4682,0.3489,0.7451,278,95,183,0.0,113,0.1194,0.3119,-0.1926
-25.6,-48.4,SC/PR,0.613,1.066,0.453,0.9842,268,236,32,0.572,302,0.36,0.3355,0.0245,0.58,0.453,0.781,268,91,177,0.0,104,0.127,0.3495,-0.2225
-25.6,-48.2,SC/PR,0.5967,1.0075,0.4108,0.9245,270,233,37,0.588,302,0.3413,0.3205,0.0208,0.5353,0.4108,0.7674,270,96,174,0.0,108,0.1245,0.3392,-0.2147
-25.6,-48.0,SC/PR,0.5714,0.9447,0.3732,0.8662,278,236,42,0.5805,323,0.3072,0.2968,0.0104,0.4966,0.3732,0.7516,278,91,187,0.0,107,0.1234,0.3254,-0.202
-25.6,-47.8,SC/PR,0.5483,0.8894,0.3411,0.8152,286,238,48,0.584,341,0.2831,0.2796,0.0035,0.4593,0.3411,0.7427,286,95,191,0.0,116,0.1182,0.3104,-0.1922
-25.4,-48.0,SC/PR,0.5903,0.9724,0.3822,0.8902,295,256,39,0.5664,348,0.3221,0.3176,0.0045,0.5068,0.3822,0.7541,295,112,183,0.0,130,0.1246,0.3363,-0.2116
-25.4,-47.8,SC/PR,0.5727,0.9284,0.3557,0.8483,293,247,46,0.5587,348,0.301,0.3033,-0.0023,0.4822,0.3557,0.7377,293,104,189,0.0,124,0.1265,0.3335,-0.207
-25.4,-47.6,SC/PR,0.5519,0.8763,0.3245,0.7937,298,246,52,0.5854,357,0.2751,0.2806,-0.0054,0.4367,0.3245,0.743,298,106,192,0.0,132,0.1122,0.3063,-0.194
-25.2,-47.8,SC/PR,0.5934,0.9534,0.36,0.8676,294,249,45,0.5382,347,0.3211,0.3273,-0.0062,0.4921,0.36,0.7315,294,116,178,0.0,145,0.1321,0.3499,-0.2177
-25.2,-47.6,SC/PR,0.5768,0.91,0.3332,0.8316,303,249,54,0.5542,358,0.2919,0.3043,-0.0125,0.4538,0.3332,0.7342,303,120,183,0.0,145,0.1206,0.3271,-0.2065
-25.0,-47.8,SP/RJ,0.6088,0.9607,0.3518,0.8791,267,231,36,0.5281,301,0.3349,0.3501,-0.0153,0.4949,0.3518,0.711,267,117,150,0.0,141,0.143,0.3685,-0.2254
-25.0,-47.6,SP/RJ,0.5979,0.9284,0.3305,0.8476,300,248,52,0.5202,356,0.3049,0.3297,-0.0248,0.4614,0.3305,0.7163,300,124,176,0.0,156,0.1309,0.3527,-0.2218
-25.0,-47.4,SP/RJ,0.5822,0.8869,0.3047,0.8079,316,256,60,0.5234,371,0.2782,0.3134,-0.0351,0.4282,0.3047,0.7116,316,125,191,0.0,162,0.1235,0.3353,-0.2118
-25.0,-47.2,SP/RJ,0.5642,0.8426,0.2784,0.7657,308,251,57,0.4781,373,0.2458,0.29,-0.0442,0.3898,0.2784,0.7141,308,118,190,0.0,154,0.1115,0.3127,-0.2012
-24.8,-47.4,SP/RJ,0.599,0.9002,0.3012,0.8153,307,253,54,0.4862,362,0.2962,0.3409,-0.0447,0.4358,0.3012,0.6912,307,135,172,0.0,176,0.1346,0.363,-0.2284
-24.8,-47.2,SP/RJ,0.5845,0.8612,0.2767,0.7791,313,259,54,0.4595,383,0.2602,0.3188,-0.0586,0.4007,0.2767,0.6907,313,132,181,0.0,172,0.1239,0.3391,-0.2152
-24.8,-47.0,SP/RJ,0.5689,0.8234,0.2546,0.7473,308,248,60,0.4435,378,0.2387,0.299,-0.0603,0.3719,0.2546,0.6844,308,125,183,0.0,168,0.1174,0.3247,-0.2073
-24.8,-46.8,SP/RJ,0.5526,0.7912,0.2386,0.7239,308,242,66,0.4132,383,0.2146,0.2745,-0.0599,0.3449,0.2386,0.6918,308,114,194,0.0,157,0.1063,0.3038,-0.1975
-24.6,-47.2,SP/RJ,0.596,0.8642,0.2682,0.7795,305,263,42,0.3954,391,0.2805,0.3594,-0.0789,0.4165,0.2682,0.644,305,145,160,0.0,196,0.1483,0.3855,-0.2372
-24.6,-47.0,SP/RJ,0.586,0.8358,0.2499,0.761,311,260,51,0.3769,392,0.2572,0.3344,-0.0773,0.3808,0.2499,0.6562,311,145,166,0.0,200,0.1309,0.3585,-0.2276
-24.6,-46.8,SP/RJ,0.5724,0.8076,0.2352,0.7418,303,248,55,0.371,387,0.2305,0.3048,-0.0743,0.3473,0.2352,0.6772,303,136,167,0.0,189,0.1121,0.3303,-0.2182
-24.6,-46.6,SP/RJ,0.5569,0.7795,0.2226,0.7117,319,249,70,0.3655,397,0.21,0.2828,-0.0728,0.3277,0.2226,0.6793,319,125,194,0.0,175,0.1051,0.3104,-0.2053
-24.4,-46.8,SP/RJ,0.5888,0.8186,0.2298,0.7476,316,266,50,0.3346,419,0.2439,0.3353,-0.0914,0.3642,0.2298,0.6309,316,152,164,0.0,214,0.1344,0.3638,-0.2293
-24.4,-46.6,SP/RJ,0.575,0.7935,0.2185,0.7225,319,263,56,0.3384,423,0.2276,0.3155,-0.0879,0.3388,0.2185,0.6448,319,152,167,0.0,214,0.1204,0.3399,-0.2195
-24.4,-46.4,SP/RJ,0.559,0.7668,0.2078,0.6951,316,259,57,0.3243,421,0.212,0.2971,-0.0852,0.3237,0.2078,0.6419,316,141,175,0.0,202,0.1159,0.3245,-0.2086
-24.4,-46.2,SP/RJ,0.5415,0.7406,0.1991,0.6726,305,250,55,0.32,424,0.1992,0.2813,-0.0821,0.3054,0.1991,0.6519,305,136,169,0.0,199,0.1063,0.3054,-0.199
-24.4,-46.0,SP/RJ,0.5243,0.7186,0.1943,0.653,303,245,58,0.3143,417,0.1876,0.2658,-0.0782,0.2904,0.1943,0.669,303,127,176,0.0,187,0.0961,0.2882,-0.1921
-24.4,-45.2,SP/RJ,0.4545,0.628,0.1735,0.5653,257,186,71,0.2957,320,0.1282,0.1753,-0.0471,0.2401,0.1735,0.7227,257,56,201,0.0,83,0.0666,0.2006,-0.134
-24.2,-46.6,SP/RJ,0.5879,0.8006,0.2127,0.73,318,267,51,0.3184,436,0.2502,0.348,-0.0978,0.3504,0.2127,0.6069,318,170,148,0.0,251,0.1378,0.3764,-0.2387
-24.2,-46.4,SP/RJ,0.5741,0.7766,0.2024,0.7096,322,269,53,0.316,445,0.2346,0.3297,-0.0951,0.3297,0.2024,0.614,322,169,153,0.0,255,0.1273,0.3553,-0.2281
-24.2,-46.2,SP/RJ,0.5573,0.7501,0.1928,0.6861,316,266,50,0.3083,449,0.2192,0.312,-0.0928,0.3117,0.1928,0.6187,316,166,150,0.0,255,0.1189,0.3366,-0.2178
-24.2,-46.0,SP/RJ,0.54,0.7282,0.1882,0.6639,302,255,47,0.2941,440,0.2061,0.2963,-0.0903,0.2979,0.1882,0.6318,302,155,147,0.0,240,0.1097,0.3233,-0.2136
-24.2,-45.8,SP/RJ,0.5226,0.7064,0.1839,0.6423,305,258,47,0.2868,453,0.1933,0.2806,-0.0873,0.2856,0.1839,0.6438,305,153,152,0.0,234,0.1017,0.3094,-0.2076
-24.2,-45.6,SP/RJ,0.5036,0.6829,0.1792,0.6166,294,247,47,0.2955,434,0.1801,0.2613,-0.0812,0.2742,0.1792,0.6537,294,137,157,0.0,206,0.0949,0.2891,-0.1941
-24.2,-45.4,SP/RJ,0.4851,0.6594,0.1743,0.5905,293,239,54,0.3013,415,0.165,0.2361,-0.0711,0.2599,0.1743,0.6705,293,116,177,0.0,178,0.0856,0.2623,-0.1767
-24.2,-45.2,SP/RJ,0.4684,0.6385,0.17,0.5688,275,214,61,0.2991,369,0.1498,0.21,-0.0602,0.2436,0.17,0.6979,275,92,183,0.0,143,0.0736,0.2323,-0.1587
-24.2,-45.0,SP/RJ,0.4545,0.6224,0.168,0.5558,257,188,69,0.3085,330,0.1271,0.176,-0.049,0.2331,0.168,0.7204,257,61,196,0.0,92,0.0652,0.198,-0.1329
-24.0,-46.4,SP/RJ,0.5802,0.775,0.1948,0.7133,355,297,58,0.2963,501,0.2559,0.358,-0.1021,0.3461,0.1948,0.5629,355,201,154,0.0,310,0.1513,0.3825,-0.2312
-24.0,-46.2,SP/RJ,0.5644,0.7494,0.185,0.6848,339,287,52,0.2997,487,0.2483,0.3477,-0.0994,0.3332,0.185,0.5552,339,199,140,0.0,306,0.1482,0.3718,-0.2236
-24.0,-46.0,SP/RJ,0.5527,0.7326,0.1799,0.6653,331,280,51,0.2857,485,0.2321,0.3308,-0.0987,0.3193,0.1799,0.5635,331,188,143,0.0,294,0.1394,0.3593,-0.2199
-24.0,-45.8,SP/RJ,0.5371,0.7136,0.1765,0.6421,331,280,51,0.2821,487,0.2229,0.3167,-0.0937,0.3067,0.1765,0.5753,331,186,145,0.0,295,0.1303,0.3455,-0.2153
-24.0,-45.6,SP/RJ,0.5181,0.6914,0.1734,0.6201,325,274,51,0.2737,481,0.2124,0.3043,-0.0918,0.2953,0.1734,0.5871,325,180,145,0.0,286,0.1219,0.3319,-0.21
-24.0,-45.4,SP/RJ,0.4952,0.6654,0.1702,0.5932,303,261,42,0.2759,475,0.205,0.2949,-0.0898,0.2853,0.1702,0.5965,303,176,127,0.0,283,0.1151,0.3232,-0.2081
-24.0,-45.2,SP/RJ,0.4761,0.6432,0.1671,0.5724,292,248,44,0.2742,446,0.1823,0.2645,-0.0822,0.2631,0.1671,0.6352,292,156,136,0.0,243,0.096,0.2897,-0.1937
-24.0,-45.0,SP/RJ,0.4672,0.6326,0.1654,0.5602,283,222,61,0.2928,391,0.1543,0.2219,-0.0676,0.2462,0.1654,0.6721,283,105,178,0.0,163,0.0807,0.2471,-0.1664
-24.0,-44.8,SP/RJ,0.4576,0.6223,0.1647,0.554,267,199,68,0.3166,347,0.1345,0.1859,-0.0515,0.2313,0.1647,0.7122,267,76,191,0.0,117,0.0666,0.2091,-0.1425
-23.8,-45.8,SP/RJ,0.5472,0.7161,0.1689,0.6455,360,313,47,0.2716,559,0.2461,0.349,-0.1028,0.3196,0.1689,0.5286,360,229,131,0.0,377,0.1506,0.373,-0.2224
-23.8,-45.6,SP/RJ,0.5325,0.7005,0.168,0.6287,362,323,39,0.2693,582,0.2444,0.3467,-0.1023,0.3197,0.168,0.5257,362,234,128,0.0,389,0.1516,0.3715,-0.2199
-23.8,-45.4,SP/RJ,0.5194,0.6793,0.1599,0.6052,341,302,39,0.2318,548,0.225,0.324,-0.099,0.299,0.1599,0.5348,341,215,126,0.0,357,0.1391,0.3487,-0.2096
-23.8,-45.2,SP/RJ,0.4854,0.6487,0.1633,0.5761,269,234,35,0.2436,385,0.2105,0.2992,-0.0887,0.284,0.1633,0.5748,269,160,109,0.0,240,0.1208,0.3259,-0.2051
-23.8,-45.0,SP/RJ,0.479,0.642,0.163,0.5691,264,223,41,0.2735,405,0.1864,0.2665,-0.0801,0.2631,0.163,0.6196,264,144,120,0.0,228,0.1001,0.2927,-0.1926
-23.8,-44.8,SP/RJ,0.4716,0.6338,0.1622,0.5603,279,223,56,0.2646,394,0.1616,0.2337,-0.0721,0.2528,0.1622,0.6419,279,110,169,0.0,173,0.0905,0.2588,-0.1683
-23.8,-44.6,SP/RJ,0.4644,0.6261,0.1617,0.5537,275,211,64,0.2938,374,0.144,0.2024,-0.0584,0.2381,0.1617,0.6792,275,91,184,0.0,138,0.0764,0.2256,-0.1492
-23.6,-45.2,SP/RJ,0.4968,0.6571,0.1603,0.5834,206,185,21,0.2486,256,0.2327,0.3169,-0.0842,0.299,0.1603,0.5363,206,132,74,0.0,177,0.1386,0.3402,-0.2016
-23.6,-45.0,SP/RJ,0.4893,0.6499,0.1606,0.5761,253,218,35,0.2477,375,0.2068,0.2924,-0.0857,0.2807,0.1606,0.5721,253,152,101,0.0,231,0.1201,0.32,-0.1999
-23.6,-44.8,SP/RJ,0.484,0.6439,0.1599,0.5702,276,232,44,0.2586,426,0.1865,0.2704,-0.0839,0.2634,0.1599,0.607,276,152,124,0.0,242,0.1035,0.2974,-0.1939
-23.6,-44.6,SP/RJ,0.4791,0.6381,0.1591,0.5645,283,233,50,0.2618,419,0.1704,0.2461,-0.0757,0.2509,0.1591,0.634,283,139,144,0.0,215,0.0918,0.2716,-0.1798
-23.6,-44.4,SP/RJ,0.4743,0.6327,0.1585,0.5595,283,222,61,0.2973,400,0.1572,0.2214,-0.0643,0.2412,0.1585,0.6569,283,114,169,0.0,181,0.0828,0.2442,-0.1615
-23.6,-44.2,SP/RJ,0.4693,0.6275,0.1583,0.5547,280,211,69,0.3081,380,0.1439,0.1997,-0.0558,0.2375,0.1583,0.6662,280,92,188,0.0,143,0.0793,0.223,-0.1437
-23.6,-44.0,SP/RJ,0.4636,0.6231,0.1596,0.5507,277,203,74,0.3251,366,0.1317,0.1795,-0.0478,0.2316,0.1596,0.6889,277,77,200,0.0,122,0.0721,0.2012,-0.1291
-23.4,-44.4,SP/RJ,0.4899,0.648,0.1581,0.5736,294,248,46,0.2581,446,0.1821,0.2613,-0.0792,0.2576,0.1581,0.6135,294,159,135,0.0,251,0.0996,0.2868,-0.1872
-23.4,-44.2,SP/RJ,0.4839,0.6442,0.1603,0.5664,295,237,58,0.2785,438,0.1703,0.2424,-0.072,0.2524,0.1603,0.6353,295,134,161,0.0,219,0.092,0.2664,-0.1744
-23.4,-44.0,SP/RJ,0.477,0.6389,0.1619,0.5622,288,221,67,0.2941,414,0.1621,0.2253,-0.0631,0.2458,0.1619,0.6587,288,120,168,0.0,194,0.0839,0.2491,-0.1652
-23.4,-43.8,SP/RJ,0.4689,0.6316,0.1626,0.5558,289,218,71,0.3073,406,0.1507,0.21,-0.0594,0.2453,0.1626,0.6631,289,97,192,0.0,161,0.0826,0.2341,-0.1515
-23.4,-43.6,SP/RJ,0.4621,0.6258,0.1637,0.5471,283,211,72,0.3033,395,0.1404,0.1963,-0.0559,0.2411,0.1637,0.6789,283,87,196,0.0,140,0.0774,0.2203,-0.1428
-23.4,-43.4,SP/RJ,0.4574,0.6221,0.1647,0.5414,277,205,72,0.3317,374,0.1328,0.1835,-0.0507,0.2405,0.1647,0.685,277,72,205,0.0,115,0.0758,0.2084,-0.1327
-23.4,-43.2,SP/RJ,0.4542,0.6203,0.166,0.5389,269,193,76,0.342,355,0.1249,0.1718,-0.0469,0.2357,0.166,0.7045,269,61,208,0.0,99,0.0697,0.1947,-0.1251
-23.4,-43.0,SP/RJ,0.452,0.6199,0.1679,0.5395,259,176,83,0.358,320,0.1177,0.1596,-0.0419,0.2301,0.1679,0.7295,259,51,208,0.0,83,0.0623,0.1827,-0.1204
-23.4,-42.8,SP/RJ,0.4504,0.6208,0.1704,0.537,242,158,84,0.3797,279,0.1116,0.1445,-0.0328,0.2256,0.1704,0.7553,242,39,203,0.0,64,0.0552,0.1694,-0.1142
-23.4,-42.6,SP/RJ,0.4493,0.6226,0.1733,0.5361,224,140,84,0.4071,254,0.1075,0.1347,-0.0272,0.221,0.1733,0.7842,224,33,191,0.0,55,0.0477,0.1533,-0.1056
-23.4,-42.2,SP/RJ,0.452,0.6313,0.1793,0.5412,209,124,85,0.4597,228,0.1109,0.1311,-0.0202,0.2257,0.1793,0.7941,209,29,180,0.0,46,0.0465,0.1506,-0.1041
-23.4,-42.0,SP/RJ,0.4565,0.6387,0.1823,0.5494,214,133,81,0.4211,239,0.1134,0.1359,-0.0225,0.2304,0.1823,0.7911,214,33,181,0.0,50,0.0481,0.1516,-0.1034
-23.2,-44.4,SP/RJ,0.5126,0.6719,0.1592,0.5912,302,256,46,0.2578,475,0.2028,0.2907,-0.0879,0.279,0.1592,0.5708,302,173,129,0.0,286,0.1197,0.3162,-0.1964
-23.2,-44.2,SP/RJ,0.4908,0.6544,0.1636,0.5763,305,258,47,0.2713,503,0.1985,0.2812,-0.0827,0.2757,0.1636,0.5935,305,173,132,0.0,295,0.1121,0.3056,-0.1935
-23.2,-44.0,SP/RJ,0.4901,0.6554,0.1653,0.5733,296,250,46,0.28,468,0.192,0.2717,-0.0797,0.2719,0.1653,0.6082,296,159,137,0.0,262,0.1065,0.2974,-0.1909
-23.2,-43.8,SP/RJ,0.4778,0.6423,0.1645,0.562,294,241,53,0.2946,455,0.1829,0.2595,-0.0766,0.2649,0.1645,0.6207,294,148,146,0.0,244,0.1005,0.2838,-0.1833
-23.2,-43.6,SP/RJ,0.4701,0.6356,0.1655,0.5556,292,237,55,0.2996,451,0.1743,0.2498,-0.0755,0.261,0.1655,0.6342,292,138,154,0.0,227,0.0955,0.2739,-0.1784
-23.2,-43.4,SP/RJ,0.4657,0.6331,0.1674,0.551,286,219,67,0.3288,431,0.1711,0.2378,-0.0667,0.2544,0.1674,0.6579,286,125,161,0.0,211,0.0871,0.2584,-0.1713
-23.2,-43.2,SP/RJ,0.4629,0.6327,0.1697,0.5499,284,216,68,0.3241,420,0.1647,0.2265,-0.0618,0.2547,0.1697,0.6665,284,110,174,0.0,183,0.0849,0.2492,-0.1643
-23.2,-43.0,SP/RJ,0.4606,0.633,0.1724,0.5502,281,210,71,0.319,402,0.1572,0.2145,-0.0573,0.2523,0.1724,0.6834,281,99,182,0.0,158,0.0799,0.2404,-0.1605
-23.2,-42.8,SP/RJ,0.4592,0.6337,0.1745,0.5476,276,198,78,0.3182,372,0.1443,0.1973,-0.0529,0.2514,0.1745,0.6944,276,74,202,0.0,119,0.0768,0.224,-0.1472
-23.2,-42.6,SP/RJ,0.4586,0.636,0.1774,0.5471,275,194,81,0.3402,360,0.1306,0.178,-0.0474,0.2472,0.1774,0.7176,275,61,214,0.0,98,0.0698,0.202,-0.1322
-23.2,-42.4,SP/RJ,0.4596,0.6403,0.1807,0.5496,270,183,87,0.3552,335,0.1259,0.1677,-0.0418,0.2457,0.1807,0.7355,270,50,220,0.0,83,0.065,0.1913,-0.1264
-23.2,-42.2,SP/RJ,0.4631,0.6475,0.1844,0.5572,265,178,87,0.3596,323,0.125,0.166,-0.041,0.2456,0.1844,0.7509,265,47,218,0.0,78,0.0612,0.1857,-0.1246
-23.2,-42.0,SP/RJ,0.4697,0.6581,0.1884,0.5681,271,183,88,0.3552,320,0.1258,0.1679,-0.0421,0.25,0.1884,0.7535,271,48,223,0.0,76,0.0616,0.1872,-0.1256
-23.2,-41.8,SP/RJ,0.4774,0.6692,0.1918,0.5759,264,177,87,0.339,302,0.1276,0.1741,-0.0465,0.257,0.1918,0.746,264,44,220,0.0,69,0.0653,0.1967,-0.1315
-23.0,-44.4,SP/RJ,0.5341,0.6977,0.1636,0.6143,331,283,48,0.2686,500,0.2195,0.3068,-0.0873,0.2902,0.1636,0.5638,331,201,130,0.0,325,0.1266,0.3312,-0.2047
-23.0,-44.0,SP/RJ,0.5575,0.7527,0.1952,0.667,309,252,57,0.381,423,0.2342,0.3128,-0.0787,0.3241,0.1952,0.6023,309,165,144,0.0,248,0.1289,0.3366,-0.2077
-23.0,-43.4,SP/RJ,0.468,0.638,0.17,0.5551,310,262,48,0.2939,500,0.204,0.2891,-0.0851,0.284,0.17,0.5987,310,170,140,0.0,296,0.114,0.3122,-0.1982
-23.0,-43.2,SP/RJ,0.4696,0.6471,0.1775,0.5646,301,251,50,0.3068,484,0.2042,0.2842,-0.08,0.2865,0.1775,0.6194,301,156,145,0.0,276,0.1091,0.3082,-0.1991
-23.0,-43.0,SP/RJ,0.4655,0.6435,0.1779,0.5581,296,245,51,0.302,470,0.2002,0.2801,-0.0799,0.2831,0.1779,0.6286,296,149,147,0.0,261,0.1051,0.3047,-0.1995
-23.0,-42.8,SP/RJ,0.4628,0.6418,0.179,0.5544,297,242,55,0.2975,457,0.192,0.2701,-0.0781,0.2776,0.179,0.6449,297,147,150,0.0,242,0.0986,0.2947,-0.1961
-23.0,-42.6,SP/RJ,0.4628,0.644,0.1812,0.5537,299,244,55,0.2992,460,0.1802,0.253,-0.0727,0.2734,0.1812,0.6627,299,130,169,0.0,216,0.0922,0.2762,-0.184
-23.0,-42.4,SP/RJ,0.4641,0.6482,0.1841,0.5571,299,234,65,0.3162,451,0.1736,0.2406,-0.0671,0.2718,0.1841,0.6775,299,115,184,0.0,190,0.0877,0.2651,-0.1774
-23.0,-42.2,SP/RJ,0.4681,0.656,0.188,0.5645,304,231,73,0.3203,434,0.1704,0.2349,-0.0645,0.2748,0.188,0.6842,304,107,197,0.0,167,0.0868,0.2615,-0.1747
-23.0,-42.0,SP/RJ,0.4818,0.6778,0.196,0.5829,291,213,78,0.3286,387,0.1661,0.225,-0.0589,0.2792,0.196,0.7018,291,88,203,0.0,129,0.0833,0.2566,-0.1733
-23.0,-41.8,SP/RJ,0.4965,0.6976,0.2011,0.5977,283,201,82,0.3184,353,0.1502,0.2096,-0.0594,0.2779,0.2011,0.7235,283,63,220,0.0,98,0.0768,0.2402,-0.1634
-23.0,-41.6,SP/RJ,0.5035,0.7067,0.2031,0.6081,280,192,88,0.3281,332,0.1431,0.2011,-0.058,0.2787,0.2031,0.7287,280,53,227,0.0,84,0.0756,0.2314,-0.1558
-22.8,-41.8,SP/RJ,0.5249,0.7394,0.2145,0.6317,228,173,55,0.2775,275,0.1652,0.2418,-0.0766,0.3049,0.2145,0.7037,228,56,172,0.0,78,0.0903,0.2799,-0.1895
-22.8,-41.6,SP/RJ,0.5274,0.7414,0.2139,0.6357,264,187,77,0.2941,316,0.1583,0.2274,-0.0691,0.3049,0.2139,0.7015,264,50,214,0.0,82,0.091,0.2652,-0.1742
-22.6,-41.8,SP/RJ,0.5499,0.7762,0.2262,0.6633,177,136,41,0.2868,202,0.1727,0.2512,-0.0785,0.3206,0.2262,0.7056,177,41,136,0.0,59,0.0944,0.291,-0.1966
-22.6,-41.6,SP/RJ,0.5491,0.7732,0.2241,0.661,252,184,68,0.288,305,0.1701,0.2441,-0.074,0.3197,0.2241,0.701,252,55,197,0.0,84,0.0956,0.2865,-0.191
-22.6,-41.4,SP/RJ,0.5479,0.7699,0.222,0.658,265,184,81,0.3043,317,0.1671,0.2349,-0.0677,0.3082,0.222,0.7203,265,58,207,0.0,91,0.0862,0.2677,-0.1815
-22.4,-41.6,SP/RJ,0.5647,0.797,0.2323,0.6826,239,180,59,0.2944,315,0.1818,0.2612,-0.0794,0.3334,0.2323,0.6967,239,59,180,0.0,91,0.1011,0.3047,-0.2036
-22.4,-41.4,SP/RJ,0.5649,0.7953,0.2304,0.6807,252,186,66,0.2742,325,0.1767,0.2575,-0.0807,0.3332,0.2304,0.6914,252,56,196,0.0,91,0.1028,0.3066,-0.2038
-22.4,-41.2,SP/RJ,0.5628,0.7902,0.2274,0.6749,257,180,77,0.3111,318,0.1724,0.244,-0.0716,0.3165,0.2274,0.7186,257,58,199,0.0,92,0.0891,0.2808,-0.1917
-22.4,-41.0,SP/RJ,0.5594,0.7841,0.2247,0.6698,255,164,91,0.3415,288,0.1522,0.2085,-0.0563,0.301,0.2247,0.7466,255,43,212,0.0,67,0.0763,0.2415,-0.1653
-22.4,-40.8,SP/RJ,0.5528,0.7754,0.2226,0.6626,215,133,82,0.3459,231,0.1313,0.1751,-0.0438,0.2993,0.2226,0.7437,215,27,188,0.0,40,0.0767,0.2132,-0.1365
-22.2,-41.4,SP/RJ,0.5763,0.8135,0.2372,0.6956,266,204,62,0.2794,347,0.1918,0.2824,-0.0906,0.3471,0.2372,0.6832,266,67,199,0.0,107,0.11,0.3246,-0.2147
-22.2,-41.2,SP/RJ,0.5787,0.8136,0.2349,0.6957,255,192,63,0.2812,339,0.1873,0.2756,-0.0882,0.3458,0.2349,0.6794,255,60,195,0.0,96,0.1108,0.3234,-0.2125
-22.2,-41.0,SP/RJ,0.5787,0.8103,0.2316,0.6938,252,177,75,0.322,302,0.1756,0.25,-0.0744,0.3281,0.2316,0.7057,252,53,199,0.0,82,0.0966,0.2937,-0.1971
-22.2,-40.8,SP/RJ,0.577,0.8066,0.2296,0.6906,244,154,90,0.3052,262,0.1511,0.216,-0.0649,0.3091,0.2296,0.7428,244,38,206,0.0,60,0.0795,0.254,-0.1745
-22.2,-40.6,SP/RJ,0.5703,0.7985,0.2282,0.6829,219,135,84,0.3407,237,0.1313,0.1834,-0.0521,0.3051,0.2282,0.7478,219,25,194,0.0,40,0.077,0.221,-0.1441
-22.0,-40.8,SP/RJ,0.617,0.8543,0.2373,0.7265,242,159,83,0.2893,251,0.1706,0.2464,-0.0759,0.3326,0.2373,0.7135,242,42,200,0.0,64,0.0953,0.2966,-0.2013
-22.0,-40.6,SP/RJ,0.6007,0.8356,0.2349,0.7145,235,150,85,0.3333,249,0.1539,0.2174,-0.0635,0.3155,0.2349,0.7445,235,37,198,0.0,56,0.0806,0.2555,-0.1748
-21.8,-40.8,SP/RJ,0.6636,0.9039,0.2404,0.7645,185,109,76,0.2752,165,0.1671,0.2467,-0.0797,0.3388,0.2404,0.7095,185,28,157,0.0,42,0.0984,0.2997,-0.2013
-21.8,-40.6,SP/RJ,0.6395,0.8794,0.2399,0.7453,216,127,89,0.2992,213,0.1507,0.2203,-0.0696,0.3284,0.2399,0.7306,216,30,186,0.0,45,0.0885,0.2706,-0.1821
-21.6,-40.8,SP/RJ,0.6928,0.9348,0.242,0.7951,136,80,56,0.2375,113,0.1706,0.2434,-0.0728,0.3281,0.242,0.7376,136,21,115,0.0,31,0.0861,0.2934,-0.2073
-21.6,-40.6,SP/RJ,0.6647,0.9074,0.2427,0.7656,181,105,76,0.3143,165,0.1469,0.2039,-0.0569,0.3217,0.2427,0.7543,181,23,158,0.0,35,0.079,0.2542,-0.1751
-21.4,-40.8,SP/RJ,0.7041,0.9483,0.2443,0.8089,123,73,50,0.3014,100,0.1778,0.2446,-0.0668,0.3237,0.2443,0.7546,123,20,103,0.0,28,0.0795,0.2857,-0.2062
-21.4,-40.6,SP/RJ,0.6761,0.9208,0.2447,0.778,167,99,68,0.3232,146,0.1529,0.204,-0.0511,0.3339,0.2447,0.7328,167,21,146,0.0,31,0.0892,0.2595,-0.1703
-21.2,-40.8,SP/RJ,0.7079,0.9555,0.2477,0.8159,122,75,47,0.2933,101,0.1925,0.2627,-0.0702,0.3423,0.2477,0.7235,122,21,101,0.0,29,0.0947,0.3074,-0.2128
-21.2,-40.6,SP/RJ,0.6807,0.9287,0.2479,0.7854,148,89,59,0.3258,131,0.1617,0.2134,-0.0517,0.3357,0.2479,0.7385,148,20,128,0.0,27,0.0878,0.2692,-0.1814
-21.2,-40.4,SP/RJ,0.637,0.8861,0.249,0.7555,150,77,73,0.3636,119,0.1393,0.1564,-0.0171,0.3148,0.249,0.7912,150,14,136,0.0,21,0.0657,0.2022,-0.1365
-21.0,-40.8,SP/RJ,0.6995,0.9513,0.2518,0.8099,146,94,52,0.2766,136,0.19,0.2642,-0.0741,0.3423,0.2518,0.7355,146,27,119,0.0,37,0.0905,0.3077,-0.2172
-21.0,-40.6,SP/RJ,0.6809,0.9329,0.2521,0.7926,161,99,62,0.3333,149,0.1609,0.2169,-0.056,0.3316,0.2521,0.76,161,20,141,0.0,30,0.0796,0.2597,-0.1801
-21.0,-40.4,SP/RJ,0.6467,0.8988,0.252,0.767,167,87,80,0.3448,136,0.1382,0.1658,-0.0276,0.319,0.252,0.7901,167,16,151,0.0,23,0.0669,0.2167,-0.1497
-21.0,-40.2,SP/RJ,0.6208,0.8713,0.2505,0.7401,120,65,55,0.5077,104,0.1269,0.1243,0.0026,0.3008,0.2505,0.8327,120,10,110,0.0,13,0.0503,0.1626,-0.1123
-21.0,-29.4,SP/RJ,0.5337,0.7708,0.2371,0.6507,24,12,12,0.25,25,0.0917,0.0862,0.0055,0.2435,0.2371,0.9737,24,1,23,0.0,1,0.0064,0.096,-0.0896
-21.0,-29.2,SP/RJ,0.5285,0.7641,0.2356,0.6452,23,10,13,0.4,21,0.0977,0.0897,0.008,0.2386,0.2356,0.9875,23,1,22,0.0,1,0.003,0.092,-0.089
-20.8,-40.4,SP/RJ,0.655,0.911,0.256,0.777,174,99,75,0.3333,151,0.1414,0.1869,-0.0455,0.3322,0.256,0.7707,174,16,158,0.0,22,0.0762,0.2377,-0.1615
-20.8,-40.2,SP/RJ,0.636,0.8903,0.2543,0.757,149,78,71,0.4487,121,0.1351,0.1437,-0.0087,0.3122,0.2543,0.8144,149,12,137,0.0,17,0.0579,0.182,-0.124
-20.8,-40.0,SP/RJ,0.6226,0.8756,0.253,0.7433,100,48,52,0.5417,86,0.126,0.1154,0.0106,0.2887,0.253,0.8762,100,7,93,0.0,10,0.0357,0.1166,-0.0809
-20.8,-29.6,SP/RJ,0.5479,0.7906,0.2427,0.6679,24,11,13,0.4545,24,0.0934,0.0857,0.0078,,,,24,0,24,,0,,,
-20.8,-29.4,SP/RJ,0.542,0.783,0.2409,0.6613,19,10,9,0.5,23,0.0973,0.086,0.0113,,,,19,0,19,,0,,,
-20.8,-29.2,SP/RJ,0.5353,0.7742,0.239,0.6544,18,9,9,0.5556,21,0.092,0.0862,0.0058,,,,18,0,18,,0,,,
-20.8,-29.0,SP/RJ,0.5312,0.769,0.2378,0.6503,22,12,10,0.5833,24,0.0876,0.0839,0.0037,,,,22,0,22,,0,,,
-20.8,-28.8,SP/RJ,0.5283,0.7653,0.237,0.6465,18,10,8,0.8,22,0.0978,0.0844,0.0134,,,,18,0,18,,0,,,
-20.8,-28.6,SP/RJ,0.5258,0.7621,0.2363,0.643,18,10,8,0.9,21,0.1041,0.0828,0.0213,,,,18,0,18,,0,,,
-20.6,-40.4,SP/RJ,0.6542,0.9126,0.2584,0.7756,172,109,63,0.3394,169,0.1539,0.208,-0.054,0.3277,0.2584,0.7885,172,20,152,0.0,29,0.0693,0.2507,-0.1814
-20.6,-40.2,SP/RJ,0.6482,0.9074,0.2592,0.7718,178,93,85,0.4086,151,0.1371,0.1589,-0.0218,0.3241,0.2592,0.7997,178,16,162,0.0,24,0.0649,0.205,-0.1401
-20.6,-40.0,SP/RJ,0.637,0.895,0.258,0.7606,128,65,63,0.5077,103,0.1295,0.1243,0.0052,0.3,0.258,0.86,128,9,119,0.0,13,0.042,0.1382,-0.0962
-20.6,-29.8,SP/RJ,0.5624,0.811,0.2486,0.6856,17,9,8,0.5556,21,0.1021,0.0864,0.0157,,,,17,0,17,,0,,,
-20.6,-29.6,SP/RJ,0.5579,0.8049,0.247,0.6801,21,10,11,0.5,21,0.1001,0.0839,0.0161,,,,21,0,21,,0,,,
-20.6,-29.4,SP/RJ,0.5524,0.7975,0.2451,0.6736,22,11,11,0.3636,21,0.0894,0.0829,0.0065,,,,22,0,22,,0,,,
-20.6,-29.2,SP/RJ,0.5495,0.7941,0.2446,0.6707,22,12,10,0.5,23,0.082,0.0819,0.0002,,,,22,0,22,,0,,,
-20.6,-29.0,SP/RJ,0.5426,0.7852,0.2425,0.6628,21,12,9,0.75,24,0.0977,0.0821,0.0156,0.2452,0.2425,0.9893,21,1,20,0.0,1,0.0026,0.0666,-0.0639
-20.6,-28.8,SP/RJ,0.5361,0.7771,0.241,0.6564,21,13,8,0.8462,27,0.0985,0.0807,0.0178,0.2427,0.241,0.9929,21,1,20,0.0,1,0.0017,0.0648,-0.0631
-20.6,-28.6,SP/RJ,0.535,0.7756,0.2406,0.6547,23,14,9,0.7857,29,0.0993,0.0795,0.0197,0.2546,0.2406,0.9448,23,1,22,0.0,1,0.014,0.0653,-0.0512
-20.4,-40.2,SP/RJ,0.6548,0.9176,0.2628,0.7797,183,103,80,0.4369,166,0.1458,0.1777,-0.0319,0.3363,0.2628,0.7816,183,18,165,0.0,26,0.0734,0.2155,-0.1421
-20.4,-40.0,SP/RJ,0.6459,0.907,0.2612,0.7707,146,79,67,0.481,127,0.1264,0.1355,-0.0091,0.3114,0.2612,0.8388,146,11,135,0.0,15,0.0502,0.1685,-0.1183
-20.4,-39.8,SP/RJ,0.6354,0.8944,0.259,0.7587,99,47,52,0.5957,79,0.1351,0.1101,0.025,0.3028,0.259,0.8554,99,6,93,0.0,8,0.0438,0.1004,-0.0567
-20.4,-29.6,SP/RJ,0.5688,0.8206,0.2517,0.6931,19,12,7,0.5,23,0.0898,0.0814,0.0084,,,,19,0,19,,0,,,
-20.4,-29.4,SP/RJ,0.5679,0.8191,0.2513,0.6914,22,13,9,0.5385,27,0.09,0.08,0.01,,,,22,0,22,,0,,,
-20.4,-29.2,SP/RJ,0.5647,0.8153,0.2506,0.6883,20,14,6,0.5,28,0.0835,0.0796,0.0039,,,,20,0,20,,0,,,
-20.4,-29.0,SP/RJ,0.5629,0.8133,0.2503,0.6857,20,12,8,0.8333,28,0.0922,0.0812,0.011,,,,20,0,20,,0,,,
-20.4,-28.8,SP/RJ,0.5546,0.8029,0.2483,0.6771,18,12,6,0.8333,30,0.0961,0.0815,0.0145,0.2602,0.2483,0.9542,18,1,17,0.0,1,0.0119,0.0645,-0.0526
-20.4,-28.6,SP/RJ,0.5464,0.7918,0.2454,0.6676,18,14,4,0.8571,32,0.0962,0.0798,0.0164,0.262,0.2454,0.9368,18,1,17,0.0,1,0.0166,0.0689,-0.0523
-20.2,-40.0,SP/RJ,0.6535,0.918,0.2645,0.7797,157,81,76,0.4938,144,0.1342,0.1492,-0.015,0.3187,0.2645,0.8299,157,16,141,0.0,23,0.0542,0.1871,-0.1329
-20.2,-39.8,SP/RJ,0.641,0.9025,0.2616,0.766,120,60,60,0.55,103,0.1278,0.1175,0.0103,0.3018,0.2616,0.8667,120,7,113,0.0,12,0.0403,0.1169,-0.0767
-20.2,-29.6,SP/RJ,0.5778,0.8338,0.256,0.7042,21,13,8,0.6154,27,0.0904,0.0825,0.0078,,,,21,0,21,,0,,,
-20.2,-29.4,SP/RJ,0.5751,0.8302,0.2551,0.701,22,14,8,0.5,26,0.0878,0.0819,0.0059,,,,22,0,22,,0,,,
-20.2,-29.2,SP/RJ,0.5719,0.8261,0.2542,0.6968,22,13,9,0.5385,26,0.0831,0.0816,0.0015,,,,22,0,22,,0,,,
-20.2,-29.0,SP/RJ,0.5678,0.8208,0.253,0.6914,18,9,9,0.8889,27,0.104,0.0827,0.0213,0.2672,0.253,0.947,18,1,17,0.0,1,0.0142,0.0689,-0.0547
-20.2,-28.8,SP/RJ,0.5622,0.8136,0.2514,0.6847,18,13,5,0.7692,33,0.0956,0.081,0.0146,0.2696,0.2514,0.9325,18,1,17,0.0,1,0.0182,0.0723,-0.0541
-20.2,-28.6,SP/RJ,0.5555,0.8049,0.2493,0.677,18,14,4,0.7143,34,0.0916,0.0803,0.0113,0.2699,0.2493,0.9239,18,1,17,0.0,1,0.0206,0.0741,-0.0536
-20.0,-40.0,ES/BA-S,0.66,0.9273,0.2673,0.7872,190,101,89,0.4752,184,0.1436,0.1667,-0.0231,0.3339,0.2673,0.8006,190,19,171,0.0,30,0.0666,0.2128,-0.1463
-20.0,-39.8,ES/BA-S,0.6487,0.9129,0.2642,0.7744,146,80,66,0.575,140,0.1292,0.1313,-0.0022,0.3163,0.2642,0.8352,146,11,135,0.0,16,0.0521,0.1546,-0.1025
-20.0,-39.6,ES/BA-S,0.6457,0.9085,0.2628,0.7691,105,49,56,0.5714,92,0.1266,0.1102,0.0164,0.2931,0.2628,0.8968,105,5,100,0.0,8,0.0302,0.104,-0.0738
-19.8,-40.0,ES/BA-S,0.6657,0.9356,0.2699,0.793,215,130,85,0.4462,223,0.1603,0.1908,-0.0305,0.3518,0.2699,0.7673,215,26,189,0.0,39,0.0819,0.2346,-0.1528
-19.8,-39.8,ES/BA-S,0.6628,0.9319,0.2691,0.7891,192,102,90,0.4804,185,0.1429,0.1611,-0.0183,0.3322,0.2691,0.8101,192,17,175,0.0,27,0.0631,0.2065,-0.1434
-19.8,-39.6,ES/BA-S,0.6531,0.9181,0.265,0.7764,143,75,68,0.5733,133,0.1278,0.1286,-0.0009,0.3058,0.265,0.8664,143,10,133,0.0,15,0.0408,0.1446,-0.1038
-19.8,-39.4,ES/BA-S,0.6534,0.9185,0.2651,0.7754,111,56,55,0.5714,104,0.1187,0.1102,0.0085,0.2952,0.2651,0.8983,111,5,106,0.0,8,0.03,0.1031,-0.0731
-19.6,-39.6,ES/BA-S,0.6974,0.9821,0.2847,0.8306,177,96,81,0.5208,170,0.1453,0.1534,-0.0081,0.3418,0.2847,0.833,177,15,162,0.0,22,0.0571,0.1889,-0.1318
-19.6,-39.4,ES/BA-S,0.6871,0.9652,0.2781,0.8148,144,74,70,0.5676,133,0.1336,0.128,0.0057,0.3211,0.2781,0.8662,144,8,136,0.0,13,0.043,0.127,-0.084
-19.4,-39.6,ES/BA-S,0.7919,1.1151,0.3232,0.9451,187,101,86,0.4851,172,0.1585,0.1692,-0.0107,0.3779,0.3232,0.8554,187,17,170,0.0,22,0.0547,0.2166,-0.1619
-19.4,-39.4,ES/BA-S,0.7792,1.0958,0.3165,0.9278,156,81,75,0.5062,145,0.1443,0.1466,-0.0024,0.3729,0.3165,0.8488,156,6,150,0.0,10,0.0564,0.1464,-0.09
-19.2,-39.6,ES/BA-S,0.9397,1.3228,0.3831,1.1366,168,87,81,0.5287,146,0.1725,0.1728,-0.0003,0.4655,0.3831,0.8231,168,7,161,0.0,9,0.0824,0.1682,-0.0859
-19.2,-39.4,ES/BA-S,0.9047,1.2725,0.3678,1.086,165,82,83,0.5122,135,0.1588,0.1549,0.0039,0.4268,0.3678,0.8618,165,4,161,0.0,7,0.059,0.1505,-0.0915
-19.0,-39.6,ES/BA-S,1.0509,1.4815,0.4306,1.2785,161,77,84,0.5325,126,0.1806,0.1816,-0.001,0.5171,0.4306,0.8327,161,5,156,0.0,5,0.0865,0.1793,-0.0928
-19.0,-39.4,ES/BA-S,1.015,1.4337,0.4187,1.2314,170,81,89,0.5432,135,0.1758,0.16,0.0158,0.4976,0.4187,0.8414,170,5,165,0.0,6,0.0789,0.1446,-0.0657
-18.8,-39.6,ES/BA-S,1.1449,1.6202,0.4753,1.4024,176,81,95,0.5679,135,0.1953,0.1879,0.0074,0.5638,0.4753,0.8431,176,5,171,0.0,5,0.0885,0.1889,-0.1004
-18.8,-39.4,ES/BA-S,1.1091,1.572,0.4629,1.3541,171,82,89,0.5732,137,0.1815,0.1659,0.0156,0.5443,0.4629,0.8505,171,4,167,0.0,5,0.0814,0.1581,-0.0767
-18.6,-39.6,ES/BA-S,1.227,1.7399,0.5129,1.5082,193,87,106,0.6322,149,0.2055,0.1968,0.0086,0.6072,0.5129,0.8448,193,5,188,0.0,5,0.0942,0.2017,-0.1074
-18.6,-39.4,ES/BA-S,1.1864,1.6846,0.4982,1.453,184,89,95,0.573,154,0.1915,0.1736,0.0179,0.5915,0.4982,0.8422,184,4,180,0.0,5,0.0934,0.1708,-0.0775
-18.4,-39.6,ES/BA-S,1.2913,1.8412,0.5499,1.5923,206,97,109,0.5464,160,0.2151,0.2113,0.0038,0.6622,0.5499,0.8303,206,6,200,0.0,6,0.1123,0.2458,-0.1335
-18.4,-39.4,ES/BA-S,1.2517,1.786,0.5343,1.538,206,96,110,0.5938,167,0.2075,0.1881,0.0194,0.6416,0.5343,0.8327,206,5,201,0.0,5,0.1074,0.2133,-0.106
-18.2,-39.4,ES/BA-S,1.3013,1.8624,0.5611,1.6047,230,107,123,0.5514,189,0.2222,0.2118,0.0105,0.6768,0.5611,0.8291,230,6,224,0.0,6,0.1156,0.2387,-0.1231
-18.2,-39.2,ES/BA-S,1.2455,1.7804,0.5349,1.5295,226,104,122,0.5673,188,0.21,0.1912,0.0188,0.6413,0.5349,0.8341,226,6,220,0.0,7,0.1064,0.2165,-0.1101
-18.2,-39.0,ES/BA-S,1.1863,1.691,0.5047,1.4498,220,101,119,0.5446,181,0.1965,0.1814,0.0151,0.6029,0.5047,0.837,220,6,214,0.0,7,0.0982,0.2019,-0.1036
-18.0,-39.4,ES/BA-S,1.3317,1.9059,0.5742,1.6411,254,125,129,0.488,230,0.2282,0.2344,-0.0062,0.6913,0.5742,0.8306,254,7,247,0.0,9,0.1171,0.2672,-0.1501
-18.0,-39.2,ES/BA-S,1.2765,1.8245,0.5481,1.5606,253,122,131,0.5,224,0.2243,0.2202,0.0041,0.6537,0.5481,0.8384,253,7,246,0.0,11,0.1057,0.2511,-0.1454
-18.0,-39.0,ES/BA-S,1.2131,1.7291,0.516,1.4727,243,117,126,0.4957,217,0.2095,0.2043,0.0053,0.6075,0.516,0.8494,243,9,234,0.0,12,0.0915,0.2165,-0.125
-18.0,-38.8,ES/BA-S,1.1517,1.6373,0.4856,1.39,221,106,115,0.5094,195,0.1998,0.1879,0.0119,0.5716,0.4856,0.8495,221,7,214,0.0,11,0.086,0.1901,-0.1041
-17.8,-39.0,ES/BA-S,1.204,1.7124,0.5084,1.4512,244,117,127,0.5128,214,0.2156,0.2052,0.0104,0.595,0.5084,0.8545,244,9,235,0.0,13,0.0866,0.2049,-0.1183
-17.8,-38.8,ES/BA-S,1.1391,1.6168,0.4777,1.364,199,93,106,0.5269,168,0.1919,0.176,0.0159,0.554,0.4777,0.8624,199,7,192,0.0,10,0.0762,0.1731,-0.0968
-17.6,-39.0,ES/BA-S,1.1524,1.6332,0.4809,1.3741,210,97,113,0.5464,172,0.1911,0.1881,0.003,0.5545,0.4809,0.8673,210,6,204,0.0,7,0.0736,0.1753,-0.1017
-17.6,-38.8,ES/BA-S,1.0861,1.5381,0.452,1.2903,161,74,87,0.5405,125,0.1639,0.1584,0.0055,0.5095,0.452,0.8871,161,3,158,0.0,4,0.0575,0.1458,-0.0883
-17.4,-39.0,ES/BA-S,1.0954,1.5471,0.4517,1.296,152,67,85,0.4925,105,0.1706,0.1797,-0.0091,0.5149,0.4517,0.8772,152,4,148,0.0,4,0.0632,0.16,-0.0968
-17.4,-38.8,ES/BA-S,1.0306,1.4563,0.4258,1.2168,142,62,80,0.5484,103,0.1546,0.1451,0.0095,0.4949,0.4258,0.8604,142,2,140,0.0,2,0.0691,0.1535,-0.0844
-17.2,-39.0,ES/BA-S,1.0463,1.4743,0.428,1.2318,148,66,82,0.4848,109,0.1661,0.1706,-0.0045,0.509,0.428,0.841,148,2,146,0.0,4,0.081,0.1663,-0.0854
-17.2,-38.8,ES/BA-S,0.9724,1.3736,0.4012,1.1442,128,57,71,0.5439,103,0.1344,0.1281,0.0063,0.4433,0.4012,0.9051,128,2,126,0.0,2,0.0421,0.1356,-0.0935
-17.0,-39.0,ES/BA-S,1.0058,1.4152,0.4094,1.1786,160,73,87,0.4795,131,0.1621,0.1697,-0.0076,0.49,0.4094,0.8355,160,3,157,0.0,5,0.0806,0.1993,-0.1186
-17.0,-38.8,ES/BA-S,0.929,1.3125,0.3834,1.0913,116,55,61,0.5091,101,0.125,0.1218,0.0031,0.4424,0.3834,0.8667,116,2,114,0.0,3,0.059,0.1433,-0.0844
-16.8,-39.0,ES/BA-S,0.9721,1.3662,0.3941,1.1353,150,72,78,0.4306,130,0.1482,0.1622,-0.014,0.4672,0.3941,0.8436,150,3,147,0.0,5,0.0731,0.1875,-0.1145
-16.8,-38.8,ES/BA-S,0.9265,1.3068,0.3803,1.0855,119,57,62,0.4737,105,0.1216,0.1251,-0.0035,0.4487,0.3803,0.8476,119,1,118,0.0,2,0.0684,0.1723,-0.1039
-16.6,-39.0,ES/BA-S,0.9678,1.3575,0.3897,1.127,152,75,77,0.4,141,0.1524,0.165,-0.0127,0.4674,0.3897,0.8338,152,3,149,0.0,5,0.0777,0.1914,-0.1137
-16.6,-38.8,ES/BA-S,0.9408,1.3242,0.3834,1.1003,121,54,67,0.4815,110,0.1273,0.1343,-0.007,0.4454,0.3834,0.8608,121,2,119,0.0,3,0.062,0.1472,-0.0851
-16.4,-38.8,ES/BA-S,0.9519,1.3385,0.3866,1.1103,138,64,74,0.4688,131,0.1323,0.1404,-0.008,0.462,0.3866,0.8367,138,2,136,0.0,3,0.0754,0.1612,-0.0857
-16.4,-38.6,ES/BA-S,0.9173,1.2952,0.3779,1.0739,104,50,54,0.5,106,0.1154,0.1211,-0.0057,0.4814,0.3779,0.7851,104,1,103,0.0,1,0.1035,0.1689,-0.0655
-16.2,-38.8,ES/BA-S,0.9645,1.3555,0.391,1.1227,145,71,74,0.4366,142,0.1443,0.1531,-0.0088,0.4794,0.391,0.8157,145,2,143,0.0,3,0.0884,0.1751,-0.0867
-16.2,-38.6,ES/BA-S,0.9382,1.3236,0.3854,1.0957,121,60,61,0.4333,118,0.1208,0.1284,-0.0076,0.4411,0.3854,0.8737,121,1,120,0.0,2,0.0557,0.1616,-0.1058
-16.0,-38.8,ES/BA-S,0.959,1.3514,0.3924,1.1205,138,68,70,0.4559,142,0.1487,0.1547,-0.0061,0.4589,0.3924,0.8551,138,3,135,0.0,4,0.0665,0.1811,-0.1146
-16.0,-38.6,ES/BA-S,0.9365,1.3239,0.3874,1.0971,111,55,56,0.4727,109,0.1209,0.1221,-0.0012,0.4807,0.3874,0.806,111,1,110,0.0,1,0.0933,0.1652,-0.0719
-15.8,-38.8,ES/BA-S,0.9253,1.3107,0.3854,1.088,119,62,57,0.4194,115,0.126,0.1326,-0.0066,0.4516,0.3854,0.8534,119,1,118,0.0,2,0.0662,0.1708,-0.1046
-15.8,-38.6,ES/BA-S,0.9089,1.29,0.3812,1.0698,80,39,41,0.5641,84,0.1204,0.1011,0.0193,0.4385,0.3812,0.8692,80,1,79,0.0,1,0.0573,0.127,-0.0697
-15.8,-38.4,ES/BA-S,0.9089,1.29,0.3811,1.0681,58,28,30,0.5714,56,0.097,0.0893,0.0077,,,,58,0,58,,0,,,
-15.6,-38.8,ES/BA-S,0.9204,1.3051,0.3847,1.0835,98,50,48,0.42,92,0.1189,0.1211,-0.0022,0.4763,0.3847,0.8077,98,1,97,0.0,1,0.0916,0.1621,-0.0705
-15.6,-38.6,ES/BA-S,0.908,1.2895,0.3816,1.0695,71,32,39,0.5938,70,0.1151,0.094,0.0211,0.4105,0.3816,0.9296,71,1,70,0.0,1,0.0289,0.0987,-0.0698
-15.4,-38.8,ES/BA-S,0.9168,1.3014,0.3846,1.0807,88,47,41,0.4468,89,0.1102,0.1138,-0.0036,,,,88,0,88,,0,,,
-15.4,-38.6,ES/BA-S,0.9093,1.2921,0.3828,1.0716,60,27,33,0.6296,58,0.1091,0.0903,0.0188,,,,60,0,60,,0,,,
-15.2,-38.8,ES/BA-S,0.9116,1.2958,0.3842,1.0762,83,41,42,0.4878,78,0.1121,0.1041,0.008,,,,83,0,83,,0,,,
-15.2,-38.6,ES/BA-S,0.9114,1.2956,0.3842,1.0742,56,26,30,0.5385,49,0.1018,0.0858,0.016,,,,56,0,56,,0,,,
-15.0,-38.8,BA-N,0.9124,1.2972,0.3847,1.0768,74,33,41,0.5152,64,0.106,0.0998,0.0062,,,,74,0,74,,0,,,
-15.0,-38.6,BA-N,0.9149,1.3005,0.3856,1.0775,53,22,31,0.6364,37,0.1032,0.083,0.0202,,,,53,0,53,,0,,,
-14.8,-38.8,BA-N,0.9175,1.3035,0.386,1.0804,73,31,42,0.4839,63,0.0976,0.0957,0.0019,,,,73,0,73,,0,,,
-14.8,-38.6,BA-N,0.9195,1.3065,0.387,1.081,54,22,32,0.6818,39,0.1046,0.0817,0.0229,,,,54,0,54,,0,,,
-14.6,-38.8,BA-N,0.9227,1.3102,0.3874,1.0841,69,29,40,0.5172,57,0.1031,0.0943,0.0087,,,,69,0,69,,0,,,
-14.6,-38.6,BA-N,0.9247,1.3131,0.3885,1.0849,55,20,35,0.5,38,0.0999,0.0835,0.0164,,,,55,0,55,,0,,,
-14.4,-38.8,BA-N,0.928,1.3169,0.3889,1.088,71,29,42,0.5517,64,0.1059,0.0949,0.011,,,,71,0,71,,0,,,
-14.4,-38.6,BA-N,0.9302,1.3201,0.3899,1.0889,53,20,33,0.5,39,0.1052,0.0852,0.02,,,,53,0,53,,0,,,
-14.2,-38.8,BA-N,0.933,1.3234,0.3904,1.0918,76,30,46,0.5667,67,0.1101,0.0994,0.0107,,,,76,0,76,,0,,,
-14.2,-38.6,BA-N,0.9356,1.327,0.3914,1.0929,55,22,33,0.5909,46,0.1061,0.0856,0.0206,,,,55,0,55,,0,,,
-14.0,-38.8,BA-N,0.9382,1.3302,0.3921,1.0956,84,34,50,0.4706,71,0.11,0.1031,0.0069,,,,84,0,84,,0,,,
-14.0,-38.6,BA-N,0.9408,1.3336,0.3927,1.0968,60,21,39,0.6667,49,0.1158,0.0888,0.027,,,,60,0,60,,0,,,
-13.8,-38.8,BA-N,0.9455,1.3407,0.3952,1.1022,86,37,49,0.4595,80,0.1115,0.1091,0.0024,,,,86,0,86,,0,,,
-13.8,-38.6,BA-N,0.9455,1.3395,0.394,1.1003,60,25,35,0.64,55,0.117,0.0895,0.0274,,,,60,0,60,,0,,,
-13.6,-38.8,BA-N,0.9481,1.3438,0.3957,1.1042,90,42,48,0.4524,89,0.1118,0.109,0.0029,,,,90,0,90,,0,,,
-13.6,-38.6,BA-N,0.9491,1.3442,0.3951,1.1033,65,30,35,0.5333,65,0.1132,0.0942,0.0189,0.4436,0.3951,0.8907,65,1,64,0.0,1,0.0485,0.1488,-0.1003
-13.4,-38.8,BA-N,0.9513,1.3483,0.397,1.1077,92,44,48,0.5227,93,0.1223,0.113,0.0093,0.4362,0.397,0.91,92,1,91,0.0,1,0.0393,0.139,-0.0998
-13.4,-38.6,BA-N,0.9509,1.347,0.3961,1.1057,79,38,41,0.5263,82,0.1104,0.0998,0.0106,0.4382,0.3961,0.904,79,1,78,0.0,1,0.0421,0.1423,-0.1002
-13.4,-38.4,BA-N,0.9534,1.3501,0.3967,1.1064,60,27,33,0.6667,61,0.1165,0.0901,0.0264,0.45,0.3967,0.8815,60,1,59,0.0,1,0.0533,0.154,-0.1006
-13.2,-38.6,BA-N,0.9534,1.3513,0.3979,1.1099,92,45,47,0.5333,107,0.1207,0.1167,0.004,0.4391,0.3979,0.9062,92,1,91,0.0,1,0.0412,0.1408,-0.0996
-13.2,-38.4,BA-N,0.9527,1.3502,0.3975,1.1081,79,37,42,0.5135,85,0.1089,0.1019,0.007,0.443,0.3975,0.8973,79,1,78,0.0,1,0.0455,0.1455,-0.1
-13.2,-38.2,BA-N,0.9527,1.3505,0.3978,1.1078,59,27,32,0.5926,63,0.1081,0.0908,0.0173,0.4493,0.3978,0.8854,59,1,58,0.0,1,0.0515,0.1515,-0.1
-13.2,-38.0,BA-N,0.952,1.3506,0.3986,1.1076,54,23,31,0.6087,47,0.0952,0.0821,0.0131,,,,54,0,54,,0,,,
-13.0,-38.4,BA-N,0.95,1.3481,0.3981,1.1077,102,55,47,0.5091,129,0.1197,0.1261,-0.0064,0.4418,0.3981,0.9011,102,1,101,0.0,1,0.0437,0.1428,-0.0991
-13.0,-38.2,BA-N,0.9504,1.3489,0.3986,1.1077,83,37,46,0.5405,87,0.1083,0.1047,0.0036,,,,83,0,83,,0,,,
-13.0,-38.0,BA-N,0.9505,1.3496,0.3991,1.1079,66,31,35,0.5484,67,0.098,0.0873,0.0107,,,,66,0,66,,0,,,
-13.0,-37.8,BA-N,0.9501,1.35,0.3999,1.1079,53,23,30,0.5652,42,0.1025,0.0826,0.0199,,,,53,0,53,,0,,,
-12.8,-38.0,BA-N,0.949,1.3496,0.4006,1.1089,79,35,44,0.5143,83,0.1092,0.1028,0.0064,,,,79,0,79,,0,,,
-12.8,-37.8,BA-N,0.9489,1.3496,0.4007,1.1084,60,27,33,0.5556,59,0.0977,0.0881,0.0096,,,,60,0,60,,0,,,
-12.6,-37.8,BA-N,0.9476,1.3495,0.4019,1.1092,68,32,36,0.5625,71,0.1072,0.0993,0.008,,,,68,0,68,,0,,,
-12.6,-37.6,BA-N,0.9491,1.3514,0.4023,1.1096,53,23,30,0.6522,51,0.1095,0.0857,0.0238,,,,53,0,53,,0,,,
-12.4,-37.8,BA-N,0.9648,1.3738,0.409,1.1266,79,38,41,0.5526,86,0.1087,0.1071,0.0016,,,,79,0,79,,0,,,
-12.4,-37.6,BA-N,0.9492,1.3528,0.4035,1.1106,59,28,31,0.6071,65,0.1093,0.097,0.0124,,,,59,0,59,,0,,,
-12.4,-37.4,BA-N,0.9504,1.3546,0.4042,1.1111,50,24,26,0.7083,54,0.1121,0.0812,0.0309,,,,50,0,50,,0,,,
-12.2,-37.6,BA-N,0.9536,1.3606,0.4071,1.1156,76,37,39,0.5676,82,0.1065,0.1038,0.0026,,,,76,0,76,,0,,,
-12.2,-37.4,BA-N,0.9513,1.3569,0.4056,1.1127,54,24,30,0.7083,54,0.1118,0.0907,0.021,,,,54,0,54,,0,,,
-12.0,-37.4,BA-N,0.9524,1.3598,0.4074,1.1144,67,29,38,0.5862,62,0.1065,0.0981,0.0084,,,,67,0,67,,0,,,
-12.0,-37.2,BA-N,0.9528,1.3608,0.408,1.1147,49,23,26,0.6522,46,0.1066,0.0815,0.0252,,,,49,0,49,,0,,,
-11.8,-37.4,BA-N,0.9587,1.3701,0.4114,1.1227,72,32,40,0.4688,67,0.1039,0.1048,-0.0009,,,,72,0,72,,0,,,
-11.8,-37.2,BA-N,0.9535,1.3632,0.4096,1.1164,52,24,28,0.625,47,0.1148,0.0896,0.0252,,,,52,0,52,,0,,,
-11.6,-37.4,BA-N,1.0726,1.6021,0.5295,1.2818,78,43,35,0.7209,95,0.1399,0.1087,0.0312,,,,78,0,78,,0,,,
-11.6,-37.2,BA-N,0.9538,1.365,0.4112,1.1178,65,27,38,0.5185,58,0.1027,0.0995,0.0032,,,,65,0,65,,0,,,
-11.6,-37.0,BA-N,0.9542,1.3659,0.4117,1.118,49,22,27,0.5909,42,0.1097,0.0854,0.0243,,,,49,0,49,,0,,,
-11.4,-37.2,BA-N,0.9681,1.3881,0.42,1.1348,69,31,38,0.5161,66,0.1085,0.1081,0.0003,,,,69,0,69,,0,,,
-11.4,-37.0,BA-N,0.9544,1.3676,0.4132,1.1193,57,24,33,0.5833,50,0.1101,0.0966,0.0135,,,,57,0,57,,0,,,
-11.4,-36.8,BA-N,0.9549,1.3687,0.4138,1.1197,46,19,27,0.6316,37,0.104,0.0854,0.0186,,,,46,0,46,,0,,,
-11.2,-37.0,BA-N,0.9601,1.3767,0.4166,1.1275,67,28,39,0.5714,63,0.1112,0.107,0.0043,,,,67,0,67,,0,,,
-11.2,-36.8,BA-N,0.9552,1.3703,0.4151,1.1219,55,21,34,0.5238,43,0.107,0.0973,0.0098,,,,55,0,55,,0,,,
-11.0,-37.0,BA-N,0.9695,1.3901,0.4206,1.1382,75,30,45,0.5333,70,0.1142,0.1144,-0.0001,,,,75,0,75,,0,,,
-11.0,-36.8,BA-N,0.9572,1.3744,0.4172,1.1258,64,27,37,0.4815,57,0.1061,0.1091,-0.003,,,,64,0,64,,0,,,
-11.0,-36.6,BA-N,0.9556,1.3728,0.4171,1.1238,54,19,35,0.4737,41,0.1048,0.0974,0.0075,,,,54,0,54,,0,,,
-10.8,-36.8,BA-N,0.97,1.3927,0.4227,1.1391,75,30,45,0.5667,75,0.1173,0.1185,-0.0012,,,,75,0,75,,0,,,
-10.8,-36.6,BA-N,0.9709,1.3942,0.4233,1.1403,64,27,37,0.4074,62,0.1133,0.1117,0.0016,,,,64,0,64,,0,,,
-10.8,-36.4,BA-N,0.9578,1.3775,0.4197,1.126,53,21,32,0.4286,43,0.101,0.1004,0.0006,,,,53,0,53,,0,,,
-10.8,-36.2,BA-N,0.959,1.3789,0.4199,1.126,40,12,28,0.5,28,0.0994,0.087,0.0124,,,,40,0,40,,0,,,
-10.6,-36.6,BA-N,0.9928,1.4227,0.43,1.1605,84,34,50,0.5588,87,0.1237,0.1249,-0.0012,,,,84,0,84,,0,,,
-10.6,-36.4,BA-N,0.965,1.3885,0.4235,1.1326,72,29,43,0.5862,73,0.1162,0.1165,-0.0003,,,,72,0,72,,0,,,
-10.6,-36.2,BA-N,0.9619,1.3838,0.4219,1.1283,57,23,34,0.4348,46,0.11,0.1025,0.0075,,,,57,0,57,,0,,,
-10.6,-36.0,BA-N,0.9622,1.3841,0.4219,1.1272,43,17,26,0.5294,33,0.0976,0.0845,0.0131,,,,43,0,43,,0,,,
-10.4,-36.2,BA-N,0.9862,1.416,0.4298,1.1529,71,30,41,0.4667,63,0.1185,0.1095,0.009,,,,71,0,71,,0,,,
-10.4,-36.0,BA-N,0.9649,1.3889,0.424,1.1313,57,22,35,0.5,43,0.1232,0.0998,0.0234,,,,57,0,57,,0,,,
-10.4,-35.8,BA-N,0.9654,1.3892,0.4237,1.1305,42,17,25,0.5294,36,0.1015,0.084,0.0175,,,,42,0,42,,0,,,
-10.2,-36.0,BA-N,0.9821,1.412,0.4298,1.1492,65,30,35,0.4667,63,0.1165,0.1078,0.0087,,,,65,0,65,,0,,,
-10.2,-35.8,BA-N,0.9671,1.3921,0.4251,1.1319,55,22,33,0.4545,42,0.1097,0.0976,0.0121,,,,55,0,55,,0,,,
-10.2,-35.6,BA-N,0.9685,1.3936,0.4251,1.1309,45,16,29,0.5,34,0.111,0.0836,0.0275,,,,45,0,45,,0,,,
-10.0,-35.8,NE,0.9768,1.4059,0.4291,1.1405,69,33,36,0.5152,61,0.111,0.1041,0.0069,,,,69,0,69,,0,,,
-10.0,-35.6,NE,0.97,1.3962,0.4261,1.1313,57,22,35,0.4545,40,0.1066,0.0953,0.0113,,,,57,0,57,,0,,,
-10.0,-35.4,NE,0.9716,1.3983,0.4267,1.1316,45,17,28,0.4706,33,0.1037,0.0813,0.0224,,,,45,0,45,,0,,,
-9.8,-35.8,NE,0.9999,1.4364,0.4365,1.1638,72,35,37,0.4857,68,0.113,0.1136,-0.0006,,,,72,0,72,,0,,,
-9.8,-35.6,NE,0.9857,1.4182,0.4326,1.1488,66,31,35,0.4516,56,0.1067,0.1019,0.0048,,,,66,0,66,,0,,,
-9.8,-35.4,NE,0.9752,1.4036,0.4285,1.1364,58,23,35,0.4783,39,0.1099,0.0914,0.0185,,,,58,0,58,,0,,,
-9.6,-35.6,NE,0.9764,1.5254,0.5491,1.2203,75,47,28,0.617,99,0.1455,0.1098,0.0357,,,,75,0,75,,0,,,
-9.6,-35.4,NE,0.9988,1.4393,0.4406,1.1663,67,29,38,0.4138,53,0.1011,0.099,0.002,,,,67,0,67,,0,,,
-9.6,-35.2,NE,0.9766,1.4074,0.4308,1.1416,54,24,30,0.4167,38,0.0888,0.0873,0.0015,,,,54,0,54,,0,,,
-9.4,-35.4,NE,0.986,1.506,0.52,1.2015,69,41,28,0.6098,88,0.1407,0.1046,0.0361,,,,69,0,69,,0,,,
-9.4,-35.2,NE,0.9991,1.4424,0.4433,1.1727,62,27,35,0.5185,50,0.1078,0.0896,0.0182,,,,62,0,62,,0,,,
-9.4,-35.0,NE,0.9768,1.4086,0.4318,1.1443,48,19,29,0.5263,38,0.1103,0.0754,0.0349,,,,48,0,48,,0,,,
-9.2,-35.2,NE,0.9665,1.4889,0.5224,1.1997,68,32,36,0.6562,75,0.1314,0.0994,0.032,,,,68,0,68,,0,,,
-9.2,-35.0,NE,0.9883,1.4275,0.4392,1.1628,61,24,37,0.4583,43,0.1007,0.0833,0.0174,,,,61,0,61,,0,,,
-9.2,-34.8,NE,0.9803,1.4141,0.4338,1.1502,39,16,23,0.625,32,0.1267,0.0715,0.0552,,,,39,0,39,,0,,,
-9.0,-35.0,NE,0.9969,1.4419,0.4449,1.1764,64,22,42,0.4545,45,0.0981,0.0915,0.0066,,,,64,0,64,,0,,,
-9.0,-34.8,NE,0.9823,1.4173,0.435,1.1552,54,19,35,0.6842,39,0.1252,0.0738,0.0515,,,,54,0,54,,0,,,
-8.8,-35.0,NE,1.0119,1.4612,0.4492,1.1935,66,22,44,0.5,47,0.1065,0.0971,0.0094,,,,66,0,66,,0,,,
-8.8,-34.8,NE,0.9855,1.4217,0.4362,1.16,59,21,38,0.6667,39,0.1163,0.0776,0.0387,,,,59,0,59,,0,,,
-8.6,-34.8,NE,0.9967,1.4362,0.4396,1.171,65,23,42,0.6522,45,0.1182,0.0839,0.0343,,,,65,0,65,,0,,,
-8.6,-34.6,NE,0.9876,1.4242,0.4366,1.1585,56,23,33,0.6957,49,0.1302,0.0694,0.0607,,,,56,0,56,,0,,,
-8.4,-34.8,NE,1.0064,1.4486,0.4422,1.1801,68,27,41,0.6667,52,0.1227,0.0847,0.038,,,,68,0,68,,0,,,
-8.4,-34.6,NE,0.9916,1.4294,0.4378,1.1609,53,23,30,0.7391,49,0.1217,0.0709,0.0507,,,,53,0,53,,0,,,
-8.2,-34.8,NE,1.019,1.465,0.4459,1.192,68,29,39,0.6552,55,0.1362,0.0871,0.0491,,,,68,0,68,,0,,,
-8.2,-34.6,NE,0.9971,1.4362,0.4391,1.1629,56,25,31,0.68,54,0.1233,0.0734,0.0499,,,,56,0,56,,0,,,
-8.0,-34.8,NE,1.0319,1.4816,0.4497,1.2009,63,31,32,0.6129,60,0.1305,0.0858,0.0447,,,,63,0,63,,0,,,
-8.0,-34.6,NE,1.015,1.4595,0.4445,1.1748,54,26,28,0.6154,55,0.1177,0.0763,0.0414,,,,54,0,54,,0,,,
-8.0,-34.4,NE,1.0043,1.445,0.4407,1.16,51,25,26,0.64,50,0.1175,0.0698,0.0477,,,,51,0,51,,0,,,
-7.8,-34.8,NE,1.0462,1.5067,0.4605,1.2118,71,32,39,0.625,62,0.1387,0.0825,0.0562,,,,71,0,71,,0,,,
-7.8,-34.6,NE,1.0286,1.4788,0.4502,1.1859,57,25,32,0.68,54,0.1241,0.0779,0.0462,,,,57,0,57,,0,,,
-7.8,-34.4,NE,1.0109,1.453,0.4421,1.1611,52,26,26,0.6923,50,0.1194,0.0709,0.0485,,,,52,0,52,,0,,,
-7.6,-34.8,NE,0.9508,1.5728,0.622,1.2398,73,43,30,0.8372,104,0.1739,0.0838,0.0902,,,,73,0,73,,0,,,
-7.6,-34.6,NE,1.0388,1.4959,0.457,1.195,57,23,34,0.6087,51,0.1211,0.0793,0.0418,,,,57,0,57,,0,,,
-7.6,-34.4,NE,1.0144,1.4576,0.4432,1.1597,49,24,25,0.625,48,0.1227,0.0714,0.0513,,,,49,0,49,,0,,,
-7.4,-34.6,NE,1.0427,1.501,0.4583,1.193,53,23,30,0.6957,53,0.1161,0.0771,0.039,,,,53,0,53,,0,,,
-7.4,-34.4,NE,1.0182,1.4625,0.4443,1.1597,55,27,28,0.5926,53,0.1197,0.0701,0.0497,,,,55,0,55,,0,,,
-7.2,-34.6,NE,1.0469,1.5047,0.4578,1.1923,52,24,28,0.6667,53,0.1162,0.0733,0.0428,,,,52,0,52,,0,,,
-7.2,-34.4,NE,1.0224,1.468,0.4457,1.1614,59,24,35,0.6667,47,0.1209,0.0691,0.0518,,,,59,0,59,,0,,,
-7.0,-34.8,NE,1.0245,1.5463,0.5218,1.2235,64,32,32,0.6562,59,0.1287,0.0786,0.0501,,,,64,0,64,,0,,,
-7.0,-34.6,NE,1.0382,1.4908,0.4527,1.1778,51,22,29,0.6364,48,0.1124,0.0731,0.0393,,,,51,0,51,,0,,,
-7.0,-34.4,NE,1.027,1.4744,0.4473,1.1643,54,23,31,0.6087,50,0.1086,0.0714,0.0373,,,,54,0,54,,0,,,
-6.8,-34.8,NE,1.0603,1.5251,0.4648,1.2018,55,25,30,0.56,45,0.1284,0.0758,0.0526,0.4669,0.4648,0.9955,55,1,54,0.0,1,0.0021,0.125,-0.1229
-6.8,-34.6,NE,1.0336,1.4835,0.4499,1.17,51,21,30,0.619,49,0.1196,0.0728,0.0468,,,,51,0,51,,0,,,
-6.6,-34.8,NE,1.0486,1.5053,0.4567,1.1858,54,26,28,0.4615,45,0.1164,0.0758,0.0406,0.4618,0.4567,0.9889,54,1,53,0.0,1,0.0051,0.1225,-0.1174
-6.6,-34.6,NE,1.0365,1.487,0.4505,1.1707,56,24,32,0.5417,46,0.124,0.073,0.0511,,,,56,0,56,,0,,,
-6.4,-34.8,NE,1.0442,1.4973,0.4531,1.1774,60,22,38,0.5,45,0.1176,0.0779,0.0397,0.4606,0.4531,0.9837,60,1,59,0.0,1,0.0075,0.1213,-0.1138
-6.4,-34.6,NE,1.0402,1.4917,0.4515,1.1726,52,20,32,0.6,44,0.1246,0.0738,0.0509,0.4538,0.4515,0.9949,52,1,51,0.0,1,0.0023,0.116,-0.1137
-6.2,-35.0,NE,1.0613,1.5195,0.4582,1.1924,65,25,40,0.56,44,0.1275,0.0768,0.0507,0.4643,0.4582,0.9869,65,1,64,0.0,1,0.0061,0.1214,-0.1153
-6.2,-34.8,NE,1.0448,1.4976,0.4528,1.1759,58,25,33,0.48,51,0.1139,0.0728,0.0411,0.4554,0.4528,0.9944,58,1,57,0.0,1,0.0026,0.1146,-0.112
-6.2,-34.6,NE,1.0439,1.4963,0.4523,1.1743,53,25,28,0.56,52,0.1191,0.072,0.0471,,,,53,0,53,,0,,,
-6.0,-35.0,NE,1.0596,1.517,0.4574,1.1886,60,26,34,0.4615,49,0.1099,0.0793,0.0307,0.4664,0.4574,0.9808,60,1,59,0.0,1,0.0089,0.121,-0.1121
-6.0,-34.8,NE,1.0492,1.5031,0.4538,1.1778,57,26,31,0.5385,56,0.1122,0.0747,0.0374,0.4593,0.4538,0.988,57,1,56,0.0,1,0.0055,0.1154,-0.1099
-5.8,-35.0,NE,1.054,1.509,0.455,1.1814,62,26,36,0.5385,55,0.1117,0.0801,0.0316,0.4671,0.455,0.9743,62,1,61,0.0,1,0.012,0.1205,-0.1084
-5.8,-34.8,NE,1.0526,1.5069,0.4544,1.1791,56,26,30,0.6154,59,0.1084,0.0755,0.0329,0.4561,0.4544,0.9961,56,1,55,0.0,1,0.0018,0.1098,-0.1081
-5.6,-35.0,NE,1.0577,1.5133,0.4556,1.1834,63,27,36,0.6296,59,0.1143,0.0788,0.0355,0.4692,0.4556,0.971,63,1,62,0.0,1,0.0136,0.1201,-0.1065
-5.6,-34.8,NE,1.0566,1.512,0.4554,1.1818,51,24,27,0.5833,58,0.1109,0.0756,0.0353,,,,51,0,51,,0,,,
-5.4,-35.2,NE,1.0857,1.6057,0.52,1.2573,57,29,28,0.4828,62,0.129,0.0765,0.0525,,,,57,0,57,,0,,,
-5.4,-35.0,NE,1.0634,1.5206,0.4571,1.1867,54,23,31,0.6087,58,0.1087,0.0783,0.0305,0.4694,0.4571,0.974,54,1,53,0.0,1,0.0122,0.1164,-0.1042
-5.4,-34.8,NE,1.0605,1.5163,0.4558,1.1829,55,23,32,0.6087,56,0.111,0.076,0.0349,,,,55,0,55,,0,,,
-5.2,-35.4,NE,1.115,1.7385,0.6235,1.3758,48,30,18,0.6,57,0.1679,0.0688,0.0991,,,,48,0,48,,0,,,
-5.2,-35.2,NE,1.1115,1.5943,0.4828,1.2438,47,19,28,0.5263,46,0.1184,0.074,0.0444,,,,47,0,47,,0,,,
-5.2,-35.0,NE,1.0704,1.5305,0.46,1.191,55,22,33,0.5909,55,0.1186,0.0777,0.0409,0.4673,0.46,0.9845,55,1,54,0.0,1,0.0072,0.1105,-0.1033
-5.0,-36.6,N_equatorial,1.2599,1.8403,0.5804,1.4049,43,20,23,0.8,43,0.1817,0.081,0.1007,,,,43,0,43,,0,,,
-5.0,-36.2,N_equatorial,1.3119,1.9708,0.6589,1.63,42,24,18,0.8333,55,0.1904,0.0774,0.1131,,,,42,0,42,,0,,,
-5.0,-35.6,N_equatorial,1.1792,1.6972,0.518,1.3144,42,13,29,0.5385,24,0.1368,0.0769,0.0599,,,,42,0,42,,0,,,
-5.0,-35.4,N_equatorial,1.149,1.6494,0.5004,1.277,48,13,35,0.5385,27,0.1265,0.0733,0.0532,,,,48,0,48,,0,,,
-5.0,-35.2,N_equatorial,1.1079,1.5875,0.4796,1.2303,50,18,32,0.5,38,0.1197,0.0731,0.0465,,,,50,0,50,,0,,,
-5.0,-35.0,N_equatorial,1.0802,1.5452,0.465,1.1975,46,21,25,0.6667,42,0.1068,0.0763,0.0305,,,,46,0,46,,0,,,
-4.8,-37.2,N_equatorial,1.6518,2.5607,0.909,2.0758,44,25,19,0.72,36,0.2726,0.0795,0.1931,,,,44,0,44,,0,,,
-4.8,-37.0,N_equatorial,1.2539,1.8069,0.5529,1.4164,36,17,19,0.7647,24,0.1565,0.0787,0.0778,,,,36,0,36,,0,,,
-4.8,-36.8,N_equatorial,1.2045,1.7373,0.5328,1.3413,38,16,22,0.75,23,0.1538,0.0798,0.0739,,,,38,0,38,,0,,,
-4.8,-36.6,N_equatorial,1.1664,1.6836,0.5172,1.293,40,16,24,0.625,24,0.1449,0.0788,0.066,,,,40,0,40,,0,,,
-4.8,-36.4,N_equatorial,1.1291,1.6279,0.4988,1.247,40,19,21,0.5789,31,0.1536,0.0747,0.079,,,,40,0,40,,0,,,
-4.8,-36.2,N_equatorial,1.1217,1.6153,0.4936,1.2371,40,18,22,0.5556,29,0.1656,0.0749,0.0908,,,,40,0,40,,0,,,
-4.8,-36.0,N_equatorial,1.1188,1.61,0.4912,1.2324,42,16,26,0.625,26,0.1785,0.0757,0.1028,,,,42,0,42,,0,,,
-4.8,-35.8,N_equatorial,1.1211,1.6123,0.4912,1.2358,44,15,29,0.6,24,0.1351,0.0726,0.0625,,,,44,0,44,,0,,,
-4.8,-35.6,N_equatorial,1.1266,1.619,0.4924,1.2443,42,14,28,0.7143,25,0.1528,0.0682,0.0847,,,,42,0,42,,0,,,
-4.8,-35.4,N_equatorial,1.1173,1.6036,0.4863,1.2342,46,14,32,0.5714,29,0.1374,0.0713,0.0661,,,,46,0,46,,0,,,
-4.6,-37.4,N_equatorial,1.2942,1.8534,0.5593,1.4163,43,15,28,0.7333,26,0.1846,0.0807,0.1039,,,,43,0,43,,0,,,
-4.6,-37.2,N_equatorial,1.2375,1.7804,0.543,1.3742,37,16,21,0.5,21,0.1245,0.0785,0.046,,,,37,0,37,,0,,,
-4.6,-37.0,N_equatorial,1.165,1.6782,0.5131,1.2879,38,15,23,0.6,19,0.1328,0.078,0.0547,,,,38,0,38,,0,,,
-4.6,-36.8,N_equatorial,1.1324,1.6315,0.499,1.2477,34,16,18,0.5625,19,0.1283,0.0729,0.0554,,,,34,0,34,,0,,,
-4.6,-36.6,N_equatorial,1.1294,1.6267,0.4973,1.2442,39,18,21,0.6111,23,0.1396,0.0755,0.0641,,,,39,0,39,,0,,,
-4.6,-36.0,N_equatorial,1.1195,1.6103,0.4908,1.2329,40,14,26,0.5,19,0.147,0.0713,0.0756,,,,40,0,40,,0,,,
-4.4,-37.6,N_equatorial,1.3008,1.8588,0.5579,1.4084,48,16,32,0.625,24,0.1882,0.0784,0.1097,,,,48,0,48,,0,,,
-4.4,-37.4,N_equatorial,1.2414,1.7794,0.5379,1.356,49,16,33,0.625,25,0.1663,0.0787,0.0876,,,,49,0,49,,0,,,
-4.4,-37.2,N_equatorial,1.1571,1.6668,0.5097,1.2765,38,16,22,0.5625,23,0.1331,0.0766,0.0564,,,,38,0,38,,0,,,
-4.4,-37.0,N_equatorial,1.1367,1.6363,0.4996,1.2489,38,18,20,0.5556,23,0.1473,0.0756,0.0717,,,,38,0,38,,0,,,
-4.2,-37.8,N_equatorial,1.3006,1.8541,0.5535,1.4011,55,19,36,0.6316,29,0.1864,0.0775,0.109,0.5539,0.5535,0.9992,55,1,54,0.0,1,0.0005,0.0598,-0.0594
-4.2,-37.6,N_equatorial,1.2457,1.7826,0.5368,1.3492,54,21,33,0.5714,33,0.1866,0.0778,0.1088,,,,54,0,54,,0,,,
-4.2,-37.4,N_equatorial,1.1775,1.6909,0.5133,1.2859,49,22,27,0.5455,33,0.1606,0.0748,0.0857,,,,49,0,49,,0,,,
-4.2,-32.6,N_equatorial,1.0427,1.4909,0.4482,1.1579,26,12,14,0.5833,20,0.1369,0.0727,0.0643,,,,26,0,26,,0,,,
-4.2,-32.4,N_equatorial,1.0385,1.485,0.4464,1.1538,30,17,13,0.5882,24,0.1449,0.0705,0.0744,,,,30,0,30,,0,,,
-4.2,-32.2,N_equatorial,1.0345,1.48,0.4455,1.1503,33,17,16,0.6471,21,0.1383,0.0707,0.0676,,,,33,0,33,,0,,,
-4.0,-38.0,N_equatorial,1.2891,1.8361,0.547,1.3871,61,25,36,0.6,45,0.1689,0.0772,0.0917,0.5541,0.547,0.9871,61,1,60,0.0,1,0.0071,0.064,-0.0569
-4.0,-37.8,N_equatorial,1.2393,1.7723,0.533,1.3386,55,23,32,0.6087,41,0.1683,0.0795,0.0888,0.5407,0.533,0.9857,55,1,54,0.0,1,0.0077,0.0616,-0.0539
-4.0,-37.6,N_equatorial,1.18,1.6939,0.5139,1.2821,53,23,30,0.6087,38,0.1662,0.075,0.0912,0.5218,0.5139,0.985,53,1,52,0.0,1,0.0078,0.0587,-0.0509
-4.0,-32.8,N_equatorial,1.0482,1.501,0.4527,1.1639,29,13,16,0.6154,20,0.1408,0.0716,0.0693,,,,29,0,29,,0,,,
-4.0,-32.6,N_equatorial,1.0439,1.4938,0.4499,1.1598,31,14,17,0.6429,21,0.1534,0.0721,0.0814,,,,31,0,31,,0,,,
-4.0,-32.4,N_equatorial,1.0394,1.4873,0.4479,1.1555,33,19,14,0.6842,26,0.1546,0.0688,0.0857,,,,33,0,33,,0,,,
-4.0,-32.2,N_equatorial,1.0357,1.4827,0.447,1.1516,36,17,19,0.6471,24,0.155,0.0687,0.0864,,,,36,0,36,,0,,,
-4.0,-32.0,N_equatorial,1.0319,1.4778,0.4459,1.1477,41,17,24,0.7059,23,0.1582,0.0689,0.0893,,,,41,0,41,,0,,,
-3.8,-38.2,N_equatorial,1.2676,1.806,0.5384,1.3633,52,24,28,0.7083,45,0.1747,0.0756,0.0991,0.5471,0.5384,0.984,52,1,51,0.0,1,0.0088,0.064,-0.0553
-3.8,-38.0,N_equatorial,1.2285,1.7552,0.5267,1.3252,53,24,29,0.625,46,0.1567,0.0787,0.078,0.5389,0.5267,0.9774,53,1,52,0.0,1,0.0122,0.0647,-0.0525
-3.8,-32.8,N_equatorial,1.0495,1.5052,0.4556,1.1654,34,11,23,0.6364,18,0.1438,0.0744,0.0694,,,,34,0,34,,0,,,
-3.8,-32.6,N_equatorial,1.0466,1.5015,0.4549,1.1619,42,12,30,0.6667,20,0.137,0.0744,0.0627,,,,42,0,42,,0,,,
-3.8,-32.4,N_equatorial,1.0448,1.4971,0.4523,1.1612,45,18,27,0.5556,25,0.1355,0.0734,0.0621,,,,45,0,45,,0,,,
-3.8,-32.2,N_equatorial,1.037,1.4866,0.4497,1.1529,39,16,23,0.6875,24,0.1581,0.0697,0.0884,,,,39,0,39,,0,,,
-3.8,-32.0,N_equatorial,1.0332,1.4813,0.4481,1.1492,41,17,24,0.7647,23,0.171,0.0695,0.1015,,,,41,0,41,,0,,,
-3.6,-38.6,N_equatorial,1.2513,1.7848,0.5335,1.3453,52,19,33,0.7895,31,0.1828,0.0717,0.1111,,,,52,0,52,,0,,,
-3.6,-38.4,N_equatorial,1.2399,1.7696,0.5297,1.3336,51,24,27,0.7083,42,0.1595,0.0719,0.0876,,,,51,0,51,,0,,,
-3.6,-38.2,N_equatorial,1.209,1.73,0.521,1.3035,55,27,28,0.6667,45,0.148,0.0732,0.0748,,,,55,0,55,,0,,,
-3.6,-38.0,N_equatorial,1.1706,1.6781,0.5075,1.2639,50,23,27,0.6522,43,0.1376,0.0756,0.062,,,,50,0,50,,0,,,
-3.6,-32.8,N_equatorial,1.0507,1.5083,0.4576,1.1667,38,14,24,0.7143,22,0.1498,0.0729,0.0768,,,,38,0,38,,0,,,
-3.6,-32.6,N_equatorial,1.0472,1.5033,0.4561,1.1628,44,16,28,0.5625,22,0.1229,0.0728,0.05,,,,44,0,44,,0,,,
-3.6,-32.4,N_equatorial,1.043,1.4973,0.4543,1.1586,42,18,24,0.5,25,0.1184,0.0725,0.0459,,,,42,0,42,,0,,,
-3.6,-32.2,N_equatorial,1.0387,1.4908,0.452,1.1547,41,16,25,0.6875,27,0.1292,0.0699,0.0593,,,,41,0,41,,0,,,
-3.6,-32.0,N_equatorial,1.0347,1.4849,0.4502,1.1509,41,15,26,0.6667,21,0.1495,0.069,0.0805,,,,41,0,41,,0,,,
-3.4,-38.8,N_equatorial,1.2324,1.76,0.5276,1.3244,57,26,31,0.7692,47,0.1615,0.0737,0.0878,,,,57,0,57,,0,,,
-3.4,-38.6,N_equatorial,1.2157,1.7378,0.5221,1.3062,52,26,26,0.7692,49,0.1534,0.0725,0.081,,,,52,0,52,,0,,,
-3.4,-38.4,N_equatorial,1.1918,1.7071,0.5153,1.2826,57,29,28,0.7241,52,0.1463,0.0735,0.0728,,,,57,0,57,,0,,,
-3.4,-38.2,N_equatorial,1.165,1.6717,0.5067,1.2551,52,25,27,0.68,47,0.144,0.0744,0.0697,,,,52,0,52,,0,,,
-3.4,-32.4,N_equatorial,1.0443,1.4999,0.4557,1.1601,43,15,28,0.6,26,0.1239,0.0733,0.0506,,,,43,0,43,,0,,,
-3.2,-39.2,N_equatorial,1.2418,1.7749,0.5331,1.3379,63,24,39,0.75,37,0.1587,0.0738,0.0849,,,,63,0,63,,0,,,
-3.2,-39.0,N_equatorial,1.2136,1.7376,0.524,1.307,56,25,31,0.8,44,0.1588,0.0733,0.0855,,,,56,0,56,,0,,,
-3.2,-38.8,N_equatorial,1.1895,1.7042,0.5147,1.2774,58,26,32,0.7692,47,0.1469,0.0728,0.0741,,,,58,0,58,,0,,,
-3.2,-38.6,N_equatorial,1.161,1.6664,0.5053,1.2467,51,25,26,0.68,41,0.1405,0.0717,0.0687,,,,51,0,51,,0,,,
-3.0,-39.4,N_equatorial,1.2657,1.8033,0.5375,1.3516,59,23,36,0.6522,46,0.1708,0.0734,0.0974,,,,59,0,59,,0,,,
-3.0,-39.2,N_equatorial,1.2099,1.7333,0.5235,1.3014,54,25,29,0.76,44,0.1601,0.0723,0.0878,,,,54,0,54,,0,,,
-3.0,-39.0,N_equatorial,1.1693,1.6807,0.5114,1.2594,54,24,30,0.75,48,0.1705,0.0728,0.0977,0.5423,0.5114,0.943,54,1,53,0.0,1,0.0309,0.0812,-0.0503
-3.0,-38.8,N_equatorial,1.1443,1.646,0.5018,1.2308,57,26,31,0.7692,44,0.1627,0.0732,0.0895,,,,57,0,57,,0,,,
-2.8,-41.6,N_equatorial,1.4368,2.0046,0.5678,1.4793,55,23,32,0.8696,56,0.2189,0.0939,0.125,,,,55,0,55,,0,,,
-2.8,-41.4,N_equatorial,1.4488,2.0152,0.5665,1.4875,47,17,30,0.9412,48,0.2385,0.0918,0.1467,,,,47,0,47,,0,,,
-2.8,-41.2,N_equatorial,1.4475,2.0136,0.5661,1.4862,35,14,21,0.9286,29,0.213,0.0887,0.1244,,,,35,0,35,,0,,,
-2.8,-41.0,N_equatorial,1.4399,2.0075,0.5677,1.481,28,10,18,1.0,20,0.2027,0.0866,0.1161,,,,28,0,28,,0,,,
-2.8,-40.8,N_equatorial,1.4306,1.9976,0.567,1.4739,29,11,18,1.0,20,0.2035,0.0845,0.119,,,,29,0,29,,0,,,
-2.8,-40.6,N_equatorial,1.4195,1.9845,0.5649,1.465,30,11,19,1.0,18,0.2218,0.0809,0.1409,,,,30,0,30,,0,,,
-2.8,-40.4,N_equatorial,1.3946,1.956,0.5614,1.4428,33,14,19,1.0,18,0.238,0.0785,0.1595,,,,33,0,33,,0,,,
-2.8,-40.2,N_equatorial,1.3807,1.9435,0.5627,1.4346,29,12,17,0.9167,21,0.2154,0.0757,0.1397,,,,29,0,29,,0,,,
-2.8,-40.0,N_equatorial,1.3838,1.9489,0.5651,1.4377,33,14,19,0.9286,22,0.1938,0.0746,0.1192,,,,33,0,33,,0,,,
-2.8,-39.8,N_equatorial,1.3456,1.8996,0.554,1.4128,48,18,30,0.8889,36,0.196,0.0754,0.1207,,,,48,0,48,,0,,,
-2.8,-39.6,N_equatorial,1.2926,1.8327,0.5401,1.3623,57,24,33,0.7917,50,0.1879,0.0758,0.112,0.5839,0.5401,0.9251,57,1,56,0.0,1,0.0438,0.0988,-0.055
-2.8,-39.4,N_equatorial,1.2386,1.7646,0.5261,1.3119,54,26,28,0.6923,47,0.1659,0.0739,0.092,,,,54,0,54,,0,,,
-2.8,-39.2,N_equatorial,1.1809,1.692,0.5111,1.2613,51,26,25,0.7692,48,0.1764,0.0735,0.1029,0.5522,0.5111,0.9256,51,1,50,0.0,1,0.0411,0.0911,-0.05
-2.6,-42.4,N_equatorial,1.4,1.9758,0.5758,1.4562,64,29,35,0.8621,52,0.1989,0.094,0.1049,0.5947,0.5758,0.9681,64,1,63,0.0,1,0.019,0.128,-0.109
-2.6,-42.2,N_equatorial,1.3812,1.9514,0.5702,1.4413,53,22,31,0.9091,54,0.1969,0.096,0.1009,0.5767,0.5702,0.9886,53,1,52,0.0,1,0.0066,0.1223,-0.1158
-2.6,-42.0,N_equatorial,1.3677,1.9303,0.5626,1.4216,48,21,27,0.9524,53,0.2015,0.0915,0.11,,,,48,0,48,,0,,,
-2.6,-41.8,N_equatorial,1.3727,1.9289,0.5562,1.4185,50,22,28,1.0,55,0.2044,0.0911,0.1133,,,,50,0,50,,0,,,
-2.6,-41.6,N_equatorial,1.3804,1.9347,0.5543,1.4217,48,20,28,1.0,49,0.211,0.0913,0.1197,,,,48,0,48,,0,,,
-2.6,-41.4,N_equatorial,1.3851,1.9387,0.5536,1.4241,48,21,27,0.8571,47,0.206,0.0866,0.1194,,,,48,0,48,,0,,,
-2.6,-41.2,N_equatorial,1.3838,1.937,0.5533,1.4233,38,16,22,0.875,37,0.2336,0.0859,0.1477,,,,38,0,38,,0,,,
-2.6,-41.0,N_equatorial,1.3837,1.9402,0.5565,1.4265,44,18,26,0.8889,41,0.2287,0.0838,0.1449,,,,44,0,44,,0,,,
-2.6,-40.8,N_equatorial,1.3767,1.9348,0.5582,1.4239,38,16,22,0.9375,37,0.2128,0.0831,0.1297,,,,38,0,38,,0,,,
-2.6,-40.6,N_equatorial,1.3729,1.9284,0.5555,1.42,38,14,24,0.9286,36,0.2292,0.0872,0.1419,,,,38,0,38,,0,,,
-2.6,-40.4,N_equatorial,1.3626,1.9173,0.5547,1.4127,35,14,21,0.9286,30,0.2169,0.0829,0.134,,,,35,0,35,,0,,,
-2.6,-40.2,N_equatorial,1.3496,1.9028,0.5532,1.4053,34,13,21,0.8462,29,0.2078,0.0809,0.1269,,,,34,0,34,,0,,,
-2.6,-40.0,N_equatorial,1.3253,1.8731,0.5478,1.3858,40,16,24,0.875,34,0.192,0.0802,0.1117,,,,40,0,40,,0,,,
-2.6,-39.8,N_equatorial,1.2888,1.8256,0.5368,1.352,41,17,24,0.8824,38,0.199,0.078,0.121,0.5892,0.5368,0.9112,41,1,40,0.0,1,0.0523,0.1077,-0.0554
-2.6,-39.6,N_equatorial,1.2447,1.768,0.5233,1.3073,53,25,28,0.68,47,0.1637,0.0752,0.0885,,,,53,0,53,,0,,,
-2.4,-44.2,N_equatorial,2.0532,2.6143,0.561,1.7279,100,39,61,0.7179,79,0.2224,0.1069,0.1155,0.6239,0.561,0.8993,100,3,97,0.0,4,0.0628,0.1303,-0.0675
-2.4,-44.0,N_equatorial,2.0782,3.1509,1.0727,2.5594,86,54,32,0.8148,108,0.3537,0.0993,0.2544,1.1196,1.0727,0.9582,86,2,84,0.0,2,0.0468,0.1257,-0.0788
-2.4,-43.0,N_equatorial,1.4328,2.0012,0.5684,1.4584,74,38,36,0.8421,76,0.1844,0.0953,0.0891,0.6091,0.5684,0.9332,74,1,73,0.0,1,0.0407,0.1302,-0.0895
-2.4,-42.8,N_equatorial,1.3921,1.9558,0.5638,1.4239,73,30,43,0.8667,59,0.1947,0.0927,0.102,0.5911,0.5638,0.9537,73,1,72,0.0,1,0.0274,0.125,-0.0977
-2.4,-42.6,N_equatorial,1.3571,1.9132,0.5561,1.3983,63,28,35,0.8214,54,0.193,0.0924,0.1006,0.5745,0.5561,0.968,63,1,62,0.0,1,0.0184,0.1219,-0.1035
-2.4,-42.4,N_equatorial,1.3282,1.8792,0.551,1.3766,57,30,27,0.8,58,0.1912,0.093,0.0981,0.5604,0.551,0.9834,57,1,56,0.0,1,0.0093,0.1199,-0.1106
-2.4,-42.2,N_equatorial,1.3072,1.8522,0.545,1.3576,59,30,29,0.8333,66,0.1832,0.0922,0.091,0.5477,0.545,0.9951,59,1,58,0.0,1,0.0027,0.1178,-0.1151
-2.4,-42.0,N_equatorial,1.2914,1.8274,0.5361,1.3384,53,27,26,0.8889,68,0.1815,0.0904,0.0912,,,,53,0,53,,0,,,
-2.4,-41.8,N_equatorial,1.2805,1.8117,0.5311,1.3252,51,25,26,0.84,65,0.1842,0.0897,0.0945,,,,51,0,51,,0,,,
-2.4,-41.6,N_equatorial,1.2732,1.8002,0.527,1.3154,44,24,20,0.8333,62,0.1864,0.0876,0.0988,,,,44,0,44,,0,,,
-2.4,-40.8,N_equatorial,1.2926,1.8269,0.5343,1.3374,36,16,20,0.875,42,0.2384,0.0852,0.1531,,,,36,0,36,,0,,,
-2.4,-40.6,N_equatorial,1.2819,1.8136,0.5317,1.3303,39,15,24,0.8667,43,0.2212,0.0863,0.1349,,,,39,0,39,,0,,,
-2.4,-40.4,N_equatorial,1.2722,1.8023,0.5301,1.3246,34,16,18,0.6875,43,0.2108,0.085,0.1258,,,,34,0,34,,0,,,
-2.4,-40.2,N_equatorial,1.2617,1.7895,0.5278,1.3169,37,15,22,0.7333,38,0.1714,0.0821,0.0894,,,,37,0,37,,0,,,
-2.4,-40.0,N_equatorial,1.2469,1.7691,0.5223,1.3027,43,20,23,0.85,43,0.185,0.0797,0.1053,,,,43,0,43,,0,,,
-2.2,-44.2,N_equatorial,2.0876,2.6933,0.6057,1.8268,103,36,67,0.7778,68,0.2428,0.1018,0.1409,0.6734,0.6057,0.8996,103,2,101,0.0,2,0.0676,0.1264,-0.0588
-2.2,-44.0,N_equatorial,2.0164,2.6649,0.6485,1.8379,94,37,57,0.7027,65,0.243,0.1001,0.1429,0.7139,0.6485,0.9084,94,1,93,0.0,1,0.0654,0.1459,-0.0805
-2.2,-43.8,N_equatorial,1.9157,2.6232,0.7076,1.878,84,36,48,0.9167,66,0.2555,0.0953,0.1602,0.7375,0.7076,0.9594,84,1,83,0.0,1,0.03,0.1392,-0.1092
-2.2,-43.6,N_equatorial,1.6939,2.3202,0.6263,1.6812,75,31,44,0.9032,57,0.216,0.0939,0.1221,,,,75,0,75,,0,,,
-2.2,-43.4,N_equatorial,1.5883,2.1971,0.6087,1.6018,65,30,35,0.8333,57,0.1952,0.0919,0.1034,0.6364,0.6087,0.9565,65,1,64,0.0,1,0.0277,0.1297,-0.102
-2.2,-43.2,N_equatorial,1.4679,2.0344,0.5665,1.4818,66,32,34,0.875,61,0.1945,0.0919,0.1026,0.6216,0.5665,0.9113,66,1,65,0.0,2,0.0551,0.1369,-0.0818
-2.2,-43.0,N_equatorial,1.3796,1.9295,0.5498,1.4062,68,36,32,0.8611,71,0.1919,0.0922,0.0997,0.5913,0.5498,0.93,68,1,67,0.0,2,0.0414,0.1337,-0.0923
-2.2,-42.8,N_equatorial,1.311,1.8453,0.5342,1.343,65,35,30,0.8857,74,0.1968,0.0917,0.1051,0.5785,0.5342,0.9235,65,1,64,0.0,2,0.0443,0.1302,-0.0859
-2.2,-42.6,N_equatorial,1.2603,1.7832,0.5229,1.2979,57,32,25,0.8438,67,0.2028,0.0916,0.1111,0.5612,0.5229,0.9317,57,1,56,0.0,2,0.0383,0.1259,-0.0875
-2.0,-44.4,N_equatorial,2.1197,2.7599,0.6402,1.8959,136,48,88,0.7917,94,0.2741,0.102,0.1721,0.6912,0.6402,0.9263,136,3,133,0.0,4,0.0509,0.1237,-0.0728
-2.0,-44.2,N_equatorial,2.0594,2.7037,0.6443,1.862,105,38,67,0.8421,77,0.2707,0.1013,0.1694,0.7266,0.6443,0.8867,105,1,104,0.0,2,0.0823,0.1534,-0.0711
-2.0,-44.0,N_equatorial,1.9522,2.6037,0.6515,1.8156,92,35,57,0.8571,75,0.2489,0.1017,0.1472,0.7031,0.6515,0.9265,92,1,91,0.0,2,0.0517,0.1499,-0.0983
-2.0,-43.8,N_equatorial,1.8185,2.4585,0.64,1.7554,81,33,48,0.8788,74,0.2365,0.0982,0.1383,0.6785,0.64,0.9432,81,1,80,0.0,2,0.0385,0.1452,-0.1067
-2.0,-43.6,N_equatorial,1.6538,2.2613,0.6075,1.6246,68,30,38,0.8667,70,0.2112,0.0962,0.115,0.6572,0.6075,0.9244,68,1,67,0.0,2,0.0497,0.1417,-0.092
-2.0,-43.4,N_equatorial,1.5105,2.0847,0.5742,1.5132,62,28,34,0.8571,61,0.1929,0.0931,0.0999,0.6395,0.5742,0.898,62,1,61,0.0,2,0.0652,0.1393,-0.0741
-2.0,-43.2,N_equatorial,1.3868,1.9243,0.5375,1.3959,63,28,35,0.8571,65,0.1912,0.0931,0.098,0.5957,0.5375,0.9022,63,1,62,0.0,2,0.0583,0.1379,-0.0796
-2.0,-43.0,N_equatorial,1.2928,1.8156,0.5229,1.3199,65,33,32,0.8485,70,0.1987,0.0921,0.1066,0.5751,0.5229,0.9092,65,1,64,0.0,2,0.0522,0.1356,-0.0834
-1.8,-44.4,N_equatorial,2.1157,2.7864,0.6707,1.9468,126,46,80,0.7609,92,0.2648,0.0997,0.165,0.7323,0.6707,0.9158,126,1,125,0.0,2,0.0616,0.1531,-0.0915
-1.8,-44.2,N_equatorial,1.9956,2.6597,0.6641,1.8615,102,39,63,0.8462,85,0.2508,0.0997,0.1511,0.7127,0.6641,0.9317,102,1,101,0.0,2,0.0486,0.151,-0.1024
-1.6,-44.6,N_equatorial,2.1582,2.8884,0.7302,2.0362,126,44,82,0.8182,99,0.2882,0.097,0.1911,0.7752,0.7302,0.942,126,1,125,0.0,2,0.045,0.1444,-0.0994
-1.6,-44.4,N_equatorial,2.0553,2.7367,0.6815,1.9296,104,37,67,0.8108,82,0.2686,0.0974,0.1713,0.7257,0.6815,0.939,104,1,103,0.0,2,0.0442,0.1469,-0.1026
-1.6,-44.2,N_equatorial,1.91,2.5583,0.6483,1.8151,92,39,53,0.7436,83,0.2494,0.0959,0.1535,0.6916,0.6483,0.9373,92,2,90,0.0,3,0.0434,0.1311,-0.0878
-1.4,-48.6,N_equatorial,1.9856,3.0639,1.0783,2.2756,112,76,36,0.8684,147,0.4553,0.1288,0.3265,1.1172,1.0783,0.9652,112,1,111,0.0,1,0.0389,0.1314,-0.0925
-1.4,-45.2,N_equatorial,2.3515,4.0574,1.7059,3.7177,77,38,39,0.9737,86,0.6013,0.0971,0.5041,,,,77,0,77,,0,,,
-1.4,-45.0,N_equatorial,2.2787,4.0858,1.8071,3.8874,81,49,32,0.9796,122,0.6793,0.0924,0.5869,,,,81,0,81,,0,,,
-1.4,-44.8,N_equatorial,2.1067,2.9903,0.8836,2.3065,78,31,47,0.8387,81,0.3648,0.0962,0.2687,0.9169,0.8836,0.9637,78,1,77,0.0,2,0.0333,0.1282,-0.0948
-1.4,-44.6,N_equatorial,2.0916,2.7635,0.6719,1.9473,75,26,49,0.8462,72,0.2662,0.0955,0.1707,0.6894,0.6719,0.9747,75,1,74,0.0,2,0.0174,0.1334,-0.116
-1.4,-44.4,N_equatorial,1.9605,2.6151,0.6546,1.8572,88,35,53,0.8,85,0.2474,0.0917,0.1557,0.7076,0.6546,0.9251,88,2,86,0.0,2,0.053,0.1217,-0.0686
-1.2,-48.6,N_equatorial,1.9747,2.9327,0.958,2.2309,88,51,37,0.8431,77,0.3739,0.1227,0.2512,1.0203,0.958,0.939,88,1,87,0.0,1,0.0623,0.1113,-0.0491
-1.2,-45.6,N_equatorial,2.6971,4.5602,1.8632,4.6408,68,41,27,0.9756,91,0.6358,0.0975,0.5383,,,,68,0,68,,0,,,
-1.2,-45.4,N_equatorial,2.307,2.9187,0.6116,2.0109,71,23,48,0.7826,38,0.2328,0.0942,0.1386,0.6351,0.6116,0.963,71,1,70,0.0,1,0.0235,0.1233,-0.0998
-1.2,-45.2,N_equatorial,2.3247,2.9543,0.6297,2.0264,75,25,50,0.8,51,0.2311,0.0957,0.1354,0.6518,0.6297,0.966,75,1,74,0.0,2,0.0222,0.1302,-0.108
-1.2,-45.0,N_equatorial,2.2214,2.8407,0.6193,1.9704,72,25,47,0.84,59,0.2273,0.0952,0.1321,0.6815,0.6193,0.9088,72,1,71,0.0,1,0.0621,0.1364,-0.0742
-1.2,-44.8,N_equatorial,2.1126,2.7369,0.6242,1.9111,64,26,38,0.8846,64,0.2416,0.0932,0.1484,0.6945,0.6242,0.8989,64,1,63,0.0,1,0.0702,0.1366,-0.0664
-1.2,-44.6,N_equatorial,1.9849,2.6087,0.6237,1.8455,66,27,39,0.8889,74,0.2496,0.0917,0.1579,0.6747,0.6237,0.9245,66,2,64,0.0,2,0.0509,0.1184,-0.0675
-1.0,-48.4,N_equatorial,2.0345,3.0927,1.0582,2.4146,69,42,27,0.8333,66,0.453,0.1295,0.3235,1.0942,1.0582,0.9671,69,2,67,0.0,3,0.036,0.1344,-0.0983
-1.0,-46.0,N_equatorial,2.2913,3.031,0.7397,2.0631,53,26,27,0.8462,54,0.2875,0.1064,0.1811,0.7749,0.7397,0.9546,53,1,52,0.0,1,0.0352,0.1088,-0.0736
-1.0,-45.8,N_equatorial,2.3384,2.9686,0.6302,1.9879,57,24,33,0.75,46,0.223,0.1036,0.1194,0.6522,0.6302,0.9663,57,1,56,0.0,1,0.022,0.1102,-0.0883
-1.0,-45.6,N_equatorial,2.3075,2.9283,0.6208,1.9823,57,24,33,0.625,42,0.2048,0.101,0.1038,0.6287,0.6208,0.9874,57,1,56,0.0,1,0.0079,0.112,-0.1041
-1.0,-45.4,N_equatorial,2.2604,2.8603,0.5998,1.9428,53,20,33,0.75,37,0.2307,0.0966,0.1342,,,,53,0,53,,0,,,
-1.0,-45.2,N_equatorial,2.2018,2.7975,0.5957,1.9198,60,21,39,0.8095,45,0.2426,0.0959,0.1467,0.669,0.5957,0.8904,60,1,59,0.0,1,0.0733,0.1331,-0.0598
-1.0,-45.0,N_equatorial,2.1173,2.7151,0.5977,1.8852,64,26,38,0.8462,57,0.2432,0.0952,0.1479,0.6831,0.5977,0.8751,64,1,63,0.0,1,0.0853,0.1378,-0.0525
-1.0,-44.8,N_equatorial,1.9958,2.5884,0.5926,1.8148,58,25,33,0.92,64,0.2491,0.0941,0.155,0.6862,0.5926,0.8635,58,1,57,0.0,1,0.0936,0.1407,-0.0471
-1.0,-44.6,N_equatorial,1.8673,2.452,0.5847,1.7316,55,24,31,0.9167,71,0.2312,0.0934,0.1378,0.6418,0.5847,0.9111,55,1,54,0.0,2,0.057,0.1335,-0.0765
-0.8,-48.4,N_equatorial,2.0939,3.1951,1.1013,2.4748,81,46,35,0.8913,67,0.4631,0.1256,0.3375,1.1712,1.1013,0.9403,81,1,80,0.0,1,0.0699,0.1055,-0.0356
-0.8,-48.2,N_equatorial,2.1403,3.261,1.1207,2.5548,86,58,28,0.8966,95,0.4578,0.1365,0.3213,1.1618,1.1207,0.9646,86,2,84,0.0,2,0.0412,0.1285,-0.0873
-0.8,-46.6,N_equatorial,2.3719,3.1125,0.7406,2.1875,68,24,44,0.7917,48,0.2741,0.1271,0.147,0.7737,0.7406,0.9572,68,1,67,0.0,1,0.0331,0.1683,-0.1352
-0.8,-46.4,N_equatorial,2.3681,3.0225,0.6545,2.0434,54,20,34,0.8,41,0.2645,0.1255,0.139,0.7018,0.6545,0.9326,54,3,51,0.0,3,0.0473,0.1325,-0.0852
-0.8,-46.2,N_equatorial,2.3498,2.9668,0.617,1.9843,54,24,30,0.6667,47,0.2364,0.1137,0.1227,0.6404,0.617,0.9635,54,1,53,0.0,1,0.0234,0.1029,-0.0795
-0.8,-46.0,N_equatorial,2.308,2.9186,0.6106,1.9516,51,25,26,0.68,46,0.233,0.1073,0.1256,0.6287,0.6106,0.9712,51,1,50,0.0,1,0.0181,0.1057,-0.0876
-0.8,-45.8,N_equatorial,2.2584,2.8582,0.5999,1.921,55,25,30,0.68,41,0.2339,0.1048,0.1291,0.6059,0.5999,0.99,55,2,53,0.0,2,0.0061,0.1325,-0.1264
-0.8,-45.6,N_equatorial,2.191,2.7749,0.5839,1.8752,50,24,26,0.6667,35,0.2159,0.1035,0.1123,,,,50,0,50,,0,,,
-0.8,-45.4,N_equatorial,2.1267,2.7084,0.5818,1.8521,50,20,30,0.65,32,0.2183,0.0996,0.1187,,,,50,0,50,,0,,,
-0.6,-48.4,N_equatorial,2.1531,3.2575,1.1044,2.5111,83,46,37,0.8913,68,0.4773,0.1286,0.3487,,,,83,0,83,,0,,,
-0.6,-48.2,N_equatorial,2.1453,3.1842,1.039,2.4615,86,49,37,0.8571,92,0.4177,0.1463,0.2714,1.0855,1.039,0.9571,86,2,84,0.0,2,0.0466,0.1435,-0.0969
-0.6,-48.0,N_equatorial,2.2387,3.2346,0.9959,2.7263,85,42,43,0.8095,89,0.4225,0.1536,0.2689,1.0256,0.9959,0.9711,85,1,84,0.0,2,0.0297,0.1189,-0.0892
-0.6,-47.2,N_equatorial,2.3039,2.9597,0.6558,2.1602,69,24,45,0.7083,51,0.2976,0.1489,0.1487,0.6996,0.6558,0.9375,69,2,67,0.0,4,0.0438,0.1966,-0.1528
-0.6,-47.0,N_equatorial,2.3169,2.9727,0.6558,2.1221,64,23,41,0.7826,59,0.3032,0.1471,0.1562,0.7134,0.6558,0.9193,64,4,60,0.0,6,0.0576,0.1785,-0.1209
-0.6,-46.8,N_equatorial,2.3337,2.9767,0.643,2.0963,63,21,42,0.7619,54,0.2761,0.1336,0.1425,0.728,0.643,0.8832,63,3,60,0.0,3,0.085,0.1768,-0.0918
-0.6,-46.6,N_equatorial,2.3213,2.9506,0.6293,2.0298,59,23,36,0.7391,46,0.2594,0.127,0.1324,0.7006,0.6293,0.8982,59,3,56,0.0,3,0.0713,0.1373,-0.066
-0.6,-46.4,N_equatorial,2.2936,2.9053,0.6117,1.97,48,22,26,0.7273,42,0.2352,0.12,0.1152,0.639,0.6117,0.9572,48,4,44,0.0,4,0.0274,0.1148,-0.0874
-0.6,-46.2,N_equatorial,2.2475,2.8355,0.588,1.8987,53,25,28,0.64,48,0.2089,0.1119,0.097,0.6144,0.588,0.957,53,1,52,0.0,1,0.0264,0.103,-0.0766
-0.6,-46.0,N_equatorial,2.1895,2.7716,0.582,1.8628,59,27,32,0.7407,45,0.2323,0.1044,0.1279,0.596,0.582,0.9766,59,1,58,0.0,1,0.0139,0.1066,-0.0926
-0.4,-48.2,N_equatorial,2.0569,2.9607,0.9038,2.2612,74,40,34,0.825,74,0.3697,0.153,0.2167,0.9568,0.9038,0.9445,74,1,73,0.0,1,0.0531,0.1136,-0.0605
-0.4,-48.0,N_equatorial,2.0461,2.7285,0.6824,1.97,69,35,34,0.7714,81,0.306,0.1531,0.1529,0.7193,0.6824,0.9486,69,5,64,0.0,8,0.037,0.1606,-0.1236
-0.4,-47.8,N_equatorial,2.1182,2.7744,0.6562,2.0162,73,34,39,0.7353,88,0.3128,0.1529,0.1599,0.7304,0.6562,0.8985,73,7,66,0.0,9,0.0742,0.1723,-0.0981
-0.4,-47.6,N_equatorial,2.1697,2.8355,0.6658,2.071,70,31,39,0.7097,85,0.3012,0.1494,0.1518,0.7362,0.6658,0.9043,70,6,64,0.0,7,0.0704,0.1764,-0.1059
-0.4,-47.4,N_equatorial,2.2,2.848,0.648,2.075,63,26,37,0.8462,79,0.3143,0.1539,0.1604,0.707,0.648,0.9166,63,6,57,0.0,10,0.059,0.193,-0.134
-0.4,-47.2,N_equatorial,2.222,2.8702,0.6482,2.0803,61,27,34,0.7407,75,0.3001,0.1507,0.1494,0.7191,0.6482,0.9014,61,5,56,0.0,9,0.0709,0.1864,-0.1155
-0.4,-47.0,N_equatorial,2.2316,2.866,0.6344,2.0301,58,23,35,0.7826,64,0.2938,0.1436,0.1503,0.7067,0.6344,0.8978,58,5,53,0.0,7,0.0722,0.1837,-0.1114
-0.4,-46.8,N_equatorial,2.2321,2.848,0.6159,1.9978,55,24,31,0.8333,58,0.2662,0.1303,0.1359,0.692,0.6159,0.8901,55,4,51,0.0,5,0.0761,0.1861,-0.11
-0.4,-46.6,N_equatorial,2.2109,2.814,0.6032,1.9414,59,23,36,0.8261,47,0.2669,0.1301,0.1368,0.6584,0.6032,0.9161,59,3,56,0.0,4,0.0552,0.1529,-0.0977
-0.2,-49.6,N_equatorial,1.8195,2.5943,0.7748,1.6951,120,74,46,0.7162,118,0.3039,0.1578,0.1461,0.8453,0.7748,0.9167,120,3,117,0.0,6,0.0704,0.1664,-0.096
-0.2,-48.4,N_equatorial,1.9801,2.7675,0.7874,2.1686,75,41,34,0.9024,87,0.348,0.1647,0.1833,0.844,0.7874,0.933,75,4,71,0.0,4,0.0566,0.1841,-0.1275
-0.2,-48.2,N_equatorial,1.9387,2.6677,0.729,2.0247,72,35,37,0.8571,93,0.3424,0.1609,0.1815,0.7753,0.729,0.9403,72,6,66,0.0,9,0.0463,0.1693,-0.1229
-0.2,-48.0,N_equatorial,2.0483,2.708,0.6598,1.9672,71,34,37,0.8235,76,0.326,0.1589,0.1671,0.721,0.6598,0.9151,71,6,65,0.0,9,0.0612,0.1648,-0.1036
-0.2,-47.8,N_equatorial,2.0837,2.7485,0.6648,1.9845,76,35,41,0.7143,85,0.3192,0.1497,0.1696,0.722,0.6648,0.9208,76,7,69,0.0,9,0.0572,0.1704,-0.1132
-0.2,-47.6,N_equatorial,2.1068,2.76,0.6532,1.9756,66,31,35,0.7419,80,0.3171,0.1446,0.1725,0.7098,0.6532,0.9203,66,7,59,0.0,9,0.0566,0.1649,-0.1083
-0.2,-47.4,N_equatorial,2.1254,2.7687,0.6433,1.985,59,28,31,0.7143,79,0.3102,0.1433,0.1669,0.7021,0.6433,0.9162,59,6,53,0.0,11,0.0588,0.17,-0.1112
-0.2,-47.2,N_equatorial,2.1262,2.7628,0.6367,1.9732,62,27,35,0.7407,75,0.3024,0.1385,0.1638,0.7029,0.6367,0.9058,62,5,57,0.0,9,0.0662,0.1745,-0.1083
-0.0,-50.4,AP,1.5917,2.1909,0.5992,1.2463,218,158,60,0.6772,310,0.2447,0.1629,0.0818,0.6705,0.5992,0.8937,218,9,209,0.0,12,0.0712,0.1795,-0.1082
-0.0,-50.2,AP,1.4476,2.0099,0.5623,1.1263,171,124,47,0.6935,223,0.2473,0.1611,0.0862,0.6295,0.5623,0.8931,171,7,164,0.0,11,0.0673,0.1712,-0.1039
-0.0,-50.0,AP,1.4183,2.0262,0.608,1.1511,150,115,35,0.7565,178,0.2605,0.1557,0.1048,0.6535,0.608,0.9303,150,7,143,0.0,10,0.0455,0.1713,-0.1258
-0.0,-49.2,AP,2.0664,2.9707,0.9042,2.1053,164,95,69,0.7263,172,0.3641,0.1669,0.1972,0.9401,0.9042,0.9618,164,7,157,0.0,7,0.0359,0.145,-0.1092
-0.0,-49.0,AP,1.8854,2.6381,0.7527,1.9284,146,83,63,0.7229,149,0.315,0.1677,0.1473,0.7858,0.7527,0.9579,146,8,138,0.0,9,0.0331,0.1616,-0.1285
-0.0,-48.8,AP,1.8024,2.4983,0.6959,1.8922,118,62,56,0.7258,125,0.3079,0.1718,0.1362,0.7381,0.6959,0.9428,118,7,111,0.0,9,0.0422,0.1762,-0.134
-0.0,-48.6,AP,1.7782,2.4648,0.6865,1.9106,100,56,44,0.8036,132,0.3006,0.1698,0.1308,0.7354,0.6865,0.9336,100,8,92,0.0,10,0.0489,0.1803,-0.1314
-0.0,-48.4,AP,1.7968,2.457,0.6602,1.9031,82,42,40,0.9048,108,0.3051,0.1696,0.1355,0.7156,0.6602,0.9226,82,6,76,0.0,9,0.0554,0.1788,-0.1234
-0.0,-48.2,AP,1.8271,2.4589,0.6318,1.8394,79,38,41,0.8421,106,0.326,0.1613,0.1647,0.6837,0.6318,0.9241,79,11,68,0.0,17,0.0519,0.1703,-0.1184
0.2,-50.6,AP,2.1611,2.879,0.7179,1.6089,191,117,74,0.7094,204,0.3206,0.1693,0.1512,0.7762,0.7179,0.9249,191,8,183,0.0,11,0.0583,0.1972,-0.1389
0.2,-49.6,AP,2.2407,3.5251,1.2844,2.278,196,158,38,0.8861,266,0.5221,0.1549,0.3673,1.347,1.2844,0.9535,196,5,191,0.0,6,0.0627,0.1861,-0.1234
0.2,-49.4,AP,2.3756,3.405,1.0294,2.2593,182,99,83,0.7778,194,0.3928,0.1593,0.2334,1.0879,1.0294,0.9461,182,1,181,0.0,1,0.0586,0.1181,-0.0595
0.2,-49.2,AP,2.0469,2.887,0.8401,2.0262,149,79,70,0.7468,156,0.335,0.1635,0.1715,0.8543,0.8401,0.9833,149,2,147,0.0,2,0.0143,0.1342,-0.12
0.2,-49.0,AP,1.884,2.6411,0.7571,1.9166,135,72,63,0.7361,149,0.316,0.1653,0.1507,0.8041,0.7571,0.9415,135,6,129,0.0,6,0.047,0.1675,-0.1205
0.2,-48.8,AP,1.7269,2.3702,0.6433,1.7679,113,55,58,0.8182,129,0.292,0.1664,0.1256,0.6816,0.6433,0.9439,113,6,107,0.0,10,0.0383,0.1782,-0.14
0.2,-48.6,AP,1.6245,2.2191,0.5946,1.7068,103,52,51,0.8077,128,0.2769,0.1667,0.1102,0.6487,0.5946,0.9166,103,8,95,0.0,10,0.0541,0.1706,-0.1165
0.4,-50.0,AP,2.7065,3.3313,0.6249,1.2383,217,177,40,0.774,303,0.2524,0.1578,0.0946,0.7114,0.6249,0.8784,217,3,214,0.0,4,0.0865,0.2287,-0.1422
0.4,-49.8,AP,2.6503,3.8066,1.1563,2.4368,210,141,69,0.9007,235,0.4907,0.1538,0.3369,1.2047,1.1563,0.9598,210,3,207,0.0,5,0.0485,0.1838,-0.1353
0.4,-49.6,AP,2.9329,4.1623,1.2294,2.7988,200,102,98,0.8529,185,0.4782,0.153,0.3252,1.238,1.2294,0.9931,200,3,197,0.0,3,0.0086,0.1289,-0.1203
0.4,-49.4,AP,2.3221,3.2502,0.9281,2.1772,165,79,86,0.7975,156,0.3626,0.1609,0.2018,0.9683,0.9281,0.9585,165,2,163,0.0,2,0.0402,0.1196,-0.0795
0.4,-49.2,AP,1.9934,2.8005,0.8071,1.9317,140,71,69,0.7887,156,0.3261,0.1607,0.1653,0.8261,0.8071,0.9769,140,1,139,0.0,1,0.019,0.1373,-0.1183
0.4,-29.4,AP,0.9746,1.4194,0.4448,1.0961,37,22,15,0.8182,47,0.1502,0.0892,0.0611,,,,37,0,37,,0,,,
0.6,-50.4,AP,2.4507,3.2348,0.7841,1.8905,265,143,122,0.7203,237,0.3207,0.1545,0.1663,0.8421,0.7841,0.9312,265,4,261,0.0,5,0.058,0.1845,-0.1266
0.6,-50.2,AP,2.7078,3.515,0.8072,2.0385,260,104,156,0.7212,161,0.3602,0.1524,0.2077,0.8339,0.8072,0.9681,260,6,254,0.0,8,0.0266,0.146,-0.1194
0.6,-50.0,AP,2.7419,3.696,0.9542,2.1542,237,127,110,0.7717,199,0.3719,0.1484,0.2235,1.003,0.9542,0.9513,237,2,235,0.0,3,0.0489,0.1385,-0.0896
0.6,-49.8,AP,2.8225,3.8929,1.0704,2.4179,222,112,110,0.8214,183,0.4024,0.1457,0.2567,1.1013,1.0704,0.9719,222,4,218,0.0,4,0.0309,0.1226,-0.0918
0.6,-49.6,AP,2.7749,3.7779,1.003,2.386,190,73,117,0.8767,136,0.3971,0.1517,0.2455,1.0398,1.003,0.9647,190,1,189,0.0,1,0.0367,0.0996,-0.0629
0.6,-49.4,AP,2.2124,3.0362,0.8238,1.9731,155,72,83,0.8333,152,0.3477,0.1557,0.1919,0.8969,0.8238,0.9185,155,2,153,0.0,2,0.0731,0.1446,-0.0715
0.6,-49.2,AP,1.8857,2.5841,0.6984,1.7298,137,65,72,0.7846,142,0.3078,0.1543,0.1535,0.7449,0.6984,0.9375,137,4,133,0.0,5,0.0465,0.1831,-0.1366
0.6,-29.8,AP,0.9817,1.4285,0.4468,1.1004,36,23,13,0.8696,48,0.1474,0.0899,0.0575,,,,36,0,36,,0,,,
0.6,-29.6,AP,0.9775,1.4232,0.4457,1.0973,38,24,14,0.875,50,0.1484,0.0891,0.0593,,,,38,0,38,,0,,,
0.6,-29.4,AP,0.9727,1.4171,0.4444,1.0934,37,23,14,0.8696,50,0.1417,0.0895,0.0522,,,,37,0,37,,0,,,
0.6,-29.2,AP,0.9673,1.4103,0.443,1.0887,38,25,13,0.88,50,0.1451,0.0891,0.0559,,,,38,0,38,,0,,,
0.6,-29.0,AP,0.9619,1.4035,0.4416,1.0839,42,28,14,0.8571,53,0.1464,0.088,0.0584,,,,42,0,42,,0,,,
0.8,-50.2,AP,2.6683,3.4862,0.8178,1.9893,272,119,153,0.8067,188,0.3724,0.1474,0.225,0.8524,0.8178,0.9594,272,5,267,0.0,7,0.0346,0.1518,-0.1172
0.8,-50.0,AP,2.6874,3.5063,0.8189,2.0473,270,109,161,0.789,173,0.3486,0.1413,0.2073,0.8701,0.8189,0.9411,270,2,268,0.0,2,0.0512,0.1447,-0.0935
0.8,-49.8,AP,2.5188,3.2538,0.735,1.9363,240,86,154,0.814,138,0.3203,0.1394,0.181,0.7904,0.735,0.9298,240,1,239,0.0,1,0.0554,0.1154,-0.0599
0.8,-49.6,AP,2.2697,2.9841,0.7144,1.863,181,71,110,0.8028,140,0.2949,0.1477,0.1472,0.7467,0.7144,0.9567,181,2,179,0.0,3,0.0323,0.1642,-0.1319
0.8,-49.4,AP,1.9705,2.6292,0.6587,1.6911,162,65,97,0.8154,139,0.2911,0.1487,0.1424,0.6886,0.6587,0.9566,162,3,159,0.0,3,0.0299,0.1661,-0.1362
0.8,-29.8,AP,0.9778,1.4236,0.4458,1.0948,39,25,14,0.88,53,0.1463,0.0897,0.0567,,,,39,0,39,,0,,,
0.8,-29.6,AP,0.9745,1.4194,0.4449,1.093,38,25,13,0.88,52,0.1454,0.0902,0.0552,,,,38,0,38,,0,,,
0.8,-29.4,AP,0.9705,1.4144,0.4439,1.0904,42,25,17,0.88,50,0.1483,0.0912,0.0571,,,,42,0,42,,0,,,
0.8,-29.2,AP,0.9645,1.4069,0.4423,1.0849,39,23,16,0.913,49,0.147,0.092,0.055,,,,39,0,39,,0,,,
0.8,-29.0,AP,0.9586,1.3995,0.4409,1.0792,41,26,15,0.8846,52,0.1441,0.0909,0.0532,,,,41,0,41,,0,,,
1.0,-50.0,AP,2.618,3.385,0.767,2.0115,277,104,173,0.8269,168,0.3444,0.139,0.2054,0.8033,0.767,0.9548,277,2,275,0.0,3,0.0363,0.1697,-0.1334
1.0,-49.8,AP,2.1645,2.7136,0.5491,1.688,230,73,157,0.7123,118,0.2525,0.1358,0.1167,0.5771,0.5491,0.9515,230,5,225,0.0,5,0.028,0.1325,-0.1045
1.0,-49.6,AP,1.9488,2.4555,0.5067,1.57,158,59,99,0.661,122,0.2275,0.1397,0.0878,0.5439,0.5067,0.9316,158,3,155,0.0,5,0.0372,0.1465,-0.1093
1.0,-29.8,AP,0.9716,1.4156,0.4441,1.086,38,24,14,0.8333,47,0.1374,0.0932,0.0442,,,,38,0,38,,0,,,
1.0,-29.6,AP,0.966,1.4086,0.4426,1.0809,43,26,17,0.8462,51,0.1464,0.092,0.0544,,,,43,0,43,,0,,,
1.0,-29.4,AP,0.9609,1.4022,0.4413,1.0762,43,25,18,0.88,51,0.1451,0.0926,0.0525,,,,43,0,43,,0,,,
1.0,-29.2,AP,0.9577,1.3982,0.4406,1.0749,40,24,16,0.9167,50,0.1474,0.0936,0.0538,,,,40,0,40,,0,,,
1.0,-29.0,AP,0.9538,1.3934,0.4396,1.0723,39,24,15,0.875,51,0.1488,0.0954,0.0535,,,,39,0,39,,0,,,
1.2,-49.8,AP,1.873,2.187,0.314,1.4873,168,40,128,0.725,64,0.1705,0.132,0.0385,0.3492,0.314,0.8993,168,2,166,0.0,4,0.0352,0.1713,-0.1361
1.2,-49.6,AP,1.7415,2.14,0.3986,1.4112,145,45,100,0.7111,90,0.2011,0.1334,0.0677,0.4313,0.3986,0.9241,145,5,140,0.0,5,0.0327,0.1498,-0.1171
1.2,-29.6,AP,0.9629,1.4046,0.4417,1.0766,43,26,17,0.8462,52,0.1423,0.0938,0.0485,,,,43,0,43,,0,,,
1.2,-29.4,AP,0.9579,1.3983,0.4404,1.0723,43,26,17,0.8462,52,0.1472,0.0941,0.0531,,,,43,0,43,,0,,,
1.2,-29.2,AP,0.9534,1.3928,0.4394,1.0689,40,24,16,0.9167,50,0.145,0.0965,0.0485,,,,40,0,40,,0,,,
1.4,-49.8,AP,1.8975,2.4276,0.5301,1.6264,136,49,87,0.7551,102,0.2466,0.1308,0.1158,0.5498,0.5301,0.9642,136,3,133,0.0,3,0.0197,0.1387,-0.119
1.4,-49.6,AP,1.7189,2.3026,0.5838,1.5324,130,56,74,0.8036,130,0.2572,0.1317,0.1256,0.6202,0.5838,0.9412,130,3,127,0.0,3,0.0365,0.1462,-0.1097
1.6,-49.8,AP,2.1543,2.9727,0.8183,1.9566,122,62,60,0.8387,155,0.3637,0.1309,0.2328,0.8577,0.8183,0.9542,122,4,118,0.0,4,0.0393,0.1278,-0.0885
1.6,-49.6,AP,1.898,2.7077,0.8097,1.752,112,65,47,0.7692,176,0.3377,0.1315,0.2062,0.8334,0.8097,0.9715,112,3,109,0.0,3,0.0237,0.1215,-0.0977
1.8,-50.0,AP,3.5742,4.9421,1.3679,3.0561,128,75,53,0.8267,195,0.5372,0.1345,0.4027,1.3876,1.3679,0.9858,128,1,127,0.0,1,0.0197,0.149,-0.1293
1.8,-49.8,AP,2.6093,3.6156,1.0062,2.2584,113,74,39,0.7838,184,0.4137,0.1341,0.2796,1.0282,1.0062,0.9787,113,3,110,0.0,3,0.0219,0.1722,-0.1503
1.8,-49.6,AP,2.1248,2.9873,0.8625,1.8799,98,68,30,0.7647,183,0.3531,0.1298,0.2233,0.8992,0.8625,0.9591,98,4,94,0.0,4,0.0368,0.1393,-0.1025
2.0,-50.2,AP,4.0676,5.3197,1.2521,3.0808,121,58,63,0.8621,147,0.5258,0.1336,0.3921,1.3015,1.2521,0.9621,121,1,120,0.0,1,0.0494,0.1148,-0.0654
2.0,-50.0,AP,3.4331,4.5794,1.1464,2.7092,108,66,42,0.7879,170,0.4555,0.1368,0.3187,1.1744,1.1464,0.9761,108,2,106,0.0,2,0.028,0.1378,-0.1097
2.0,-49.8,AP,2.7666,3.736,0.9693,2.2485,96,62,34,0.8226,169,0.4056,0.1355,0.2701,0.9991,0.9693,0.9702,96,3,93,0.0,3,0.0298,0.1531,-0.1233
2.0,-49.6,AP,2.3016,3.1027,0.8011,1.9677,86,52,34,0.7692,141,0.3413,0.1299,0.2114,0.8396,0.8011,0.9541,86,2,84,0.0,2,0.0385,0.1515,-0.1129
2.2,-50.6,AP,4.3322,5.6234,1.2911,3.2471,136,65,71,0.8615,167,0.4997,0.1411,0.3586,1.3116,1.2911,0.9844,136,1,135,0.0,1,0.0205,0.1533,-0.1328
2.2,-50.4,AP,4.0805,5.1776,1.0971,3.0222,123,52,71,0.9038,137,0.4704,0.1354,0.335,1.1126,1.0971,0.9861,123,3,120,0.0,3,0.0155,0.1388,-0.1232
2.2,-50.2,AP,3.6604,4.677,1.0166,2.6925,100,50,50,0.82,129,0.4342,0.1321,0.3022,1.0547,1.0166,0.9639,100,2,98,0.0,2,0.0381,0.1116,-0.0736
2.2,-50.0,AP,3.1899,4.1197,0.9298,2.4215,85,48,37,0.8125,138,0.3907,0.135,0.2556,0.971,0.9298,0.9576,85,3,82,0.0,3,0.0412,0.1317,-0.0905
2.4,-50.6,AP,4.1327,5.294,1.1612,3.12,117,54,63,0.8704,133,0.4894,0.1359,0.3535,1.1797,1.1612,0.9843,117,2,115,0.0,2,0.0185,0.1503,-0.1318
2.4,-50.4,AP,3.8346,4.885,1.0504,2.8848,95,49,46,0.8571,122,0.4411,0.1309,0.3103,1.0681,1.0504,0.9834,95,3,92,0.0,3,0.0177,0.1349,-0.1172
2.4,-50.2,AP,3.3947,4.3061,0.9114,2.511,81,45,36,0.7778,117,0.3897,0.1296,0.2601,0.9598,0.9114,0.9496,81,3,78,0.0,3,0.0484,0.1245,-0.0761
2.6,-50.8,AP,3.7673,4.752,0.9848,2.8317,129,55,74,0.8545,118,0.4397,0.1349,0.3048,1.0068,0.9848,0.9781,129,3,126,0.0,3,0.022,0.1205,-0.0984
2.6,-50.6,AP,3.7103,4.6977,0.9874,2.7927,96,46,50,0.8696,114,0.4267,0.132,0.2947,1.0109,0.9874,0.9767,96,4,92,0.0,4,0.0235,0.1258,-0.1023
2.6,-50.4,AP,3.4199,4.3336,0.9138,2.5786,76,38,38,0.8158,105,0.3873,0.1279,0.2593,0.9596,0.9138,0.9523,76,2,74,0.0,2,0.0458,0.1273,-0.0815
2.8,-50.8,AP,3.3368,4.1579,0.8211,2.5121,102,42,60,0.7857,94,0.3724,0.1291,0.2433,0.852,0.8211,0.9637,102,3,99,0.0,3,0.0309,0.1108,-0.0799
2.8,-50.6,AP,3.2308,4.0689,0.8381,2.4538,81,41,40,0.7317,81,0.3834,0.1275,0.2559,0.8634,0.8381,0.9707,81,1,80,0.0,1,0.0253,0.0984,-0.0731
3.0,-50.8,AP,2.8779,3.5315,0.6536,2.2022,79,30,49,0.7667,67,0.3185,0.1265,0.192,0.6866,0.6536,0.9519,79,2,77,0.0,2,0.033,0.1001,-0.067
3.0,-50.6,AP,2.6916,3.3627,0.6712,2.1119,70,33,37,0.7879,73,0.3111,0.1231,0.188,0.7251,0.6712,0.9256,70,1,69,0.0,1,0.0539,0.0982,-0.0443
3.2,-50.8,AP,2.4195,2.9642,0.5447,1.929,68,28,40,0.8214,67,0.2782,0.1186,0.1596,0.5987,0.5447,0.9098,68,4,64,0.0,5,0.054,0.119,-0.0649
3.2,-50.6,AP,2.2124,2.7655,0.553,1.8136,62,30,32,0.7,66,0.2789,0.1152,0.1637,0.6039,0.553,0.9158,62,4,58,0.0,5,0.0508,0.1181,-0.0672
3.4,-50.8,AP,1.9956,2.5053,0.5096,1.7056,66,31,35,0.7097,65,0.2585,0.1134,0.1451,0.5285,0.5096,0.9642,66,4,62,0.0,5,0.0189,0.1207,-0.1018
3.6,-51.0,AP,1.8187,2.3094,0.4907,1.5931,67,27,40,0.7778,61,0.2693,0.1158,0.1535,0.5293,0.4907,0.9271,67,4,63,0.0,6,0.0386,0.1298,-0.0912
3.6,-50.8,AP,1.7003,2.2021,0.5018,1.5378,62,28,34,0.75,57,0.2562,0.1097,0.1465,0.5414,0.5018,0.9269,62,3,59,0.0,4,0.0396,0.1148,-0.0752
3.8,-51.0,AP,1.5819,2.0809,0.499,1.4583,62,24,38,0.9167,58,0.2786,0.1189,0.1597,0.5425,0.499,0.9199,62,4,58,0.0,6,0.0435,0.1323,-0.0888
3.8,-50.8,AP,1.4851,1.9867,0.5016,1.4116,45,24,21,0.875,50,0.2648,0.1091,0.1557,0.532,0.5016,0.9428,45,1,44,0.0,3,0.0304,0.1379,-0.1075
4.0,-51.0,AP,1.4088,1.9412,0.5324,1.4007,54,29,25,0.8276,66,0.2521,0.1146,0.1374,0.5787,0.5324,0.92,54,2,52,0.0,3,0.0463,0.1445,-0.0982
4.0,-50.8,AP,1.3069,1.8071,0.5002,1.3057,32,19,13,1.0,38,0.2649,0.1109,0.154,0.5192,0.5002,0.9634,32,1,31,0.0,2,0.019,0.129,-0.11
4.2,-51.2,AP,1.3684,1.9989,0.6306,1.6267,61,37,24,0.8108,73,0.2894,0.1132,0.1763,0.6617,0.6306,0.953,61,2,59,0.0,3,0.0311,0.1455,-0.1144
4.2,-51.0,AP,1.2373,1.7492,0.5119,1.2649,38,22,16,0.8636,45,0.2528,0.1125,0.1403,0.5414,0.5119,0.9455,38,2,36,0.0,3,0.0295,0.1314,-0.1019
4.2,-50.8,AP,1.1738,1.6549,0.4811,1.1942,22,12,10,0.9167,27,0.2664,0.11,0.1564,0.513,0.4811,0.9378,22,1,21,0.0,1,0.0319,0.1277,-0.0958
4.4,-51.6,AP,0.9829,1.5146,0.5316,1.0924,62,42,20,0.8571,99,0.2238,0.1128,0.111,0.552,0.5316,0.9632,62,3,59,0.0,4,0.0203,0.1232,-0.1029
4.4,-51.4,AP,1.2183,1.7554,0.5371,1.2934,46,31,15,0.871,70,0.2439,0.1145,0.1294,0.5937,0.5371,0.9046,46,3,43,0.0,4,0.0566,0.1293,-0.0727
4.4,-51.2,AP,1.176,1.6802,0.5042,1.1999,38,23,15,0.9565,55,0.2346,0.1129,0.1216,0.5469,0.5042,0.922,38,3,35,0.0,4,0.0427,0.1197,-0.077
4.4,-51.0,AP,1.1126,1.591,0.4784,1.1518,30,17,13,0.9412,36,0.2155,0.1129,0.1026,0.514,0.4784,0.9306,30,2,28,0.0,3,0.0357,0.117,-0.0814
4.6,-51.6,AP,1.1518,1.6542,0.5024,1.1964,36,23,13,0.8696,54,0.2311,0.1134,0.1176,0.5372,0.5024,0.935,36,2,34,0.0,3,0.0349,0.1273,-0.0924
4.6,-51.4,AP,1.1119,1.5997,0.4878,1.1579,30,19,11,0.9474,45,0.2281,0.1137,0.1144,0.5201,0.4878,0.9379,30,2,28,0.0,4,0.0323,0.122,-0.0897
4.6,-51.2,AP,1.0635,1.53,0.4665,1.1127,28,17,11,0.8824,36,0.2107,0.1109,0.0998,0.5007,0.4665,0.9316,28,1,27,0.0,2,0.0342,0.1274,-0.0932
4.6,-51.0,AP,1.0442,1.5002,0.4559,1.0858,16,11,5,1.0,24,0.2189,0.1076,0.1114,0.4799,0.4559,0.9499,16,1,15,0.0,2,0.024,0.1155,-0.0914
4.8,-52.0,AP,1.1348,1.655,0.5202,1.2192,47,33,14,0.8485,78,0.245,0.1088,0.1362,0.5665,0.5202,0.9183,47,2,45,0.0,5,0.0463,0.1269,-0.0806
4.8,-51.8,AP,1.1116,1.6045,0.4929,1.1888,33,22,11,0.9091,53,0.2463,0.1102,0.1361,0.5315,0.4929,0.9273,33,2,31,0.0,4,0.0386,0.1317,-0.0931
4.8,-51.6,AP,1.0707,1.5423,0.4716,1.1334,30,19,11,0.8421,38,0.2552,0.1056,0.1497,0.4996,0.4716,0.944,30,2,28,0.0,4,0.028,0.1157,-0.0877
4.8,-51.4,AP,1.0425,1.5002,0.4576,1.0963,23,13,10,1.0,27,0.248,0.1075,0.1406,0.4774,0.4576,0.9585,23,1,22,0.0,3,0.0198,0.1166,-0.0968
5.0,-52.2,AP,1.1044,1.5876,0.4832,1.1669,48,34,14,0.8235,86,0.2208,0.109,0.1118,0.5315,0.4832,0.9092,48,3,45,0.0,6,0.0482,0.1228,-0.0746
5.0,-52.0,AP,1.0767,1.5524,0.4758,1.1459,35,22,13,0.8636,57,0.2304,0.1096,0.1207,0.5218,0.4758,0.9119,35,2,33,0.0,4,0.046,0.1302,-0.0842
5.0,-51.8,AP,1.051,1.5152,0.4642,1.1145,27,16,11,0.875,35,0.2479,0.1122,0.1357,0.4929,0.4642,0.9417,27,2,25,0.0,4,0.0287,0.1129,-0.0842
5.0,-51.6,AP,1.0268,1.4793,0.4526,1.0824,23,13,10,0.8462,30,0.2396,0.1056,0.134,0.4744,0.4526,0.954,23,1,22,0.0,2,0.0218,0.1133,-0.0915
5.2,-52.6,AP,1.0977,1.5612,0.4635,1.1381,54,40,14,0.775,95,0.2228,0.1065,0.1163,0.5114,0.4635,0.9064,54,4,50,0.0,6,0.0479,0.125,-0.0771
5.2,-52.4,AP,1.0781,1.5425,0.4644,1.1318,42,31,11,0.8387,74,0.2262,0.1063,0.1199,0.5138,0.4644,0.9039,42,3,39,0.0,6,0.0494,0.1195,-0.0702
5.2,-52.2,AP,1.0525,1.5106,0.4581,1.1072,29,19,10,0.8421,48,0.2318,0.1098,0.122,0.5031,0.4581,0.9106,29,2,27,0.0,4,0.045,0.1234,-0.0785
5.2,-52.0,AP,1.0277,1.4772,0.4494,1.0843,25,16,9,0.875,40,0.2344,0.1095,0.1249,0.4821,0.4494,0.9322,25,1,24,0.0,3,0.0327,0.1223,-0.0896
5.4,-52.6,AP,1.0612,1.5161,0.4549,1.1086,38,28,10,0.8571,64,0.2271,0.1064,0.1206,0.4968,0.4549,0.9158,38,3,35,0.0,5,0.0418,0.1095,-0.0677
5.4,-52.4,AP,1.0342,1.4814,0.4472,1.083,26,20,6,0.9,47,0.2368,0.105,0.1318,0.4797,0.4472,0.9323,26,3,23,0.0,5,0.0325,0.1085,-0.0761
5.6,-53.4,AP,1.1661,1.6133,0.4473,1.1753,50,30,20,0.8667,59,0.2323,0.1028,0.1295,0.494,0.4473,0.9054,50,2,48,0.0,4,0.0467,0.1131,-0.0664
5.6,-53.2,AP,1.1434,1.5991,0.4557,1.1627,41,26,15,0.8462,51,0.2414,0.1032,0.1381,0.4984,0.4557,0.9143,41,2,39,0.0,4,0.0427,0.1096,-0.0669
5.6,-53.0,AP,1.0983,1.5563,0.4581,1.1324,38,21,17,0.7619,38,0.22,0.1087,0.1113,0.5002,0.4581,0.9157,38,2,36,0.0,3,0.0422,0.112,-0.0699
5.6,-52.8,AP,1.0511,1.4992,0.448,1.0944,32,19,13,0.8947,38,0.2417,0.1109,0.1308,0.4833,0.448,0.927,32,2,30,0.0,3,0.0353,0.1189,-0.0837
5.6,-52.6,AP,1.0214,1.4613,0.4399,1.0658,24,15,9,0.9333,33,0.2389,0.1086,0.1303,0.4654,0.4399,0.9452,24,2,22,0.0,3,0.0255,0.109,-0.0835
5.8,-53.6,AP,1.1443,1.5885,0.4442,1.17,38,27,11,0.8519,47,0.2003,0.1012,0.0992,0.4793,0.4442,0.9268,38,1,37,0.0,2,0.0351,0.1251,-0.09
5.8,-53.4,AP,1.1159,1.5612,0.4453,1.1464,33,22,11,0.8182,37,0.2196,0.1054,0.1142,0.4713,0.4453,0.9447,33,1,32,0.0,2,0.026,0.1155,-0.0895
5.8,-53.2,AP,1.0815,1.5251,0.4436,1.1172,25,15,10,0.8,32,0.2188,0.1068,0.112,0.4705,0.4436,0.9428,25,2,23,0.0,3,0.0269,0.1026,-0.0757
5.8,-53.0,AP,1.0469,1.4867,0.4398,1.0868,24,16,8,0.8125,34,0.2172,0.109,0.1083,0.4655,0.4398,0.9449,24,2,22,0.0,3,0.0256,0.1006,-0.075
5.8,-52.8,AP,1.0126,1.4452,0.4326,1.0548,18,10,8,1.0,26,0.2281,0.1095,0.1186,0.4625,0.4326,0.9355,18,3,15,0.0,3,0.0298,0.0982,-0.0684
6.0,-54.2,AP,1.1301,1.5466,0.4164,1.13,30,19,11,0.8421,31,0.2029,0.0991,0.1038,0.452,0.4164,0.9214,30,1,29,0.0,2,0.0355,0.1239,-0.0883
6.0,-54.0,AP,1.1298,1.5556,0.4258,1.1443,28,17,11,0.9412,30,0.226,0.0992,0.1268,0.4567,0.4258,0.9324,28,1,27,0.0,2,0.0309,0.1198,-0.0889
6.0,-53.8,AP,1.1113,1.5419,0.4306,1.1364,25,16,9,0.9375,31,0.2148,0.1011,0.1137,0.4549,0.4306,0.9467,25,1,24,0.0,2,0.0242,0.1134,-0.0891
6.0,-53.6,AP,1.0874,1.5182,0.4308,1.1172,25,18,7,0.8889,32,0.2074,0.0999,0.1075,0.4482,0.4308,0.9613,25,1,24,0.0,2,0.0173,0.1063,-0.089
6.0,-53.4,AP,1.0604,1.4903,0.4299,1.0932,23,13,10,0.8462,25,0.2035,0.1034,0.1002,0.4528,0.4299,0.9494,23,1,22,0.0,1,0.0229,0.0992,-0.0763
6.0,-53.2,AP,1.0306,1.4577,0.4271,1.0664,21,13,8,0.9231,27,0.2048,0.1072,0.0976,0.4493,0.4271,0.9506,21,1,20,0.0,1,0.0222,0.0981,-0.0759
