grid_lat,grid_lon,i_lat,i_lon,region,method,season,compound_event_count
-35.0,-54.79998779296875,0,1,S,Global q90,DJF,65
-35.0,-54.79998779296875,0,1,S,Global q90,MAM,105
-35.0,-54.79998779296875,0,1,S,Global q90,JJA,103
-35.0,-54.79998779296875,0,1,S,Global q90,SON,49
-35.0,-54.79998779296875,0,1,S,Seasonal q90,DJF,98
-35.0,-54.79998779296875,0,1,S,Seasonal q90,MAM,83
-35.0,-54.79998779296875,0,1,S,Seasonal q90,JJA,87
-35.0,-54.79998779296875,0,1,S,Seasonal q90,SON,79
-35.0,-54.600006103515625,0,2,S,Global q90,DJF,57
-35.0,-54.600006103515625,0,2,S,Global q90,MAM,104
-35.0,-54.600006103515625,0,2,S,Global q90,JJA,94
-35.0,-54.600006103515625,0,2,S,Global q90,SON,39
-35.0,-54.600006103515625,0,2,S,Seasonal q90,DJF,96
-35.0,-54.600006103515625,0,2,S,Seasonal q90,MAM,81
-35.0,-54.600006103515625,0,2,S,Seasonal q90,JJA,86
-35.0,-54.600006103515625,0,2,S,Seasonal q90,SON,68
-35.0,-54.399993896484375,0,3,S,Global q90,DJF,56
-35.0,-54.399993896484375,0,3,S,Global q90,MAM,102
-35.0,-54.399993896484375,0,3,S,Global q90,JJA,97
-35.0,-54.399993896484375,0,3,S,Global q90,SON,36
-35.0,-54.399993896484375,0,3,S,Seasonal q90,DJF,90
-35.0,-54.399993896484375,0,3,S,Seasonal q90,MAM,80
-35.0,-54.399993896484375,0,3,S,Seasonal q90,JJA,83
-35.0,-54.399993896484375,0,3,S,Seasonal q90,SON,63
-35.0,-54.20001220703125,0,4,S,Global q90,DJF,52
-35.0,-54.20001220703125,0,4,S,Global q90,MAM,96
-35.0,-54.20001220703125,0,4,S,Global q90,JJA,92
-35.0,-54.20001220703125,0,4,S,Global q90,SON,36
-35.0,-54.20001220703125,0,4,S,Seasonal q90,DJF,85
-35.0,-54.20001220703125,0,4,S,Seasonal q90,MAM,78
-35.0,-54.20001220703125,0,4,S,Seasonal q90,JJA,80
-35.0,-54.20001220703125,0,4,S,Seasonal q90,SON,56
-35.0,-54.0,0,5,S,Global q90,DJF,46
-35.0,-54.0,0,5,S,Global q90,MAM,92
-35.0,-54.0,0,5,S,Global q90,JJA,84
-35.0,-54.0,0,5,S,Global q90,SON,30
-35.0,-54.0,0,5,S,Seasonal q90,DJF,76
-35.0,-54.0,0,5,S,Seasonal q90,MAM,75
-35.0,-54.0,0,5,S,Seasonal q90,JJA,73
-35.0,-54.0,0,5,S,Seasonal q90,SON,53
-34.79999923706055,-54.399993896484375,1,3,S,Global q90,DJF,56
-34.79999923706055,-54.399993896484375,1,3,S,Global q90,MAM,102
-34.79999923706055,-54.399993896484375,1,3,S,Global q90,JJA,99
-34.79999923706055,-54.399993896484375,1,3,S,Global q90,SON,45
-34.79999923706055,-54.399993896484375,1,3,S,Seasonal q90,DJF,95
-34.79999923706055,-54.399993896484375,1,3,S,Seasonal q90,MAM,79
-34.79999923706055,-54.399993896484375,1,3,S,Seasonal q90,JJA,83
-34.79999923706055,-54.399993896484375,1,3,S,Seasonal q90,SON,70
-34.79999923706055,-54.20001220703125,1,4,S,Global q90,DJF,54
-34.79999923706055,-54.20001220703125,1,4,S,Global q90,MAM,99
-34.79999923706055,-54.20001220703125,1,4,S,Global q90,JJA,96
-34.79999923706055,-54.20001220703125,1,4,S,Global q90,SON,39
-34.79999923706055,-54.20001220703125,1,4,S,Seasonal q90,DJF,89
-34.79999923706055,-54.20001220703125,1,4,S,Seasonal q90,MAM,79
-34.79999923706055,-54.20001220703125,1,4,S,Seasonal q90,JJA,83
-34.79999923706055,-54.20001220703125,1,4,S,Seasonal q90,SON,66
-34.79999923706055,-54.0,1,5,S,Global q90,DJF,49
-34.79999923706055,-54.0,1,5,S,Global q90,MAM,92
-34.79999923706055,-54.0,1,5,S,Global q90,JJA,92
-34.79999923706055,-54.0,1,5,S,Global q90,SON,37
-34.79999923706055,-54.0,1,5,S,Seasonal q90,DJF,81
-34.79999923706055,-54.0,1,5,S,Seasonal q90,MAM,76
-34.79999923706055,-54.0,1,5,S,Seasonal q90,JJA,81
-34.79999923706055,-54.0,1,5,S,Seasonal q90,SON,60
-34.79999923706055,-53.79998779296875,1,6,S,Global q90,DJF,41
-34.79999923706055,-53.79998779296875,1,6,S,Global q90,MAM,84
-34.79999923706055,-53.79998779296875,1,6,S,Global q90,JJA,89
-34.79999923706055,-53.79998779296875,1,6,S,Global q90,SON,33
-34.79999923706055,-53.79998779296875,1,6,S,Seasonal q90,DJF,73
-34.79999923706055,-53.79998779296875,1,6,S,Seasonal q90,MAM,74
-34.79999923706055,-53.79998779296875,1,6,S,Seasonal q90,JJA,75
-34.79999923706055,-53.79998779296875,1,6,S,Seasonal q90,SON,52
-34.79999923706055,-53.600006103515625,1,7,S,Global q90,DJF,39
-34.79999923706055,-53.600006103515625,1,7,S,Global q90,MAM,85
-34.79999923706055,-53.600006103515625,1,7,S,Global q90,JJA,81
-34.79999923706055,-53.600006103515625,1,7,S,Global q90,SON,30
-34.79999923706055,-53.600006103515625,1,7,S,Seasonal q90,DJF,62
-34.79999923706055,-53.600006103515625,1,7,S,Seasonal q90,MAM,71
-34.79999923706055,-53.600006103515625,1,7,S,Seasonal q90,JJA,68
-34.79999923706055,-53.600006103515625,1,7,S,Seasonal q90,SON,48
-34.599998474121094,-54.0,2,5,S,Global q90,DJF,47
-34.599998474121094,-54.0,2,5,S,Global q90,MAM,89
-34.599998474121094,-54.0,2,5,S,Global q90,JJA,95
-34.599998474121094,-54.0,2,5,S,Global q90,SON,39
-34.599998474121094,-54.0,2,5,S,Seasonal q90,DJF,82
-34.599998474121094,-54.0,2,5,S,Seasonal q90,MAM,71
-34.599998474121094,-54.0,2,5,S,Seasonal q90,JJA,81
-34.599998474121094,-54.0,2,5,S,Seasonal q90,SON,66
-34.599998474121094,-53.79998779296875,2,6,S,Global q90,DJF,42
-34.599998474121094,-53.79998779296875,2,6,S,Global q90,MAM,87
-34.599998474121094,-53.79998779296875,2,6,S,Global q90,JJA,94
-34.599998474121094,-53.79998779296875,2,6,S,Global q90,SON,36
-34.599998474121094,-53.79998779296875,2,6,S,Seasonal q90,DJF,78
-34.599998474121094,-53.79998779296875,2,6,S,Seasonal q90,MAM,71
-34.599998474121094,-53.79998779296875,2,6,S,Seasonal q90,JJA,78
-34.599998474121094,-53.79998779296875,2,6,S,Seasonal q90,SON,63
-34.599998474121094,-53.600006103515625,2,7,S,Global q90,DJF,41
-34.599998474121094,-53.600006103515625,2,7,S,Global q90,MAM,88
-34.599998474121094,-53.600006103515625,2,7,S,Global q90,JJA,92
-34.599998474121094,-53.600006103515625,2,7,S,Global q90,SON,37
-34.599998474121094,-53.600006103515625,2,7,S,Seasonal q90,DJF,75
-34.599998474121094,-53.600006103515625,2,7,S,Seasonal q90,MAM,71
-34.599998474121094,-53.600006103515625,2,7,S,Seasonal q90,JJA,72
-34.599998474121094,-53.600006103515625,2,7,S,Seasonal q90,SON,61
-34.599998474121094,-53.399993896484375,2,8,S,Global q90,DJF,37
-34.599998474121094,-53.399993896484375,2,8,S,Global q90,MAM,85
-34.599998474121094,-53.399993896484375,2,8,S,Global q90,JJA,86
-34.599998474121094,-53.399993896484375,2,8,S,Global q90,SON,32
-34.599998474121094,-53.399993896484375,2,8,S,Seasonal q90,DJF,65
-34.599998474121094,-53.399993896484375,2,8,S,Seasonal q90,MAM,71
-34.599998474121094,-53.399993896484375,2,8,S,Seasonal q90,JJA,70
-34.599998474121094,-53.399993896484375,2,8,S,Seasonal q90,SON,53
-34.400001525878906,-53.79998779296875,3,6,S,Global q90,DJF,52
-34.400001525878906,-53.79998779296875,3,6,S,Global q90,MAM,91
-34.400001525878906,-53.79998779296875,3,6,S,Global q90,JJA,99
-34.400001525878906,-53.79998779296875,3,6,S,Global q90,SON,45
-34.400001525878906,-53.79998779296875,3,6,S,Seasonal q90,DJF,80
-34.400001525878906,-53.79998779296875,3,6,S,Seasonal q90,MAM,72
-34.400001525878906,-53.79998779296875,3,6,S,Seasonal q90,JJA,79
-34.400001525878906,-53.79998779296875,3,6,S,Seasonal q90,SON,69
-34.400001525878906,-53.600006103515625,3,7,S,Global q90,DJF,38
-34.400001525878906,-53.600006103515625,3,7,S,Global q90,MAM,82
-34.400001525878906,-53.600006103515625,3,7,S,Global q90,JJA,96
-34.400001525878906,-53.600006103515625,3,7,S,Global q90,SON,37
-34.400001525878906,-53.600006103515625,3,7,S,Seasonal q90,DJF,79
-34.400001525878906,-53.600006103515625,3,7,S,Seasonal q90,MAM,65
-34.400001525878906,-53.600006103515625,3,7,S,Seasonal q90,JJA,74
-34.400001525878906,-53.600006103515625,3,7,S,Seasonal q90,SON,61
-34.400001525878906,-53.399993896484375,3,8,S,Global q90,DJF,39
-34.400001525878906,-53.399993896484375,3,8,S,Global q90,MAM,82
-34.400001525878906,-53.399993896484375,3,8,S,Global q90,JJA,94
-34.400001525878906,-53.399993896484375,3,8,S,Global q90,SON,34
-34.400001525878906,-53.399993896484375,3,8,S,Seasonal q90,DJF,73
-34.400001525878906,-53.399993896484375,3,8,S,Seasonal q90,MAM,69
-34.400001525878906,-53.399993896484375,3,8,S,Seasonal q90,JJA,71
-34.400001525878906,-53.399993896484375,3,8,S,Seasonal q90,SON,54
-34.20000076293945,-53.600006103515625,4,7,S,Global q90,DJF,38
-34.20000076293945,-53.600006103515625,4,7,S,Global q90,MAM,75
-34.20000076293945,-53.600006103515625,4,7,S,Global q90,JJA,82
-34.20000076293945,-53.600006103515625,4,7,S,Global q90,SON,42
-34.20000076293945,-53.600006103515625,4,7,S,Seasonal q90,DJF,73
-34.20000076293945,-53.600006103515625,4,7,S,Seasonal q90,MAM,61
-34.20000076293945,-53.600006103515625,4,7,S,Seasonal q90,JJA,65
-34.20000076293945,-53.600006103515625,4,7,S,Seasonal q90,SON,56
-34.20000076293945,-53.399993896484375,4,8,S,Global q90,DJF,39
-34.20000076293945,-53.399993896484375,4,8,S,Global q90,MAM,79
-34.20000076293945,-53.399993896484375,4,8,S,Global q90,JJA,95
-34.20000076293945,-53.399993896484375,4,8,S,Global q90,SON,38
-34.20000076293945,-53.399993896484375,4,8,S,Seasonal q90,DJF,74
-34.20000076293945,-53.399993896484375,4,8,S,Seasonal q90,MAM,62
-34.20000076293945,-53.399993896484375,4,8,S,Seasonal q90,JJA,71
-34.20000076293945,-53.399993896484375,4,8,S,Seasonal q90,SON,55
-34.20000076293945,-53.20001220703125,4,9,S,Global q90,DJF,35
-34.20000076293945,-53.20001220703125,4,9,S,Global q90,MAM,81
-34.20000076293945,-53.20001220703125,4,9,S,Global q90,JJA,93
-34.20000076293945,-53.20001220703125,4,9,S,Global q90,SON,35
-34.20000076293945,-53.20001220703125,4,9,S,Seasonal q90,DJF,68
-34.20000076293945,-53.20001220703125,4,9,S,Seasonal q90,MAM,66
-34.20000076293945,-53.20001220703125,4,9,S,Seasonal q90,JJA,73
-34.20000076293945,-53.20001220703125,4,9,S,Seasonal q90,SON,58
-34.0,-53.399993896484375,5,8,S,Global q90,DJF,37
-34.0,-53.399993896484375,5,8,S,Global q90,MAM,76
-34.0,-53.399993896484375,5,8,S,Global q90,JJA,85
-34.0,-53.399993896484375,5,8,S,Global q90,SON,40
-34.0,-53.399993896484375,5,8,S,Seasonal q90,DJF,68
-34.0,-53.399993896484375,5,8,S,Seasonal q90,MAM,62
-34.0,-53.399993896484375,5,8,S,Seasonal q90,JJA,65
-34.0,-53.399993896484375,5,8,S,Seasonal q90,SON,59
-34.0,-53.20001220703125,5,9,S,Global q90,DJF,36
-34.0,-53.20001220703125,5,9,S,Global q90,MAM,78
-34.0,-53.20001220703125,5,9,S,Global q90,JJA,96
-34.0,-53.20001220703125,5,9,S,Global q90,SON,42
-34.0,-53.20001220703125,5,9,S,Seasonal q90,DJF,69
-34.0,-53.20001220703125,5,9,S,Seasonal q90,MAM,64
-34.0,-53.20001220703125,5,9,S,Seasonal q90,JJA,70
-34.0,-53.20001220703125,5,9,S,Seasonal q90,SON,56
-34.0,-53.0,5,10,S,Global q90,DJF,34
-34.0,-53.0,5,10,S,Global q90,MAM,82
-34.0,-53.0,5,10,S,Global q90,JJA,95
-34.0,-53.0,5,10,S,Global q90,SON,36
-34.0,-53.0,5,10,S,Seasonal q90,DJF,70
-34.0,-53.0,5,10,S,Seasonal q90,MAM,63
-34.0,-53.0,5,10,S,Seasonal q90,JJA,72
-34.0,-53.0,5,10,S,Seasonal q90,SON,59
-33.79999923706055,-53.399993896484375,6,8,S,Global q90,DJF,46
-33.79999923706055,-53.399993896484375,6,8,S,Global q90,MAM,73
-33.79999923706055,-53.399993896484375,6,8,S,Global q90,JJA,76
-33.79999923706055,-53.399993896484375,6,8,S,Global q90,SON,46
-33.79999923706055,-53.399993896484375,6,8,S,Seasonal q90,DJF,69
-33.79999923706055,-53.399993896484375,6,8,S,Seasonal q90,MAM,57
-33.79999923706055,-53.399993896484375,6,8,S,Seasonal q90,JJA,62
-33.79999923706055,-53.399993896484375,6,8,S,Seasonal q90,SON,61
-33.79999923706055,-53.20001220703125,6,9,S,Global q90,DJF,39
-33.79999923706055,-53.20001220703125,6,9,S,Global q90,MAM,81
-33.79999923706055,-53.20001220703125,6,9,S,Global q90,JJA,86
-33.79999923706055,-53.20001220703125,6,9,S,Global q90,SON,46
-33.79999923706055,-53.20001220703125,6,9,S,Seasonal q90,DJF,74
-33.79999923706055,-53.20001220703125,6,9,S,Seasonal q90,MAM,62
-33.79999923706055,-53.20001220703125,6,9,S,Seasonal q90,JJA,67
-33.79999923706055,-53.20001220703125,6,9,S,Seasonal q90,SON,62
-33.79999923706055,-53.0,6,10,S,Global q90,DJF,35
-33.79999923706055,-53.0,6,10,S,Global q90,MAM,83
-33.79999923706055,-53.0,6,10,S,Global q90,JJA,101
-33.79999923706055,-53.0,6,10,S,Global q90,SON,44
-33.79999923706055,-53.0,6,10,S,Seasonal q90,DJF,70
-33.79999923706055,-53.0,6,10,S,Seasonal q90,MAM,67
-33.79999923706055,-53.0,6,10,S,Seasonal q90,JJA,74
-33.79999923706055,-53.0,6,10,S,Seasonal q90,SON,62
-33.79999923706055,-52.79998779296875,6,11,S,Global q90,DJF,36
-33.79999923706055,-52.79998779296875,6,11,S,Global q90,MAM,86
-33.79999923706055,-52.79998779296875,6,11,S,Global q90,JJA,102
-33.79999923706055,-52.79998779296875,6,11,S,Global q90,SON,40
-33.79999923706055,-52.79998779296875,6,11,S,Seasonal q90,DJF,66
-33.79999923706055,-52.79998779296875,6,11,S,Seasonal q90,MAM,67
-33.79999923706055,-52.79998779296875,6,11,S,Seasonal q90,JJA,72
-33.79999923706055,-52.79998779296875,6,11,S,Seasonal q90,SON,62
-33.599998474121094,-53.0,7,10,S,Global q90,DJF,43
-33.599998474121094,-53.0,7,10,S,Global q90,MAM,85
-33.599998474121094,-53.0,7,10,S,Global q90,JJA,90
-33.599998474121094,-53.0,7,10,S,Global q90,SON,48
-33.599998474121094,-53.0,7,10,S,Seasonal q90,DJF,74
-33.599998474121094,-53.0,7,10,S,Seasonal q90,MAM,65
-33.599998474121094,-53.0,7,10,S,Seasonal q90,JJA,72
-33.599998474121094,-53.0,7,10,S,Seasonal q90,SON,67
-33.599998474121094,-52.79998779296875,7,11,S,Global q90,DJF,37
-33.599998474121094,-52.79998779296875,7,11,S,Global q90,MAM,81
-33.599998474121094,-52.79998779296875,7,11,S,Global q90,JJA,97
-33.599998474121094,-52.79998779296875,7,11,S,Global q90,SON,43
-33.599998474121094,-52.79998779296875,7,11,S,Seasonal q90,DJF,70
-33.599998474121094,-52.79998779296875,7,11,S,Seasonal q90,MAM,67
-33.599998474121094,-52.79998779296875,7,11,S,Seasonal q90,JJA,71
-33.599998474121094,-52.79998779296875,7,11,S,Seasonal q90,SON,61
-33.599998474121094,-52.600006103515625,7,12,S,Global q90,DJF,37
-33.599998474121094,-52.600006103515625,7,12,S,Global q90,MAM,82
-33.599998474121094,-52.600006103515625,7,12,S,Global q90,JJA,99
-33.599998474121094,-52.600006103515625,7,12,S,Global q90,SON,42
-33.599998474121094,-52.600006103515625,7,12,S,Seasonal q90,DJF,69
-33.599998474121094,-52.600006103515625,7,12,S,Seasonal q90,MAM,67
-33.599998474121094,-52.600006103515625,7,12,S,Seasonal q90,JJA,73
-33.599998474121094,-52.600006103515625,7,12,S,Seasonal q90,SON,61
-33.400001525878906,-52.79998779296875,8,11,S,Global q90,DJF,43
-33.400001525878906,-52.79998779296875,8,11,S,Global q90,MAM,78
-33.400001525878906,-52.79998779296875,8,11,S,Global q90,JJA,92
-33.400001525878906,-52.79998779296875,8,11,S,Global q90,SON,45
-33.400001525878906,-52.79998779296875,8,11,S,Seasonal q90,DJF,75
-33.400001525878906,-52.79998779296875,8,11,S,Seasonal q90,MAM,63
-33.400001525878906,-52.79998779296875,8,11,S,Seasonal q90,JJA,73
-33.400001525878906,-52.79998779296875,8,11,S,Seasonal q90,SON,63
-33.400001525878906,-52.600006103515625,8,12,S,Global q90,DJF,36
-33.400001525878906,-52.600006103515625,8,12,S,Global q90,MAM,82
-33.400001525878906,-52.600006103515625,8,12,S,Global q90,JJA,98
-33.400001525878906,-52.600006103515625,8,12,S,Global q90,SON,42
-33.400001525878906,-52.600006103515625,8,12,S,Seasonal q90,DJF,69
-33.400001525878906,-52.600006103515625,8,12,S,Seasonal q90,MAM,64
-33.400001525878906,-52.600006103515625,8,12,S,Seasonal q90,JJA,72
-33.400001525878906,-52.600006103515625,8,12,S,Seasonal q90,SON,62
-33.400001525878906,-52.399993896484375,8,13,S,Global q90,DJF,36
-33.400001525878906,-52.399993896484375,8,13,S,Global q90,MAM,80
-33.400001525878906,-52.399993896484375,8,13,S,Global q90,JJA,97
-33.400001525878906,-52.399993896484375,8,13,S,Global q90,SON,39
-33.400001525878906,-52.399993896484375,8,13,S,Seasonal q90,DJF,69
-33.400001525878906,-52.399993896484375,8,13,S,Seasonal q90,MAM,66
-33.400001525878906,-52.399993896484375,8,13,S,Seasonal q90,JJA,74
-33.400001525878906,-52.399993896484375,8,13,S,Seasonal q90,SON,58
-33.20000076293945,-52.600006103515625,9,12,S,Global q90,DJF,40
-33.20000076293945,-52.600006103515625,9,12,S,Global q90,MAM,69
-33.20000076293945,-52.600006103515625,9,12,S,Global q90,JJA,82
-33.20000076293945,-52.600006103515625,9,12,S,Global q90,SON,44
-33.20000076293945,-52.600006103515625,9,12,S,Seasonal q90,DJF,67
-33.20000076293945,-52.600006103515625,9,12,S,Seasonal q90,MAM,60
-33.20000076293945,-52.600006103515625,9,12,S,Seasonal q90,JJA,66
-33.20000076293945,-52.600006103515625,9,12,S,Seasonal q90,SON,52
-33.20000076293945,-52.399993896484375,9,13,S,Global q90,DJF,36
-33.20000076293945,-52.399993896484375,9,13,S,Global q90,MAM,73
-33.20000076293945,-52.399993896484375,9,13,S,Global q90,JJA,90
-33.20000076293945,-52.399993896484375,9,13,S,Global q90,SON,41
-33.20000076293945,-52.399993896484375,9,13,S,Seasonal q90,DJF,63
-33.20000076293945,-52.399993896484375,9,13,S,Seasonal q90,MAM,58
-33.20000076293945,-52.399993896484375,9,13,S,Seasonal q90,JJA,70
-33.20000076293945,-52.399993896484375,9,13,S,Seasonal q90,SON,51
-33.20000076293945,-52.20001220703125,9,14,S,Global q90,DJF,33
-33.20000076293945,-52.20001220703125,9,14,S,Global q90,MAM,73
-33.20000076293945,-52.20001220703125,9,14,S,Global q90,JJA,95
-33.20000076293945,-52.20001220703125,9,14,S,Global q90,SON,34
-33.20000076293945,-52.20001220703125,9,14,S,Seasonal q90,DJF,66
-33.20000076293945,-52.20001220703125,9,14,S,Seasonal q90,MAM,59
-33.20000076293945,-52.20001220703125,9,14,S,Seasonal q90,JJA,67
-33.20000076293945,-52.20001220703125,9,14,S,Seasonal q90,SON,51
-33.0,-52.399993896484375,10,13,S,Global q90,DJF,33
-33.0,-52.399993896484375,10,13,S,Global q90,MAM,62
-33.0,-52.399993896484375,10,13,S,Global q90,JJA,77
-33.0,-52.399993896484375,10,13,S,Global q90,SON,30
-33.0,-52.399993896484375,10,13,S,Seasonal q90,DJF,56
-33.0,-52.399993896484375,10,13,S,Seasonal q90,MAM,50
-33.0,-52.399993896484375,10,13,S,Seasonal q90,JJA,62
-33.0,-52.399993896484375,10,13,S,Seasonal q90,SON,45
-33.0,-52.20001220703125,10,14,S,Global q90,DJF,31
-33.0,-52.20001220703125,10,14,S,Global q90,MAM,67
-33.0,-52.20001220703125,10,14,S,Global q90,JJA,82
-33.0,-52.20001220703125,10,14,S,Global q90,SON,36
-33.0,-52.20001220703125,10,14,S,Seasonal q90,DJF,58
-33.0,-52.20001220703125,10,14,S,Seasonal q90,MAM,56
-33.0,-52.20001220703125,10,14,S,Seasonal q90,JJA,63
-33.0,-52.20001220703125,10,14,S,Seasonal q90,SON,45
-32.79999923706055,-52.399993896484375,11,13,S,Global q90,DJF,27
-32.79999923706055,-52.399993896484375,11,13,S,Global q90,MAM,52
-32.79999923706055,-52.399993896484375,11,13,S,Global q90,JJA,72
-32.79999923706055,-52.399993896484375,11,13,S,Global q90,SON,35
-32.79999923706055,-52.399993896484375,11,13,S,Seasonal q90,DJF,46
-32.79999923706055,-52.399993896484375,11,13,S,Seasonal q90,MAM,41
-32.79999923706055,-52.399993896484375,11,13,S,Seasonal q90,JJA,58
-32.79999923706055,-52.399993896484375,11,13,S,Seasonal q90,SON,35
-32.79999923706055,-52.20001220703125,11,14,S,Global q90,DJF,27
-32.79999923706055,-52.20001220703125,11,14,S,Global q90,MAM,63
-32.79999923706055,-52.20001220703125,11,14,S,Global q90,JJA,74
-32.79999923706055,-52.20001220703125,11,14,S,Global q90,SON,31
-32.79999923706055,-52.20001220703125,11,14,S,Seasonal q90,DJF,52
-32.79999923706055,-52.20001220703125,11,14,S,Seasonal q90,MAM,49
-32.79999923706055,-52.20001220703125,11,14,S,Seasonal q90,JJA,60
-32.79999923706055,-52.20001220703125,11,14,S,Seasonal q90,SON,45
-32.79999923706055,-52.0,11,15,S,Global q90,DJF,29
-32.79999923706055,-52.0,11,15,S,Global q90,MAM,65
-32.79999923706055,-52.0,11,15,S,Global q90,JJA,85
-32.79999923706055,-52.0,11,15,S,Global q90,SON,39
-32.79999923706055,-52.0,11,15,S,Seasonal q90,DJF,58
-32.79999923706055,-52.0,11,15,S,Seasonal q90,MAM,54
-32.79999923706055,-52.0,11,15,S,Seasonal q90,JJA,62
-32.79999923706055,-52.0,11,15,S,Seasonal q90,SON,43
-32.599998474121094,-52.20001220703125,12,14,S,Global q90,DJF,22
-32.599998474121094,-52.20001220703125,12,14,S,Global q90,MAM,51
-32.599998474121094,-52.20001220703125,12,14,S,Global q90,JJA,66
-32.599998474121094,-52.20001220703125,12,14,S,Global q90,SON,32
-32.599998474121094,-52.20001220703125,12,14,S,Seasonal q90,DJF,42
-32.599998474121094,-52.20001220703125,12,14,S,Seasonal q90,MAM,40
-32.599998474121094,-52.20001220703125,12,14,S,Seasonal q90,JJA,55
-32.599998474121094,-52.20001220703125,12,14,S,Seasonal q90,SON,33
-32.599998474121094,-52.0,12,15,S,Global q90,DJF,25
-32.599998474121094,-52.0,12,15,S,Global q90,MAM,60
-32.599998474121094,-52.0,12,15,S,Global q90,JJA,77
-32.599998474121094,-52.0,12,15,S,Global q90,SON,37
-32.599998474121094,-52.0,12,15,S,Seasonal q90,DJF,59
-32.599998474121094,-52.0,12,15,S,Seasonal q90,MAM,51
-32.599998474121094,-52.0,12,15,S,Seasonal q90,JJA,60
-32.599998474121094,-52.0,12,15,S,Seasonal q90,SON,46
-32.400001525878906,-52.20001220703125,13,14,S,Global q90,DJF,19
-32.400001525878906,-52.20001220703125,13,14,S,Global q90,MAM,52
-32.400001525878906,-52.20001220703125,13,14,S,Global q90,JJA,65
-32.400001525878906,-52.20001220703125,13,14,S,Global q90,SON,33
-32.400001525878906,-52.20001220703125,13,14,S,Seasonal q90,DJF,45
-32.400001525878906,-52.20001220703125,13,14,S,Seasonal q90,MAM,42
-32.400001525878906,-52.20001220703125,13,14,S,Seasonal q90,JJA,50
-32.400001525878906,-52.20001220703125,13,14,S,Seasonal q90,SON,34
-32.400001525878906,-52.0,13,15,S,Global q90,DJF,26
-32.400001525878906,-52.0,13,15,S,Global q90,MAM,62
-32.400001525878906,-52.0,13,15,S,Global q90,JJA,76
-32.400001525878906,-52.0,13,15,S,Global q90,SON,37
-32.400001525878906,-52.0,13,15,S,Seasonal q90,DJF,54
-32.400001525878906,-52.0,13,15,S,Seasonal q90,MAM,50
-32.400001525878906,-52.0,13,15,S,Seasonal q90,JJA,60
-32.400001525878906,-52.0,13,15,S,Seasonal q90,SON,44
-32.400001525878906,-51.79998779296875,13,16,S,Global q90,DJF,28
-32.400001525878906,-51.79998779296875,13,16,S,Global q90,MAM,67
-32.400001525878906,-51.79998779296875,13,16,S,Global q90,JJA,87
-32.400001525878906,-51.79998779296875,13,16,S,Global q90,SON,44
-32.400001525878906,-51.79998779296875,13,16,S,Seasonal q90,DJF,63
-32.400001525878906,-51.79998779296875,13,16,S,Seasonal q90,MAM,50
-32.400001525878906,-51.79998779296875,13,16,S,Seasonal q90,JJA,63
-32.400001525878906,-51.79998779296875,13,16,S,Seasonal q90,SON,45
-32.20000076293945,-52.0,14,15,S,Global q90,DJF,35
-32.20000076293945,-52.0,14,15,S,Global q90,MAM,68
-32.20000076293945,-52.0,14,15,S,Global q90,JJA,81
-32.20000076293945,-52.0,14,15,S,Global q90,SON,42
-32.20000076293945,-52.0,14,15,S,Seasonal q90,DJF,62
-32.20000076293945,-52.0,14,15,S,Seasonal q90,MAM,53
-32.20000076293945,-52.0,14,15,S,Seasonal q90,JJA,70
-32.20000076293945,-52.0,14,15,S,Seasonal q90,SON,50
-32.20000076293945,-51.79998779296875,14,16,S,Global q90,DJF,32
-32.20000076293945,-51.79998779296875,14,16,S,Global q90,MAM,69
-32.20000076293945,-51.79998779296875,14,16,S,Global q90,JJA,89
-32.20000076293945,-51.79998779296875,14,16,S,Global q90,SON,44
-32.20000076293945,-51.79998779296875,14,16,S,Seasonal q90,DJF,65
-32.20000076293945,-51.79998779296875,14,16,S,Seasonal q90,MAM,53
-32.20000076293945,-51.79998779296875,14,16,S,Seasonal q90,JJA,68
-32.20000076293945,-51.79998779296875,14,16,S,Seasonal q90,SON,51
-32.20000076293945,-51.600006103515625,14,17,S,Global q90,DJF,27
-32.20000076293945,-51.600006103515625,14,17,S,Global q90,MAM,73
-32.20000076293945,-51.600006103515625,14,17,S,Global q90,JJA,94
-32.20000076293945,-51.600006103515625,14,17,S,Global q90,SON,48
-32.20000076293945,-51.600006103515625,14,17,S,Seasonal q90,DJF,64
-32.20000076293945,-51.600006103515625,14,17,S,Seasonal q90,MAM,53
-32.20000076293945,-51.600006103515625,14,17,S,Seasonal q90,JJA,72
-32.20000076293945,-51.600006103515625,14,17,S,Seasonal q90,SON,55
-32.0,-51.79998779296875,15,16,S,Global q90,DJF,35
-32.0,-51.79998779296875,15,16,S,Global q90,MAM,70
-32.0,-51.79998779296875,15,16,S,Global q90,JJA,86
-32.0,-51.79998779296875,15,16,S,Global q90,SON,50
-32.0,-51.79998779296875,15,16,S,Seasonal q90,DJF,71
-32.0,-51.79998779296875,15,16,S,Seasonal q90,MAM,60
-32.0,-51.79998779296875,15,16,S,Seasonal q90,JJA,72
-32.0,-51.79998779296875,15,16,S,Seasonal q90,SON,54
-32.0,-51.600006103515625,15,17,S,Global q90,DJF,28
-32.0,-51.600006103515625,15,17,S,Global q90,MAM,71
-32.0,-51.600006103515625,15,17,S,Global q90,JJA,84
-32.0,-51.600006103515625,15,17,S,Global q90,SON,46
-32.0,-51.600006103515625,15,17,S,Seasonal q90,DJF,67
-32.0,-51.600006103515625,15,17,S,Seasonal q90,MAM,59
-32.0,-51.600006103515625,15,17,S,Seasonal q90,JJA,68
-32.0,-51.600006103515625,15,17,S,Seasonal q90,SON,49
-32.0,-51.399993896484375,15,18,S,Global q90,DJF,27
-32.0,-51.399993896484375,15,18,S,Global q90,MAM,70
-32.0,-51.399993896484375,15,18,S,Global q90,JJA,88
-32.0,-51.399993896484375,15,18,S,Global q90,SON,50
-32.0,-51.399993896484375,15,18,S,Seasonal q90,DJF,64
-32.0,-51.399993896484375,15,18,S,Seasonal q90,MAM,60
-32.0,-51.399993896484375,15,18,S,Seasonal q90,JJA,71
-32.0,-51.399993896484375,15,18,S,Seasonal q90,SON,53
-32.0,-51.20001220703125,15,19,S,Global q90,DJF,22
-32.0,-51.20001220703125,15,19,S,Global q90,MAM,71
-32.0,-51.20001220703125,15,19,S,Global q90,JJA,98
-32.0,-51.20001220703125,15,19,S,Global q90,SON,42
-32.0,-51.20001220703125,15,19,S,Seasonal q90,DJF,59
-32.0,-51.20001220703125,15,19,S,Seasonal q90,MAM,54
-32.0,-51.20001220703125,15,19,S,Seasonal q90,JJA,68
-32.0,-51.20001220703125,15,19,S,Seasonal q90,SON,53
-31.799999237060547,-51.399993896484375,16,18,S,Global q90,DJF,29
-31.799999237060547,-51.399993896484375,16,18,S,Global q90,MAM,72
-31.799999237060547,-51.399993896484375,16,18,S,Global q90,JJA,87
-31.799999237060547,-51.399993896484375,16,18,S,Global q90,SON,50
-31.799999237060547,-51.399993896484375,16,18,S,Seasonal q90,DJF,71
-31.799999237060547,-51.399993896484375,16,18,S,Seasonal q90,MAM,62
-31.799999237060547,-51.399993896484375,16,18,S,Seasonal q90,JJA,69
-31.799999237060547,-51.399993896484375,16,18,S,Seasonal q90,SON,47
-31.799999237060547,-51.20001220703125,16,19,S,Global q90,DJF,25
-31.799999237060547,-51.20001220703125,16,19,S,Global q90,MAM,69
-31.799999237060547,-51.20001220703125,16,19,S,Global q90,JJA,91
-31.799999237060547,-51.20001220703125,16,19,S,Global q90,SON,49
-31.799999237060547,-51.20001220703125,16,19,S,Seasonal q90,DJF,60
-31.799999237060547,-51.20001220703125,16,19,S,Seasonal q90,MAM,61
-31.799999237060547,-51.20001220703125,16,19,S,Seasonal q90,JJA,71
-31.799999237060547,-51.20001220703125,16,19,S,Seasonal q90,SON,52
-31.799999237060547,-51.0,16,20,S,Global q90,DJF,18
-31.799999237060547,-51.0,16,20,S,Global q90,MAM,69
-31.799999237060547,-51.0,16,20,S,Global q90,JJA,94
-31.799999237060547,-51.0,16,20,S,Global q90,SON,40
-31.799999237060547,-51.0,16,20,S,Seasonal q90,DJF,58
-31.799999237060547,-51.0,16,20,S,Seasonal q90,MAM,55
-31.799999237060547,-51.0,16,20,S,Seasonal q90,JJA,72
-31.799999237060547,-51.0,16,20,S,Seasonal q90,SON,51
-31.600000381469727,-51.20001220703125,17,19,S,Global q90,DJF,24
-31.600000381469727,-51.20001220703125,17,19,S,Global q90,MAM,72
-31.600000381469727,-51.20001220703125,17,19,S,Global q90,JJA,88
-31.600000381469727,-51.20001220703125,17,19,S,Global q90,SON,44
-31.600000381469727,-51.20001220703125,17,19,S,Seasonal q90,DJF,67
-31.600000381469727,-51.20001220703125,17,19,S,Seasonal q90,MAM,61
-31.600000381469727,-51.20001220703125,17,19,S,Seasonal q90,JJA,66
-31.600000381469727,-51.20001220703125,17,19,S,Seasonal q90,SON,50
-31.600000381469727,-51.0,17,20,S,Global q90,DJF,24
-31.600000381469727,-51.0,17,20,S,Global q90,MAM,68
-31.600000381469727,-51.0,17,20,S,Global q90,JJA,89
-31.600000381469727,-51.0,17,20,S,Global q90,SON,46
-31.600000381469727,-51.0,17,20,S,Seasonal q90,DJF,54
-31.600000381469727,-51.0,17,20,S,Seasonal q90,MAM,59
-31.600000381469727,-51.0,17,20,S,Seasonal q90,JJA,67
-31.600000381469727,-51.0,17,20,S,Seasonal q90,SON,46
-31.600000381469727,-50.79998779296875,17,21,S,Global q90,DJF,19
-31.600000381469727,-50.79998779296875,17,21,S,Global q90,MAM,67
-31.600000381469727,-50.79998779296875,17,21,S,Global q90,JJA,92
-31.600000381469727,-50.79998779296875,17,21,S,Global q90,SON,42
-31.600000381469727,-50.79998779296875,17,21,S,Seasonal q90,DJF,53
-31.600000381469727,-50.79998779296875,17,21,S,Seasonal q90,MAM,50
-31.600000381469727,-50.79998779296875,17,21,S,Seasonal q90,JJA,67
-31.600000381469727,-50.79998779296875,17,21,S,Seasonal q90,SON,48
-31.399999618530273,-50.79998779296875,18,21,S,Global q90,DJF,18
-31.399999618530273,-50.79998779296875,18,21,S,Global q90,MAM,61
-31.399999618530273,-50.79998779296875,18,21,S,Global q90,JJA,82
-31.399999618530273,-50.79998779296875,18,21,S,Global q90,SON,40
-31.399999618530273,-50.79998779296875,18,21,S,Seasonal q90,DJF,48
-31.399999618530273,-50.79998779296875,18,21,S,Seasonal q90,MAM,54
-31.399999618530273,-50.79998779296875,18,21,S,Seasonal q90,JJA,67
-31.399999618530273,-50.79998779296875,18,21,S,Seasonal q90,SON,44
-31.399999618530273,-50.600006103515625,18,22,S,Global q90,DJF,22
-31.399999618530273,-50.600006103515625,18,22,S,Global q90,MAM,59
-31.399999618530273,-50.600006103515625,18,22,S,Global q90,JJA,89
-31.399999618530273,-50.600006103515625,18,22,S,Global q90,SON,40
-31.399999618530273,-50.600006103515625,18,22,S,Seasonal q90,DJF,47
-31.399999618530273,-50.600006103515625,18,22,S,Seasonal q90,MAM,53
-31.399999618530273,-50.600006103515625,18,22,S,Seasonal q90,JJA,67
-31.399999618530273,-50.600006103515625,18,22,S,Seasonal q90,SON,46
-31.200000762939453,-50.79998779296875,19,21,S,Global q90,DJF,20
-31.200000762939453,-50.79998779296875,19,21,S,Global q90,MAM,64
-31.200000762939453,-50.79998779296875,19,21,S,Global q90,JJA,83
-31.200000762939453,-50.79998779296875,19,21,S,Global q90,SON,44
-31.200000762939453,-50.79998779296875,19,21,S,Seasonal q90,DJF,54
-31.200000762939453,-50.79998779296875,19,21,S,Seasonal q90,MAM,53
-31.200000762939453,-50.79998779296875,19,21,S,Seasonal q90,JJA,69
-31.200000762939453,-50.79998779296875,19,21,S,Seasonal q90,SON,48
-31.200000762939453,-50.600006103515625,19,22,S,Global q90,DJF,20
-31.200000762939453,-50.600006103515625,19,22,S,Global q90,MAM,66
-31.200000762939453,-50.600006103515625,19,22,S,Global q90,JJA,90
-31.200000762939453,-50.600006103515625,19,22,S,Global q90,SON,46
-31.200000762939453,-50.600006103515625,19,22,S,Seasonal q90,DJF,50
-31.200000762939453,-50.600006103515625,19,22,S,Seasonal q90,MAM,56
-31.200000762939453,-50.600006103515625,19,22,S,Seasonal q90,JJA,67
-31.200000762939453,-50.600006103515625,19,22,S,Seasonal q90,SON,49
-31.200000762939453,-50.399993896484375,19,23,S,Global q90,DJF,23
-31.200000762939453,-50.399993896484375,19,23,S,Global q90,MAM,60
-31.200000762939453,-50.399993896484375,19,23,S,Global q90,JJA,85
-31.200000762939453,-50.399993896484375,19,23,S,Global q90,SON,41
-31.200000762939453,-50.399993896484375,19,23,S,Seasonal q90,DJF,48
-31.200000762939453,-50.399993896484375,19,23,S,Seasonal q90,MAM,51
-31.200000762939453,-50.399993896484375,19,23,S,Seasonal q90,JJA,62
-31.200000762939453,-50.399993896484375,19,23,S,Seasonal q90,SON,51
-31.0,-50.600006103515625,20,22,S,Global q90,DJF,16
-31.0,-50.600006103515625,20,22,S,Global q90,MAM,61
-31.0,-50.600006103515625,20,22,S,Global q90,JJA,77
-31.0,-50.600006103515625,20,22,S,Global q90,SON,41
-31.0,-50.600006103515625,20,22,S,Seasonal q90,DJF,46
-31.0,-50.600006103515625,20,22,S,Seasonal q90,MAM,49
-31.0,-50.600006103515625,20,22,S,Seasonal q90,JJA,63
-31.0,-50.600006103515625,20,22,S,Seasonal q90,SON,44
-31.0,-50.399993896484375,20,23,S,Global q90,DJF,22
-31.0,-50.399993896484375,20,23,S,Global q90,MAM,66
-31.0,-50.399993896484375,20,23,S,Global q90,JJA,89
-31.0,-50.399993896484375,20,23,S,Global q90,SON,45
-31.0,-50.399993896484375,20,23,S,Seasonal q90,DJF,49
-31.0,-50.399993896484375,20,23,S,Seasonal q90,MAM,56
-31.0,-50.399993896484375,20,23,S,Seasonal q90,JJA,65
-31.0,-50.399993896484375,20,23,S,Seasonal q90,SON,46
-31.0,-50.20001220703125,20,24,S,Global q90,DJF,23
-31.0,-50.20001220703125,20,24,S,Global q90,MAM,59
-31.0,-50.20001220703125,20,24,S,Global q90,JJA,83
-31.0,-50.20001220703125,20,24,S,Global q90,SON,40
-31.0,-50.20001220703125,20,24,S,Seasonal q90,DJF,45
-31.0,-50.20001220703125,20,24,S,Seasonal q90,MAM,49
-31.0,-50.20001220703125,20,24,S,Seasonal q90,JJA,62
-31.0,-50.20001220703125,20,24,S,Seasonal q90,SON,48
-30.799999237060547,-50.399993896484375,21,23,S,Global q90,DJF,20
-30.799999237060547,-50.399993896484375,21,23,S,Global q90,MAM,61
-30.799999237060547,-50.399993896484375,21,23,S,Global q90,JJA,81
-30.799999237060547,-50.399993896484375,21,23,S,Global q90,SON,45
-30.799999237060547,-50.399993896484375,21,23,S,Seasonal q90,DJF,45
-30.799999237060547,-50.399993896484375,21,23,S,Seasonal q90,MAM,52
-30.799999237060547,-50.399993896484375,21,23,S,Seasonal q90,JJA,65
-30.799999237060547,-50.399993896484375,21,23,S,Seasonal q90,SON,44
-30.799999237060547,-50.20001220703125,21,24,S,Global q90,DJF,22
-30.799999237060547,-50.20001220703125,21,24,S,Global q90,MAM,64
-30.799999237060547,-50.20001220703125,21,24,S,Global q90,JJA,94
-30.799999237060547,-50.20001220703125,21,24,S,Global q90,SON,42
-30.799999237060547,-50.20001220703125,21,24,S,Seasonal q90,DJF,46
-30.799999237060547,-50.20001220703125,21,24,S,Seasonal q90,MAM,54
-30.799999237060547,-50.20001220703125,21,24,S,Seasonal q90,JJA,63
-30.799999237060547,-50.20001220703125,21,24,S,Seasonal q90,SON,47
-30.600000381469727,-50.399993896484375,22,23,S,Global q90,DJF,10
-30.600000381469727,-50.399993896484375,22,23,S,Global q90,MAM,39
-30.600000381469727,-50.399993896484375,22,23,S,Global q90,JJA,47
-30.600000381469727,-50.399993896484375,22,23,S,Global q90,SON,26
-30.600000381469727,-50.399993896484375,22,23,S,Seasonal q90,DJF,27
-30.600000381469727,-50.399993896484375,22,23,S,Seasonal q90,MAM,34
-30.600000381469727,-50.399993896484375,22,23,S,Seasonal q90,JJA,39
-30.600000381469727,-50.399993896484375,22,23,S,Seasonal q90,SON,24
-30.600000381469727,-50.20001220703125,22,24,S,Global q90,DJF,18
-30.600000381469727,-50.20001220703125,22,24,S,Global q90,MAM,59
-30.600000381469727,-50.20001220703125,22,24,S,Global q90,JJA,80
-30.600000381469727,-50.20001220703125,22,24,S,Global q90,SON,41
-30.600000381469727,-50.20001220703125,22,24,S,Seasonal q90,DJF,42
-30.600000381469727,-50.20001220703125,22,24,S,Seasonal q90,MAM,51
-30.600000381469727,-50.20001220703125,22,24,S,Seasonal q90,JJA,62
-30.600000381469727,-50.20001220703125,22,24,S,Seasonal q90,SON,39
-30.600000381469727,-50.0,22,25,S,Global q90,DJF,18
-30.600000381469727,-50.0,22,25,S,Global q90,MAM,61
-30.600000381469727,-50.0,22,25,S,Global q90,JJA,95
-30.600000381469727,-50.0,22,25,S,Global q90,SON,42
-30.600000381469727,-50.0,22,25,S,Seasonal q90,DJF,45
-30.600000381469727,-50.0,22,25,S,Seasonal q90,MAM,52
-30.600000381469727,-50.0,22,25,S,Seasonal q90,JJA,60
-30.600000381469727,-50.0,22,25,S,Seasonal q90,SON,47
-30.399999618530273,-50.20001220703125,23,24,S,Global q90,DJF,10
-30.399999618530273,-50.20001220703125,23,24,S,Global q90,MAM,48
-30.399999618530273,-50.20001220703125,23,24,S,Global q90,JJA,63
-30.399999618530273,-50.20001220703125,23,24,S,Global q90,SON,31
-30.399999618530273,-50.20001220703125,23,24,S,Seasonal q90,DJF,33
-30.399999618530273,-50.20001220703125,23,24,S,Seasonal q90,MAM,45
-30.399999618530273,-50.20001220703125,23,24,S,Seasonal q90,JJA,50
-30.399999618530273,-50.20001220703125,23,24,S,Seasonal q90,SON,30
-30.399999618530273,-50.0,23,25,S,Global q90,DJF,19
-30.399999618530273,-50.0,23,25,S,Global q90,MAM,62
-30.399999618530273,-50.0,23,25,S,Global q90,JJA,86
-30.399999618530273,-50.0,23,25,S,Global q90,SON,43
-30.399999618530273,-50.0,23,25,S,Seasonal q90,DJF,45
-30.399999618530273,-50.0,23,25,S,Seasonal q90,MAM,51
-30.399999618530273,-50.0,23,25,S,Seasonal q90,JJA,65
-30.399999618530273,-50.0,23,25,S,Seasonal q90,SON,40
-30.399999618530273,-49.79998779296875,23,26,S,Global q90,DJF,20
-30.399999618530273,-49.79998779296875,23,26,S,Global q90,MAM,60
-30.399999618530273,-49.79998779296875,23,26,S,Global q90,JJA,92
-30.399999618530273,-49.79998779296875,23,26,S,Global q90,SON,42
-30.399999618530273,-49.79998779296875,23,26,S,Seasonal q90,DJF,45
-30.399999618530273,-49.79998779296875,23,26,S,Seasonal q90,MAM,51
-30.399999618530273,-49.79998779296875,23,26,S,Seasonal q90,JJA,63
-30.399999618530273,-49.79998779296875,23,26,S,Seasonal q90,SON,48
-30.200000762939453,-50.0,24,25,S,Global q90,DJF,13
-30.200000762939453,-50.0,24,25,S,Global q90,MAM,53
-30.200000762939453,-50.0,24,25,S,Global q90,JJA,67
-30.200000762939453,-50.0,24,25,S,Global q90,SON,32
-30.200000762939453,-50.0,24,25,S,Seasonal q90,DJF,41
-30.200000762939453,-50.0,24,25,S,Seasonal q90,MAM,47
-30.200000762939453,-50.0,24,25,S,Seasonal q90,JJA,55
-30.200000762939453,-50.0,24,25,S,Seasonal q90,SON,33
-30.200000762939453,-49.79998779296875,24,26,S,Global q90,DJF,18
-30.200000762939453,-49.79998779296875,24,26,S,Global q90,MAM,58
-30.200000762939453,-49.79998779296875,24,26,S,Global q90,JJA,87
-30.200000762939453,-49.79998779296875,24,26,S,Global q90,SON,45
-30.200000762939453,-49.79998779296875,24,26,S,Seasonal q90,DJF,45
-30.200000762939453,-49.79998779296875,24,26,S,Seasonal q90,MAM,49
-30.200000762939453,-49.79998779296875,24,26,S,Seasonal q90,JJA,63
-30.200000762939453,-49.79998779296875,24,26,S,Seasonal q90,SON,42
-30.0,-50.0,25,25,S,Global q90,DJF,8
-30.0,-50.0,25,25,S,Global q90,MAM,40
-30.0,-50.0,25,25,S,Global q90,JJA,57
-30.0,-50.0,25,25,S,Global q90,SON,26
-30.0,-50.0,25,25,S,Seasonal q90,DJF,26
-30.0,-50.0,25,25,S,Seasonal q90,MAM,33
-30.0,-50.0,25,25,S,Seasonal q90,JJA,43
-30.0,-50.0,25,25,S,Seasonal q90,SON,27
-30.0,-49.79998779296875,25,26,S,Global q90,DJF,15
-30.0,-49.79998779296875,25,26,S,Global q90,MAM,60
-30.0,-49.79998779296875,25,26,S,Global q90,JJA,83
-30.0,-49.79998779296875,25,26,S,Global q90,SON,42
-30.0,-49.79998779296875,25,26,S,Seasonal q90,DJF,44
-30.0,-49.79998779296875,25,26,S,Seasonal q90,MAM,52
-30.0,-49.79998779296875,25,26,S,Seasonal q90,JJA,61
-30.0,-49.79998779296875,25,26,S,Seasonal q90,SON,37
-29.799999237060547,-49.79998779296875,26,26,S,Global q90,DJF,13
-29.799999237060547,-49.79998779296875,26,26,S,Global q90,MAM,62
-29.799999237060547,-49.79998779296875,26,26,S,Global q90,JJA,81
-29.799999237060547,-49.79998779296875,26,26,S,Global q90,SON,39
-29.799999237060547,-49.79998779296875,26,26,S,Seasonal q90,DJF,42
-29.799999237060547,-49.79998779296875,26,26,S,Seasonal q90,MAM,52
-29.799999237060547,-49.79998779296875,26,26,S,Seasonal q90,JJA,58
-29.799999237060547,-49.79998779296875,26,26,S,Seasonal q90,SON,39
-29.799999237060547,-49.600006103515625,26,27,S,Global q90,DJF,16
-29.799999237060547,-49.600006103515625,26,27,S,Global q90,MAM,64
-29.799999237060547,-49.600006103515625,26,27,S,Global q90,JJA,99
-29.799999237060547,-49.600006103515625,26,27,S,Global q90,SON,47
-29.799999237060547,-49.600006103515625,26,27,S,Seasonal q90,DJF,45
-29.799999237060547,-49.600006103515625,26,27,S,Seasonal q90,MAM,54
-29.799999237060547,-49.600006103515625,26,27,S,Seasonal q90,JJA,67
-29.799999237060547,-49.600006103515625,26,27,S,Seasonal q90,SON,49
-29.600000381469727,-49.79998779296875,27,26,S,Global q90,DJF,10
-29.600000381469727,-49.79998779296875,27,26,S,Global q90,MAM,50
-29.600000381469727,-49.79998779296875,27,26,S,Global q90,JJA,71
-29.600000381469727,-49.79998779296875,27,26,S,Global q90,SON,37
-29.600000381469727,-49.79998779296875,27,26,S,Seasonal q90,DJF,37
-29.600000381469727,-49.79998779296875,27,26,S,Seasonal q90,MAM,43
-29.600000381469727,-49.79998779296875,27,26,S,Seasonal q90,JJA,53
-29.600000381469727,-49.79998779296875,27,26,S,Seasonal q90,SON,34
-29.600000381469727,-49.600006103515625,27,27,S,Global q90,DJF,17
-29.600000381469727,-49.600006103515625,27,27,S,Global q90,MAM,63
-29.600000381469727,-49.600006103515625,27,27,S,Global q90,JJA,89
-29.600000381469727,-49.600006103515625,27,27,S,Global q90,SON,46
-29.600000381469727,-49.600006103515625,27,27,S,Seasonal q90,DJF,45
-29.600000381469727,-49.600006103515625,27,27,S,Seasonal q90,MAM,56
-29.600000381469727,-49.600006103515625,27,27,S,Seasonal q90,JJA,62
-29.600000381469727,-49.600006103515625,27,27,S,Seasonal q90,SON,49
-29.600000381469727,-49.399993896484375,27,28,S,Global q90,DJF,18
-29.600000381469727,-49.399993896484375,27,28,S,Global q90,MAM,67
-29.600000381469727,-49.399993896484375,27,28,S,Global q90,JJA,100
-29.600000381469727,-49.399993896484375,27,28,S,Global q90,SON,48
-29.600000381469727,-49.399993896484375,27,28,S,Seasonal q90,DJF,50
-29.600000381469727,-49.399993896484375,27,28,S,Seasonal q90,MAM,55
-29.600000381469727,-49.399993896484375,27,28,S,Seasonal q90,JJA,69
-29.600000381469727,-49.399993896484375,27,28,S,Seasonal q90,SON,55
-29.399999618530273,-49.600006103515625,28,27,S,Global q90,DJF,16
-29.399999618530273,-49.600006103515625,28,27,S,Global q90,MAM,61
-29.399999618530273,-49.600006103515625,28,27,S,Global q90,JJA,73
-29.399999618530273,-49.600006103515625,28,27,S,Global q90,SON,42
-29.399999618530273,-49.600006103515625,28,27,S,Seasonal q90,DJF,46
-29.399999618530273,-49.600006103515625,28,27,S,Seasonal q90,MAM,52
-29.399999618530273,-49.600006103515625,28,27,S,Seasonal q90,JJA,56
-29.399999618530273,-49.600006103515625,28,27,S,Seasonal q90,SON,46
-29.399999618530273,-49.399993896484375,28,28,S,Global q90,DJF,18
-29.399999618530273,-49.399993896484375,28,28,S,Global q90,MAM,68
-29.399999618530273,-49.399993896484375,28,28,S,Global q90,JJA,96
-29.399999618530273,-49.399993896484375,28,28,S,Global q90,SON,49
-29.399999618530273,-49.399993896484375,28,28,S,Seasonal q90,DJF,51
-29.399999618530273,-49.399993896484375,28,28,S,Seasonal q90,MAM,59
-29.399999618530273,-49.399993896484375,28,28,S,Seasonal q90,JJA,63
-29.399999618530273,-49.399993896484375,28,28,S,Seasonal q90,SON,55
-29.399999618530273,-49.20001220703125,28,29,S,Global q90,DJF,18
-29.399999618530273,-49.20001220703125,28,29,S,Global q90,MAM,68
-29.399999618530273,-49.20001220703125,28,29,S,Global q90,JJA,101
-29.399999618530273,-49.20001220703125,28,29,S,Global q90,SON,55
-29.399999618530273,-49.20001220703125,28,29,S,Seasonal q90,DJF,52
-29.399999618530273,-49.20001220703125,28,29,S,Seasonal q90,MAM,56
-29.399999618530273,-49.20001220703125,28,29,S,Seasonal q90,JJA,69
-29.399999618530273,-49.20001220703125,28,29,S,Seasonal q90,SON,60
-29.200000762939453,-49.399993896484375,29,28,S,Global q90,DJF,18
-29.200000762939453,-49.399993896484375,29,28,S,Global q90,MAM,71
-29.200000762939453,-49.399993896484375,29,28,S,Global q90,JJA,91
-29.200000762939453,-49.399993896484375,29,28,S,Global q90,SON,47
-29.200000762939453,-49.399993896484375,29,28,S,Seasonal q90,DJF,49
-29.200000762939453,-49.399993896484375,29,28,S,Seasonal q90,MAM,55
-29.200000762939453,-49.399993896484375,29,28,S,Seasonal q90,JJA,62
-29.200000762939453,-49.399993896484375,29,28,S,Seasonal q90,SON,50
-29.200000762939453,-49.20001220703125,29,29,S,Global q90,DJF,19
-29.200000762939453,-49.20001220703125,29,29,S,Global q90,MAM,72
-29.200000762939453,-49.20001220703125,29,29,S,Global q90,JJA,102
-29.200000762939453,-49.20001220703125,29,29,S,Global q90,SON,55
-29.200000762939453,-49.20001220703125,29,29,S,Seasonal q90,DJF,53
-29.200000762939453,-49.20001220703125,29,29,S,Seasonal q90,MAM,61
-29.200000762939453,-49.20001220703125,29,29,S,Seasonal q90,JJA,70
-29.200000762939453,-49.20001220703125,29,29,S,Seasonal q90,SON,60
-29.200000762939453,-49.0,29,30,S,Global q90,DJF,18
-29.200000762939453,-49.0,29,30,S,Global q90,MAM,69
-29.200000762939453,-49.0,29,30,S,Global q90,JJA,100
-29.200000762939453,-49.0,29,30,S,Global q90,SON,56
-29.200000762939453,-49.0,29,30,S,Seasonal q90,DJF,52
-29.200000762939453,-49.0,29,30,S,Seasonal q90,MAM,59
-29.200000762939453,-49.0,29,30,S,Seasonal q90,JJA,69
-29.200000762939453,-49.0,29,30,S,Seasonal q90,SON,63
-29.0,-49.399993896484375,30,28,S,Global q90,DJF,17
-29.0,-49.399993896484375,30,28,S,Global q90,MAM,63
-29.0,-49.399993896484375,30,28,S,Global q90,JJA,76
-29.0,-49.399993896484375,30,28,S,Global q90,SON,47
-29.0,-49.399993896484375,30,28,S,Seasonal q90,DJF,45
-29.0,-49.399993896484375,30,28,S,Seasonal q90,MAM,45
-29.0,-49.399993896484375,30,28,S,Seasonal q90,JJA,50
-29.0,-49.399993896484375,30,28,S,Seasonal q90,SON,45
-29.0,-49.20001220703125,30,29,S,Global q90,DJF,20
-29.0,-49.20001220703125,30,29,S,Global q90,MAM,74
-29.0,-49.20001220703125,30,29,S,Global q90,JJA,104
-29.0,-49.20001220703125,30,29,S,Global q90,SON,56
-29.0,-49.20001220703125,30,29,S,Seasonal q90,DJF,58
-29.0,-49.20001220703125,30,29,S,Seasonal q90,MAM,60
-29.0,-49.20001220703125,30,29,S,Seasonal q90,JJA,69
-29.0,-49.20001220703125,30,29,S,Seasonal q90,SON,63
-29.0,-49.0,30,30,S,Global q90,DJF,19
-29.0,-49.0,30,30,S,Global q90,MAM,73
-29.0,-49.0,30,30,S,Global q90,JJA,105
-29.0,-49.0,30,30,S,Global q90,SON,54
-29.0,-49.0,30,30,S,Seasonal q90,DJF,56
-29.0,-49.0,30,30,S,Seasonal q90,MAM,62
-29.0,-49.0,30,30,S,Seasonal q90,JJA,71
-29.0,-49.0,30,30,S,Seasonal q90,SON,67
-29.0,-48.79998779296875,30,31,S,Global q90,DJF,18
-29.0,-48.79998779296875,30,31,S,Global q90,MAM,70
-29.0,-48.79998779296875,30,31,S,Global q90,JJA,97
-29.0,-48.79998779296875,30,31,S,Global q90,SON,57
-29.0,-48.79998779296875,30,31,S,Seasonal q90,DJF,53
-29.0,-48.79998779296875,30,31,S,Seasonal q90,MAM,58
-29.0,-48.79998779296875,30,31,S,Seasonal q90,JJA,67
-29.0,-48.79998779296875,30,31,S,Seasonal q90,SON,66
-29.0,-48.600006103515625,30,32,S,Global q90,DJF,20
-29.0,-48.600006103515625,30,32,S,Global q90,MAM,65
-29.0,-48.600006103515625,30,32,S,Global q90,JJA,82
-29.0,-48.600006103515625,30,32,S,Global q90,SON,50
-29.0,-48.600006103515625,30,32,S,Seasonal q90,DJF,43
-29.0,-48.600006103515625,30,32,S,Seasonal q90,MAM,51
-29.0,-48.600006103515625,30,32,S,Seasonal q90,JJA,64
-29.0,-48.600006103515625,30,32,S,Seasonal q90,SON,62
-28.799999237060547,-49.0,31,30,S,Global q90,DJF,22
-28.799999237060547,-49.0,31,30,S,Global q90,MAM,80
-28.799999237060547,-49.0,31,30,S,Global q90,JJA,107
-28.799999237060547,-49.0,31,30,S,Global q90,SON,59
-28.799999237060547,-49.0,31,30,S,Seasonal q90,DJF,59
-28.799999237060547,-49.0,31,30,S,Seasonal q90,MAM,64
-28.799999237060547,-49.0,31,30,S,Seasonal q90,JJA,76
-28.799999237060547,-49.0,31,30,S,Seasonal q90,SON,72
-28.799999237060547,-48.79998779296875,31,31,S,Global q90,DJF,19
-28.799999237060547,-48.79998779296875,31,31,S,Global q90,MAM,77
-28.799999237060547,-48.79998779296875,31,31,S,Global q90,JJA,107
-28.799999237060547,-48.79998779296875,31,31,S,Global q90,SON,55
-28.799999237060547,-48.79998779296875,31,31,S,Seasonal q90,DJF,57
-28.799999237060547,-48.79998779296875,31,31,S,Seasonal q90,MAM,64
-28.799999237060547,-48.79998779296875,31,31,S,Seasonal q90,JJA,76
-28.799999237060547,-48.79998779296875,31,31,S,Seasonal q90,SON,69
-28.799999237060547,-48.600006103515625,31,32,S,Global q90,DJF,20
-28.799999237060547,-48.600006103515625,31,32,S,Global q90,MAM,67
-28.799999237060547,-48.600006103515625,31,32,S,Global q90,JJA,98
-28.799999237060547,-48.600006103515625,31,32,S,Global q90,SON,58
-28.799999237060547,-48.600006103515625,31,32,S,Seasonal q90,DJF,53
-28.799999237060547,-48.600006103515625,31,32,S,Seasonal q90,MAM,59
-28.799999237060547,-48.600006103515625,31,32,S,Seasonal q90,JJA,71
-28.799999237060547,-48.600006103515625,31,32,S,Seasonal q90,SON,67
-28.799999237060547,-48.399993896484375,31,33,S,Global q90,DJF,16
-28.799999237060547,-48.399993896484375,31,33,S,Global q90,MAM,61
-28.799999237060547,-48.399993896484375,31,33,S,Global q90,JJA,80
-28.799999237060547,-48.399993896484375,31,33,S,Global q90,SON,49
-28.799999237060547,-48.399993896484375,31,33,S,Seasonal q90,DJF,42
-28.799999237060547,-48.399993896484375,31,33,S,Seasonal q90,MAM,48
-28.799999237060547,-48.399993896484375,31,33,S,Seasonal q90,JJA,63
-28.799999237060547,-48.399993896484375,31,33,S,Seasonal q90,SON,61
-28.600000381469727,-48.79998779296875,32,31,S,Global q90,DJF,22
-28.600000381469727,-48.79998779296875,32,31,S,Global q90,MAM,83
-28.600000381469727,-48.79998779296875,32,31,S,Global q90,JJA,111
-28.600000381469727,-48.79998779296875,32,31,S,Global q90,SON,61
-28.600000381469727,-48.79998779296875,32,31,S,Seasonal q90,DJF,62
-28.600000381469727,-48.79998779296875,32,31,S,Seasonal q90,MAM,68
-28.600000381469727,-48.79998779296875,32,31,S,Seasonal q90,JJA,80
-28.600000381469727,-48.79998779296875,32,31,S,Seasonal q90,SON,73
-28.600000381469727,-48.600006103515625,32,32,S,Global q90,DJF,23
-28.600000381469727,-48.600006103515625,32,32,S,Global q90,MAM,74
-28.600000381469727,-48.600006103515625,32,32,S,Global q90,JJA,100
-28.600000381469727,-48.600006103515625,32,32,S,Global q90,SON,58
-28.600000381469727,-48.600006103515625,32,32,S,Seasonal q90,DJF,56
-28.600000381469727,-48.600006103515625,32,32,S,Seasonal q90,MAM,60
-28.600000381469727,-48.600006103515625,32,32,S,Seasonal q90,JJA,75
-28.600000381469727,-48.600006103515625,32,32,S,Seasonal q90,SON,69
-28.600000381469727,-48.399993896484375,32,33,S,Global q90,DJF,18
-28.600000381469727,-48.399993896484375,32,33,S,Global q90,MAM,64
-28.600000381469727,-48.399993896484375,32,33,S,Global q90,JJA,85
-28.600000381469727,-48.399993896484375,32,33,S,Global q90,SON,54
-28.600000381469727,-48.399993896484375,32,33,S,Seasonal q90,DJF,50
-28.600000381469727,-48.399993896484375,32,33,S,Seasonal q90,MAM,54
-28.600000381469727,-48.399993896484375,32,33,S,Seasonal q90,JJA,69
-28.600000381469727,-48.399993896484375,32,33,S,Seasonal q90,SON,68
-28.399999618530273,-48.600006103515625,33,32,S,Global q90,DJF,20
-28.399999618530273,-48.600006103515625,33,32,S,Global q90,MAM,73
-28.399999618530273,-48.600006103515625,33,32,S,Global q90,JJA,99
-28.399999618530273,-48.600006103515625,33,32,S,Global q90,SON,56
-28.399999618530273,-48.600006103515625,33,32,S,Seasonal q90,DJF,52
-28.399999618530273,-48.600006103515625,33,32,S,Seasonal q90,MAM,63
-28.399999618530273,-48.600006103515625,33,32,S,Seasonal q90,JJA,68
-28.399999618530273,-48.600006103515625,33,32,S,Seasonal q90,SON,59
-28.399999618530273,-48.399993896484375,33,33,S,Global q90,DJF,17
-28.399999618530273,-48.399993896484375,33,33,S,Global q90,MAM,69
-28.399999618530273,-48.399993896484375,33,33,S,Global q90,JJA,95
-28.399999618530273,-48.399993896484375,33,33,S,Global q90,SON,60
-28.399999618530273,-48.399993896484375,33,33,S,Seasonal q90,DJF,52
-28.399999618530273,-48.399993896484375,33,33,S,Seasonal q90,MAM,60
-28.399999618530273,-48.399993896484375,33,33,S,Seasonal q90,JJA,67
-28.399999618530273,-48.399993896484375,33,33,S,Seasonal q90,SON,66
-28.200000762939453,-48.600006103515625,34,32,S,Global q90,DJF,18
-28.200000762939453,-48.600006103515625,34,32,S,Global q90,MAM,61
-28.200000762939453,-48.600006103515625,34,32,S,Global q90,JJA,80
-28.200000762939453,-48.600006103515625,34,32,S,Global q90,SON,52
-28.200000762939453,-48.600006103515625,34,32,S,Seasonal q90,DJF,50
-28.200000762939453,-48.600006103515625,34,32,S,Seasonal q90,MAM,51
-28.200000762939453,-48.600006103515625,34,32,S,Seasonal q90,JJA,54
-28.200000762939453,-48.600006103515625,34,32,S,Seasonal q90,SON,45
-28.200000762939453,-48.399993896484375,34,33,S,Global q90,DJF,19
-28.200000762939453,-48.399993896484375,34,33,S,Global q90,MAM,72
-28.200000762939453,-48.399993896484375,34,33,S,Global q90,JJA,96
-28.200000762939453,-48.399993896484375,34,33,S,Global q90,SON,58
-28.200000762939453,-48.399993896484375,34,33,S,Seasonal q90,DJF,51
-28.200000762939453,-48.399993896484375,34,33,S,Seasonal q90,MAM,59
-28.200000762939453,-48.399993896484375,34,33,S,Seasonal q90,JJA,69
-28.200000762939453,-48.399993896484375,34,33,S,Seasonal q90,SON,63
-28.200000762939453,-48.20001220703125,34,34,S,Global q90,DJF,17
-28.200000762939453,-48.20001220703125,34,34,S,Global q90,MAM,61
-28.200000762939453,-48.20001220703125,34,34,S,Global q90,JJA,84
-28.200000762939453,-48.20001220703125,34,34,S,Global q90,SON,58
-28.200000762939453,-48.20001220703125,34,34,S,Seasonal q90,DJF,43
-28.200000762939453,-48.20001220703125,34,34,S,Seasonal q90,MAM,52
-28.200000762939453,-48.20001220703125,34,34,S,Seasonal q90,JJA,63
-28.200000762939453,-48.20001220703125,34,34,S,Seasonal q90,SON,64
-28.0,-48.399993896484375,35,33,S,Global q90,DJF,19
-28.0,-48.399993896484375,35,33,S,Global q90,MAM,72
-28.0,-48.399993896484375,35,33,S,Global q90,JJA,94
-28.0,-48.399993896484375,35,33,S,Global q90,SON,58
-28.0,-48.399993896484375,35,33,S,Seasonal q90,DJF,48
-28.0,-48.399993896484375,35,33,S,Seasonal q90,MAM,57
-28.0,-48.399993896484375,35,33,S,Seasonal q90,JJA,69
-28.0,-48.399993896484375,35,33,S,Seasonal q90,SON,60
-28.0,-48.20001220703125,35,34,S,Global q90,DJF,18
-28.0,-48.20001220703125,35,34,S,Global q90,MAM,67
-28.0,-48.20001220703125,35,34,S,Global q90,JJA,87
-28.0,-48.20001220703125,35,34,S,Global q90,SON,57
-28.0,-48.20001220703125,35,34,S,Seasonal q90,DJF,46
-28.0,-48.20001220703125,35,34,S,Seasonal q90,MAM,55
-28.0,-48.20001220703125,35,34,S,Seasonal q90,JJA,67
-28.0,-48.20001220703125,35,34,S,Seasonal q90,SON,63
-27.799999237060547,-48.399993896484375,36,33,S,Global q90,DJF,17
-27.799999237060547,-48.399993896484375,36,33,S,Global q90,MAM,63
-27.799999237060547,-48.399993896484375,36,33,S,Global q90,JJA,83
-27.799999237060547,-48.399993896484375,36,33,S,Global q90,SON,57
-27.799999237060547,-48.399993896484375,36,33,S,Seasonal q90,DJF,52
-27.799999237060547,-48.399993896484375,36,33,S,Seasonal q90,MAM,52
-27.799999237060547,-48.399993896484375,36,33,S,Seasonal q90,JJA,59
-27.799999237060547,-48.399993896484375,36,33,S,Seasonal q90,SON,53
-27.799999237060547,-48.20001220703125,36,34,S,Global q90,DJF,19
-27.799999237060547,-48.20001220703125,36,34,S,Global q90,MAM,67
-27.799999237060547,-48.20001220703125,36,34,S,Global q90,JJA,86
-27.799999237060547,-48.20001220703125,36,34,S,Global q90,SON,59
-27.799999237060547,-48.20001220703125,36,34,S,Seasonal q90,DJF,47
-27.799999237060547,-48.20001220703125,36,34,S,Seasonal q90,MAM,55
-27.799999237060547,-48.20001220703125,36,34,S,Seasonal q90,JJA,67
-27.799999237060547,-48.20001220703125,36,34,S,Seasonal q90,SON,61
-27.600000381469727,-48.399993896484375,37,33,S,Global q90,DJF,19
-27.600000381469727,-48.399993896484375,37,33,S,Global q90,MAM,51
-27.600000381469727,-48.399993896484375,37,33,S,Global q90,JJA,70
-27.600000381469727,-48.399993896484375,37,33,S,Global q90,SON,54
-27.600000381469727,-48.399993896484375,37,33,S,Seasonal q90,DJF,48
-27.600000381469727,-48.399993896484375,37,33,S,Seasonal q90,MAM,41
-27.600000381469727,-48.399993896484375,37,33,S,Seasonal q90,JJA,59
-27.600000381469727,-48.399993896484375,37,33,S,Seasonal q90,SON,50
-27.600000381469727,-48.20001220703125,37,34,S,Global q90,DJF,22
-27.600000381469727,-48.20001220703125,37,34,S,Global q90,MAM,58
-27.600000381469727,-48.20001220703125,37,34,S,Global q90,JJA,79
-27.600000381469727,-48.20001220703125,37,34,S,Global q90,SON,61
-27.600000381469727,-48.20001220703125,37,34,S,Seasonal q90,DJF,46
-27.600000381469727,-48.20001220703125,37,34,S,Seasonal q90,MAM,53
-27.600000381469727,-48.20001220703125,37,34,S,Seasonal q90,JJA,60
-27.600000381469727,-48.20001220703125,37,34,S,Seasonal q90,SON,58
-27.600000381469727,-48.0,37,35,S,Global q90,DJF,18
-27.600000381469727,-48.0,37,35,S,Global q90,MAM,59
-27.600000381469727,-48.0,37,35,S,Global q90,JJA,71
-27.600000381469727,-48.0,37,35,S,Global q90,SON,58
-27.600000381469727,-48.0,37,35,S,Seasonal q90,DJF,40
-27.600000381469727,-48.0,37,35,S,Seasonal q90,MAM,49
-27.600000381469727,-48.0,37,35,S,Seasonal q90,JJA,61
-27.600000381469727,-48.0,37,35,S,Seasonal q90,SON,55
-27.399999618530273,-48.399993896484375,38,33,S,Global q90,DJF,20
-27.399999618530273,-48.399993896484375,38,33,S,Global q90,MAM,41
-27.399999618530273,-48.399993896484375,38,33,S,Global q90,JJA,54
-27.399999618530273,-48.399993896484375,38,33,S,Global q90,SON,48
-27.399999618530273,-48.399993896484375,38,33,S,Seasonal q90,DJF,47
-27.399999618530273,-48.399993896484375,38,33,S,Seasonal q90,MAM,36
-27.399999618530273,-48.399993896484375,38,33,S,Seasonal q90,JJA,49
-27.399999618530273,-48.399993896484375,38,33,S,Seasonal q90,SON,45
-27.399999618530273,-48.20001220703125,38,34,S,Global q90,DJF,21
-27.399999618530273,-48.20001220703125,38,34,S,Global q90,MAM,51
-27.399999618530273,-48.20001220703125,38,34,S,Global q90,JJA,67
-27.399999618530273,-48.20001220703125,38,34,S,Global q90,SON,58
-27.399999618530273,-48.20001220703125,38,34,S,Seasonal q90,DJF,46
-27.399999618530273,-48.20001220703125,38,34,S,Seasonal q90,MAM,42
-27.399999618530273,-48.20001220703125,38,34,S,Seasonal q90,JJA,54
-27.399999618530273,-48.20001220703125,38,34,S,Seasonal q90,SON,54
-27.399999618530273,-48.0,38,35,S,Global q90,DJF,21
-27.399999618530273,-48.0,38,35,S,Global q90,MAM,56
-27.399999618530273,-48.0,38,35,S,Global q90,JJA,73
-27.399999618530273,-48.0,38,35,S,Global q90,SON,60
-27.399999618530273,-48.0,38,35,S,Seasonal q90,DJF,42
-27.399999618530273,-48.0,38,35,S,Seasonal q90,MAM,45
-27.399999618530273,-48.0,38,35,S,Seasonal q90,JJA,58
-27.399999618530273,-48.0,38,35,S,Seasonal q90,SON,57
-27.200000762939453,-48.399993896484375,39,33,S,Global q90,DJF,22
-27.200000762939453,-48.399993896484375,39,33,S,Global q90,MAM,33
-27.200000762939453,-48.399993896484375,39,33,S,Global q90,JJA,44
-27.200000762939453,-48.399993896484375,39,33,S,Global q90,SON,50
-27.200000762939453,-48.399993896484375,39,33,S,Seasonal q90,DJF,46
-27.200000762939453,-48.399993896484375,39,33,S,Seasonal q90,MAM,32
-27.200000762939453,-48.399993896484375,39,33,S,Seasonal q90,JJA,48
-27.200000762939453,-48.399993896484375,39,33,S,Seasonal q90,SON,41
-27.200000762939453,-48.20001220703125,39,34,S,Global q90,DJF,22
-27.200000762939453,-48.20001220703125,39,34,S,Global q90,MAM,42
-27.200000762939453,-48.20001220703125,39,34,S,Global q90,JJA,61
-27.200000762939453,-48.20001220703125,39,34,S,Global q90,SON,56
-27.200000762939453,-48.20001220703125,39,34,S,Seasonal q90,DJF,43
-27.200000762939453,-48.20001220703125,39,34,S,Seasonal q90,MAM,35
-27.200000762939453,-48.20001220703125,39,34,S,Seasonal q90,JJA,53
-27.200000762939453,-48.20001220703125,39,34,S,Seasonal q90,SON,51
-27.200000762939453,-48.0,39,35,S,Global q90,DJF,22
-27.200000762939453,-48.0,39,35,S,Global q90,MAM,53
-27.200000762939453,-48.0,39,35,S,Global q90,JJA,68
-27.200000762939453,-48.0,39,35,S,Global q90,SON,58
-27.200000762939453,-48.0,39,35,S,Seasonal q90,DJF,41
-27.200000762939453,-48.0,39,35,S,Seasonal q90,MAM,44
-27.200000762939453,-48.0,39,35,S,Seasonal q90,JJA,54
-27.200000762939453,-48.0,39,35,S,Seasonal q90,SON,54
-27.0,-48.399993896484375,40,33,S,Global q90,DJF,21
-27.0,-48.399993896484375,40,33,S,Global q90,MAM,23
-27.0,-48.399993896484375,40,33,S,Global q90,JJA,33
-27.0,-48.399993896484375,40,33,S,Global q90,SON,45
-27.0,-48.399993896484375,40,33,S,Seasonal q90,DJF,33
-27.0,-48.399993896484375,40,33,S,Seasonal q90,MAM,25
-27.0,-48.399993896484375,40,33,S,Seasonal q90,JJA,39
-27.0,-48.399993896484375,40,33,S,Seasonal q90,SON,33
-27.0,-48.20001220703125,40,34,S,Global q90,DJF,24
-27.0,-48.20001220703125,40,34,S,Global q90,MAM,40
-27.0,-48.20001220703125,40,34,S,Global q90,JJA,55
-27.0,-48.20001220703125,40,34,S,Global q90,SON,53
-27.0,-48.20001220703125,40,34,S,Seasonal q90,DJF,40
-27.0,-48.20001220703125,40,34,S,Seasonal q90,MAM,35
-27.0,-48.20001220703125,40,34,S,Seasonal q90,JJA,48
-27.0,-48.20001220703125,40,34,S,Seasonal q90,SON,47
-26.799999237060547,-48.399993896484375,41,33,S,Global q90,DJF,22
-26.799999237060547,-48.399993896484375,41,33,S,Global q90,MAM,35
-26.799999237060547,-48.399993896484375,41,33,S,Global q90,JJA,43
-26.799999237060547,-48.399993896484375,41,33,S,Global q90,SON,48
-26.799999237060547,-48.399993896484375,41,33,S,Seasonal q90,DJF,39
-26.799999237060547,-48.399993896484375,41,33,S,Seasonal q90,MAM,31
-26.799999237060547,-48.399993896484375,41,33,S,Seasonal q90,JJA,47
-26.799999237060547,-48.399993896484375,41,33,S,Seasonal q90,SON,39
-26.799999237060547,-48.20001220703125,41,34,S,Global q90,DJF,24
-26.799999237060547,-48.20001220703125,41,34,S,Global q90,MAM,43
-26.799999237060547,-48.20001220703125,41,34,S,Global q90,JJA,60
-26.799999237060547,-48.20001220703125,41,34,S,Global q90,SON,55
-26.799999237060547,-48.20001220703125,41,34,S,Seasonal q90,DJF,41
-26.799999237060547,-48.20001220703125,41,34,S,Seasonal q90,MAM,37
-26.799999237060547,-48.20001220703125,41,34,S,Seasonal q90,JJA,51
-26.799999237060547,-48.20001220703125,41,34,S,Seasonal q90,SON,50
-26.600000381469727,-48.600006103515625,42,32,S,Global q90,DJF,29
-26.600000381469727,-48.600006103515625,42,32,S,Global q90,MAM,30
-26.600000381469727,-48.600006103515625,42,32,S,Global q90,JJA,34
-26.600000381469727,-48.600006103515625,42,32,S,Global q90,SON,47
-26.600000381469727,-48.600006103515625,42,32,S,Seasonal q90,DJF,40
-26.600000381469727,-48.600006103515625,42,32,S,Seasonal q90,MAM,27
-26.600000381469727,-48.600006103515625,42,32,S,Seasonal q90,JJA,50
-26.600000381469727,-48.600006103515625,42,32,S,Seasonal q90,SON,38
-26.600000381469727,-48.399993896484375,42,33,S,Global q90,DJF,24
-26.600000381469727,-48.399993896484375,42,33,S,Global q90,MAM,37
-26.600000381469727,-48.399993896484375,42,33,S,Global q90,JJA,51
-26.600000381469727,-48.399993896484375,42,33,S,Global q90,SON,49
-26.600000381469727,-48.399993896484375,42,33,S,Seasonal q90,DJF,42
-26.600000381469727,-48.399993896484375,42,33,S,Seasonal q90,MAM,35
-26.600000381469727,-48.399993896484375,42,33,S,Seasonal q90,JJA,48
-26.600000381469727,-48.399993896484375,42,33,S,Seasonal q90,SON,40
-26.600000381469727,-48.20001220703125,42,34,S,Global q90,DJF,23
-26.600000381469727,-48.20001220703125,42,34,S,Global q90,MAM,44
-26.600000381469727,-48.20001220703125,42,34,S,Global q90,JJA,58
-26.600000381469727,-48.20001220703125,42,34,S,Global q90,SON,51
-26.600000381469727,-48.20001220703125,42,34,S,Seasonal q90,DJF,40
-26.600000381469727,-48.20001220703125,42,34,S,Seasonal q90,MAM,38
-26.600000381469727,-48.20001220703125,42,34,S,Seasonal q90,JJA,53
-26.600000381469727,-48.20001220703125,42,34,S,Seasonal q90,SON,49
-26.399999618530273,-48.399993896484375,43,33,S,Global q90,DJF,27
-26.399999618530273,-48.399993896484375,43,33,S,Global q90,MAM,39
-26.399999618530273,-48.399993896484375,43,33,S,Global q90,JJA,52
-26.399999618530273,-48.399993896484375,43,33,S,Global q90,SON,48
-26.399999618530273,-48.399993896484375,43,33,S,Seasonal q90,DJF,41
-26.399999618530273,-48.399993896484375,43,33,S,Seasonal q90,MAM,35
-26.399999618530273,-48.399993896484375,43,33,S,Seasonal q90,JJA,50
-26.399999618530273,-48.399993896484375,43,33,S,Seasonal q90,SON,44
-26.399999618530273,-48.20001220703125,43,34,S,Global q90,DJF,25
-26.399999618530273,-48.20001220703125,43,34,S,Global q90,MAM,42
-26.399999618530273,-48.20001220703125,43,34,S,Global q90,JJA,59
-26.399999618530273,-48.20001220703125,43,34,S,Global q90,SON,52
-26.399999618530273,-48.20001220703125,43,34,S,Seasonal q90,DJF,41
-26.399999618530273,-48.20001220703125,43,34,S,Seasonal q90,MAM,36
-26.399999618530273,-48.20001220703125,43,34,S,Seasonal q90,JJA,50
-26.399999618530273,-48.20001220703125,43,34,S,Seasonal q90,SON,48
-26.200000762939453,-48.399993896484375,44,33,S,Global q90,DJF,27
-26.200000762939453,-48.399993896484375,44,33,S,Global q90,MAM,37
-26.200000762939453,-48.399993896484375,44,33,S,Global q90,JJA,49
-26.200000762939453,-48.399993896484375,44,33,S,Global q90,SON,47
-26.200000762939453,-48.399993896484375,44,33,S,Seasonal q90,DJF,39
-26.200000762939453,-48.399993896484375,44,33,S,Seasonal q90,MAM,30
-26.200000762939453,-48.399993896484375,44,33,S,Seasonal q90,JJA,52
-26.200000762939453,-48.399993896484375,44,33,S,Seasonal q90,SON,41
-26.200000762939453,-48.20001220703125,44,34,S,Global q90,DJF,27
-26.200000762939453,-48.20001220703125,44,34,S,Global q90,MAM,46
-26.200000762939453,-48.20001220703125,44,34,S,Global q90,JJA,61
-26.200000762939453,-48.20001220703125,44,34,S,Global q90,SON,51
-26.200000762939453,-48.20001220703125,44,34,S,Seasonal q90,DJF,39
-26.200000762939453,-48.20001220703125,44,34,S,Seasonal q90,MAM,37
-26.200000762939453,-48.20001220703125,44,34,S,Seasonal q90,JJA,53
-26.200000762939453,-48.20001220703125,44,34,S,Seasonal q90,SON,46
-26.0,-48.399993896484375,45,33,S,Global q90,DJF,25
-26.0,-48.399993896484375,45,33,S,Global q90,MAM,35
-26.0,-48.399993896484375,45,33,S,Global q90,JJA,42
-26.0,-48.399993896484375,45,33,S,Global q90,SON,50
-26.0,-48.399993896484375,45,33,S,Seasonal q90,DJF,39
-26.0,-48.399993896484375,45,33,S,Seasonal q90,MAM,31
-26.0,-48.399993896484375,45,33,S,Seasonal q90,JJA,49
-26.0,-48.399993896484375,45,33,S,Seasonal q90,SON,39
-26.0,-48.20001220703125,45,34,S,Global q90,DJF,25
-26.0,-48.20001220703125,45,34,S,Global q90,MAM,43
-26.0,-48.20001220703125,45,34,S,Global q90,JJA,60
-26.0,-48.20001220703125,45,34,S,Global q90,SON,49
-26.0,-48.20001220703125,45,34,S,Seasonal q90,DJF,38
-26.0,-48.20001220703125,45,34,S,Seasonal q90,MAM,38
-26.0,-48.20001220703125,45,34,S,Seasonal q90,JJA,53
-26.0,-48.20001220703125,45,34,S,Seasonal q90,SON,42
-25.799999237060547,-48.20001220703125,46,34,S,Global q90,DJF,31
-25.799999237060547,-48.20001220703125,46,34,S,Global q90,MAM,49
-25.799999237060547,-48.20001220703125,46,34,S,Global q90,JJA,57
-25.799999237060547,-48.20001220703125,46,34,S,Global q90,SON,50
-25.799999237060547,-48.20001220703125,46,34,S,Seasonal q90,DJF,42
-25.799999237060547,-48.20001220703125,46,34,S,Seasonal q90,MAM,43
-25.799999237060547,-48.20001220703125,46,34,S,Seasonal q90,JJA,58
-25.799999237060547,-48.20001220703125,46,34,S,Seasonal q90,SON,43
-25.799999237060547,-48.0,46,35,S,Global q90,DJF,28
-25.799999237060547,-48.0,46,35,S,Global q90,MAM,56
-25.799999237060547,-48.0,46,35,S,Global q90,JJA,64
-25.799999237060547,-48.0,46,35,S,Global q90,SON,51
-25.799999237060547,-48.0,46,35,S,Seasonal q90,DJF,40
-25.799999237060547,-48.0,46,35,S,Seasonal q90,MAM,42
-25.799999237060547,-48.0,46,35,S,Seasonal q90,JJA,60
-25.799999237060547,-48.0,46,35,S,Seasonal q90,SON,47
-25.600000381469727,-48.399993896484375,47,33,S,Global q90,DJF,38
-25.600000381469727,-48.399993896484375,47,33,S,Global q90,MAM,46
-25.600000381469727,-48.399993896484375,47,33,S,Global q90,JJA,54
-25.600000381469727,-48.399993896484375,47,33,S,Global q90,SON,48
-25.600000381469727,-48.399993896484375,47,33,S,Seasonal q90,DJF,46
-25.600000381469727,-48.399993896484375,47,33,S,Seasonal q90,MAM,43
-25.600000381469727,-48.399993896484375,47,33,S,Seasonal q90,JJA,52
-25.600000381469727,-48.399993896484375,47,33,S,Seasonal q90,SON,47
-25.600000381469727,-48.20001220703125,47,34,S,Global q90,DJF,31
-25.600000381469727,-48.20001220703125,47,34,S,Global q90,MAM,54
-25.600000381469727,-48.20001220703125,47,34,S,Global q90,JJA,58
-25.600000381469727,-48.20001220703125,47,34,S,Global q90,SON,51
-25.600000381469727,-48.20001220703125,47,34,S,Seasonal q90,DJF,44
-25.600000381469727,-48.20001220703125,47,34,S,Seasonal q90,MAM,47
-25.600000381469727,-48.20001220703125,47,34,S,Seasonal q90,JJA,58
-25.600000381469727,-48.20001220703125,47,34,S,Seasonal q90,SON,46
-25.600000381469727,-48.0,47,35,S,Global q90,DJF,29
-25.600000381469727,-48.0,47,35,S,Global q90,MAM,52
-25.600000381469727,-48.0,47,35,S,Global q90,JJA,63
-25.600000381469727,-48.0,47,35,S,Global q90,SON,52
-25.600000381469727,-48.0,47,35,S,Seasonal q90,DJF,42
-25.600000381469727,-48.0,47,35,S,Seasonal q90,MAM,42
-25.600000381469727,-48.0,47,35,S,Seasonal q90,JJA,63
-25.600000381469727,-48.0,47,35,S,Seasonal q90,SON,45
-25.600000381469727,-47.79998779296875,47,36,S,Global q90,DJF,26
-25.600000381469727,-47.79998779296875,47,36,S,Global q90,MAM,60
-25.600000381469727,-47.79998779296875,47,36,S,Global q90,JJA,67
-25.600000381469727,-47.79998779296875,47,36,S,Global q90,SON,50
-25.600000381469727,-47.79998779296875,47,36,S,Seasonal q90,DJF,40
-25.600000381469727,-47.79998779296875,47,36,S,Seasonal q90,MAM,49
-25.600000381469727,-47.79998779296875,47,36,S,Seasonal q90,JJA,59
-25.600000381469727,-47.79998779296875,47,36,S,Seasonal q90,SON,46
-25.399999618530273,-48.0,48,35,S,Global q90,DJF,28
-25.399999618530273,-48.0,48,35,S,Global q90,MAM,61
-25.399999618530273,-48.0,48,35,S,Global q90,JJA,65
-25.399999618530273,-48.0,48,35,S,Global q90,SON,50
-25.399999618530273,-48.0,48,35,S,Seasonal q90,DJF,43
-25.399999618530273,-48.0,48,35,S,Seasonal q90,MAM,46
-25.399999618530273,-48.0,48,35,S,Seasonal q90,JJA,62
-25.399999618530273,-48.0,48,35,S,Seasonal q90,SON,52
-25.399999618530273,-47.79998779296875,48,36,S,Global q90,DJF,26
-25.399999618530273,-47.79998779296875,48,36,S,Global q90,MAM,61
-25.399999618530273,-47.79998779296875,48,36,S,Global q90,JJA,67
-25.399999618530273,-47.79998779296875,48,36,S,Global q90,SON,49
-25.399999618530273,-47.79998779296875,48,36,S,Seasonal q90,DJF,39
-25.399999618530273,-47.79998779296875,48,36,S,Seasonal q90,MAM,49
-25.399999618530273,-47.79998779296875,48,36,S,Seasonal q90,JJA,63
-25.399999618530273,-47.79998779296875,48,36,S,Seasonal q90,SON,48
-25.399999618530273,-47.600006103515625,48,37,S,Global q90,DJF,24
-25.399999618530273,-47.600006103515625,48,37,S,Global q90,MAM,59
-25.399999618530273,-47.600006103515625,48,37,S,Global q90,JJA,74
-25.399999618530273,-47.600006103515625,48,37,S,Global q90,SON,47
-25.399999618530273,-47.600006103515625,48,37,S,Seasonal q90,DJF,37
-25.399999618530273,-47.600006103515625,48,37,S,Seasonal q90,MAM,50
-25.399999618530273,-47.600006103515625,48,37,S,Seasonal q90,JJA,62
-25.399999618530273,-47.600006103515625,48,37,S,Seasonal q90,SON,47
-25.200000762939453,-47.79998779296875,49,36,SE,Global q90,DJF,28
-25.200000762939453,-47.79998779296875,49,36,SE,Global q90,MAM,62
-25.200000762939453,-47.79998779296875,49,36,SE,Global q90,JJA,65
-25.200000762939453,-47.79998779296875,49,36,SE,Global q90,SON,49
-25.200000762939453,-47.79998779296875,49,36,SE,Seasonal q90,DJF,39
-25.200000762939453,-47.79998779296875,49,36,SE,Seasonal q90,MAM,49
-25.200000762939453,-47.79998779296875,49,36,SE,Seasonal q90,JJA,62
-25.200000762939453,-47.79998779296875,49,36,SE,Seasonal q90,SON,53
-25.200000762939453,-47.600006103515625,49,37,SE,Global q90,DJF,23
-25.200000762939453,-47.600006103515625,49,37,SE,Global q90,MAM,64
-25.200000762939453,-47.600006103515625,49,37,SE,Global q90,JJA,72
-25.200000762939453,-47.600006103515625,49,37,SE,Global q90,SON,46
-25.200000762939453,-47.600006103515625,49,37,SE,Seasonal q90,DJF,38
-25.200000762939453,-47.600006103515625,49,37,SE,Seasonal q90,MAM,50
-25.200000762939453,-47.600006103515625,49,37,SE,Seasonal q90,JJA,66
-25.200000762939453,-47.600006103515625,49,37,SE,Seasonal q90,SON,48
-25.0,-47.79998779296875,50,36,SE,Global q90,DJF,29
-25.0,-47.79998779296875,50,36,SE,Global q90,MAM,53
-25.0,-47.79998779296875,50,36,SE,Global q90,JJA,60
-25.0,-47.79998779296875,50,36,SE,Global q90,SON,55
-25.0,-47.79998779296875,50,36,SE,Seasonal q90,DJF,37
-25.0,-47.79998779296875,50,36,SE,Seasonal q90,MAM,48
-25.0,-47.79998779296875,50,36,SE,Seasonal q90,JJA,59
-25.0,-47.79998779296875,50,36,SE,Seasonal q90,SON,47
-25.0,-47.600006103515625,50,37,SE,Global q90,DJF,25
-25.0,-47.600006103515625,50,37,SE,Global q90,MAM,66
-25.0,-47.600006103515625,50,37,SE,Global q90,JJA,67
-25.0,-47.600006103515625,50,37,SE,Global q90,SON,54
-25.0,-47.600006103515625,50,37,SE,Seasonal q90,DJF,37
-25.0,-47.600006103515625,50,37,SE,Seasonal q90,MAM,50
-25.0,-47.600006103515625,50,37,SE,Seasonal q90,JJA,63
-25.0,-47.600006103515625,50,37,SE,Seasonal q90,SON,52
-25.0,-47.399993896484375,50,38,SE,Global q90,DJF,26
-25.0,-47.399993896484375,50,38,SE,Global q90,MAM,67
-25.0,-47.399993896484375,50,38,SE,Global q90,JJA,72
-25.0,-47.399993896484375,50,38,SE,Global q90,SON,52
-25.0,-47.399993896484375,50,38,SE,Seasonal q90,DJF,36
-25.0,-47.399993896484375,50,38,SE,Seasonal q90,MAM,51
-25.0,-47.399993896484375,50,38,SE,Seasonal q90,JJA,65
-25.0,-47.399993896484375,50,38,SE,Seasonal q90,SON,50
-25.0,-47.20001220703125,50,39,SE,Global q90,DJF,20
-25.0,-47.20001220703125,50,39,SE,Global q90,MAM,66
-25.0,-47.20001220703125,50,39,SE,Global q90,JJA,69
-25.0,-47.20001220703125,50,39,SE,Global q90,SON,51
-25.0,-47.20001220703125,50,39,SE,Seasonal q90,DJF,34
-25.0,-47.20001220703125,50,39,SE,Seasonal q90,MAM,52
-25.0,-47.20001220703125,50,39,SE,Seasonal q90,JJA,63
-25.0,-47.20001220703125,50,39,SE,Seasonal q90,SON,49
-24.799999237060547,-47.399993896484375,51,38,SE,Global q90,DJF,25
-24.799999237060547,-47.399993896484375,51,38,SE,Global q90,MAM,69
-24.799999237060547,-47.399993896484375,51,38,SE,Global q90,JJA,72
-24.799999237060547,-47.399993896484375,51,38,SE,Global q90,SON,58
-24.799999237060547,-47.399993896484375,51,38,SE,Seasonal q90,DJF,37
-24.799999237060547,-47.399993896484375,51,38,SE,Seasonal q90,MAM,54
-24.799999237060547,-47.399993896484375,51,38,SE,Seasonal q90,JJA,64
-24.799999237060547,-47.399993896484375,51,38,SE,Seasonal q90,SON,54
-24.799999237060547,-47.20001220703125,51,39,SE,Global q90,DJF,22
-24.799999237060547,-47.20001220703125,51,39,SE,Global q90,MAM,73
-24.799999237060547,-47.20001220703125,51,39,SE,Global q90,JJA,70
-24.799999237060547,-47.20001220703125,51,39,SE,Global q90,SON,54
-24.799999237060547,-47.20001220703125,51,39,SE,Seasonal q90,DJF,37
-24.799999237060547,-47.20001220703125,51,39,SE,Seasonal q90,MAM,55
-24.799999237060547,-47.20001220703125,51,39,SE,Seasonal q90,JJA,64
-24.799999237060547,-47.20001220703125,51,39,SE,Seasonal q90,SON,51
-24.799999237060547,-47.0,51,40,SE,Global q90,DJF,21
-24.799999237060547,-47.0,51,40,SE,Global q90,MAM,66
-24.799999237060547,-47.0,51,40,SE,Global q90,JJA,70
-24.799999237060547,-47.0,51,40,SE,Global q90,SON,54
-24.799999237060547,-47.0,51,40,SE,Seasonal q90,DJF,33
-24.799999237060547,-47.0,51,40,SE,Seasonal q90,MAM,56
-24.799999237060547,-47.0,51,40,SE,Seasonal q90,JJA,62
-24.799999237060547,-47.0,51,40,SE,Seasonal q90,SON,47
-24.799999237060547,-46.79998779296875,51,41,SE,Global q90,DJF,20
-24.799999237060547,-46.79998779296875,51,41,SE,Global q90,MAM,62
-24.799999237060547,-46.79998779296875,51,41,SE,Global q90,JJA,73
-24.799999237060547,-46.79998779296875,51,41,SE,Global q90,SON,53
-24.799999237060547,-46.79998779296875,51,41,SE,Seasonal q90,DJF,35
-24.799999237060547,-46.79998779296875,51,41,SE,Seasonal q90,MAM,54
-24.799999237060547,-46.79998779296875,51,41,SE,Seasonal q90,JJA,59
-24.799999237060547,-46.79998779296875,51,41,SE,Seasonal q90,SON,50
-24.600000381469727,-47.20001220703125,52,39,SE,Global q90,DJF,22
-24.600000381469727,-47.20001220703125,52,39,SE,Global q90,MAM,74
-24.600000381469727,-47.20001220703125,52,39,SE,Global q90,JJA,77
-24.600000381469727,-47.20001220703125,52,39,SE,Global q90,SON,61
-24.600000381469727,-47.20001220703125,52,39,SE,Seasonal q90,DJF,40
-24.600000381469727,-47.20001220703125,52,39,SE,Seasonal q90,MAM,60
-24.600000381469727,-47.20001220703125,52,39,SE,Seasonal q90,JJA,66
-24.600000381469727,-47.20001220703125,52,39,SE,Seasonal q90,SON,53
-24.600000381469727,-47.0,52,40,SE,Global q90,DJF,20
-24.600000381469727,-47.0,52,40,SE,Global q90,MAM,72
-24.600000381469727,-47.0,52,40,SE,Global q90,JJA,79
-24.600000381469727,-47.0,52,40,SE,Global q90,SON,61
-24.600000381469727,-47.0,52,40,SE,Seasonal q90,DJF,36
-24.600000381469727,-47.0,52,40,SE,Seasonal q90,MAM,58
-24.600000381469727,-47.0,52,40,SE,Seasonal q90,JJA,63
-24.600000381469727,-47.0,52,40,SE,Seasonal q90,SON,55
-24.600000381469727,-46.79998779296875,52,41,SE,Global q90,DJF,22
-24.600000381469727,-46.79998779296875,52,41,SE,Global q90,MAM,63
-24.600000381469727,-46.79998779296875,52,41,SE,Global q90,JJA,78
-24.600000381469727,-46.79998779296875,52,41,SE,Global q90,SON,56
-24.600000381469727,-46.79998779296875,52,41,SE,Seasonal q90,DJF,34
-24.600000381469727,-46.79998779296875,52,41,SE,Seasonal q90,MAM,56
-24.600000381469727,-46.79998779296875,52,41,SE,Seasonal q90,JJA,64
-24.600000381469727,-46.79998779296875,52,41,SE,Seasonal q90,SON,55
-24.600000381469727,-46.600006103515625,52,42,SE,Global q90,DJF,20
-24.600000381469727,-46.600006103515625,52,42,SE,Global q90,MAM,65
-24.600000381469727,-46.600006103515625,52,42,SE,Global q90,JJA,77
-24.600000381469727,-46.600006103515625,52,42,SE,Global q90,SON,55
-24.600000381469727,-46.600006103515625,52,42,SE,Seasonal q90,DJF,35
-24.600000381469727,-46.600006103515625,52,42,SE,Seasonal q90,MAM,56
-24.600000381469727,-46.600006103515625,52,42,SE,Seasonal q90,JJA,65
-24.600000381469727,-46.600006103515625,52,42,SE,Seasonal q90,SON,58
-24.399999618530273,-46.79998779296875,53,41,SE,Global q90,DJF,22
-24.399999618530273,-46.79998779296875,53,41,SE,Global q90,MAM,68
-24.399999618530273,-46.79998779296875,53,41,SE,Global q90,JJA,83
-24.399999618530273,-46.79998779296875,53,41,SE,Global q90,SON,64
-24.399999618530273,-46.79998779296875,53,41,SE,Seasonal q90,DJF,37
-24.399999618530273,-46.79998779296875,53,41,SE,Seasonal q90,MAM,59
-24.399999618530273,-46.79998779296875,53,41,SE,Seasonal q90,JJA,73
-24.399999618530273,-46.79998779296875,53,41,SE,Seasonal q90,SON,59
-24.399999618530273,-46.600006103515625,53,42,SE,Global q90,DJF,20
-24.399999618530273,-46.600006103515625,53,42,SE,Global q90,MAM,68
-24.399999618530273,-46.600006103515625,53,42,SE,Global q90,JJA,88
-24.399999618530273,-46.600006103515625,53,42,SE,Global q90,SON,63
-24.399999618530273,-46.600006103515625,53,42,SE,Seasonal q90,DJF,37
-24.399999618530273,-46.600006103515625,53,42,SE,Seasonal q90,MAM,58
-24.399999618530273,-46.600006103515625,53,42,SE,Seasonal q90,JJA,70
-24.399999618530273,-46.600006103515625,53,42,SE,Seasonal q90,SON,59
-24.399999618530273,-46.399993896484375,53,43,SE,Global q90,DJF,19
-24.399999618530273,-46.399993896484375,53,43,SE,Global q90,MAM,67
-24.399999618530273,-46.399993896484375,53,43,SE,Global q90,JJA,87
-24.399999618530273,-46.399993896484375,53,43,SE,Global q90,SON,59
-24.399999618530273,-46.399993896484375,53,43,SE,Seasonal q90,DJF,35
-24.399999618530273,-46.399993896484375,53,43,SE,Seasonal q90,MAM,58
-24.399999618530273,-46.399993896484375,53,43,SE,Seasonal q90,JJA,67
-24.399999618530273,-46.399993896484375,53,43,SE,Seasonal q90,SON,57
-24.399999618530273,-46.20001220703125,53,44,SE,Global q90,DJF,19
-24.399999618530273,-46.20001220703125,53,44,SE,Global q90,MAM,67
-24.399999618530273,-46.20001220703125,53,44,SE,Global q90,JJA,90
-24.399999618530273,-46.20001220703125,53,44,SE,Global q90,SON,57
-24.399999618530273,-46.20001220703125,53,44,SE,Seasonal q90,DJF,33
-24.399999618530273,-46.20001220703125,53,44,SE,Seasonal q90,MAM,55
-24.399999618530273,-46.20001220703125,53,44,SE,Seasonal q90,JJA,70
-24.399999618530273,-46.20001220703125,53,44,SE,Seasonal q90,SON,57
-24.399999618530273,-46.0,53,45,SE,Global q90,DJF,15
-24.399999618530273,-46.0,53,45,SE,Global q90,MAM,67
-24.399999618530273,-46.0,53,45,SE,Global q90,JJA,90
-24.399999618530273,-46.0,53,45,SE,Global q90,SON,51
-24.399999618530273,-46.0,53,45,SE,Seasonal q90,DJF,32
-24.399999618530273,-46.0,53,45,SE,Seasonal q90,MAM,56
-24.399999618530273,-46.0,53,45,SE,Seasonal q90,JJA,71
-24.399999618530273,-46.0,53,45,SE,Seasonal q90,SON,55
-24.399999618530273,-45.20001220703125,53,49,SE,Global q90,DJF,13
-24.399999618530273,-45.20001220703125,53,49,SE,Global q90,MAM,52
-24.399999618530273,-45.20001220703125,53,49,SE,Global q90,JJA,64
-24.399999618530273,-45.20001220703125,53,49,SE,Global q90,SON,34
-24.399999618530273,-45.20001220703125,53,49,SE,Seasonal q90,DJF,30
-24.399999618530273,-45.20001220703125,53,49,SE,Seasonal q90,MAM,46
-24.399999618530273,-45.20001220703125,53,49,SE,Seasonal q90,JJA,55
-24.399999618530273,-45.20001220703125,53,49,SE,Seasonal q90,SON,34
-24.200000762939453,-46.600006103515625,54,42,SE,Global q90,DJF,19
-24.200000762939453,-46.600006103515625,54,42,SE,Global q90,MAM,71
-24.200000762939453,-46.600006103515625,54,42,SE,Global q90,JJA,93
-24.200000762939453,-46.600006103515625,54,42,SE,Global q90,SON,65
-24.200000762939453,-46.600006103515625,54,42,SE,Seasonal q90,DJF,35
-24.200000762939453,-46.600006103515625,54,42,SE,Seasonal q90,MAM,60
-24.200000762939453,-46.600006103515625,54,42,SE,Seasonal q90,JJA,74
-24.200000762939453,-46.600006103515625,54,42,SE,Seasonal q90,SON,64
-24.200000762939453,-46.399993896484375,54,43,SE,Global q90,DJF,19
-24.200000762939453,-46.399993896484375,54,43,SE,Global q90,MAM,71
-24.200000762939453,-46.399993896484375,54,43,SE,Global q90,JJA,92
-24.200000762939453,-46.399993896484375,54,43,SE,Global q90,SON,67
-24.200000762939453,-46.399993896484375,54,43,SE,Seasonal q90,DJF,39
-24.200000762939453,-46.399993896484375,54,43,SE,Seasonal q90,MAM,59
-24.200000762939453,-46.399993896484375,54,43,SE,Seasonal q90,JJA,78
-24.200000762939453,-46.399993896484375,54,43,SE,Seasonal q90,SON,65
-24.200000762939453,-46.20001220703125,54,44,SE,Global q90,DJF,19
-24.200000762939453,-46.20001220703125,54,44,SE,Global q90,MAM,72
-24.200000762939453,-46.20001220703125,54,44,SE,Global q90,JJA,92
-24.200000762939453,-46.20001220703125,54,44,SE,Global q90,SON,62
-24.200000762939453,-46.20001220703125,54,44,SE,Seasonal q90,DJF,40
-24.200000762939453,-46.20001220703125,54,44,SE,Seasonal q90,MAM,57
-24.200000762939453,-46.20001220703125,54,44,SE,Seasonal q90,JJA,76
-24.200000762939453,-46.20001220703125,54,44,SE,Seasonal q90,SON,64
-24.200000762939453,-46.0,54,45,SE,Global q90,DJF,17
-24.200000762939453,-46.0,54,45,SE,Global q90,MAM,71
-24.200000762939453,-46.0,54,45,SE,Global q90,JJA,93
-24.200000762939453,-46.0,54,45,SE,Global q90,SON,58
-24.200000762939453,-46.0,54,45,SE,Seasonal q90,DJF,38
-24.200000762939453,-46.0,54,45,SE,Seasonal q90,MAM,61
-24.200000762939453,-46.0,54,45,SE,Seasonal q90,JJA,78
-24.200000762939453,-46.0,54,45,SE,Seasonal q90,SON,61
-24.200000762939453,-45.79998779296875,54,46,SE,Global q90,DJF,16
-24.200000762939453,-45.79998779296875,54,46,SE,Global q90,MAM,74
-24.200000762939453,-45.79998779296875,54,46,SE,Global q90,JJA,98
-24.200000762939453,-45.79998779296875,54,46,SE,Global q90,SON,55
-24.200000762939453,-45.79998779296875,54,46,SE,Seasonal q90,DJF,36
-24.200000762939453,-45.79998779296875,54,46,SE,Seasonal q90,MAM,61
-24.200000762939453,-45.79998779296875,54,46,SE,Seasonal q90,JJA,76
-24.200000762939453,-45.79998779296875,54,46,SE,Seasonal q90,SON,58
-24.200000762939453,-45.600006103515625,54,47,SE,Global q90,DJF,16
-24.200000762939453,-45.600006103515625,54,47,SE,Global q90,MAM,71
-24.200000762939453,-45.600006103515625,54,47,SE,Global q90,JJA,94
-24.200000762939453,-45.600006103515625,54,47,SE,Global q90,SON,51
-24.200000762939453,-45.600006103515625,54,47,SE,Seasonal q90,DJF,34
-24.200000762939453,-45.600006103515625,54,47,SE,Seasonal q90,MAM,59
-24.200000762939453,-45.600006103515625,54,47,SE,Seasonal q90,JJA,74
-24.200000762939453,-45.600006103515625,54,47,SE,Seasonal q90,SON,53
-24.200000762939453,-45.399993896484375,54,48,SE,Global q90,DJF,15
-24.200000762939453,-45.399993896484375,54,48,SE,Global q90,MAM,70
-24.200000762939453,-45.399993896484375,54,48,SE,Global q90,JJA,91
-24.200000762939453,-45.399993896484375,54,48,SE,Global q90,SON,48
-24.200000762939453,-45.399993896484375,54,48,SE,Seasonal q90,DJF,35
-24.200000762939453,-45.399993896484375,54,48,SE,Seasonal q90,MAM,56
-24.200000762939453,-45.399993896484375,54,48,SE,Seasonal q90,JJA,73
-24.200000762939453,-45.399993896484375,54,48,SE,Seasonal q90,SON,49
-24.200000762939453,-45.20001220703125,54,49,SE,Global q90,DJF,13
-24.200000762939453,-45.20001220703125,54,49,SE,Global q90,MAM,60
-24.200000762939453,-45.20001220703125,54,49,SE,Global q90,JJA,83
-24.200000762939453,-45.20001220703125,54,49,SE,Global q90,SON,41
-24.200000762939453,-45.20001220703125,54,49,SE,Seasonal q90,DJF,33
-24.200000762939453,-45.20001220703125,54,49,SE,Seasonal q90,MAM,50
-24.200000762939453,-45.20001220703125,54,49,SE,Seasonal q90,JJA,69
-24.200000762939453,-45.20001220703125,54,49,SE,Seasonal q90,SON,44
-24.200000762939453,-45.0,54,50,SE,Global q90,DJF,11
-24.200000762939453,-45.0,54,50,SE,Global q90,MAM,53
-24.200000762939453,-45.0,54,50,SE,Global q90,JJA,67
-24.200000762939453,-45.0,54,50,SE,Global q90,SON,35
-24.200000762939453,-45.0,54,50,SE,Seasonal q90,DJF,30
-24.200000762939453,-45.0,54,50,SE,Seasonal q90,MAM,48
-24.200000762939453,-45.0,54,50,SE,Seasonal q90,JJA,54
-24.200000762939453,-45.0,54,50,SE,Seasonal q90,SON,35
-24.0,-46.399993896484375,55,43,SE,Global q90,DJF,22
-24.0,-46.399993896484375,55,43,SE,Global q90,MAM,87
-24.0,-46.399993896484375,55,43,SE,Global q90,JJA,100
-24.0,-46.399993896484375,55,43,SE,Global q90,SON,76
-24.0,-46.399993896484375,55,43,SE,Seasonal q90,DJF,48
-24.0,-46.399993896484375,55,43,SE,Seasonal q90,MAM,65
-24.0,-46.399993896484375,55,43,SE,Seasonal q90,JJA,84
-24.0,-46.399993896484375,55,43,SE,Seasonal q90,SON,78
-24.0,-46.20001220703125,55,44,SE,Global q90,DJF,21
-24.0,-46.20001220703125,55,44,SE,Global q90,MAM,84
-24.0,-46.20001220703125,55,44,SE,Global q90,JJA,97
-24.0,-46.20001220703125,55,44,SE,Global q90,SON,71
-24.0,-46.20001220703125,55,44,SE,Seasonal q90,DJF,47
-24.0,-46.20001220703125,55,44,SE,Seasonal q90,MAM,64
-24.0,-46.20001220703125,55,44,SE,Seasonal q90,JJA,85
-24.0,-46.20001220703125,55,44,SE,Seasonal q90,SON,76
-24.0,-46.0,55,45,SE,Global q90,DJF,18
-24.0,-46.0,55,45,SE,Global q90,MAM,77
-24.0,-46.0,55,45,SE,Global q90,JJA,101
-24.0,-46.0,55,45,SE,Global q90,SON,68
-24.0,-46.0,55,45,SE,Seasonal q90,DJF,47
-24.0,-46.0,55,45,SE,Seasonal q90,MAM,59
-24.0,-46.0,55,45,SE,Seasonal q90,JJA,83
-24.0,-46.0,55,45,SE,Seasonal q90,SON,70
-24.0,-45.79998779296875,55,46,SE,Global q90,DJF,18
-24.0,-45.79998779296875,55,46,SE,Global q90,MAM,81
-24.0,-45.79998779296875,55,46,SE,Global q90,JJA,104
-24.0,-45.79998779296875,55,46,SE,Global q90,SON,68
-24.0,-45.79998779296875,55,46,SE,Seasonal q90,DJF,44
-24.0,-45.79998779296875,55,46,SE,Seasonal q90,MAM,66
-24.0,-45.79998779296875,55,46,SE,Seasonal q90,JJA,85
-24.0,-45.79998779296875,55,46,SE,Seasonal q90,SON,70
-24.0,-45.600006103515625,55,47,SE,Global q90,DJF,17
-24.0,-45.600006103515625,55,47,SE,Global q90,MAM,76
-24.0,-45.600006103515625,55,47,SE,Global q90,JJA,101
-24.0,-45.600006103515625,55,47,SE,Global q90,SON,60
-24.0,-45.600006103515625,55,47,SE,Seasonal q90,DJF,42
-24.0,-45.600006103515625,55,47,SE,Seasonal q90,MAM,64
-24.0,-45.600006103515625,55,47,SE,Seasonal q90,JJA,83
-24.0,-45.600006103515625,55,47,SE,Seasonal q90,SON,68
-24.0,-45.399993896484375,55,48,SE,Global q90,DJF,17
-24.0,-45.399993896484375,55,48,SE,Global q90,MAM,73
-24.0,-45.399993896484375,55,48,SE,Global q90,JJA,101
-24.0,-45.399993896484375,55,48,SE,Global q90,SON,53
-24.0,-45.399993896484375,55,48,SE,Seasonal q90,DJF,43
-24.0,-45.399993896484375,55,48,SE,Seasonal q90,MAM,63
-24.0,-45.399993896484375,55,48,SE,Seasonal q90,JJA,77
-24.0,-45.399993896484375,55,48,SE,Seasonal q90,SON,64
-24.0,-45.20001220703125,55,49,SE,Global q90,DJF,16
-24.0,-45.20001220703125,55,49,SE,Global q90,MAM,69
-24.0,-45.20001220703125,55,49,SE,Global q90,JJA,96
-24.0,-45.20001220703125,55,49,SE,Global q90,SON,49
-24.0,-45.20001220703125,55,49,SE,Seasonal q90,DJF,38
-24.0,-45.20001220703125,55,49,SE,Seasonal q90,MAM,59
-24.0,-45.20001220703125,55,49,SE,Seasonal q90,JJA,77
-24.0,-45.20001220703125,55,49,SE,Seasonal q90,SON,55
-24.0,-45.0,55,50,SE,Global q90,DJF,11
-24.0,-45.0,55,50,SE,Global q90,MAM,63
-24.0,-45.0,55,50,SE,Global q90,JJA,89
-24.0,-45.0,55,50,SE,Global q90,SON,43
-24.0,-45.0,55,50,SE,Seasonal q90,DJF,35
-24.0,-45.0,55,50,SE,Seasonal q90,MAM,52
-24.0,-45.0,55,50,SE,Seasonal q90,JJA,71
-24.0,-45.0,55,50,SE,Seasonal q90,SON,46
-24.0,-44.79998779296875,55,51,SE,Global q90,DJF,13
-24.0,-44.79998779296875,55,51,SE,Global q90,MAM,54
-24.0,-44.79998779296875,55,51,SE,Global q90,JJA,72
-24.0,-44.79998779296875,55,51,SE,Global q90,SON,38
-24.0,-44.79998779296875,55,51,SE,Seasonal q90,DJF,31
-24.0,-44.79998779296875,55,51,SE,Seasonal q90,MAM,46
-24.0,-44.79998779296875,55,51,SE,Seasonal q90,JJA,61
-24.0,-44.79998779296875,55,51,SE,Seasonal q90,SON,42
-23.799999237060547,-45.79998779296875,56,46,SE,Global q90,DJF,20
-23.799999237060547,-45.79998779296875,56,46,SE,Global q90,MAM,95
-23.799999237060547,-45.79998779296875,56,46,SE,Global q90,JJA,112
-23.799999237060547,-45.79998779296875,56,46,SE,Global q90,SON,71
-23.799999237060547,-45.79998779296875,56,46,SE,Seasonal q90,DJF,52
-23.799999237060547,-45.79998779296875,56,46,SE,Seasonal q90,MAM,71
-23.799999237060547,-45.79998779296875,56,46,SE,Seasonal q90,JJA,85
-23.799999237060547,-45.79998779296875,56,46,SE,Seasonal q90,SON,79
-23.799999237060547,-45.600006103515625,56,47,SE,Global q90,DJF,21
-23.799999237060547,-45.600006103515625,56,47,SE,Global q90,MAM,93
-23.799999237060547,-45.600006103515625,56,47,SE,Global q90,JJA,116
-23.799999237060547,-45.600006103515625,56,47,SE,Global q90,SON,70
-23.799999237060547,-45.600006103515625,56,47,SE,Seasonal q90,DJF,54
-23.799999237060547,-45.600006103515625,56,47,SE,Seasonal q90,MAM,77
-23.799999237060547,-45.600006103515625,56,47,SE,Seasonal q90,JJA,86
-23.799999237060547,-45.600006103515625,56,47,SE,Seasonal q90,SON,82
-23.799999237060547,-45.399993896484375,56,48,SE,Global q90,DJF,18
-23.799999237060547,-45.399993896484375,56,48,SE,Global q90,MAM,91
-23.799999237060547,-45.399993896484375,56,48,SE,Global q90,JJA,117
-23.799999237060547,-45.399993896484375,56,48,SE,Global q90,SON,63
-23.799999237060547,-45.399993896484375,56,48,SE,Seasonal q90,DJF,55
-23.799999237060547,-45.399993896484375,56,48,SE,Seasonal q90,MAM,73
-23.799999237060547,-45.399993896484375,56,48,SE,Seasonal q90,JJA,84
-23.799999237060547,-45.399993896484375,56,48,SE,Seasonal q90,SON,75
-23.799999237060547,-45.20001220703125,56,49,SE,Global q90,DJF,12
-23.799999237060547,-45.20001220703125,56,49,SE,Global q90,MAM,70
-23.799999237060547,-45.20001220703125,56,49,SE,Global q90,JJA,93
-23.799999237060547,-45.20001220703125,56,49,SE,Global q90,SON,50
-23.799999237060547,-45.20001220703125,56,49,SE,Seasonal q90,DJF,38
-23.799999237060547,-45.20001220703125,56,49,SE,Seasonal q90,MAM,60
-23.799999237060547,-45.20001220703125,56,49,SE,Seasonal q90,JJA,75
-23.799999237060547,-45.20001220703125,56,49,SE,Seasonal q90,SON,46
-23.799999237060547,-45.0,56,50,SE,Global q90,DJF,12
-23.799999237060547,-45.0,56,50,SE,Global q90,MAM,65
-23.799999237060547,-45.0,56,50,SE,Global q90,JJA,94
-23.799999237060547,-45.0,56,50,SE,Global q90,SON,46
-23.799999237060547,-45.0,56,50,SE,Seasonal q90,DJF,34
-23.799999237060547,-45.0,56,50,SE,Seasonal q90,MAM,55
-23.799999237060547,-45.0,56,50,SE,Seasonal q90,JJA,72
-23.799999237060547,-45.0,56,50,SE,Seasonal q90,SON,43
-23.799999237060547,-44.79998779296875,56,51,SE,Global q90,DJF,14
-23.799999237060547,-44.79998779296875,56,51,SE,Global q90,MAM,65
-23.799999237060547,-44.79998779296875,56,51,SE,Global q90,JJA,93
-23.799999237060547,-44.79998779296875,56,51,SE,Global q90,SON,44
-23.799999237060547,-44.79998779296875,56,51,SE,Seasonal q90,DJF,34
-23.799999237060547,-44.79998779296875,56,51,SE,Seasonal q90,MAM,52
-23.799999237060547,-44.79998779296875,56,51,SE,Seasonal q90,JJA,71
-23.799999237060547,-44.79998779296875,56,51,SE,Seasonal q90,SON,42
-23.799999237060547,-44.600006103515625,56,52,SE,Global q90,DJF,12
-23.799999237060547,-44.600006103515625,56,52,SE,Global q90,MAM,61
-23.799999237060547,-44.600006103515625,56,52,SE,Global q90,JJA,86
-23.799999237060547,-44.600006103515625,56,52,SE,Global q90,SON,41
-23.799999237060547,-44.600006103515625,56,52,SE,Seasonal q90,DJF,29
-23.799999237060547,-44.600006103515625,56,52,SE,Seasonal q90,MAM,48
-23.799999237060547,-44.600006103515625,56,52,SE,Seasonal q90,JJA,61
-23.799999237060547,-44.600006103515625,56,52,SE,Seasonal q90,SON,43
-23.600000381469727,-45.20001220703125,57,49,SE,Global q90,DJF,10
-23.600000381469727,-45.20001220703125,57,49,SE,Global q90,MAM,56
-23.600000381469727,-45.20001220703125,57,49,SE,Global q90,JJA,68
-23.600000381469727,-45.20001220703125,57,49,SE,Global q90,SON,47
-23.600000381469727,-45.20001220703125,57,49,SE,Seasonal q90,DJF,37
-23.600000381469727,-45.20001220703125,57,49,SE,Seasonal q90,MAM,51
-23.600000381469727,-45.20001220703125,57,49,SE,Seasonal q90,JJA,55
-23.600000381469727,-45.20001220703125,57,49,SE,Seasonal q90,SON,37
-23.600000381469727,-45.0,57,50,SE,Global q90,DJF,12
-23.600000381469727,-45.0,57,50,SE,Global q90,MAM,68
-23.600000381469727,-45.0,57,50,SE,Global q90,JJA,90
-23.600000381469727,-45.0,57,50,SE,Global q90,SON,48
-23.600000381469727,-45.0,57,50,SE,Seasonal q90,DJF,34
-23.600000381469727,-45.0,57,50,SE,Seasonal q90,MAM,57
-23.600000381469727,-45.0,57,50,SE,Seasonal q90,JJA,68
-23.600000381469727,-45.0,57,50,SE,Seasonal q90,SON,44
-23.600000381469727,-44.79998779296875,57,51,SE,Global q90,DJF,13
-23.600000381469727,-44.79998779296875,57,51,SE,Global q90,MAM,68
-23.600000381469727,-44.79998779296875,57,51,SE,Global q90,JJA,96
-23.600000381469727,-44.79998779296875,57,51,SE,Global q90,SON,44
-23.600000381469727,-44.79998779296875,57,51,SE,Seasonal q90,DJF,36
-23.600000381469727,-44.79998779296875,57,51,SE,Seasonal q90,MAM,56
-23.600000381469727,-44.79998779296875,57,51,SE,Seasonal q90,JJA,71
-23.600000381469727,-44.79998779296875,57,51,SE,Seasonal q90,SON,48
-23.600000381469727,-44.600006103515625,57,52,SE,Global q90,DJF,13
-23.600000381469727,-44.600006103515625,57,52,SE,Global q90,MAM,67
-23.600000381469727,-44.600006103515625,57,52,SE,Global q90,JJA,95
-23.600000381469727,-44.600006103515625,57,52,SE,Global q90,SON,43
-23.600000381469727,-44.600006103515625,57,52,SE,Seasonal q90,DJF,32
-23.600000381469727,-44.600006103515625,57,52,SE,Seasonal q90,MAM,54
-23.600000381469727,-44.600006103515625,57,52,SE,Seasonal q90,JJA,71
-23.600000381469727,-44.600006103515625,57,52,SE,Seasonal q90,SON,42
-23.600000381469727,-44.399993896484375,57,53,SE,Global q90,DJF,13
-23.600000381469727,-44.399993896484375,57,53,SE,Global q90,MAM,65
-23.600000381469727,-44.399993896484375,57,53,SE,Global q90,JJA,93
-23.600000381469727,-44.399993896484375,57,53,SE,Global q90,SON,43
-23.600000381469727,-44.399993896484375,57,53,SE,Seasonal q90,DJF,30
-23.600000381469727,-44.399993896484375,57,53,SE,Seasonal q90,MAM,52
-23.600000381469727,-44.399993896484375,57,53,SE,Seasonal q90,JJA,64
-23.600000381469727,-44.399993896484375,57,53,SE,Seasonal q90,SON,44
-23.600000381469727,-44.20001220703125,57,54,SE,Global q90,DJF,11
-23.600000381469727,-44.20001220703125,57,54,SE,Global q90,MAM,63
-23.600000381469727,-44.20001220703125,57,54,SE,Global q90,JJA,84
-23.600000381469727,-44.20001220703125,57,54,SE,Global q90,SON,39
-23.600000381469727,-44.20001220703125,57,54,SE,Seasonal q90,DJF,30
-23.600000381469727,-44.20001220703125,57,54,SE,Seasonal q90,MAM,50
-23.600000381469727,-44.20001220703125,57,54,SE,Seasonal q90,JJA,58
-23.600000381469727,-44.20001220703125,57,54,SE,Seasonal q90,SON,45
-23.600000381469727,-44.0,57,55,SE,Global q90,DJF,10
-23.600000381469727,-44.0,57,55,SE,Global q90,MAM,56
-23.600000381469727,-44.0,57,55,SE,Global q90,JJA,77
-23.600000381469727,-44.0,57,55,SE,Global q90,SON,38
-23.600000381469727,-44.0,57,55,SE,Seasonal q90,DJF,27
-23.600000381469727,-44.0,57,55,SE,Seasonal q90,MAM,51
-23.600000381469727,-44.0,57,55,SE,Seasonal q90,JJA,53
-23.600000381469727,-44.0,57,55,SE,Seasonal q90,SON,39
-23.399999618530273,-44.399993896484375,58,53,SE,Global q90,DJF,13
-23.399999618530273,-44.399993896484375,58,53,SE,Global q90,MAM,75
-23.399999618530273,-44.399993896484375,58,53,SE,Global q90,JJA,100
-23.399999618530273,-44.399993896484375,58,53,SE,Global q90,SON,44
-23.399999618530273,-44.399993896484375,58,53,SE,Seasonal q90,DJF,33
-23.399999618530273,-44.399993896484375,58,53,SE,Seasonal q90,MAM,57
-23.399999618530273,-44.399993896484375,58,53,SE,Seasonal q90,JJA,70
-23.399999618530273,-44.399993896484375,58,53,SE,Seasonal q90,SON,49
-23.399999618530273,-44.20001220703125,58,54,SE,Global q90,DJF,12
-23.399999618530273,-44.20001220703125,58,54,SE,Global q90,MAM,71
-23.399999618530273,-44.20001220703125,58,54,SE,Global q90,JJA,98
-23.399999618530273,-44.20001220703125,58,54,SE,Global q90,SON,46
-23.399999618530273,-44.20001220703125,58,54,SE,Seasonal q90,DJF,30
-23.399999618530273,-44.20001220703125,58,54,SE,Seasonal q90,MAM,57
-23.399999618530273,-44.20001220703125,58,54,SE,Seasonal q90,JJA,67
-23.399999618530273,-44.20001220703125,58,54,SE,Seasonal q90,SON,49
-23.399999618530273,-44.0,58,55,SE,Global q90,DJF,11
-23.399999618530273,-44.0,58,55,SE,Global q90,MAM,67
-23.399999618530273,-44.0,58,55,SE,Global q90,JJA,96
-23.399999618530273,-44.0,58,55,SE,Global q90,SON,41
-23.399999618530273,-44.0,58,55,SE,Seasonal q90,DJF,30
-23.399999618530273,-44.0,58,55,SE,Seasonal q90,MAM,55
-23.399999618530273,-44.0,58,55,SE,Seasonal q90,JJA,64
-23.399999618530273,-44.0,58,55,SE,Seasonal q90,SON,49
-23.399999618530273,-43.79998779296875,58,56,SE,Global q90,DJF,11
-23.399999618530273,-43.79998779296875,58,56,SE,Global q90,MAM,67
-23.399999618530273,-43.79998779296875,58,56,SE,Global q90,JJA,86
-23.399999618530273,-43.79998779296875,58,56,SE,Global q90,SON,43
-23.399999618530273,-43.79998779296875,58,56,SE,Seasonal q90,DJF,30
-23.399999618530273,-43.79998779296875,58,56,SE,Seasonal q90,MAM,54
-23.399999618530273,-43.79998779296875,58,56,SE,Seasonal q90,JJA,61
-23.399999618530273,-43.79998779296875,58,56,SE,Seasonal q90,SON,47
-23.399999618530273,-43.600006103515625,58,57,SE,Global q90,DJF,10
-23.399999618530273,-43.600006103515625,58,57,SE,Global q90,MAM,67
-23.399999618530273,-43.600006103515625,58,57,SE,Global q90,JJA,79
-23.399999618530273,-43.600006103515625,58,57,SE,Global q90,SON,40
-23.399999618530273,-43.600006103515625,58,57,SE,Seasonal q90,DJF,30
-23.399999618530273,-43.600006103515625,58,57,SE,Seasonal q90,MAM,54
-23.399999618530273,-43.600006103515625,58,57,SE,Seasonal q90,JJA,57
-23.399999618530273,-43.600006103515625,58,57,SE,Seasonal q90,SON,44
-23.399999618530273,-43.399993896484375,58,58,SE,Global q90,DJF,7
-23.399999618530273,-43.399993896484375,58,58,SE,Global q90,MAM,64
-23.399999618530273,-43.399993896484375,58,58,SE,Global q90,JJA,74
-23.399999618530273,-43.399993896484375,58,58,SE,Global q90,SON,42
-23.399999618530273,-43.399993896484375,58,58,SE,Seasonal q90,DJF,31
-23.399999618530273,-43.399993896484375,58,58,SE,Seasonal q90,MAM,53
-23.399999618530273,-43.399993896484375,58,58,SE,Seasonal q90,JJA,58
-23.399999618530273,-43.399993896484375,58,58,SE,Seasonal q90,SON,42
-23.399999618530273,-43.20001220703125,58,59,SE,Global q90,DJF,9
-23.399999618530273,-43.20001220703125,58,59,SE,Global q90,MAM,59
-23.399999618530273,-43.20001220703125,58,59,SE,Global q90,JJA,70
-23.399999618530273,-43.20001220703125,58,59,SE,Global q90,SON,39
-23.399999618530273,-43.20001220703125,58,59,SE,Seasonal q90,DJF,30
-23.399999618530273,-43.20001220703125,58,59,SE,Seasonal q90,MAM,48
-23.399999618530273,-43.20001220703125,58,59,SE,Seasonal q90,JJA,55
-23.399999618530273,-43.20001220703125,58,59,SE,Seasonal q90,SON,42
-23.399999618530273,-43.0,58,60,SE,Global q90,DJF,11
-23.399999618530273,-43.0,58,60,SE,Global q90,MAM,57
-23.399999618530273,-43.0,58,60,SE,Global q90,JJA,62
-23.399999618530273,-43.0,58,60,SE,Global q90,SON,36
-23.399999618530273,-43.0,58,60,SE,Seasonal q90,DJF,27
-23.399999618530273,-43.0,58,60,SE,Seasonal q90,MAM,45
-23.399999618530273,-43.0,58,60,SE,Seasonal q90,JJA,50
-23.399999618530273,-43.0,58,60,SE,Seasonal q90,SON,40
-23.399999618530273,-42.79998779296875,58,61,SE,Global q90,DJF,10
-23.399999618530273,-42.79998779296875,58,61,SE,Global q90,MAM,52
-23.399999618530273,-42.79998779296875,58,61,SE,Global q90,JJA,52
-23.399999618530273,-42.79998779296875,58,61,SE,Global q90,SON,32
-23.399999618530273,-42.79998779296875,58,61,SE,Seasonal q90,DJF,27
-23.399999618530273,-42.79998779296875,58,61,SE,Seasonal q90,MAM,43
-23.399999618530273,-42.79998779296875,58,61,SE,Seasonal q90,JJA,43
-23.399999618530273,-42.79998779296875,58,61,SE,Seasonal q90,SON,32
-23.399999618530273,-42.600006103515625,58,62,SE,Global q90,DJF,9
-23.399999618530273,-42.600006103515625,58,62,SE,Global q90,MAM,50
-23.399999618530273,-42.600006103515625,58,62,SE,Global q90,JJA,44
-23.399999618530273,-42.600006103515625,58,62,SE,Global q90,SON,31
-23.399999618530273,-42.600006103515625,58,62,SE,Seasonal q90,DJF,25
-23.399999618530273,-42.600006103515625,58,62,SE,Seasonal q90,MAM,36
-23.399999618530273,-42.600006103515625,58,62,SE,Seasonal q90,JJA,41
-23.399999618530273,-42.600006103515625,58,62,SE,Seasonal q90,SON,28
-23.399999618530273,-42.20001220703125,58,64,SE,Global q90,DJF,8
-23.399999618530273,-42.20001220703125,58,64,SE,Global q90,MAM,50
-23.399999618530273,-42.20001220703125,58,64,SE,Global q90,JJA,42
-23.399999618530273,-42.20001220703125,58,64,SE,Global q90,SON,27
-23.399999618530273,-42.20001220703125,58,64,SE,Seasonal q90,DJF,25
-23.399999618530273,-42.20001220703125,58,64,SE,Seasonal q90,MAM,36
-23.399999618530273,-42.20001220703125,58,64,SE,Seasonal q90,JJA,41
-23.399999618530273,-42.20001220703125,58,64,SE,Seasonal q90,SON,27
-23.399999618530273,-42.0,58,65,SE,Global q90,DJF,8
-23.399999618530273,-42.0,58,65,SE,Global q90,MAM,49
-23.399999618530273,-42.0,58,65,SE,Global q90,JJA,45
-23.399999618530273,-42.0,58,65,SE,Global q90,SON,28
-23.399999618530273,-42.0,58,65,SE,Seasonal q90,DJF,25
-23.399999618530273,-42.0,58,65,SE,Seasonal q90,MAM,38
-23.399999618530273,-42.0,58,65,SE,Seasonal q90,JJA,39
-23.399999618530273,-42.0,58,65,SE,Seasonal q90,SON,27
-23.200000762939453,-44.399993896484375,59,53,SE,Global q90,DJF,13
-23.200000762939453,-44.399993896484375,59,53,SE,Global q90,MAM,79
-23.200000762939453,-44.399993896484375,59,53,SE,Global q90,JJA,102
-23.200000762939453,-44.399993896484375,59,53,SE,Global q90,SON,49
-23.200000762939453,-44.399993896484375,59,53,SE,Seasonal q90,DJF,39
-23.200000762939453,-44.399993896484375,59,53,SE,Seasonal q90,MAM,65
-23.200000762939453,-44.399993896484375,59,53,SE,Seasonal q90,JJA,71
-23.200000762939453,-44.399993896484375,59,53,SE,Seasonal q90,SON,57
-23.200000762939453,-44.20001220703125,59,54,SE,Global q90,DJF,12
-23.200000762939453,-44.20001220703125,59,54,SE,Global q90,MAM,82
-23.200000762939453,-44.20001220703125,59,54,SE,Global q90,JJA,106
-23.200000762939453,-44.20001220703125,59,54,SE,Global q90,SON,45
-23.200000762939453,-44.20001220703125,59,54,SE,Seasonal q90,DJF,42
-23.200000762939453,-44.20001220703125,59,54,SE,Seasonal q90,MAM,66
-23.200000762939453,-44.20001220703125,59,54,SE,Seasonal q90,JJA,70
-23.200000762939453,-44.20001220703125,59,54,SE,Seasonal q90,SON,59
-23.200000762939453,-44.0,59,55,SE,Global q90,DJF,12
-23.200000762939453,-44.0,59,55,SE,Global q90,MAM,78
-23.200000762939453,-44.0,59,55,SE,Global q90,JJA,100
-23.200000762939453,-44.0,59,55,SE,Global q90,SON,48
-23.200000762939453,-44.0,59,55,SE,Seasonal q90,DJF,35
-23.200000762939453,-44.0,59,55,SE,Seasonal q90,MAM,61
-23.200000762939453,-44.0,59,55,SE,Seasonal q90,JJA,70
-23.200000762939453,-44.0,59,55,SE,Seasonal q90,SON,52
-23.200000762939453,-43.79998779296875,59,56,SE,Global q90,DJF,11
-23.200000762939453,-43.79998779296875,59,56,SE,Global q90,MAM,78
-23.200000762939453,-43.79998779296875,59,56,SE,Global q90,JJA,93
-23.200000762939453,-43.79998779296875,59,56,SE,Global q90,SON,46
-23.200000762939453,-43.79998779296875,59,56,SE,Seasonal q90,DJF,35
-23.200000762939453,-43.79998779296875,59,56,SE,Seasonal q90,MAM,57
-23.200000762939453,-43.79998779296875,59,56,SE,Seasonal q90,JJA,69
-23.200000762939453,-43.79998779296875,59,56,SE,Seasonal q90,SON,52
-23.200000762939453,-43.600006103515625,59,57,SE,Global q90,DJF,12
-23.200000762939453,-43.600006103515625,59,57,SE,Global q90,MAM,77
-23.200000762939453,-43.600006103515625,59,57,SE,Global q90,JJA,92
-23.200000762939453,-43.600006103515625,59,57,SE,Global q90,SON,46
-23.200000762939453,-43.600006103515625,59,57,SE,Seasonal q90,DJF,35
-23.200000762939453,-43.600006103515625,59,57,SE,Seasonal q90,MAM,56
-23.200000762939453,-43.600006103515625,59,57,SE,Seasonal q90,JJA,65
-23.200000762939453,-43.600006103515625,59,57,SE,Seasonal q90,SON,54
-23.200000762939453,-43.399993896484375,59,58,SE,Global q90,DJF,10
-23.200000762939453,-43.399993896484375,59,58,SE,Global q90,MAM,74
-23.200000762939453,-43.399993896484375,59,58,SE,Global q90,JJA,92
-23.200000762939453,-43.399993896484375,59,58,SE,Global q90,SON,42
-23.200000762939453,-43.399993896484375,59,58,SE,Seasonal q90,DJF,36
-23.200000762939453,-43.399993896484375,59,58,SE,Seasonal q90,MAM,56
-23.200000762939453,-43.399993896484375,59,58,SE,Seasonal q90,JJA,65
-23.200000762939453,-43.399993896484375,59,58,SE,Seasonal q90,SON,52
-23.200000762939453,-43.20001220703125,59,59,SE,Global q90,DJF,10
-23.200000762939453,-43.20001220703125,59,59,SE,Global q90,MAM,74
-23.200000762939453,-43.20001220703125,59,59,SE,Global q90,JJA,89
-23.200000762939453,-43.20001220703125,59,59,SE,Global q90,SON,40
-23.200000762939453,-43.20001220703125,59,59,SE,Seasonal q90,DJF,34
-23.200000762939453,-43.20001220703125,59,59,SE,Seasonal q90,MAM,54
-23.200000762939453,-43.20001220703125,59,59,SE,Seasonal q90,JJA,61
-23.200000762939453,-43.20001220703125,59,59,SE,Seasonal q90,SON,51
-23.200000762939453,-43.0,59,60,SE,Global q90,DJF,8
-23.200000762939453,-43.0,59,60,SE,Global q90,MAM,73
-23.200000762939453,-43.0,59,60,SE,Global q90,JJA,85
-23.200000762939453,-43.0,59,60,SE,Global q90,SON,37
-23.200000762939453,-43.0,59,60,SE,Seasonal q90,DJF,33
-23.200000762939453,-43.0,59,60,SE,Seasonal q90,MAM,54
-23.200000762939453,-43.0,59,60,SE,Seasonal q90,JJA,58
-23.200000762939453,-43.0,59,60,SE,Seasonal q90,SON,45
-23.200000762939453,-42.79998779296875,59,61,SE,Global q90,DJF,7
-23.200000762939453,-42.79998779296875,59,61,SE,Global q90,MAM,66
-23.200000762939453,-42.79998779296875,59,61,SE,Global q90,JJA,78
-23.200000762939453,-42.79998779296875,59,61,SE,Global q90,SON,39
-23.200000762939453,-42.79998779296875,59,61,SE,Seasonal q90,DJF,30
-23.200000762939453,-42.79998779296875,59,61,SE,Seasonal q90,MAM,52
-23.200000762939453,-42.79998779296875,59,61,SE,Seasonal q90,JJA,57
-23.200000762939453,-42.79998779296875,59,61,SE,Seasonal q90,SON,45
-23.200000762939453,-42.600006103515625,59,62,SE,Global q90,DJF,8
-23.200000762939453,-42.600006103515625,59,62,SE,Global q90,MAM,65
-23.200000762939453,-42.600006103515625,59,62,SE,Global q90,JJA,70
-23.200000762939453,-42.600006103515625,59,62,SE,Global q90,SON,36
-23.200000762939453,-42.600006103515625,59,62,SE,Seasonal q90,DJF,29
-23.200000762939453,-42.600006103515625,59,62,SE,Seasonal q90,MAM,49
-23.200000762939453,-42.600006103515625,59,62,SE,Seasonal q90,JJA,51
-23.200000762939453,-42.600006103515625,59,62,SE,Seasonal q90,SON,40
-23.200000762939453,-42.399993896484375,59,63,SE,Global q90,DJF,7
-23.200000762939453,-42.399993896484375,59,63,SE,Global q90,MAM,59
-23.200000762939453,-42.399993896484375,59,63,SE,Global q90,JJA,64
-23.200000762939453,-42.399993896484375,59,63,SE,Global q90,SON,36
-23.200000762939453,-42.399993896484375,59,63,SE,Seasonal q90,DJF,28
-23.200000762939453,-42.399993896484375,59,63,SE,Seasonal q90,MAM,50
-23.200000762939453,-42.399993896484375,59,63,SE,Seasonal q90,JJA,49
-23.200000762939453,-42.399993896484375,59,63,SE,Seasonal q90,SON,38
-23.200000762939453,-42.20001220703125,59,64,SE,Global q90,DJF,7
-23.200000762939453,-42.20001220703125,59,64,SE,Global q90,MAM,57
-23.200000762939453,-42.20001220703125,59,64,SE,Global q90,JJA,62
-23.200000762939453,-42.20001220703125,59,64,SE,Global q90,SON,34
-23.200000762939453,-42.20001220703125,59,64,SE,Seasonal q90,DJF,26
-23.200000762939453,-42.20001220703125,59,64,SE,Seasonal q90,MAM,48
-23.200000762939453,-42.20001220703125,59,64,SE,Seasonal q90,JJA,50
-23.200000762939453,-42.20001220703125,59,64,SE,Seasonal q90,SON,35
-23.200000762939453,-42.0,59,65,SE,Global q90,DJF,7
-23.200000762939453,-42.0,59,65,SE,Global q90,MAM,55
-23.200000762939453,-42.0,59,65,SE,Global q90,JJA,61
-23.200000762939453,-42.0,59,65,SE,Global q90,SON,35
-23.200000762939453,-42.0,59,65,SE,Seasonal q90,DJF,28
-23.200000762939453,-42.0,59,65,SE,Seasonal q90,MAM,44
-23.200000762939453,-42.0,59,65,SE,Seasonal q90,JJA,49
-23.200000762939453,-42.0,59,65,SE,Seasonal q90,SON,36
-23.200000762939453,-41.79998779296875,59,66,SE,Global q90,DJF,6
-23.200000762939453,-41.79998779296875,59,66,SE,Global q90,MAM,55
-23.200000762939453,-41.79998779296875,59,66,SE,Global q90,JJA,60
-23.200000762939453,-41.79998779296875,59,66,SE,Global q90,SON,33
-23.200000762939453,-41.79998779296875,59,66,SE,Seasonal q90,DJF,29
-23.200000762939453,-41.79998779296875,59,66,SE,Seasonal q90,MAM,42
-23.200000762939453,-41.79998779296875,59,66,SE,Seasonal q90,JJA,51
-23.200000762939453,-41.79998779296875,59,66,SE,Seasonal q90,SON,34
-23.0,-44.399993896484375,60,53,SE,Global q90,DJF,15
-23.0,-44.399993896484375,60,53,SE,Global q90,MAM,89
-23.0,-44.399993896484375,60,53,SE,Global q90,JJA,107
-23.0,-44.399993896484375,60,53,SE,Global q90,SON,58
-23.0,-44.399993896484375,60,53,SE,Seasonal q90,DJF,45
-23.0,-44.399993896484375,60,53,SE,Seasonal q90,MAM,74
-23.0,-44.399993896484375,60,53,SE,Seasonal q90,JJA,86
-23.0,-44.399993896484375,60,53,SE,Seasonal q90,SON,65
-23.0,-44.0,60,55,SE,Global q90,DJF,13
-23.0,-44.0,60,55,SE,Global q90,MAM,76
-23.0,-44.0,60,55,SE,Global q90,JJA,101
-23.0,-44.0,60,55,SE,Global q90,SON,54
-23.0,-44.0,60,55,SE,Seasonal q90,DJF,34
-23.0,-44.0,60,55,SE,Seasonal q90,MAM,66
-23.0,-44.0,60,55,SE,Seasonal q90,JJA,81
-23.0,-44.0,60,55,SE,Seasonal q90,SON,57
-23.0,-43.399993896484375,60,58,SE,Global q90,DJF,12
-23.0,-43.399993896484375,60,58,SE,Global q90,MAM,86
-23.0,-43.399993896484375,60,58,SE,Global q90,JJA,99
-23.0,-43.399993896484375,60,58,SE,Global q90,SON,48
-23.0,-43.399993896484375,60,58,SE,Seasonal q90,DJF,39
-23.0,-43.399993896484375,60,58,SE,Seasonal q90,MAM,71
-23.0,-43.399993896484375,60,58,SE,Seasonal q90,JJA,65
-23.0,-43.399993896484375,60,58,SE,Seasonal q90,SON,58
-23.0,-43.20001220703125,60,59,SE,Global q90,DJF,10
-23.0,-43.20001220703125,60,59,SE,Global q90,MAM,83
-23.0,-43.20001220703125,60,59,SE,Global q90,JJA,97
-23.0,-43.20001220703125,60,59,SE,Global q90,SON,46
-23.0,-43.20001220703125,60,59,SE,Seasonal q90,DJF,37
-23.0,-43.20001220703125,60,59,SE,Seasonal q90,MAM,70
-23.0,-43.20001220703125,60,59,SE,Seasonal q90,JJA,63
-23.0,-43.20001220703125,60,59,SE,Seasonal q90,SON,56
-23.0,-43.0,60,60,SE,Global q90,DJF,9
-23.0,-43.0,60,60,SE,Global q90,MAM,81
-23.0,-43.0,60,60,SE,Global q90,JJA,97
-23.0,-43.0,60,60,SE,Global q90,SON,42
-23.0,-43.0,60,60,SE,Seasonal q90,DJF,36
-23.0,-43.0,60,60,SE,Seasonal q90,MAM,65
-23.0,-43.0,60,60,SE,Seasonal q90,JJA,61
-23.0,-43.0,60,60,SE,Seasonal q90,SON,55
-23.0,-42.79998779296875,60,61,SE,Global q90,DJF,10
-23.0,-42.79998779296875,60,61,SE,Global q90,MAM,82
-23.0,-42.79998779296875,60,61,SE,Global q90,JJA,96
-23.0,-42.79998779296875,60,61,SE,Global q90,SON,42
-23.0,-42.79998779296875,60,61,SE,Seasonal q90,DJF,36
-23.0,-42.79998779296875,60,61,SE,Seasonal q90,MAM,65
-23.0,-42.79998779296875,60,61,SE,Seasonal q90,JJA,61
-23.0,-42.79998779296875,60,61,SE,Seasonal q90,SON,53
-23.0,-42.600006103515625,60,62,SE,Global q90,DJF,10
-23.0,-42.600006103515625,60,62,SE,Global q90,MAM,82
-23.0,-42.600006103515625,60,62,SE,Global q90,JJA,96
-23.0,-42.600006103515625,60,62,SE,Global q90,SON,39
-23.0,-42.600006103515625,60,62,SE,Seasonal q90,DJF,35
-23.0,-42.600006103515625,60,62,SE,Seasonal q90,MAM,64
-23.0,-42.600006103515625,60,62,SE,Seasonal q90,JJA,59
-23.0,-42.600006103515625,60,62,SE,Seasonal q90,SON,51
-23.0,-42.399993896484375,60,63,SE,Global q90,DJF,9
-23.0,-42.399993896484375,60,63,SE,Global q90,MAM,77
-23.0,-42.399993896484375,60,63,SE,Global q90,JJA,93
-23.0,-42.399993896484375,60,63,SE,Global q90,SON,39
-23.0,-42.399993896484375,60,63,SE,Seasonal q90,DJF,35
-23.0,-42.399993896484375,60,63,SE,Seasonal q90,MAM,63
-23.0,-42.399993896484375,60,63,SE,Seasonal q90,JJA,60
-23.0,-42.399993896484375,60,63,SE,Seasonal q90,SON,51
-23.0,-42.20001220703125,60,64,SE,Global q90,DJF,9
-23.0,-42.20001220703125,60,64,SE,Global q90,MAM,78
-23.0,-42.20001220703125,60,64,SE,Global q90,JJA,91
-23.0,-42.20001220703125,60,64,SE,Global q90,SON,39
-23.0,-42.20001220703125,60,64,SE,Seasonal q90,DJF,37
-23.0,-42.20001220703125,60,64,SE,Seasonal q90,MAM,64
-23.0,-42.20001220703125,60,64,SE,Seasonal q90,JJA,60
-23.0,-42.20001220703125,60,64,SE,Seasonal q90,SON,52
-23.0,-42.0,60,65,SE,Global q90,DJF,7
-23.0,-42.0,60,65,SE,Global q90,MAM,74
-23.0,-42.0,60,65,SE,Global q90,JJA,86
-23.0,-42.0,60,65,SE,Global q90,SON,34
-23.0,-42.0,60,65,SE,Seasonal q90,DJF,31
-23.0,-42.0,60,65,SE,Seasonal q90,MAM,54
-23.0,-42.0,60,65,SE,Seasonal q90,JJA,59
-23.0,-42.0,60,65,SE,Seasonal q90,SON,40
-23.0,-41.79998779296875,60,66,SE,Global q90,DJF,6
-23.0,-41.79998779296875,60,66,SE,Global q90,MAM,66
-23.0,-41.79998779296875,60,66,SE,Global q90,JJA,80
-23.0,-41.79998779296875,60,66,SE,Global q90,SON,31
-23.0,-41.79998779296875,60,66,SE,Seasonal q90,DJF,31
-23.0,-41.79998779296875,60,66,SE,Seasonal q90,MAM,49
-23.0,-41.79998779296875,60,66,SE,Seasonal q90,JJA,54
-23.0,-41.79998779296875,60,66,SE,Seasonal q90,SON,37
-23.0,-41.600006103515625,60,67,SE,Global q90,DJF,6
-23.0,-41.600006103515625,60,67,SE,Global q90,MAM,61
-23.0,-41.600006103515625,60,67,SE,Global q90,JJA,72
-23.0,-41.600006103515625,60,67,SE,Global q90,SON,33
-23.0,-41.600006103515625,60,67,SE,Seasonal q90,DJF,31
-23.0,-41.600006103515625,60,67,SE,Seasonal q90,MAM,44
-23.0,-41.600006103515625,60,67,SE,Seasonal q90,JJA,53
-23.0,-41.600006103515625,60,67,SE,Seasonal q90,SON,38
-22.799999237060547,-41.79998779296875,61,66,SE,Global q90,DJF,6
-22.799999237060547,-41.79998779296875,61,66,SE,Global q90,MAM,57
-22.799999237060547,-41.79998779296875,61,66,SE,Global q90,JJA,66
-22.799999237060547,-41.79998779296875,61,66,SE,Global q90,SON,34
-22.799999237060547,-41.79998779296875,61,66,SE,Seasonal q90,DJF,19
-22.799999237060547,-41.79998779296875,61,66,SE,Seasonal q90,MAM,44
-22.799999237060547,-41.79998779296875,61,66,SE,Seasonal q90,JJA,52
-22.799999237060547,-41.79998779296875,61,66,SE,Seasonal q90,SON,29
-22.799999237060547,-41.600006103515625,61,67,SE,Global q90,DJF,6
-22.799999237060547,-41.600006103515625,61,67,SE,Global q90,MAM,61
-22.799999237060547,-41.600006103515625,61,67,SE,Global q90,JJA,74
-22.799999237060547,-41.600006103515625,61,67,SE,Global q90,SON,33
-22.799999237060547,-41.600006103515625,61,67,SE,Seasonal q90,DJF,27
-22.799999237060547,-41.600006103515625,61,67,SE,Seasonal q90,MAM,45
-22.799999237060547,-41.600006103515625,61,67,SE,Seasonal q90,JJA,50
-22.799999237060547,-41.600006103515625,61,67,SE,Seasonal q90,SON,38
-22.600000381469727,-41.79998779296875,62,66,SE,Global q90,DJF,3
-22.600000381469727,-41.79998779296875,62,66,SE,Global q90,MAM,44
-22.600000381469727,-41.79998779296875,62,66,SE,Global q90,JJA,49
-22.600000381469727,-41.79998779296875,62,66,SE,Global q90,SON,29
-22.600000381469727,-41.79998779296875,62,66,SE,Seasonal q90,DJF,15
-22.600000381469727,-41.79998779296875,62,66,SE,Seasonal q90,MAM,32
-22.600000381469727,-41.79998779296875,62,66,SE,Seasonal q90,JJA,42
-22.600000381469727,-41.79998779296875,62,66,SE,Seasonal q90,SON,26
-22.600000381469727,-41.600006103515625,62,67,SE,Global q90,DJF,5
-22.600000381469727,-41.600006103515625,62,67,SE,Global q90,MAM,62
-22.600000381469727,-41.600006103515625,62,67,SE,Global q90,JJA,70
-22.600000381469727,-41.600006103515625,62,67,SE,Global q90,SON,33
-22.600000381469727,-41.600006103515625,62,67,SE,Seasonal q90,DJF,25
-22.600000381469727,-41.600006103515625,62,67,SE,Seasonal q90,MAM,44
-22.600000381469727,-41.600006103515625,62,67,SE,Seasonal q90,JJA,52
-22.600000381469727,-41.600006103515625,62,67,SE,Seasonal q90,SON,32
-22.600000381469727,-41.399993896484375,62,68,SE,Global q90,DJF,6
-22.600000381469727,-41.399993896484375,62,68,SE,Global q90,MAM,62
-22.600000381469727,-41.399993896484375,62,68,SE,Global q90,JJA,76
-22.600000381469727,-41.399993896484375,62,68,SE,Global q90,SON,33
-22.600000381469727,-41.399993896484375,62,68,SE,Seasonal q90,DJF,27
-22.600000381469727,-41.399993896484375,62,68,SE,Seasonal q90,MAM,45
-22.600000381469727,-41.399993896484375,62,68,SE,Seasonal q90,JJA,52
-22.600000381469727,-41.399993896484375,62,68,SE,Seasonal q90,SON,37
-22.399999618530273,-41.600006103515625,63,67,SE,Global q90,DJF,5
-22.399999618530273,-41.600006103515625,63,67,SE,Global q90,MAM,63
-22.399999618530273,-41.600006103515625,63,67,SE,Global q90,JJA,69
-22.399999618530273,-41.600006103515625,63,67,SE,Global q90,SON,30
-22.399999618530273,-41.600006103515625,63,67,SE,Seasonal q90,DJF,26
-22.399999618530273,-41.600006103515625,63,67,SE,Seasonal q90,MAM,45
-22.399999618530273,-41.600006103515625,63,67,SE,Seasonal q90,JJA,53
-22.399999618530273,-41.600006103515625,63,67,SE,Seasonal q90,SON,31
-22.399999618530273,-41.399993896484375,63,68,SE,Global q90,DJF,5
-22.399999618530273,-41.399993896484375,63,68,SE,Global q90,MAM,64
-22.399999618530273,-41.399993896484375,63,68,SE,Global q90,JJA,74
-22.399999618530273,-41.399993896484375,63,68,SE,Global q90,SON,32
-22.399999618530273,-41.399993896484375,63,68,SE,Seasonal q90,DJF,31
-22.399999618530273,-41.399993896484375,63,68,SE,Seasonal q90,MAM,46
-22.399999618530273,-41.399993896484375,63,68,SE,Seasonal q90,JJA,53
-22.399999618530273,-41.399993896484375,63,68,SE,Seasonal q90,SON,36
-22.399999618530273,-41.20001220703125,63,69,SE,Global q90,DJF,6
-22.399999618530273,-41.20001220703125,63,69,SE,Global q90,MAM,62
-22.399999618530273,-41.20001220703125,63,69,SE,Global q90,JJA,73
-22.399999618530273,-41.20001220703125,63,69,SE,Global q90,SON,34
-22.399999618530273,-41.20001220703125,63,69,SE,Seasonal q90,DJF,27
-22.399999618530273,-41.20001220703125,63,69,SE,Seasonal q90,MAM,44
-22.399999618530273,-41.20001220703125,63,69,SE,Seasonal q90,JJA,52
-22.399999618530273,-41.20001220703125,63,69,SE,Seasonal q90,SON,37
-22.399999618530273,-41.0,63,70,SE,Global q90,DJF,6
-22.399999618530273,-41.0,63,70,SE,Global q90,MAM,60
-22.399999618530273,-41.0,63,70,SE,Global q90,JJA,63
-22.399999618530273,-41.0,63,70,SE,Global q90,SON,30
-22.399999618530273,-41.0,63,70,SE,Seasonal q90,DJF,20
-22.399999618530273,-41.0,63,70,SE,Seasonal q90,MAM,36
-22.399999618530273,-41.0,63,70,SE,Seasonal q90,JJA,49
-22.399999618530273,-41.0,63,70,SE,Seasonal q90,SON,30
-22.399999618530273,-40.79998779296875,63,71,SE,Global q90,DJF,5
-22.399999618530273,-40.79998779296875,63,71,SE,Global q90,MAM,46
-22.399999618530273,-40.79998779296875,63,71,SE,Global q90,JJA,54
-22.399999618530273,-40.79998779296875,63,71,SE,Global q90,SON,29
-22.399999618530273,-40.79998779296875,63,71,SE,Seasonal q90,DJF,17
-22.399999618530273,-40.79998779296875,63,71,SE,Seasonal q90,MAM,30
-22.399999618530273,-40.79998779296875,63,71,SE,Seasonal q90,JJA,47
-22.399999618530273,-40.79998779296875,63,71,SE,Seasonal q90,SON,26
-22.200000762939453,-41.399993896484375,64,68,SE,Global q90,DJF,5
-22.200000762939453,-41.399993896484375,64,68,SE,Global q90,MAM,63
-22.200000762939453,-41.399993896484375,64,68,SE,Global q90,JJA,75
-22.200000762939453,-41.399993896484375,64,68,SE,Global q90,SON,36
-22.200000762939453,-41.399993896484375,64,68,SE,Seasonal q90,DJF,33
-22.200000762939453,-41.399993896484375,64,68,SE,Seasonal q90,MAM,50
-22.200000762939453,-41.399993896484375,64,68,SE,Seasonal q90,JJA,56
-22.200000762939453,-41.399993896484375,64,68,SE,Seasonal q90,SON,40
-22.200000762939453,-41.20001220703125,64,69,SE,Global q90,DJF,6
-22.200000762939453,-41.20001220703125,64,69,SE,Global q90,MAM,63
-22.200000762939453,-41.20001220703125,64,69,SE,Global q90,JJA,73
-22.200000762939453,-41.20001220703125,64,69,SE,Global q90,SON,35
-22.200000762939453,-41.20001220703125,64,69,SE,Seasonal q90,DJF,31
-22.200000762939453,-41.20001220703125,64,69,SE,Seasonal q90,MAM,48
-22.200000762939453,-41.20001220703125,64,69,SE,Seasonal q90,JJA,52
-22.200000762939453,-41.20001220703125,64,69,SE,Seasonal q90,SON,39
-22.200000762939453,-41.0,64,70,SE,Global q90,DJF,6
-22.200000762939453,-41.0,64,70,SE,Global q90,MAM,59
-22.200000762939453,-41.0,64,70,SE,Global q90,JJA,71
-22.200000762939453,-41.0,64,70,SE,Global q90,SON,38
-22.200000762939453,-41.0,64,70,SE,Seasonal q90,DJF,27
-22.200000762939453,-41.0,64,70,SE,Seasonal q90,MAM,44
-22.200000762939453,-41.0,64,70,SE,Seasonal q90,JJA,53
-22.200000762939453,-41.0,64,70,SE,Seasonal q90,SON,41
-22.200000762939453,-40.79998779296875,64,71,SE,Global q90,DJF,6
-22.200000762939453,-40.79998779296875,64,71,SE,Global q90,MAM,54
-22.200000762939453,-40.79998779296875,64,71,SE,Global q90,JJA,66
-22.200000762939453,-40.79998779296875,64,71,SE,Global q90,SON,33
-22.200000762939453,-40.79998779296875,64,71,SE,Seasonal q90,DJF,21
-22.200000762939453,-40.79998779296875,64,71,SE,Seasonal q90,MAM,37
-22.200000762939453,-40.79998779296875,64,71,SE,Seasonal q90,JJA,52
-22.200000762939453,-40.79998779296875,64,71,SE,Seasonal q90,SON,31
-22.200000762939453,-40.600006103515625,64,72,SE,Global q90,DJF,6
-22.200000762939453,-40.600006103515625,64,72,SE,Global q90,MAM,48
-22.200000762939453,-40.600006103515625,64,72,SE,Global q90,JJA,56
-22.200000762939453,-40.600006103515625,64,72,SE,Global q90,SON,29
-22.200000762939453,-40.600006103515625,64,72,SE,Seasonal q90,DJF,18
-22.200000762939453,-40.600006103515625,64,72,SE,Seasonal q90,MAM,31
-22.200000762939453,-40.600006103515625,64,72,SE,Seasonal q90,JJA,47
-22.200000762939453,-40.600006103515625,64,72,SE,Seasonal q90,SON,29
-22.0,-40.79998779296875,65,71,SE,Global q90,DJF,6
-22.0,-40.79998779296875,65,71,SE,Global q90,MAM,50
-22.0,-40.79998779296875,65,71,SE,Global q90,JJA,67
-22.0,-40.79998779296875,65,71,SE,Global q90,SON,40
-22.0,-40.79998779296875,65,71,SE,Seasonal q90,DJF,17
-22.0,-40.79998779296875,65,71,SE,Seasonal q90,MAM,41
-22.0,-40.79998779296875,65,71,SE,Seasonal q90,JJA,49
-22.0,-40.79998779296875,65,71,SE,Seasonal q90,SON,35
-22.0,-40.600006103515625,65,72,SE,Global q90,DJF,6
-22.0,-40.600006103515625,65,72,SE,Global q90,MAM,52
-22.0,-40.600006103515625,65,72,SE,Global q90,JJA,61
-22.0,-40.600006103515625,65,72,SE,Global q90,SON,32
-22.0,-40.600006103515625,65,72,SE,Seasonal q90,DJF,20
-22.0,-40.600006103515625,65,72,SE,Seasonal q90,MAM,37
-22.0,-40.600006103515625,65,72,SE,Seasonal q90,JJA,48
-22.0,-40.600006103515625,65,72,SE,Seasonal q90,SON,29
-21.799999237060547,-40.79998779296875,66,71,SE,Global q90,DJF,5
-21.799999237060547,-40.79998779296875,66,71,SE,Global q90,MAM,34
-21.799999237060547,-40.79998779296875,66,71,SE,Global q90,JJA,53
-21.799999237060547,-40.79998779296875,66,71,SE,Global q90,SON,45
-21.799999237060547,-40.79998779296875,66,71,SE,Seasonal q90,DJF,12
-21.799999237060547,-40.79998779296875,66,71,SE,Seasonal q90,MAM,38
-21.799999237060547,-40.79998779296875,66,71,SE,Seasonal q90,JJA,46
-21.799999237060547,-40.79998779296875,66,71,SE,Seasonal q90,SON,25
-21.799999237060547,-40.600006103515625,66,72,SE,Global q90,DJF,5
-21.799999237060547,-40.600006103515625,66,72,SE,Global q90,MAM,39
-21.799999237060547,-40.600006103515625,66,72,SE,Global q90,JJA,56
-21.799999237060547,-40.600006103515625,66,72,SE,Global q90,SON,35
-21.799999237060547,-40.600006103515625,66,72,SE,Seasonal q90,DJF,12
-21.799999237060547,-40.600006103515625,66,72,SE,Seasonal q90,MAM,34
-21.799999237060547,-40.600006103515625,66,72,SE,Seasonal q90,JJA,43
-21.799999237060547,-40.600006103515625,66,72,SE,Seasonal q90,SON,26
-21.600000381469727,-40.79998779296875,67,71,SE,Global q90,DJF,3
-21.600000381469727,-40.79998779296875,67,71,SE,Global q90,MAM,26
-21.600000381469727,-40.79998779296875,67,71,SE,Global q90,JJA,43
-21.600000381469727,-40.79998779296875,67,71,SE,Global q90,SON,38
-21.600000381469727,-40.79998779296875,67,71,SE,Seasonal q90,DJF,10
-21.600000381469727,-40.79998779296875,67,71,SE,Seasonal q90,MAM,31
-21.600000381469727,-40.79998779296875,67,71,SE,Seasonal q90,JJA,42
-21.600000381469727,-40.79998779296875,67,71,SE,Seasonal q90,SON,17
-21.600000381469727,-40.600006103515625,67,72,SE,Global q90,DJF,5
-21.600000381469727,-40.600006103515625,67,72,SE,Global q90,MAM,35
-21.600000381469727,-40.600006103515625,67,72,SE,Global q90,JJA,44
-21.600000381469727,-40.600006103515625,67,72,SE,Global q90,SON,32
-21.600000381469727,-40.600006103515625,67,72,SE,Seasonal q90,DJF,10
-21.600000381469727,-40.600006103515625,67,72,SE,Seasonal q90,MAM,30
-21.600000381469727,-40.600006103515625,67,72,SE,Seasonal q90,JJA,38
-21.600000381469727,-40.600006103515625,67,72,SE,Seasonal q90,SON,18
-21.399999618530273,-40.79998779296875,68,71,SE,Global q90,DJF,3
-21.399999618530273,-40.79998779296875,68,71,SE,Global q90,MAM,22
-21.399999618530273,-40.79998779296875,68,71,SE,Global q90,JJA,39
-21.399999618530273,-40.79998779296875,68,71,SE,Global q90,SON,40
-21.399999618530273,-40.79998779296875,68,71,SE,Seasonal q90,DJF,10
-21.399999618530273,-40.79998779296875,68,71,SE,Seasonal q90,MAM,30
-21.399999618530273,-40.79998779296875,68,71,SE,Seasonal q90,JJA,38
-21.399999618530273,-40.79998779296875,68,71,SE,Seasonal q90,SON,20
-21.399999618530273,-40.600006103515625,68,72,SE,Global q90,DJF,4
-21.399999618530273,-40.600006103515625,68,72,SE,Global q90,MAM,32
-21.399999618530273,-40.600006103515625,68,72,SE,Global q90,JJA,42
-21.399999618530273,-40.600006103515625,68,72,SE,Global q90,SON,35
-21.399999618530273,-40.600006103515625,68,72,SE,Seasonal q90,DJF,9
-21.399999618530273,-40.600006103515625,68,72,SE,Seasonal q90,MAM,29
-21.399999618530273,-40.600006103515625,68,72,SE,Seasonal q90,JJA,41
-21.399999618530273,-40.600006103515625,68,72,SE,Seasonal q90,SON,20
-21.200000762939453,-40.79998779296875,69,71,SE,Global q90,DJF,3
-21.200000762939453,-40.79998779296875,69,71,SE,Global q90,MAM,24
-21.200000762939453,-40.79998779296875,69,71,SE,Global q90,JJA,39
-21.200000762939453,-40.79998779296875,69,71,SE,Global q90,SON,34
-21.200000762939453,-40.79998779296875,69,71,SE,Seasonal q90,DJF,13
-21.200000762939453,-40.79998779296875,69,71,SE,Seasonal q90,MAM,30
-21.200000762939453,-40.79998779296875,69,71,SE,Seasonal q90,JJA,39
-21.200000762939453,-40.79998779296875,69,71,SE,Seasonal q90,SON,21
-21.200000762939453,-40.600006103515625,69,72,SE,Global q90,DJF,3
-21.200000762939453,-40.600006103515625,69,72,SE,Global q90,MAM,27
-21.200000762939453,-40.600006103515625,69,72,SE,Global q90,JJA,48
-21.200000762939453,-40.600006103515625,69,72,SE,Global q90,SON,38
-21.200000762939453,-40.600006103515625,69,72,SE,Seasonal q90,DJF,9
-21.200000762939453,-40.600006103515625,69,72,SE,Seasonal q90,MAM,30
-21.200000762939453,-40.600006103515625,69,72,SE,Seasonal q90,JJA,42
-21.200000762939453,-40.600006103515625,69,72,SE,Seasonal q90,SON,23
-21.200000762939453,-40.399993896484375,69,73,SE,Global q90,DJF,4
-21.200000762939453,-40.399993896484375,69,73,SE,Global q90,MAM,32
-21.200000762939453,-40.399993896484375,69,73,SE,Global q90,JJA,33
-21.200000762939453,-40.399993896484375,69,73,SE,Global q90,SON,31
-21.200000762939453,-40.399993896484375,69,73,SE,Seasonal q90,DJF,12
-21.200000762939453,-40.399993896484375,69,73,SE,Seasonal q90,MAM,22
-21.200000762939453,-40.399993896484375,69,73,SE,Seasonal q90,JJA,38
-21.200000762939453,-40.399993896484375,69,73,SE,Seasonal q90,SON,19
-21.0,-40.79998779296875,70,71,SE,Global q90,DJF,3
-21.0,-40.79998779296875,70,71,SE,Global q90,MAM,32
-21.0,-40.79998779296875,70,71,SE,Global q90,JJA,43
-21.0,-40.79998779296875,70,71,SE,Global q90,SON,34
-21.0,-40.79998779296875,70,71,SE,Seasonal q90,DJF,18
-21.0,-40.79998779296875,70,71,SE,Seasonal q90,MAM,27
-21.0,-40.79998779296875,70,71,SE,Seasonal q90,JJA,41
-21.0,-40.79998779296875,70,71,SE,Seasonal q90,SON,24
-21.0,-40.600006103515625,70,72,SE,Global q90,DJF,3
-21.0,-40.600006103515625,70,72,SE,Global q90,MAM,30
-21.0,-40.600006103515625,70,72,SE,Global q90,JJA,50
-21.0,-40.600006103515625,70,72,SE,Global q90,SON,38
-21.0,-40.600006103515625,70,72,SE,Seasonal q90,DJF,14
-21.0,-40.600006103515625,70,72,SE,Seasonal q90,MAM,25
-21.0,-40.600006103515625,70,72,SE,Seasonal q90,JJA,41
-21.0,-40.600006103515625,70,72,SE,Seasonal q90,SON,25
-21.0,-40.399993896484375,70,73,SE,Global q90,DJF,3
-21.0,-40.399993896484375,70,73,SE,Global q90,MAM,35
-21.0,-40.399993896484375,70,73,SE,Global q90,JJA,41
-21.0,-40.399993896484375,70,73,SE,Global q90,SON,31
-21.0,-40.399993896484375,70,73,SE,Seasonal q90,DJF,13
-21.0,-40.399993896484375,70,73,SE,Seasonal q90,MAM,22
-21.0,-40.399993896484375,70,73,SE,Seasonal q90,JJA,40
-21.0,-40.399993896484375,70,73,SE,Seasonal q90,SON,24
-21.0,-40.20001220703125,70,74,SE,Global q90,DJF,4
-21.0,-40.20001220703125,70,74,SE,Global q90,MAM,29
-21.0,-40.20001220703125,70,74,SE,Global q90,JJA,25
-21.0,-40.20001220703125,70,74,SE,Global q90,SON,28
-21.0,-40.20001220703125,70,74,SE,Seasonal q90,DJF,14
-21.0,-40.20001220703125,70,74,SE,Seasonal q90,MAM,18
-21.0,-40.20001220703125,70,74,SE,Seasonal q90,JJA,30
-21.0,-40.20001220703125,70,74,SE,Seasonal q90,SON,23
-21.0,-29.399993896484375,70,128,SE,Global q90,DJF,2
-21.0,-29.399993896484375,70,128,SE,Global q90,MAM,22
-21.0,-29.399993896484375,70,128,SE,Global q90,JJA,14
-21.0,-29.399993896484375,70,128,SE,Global q90,SON,17
-21.0,-29.399993896484375,70,128,SE,Seasonal q90,DJF,21
-21.0,-29.399993896484375,70,128,SE,Seasonal q90,MAM,14
-21.0,-29.399993896484375,70,128,SE,Seasonal q90,JJA,16
-21.0,-29.399993896484375,70,128,SE,Seasonal q90,SON,17
-21.0,-29.20001220703125,70,129,SE,Global q90,DJF,2
-21.0,-29.20001220703125,70,129,SE,Global q90,MAM,22
-21.0,-29.20001220703125,70,129,SE,Global q90,JJA,14
-21.0,-29.20001220703125,70,129,SE,Global q90,SON,16
-21.0,-29.20001220703125,70,129,SE,Seasonal q90,DJF,20
-21.0,-29.20001220703125,70,129,SE,Seasonal q90,MAM,15
-21.0,-29.20001220703125,70,129,SE,Seasonal q90,JJA,15
-21.0,-29.20001220703125,70,129,SE,Seasonal q90,SON,16
-20.799999237060547,-40.399993896484375,71,73,SE,Global q90,DJF,3
-20.799999237060547,-40.399993896484375,71,73,SE,Global q90,MAM,36
-20.799999237060547,-40.399993896484375,71,73,SE,Global q90,JJA,42
-20.799999237060547,-40.399993896484375,71,73,SE,Global q90,SON,31
-20.799999237060547,-40.399993896484375,71,73,SE,Seasonal q90,DJF,14
-20.799999237060547,-40.399993896484375,71,73,SE,Seasonal q90,MAM,25
-20.799999237060547,-40.399993896484375,71,73,SE,Seasonal q90,JJA,40
-20.799999237060547,-40.399993896484375,71,73,SE,Seasonal q90,SON,24
-20.799999237060547,-40.20001220703125,71,74,SE,Global q90,DJF,4
-20.799999237060547,-40.20001220703125,71,74,SE,Global q90,MAM,32
-20.799999237060547,-40.20001220703125,71,74,SE,Global q90,JJA,34
-20.799999237060547,-40.20001220703125,71,74,SE,Global q90,SON,29
-20.799999237060547,-40.20001220703125,71,74,SE,Seasonal q90,DJF,15
-20.799999237060547,-40.20001220703125,71,74,SE,Seasonal q90,MAM,21
-20.799999237060547,-40.20001220703125,71,74,SE,Seasonal q90,JJA,34
-20.799999237060547,-40.20001220703125,71,74,SE,Seasonal q90,SON,23
-20.799999237060547,-40.0,71,75,SE,Global q90,DJF,4
-20.799999237060547,-40.0,71,75,SE,Global q90,MAM,30
-20.799999237060547,-40.0,71,75,SE,Global q90,JJA,22
-20.799999237060547,-40.0,71,75,SE,Global q90,SON,26
-20.799999237060547,-40.0,71,75,SE,Seasonal q90,DJF,14
-20.799999237060547,-40.0,71,75,SE,Seasonal q90,MAM,19
-20.799999237060547,-40.0,71,75,SE,Seasonal q90,JJA,31
-20.799999237060547,-40.0,71,75,SE,Seasonal q90,SON,22
-20.799999237060547,-29.600006103515625,71,127,SE,Global q90,DJF,3
-20.799999237060547,-29.600006103515625,71,127,SE,Global q90,MAM,22
-20.799999237060547,-29.600006103515625,71,127,SE,Global q90,JJA,14
-20.799999237060547,-29.600006103515625,71,127,SE,Global q90,SON,18
-20.799999237060547,-29.600006103515625,71,127,SE,Seasonal q90,DJF,20
-20.799999237060547,-29.600006103515625,71,127,SE,Seasonal q90,MAM,14
-20.799999237060547,-29.600006103515625,71,127,SE,Seasonal q90,JJA,16
-20.799999237060547,-29.600006103515625,71,127,SE,Seasonal q90,SON,17
-20.799999237060547,-29.399993896484375,71,128,SE,Global q90,DJF,3
-20.799999237060547,-29.399993896484375,71,128,SE,Global q90,MAM,21
-20.799999237060547,-29.399993896484375,71,128,SE,Global q90,JJA,14
-20.799999237060547,-29.399993896484375,71,128,SE,Global q90,SON,17
-20.799999237060547,-29.399993896484375,71,128,SE,Seasonal q90,DJF,18
-20.799999237060547,-29.399993896484375,71,128,SE,Seasonal q90,MAM,14
-20.799999237060547,-29.399993896484375,71,128,SE,Seasonal q90,JJA,16
-20.799999237060547,-29.399993896484375,71,128,SE,Seasonal q90,SON,16
-20.799999237060547,-29.20001220703125,71,129,SE,Global q90,DJF,2
-20.799999237060547,-29.20001220703125,71,129,SE,Global q90,MAM,21
-20.799999237060547,-29.20001220703125,71,129,SE,Global q90,JJA,11
-20.799999237060547,-29.20001220703125,71,129,SE,Global q90,SON,17
-20.799999237060547,-29.20001220703125,71,129,SE,Seasonal q90,DJF,19
-20.799999237060547,-29.20001220703125,71,129,SE,Seasonal q90,MAM,15
-20.799999237060547,-29.20001220703125,71,129,SE,Seasonal q90,JJA,16
-20.799999237060547,-29.20001220703125,71,129,SE,Seasonal q90,SON,16
-20.799999237060547,-29.0,71,130,SE,Global q90,DJF,2
-20.799999237060547,-29.0,71,130,SE,Global q90,MAM,22
-20.799999237060547,-29.0,71,130,SE,Global q90,JJA,10
-20.799999237060547,-29.0,71,130,SE,Global q90,SON,16
-20.799999237060547,-29.0,71,130,SE,Seasonal q90,DJF,19
-20.799999237060547,-29.0,71,130,SE,Seasonal q90,MAM,15
-20.799999237060547,-29.0,71,130,SE,Seasonal q90,JJA,16
-20.799999237060547,-29.0,71,130,SE,Seasonal q90,SON,15
-20.799999237060547,-28.79998779296875,71,131,SE,Global q90,DJF,2
-20.799999237060547,-28.79998779296875,71,131,SE,Global q90,MAM,24
-20.799999237060547,-28.79998779296875,71,131,SE,Global q90,JJA,9
-20.799999237060547,-28.79998779296875,71,131,SE,Global q90,SON,16
-20.799999237060547,-28.79998779296875,71,131,SE,Seasonal q90,DJF,19
-20.799999237060547,-28.79998779296875,71,131,SE,Seasonal q90,MAM,16
-20.799999237060547,-28.79998779296875,71,131,SE,Seasonal q90,JJA,16
-20.799999237060547,-28.79998779296875,71,131,SE,Seasonal q90,SON,15
-20.799999237060547,-28.600006103515625,71,132,SE,Global q90,DJF,1
-20.799999237060547,-28.600006103515625,71,132,SE,Global q90,MAM,21
-20.799999237060547,-28.600006103515625,71,132,SE,Global q90,JJA,8
-20.799999237060547,-28.600006103515625,71,132,SE,Global q90,SON,16
-20.799999237060547,-28.600006103515625,71,132,SE,Seasonal q90,DJF,18
-20.799999237060547,-28.600006103515625,71,132,SE,Seasonal q90,MAM,18
-20.799999237060547,-28.600006103515625,71,132,SE,Seasonal q90,JJA,16
-20.799999237060547,-28.600006103515625,71,132,SE,Seasonal q90,SON,15
-20.600000381469727,-40.399993896484375,72,73,SE,Global q90,DJF,3
-20.600000381469727,-40.399993896484375,72,73,SE,Global q90,MAM,31
-20.600000381469727,-40.399993896484375,72,73,SE,Global q90,JJA,50
-20.600000381469727,-40.399993896484375,72,73,SE,Global q90,SON,34
-20.600000381469727,-40.399993896484375,72,73,SE,Seasonal q90,DJF,14
-20.600000381469727,-40.399993896484375,72,73,SE,Seasonal q90,MAM,27
-20.600000381469727,-40.399993896484375,72,73,SE,Seasonal q90,JJA,36
-20.600000381469727,-40.399993896484375,72,73,SE,Seasonal q90,SON,28
-20.600000381469727,-40.20001220703125,72,74,SE,Global q90,DJF,3
-20.600000381469727,-40.20001220703125,72,74,SE,Global q90,MAM,36
-20.600000381469727,-40.20001220703125,72,74,SE,Global q90,JJA,40
-20.600000381469727,-40.20001220703125,72,74,SE,Global q90,SON,30
-20.600000381469727,-40.20001220703125,72,74,SE,Seasonal q90,DJF,17
-20.600000381469727,-40.20001220703125,72,74,SE,Seasonal q90,MAM,24
-20.600000381469727,-40.20001220703125,72,74,SE,Seasonal q90,JJA,35
-20.600000381469727,-40.20001220703125,72,74,SE,Seasonal q90,SON,26
-20.600000381469727,-40.0,72,75,SE,Global q90,DJF,4
-20.600000381469727,-40.0,72,75,SE,Global q90,MAM,32
-20.600000381469727,-40.0,72,75,SE,Global q90,JJA,25
-20.600000381469727,-40.0,72,75,SE,Global q90,SON,27
-20.600000381469727,-40.0,72,75,SE,Seasonal q90,DJF,11
-20.600000381469727,-40.0,72,75,SE,Seasonal q90,MAM,19
-20.600000381469727,-40.0,72,75,SE,Seasonal q90,JJA,31
-20.600000381469727,-40.0,72,75,SE,Seasonal q90,SON,25
-20.600000381469727,-29.79998779296875,72,126,SE,Global q90,DJF,2
-20.600000381469727,-29.79998779296875,72,126,SE,Global q90,MAM,24
-20.600000381469727,-29.79998779296875,72,126,SE,Global q90,JJA,12
-20.600000381469727,-29.79998779296875,72,126,SE,Global q90,SON,17
-20.600000381469727,-29.79998779296875,72,126,SE,Seasonal q90,DJF,20
-20.600000381469727,-29.79998779296875,72,126,SE,Seasonal q90,MAM,14
-20.600000381469727,-29.79998779296875,72,126,SE,Seasonal q90,JJA,15
-20.600000381469727,-29.79998779296875,72,126,SE,Seasonal q90,SON,19
-20.600000381469727,-29.600006103515625,72,127,SE,Global q90,DJF,2
-20.600000381469727,-29.600006103515625,72,127,SE,Global q90,MAM,22
-20.600000381469727,-29.600006103515625,72,127,SE,Global q90,JJA,14
-20.600000381469727,-29.600006103515625,72,127,SE,Global q90,SON,18
-20.600000381469727,-29.600006103515625,72,127,SE,Seasonal q90,DJF,18
-20.600000381469727,-29.600006103515625,72,127,SE,Seasonal q90,MAM,14
-20.600000381469727,-29.600006103515625,72,127,SE,Seasonal q90,JJA,16
-20.600000381469727,-29.600006103515625,72,127,SE,Seasonal q90,SON,17
-20.600000381469727,-29.399993896484375,72,128,SE,Global q90,DJF,2
-20.600000381469727,-29.399993896484375,72,128,SE,Global q90,MAM,22
-20.600000381469727,-29.399993896484375,72,128,SE,Global q90,JJA,12
-20.600000381469727,-29.399993896484375,72,128,SE,Global q90,SON,17
-20.600000381469727,-29.399993896484375,72,128,SE,Seasonal q90,DJF,18
-20.600000381469727,-29.399993896484375,72,128,SE,Seasonal q90,MAM,14
-20.600000381469727,-29.399993896484375,72,128,SE,Seasonal q90,JJA,16
-20.600000381469727,-29.399993896484375,72,128,SE,Seasonal q90,SON,16
-20.600000381469727,-29.20001220703125,72,129,SE,Global q90,DJF,1
-20.600000381469727,-29.20001220703125,72,129,SE,Global q90,MAM,20
-20.600000381469727,-29.20001220703125,72,129,SE,Global q90,JJA,11
-20.600000381469727,-29.20001220703125,72,129,SE,Global q90,SON,17
-20.600000381469727,-29.20001220703125,72,129,SE,Seasonal q90,DJF,18
-20.600000381469727,-29.20001220703125,72,129,SE,Seasonal q90,MAM,16
-20.600000381469727,-29.20001220703125,72,129,SE,Seasonal q90,JJA,15
-20.600000381469727,-29.20001220703125,72,129,SE,Seasonal q90,SON,16
-20.600000381469727,-29.0,72,130,SE,Global q90,DJF,1
-20.600000381469727,-29.0,72,130,SE,Global q90,MAM,21
-20.600000381469727,-29.0,72,130,SE,Global q90,JJA,9
-20.600000381469727,-29.0,72,130,SE,Global q90,SON,15
-20.600000381469727,-29.0,72,130,SE,Seasonal q90,DJF,18
-20.600000381469727,-29.0,72,130,SE,Seasonal q90,MAM,16
-20.600000381469727,-29.0,72,130,SE,Seasonal q90,JJA,16
-20.600000381469727,-29.0,72,130,SE,Seasonal q90,SON,13
-20.600000381469727,-28.79998779296875,72,131,SE,Global q90,DJF,1
-20.600000381469727,-28.79998779296875,72,131,SE,Global q90,MAM,23
-20.600000381469727,-28.79998779296875,72,131,SE,Global q90,JJA,9
-20.600000381469727,-28.79998779296875,72,131,SE,Global q90,SON,15
-20.600000381469727,-28.79998779296875,72,131,SE,Seasonal q90,DJF,18
-20.600000381469727,-28.79998779296875,72,131,SE,Seasonal q90,MAM,18
-20.600000381469727,-28.79998779296875,72,131,SE,Seasonal q90,JJA,16
-20.600000381469727,-28.79998779296875,72,131,SE,Seasonal q90,SON,14
-20.600000381469727,-28.600006103515625,72,132,SE,Global q90,DJF,1
-20.600000381469727,-28.600006103515625,72,132,SE,Global q90,MAM,22
-20.600000381469727,-28.600006103515625,72,132,SE,Global q90,JJA,8
-20.600000381469727,-28.600006103515625,72,132,SE,Global q90,SON,15
-20.600000381469727,-28.600006103515625,72,132,SE,Seasonal q90,DJF,16
-20.600000381469727,-28.600006103515625,72,132,SE,Seasonal q90,MAM,17
-20.600000381469727,-28.600006103515625,72,132,SE,Seasonal q90,JJA,16
-20.600000381469727,-28.600006103515625,72,132,SE,Seasonal q90,SON,14
-20.399999618530273,-40.20001220703125,73,74,SE,Global q90,DJF,3
-20.399999618530273,-40.20001220703125,73,74,SE,Global q90,MAM,37
-20.399999618530273,-40.20001220703125,73,74,SE,Global q90,JJA,41
-20.399999618530273,-40.20001220703125,73,74,SE,Global q90,SON,33
-20.399999618530273,-40.20001220703125,73,74,SE,Seasonal q90,DJF,14
-20.399999618530273,-40.20001220703125,73,74,SE,Seasonal q90,MAM,23
-20.399999618530273,-40.20001220703125,73,74,SE,Seasonal q90,JJA,39
-20.399999618530273,-40.20001220703125,73,74,SE,Seasonal q90,SON,28
-20.399999618530273,-40.0,73,75,SE,Global q90,DJF,5
-20.399999618530273,-40.0,73,75,SE,Global q90,MAM,35
-20.399999618530273,-40.0,73,75,SE,Global q90,JJA,32
-20.399999618530273,-40.0,73,75,SE,Global q90,SON,30
-20.399999618530273,-40.0,73,75,SE,Seasonal q90,DJF,13
-20.399999618530273,-40.0,73,75,SE,Seasonal q90,MAM,22
-20.399999618530273,-40.0,73,75,SE,Seasonal q90,JJA,31
-20.399999618530273,-40.0,73,75,SE,Seasonal q90,SON,26
-20.399999618530273,-39.79998779296875,73,76,SE,Global q90,DJF,3
-20.399999618530273,-39.79998779296875,73,76,SE,Global q90,MAM,32
-20.399999618530273,-39.79998779296875,73,76,SE,Global q90,JJA,19
-20.399999618530273,-39.79998779296875,73,76,SE,Global q90,SON,26
-20.399999618530273,-39.79998779296875,73,76,SE,Seasonal q90,DJF,14
-20.399999618530273,-39.79998779296875,73,76,SE,Seasonal q90,MAM,18
-20.399999618530273,-39.79998779296875,73,76,SE,Seasonal q90,JJA,27
-20.399999618530273,-39.79998779296875,73,76,SE,Seasonal q90,SON,22
-20.399999618530273,-29.600006103515625,73,127,SE,Global q90,DJF,1
-20.399999618530273,-29.600006103515625,73,127,SE,Global q90,MAM,23
-20.399999618530273,-29.600006103515625,73,127,SE,Global q90,JJA,12
-20.399999618530273,-29.600006103515625,73,127,SE,Global q90,SON,17
-20.399999618530273,-29.600006103515625,73,127,SE,Seasonal q90,DJF,18
-20.399999618530273,-29.600006103515625,73,127,SE,Seasonal q90,MAM,13
-20.399999618530273,-29.600006103515625,73,127,SE,Seasonal q90,JJA,15
-20.399999618530273,-29.600006103515625,73,127,SE,Seasonal q90,SON,18
-20.399999618530273,-29.399993896484375,73,128,SE,Global q90,DJF,1
-20.399999618530273,-29.399993896484375,73,128,SE,Global q90,MAM,22
-20.399999618530273,-29.399993896484375,73,128,SE,Global q90,JJA,12
-20.399999618530273,-29.399993896484375,73,128,SE,Global q90,SON,17
-20.399999618530273,-29.399993896484375,73,128,SE,Seasonal q90,DJF,17
-20.399999618530273,-29.399993896484375,73,128,SE,Seasonal q90,MAM,14
-20.399999618530273,-29.399993896484375,73,128,SE,Seasonal q90,JJA,15
-20.399999618530273,-29.399993896484375,73,128,SE,Seasonal q90,SON,17
-20.399999618530273,-29.20001220703125,73,129,SE,Global q90,DJF,1
-20.399999618530273,-29.20001220703125,73,129,SE,Global q90,MAM,19
-20.399999618530273,-29.20001220703125,73,129,SE,Global q90,JJA,11
-20.399999618530273,-29.20001220703125,73,129,SE,Global q90,SON,16
-20.399999618530273,-29.20001220703125,73,129,SE,Seasonal q90,DJF,17
-20.399999618530273,-29.20001220703125,73,129,SE,Seasonal q90,MAM,14
-20.399999618530273,-29.20001220703125,73,129,SE,Seasonal q90,JJA,14
-20.399999618530273,-29.20001220703125,73,129,SE,Seasonal q90,SON,15
-20.399999618530273,-29.0,73,130,SE,Global q90,DJF,1
-20.399999618530273,-29.0,73,130,SE,Global q90,MAM,20
-20.399999618530273,-29.0,73,130,SE,Global q90,JJA,9
-20.399999618530273,-29.0,73,130,SE,Global q90,SON,16
-20.399999618530273,-29.0,73,130,SE,Seasonal q90,DJF,17
-20.399999618530273,-29.0,73,130,SE,Seasonal q90,MAM,14
-20.399999618530273,-29.0,73,130,SE,Seasonal q90,JJA,15
-20.399999618530273,-29.0,73,130,SE,Seasonal q90,SON,15
-20.399999618530273,-28.79998779296875,73,131,SE,Global q90,DJF,1
-20.399999618530273,-28.79998779296875,73,131,SE,Global q90,MAM,23
-20.399999618530273,-28.79998779296875,73,131,SE,Global q90,JJA,9
-20.399999618530273,-28.79998779296875,73,131,SE,Global q90,SON,16
-20.399999618530273,-28.79998779296875,73,131,SE,Seasonal q90,DJF,17
-20.399999618530273,-28.79998779296875,73,131,SE,Seasonal q90,MAM,16
-20.399999618530273,-28.79998779296875,73,131,SE,Seasonal q90,JJA,15
-20.399999618530273,-28.79998779296875,73,131,SE,Seasonal q90,SON,15
-20.399999618530273,-28.600006103515625,73,132,SE,Global q90,DJF,1
-20.399999618530273,-28.600006103515625,73,132,SE,Global q90,MAM,22
-20.399999618530273,-28.600006103515625,73,132,SE,Global q90,JJA,8
-20.399999618530273,-28.600006103515625,73,132,SE,Global q90,SON,15
-20.399999618530273,-28.600006103515625,73,132,SE,Seasonal q90,DJF,16
-20.399999618530273,-28.600006103515625,73,132,SE,Seasonal q90,MAM,17
-20.399999618530273,-28.600006103515625,73,132,SE,Seasonal q90,JJA,15
-20.399999618530273,-28.600006103515625,73,132,SE,Seasonal q90,SON,13
-20.200000762939453,-40.0,74,75,SE,Global q90,DJF,3
-20.200000762939453,-40.0,74,75,SE,Global q90,MAM,38
-20.200000762939453,-40.0,74,75,SE,Global q90,JJA,35
-20.200000762939453,-40.0,74,75,SE,Global q90,SON,29
-20.200000762939453,-40.0,74,75,SE,Seasonal q90,DJF,14
-20.200000762939453,-40.0,74,75,SE,Seasonal q90,MAM,27
-20.200000762939453,-40.0,74,75,SE,Seasonal q90,JJA,32
-20.200000762939453,-40.0,74,75,SE,Seasonal q90,SON,27
-20.200000762939453,-39.79998779296875,74,76,SE,Global q90,DJF,2
-20.200000762939453,-39.79998779296875,74,76,SE,Global q90,MAM,33
-20.200000762939453,-39.79998779296875,74,76,SE,Global q90,JJA,25
-20.200000762939453,-39.79998779296875,74,76,SE,Global q90,SON,28
-20.200000762939453,-39.79998779296875,74,76,SE,Seasonal q90,DJF,12
-20.200000762939453,-39.79998779296875,74,76,SE,Seasonal q90,MAM,21
-20.200000762939453,-39.79998779296875,74,76,SE,Seasonal q90,JJA,27
-20.200000762939453,-39.79998779296875,74,76,SE,Seasonal q90,SON,24
-20.200000762939453,-29.600006103515625,74,127,SE,Global q90,DJF,1
-20.200000762939453,-29.600006103515625,74,127,SE,Global q90,MAM,21
-20.200000762939453,-29.600006103515625,74,127,SE,Global q90,JJA,10
-20.200000762939453,-29.600006103515625,74,127,SE,Global q90,SON,19
-20.200000762939453,-29.600006103515625,74,127,SE,Seasonal q90,DJF,18
-20.200000762939453,-29.600006103515625,74,127,SE,Seasonal q90,MAM,12
-20.200000762939453,-29.600006103515625,74,127,SE,Seasonal q90,JJA,14
-20.200000762939453,-29.600006103515625,74,127,SE,Seasonal q90,SON,17
-20.200000762939453,-29.399993896484375,74,128,SE,Global q90,DJF,1
-20.200000762939453,-29.399993896484375,74,128,SE,Global q90,MAM,23
-20.200000762939453,-29.399993896484375,74,128,SE,Global q90,JJA,10
-20.200000762939453,-29.399993896484375,74,128,SE,Global q90,SON,18
-20.200000762939453,-29.399993896484375,74,128,SE,Seasonal q90,DJF,15
-20.200000762939453,-29.399993896484375,74,128,SE,Seasonal q90,MAM,13
-20.200000762939453,-29.399993896484375,74,128,SE,Seasonal q90,JJA,15
-20.200000762939453,-29.399993896484375,74,128,SE,Seasonal q90,SON,17
-20.200000762939453,-29.20001220703125,74,129,SE,Global q90,DJF,1
-20.200000762939453,-29.20001220703125,74,129,SE,Global q90,MAM,20
-20.200000762939453,-29.20001220703125,74,129,SE,Global q90,JJA,10
-20.200000762939453,-29.20001220703125,74,129,SE,Global q90,SON,16
-20.200000762939453,-29.20001220703125,74,129,SE,Seasonal q90,DJF,14
-20.200000762939453,-29.20001220703125,74,129,SE,Seasonal q90,MAM,13
-20.200000762939453,-29.20001220703125,74,129,SE,Seasonal q90,JJA,14
-20.200000762939453,-29.20001220703125,74,129,SE,Seasonal q90,SON,15
-20.200000762939453,-29.0,74,130,SE,Global q90,DJF,1
-20.200000762939453,-29.0,74,130,SE,Global q90,MAM,21
-20.200000762939453,-29.0,74,130,SE,Global q90,JJA,10
-20.200000762939453,-29.0,74,130,SE,Global q90,SON,16
-20.200000762939453,-29.0,74,130,SE,Seasonal q90,DJF,15
-20.200000762939453,-29.0,74,130,SE,Seasonal q90,MAM,14
-20.200000762939453,-29.0,74,130,SE,Seasonal q90,JJA,14
-20.200000762939453,-29.0,74,130,SE,Seasonal q90,SON,14
-20.200000762939453,-28.79998779296875,74,131,SE,Global q90,DJF,1
-20.200000762939453,-28.79998779296875,74,131,SE,Global q90,MAM,21
-20.200000762939453,-28.79998779296875,74,131,SE,Global q90,JJA,10
-20.200000762939453,-28.79998779296875,74,131,SE,Global q90,SON,14
-20.200000762939453,-28.79998779296875,74,131,SE,Seasonal q90,DJF,15
-20.200000762939453,-28.79998779296875,74,131,SE,Seasonal q90,MAM,16
-20.200000762939453,-28.79998779296875,74,131,SE,Seasonal q90,JJA,16
-20.200000762939453,-28.79998779296875,74,131,SE,Seasonal q90,SON,14
-20.200000762939453,-28.600006103515625,74,132,SE,Global q90,DJF,1
-20.200000762939453,-28.600006103515625,74,132,SE,Global q90,MAM,21
-20.200000762939453,-28.600006103515625,74,132,SE,Global q90,JJA,10
-20.200000762939453,-28.600006103515625,74,132,SE,Global q90,SON,14
-20.200000762939453,-28.600006103515625,74,132,SE,Seasonal q90,DJF,14
-20.200000762939453,-28.600006103515625,74,132,SE,Seasonal q90,MAM,17
-20.200000762939453,-28.600006103515625,74,132,SE,Seasonal q90,JJA,15
-20.200000762939453,-28.600006103515625,74,132,SE,Seasonal q90,SON,13
-20.0,-40.0,75,75,SE,Global q90,DJF,3
-20.0,-40.0,75,75,SE,Global q90,MAM,39
-20.0,-40.0,75,75,SE,Global q90,JJA,40
-20.0,-40.0,75,75,SE,Global q90,SON,30
-20.0,-40.0,75,75,SE,Seasonal q90,DJF,17
-20.0,-40.0,75,75,SE,Seasonal q90,MAM,25
-20.0,-40.0,75,75,SE,Seasonal q90,JJA,33
-20.0,-40.0,75,75,SE,Seasonal q90,SON,27
-20.0,-39.79998779296875,75,76,SE,Global q90,DJF,4
-20.0,-39.79998779296875,75,76,SE,Global q90,MAM,35
-20.0,-39.79998779296875,75,76,SE,Global q90,JJA,31
-20.0,-39.79998779296875,75,76,SE,Global q90,SON,30
-20.0,-39.79998779296875,75,76,SE,Seasonal q90,DJF,13
-20.0,-39.79998779296875,75,76,SE,Seasonal q90,MAM,22
-20.0,-39.79998779296875,75,76,SE,Seasonal q90,JJA,29
-20.0,-39.79998779296875,75,76,SE,Seasonal q90,SON,25
-20.0,-39.600006103515625,75,77,SE,Global q90,DJF,2
-20.0,-39.600006103515625,75,77,SE,Global q90,MAM,29
-20.0,-39.600006103515625,75,77,SE,Global q90,JJA,19
-20.0,-39.600006103515625,75,77,SE,Global q90,SON,23
-20.0,-39.600006103515625,75,77,SE,Seasonal q90,DJF,12
-20.0,-39.600006103515625,75,77,SE,Seasonal q90,MAM,21
-20.0,-39.600006103515625,75,77,SE,Seasonal q90,JJA,27
-20.0,-39.600006103515625,75,77,SE,Seasonal q90,SON,21
-19.799999237060547,-40.0,76,75,SE,Global q90,DJF,5
-19.799999237060547,-40.0,76,75,SE,Global q90,MAM,44
-19.799999237060547,-40.0,76,75,SE,Global q90,JJA,41
-19.799999237060547,-40.0,76,75,SE,Global q90,SON,35
-19.799999237060547,-40.0,76,75,SE,Seasonal q90,DJF,21
-19.799999237060547,-40.0,76,75,SE,Seasonal q90,MAM,32
-19.799999237060547,-40.0,76,75,SE,Seasonal q90,JJA,38
-19.799999237060547,-40.0,76,75,SE,Seasonal q90,SON,33
-19.799999237060547,-39.79998779296875,76,76,SE,Global q90,DJF,4
-19.799999237060547,-39.79998779296875,76,76,SE,Global q90,MAM,40
-19.799999237060547,-39.79998779296875,76,76,SE,Global q90,JJA,40
-19.799999237060547,-39.79998779296875,76,76,SE,Global q90,SON,34
-19.799999237060547,-39.79998779296875,76,76,SE,Seasonal q90,DJF,17
-19.799999237060547,-39.79998779296875,76,76,SE,Seasonal q90,MAM,28
-19.799999237060547,-39.79998779296875,76,76,SE,Seasonal q90,JJA,33
-19.799999237060547,-39.79998779296875,76,76,SE,Seasonal q90,SON,29
-19.799999237060547,-39.600006103515625,76,77,SE,Global q90,DJF,3
-19.799999237060547,-39.600006103515625,76,77,SE,Global q90,MAM,34
-19.799999237060547,-39.600006103515625,76,77,SE,Global q90,JJA,29
-19.799999237060547,-39.600006103515625,76,77,SE,Global q90,SON,31
-19.799999237060547,-39.600006103515625,76,77,SE,Seasonal q90,DJF,14
-19.799999237060547,-39.600006103515625,76,77,SE,Seasonal q90,MAM,20
-19.799999237060547,-39.600006103515625,76,77,SE,Seasonal q90,JJA,29
-19.799999237060547,-39.600006103515625,76,77,SE,Seasonal q90,SON,26
-19.799999237060547,-39.399993896484375,76,78,SE,Global q90,DJF,2
-19.799999237060547,-39.399993896484375,76,78,SE,Global q90,MAM,30
-19.799999237060547,-39.399993896484375,76,78,SE,Global q90,JJA,21
-19.799999237060547,-39.399993896484375,76,78,SE,Global q90,SON,24
-19.799999237060547,-39.399993896484375,76,78,SE,Seasonal q90,DJF,12
-19.799999237060547,-39.399993896484375,76,78,SE,Seasonal q90,MAM,21
-19.799999237060547,-39.399993896484375,76,78,SE,Seasonal q90,JJA,25
-19.799999237060547,-39.399993896484375,76,78,SE,Seasonal q90,SON,21
-19.600000381469727,-39.600006103515625,77,77,SE,Global q90,DJF,3
-19.600000381469727,-39.600006103515625,77,77,SE,Global q90,MAM,36
-19.600000381469727,-39.600006103515625,77,77,SE,Global q90,JJA,35
-19.600000381469727,-39.600006103515625,77,77,SE,Global q90,SON,34
-19.600000381469727,-39.600006103515625,77,77,SE,Seasonal q90,DJF,15
-19.600000381469727,-39.600006103515625,77,77,SE,Seasonal q90,MAM,24
-19.600000381469727,-39.600006103515625,77,77,SE,Seasonal q90,JJA,33
-19.600000381469727,-39.600006103515625,77,77,SE,Seasonal q90,SON,27
-19.600000381469727,-39.399993896484375,77,78,SE,Global q90,DJF,2
-19.600000381469727,-39.399993896484375,77,78,SE,Global q90,MAM,30
-19.600000381469727,-39.399993896484375,77,78,SE,Global q90,JJA,27
-19.600000381469727,-39.399993896484375,77,78,SE,Global q90,SON,31
-19.600000381469727,-39.399993896484375,77,78,SE,Seasonal q90,DJF,13
-19.600000381469727,-39.399993896484375,77,78,SE,Seasonal q90,MAM,19
-19.600000381469727,-39.399993896484375,77,78,SE,Seasonal q90,JJA,28
-19.600000381469727,-39.399993896484375,77,78,SE,Seasonal q90,SON,21
-19.399999618530273,-39.600006103515625,78,77,SE,Global q90,DJF,3
-19.399999618530273,-39.600006103515625,78,77,SE,Global q90,MAM,35
-19.399999618530273,-39.600006103515625,78,77,SE,Global q90,JJA,36
-19.399999618530273,-39.600006103515625,78,77,SE,Global q90,SON,32
-19.399999618530273,-39.600006103515625,78,77,SE,Seasonal q90,DJF,13
-19.399999618530273,-39.600006103515625,78,77,SE,Seasonal q90,MAM,27
-19.399999618530273,-39.600006103515625,78,77,SE,Seasonal q90,JJA,35
-19.399999618530273,-39.600006103515625,78,77,SE,Seasonal q90,SON,26
-19.399999618530273,-39.399993896484375,78,78,SE,Global q90,DJF,2
-19.399999618530273,-39.399993896484375,78,78,SE,Global q90,MAM,31
-19.399999618530273,-39.399993896484375,78,78,SE,Global q90,JJA,27
-19.399999618530273,-39.399993896484375,78,78,SE,Global q90,SON,29
-19.399999618530273,-39.399993896484375,78,78,SE,Seasonal q90,DJF,12
-19.399999618530273,-39.399993896484375,78,78,SE,Seasonal q90,MAM,22
-19.399999618530273,-39.399993896484375,78,78,SE,Seasonal q90,JJA,32
-19.399999618530273,-39.399993896484375,78,78,SE,Seasonal q90,SON,25
-19.200000762939453,-39.600006103515625,79,77,SE,Global q90,DJF,1
-19.200000762939453,-39.600006103515625,79,77,SE,Global q90,MAM,30
-19.200000762939453,-39.600006103515625,79,77,SE,Global q90,JJA,30
-19.200000762939453,-39.600006103515625,79,77,SE,Global q90,SON,33
-19.200000762939453,-39.600006103515625,79,77,SE,Seasonal q90,DJF,14
-19.200000762939453,-39.600006103515625,79,77,SE,Seasonal q90,MAM,23
-19.200000762939453,-39.600006103515625,79,77,SE,Seasonal q90,JJA,31
-19.200000762939453,-39.600006103515625,79,77,SE,Seasonal q90,SON,26
-19.200000762939453,-39.399993896484375,79,78,SE,Global q90,DJF,2
-19.200000762939453,-39.399993896484375,79,78,SE,Global q90,MAM,31
-19.200000762939453,-39.399993896484375,79,78,SE,Global q90,JJA,29
-19.200000762939453,-39.399993896484375,79,78,SE,Global q90,SON,30
-19.200000762939453,-39.399993896484375,79,78,SE,Seasonal q90,DJF,12
-19.200000762939453,-39.399993896484375,79,78,SE,Seasonal q90,MAM,22
-19.200000762939453,-39.399993896484375,79,78,SE,Seasonal q90,JJA,29
-19.200000762939453,-39.399993896484375,79,78,SE,Seasonal q90,SON,23
-19.0,-39.600006103515625,80,77,SE,Global q90,DJF,0
-19.0,-39.600006103515625,80,77,SE,Global q90,MAM,26
-19.0,-39.600006103515625,80,77,SE,Global q90,JJA,29
-19.0,-39.600006103515625,80,77,SE,Global q90,SON,35
-19.0,-39.600006103515625,80,77,SE,Seasonal q90,DJF,13
-19.0,-39.600006103515625,80,77,SE,Seasonal q90,MAM,22
-19.0,-39.600006103515625,80,77,SE,Seasonal q90,JJA,29
-19.0,-39.600006103515625,80,77,SE,Seasonal q90,SON,25
-19.0,-39.399993896484375,80,78,SE,Global q90,DJF,2
-19.0,-39.399993896484375,80,78,SE,Global q90,MAM,29
-19.0,-39.399993896484375,80,78,SE,Global q90,JJA,30
-19.0,-39.399993896484375,80,78,SE,Global q90,SON,32
-19.0,-39.399993896484375,80,78,SE,Seasonal q90,DJF,10
-19.0,-39.399993896484375,80,78,SE,Seasonal q90,MAM,23
-19.0,-39.399993896484375,80,78,SE,Seasonal q90,JJA,29
-19.0,-39.399993896484375,80,78,SE,Seasonal q90,SON,22
-18.799999237060547,-39.600006103515625,81,77,SE,Global q90,DJF,1
-18.799999237060547,-39.600006103515625,81,77,SE,Global q90,MAM,25
-18.799999237060547,-39.600006103515625,81,77,SE,Global q90,JJA,29
-18.799999237060547,-39.600006103515625,81,77,SE,Global q90,SON,39
-18.799999237060547,-39.600006103515625,81,77,SE,Seasonal q90,DJF,11
-18.799999237060547,-39.600006103515625,81,77,SE,Seasonal q90,MAM,22
-18.799999237060547,-39.600006103515625,81,77,SE,Seasonal q90,JJA,30
-18.799999237060547,-39.600006103515625,81,77,SE,Seasonal q90,SON,23
-18.799999237060547,-39.399993896484375,81,78,SE,Global q90,DJF,0
-18.799999237060547,-39.399993896484375,81,78,SE,Global q90,MAM,26
-18.799999237060547,-39.399993896484375,81,78,SE,Global q90,JJA,30
-18.799999237060547,-39.399993896484375,81,78,SE,Global q90,SON,33
-18.799999237060547,-39.399993896484375,81,78,SE,Seasonal q90,DJF,11
-18.799999237060547,-39.399993896484375,81,78,SE,Seasonal q90,MAM,20
-18.799999237060547,-39.399993896484375,81,78,SE,Seasonal q90,JJA,28
-18.799999237060547,-39.399993896484375,81,78,SE,Seasonal q90,SON,22
-18.600000381469727,-39.600006103515625,82,77,SE,Global q90,DJF,1
-18.600000381469727,-39.600006103515625,82,77,SE,Global q90,MAM,23
-18.600000381469727,-39.600006103515625,82,77,SE,Global q90,JJA,32
-18.600000381469727,-39.600006103515625,82,77,SE,Global q90,SON,42
-18.600000381469727,-39.600006103515625,82,77,SE,Seasonal q90,DJF,11
-18.600000381469727,-39.600006103515625,82,77,SE,Seasonal q90,MAM,22
-18.600000381469727,-39.600006103515625,82,77,SE,Seasonal q90,JJA,30
-18.600000381469727,-39.600006103515625,82,77,SE,Seasonal q90,SON,22
-18.600000381469727,-39.399993896484375,82,78,SE,Global q90,DJF,0
-18.600000381469727,-39.399993896484375,82,78,SE,Global q90,MAM,26
-18.600000381469727,-39.399993896484375,82,78,SE,Global q90,JJA,31
-18.600000381469727,-39.399993896484375,82,78,SE,Global q90,SON,35
-18.600000381469727,-39.399993896484375,82,78,SE,Seasonal q90,DJF,12
-18.600000381469727,-39.399993896484375,82,78,SE,Seasonal q90,MAM,21
-18.600000381469727,-39.399993896484375,82,78,SE,Seasonal q90,JJA,31
-18.600000381469727,-39.399993896484375,82,78,SE,Seasonal q90,SON,22
-18.399999618530273,-39.600006103515625,83,77,SE,Global q90,DJF,0
-18.399999618530273,-39.600006103515625,83,77,SE,Global q90,MAM,24
-18.399999618530273,-39.600006103515625,83,77,SE,Global q90,JJA,32
-18.399999618530273,-39.600006103515625,83,77,SE,Global q90,SON,42
-18.399999618530273,-39.600006103515625,83,77,SE,Seasonal q90,DJF,12
-18.399999618530273,-39.600006103515625,83,77,SE,Seasonal q90,MAM,19
-18.399999618530273,-39.600006103515625,83,77,SE,Seasonal q90,JJA,29
-18.399999618530273,-39.600006103515625,83,77,SE,Seasonal q90,SON,22
-18.399999618530273,-39.399993896484375,83,78,SE,Global q90,DJF,0
-18.399999618530273,-39.399993896484375,83,78,SE,Global q90,MAM,27
-18.399999618530273,-39.399993896484375,83,78,SE,Global q90,JJA,32
-18.399999618530273,-39.399993896484375,83,78,SE,Global q90,SON,39
-18.399999618530273,-39.399993896484375,83,78,SE,Seasonal q90,DJF,11
-18.399999618530273,-39.399993896484375,83,78,SE,Seasonal q90,MAM,20
-18.399999618530273,-39.399993896484375,83,78,SE,Seasonal q90,JJA,33
-18.399999618530273,-39.399993896484375,83,78,SE,Seasonal q90,SON,25
-18.200000762939453,-39.399993896484375,84,78,NE,Global q90,DJF,1
-18.200000762939453,-39.399993896484375,84,78,NE,Global q90,MAM,27
-18.200000762939453,-39.399993896484375,84,78,NE,Global q90,JJA,36
-18.200000762939453,-39.399993896484375,84,78,NE,Global q90,SON,40
-18.200000762939453,-39.399993896484375,84,78,NE,Seasonal q90,DJF,11
-18.200000762939453,-39.399993896484375,84,78,NE,Seasonal q90,MAM,23
-18.200000762939453,-39.399993896484375,84,78,NE,Seasonal q90,JJA,34
-18.200000762939453,-39.399993896484375,84,78,NE,Seasonal q90,SON,29
-18.200000762939453,-39.20001220703125,84,79,NE,Global q90,DJF,2
-18.200000762939453,-39.20001220703125,84,79,NE,Global q90,MAM,26
-18.200000762939453,-39.20001220703125,84,79,NE,Global q90,JJA,31
-18.200000762939453,-39.20001220703125,84,79,NE,Global q90,SON,38
-18.200000762939453,-39.20001220703125,84,79,NE,Seasonal q90,DJF,9
-18.200000762939453,-39.20001220703125,84,79,NE,Seasonal q90,MAM,22
-18.200000762939453,-39.20001220703125,84,79,NE,Seasonal q90,JJA,31
-18.200000762939453,-39.20001220703125,84,79,NE,Seasonal q90,SON,28
-18.200000762939453,-39.0,84,80,NE,Global q90,DJF,1
-18.200000762939453,-39.0,84,80,NE,Global q90,MAM,26
-18.200000762939453,-39.0,84,80,NE,Global q90,JJA,29
-18.200000762939453,-39.0,84,80,NE,Global q90,SON,35
-18.200000762939453,-39.0,84,80,NE,Seasonal q90,DJF,9
-18.200000762939453,-39.0,84,80,NE,Seasonal q90,MAM,21
-18.200000762939453,-39.0,84,80,NE,Seasonal q90,JJA,30
-18.200000762939453,-39.0,84,80,NE,Seasonal q90,SON,26
-18.0,-39.399993896484375,85,78,NE,Global q90,DJF,1
-18.0,-39.399993896484375,85,78,NE,Global q90,MAM,35
-18.0,-39.399993896484375,85,78,NE,Global q90,JJA,35
-18.0,-39.399993896484375,85,78,NE,Global q90,SON,37
-18.0,-39.399993896484375,85,78,NE,Seasonal q90,DJF,15
-18.0,-39.399993896484375,85,78,NE,Seasonal q90,MAM,25
-18.0,-39.399993896484375,85,78,NE,Seasonal q90,JJA,39
-18.0,-39.399993896484375,85,78,NE,Seasonal q90,SON,32
-18.0,-39.20001220703125,85,79,NE,Global q90,DJF,2
-18.0,-39.20001220703125,85,79,NE,Global q90,MAM,33
-18.0,-39.20001220703125,85,79,NE,Global q90,JJA,34
-18.0,-39.20001220703125,85,79,NE,Global q90,SON,37
-18.0,-39.20001220703125,85,79,NE,Seasonal q90,DJF,11
-18.0,-39.20001220703125,85,79,NE,Seasonal q90,MAM,25
-18.0,-39.20001220703125,85,79,NE,Seasonal q90,JJA,36
-18.0,-39.20001220703125,85,79,NE,Seasonal q90,SON,31
-18.0,-39.0,85,80,NE,Global q90,DJF,2
-18.0,-39.0,85,80,NE,Global q90,MAM,32
-18.0,-39.0,85,80,NE,Global q90,JJA,32
-18.0,-39.0,85,80,NE,Global q90,SON,37
-18.0,-39.0,85,80,NE,Seasonal q90,DJF,11
-18.0,-39.0,85,80,NE,Seasonal q90,MAM,22
-18.0,-39.0,85,80,NE,Seasonal q90,JJA,33
-18.0,-39.0,85,80,NE,Seasonal q90,SON,30
-18.0,-38.79998779296875,85,81,NE,Global q90,DJF,1
-18.0,-38.79998779296875,85,81,NE,Global q90,MAM,31
-18.0,-38.79998779296875,85,81,NE,Global q90,JJA,31
-18.0,-38.79998779296875,85,81,NE,Global q90,SON,36
-18.0,-38.79998779296875,85,81,NE,Seasonal q90,DJF,12
-18.0,-38.79998779296875,85,81,NE,Seasonal q90,MAM,21
-18.0,-38.79998779296875,85,81,NE,Seasonal q90,JJA,31
-18.0,-38.79998779296875,85,81,NE,Seasonal q90,SON,24
-17.799999237060547,-39.0,86,80,NE,Global q90,DJF,2
-17.799999237060547,-39.0,86,80,NE,Global q90,MAM,32
-17.799999237060547,-39.0,86,80,NE,Global q90,JJA,33
-17.799999237060547,-39.0,86,80,NE,Global q90,SON,37
-17.799999237060547,-39.0,86,80,NE,Seasonal q90,DJF,9
-17.799999237060547,-39.0,86,80,NE,Seasonal q90,MAM,22
-17.799999237060547,-39.0,86,80,NE,Seasonal q90,JJA,34
-17.799999237060547,-39.0,86,80,NE,Seasonal q90,SON,30
-17.799999237060547,-38.79998779296875,86,81,NE,Global q90,DJF,1
-17.799999237060547,-38.79998779296875,86,81,NE,Global q90,MAM,23
-17.799999237060547,-38.79998779296875,86,81,NE,Global q90,JJA,28
-17.799999237060547,-38.79998779296875,86,81,NE,Global q90,SON,35
-17.799999237060547,-38.79998779296875,86,81,NE,Seasonal q90,DJF,10
-17.799999237060547,-38.79998779296875,86,81,NE,Seasonal q90,MAM,25
-17.799999237060547,-38.79998779296875,86,81,NE,Seasonal q90,JJA,31
-17.799999237060547,-38.79998779296875,86,81,NE,Seasonal q90,SON,23
-17.600000381469727,-39.0,87,80,NE,Global q90,DJF,0
-17.600000381469727,-39.0,87,80,NE,Global q90,MAM,24
-17.600000381469727,-39.0,87,80,NE,Global q90,JJA,31
-17.600000381469727,-39.0,87,80,NE,Global q90,SON,37
-17.600000381469727,-39.0,87,80,NE,Seasonal q90,DJF,8
-17.600000381469727,-39.0,87,80,NE,Seasonal q90,MAM,25
-17.600000381469727,-39.0,87,80,NE,Seasonal q90,JJA,33
-17.600000381469727,-39.0,87,80,NE,Seasonal q90,SON,24
-17.600000381469727,-38.79998779296875,87,81,NE,Global q90,DJF,0
-17.600000381469727,-38.79998779296875,87,81,NE,Global q90,MAM,19
-17.600000381469727,-38.79998779296875,87,81,NE,Global q90,JJA,25
-17.600000381469727,-38.79998779296875,87,81,NE,Global q90,SON,28
-17.600000381469727,-38.79998779296875,87,81,NE,Seasonal q90,DJF,8
-17.600000381469727,-38.79998779296875,87,81,NE,Seasonal q90,MAM,20
-17.600000381469727,-38.79998779296875,87,81,NE,Seasonal q90,JJA,28
-17.600000381469727,-38.79998779296875,87,81,NE,Seasonal q90,SON,20
-17.399999618530273,-39.0,88,80,NE,Global q90,DJF,0
-17.399999618530273,-39.0,88,80,NE,Global q90,MAM,15
-17.399999618530273,-39.0,88,80,NE,Global q90,JJA,28
-17.399999618530273,-39.0,88,80,NE,Global q90,SON,31
-17.399999618530273,-39.0,88,80,NE,Seasonal q90,DJF,7
-17.399999618530273,-39.0,88,80,NE,Seasonal q90,MAM,21
-17.399999618530273,-39.0,88,80,NE,Seasonal q90,JJA,30
-17.399999618530273,-39.0,88,80,NE,Seasonal q90,SON,21
-17.399999618530273,-38.79998779296875,88,81,NE,Global q90,DJF,0
-17.399999618530273,-38.79998779296875,88,81,NE,Global q90,MAM,16
-17.399999618530273,-38.79998779296875,88,81,NE,Global q90,JJA,24
-17.399999618530273,-38.79998779296875,88,81,NE,Global q90,SON,26
-17.399999618530273,-38.79998779296875,88,81,NE,Seasonal q90,DJF,5
-17.399999618530273,-38.79998779296875,88,81,NE,Seasonal q90,MAM,20
-17.399999618530273,-38.79998779296875,88,81,NE,Seasonal q90,JJA,25
-17.399999618530273,-38.79998779296875,88,81,NE,Seasonal q90,SON,22
-17.200000762939453,-39.0,89,80,NE,Global q90,DJF,0
-17.200000762939453,-39.0,89,80,NE,Global q90,MAM,16
-17.200000762939453,-39.0,89,80,NE,Global q90,JJA,30
-17.200000762939453,-39.0,89,80,NE,Global q90,SON,30
-17.200000762939453,-39.0,89,80,NE,Seasonal q90,DJF,6
-17.200000762939453,-39.0,89,80,NE,Seasonal q90,MAM,21
-17.200000762939453,-39.0,89,80,NE,Seasonal q90,JJA,27
-17.200000762939453,-39.0,89,80,NE,Seasonal q90,SON,20
-17.200000762939453,-38.79998779296875,89,81,NE,Global q90,DJF,0
-17.200000762939453,-38.79998779296875,89,81,NE,Global q90,MAM,18
-17.200000762939453,-38.79998779296875,89,81,NE,Global q90,JJA,25
-17.200000762939453,-38.79998779296875,89,81,NE,Global q90,SON,26
-17.200000762939453,-38.79998779296875,89,81,NE,Seasonal q90,DJF,6
-17.200000762939453,-38.79998779296875,89,81,NE,Seasonal q90,MAM,20
-17.200000762939453,-38.79998779296875,89,81,NE,Seasonal q90,JJA,24
-17.200000762939453,-38.79998779296875,89,81,NE,Seasonal q90,SON,21
-17.0,-39.0,90,80,NE,Global q90,DJF,0
-17.0,-39.0,90,80,NE,Global q90,MAM,16
-17.0,-39.0,90,80,NE,Global q90,JJA,33
-17.0,-39.0,90,80,NE,Global q90,SON,27
-17.0,-39.0,90,80,NE,Seasonal q90,DJF,6
-17.0,-39.0,90,80,NE,Seasonal q90,MAM,22
-17.0,-39.0,90,80,NE,Seasonal q90,JJA,29
-17.0,-39.0,90,80,NE,Seasonal q90,SON,23
-17.0,-38.79998779296875,90,81,NE,Global q90,DJF,1
-17.0,-38.79998779296875,90,81,NE,Global q90,MAM,19
-17.0,-38.79998779296875,90,81,NE,Global q90,JJA,25
-17.0,-38.79998779296875,90,81,NE,Global q90,SON,24
-17.0,-38.79998779296875,90,81,NE,Seasonal q90,DJF,6
-17.0,-38.79998779296875,90,81,NE,Seasonal q90,MAM,18
-17.0,-38.79998779296875,90,81,NE,Seasonal q90,JJA,23
-17.0,-38.79998779296875,90,81,NE,Seasonal q90,SON,19
-16.799999237060547,-39.0,91,80,NE,Global q90,DJF,0
-16.799999237060547,-39.0,91,80,NE,Global q90,MAM,16
-16.799999237060547,-39.0,91,80,NE,Global q90,JJA,32
-16.799999237060547,-39.0,91,80,NE,Global q90,SON,28
-16.799999237060547,-39.0,91,80,NE,Seasonal q90,DJF,7
-16.799999237060547,-39.0,91,80,NE,Seasonal q90,MAM,21
-16.799999237060547,-39.0,91,80,NE,Seasonal q90,JJA,29
-16.799999237060547,-39.0,91,80,NE,Seasonal q90,SON,21
-16.799999237060547,-38.79998779296875,91,81,NE,Global q90,DJF,1
-16.799999237060547,-38.79998779296875,91,81,NE,Global q90,MAM,19
-16.799999237060547,-38.79998779296875,91,81,NE,Global q90,JJA,25
-16.799999237060547,-38.79998779296875,91,81,NE,Global q90,SON,25
-16.799999237060547,-38.79998779296875,91,81,NE,Seasonal q90,DJF,8
-16.799999237060547,-38.79998779296875,91,81,NE,Seasonal q90,MAM,17
-16.799999237060547,-38.79998779296875,91,81,NE,Seasonal q90,JJA,23
-16.799999237060547,-38.79998779296875,91,81,NE,Seasonal q90,SON,20
-16.600000381469727,-39.0,92,80,NE,Global q90,DJF,1
-16.600000381469727,-39.0,92,80,NE,Global q90,MAM,20
-16.600000381469727,-39.0,92,80,NE,Global q90,JJA,33
-16.600000381469727,-39.0,92,80,NE,Global q90,SON,28
-16.600000381469727,-39.0,92,80,NE,Seasonal q90,DJF,7
-16.600000381469727,-39.0,92,80,NE,Seasonal q90,MAM,20
-16.600000381469727,-39.0,92,80,NE,Seasonal q90,JJA,31
-16.600000381469727,-39.0,92,80,NE,Seasonal q90,SON,23
-16.600000381469727,-38.79998779296875,92,81,NE,Global q90,DJF,1
-16.600000381469727,-38.79998779296875,92,81,NE,Global q90,MAM,19
-16.600000381469727,-38.79998779296875,92,81,NE,Global q90,JJA,25
-16.600000381469727,-38.79998779296875,92,81,NE,Global q90,SON,27
-16.600000381469727,-38.79998779296875,92,81,NE,Seasonal q90,DJF,8
-16.600000381469727,-38.79998779296875,92,81,NE,Seasonal q90,MAM,15
-16.600000381469727,-38.79998779296875,92,81,NE,Seasonal q90,JJA,24
-16.600000381469727,-38.79998779296875,92,81,NE,Seasonal q90,SON,21
-16.399999618530273,-38.79998779296875,93,81,NE,Global q90,DJF,1
-16.399999618530273,-38.79998779296875,93,81,NE,Global q90,MAM,21
-16.399999618530273,-38.79998779296875,93,81,NE,Global q90,JJA,29
-16.399999618530273,-38.79998779296875,93,81,NE,Global q90,SON,26
-16.399999618530273,-38.79998779296875,93,81,NE,Seasonal q90,DJF,10
-16.399999618530273,-38.79998779296875,93,81,NE,Seasonal q90,MAM,15
-16.399999618530273,-38.79998779296875,93,81,NE,Seasonal q90,JJA,27
-16.399999618530273,-38.79998779296875,93,81,NE,Seasonal q90,SON,22
-16.399999618530273,-38.600006103515625,93,82,NE,Global q90,DJF,1
-16.399999618530273,-38.600006103515625,93,82,NE,Global q90,MAM,20
-16.399999618530273,-38.600006103515625,93,82,NE,Global q90,JJA,22
-16.399999618530273,-38.600006103515625,93,82,NE,Global q90,SON,24
-16.399999618530273,-38.600006103515625,93,82,NE,Seasonal q90,DJF,10
-16.399999618530273,-38.600006103515625,93,82,NE,Seasonal q90,MAM,16
-16.399999618530273,-38.600006103515625,93,82,NE,Seasonal q90,JJA,23
-16.399999618530273,-38.600006103515625,93,82,NE,Seasonal q90,SON,22
-16.200000762939453,-38.79998779296875,94,81,NE,Global q90,DJF,1
-16.200000762939453,-38.79998779296875,94,81,NE,Global q90,MAM,22
-16.200000762939453,-38.79998779296875,94,81,NE,Global q90,JJA,31
-16.200000762939453,-38.79998779296875,94,81,NE,Global q90,SON,26
-16.200000762939453,-38.79998779296875,94,81,NE,Seasonal q90,DJF,11
-16.200000762939453,-38.79998779296875,94,81,NE,Seasonal q90,MAM,16
-16.200000762939453,-38.79998779296875,94,81,NE,Seasonal q90,JJA,28
-16.200000762939453,-38.79998779296875,94,81,NE,Seasonal q90,SON,24
-16.200000762939453,-38.600006103515625,94,82,NE,Global q90,DJF,1
-16.200000762939453,-38.600006103515625,94,82,NE,Global q90,MAM,20
-16.200000762939453,-38.600006103515625,94,82,NE,Global q90,JJA,26
-16.200000762939453,-38.600006103515625,94,82,NE,Global q90,SON,26
-16.200000762939453,-38.600006103515625,94,82,NE,Seasonal q90,DJF,10
-16.200000762939453,-38.600006103515625,94,82,NE,Seasonal q90,MAM,15
-16.200000762939453,-38.600006103515625,94,82,NE,Seasonal q90,JJA,25
-16.200000762939453,-38.600006103515625,94,82,NE,Seasonal q90,SON,23
-16.0,-38.79998779296875,95,81,NE,Global q90,DJF,2
-16.0,-38.79998779296875,95,81,NE,Global q90,MAM,23
-16.0,-38.79998779296875,95,81,NE,Global q90,JJA,32
-16.0,-38.79998779296875,95,81,NE,Global q90,SON,26
-16.0,-38.79998779296875,95,81,NE,Seasonal q90,DJF,9
-16.0,-38.79998779296875,95,81,NE,Seasonal q90,MAM,16
-16.0,-38.79998779296875,95,81,NE,Seasonal q90,JJA,27
-16.0,-38.79998779296875,95,81,NE,Seasonal q90,SON,23
-16.0,-38.600006103515625,95,82,NE,Global q90,DJF,1
-16.0,-38.600006103515625,95,82,NE,Global q90,MAM,21
-16.0,-38.600006103515625,95,82,NE,Global q90,JJA,23
-16.0,-38.600006103515625,95,82,NE,Global q90,SON,26
-16.0,-38.600006103515625,95,82,NE,Seasonal q90,DJF,12
-16.0,-38.600006103515625,95,82,NE,Seasonal q90,MAM,13
-16.0,-38.600006103515625,95,82,NE,Seasonal q90,JJA,24
-16.0,-38.600006103515625,95,82,NE,Seasonal q90,SON,21
-15.800000190734863,-38.79998779296875,96,81,NE,Global q90,DJF,2
-15.800000190734863,-38.79998779296875,96,81,NE,Global q90,MAM,21
-15.800000190734863,-38.79998779296875,96,81,NE,Global q90,JJA,28
-15.800000190734863,-38.79998779296875,96,81,NE,Global q90,SON,22
-15.800000190734863,-38.79998779296875,96,81,NE,Seasonal q90,DJF,13
-15.800000190734863,-38.79998779296875,96,81,NE,Seasonal q90,MAM,16
-15.800000190734863,-38.79998779296875,96,81,NE,Seasonal q90,JJA,26
-15.800000190734863,-38.79998779296875,96,81,NE,Seasonal q90,SON,18
-15.800000190734863,-38.600006103515625,96,82,NE,Global q90,DJF,1
-15.800000190734863,-38.600006103515625,96,82,NE,Global q90,MAM,18
-15.800000190734863,-38.600006103515625,96,82,NE,Global q90,JJA,21
-15.800000190734863,-38.600006103515625,96,82,NE,Global q90,SON,21
-15.800000190734863,-38.600006103515625,96,82,NE,Seasonal q90,DJF,13
-15.800000190734863,-38.600006103515625,96,82,NE,Seasonal q90,MAM,14
-15.800000190734863,-38.600006103515625,96,82,NE,Seasonal q90,JJA,22
-15.800000190734863,-38.600006103515625,96,82,NE,Seasonal q90,SON,18
-15.800000190734863,-38.399993896484375,96,83,NE,Global q90,DJF,1
-15.800000190734863,-38.399993896484375,96,83,NE,Global q90,MAM,12
-15.800000190734863,-38.399993896484375,96,83,NE,Global q90,JJA,21
-15.800000190734863,-38.399993896484375,96,83,NE,Global q90,SON,19
-15.800000190734863,-38.399993896484375,96,83,NE,Seasonal q90,DJF,12
-15.800000190734863,-38.399993896484375,96,83,NE,Seasonal q90,MAM,14
-15.800000190734863,-38.399993896484375,96,83,NE,Seasonal q90,JJA,20
-15.800000190734863,-38.399993896484375,96,83,NE,Seasonal q90,SON,18
-15.600000381469727,-38.79998779296875,97,81,NE,Global q90,DJF,2
-15.600000381469727,-38.79998779296875,97,81,NE,Global q90,MAM,19
-15.600000381469727,-38.79998779296875,97,81,NE,Global q90,JJA,25
-15.600000381469727,-38.79998779296875,97,81,NE,Global q90,SON,21
-15.600000381469727,-38.79998779296875,97,81,NE,Seasonal q90,DJF,12
-15.600000381469727,-38.79998779296875,97,81,NE,Seasonal q90,MAM,16
-15.600000381469727,-38.79998779296875,97,81,NE,Seasonal q90,JJA,22
-15.600000381469727,-38.79998779296875,97,81,NE,Seasonal q90,SON,16
-15.600000381469727,-38.600006103515625,97,82,NE,Global q90,DJF,1
-15.600000381469727,-38.600006103515625,97,82,NE,Global q90,MAM,15
-15.600000381469727,-38.600006103515625,97,82,NE,Global q90,JJA,21
-15.600000381469727,-38.600006103515625,97,82,NE,Global q90,SON,20
-15.600000381469727,-38.600006103515625,97,82,NE,Seasonal q90,DJF,11
-15.600000381469727,-38.600006103515625,97,82,NE,Seasonal q90,MAM,15
-15.600000381469727,-38.600006103515625,97,82,NE,Seasonal q90,JJA,19
-15.600000381469727,-38.600006103515625,97,82,NE,Seasonal q90,SON,19
-15.399999618530273,-38.79998779296875,98,81,NE,Global q90,DJF,2
-15.399999618530273,-38.79998779296875,98,81,NE,Global q90,MAM,17
-15.399999618530273,-38.79998779296875,98,81,NE,Global q90,JJA,24
-15.399999618530273,-38.79998779296875,98,81,NE,Global q90,SON,19
-15.399999618530273,-38.79998779296875,98,81,NE,Seasonal q90,DJF,14
-15.399999618530273,-38.79998779296875,98,81,NE,Seasonal q90,MAM,15
-15.399999618530273,-38.79998779296875,98,81,NE,Seasonal q90,JJA,22
-15.399999618530273,-38.79998779296875,98,81,NE,Seasonal q90,SON,16
-15.399999618530273,-38.600006103515625,98,82,NE,Global q90,DJF,1
-15.399999618530273,-38.600006103515625,98,82,NE,Global q90,MAM,13
-15.399999618530273,-38.600006103515625,98,82,NE,Global q90,JJA,21
-15.399999618530273,-38.600006103515625,98,82,NE,Global q90,SON,19
-15.399999618530273,-38.600006103515625,98,82,NE,Seasonal q90,DJF,13
-15.399999618530273,-38.600006103515625,98,82,NE,Seasonal q90,MAM,15
-15.399999618530273,-38.600006103515625,98,82,NE,Seasonal q90,JJA,20
-15.399999618530273,-38.600006103515625,98,82,NE,Seasonal q90,SON,19
-15.199999809265137,-38.79998779296875,99,81,NE,Global q90,DJF,2
-15.199999809265137,-38.79998779296875,99,81,NE,Global q90,MAM,17
-15.199999809265137,-38.79998779296875,99,81,NE,Global q90,JJA,23
-15.199999809265137,-38.79998779296875,99,81,NE,Global q90,SON,18
-15.199999809265137,-38.79998779296875,99,81,NE,Seasonal q90,DJF,13
-15.199999809265137,-38.79998779296875,99,81,NE,Seasonal q90,MAM,15
-15.199999809265137,-38.79998779296875,99,81,NE,Seasonal q90,JJA,21
-15.199999809265137,-38.79998779296875,99,81,NE,Seasonal q90,SON,15
-15.199999809265137,-38.600006103515625,99,82,NE,Global q90,DJF,1
-15.199999809265137,-38.600006103515625,99,82,NE,Global q90,MAM,12
-15.199999809265137,-38.600006103515625,99,82,NE,Global q90,JJA,21
-15.199999809265137,-38.600006103515625,99,82,NE,Global q90,SON,19
-15.199999809265137,-38.600006103515625,99,82,NE,Seasonal q90,DJF,15
-15.199999809265137,-38.600006103515625,99,82,NE,Seasonal q90,MAM,12
-15.199999809265137,-38.600006103515625,99,82,NE,Seasonal q90,JJA,19
-15.199999809265137,-38.600006103515625,99,82,NE,Seasonal q90,SON,18
-15.0,-38.79998779296875,100,81,NE,Global q90,DJF,2
-15.0,-38.79998779296875,100,81,NE,Global q90,MAM,15
-15.0,-38.79998779296875,100,81,NE,Global q90,JJA,24
-15.0,-38.79998779296875,100,81,NE,Global q90,SON,20
-15.0,-38.79998779296875,100,81,NE,Seasonal q90,DJF,13
-15.0,-38.79998779296875,100,81,NE,Seasonal q90,MAM,16
-15.0,-38.79998779296875,100,81,NE,Seasonal q90,JJA,19
-15.0,-38.79998779296875,100,81,NE,Seasonal q90,SON,15
-15.0,-38.600006103515625,100,82,NE,Global q90,DJF,1
-15.0,-38.600006103515625,100,82,NE,Global q90,MAM,12
-15.0,-38.600006103515625,100,82,NE,Global q90,JJA,21
-15.0,-38.600006103515625,100,82,NE,Global q90,SON,19
-15.0,-38.600006103515625,100,82,NE,Seasonal q90,DJF,15
-15.0,-38.600006103515625,100,82,NE,Seasonal q90,MAM,12
-15.0,-38.600006103515625,100,82,NE,Seasonal q90,JJA,19
-15.0,-38.600006103515625,100,82,NE,Seasonal q90,SON,18
-14.800000190734863,-38.79998779296875,101,81,NE,Global q90,DJF,1
-14.800000190734863,-38.79998779296875,101,81,NE,Global q90,MAM,16
-14.800000190734863,-38.79998779296875,101,81,NE,Global q90,JJA,23
-14.800000190734863,-38.79998779296875,101,81,NE,Global q90,SON,20
-14.800000190734863,-38.79998779296875,101,81,NE,Seasonal q90,DJF,14
-14.800000190734863,-38.79998779296875,101,81,NE,Seasonal q90,MAM,15
-14.800000190734863,-38.79998779296875,101,81,NE,Seasonal q90,JJA,17
-14.800000190734863,-38.79998779296875,101,81,NE,Seasonal q90,SON,17
-14.800000190734863,-38.600006103515625,101,82,NE,Global q90,DJF,1
-14.800000190734863,-38.600006103515625,101,82,NE,Global q90,MAM,12
-14.800000190734863,-38.600006103515625,101,82,NE,Global q90,JJA,21
-14.800000190734863,-38.600006103515625,101,82,NE,Global q90,SON,19
-14.800000190734863,-38.600006103515625,101,82,NE,Seasonal q90,DJF,13
-14.800000190734863,-38.600006103515625,101,82,NE,Seasonal q90,MAM,11
-14.800000190734863,-38.600006103515625,101,82,NE,Seasonal q90,JJA,17
-14.800000190734863,-38.600006103515625,101,82,NE,Seasonal q90,SON,17
-14.600000381469727,-38.79998779296875,102,81,NE,Global q90,DJF,1
-14.600000381469727,-38.79998779296875,102,81,NE,Global q90,MAM,16
-14.600000381469727,-38.79998779296875,102,81,NE,Global q90,JJA,24
-14.600000381469727,-38.79998779296875,102,81,NE,Global q90,SON,17
-14.600000381469727,-38.79998779296875,102,81,NE,Seasonal q90,DJF,14
-14.600000381469727,-38.79998779296875,102,81,NE,Seasonal q90,MAM,14
-14.600000381469727,-38.79998779296875,102,81,NE,Seasonal q90,JJA,18
-14.600000381469727,-38.79998779296875,102,81,NE,Seasonal q90,SON,17
-14.600000381469727,-38.600006103515625,102,82,NE,Global q90,DJF,2
-14.600000381469727,-38.600006103515625,102,82,NE,Global q90,MAM,11
-14.600000381469727,-38.600006103515625,102,82,NE,Global q90,JJA,21
-14.600000381469727,-38.600006103515625,102,82,NE,Global q90,SON,19
-14.600000381469727,-38.600006103515625,102,82,NE,Seasonal q90,DJF,13
-14.600000381469727,-38.600006103515625,102,82,NE,Seasonal q90,MAM,12
-14.600000381469727,-38.600006103515625,102,82,NE,Seasonal q90,JJA,17
-14.600000381469727,-38.600006103515625,102,82,NE,Seasonal q90,SON,15
-14.399999618530273,-38.79998779296875,103,81,NE,Global q90,DJF,1
-14.399999618530273,-38.79998779296875,103,81,NE,Global q90,MAM,16
-14.399999618530273,-38.79998779296875,103,81,NE,Global q90,JJA,24
-14.399999618530273,-38.79998779296875,103,81,NE,Global q90,SON,17
-14.399999618530273,-38.79998779296875,103,81,NE,Seasonal q90,DJF,14
-14.399999618530273,-38.79998779296875,103,81,NE,Seasonal q90,MAM,14
-14.399999618530273,-38.79998779296875,103,81,NE,Seasonal q90,JJA,19
-14.399999618530273,-38.79998779296875,103,81,NE,Seasonal q90,SON,17
-14.399999618530273,-38.600006103515625,103,82,NE,Global q90,DJF,2
-14.399999618530273,-38.600006103515625,103,82,NE,Global q90,MAM,11
-14.399999618530273,-38.600006103515625,103,82,NE,Global q90,JJA,20
-14.399999618530273,-38.600006103515625,103,82,NE,Global q90,SON,17
-14.399999618530273,-38.600006103515625,103,82,NE,Seasonal q90,DJF,13
-14.399999618530273,-38.600006103515625,103,82,NE,Seasonal q90,MAM,12
-14.399999618530273,-38.600006103515625,103,82,NE,Seasonal q90,JJA,17
-14.399999618530273,-38.600006103515625,103,82,NE,Seasonal q90,SON,15
-14.199999809265137,-38.79998779296875,104,81,NE,Global q90,DJF,1
-14.199999809265137,-38.79998779296875,104,81,NE,Global q90,MAM,17
-14.199999809265137,-38.79998779296875,104,81,NE,Global q90,JJA,25
-14.199999809265137,-38.79998779296875,104,81,NE,Global q90,SON,17
-14.199999809265137,-38.79998779296875,104,81,NE,Seasonal q90,DJF,15
-14.199999809265137,-38.79998779296875,104,81,NE,Seasonal q90,MAM,16
-14.199999809265137,-38.79998779296875,104,81,NE,Seasonal q90,JJA,20
-14.199999809265137,-38.79998779296875,104,81,NE,Seasonal q90,SON,17
-14.199999809265137,-38.600006103515625,104,82,NE,Global q90,DJF,2
-14.199999809265137,-38.600006103515625,104,82,NE,Global q90,MAM,10
-14.199999809265137,-38.600006103515625,104,82,NE,Global q90,JJA,21
-14.199999809265137,-38.600006103515625,104,82,NE,Global q90,SON,15
-14.199999809265137,-38.600006103515625,104,82,NE,Seasonal q90,DJF,14
-14.199999809265137,-38.600006103515625,104,82,NE,Seasonal q90,MAM,13
-14.199999809265137,-38.600006103515625,104,82,NE,Seasonal q90,JJA,18
-14.199999809265137,-38.600006103515625,104,82,NE,Seasonal q90,SON,15
-14.0,-38.79998779296875,105,81,NE,Global q90,DJF,1
-14.0,-38.79998779296875,105,81,NE,Global q90,MAM,18
-14.0,-38.79998779296875,105,81,NE,Global q90,JJA,27
-14.0,-38.79998779296875,105,81,NE,Global q90,SON,19
-14.0,-38.79998779296875,105,81,NE,Seasonal q90,DJF,15
-14.0,-38.79998779296875,105,81,NE,Seasonal q90,MAM,18
-14.0,-38.79998779296875,105,81,NE,Seasonal q90,JJA,19
-14.0,-38.79998779296875,105,81,NE,Seasonal q90,SON,18
-14.0,-38.600006103515625,105,82,NE,Global q90,DJF,2
-14.0,-38.600006103515625,105,82,NE,Global q90,MAM,14
-14.0,-38.600006103515625,105,82,NE,Global q90,JJA,22
-14.0,-38.600006103515625,105,82,NE,Global q90,SON,17
-14.0,-38.600006103515625,105,82,NE,Seasonal q90,DJF,13
-14.0,-38.600006103515625,105,82,NE,Seasonal q90,MAM,16
-14.0,-38.600006103515625,105,82,NE,Seasonal q90,JJA,19
-14.0,-38.600006103515625,105,82,NE,Seasonal q90,SON,15
-13.800000190734863,-38.79998779296875,106,81,NE,Global q90,DJF,1
-13.800000190734863,-38.79998779296875,106,81,NE,Global q90,MAM,17
-13.800000190734863,-38.79998779296875,106,81,NE,Global q90,JJA,28
-13.800000190734863,-38.79998779296875,106,81,NE,Global q90,SON,17
-13.800000190734863,-38.79998779296875,106,81,NE,Seasonal q90,DJF,15
-13.800000190734863,-38.79998779296875,106,81,NE,Seasonal q90,MAM,16
-13.800000190734863,-38.79998779296875,106,81,NE,Seasonal q90,JJA,14
-13.800000190734863,-38.79998779296875,106,81,NE,Seasonal q90,SON,18
-13.800000190734863,-38.600006103515625,106,82,NE,Global q90,DJF,2
-13.800000190734863,-38.600006103515625,106,82,NE,Global q90,MAM,15
-13.800000190734863,-38.600006103515625,106,82,NE,Global q90,JJA,24
-13.800000190734863,-38.600006103515625,106,82,NE,Global q90,SON,18
-13.800000190734863,-38.600006103515625,106,82,NE,Seasonal q90,DJF,12
-13.800000190734863,-38.600006103515625,106,82,NE,Seasonal q90,MAM,16
-13.800000190734863,-38.600006103515625,106,82,NE,Seasonal q90,JJA,19
-13.800000190734863,-38.600006103515625,106,82,NE,Seasonal q90,SON,18
-13.600000381469727,-38.79998779296875,107,81,NE,Global q90,DJF,1
-13.600000381469727,-38.79998779296875,107,81,NE,Global q90,MAM,18
-13.600000381469727,-38.79998779296875,107,81,NE,Global q90,JJA,27
-13.600000381469727,-38.79998779296875,107,81,NE,Global q90,SON,18
-13.600000381469727,-38.79998779296875,107,81,NE,Seasonal q90,DJF,14
-13.600000381469727,-38.79998779296875,107,81,NE,Seasonal q90,MAM,17
-13.600000381469727,-38.79998779296875,107,81,NE,Seasonal q90,JJA,15
-13.600000381469727,-38.79998779296875,107,81,NE,Seasonal q90,SON,17
-13.600000381469727,-38.600006103515625,107,82,NE,Global q90,DJF,1
-13.600000381469727,-38.600006103515625,107,82,NE,Global q90,MAM,16
-13.600000381469727,-38.600006103515625,107,82,NE,Global q90,JJA,24
-13.600000381469727,-38.600006103515625,107,82,NE,Global q90,SON,19
-13.600000381469727,-38.600006103515625,107,82,NE,Seasonal q90,DJF,13
-13.600000381469727,-38.600006103515625,107,82,NE,Seasonal q90,MAM,15
-13.600000381469727,-38.600006103515625,107,82,NE,Seasonal q90,JJA,16
-13.600000381469727,-38.600006103515625,107,82,NE,Seasonal q90,SON,19
-13.399999618530273,-38.79998779296875,108,81,NE,Global q90,DJF,1
-13.399999618530273,-38.79998779296875,108,81,NE,Global q90,MAM,20
-13.399999618530273,-38.79998779296875,108,81,NE,Global q90,JJA,28
-13.399999618530273,-38.79998779296875,108,81,NE,Global q90,SON,17
-13.399999618530273,-38.79998779296875,108,81,NE,Seasonal q90,DJF,15
-13.399999618530273,-38.79998779296875,108,81,NE,Seasonal q90,MAM,17
-13.399999618530273,-38.79998779296875,108,81,NE,Seasonal q90,JJA,13
-13.399999618530273,-38.79998779296875,108,81,NE,Seasonal q90,SON,19
-13.399999618530273,-38.600006103515625,108,82,NE,Global q90,DJF,1
-13.399999618530273,-38.600006103515625,108,82,NE,Global q90,MAM,17
-13.399999618530273,-38.600006103515625,108,82,NE,Global q90,JJA,26
-13.399999618530273,-38.600006103515625,108,82,NE,Global q90,SON,20
-13.399999618530273,-38.600006103515625,108,82,NE,Seasonal q90,DJF,14
-13.399999618530273,-38.600006103515625,108,82,NE,Seasonal q90,MAM,16
-13.399999618530273,-38.600006103515625,108,82,NE,Seasonal q90,JJA,15
-13.399999618530273,-38.600006103515625,108,82,NE,Seasonal q90,SON,19
-13.399999618530273,-38.399993896484375,108,83,NE,Global q90,DJF,2
-13.399999618530273,-38.399993896484375,108,83,NE,Global q90,MAM,14
-13.399999618530273,-38.399993896484375,108,83,NE,Global q90,JJA,21
-13.399999618530273,-38.399993896484375,108,83,NE,Global q90,SON,20
-13.399999618530273,-38.399993896484375,108,83,NE,Seasonal q90,DJF,16
-13.399999618530273,-38.399993896484375,108,83,NE,Seasonal q90,MAM,13
-13.399999618530273,-38.399993896484375,108,83,NE,Seasonal q90,JJA,18
-13.399999618530273,-38.399993896484375,108,83,NE,Seasonal q90,SON,19
-13.199999809265137,-38.600006103515625,109,82,NE,Global q90,DJF,1
-13.199999809265137,-38.600006103515625,109,82,NE,Global q90,MAM,19
-13.199999809265137,-38.600006103515625,109,82,NE,Global q90,JJA,27
-13.199999809265137,-38.600006103515625,109,82,NE,Global q90,SON,20
-13.199999809265137,-38.600006103515625,109,82,NE,Seasonal q90,DJF,16
-13.199999809265137,-38.600006103515625,109,82,NE,Seasonal q90,MAM,17
-13.199999809265137,-38.600006103515625,109,82,NE,Seasonal q90,JJA,16
-13.199999809265137,-38.600006103515625,109,82,NE,Seasonal q90,SON,20
-13.199999809265137,-38.399993896484375,109,83,NE,Global q90,DJF,1
-13.199999809265137,-38.399993896484375,109,83,NE,Global q90,MAM,18
-13.199999809265137,-38.399993896484375,109,83,NE,Global q90,JJA,24
-13.199999809265137,-38.399993896484375,109,83,NE,Global q90,SON,19
-13.199999809265137,-38.399993896484375,109,83,NE,Seasonal q90,DJF,16
-13.199999809265137,-38.399993896484375,109,83,NE,Seasonal q90,MAM,12
-13.199999809265137,-38.399993896484375,109,83,NE,Seasonal q90,JJA,17
-13.199999809265137,-38.399993896484375,109,83,NE,Seasonal q90,SON,20
-13.199999809265137,-38.20001220703125,109,84,NE,Global q90,DJF,1
-13.199999809265137,-38.20001220703125,109,84,NE,Global q90,MAM,14
-13.199999809265137,-38.20001220703125,109,84,NE,Global q90,JJA,21
-13.199999809265137,-38.20001220703125,109,84,NE,Global q90,SON,19
-13.199999809265137,-38.20001220703125,109,84,NE,Seasonal q90,DJF,16
-13.199999809265137,-38.20001220703125,109,84,NE,Seasonal q90,MAM,11
-13.199999809265137,-38.20001220703125,109,84,NE,Seasonal q90,JJA,19
-13.199999809265137,-38.20001220703125,109,84,NE,Seasonal q90,SON,19
-13.199999809265137,-38.0,109,85,NE,Global q90,DJF,1
-13.199999809265137,-38.0,109,85,NE,Global q90,MAM,11
-13.199999809265137,-38.0,109,85,NE,Global q90,JJA,19
-13.199999809265137,-38.0,109,85,NE,Global q90,SON,18
-13.199999809265137,-38.0,109,85,NE,Seasonal q90,DJF,17
-13.199999809265137,-38.0,109,85,NE,Seasonal q90,MAM,11
-13.199999809265137,-38.0,109,85,NE,Seasonal q90,JJA,18
-13.199999809265137,-38.0,109,85,NE,Seasonal q90,SON,18
-13.0,-38.399993896484375,110,83,NE,Global q90,DJF,1
-13.0,-38.399993896484375,110,83,NE,Global q90,MAM,20
-13.0,-38.399993896484375,110,83,NE,Global q90,JJA,26
-13.0,-38.399993896484375,110,83,NE,Global q90,SON,19
-13.0,-38.399993896484375,110,83,NE,Seasonal q90,DJF,17
-13.0,-38.399993896484375,110,83,NE,Seasonal q90,MAM,16
-13.0,-38.399993896484375,110,83,NE,Seasonal q90,JJA,18
-13.0,-38.399993896484375,110,83,NE,Seasonal q90,SON,22
-13.0,-38.20001220703125,110,84,NE,Global q90,DJF,1
-13.0,-38.20001220703125,110,84,NE,Global q90,MAM,17
-13.0,-38.20001220703125,110,84,NE,Global q90,JJA,26
-13.0,-38.20001220703125,110,84,NE,Global q90,SON,19
-13.0,-38.20001220703125,110,84,NE,Seasonal q90,DJF,16
-13.0,-38.20001220703125,110,84,NE,Seasonal q90,MAM,12
-13.0,-38.20001220703125,110,84,NE,Seasonal q90,JJA,17
-13.0,-38.20001220703125,110,84,NE,Seasonal q90,SON,21
-13.0,-38.0,110,85,NE,Global q90,DJF,1
-13.0,-38.0,110,85,NE,Global q90,MAM,13
-13.0,-38.0,110,85,NE,Global q90,JJA,23
-13.0,-38.0,110,85,NE,Global q90,SON,19
-13.0,-38.0,110,85,NE,Seasonal q90,DJF,18
-13.0,-38.0,110,85,NE,Seasonal q90,MAM,11
-13.0,-38.0,110,85,NE,Seasonal q90,JJA,18
-13.0,-38.0,110,85,NE,Seasonal q90,SON,20
-13.0,-37.79998779296875,110,86,NE,Global q90,DJF,1
-13.0,-37.79998779296875,110,86,NE,Global q90,MAM,10
-13.0,-37.79998779296875,110,86,NE,Global q90,JJA,20
-13.0,-37.79998779296875,110,86,NE,Global q90,SON,17
-13.0,-37.79998779296875,110,86,NE,Seasonal q90,DJF,18
-13.0,-37.79998779296875,110,86,NE,Seasonal q90,MAM,11
-13.0,-37.79998779296875,110,86,NE,Seasonal q90,JJA,16
-13.0,-37.79998779296875,110,86,NE,Seasonal q90,SON,17
-12.800000190734863,-38.0,111,85,NE,Global q90,DJF,0
-12.800000190734863,-38.0,111,85,NE,Global q90,MAM,16
-12.800000190734863,-38.0,111,85,NE,Global q90,JJA,26
-12.800000190734863,-38.0,111,85,NE,Global q90,SON,19
-12.800000190734863,-38.0,111,85,NE,Seasonal q90,DJF,17
-12.800000190734863,-38.0,111,85,NE,Seasonal q90,MAM,11
-12.800000190734863,-38.0,111,85,NE,Seasonal q90,JJA,20
-12.800000190734863,-38.0,111,85,NE,Seasonal q90,SON,19
-12.800000190734863,-37.79998779296875,111,86,NE,Global q90,DJF,0
-12.800000190734863,-37.79998779296875,111,86,NE,Global q90,MAM,13
-12.800000190734863,-37.79998779296875,111,86,NE,Global q90,JJA,22
-12.800000190734863,-37.79998779296875,111,86,NE,Global q90,SON,18
-12.800000190734863,-37.79998779296875,111,86,NE,Seasonal q90,DJF,19
-12.800000190734863,-37.79998779296875,111,86,NE,Seasonal q90,MAM,12
-12.800000190734863,-37.79998779296875,111,86,NE,Seasonal q90,JJA,17
-12.800000190734863,-37.79998779296875,111,86,NE,Seasonal q90,SON,18
-12.600000381469727,-37.79998779296875,112,86,NE,Global q90,DJF,0
-12.600000381469727,-37.79998779296875,112,86,NE,Global q90,MAM,15
-12.600000381469727,-37.79998779296875,112,86,NE,Global q90,JJA,26
-12.600000381469727,-37.79998779296875,112,86,NE,Global q90,SON,19
-12.600000381469727,-37.79998779296875,112,86,NE,Seasonal q90,DJF,20
-12.600000381469727,-37.79998779296875,112,86,NE,Seasonal q90,MAM,12
-12.600000381469727,-37.79998779296875,112,86,NE,Seasonal q90,JJA,18
-12.600000381469727,-37.79998779296875,112,86,NE,Seasonal q90,SON,19
-12.600000381469727,-37.600006103515625,112,87,NE,Global q90,DJF,0
-12.600000381469727,-37.600006103515625,112,87,NE,Global q90,MAM,12
-12.600000381469727,-37.600006103515625,112,87,NE,Global q90,JJA,23
-12.600000381469727,-37.600006103515625,112,87,NE,Global q90,SON,19
-12.600000381469727,-37.600006103515625,112,87,NE,Seasonal q90,DJF,18
-12.600000381469727,-37.600006103515625,112,87,NE,Seasonal q90,MAM,12
-12.600000381469727,-37.600006103515625,112,87,NE,Seasonal q90,JJA,17
-12.600000381469727,-37.600006103515625,112,87,NE,Seasonal q90,SON,17
-12.399999618530273,-37.79998779296875,113,86,NE,Global q90,DJF,0
-12.399999618530273,-37.79998779296875,113,86,NE,Global q90,MAM,14
-12.399999618530273,-37.79998779296875,113,86,NE,Global q90,JJA,28
-12.399999618530273,-37.79998779296875,113,86,NE,Global q90,SON,21
-12.399999618530273,-37.79998779296875,113,86,NE,Seasonal q90,DJF,18
-12.399999618530273,-37.79998779296875,113,86,NE,Seasonal q90,MAM,13
-12.399999618530273,-37.79998779296875,113,86,NE,Seasonal q90,JJA,19
-12.399999618530273,-37.79998779296875,113,86,NE,Seasonal q90,SON,21
-12.399999618530273,-37.600006103515625,113,87,NE,Global q90,DJF,0
-12.399999618530273,-37.600006103515625,113,87,NE,Global q90,MAM,14
-12.399999618530273,-37.600006103515625,113,87,NE,Global q90,JJA,26
-12.399999618530273,-37.600006103515625,113,87,NE,Global q90,SON,18
-12.399999618530273,-37.600006103515625,113,87,NE,Seasonal q90,DJF,17
-12.399999618530273,-37.600006103515625,113,87,NE,Seasonal q90,MAM,12
-12.399999618530273,-37.600006103515625,113,87,NE,Seasonal q90,JJA,17
-12.399999618530273,-37.600006103515625,113,87,NE,Seasonal q90,SON,19
-12.399999618530273,-37.399993896484375,113,88,NE,Global q90,DJF,0
-12.399999618530273,-37.399993896484375,113,88,NE,Global q90,MAM,10
-12.399999618530273,-37.399993896484375,113,88,NE,Global q90,JJA,23
-12.399999618530273,-37.399993896484375,113,88,NE,Global q90,SON,19
-12.399999618530273,-37.399993896484375,113,88,NE,Seasonal q90,DJF,16
-12.399999618530273,-37.399993896484375,113,88,NE,Seasonal q90,MAM,11
-12.399999618530273,-37.399993896484375,113,88,NE,Seasonal q90,JJA,16
-12.399999618530273,-37.399993896484375,113,88,NE,Seasonal q90,SON,18
-12.199999809265137,-37.600006103515625,114,87,NE,Global q90,DJF,0
-12.199999809265137,-37.600006103515625,114,87,NE,Global q90,MAM,14
-12.199999809265137,-37.600006103515625,114,87,NE,Global q90,JJA,28
-12.199999809265137,-37.600006103515625,114,87,NE,Global q90,SON,19
-12.199999809265137,-37.600006103515625,114,87,NE,Seasonal q90,DJF,20
-12.199999809265137,-37.600006103515625,114,87,NE,Seasonal q90,MAM,12
-12.199999809265137,-37.600006103515625,114,87,NE,Seasonal q90,JJA,17
-12.199999809265137,-37.600006103515625,114,87,NE,Seasonal q90,SON,20
-12.199999809265137,-37.399993896484375,114,88,NE,Global q90,DJF,0
-12.199999809265137,-37.399993896484375,114,88,NE,Global q90,MAM,11
-12.199999809265137,-37.399993896484375,114,88,NE,Global q90,JJA,24
-12.199999809265137,-37.399993896484375,114,88,NE,Global q90,SON,19
-12.199999809265137,-37.399993896484375,114,88,NE,Seasonal q90,DJF,16
-12.199999809265137,-37.399993896484375,114,88,NE,Seasonal q90,MAM,13
-12.199999809265137,-37.399993896484375,114,88,NE,Seasonal q90,JJA,16
-12.199999809265137,-37.399993896484375,114,88,NE,Seasonal q90,SON,19
-12.0,-37.399993896484375,115,88,NE,Global q90,DJF,0
-12.0,-37.399993896484375,115,88,NE,Global q90,MAM,14
-12.0,-37.399993896484375,115,88,NE,Global q90,JJA,27
-12.0,-37.399993896484375,115,88,NE,Global q90,SON,18
-12.0,-37.399993896484375,115,88,NE,Seasonal q90,DJF,17
-12.0,-37.399993896484375,115,88,NE,Seasonal q90,MAM,13
-12.0,-37.399993896484375,115,88,NE,Seasonal q90,JJA,16
-12.0,-37.399993896484375,115,88,NE,Seasonal q90,SON,20
-12.0,-37.20001220703125,115,89,NE,Global q90,DJF,0
-12.0,-37.20001220703125,115,89,NE,Global q90,MAM,10
-12.0,-37.20001220703125,115,89,NE,Global q90,JJA,24
-12.0,-37.20001220703125,115,89,NE,Global q90,SON,17
-12.0,-37.20001220703125,115,89,NE,Seasonal q90,DJF,15
-12.0,-37.20001220703125,115,89,NE,Seasonal q90,MAM,11
-12.0,-37.20001220703125,115,89,NE,Seasonal q90,JJA,15
-12.0,-37.20001220703125,115,89,NE,Seasonal q90,SON,19
-11.800000190734863,-37.399993896484375,116,88,NE,Global q90,DJF,0
-11.800000190734863,-37.399993896484375,116,88,NE,Global q90,MAM,11
-11.800000190734863,-37.399993896484375,116,88,NE,Global q90,JJA,29
-11.800000190734863,-37.399993896484375,116,88,NE,Global q90,SON,18
-11.800000190734863,-37.399993896484375,116,88,NE,Seasonal q90,DJF,18
-11.800000190734863,-37.399993896484375,116,88,NE,Seasonal q90,MAM,14
-11.800000190734863,-37.399993896484375,116,88,NE,Seasonal q90,JJA,16
-11.800000190734863,-37.399993896484375,116,88,NE,Seasonal q90,SON,20
-11.800000190734863,-37.20001220703125,116,89,NE,Global q90,DJF,0
-11.800000190734863,-37.20001220703125,116,89,NE,Global q90,MAM,11
-11.800000190734863,-37.20001220703125,116,89,NE,Global q90,JJA,26
-11.800000190734863,-37.20001220703125,116,89,NE,Global q90,SON,18
-11.800000190734863,-37.20001220703125,116,89,NE,Seasonal q90,DJF,18
-11.800000190734863,-37.20001220703125,116,89,NE,Seasonal q90,MAM,13
-11.800000190734863,-37.20001220703125,116,89,NE,Seasonal q90,JJA,16
-11.800000190734863,-37.20001220703125,116,89,NE,Seasonal q90,SON,19
-11.600000381469727,-37.399993896484375,117,88,NE,Global q90,DJF,0
-11.600000381469727,-37.399993896484375,117,88,NE,Global q90,MAM,14
-11.600000381469727,-37.399993896484375,117,88,NE,Global q90,JJA,30
-11.600000381469727,-37.399993896484375,117,88,NE,Global q90,SON,20
-11.600000381469727,-37.399993896484375,117,88,NE,Seasonal q90,DJF,19
-11.600000381469727,-37.399993896484375,117,88,NE,Seasonal q90,MAM,16
-11.600000381469727,-37.399993896484375,117,88,NE,Seasonal q90,JJA,17
-11.600000381469727,-37.399993896484375,117,88,NE,Seasonal q90,SON,17
-11.600000381469727,-37.20001220703125,117,89,NE,Global q90,DJF,0
-11.600000381469727,-37.20001220703125,117,89,NE,Global q90,MAM,12
-11.600000381469727,-37.20001220703125,117,89,NE,Global q90,JJA,26
-11.600000381469727,-37.20001220703125,117,89,NE,Global q90,SON,18
-11.600000381469727,-37.20001220703125,117,89,NE,Seasonal q90,DJF,16
-11.600000381469727,-37.20001220703125,117,89,NE,Seasonal q90,MAM,13
-11.600000381469727,-37.20001220703125,117,89,NE,Seasonal q90,JJA,16
-11.600000381469727,-37.20001220703125,117,89,NE,Seasonal q90,SON,19
-11.600000381469727,-37.0,117,90,NE,Global q90,DJF,0
-11.600000381469727,-37.0,117,90,NE,Global q90,MAM,8
-11.600000381469727,-37.0,117,90,NE,Global q90,JJA,24
-11.600000381469727,-37.0,117,90,NE,Global q90,SON,18
-11.600000381469727,-37.0,117,90,NE,Seasonal q90,DJF,15
-11.600000381469727,-37.0,117,90,NE,Seasonal q90,MAM,11
-11.600000381469727,-37.0,117,90,NE,Seasonal q90,JJA,16
-11.600000381469727,-37.0,117,90,NE,Seasonal q90,SON,17
-11.399999618530273,-37.20001220703125,118,89,NE,Global q90,DJF,0
-11.399999618530273,-37.20001220703125,118,89,NE,Global q90,MAM,12
-11.399999618530273,-37.20001220703125,118,89,NE,Global q90,JJA,30
-11.399999618530273,-37.20001220703125,118,89,NE,Global q90,SON,16
-11.399999618530273,-37.20001220703125,118,89,NE,Seasonal q90,DJF,16
-11.399999618530273,-37.20001220703125,118,89,NE,Seasonal q90,MAM,13
-11.399999618530273,-37.20001220703125,118,89,NE,Seasonal q90,JJA,17
-11.399999618530273,-37.20001220703125,118,89,NE,Seasonal q90,SON,20
-11.399999618530273,-37.0,118,90,NE,Global q90,DJF,0
-11.399999618530273,-37.0,118,90,NE,Global q90,MAM,10
-11.399999618530273,-37.0,118,90,NE,Global q90,JJA,27
-11.399999618530273,-37.0,118,90,NE,Global q90,SON,17
-11.399999618530273,-37.0,118,90,NE,Seasonal q90,DJF,16
-11.399999618530273,-37.0,118,90,NE,Seasonal q90,MAM,10
-11.399999618530273,-37.0,118,90,NE,Seasonal q90,JJA,16
-11.399999618530273,-37.0,118,90,NE,Seasonal q90,SON,18
-11.399999618530273,-36.79998779296875,118,91,NE,Global q90,DJF,0
-11.399999618530273,-36.79998779296875,118,91,NE,Global q90,MAM,6
-11.399999618530273,-36.79998779296875,118,91,NE,Global q90,JJA,25
-11.399999618530273,-36.79998779296875,118,91,NE,Global q90,SON,15
-11.399999618530273,-36.79998779296875,118,91,NE,Seasonal q90,DJF,15
-11.399999618530273,-36.79998779296875,118,91,NE,Seasonal q90,MAM,10
-11.399999618530273,-36.79998779296875,118,91,NE,Seasonal q90,JJA,15
-11.399999618530273,-36.79998779296875,118,91,NE,Seasonal q90,SON,16
-11.199999809265137,-37.0,119,90,NE,Global q90,DJF,0
-11.199999809265137,-37.0,119,90,NE,Global q90,MAM,11
-11.199999809265137,-37.0,119,90,NE,Global q90,JJA,27
-11.199999809265137,-37.0,119,90,NE,Global q90,SON,16
-11.199999809265137,-37.0,119,90,NE,Seasonal q90,DJF,15
-11.199999809265137,-37.0,119,90,NE,Seasonal q90,MAM,11
-11.199999809265137,-37.0,119,90,NE,Seasonal q90,JJA,13
-11.199999809265137,-37.0,119,90,NE,Seasonal q90,SON,20
-11.199999809265137,-36.79998779296875,119,91,NE,Global q90,DJF,0
-11.199999809265137,-36.79998779296875,119,91,NE,Global q90,MAM,9
-11.199999809265137,-36.79998779296875,119,91,NE,Global q90,JJA,25
-11.199999809265137,-36.79998779296875,119,91,NE,Global q90,SON,15
-11.199999809265137,-36.79998779296875,119,91,NE,Seasonal q90,DJF,15
-11.199999809265137,-36.79998779296875,119,91,NE,Seasonal q90,MAM,10
-11.199999809265137,-36.79998779296875,119,91,NE,Seasonal q90,JJA,13
-11.199999809265137,-36.79998779296875,119,91,NE,Seasonal q90,SON,17
-11.0,-37.0,120,90,NE,Global q90,DJF,0
-11.0,-37.0,120,90,NE,Global q90,MAM,10
-11.0,-37.0,120,90,NE,Global q90,JJA,26
-11.0,-37.0,120,90,NE,Global q90,SON,17
-11.0,-37.0,120,90,NE,Seasonal q90,DJF,15
-11.0,-37.0,120,90,NE,Seasonal q90,MAM,12
-11.0,-37.0,120,90,NE,Seasonal q90,JJA,13
-11.0,-37.0,120,90,NE,Seasonal q90,SON,20
-11.0,-36.79998779296875,120,91,NE,Global q90,DJF,0
-11.0,-36.79998779296875,120,91,NE,Global q90,MAM,10
-11.0,-36.79998779296875,120,91,NE,Global q90,JJA,26
-11.0,-36.79998779296875,120,91,NE,Global q90,SON,17
-11.0,-36.79998779296875,120,91,NE,Seasonal q90,DJF,15
-11.0,-36.79998779296875,120,91,NE,Seasonal q90,MAM,12
-11.0,-36.79998779296875,120,91,NE,Seasonal q90,JJA,12
-11.0,-36.79998779296875,120,91,NE,Seasonal q90,SON,20
-11.0,-36.600006103515625,120,92,NE,Global q90,DJF,0
-11.0,-36.600006103515625,120,92,NE,Global q90,MAM,9
-11.0,-36.600006103515625,120,92,NE,Global q90,JJA,25
-11.0,-36.600006103515625,120,92,NE,Global q90,SON,13
-11.0,-36.600006103515625,120,92,NE,Seasonal q90,DJF,14
-11.0,-36.600006103515625,120,92,NE,Seasonal q90,MAM,8
-11.0,-36.600006103515625,120,92,NE,Seasonal q90,JJA,14
-11.0,-36.600006103515625,120,92,NE,Seasonal q90,SON,19
-10.800000190734863,-36.79998779296875,121,91,NE,Global q90,DJF,0
-10.800000190734863,-36.79998779296875,121,91,NE,Global q90,MAM,10
-10.800000190734863,-36.79998779296875,121,91,NE,Global q90,JJA,29
-10.800000190734863,-36.79998779296875,121,91,NE,Global q90,SON,17
-10.800000190734863,-36.79998779296875,121,91,NE,Seasonal q90,DJF,16
-10.800000190734863,-36.79998779296875,121,91,NE,Seasonal q90,MAM,13
-10.800000190734863,-36.79998779296875,121,91,NE,Seasonal q90,JJA,13
-10.800000190734863,-36.79998779296875,121,91,NE,Seasonal q90,SON,20
-10.800000190734863,-36.600006103515625,121,92,NE,Global q90,DJF,0
-10.800000190734863,-36.600006103515625,121,92,NE,Global q90,MAM,8
-10.800000190734863,-36.600006103515625,121,92,NE,Global q90,JJA,27
-10.800000190734863,-36.600006103515625,121,92,NE,Global q90,SON,16
-10.800000190734863,-36.600006103515625,121,92,NE,Seasonal q90,DJF,14
-10.800000190734863,-36.600006103515625,121,92,NE,Seasonal q90,MAM,10
-10.800000190734863,-36.600006103515625,121,92,NE,Seasonal q90,JJA,14
-10.800000190734863,-36.600006103515625,121,92,NE,Seasonal q90,SON,20
-10.800000190734863,-36.399993896484375,121,93,NE,Global q90,DJF,0
-10.800000190734863,-36.399993896484375,121,93,NE,Global q90,MAM,8
-10.800000190734863,-36.399993896484375,121,93,NE,Global q90,JJA,24
-10.800000190734863,-36.399993896484375,121,93,NE,Global q90,SON,14
-10.800000190734863,-36.399993896484375,121,93,NE,Seasonal q90,DJF,15
-10.800000190734863,-36.399993896484375,121,93,NE,Seasonal q90,MAM,10
-10.800000190734863,-36.399993896484375,121,93,NE,Seasonal q90,JJA,13
-10.800000190734863,-36.399993896484375,121,93,NE,Seasonal q90,SON,16
-10.800000190734863,-36.20001220703125,121,94,NE,Global q90,DJF,0
-10.800000190734863,-36.20001220703125,121,94,NE,Global q90,MAM,7
-10.800000190734863,-36.20001220703125,121,94,NE,Global q90,JJA,23
-10.800000190734863,-36.20001220703125,121,94,NE,Global q90,SON,13
-10.800000190734863,-36.20001220703125,121,94,NE,Seasonal q90,DJF,16
-10.800000190734863,-36.20001220703125,121,94,NE,Seasonal q90,MAM,8
-10.800000190734863,-36.20001220703125,121,94,NE,Seasonal q90,JJA,15
-10.800000190734863,-36.20001220703125,121,94,NE,Seasonal q90,SON,17
-10.600000381469727,-36.600006103515625,122,92,NE,Global q90,DJF,0
-10.600000381469727,-36.600006103515625,122,92,NE,Global q90,MAM,10
-10.600000381469727,-36.600006103515625,122,92,NE,Global q90,JJA,27
-10.600000381469727,-36.600006103515625,122,92,NE,Global q90,SON,15
-10.600000381469727,-36.600006103515625,122,92,NE,Seasonal q90,DJF,14
-10.600000381469727,-36.600006103515625,122,92,NE,Seasonal q90,MAM,13
-10.600000381469727,-36.600006103515625,122,92,NE,Seasonal q90,JJA,14
-10.600000381469727,-36.600006103515625,122,92,NE,Seasonal q90,SON,17
-10.600000381469727,-36.399993896484375,122,93,NE,Global q90,DJF,0
-10.600000381469727,-36.399993896484375,122,93,NE,Global q90,MAM,9
-10.600000381469727,-36.399993896484375,122,93,NE,Global q90,JJA,27
-10.600000381469727,-36.399993896484375,122,93,NE,Global q90,SON,16
-10.600000381469727,-36.399993896484375,122,93,NE,Seasonal q90,DJF,14
-10.600000381469727,-36.399993896484375,122,93,NE,Seasonal q90,MAM,12
-10.600000381469727,-36.399993896484375,122,93,NE,Seasonal q90,JJA,15
-10.600000381469727,-36.399993896484375,122,93,NE,Seasonal q90,SON,19
-10.600000381469727,-36.20001220703125,122,94,NE,Global q90,DJF,0
-10.600000381469727,-36.20001220703125,122,94,NE,Global q90,MAM,8
-10.600000381469727,-36.20001220703125,122,94,NE,Global q90,JJA,29
-10.600000381469727,-36.20001220703125,122,94,NE,Global q90,SON,14
-10.600000381469727,-36.20001220703125,122,94,NE,Seasonal q90,DJF,14
-10.600000381469727,-36.20001220703125,122,94,NE,Seasonal q90,MAM,11
-10.600000381469727,-36.20001220703125,122,94,NE,Seasonal q90,JJA,14
-10.600000381469727,-36.20001220703125,122,94,NE,Seasonal q90,SON,16
-10.600000381469727,-36.0,122,95,NE,Global q90,DJF,0
-10.600000381469727,-36.0,122,95,NE,Global q90,MAM,7
-10.600000381469727,-36.0,122,95,NE,Global q90,JJA,26
-10.600000381469727,-36.0,122,95,NE,Global q90,SON,14
-10.600000381469727,-36.0,122,95,NE,Seasonal q90,DJF,14
-10.600000381469727,-36.0,122,95,NE,Seasonal q90,MAM,10
-10.600000381469727,-36.0,122,95,NE,Seasonal q90,JJA,14
-10.600000381469727,-36.0,122,95,NE,Seasonal q90,SON,17
-10.399999618530273,-36.20001220703125,123,94,NE,Global q90,DJF,0
-10.399999618530273,-36.20001220703125,123,94,NE,Global q90,MAM,8
-10.399999618530273,-36.20001220703125,123,94,NE,Global q90,JJA,30
-10.399999618530273,-36.20001220703125,123,94,NE,Global q90,SON,15
-10.399999618530273,-36.20001220703125,123,94,NE,Seasonal q90,DJF,15
-10.399999618530273,-36.20001220703125,123,94,NE,Seasonal q90,MAM,12
-10.399999618530273,-36.20001220703125,123,94,NE,Seasonal q90,JJA,13
-10.399999618530273,-36.20001220703125,123,94,NE,Seasonal q90,SON,18
-10.399999618530273,-36.0,123,95,NE,Global q90,DJF,0
-10.399999618530273,-36.0,123,95,NE,Global q90,MAM,8
-10.399999618530273,-36.0,123,95,NE,Global q90,JJA,28
-10.399999618530273,-36.0,123,95,NE,Global q90,SON,14
-10.399999618530273,-36.0,123,95,NE,Seasonal q90,DJF,15
-10.399999618530273,-36.0,123,95,NE,Seasonal q90,MAM,11
-10.399999618530273,-36.0,123,95,NE,Seasonal q90,JJA,13
-10.399999618530273,-36.0,123,95,NE,Seasonal q90,SON,17
-10.399999618530273,-35.79998779296875,123,96,NE,Global q90,DJF,0
-10.399999618530273,-35.79998779296875,123,96,NE,Global q90,MAM,7
-10.399999618530273,-35.79998779296875,123,96,NE,Global q90,JJA,26
-10.399999618530273,-35.79998779296875,123,96,NE,Global q90,SON,14
-10.399999618530273,-35.79998779296875,123,96,NE,Seasonal q90,DJF,16
-10.399999618530273,-35.79998779296875,123,96,NE,Seasonal q90,MAM,11
-10.399999618530273,-35.79998779296875,123,96,NE,Seasonal q90,JJA,13
-10.399999618530273,-35.79998779296875,123,96,NE,Seasonal q90,SON,16
-10.199999809265137,-36.0,124,95,NE,Global q90,DJF,0
-10.199999809265137,-36.0,124,95,NE,Global q90,MAM,8
-10.199999809265137,-36.0,124,95,NE,Global q90,JJA,34
-10.199999809265137,-36.0,124,95,NE,Global q90,SON,14
-10.199999809265137,-36.0,124,95,NE,Seasonal q90,DJF,16
-10.199999809265137,-36.0,124,95,NE,Seasonal q90,MAM,11
-10.199999809265137,-36.0,124,95,NE,Seasonal q90,JJA,13
-10.199999809265137,-36.0,124,95,NE,Seasonal q90,SON,18
-10.199999809265137,-35.79998779296875,124,96,NE,Global q90,DJF,0
-10.199999809265137,-35.79998779296875,124,96,NE,Global q90,MAM,7
-10.199999809265137,-35.79998779296875,124,96,NE,Global q90,JJA,30
-10.199999809265137,-35.79998779296875,124,96,NE,Global q90,SON,14
-10.199999809265137,-35.79998779296875,124,96,NE,Seasonal q90,DJF,17
-10.199999809265137,-35.79998779296875,124,96,NE,Seasonal q90,MAM,12
-10.199999809265137,-35.79998779296875,124,96,NE,Seasonal q90,JJA,13
-10.199999809265137,-35.79998779296875,124,96,NE,Seasonal q90,SON,17
-10.199999809265137,-35.600006103515625,124,97,NE,Global q90,DJF,0
-10.199999809265137,-35.600006103515625,124,97,NE,Global q90,MAM,7
-10.199999809265137,-35.600006103515625,124,97,NE,Global q90,JJA,25
-10.199999809265137,-35.600006103515625,124,97,NE,Global q90,SON,15
-10.199999809265137,-35.600006103515625,124,97,NE,Seasonal q90,DJF,18
-10.199999809265137,-35.600006103515625,124,97,NE,Seasonal q90,MAM,10
-10.199999809265137,-35.600006103515625,124,97,NE,Seasonal q90,JJA,15
-10.199999809265137,-35.600006103515625,124,97,NE,Seasonal q90,SON,18
-10.0,-35.79998779296875,125,96,NE,Global q90,DJF,0
-10.0,-35.79998779296875,125,96,NE,Global q90,MAM,7
-10.0,-35.79998779296875,125,96,NE,Global q90,JJA,33
-10.0,-35.79998779296875,125,96,NE,Global q90,SON,15
-10.0,-35.79998779296875,125,96,NE,Seasonal q90,DJF,16
-10.0,-35.79998779296875,125,96,NE,Seasonal q90,MAM,14
-10.0,-35.79998779296875,125,96,NE,Seasonal q90,JJA,15
-10.0,-35.79998779296875,125,96,NE,Seasonal q90,SON,19
-10.0,-35.600006103515625,125,97,NE,Global q90,DJF,0
-10.0,-35.600006103515625,125,97,NE,Global q90,MAM,6
-10.0,-35.600006103515625,125,97,NE,Global q90,JJA,29
-10.0,-35.600006103515625,125,97,NE,Global q90,SON,14
-10.0,-35.600006103515625,125,97,NE,Seasonal q90,DJF,16
-10.0,-35.600006103515625,125,97,NE,Seasonal q90,MAM,12
-10.0,-35.600006103515625,125,97,NE,Seasonal q90,JJA,14
-10.0,-35.600006103515625,125,97,NE,Seasonal q90,SON,17
-10.0,-35.399993896484375,125,98,NE,Global q90,DJF,0
-10.0,-35.399993896484375,125,98,NE,Global q90,MAM,5
-10.0,-35.399993896484375,125,98,NE,Global q90,JJA,26
-10.0,-35.399993896484375,125,98,NE,Global q90,SON,15
-10.0,-35.399993896484375,125,98,NE,Seasonal q90,DJF,17
-10.0,-35.399993896484375,125,98,NE,Seasonal q90,MAM,10
-10.0,-35.399993896484375,125,98,NE,Seasonal q90,JJA,14
-10.0,-35.399993896484375,125,98,NE,Seasonal q90,SON,16
-9.800000190734863,-35.79998779296875,126,96,NE,Global q90,DJF,0
-9.800000190734863,-35.79998779296875,126,96,NE,Global q90,MAM,6
-9.800000190734863,-35.79998779296875,126,96,NE,Global q90,JJA,33
-9.800000190734863,-35.79998779296875,126,96,NE,Global q90,SON,15
-9.800000190734863,-35.79998779296875,126,96,NE,Seasonal q90,DJF,14
-9.800000190734863,-35.79998779296875,126,96,NE,Seasonal q90,MAM,13
-9.800000190734863,-35.79998779296875,126,96,NE,Seasonal q90,JJA,15
-9.800000190734863,-35.79998779296875,126,96,NE,Seasonal q90,SON,20
-9.800000190734863,-35.600006103515625,126,97,NE,Global q90,DJF,0
-9.800000190734863,-35.600006103515625,126,97,NE,Global q90,MAM,6
-9.800000190734863,-35.600006103515625,126,97,NE,Global q90,JJA,30
-9.800000190734863,-35.600006103515625,126,97,NE,Global q90,SON,15
-9.800000190734863,-35.600006103515625,126,97,NE,Seasonal q90,DJF,16
-9.800000190734863,-35.600006103515625,126,97,NE,Seasonal q90,MAM,12
-9.800000190734863,-35.600006103515625,126,97,NE,Seasonal q90,JJA,16
-9.800000190734863,-35.600006103515625,126,97,NE,Seasonal q90,SON,20
-9.800000190734863,-35.399993896484375,126,98,NE,Global q90,DJF,0
-9.800000190734863,-35.399993896484375,126,98,NE,Global q90,MAM,5
-9.800000190734863,-35.399993896484375,126,98,NE,Global q90,JJA,29
-9.800000190734863,-35.399993896484375,126,98,NE,Global q90,SON,14
-9.800000190734863,-35.399993896484375,126,98,NE,Seasonal q90,DJF,14
-9.800000190734863,-35.399993896484375,126,98,NE,Seasonal q90,MAM,12
-9.800000190734863,-35.399993896484375,126,98,NE,Seasonal q90,JJA,14
-9.800000190734863,-35.399993896484375,126,98,NE,Seasonal q90,SON,19
-9.600000381469727,-35.600006103515625,127,97,NE,Global q90,DJF,0
-9.600000381469727,-35.600006103515625,127,97,NE,Global q90,MAM,6
-9.600000381469727,-35.600006103515625,127,97,NE,Global q90,JJA,32
-9.600000381469727,-35.600006103515625,127,97,NE,Global q90,SON,13
-9.600000381469727,-35.600006103515625,127,97,NE,Seasonal q90,DJF,14
-9.600000381469727,-35.600006103515625,127,97,NE,Seasonal q90,MAM,17
-9.600000381469727,-35.600006103515625,127,97,NE,Seasonal q90,JJA,16
-9.600000381469727,-35.600006103515625,127,97,NE,Seasonal q90,SON,17
-9.600000381469727,-35.399993896484375,127,98,NE,Global q90,DJF,0
-9.600000381469727,-35.399993896484375,127,98,NE,Global q90,MAM,6
-9.600000381469727,-35.399993896484375,127,98,NE,Global q90,JJA,30
-9.600000381469727,-35.399993896484375,127,98,NE,Global q90,SON,13
-9.600000381469727,-35.399993896484375,127,98,NE,Seasonal q90,DJF,14
-9.600000381469727,-35.399993896484375,127,98,NE,Seasonal q90,MAM,13
-9.600000381469727,-35.399993896484375,127,98,NE,Seasonal q90,JJA,16
-9.600000381469727,-35.399993896484375,127,98,NE,Seasonal q90,SON,18
-9.600000381469727,-35.20001220703125,127,99,NE,Global q90,DJF,0
-9.600000381469727,-35.20001220703125,127,99,NE,Global q90,MAM,6
-9.600000381469727,-35.20001220703125,127,99,NE,Global q90,JJA,27
-9.600000381469727,-35.20001220703125,127,99,NE,Global q90,SON,15
-9.600000381469727,-35.20001220703125,127,99,NE,Seasonal q90,DJF,15
-9.600000381469727,-35.20001220703125,127,99,NE,Seasonal q90,MAM,12
-9.600000381469727,-35.20001220703125,127,99,NE,Seasonal q90,JJA,15
-9.600000381469727,-35.20001220703125,127,99,NE,Seasonal q90,SON,21
-9.399999618530273,-35.399993896484375,128,98,NE,Global q90,DJF,0
-9.399999618530273,-35.399993896484375,128,98,NE,Global q90,MAM,5
-9.399999618530273,-35.399993896484375,128,98,NE,Global q90,JJA,32
-9.399999618530273,-35.399993896484375,128,98,NE,Global q90,SON,14
-9.399999618530273,-35.399993896484375,128,98,NE,Seasonal q90,DJF,13
-9.399999618530273,-35.399993896484375,128,98,NE,Seasonal q90,MAM,16
-9.399999618530273,-35.399993896484375,128,98,NE,Seasonal q90,JJA,17
-9.399999618530273,-35.399993896484375,128,98,NE,Seasonal q90,SON,17
-9.399999618530273,-35.20001220703125,128,99,NE,Global q90,DJF,0
-9.399999618530273,-35.20001220703125,128,99,NE,Global q90,MAM,4
-9.399999618530273,-35.20001220703125,128,99,NE,Global q90,JJA,30
-9.399999618530273,-35.20001220703125,128,99,NE,Global q90,SON,15
-9.399999618530273,-35.20001220703125,128,99,NE,Seasonal q90,DJF,16
-9.399999618530273,-35.20001220703125,128,99,NE,Seasonal q90,MAM,14
-9.399999618530273,-35.20001220703125,128,99,NE,Seasonal q90,JJA,14
-9.399999618530273,-35.20001220703125,128,99,NE,Seasonal q90,SON,19
-9.399999618530273,-35.0,128,100,NE,Global q90,DJF,0
-9.399999618530273,-35.0,128,100,NE,Global q90,MAM,5
-9.399999618530273,-35.0,128,100,NE,Global q90,JJA,26
-9.399999618530273,-35.0,128,100,NE,Global q90,SON,16
-9.399999618530273,-35.0,128,100,NE,Seasonal q90,DJF,16
-9.399999618530273,-35.0,128,100,NE,Seasonal q90,MAM,12
-9.399999618530273,-35.0,128,100,NE,Seasonal q90,JJA,15
-9.399999618530273,-35.0,128,100,NE,Seasonal q90,SON,19
-9.199999809265137,-35.20001220703125,129,99,NE,Global q90,DJF,0
-9.199999809265137,-35.20001220703125,129,99,NE,Global q90,MAM,7
-9.199999809265137,-35.20001220703125,129,99,NE,Global q90,JJA,31
-9.199999809265137,-35.20001220703125,129,99,NE,Global q90,SON,16
-9.199999809265137,-35.20001220703125,129,99,NE,Seasonal q90,DJF,14
-9.199999809265137,-35.20001220703125,129,99,NE,Seasonal q90,MAM,13
-9.199999809265137,-35.20001220703125,129,99,NE,Seasonal q90,JJA,14
-9.199999809265137,-35.20001220703125,129,99,NE,Seasonal q90,SON,18
-9.199999809265137,-35.0,129,100,NE,Global q90,DJF,0
-9.199999809265137,-35.0,129,100,NE,Global q90,MAM,5
-9.199999809265137,-35.0,129,100,NE,Global q90,JJA,29
-9.199999809265137,-35.0,129,100,NE,Global q90,SON,17
-9.199999809265137,-35.0,129,100,NE,Seasonal q90,DJF,14
-9.199999809265137,-35.0,129,100,NE,Seasonal q90,MAM,12
-9.199999809265137,-35.0,129,100,NE,Seasonal q90,JJA,17
-9.199999809265137,-35.0,129,100,NE,Seasonal q90,SON,19
-9.199999809265137,-34.79998779296875,129,101,NE,Global q90,DJF,0
-9.199999809265137,-34.79998779296875,129,101,NE,Global q90,MAM,5
-9.199999809265137,-34.79998779296875,129,101,NE,Global q90,JJA,26
-9.199999809265137,-34.79998779296875,129,101,NE,Global q90,SON,18
-9.199999809265137,-34.79998779296875,129,101,NE,Seasonal q90,DJF,17
-9.199999809265137,-34.79998779296875,129,101,NE,Seasonal q90,MAM,13
-9.199999809265137,-34.79998779296875,129,101,NE,Seasonal q90,JJA,15
-9.199999809265137,-34.79998779296875,129,101,NE,Seasonal q90,SON,20
-9.0,-35.0,130,100,NE,Global q90,DJF,0
-9.0,-35.0,130,100,NE,Global q90,MAM,4
-9.0,-35.0,130,100,NE,Global q90,JJA,32
-9.0,-35.0,130,100,NE,Global q90,SON,17
-9.0,-35.0,130,100,NE,Seasonal q90,DJF,16
-9.0,-35.0,130,100,NE,Seasonal q90,MAM,12
-9.0,-35.0,130,100,NE,Seasonal q90,JJA,18
-9.0,-35.0,130,100,NE,Seasonal q90,SON,19
-9.0,-34.79998779296875,130,101,NE,Global q90,DJF,0
-9.0,-34.79998779296875,130,101,NE,Global q90,MAM,6
-9.0,-34.79998779296875,130,101,NE,Global q90,JJA,30
-9.0,-34.79998779296875,130,101,NE,Global q90,SON,17
-9.0,-34.79998779296875,130,101,NE,Seasonal q90,DJF,16
-9.0,-34.79998779296875,130,101,NE,Seasonal q90,MAM,14
-9.0,-34.79998779296875,130,101,NE,Seasonal q90,JJA,16
-9.0,-34.79998779296875,130,101,NE,Seasonal q90,SON,20
-8.800000190734863,-35.0,131,100,NE,Global q90,DJF,0
-8.800000190734863,-35.0,131,100,NE,Global q90,MAM,5
-8.800000190734863,-35.0,131,100,NE,Global q90,JJA,32
-8.800000190734863,-35.0,131,100,NE,Global q90,SON,18
-8.800000190734863,-35.0,131,100,NE,Seasonal q90,DJF,16
-8.800000190734863,-35.0,131,100,NE,Seasonal q90,MAM,15
-8.800000190734863,-35.0,131,100,NE,Seasonal q90,JJA,16
-8.800000190734863,-35.0,131,100,NE,Seasonal q90,SON,20
-8.800000190734863,-34.79998779296875,131,101,NE,Global q90,DJF,1
-8.800000190734863,-34.79998779296875,131,101,NE,Global q90,MAM,5
-8.800000190734863,-34.79998779296875,131,101,NE,Global q90,JJA,31
-8.800000190734863,-34.79998779296875,131,101,NE,Global q90,SON,17
-8.800000190734863,-34.79998779296875,131,101,NE,Seasonal q90,DJF,15
-8.800000190734863,-34.79998779296875,131,101,NE,Seasonal q90,MAM,12
-8.800000190734863,-34.79998779296875,131,101,NE,Seasonal q90,JJA,15
-8.800000190734863,-34.79998779296875,131,101,NE,Seasonal q90,SON,20
-8.600000381469727,-34.79998779296875,132,101,NE,Global q90,DJF,1
-8.600000381469727,-34.79998779296875,132,101,NE,Global q90,MAM,3
-8.600000381469727,-34.79998779296875,132,101,NE,Global q90,JJA,34
-8.600000381469727,-34.79998779296875,132,101,NE,Global q90,SON,17
-8.600000381469727,-34.79998779296875,132,101,NE,Seasonal q90,DJF,13
-8.600000381469727,-34.79998779296875,132,101,NE,Seasonal q90,MAM,13
-8.600000381469727,-34.79998779296875,132,101,NE,Seasonal q90,JJA,15
-8.600000381469727,-34.79998779296875,132,101,NE,Seasonal q90,SON,20
-8.600000381469727,-34.600006103515625,132,102,NE,Global q90,DJF,1
-8.600000381469727,-34.600006103515625,132,102,NE,Global q90,MAM,3
-8.600000381469727,-34.600006103515625,132,102,NE,Global q90,JJA,30
-8.600000381469727,-34.600006103515625,132,102,NE,Global q90,SON,18
-8.600000381469727,-34.600006103515625,132,102,NE,Seasonal q90,DJF,15
-8.600000381469727,-34.600006103515625,132,102,NE,Seasonal q90,MAM,14
-8.600000381469727,-34.600006103515625,132,102,NE,Seasonal q90,JJA,15
-8.600000381469727,-34.600006103515625,132,102,NE,Seasonal q90,SON,21
-8.399999618530273,-34.79998779296875,133,101,NE,Global q90,DJF,2
-8.399999618530273,-34.79998779296875,133,101,NE,Global q90,MAM,4
-8.399999618530273,-34.79998779296875,133,101,NE,Global q90,JJA,36
-8.399999618530273,-34.79998779296875,133,101,NE,Global q90,SON,19
-8.399999618530273,-34.79998779296875,133,101,NE,Seasonal q90,DJF,15
-8.399999618530273,-34.79998779296875,133,101,NE,Seasonal q90,MAM,13
-8.399999618530273,-34.79998779296875,133,101,NE,Seasonal q90,JJA,17
-8.399999618530273,-34.79998779296875,133,101,NE,Seasonal q90,SON,22
-8.399999618530273,-34.600006103515625,133,102,NE,Global q90,DJF,1
-8.399999618530273,-34.600006103515625,133,102,NE,Global q90,MAM,4
-8.399999618530273,-34.600006103515625,133,102,NE,Global q90,JJA,31
-8.399999618530273,-34.600006103515625,133,102,NE,Global q90,SON,18
-8.399999618530273,-34.600006103515625,133,102,NE,Seasonal q90,DJF,14
-8.399999618530273,-34.600006103515625,133,102,NE,Seasonal q90,MAM,14
-8.399999618530273,-34.600006103515625,133,102,NE,Seasonal q90,JJA,14
-8.399999618530273,-34.600006103515625,133,102,NE,Seasonal q90,SON,21
-8.199999809265137,-34.79998779296875,134,101,NE,Global q90,DJF,1
-8.199999809265137,-34.79998779296875,134,101,NE,Global q90,MAM,5
-8.199999809265137,-34.79998779296875,134,101,NE,Global q90,JJA,37
-8.199999809265137,-34.79998779296875,134,101,NE,Global q90,SON,19
-8.199999809265137,-34.79998779296875,134,101,NE,Seasonal q90,DJF,13
-8.199999809265137,-34.79998779296875,134,101,NE,Seasonal q90,MAM,13
-8.199999809265137,-34.79998779296875,134,101,NE,Seasonal q90,JJA,17
-8.199999809265137,-34.79998779296875,134,101,NE,Seasonal q90,SON,22
-8.199999809265137,-34.600006103515625,134,102,NE,Global q90,DJF,1
-8.199999809265137,-34.600006103515625,134,102,NE,Global q90,MAM,5
-8.199999809265137,-34.600006103515625,134,102,NE,Global q90,JJA,36
-8.199999809265137,-34.600006103515625,134,102,NE,Global q90,SON,19
-8.199999809265137,-34.600006103515625,134,102,NE,Seasonal q90,DJF,13
-8.199999809265137,-34.600006103515625,134,102,NE,Seasonal q90,MAM,14
-8.199999809265137,-34.600006103515625,134,102,NE,Seasonal q90,JJA,17
-8.199999809265137,-34.600006103515625,134,102,NE,Seasonal q90,SON,22
-8.0,-34.79998779296875,135,101,NE,Global q90,DJF,1
-8.0,-34.79998779296875,135,101,NE,Global q90,MAM,5
-8.0,-34.79998779296875,135,101,NE,Global q90,JJA,38
-8.0,-34.79998779296875,135,101,NE,Global q90,SON,21
-8.0,-34.79998779296875,135,101,NE,Seasonal q90,DJF,13
-8.0,-34.79998779296875,135,101,NE,Seasonal q90,MAM,14
-8.0,-34.79998779296875,135,101,NE,Seasonal q90,JJA,18
-8.0,-34.79998779296875,135,101,NE,Seasonal q90,SON,23
-8.0,-34.600006103515625,135,102,NE,Global q90,DJF,1
-8.0,-34.600006103515625,135,102,NE,Global q90,MAM,5
-8.0,-34.600006103515625,135,102,NE,Global q90,JJA,38
-8.0,-34.600006103515625,135,102,NE,Global q90,SON,20
-8.0,-34.600006103515625,135,102,NE,Seasonal q90,DJF,13
-8.0,-34.600006103515625,135,102,NE,Seasonal q90,MAM,14
-8.0,-34.600006103515625,135,102,NE,Seasonal q90,JJA,17
-8.0,-34.600006103515625,135,102,NE,Seasonal q90,SON,22
-8.0,-34.399993896484375,135,103,NE,Global q90,DJF,1
-8.0,-34.399993896484375,135,103,NE,Global q90,MAM,6
-8.0,-34.399993896484375,135,103,NE,Global q90,JJA,34
-8.0,-34.399993896484375,135,103,NE,Global q90,SON,20
-8.0,-34.399993896484375,135,103,NE,Seasonal q90,DJF,12
-8.0,-34.399993896484375,135,103,NE,Seasonal q90,MAM,15
-8.0,-34.399993896484375,135,103,NE,Seasonal q90,JJA,18
-8.0,-34.399993896484375,135,103,NE,Seasonal q90,SON,21
-7.800000190734863,-34.79998779296875,136,101,NE,Global q90,DJF,1
-7.800000190734863,-34.79998779296875,136,101,NE,Global q90,MAM,6
-7.800000190734863,-34.79998779296875,136,101,NE,Global q90,JJA,42
-7.800000190734863,-34.79998779296875,136,101,NE,Global q90,SON,20
-7.800000190734863,-34.79998779296875,136,101,NE,Seasonal q90,DJF,15
-7.800000190734863,-34.79998779296875,136,101,NE,Seasonal q90,MAM,16
-7.800000190734863,-34.79998779296875,136,101,NE,Seasonal q90,JJA,19
-7.800000190734863,-34.79998779296875,136,101,NE,Seasonal q90,SON,22
-7.800000190734863,-34.600006103515625,136,102,NE,Global q90,DJF,1
-7.800000190734863,-34.600006103515625,136,102,NE,Global q90,MAM,6
-7.800000190734863,-34.600006103515625,136,102,NE,Global q90,JJA,40
-7.800000190734863,-34.600006103515625,136,102,NE,Global q90,SON,19
-7.800000190734863,-34.600006103515625,136,102,NE,Seasonal q90,DJF,13
-7.800000190734863,-34.600006103515625,136,102,NE,Seasonal q90,MAM,15
-7.800000190734863,-34.600006103515625,136,102,NE,Seasonal q90,JJA,18
-7.800000190734863,-34.600006103515625,136,102,NE,Seasonal q90,SON,21
-7.800000190734863,-34.399993896484375,136,103,NE,Global q90,DJF,1
-7.800000190734863,-34.399993896484375,136,103,NE,Global q90,MAM,7
-7.800000190734863,-34.399993896484375,136,103,NE,Global q90,JJA,37
-7.800000190734863,-34.399993896484375,136,103,NE,Global q90,SON,18
-7.800000190734863,-34.399993896484375,136,103,NE,Seasonal q90,DJF,14
-7.800000190734863,-34.399993896484375,136,103,NE,Seasonal q90,MAM,15
-7.800000190734863,-34.399993896484375,136,103,NE,Seasonal q90,JJA,18
-7.800000190734863,-34.399993896484375,136,103,NE,Seasonal q90,SON,21
-7.599999904632568,-34.79998779296875,137,101,NE,Global q90,DJF,1
-7.599999904632568,-34.79998779296875,137,101,NE,Global q90,MAM,4
-7.599999904632568,-34.79998779296875,137,101,NE,Global q90,JJA,42
-7.599999904632568,-34.79998779296875,137,101,NE,Global q90,SON,16
-7.599999904632568,-34.79998779296875,137,101,NE,Seasonal q90,DJF,20
-7.599999904632568,-34.79998779296875,137,101,NE,Seasonal q90,MAM,18
-7.599999904632568,-34.79998779296875,137,101,NE,Seasonal q90,JJA,18
-7.599999904632568,-34.79998779296875,137,101,NE,Seasonal q90,SON,16
-7.599999904632568,-34.600006103515625,137,102,NE,Global q90,DJF,1
-7.599999904632568,-34.600006103515625,137,102,NE,Global q90,MAM,6
-7.599999904632568,-34.600006103515625,137,102,NE,Global q90,JJA,39
-7.599999904632568,-34.600006103515625,137,102,NE,Global q90,SON,20
-7.599999904632568,-34.600006103515625,137,102,NE,Seasonal q90,DJF,15
-7.599999904632568,-34.600006103515625,137,102,NE,Seasonal q90,MAM,17
-7.599999904632568,-34.600006103515625,137,102,NE,Seasonal q90,JJA,19
-7.599999904632568,-34.600006103515625,137,102,NE,Seasonal q90,SON,20
-7.599999904632568,-34.399993896484375,137,103,NE,Global q90,DJF,1
-7.599999904632568,-34.399993896484375,137,103,NE,Global q90,MAM,6
-7.599999904632568,-34.399993896484375,137,103,NE,Global q90,JJA,38
-7.599999904632568,-34.399993896484375,137,103,NE,Global q90,SON,19
-7.599999904632568,-34.399993896484375,137,103,NE,Seasonal q90,DJF,13
-7.599999904632568,-34.399993896484375,137,103,NE,Seasonal q90,MAM,16
-7.599999904632568,-34.399993896484375,137,103,NE,Seasonal q90,JJA,17
-7.599999904632568,-34.399993896484375,137,103,NE,Seasonal q90,SON,20
-7.400000095367432,-34.600006103515625,138,102,NE,Global q90,DJF,1
-7.400000095367432,-34.600006103515625,138,102,NE,Global q90,MAM,5
-7.400000095367432,-34.600006103515625,138,102,NE,Global q90,JJA,37
-7.400000095367432,-34.600006103515625,138,102,NE,Global q90,SON,21
-7.400000095367432,-34.600006103515625,138,102,NE,Seasonal q90,DJF,13
-7.400000095367432,-34.600006103515625,138,102,NE,Seasonal q90,MAM,19
-7.400000095367432,-34.600006103515625,138,102,NE,Seasonal q90,JJA,17
-7.400000095367432,-34.600006103515625,138,102,NE,Seasonal q90,SON,21
-7.400000095367432,-34.399993896484375,138,103,NE,Global q90,DJF,1
-7.400000095367432,-34.399993896484375,138,103,NE,Global q90,MAM,8
-7.400000095367432,-34.399993896484375,138,103,NE,Global q90,JJA,39
-7.400000095367432,-34.399993896484375,138,103,NE,Global q90,SON,19
-7.400000095367432,-34.399993896484375,138,103,NE,Seasonal q90,DJF,11
-7.400000095367432,-34.399993896484375,138,103,NE,Seasonal q90,MAM,16
-7.400000095367432,-34.399993896484375,138,103,NE,Seasonal q90,JJA,16
-7.400000095367432,-34.399993896484375,138,103,NE,Seasonal q90,SON,20
-7.199999809265137,-34.600006103515625,139,102,NE,Global q90,DJF,1
-7.199999809265137,-34.600006103515625,139,102,NE,Global q90,MAM,5
-7.199999809265137,-34.600006103515625,139,102,NE,Global q90,JJA,36
-7.199999809265137,-34.600006103515625,139,102,NE,Global q90,SON,21
-7.199999809265137,-34.600006103515625,139,102,NE,Seasonal q90,DJF,8
-7.199999809265137,-34.600006103515625,139,102,NE,Seasonal q90,MAM,20
-7.199999809265137,-34.600006103515625,139,102,NE,Seasonal q90,JJA,17
-7.199999809265137,-34.600006103515625,139,102,NE,Seasonal q90,SON,20
-7.199999809265137,-34.399993896484375,139,103,NE,Global q90,DJF,1
-7.199999809265137,-34.399993896484375,139,103,NE,Global q90,MAM,8
-7.199999809265137,-34.399993896484375,139,103,NE,Global q90,JJA,36
-7.199999809265137,-34.399993896484375,139,103,NE,Global q90,SON,17
-7.199999809265137,-34.399993896484375,139,103,NE,Seasonal q90,DJF,11
-7.199999809265137,-34.399993896484375,139,103,NE,Seasonal q90,MAM,16
-7.199999809265137,-34.399993896484375,139,103,NE,Seasonal q90,JJA,15
-7.199999809265137,-34.399993896484375,139,103,NE,Seasonal q90,SON,18
-7.0,-34.79998779296875,140,101,NE,Global q90,DJF,2
-7.0,-34.79998779296875,140,101,NE,Global q90,MAM,6
-7.0,-34.79998779296875,140,101,NE,Global q90,JJA,38
-7.0,-34.79998779296875,140,101,NE,Global q90,SON,21
-7.0,-34.79998779296875,140,101,NE,Seasonal q90,DJF,19
-7.0,-34.79998779296875,140,101,NE,Seasonal q90,MAM,19
-7.0,-34.79998779296875,140,101,NE,Seasonal q90,JJA,16
-7.0,-34.79998779296875,140,101,NE,Seasonal q90,SON,20
-7.0,-34.600006103515625,140,102,NE,Global q90,DJF,2
-7.0,-34.600006103515625,140,102,NE,Global q90,MAM,6
-7.0,-34.600006103515625,140,102,NE,Global q90,JJA,32
-7.0,-34.600006103515625,140,102,NE,Global q90,SON,20
-7.0,-34.600006103515625,140,102,NE,Seasonal q90,DJF,9
-7.0,-34.600006103515625,140,102,NE,Seasonal q90,MAM,22
-7.0,-34.600006103515625,140,102,NE,Seasonal q90,JJA,16
-7.0,-34.600006103515625,140,102,NE,Seasonal q90,SON,20
-7.0,-34.399993896484375,140,103,NE,Global q90,DJF,1
-7.0,-34.399993896484375,140,103,NE,Global q90,MAM,8
-7.0,-34.399993896484375,140,103,NE,Global q90,JJA,35
-7.0,-34.399993896484375,140,103,NE,Global q90,SON,19
-7.0,-34.399993896484375,140,103,NE,Seasonal q90,DJF,13
-7.0,-34.399993896484375,140,103,NE,Seasonal q90,MAM,18
-7.0,-34.399993896484375,140,103,NE,Seasonal q90,JJA,17
-7.0,-34.399993896484375,140,103,NE,Seasonal q90,SON,19
-6.800000190734863,-34.79998779296875,141,101,NE,Global q90,DJF,2
-6.800000190734863,-34.79998779296875,141,101,NE,Global q90,MAM,5
-6.800000190734863,-34.79998779296875,141,101,NE,Global q90,JJA,36
-6.800000190734863,-34.79998779296875,141,101,NE,Global q90,SON,18
-6.800000190734863,-34.79998779296875,141,101,NE,Seasonal q90,DJF,13
-6.800000190734863,-34.79998779296875,141,101,NE,Seasonal q90,MAM,20
-6.800000190734863,-34.79998779296875,141,101,NE,Seasonal q90,JJA,16
-6.800000190734863,-34.79998779296875,141,101,NE,Seasonal q90,SON,18
-6.800000190734863,-34.600006103515625,141,102,NE,Global q90,DJF,1
-6.800000190734863,-34.600006103515625,141,102,NE,Global q90,MAM,5
-6.800000190734863,-34.600006103515625,141,102,NE,Global q90,JJA,33
-6.800000190734863,-34.600006103515625,141,102,NE,Global q90,SON,22
-6.800000190734863,-34.600006103515625,141,102,NE,Seasonal q90,DJF,10
-6.800000190734863,-34.600006103515625,141,102,NE,Seasonal q90,MAM,20
-6.800000190734863,-34.600006103515625,141,102,NE,Seasonal q90,JJA,17
-6.800000190734863,-34.600006103515625,141,102,NE,Seasonal q90,SON,18
-6.599999904632568,-34.79998779296875,142,101,NE,Global q90,DJF,3
-6.599999904632568,-34.79998779296875,142,101,NE,Global q90,MAM,5
-6.599999904632568,-34.79998779296875,142,101,NE,Global q90,JJA,34
-6.599999904632568,-34.79998779296875,142,101,NE,Global q90,SON,18
-6.599999904632568,-34.79998779296875,142,101,NE,Seasonal q90,DJF,15
-6.599999904632568,-34.79998779296875,142,101,NE,Seasonal q90,MAM,19
-6.599999904632568,-34.79998779296875,142,101,NE,Seasonal q90,JJA,14
-6.599999904632568,-34.79998779296875,142,101,NE,Seasonal q90,SON,15
-6.599999904632568,-34.600006103515625,142,102,NE,Global q90,DJF,3
-6.599999904632568,-34.600006103515625,142,102,NE,Global q90,MAM,5
-6.599999904632568,-34.600006103515625,142,102,NE,Global q90,JJA,32
-6.599999904632568,-34.600006103515625,142,102,NE,Global q90,SON,19
-6.599999904632568,-34.600006103515625,142,102,NE,Seasonal q90,DJF,13
-6.599999904632568,-34.600006103515625,142,102,NE,Seasonal q90,MAM,19
-6.599999904632568,-34.600006103515625,142,102,NE,Seasonal q90,JJA,19
-6.599999904632568,-34.600006103515625,142,102,NE,Seasonal q90,SON,16
-6.400000095367432,-34.79998779296875,143,101,NE,Global q90,DJF,3
-6.400000095367432,-34.79998779296875,143,101,NE,Global q90,MAM,5
-6.400000095367432,-34.79998779296875,143,101,NE,Global q90,JJA,32
-6.400000095367432,-34.79998779296875,143,101,NE,Global q90,SON,17
-6.400000095367432,-34.79998779296875,143,101,NE,Seasonal q90,DJF,13
-6.400000095367432,-34.79998779296875,143,101,NE,Seasonal q90,MAM,21
-6.400000095367432,-34.79998779296875,143,101,NE,Seasonal q90,JJA,14
-6.400000095367432,-34.79998779296875,143,101,NE,Seasonal q90,SON,15
-6.400000095367432,-34.600006103515625,143,102,NE,Global q90,DJF,2
-6.400000095367432,-34.600006103515625,143,102,NE,Global q90,MAM,6
-6.400000095367432,-34.600006103515625,143,102,NE,Global q90,JJA,31
-6.400000095367432,-34.600006103515625,143,102,NE,Global q90,SON,19
-6.400000095367432,-34.600006103515625,143,102,NE,Seasonal q90,DJF,14
-6.400000095367432,-34.600006103515625,143,102,NE,Seasonal q90,MAM,17
-6.400000095367432,-34.600006103515625,143,102,NE,Seasonal q90,JJA,17
-6.400000095367432,-34.600006103515625,143,102,NE,Seasonal q90,SON,17
-6.199999809265137,-35.0,144,100,NE,Global q90,DJF,3
-6.199999809265137,-35.0,144,100,NE,Global q90,MAM,7
-6.199999809265137,-35.0,144,100,NE,Global q90,JJA,36
-6.199999809265137,-35.0,144,100,NE,Global q90,SON,20
-6.199999809265137,-35.0,144,100,NE,Seasonal q90,DJF,16
-6.199999809265137,-35.0,144,100,NE,Seasonal q90,MAM,23
-6.199999809265137,-35.0,144,100,NE,Seasonal q90,JJA,18
-6.199999809265137,-35.0,144,100,NE,Seasonal q90,SON,14
-6.199999809265137,-34.79998779296875,144,101,NE,Global q90,DJF,4
-6.199999809265137,-34.79998779296875,144,101,NE,Global q90,MAM,7
-6.199999809265137,-34.79998779296875,144,101,NE,Global q90,JJA,31
-6.199999809265137,-34.79998779296875,144,101,NE,Global q90,SON,17
-6.199999809265137,-34.79998779296875,144,101,NE,Seasonal q90,DJF,12
-6.199999809265137,-34.79998779296875,144,101,NE,Seasonal q90,MAM,22
-6.199999809265137,-34.79998779296875,144,101,NE,Seasonal q90,JJA,14
-6.199999809265137,-34.79998779296875,144,101,NE,Seasonal q90,SON,16
-6.199999809265137,-34.600006103515625,144,102,NE,Global q90,DJF,3
-6.199999809265137,-34.600006103515625,144,102,NE,Global q90,MAM,8
-6.199999809265137,-34.600006103515625,144,102,NE,Global q90,JJA,35
-6.199999809265137,-34.600006103515625,144,102,NE,Global q90,SON,19
-6.199999809265137,-34.600006103515625,144,102,NE,Seasonal q90,DJF,14
-6.199999809265137,-34.600006103515625,144,102,NE,Seasonal q90,MAM,19
-6.199999809265137,-34.600006103515625,144,102,NE,Seasonal q90,JJA,15
-6.199999809265137,-34.600006103515625,144,102,NE,Seasonal q90,SON,19
-6.0,-35.0,145,100,NE,Global q90,DJF,7
-6.0,-35.0,145,100,NE,Global q90,MAM,7
-6.0,-35.0,145,100,NE,Global q90,JJA,33
-6.0,-35.0,145,100,NE,Global q90,SON,19
-6.0,-35.0,145,100,NE,Seasonal q90,DJF,14
-6.0,-35.0,145,100,NE,Seasonal q90,MAM,23
-6.0,-35.0,145,100,NE,Seasonal q90,JJA,17
-6.0,-35.0,145,100,NE,Seasonal q90,SON,15
-6.0,-34.79998779296875,145,101,NE,Global q90,DJF,5
-6.0,-34.79998779296875,145,101,NE,Global q90,MAM,8
-6.0,-34.79998779296875,145,101,NE,Global q90,JJA,35
-6.0,-34.79998779296875,145,101,NE,Global q90,SON,19
-6.0,-34.79998779296875,145,101,NE,Seasonal q90,DJF,12
-6.0,-34.79998779296875,145,101,NE,Seasonal q90,MAM,22
-6.0,-34.79998779296875,145,101,NE,Seasonal q90,JJA,14
-6.0,-34.79998779296875,145,101,NE,Seasonal q90,SON,15
-5.800000190734863,-35.0,146,100,NE,Global q90,DJF,6
-5.800000190734863,-35.0,146,100,NE,Global q90,MAM,6
-5.800000190734863,-35.0,146,100,NE,Global q90,JJA,38
-5.800000190734863,-35.0,146,100,NE,Global q90,SON,22
-5.800000190734863,-35.0,146,100,NE,Seasonal q90,DJF,14
-5.800000190734863,-35.0,146,100,NE,Seasonal q90,MAM,20
-5.800000190734863,-35.0,146,100,NE,Seasonal q90,JJA,18
-5.800000190734863,-35.0,146,100,NE,Seasonal q90,SON,14
-5.800000190734863,-34.79998779296875,146,101,NE,Global q90,DJF,4
-5.800000190734863,-34.79998779296875,146,101,NE,Global q90,MAM,8
-5.800000190734863,-34.79998779296875,146,101,NE,Global q90,JJA,34
-5.800000190734863,-34.79998779296875,146,101,NE,Global q90,SON,18
-5.800000190734863,-34.79998779296875,146,101,NE,Seasonal q90,DJF,13
-5.800000190734863,-34.79998779296875,146,101,NE,Seasonal q90,MAM,21
-5.800000190734863,-34.79998779296875,146,101,NE,Seasonal q90,JJA,15
-5.800000190734863,-34.79998779296875,146,101,NE,Seasonal q90,SON,18
-5.599999904632568,-35.0,147,100,NE,Global q90,DJF,6
-5.599999904632568,-35.0,147,100,NE,Global q90,MAM,6
-5.599999904632568,-35.0,147,100,NE,Global q90,JJA,36
-5.599999904632568,-35.0,147,100,NE,Global q90,SON,21
-5.599999904632568,-35.0,147,100,NE,Seasonal q90,DJF,14
-5.599999904632568,-35.0,147,100,NE,Seasonal q90,MAM,20
-5.599999904632568,-35.0,147,100,NE,Seasonal q90,JJA,18
-5.599999904632568,-35.0,147,100,NE,Seasonal q90,SON,15
-5.599999904632568,-34.79998779296875,147,101,NE,Global q90,DJF,4
-5.599999904632568,-34.79998779296875,147,101,NE,Global q90,MAM,7
-5.599999904632568,-34.79998779296875,147,101,NE,Global q90,JJA,30
-5.599999904632568,-34.79998779296875,147,101,NE,Global q90,SON,20
-5.599999904632568,-34.79998779296875,147,101,NE,Seasonal q90,DJF,14
-5.599999904632568,-34.79998779296875,147,101,NE,Seasonal q90,MAM,21
-5.599999904632568,-34.79998779296875,147,101,NE,Seasonal q90,JJA,17
-5.599999904632568,-34.79998779296875,147,101,NE,Seasonal q90,SON,18
-5.400000095367432,-35.20001220703125,148,99,NE,Global q90,DJF,8
-5.400000095367432,-35.20001220703125,148,99,NE,Global q90,MAM,7
-5.400000095367432,-35.20001220703125,148,99,NE,Global q90,JJA,33
-5.400000095367432,-35.20001220703125,148,99,NE,Global q90,SON,23
-5.400000095367432,-35.20001220703125,148,99,NE,Seasonal q90,DJF,16
-5.400000095367432,-35.20001220703125,148,99,NE,Seasonal q90,MAM,20
-5.400000095367432,-35.20001220703125,148,99,NE,Seasonal q90,JJA,18
-5.400000095367432,-35.20001220703125,148,99,NE,Seasonal q90,SON,16
-5.400000095367432,-35.0,148,100,NE,Global q90,DJF,7
-5.400000095367432,-35.0,148,100,NE,Global q90,MAM,6
-5.400000095367432,-35.0,148,100,NE,Global q90,JJA,35
-5.400000095367432,-35.0,148,100,NE,Global q90,SON,21
-5.400000095367432,-35.0,148,100,NE,Seasonal q90,DJF,15
-5.400000095367432,-35.0,148,100,NE,Seasonal q90,MAM,19
-5.400000095367432,-35.0,148,100,NE,Seasonal q90,JJA,19
-5.400000095367432,-35.0,148,100,NE,Seasonal q90,SON,17
-5.400000095367432,-34.79998779296875,148,101,NE,Global q90,DJF,4
-5.400000095367432,-34.79998779296875,148,101,NE,Global q90,MAM,6
-5.400000095367432,-34.79998779296875,148,101,NE,Global q90,JJA,30
-5.400000095367432,-34.79998779296875,148,101,NE,Global q90,SON,20
-5.400000095367432,-34.79998779296875,148,101,NE,Seasonal q90,DJF,17
-5.400000095367432,-34.79998779296875,148,101,NE,Seasonal q90,MAM,20
-5.400000095367432,-34.79998779296875,148,101,NE,Seasonal q90,JJA,17
-5.400000095367432,-34.79998779296875,148,101,NE,Seasonal q90,SON,20
-5.199999809265137,-35.399993896484375,149,98,NE,Global q90,DJF,7
-5.199999809265137,-35.399993896484375,149,98,NE,Global q90,MAM,5
-5.199999809265137,-35.399993896484375,149,98,NE,Global q90,JJA,35
-5.199999809265137,-35.399993896484375,149,98,NE,Global q90,SON,22
-5.199999809265137,-35.399993896484375,149,98,NE,Seasonal q90,DJF,15
-5.199999809265137,-35.399993896484375,149,98,NE,Seasonal q90,MAM,22
-5.199999809265137,-35.399993896484375,149,98,NE,Seasonal q90,JJA,21
-5.199999809265137,-35.399993896484375,149,98,NE,Seasonal q90,SON,13
-5.199999809265137,-35.20001220703125,149,99,NE,Global q90,DJF,8
-5.199999809265137,-35.20001220703125,149,99,NE,Global q90,MAM,5
-5.199999809265137,-35.20001220703125,149,99,NE,Global q90,JJA,34
-5.199999809265137,-35.20001220703125,149,99,NE,Global q90,SON,23
-5.199999809265137,-35.20001220703125,149,99,NE,Seasonal q90,DJF,19
-5.199999809265137,-35.20001220703125,149,99,NE,Seasonal q90,MAM,21
-5.199999809265137,-35.20001220703125,149,99,NE,Seasonal q90,JJA,21
-5.199999809265137,-35.20001220703125,149,99,NE,Seasonal q90,SON,16
-5.199999809265137,-35.0,149,100,NE,Global q90,DJF,8
-5.199999809265137,-35.0,149,100,NE,Global q90,MAM,7
-5.199999809265137,-35.0,149,100,NE,Global q90,JJA,35
-5.199999809265137,-35.0,149,100,NE,Global q90,SON,23
-5.199999809265137,-35.0,149,100,NE,Seasonal q90,DJF,18
-5.199999809265137,-35.0,149,100,NE,Seasonal q90,MAM,20
-5.199999809265137,-35.0,149,100,NE,Seasonal q90,JJA,21
-5.199999809265137,-35.0,149,100,NE,Seasonal q90,SON,17
-5.0,-36.600006103515625,150,92,NE,Global q90,DJF,36
-5.0,-36.600006103515625,150,92,NE,Global q90,MAM,14
-5.0,-36.600006103515625,150,92,NE,Global q90,JJA,0
-5.0,-36.600006103515625,150,92,NE,Global q90,SON,16
-5.0,-36.600006103515625,150,92,NE,Seasonal q90,DJF,19
-5.0,-36.600006103515625,150,92,NE,Seasonal q90,MAM,19
-5.0,-36.600006103515625,150,92,NE,Seasonal q90,JJA,21
-5.0,-36.600006103515625,150,92,NE,Seasonal q90,SON,15
-5.0,-36.20001220703125,150,94,NE,Global q90,DJF,45
-5.0,-36.20001220703125,150,94,NE,Global q90,MAM,17
-5.0,-36.20001220703125,150,94,NE,Global q90,JJA,1
-5.0,-36.20001220703125,150,94,NE,Global q90,SON,11
-5.0,-36.20001220703125,150,94,NE,Seasonal q90,DJF,20
-5.0,-36.20001220703125,150,94,NE,Seasonal q90,MAM,20
-5.0,-36.20001220703125,150,94,NE,Seasonal q90,JJA,24
-5.0,-36.20001220703125,150,94,NE,Seasonal q90,SON,13
-5.0,-35.600006103515625,150,97,NE,Global q90,DJF,20
-5.0,-35.600006103515625,150,97,NE,Global q90,MAM,11
-5.0,-35.600006103515625,150,97,NE,Global q90,JJA,18
-5.0,-35.600006103515625,150,97,NE,Global q90,SON,27
-5.0,-35.600006103515625,150,97,NE,Seasonal q90,DJF,19
-5.0,-35.600006103515625,150,97,NE,Seasonal q90,MAM,24
-5.0,-35.600006103515625,150,97,NE,Seasonal q90,JJA,27
-5.0,-35.600006103515625,150,97,NE,Seasonal q90,SON,21
-5.0,-35.399993896484375,150,98,NE,Global q90,DJF,15
-5.0,-35.399993896484375,150,98,NE,Global q90,MAM,7
-5.0,-35.399993896484375,150,98,NE,Global q90,JJA,24
-5.0,-35.399993896484375,150,98,NE,Global q90,SON,25
-5.0,-35.399993896484375,150,98,NE,Seasonal q90,DJF,20
-5.0,-35.399993896484375,150,98,NE,Seasonal q90,MAM,25
-5.0,-35.399993896484375,150,98,NE,Seasonal q90,JJA,19
-5.0,-35.399993896484375,150,98,NE,Seasonal q90,SON,17
-5.0,-35.20001220703125,150,99,NE,Global q90,DJF,10
-5.0,-35.20001220703125,150,99,NE,Global q90,MAM,6
-5.0,-35.20001220703125,150,99,NE,Global q90,JJA,28
-5.0,-35.20001220703125,150,99,NE,Global q90,SON,22
-5.0,-35.20001220703125,150,99,NE,Seasonal q90,DJF,21
-5.0,-35.20001220703125,150,99,NE,Seasonal q90,MAM,20
-5.0,-35.20001220703125,150,99,NE,Seasonal q90,JJA,19
-5.0,-35.20001220703125,150,99,NE,Seasonal q90,SON,16
-5.0,-35.0,150,100,NE,Global q90,DJF,8
-5.0,-35.0,150,100,NE,Global q90,MAM,7
-5.0,-35.0,150,100,NE,Global q90,JJA,28
-5.0,-35.0,150,100,NE,Global q90,SON,22
-5.0,-35.0,150,100,NE,Seasonal q90,DJF,21
-5.0,-35.0,150,100,NE,Seasonal q90,MAM,21
-5.0,-35.0,150,100,NE,Seasonal q90,JJA,21
-5.0,-35.0,150,100,NE,Seasonal q90,SON,18
-4.800000190734863,-37.20001220703125,151,89,NE,Global q90,DJF,24
-4.800000190734863,-37.20001220703125,151,89,NE,Global q90,MAM,6
-4.800000190734863,-37.20001220703125,151,89,NE,Global q90,JJA,7
-4.800000190734863,-37.20001220703125,151,89,NE,Global q90,SON,51
-4.800000190734863,-37.20001220703125,151,89,NE,Seasonal q90,DJF,22
-4.800000190734863,-37.20001220703125,151,89,NE,Seasonal q90,MAM,22
-4.800000190734863,-37.20001220703125,151,89,NE,Seasonal q90,JJA,19
-4.800000190734863,-37.20001220703125,151,89,NE,Seasonal q90,SON,25
-4.800000190734863,-37.0,151,90,NE,Global q90,DJF,20
-4.800000190734863,-37.0,151,90,NE,Global q90,MAM,7
-4.800000190734863,-37.0,151,90,NE,Global q90,JJA,4
-4.800000190734863,-37.0,151,90,NE,Global q90,SON,51
-4.800000190734863,-37.0,151,90,NE,Seasonal q90,DJF,19
-4.800000190734863,-37.0,151,90,NE,Seasonal q90,MAM,19
-4.800000190734863,-37.0,151,90,NE,Seasonal q90,JJA,22
-4.800000190734863,-37.0,151,90,NE,Seasonal q90,SON,22
-4.800000190734863,-36.79998779296875,151,91,NE,Global q90,DJF,23
-4.800000190734863,-36.79998779296875,151,91,NE,Global q90,MAM,7
-4.800000190734863,-36.79998779296875,151,91,NE,Global q90,JJA,5
-4.800000190734863,-36.79998779296875,151,91,NE,Global q90,SON,46
-4.800000190734863,-36.79998779296875,151,91,NE,Seasonal q90,DJF,20
-4.800000190734863,-36.79998779296875,151,91,NE,Seasonal q90,MAM,20
-4.800000190734863,-36.79998779296875,151,91,NE,Seasonal q90,JJA,17
-4.800000190734863,-36.79998779296875,151,91,NE,Seasonal q90,SON,19
-4.800000190734863,-36.600006103515625,151,92,NE,Global q90,DJF,27
-4.800000190734863,-36.600006103515625,151,92,NE,Global q90,MAM,8
-4.800000190734863,-36.600006103515625,151,92,NE,Global q90,JJA,5
-4.800000190734863,-36.600006103515625,151,92,NE,Global q90,SON,39
-4.800000190734863,-36.600006103515625,151,92,NE,Seasonal q90,DJF,20
-4.800000190734863,-36.600006103515625,151,92,NE,Seasonal q90,MAM,20
-4.800000190734863,-36.600006103515625,151,92,NE,Seasonal q90,JJA,21
-4.800000190734863,-36.600006103515625,151,92,NE,Seasonal q90,SON,21
-4.800000190734863,-36.399993896484375,151,93,NE,Global q90,DJF,24
-4.800000190734863,-36.399993896484375,151,93,NE,Global q90,MAM,9
-4.800000190734863,-36.399993896484375,151,93,NE,Global q90,JJA,5
-4.800000190734863,-36.399993896484375,151,93,NE,Global q90,SON,34
-4.800000190734863,-36.399993896484375,151,93,NE,Seasonal q90,DJF,14
-4.800000190734863,-36.399993896484375,151,93,NE,Seasonal q90,MAM,20
-4.800000190734863,-36.399993896484375,151,93,NE,Seasonal q90,JJA,24
-4.800000190734863,-36.399993896484375,151,93,NE,Seasonal q90,SON,16
-4.800000190734863,-36.20001220703125,151,94,NE,Global q90,DJF,24
-4.800000190734863,-36.20001220703125,151,94,NE,Global q90,MAM,10
-4.800000190734863,-36.20001220703125,151,94,NE,Global q90,JJA,10
-4.800000190734863,-36.20001220703125,151,94,NE,Global q90,SON,30
-4.800000190734863,-36.20001220703125,151,94,NE,Seasonal q90,DJF,16
-4.800000190734863,-36.20001220703125,151,94,NE,Seasonal q90,MAM,21
-4.800000190734863,-36.20001220703125,151,94,NE,Seasonal q90,JJA,21
-4.800000190734863,-36.20001220703125,151,94,NE,Seasonal q90,SON,17
-4.800000190734863,-36.0,151,95,NE,Global q90,DJF,21
-4.800000190734863,-36.0,151,95,NE,Global q90,MAM,11
-4.800000190734863,-36.0,151,95,NE,Global q90,JJA,11
-4.800000190734863,-36.0,151,95,NE,Global q90,SON,29
-4.800000190734863,-36.0,151,95,NE,Seasonal q90,DJF,18
-4.800000190734863,-36.0,151,95,NE,Seasonal q90,MAM,20
-4.800000190734863,-36.0,151,95,NE,Seasonal q90,JJA,24
-4.800000190734863,-36.0,151,95,NE,Seasonal q90,SON,16
-4.800000190734863,-35.79998779296875,151,96,NE,Global q90,DJF,20
-4.800000190734863,-35.79998779296875,151,96,NE,Global q90,MAM,8
-4.800000190734863,-35.79998779296875,151,96,NE,Global q90,JJA,20
-4.800000190734863,-35.79998779296875,151,96,NE,Global q90,SON,26
-4.800000190734863,-35.79998779296875,151,96,NE,Seasonal q90,DJF,19
-4.800000190734863,-35.79998779296875,151,96,NE,Seasonal q90,MAM,23
-4.800000190734863,-35.79998779296875,151,96,NE,Seasonal q90,JJA,23
-4.800000190734863,-35.79998779296875,151,96,NE,Seasonal q90,SON,16
-4.800000190734863,-35.600006103515625,151,97,NE,Global q90,DJF,13
-4.800000190734863,-35.600006103515625,151,97,NE,Global q90,MAM,5
-4.800000190734863,-35.600006103515625,151,97,NE,Global q90,JJA,22
-4.800000190734863,-35.600006103515625,151,97,NE,Global q90,SON,25
-4.800000190734863,-35.600006103515625,151,97,NE,Seasonal q90,DJF,20
-4.800000190734863,-35.600006103515625,151,97,NE,Seasonal q90,MAM,24
-4.800000190734863,-35.600006103515625,151,97,NE,Seasonal q90,JJA,21
-4.800000190734863,-35.600006103515625,151,97,NE,Seasonal q90,SON,16
-4.800000190734863,-35.399993896484375,151,98,NE,Global q90,DJF,11
-4.800000190734863,-35.399993896484375,151,98,NE,Global q90,MAM,5
-4.800000190734863,-35.399993896484375,151,98,NE,Global q90,JJA,26
-4.800000190734863,-35.399993896484375,151,98,NE,Global q90,SON,20
-4.800000190734863,-35.399993896484375,151,98,NE,Seasonal q90,DJF,21
-4.800000190734863,-35.399993896484375,151,98,NE,Seasonal q90,MAM,25
-4.800000190734863,-35.399993896484375,151,98,NE,Seasonal q90,JJA,17
-4.800000190734863,-35.399993896484375,151,98,NE,Seasonal q90,SON,15
-4.599999904632568,-37.399993896484375,152,88,NE,Global q90,DJF,17
-4.599999904632568,-37.399993896484375,152,88,NE,Global q90,MAM,6
-4.599999904632568,-37.399993896484375,152,88,NE,Global q90,JJA,9
-4.599999904632568,-37.399993896484375,152,88,NE,Global q90,SON,57
-4.599999904632568,-37.399993896484375,152,88,NE,Seasonal q90,DJF,17
-4.599999904632568,-37.399993896484375,152,88,NE,Seasonal q90,MAM,22
-4.599999904632568,-37.399993896484375,152,88,NE,Seasonal q90,JJA,25
-4.599999904632568,-37.399993896484375,152,88,NE,Seasonal q90,SON,27
-4.599999904632568,-37.20001220703125,152,89,NE,Global q90,DJF,14
-4.599999904632568,-37.20001220703125,152,89,NE,Global q90,MAM,5
-4.599999904632568,-37.20001220703125,152,89,NE,Global q90,JJA,8
-4.599999904632568,-37.20001220703125,152,89,NE,Global q90,SON,56
-4.599999904632568,-37.20001220703125,152,89,NE,Seasonal q90,DJF,15
-4.599999904632568,-37.20001220703125,152,89,NE,Seasonal q90,MAM,22
-4.599999904632568,-37.20001220703125,152,89,NE,Seasonal q90,JJA,22
-4.599999904632568,-37.20001220703125,152,89,NE,Seasonal q90,SON,23
-4.599999904632568,-37.0,152,90,NE,Global q90,DJF,15
-4.599999904632568,-37.0,152,90,NE,Global q90,MAM,6
-4.599999904632568,-37.0,152,90,NE,Global q90,JJA,8
-4.599999904632568,-37.0,152,90,NE,Global q90,SON,51
-4.599999904632568,-37.0,152,90,NE,Seasonal q90,DJF,17
-4.599999904632568,-37.0,152,90,NE,Seasonal q90,MAM,21
-4.599999904632568,-37.0,152,90,NE,Seasonal q90,JJA,24
-4.599999904632568,-37.0,152,90,NE,Seasonal q90,SON,23
-4.599999904632568,-36.79998779296875,152,91,NE,Global q90,DJF,15
-4.599999904632568,-36.79998779296875,152,91,NE,Global q90,MAM,6
-4.599999904632568,-36.79998779296875,152,91,NE,Global q90,JJA,8
-4.599999904632568,-36.79998779296875,152,91,NE,Global q90,SON,46
-4.599999904632568,-36.79998779296875,152,91,NE,Seasonal q90,DJF,17
-4.599999904632568,-36.79998779296875,152,91,NE,Seasonal q90,MAM,22
-4.599999904632568,-36.79998779296875,152,91,NE,Seasonal q90,JJA,22
-4.599999904632568,-36.79998779296875,152,91,NE,Seasonal q90,SON,21
-4.599999904632568,-36.600006103515625,152,92,NE,Global q90,DJF,18
-4.599999904632568,-36.600006103515625,152,92,NE,Global q90,MAM,6
-4.599999904632568,-36.600006103515625,152,92,NE,Global q90,JJA,8
-4.599999904632568,-36.600006103515625,152,92,NE,Global q90,SON,43
-4.599999904632568,-36.600006103515625,152,92,NE,Seasonal q90,DJF,16
-4.599999904632568,-36.600006103515625,152,92,NE,Seasonal q90,MAM,21
-4.599999904632568,-36.600006103515625,152,92,NE,Seasonal q90,JJA,24
-4.599999904632568,-36.600006103515625,152,92,NE,Seasonal q90,SON,21
-4.599999904632568,-36.0,152,95,NE,Global q90,DJF,18
-4.599999904632568,-36.0,152,95,NE,Global q90,MAM,7
-4.599999904632568,-36.0,152,95,NE,Global q90,JJA,17
-4.599999904632568,-36.0,152,95,NE,Global q90,SON,30
-4.599999904632568,-36.0,152,95,NE,Seasonal q90,DJF,17
-4.599999904632568,-36.0,152,95,NE,Seasonal q90,MAM,20
-4.599999904632568,-36.0,152,95,NE,Seasonal q90,JJA,22
-4.599999904632568,-36.0,152,95,NE,Seasonal q90,SON,16
-4.400000095367432,-37.600006103515625,153,87,NE,Global q90,DJF,14
-4.400000095367432,-37.600006103515625,153,87,NE,Global q90,MAM,5
-4.400000095367432,-37.600006103515625,153,87,NE,Global q90,JJA,13
-4.400000095367432,-37.600006103515625,153,87,NE,Global q90,SON,51
-4.400000095367432,-37.600006103515625,153,87,NE,Seasonal q90,DJF,16
-4.400000095367432,-37.600006103515625,153,87,NE,Seasonal q90,MAM,24
-4.400000095367432,-37.600006103515625,153,87,NE,Seasonal q90,JJA,23
-4.400000095367432,-37.600006103515625,153,87,NE,Seasonal q90,SON,26
-4.400000095367432,-37.399993896484375,153,88,NE,Global q90,DJF,14
-4.400000095367432,-37.399993896484375,153,88,NE,Global q90,MAM,5
-4.400000095367432,-37.399993896484375,153,88,NE,Global q90,JJA,12
-4.400000095367432,-37.399993896484375,153,88,NE,Global q90,SON,55
-4.400000095367432,-37.399993896484375,153,88,NE,Seasonal q90,DJF,19
-4.400000095367432,-37.399993896484375,153,88,NE,Seasonal q90,MAM,24
-4.400000095367432,-37.399993896484375,153,88,NE,Seasonal q90,JJA,21
-4.400000095367432,-37.399993896484375,153,88,NE,Seasonal q90,SON,23
-4.400000095367432,-37.20001220703125,153,89,NE,Global q90,DJF,14
-4.400000095367432,-37.20001220703125,153,89,NE,Global q90,MAM,5
-4.400000095367432,-37.20001220703125,153,89,NE,Global q90,JJA,14
-4.400000095367432,-37.20001220703125,153,89,NE,Global q90,SON,50
-4.400000095367432,-37.20001220703125,153,89,NE,Seasonal q90,DJF,17
-4.400000095367432,-37.20001220703125,153,89,NE,Seasonal q90,MAM,25
-4.400000095367432,-37.20001220703125,153,89,NE,Seasonal q90,JJA,22
-4.400000095367432,-37.20001220703125,153,89,NE,Seasonal q90,SON,24
-4.400000095367432,-37.0,153,90,NE,Global q90,DJF,13
-4.400000095367432,-37.0,153,90,NE,Global q90,MAM,5
-4.400000095367432,-37.0,153,90,NE,Global q90,JJA,14
-4.400000095367432,-37.0,153,90,NE,Global q90,SON,46
-4.400000095367432,-37.0,153,90,NE,Seasonal q90,DJF,15
-4.400000095367432,-37.0,153,90,NE,Seasonal q90,MAM,23
-4.400000095367432,-37.0,153,90,NE,Seasonal q90,JJA,22
-4.400000095367432,-37.0,153,90,NE,Seasonal q90,SON,21
-4.199999809265137,-37.79998779296875,154,86,NE,Global q90,DJF,12
-4.199999809265137,-37.79998779296875,154,86,NE,Global q90,MAM,5
-4.199999809265137,-37.79998779296875,154,86,NE,Global q90,JJA,19
-4.199999809265137,-37.79998779296875,154,86,NE,Global q90,SON,49
-4.199999809265137,-37.79998779296875,154,86,NE,Seasonal q90,DJF,20
-4.199999809265137,-37.79998779296875,154,86,NE,Seasonal q90,MAM,23
-4.199999809265137,-37.79998779296875,154,86,NE,Seasonal q90,JJA,26
-4.199999809265137,-37.79998779296875,154,86,NE,Seasonal q90,SON,26
-4.199999809265137,-37.600006103515625,154,87,NE,Global q90,DJF,10
-4.199999809265137,-37.600006103515625,154,87,NE,Global q90,MAM,5
-4.199999809265137,-37.600006103515625,154,87,NE,Global q90,JJA,19
-4.199999809265137,-37.600006103515625,154,87,NE,Global q90,SON,49
-4.199999809265137,-37.600006103515625,154,87,NE,Seasonal q90,DJF,18
-4.199999809265137,-37.600006103515625,154,87,NE,Seasonal q90,MAM,24
-4.199999809265137,-37.600006103515625,154,87,NE,Seasonal q90,JJA,24
-4.199999809265137,-37.600006103515625,154,87,NE,Seasonal q90,SON,23
-4.199999809265137,-37.399993896484375,154,88,NE,Global q90,DJF,10
-4.199999809265137,-37.399993896484375,154,88,NE,Global q90,MAM,5
-4.199999809265137,-37.399993896484375,154,88,NE,Global q90,JJA,19
-4.199999809265137,-37.399993896484375,154,88,NE,Global q90,SON,48
-4.199999809265137,-37.399993896484375,154,88,NE,Seasonal q90,DJF,15
-4.199999809265137,-37.399993896484375,154,88,NE,Seasonal q90,MAM,24
-4.199999809265137,-37.399993896484375,154,88,NE,Seasonal q90,JJA,24
-4.199999809265137,-37.399993896484375,154,88,NE,Seasonal q90,SON,23
-4.199999809265137,-32.600006103515625,154,112,NE,Global q90,DJF,2
-4.199999809265137,-32.600006103515625,154,112,NE,Global q90,MAM,5
-4.199999809265137,-32.600006103515625,154,112,NE,Global q90,JJA,32
-4.199999809265137,-32.600006103515625,154,112,NE,Global q90,SON,22
-4.199999809265137,-32.600006103515625,154,112,NE,Seasonal q90,DJF,13
-4.199999809265137,-32.600006103515625,154,112,NE,Seasonal q90,MAM,15
-4.199999809265137,-32.600006103515625,154,112,NE,Seasonal q90,JJA,20
-4.199999809265137,-32.600006103515625,154,112,NE,Seasonal q90,SON,19
-4.199999809265137,-32.399993896484375,154,113,NE,Global q90,DJF,1
-4.199999809265137,-32.399993896484375,154,113,NE,Global q90,MAM,4
-4.199999809265137,-32.399993896484375,154,113,NE,Global q90,JJA,31
-4.199999809265137,-32.399993896484375,154,113,NE,Global q90,SON,23
-4.199999809265137,-32.399993896484375,154,113,NE,Seasonal q90,DJF,13
-4.199999809265137,-32.399993896484375,154,113,NE,Seasonal q90,MAM,16
-4.199999809265137,-32.399993896484375,154,113,NE,Seasonal q90,JJA,19
-4.199999809265137,-32.399993896484375,154,113,NE,Seasonal q90,SON,20
-4.199999809265137,-32.20001220703125,154,114,NE,Global q90,DJF,3
-4.199999809265137,-32.20001220703125,154,114,NE,Global q90,MAM,7
-4.199999809265137,-32.20001220703125,154,114,NE,Global q90,JJA,30
-4.199999809265137,-32.20001220703125,154,114,NE,Global q90,SON,22
-4.199999809265137,-32.20001220703125,154,114,NE,Seasonal q90,DJF,15
-4.199999809265137,-32.20001220703125,154,114,NE,Seasonal q90,MAM,15
-4.199999809265137,-32.20001220703125,154,114,NE,Seasonal q90,JJA,18
-4.199999809265137,-32.20001220703125,154,114,NE,Seasonal q90,SON,20
-4.0,-38.0,155,85,NE,Global q90,DJF,13
-4.0,-38.0,155,85,NE,Global q90,MAM,5
-4.0,-38.0,155,85,NE,Global q90,JJA,18
-4.0,-38.0,155,85,NE,Global q90,SON,47
-4.0,-38.0,155,85,NE,Seasonal q90,DJF,20
-4.0,-38.0,155,85,NE,Seasonal q90,MAM,25
-4.0,-38.0,155,85,NE,Seasonal q90,JJA,30
-4.0,-38.0,155,85,NE,Seasonal q90,SON,24
-4.0,-37.79998779296875,155,86,NE,Global q90,DJF,10
-4.0,-37.79998779296875,155,86,NE,Global q90,MAM,5
-4.0,-37.79998779296875,155,86,NE,Global q90,JJA,22
-4.0,-37.79998779296875,155,86,NE,Global q90,SON,47
-4.0,-37.79998779296875,155,86,NE,Seasonal q90,DJF,19
-4.0,-37.79998779296875,155,86,NE,Seasonal q90,MAM,25
-4.0,-37.79998779296875,155,86,NE,Seasonal q90,JJA,26
-4.0,-37.79998779296875,155,86,NE,Seasonal q90,SON,23
-4.0,-37.600006103515625,155,87,NE,Global q90,DJF,11
-4.0,-37.600006103515625,155,87,NE,Global q90,MAM,5
-4.0,-37.600006103515625,155,87,NE,Global q90,JJA,21
-4.0,-37.600006103515625,155,87,NE,Global q90,SON,46
-4.0,-37.600006103515625,155,87,NE,Seasonal q90,DJF,16
-4.0,-37.600006103515625,155,87,NE,Seasonal q90,MAM,26
-4.0,-37.600006103515625,155,87,NE,Seasonal q90,JJA,23
-4.0,-37.600006103515625,155,87,NE,Seasonal q90,SON,23
-4.0,-32.79998779296875,155,111,NE,Global q90,DJF,4
-4.0,-32.79998779296875,155,111,NE,Global q90,MAM,6
-4.0,-32.79998779296875,155,111,NE,Global q90,JJA,29
-4.0,-32.79998779296875,155,111,NE,Global q90,SON,21
-4.0,-32.79998779296875,155,111,NE,Seasonal q90,DJF,15
-4.0,-32.79998779296875,155,111,NE,Seasonal q90,MAM,15
-4.0,-32.79998779296875,155,111,NE,Seasonal q90,JJA,20
-4.0,-32.79998779296875,155,111,NE,Seasonal q90,SON,18
-4.0,-32.600006103515625,155,112,NE,Global q90,DJF,2
-4.0,-32.600006103515625,155,112,NE,Global q90,MAM,5
-4.0,-32.600006103515625,155,112,NE,Global q90,JJA,29
-4.0,-32.600006103515625,155,112,NE,Global q90,SON,24
-4.0,-32.600006103515625,155,112,NE,Seasonal q90,DJF,13
-4.0,-32.600006103515625,155,112,NE,Seasonal q90,MAM,14
-4.0,-32.600006103515625,155,112,NE,Seasonal q90,JJA,20
-4.0,-32.600006103515625,155,112,NE,Seasonal q90,SON,18
-4.0,-32.399993896484375,155,113,NE,Global q90,DJF,1
-4.0,-32.399993896484375,155,113,NE,Global q90,MAM,3
-4.0,-32.399993896484375,155,113,NE,Global q90,JJA,32
-4.0,-32.399993896484375,155,113,NE,Global q90,SON,24
-4.0,-32.399993896484375,155,113,NE,Seasonal q90,DJF,14
-4.0,-32.399993896484375,155,113,NE,Seasonal q90,MAM,13
-4.0,-32.399993896484375,155,113,NE,Seasonal q90,JJA,20
-4.0,-32.399993896484375,155,113,NE,Seasonal q90,SON,21
-4.0,-32.20001220703125,155,114,NE,Global q90,DJF,3
-4.0,-32.20001220703125,155,114,NE,Global q90,MAM,6
-4.0,-32.20001220703125,155,114,NE,Global q90,JJA,30
-4.0,-32.20001220703125,155,114,NE,Global q90,SON,23
-4.0,-32.20001220703125,155,114,NE,Seasonal q90,DJF,12
-4.0,-32.20001220703125,155,114,NE,Seasonal q90,MAM,14
-4.0,-32.20001220703125,155,114,NE,Seasonal q90,JJA,19
-4.0,-32.20001220703125,155,114,NE,Seasonal q90,SON,21
-4.0,-32.0,155,115,NE,Global q90,DJF,4
-4.0,-32.0,155,115,NE,Global q90,MAM,7
-4.0,-32.0,155,115,NE,Global q90,JJA,30
-4.0,-32.0,155,115,NE,Global q90,SON,23
-4.0,-32.0,155,115,NE,Seasonal q90,DJF,15
-4.0,-32.0,155,115,NE,Seasonal q90,MAM,17
-4.0,-32.0,155,115,NE,Seasonal q90,JJA,19
-4.0,-32.0,155,115,NE,Seasonal q90,SON,19
-3.799999952316284,-38.20001220703125,156,84,NE,Global q90,DJF,9
-3.799999952316284,-38.20001220703125,156,84,NE,Global q90,MAM,4
-3.799999952316284,-38.20001220703125,156,84,NE,Global q90,JJA,27
-3.799999952316284,-38.20001220703125,156,84,NE,Global q90,SON,48
-3.799999952316284,-38.20001220703125,156,84,NE,Seasonal q90,DJF,21
-3.799999952316284,-38.20001220703125,156,84,NE,Seasonal q90,MAM,23
-3.799999952316284,-38.20001220703125,156,84,NE,Seasonal q90,JJA,31
-3.799999952316284,-38.20001220703125,156,84,NE,Seasonal q90,SON,23
-3.799999952316284,-38.0,156,85,NE,Global q90,DJF,10
-3.799999952316284,-38.0,156,85,NE,Global q90,MAM,4
-3.799999952316284,-38.0,156,85,NE,Global q90,JJA,27
-3.799999952316284,-38.0,156,85,NE,Global q90,SON,48
-3.799999952316284,-38.0,156,85,NE,Seasonal q90,DJF,20
-3.799999952316284,-38.0,156,85,NE,Seasonal q90,MAM,24
-3.799999952316284,-38.0,156,85,NE,Seasonal q90,JJA,29
-3.799999952316284,-38.0,156,85,NE,Seasonal q90,SON,22
-3.799999952316284,-32.79998779296875,156,111,NE,Global q90,DJF,5
-3.799999952316284,-32.79998779296875,156,111,NE,Global q90,MAM,6
-3.799999952316284,-32.79998779296875,156,111,NE,Global q90,JJA,26
-3.799999952316284,-32.79998779296875,156,111,NE,Global q90,SON,24
-3.799999952316284,-32.79998779296875,156,111,NE,Seasonal q90,DJF,17
-3.799999952316284,-32.79998779296875,156,111,NE,Seasonal q90,MAM,18
-3.799999952316284,-32.79998779296875,156,111,NE,Seasonal q90,JJA,19
-3.799999952316284,-32.79998779296875,156,111,NE,Seasonal q90,SON,18
-3.799999952316284,-32.600006103515625,156,112,NE,Global q90,DJF,8
-3.799999952316284,-32.600006103515625,156,112,NE,Global q90,MAM,5
-3.799999952316284,-32.600006103515625,156,112,NE,Global q90,JJA,21
-3.799999952316284,-32.600006103515625,156,112,NE,Global q90,SON,26
-3.799999952316284,-32.600006103515625,156,112,NE,Seasonal q90,DJF,18
-3.799999952316284,-32.600006103515625,156,112,NE,Seasonal q90,MAM,22
-3.799999952316284,-32.600006103515625,156,112,NE,Seasonal q90,JJA,21
-3.799999952316284,-32.600006103515625,156,112,NE,Seasonal q90,SON,17
-3.799999952316284,-32.399993896484375,156,113,NE,Global q90,DJF,11
-3.799999952316284,-32.399993896484375,156,113,NE,Global q90,MAM,6
-3.799999952316284,-32.399993896484375,156,113,NE,Global q90,JJA,23
-3.799999952316284,-32.399993896484375,156,113,NE,Global q90,SON,24
-3.799999952316284,-32.399993896484375,156,113,NE,Seasonal q90,DJF,16
-3.799999952316284,-32.399993896484375,156,113,NE,Seasonal q90,MAM,23
-3.799999952316284,-32.399993896484375,156,113,NE,Seasonal q90,JJA,21
-3.799999952316284,-32.399993896484375,156,113,NE,Seasonal q90,SON,17
-3.799999952316284,-32.20001220703125,156,114,NE,Global q90,DJF,5
-3.799999952316284,-32.20001220703125,156,114,NE,Global q90,MAM,6
-3.799999952316284,-32.20001220703125,156,114,NE,Global q90,JJA,29
-3.799999952316284,-32.20001220703125,156,114,NE,Global q90,SON,25
-3.799999952316284,-32.20001220703125,156,114,NE,Seasonal q90,DJF,17
-3.799999952316284,-32.20001220703125,156,114,NE,Seasonal q90,MAM,16
-3.799999952316284,-32.20001220703125,156,114,NE,Seasonal q90,JJA,22
-3.799999952316284,-32.20001220703125,156,114,NE,Seasonal q90,SON,18
-3.799999952316284,-32.0,156,115,NE,Global q90,DJF,5
-3.799999952316284,-32.0,156,115,NE,Global q90,MAM,6
-3.799999952316284,-32.0,156,115,NE,Global q90,JJA,28
-3.799999952316284,-32.0,156,115,NE,Global q90,SON,25
-3.799999952316284,-32.0,156,115,NE,Seasonal q90,DJF,16
-3.799999952316284,-32.0,156,115,NE,Seasonal q90,MAM,16
-3.799999952316284,-32.0,156,115,NE,Seasonal q90,JJA,20
-3.799999952316284,-32.0,156,115,NE,Seasonal q90,SON,19
-3.5999999046325684,-38.600006103515625,157,82,NE,Global q90,DJF,20
-3.5999999046325684,-38.600006103515625,157,82,NE,Global q90,MAM,7
-3.5999999046325684,-38.600006103515625,157,82,NE,Global q90,JJA,19
-3.5999999046325684,-38.600006103515625,157,82,NE,Global q90,SON,39
-3.5999999046325684,-38.600006103515625,157,82,NE,Seasonal q90,DJF,23
-3.5999999046325684,-38.600006103515625,157,82,NE,Seasonal q90,MAM,24
-3.5999999046325684,-38.600006103515625,157,82,NE,Seasonal q90,JJA,28
-3.5999999046325684,-38.600006103515625,157,82,NE,Seasonal q90,SON,21
-3.5999999046325684,-38.399993896484375,157,83,NE,Global q90,DJF,17
-3.5999999046325684,-38.399993896484375,157,83,NE,Global q90,MAM,6
-3.5999999046325684,-38.399993896484375,157,83,NE,Global q90,JJA,19
-3.5999999046325684,-38.399993896484375,157,83,NE,Global q90,SON,46
-3.5999999046325684,-38.399993896484375,157,83,NE,Seasonal q90,DJF,21
-3.5999999046325684,-38.399993896484375,157,83,NE,Seasonal q90,MAM,23
-3.5999999046325684,-38.399993896484375,157,83,NE,Seasonal q90,JJA,28
-3.5999999046325684,-38.399993896484375,157,83,NE,Seasonal q90,SON,20
-3.5999999046325684,-38.20001220703125,157,84,NE,Global q90,DJF,10
-3.5999999046325684,-38.20001220703125,157,84,NE,Global q90,MAM,5
-3.5999999046325684,-38.20001220703125,157,84,NE,Global q90,JJA,27
-3.5999999046325684,-38.20001220703125,157,84,NE,Global q90,SON,42
-3.5999999046325684,-38.20001220703125,157,84,NE,Seasonal q90,DJF,20
-3.5999999046325684,-38.20001220703125,157,84,NE,Seasonal q90,MAM,23
-3.5999999046325684,-38.20001220703125,157,84,NE,Seasonal q90,JJA,29
-3.5999999046325684,-38.20001220703125,157,84,NE,Seasonal q90,SON,22
-3.5999999046325684,-38.0,157,85,NE,Global q90,DJF,9
-3.5999999046325684,-38.0,157,85,NE,Global q90,MAM,4
-3.5999999046325684,-38.0,157,85,NE,Global q90,JJA,31
-3.5999999046325684,-38.0,157,85,NE,Global q90,SON,44
-3.5999999046325684,-38.0,157,85,NE,Seasonal q90,DJF,19
-3.5999999046325684,-38.0,157,85,NE,Seasonal q90,MAM,22
-3.5999999046325684,-38.0,157,85,NE,Seasonal q90,JJA,31
-3.5999999046325684,-38.0,157,85,NE,Seasonal q90,SON,20
-3.5999999046325684,-32.79998779296875,157,111,NE,Global q90,DJF,6
-3.5999999046325684,-32.79998779296875,157,111,NE,Global q90,MAM,6
-3.5999999046325684,-32.79998779296875,157,111,NE,Global q90,JJA,23
-3.5999999046325684,-32.79998779296875,157,111,NE,Global q90,SON,28
-3.5999999046325684,-32.79998779296875,157,111,NE,Seasonal q90,DJF,19
-3.5999999046325684,-32.79998779296875,157,111,NE,Seasonal q90,MAM,18
-3.5999999046325684,-32.79998779296875,157,111,NE,Seasonal q90,JJA,20
-3.5999999046325684,-32.79998779296875,157,111,NE,Seasonal q90,SON,17
-3.5999999046325684,-32.600006103515625,157,112,NE,Global q90,DJF,8
-3.5999999046325684,-32.600006103515625,157,112,NE,Global q90,MAM,5
-3.5999999046325684,-32.600006103515625,157,112,NE,Global q90,JJA,19
-3.5999999046325684,-32.600006103515625,157,112,NE,Global q90,SON,26
-3.5999999046325684,-32.600006103515625,157,112,NE,Seasonal q90,DJF,20
-3.5999999046325684,-32.600006103515625,157,112,NE,Seasonal q90,MAM,21
-3.5999999046325684,-32.600006103515625,157,112,NE,Seasonal q90,JJA,20
-3.5999999046325684,-32.600006103515625,157,112,NE,Seasonal q90,SON,19
-3.5999999046325684,-32.399993896484375,157,113,NE,Global q90,DJF,14
-3.5999999046325684,-32.399993896484375,157,113,NE,Global q90,MAM,6
-3.5999999046325684,-32.399993896484375,157,113,NE,Global q90,JJA,18
-3.5999999046325684,-32.399993896484375,157,113,NE,Global q90,SON,24
-3.5999999046325684,-32.399993896484375,157,113,NE,Seasonal q90,DJF,19
-3.5999999046325684,-32.399993896484375,157,113,NE,Seasonal q90,MAM,19
-3.5999999046325684,-32.399993896484375,157,113,NE,Seasonal q90,JJA,20
-3.5999999046325684,-32.399993896484375,157,113,NE,Seasonal q90,SON,18
-3.5999999046325684,-32.20001220703125,157,114,NE,Global q90,DJF,9
-3.5999999046325684,-32.20001220703125,157,114,NE,Global q90,MAM,5
-3.5999999046325684,-32.20001220703125,157,114,NE,Global q90,JJA,24
-3.5999999046325684,-32.20001220703125,157,114,NE,Global q90,SON,25
-3.5999999046325684,-32.20001220703125,157,114,NE,Seasonal q90,DJF,18
-3.5999999046325684,-32.20001220703125,157,114,NE,Seasonal q90,MAM,19
-3.5999999046325684,-32.20001220703125,157,114,NE,Seasonal q90,JJA,22
-3.5999999046325684,-32.20001220703125,157,114,NE,Seasonal q90,SON,18
-3.5999999046325684,-32.0,157,115,NE,Global q90,DJF,4
-3.5999999046325684,-32.0,157,115,NE,Global q90,MAM,6
-3.5999999046325684,-32.0,157,115,NE,Global q90,JJA,24
-3.5999999046325684,-32.0,157,115,NE,Global q90,SON,25
-3.5999999046325684,-32.0,157,115,NE,Seasonal q90,DJF,16
-3.5999999046325684,-32.0,157,115,NE,Seasonal q90,MAM,14
-3.5999999046325684,-32.0,157,115,NE,Seasonal q90,JJA,20
-3.5999999046325684,-32.0,157,115,NE,Seasonal q90,SON,18
-3.4000000953674316,-38.79998779296875,158,81,NE,Global q90,DJF,22
-3.4000000953674316,-38.79998779296875,158,81,NE,Global q90,MAM,5
-3.4000000953674316,-38.79998779296875,158,81,NE,Global q90,JJA,19
-3.4000000953674316,-38.79998779296875,158,81,NE,Global q90,SON,42
-3.4000000953674316,-38.79998779296875,158,81,NE,Seasonal q90,DJF,25
-3.4000000953674316,-38.79998779296875,158,81,NE,Seasonal q90,MAM,25
-3.4000000953674316,-38.79998779296875,158,81,NE,Seasonal q90,JJA,24
-3.4000000953674316,-38.79998779296875,158,81,NE,Seasonal q90,SON,24
-3.4000000953674316,-38.600006103515625,158,82,NE,Global q90,DJF,17
-3.4000000953674316,-38.600006103515625,158,82,NE,Global q90,MAM,3
-3.4000000953674316,-38.600006103515625,158,82,NE,Global q90,JJA,21
-3.4000000953674316,-38.600006103515625,158,82,NE,Global q90,SON,44
-3.4000000953674316,-38.600006103515625,158,82,NE,Seasonal q90,DJF,22
-3.4000000953674316,-38.600006103515625,158,82,NE,Seasonal q90,MAM,24
-3.4000000953674316,-38.600006103515625,158,82,NE,Seasonal q90,JJA,26
-3.4000000953674316,-38.600006103515625,158,82,NE,Seasonal q90,SON,19
-3.4000000953674316,-38.399993896484375,158,83,NE,Global q90,DJF,13
-3.4000000953674316,-38.399993896484375,158,83,NE,Global q90,MAM,4
-3.4000000953674316,-38.399993896484375,158,83,NE,Global q90,JJA,28
-3.4000000953674316,-38.399993896484375,158,83,NE,Global q90,SON,42
-3.4000000953674316,-38.399993896484375,158,83,NE,Seasonal q90,DJF,19
-3.4000000953674316,-38.399993896484375,158,83,NE,Seasonal q90,MAM,25
-3.4000000953674316,-38.399993896484375,158,83,NE,Seasonal q90,JJA,24
-3.4000000953674316,-38.399993896484375,158,83,NE,Seasonal q90,SON,19
-3.4000000953674316,-38.20001220703125,158,84,NE,Global q90,DJF,12
-3.4000000953674316,-38.20001220703125,158,84,NE,Global q90,MAM,4
-3.4000000953674316,-38.20001220703125,158,84,NE,Global q90,JJA,28
-3.4000000953674316,-38.20001220703125,158,84,NE,Global q90,SON,41
-3.4000000953674316,-38.20001220703125,158,84,NE,Seasonal q90,DJF,20
-3.4000000953674316,-38.20001220703125,158,84,NE,Seasonal q90,MAM,25
-3.4000000953674316,-38.20001220703125,158,84,NE,Seasonal q90,JJA,27
-3.4000000953674316,-38.20001220703125,158,84,NE,Seasonal q90,SON,20
-3.4000000953674316,-32.399993896484375,158,113,NE,Global q90,DJF,12
-3.4000000953674316,-32.399993896484375,158,113,NE,Global q90,MAM,5
-3.4000000953674316,-32.399993896484375,158,113,NE,Global q90,JJA,18
-3.4000000953674316,-32.399993896484375,158,113,NE,Global q90,SON,23
-3.4000000953674316,-32.399993896484375,158,113,NE,Seasonal q90,DJF,20
-3.4000000953674316,-32.399993896484375,158,113,NE,Seasonal q90,MAM,18
-3.4000000953674316,-32.399993896484375,158,113,NE,Seasonal q90,JJA,20
-3.4000000953674316,-32.399993896484375,158,113,NE,Seasonal q90,SON,17
-3.200000047683716,-39.20001220703125,159,79,NE,Global q90,DJF,27
-3.200000047683716,-39.20001220703125,159,79,NE,Global q90,MAM,7
-3.200000047683716,-39.20001220703125,159,79,NE,Global q90,JJA,18
-3.200000047683716,-39.20001220703125,159,79,NE,Global q90,SON,42
-3.200000047683716,-39.20001220703125,159,79,NE,Seasonal q90,DJF,27
-3.200000047683716,-39.20001220703125,159,79,NE,Seasonal q90,MAM,24
-3.200000047683716,-39.20001220703125,159,79,NE,Seasonal q90,JJA,24
-3.200000047683716,-39.20001220703125,159,79,NE,Seasonal q90,SON,22
-3.200000047683716,-39.0,159,80,NE,Global q90,DJF,23
-3.200000047683716,-39.0,159,80,NE,Global q90,MAM,4
-3.200000047683716,-39.0,159,80,NE,Global q90,JJA,19
-3.200000047683716,-39.0,159,80,NE,Global q90,SON,38
-3.200000047683716,-39.0,159,80,NE,Seasonal q90,DJF,23
-3.200000047683716,-39.0,159,80,NE,Seasonal q90,MAM,24
-3.200000047683716,-39.0,159,80,NE,Seasonal q90,JJA,24
-3.200000047683716,-39.0,159,80,NE,Seasonal q90,SON,24
-3.200000047683716,-38.79998779296875,159,81,NE,Global q90,DJF,18
-3.200000047683716,-38.79998779296875,159,81,NE,Global q90,MAM,3
-3.200000047683716,-38.79998779296875,159,81,NE,Global q90,JJA,23
-3.200000047683716,-38.79998779296875,159,81,NE,Global q90,SON,42
-3.200000047683716,-38.79998779296875,159,81,NE,Seasonal q90,DJF,22
-3.200000047683716,-38.79998779296875,159,81,NE,Seasonal q90,MAM,26
-3.200000047683716,-38.79998779296875,159,81,NE,Seasonal q90,JJA,22
-3.200000047683716,-38.79998779296875,159,81,NE,Seasonal q90,SON,21
-3.200000047683716,-38.600006103515625,159,82,NE,Global q90,DJF,18
-3.200000047683716,-38.600006103515625,159,82,NE,Global q90,MAM,3
-3.200000047683716,-38.600006103515625,159,82,NE,Global q90,JJA,23
-3.200000047683716,-38.600006103515625,159,82,NE,Global q90,SON,41
-3.200000047683716,-38.600006103515625,159,82,NE,Seasonal q90,DJF,23
-3.200000047683716,-38.600006103515625,159,82,NE,Seasonal q90,MAM,26
-3.200000047683716,-38.600006103515625,159,82,NE,Seasonal q90,JJA,25
-3.200000047683716,-38.600006103515625,159,82,NE,Seasonal q90,SON,19
-3.0,-39.399993896484375,160,78,NE,Global q90,DJF,25
-3.0,-39.399993896484375,160,78,NE,Global q90,MAM,7
-3.0,-39.399993896484375,160,78,NE,Global q90,JJA,20
-3.0,-39.399993896484375,160,78,NE,Global q90,SON,45
-3.0,-39.399993896484375,160,78,NE,Seasonal q90,DJF,24
-3.0,-39.399993896484375,160,78,NE,Seasonal q90,MAM,26
-3.0,-39.399993896484375,160,78,NE,Seasonal q90,JJA,30
-3.0,-39.399993896484375,160,78,NE,Seasonal q90,SON,26
-3.0,-39.20001220703125,160,79,NE,Global q90,DJF,22
-3.0,-39.20001220703125,160,79,NE,Global q90,MAM,5
-3.0,-39.20001220703125,160,79,NE,Global q90,JJA,20
-3.0,-39.20001220703125,160,79,NE,Global q90,SON,39
-3.0,-39.20001220703125,160,79,NE,Seasonal q90,DJF,23
-3.0,-39.20001220703125,160,79,NE,Seasonal q90,MAM,24
-3.0,-39.20001220703125,160,79,NE,Seasonal q90,JJA,30
-3.0,-39.20001220703125,160,79,NE,Seasonal q90,SON,23
-3.0,-39.0,160,80,NE,Global q90,DJF,21
-3.0,-39.0,160,80,NE,Global q90,MAM,4
-3.0,-39.0,160,80,NE,Global q90,JJA,22
-3.0,-39.0,160,80,NE,Global q90,SON,39
-3.0,-39.0,160,80,NE,Seasonal q90,DJF,23
-3.0,-39.0,160,80,NE,Seasonal q90,MAM,24
-3.0,-39.0,160,80,NE,Seasonal q90,JJA,26
-3.0,-39.0,160,80,NE,Seasonal q90,SON,23
-3.0,-38.79998779296875,160,81,NE,Global q90,DJF,19
-3.0,-38.79998779296875,160,81,NE,Global q90,MAM,5
-3.0,-38.79998779296875,160,81,NE,Global q90,JJA,22
-3.0,-38.79998779296875,160,81,NE,Global q90,SON,39
-3.0,-38.79998779296875,160,81,NE,Seasonal q90,DJF,23
-3.0,-38.79998779296875,160,81,NE,Seasonal q90,MAM,24
-3.0,-38.79998779296875,160,81,NE,Seasonal q90,JJA,25
-3.0,-38.79998779296875,160,81,NE,Seasonal q90,SON,19
-2.799999952316284,-41.600006103515625,161,67,NE,Global q90,DJF,30
-2.799999952316284,-41.600006103515625,161,67,NE,Global q90,MAM,3
-2.799999952316284,-41.600006103515625,161,67,NE,Global q90,JJA,8
-2.799999952316284,-41.600006103515625,161,67,NE,Global q90,SON,53
-2.799999952316284,-41.600006103515625,161,67,NE,Seasonal q90,DJF,25
-2.799999952316284,-41.600006103515625,161,67,NE,Seasonal q90,MAM,24
-2.799999952316284,-41.600006103515625,161,67,NE,Seasonal q90,JJA,33
-2.799999952316284,-41.600006103515625,161,67,NE,Seasonal q90,SON,25
-2.799999952316284,-41.399993896484375,161,68,NE,Global q90,DJF,22
-2.799999952316284,-41.399993896484375,161,68,NE,Global q90,MAM,2
-2.799999952316284,-41.399993896484375,161,68,NE,Global q90,JJA,9
-2.799999952316284,-41.399993896484375,161,68,NE,Global q90,SON,54
-2.799999952316284,-41.399993896484375,161,68,NE,Seasonal q90,DJF,21
-2.799999952316284,-41.399993896484375,161,68,NE,Seasonal q90,MAM,23
-2.799999952316284,-41.399993896484375,161,68,NE,Seasonal q90,JJA,31
-2.799999952316284,-41.399993896484375,161,68,NE,Seasonal q90,SON,24
-2.799999952316284,-41.20001220703125,161,69,NE,Global q90,DJF,31
-2.799999952316284,-41.20001220703125,161,69,NE,Global q90,MAM,4
-2.799999952316284,-41.20001220703125,161,69,NE,Global q90,JJA,5
-2.799999952316284,-41.20001220703125,161,69,NE,Global q90,SON,45
-2.799999952316284,-41.20001220703125,161,69,NE,Seasonal q90,DJF,27
-2.799999952316284,-41.20001220703125,161,69,NE,Seasonal q90,MAM,20
-2.799999952316284,-41.20001220703125,161,69,NE,Seasonal q90,JJA,28
-2.799999952316284,-41.20001220703125,161,69,NE,Seasonal q90,SON,22
-2.799999952316284,-41.0,161,70,NE,Global q90,DJF,28
-2.799999952316284,-41.0,161,70,NE,Global q90,MAM,2
-2.799999952316284,-41.0,161,70,NE,Global q90,JJA,7
-2.799999952316284,-41.0,161,70,NE,Global q90,SON,47
-2.799999952316284,-41.0,161,70,NE,Seasonal q90,DJF,24
-2.799999952316284,-41.0,161,70,NE,Seasonal q90,MAM,21
-2.799999952316284,-41.0,161,70,NE,Seasonal q90,JJA,29
-2.799999952316284,-41.0,161,70,NE,Seasonal q90,SON,22
-2.799999952316284,-40.79998779296875,161,71,NE,Global q90,DJF,25
-2.799999952316284,-40.79998779296875,161,71,NE,Global q90,MAM,2
-2.799999952316284,-40.79998779296875,161,71,NE,Global q90,JJA,8
-2.799999952316284,-40.79998779296875,161,71,NE,Global q90,SON,51
-2.799999952316284,-40.79998779296875,161,71,NE,Seasonal q90,DJF,24
-2.799999952316284,-40.79998779296875,161,71,NE,Seasonal q90,MAM,18
-2.799999952316284,-40.79998779296875,161,71,NE,Seasonal q90,JJA,26
-2.799999952316284,-40.79998779296875,161,71,NE,Seasonal q90,SON,25
-2.799999952316284,-40.600006103515625,161,72,NE,Global q90,DJF,29
-2.799999952316284,-40.600006103515625,161,72,NE,Global q90,MAM,4
-2.799999952316284,-40.600006103515625,161,72,NE,Global q90,JJA,6
-2.799999952316284,-40.600006103515625,161,72,NE,Global q90,SON,48
-2.799999952316284,-40.600006103515625,161,72,NE,Seasonal q90,DJF,28
-2.799999952316284,-40.600006103515625,161,72,NE,Seasonal q90,MAM,21
-2.799999952316284,-40.600006103515625,161,72,NE,Seasonal q90,JJA,24
-2.799999952316284,-40.600006103515625,161,72,NE,Seasonal q90,SON,23
-2.799999952316284,-40.399993896484375,161,73,NE,Global q90,DJF,31
-2.799999952316284,-40.399993896484375,161,73,NE,Global q90,MAM,7
-2.799999952316284,-40.399993896484375,161,73,NE,Global q90,JJA,6
-2.799999952316284,-40.399993896484375,161,73,NE,Global q90,SON,43
-2.799999952316284,-40.399993896484375,161,73,NE,Seasonal q90,DJF,25
-2.799999952316284,-40.399993896484375,161,73,NE,Seasonal q90,MAM,22
-2.799999952316284,-40.399993896484375,161,73,NE,Seasonal q90,JJA,26
-2.799999952316284,-40.399993896484375,161,73,NE,Seasonal q90,SON,25
-2.799999952316284,-40.20001220703125,161,74,NE,Global q90,DJF,36
-2.799999952316284,-40.20001220703125,161,74,NE,Global q90,MAM,9
-2.799999952316284,-40.20001220703125,161,74,NE,Global q90,JJA,5
-2.799999952316284,-40.20001220703125,161,74,NE,Global q90,SON,38
-2.799999952316284,-40.20001220703125,161,74,NE,Seasonal q90,DJF,23
-2.799999952316284,-40.20001220703125,161,74,NE,Seasonal q90,MAM,21
-2.799999952316284,-40.20001220703125,161,74,NE,Seasonal q90,JJA,24
-2.799999952316284,-40.20001220703125,161,74,NE,Seasonal q90,SON,25
-2.799999952316284,-40.0,161,75,NE,Global q90,DJF,26
-2.799999952316284,-40.0,161,75,NE,Global q90,MAM,7
-2.799999952316284,-40.0,161,75,NE,Global q90,JJA,8
-2.799999952316284,-40.0,161,75,NE,Global q90,SON,40
-2.799999952316284,-40.0,161,75,NE,Seasonal q90,DJF,22
-2.799999952316284,-40.0,161,75,NE,Seasonal q90,MAM,20
-2.799999952316284,-40.0,161,75,NE,Seasonal q90,JJA,27
-2.799999952316284,-40.0,161,75,NE,Seasonal q90,SON,23
-2.799999952316284,-39.79998779296875,161,76,NE,Global q90,DJF,19
-2.799999952316284,-39.79998779296875,161,76,NE,Global q90,MAM,6
-2.799999952316284,-39.79998779296875,161,76,NE,Global q90,JJA,17
-2.799999952316284,-39.79998779296875,161,76,NE,Global q90,SON,44
-2.799999952316284,-39.79998779296875,161,76,NE,Seasonal q90,DJF,19
-2.799999952316284,-39.79998779296875,161,76,NE,Seasonal q90,MAM,23
-2.799999952316284,-39.79998779296875,161,76,NE,Seasonal q90,JJA,28
-2.799999952316284,-39.79998779296875,161,76,NE,Seasonal q90,SON,26
-2.799999952316284,-39.600006103515625,161,77,NE,Global q90,DJF,20
-2.799999952316284,-39.600006103515625,161,77,NE,Global q90,MAM,6
-2.799999952316284,-39.600006103515625,161,77,NE,Global q90,JJA,21
-2.799999952316284,-39.600006103515625,161,77,NE,Global q90,SON,46
-2.799999952316284,-39.600006103515625,161,77,NE,Seasonal q90,DJF,22
-2.799999952316284,-39.600006103515625,161,77,NE,Seasonal q90,MAM,25
-2.799999952316284,-39.600006103515625,161,77,NE,Seasonal q90,JJA,30
-2.799999952316284,-39.600006103515625,161,77,NE,Seasonal q90,SON,25
-2.799999952316284,-39.399993896484375,161,78,NE,Global q90,DJF,21
-2.799999952316284,-39.399993896484375,161,78,NE,Global q90,MAM,5
-2.799999952316284,-39.399993896484375,161,78,NE,Global q90,JJA,22
-2.799999952316284,-39.399993896484375,161,78,NE,Global q90,SON,45
-2.799999952316284,-39.399993896484375,161,78,NE,Seasonal q90,DJF,22
-2.799999952316284,-39.399993896484375,161,78,NE,Seasonal q90,MAM,22
-2.799999952316284,-39.399993896484375,161,78,NE,Seasonal q90,JJA,30
-2.799999952316284,-39.399993896484375,161,78,NE,Seasonal q90,SON,25
-2.799999952316284,-39.20001220703125,161,79,NE,Global q90,DJF,22
-2.799999952316284,-39.20001220703125,161,79,NE,Global q90,MAM,8
-2.799999952316284,-39.20001220703125,161,79,NE,Global q90,JJA,22
-2.799999952316284,-39.20001220703125,161,79,NE,Global q90,SON,41
-2.799999952316284,-39.20001220703125,161,79,NE,Seasonal q90,DJF,23
-2.799999952316284,-39.20001220703125,161,79,NE,Seasonal q90,MAM,22
-2.799999952316284,-39.20001220703125,161,79,NE,Seasonal q90,JJA,27
-2.799999952316284,-39.20001220703125,161,79,NE,Seasonal q90,SON,23
-2.5999999046325684,-42.399993896484375,162,63,NE,Global q90,DJF,27
-2.5999999046325684,-42.399993896484375,162,63,NE,Global q90,MAM,4
-2.5999999046325684,-42.399993896484375,162,63,NE,Global q90,JJA,11
-2.5999999046325684,-42.399993896484375,162,63,NE,Global q90,SON,55
-2.5999999046325684,-42.399993896484375,162,63,NE,Seasonal q90,DJF,21
-2.5999999046325684,-42.399993896484375,162,63,NE,Seasonal q90,MAM,19
-2.5999999046325684,-42.399993896484375,162,63,NE,Seasonal q90,JJA,33
-2.5999999046325684,-42.399993896484375,162,63,NE,Seasonal q90,SON,31
-2.5999999046325684,-42.20001220703125,162,64,NE,Global q90,DJF,27
-2.5999999046325684,-42.20001220703125,162,64,NE,Global q90,MAM,4
-2.5999999046325684,-42.20001220703125,162,64,NE,Global q90,JJA,11
-2.5999999046325684,-42.20001220703125,162,64,NE,Global q90,SON,55
-2.5999999046325684,-42.20001220703125,162,64,NE,Seasonal q90,DJF,21
-2.5999999046325684,-42.20001220703125,162,64,NE,Seasonal q90,MAM,18
-2.5999999046325684,-42.20001220703125,162,64,NE,Seasonal q90,JJA,38
-2.5999999046325684,-42.20001220703125,162,64,NE,Seasonal q90,SON,30
-2.5999999046325684,-42.0,162,65,NE,Global q90,DJF,28
-2.5999999046325684,-42.0,162,65,NE,Global q90,MAM,3
-2.5999999046325684,-42.0,162,65,NE,Global q90,JJA,10
-2.5999999046325684,-42.0,162,65,NE,Global q90,SON,55
-2.5999999046325684,-42.0,162,65,NE,Seasonal q90,DJF,24
-2.5999999046325684,-42.0,162,65,NE,Seasonal q90,MAM,20
-2.5999999046325684,-42.0,162,65,NE,Seasonal q90,JJA,39
-2.5999999046325684,-42.0,162,65,NE,Seasonal q90,SON,30
-2.5999999046325684,-41.79998779296875,162,66,NE,Global q90,DJF,27
-2.5999999046325684,-41.79998779296875,162,66,NE,Global q90,MAM,3
-2.5999999046325684,-41.79998779296875,162,66,NE,Global q90,JJA,10
-2.5999999046325684,-41.79998779296875,162,66,NE,Global q90,SON,56
-2.5999999046325684,-41.79998779296875,162,66,NE,Seasonal q90,DJF,25
-2.5999999046325684,-41.79998779296875,162,66,NE,Seasonal q90,MAM,19
-2.5999999046325684,-41.79998779296875,162,66,NE,Seasonal q90,JJA,35
-2.5999999046325684,-41.79998779296875,162,66,NE,Seasonal q90,SON,28
-2.5999999046325684,-41.600006103515625,162,67,NE,Global q90,DJF,30
-2.5999999046325684,-41.600006103515625,162,67,NE,Global q90,MAM,4
-2.5999999046325684,-41.600006103515625,162,67,NE,Global q90,JJA,8
-2.5999999046325684,-41.600006103515625,162,67,NE,Global q90,SON,54
-2.5999999046325684,-41.600006103515625,162,67,NE,Seasonal q90,DJF,26
-2.5999999046325684,-41.600006103515625,162,67,NE,Seasonal q90,MAM,18
-2.5999999046325684,-41.600006103515625,162,67,NE,Seasonal q90,JJA,33
-2.5999999046325684,-41.600006103515625,162,67,NE,Seasonal q90,SON,24
-2.5999999046325684,-41.399993896484375,162,68,NE,Global q90,DJF,27
-2.5999999046325684,-41.399993896484375,162,68,NE,Global q90,MAM,3
-2.5999999046325684,-41.399993896484375,162,68,NE,Global q90,JJA,9
-2.5999999046325684,-41.399993896484375,162,68,NE,Global q90,SON,49
-2.5999999046325684,-41.399993896484375,162,68,NE,Seasonal q90,DJF,23
-2.5999999046325684,-41.399993896484375,162,68,NE,Seasonal q90,MAM,18
-2.5999999046325684,-41.399993896484375,162,68,NE,Seasonal q90,JJA,30
-2.5999999046325684,-41.399993896484375,162,68,NE,Seasonal q90,SON,25
-2.5999999046325684,-41.20001220703125,162,69,NE,Global q90,DJF,25
-2.5999999046325684,-41.20001220703125,162,69,NE,Global q90,MAM,4
-2.5999999046325684,-41.20001220703125,162,69,NE,Global q90,JJA,8
-2.5999999046325684,-41.20001220703125,162,69,NE,Global q90,SON,46
-2.5999999046325684,-41.20001220703125,162,69,NE,Seasonal q90,DJF,26
-2.5999999046325684,-41.20001220703125,162,69,NE,Seasonal q90,MAM,19
-2.5999999046325684,-41.20001220703125,162,69,NE,Seasonal q90,JJA,27
-2.5999999046325684,-41.20001220703125,162,69,NE,Seasonal q90,SON,23
-2.5999999046325684,-41.0,162,70,NE,Global q90,DJF,24
-2.5999999046325684,-41.0,162,70,NE,Global q90,MAM,4
-2.5999999046325684,-41.0,162,70,NE,Global q90,JJA,8
-2.5999999046325684,-41.0,162,70,NE,Global q90,SON,48
-2.5999999046325684,-41.0,162,70,NE,Seasonal q90,DJF,23
-2.5999999046325684,-41.0,162,70,NE,Seasonal q90,MAM,21
-2.5999999046325684,-41.0,162,70,NE,Seasonal q90,JJA,28
-2.5999999046325684,-41.0,162,70,NE,Seasonal q90,SON,22
-2.5999999046325684,-40.79998779296875,162,71,NE,Global q90,DJF,22
-2.5999999046325684,-40.79998779296875,162,71,NE,Global q90,MAM,4
-2.5999999046325684,-40.79998779296875,162,71,NE,Global q90,JJA,12
-2.5999999046325684,-40.79998779296875,162,71,NE,Global q90,SON,45
-2.5999999046325684,-40.79998779296875,162,71,NE,Seasonal q90,DJF,22
-2.5999999046325684,-40.79998779296875,162,71,NE,Seasonal q90,MAM,20
-2.5999999046325684,-40.79998779296875,162,71,NE,Seasonal q90,JJA,29
-2.5999999046325684,-40.79998779296875,162,71,NE,Seasonal q90,SON,22
-2.5999999046325684,-40.600006103515625,162,72,NE,Global q90,DJF,19
-2.5999999046325684,-40.600006103515625,162,72,NE,Global q90,MAM,2
-2.5999999046325684,-40.600006103515625,162,72,NE,Global q90,JJA,11
-2.5999999046325684,-40.600006103515625,162,72,NE,Global q90,SON,46
-2.5999999046325684,-40.600006103515625,162,72,NE,Seasonal q90,DJF,24
-2.5999999046325684,-40.600006103515625,162,72,NE,Seasonal q90,MAM,19
-2.5999999046325684,-40.600006103515625,162,72,NE,Seasonal q90,JJA,23
-2.5999999046325684,-40.600006103515625,162,72,NE,Seasonal q90,SON,23
-2.5999999046325684,-40.399993896484375,162,73,NE,Global q90,DJF,19
-2.5999999046325684,-40.399993896484375,162,73,NE,Global q90,MAM,3
-2.5999999046325684,-40.399993896484375,162,73,NE,Global q90,JJA,11
-2.5999999046325684,-40.399993896484375,162,73,NE,Global q90,SON,46
-2.5999999046325684,-40.399993896484375,162,73,NE,Seasonal q90,DJF,20
-2.5999999046325684,-40.399993896484375,162,73,NE,Seasonal q90,MAM,19
-2.5999999046325684,-40.399993896484375,162,73,NE,Seasonal q90,JJA,23
-2.5999999046325684,-40.399993896484375,162,73,NE,Seasonal q90,SON,25
-2.5999999046325684,-40.20001220703125,162,74,NE,Global q90,DJF,22
-2.5999999046325684,-40.20001220703125,162,74,NE,Global q90,MAM,4
-2.5999999046325684,-40.20001220703125,162,74,NE,Global q90,JJA,13
-2.5999999046325684,-40.20001220703125,162,74,NE,Global q90,SON,43
-2.5999999046325684,-40.20001220703125,162,74,NE,Seasonal q90,DJF,22
-2.5999999046325684,-40.20001220703125,162,74,NE,Seasonal q90,MAM,20
-2.5999999046325684,-40.20001220703125,162,74,NE,Seasonal q90,JJA,24
-2.5999999046325684,-40.20001220703125,162,74,NE,Seasonal q90,SON,25
-2.5999999046325684,-40.0,162,75,NE,Global q90,DJF,18
-2.5999999046325684,-40.0,162,75,NE,Global q90,MAM,5
-2.5999999046325684,-40.0,162,75,NE,Global q90,JJA,16
-2.5999999046325684,-40.0,162,75,NE,Global q90,SON,46
-2.5999999046325684,-40.0,162,75,NE,Seasonal q90,DJF,22
-2.5999999046325684,-40.0,162,75,NE,Seasonal q90,MAM,21
-2.5999999046325684,-40.0,162,75,NE,Seasonal q90,JJA,27
-2.5999999046325684,-40.0,162,75,NE,Seasonal q90,SON,22
-2.5999999046325684,-39.79998779296875,162,76,NE,Global q90,DJF,16
-2.5999999046325684,-39.79998779296875,162,76,NE,Global q90,MAM,3
-2.5999999046325684,-39.79998779296875,162,76,NE,Global q90,JJA,22
-2.5999999046325684,-39.79998779296875,162,76,NE,Global q90,SON,47
-2.5999999046325684,-39.79998779296875,162,76,NE,Seasonal q90,DJF,19
-2.5999999046325684,-39.79998779296875,162,76,NE,Seasonal q90,MAM,21
-2.5999999046325684,-39.79998779296875,162,76,NE,Seasonal q90,JJA,27
-2.5999999046325684,-39.79998779296875,162,76,NE,Seasonal q90,SON,24
-2.5999999046325684,-39.600006103515625,162,77,NE,Global q90,DJF,18
-2.5999999046325684,-39.600006103515625,162,77,NE,Global q90,MAM,5
-2.5999999046325684,-39.600006103515625,162,77,NE,Global q90,JJA,23
-2.5999999046325684,-39.600006103515625,162,77,NE,Global q90,SON,46
-2.5999999046325684,-39.600006103515625,162,77,NE,Seasonal q90,DJF,22
-2.5999999046325684,-39.600006103515625,162,77,NE,Seasonal q90,MAM,23
-2.5999999046325684,-39.600006103515625,162,77,NE,Seasonal q90,JJA,28
-2.5999999046325684,-39.600006103515625,162,77,NE,Seasonal q90,SON,24
-2.4000000953674316,-44.20001220703125,163,54,NE,Global q90,DJF,21
-2.4000000953674316,-44.20001220703125,163,54,NE,Global q90,MAM,1
-2.4000000953674316,-44.20001220703125,163,54,NE,Global q90,JJA,11
-2.4000000953674316,-44.20001220703125,163,54,NE,Global q90,SON,60
-2.4000000953674316,-44.20001220703125,163,54,NE,Seasonal q90,DJF,25
-2.4000000953674316,-44.20001220703125,163,54,NE,Seasonal q90,MAM,25
-2.4000000953674316,-44.20001220703125,163,54,NE,Seasonal q90,JJA,37
-2.4000000953674316,-44.20001220703125,163,54,NE,Seasonal q90,SON,24
-2.4000000953674316,-44.0,163,55,NE,Global q90,DJF,22
-2.4000000953674316,-44.0,163,55,NE,Global q90,MAM,7
-2.4000000953674316,-44.0,163,55,NE,Global q90,JJA,11
-2.4000000953674316,-44.0,163,55,NE,Global q90,SON,55
-2.4000000953674316,-44.0,163,55,NE,Seasonal q90,DJF,23
-2.4000000953674316,-44.0,163,55,NE,Seasonal q90,MAM,16
-2.4000000953674316,-44.0,163,55,NE,Seasonal q90,JJA,31
-2.4000000953674316,-44.0,163,55,NE,Seasonal q90,SON,25
-2.4000000953674316,-43.0,163,60,NE,Global q90,DJF,19
-2.4000000953674316,-43.0,163,60,NE,Global q90,MAM,5
-2.4000000953674316,-43.0,163,60,NE,Global q90,JJA,12
-2.4000000953674316,-43.0,163,60,NE,Global q90,SON,52
-2.4000000953674316,-43.0,163,60,NE,Seasonal q90,DJF,21
-2.4000000953674316,-43.0,163,60,NE,Seasonal q90,MAM,20
-2.4000000953674316,-43.0,163,60,NE,Seasonal q90,JJA,34
-2.4000000953674316,-43.0,163,60,NE,Seasonal q90,SON,30
-2.4000000953674316,-42.79998779296875,163,61,NE,Global q90,DJF,20
-2.4000000953674316,-42.79998779296875,163,61,NE,Global q90,MAM,3
-2.4000000953674316,-42.79998779296875,163,61,NE,Global q90,JJA,12
-2.4000000953674316,-42.79998779296875,163,61,NE,Global q90,SON,53
-2.4000000953674316,-42.79998779296875,163,61,NE,Seasonal q90,DJF,21
-2.4000000953674316,-42.79998779296875,163,61,NE,Seasonal q90,MAM,20
-2.4000000953674316,-42.79998779296875,163,61,NE,Seasonal q90,JJA,32
-2.4000000953674316,-42.79998779296875,163,61,NE,Seasonal q90,SON,28
-2.4000000953674316,-42.600006103515625,163,62,NE,Global q90,DJF,21
-2.4000000953674316,-42.600006103515625,163,62,NE,Global q90,MAM,3
-2.4000000953674316,-42.600006103515625,163,62,NE,Global q90,JJA,8
-2.4000000953674316,-42.600006103515625,163,62,NE,Global q90,SON,59
-2.4000000953674316,-42.600006103515625,163,62,NE,Seasonal q90,DJF,20
-2.4000000953674316,-42.600006103515625,163,62,NE,Seasonal q90,MAM,23
-2.4000000953674316,-42.600006103515625,163,62,NE,Seasonal q90,JJA,34
-2.4000000953674316,-42.600006103515625,163,62,NE,Seasonal q90,SON,29
-2.4000000953674316,-42.399993896484375,163,63,NE,Global q90,DJF,20
-2.4000000953674316,-42.399993896484375,163,63,NE,Global q90,MAM,3
-2.4000000953674316,-42.399993896484375,163,63,NE,Global q90,JJA,11
-2.4000000953674316,-42.399993896484375,163,63,NE,Global q90,SON,58
-2.4000000953674316,-42.399993896484375,163,63,NE,Seasonal q90,DJF,21
-2.4000000953674316,-42.399993896484375,163,63,NE,Seasonal q90,MAM,22
-2.4000000953674316,-42.399993896484375,163,63,NE,Seasonal q90,JJA,34
-2.4000000953674316,-42.399993896484375,163,63,NE,Seasonal q90,SON,29
-2.4000000953674316,-42.20001220703125,163,64,NE,Global q90,DJF,19
-2.4000000953674316,-42.20001220703125,163,64,NE,Global q90,MAM,3
-2.4000000953674316,-42.20001220703125,163,64,NE,Global q90,JJA,11
-2.4000000953674316,-42.20001220703125,163,64,NE,Global q90,SON,58
-2.4000000953674316,-42.20001220703125,163,64,NE,Seasonal q90,DJF,20
-2.4000000953674316,-42.20001220703125,163,64,NE,Seasonal q90,MAM,20
-2.4000000953674316,-42.20001220703125,163,64,NE,Seasonal q90,JJA,33
-2.4000000953674316,-42.20001220703125,163,64,NE,Seasonal q90,SON,30
-2.4000000953674316,-42.0,163,65,NE,Global q90,DJF,19
-2.4000000953674316,-42.0,163,65,NE,Global q90,MAM,3
-2.4000000953674316,-42.0,163,65,NE,Global q90,JJA,12
-2.4000000953674316,-42.0,163,65,NE,Global q90,SON,56
-2.4000000953674316,-42.0,163,65,NE,Seasonal q90,DJF,20
-2.4000000953674316,-42.0,163,65,NE,Seasonal q90,MAM,20
-2.4000000953674316,-42.0,163,65,NE,Seasonal q90,JJA,35
-2.4000000953674316,-42.0,163,65,NE,Seasonal q90,SON,25
-2.4000000953674316,-41.79998779296875,163,66,NE,Global q90,DJF,21
-2.4000000953674316,-41.79998779296875,163,66,NE,Global q90,MAM,3
-2.4000000953674316,-41.79998779296875,163,66,NE,Global q90,JJA,14
-2.4000000953674316,-41.79998779296875,163,66,NE,Global q90,SON,56
-2.4000000953674316,-41.79998779296875,163,66,NE,Seasonal q90,DJF,23
-2.4000000953674316,-41.79998779296875,163,66,NE,Seasonal q90,MAM,21
-2.4000000953674316,-41.79998779296875,163,66,NE,Seasonal q90,JJA,30
-2.4000000953674316,-41.79998779296875,163,66,NE,Seasonal q90,SON,24
-2.4000000953674316,-41.600006103515625,163,67,NE,Global q90,DJF,19
-2.4000000953674316,-41.600006103515625,163,67,NE,Global q90,MAM,3
-2.4000000953674316,-41.600006103515625,163,67,NE,Global q90,JJA,14
-2.4000000953674316,-41.600006103515625,163,67,NE,Global q90,SON,51
-2.4000000953674316,-41.600006103515625,163,67,NE,Seasonal q90,DJF,24
-2.4000000953674316,-41.600006103515625,163,67,NE,Seasonal q90,MAM,21
-2.4000000953674316,-41.600006103515625,163,67,NE,Seasonal q90,JJA,29
-2.4000000953674316,-41.600006103515625,163,67,NE,Seasonal q90,SON,21
-2.4000000953674316,-40.79998779296875,163,71,NE,Global q90,DJF,17
-2.4000000953674316,-40.79998779296875,163,71,NE,Global q90,MAM,2
-2.4000000953674316,-40.79998779296875,163,71,NE,Global q90,JJA,11
-2.4000000953674316,-40.79998779296875,163,71,NE,Global q90,SON,46
-2.4000000953674316,-40.79998779296875,163,71,NE,Seasonal q90,DJF,20
-2.4000000953674316,-40.79998779296875,163,71,NE,Seasonal q90,MAM,20
-2.4000000953674316,-40.79998779296875,163,71,NE,Seasonal q90,JJA,24
-2.4000000953674316,-40.79998779296875,163,71,NE,Seasonal q90,SON,23
-2.4000000953674316,-40.600006103515625,163,72,NE,Global q90,DJF,15
-2.4000000953674316,-40.600006103515625,163,72,NE,Global q90,MAM,2
-2.4000000953674316,-40.600006103515625,163,72,NE,Global q90,JJA,14
-2.4000000953674316,-40.600006103515625,163,72,NE,Global q90,SON,45
-2.4000000953674316,-40.600006103515625,163,72,NE,Seasonal q90,DJF,21
-2.4000000953674316,-40.600006103515625,163,72,NE,Seasonal q90,MAM,19
-2.4000000953674316,-40.600006103515625,163,72,NE,Seasonal q90,JJA,23
-2.4000000953674316,-40.600006103515625,163,72,NE,Seasonal q90,SON,23
-2.4000000953674316,-40.399993896484375,163,73,NE,Global q90,DJF,16
-2.4000000953674316,-40.399993896484375,163,73,NE,Global q90,MAM,1
-2.4000000953674316,-40.399993896484375,163,73,NE,Global q90,JJA,14
-2.4000000953674316,-40.399993896484375,163,73,NE,Global q90,SON,47
-2.4000000953674316,-40.399993896484375,163,73,NE,Seasonal q90,DJF,22
-2.4000000953674316,-40.399993896484375,163,73,NE,Seasonal q90,MAM,21
-2.4000000953674316,-40.399993896484375,163,73,NE,Seasonal q90,JJA,22
-2.4000000953674316,-40.399993896484375,163,73,NE,Seasonal q90,SON,22
-2.4000000953674316,-40.20001220703125,163,74,NE,Global q90,DJF,19
-2.4000000953674316,-40.20001220703125,163,74,NE,Global q90,MAM,1
-2.4000000953674316,-40.20001220703125,163,74,NE,Global q90,JJA,16
-2.4000000953674316,-40.20001220703125,163,74,NE,Global q90,SON,44
-2.4000000953674316,-40.20001220703125,163,74,NE,Seasonal q90,DJF,19
-2.4000000953674316,-40.20001220703125,163,74,NE,Seasonal q90,MAM,22
-2.4000000953674316,-40.20001220703125,163,74,NE,Seasonal q90,JJA,28
-2.4000000953674316,-40.20001220703125,163,74,NE,Seasonal q90,SON,21
-2.4000000953674316,-40.0,163,75,NE,Global q90,DJF,19
-2.4000000953674316,-40.0,163,75,NE,Global q90,MAM,3
-2.4000000953674316,-40.0,163,75,NE,Global q90,JJA,19
-2.4000000953674316,-40.0,163,75,NE,Global q90,SON,47
-2.4000000953674316,-40.0,163,75,NE,Seasonal q90,DJF,20
-2.4000000953674316,-40.0,163,75,NE,Seasonal q90,MAM,24
-2.4000000953674316,-40.0,163,75,NE,Seasonal q90,JJA,29
-2.4000000953674316,-40.0,163,75,NE,Seasonal q90,SON,21
-2.200000047683716,-44.20001220703125,164,54,NE,Global q90,DJF,18
-2.200000047683716,-44.20001220703125,164,54,NE,Global q90,MAM,2
-2.200000047683716,-44.20001220703125,164,54,NE,Global q90,JJA,17
-2.200000047683716,-44.20001220703125,164,54,NE,Global q90,SON,50
-2.200000047683716,-44.20001220703125,164,54,NE,Seasonal q90,DJF,25
-2.200000047683716,-44.20001220703125,164,54,NE,Seasonal q90,MAM,21
-2.200000047683716,-44.20001220703125,164,54,NE,Seasonal q90,JJA,31
-2.200000047683716,-44.20001220703125,164,54,NE,Seasonal q90,SON,25
-2.200000047683716,-44.0,164,55,NE,Global q90,DJF,22
-2.200000047683716,-44.0,164,55,NE,Global q90,MAM,4
-2.200000047683716,-44.0,164,55,NE,Global q90,JJA,19
-2.200000047683716,-44.0,164,55,NE,Global q90,SON,48
-2.200000047683716,-44.0,164,55,NE,Seasonal q90,DJF,26
-2.200000047683716,-44.0,164,55,NE,Seasonal q90,MAM,20
-2.200000047683716,-44.0,164,55,NE,Seasonal q90,JJA,30
-2.200000047683716,-44.0,164,55,NE,Seasonal q90,SON,28
-2.200000047683716,-43.79998779296875,164,56,NE,Global q90,DJF,24
-2.200000047683716,-43.79998779296875,164,56,NE,Global q90,MAM,7
-2.200000047683716,-43.79998779296875,164,56,NE,Global q90,JJA,16
-2.200000047683716,-43.79998779296875,164,56,NE,Global q90,SON,48
-2.200000047683716,-43.79998779296875,164,56,NE,Seasonal q90,DJF,25
-2.200000047683716,-43.79998779296875,164,56,NE,Seasonal q90,MAM,21
-2.200000047683716,-43.79998779296875,164,56,NE,Seasonal q90,JJA,33
-2.200000047683716,-43.79998779296875,164,56,NE,Seasonal q90,SON,25
-2.200000047683716,-43.600006103515625,164,57,NE,Global q90,DJF,27
-2.200000047683716,-43.600006103515625,164,57,NE,Global q90,MAM,7
-2.200000047683716,-43.600006103515625,164,57,NE,Global q90,JJA,15
-2.200000047683716,-43.600006103515625,164,57,NE,Global q90,SON,51
-2.200000047683716,-43.600006103515625,164,57,NE,Seasonal q90,DJF,24
-2.200000047683716,-43.600006103515625,164,57,NE,Seasonal q90,MAM,23
-2.200000047683716,-43.600006103515625,164,57,NE,Seasonal q90,JJA,32
-2.200000047683716,-43.600006103515625,164,57,NE,Seasonal q90,SON,25
-2.200000047683716,-43.399993896484375,164,58,NE,Global q90,DJF,27
-2.200000047683716,-43.399993896484375,164,58,NE,Global q90,MAM,9
-2.200000047683716,-43.399993896484375,164,58,NE,Global q90,JJA,11
-2.200000047683716,-43.399993896484375,164,58,NE,Global q90,SON,48
-2.200000047683716,-43.399993896484375,164,58,NE,Seasonal q90,DJF,23
-2.200000047683716,-43.399993896484375,164,58,NE,Seasonal q90,MAM,23
-2.200000047683716,-43.399993896484375,164,58,NE,Seasonal q90,JJA,33
-2.200000047683716,-43.399993896484375,164,58,NE,Seasonal q90,SON,26
-2.200000047683716,-43.20001220703125,164,59,NE,Global q90,DJF,26
-2.200000047683716,-43.20001220703125,164,59,NE,Global q90,MAM,8
-2.200000047683716,-43.20001220703125,164,59,NE,Global q90,JJA,9
-2.200000047683716,-43.20001220703125,164,59,NE,Global q90,SON,50
-2.200000047683716,-43.20001220703125,164,59,NE,Seasonal q90,DJF,21
-2.200000047683716,-43.20001220703125,164,59,NE,Seasonal q90,MAM,23
-2.200000047683716,-43.20001220703125,164,59,NE,Seasonal q90,JJA,31
-2.200000047683716,-43.20001220703125,164,59,NE,Seasonal q90,SON,29
-2.200000047683716,-43.0,164,60,NE,Global q90,DJF,21
-2.200000047683716,-43.0,164,60,NE,Global q90,MAM,2
-2.200000047683716,-43.0,164,60,NE,Global q90,JJA,13
-2.200000047683716,-43.0,164,60,NE,Global q90,SON,50
-2.200000047683716,-43.0,164,60,NE,Seasonal q90,DJF,23
-2.200000047683716,-43.0,164,60,NE,Seasonal q90,MAM,23
-2.200000047683716,-43.0,164,60,NE,Seasonal q90,JJA,31
-2.200000047683716,-43.0,164,60,NE,Seasonal q90,SON,29
-2.200000047683716,-42.79998779296875,164,61,NE,Global q90,DJF,19
-2.200000047683716,-42.79998779296875,164,61,NE,Global q90,MAM,4
-2.200000047683716,-42.79998779296875,164,61,NE,Global q90,JJA,14
-2.200000047683716,-42.79998779296875,164,61,NE,Global q90,SON,56
-2.200000047683716,-42.79998779296875,164,61,NE,Seasonal q90,DJF,24
-2.200000047683716,-42.79998779296875,164,61,NE,Seasonal q90,MAM,26
-2.200000047683716,-42.79998779296875,164,61,NE,Seasonal q90,JJA,29
-2.200000047683716,-42.79998779296875,164,61,NE,Seasonal q90,SON,29
-2.200000047683716,-42.600006103515625,164,62,NE,Global q90,DJF,21
-2.200000047683716,-42.600006103515625,164,62,NE,Global q90,MAM,3
-2.200000047683716,-42.600006103515625,164,62,NE,Global q90,JJA,11
-2.200000047683716,-42.600006103515625,164,62,NE,Global q90,SON,58
-2.200000047683716,-42.600006103515625,164,62,NE,Seasonal q90,DJF,23
-2.200000047683716,-42.600006103515625,164,62,NE,Seasonal q90,MAM,22
-2.200000047683716,-42.600006103515625,164,62,NE,Seasonal q90,JJA,29
-2.200000047683716,-42.600006103515625,164,62,NE,Seasonal q90,SON,27
-2.0,-44.399993896484375,165,53,NE,Global q90,DJF,15
-2.0,-44.399993896484375,165,53,NE,Global q90,MAM,1
-2.0,-44.399993896484375,165,53,NE,Global q90,JJA,25
-2.0,-44.399993896484375,165,53,NE,Global q90,SON,50
-2.0,-44.399993896484375,165,53,NE,Seasonal q90,DJF,23
-2.0,-44.399993896484375,165,53,NE,Seasonal q90,MAM,26
-2.0,-44.399993896484375,165,53,NE,Seasonal q90,JJA,30
-2.0,-44.399993896484375,165,53,NE,Seasonal q90,SON,26
-2.0,-44.20001220703125,165,54,NE,Global q90,DJF,16
-2.0,-44.20001220703125,165,54,NE,Global q90,MAM,2
-2.0,-44.20001220703125,165,54,NE,Global q90,JJA,20
-2.0,-44.20001220703125,165,54,NE,Global q90,SON,48
-2.0,-44.20001220703125,165,54,NE,Seasonal q90,DJF,23
-2.0,-44.20001220703125,165,54,NE,Seasonal q90,MAM,23
-2.0,-44.20001220703125,165,54,NE,Seasonal q90,JJA,32
-2.0,-44.20001220703125,165,54,NE,Seasonal q90,SON,28
-2.0,-44.0,165,55,NE,Global q90,DJF,18
-2.0,-44.0,165,55,NE,Global q90,MAM,4
-2.0,-44.0,165,55,NE,Global q90,JJA,21
-2.0,-44.0,165,55,NE,Global q90,SON,51
-2.0,-44.0,165,55,NE,Seasonal q90,DJF,25
-2.0,-44.0,165,55,NE,Seasonal q90,MAM,22
-2.0,-44.0,165,55,NE,Seasonal q90,JJA,30
-2.0,-44.0,165,55,NE,Seasonal q90,SON,28
-2.0,-43.79998779296875,165,56,NE,Global q90,DJF,21
-2.0,-43.79998779296875,165,56,NE,Global q90,MAM,3
-2.0,-43.79998779296875,165,56,NE,Global q90,JJA,21
-2.0,-43.79998779296875,165,56,NE,Global q90,SON,49
-2.0,-43.79998779296875,165,56,NE,Seasonal q90,DJF,25
-2.0,-43.79998779296875,165,56,NE,Seasonal q90,MAM,25
-2.0,-43.79998779296875,165,56,NE,Seasonal q90,JJA,30
-2.0,-43.79998779296875,165,56,NE,Seasonal q90,SON,26
-2.0,-43.600006103515625,165,57,NE,Global q90,DJF,22
-2.0,-43.600006103515625,165,57,NE,Global q90,MAM,3
-2.0,-43.600006103515625,165,57,NE,Global q90,JJA,19
-2.0,-43.600006103515625,165,57,NE,Global q90,SON,47
-2.0,-43.600006103515625,165,57,NE,Seasonal q90,DJF,23
-2.0,-43.600006103515625,165,57,NE,Seasonal q90,MAM,26
-2.0,-43.600006103515625,165,57,NE,Seasonal q90,JJA,32
-2.0,-43.600006103515625,165,57,NE,Seasonal q90,SON,29
-2.0,-43.399993896484375,165,58,NE,Global q90,DJF,25
-2.0,-43.399993896484375,165,58,NE,Global q90,MAM,5
-2.0,-43.399993896484375,165,58,NE,Global q90,JJA,13
-2.0,-43.399993896484375,165,58,NE,Global q90,SON,49
-2.0,-43.399993896484375,165,58,NE,Seasonal q90,DJF,22
-2.0,-43.399993896484375,165,58,NE,Seasonal q90,MAM,24
-2.0,-43.399993896484375,165,58,NE,Seasonal q90,JJA,32
-2.0,-43.399993896484375,165,58,NE,Seasonal q90,SON,29
-2.0,-43.20001220703125,165,59,NE,Global q90,DJF,21
-2.0,-43.20001220703125,165,59,NE,Global q90,MAM,4
-2.0,-43.20001220703125,165,59,NE,Global q90,JJA,13
-2.0,-43.20001220703125,165,59,NE,Global q90,SON,49
-2.0,-43.20001220703125,165,59,NE,Seasonal q90,DJF,21
-2.0,-43.20001220703125,165,59,NE,Seasonal q90,MAM,26
-2.0,-43.20001220703125,165,59,NE,Seasonal q90,JJA,29
-2.0,-43.20001220703125,165,59,NE,Seasonal q90,SON,32
-2.0,-43.0,165,60,NE,Global q90,DJF,21
-2.0,-43.0,165,60,NE,Global q90,MAM,2
-2.0,-43.0,165,60,NE,Global q90,JJA,12
-2.0,-43.0,165,60,NE,Global q90,SON,54
-2.0,-43.0,165,60,NE,Seasonal q90,DJF,21
-2.0,-43.0,165,60,NE,Seasonal q90,MAM,27
-2.0,-43.0,165,60,NE,Seasonal q90,JJA,29
-2.0,-43.0,165,60,NE,Seasonal q90,SON,32
-1.7999999523162842,-44.399993896484375,166,53,NE,Global q90,DJF,18
-1.7999999523162842,-44.399993896484375,166,53,NE,Global q90,MAM,5
-1.7999999523162842,-44.399993896484375,166,53,NE,Global q90,JJA,24
-1.7999999523162842,-44.399993896484375,166,53,NE,Global q90,SON,49
-1.7999999523162842,-44.399993896484375,166,53,NE,Seasonal q90,DJF,26
-1.7999999523162842,-44.399993896484375,166,53,NE,Seasonal q90,MAM,24
-1.7999999523162842,-44.399993896484375,166,53,NE,Seasonal q90,JJA,30
-1.7999999523162842,-44.399993896484375,166,53,NE,Seasonal q90,SON,26
-1.7999999523162842,-44.20001220703125,166,54,NE,Global q90,DJF,18
-1.7999999523162842,-44.20001220703125,166,54,NE,Global q90,MAM,3
-1.7999999523162842,-44.20001220703125,166,54,NE,Global q90,JJA,22
-1.7999999523162842,-44.20001220703125,166,54,NE,Global q90,SON,47
-1.7999999523162842,-44.20001220703125,166,54,NE,Seasonal q90,DJF,23
-1.7999999523162842,-44.20001220703125,166,54,NE,Seasonal q90,MAM,25
-1.7999999523162842,-44.20001220703125,166,54,NE,Seasonal q90,JJA,31
-1.7999999523162842,-44.20001220703125,166,54,NE,Seasonal q90,SON,28
-1.600000023841858,-44.600006103515625,167,52,NE,Global q90,DJF,23
-1.600000023841858,-44.600006103515625,167,52,NE,Global q90,MAM,9
-1.600000023841858,-44.600006103515625,167,52,NE,Global q90,JJA,22
-1.600000023841858,-44.600006103515625,167,52,NE,Global q90,SON,48
-1.600000023841858,-44.600006103515625,167,52,NE,Seasonal q90,DJF,26
-1.600000023841858,-44.600006103515625,167,52,NE,Seasonal q90,MAM,23
-1.600000023841858,-44.600006103515625,167,52,NE,Seasonal q90,JJA,28
-1.600000023841858,-44.600006103515625,167,52,NE,Seasonal q90,SON,24
-1.600000023841858,-44.399993896484375,167,53,NE,Global q90,DJF,23
-1.600000023841858,-44.399993896484375,167,53,NE,Global q90,MAM,13
-1.600000023841858,-44.399993896484375,167,53,NE,Global q90,JJA,21
-1.600000023841858,-44.399993896484375,167,53,NE,Global q90,SON,46
-1.600000023841858,-44.399993896484375,167,53,NE,Seasonal q90,DJF,25
-1.600000023841858,-44.399993896484375,167,53,NE,Seasonal q90,MAM,20
-1.600000023841858,-44.399993896484375,167,53,NE,Seasonal q90,JJA,29
-1.600000023841858,-44.399993896484375,167,53,NE,Seasonal q90,SON,24
-1.600000023841858,-44.20001220703125,167,54,NE,Global q90,DJF,22
-1.600000023841858,-44.20001220703125,167,54,NE,Global q90,MAM,8
-1.600000023841858,-44.20001220703125,167,54,NE,Global q90,JJA,21
-1.600000023841858,-44.20001220703125,167,54,NE,Global q90,SON,45
-1.600000023841858,-44.20001220703125,167,54,NE,Seasonal q90,DJF,26
-1.600000023841858,-44.20001220703125,167,54,NE,Seasonal q90,MAM,23
-1.600000023841858,-44.20001220703125,167,54,NE,Seasonal q90,JJA,30
-1.600000023841858,-44.20001220703125,167,54,NE,Seasonal q90,SON,27
-1.399999976158142,-48.600006103515625,168,32,N,Global q90,DJF,19
-1.399999976158142,-48.600006103515625,168,32,N,Global q90,MAM,6
-1.399999976158142,-48.600006103515625,168,32,N,Global q90,JJA,9
-1.399999976158142,-48.600006103515625,168,32,N,Global q90,SON,66
-1.399999976158142,-48.600006103515625,168,32,N,Seasonal q90,DJF,24
-1.399999976158142,-48.600006103515625,168,32,N,Seasonal q90,MAM,23
-1.399999976158142,-48.600006103515625,168,32,N,Seasonal q90,JJA,34
-1.399999976158142,-48.600006103515625,168,32,N,Seasonal q90,SON,27
-1.399999976158142,-45.20001220703125,168,49,N,Global q90,DJF,31
-1.399999976158142,-45.20001220703125,168,49,N,Global q90,MAM,14
-1.399999976158142,-45.20001220703125,168,49,N,Global q90,JJA,11
-1.399999976158142,-45.20001220703125,168,49,N,Global q90,SON,39
-1.399999976158142,-45.20001220703125,168,49,N,Seasonal q90,DJF,26
-1.399999976158142,-45.20001220703125,168,49,N,Seasonal q90,MAM,24
-1.399999976158142,-45.20001220703125,168,49,N,Seasonal q90,JJA,24
-1.399999976158142,-45.20001220703125,168,49,N,Seasonal q90,SON,24
-1.399999976158142,-45.0,168,50,N,Global q90,DJF,18
-1.399999976158142,-45.0,168,50,N,Global q90,MAM,6
-1.399999976158142,-45.0,168,50,N,Global q90,JJA,20
-1.399999976158142,-45.0,168,50,N,Global q90,SON,49
-1.399999976158142,-45.0,168,50,N,Seasonal q90,DJF,23
-1.399999976158142,-45.0,168,50,N,Seasonal q90,MAM,23
-1.399999976158142,-45.0,168,50,N,Seasonal q90,JJA,27
-1.399999976158142,-45.0,168,50,N,Seasonal q90,SON,24
-1.399999976158142,-44.79998779296875,168,51,N,Global q90,DJF,27
-1.399999976158142,-44.79998779296875,168,51,N,Global q90,MAM,9
-1.399999976158142,-44.79998779296875,168,51,N,Global q90,JJA,21
-1.399999976158142,-44.79998779296875,168,51,N,Global q90,SON,47
-1.399999976158142,-44.79998779296875,168,51,N,Seasonal q90,DJF,29
-1.399999976158142,-44.79998779296875,168,51,N,Seasonal q90,MAM,20
-1.399999976158142,-44.79998779296875,168,51,N,Seasonal q90,JJA,26
-1.399999976158142,-44.79998779296875,168,51,N,Seasonal q90,SON,24
-1.399999976158142,-44.600006103515625,168,52,N,Global q90,DJF,27
-1.399999976158142,-44.600006103515625,168,52,N,Global q90,MAM,13
-1.399999976158142,-44.600006103515625,168,52,N,Global q90,JJA,18
-1.399999976158142,-44.600006103515625,168,52,N,Global q90,SON,44
-1.399999976158142,-44.600006103515625,168,52,N,Seasonal q90,DJF,26
-1.399999976158142,-44.600006103515625,168,52,N,Seasonal q90,MAM,24
-1.399999976158142,-44.600006103515625,168,52,N,Seasonal q90,JJA,25
-1.399999976158142,-44.600006103515625,168,52,N,Seasonal q90,SON,24
-1.399999976158142,-44.399993896484375,168,53,N,Global q90,DJF,24
-1.399999976158142,-44.399993896484375,168,53,N,Global q90,MAM,13
-1.399999976158142,-44.399993896484375,168,53,N,Global q90,JJA,20
-1.399999976158142,-44.399993896484375,168,53,N,Global q90,SON,47
-1.399999976158142,-44.399993896484375,168,53,N,Seasonal q90,DJF,24
-1.399999976158142,-44.399993896484375,168,53,N,Seasonal q90,MAM,22
-1.399999976158142,-44.399993896484375,168,53,N,Seasonal q90,JJA,28
-1.399999976158142,-44.399993896484375,168,53,N,Seasonal q90,SON,24
-1.2000000476837158,-48.600006103515625,169,32,N,Global q90,DJF,17
-1.2000000476837158,-48.600006103515625,169,32,N,Global q90,MAM,7
-1.2000000476837158,-48.600006103515625,169,32,N,Global q90,JJA,3
-1.2000000476837158,-48.600006103515625,169,32,N,Global q90,SON,58
-1.2000000476837158,-48.600006103515625,169,32,N,Seasonal q90,DJF,19
-1.2000000476837158,-48.600006103515625,169,32,N,Seasonal q90,MAM,24
-1.2000000476837158,-48.600006103515625,169,32,N,Seasonal q90,JJA,36
-1.2000000476837158,-48.600006103515625,169,32,N,Seasonal q90,SON,29
-1.2000000476837158,-45.600006103515625,169,47,N,Global q90,DJF,23
-1.2000000476837158,-45.600006103515625,169,47,N,Global q90,MAM,13
-1.2000000476837158,-45.600006103515625,169,47,N,Global q90,JJA,14
-1.2000000476837158,-45.600006103515625,169,47,N,Global q90,SON,37
-1.2000000476837158,-45.600006103515625,169,47,N,Seasonal q90,DJF,21
-1.2000000476837158,-45.600006103515625,169,47,N,Seasonal q90,MAM,23
-1.2000000476837158,-45.600006103515625,169,47,N,Seasonal q90,JJA,21
-1.2000000476837158,-45.600006103515625,169,47,N,Seasonal q90,SON,19
-1.2000000476837158,-45.399993896484375,169,48,N,Global q90,DJF,27
-1.2000000476837158,-45.399993896484375,169,48,N,Global q90,MAM,15
-1.2000000476837158,-45.399993896484375,169,48,N,Global q90,JJA,14
-1.2000000476837158,-45.399993896484375,169,48,N,Global q90,SON,39
-1.2000000476837158,-45.399993896484375,169,48,N,Seasonal q90,DJF,24
-1.2000000476837158,-45.399993896484375,169,48,N,Seasonal q90,MAM,25
-1.2000000476837158,-45.399993896484375,169,48,N,Seasonal q90,JJA,28
-1.2000000476837158,-45.399993896484375,169,48,N,Seasonal q90,SON,23
-1.2000000476837158,-45.20001220703125,169,49,N,Global q90,DJF,23
-1.2000000476837158,-45.20001220703125,169,49,N,Global q90,MAM,11
-1.2000000476837158,-45.20001220703125,169,49,N,Global q90,JJA,15
-1.2000000476837158,-45.20001220703125,169,49,N,Global q90,SON,42
-1.2000000476837158,-45.20001220703125,169,49,N,Seasonal q90,DJF,23
-1.2000000476837158,-45.20001220703125,169,49,N,Seasonal q90,MAM,24
-1.2000000476837158,-45.20001220703125,169,49,N,Seasonal q90,JJA,26
-1.2000000476837158,-45.20001220703125,169,49,N,Seasonal q90,SON,23
-1.2000000476837158,-45.0,169,50,N,Global q90,DJF,19
-1.2000000476837158,-45.0,169,50,N,Global q90,MAM,10
-1.2000000476837158,-45.0,169,50,N,Global q90,JJA,18
-1.2000000476837158,-45.0,169,50,N,Global q90,SON,44
-1.2000000476837158,-45.0,169,50,N,Seasonal q90,DJF,23
-1.2000000476837158,-45.0,169,50,N,Seasonal q90,MAM,24
-1.2000000476837158,-45.0,169,50,N,Seasonal q90,JJA,24
-1.2000000476837158,-45.0,169,50,N,Seasonal q90,SON,23
-1.2000000476837158,-44.79998779296875,169,51,N,Global q90,DJF,16
-1.2000000476837158,-44.79998779296875,169,51,N,Global q90,MAM,9
-1.2000000476837158,-44.79998779296875,169,51,N,Global q90,JJA,20
-1.2000000476837158,-44.79998779296875,169,51,N,Global q90,SON,48
-1.2000000476837158,-44.79998779296875,169,51,N,Seasonal q90,DJF,23
-1.2000000476837158,-44.79998779296875,169,51,N,Seasonal q90,MAM,23
-1.2000000476837158,-44.79998779296875,169,51,N,Seasonal q90,JJA,27
-1.2000000476837158,-44.79998779296875,169,51,N,Seasonal q90,SON,24
-1.2000000476837158,-44.600006103515625,169,52,N,Global q90,DJF,18
-1.2000000476837158,-44.600006103515625,169,52,N,Global q90,MAM,9
-1.2000000476837158,-44.600006103515625,169,52,N,Global q90,JJA,23
-1.2000000476837158,-44.600006103515625,169,52,N,Global q90,SON,48
-1.2000000476837158,-44.600006103515625,169,52,N,Seasonal q90,DJF,24
-1.2000000476837158,-44.600006103515625,169,52,N,Seasonal q90,MAM,24
-1.2000000476837158,-44.600006103515625,169,52,N,Seasonal q90,JJA,28
-1.2000000476837158,-44.600006103515625,169,52,N,Seasonal q90,SON,24
-1.0,-48.399993896484375,170,33,N,Global q90,DJF,21
-1.0,-48.399993896484375,170,33,N,Global q90,MAM,6
-1.0,-48.399993896484375,170,33,N,Global q90,JJA,3
-1.0,-48.399993896484375,170,33,N,Global q90,SON,59
-1.0,-48.399993896484375,170,33,N,Seasonal q90,DJF,22
-1.0,-48.399993896484375,170,33,N,Seasonal q90,MAM,24
-1.0,-48.399993896484375,170,33,N,Seasonal q90,JJA,32
-1.0,-48.399993896484375,170,33,N,Seasonal q90,SON,19
-1.0,-46.0,170,45,N,Global q90,DJF,24
-1.0,-46.0,170,45,N,Global q90,MAM,17
-1.0,-46.0,170,45,N,Global q90,JJA,17
-1.0,-46.0,170,45,N,Global q90,SON,40
-1.0,-46.0,170,45,N,Seasonal q90,DJF,26
-1.0,-46.0,170,45,N,Seasonal q90,MAM,24
-1.0,-46.0,170,45,N,Seasonal q90,JJA,30
-1.0,-46.0,170,45,N,Seasonal q90,SON,22
-1.0,-45.79998779296875,170,46,N,Global q90,DJF,30
-1.0,-45.79998779296875,170,46,N,Global q90,MAM,19
-1.0,-45.79998779296875,170,46,N,Global q90,JJA,15
-1.0,-45.79998779296875,170,46,N,Global q90,SON,36
-1.0,-45.79998779296875,170,46,N,Seasonal q90,DJF,25
-1.0,-45.79998779296875,170,46,N,Seasonal q90,MAM,25
-1.0,-45.79998779296875,170,46,N,Seasonal q90,JJA,26
-1.0,-45.79998779296875,170,46,N,Seasonal q90,SON,24
-1.0,-45.600006103515625,170,47,N,Global q90,DJF,22
-1.0,-45.600006103515625,170,47,N,Global q90,MAM,17
-1.0,-45.600006103515625,170,47,N,Global q90,JJA,16
-1.0,-45.600006103515625,170,47,N,Global q90,SON,42
-1.0,-45.600006103515625,170,47,N,Seasonal q90,DJF,22
-1.0,-45.600006103515625,170,47,N,Seasonal q90,MAM,29
-1.0,-45.600006103515625,170,47,N,Seasonal q90,JJA,24
-1.0,-45.600006103515625,170,47,N,Seasonal q90,SON,23
-1.0,-45.399993896484375,170,48,N,Global q90,DJF,23
-1.0,-45.399993896484375,170,48,N,Global q90,MAM,15
-1.0,-45.399993896484375,170,48,N,Global q90,JJA,17
-1.0,-45.399993896484375,170,48,N,Global q90,SON,37
-1.0,-45.399993896484375,170,48,N,Seasonal q90,DJF,23
-1.0,-45.399993896484375,170,48,N,Seasonal q90,MAM,27
-1.0,-45.399993896484375,170,48,N,Seasonal q90,JJA,27
-1.0,-45.399993896484375,170,48,N,Seasonal q90,SON,21
-1.0,-45.20001220703125,170,49,N,Global q90,DJF,21
-1.0,-45.20001220703125,170,49,N,Global q90,MAM,10
-1.0,-45.20001220703125,170,49,N,Global q90,JJA,18
-1.0,-45.20001220703125,170,49,N,Global q90,SON,42
-1.0,-45.20001220703125,170,49,N,Seasonal q90,DJF,23
-1.0,-45.20001220703125,170,49,N,Seasonal q90,MAM,23
-1.0,-45.20001220703125,170,49,N,Seasonal q90,JJA,26
-1.0,-45.20001220703125,170,49,N,Seasonal q90,SON,23
-1.0,-45.0,170,50,N,Global q90,DJF,18
-1.0,-45.0,170,50,N,Global q90,MAM,11
-1.0,-45.0,170,50,N,Global q90,JJA,20
-1.0,-45.0,170,50,N,Global q90,SON,45
-1.0,-45.0,170,50,N,Seasonal q90,DJF,25
-1.0,-45.0,170,50,N,Seasonal q90,MAM,24
-1.0,-45.0,170,50,N,Seasonal q90,JJA,27
-1.0,-45.0,170,50,N,Seasonal q90,SON,24
-1.0,-44.79998779296875,170,51,N,Global q90,DJF,19
-1.0,-44.79998779296875,170,51,N,Global q90,MAM,11
-1.0,-44.79998779296875,170,51,N,Global q90,JJA,22
-1.0,-44.79998779296875,170,51,N,Global q90,SON,48
-1.0,-44.79998779296875,170,51,N,Seasonal q90,DJF,22
-1.0,-44.79998779296875,170,51,N,Seasonal q90,MAM,21
-1.0,-44.79998779296875,170,51,N,Seasonal q90,JJA,27
-1.0,-44.79998779296875,170,51,N,Seasonal q90,SON,26
-1.0,-44.600006103515625,170,52,N,Global q90,DJF,17
-1.0,-44.600006103515625,170,52,N,Global q90,MAM,8
-1.0,-44.600006103515625,170,52,N,Global q90,JJA,22
-1.0,-44.600006103515625,170,52,N,Global q90,SON,47
-1.0,-44.600006103515625,170,52,N,Seasonal q90,DJF,26
-1.0,-44.600006103515625,170,52,N,Seasonal q90,MAM,23
-1.0,-44.600006103515625,170,52,N,Seasonal q90,JJA,27
-1.0,-44.600006103515625,170,52,N,Seasonal q90,SON,23
-0.800000011920929,-48.399993896484375,171,33,N,Global q90,DJF,20
-0.800000011920929,-48.399993896484375,171,33,N,Global q90,MAM,4
-0.800000011920929,-48.399993896484375,171,33,N,Global q90,JJA,8
-0.800000011920929,-48.399993896484375,171,33,N,Global q90,SON,54
-0.800000011920929,-48.399993896484375,171,33,N,Seasonal q90,DJF,23
-0.800000011920929,-48.399993896484375,171,33,N,Seasonal q90,MAM,26
-0.800000011920929,-48.399993896484375,171,33,N,Seasonal q90,JJA,28
-0.800000011920929,-48.399993896484375,171,33,N,Seasonal q90,SON,23
-0.800000011920929,-48.20001220703125,171,34,N,Global q90,DJF,24
-0.800000011920929,-48.20001220703125,171,34,N,Global q90,MAM,6
-0.800000011920929,-48.20001220703125,171,34,N,Global q90,JJA,3
-0.800000011920929,-48.20001220703125,171,34,N,Global q90,SON,51
-0.800000011920929,-48.20001220703125,171,34,N,Seasonal q90,DJF,25
-0.800000011920929,-48.20001220703125,171,34,N,Seasonal q90,MAM,23
-0.800000011920929,-48.20001220703125,171,34,N,Seasonal q90,JJA,26
-0.800000011920929,-48.20001220703125,171,34,N,Seasonal q90,SON,23
-0.800000011920929,-46.600006103515625,171,42,N,Global q90,DJF,36
-0.800000011920929,-46.600006103515625,171,42,N,Global q90,MAM,22
-0.800000011920929,-46.600006103515625,171,42,N,Global q90,JJA,14
-0.800000011920929,-46.600006103515625,171,42,N,Global q90,SON,32
-0.800000011920929,-46.600006103515625,171,42,N,Seasonal q90,DJF,26
-0.800000011920929,-46.600006103515625,171,42,N,Seasonal q90,MAM,24
-0.800000011920929,-46.600006103515625,171,42,N,Seasonal q90,JJA,28
-0.800000011920929,-46.600006103515625,171,42,N,Seasonal q90,SON,22
-0.800000011920929,-46.399993896484375,171,43,N,Global q90,DJF,36
-0.800000011920929,-46.399993896484375,171,43,N,Global q90,MAM,23
-0.800000011920929,-46.399993896484375,171,43,N,Global q90,JJA,9
-0.800000011920929,-46.399993896484375,171,43,N,Global q90,SON,27
-0.800000011920929,-46.399993896484375,171,43,N,Seasonal q90,DJF,25
-0.800000011920929,-46.399993896484375,171,43,N,Seasonal q90,MAM,25
-0.800000011920929,-46.399993896484375,171,43,N,Seasonal q90,JJA,30
-0.800000011920929,-46.399993896484375,171,43,N,Seasonal q90,SON,19
-0.800000011920929,-46.20001220703125,171,44,N,Global q90,DJF,32
-0.800000011920929,-46.20001220703125,171,44,N,Global q90,MAM,20
-0.800000011920929,-46.20001220703125,171,44,N,Global q90,JJA,12
-0.800000011920929,-46.20001220703125,171,44,N,Global q90,SON,34
-0.800000011920929,-46.20001220703125,171,44,N,Seasonal q90,DJF,27
-0.800000011920929,-46.20001220703125,171,44,N,Seasonal q90,MAM,28
-0.800000011920929,-46.20001220703125,171,44,N,Seasonal q90,JJA,30
-0.800000011920929,-46.20001220703125,171,44,N,Seasonal q90,SON,22
-0.800000011920929,-46.0,171,45,N,Global q90,DJF,26
-0.800000011920929,-46.0,171,45,N,Global q90,MAM,20
-0.800000011920929,-46.0,171,45,N,Global q90,JJA,15
-0.800000011920929,-46.0,171,45,N,Global q90,SON,35
-0.800000011920929,-46.0,171,45,N,Seasonal q90,DJF,27
-0.800000011920929,-46.0,171,45,N,Seasonal q90,MAM,26
-0.800000011920929,-46.0,171,45,N,Seasonal q90,JJA,29
-0.800000011920929,-46.0,171,45,N,Seasonal q90,SON,20
-0.800000011920929,-45.79998779296875,171,46,N,Global q90,DJF,28
-0.800000011920929,-45.79998779296875,171,46,N,Global q90,MAM,21
-0.800000011920929,-45.79998779296875,171,46,N,Global q90,JJA,13
-0.800000011920929,-45.79998779296875,171,46,N,Global q90,SON,33
-0.800000011920929,-45.79998779296875,171,46,N,Seasonal q90,DJF,23
-0.800000011920929,-45.79998779296875,171,46,N,Seasonal q90,MAM,28
-0.800000011920929,-45.79998779296875,171,46,N,Seasonal q90,JJA,26
-0.800000011920929,-45.79998779296875,171,46,N,Seasonal q90,SON,19
-0.800000011920929,-45.600006103515625,171,47,N,Global q90,DJF,31
-0.800000011920929,-45.600006103515625,171,47,N,Global q90,MAM,21
-0.800000011920929,-45.600006103515625,171,47,N,Global q90,JJA,14
-0.800000011920929,-45.600006103515625,171,47,N,Global q90,SON,30
-0.800000011920929,-45.600006103515625,171,47,N,Seasonal q90,DJF,21
-0.800000011920929,-45.600006103515625,171,47,N,Seasonal q90,MAM,28
-0.800000011920929,-45.600006103515625,171,47,N,Seasonal q90,JJA,22
-0.800000011920929,-45.600006103515625,171,47,N,Seasonal q90,SON,19
-0.800000011920929,-45.399993896484375,171,48,N,Global q90,DJF,30
-0.800000011920929,-45.399993896484375,171,48,N,Global q90,MAM,20
-0.800000011920929,-45.399993896484375,171,48,N,Global q90,JJA,11
-0.800000011920929,-45.399993896484375,171,48,N,Global q90,SON,29
-0.800000011920929,-45.399993896484375,171,48,N,Seasonal q90,DJF,22
-0.800000011920929,-45.399993896484375,171,48,N,Seasonal q90,MAM,29
-0.800000011920929,-45.399993896484375,171,48,N,Seasonal q90,JJA,25
-0.800000011920929,-45.399993896484375,171,48,N,Seasonal q90,SON,18
-0.6000000238418579,-48.399993896484375,172,33,N,Global q90,DJF,19
-0.6000000238418579,-48.399993896484375,172,33,N,Global q90,MAM,4
-0.6000000238418579,-48.399993896484375,172,33,N,Global q90,JJA,15
-0.6000000238418579,-48.399993896484375,172,33,N,Global q90,SON,52
-0.6000000238418579,-48.399993896484375,172,33,N,Seasonal q90,DJF,28
-0.6000000238418579,-48.399993896484375,172,33,N,Seasonal q90,MAM,27
-0.6000000238418579,-48.399993896484375,172,33,N,Seasonal q90,JJA,27
-0.6000000238418579,-48.399993896484375,172,33,N,Seasonal q90,SON,22
-0.6000000238418579,-48.20001220703125,172,34,N,Global q90,DJF,24
-0.6000000238418579,-48.20001220703125,172,34,N,Global q90,MAM,8
-0.6000000238418579,-48.20001220703125,172,34,N,Global q90,JJA,9
-0.6000000238418579,-48.20001220703125,172,34,N,Global q90,SON,45
-0.6000000238418579,-48.20001220703125,172,34,N,Seasonal q90,DJF,29
-0.6000000238418579,-48.20001220703125,172,34,N,Seasonal q90,MAM,23
-0.6000000238418579,-48.20001220703125,172,34,N,Seasonal q90,JJA,27
-0.6000000238418579,-48.20001220703125,172,34,N,Seasonal q90,SON,22
-0.6000000238418579,-48.0,172,35,N,Global q90,DJF,31
-0.6000000238418579,-48.0,172,35,N,Global q90,MAM,16
-0.6000000238418579,-48.0,172,35,N,Global q90,JJA,6
-0.6000000238418579,-48.0,172,35,N,Global q90,SON,36
-0.6000000238418579,-48.0,172,35,N,Seasonal q90,DJF,25
-0.6000000238418579,-48.0,172,35,N,Seasonal q90,MAM,23
-0.6000000238418579,-48.0,172,35,N,Seasonal q90,JJA,31
-0.6000000238418579,-48.0,172,35,N,Seasonal q90,SON,25
-0.6000000238418579,-47.20001220703125,172,39,N,Global q90,DJF,37
-0.6000000238418579,-47.20001220703125,172,39,N,Global q90,MAM,24
-0.6000000238418579,-47.20001220703125,172,39,N,Global q90,JJA,8
-0.6000000238418579,-47.20001220703125,172,39,N,Global q90,SON,23
-0.6000000238418579,-47.20001220703125,172,39,N,Seasonal q90,DJF,22
-0.6000000238418579,-47.20001220703125,172,39,N,Seasonal q90,MAM,23
-0.6000000238418579,-47.20001220703125,172,39,N,Seasonal q90,JJA,30
-0.6000000238418579,-47.20001220703125,172,39,N,Seasonal q90,SON,17
-0.6000000238418579,-47.0,172,40,N,Global q90,DJF,39
-0.6000000238418579,-47.0,172,40,N,Global q90,MAM,24
-0.6000000238418579,-47.0,172,40,N,Global q90,JJA,6
-0.6000000238418579,-47.0,172,40,N,Global q90,SON,19
-0.6000000238418579,-47.0,172,40,N,Seasonal q90,DJF,22
-0.6000000238418579,-47.0,172,40,N,Seasonal q90,MAM,23
-0.6000000238418579,-47.0,172,40,N,Seasonal q90,JJA,27
-0.6000000238418579,-47.0,172,40,N,Seasonal q90,SON,16
-0.6000000238418579,-46.79998779296875,172,41,N,Global q90,DJF,39
-0.6000000238418579,-46.79998779296875,172,41,N,Global q90,MAM,24
-0.6000000238418579,-46.79998779296875,172,41,N,Global q90,JJA,6
-0.6000000238418579,-46.79998779296875,172,41,N,Global q90,SON,20
-0.6000000238418579,-46.79998779296875,172,41,N,Seasonal q90,DJF,22
-0.6000000238418579,-46.79998779296875,172,41,N,Seasonal q90,MAM,24
-0.6000000238418579,-46.79998779296875,172,41,N,Seasonal q90,JJA,28
-0.6000000238418579,-46.79998779296875,172,41,N,Seasonal q90,SON,16
-0.6000000238418579,-46.600006103515625,172,42,N,Global q90,DJF,40
-0.6000000238418579,-46.600006103515625,172,42,N,Global q90,MAM,26
-0.6000000238418579,-46.600006103515625,172,42,N,Global q90,JJA,9
-0.6000000238418579,-46.600006103515625,172,42,N,Global q90,SON,28
-0.6000000238418579,-46.600006103515625,172,42,N,Seasonal q90,DJF,24
-0.6000000238418579,-46.600006103515625,172,42,N,Seasonal q90,MAM,24
-0.6000000238418579,-46.600006103515625,172,42,N,Seasonal q90,JJA,27
-0.6000000238418579,-46.600006103515625,172,42,N,Seasonal q90,SON,19
-0.6000000238418579,-46.399993896484375,172,43,N,Global q90,DJF,31
-0.6000000238418579,-46.399993896484375,172,43,N,Global q90,MAM,24
-0.6000000238418579,-46.399993896484375,172,43,N,Global q90,JJA,10
-0.6000000238418579,-46.399993896484375,172,43,N,Global q90,SON,29
-0.6000000238418579,-46.399993896484375,172,43,N,Seasonal q90,DJF,25
-0.6000000238418579,-46.399993896484375,172,43,N,Seasonal q90,MAM,26
-0.6000000238418579,-46.399993896484375,172,43,N,Seasonal q90,JJA,28
-0.6000000238418579,-46.399993896484375,172,43,N,Seasonal q90,SON,20
-0.6000000238418579,-46.20001220703125,172,44,N,Global q90,DJF,33
-0.6000000238418579,-46.20001220703125,172,44,N,Global q90,MAM,21
-0.6000000238418579,-46.20001220703125,172,44,N,Global q90,JJA,14
-0.6000000238418579,-46.20001220703125,172,44,N,Global q90,SON,34
-0.6000000238418579,-46.20001220703125,172,44,N,Seasonal q90,DJF,25
-0.6000000238418579,-46.20001220703125,172,44,N,Seasonal q90,MAM,26
-0.6000000238418579,-46.20001220703125,172,44,N,Seasonal q90,JJA,30
-0.6000000238418579,-46.20001220703125,172,44,N,Seasonal q90,SON,21
-0.6000000238418579,-46.0,172,45,N,Global q90,DJF,30
-0.6000000238418579,-46.0,172,45,N,Global q90,MAM,19
-0.6000000238418579,-46.0,172,45,N,Global q90,JJA,16
-0.6000000238418579,-46.0,172,45,N,Global q90,SON,39
-0.6000000238418579,-46.0,172,45,N,Seasonal q90,DJF,25
-0.6000000238418579,-46.0,172,45,N,Seasonal q90,MAM,25
-0.6000000238418579,-46.0,172,45,N,Seasonal q90,JJA,26
-0.6000000238418579,-46.0,172,45,N,Seasonal q90,SON,19
-0.4000000059604645,-48.20001220703125,173,34,N,Global q90,DJF,30
-0.4000000059604645,-48.20001220703125,173,34,N,Global q90,MAM,14
-0.4000000059604645,-48.20001220703125,173,34,N,Global q90,JJA,16
-0.4000000059604645,-48.20001220703125,173,34,N,Global q90,SON,42
-0.4000000059604645,-48.20001220703125,173,34,N,Seasonal q90,DJF,28
-0.4000000059604645,-48.20001220703125,173,34,N,Seasonal q90,MAM,26
-0.4000000059604645,-48.20001220703125,173,34,N,Seasonal q90,JJA,30
-0.4000000059604645,-48.20001220703125,173,34,N,Seasonal q90,SON,25
-0.4000000059604645,-48.0,173,35,N,Global q90,DJF,31
-0.4000000059604645,-48.0,173,35,N,Global q90,MAM,23
-0.4000000059604645,-48.0,173,35,N,Global q90,JJA,14
-0.4000000059604645,-48.0,173,35,N,Global q90,SON,31
-0.4000000059604645,-48.0,173,35,N,Seasonal q90,DJF,28
-0.4000000059604645,-48.0,173,35,N,Seasonal q90,MAM,24
-0.4000000059604645,-48.0,173,35,N,Seasonal q90,JJA,35
-0.4000000059604645,-48.0,173,35,N,Seasonal q90,SON,21
-0.4000000059604645,-47.79998779296875,173,36,N,Global q90,DJF,41
-0.4000000059604645,-47.79998779296875,173,36,N,Global q90,MAM,26
-0.4000000059604645,-47.79998779296875,173,36,N,Global q90,JJA,5
-0.4000000059604645,-47.79998779296875,173,36,N,Global q90,SON,27
-0.4000000059604645,-47.79998779296875,173,36,N,Seasonal q90,DJF,25
-0.4000000059604645,-47.79998779296875,173,36,N,Seasonal q90,MAM,23
-0.4000000059604645,-47.79998779296875,173,36,N,Seasonal q90,JJA,34
-0.4000000059604645,-47.79998779296875,173,36,N,Seasonal q90,SON,20
-0.4000000059604645,-47.600006103515625,173,37,N,Global q90,DJF,39
-0.4000000059604645,-47.600006103515625,173,37,N,Global q90,MAM,25
-0.4000000059604645,-47.600006103515625,173,37,N,Global q90,JJA,3
-0.4000000059604645,-47.600006103515625,173,37,N,Global q90,SON,20
-0.4000000059604645,-47.600006103515625,173,37,N,Seasonal q90,DJF,22
-0.4000000059604645,-47.600006103515625,173,37,N,Seasonal q90,MAM,25
-0.4000000059604645,-47.600006103515625,173,37,N,Seasonal q90,JJA,28
-0.4000000059604645,-47.600006103515625,173,37,N,Seasonal q90,SON,18
-0.4000000059604645,-47.399993896484375,173,38,N,Global q90,DJF,41
-0.4000000059604645,-47.399993896484375,173,38,N,Global q90,MAM,24
-0.4000000059604645,-47.399993896484375,173,38,N,Global q90,JJA,2
-0.4000000059604645,-47.399993896484375,173,38,N,Global q90,SON,17
-0.4000000059604645,-47.399993896484375,173,38,N,Seasonal q90,DJF,21
-0.4000000059604645,-47.399993896484375,173,38,N,Seasonal q90,MAM,20
-0.4000000059604645,-47.399993896484375,173,38,N,Seasonal q90,JJA,27
-0.4000000059604645,-47.399993896484375,173,38,N,Seasonal q90,SON,17
-0.4000000059604645,-47.20001220703125,173,39,N,Global q90,DJF,37
-0.4000000059604645,-47.20001220703125,173,39,N,Global q90,MAM,24
-0.4000000059604645,-47.20001220703125,173,39,N,Global q90,JJA,4
-0.4000000059604645,-47.20001220703125,173,39,N,Global q90,SON,15
-0.4000000059604645,-47.20001220703125,173,39,N,Seasonal q90,DJF,20
-0.4000000059604645,-47.20001220703125,173,39,N,Seasonal q90,MAM,21
-0.4000000059604645,-47.20001220703125,173,39,N,Seasonal q90,JJA,27
-0.4000000059604645,-47.20001220703125,173,39,N,Seasonal q90,SON,17
-0.4000000059604645,-47.0,173,40,N,Global q90,DJF,41
-0.4000000059604645,-47.0,173,40,N,Global q90,MAM,25
-0.4000000059604645,-47.0,173,40,N,Global q90,JJA,4
-0.4000000059604645,-47.0,173,40,N,Global q90,SON,15
-0.4000000059604645,-47.0,173,40,N,Seasonal q90,DJF,20
-0.4000000059604645,-47.0,173,40,N,Seasonal q90,MAM,23
-0.4000000059604645,-47.0,173,40,N,Seasonal q90,JJA,27
-0.4000000059604645,-47.0,173,40,N,Seasonal q90,SON,17
-0.4000000059604645,-46.79998779296875,173,41,N,Global q90,DJF,41
-0.4000000059604645,-46.79998779296875,173,41,N,Global q90,MAM,29
-0.4000000059604645,-46.79998779296875,173,41,N,Global q90,JJA,6
-0.4000000059604645,-46.79998779296875,173,41,N,Global q90,SON,19
-0.4000000059604645,-46.79998779296875,173,41,N,Seasonal q90,DJF,22
-0.4000000059604645,-46.79998779296875,173,41,N,Seasonal q90,MAM,24
-0.4000000059604645,-46.79998779296875,173,41,N,Seasonal q90,JJA,26
-0.4000000059604645,-46.79998779296875,173,41,N,Seasonal q90,SON,17
-0.4000000059604645,-46.600006103515625,173,42,N,Global q90,DJF,40
-0.4000000059604645,-46.600006103515625,173,42,N,Global q90,MAM,29
-0.4000000059604645,-46.600006103515625,173,42,N,Global q90,JJA,8
-0.4000000059604645,-46.600006103515625,173,42,N,Global q90,SON,20
-0.4000000059604645,-46.600006103515625,173,42,N,Seasonal q90,DJF,21
-0.4000000059604645,-46.600006103515625,173,42,N,Seasonal q90,MAM,25
-0.4000000059604645,-46.600006103515625,173,42,N,Seasonal q90,JJA,29
-0.4000000059604645,-46.600006103515625,173,42,N,Seasonal q90,SON,19
-0.20000000298023224,-49.600006103515625,174,27,N,Global q90,DJF,18
-0.20000000298023224,-49.600006103515625,174,27,N,Global q90,MAM,4
-0.20000000298023224,-49.600006103515625,174,27,N,Global q90,JJA,14
-0.20000000298023224,-49.600006103515625,174,27,N,Global q90,SON,70
-0.20000000298023224,-49.600006103515625,174,27,N,Seasonal q90,DJF,24
-0.20000000298023224,-49.600006103515625,174,27,N,Seasonal q90,MAM,26
-0.20000000298023224,-49.600006103515625,174,27,N,Seasonal q90,JJA,36
-0.20000000298023224,-49.600006103515625,174,27,N,Seasonal q90,SON,32
-0.20000000298023224,-48.399993896484375,174,33,N,Global q90,DJF,28
-0.20000000298023224,-48.399993896484375,174,33,N,Global q90,MAM,19
-0.20000000298023224,-48.399993896484375,174,33,N,Global q90,JJA,16
-0.20000000298023224,-48.399993896484375,174,33,N,Global q90,SON,36
-0.20000000298023224,-48.399993896484375,174,33,N,Seasonal q90,DJF,29
-0.20000000298023224,-48.399993896484375,174,33,N,Seasonal q90,MAM,27
-0.20000000298023224,-48.399993896484375,174,33,N,Seasonal q90,JJA,27
-0.20000000298023224,-48.399993896484375,174,33,N,Seasonal q90,SON,23
-0.20000000298023224,-48.20001220703125,174,34,N,Global q90,DJF,34
-0.20000000298023224,-48.20001220703125,174,34,N,Global q90,MAM,25
-0.20000000298023224,-48.20001220703125,174,34,N,Global q90,JJA,13
-0.20000000298023224,-48.20001220703125,174,34,N,Global q90,SON,35
-0.20000000298023224,-48.20001220703125,174,34,N,Seasonal q90,DJF,25
-0.20000000298023224,-48.20001220703125,174,34,N,Seasonal q90,MAM,29
-0.20000000298023224,-48.20001220703125,174,34,N,Seasonal q90,JJA,32
-0.20000000298023224,-48.20001220703125,174,34,N,Seasonal q90,SON,22
-0.20000000298023224,-48.0,174,35,N,Global q90,DJF,33
-0.20000000298023224,-48.0,174,35,N,Global q90,MAM,23
-0.20000000298023224,-48.0,174,35,N,Global q90,JJA,8
-0.20000000298023224,-48.0,174,35,N,Global q90,SON,25
-0.20000000298023224,-48.0,174,35,N,Seasonal q90,DJF,24
-0.20000000298023224,-48.0,174,35,N,Seasonal q90,MAM,23
-0.20000000298023224,-48.0,174,35,N,Seasonal q90,JJA,34
-0.20000000298023224,-48.0,174,35,N,Seasonal q90,SON,23
-0.20000000298023224,-47.79998779296875,174,36,N,Global q90,DJF,37
-0.20000000298023224,-47.79998779296875,174,36,N,Global q90,MAM,25
-0.20000000298023224,-47.79998779296875,174,36,N,Global q90,JJA,6
-0.20000000298023224,-47.79998779296875,174,36,N,Global q90,SON,22
-0.20000000298023224,-47.79998779296875,174,36,N,Seasonal q90,DJF,21
-0.20000000298023224,-47.79998779296875,174,36,N,Seasonal q90,MAM,26
-0.20000000298023224,-47.79998779296875,174,36,N,Seasonal q90,JJA,30
-0.20000000298023224,-47.79998779296875,174,36,N,Seasonal q90,SON,20
-0.20000000298023224,-47.600006103515625,174,37,N,Global q90,DJF,38
-0.20000000298023224,-47.600006103515625,174,37,N,Global q90,MAM,24
-0.20000000298023224,-47.600006103515625,174,37,N,Global q90,JJA,3
-0.20000000298023224,-47.600006103515625,174,37,N,Global q90,SON,21
-0.20000000298023224,-47.600006103515625,174,37,N,Seasonal q90,DJF,21
-0.20000000298023224,-47.600006103515625,174,37,N,Seasonal q90,MAM,22
-0.20000000298023224,-47.600006103515625,174,37,N,Seasonal q90,JJA,27
-0.20000000298023224,-47.600006103515625,174,37,N,Seasonal q90,SON,18
-0.20000000298023224,-47.399993896484375,174,38,N,Global q90,DJF,39
-0.20000000298023224,-47.399993896484375,174,38,N,Global q90,MAM,24
-0.20000000298023224,-47.399993896484375,174,38,N,Global q90,JJA,4
-0.20000000298023224,-47.399993896484375,174,38,N,Global q90,SON,16
-0.20000000298023224,-47.399993896484375,174,38,N,Seasonal q90,DJF,19
-0.20000000298023224,-47.399993896484375,174,38,N,Seasonal q90,MAM,19
-0.20000000298023224,-47.399993896484375,174,38,N,Seasonal q90,JJA,26
-0.20000000298023224,-47.399993896484375,174,38,N,Seasonal q90,SON,18
-0.20000000298023224,-47.20001220703125,174,39,N,Global q90,DJF,39
-0.20000000298023224,-47.20001220703125,174,39,N,Global q90,MAM,24
-0.20000000298023224,-47.20001220703125,174,39,N,Global q90,JJA,4
-0.20000000298023224,-47.20001220703125,174,39,N,Global q90,SON,15
-0.20000000298023224,-47.20001220703125,174,39,N,Seasonal q90,DJF,19
-0.20000000298023224,-47.20001220703125,174,39,N,Seasonal q90,MAM,19
-0.20000000298023224,-47.20001220703125,174,39,N,Seasonal q90,JJA,27
-0.20000000298023224,-47.20001220703125,174,39,N,Seasonal q90,SON,18
-7.411293800885232e-13,-50.399993896484375,175,23,N,Global q90,DJF,32
-7.411293800885232e-13,-50.399993896484375,175,23,N,Global q90,MAM,11
-7.411293800885232e-13,-50.399993896484375,175,23,N,Global q90,JJA,7
-7.411293800885232e-13,-50.399993896484375,175,23,N,Global q90,SON,77
-7.411293800885232e-13,-50.399993896484375,175,23,N,Seasonal q90,DJF,25
-7.411293800885232e-13,-50.399993896484375,175,23,N,Seasonal q90,MAM,29
-7.411293800885232e-13,-50.399993896484375,175,23,N,Seasonal q90,JJA,37
-7.411293800885232e-13,-50.399993896484375,175,23,N,Seasonal q90,SON,31
-7.411293800885232e-13,-50.20001220703125,175,24,N,Global q90,DJF,27
-7.411293800885232e-13,-50.20001220703125,175,24,N,Global q90,MAM,7
-7.411293800885232e-13,-50.20001220703125,175,24,N,Global q90,JJA,10
-7.411293800885232e-13,-50.20001220703125,175,24,N,Global q90,SON,70
-7.411293800885232e-13,-50.20001220703125,175,24,N,Seasonal q90,DJF,30
-7.411293800885232e-13,-50.20001220703125,175,24,N,Seasonal q90,MAM,30
-7.411293800885232e-13,-50.20001220703125,175,24,N,Seasonal q90,JJA,30
-7.411293800885232e-13,-50.20001220703125,175,24,N,Seasonal q90,SON,36
-7.411293800885232e-13,-50.0,175,25,N,Global q90,DJF,23
-7.411293800885232e-13,-50.0,175,25,N,Global q90,MAM,4
-7.411293800885232e-13,-50.0,175,25,N,Global q90,JJA,11
-7.411293800885232e-13,-50.0,175,25,N,Global q90,SON,62
-7.411293800885232e-13,-50.0,175,25,N,Seasonal q90,DJF,30
-7.411293800885232e-13,-50.0,175,25,N,Seasonal q90,MAM,30
-7.411293800885232e-13,-50.0,175,25,N,Seasonal q90,JJA,27
-7.411293800885232e-13,-50.0,175,25,N,Seasonal q90,SON,33
-7.411293800885232e-13,-49.20001220703125,175,29,N,Global q90,DJF,36
-7.411293800885232e-13,-49.20001220703125,175,29,N,Global q90,MAM,28
-7.411293800885232e-13,-49.20001220703125,175,29,N,Global q90,JJA,12
-7.411293800885232e-13,-49.20001220703125,175,29,N,Global q90,SON,35
-7.411293800885232e-13,-49.20001220703125,175,29,N,Seasonal q90,DJF,27
-7.411293800885232e-13,-49.20001220703125,175,29,N,Seasonal q90,MAM,30
-7.411293800885232e-13,-49.20001220703125,175,29,N,Seasonal q90,JJA,34
-7.411293800885232e-13,-49.20001220703125,175,29,N,Seasonal q90,SON,24
-7.411293800885232e-13,-49.0,175,30,N,Global q90,DJF,33
-7.411293800885232e-13,-49.0,175,30,N,Global q90,MAM,31
-7.411293800885232e-13,-49.0,175,30,N,Global q90,JJA,14
-7.411293800885232e-13,-49.0,175,30,N,Global q90,SON,36
-7.411293800885232e-13,-49.0,175,30,N,Seasonal q90,DJF,28
-7.411293800885232e-13,-49.0,175,30,N,Seasonal q90,MAM,31
-7.411293800885232e-13,-49.0,175,30,N,Seasonal q90,JJA,35
-7.411293800885232e-13,-49.0,175,30,N,Seasonal q90,SON,28
-7.411293800885232e-13,-48.79998779296875,175,31,N,Global q90,DJF,27
-7.411293800885232e-13,-48.79998779296875,175,31,N,Global q90,MAM,30
-7.411293800885232e-13,-48.79998779296875,175,31,N,Global q90,JJA,15
-7.411293800885232e-13,-48.79998779296875,175,31,N,Global q90,SON,37
-7.411293800885232e-13,-48.79998779296875,175,31,N,Seasonal q90,DJF,32
-7.411293800885232e-13,-48.79998779296875,175,31,N,Seasonal q90,MAM,31
-7.411293800885232e-13,-48.79998779296875,175,31,N,Seasonal q90,JJA,33
-7.411293800885232e-13,-48.79998779296875,175,31,N,Seasonal q90,SON,23
-7.411293800885232e-13,-48.600006103515625,175,32,N,Global q90,DJF,33
-7.411293800885232e-13,-48.600006103515625,175,32,N,Global q90,MAM,34
-7.411293800885232e-13,-48.600006103515625,175,32,N,Global q90,JJA,13
-7.411293800885232e-13,-48.600006103515625,175,32,N,Global q90,SON,29
-7.411293800885232e-13,-48.600006103515625,175,32,N,Seasonal q90,DJF,24
-7.411293800885232e-13,-48.600006103515625,175,32,N,Seasonal q90,MAM,30
-7.411293800885232e-13,-48.600006103515625,175,32,N,Seasonal q90,JJA,29
-7.411293800885232e-13,-48.600006103515625,175,32,N,Seasonal q90,SON,24
-7.411293800885232e-13,-48.399993896484375,175,33,N,Global q90,DJF,34
-7.411293800885232e-13,-48.399993896484375,175,33,N,Global q90,MAM,32
-7.411293800885232e-13,-48.399993896484375,175,33,N,Global q90,JJA,12
-7.411293800885232e-13,-48.399993896484375,175,33,N,Global q90,SON,29
-7.411293800885232e-13,-48.399993896484375,175,33,N,Seasonal q90,DJF,27
-7.411293800885232e-13,-48.399993896484375,175,33,N,Seasonal q90,MAM,30
-7.411293800885232e-13,-48.399993896484375,175,33,N,Seasonal q90,JJA,29
-7.411293800885232e-13,-48.399993896484375,175,33,N,Seasonal q90,SON,24
-7.411293800885232e-13,-48.20001220703125,175,34,N,Global q90,DJF,34
-7.411293800885232e-13,-48.20001220703125,175,34,N,Global q90,MAM,29
-7.411293800885232e-13,-48.20001220703125,175,34,N,Global q90,JJA,8
-7.411293800885232e-13,-48.20001220703125,175,34,N,Global q90,SON,25
-7.411293800885232e-13,-48.20001220703125,175,34,N,Seasonal q90,DJF,25
-7.411293800885232e-13,-48.20001220703125,175,34,N,Seasonal q90,MAM,28
-7.411293800885232e-13,-48.20001220703125,175,34,N,Seasonal q90,JJA,26
-7.411293800885232e-13,-48.20001220703125,175,34,N,Seasonal q90,SON,24
0.20000000298023224,-50.600006103515625,176,22,N,Global q90,DJF,22
0.20000000298023224,-50.600006103515625,176,22,N,Global q90,MAM,4
0.20000000298023224,-50.600006103515625,176,22,N,Global q90,JJA,7
0.20000000298023224,-50.600006103515625,176,22,N,Global q90,SON,68
0.20000000298023224,-50.600006103515625,176,22,N,Seasonal q90,DJF,25
0.20000000298023224,-50.600006103515625,176,22,N,Seasonal q90,MAM,25
0.20000000298023224,-50.600006103515625,176,22,N,Seasonal q90,JJA,33
0.20000000298023224,-50.600006103515625,176,22,N,Seasonal q90,SON,27
0.20000000298023224,-49.600006103515625,176,27,N,Global q90,DJF,29
0.20000000298023224,-49.600006103515625,176,27,N,Global q90,MAM,12
0.20000000298023224,-49.600006103515625,176,27,N,Global q90,JJA,14
0.20000000298023224,-49.600006103515625,176,27,N,Global q90,SON,45
0.20000000298023224,-49.600006103515625,176,27,N,Seasonal q90,DJF,27
0.20000000298023224,-49.600006103515625,176,27,N,Seasonal q90,MAM,24
0.20000000298023224,-49.600006103515625,176,27,N,Seasonal q90,JJA,25
0.20000000298023224,-49.600006103515625,176,27,N,Seasonal q90,SON,28
0.20000000298023224,-49.399993896484375,176,28,N,Global q90,DJF,34
0.20000000298023224,-49.399993896484375,176,28,N,Global q90,MAM,26
0.20000000298023224,-49.399993896484375,176,28,N,Global q90,JJA,15
0.20000000298023224,-49.399993896484375,176,28,N,Global q90,SON,28
0.20000000298023224,-49.399993896484375,176,28,N,Seasonal q90,DJF,28
0.20000000298023224,-49.399993896484375,176,28,N,Seasonal q90,MAM,27
0.20000000298023224,-49.399993896484375,176,28,N,Seasonal q90,JJA,36
0.20000000298023224,-49.399993896484375,176,28,N,Seasonal q90,SON,20
0.20000000298023224,-49.20001220703125,176,29,N,Global q90,DJF,36
0.20000000298023224,-49.20001220703125,176,29,N,Global q90,MAM,27
0.20000000298023224,-49.20001220703125,176,29,N,Global q90,JJA,14
0.20000000298023224,-49.20001220703125,176,29,N,Global q90,SON,26
0.20000000298023224,-49.20001220703125,176,29,N,Seasonal q90,DJF,28
0.20000000298023224,-49.20001220703125,176,29,N,Seasonal q90,MAM,23
0.20000000298023224,-49.20001220703125,176,29,N,Seasonal q90,JJA,33
0.20000000298023224,-49.20001220703125,176,29,N,Seasonal q90,SON,19
0.20000000298023224,-49.0,176,30,N,Global q90,DJF,35
0.20000000298023224,-49.0,176,30,N,Global q90,MAM,28
0.20000000298023224,-49.0,176,30,N,Global q90,JJA,14
0.20000000298023224,-49.0,176,30,N,Global q90,SON,29
0.20000000298023224,-49.0,176,30,N,Seasonal q90,DJF,25
0.20000000298023224,-49.0,176,30,N,Seasonal q90,MAM,28
0.20000000298023224,-49.0,176,30,N,Seasonal q90,JJA,28
0.20000000298023224,-49.0,176,30,N,Seasonal q90,SON,22
0.20000000298023224,-48.79998779296875,176,31,N,Global q90,DJF,26
0.20000000298023224,-48.79998779296875,176,31,N,Global q90,MAM,31
0.20000000298023224,-48.79998779296875,176,31,N,Global q90,JJA,14
0.20000000298023224,-48.79998779296875,176,31,N,Global q90,SON,28
0.20000000298023224,-48.79998779296875,176,31,N,Seasonal q90,DJF,26
0.20000000298023224,-48.79998779296875,176,31,N,Seasonal q90,MAM,32
0.20000000298023224,-48.79998779296875,176,31,N,Seasonal q90,JJA,29
0.20000000298023224,-48.79998779296875,176,31,N,Seasonal q90,SON,24
0.20000000298023224,-48.600006103515625,176,32,N,Global q90,DJF,35
0.20000000298023224,-48.600006103515625,176,32,N,Global q90,MAM,30
0.20000000298023224,-48.600006103515625,176,32,N,Global q90,JJA,10
0.20000000298023224,-48.600006103515625,176,32,N,Global q90,SON,25
0.20000000298023224,-48.600006103515625,176,32,N,Seasonal q90,DJF,23
0.20000000298023224,-48.600006103515625,176,32,N,Seasonal q90,MAM,24
0.20000000298023224,-48.600006103515625,176,32,N,Seasonal q90,JJA,23
0.20000000298023224,-48.600006103515625,176,32,N,Seasonal q90,SON,19
0.4000000059604645,-50.0,177,25,N,Global q90,DJF,36
0.4000000059604645,-50.0,177,25,N,Global q90,MAM,32
0.4000000059604645,-50.0,177,25,N,Global q90,JJA,16
0.4000000059604645,-50.0,177,25,N,Global q90,SON,63
0.4000000059604645,-50.0,177,25,N,Seasonal q90,DJF,31
0.4000000059604645,-50.0,177,25,N,Seasonal q90,MAM,39
0.4000000059604645,-50.0,177,25,N,Seasonal q90,JJA,38
0.4000000059604645,-50.0,177,25,N,Seasonal q90,SON,35
0.4000000059604645,-49.79998779296875,177,26,N,Global q90,DJF,35
0.4000000059604645,-49.79998779296875,177,26,N,Global q90,MAM,27
0.4000000059604645,-49.79998779296875,177,26,N,Global q90,JJA,9
0.4000000059604645,-49.79998779296875,177,26,N,Global q90,SON,33
0.4000000059604645,-49.79998779296875,177,26,N,Seasonal q90,DJF,24
0.4000000059604645,-49.79998779296875,177,26,N,Seasonal q90,MAM,31
0.4000000059604645,-49.79998779296875,177,26,N,Seasonal q90,JJA,30
0.4000000059604645,-49.79998779296875,177,26,N,Seasonal q90,SON,24
0.4000000059604645,-49.600006103515625,177,27,N,Global q90,DJF,29
0.4000000059604645,-49.600006103515625,177,27,N,Global q90,MAM,22
0.4000000059604645,-49.600006103515625,177,27,N,Global q90,JJA,16
0.4000000059604645,-49.600006103515625,177,27,N,Global q90,SON,30
0.4000000059604645,-49.600006103515625,177,27,N,Seasonal q90,DJF,21
0.4000000059604645,-49.600006103515625,177,27,N,Seasonal q90,MAM,24
0.4000000059604645,-49.600006103515625,177,27,N,Seasonal q90,JJA,33
0.4000000059604645,-49.600006103515625,177,27,N,Seasonal q90,SON,25
0.4000000059604645,-49.399993896484375,177,28,N,Global q90,DJF,34
0.4000000059604645,-49.399993896484375,177,28,N,Global q90,MAM,23
0.4000000059604645,-49.399993896484375,177,28,N,Global q90,JJA,12
0.4000000059604645,-49.399993896484375,177,28,N,Global q90,SON,25
0.4000000059604645,-49.399993896484375,177,28,N,Seasonal q90,DJF,24
0.4000000059604645,-49.399993896484375,177,28,N,Seasonal q90,MAM,23
0.4000000059604645,-49.399993896484375,177,28,N,Seasonal q90,JJA,27
0.4000000059604645,-49.399993896484375,177,28,N,Seasonal q90,SON,20
0.4000000059604645,-49.20001220703125,177,29,N,Global q90,DJF,37
0.4000000059604645,-49.20001220703125,177,29,N,Global q90,MAM,24
0.4000000059604645,-49.20001220703125,177,29,N,Global q90,JJA,13
0.4000000059604645,-49.20001220703125,177,29,N,Global q90,SON,23
0.4000000059604645,-49.20001220703125,177,29,N,Seasonal q90,DJF,25
0.4000000059604645,-49.20001220703125,177,29,N,Seasonal q90,MAM,24
0.4000000059604645,-49.20001220703125,177,29,N,Seasonal q90,JJA,28
0.4000000059604645,-49.20001220703125,177,29,N,Seasonal q90,SON,21
0.4000000059604645,-29.399993896484375,177,128,N,Global q90,DJF,21
0.4000000059604645,-29.399993896484375,177,128,N,Global q90,MAM,14
0.4000000059604645,-29.399993896484375,177,128,N,Global q90,JJA,13
0.4000000059604645,-29.399993896484375,177,128,N,Global q90,SON,21
0.4000000059604645,-29.399993896484375,177,128,N,Seasonal q90,DJF,17
0.4000000059604645,-29.399993896484375,177,128,N,Seasonal q90,MAM,18
0.4000000059604645,-29.399993896484375,177,128,N,Seasonal q90,JJA,19
0.4000000059604645,-29.399993896484375,177,128,N,Seasonal q90,SON,14
0.6000000238418579,-50.399993896484375,178,23,N,Global q90,DJF,15
0.6000000238418579,-50.399993896484375,178,23,N,Global q90,MAM,8
0.6000000238418579,-50.399993896484375,178,23,N,Global q90,JJA,24
0.6000000238418579,-50.399993896484375,178,23,N,Global q90,SON,74
0.6000000238418579,-50.399993896484375,178,23,N,Seasonal q90,DJF,24
0.6000000238418579,-50.399993896484375,178,23,N,Seasonal q90,MAM,22
0.6000000238418579,-50.399993896484375,178,23,N,Seasonal q90,JJA,37
0.6000000238418579,-50.399993896484375,178,23,N,Seasonal q90,SON,34
0.6000000238418579,-50.20001220703125,178,24,N,Global q90,DJF,19
0.6000000238418579,-50.20001220703125,178,24,N,Global q90,MAM,15
0.6000000238418579,-50.20001220703125,178,24,N,Global q90,JJA,23
0.6000000238418579,-50.20001220703125,178,24,N,Global q90,SON,64
0.6000000238418579,-50.20001220703125,178,24,N,Seasonal q90,DJF,33
0.6000000238418579,-50.20001220703125,178,24,N,Seasonal q90,MAM,26
0.6000000238418579,-50.20001220703125,178,24,N,Seasonal q90,JJA,34
0.6000000238418579,-50.20001220703125,178,24,N,Seasonal q90,SON,23
0.6000000238418579,-50.0,178,25,N,Global q90,DJF,21
0.6000000238418579,-50.0,178,25,N,Global q90,MAM,15
0.6000000238418579,-50.0,178,25,N,Global q90,JJA,22
0.6000000238418579,-50.0,178,25,N,Global q90,SON,48
0.6000000238418579,-50.0,178,25,N,Seasonal q90,DJF,25
0.6000000238418579,-50.0,178,25,N,Seasonal q90,MAM,29
0.6000000238418579,-50.0,178,25,N,Seasonal q90,JJA,29
0.6000000238418579,-50.0,178,25,N,Seasonal q90,SON,25
0.6000000238418579,-49.79998779296875,178,26,N,Global q90,DJF,28
0.6000000238418579,-49.79998779296875,178,26,N,Global q90,MAM,21
0.6000000238418579,-49.79998779296875,178,26,N,Global q90,JJA,16
0.6000000238418579,-49.79998779296875,178,26,N,Global q90,SON,34
0.6000000238418579,-49.79998779296875,178,26,N,Seasonal q90,DJF,23
0.6000000238418579,-49.79998779296875,178,26,N,Seasonal q90,MAM,24
0.6000000238418579,-49.79998779296875,178,26,N,Seasonal q90,JJA,32
0.6000000238418579,-49.79998779296875,178,26,N,Seasonal q90,SON,25
0.6000000238418579,-49.600006103515625,178,27,N,Global q90,DJF,29
0.6000000238418579,-49.600006103515625,178,27,N,Global q90,MAM,23
0.6000000238418579,-49.600006103515625,178,27,N,Global q90,JJA,14
0.6000000238418579,-49.600006103515625,178,27,N,Global q90,SON,29
0.6000000238418579,-49.600006103515625,178,27,N,Seasonal q90,DJF,22
0.6000000238418579,-49.600006103515625,178,27,N,Seasonal q90,MAM,25
0.6000000238418579,-49.600006103515625,178,27,N,Seasonal q90,JJA,32
0.6000000238418579,-49.600006103515625,178,27,N,Seasonal q90,SON,25
0.6000000238418579,-49.399993896484375,178,28,N,Global q90,DJF,29
0.6000000238418579,-49.399993896484375,178,28,N,Global q90,MAM,25
0.6000000238418579,-49.399993896484375,178,28,N,Global q90,JJA,11
0.6000000238418579,-49.399993896484375,178,28,N,Global q90,SON,27
0.6000000238418579,-49.399993896484375,178,28,N,Seasonal q90,DJF,22
0.6000000238418579,-49.399993896484375,178,28,N,Seasonal q90,MAM,25
0.6000000238418579,-49.399993896484375,178,28,N,Seasonal q90,JJA,33
0.6000000238418579,-49.399993896484375,178,28,N,Seasonal q90,SON,27
0.6000000238418579,-49.20001220703125,178,29,N,Global q90,DJF,32
0.6000000238418579,-49.20001220703125,178,29,N,Global q90,MAM,24
0.6000000238418579,-49.20001220703125,178,29,N,Global q90,JJA,11
0.6000000238418579,-49.20001220703125,178,29,N,Global q90,SON,25
0.6000000238418579,-49.20001220703125,178,29,N,Seasonal q90,DJF,23
0.6000000238418579,-49.20001220703125,178,29,N,Seasonal q90,MAM,23
0.6000000238418579,-49.20001220703125,178,29,N,Seasonal q90,JJA,31
0.6000000238418579,-49.20001220703125,178,29,N,Seasonal q90,SON,25
0.6000000238418579,-29.79998779296875,178,126,N,Global q90,DJF,22
0.6000000238418579,-29.79998779296875,178,126,N,Global q90,MAM,14
0.6000000238418579,-29.79998779296875,178,126,N,Global q90,JJA,12
0.6000000238418579,-29.79998779296875,178,126,N,Global q90,SON,23
0.6000000238418579,-29.79998779296875,178,126,N,Seasonal q90,DJF,18
0.6000000238418579,-29.79998779296875,178,126,N,Seasonal q90,MAM,21
0.6000000238418579,-29.79998779296875,178,126,N,Seasonal q90,JJA,21
0.6000000238418579,-29.79998779296875,178,126,N,Seasonal q90,SON,17
0.6000000238418579,-29.600006103515625,178,127,N,Global q90,DJF,22
0.6000000238418579,-29.600006103515625,178,127,N,Global q90,MAM,14
0.6000000238418579,-29.600006103515625,178,127,N,Global q90,JJA,12
0.6000000238418579,-29.600006103515625,178,127,N,Global q90,SON,24
0.6000000238418579,-29.600006103515625,178,127,N,Seasonal q90,DJF,17
0.6000000238418579,-29.600006103515625,178,127,N,Seasonal q90,MAM,21
0.6000000238418579,-29.600006103515625,178,127,N,Seasonal q90,JJA,18
0.6000000238418579,-29.600006103515625,178,127,N,Seasonal q90,SON,15
0.6000000238418579,-29.399993896484375,178,128,N,Global q90,DJF,23
0.6000000238418579,-29.399993896484375,178,128,N,Global q90,MAM,14
0.6000000238418579,-29.399993896484375,178,128,N,Global q90,JJA,12
0.6000000238418579,-29.399993896484375,178,128,N,Global q90,SON,21
0.6000000238418579,-29.399993896484375,178,128,N,Seasonal q90,DJF,17
0.6000000238418579,-29.399993896484375,178,128,N,Seasonal q90,MAM,19
0.6000000238418579,-29.399993896484375,178,128,N,Seasonal q90,JJA,17
0.6000000238418579,-29.399993896484375,178,128,N,Seasonal q90,SON,16
0.6000000238418579,-29.20001220703125,178,129,N,Global q90,DJF,24
0.6000000238418579,-29.20001220703125,178,129,N,Global q90,MAM,14
0.6000000238418579,-29.20001220703125,178,129,N,Global q90,JJA,12
0.6000000238418579,-29.20001220703125,178,129,N,Global q90,SON,22
0.6000000238418579,-29.20001220703125,178,129,N,Seasonal q90,DJF,17
0.6000000238418579,-29.20001220703125,178,129,N,Seasonal q90,MAM,16
0.6000000238418579,-29.20001220703125,178,129,N,Seasonal q90,JJA,16
0.6000000238418579,-29.20001220703125,178,129,N,Seasonal q90,SON,14
0.6000000238418579,-29.0,178,130,N,Global q90,DJF,23
0.6000000238418579,-29.0,178,130,N,Global q90,MAM,14
0.6000000238418579,-29.0,178,130,N,Global q90,JJA,11
0.6000000238418579,-29.0,178,130,N,Global q90,SON,22
0.6000000238418579,-29.0,178,130,N,Seasonal q90,DJF,18
0.6000000238418579,-29.0,178,130,N,Seasonal q90,MAM,16
0.6000000238418579,-29.0,178,130,N,Seasonal q90,JJA,16
0.6000000238418579,-29.0,178,130,N,Seasonal q90,SON,15
0.800000011920929,-50.20001220703125,179,24,N,Global q90,DJF,12
0.800000011920929,-50.20001220703125,179,24,N,Global q90,MAM,13
0.800000011920929,-50.20001220703125,179,24,N,Global q90,JJA,28
0.800000011920929,-50.20001220703125,179,24,N,Global q90,SON,65
0.800000011920929,-50.20001220703125,179,24,N,Seasonal q90,DJF,28
0.800000011920929,-50.20001220703125,179,24,N,Seasonal q90,MAM,23
0.800000011920929,-50.20001220703125,179,24,N,Seasonal q90,JJA,36
0.800000011920929,-50.20001220703125,179,24,N,Seasonal q90,SON,26
0.800000011920929,-50.0,179,25,N,Global q90,DJF,20
0.800000011920929,-50.0,179,25,N,Global q90,MAM,19
0.800000011920929,-50.0,179,25,N,Global q90,JJA,26
0.800000011920929,-50.0,179,25,N,Global q90,SON,50
0.800000011920929,-50.0,179,25,N,Seasonal q90,DJF,28
0.800000011920929,-50.0,179,25,N,Seasonal q90,MAM,30
0.800000011920929,-50.0,179,25,N,Seasonal q90,JJA,37
0.800000011920929,-50.0,179,25,N,Seasonal q90,SON,27
0.800000011920929,-49.79998779296875,179,26,N,Global q90,DJF,25
0.800000011920929,-49.79998779296875,179,26,N,Global q90,MAM,27
0.800000011920929,-49.79998779296875,179,26,N,Global q90,JJA,19
0.800000011920929,-49.79998779296875,179,26,N,Global q90,SON,37
0.800000011920929,-49.79998779296875,179,26,N,Seasonal q90,DJF,23
0.800000011920929,-49.79998779296875,179,26,N,Seasonal q90,MAM,27
0.800000011920929,-49.79998779296875,179,26,N,Seasonal q90,JJA,35
0.800000011920929,-49.79998779296875,179,26,N,Seasonal q90,SON,25
0.800000011920929,-49.600006103515625,179,27,N,Global q90,DJF,31
0.800000011920929,-49.600006103515625,179,27,N,Global q90,MAM,28
0.800000011920929,-49.600006103515625,179,27,N,Global q90,JJA,12
0.800000011920929,-49.600006103515625,179,27,N,Global q90,SON,28
0.800000011920929,-49.600006103515625,179,27,N,Seasonal q90,DJF,23
0.800000011920929,-49.600006103515625,179,27,N,Seasonal q90,MAM,25
0.800000011920929,-49.600006103515625,179,27,N,Seasonal q90,JJA,32
0.800000011920929,-49.600006103515625,179,27,N,Seasonal q90,SON,27
0.800000011920929,-49.399993896484375,179,28,N,Global q90,DJF,28
0.800000011920929,-49.399993896484375,179,28,N,Global q90,MAM,28
0.800000011920929,-49.399993896484375,179,28,N,Global q90,JJA,9
0.800000011920929,-49.399993896484375,179,28,N,Global q90,SON,26
0.800000011920929,-49.399993896484375,179,28,N,Seasonal q90,DJF,26
0.800000011920929,-49.399993896484375,179,28,N,Seasonal q90,MAM,22
0.800000011920929,-49.399993896484375,179,28,N,Seasonal q90,JJA,34
0.800000011920929,-49.399993896484375,179,28,N,Seasonal q90,SON,26
0.800000011920929,-29.79998779296875,179,126,N,Global q90,DJF,21
0.800000011920929,-29.79998779296875,179,126,N,Global q90,MAM,13
0.800000011920929,-29.79998779296875,179,126,N,Global q90,JJA,12
0.800000011920929,-29.79998779296875,179,126,N,Global q90,SON,22
0.800000011920929,-29.79998779296875,179,126,N,Seasonal q90,DJF,20
0.800000011920929,-29.79998779296875,179,126,N,Seasonal q90,MAM,21
0.800000011920929,-29.79998779296875,179,126,N,Seasonal q90,JJA,18
0.800000011920929,-29.79998779296875,179,126,N,Seasonal q90,SON,17
0.800000011920929,-29.600006103515625,179,127,N,Global q90,DJF,22
0.800000011920929,-29.600006103515625,179,127,N,Global q90,MAM,14
0.800000011920929,-29.600006103515625,179,127,N,Global q90,JJA,11
0.800000011920929,-29.600006103515625,179,127,N,Global q90,SON,23
0.800000011920929,-29.600006103515625,179,127,N,Seasonal q90,DJF,18
0.800000011920929,-29.600006103515625,179,127,N,Seasonal q90,MAM,20
0.800000011920929,-29.600006103515625,179,127,N,Seasonal q90,JJA,17
0.800000011920929,-29.600006103515625,179,127,N,Seasonal q90,SON,17
0.800000011920929,-29.399993896484375,179,128,N,Global q90,DJF,23
0.800000011920929,-29.399993896484375,179,128,N,Global q90,MAM,14
0.800000011920929,-29.399993896484375,179,128,N,Global q90,JJA,10
0.800000011920929,-29.399993896484375,179,128,N,Global q90,SON,23
0.800000011920929,-29.399993896484375,179,128,N,Seasonal q90,DJF,17
0.800000011920929,-29.399993896484375,179,128,N,Seasonal q90,MAM,19
0.800000011920929,-29.399993896484375,179,128,N,Seasonal q90,JJA,17
0.800000011920929,-29.399993896484375,179,128,N,Seasonal q90,SON,16
0.800000011920929,-29.20001220703125,179,129,N,Global q90,DJF,24
0.800000011920929,-29.20001220703125,179,129,N,Global q90,MAM,14
0.800000011920929,-29.20001220703125,179,129,N,Global q90,JJA,10
0.800000011920929,-29.20001220703125,179,129,N,Global q90,SON,20
0.800000011920929,-29.20001220703125,179,129,N,Seasonal q90,DJF,17
0.800000011920929,-29.20001220703125,179,129,N,Seasonal q90,MAM,17
0.800000011920929,-29.20001220703125,179,129,N,Seasonal q90,JJA,16
0.800000011920929,-29.20001220703125,179,129,N,Seasonal q90,SON,16
0.800000011920929,-29.0,179,130,N,Global q90,DJF,22
0.800000011920929,-29.0,179,130,N,Global q90,MAM,14
0.800000011920929,-29.0,179,130,N,Global q90,JJA,11
0.800000011920929,-29.0,179,130,N,Global q90,SON,20
0.800000011920929,-29.0,179,130,N,Seasonal q90,DJF,17
0.800000011920929,-29.0,179,130,N,Seasonal q90,MAM,17
0.800000011920929,-29.0,179,130,N,Seasonal q90,JJA,16
0.800000011920929,-29.0,179,130,N,Seasonal q90,SON,16
1.0,-50.0,180,25,N,Global q90,DJF,19
1.0,-50.0,180,25,N,Global q90,MAM,21
1.0,-50.0,180,25,N,Global q90,JJA,28
1.0,-50.0,180,25,N,Global q90,SON,49
1.0,-50.0,180,25,N,Seasonal q90,DJF,27
1.0,-50.0,180,25,N,Seasonal q90,MAM,35
1.0,-50.0,180,25,N,Seasonal q90,JJA,37
1.0,-50.0,180,25,N,Seasonal q90,SON,29
1.0,-49.79998779296875,180,26,N,Global q90,DJF,26
1.0,-49.79998779296875,180,26,N,Global q90,MAM,26
1.0,-49.79998779296875,180,26,N,Global q90,JJA,16
1.0,-49.79998779296875,180,26,N,Global q90,SON,29
1.0,-49.79998779296875,180,26,N,Seasonal q90,DJF,22
1.0,-49.79998779296875,180,26,N,Seasonal q90,MAM,26
1.0,-49.79998779296875,180,26,N,Seasonal q90,JJA,39
1.0,-49.79998779296875,180,26,N,Seasonal q90,SON,28
1.0,-49.600006103515625,180,27,N,Global q90,DJF,31
1.0,-49.600006103515625,180,27,N,Global q90,MAM,34
1.0,-49.600006103515625,180,27,N,Global q90,JJA,9
1.0,-49.600006103515625,180,27,N,Global q90,SON,18
1.0,-49.600006103515625,180,27,N,Seasonal q90,DJF,27
1.0,-49.600006103515625,180,27,N,Seasonal q90,MAM,23
1.0,-49.600006103515625,180,27,N,Seasonal q90,JJA,37
1.0,-49.600006103515625,180,27,N,Seasonal q90,SON,26
1.0,-29.79998779296875,180,126,N,Global q90,DJF,21
1.0,-29.79998779296875,180,126,N,Global q90,MAM,15
1.0,-29.79998779296875,180,126,N,Global q90,JJA,11
1.0,-29.79998779296875,180,126,N,Global q90,SON,21
1.0,-29.79998779296875,180,126,N,Seasonal q90,DJF,18
1.0,-29.79998779296875,180,126,N,Seasonal q90,MAM,20
1.0,-29.79998779296875,180,126,N,Seasonal q90,JJA,18
1.0,-29.79998779296875,180,126,N,Seasonal q90,SON,17
1.0,-29.600006103515625,180,127,N,Global q90,DJF,22
1.0,-29.600006103515625,180,127,N,Global q90,MAM,15
1.0,-29.600006103515625,180,127,N,Global q90,JJA,12
1.0,-29.600006103515625,180,127,N,Global q90,SON,23
1.0,-29.600006103515625,180,127,N,Seasonal q90,DJF,17
1.0,-29.600006103515625,180,127,N,Seasonal q90,MAM,19
1.0,-29.600006103515625,180,127,N,Seasonal q90,JJA,17
1.0,-29.600006103515625,180,127,N,Seasonal q90,SON,19
1.0,-29.399993896484375,180,128,N,Global q90,DJF,24
1.0,-29.399993896484375,180,128,N,Global q90,MAM,14
1.0,-29.399993896484375,180,128,N,Global q90,JJA,11
1.0,-29.399993896484375,180,128,N,Global q90,SON,22
1.0,-29.399993896484375,180,128,N,Seasonal q90,DJF,17
1.0,-29.399993896484375,180,128,N,Seasonal q90,MAM,18
1.0,-29.399993896484375,180,128,N,Seasonal q90,JJA,16
1.0,-29.399993896484375,180,128,N,Seasonal q90,SON,18
1.0,-29.20001220703125,180,129,N,Global q90,DJF,24
1.0,-29.20001220703125,180,129,N,Global q90,MAM,14
1.0,-29.20001220703125,180,129,N,Global q90,JJA,10
1.0,-29.20001220703125,180,129,N,Global q90,SON,22
1.0,-29.20001220703125,180,129,N,Seasonal q90,DJF,17
1.0,-29.20001220703125,180,129,N,Seasonal q90,MAM,16
1.0,-29.20001220703125,180,129,N,Seasonal q90,JJA,16
1.0,-29.20001220703125,180,129,N,Seasonal q90,SON,16
1.0,-29.0,180,130,N,Global q90,DJF,24
1.0,-29.0,180,130,N,Global q90,MAM,14
1.0,-29.0,180,130,N,Global q90,JJA,11
1.0,-29.0,180,130,N,Global q90,SON,20
1.0,-29.0,180,130,N,Seasonal q90,DJF,18
1.0,-29.0,180,130,N,Seasonal q90,MAM,15
1.0,-29.0,180,130,N,Seasonal q90,JJA,16
1.0,-29.0,180,130,N,Seasonal q90,SON,15
1.2000000476837158,-49.79998779296875,181,26,N,Global q90,DJF,31
1.2000000476837158,-49.79998779296875,181,26,N,Global q90,MAM,32
1.2000000476837158,-49.79998779296875,181,26,N,Global q90,JJA,6
1.2000000476837158,-49.79998779296875,181,26,N,Global q90,SON,16
1.2000000476837158,-49.79998779296875,181,26,N,Seasonal q90,DJF,25
1.2000000476837158,-49.79998779296875,181,26,N,Seasonal q90,MAM,24
1.2000000476837158,-49.79998779296875,181,26,N,Seasonal q90,JJA,40
1.2000000476837158,-49.79998779296875,181,26,N,Seasonal q90,SON,28
1.2000000476837158,-49.600006103515625,181,27,N,Global q90,DJF,31
1.2000000476837158,-49.600006103515625,181,27,N,Global q90,MAM,32
1.2000000476837158,-49.600006103515625,181,27,N,Global q90,JJA,2
1.2000000476837158,-49.600006103515625,181,27,N,Global q90,SON,10
1.2000000476837158,-49.600006103515625,181,27,N,Seasonal q90,DJF,29
1.2000000476837158,-49.600006103515625,181,27,N,Seasonal q90,MAM,22
1.2000000476837158,-49.600006103515625,181,27,N,Seasonal q90,JJA,34
1.2000000476837158,-49.600006103515625,181,27,N,Seasonal q90,SON,24
1.2000000476837158,-29.600006103515625,181,127,N,Global q90,DJF,22
1.2000000476837158,-29.600006103515625,181,127,N,Global q90,MAM,14
1.2000000476837158,-29.600006103515625,181,127,N,Global q90,JJA,12
1.2000000476837158,-29.600006103515625,181,127,N,Global q90,SON,23
1.2000000476837158,-29.600006103515625,181,127,N,Seasonal q90,DJF,15
1.2000000476837158,-29.600006103515625,181,127,N,Seasonal q90,MAM,18
1.2000000476837158,-29.600006103515625,181,127,N,Seasonal q90,JJA,17
1.2000000476837158,-29.600006103515625,181,127,N,Seasonal q90,SON,18
1.2000000476837158,-29.399993896484375,181,128,N,Global q90,DJF,24
1.2000000476837158,-29.399993896484375,181,128,N,Global q90,MAM,13
1.2000000476837158,-29.399993896484375,181,128,N,Global q90,JJA,12
1.2000000476837158,-29.399993896484375,181,128,N,Global q90,SON,22
1.2000000476837158,-29.399993896484375,181,128,N,Seasonal q90,DJF,16
1.2000000476837158,-29.399993896484375,181,128,N,Seasonal q90,MAM,17
1.2000000476837158,-29.399993896484375,181,128,N,Seasonal q90,JJA,17
1.2000000476837158,-29.399993896484375,181,128,N,Seasonal q90,SON,18
1.2000000476837158,-29.20001220703125,181,129,N,Global q90,DJF,24
1.2000000476837158,-29.20001220703125,181,129,N,Global q90,MAM,13
1.2000000476837158,-29.20001220703125,181,129,N,Global q90,JJA,11
1.2000000476837158,-29.20001220703125,181,129,N,Global q90,SON,20
1.2000000476837158,-29.20001220703125,181,129,N,Seasonal q90,DJF,15
1.2000000476837158,-29.20001220703125,181,129,N,Seasonal q90,MAM,16
1.2000000476837158,-29.20001220703125,181,129,N,Seasonal q90,JJA,17
1.2000000476837158,-29.20001220703125,181,129,N,Seasonal q90,SON,16
1.399999976158142,-49.79998779296875,182,26,N,Global q90,DJF,30
1.399999976158142,-49.79998779296875,182,26,N,Global q90,MAM,29
1.399999976158142,-49.79998779296875,182,26,N,Global q90,JJA,0
1.399999976158142,-49.79998779296875,182,26,N,Global q90,SON,7
1.399999976158142,-49.79998779296875,182,26,N,Seasonal q90,DJF,26
1.399999976158142,-49.79998779296875,182,26,N,Seasonal q90,MAM,21
1.399999976158142,-49.79998779296875,182,26,N,Seasonal q90,JJA,33
1.399999976158142,-49.79998779296875,182,26,N,Seasonal q90,SON,23
1.399999976158142,-49.600006103515625,182,27,N,Global q90,DJF,33
1.399999976158142,-49.600006103515625,182,27,N,Global q90,MAM,30
1.399999976158142,-49.600006103515625,182,27,N,Global q90,JJA,0
1.399999976158142,-49.600006103515625,182,27,N,Global q90,SON,7
1.399999976158142,-49.600006103515625,182,27,N,Seasonal q90,DJF,26
1.399999976158142,-49.600006103515625,182,27,N,Seasonal q90,MAM,20
1.399999976158142,-49.600006103515625,182,27,N,Seasonal q90,JJA,29
1.399999976158142,-49.600006103515625,182,27,N,Seasonal q90,SON,25
1.600000023841858,-49.79998779296875,183,26,N,Global q90,DJF,28
1.600000023841858,-49.79998779296875,183,26,N,Global q90,MAM,27
1.600000023841858,-49.79998779296875,183,26,N,Global q90,JJA,0
1.600000023841858,-49.79998779296875,183,26,N,Global q90,SON,1
1.600000023841858,-49.79998779296875,183,26,N,Seasonal q90,DJF,23
1.600000023841858,-49.79998779296875,183,26,N,Seasonal q90,MAM,18
1.600000023841858,-49.79998779296875,183,26,N,Seasonal q90,JJA,25
1.600000023841858,-49.79998779296875,183,26,N,Seasonal q90,SON,22
1.600000023841858,-49.600006103515625,183,27,N,Global q90,DJF,26
1.600000023841858,-49.600006103515625,183,27,N,Global q90,MAM,30
1.600000023841858,-49.600006103515625,183,27,N,Global q90,JJA,0
1.600000023841858,-49.600006103515625,183,27,N,Global q90,SON,1
1.600000023841858,-49.600006103515625,183,27,N,Seasonal q90,DJF,23
1.600000023841858,-49.600006103515625,183,27,N,Seasonal q90,MAM,20
1.600000023841858,-49.600006103515625,183,27,N,Seasonal q90,JJA,27
1.600000023841858,-49.600006103515625,183,27,N,Seasonal q90,SON,25
1.7999999523162842,-50.0,184,25,N,Global q90,DJF,32
1.7999999523162842,-50.0,184,25,N,Global q90,MAM,29
1.7999999523162842,-50.0,184,25,N,Global q90,JJA,0
1.7999999523162842,-50.0,184,25,N,Global q90,SON,1
1.7999999523162842,-50.0,184,25,N,Seasonal q90,DJF,22
1.7999999523162842,-50.0,184,25,N,Seasonal q90,MAM,20
1.7999999523162842,-50.0,184,25,N,Seasonal q90,JJA,26
1.7999999523162842,-50.0,184,25,N,Seasonal q90,SON,19
1.7999999523162842,-49.79998779296875,184,26,N,Global q90,DJF,33
1.7999999523162842,-49.79998779296875,184,26,N,Global q90,MAM,32
1.7999999523162842,-49.79998779296875,184,26,N,Global q90,JJA,0
1.7999999523162842,-49.79998779296875,184,26,N,Global q90,SON,1
1.7999999523162842,-49.79998779296875,184,26,N,Seasonal q90,DJF,21
1.7999999523162842,-49.79998779296875,184,26,N,Seasonal q90,MAM,17
1.7999999523162842,-49.79998779296875,184,26,N,Seasonal q90,JJA,26
1.7999999523162842,-49.79998779296875,184,26,N,Seasonal q90,SON,21
1.7999999523162842,-49.600006103515625,184,27,N,Global q90,DJF,34
1.7999999523162842,-49.600006103515625,184,27,N,Global q90,MAM,28
1.7999999523162842,-49.600006103515625,184,27,N,Global q90,JJA,0
1.7999999523162842,-49.600006103515625,184,27,N,Global q90,SON,1
1.7999999523162842,-49.600006103515625,184,27,N,Seasonal q90,DJF,18
1.7999999523162842,-49.600006103515625,184,27,N,Seasonal q90,MAM,18
1.7999999523162842,-49.600006103515625,184,27,N,Seasonal q90,JJA,22
1.7999999523162842,-49.600006103515625,184,27,N,Seasonal q90,SON,19
2.0,-50.20001220703125,185,24,N,Global q90,DJF,32
2.0,-50.20001220703125,185,24,N,Global q90,MAM,26
2.0,-50.20001220703125,185,24,N,Global q90,JJA,1
2.0,-50.20001220703125,185,24,N,Global q90,SON,1
2.0,-50.20001220703125,185,24,N,Seasonal q90,DJF,22
2.0,-50.20001220703125,185,24,N,Seasonal q90,MAM,18
2.0,-50.20001220703125,185,24,N,Seasonal q90,JJA,22
2.0,-50.20001220703125,185,24,N,Seasonal q90,SON,19
2.0,-50.0,185,25,N,Global q90,DJF,29
2.0,-50.0,185,25,N,Global q90,MAM,31
2.0,-50.0,185,25,N,Global q90,JJA,0
2.0,-50.0,185,25,N,Global q90,SON,1
2.0,-50.0,185,25,N,Seasonal q90,DJF,22
2.0,-50.0,185,25,N,Seasonal q90,MAM,18
2.0,-50.0,185,25,N,Seasonal q90,JJA,26
2.0,-50.0,185,25,N,Seasonal q90,SON,20
2.0,-49.79998779296875,185,26,N,Global q90,DJF,30
2.0,-49.79998779296875,185,26,N,Global q90,MAM,31
2.0,-49.79998779296875,185,26,N,Global q90,JJA,0
2.0,-49.79998779296875,185,26,N,Global q90,SON,1
2.0,-49.79998779296875,185,26,N,Seasonal q90,DJF,21
2.0,-49.79998779296875,185,26,N,Seasonal q90,MAM,19
2.0,-49.79998779296875,185,26,N,Seasonal q90,JJA,26
2.0,-49.79998779296875,185,26,N,Seasonal q90,SON,18
2.0,-49.600006103515625,185,27,N,Global q90,DJF,32
2.0,-49.600006103515625,185,27,N,Global q90,MAM,31
2.0,-49.600006103515625,185,27,N,Global q90,JJA,0
2.0,-49.600006103515625,185,27,N,Global q90,SON,1
2.0,-49.600006103515625,185,27,N,Seasonal q90,DJF,21
2.0,-49.600006103515625,185,27,N,Seasonal q90,MAM,16
2.0,-49.600006103515625,185,27,N,Seasonal q90,JJA,25
2.0,-49.600006103515625,185,27,N,Seasonal q90,SON,20
2.200000047683716,-50.600006103515625,186,22,N,Global q90,DJF,32
2.200000047683716,-50.600006103515625,186,22,N,Global q90,MAM,31
2.200000047683716,-50.600006103515625,186,22,N,Global q90,JJA,0
2.200000047683716,-50.600006103515625,186,22,N,Global q90,SON,1
2.200000047683716,-50.600006103515625,186,22,N,Seasonal q90,DJF,20
2.200000047683716,-50.600006103515625,186,22,N,Seasonal q90,MAM,21
2.200000047683716,-50.600006103515625,186,22,N,Seasonal q90,JJA,23
2.200000047683716,-50.600006103515625,186,22,N,Seasonal q90,SON,15
2.200000047683716,-50.399993896484375,186,23,N,Global q90,DJF,36
2.200000047683716,-50.399993896484375,186,23,N,Global q90,MAM,24
2.200000047683716,-50.399993896484375,186,23,N,Global q90,JJA,0
2.200000047683716,-50.399993896484375,186,23,N,Global q90,SON,1
2.200000047683716,-50.399993896484375,186,23,N,Seasonal q90,DJF,22
2.200000047683716,-50.399993896484375,186,23,N,Seasonal q90,MAM,20
2.200000047683716,-50.399993896484375,186,23,N,Seasonal q90,JJA,22
2.200000047683716,-50.399993896484375,186,23,N,Seasonal q90,SON,22
2.200000047683716,-50.20001220703125,186,24,N,Global q90,DJF,32
2.200000047683716,-50.20001220703125,186,24,N,Global q90,MAM,27
2.200000047683716,-50.20001220703125,186,24,N,Global q90,JJA,0
2.200000047683716,-50.20001220703125,186,24,N,Global q90,SON,2
2.200000047683716,-50.20001220703125,186,24,N,Seasonal q90,DJF,22
2.200000047683716,-50.20001220703125,186,24,N,Seasonal q90,MAM,19
2.200000047683716,-50.20001220703125,186,24,N,Seasonal q90,JJA,24
2.200000047683716,-50.20001220703125,186,24,N,Seasonal q90,SON,22
2.200000047683716,-50.0,186,25,N,Global q90,DJF,29
2.200000047683716,-50.0,186,25,N,Global q90,MAM,28
2.200000047683716,-50.0,186,25,N,Global q90,JJA,0
2.200000047683716,-50.0,186,25,N,Global q90,SON,1
2.200000047683716,-50.0,186,25,N,Seasonal q90,DJF,22
2.200000047683716,-50.0,186,25,N,Seasonal q90,MAM,19
2.200000047683716,-50.0,186,25,N,Seasonal q90,JJA,23
2.200000047683716,-50.0,186,25,N,Seasonal q90,SON,19
2.4000000953674316,-50.600006103515625,187,22,N,Global q90,DJF,35
2.4000000953674316,-50.600006103515625,187,22,N,Global q90,MAM,28
2.4000000953674316,-50.600006103515625,187,22,N,Global q90,JJA,0
2.4000000953674316,-50.600006103515625,187,22,N,Global q90,SON,2
2.4000000953674316,-50.600006103515625,187,22,N,Seasonal q90,DJF,23
2.4000000953674316,-50.600006103515625,187,22,N,Seasonal q90,MAM,19
2.4000000953674316,-50.600006103515625,187,22,N,Seasonal q90,JJA,23
2.4000000953674316,-50.600006103515625,187,22,N,Seasonal q90,SON,20
2.4000000953674316,-50.399993896484375,187,23,N,Global q90,DJF,34
2.4000000953674316,-50.399993896484375,187,23,N,Global q90,MAM,25
2.4000000953674316,-50.399993896484375,187,23,N,Global q90,JJA,0
2.4000000953674316,-50.399993896484375,187,23,N,Global q90,SON,2
2.4000000953674316,-50.399993896484375,187,23,N,Seasonal q90,DJF,21
2.4000000953674316,-50.399993896484375,187,23,N,Seasonal q90,MAM,20
2.4000000953674316,-50.399993896484375,187,23,N,Seasonal q90,JJA,22
2.4000000953674316,-50.399993896484375,187,23,N,Seasonal q90,SON,20
2.4000000953674316,-50.20001220703125,187,24,N,Global q90,DJF,36
2.4000000953674316,-50.20001220703125,187,24,N,Global q90,MAM,26
2.4000000953674316,-50.20001220703125,187,24,N,Global q90,JJA,0
2.4000000953674316,-50.20001220703125,187,24,N,Global q90,SON,2
2.4000000953674316,-50.20001220703125,187,24,N,Seasonal q90,DJF,22
2.4000000953674316,-50.20001220703125,187,24,N,Seasonal q90,MAM,20
2.4000000953674316,-50.20001220703125,187,24,N,Seasonal q90,JJA,22
2.4000000953674316,-50.20001220703125,187,24,N,Seasonal q90,SON,23
2.5999999046325684,-50.79998779296875,188,21,N,Global q90,DJF,33
2.5999999046325684,-50.79998779296875,188,21,N,Global q90,MAM,29
2.5999999046325684,-50.79998779296875,188,21,N,Global q90,JJA,0
2.5999999046325684,-50.79998779296875,188,21,N,Global q90,SON,3
2.5999999046325684,-50.79998779296875,188,21,N,Seasonal q90,DJF,25
2.5999999046325684,-50.79998779296875,188,21,N,Seasonal q90,MAM,22
2.5999999046325684,-50.79998779296875,188,21,N,Seasonal q90,JJA,28
2.5999999046325684,-50.79998779296875,188,21,N,Seasonal q90,SON,22
2.5999999046325684,-50.600006103515625,188,22,N,Global q90,DJF,34
2.5999999046325684,-50.600006103515625,188,22,N,Global q90,MAM,29
2.5999999046325684,-50.600006103515625,188,22,N,Global q90,JJA,0
2.5999999046325684,-50.600006103515625,188,22,N,Global q90,SON,2
2.5999999046325684,-50.600006103515625,188,22,N,Seasonal q90,DJF,21
2.5999999046325684,-50.600006103515625,188,22,N,Seasonal q90,MAM,20
2.5999999046325684,-50.600006103515625,188,22,N,Seasonal q90,JJA,23
2.5999999046325684,-50.600006103515625,188,22,N,Seasonal q90,SON,20
2.5999999046325684,-50.399993896484375,188,23,N,Global q90,DJF,35
2.5999999046325684,-50.399993896484375,188,23,N,Global q90,MAM,25
2.5999999046325684,-50.399993896484375,188,23,N,Global q90,JJA,0
2.5999999046325684,-50.399993896484375,188,23,N,Global q90,SON,2
2.5999999046325684,-50.399993896484375,188,23,N,Seasonal q90,DJF,22
2.5999999046325684,-50.399993896484375,188,23,N,Seasonal q90,MAM,20
2.5999999046325684,-50.399993896484375,188,23,N,Seasonal q90,JJA,24
2.5999999046325684,-50.399993896484375,188,23,N,Seasonal q90,SON,20
2.799999952316284,-50.79998779296875,189,21,N,Global q90,DJF,33
2.799999952316284,-50.79998779296875,189,21,N,Global q90,MAM,27
2.799999952316284,-50.79998779296875,189,21,N,Global q90,JJA,0
2.799999952316284,-50.79998779296875,189,21,N,Global q90,SON,2
2.799999952316284,-50.79998779296875,189,21,N,Seasonal q90,DJF,24
2.799999952316284,-50.79998779296875,189,21,N,Seasonal q90,MAM,18
2.799999952316284,-50.79998779296875,189,21,N,Seasonal q90,JJA,24
2.799999952316284,-50.79998779296875,189,21,N,Seasonal q90,SON,18
2.799999952316284,-50.600006103515625,189,22,N,Global q90,DJF,34
2.799999952316284,-50.600006103515625,189,22,N,Global q90,MAM,24
2.799999952316284,-50.600006103515625,189,22,N,Global q90,JJA,0
2.799999952316284,-50.600006103515625,189,22,N,Global q90,SON,2
2.799999952316284,-50.600006103515625,189,22,N,Seasonal q90,DJF,23
2.799999952316284,-50.600006103515625,189,22,N,Seasonal q90,MAM,18
2.799999952316284,-50.600006103515625,189,22,N,Seasonal q90,JJA,25
2.799999952316284,-50.600006103515625,189,22,N,Seasonal q90,SON,20
3.0,-50.79998779296875,190,21,N,Global q90,DJF,33
3.0,-50.79998779296875,190,21,N,Global q90,MAM,27
3.0,-50.79998779296875,190,21,N,Global q90,JJA,0
3.0,-50.79998779296875,190,21,N,Global q90,SON,0
3.0,-50.79998779296875,190,21,N,Seasonal q90,DJF,22
3.0,-50.79998779296875,190,21,N,Seasonal q90,MAM,20
3.0,-50.79998779296875,190,21,N,Seasonal q90,JJA,22
3.0,-50.79998779296875,190,21,N,Seasonal q90,SON,17
3.0,-50.600006103515625,190,22,N,Global q90,DJF,33
3.0,-50.600006103515625,190,22,N,Global q90,MAM,25
3.0,-50.600006103515625,190,22,N,Global q90,JJA,0
3.0,-50.600006103515625,190,22,N,Global q90,SON,1
3.0,-50.600006103515625,190,22,N,Seasonal q90,DJF,21
3.0,-50.600006103515625,190,22,N,Seasonal q90,MAM,19
3.0,-50.600006103515625,190,22,N,Seasonal q90,JJA,22
3.0,-50.600006103515625,190,22,N,Seasonal q90,SON,18
3.200000047683716,-50.79998779296875,191,21,N,Global q90,DJF,34
3.200000047683716,-50.79998779296875,191,21,N,Global q90,MAM,28
3.200000047683716,-50.79998779296875,191,21,N,Global q90,JJA,0
3.200000047683716,-50.79998779296875,191,21,N,Global q90,SON,0
3.200000047683716,-50.79998779296875,191,21,N,Seasonal q90,DJF,22
3.200000047683716,-50.79998779296875,191,21,N,Seasonal q90,MAM,18
3.200000047683716,-50.79998779296875,191,21,N,Seasonal q90,JJA,19
3.200000047683716,-50.79998779296875,191,21,N,Seasonal q90,SON,19
3.200000047683716,-50.600006103515625,191,22,N,Global q90,DJF,34
3.200000047683716,-50.600006103515625,191,22,N,Global q90,MAM,30
3.200000047683716,-50.600006103515625,191,22,N,Global q90,JJA,0
3.200000047683716,-50.600006103515625,191,22,N,Global q90,SON,1
3.200000047683716,-50.600006103515625,191,22,N,Seasonal q90,DJF,21
3.200000047683716,-50.600006103515625,191,22,N,Seasonal q90,MAM,16
3.200000047683716,-50.600006103515625,191,22,N,Seasonal q90,JJA,16
3.200000047683716,-50.600006103515625,191,22,N,Seasonal q90,SON,20
3.4000000953674316,-50.79998779296875,192,21,N,Global q90,DJF,32
3.4000000953674316,-50.79998779296875,192,21,N,Global q90,MAM,26
3.4000000953674316,-50.79998779296875,192,21,N,Global q90,JJA,0
3.4000000953674316,-50.79998779296875,192,21,N,Global q90,SON,1
3.4000000953674316,-50.79998779296875,192,21,N,Seasonal q90,DJF,21
3.4000000953674316,-50.79998779296875,192,21,N,Seasonal q90,MAM,16
3.4000000953674316,-50.79998779296875,192,21,N,Seasonal q90,JJA,16
3.4000000953674316,-50.79998779296875,192,21,N,Seasonal q90,SON,17
3.5999999046325684,-51.0,193,20,N,Global q90,DJF,33
3.5999999046325684,-51.0,193,20,N,Global q90,MAM,33
3.5999999046325684,-51.0,193,20,N,Global q90,JJA,0
3.5999999046325684,-51.0,193,20,N,Global q90,SON,0
3.5999999046325684,-51.0,193,20,N,Seasonal q90,DJF,21
3.5999999046325684,-51.0,193,20,N,Seasonal q90,MAM,17
3.5999999046325684,-51.0,193,20,N,Seasonal q90,JJA,18
3.5999999046325684,-51.0,193,20,N,Seasonal q90,SON,20
3.5999999046325684,-50.79998779296875,193,21,N,Global q90,DJF,33
3.5999999046325684,-50.79998779296875,193,21,N,Global q90,MAM,29
3.5999999046325684,-50.79998779296875,193,21,N,Global q90,JJA,0
3.5999999046325684,-50.79998779296875,193,21,N,Global q90,SON,1
3.5999999046325684,-50.79998779296875,193,21,N,Seasonal q90,DJF,19
3.5999999046325684,-50.79998779296875,193,21,N,Seasonal q90,MAM,16
3.5999999046325684,-50.79998779296875,193,21,N,Seasonal q90,JJA,15
3.5999999046325684,-50.79998779296875,193,21,N,Seasonal q90,SON,19
3.799999952316284,-51.0,194,20,N,Global q90,DJF,32
3.799999952316284,-51.0,194,20,N,Global q90,MAM,32
3.799999952316284,-51.0,194,20,N,Global q90,JJA,0
3.799999952316284,-51.0,194,20,N,Global q90,SON,2
3.799999952316284,-51.0,194,20,N,Seasonal q90,DJF,19
3.799999952316284,-51.0,194,20,N,Seasonal q90,MAM,19
3.799999952316284,-51.0,194,20,N,Seasonal q90,JJA,22
3.799999952316284,-51.0,194,20,N,Seasonal q90,SON,23
3.799999952316284,-50.79998779296875,194,21,N,Global q90,DJF,35
3.799999952316284,-50.79998779296875,194,21,N,Global q90,MAM,31
3.799999952316284,-50.79998779296875,194,21,N,Global q90,JJA,0
3.799999952316284,-50.79998779296875,194,21,N,Global q90,SON,2
3.799999952316284,-50.79998779296875,194,21,N,Seasonal q90,DJF,19
3.799999952316284,-50.79998779296875,194,21,N,Seasonal q90,MAM,16
3.799999952316284,-50.79998779296875,194,21,N,Seasonal q90,JJA,18
3.799999952316284,-50.79998779296875,194,21,N,Seasonal q90,SON,21
4.0,-51.0,195,20,N,Global q90,DJF,36
4.0,-51.0,195,20,N,Global q90,MAM,33
4.0,-51.0,195,20,N,Global q90,JJA,0
4.0,-51.0,195,20,N,Global q90,SON,1
4.0,-51.0,195,20,N,Seasonal q90,DJF,18
4.0,-51.0,195,20,N,Seasonal q90,MAM,20
4.0,-51.0,195,20,N,Seasonal q90,JJA,17
4.0,-51.0,195,20,N,Seasonal q90,SON,21
4.0,-50.79998779296875,195,21,N,Global q90,DJF,35
4.0,-50.79998779296875,195,21,N,Global q90,MAM,29
4.0,-50.79998779296875,195,21,N,Global q90,JJA,0
4.0,-50.79998779296875,195,21,N,Global q90,SON,1
4.0,-50.79998779296875,195,21,N,Seasonal q90,DJF,17
4.0,-50.79998779296875,195,21,N,Seasonal q90,MAM,18
4.0,-50.79998779296875,195,21,N,Seasonal q90,JJA,16
4.0,-50.79998779296875,195,21,N,Seasonal q90,SON,19
4.199999809265137,-51.20001220703125,196,19,N,Global q90,DJF,36
4.199999809265137,-51.20001220703125,196,19,N,Global q90,MAM,37
4.199999809265137,-51.20001220703125,196,19,N,Global q90,JJA,1
4.199999809265137,-51.20001220703125,196,19,N,Global q90,SON,1
4.199999809265137,-51.20001220703125,196,19,N,Seasonal q90,DJF,22
4.199999809265137,-51.20001220703125,196,19,N,Seasonal q90,MAM,20
4.199999809265137,-51.20001220703125,196,19,N,Seasonal q90,JJA,27
4.199999809265137,-51.20001220703125,196,19,N,Seasonal q90,SON,22
4.199999809265137,-51.0,196,20,N,Global q90,DJF,33
4.199999809265137,-51.0,196,20,N,Global q90,MAM,36
4.199999809265137,-51.0,196,20,N,Global q90,JJA,0
4.199999809265137,-51.0,196,20,N,Global q90,SON,1
4.199999809265137,-51.0,196,20,N,Seasonal q90,DJF,18
4.199999809265137,-51.0,196,20,N,Seasonal q90,MAM,21
4.199999809265137,-51.0,196,20,N,Seasonal q90,JJA,18
4.199999809265137,-51.0,196,20,N,Seasonal q90,SON,23
4.199999809265137,-50.79998779296875,196,21,N,Global q90,DJF,33
4.199999809265137,-50.79998779296875,196,21,N,Global q90,MAM,26
4.199999809265137,-50.79998779296875,196,21,N,Global q90,JJA,0
4.199999809265137,-50.79998779296875,196,21,N,Global q90,SON,1
4.199999809265137,-50.79998779296875,196,21,N,Seasonal q90,DJF,17
4.199999809265137,-50.79998779296875,196,21,N,Seasonal q90,MAM,19
4.199999809265137,-50.79998779296875,196,21,N,Seasonal q90,JJA,15
4.199999809265137,-50.79998779296875,196,21,N,Seasonal q90,SON,14
4.400000095367432,-51.600006103515625,197,17,N,Global q90,DJF,42
4.400000095367432,-51.600006103515625,197,17,N,Global q90,MAM,30
4.400000095367432,-51.600006103515625,197,17,N,Global q90,JJA,0
4.400000095367432,-51.600006103515625,197,17,N,Global q90,SON,1
4.400000095367432,-51.600006103515625,197,17,N,Seasonal q90,DJF,23
4.400000095367432,-51.600006103515625,197,17,N,Seasonal q90,MAM,18
4.400000095367432,-51.600006103515625,197,17,N,Seasonal q90,JJA,21
4.400000095367432,-51.600006103515625,197,17,N,Seasonal q90,SON,16
4.400000095367432,-51.399993896484375,197,18,N,Global q90,DJF,39
4.400000095367432,-51.399993896484375,197,18,N,Global q90,MAM,28
4.400000095367432,-51.399993896484375,197,18,N,Global q90,JJA,0
4.400000095367432,-51.399993896484375,197,18,N,Global q90,SON,2
4.400000095367432,-51.399993896484375,197,18,N,Seasonal q90,DJF,23
4.400000095367432,-51.399993896484375,197,18,N,Seasonal q90,MAM,15
4.400000095367432,-51.399993896484375,197,18,N,Seasonal q90,JJA,23
4.400000095367432,-51.399993896484375,197,18,N,Seasonal q90,SON,17
4.400000095367432,-51.20001220703125,197,19,N,Global q90,DJF,37
4.400000095367432,-51.20001220703125,197,19,N,Global q90,MAM,33
4.400000095367432,-51.20001220703125,197,19,N,Global q90,JJA,0
4.400000095367432,-51.20001220703125,197,19,N,Global q90,SON,2
4.400000095367432,-51.20001220703125,197,19,N,Seasonal q90,DJF,24
4.400000095367432,-51.20001220703125,197,19,N,Seasonal q90,MAM,19
4.400000095367432,-51.20001220703125,197,19,N,Seasonal q90,JJA,21
4.400000095367432,-51.20001220703125,197,19,N,Seasonal q90,SON,18
4.400000095367432,-51.0,197,20,N,Global q90,DJF,35
4.400000095367432,-51.0,197,20,N,Global q90,MAM,31
4.400000095367432,-51.0,197,20,N,Global q90,JJA,0
4.400000095367432,-51.0,197,20,N,Global q90,SON,2
4.400000095367432,-51.0,197,20,N,Seasonal q90,DJF,22
4.400000095367432,-51.0,197,20,N,Seasonal q90,MAM,20
4.400000095367432,-51.0,197,20,N,Seasonal q90,JJA,17
4.400000095367432,-51.0,197,20,N,Seasonal q90,SON,18
4.599999904632568,-51.600006103515625,198,17,N,Global q90,DJF,37
4.599999904632568,-51.600006103515625,198,17,N,Global q90,MAM,25
4.599999904632568,-51.600006103515625,198,17,N,Global q90,JJA,0
4.599999904632568,-51.600006103515625,198,17,N,Global q90,SON,0
4.599999904632568,-51.600006103515625,198,17,N,Seasonal q90,DJF,20
4.599999904632568,-51.600006103515625,198,17,N,Seasonal q90,MAM,16
4.599999904632568,-51.600006103515625,198,17,N,Seasonal q90,JJA,18
4.599999904632568,-51.600006103515625,198,17,N,Seasonal q90,SON,16
4.599999904632568,-51.399993896484375,198,18,N,Global q90,DJF,37
4.599999904632568,-51.399993896484375,198,18,N,Global q90,MAM,26
4.599999904632568,-51.399993896484375,198,18,N,Global q90,JJA,0
4.599999904632568,-51.399993896484375,198,18,N,Global q90,SON,2
4.599999904632568,-51.399993896484375,198,18,N,Seasonal q90,DJF,21
4.599999904632568,-51.399993896484375,198,18,N,Seasonal q90,MAM,14
4.599999904632568,-51.399993896484375,198,18,N,Seasonal q90,JJA,16
4.599999904632568,-51.399993896484375,198,18,N,Seasonal q90,SON,17
4.599999904632568,-51.20001220703125,198,19,N,Global q90,DJF,35
4.599999904632568,-51.20001220703125,198,19,N,Global q90,MAM,26
4.599999904632568,-51.20001220703125,198,19,N,Global q90,JJA,0
4.599999904632568,-51.20001220703125,198,19,N,Global q90,SON,2
4.599999904632568,-51.20001220703125,198,19,N,Seasonal q90,DJF,22
4.599999904632568,-51.20001220703125,198,19,N,Seasonal q90,MAM,14
4.599999904632568,-51.20001220703125,198,19,N,Seasonal q90,JJA,19
4.599999904632568,-51.20001220703125,198,19,N,Seasonal q90,SON,15
4.599999904632568,-51.0,198,20,N,Global q90,DJF,32
4.599999904632568,-51.0,198,20,N,Global q90,MAM,24
4.599999904632568,-51.0,198,20,N,Global q90,JJA,0
4.599999904632568,-51.0,198,20,N,Global q90,SON,2
4.599999904632568,-51.0,198,20,N,Seasonal q90,DJF,20
4.599999904632568,-51.0,198,20,N,Seasonal q90,MAM,13
4.599999904632568,-51.0,198,20,N,Seasonal q90,JJA,19
4.599999904632568,-51.0,198,20,N,Seasonal q90,SON,16
4.800000190734863,-52.0,199,15,N,Global q90,DJF,42
4.800000190734863,-52.0,199,15,N,Global q90,MAM,27
4.800000190734863,-52.0,199,15,N,Global q90,JJA,0
4.800000190734863,-52.0,199,15,N,Global q90,SON,0
4.800000190734863,-52.0,199,15,N,Seasonal q90,DJF,18
4.800000190734863,-52.0,199,15,N,Seasonal q90,MAM,17
4.800000190734863,-52.0,199,15,N,Seasonal q90,JJA,17
4.800000190734863,-52.0,199,15,N,Seasonal q90,SON,17
4.800000190734863,-51.79998779296875,199,16,N,Global q90,DJF,40
4.800000190734863,-51.79998779296875,199,16,N,Global q90,MAM,24
4.800000190734863,-51.79998779296875,199,16,N,Global q90,JJA,0
4.800000190734863,-51.79998779296875,199,16,N,Global q90,SON,0
4.800000190734863,-51.79998779296875,199,16,N,Seasonal q90,DJF,19
4.800000190734863,-51.79998779296875,199,16,N,Seasonal q90,MAM,17
4.800000190734863,-51.79998779296875,199,16,N,Seasonal q90,JJA,17
4.800000190734863,-51.79998779296875,199,16,N,Seasonal q90,SON,15
4.800000190734863,-51.600006103515625,199,17,N,Global q90,DJF,37
4.800000190734863,-51.600006103515625,199,17,N,Global q90,MAM,26
4.800000190734863,-51.600006103515625,199,17,N,Global q90,JJA,0
4.800000190734863,-51.600006103515625,199,17,N,Global q90,SON,0
4.800000190734863,-51.600006103515625,199,17,N,Seasonal q90,DJF,19
4.800000190734863,-51.600006103515625,199,17,N,Seasonal q90,MAM,15
4.800000190734863,-51.600006103515625,199,17,N,Seasonal q90,JJA,16
4.800000190734863,-51.600006103515625,199,17,N,Seasonal q90,SON,15
4.800000190734863,-51.399993896484375,199,18,N,Global q90,DJF,36
4.800000190734863,-51.399993896484375,199,18,N,Global q90,MAM,24
4.800000190734863,-51.399993896484375,199,18,N,Global q90,JJA,0
4.800000190734863,-51.399993896484375,199,18,N,Global q90,SON,2
4.800000190734863,-51.399993896484375,199,18,N,Seasonal q90,DJF,16
4.800000190734863,-51.399993896484375,199,18,N,Seasonal q90,MAM,14
4.800000190734863,-51.399993896484375,199,18,N,Seasonal q90,JJA,17
4.800000190734863,-51.399993896484375,199,18,N,Seasonal q90,SON,16
5.0,-52.20001220703125,200,14,N,Global q90,DJF,41
5.0,-52.20001220703125,200,14,N,Global q90,MAM,29
5.0,-52.20001220703125,200,14,N,Global q90,JJA,0
5.0,-52.20001220703125,200,14,N,Global q90,SON,1
5.0,-52.20001220703125,200,14,N,Seasonal q90,DJF,21
5.0,-52.20001220703125,200,14,N,Seasonal q90,MAM,13
5.0,-52.20001220703125,200,14,N,Seasonal q90,JJA,18
5.0,-52.20001220703125,200,14,N,Seasonal q90,SON,20
5.0,-52.0,200,15,N,Global q90,DJF,40
5.0,-52.0,200,15,N,Global q90,MAM,26
5.0,-52.0,200,15,N,Global q90,JJA,0
5.0,-52.0,200,15,N,Global q90,SON,0
5.0,-52.0,200,15,N,Seasonal q90,DJF,22
5.0,-52.0,200,15,N,Seasonal q90,MAM,13
5.0,-52.0,200,15,N,Seasonal q90,JJA,16
5.0,-52.0,200,15,N,Seasonal q90,SON,15
5.0,-51.79998779296875,200,16,N,Global q90,DJF,37
5.0,-51.79998779296875,200,16,N,Global q90,MAM,25
5.0,-51.79998779296875,200,16,N,Global q90,JJA,0
5.0,-51.79998779296875,200,16,N,Global q90,SON,0
5.0,-51.79998779296875,200,16,N,Seasonal q90,DJF,20
5.0,-51.79998779296875,200,16,N,Seasonal q90,MAM,14
5.0,-51.79998779296875,200,16,N,Seasonal q90,JJA,16
5.0,-51.79998779296875,200,16,N,Seasonal q90,SON,15
5.0,-51.600006103515625,200,17,N,Global q90,DJF,37
5.0,-51.600006103515625,200,17,N,Global q90,MAM,25
5.0,-51.600006103515625,200,17,N,Global q90,JJA,0
5.0,-51.600006103515625,200,17,N,Global q90,SON,0
5.0,-51.600006103515625,200,17,N,Seasonal q90,DJF,18
5.0,-51.600006103515625,200,17,N,Seasonal q90,MAM,15
5.0,-51.600006103515625,200,17,N,Seasonal q90,JJA,16
5.0,-51.600006103515625,200,17,N,Seasonal q90,SON,15
5.199999809265137,-52.600006103515625,201,12,N,Global q90,DJF,41
5.199999809265137,-52.600006103515625,201,12,N,Global q90,MAM,30
5.199999809265137,-52.600006103515625,201,12,N,Global q90,JJA,0
5.199999809265137,-52.600006103515625,201,12,N,Global q90,SON,2
5.199999809265137,-52.600006103515625,201,12,N,Seasonal q90,DJF,22
5.199999809265137,-52.600006103515625,201,12,N,Seasonal q90,MAM,16
5.199999809265137,-52.600006103515625,201,12,N,Seasonal q90,JJA,20
5.199999809265137,-52.600006103515625,201,12,N,Seasonal q90,SON,21
5.199999809265137,-52.399993896484375,201,13,N,Global q90,DJF,40
5.199999809265137,-52.399993896484375,201,13,N,Global q90,MAM,25
5.199999809265137,-52.399993896484375,201,13,N,Global q90,JJA,0
5.199999809265137,-52.399993896484375,201,13,N,Global q90,SON,1
5.199999809265137,-52.399993896484375,201,13,N,Seasonal q90,DJF,19
5.199999809265137,-52.399993896484375,201,13,N,Seasonal q90,MAM,12
5.199999809265137,-52.399993896484375,201,13,N,Seasonal q90,JJA,18
5.199999809265137,-52.399993896484375,201,13,N,Seasonal q90,SON,21
5.199999809265137,-52.20001220703125,201,14,N,Global q90,DJF,33
5.199999809265137,-52.20001220703125,201,14,N,Global q90,MAM,28
5.199999809265137,-52.20001220703125,201,14,N,Global q90,JJA,0
5.199999809265137,-52.20001220703125,201,14,N,Global q90,SON,0
5.199999809265137,-52.20001220703125,201,14,N,Seasonal q90,DJF,19
5.199999809265137,-52.20001220703125,201,14,N,Seasonal q90,MAM,14
5.199999809265137,-52.20001220703125,201,14,N,Seasonal q90,JJA,17
5.199999809265137,-52.20001220703125,201,14,N,Seasonal q90,SON,16
5.199999809265137,-52.0,201,15,N,Global q90,DJF,34
5.199999809265137,-52.0,201,15,N,Global q90,MAM,27
5.199999809265137,-52.0,201,15,N,Global q90,JJA,0
5.199999809265137,-52.0,201,15,N,Global q90,SON,0
5.199999809265137,-52.0,201,15,N,Seasonal q90,DJF,19
5.199999809265137,-52.0,201,15,N,Seasonal q90,MAM,16
5.199999809265137,-52.0,201,15,N,Seasonal q90,JJA,14
5.199999809265137,-52.0,201,15,N,Seasonal q90,SON,15
5.400000095367432,-52.600006103515625,202,12,N,Global q90,DJF,37
5.400000095367432,-52.600006103515625,202,12,N,Global q90,MAM,29
5.400000095367432,-52.600006103515625,202,12,N,Global q90,JJA,0
5.400000095367432,-52.600006103515625,202,12,N,Global q90,SON,2
5.400000095367432,-52.600006103515625,202,12,N,Seasonal q90,DJF,21
5.400000095367432,-52.600006103515625,202,12,N,Seasonal q90,MAM,16
5.400000095367432,-52.600006103515625,202,12,N,Seasonal q90,JJA,18
5.400000095367432,-52.600006103515625,202,12,N,Seasonal q90,SON,17
5.400000095367432,-52.399993896484375,202,13,N,Global q90,DJF,36
5.400000095367432,-52.399993896484375,202,13,N,Global q90,MAM,27
5.400000095367432,-52.399993896484375,202,13,N,Global q90,JJA,0
5.400000095367432,-52.399993896484375,202,13,N,Global q90,SON,1
5.400000095367432,-52.399993896484375,202,13,N,Seasonal q90,DJF,22
5.400000095367432,-52.399993896484375,202,13,N,Seasonal q90,MAM,12
5.400000095367432,-52.399993896484375,202,13,N,Seasonal q90,JJA,16
5.400000095367432,-52.399993896484375,202,13,N,Seasonal q90,SON,18
5.599999904632568,-53.399993896484375,203,8,N,Global q90,DJF,40
5.599999904632568,-53.399993896484375,203,8,N,Global q90,MAM,31
5.599999904632568,-53.399993896484375,203,8,N,Global q90,JJA,1
5.599999904632568,-53.399993896484375,203,8,N,Global q90,SON,1
5.599999904632568,-53.399993896484375,203,8,N,Seasonal q90,DJF,18
5.599999904632568,-53.399993896484375,203,8,N,Seasonal q90,MAM,14
5.599999904632568,-53.399993896484375,203,8,N,Seasonal q90,JJA,21
5.599999904632568,-53.399993896484375,203,8,N,Seasonal q90,SON,17
5.599999904632568,-53.20001220703125,203,9,N,Global q90,DJF,38
5.599999904632568,-53.20001220703125,203,9,N,Global q90,MAM,28
5.599999904632568,-53.20001220703125,203,9,N,Global q90,JJA,1
5.599999904632568,-53.20001220703125,203,9,N,Global q90,SON,1
5.599999904632568,-53.20001220703125,203,9,N,Seasonal q90,DJF,20
5.599999904632568,-53.20001220703125,203,9,N,Seasonal q90,MAM,13
5.599999904632568,-53.20001220703125,203,9,N,Seasonal q90,JJA,20
5.599999904632568,-53.20001220703125,203,9,N,Seasonal q90,SON,18
5.599999904632568,-53.0,203,10,N,Global q90,DJF,39
5.599999904632568,-53.0,203,10,N,Global q90,MAM,26
5.599999904632568,-53.0,203,10,N,Global q90,JJA,0
5.599999904632568,-53.0,203,10,N,Global q90,SON,1
5.599999904632568,-53.0,203,10,N,Seasonal q90,DJF,20
5.599999904632568,-53.0,203,10,N,Seasonal q90,MAM,15
5.599999904632568,-53.0,203,10,N,Seasonal q90,JJA,19
5.599999904632568,-53.0,203,10,N,Seasonal q90,SON,19
5.599999904632568,-52.79998779296875,203,11,N,Global q90,DJF,38
5.599999904632568,-52.79998779296875,203,11,N,Global q90,MAM,29
5.599999904632568,-52.79998779296875,203,11,N,Global q90,JJA,0
5.599999904632568,-52.79998779296875,203,11,N,Global q90,SON,1
5.599999904632568,-52.79998779296875,203,11,N,Seasonal q90,DJF,18
5.599999904632568,-52.79998779296875,203,11,N,Seasonal q90,MAM,15
5.599999904632568,-52.79998779296875,203,11,N,Seasonal q90,JJA,17
5.599999904632568,-52.79998779296875,203,11,N,Seasonal q90,SON,19
5.599999904632568,-52.600006103515625,203,12,N,Global q90,DJF,37
5.599999904632568,-52.600006103515625,203,12,N,Global q90,MAM,27
5.599999904632568,-52.600006103515625,203,12,N,Global q90,JJA,0
5.599999904632568,-52.600006103515625,203,12,N,Global q90,SON,1
5.599999904632568,-52.600006103515625,203,12,N,Seasonal q90,DJF,17
5.599999904632568,-52.600006103515625,203,12,N,Seasonal q90,MAM,16
5.599999904632568,-52.600006103515625,203,12,N,Seasonal q90,JJA,19
5.599999904632568,-52.600006103515625,203,12,N,Seasonal q90,SON,18
5.800000190734863,-53.600006103515625,204,7,N,Global q90,DJF,36
5.800000190734863,-53.600006103515625,204,7,N,Global q90,MAM,26
5.800000190734863,-53.600006103515625,204,7,N,Global q90,JJA,1
5.800000190734863,-53.600006103515625,204,7,N,Global q90,SON,4
5.800000190734863,-53.600006103515625,204,7,N,Seasonal q90,DJF,22
5.800000190734863,-53.600006103515625,204,7,N,Seasonal q90,MAM,16
5.800000190734863,-53.600006103515625,204,7,N,Seasonal q90,JJA,19
5.800000190734863,-53.600006103515625,204,7,N,Seasonal q90,SON,20
5.800000190734863,-53.399993896484375,204,8,N,Global q90,DJF,36
5.800000190734863,-53.399993896484375,204,8,N,Global q90,MAM,28
5.800000190734863,-53.399993896484375,204,8,N,Global q90,JJA,1
5.800000190734863,-53.399993896484375,204,8,N,Global q90,SON,4
5.800000190734863,-53.399993896484375,204,8,N,Seasonal q90,DJF,21
5.800000190734863,-53.399993896484375,204,8,N,Seasonal q90,MAM,15
5.800000190734863,-53.399993896484375,204,8,N,Seasonal q90,JJA,19
5.800000190734863,-53.399993896484375,204,8,N,Seasonal q90,SON,21
5.800000190734863,-53.20001220703125,204,9,N,Global q90,DJF,37
5.800000190734863,-53.20001220703125,204,9,N,Global q90,MAM,26
5.800000190734863,-53.20001220703125,204,9,N,Global q90,JJA,0
5.800000190734863,-53.20001220703125,204,9,N,Global q90,SON,1
5.800000190734863,-53.20001220703125,204,9,N,Seasonal q90,DJF,18
5.800000190734863,-53.20001220703125,204,9,N,Seasonal q90,MAM,13
5.800000190734863,-53.20001220703125,204,9,N,Seasonal q90,JJA,18
5.800000190734863,-53.20001220703125,204,9,N,Seasonal q90,SON,19
5.800000190734863,-53.0,204,10,N,Global q90,DJF,38
5.800000190734863,-53.0,204,10,N,Global q90,MAM,27
5.800000190734863,-53.0,204,10,N,Global q90,JJA,0
5.800000190734863,-53.0,204,10,N,Global q90,SON,1
5.800000190734863,-53.0,204,10,N,Seasonal q90,DJF,19
5.800000190734863,-53.0,204,10,N,Seasonal q90,MAM,15
5.800000190734863,-53.0,204,10,N,Seasonal q90,JJA,17
5.800000190734863,-53.0,204,10,N,Seasonal q90,SON,21
5.800000190734863,-52.79998779296875,204,11,N,Global q90,DJF,38
5.800000190734863,-52.79998779296875,204,11,N,Global q90,MAM,29
5.800000190734863,-52.79998779296875,204,11,N,Global q90,JJA,0
5.800000190734863,-52.79998779296875,204,11,N,Global q90,SON,1
5.800000190734863,-52.79998779296875,204,11,N,Seasonal q90,DJF,18
5.800000190734863,-52.79998779296875,204,11,N,Seasonal q90,MAM,15
5.800000190734863,-52.79998779296875,204,11,N,Seasonal q90,JJA,17
5.800000190734863,-52.79998779296875,204,11,N,Seasonal q90,SON,21
6.0,-54.20001220703125,205,4,N,Global q90,DJF,31
6.0,-54.20001220703125,205,4,N,Global q90,MAM,25
6.0,-54.20001220703125,205,4,N,Global q90,JJA,0
6.0,-54.20001220703125,205,4,N,Global q90,SON,2
6.0,-54.20001220703125,205,4,N,Seasonal q90,DJF,17
6.0,-54.20001220703125,205,4,N,Seasonal q90,MAM,16
6.0,-54.20001220703125,205,4,N,Seasonal q90,JJA,19
6.0,-54.20001220703125,205,4,N,Seasonal q90,SON,18
6.0,-54.0,205,5,N,Global q90,DJF,33
6.0,-54.0,205,5,N,Global q90,MAM,23
6.0,-54.0,205,5,N,Global q90,JJA,0
6.0,-54.0,205,5,N,Global q90,SON,3
6.0,-54.0,205,5,N,Seasonal q90,DJF,17
6.0,-54.0,205,5,N,Seasonal q90,MAM,15
6.0,-54.0,205,5,N,Seasonal q90,JJA,19
6.0,-54.0,205,5,N,Seasonal q90,SON,17
6.0,-53.79998779296875,205,6,N,Global q90,DJF,35
6.0,-53.79998779296875,205,6,N,Global q90,MAM,24
6.0,-53.79998779296875,205,6,N,Global q90,JJA,0
6.0,-53.79998779296875,205,6,N,Global q90,SON,4
6.0,-53.79998779296875,205,6,N,Seasonal q90,DJF,17
6.0,-53.79998779296875,205,6,N,Seasonal q90,MAM,16
6.0,-53.79998779296875,205,6,N,Seasonal q90,JJA,18
6.0,-53.79998779296875,205,6,N,Seasonal q90,SON,19
6.0,-53.600006103515625,205,7,N,Global q90,DJF,34
6.0,-53.600006103515625,205,7,N,Global q90,MAM,24
6.0,-53.600006103515625,205,7,N,Global q90,JJA,0
6.0,-53.600006103515625,205,7,N,Global q90,SON,4
6.0,-53.600006103515625,205,7,N,Seasonal q90,DJF,19
6.0,-53.600006103515625,205,7,N,Seasonal q90,MAM,17
6.0,-53.600006103515625,205,7,N,Seasonal q90,JJA,18
6.0,-53.600006103515625,205,7,N,Seasonal q90,SON,19
6.0,-53.399993896484375,205,8,N,Global q90,DJF,35
6.0,-53.399993896484375,205,8,N,Global q90,MAM,23
6.0,-53.399993896484375,205,8,N,Global q90,JJA,0
6.0,-53.399993896484375,205,8,N,Global q90,SON,2
6.0,-53.399993896484375,205,8,N,Seasonal q90,DJF,19
6.0,-53.399993896484375,205,8,N,Seasonal q90,MAM,16
6.0,-53.399993896484375,205,8,N,Seasonal q90,JJA,18
6.0,-53.399993896484375,205,8,N,Seasonal q90,SON,18
6.0,-53.20001220703125,205,9,N,Global q90,DJF,36
6.0,-53.20001220703125,205,9,N,Global q90,MAM,24
6.0,-53.20001220703125,205,9,N,Global q90,JJA,0
6.0,-53.20001220703125,205,9,N,Global q90,SON,2
6.0,-53.20001220703125,205,9,N,Seasonal q90,DJF,19
6.0,-53.20001220703125,205,9,N,Seasonal q90,MAM,15
6.0,-53.20001220703125,205,9,N,Seasonal q90,JJA,17
6.0,-53.20001220703125,205,9,N,Seasonal q90,SON,20
