grid_lat,grid_lon,compound_count_total,mean_overlap_duration,mean_compound_intensity_norm,compound_count_annual_mean,mean_compound_intensity_norm_abspeak,Hazard_Frequency,Hazard_Duration,Hazard_Intensity,Hazard_Index_raw,Hazard_Index,n_events,thr_hs_abs,thr_ssh_total_abs,intensity_abspeak,intensity_adopted,hs_term_abspeak,ssh_term_abspeak,hs_term_adopted,ssh_term_adopted,clipped_high_abspeak,clipped_high_adopted,hazard_adopted,hazard_abspeak_raw,hazard_abspeak,intensity_difference,hazard_difference,hs_term_difference,ssh_term_difference,hs_contribution,ssh_contribution
-35.000000,-54.800000,322,1.580000,0.484900,9.760000,0.334600,1.000000,0.256000,0.927460,0.727820,1.000000,322,2.140000,0.575292,0.334597,0.484898,0.562919,0.106275,0.435696,0.534101,0.027950,0.242236,1.000000,0.561133,0.790101,-0.150301,-0.209899,0.127223,-0.427826,0.063612,-0.213913
-35.000000,-54.600000,294,1.620000,0.504400,8.910000,0.380100,0.899642,0.288000,0.984728,0.724123,0.993637,294,2.340000,0.568502,0.380055,0.504358,0.659876,0.100234,0.483393,0.525323,0.071429,0.248299,0.993637,0.562450,0.792846,-0.124303,-0.200792,0.176483,-0.425089,0.088242,-0.212544
-35.000000,-54.400000,291,1.560000,0.484200,8.820000,0.403300,0.888889,0.240000,0.925404,0.684764,0.925892,291,2.498000,0.561985,0.403327,0.484207,0.721171,0.085484,0.498211,0.470203,0.130584,0.202749,0.925892,0.555205,0.777750,-0.080880,-0.148141,0.222960,-0.384719,0.111480,-0.192360
-35.000000,-54.200000,276,1.550000,0.476600,8.360000,0.420700,0.835125,0.232000,0.903084,0.656736,0.877650,276,2.600000,0.555906,0.420658,0.476556,0.766683,0.074634,0.525895,0.427217,0.199275,0.224638,0.877650,0.543807,0.754001,-0.055898,-0.123649,0.240787,-0.352583,0.120394,-0.176292
-35.000000,-54.000000,252,1.580000,0.476200,7.640000,0.433700,0.749104,0.256000,0.901909,0.635671,0.841392,252,2.670000,0.553987,0.433750,0.476210,0.798826,0.068675,0.551646,0.400774,0.265873,0.250000,0.841392,0.530075,0.725389,-0.042459,-0.116003,0.247180,-0.332099,0.123590,-0.166049
-34.800000,-54.400000,302,1.520000,0.493800,9.150000,0.355400,0.928315,0.208000,0.953598,0.696638,0.946329,302,2.190000,0.625770,0.355385,0.493800,0.578039,0.132730,0.427152,0.560448,0.046358,0.261589,0.946329,0.532260,0.729942,-0.138416,-0.216387,0.150887,-0.427718,0.075443,-0.213859
-34.800000,-54.200000,288,1.560000,0.504800,8.730000,0.404300,0.878136,0.240000,0.985903,0.701346,0.954433,288,2.430000,0.613323,0.404326,0.504798,0.688683,0.119969,0.477686,0.531909,0.104167,0.263889,0.954433,0.552150,0.771385,-0.100472,-0.183048,0.210997,-0.411941,0.105498,-0.205970
-34.800000,-54.000000,270,1.600000,0.501700,8.180000,0.429900,0.813620,0.272000,0.976799,0.687473,0.930554,270,2.580000,0.597247,0.429916,0.501729,0.757021,0.102811,0.518328,0.485131,0.166667,0.240741,0.930554,0.554880,0.777073,-0.071814,-0.153481,0.238693,-0.382320,0.119346,-0.191160
-34.800000,-53.800000,247,1.610000,0.497500,7.490000,0.448200,0.731183,0.280000,0.964464,0.658549,0.880770,247,2.700000,0.578266,0.448227,0.497520,0.811437,0.085017,0.559389,0.435651,0.246964,0.259109,0.880770,0.539777,0.745604,-0.049293,-0.135165,0.252048,-0.350633,0.126024,-0.175317
-34.800000,-53.600000,235,1.600000,0.470200,7.120000,0.458700,0.688172,0.272000,0.884288,0.614820,0.805503,235,2.850000,0.555919,0.458686,0.470249,0.852576,0.064797,0.564456,0.376043,0.340426,0.242553,0.805503,0.528319,0.721731,-0.011563,-0.083772,0.288120,-0.311246,0.144060,-0.155623
-34.600000,-54.000000,270,1.580000,0.497000,8.180000,0.383800,0.813620,0.256000,0.962996,0.677539,0.913455,270,2.300000,0.659708,0.383764,0.497006,0.623511,0.144017,0.442075,0.551937,0.055556,0.255556,0.913455,0.525076,0.714973,-0.113242,-0.198482,0.181436,-0.407921,0.090718,-0.203960
-34.600000,-53.800000,259,1.620000,0.509600,7.850000,0.418200,0.774194,0.288000,1.000000,0.687398,0.930425,259,2.470000,0.640632,0.418210,0.509622,0.706083,0.130338,0.487849,0.531394,0.092664,0.247104,0.930425,0.540865,0.747871,-0.091411,-0.182554,0.218234,-0.401056,0.109117,-0.200528
-34.600000,-53.600000,258,1.600000,0.498400,7.820000,0.450800,0.770609,0.272000,0.967107,0.669906,0.900317,258,2.690000,0.612657,0.450845,0.498388,0.796987,0.104703,0.534314,0.462461,0.220930,0.248062,0.900317,0.551640,0.770323,-0.047543,-0.129994,0.262674,-0.357759,0.131337,-0.178879
-34.600000,-53.400000,240,1.580000,0.478800,7.270000,0.464000,0.706093,0.256000,0.909545,0.623879,0.821096,240,2.850000,0.578163,0.463976,0.478831,0.849939,0.078013,0.558824,0.398838,0.316667,0.254167,0.821096,0.531764,0.728909,-0.014855,-0.092187,0.291115,-0.320825,0.145558,-0.160413
-34.400000,-53.800000,287,1.490000,0.418200,8.700000,0.223300,0.874552,0.184000,0.731571,0.596708,0.774328,287,1.590000,0.702734,0.223303,0.418153,0.288446,0.158161,0.300830,0.535477,0.000000,0.181185,0.774328,0.436305,0.530012,-0.194850,-0.244315,-0.012385,-0.377315,-0.006192,-0.188658
-34.400000,-53.600000,253,1.570000,0.475900,7.670000,0.372100,0.752688,0.248000,0.901028,0.633905,0.838353,253,2.250000,0.684484,0.372077,0.475878,0.597099,0.147056,0.427604,0.524152,0.039526,0.213439,0.838353,0.495902,0.654187,-0.103801,-0.184166,0.169495,-0.377096,0.084747,-0.188548
-34.400000,-53.400000,249,1.560000,0.489100,7.550000,0.443500,0.738351,0.240000,0.939794,0.639382,0.847779,249,2.630000,0.647297,0.443517,0.489122,0.766583,0.120452,0.506999,0.471244,0.164659,0.220884,0.847779,0.526336,0.717599,-0.045604,-0.130180,0.259584,-0.350793,0.129792,-0.175396
-34.200000,-53.600000,237,1.430000,0.437100,7.180000,0.306200,0.695341,0.136000,0.787078,0.539473,0.675814,237,1.950000,0.737133,0.306232,0.437103,0.440271,0.172192,0.338887,0.535319,0.008439,0.181435,0.675814,0.404539,0.463825,-0.130871,-0.211989,0.101385,-0.363127,0.050692,-0.181563
-34.200000,-53.400000,251,1.550000,0.479400,7.610000,0.413600,0.745520,0.232000,0.911307,0.629609,0.830958,251,2.440000,0.704151,0.413579,0.479398,0.674358,0.152801,0.446596,0.512201,0.087649,0.223108,0.830958,0.510184,0.683946,-0.065819,-0.147012,0.227762,-0.359400,0.113881,-0.179700
-34.200000,-53.200000,244,1.580000,0.490600,7.390000,0.453700,0.720430,0.256000,0.944200,0.640210,0.849204,244,2.690000,0.655482,0.453712,0.490616,0.781871,0.125553,0.500844,0.480388,0.172131,0.225410,0.849204,0.531101,0.727527,-0.036904,-0.121677,0.281027,-0.354835,0.140514,-0.177417
-34.000000,-53.400000,238,1.490000,0.459400,7.210000,0.360200,0.698925,0.184000,0.852570,0.578498,0.742985,238,2.150000,0.760127,0.360215,0.459414,0.539877,0.180552,0.386647,0.532180,0.029412,0.214286,0.742985,0.450357,0.559291,-0.099199,-0.183694,0.153230,-0.351628,0.076615,-0.175814
-34.000000,-53.200000,252,1.540000,0.475800,7.640000,0.415900,0.749104,0.224000,0.900734,0.624613,0.822358,252,2.450000,0.716269,0.415948,0.475822,0.675126,0.156770,0.441322,0.510323,0.091270,0.218254,0.822358,0.509969,0.683496,-0.059874,-0.138862,0.233804,-0.353553,0.116902,-0.176776
-34.000000,-53.000000,247,1.610000,0.498300,7.490000,0.462600,0.731183,0.280000,0.966814,0.659332,0.882118,247,2.720000,0.661232,0.462603,0.498254,0.796800,0.128406,0.514319,0.482189,0.210526,0.234818,0.882118,0.547399,0.761486,-0.035651,-0.120631,0.282481,-0.353783,0.141240,-0.176892
-33.800000,-53.400000,241,1.390000,0.409800,7.300000,0.261900,0.709677,0.104000,0.706902,0.506860,0.619680,241,1.700000,0.808810,0.261853,0.409845,0.321524,0.202182,0.286002,0.533688,0.000000,0.195021,0.619680,0.375121,0.402528,-0.147992,-0.217152,0.035522,-0.331506,0.017761,-0.165753
-33.800000,-53.200000,252,1.520000,0.467100,7.640000,0.358700,0.749104,0.208000,0.875184,0.610762,0.798519,252,2.120000,0.772089,0.358675,0.467052,0.530423,0.186928,0.392653,0.541450,0.019841,0.206349,0.798519,0.474268,0.609110,-0.108376,-0.189409,0.137770,-0.354523,0.068885,-0.177261
-33.800000,-53.000000,263,1.570000,0.478800,7.970000,0.425900,0.788530,0.248000,0.909545,0.648692,0.863803,263,2.490000,0.723174,0.425942,0.478791,0.692280,0.159604,0.447635,0.509948,0.102662,0.205323,0.863803,0.536410,0.738589,-0.052850,-0.125215,0.244645,-0.350344,0.122323,-0.175172
-33.800000,-52.800000,264,1.570000,0.486000,8.000000,0.463600,0.792115,0.248000,0.930690,0.656935,0.877992,264,2.740000,0.670262,0.463630,0.486002,0.798119,0.129141,0.505375,0.466628,0.212121,0.227273,0.877992,0.557588,0.782715,-0.022372,-0.095277,0.292743,-0.337487,0.146372,-0.168744
-33.600000,-53.000000,266,1.510000,0.430800,8.060000,0.251200,0.799283,0.200000,0.768576,0.589286,0.761554,266,1.630000,0.779094,0.251196,0.430804,0.312333,0.190060,0.317089,0.544518,0.000000,0.191729,0.761554,0.431339,0.519664,-0.179607,-0.241890,-0.004756,-0.354459,-0.002378,-0.177229
-33.600000,-52.800000,258,1.570000,0.464900,7.820000,0.388100,0.770609,0.248000,0.868722,0.629111,0.830100,258,2.320000,0.730191,0.388128,0.464893,0.611438,0.164819,0.407290,0.522495,0.042636,0.186047,0.830100,0.510386,0.684366,-0.076765,-0.145734,0.204147,-0.357677,0.102074,-0.178838
-33.600000,-52.600000,260,1.600000,0.478700,7.880000,0.451900,0.777778,0.272000,0.909251,0.653010,0.871235,260,2.680000,0.671725,0.451892,0.478678,0.774148,0.129635,0.490979,0.466377,0.169231,0.215385,0.871235,0.554585,0.776458,-0.026786,-0.094777,0.283169,-0.336742,0.141585,-0.168371
-33.400000,-52.800000,258,1.510000,0.453900,7.820000,0.313200,0.770609,0.200000,0.836417,0.602342,0.784026,258,1.910000,0.778192,0.313237,0.453928,0.435500,0.190974,0.356361,0.551495,0.011628,0.193798,0.784026,0.454676,0.568290,-0.140691,-0.215736,0.079139,-0.360521,0.039569,-0.180261
-33.400000,-52.600000,258,1.570000,0.461800,7.820000,0.376000,0.770609,0.248000,0.859618,0.626076,0.824876,258,2.270000,0.719828,0.376019,0.461808,0.592583,0.159455,0.404611,0.519005,0.027132,0.182171,0.824876,0.503965,0.670988,-0.085789,-0.153888,0.187972,-0.359550,0.093986,-0.179775
-33.400000,-52.400000,252,1.600000,0.455800,7.640000,0.426400,0.749104,0.272000,0.841997,0.621034,0.816198,252,2.610000,0.646401,0.426393,0.455842,0.735915,0.116870,0.456845,0.454838,0.107143,0.186508,0.816198,0.531507,0.728373,-0.029449,-0.087825,0.279070,-0.337967,0.139535,-0.168984
-33.200000,-52.600000,235,1.490000,0.433300,7.120000,0.293200,0.688172,0.184000,0.775918,0.549363,0.692838,235,1.870000,0.759926,0.293197,0.433251,0.406313,0.180082,0.330882,0.535619,0.004255,0.178723,0.692838,0.411239,0.477783,-0.140054,-0.215054,0.075430,-0.355538,0.037715,-0.177769
-33.200000,-52.400000,240,1.560000,0.438800,7.270000,0.368500,0.706093,0.240000,0.792070,0.579388,0.744516,240,2.300000,0.693146,0.368525,0.438751,0.593987,0.143064,0.387469,0.490033,0.033333,0.183333,0.744516,0.475820,0.612345,-0.070226,-0.132172,0.206517,-0.346969,0.103259,-0.173484
-33.200000,-52.200000,235,1.600000,0.444700,7.120000,0.426700,0.688172,0.272000,0.809398,0.589857,0.762535,235,2.680000,0.610924,0.426742,0.444704,0.753550,0.099934,0.447591,0.441817,0.136170,0.174468,0.762535,0.511381,0.686439,-0.017962,-0.076096,0.305959,-0.341883,0.152980,-0.170941
-33.000000,-52.400000,202,1.450000,0.407600,6.120000,0.274500,0.569892,0.152000,0.700441,0.474111,0.563312,202,1.860000,0.719403,0.274540,0.407553,0.390636,0.158444,0.306567,0.508539,0.000000,0.168317,0.563312,0.351253,0.352797,-0.133013,-0.210515,0.084069,-0.350095,0.042035,-0.175047
-33.000000,-52.200000,216,1.530000,0.440800,6.550000,0.393700,0.620072,0.216000,0.797944,0.544672,0.684763,216,2.470000,0.650282,0.393691,0.440768,0.665615,0.121767,0.410948,0.470588,0.064815,0.185185,0.684763,0.452490,0.563734,-0.047077,-0.121029,0.254668,-0.348822,0.127334,-0.174411
-32.800000,-52.400000,186,1.380000,0.396700,5.640000,0.269700,0.512545,0.096000,0.668429,0.425658,0.479914,186,1.840000,0.739072,0.269712,0.396670,0.372898,0.166527,0.287634,0.505706,0.000000,0.155914,0.479914,0.310911,0.268740,-0.126958,-0.211173,0.085263,-0.339179,0.042632,-0.169589
-32.800000,-52.200000,195,1.480000,0.419000,5.910000,0.330700,0.544803,0.176000,0.733921,0.484908,0.581896,195,2.160000,0.679438,0.330713,0.418951,0.523791,0.137635,0.350339,0.487563,0.025641,0.179487,0.581896,0.380674,0.414099,-0.088238,-0.167797,0.173451,-0.349928,0.086726,-0.174964
-32.800000,-52.000000,218,1.500000,0.438100,6.610000,0.411400,0.627240,0.192000,0.790015,0.536418,0.670556,218,2.600000,0.612853,0.411421,0.438066,0.722032,0.100811,0.435679,0.440453,0.100917,0.169725,0.670556,0.456281,0.571632,-0.026645,-0.098924,0.286353,-0.339642,0.143177,-0.169821
-32.600000,-52.200000,171,1.400000,0.409100,5.180000,0.306100,0.458781,0.112000,0.704846,0.425209,0.479141,171,2.040000,0.691841,0.306113,0.409079,0.467686,0.144539,0.324518,0.493640,0.017544,0.169591,0.479141,0.317623,0.282727,-0.102966,-0.196415,0.143168,-0.349101,0.071584,-0.174550
-32.600000,-52.000000,199,1.500000,0.448900,6.030000,0.401400,0.559140,0.192000,0.821733,0.524291,0.649682,199,2.510000,0.631778,0.401364,0.448936,0.688203,0.114525,0.427912,0.469960,0.085427,0.195980,0.649682,0.428248,0.513223,-0.047572,-0.136459,0.260291,-0.355435,0.130146,-0.177717
-32.400000,-52.200000,169,1.390000,0.399800,5.120000,0.273700,0.451613,0.104000,0.677533,0.411049,0.454768,169,1.880000,0.706331,0.273705,0.399825,0.395778,0.151632,0.304516,0.495134,0.000000,0.189349,0.454768,0.295383,0.236388,-0.126120,-0.218380,0.091262,-0.343502,0.045631,-0.171751
-32.400000,-52.000000,201,1.460000,0.422100,6.090000,0.336200,0.566308,0.160000,0.743025,0.489778,0.590278,201,2.220000,0.649631,0.336178,0.422138,0.545660,0.126695,0.349173,0.495103,0.029851,0.189055,0.590278,0.385407,0.423960,-0.085960,-0.166318,0.196487,-0.368407,0.098243,-0.184204
-32.400000,-51.800000,226,1.540000,0.448500,6.850000,0.404300,0.655914,0.224000,0.820558,0.566824,0.722891,226,2.570000,0.589720,0.404307,0.448523,0.714140,0.094474,0.439615,0.457432,0.101770,0.185841,0.722891,0.472733,0.605912,-0.044217,-0.116979,0.274525,-0.362958,0.137263,-0.181479
-32.200000,-52.000000,226,1.420000,0.413600,6.850000,0.290700,0.655914,0.128000,0.718062,0.500659,0.609006,226,1.990000,0.670291,0.290732,0.413640,0.442121,0.139343,0.311199,0.516081,0.008850,0.176991,0.609006,0.380512,0.413762,-0.122908,-0.195244,0.130923,-0.376738,0.065461,-0.188369
-32.200000,-51.800000,234,1.520000,0.428700,7.090000,0.330700,0.684588,0.208000,0.762408,0.551665,0.696800,234,2.210000,0.613093,0.330704,0.428714,0.550578,0.110830,0.364002,0.493426,0.029915,0.166667,0.696800,0.437931,0.533399,-0.098010,-0.163401,0.186576,-0.382596,0.093288,-0.191298
-32.200000,-51.600000,242,1.590000,0.437700,7.330000,0.384000,0.713262,0.264000,0.788840,0.588701,0.760545,242,2.520000,0.551976,0.384045,0.437701,0.690809,0.077280,0.426076,0.449325,0.090909,0.157025,0.760545,0.494438,0.651138,-0.053656,-0.109408,0.264734,-0.372045,0.132367,-0.186023
-32.000000,-51.800000,241,1.450000,0.384000,7.300000,0.181300,0.709677,0.152000,0.631131,0.497603,0.603746,241,1.520000,0.634263,0.181283,0.384022,0.238870,0.123695,0.255522,0.512522,0.000000,0.149378,0.603746,0.348400,0.346853,-0.202739,-0.256893,-0.016652,-0.388827,-0.008326,-0.194413
-32.000000,-51.600000,229,1.570000,0.421500,6.940000,0.279500,0.666667,0.248000,0.741263,0.551977,0.697335,229,2.000000,0.576889,0.279470,0.421467,0.461554,0.097386,0.341478,0.501456,0.013100,0.157205,0.697335,0.418125,0.492131,-0.141997,-0.205204,0.120076,-0.404070,0.060038,-0.202035
-32.000000,-51.400000,235,1.620000,0.438000,7.120000,0.385100,0.688172,0.288000,0.789721,0.588631,0.760426,235,2.560000,0.516691,0.385126,0.438026,0.707240,0.063013,0.432322,0.443731,0.097872,0.174468,0.760426,0.494649,0.651576,-0.052900,-0.108850,0.274919,-0.380719,0.137459,-0.190359
-32.000000,-51.200000,233,1.670000,0.432600,7.060000,0.432000,0.681004,0.328000,0.773862,0.594289,0.770164,233,2.880000,0.460872,0.431976,0.432645,0.830166,0.033786,0.491164,0.374127,0.257511,0.180258,0.770164,0.530434,0.726137,-0.000669,-0.044027,0.339002,-0.340340,0.169501,-0.170170
-31.800000,-51.400000,238,1.550000,0.414200,7.210000,0.275200,0.698925,0.232000,0.719824,0.550250,0.694363,238,2.020000,0.553626,0.275223,0.414231,0.463678,0.086767,0.332612,0.495850,0.016807,0.151261,0.694363,0.421292,0.498730,-0.139009,-0.195632,0.131065,-0.409083,0.065533,-0.204541
-31.800000,-51.200000,234,1.620000,0.439900,7.090000,0.392200,0.684588,0.288000,0.795301,0.589296,0.761571,234,2.630000,0.490965,0.392176,0.439915,0.730957,0.053395,0.434672,0.445159,0.136752,0.175214,0.761571,0.497192,0.656875,-0.047740,-0.104696,0.296285,-0.391764,0.148143,-0.195882
-31.800000,-51.000000,221,1.690000,0.431300,6.700000,0.437800,0.637993,0.344000,0.770044,0.584012,0.752476,221,2.920000,0.439048,0.437765,0.431251,0.850911,0.024618,0.515904,0.346598,0.303167,0.190045,0.752476,0.524499,0.713772,0.006514,-0.038704,0.335007,-0.321980,0.167504,-0.160990
-31.600000,-51.200000,228,1.570000,0.407200,6.910000,0.269800,0.663082,0.248000,0.699266,0.536783,0.671184,228,2.030000,0.530473,0.269800,0.407225,0.463836,0.075764,0.326077,0.488373,0.013158,0.135965,0.671184,0.411803,0.478958,-0.137425,-0.192225,0.137759,-0.412609,0.068879,-0.206305
-31.600000,-51.000000,227,1.630000,0.425400,6.880000,0.385900,0.659498,0.296000,0.752717,0.569405,0.727334,227,2.630000,0.471628,0.385897,0.425403,0.728357,0.043436,0.429127,0.421680,0.132159,0.145374,0.727334,0.488166,0.638068,-0.039507,-0.089265,0.299230,-0.378244,0.149615,-0.189122
-31.600000,-50.800000,220,1.640000,0.399400,6.670000,0.435800,0.634409,0.304000,0.676358,0.538256,0.673719,220,2.970000,0.424893,0.435829,0.399415,0.855195,0.016462,0.496524,0.302306,0.304545,0.181818,0.673719,0.508945,0.681363,0.036414,0.007644,0.358671,-0.285843,0.179335,-0.142922
-31.400000,-50.800000,201,1.650000,0.436500,6.090000,0.406400,0.566308,0.312000,0.785316,0.554541,0.701750,201,2.730000,0.460676,0.406402,0.436529,0.774151,0.038653,0.458809,0.414249,0.154229,0.159204,0.701750,0.473308,0.607111,-0.030127,-0.094639,0.315342,-0.375596,0.157671,-0.187798
-31.400000,-50.600000,210,1.620000,0.398100,6.360000,0.442300,0.598566,0.288000,0.672540,0.519702,0.641784,210,3.000000,0.422848,0.442319,0.398093,0.872004,0.012633,0.524265,0.271921,0.361905,0.200000,0.641784,0.495105,0.652527,0.044226,0.010742,0.347739,-0.259288,0.173870,-0.129644
-31.200000,-50.800000,211,1.570000,0.418900,6.390000,0.346400,0.602151,0.248000,0.733627,0.527926,0.655939,211,2.410000,0.505036,0.346368,0.418879,0.633630,0.059105,0.388591,0.449167,0.047393,0.146919,0.655939,0.432091,0.521230,-0.072511,-0.134709,0.245039,-0.390062,0.122520,-0.195031
-31.200000,-50.600000,222,1.650000,0.390400,6.730000,0.376500,0.641577,0.312000,0.649927,0.534501,0.667257,222,2.610000,0.453047,0.376549,0.390437,0.724961,0.028136,0.434983,0.345891,0.112613,0.126126,0.667257,0.482569,0.626407,-0.013888,-0.040850,0.289978,-0.317754,0.144989,-0.158877
-31.200000,-50.400000,209,1.610000,0.371800,6.330000,0.429500,0.594982,0.280000,0.595301,0.490094,0.590823,209,2.930000,0.423346,0.429489,0.371819,0.849168,0.009810,0.503413,0.240226,0.296651,0.172249,0.590823,0.484441,0.630308,0.057670,0.039485,0.345756,-0.230416,0.172878,-0.115208
-31.000000,-50.600000,195,1.560000,0.386500,5.910000,0.331700,0.544803,0.240000,0.638473,0.474425,0.563853,195,2.400000,0.488978,0.331728,0.386544,0.615779,0.047678,0.359992,0.413096,0.056410,0.138462,0.563853,0.402546,0.459671,-0.054816,-0.104182,0.255787,-0.365418,0.127893,-0.182709
-31.000000,-50.400000,222,1.590000,0.376800,6.730000,0.394200,0.641577,0.264000,0.609985,0.505187,0.616801,222,2.730000,0.448415,0.394165,0.376841,0.765353,0.022977,0.439719,0.313964,0.135135,0.126126,0.616801,0.475910,0.612531,0.017324,-0.004270,0.325634,-0.290987,0.162817,-0.145493
-31.000000,-50.200000,205,1.590000,0.375700,6.210000,0.443300,0.580645,0.264000,0.606755,0.483800,0.579989,205,3.028000,0.424028,0.443309,0.375739,0.877691,0.008928,0.519656,0.231822,0.360976,0.185366,0.579989,0.481657,0.624506,0.067571,0.044517,0.358036,-0.222894,0.179018,-0.111447
-30.800000,-50.400000,207,1.560000,0.377200,6.270000,0.345100,0.587814,0.240000,0.611160,0.479658,0.572859,207,2.480000,0.484530,0.345052,0.377245,0.648405,0.041698,0.370205,0.384285,0.053140,0.096618,0.572859,0.423947,0.504262,-0.032193,-0.068597,0.278200,-0.342587,0.139100,-0.171293
-30.800000,-50.200000,222,1.590000,0.378300,6.730000,0.414700,0.641577,0.264000,0.614391,0.506656,0.619329,222,2.850000,0.447775,0.414745,0.378281,0.808732,0.020759,0.453829,0.302733,0.180180,0.139640,0.619329,0.486822,0.635268,0.036465,0.015939,0.354903,-0.281974,0.177451,-0.140987
-30.600000,-50.400000,122,1.410000,0.355600,3.700000,0.231000,0.283154,0.120000,0.547724,0.316959,0.292820,122,1.940000,0.514421,0.231020,0.355589,0.400468,0.061571,0.269467,0.441710,0.000000,0.081967,0.292820,0.221931,0.083343,-0.124569,-0.209477,0.131001,-0.380139,0.065501,-0.190070
-30.600000,-50.200000,198,1.580000,0.375800,6.000000,0.354600,0.555556,0.256000,0.607048,0.472868,0.561173,198,2.530000,0.482518,0.354598,0.375847,0.670163,0.039033,0.379605,0.372088,0.060606,0.090909,0.561173,0.423590,0.503518,-0.021248,-0.057655,0.290558,-0.333055,0.145279,-0.166527
-30.600000,-50.000000,216,1.590000,0.377100,6.550000,0.422900,0.620072,0.264000,0.610866,0.498313,0.604968,216,2.890000,0.448779,0.422856,0.377102,0.827177,0.018534,0.469839,0.284364,0.222222,0.138889,0.604968,0.483954,0.629292,0.045754,0.024324,0.357338,-0.265830,0.178669,-0.132915
-30.400000,-50.200000,152,1.430000,0.345400,4.610000,0.258000,0.390681,0.136000,0.517768,0.348150,0.346505,152,2.100000,0.507896,0.258031,0.345391,0.462045,0.054017,0.276171,0.414612,0.013158,0.059211,0.346505,0.277428,0.198977,-0.087361,-0.147528,0.185874,-0.360595,0.092937,-0.180298
-30.400000,-50.000000,210,1.600000,0.368900,6.360000,0.371100,0.598566,0.272000,0.586784,0.485783,0.583403,210,2.620000,0.475719,0.371131,0.368858,0.709541,0.032721,0.397234,0.340482,0.090476,0.119048,0.583403,0.452026,0.562768,0.002273,-0.020635,0.312307,-0.307761,0.156154,-0.153881
-30.400000,-49.800000,214,1.640000,0.377800,6.490000,0.435300,0.612903,0.304000,0.612922,0.509942,0.624985,214,2.970000,0.446608,0.435280,0.377782,0.854610,0.015950,0.485878,0.269686,0.289720,0.149533,0.624985,0.501485,0.665821,0.057498,0.040836,0.368731,-0.253736,0.184366,-0.126868
-30.200000,-50.000000,165,1.580000,0.371700,5.000000,0.328900,0.437276,0.256000,0.595007,0.429428,0.486403,165,2.400000,0.494976,0.328874,0.371661,0.612476,0.045273,0.356551,0.386771,0.030303,0.078788,0.486403,0.370524,0.392950,-0.042786,-0.093453,0.255926,-0.341498,0.127963,-0.170749
-30.200000,-49.800000,208,1.600000,0.374200,6.300000,0.406900,0.591398,0.272000,0.602349,0.488582,0.588221,208,2.800000,0.464896,0.406914,0.374234,0.788462,0.025366,0.442060,0.306407,0.158654,0.125000,0.588221,0.468610,0.597321,0.032680,0.009101,0.346401,-0.281041,0.173201,-0.140521
-30.000000,-50.000000,131,1.460000,0.346000,3.970000,0.262700,0.315412,0.160000,0.519530,0.331647,0.318101,131,2.100000,0.517844,0.262673,0.345976,0.469284,0.056062,0.289740,0.402212,0.015267,0.061069,0.318101,0.262801,0.168499,-0.083303,-0.149603,0.179544,-0.346150,0.089772,-0.173075
-30.000000,-49.800000,200,1.590000,0.373600,6.060000,0.378300,0.562724,0.264000,0.600587,0.475770,0.566168,200,2.640000,0.484745,0.378325,0.373581,0.721850,0.034801,0.408860,0.338302,0.100000,0.115000,0.566168,0.441227,0.540266,0.004744,-0.025902,0.312990,-0.303501,0.156495,-0.151750
-29.800000,-49.800000,195,1.540000,0.370000,5.910000,0.339100,0.544803,0.224000,0.590015,0.452939,0.526871,195,2.430000,0.507395,0.339057,0.370026,0.631859,0.046256,0.373190,0.366862,0.035897,0.087179,0.526871,0.401099,0.456655,-0.030969,-0.070215,0.258669,-0.320606,0.129334,-0.160303
-29.800000,-49.600000,226,1.620000,0.373400,6.850000,0.398400,0.655914,0.288000,0.600000,0.514638,0.633068,226,2.740000,0.475572,0.398356,0.373411,0.768761,0.027951,0.441827,0.304994,0.159292,0.146018,0.633068,0.490911,0.643787,0.024945,0.010719,0.326934,-0.277043,0.163467,-0.138522
-29.600000,-49.800000,168,1.460000,0.356600,5.090000,0.276900,0.448029,0.160000,0.550661,0.386230,0.412049,168,2.140000,0.532095,0.276884,0.356569,0.491388,0.062381,0.302696,0.410442,0.017857,0.065476,0.412049,0.314541,0.276305,-0.079685,-0.135744,0.188692,-0.348061,0.094346,-0.174031
-29.600000,-49.600000,215,1.610000,0.376900,6.520000,0.371300,0.616487,0.280000,0.610279,0.502255,0.611755,215,2.580000,0.497567,0.371251,0.376871,0.702786,0.039715,0.410192,0.343551,0.093023,0.120930,0.611755,0.460730,0.580903,-0.005621,-0.030852,0.292594,-0.303836,0.146297,-0.151918
-29.600000,-49.400000,233,1.660000,0.374900,7.060000,0.414600,0.681004,0.320000,0.604405,0.535136,0.668350,233,2.830000,0.468765,0.414604,0.374876,0.805845,0.023363,0.464876,0.284875,0.206009,0.154506,0.668350,0.518556,0.701389,0.039728,0.033039,0.340969,-0.261512,0.170484,-0.130756
-29.400000,-49.600000,192,1.560000,0.367000,5.820000,0.322700,0.534050,0.240000,0.581204,0.451751,0.524826,192,2.348000,0.526944,0.322714,0.366977,0.589915,0.055513,0.348836,0.385118,0.031250,0.078125,0.524826,0.394182,0.442244,-0.044263,-0.082582,0.241080,-0.329605,0.120540,-0.164803
-29.400000,-49.400000,231,1.630000,0.368800,7.000000,0.383400,0.673835,0.296000,0.586490,0.518775,0.640189,231,2.660000,0.490445,0.383450,0.368834,0.732680,0.034219,0.417558,0.320110,0.103896,0.121212,0.640189,0.491647,0.645322,0.014616,0.005133,0.315122,-0.285891,0.157561,-0.142945
-29.400000,-49.200000,242,1.670000,0.376700,7.330000,0.421700,0.713262,0.328000,0.609692,0.550318,0.694480,242,2.860000,0.463402,0.421700,0.376680,0.823358,0.020042,0.483380,0.269980,0.219008,0.157025,0.694480,0.535738,0.737189,0.045020,0.042708,0.339979,-0.249938,0.169989,-0.124969
-29.200000,-49.400000,227,1.620000,0.360200,6.880000,0.344500,0.659498,0.288000,0.561233,0.502911,0.612882,227,2.470000,0.518030,0.344542,0.360248,0.640348,0.048737,0.361719,0.358776,0.039648,0.096916,0.612882,0.463572,0.586825,-0.015705,-0.026058,0.278629,-0.310039,0.139314,-0.155020
-29.200000,-49.200000,248,1.680000,0.373500,7.520000,0.394300,0.734767,0.336000,0.600294,0.557020,0.706017,248,2.700000,0.483930,0.394269,0.373527,0.758449,0.030089,0.443815,0.303240,0.125000,0.116935,0.706017,0.531028,0.727376,0.020742,0.021359,0.314633,-0.273150,0.157317,-0.136575
-29.200000,-49.000000,243,1.670000,0.381900,7.360000,0.430800,0.716846,0.328000,0.624963,0.556603,0.705299,243,2.900000,0.459714,0.430810,0.381939,0.843923,0.017696,0.505477,0.258401,0.263374,0.168724,0.705299,0.541763,0.749742,0.048870,0.044443,0.338446,-0.240705,0.169223,-0.120353
-29.000000,-49.400000,203,1.500000,0.343300,6.150000,0.274900,0.573477,0.192000,0.511601,0.425692,0.479973,203,2.120000,0.549990,0.274857,0.343254,0.486440,0.063274,0.308063,0.378444,0.014778,0.078818,0.479973,0.365949,0.383417,-0.068397,-0.096556,0.178377,-0.315171,0.089188,-0.157585
-29.000000,-49.200000,254,1.670000,0.361600,7.700000,0.347900,0.756272,0.328000,0.565345,0.549872,0.693714,254,2.480000,0.508942,0.347861,0.361617,0.651914,0.043809,0.377837,0.345397,0.051181,0.094488,0.693714,0.510923,0.685485,-0.013756,-0.008229,0.274077,-0.301589,0.137038,-0.150794
-29.000000,-49.000000,251,1.720000,0.385500,7.610000,0.402600,0.745520,0.368000,0.635536,0.583019,0.750766,251,2.720000,0.477205,0.402560,0.385515,0.777899,0.027221,0.471731,0.299300,0.155378,0.123506,0.750766,0.549675,0.766228,0.017045,0.015463,0.306169,-0.272079,0.153084,-0.136040
-29.000000,-48.800000,242,1.710000,0.377700,7.330000,0.434200,0.713262,0.360000,0.612628,0.561963,0.714525,242,2.920000,0.458207,0.434230,0.377718,0.853601,0.014858,0.517592,0.237843,0.293388,0.165289,0.714525,0.553048,0.773256,0.056512,0.058731,0.336009,-0.222985,0.168004,-0.111492
-29.000000,-48.600000,217,1.690000,0.377000,6.580000,0.453200,0.623656,0.344000,0.610573,0.526076,0.652755,217,3.060000,0.447448,0.453223,0.377002,0.898803,0.007644,0.564923,0.189081,0.419355,0.235023,0.652755,0.527917,0.720894,0.076221,0.068138,0.333880,-0.181438,0.166940,-0.090719
-28.800000,-49.000000,268,1.680000,0.370000,8.120000,0.349800,0.806452,0.336000,0.590015,0.577489,0.741248,268,2.468000,0.510140,0.349802,0.369966,0.654885,0.044718,0.391094,0.348838,0.063433,0.104478,0.741248,0.531345,0.728036,-0.020165,-0.013212,0.263791,-0.304120,0.131895,-0.152060
-28.800000,-48.800000,258,1.710000,0.391200,7.820000,0.409800,0.770609,0.360000,0.652276,0.594295,0.770175,258,2.740000,0.477725,0.409850,0.391201,0.793708,0.025992,0.491650,0.290753,0.162791,0.127907,0.770175,0.559237,0.786151,0.018649,0.015976,0.302058,-0.264760,0.151029,-0.132380
-28.800000,-48.600000,243,1.680000,0.383600,7.360000,0.443300,0.716846,0.336000,0.629956,0.560934,0.712753,243,2.960000,0.459467,0.443254,0.383567,0.873378,0.013131,0.544965,0.222169,0.341564,0.193416,0.712753,0.551028,0.769047,0.059687,0.056294,0.328413,-0.209038,0.164206,-0.104519
-28.800000,-48.400000,206,1.670000,0.377100,6.240000,0.457700,0.584229,0.328000,0.610866,0.507699,0.621124,206,3.080000,0.449542,0.457665,0.377117,0.909029,0.006300,0.580311,0.173922,0.436893,0.237864,0.621124,0.511796,0.687305,0.080548,0.066181,0.328718,-0.167623,0.164359,-0.083811
-28.600000,-48.800000,277,1.700000,0.381200,8.390000,0.351700,0.838710,0.352000,0.622907,0.604539,0.787807,277,2.450000,0.516035,0.351722,0.381229,0.656140,0.047303,0.405712,0.356745,0.054152,0.108303,0.787807,0.548449,0.763674,-0.029507,-0.024133,0.250428,-0.309442,0.125214,-0.154721
-28.600000,-48.600000,255,1.710000,0.371200,7.730000,0.399700,0.759857,0.360000,0.593539,0.571132,0.730306,255,2.710000,0.480004,0.399661,0.371243,0.776356,0.022966,0.474683,0.267804,0.145098,0.125490,0.730306,0.550250,0.767427,0.028418,0.037121,0.301673,-0.244837,0.150836,-0.122419
-28.600000,-48.400000,221,1.670000,0.379500,6.700000,0.442000,0.637993,0.328000,0.617915,0.527969,0.656014,221,2.950000,0.461786,0.442042,0.379537,0.873104,0.010980,0.552402,0.206671,0.357466,0.194570,0.656014,0.521434,0.707386,0.062506,0.051372,0.320702,-0.195690,0.160351,-0.097845
-28.400000,-48.600000,248,1.600000,0.333900,7.520000,0.314200,0.734767,0.272000,0.483994,0.496920,0.602572,248,2.340000,0.504572,0.314245,0.333873,0.592639,0.035852,0.360116,0.307631,0.024194,0.068548,0.602572,0.467264,0.594517,-0.019628,-0.008055,0.232522,-0.271778,0.116261,-0.135889
-28.400000,-48.400000,241,1.630000,0.362300,7.300000,0.416200,0.709677,0.296000,0.567401,0.524359,0.649800,241,2.810000,0.480016,0.416229,0.362276,0.814418,0.018040,0.490633,0.233919,0.199170,0.107884,0.649800,0.520975,0.706430,0.053953,0.056629,0.323785,-0.215878,0.161892,-0.107939
-28.200000,-48.600000,211,1.440000,0.319200,6.390000,0.268600,0.602151,0.144000,0.440822,0.395658,0.428277,211,2.140000,0.527400,0.268581,0.319163,0.488829,0.048332,0.298822,0.339505,0.009479,0.056872,0.428277,0.356179,0.363061,-0.050583,-0.065216,0.190007,-0.291172,0.095003,-0.145586
-28.200000,-48.400000,245,1.580000,0.341000,7.430000,0.367300,0.724014,0.256000,0.504846,0.494953,0.599186,245,2.580000,0.499477,0.367307,0.340955,0.707558,0.027056,0.419928,0.261982,0.073469,0.077551,0.599186,0.486481,0.634558,0.026352,0.035372,0.287630,-0.234926,0.143815,-0.117463
-28.200000,-48.200000,220,1.630000,0.363200,6.670000,0.430600,0.634409,0.296000,0.570044,0.500151,0.608132,220,2.870000,0.483843,0.430590,0.363225,0.847120,0.014060,0.531016,0.195434,0.272727,0.154545,0.608132,0.503500,0.670019,0.067365,0.061887,0.316104,-0.181373,0.158052,-0.090687
-28.000000,-48.400000,243,1.510000,0.325000,7.360000,0.337400,0.716846,0.200000,0.457856,0.458234,0.535984,243,2.460000,0.520857,0.337422,0.324960,0.637996,0.036848,0.365136,0.284783,0.041152,0.049383,0.535984,0.449579,0.557669,0.012462,0.021685,0.272860,-0.247935,0.136430,-0.123968
-28.000000,-48.200000,229,1.580000,0.356100,6.940000,0.414000,0.666667,0.256000,0.549192,0.490620,0.591727,229,2.780000,0.502951,0.413959,0.356072,0.807012,0.020906,0.494959,0.217185,0.196507,0.113537,0.591727,0.492102,0.646269,0.057888,0.054542,0.312054,-0.196278,0.156027,-0.098139
-27.800000,-48.400000,220,1.420000,0.309100,6.670000,0.289900,0.634409,0.128000,0.411160,0.391190,0.420586,220,2.230000,0.544138,0.289934,0.309106,0.533367,0.046502,0.321992,0.296221,0.018182,0.045455,0.420586,0.372921,0.397944,-0.019172,-0.022642,0.211375,-0.249719,0.105687,-0.124859
-27.800000,-48.200000,231,1.550000,0.339500,7.000000,0.383800,0.673835,0.232000,0.500441,0.468759,0.554099,231,2.640000,0.523793,0.383811,0.339467,0.737612,0.030011,0.440031,0.238903,0.090909,0.086580,0.554099,0.470506,0.601272,0.044344,0.047172,0.297581,-0.208892,0.148791,-0.104446
-27.600000,-48.400000,194,1.370000,0.292800,5.880000,0.221800,0.541219,0.088000,0.363289,0.330836,0.316705,194,1.900000,0.572124,0.221792,0.292784,0.380952,0.062631,0.259513,0.326054,0.000000,0.061856,0.316705,0.292393,0.230157,-0.070992,-0.086548,0.121439,-0.263423,0.060720,-0.131712
-27.600000,-48.200000,220,1.490000,0.328800,6.670000,0.365800,0.634409,0.184000,0.469016,0.429142,0.485910,220,2.550000,0.551046,0.365803,0.328810,0.690110,0.041496,0.405916,0.251703,0.045455,0.063636,0.485910,0.431815,0.520656,0.036993,0.034746,0.284194,-0.210207,0.142097,-0.105104
-27.600000,-48.000000,206,1.570000,0.342200,6.240000,0.417900,0.584229,0.248000,0.508370,0.446866,0.516418,206,2.810000,0.531472,0.417922,0.342250,0.809648,0.026195,0.485258,0.199241,0.213592,0.145631,0.516418,0.464057,0.587835,0.075672,0.071417,0.324390,-0.173045,0.162195,-0.086523
-27.400000,-48.400000,163,1.310000,0.252800,4.940000,0.141400,0.430108,0.040000,0.245815,0.238641,0.158017,163,1.500000,0.627894,0.141450,0.252822,0.200454,0.082447,0.196364,0.309280,0.000000,0.036810,0.158017,0.196756,0.030890,-0.111371,-0.127127,0.004090,-0.226833,0.002045,-0.113416
-27.400000,-48.200000,197,1.480000,0.323700,5.970000,0.359700,0.551971,0.176000,0.454038,0.394003,0.425429,197,2.500000,0.587243,0.359651,0.323710,0.661405,0.057897,0.384145,0.263276,0.030457,0.055838,0.425429,0.398407,0.451048,0.035940,0.025619,0.277260,-0.205379,0.138630,-0.102690
-27.400000,-48.000000,210,1.530000,0.332600,6.360000,0.410400,0.598566,0.216000,0.480176,0.431581,0.490108,210,2.770000,0.558743,0.410358,0.332639,0.782854,0.037863,0.452066,0.213211,0.171429,0.123810,0.490108,0.454159,0.567212,0.077720,0.077103,0.330788,-0.175348,0.165394,-0.087674
-27.200000,-48.400000,149,1.280000,0.261100,4.520000,0.178300,0.379928,0.016000,0.270191,0.222040,0.129443,149,1.640000,0.663706,0.178317,0.261073,0.258992,0.097642,0.209041,0.313106,0.000000,0.040268,0.129443,0.191578,0.020100,-0.082756,-0.109343,0.049951,-0.215464,0.024975,-0.107732
-27.200000,-48.200000,181,1.410000,0.296700,5.490000,0.316400,0.494624,0.120000,0.374743,0.329789,0.314902,181,2.290000,0.627804,0.316388,0.296747,0.558456,0.074320,0.330598,0.262895,0.011050,0.027624,0.314902,0.337685,0.324528,0.019641,0.009626,0.227858,-0.188576,0.113929,-0.094288
-27.200000,-48.000000,201,1.480000,0.325400,6.090000,0.398600,0.566308,0.176000,0.459031,0.400446,0.436519,201,2.680000,0.592990,0.398616,0.325368,0.743881,0.053350,0.427166,0.223570,0.114428,0.089552,0.436519,0.423847,0.504053,0.073248,0.067534,0.316716,-0.170220,0.158358,-0.085110
-27.000000,-48.400000,122,1.270000,0.265600,3.700000,0.226000,0.283154,0.008000,0.283407,0.191520,0.076912,122,1.820000,0.701233,0.225991,0.265574,0.343722,0.108260,0.245178,0.285970,0.000000,0.040984,0.076912,0.181931,0.000000,-0.039583,-0.076912,0.098543,-0.177710,0.049272,-0.088855
-27.000000,-48.200000,172,1.430000,0.311000,5.210000,0.337000,0.462366,0.136000,0.416740,0.338369,0.329670,172,2.330000,0.668202,0.337025,0.311045,0.581523,0.092526,0.348025,0.274065,0.005814,0.052326,0.329670,0.343208,0.336036,0.025979,0.006366,0.233498,-0.181539,0.116749,-0.090770
-26.800000,-48.400000,148,1.330000,0.275000,4.490000,0.257500,0.376344,0.056000,0.311013,0.247786,0.173757,148,1.930000,0.738105,0.257477,0.275038,0.390679,0.124275,0.259141,0.290934,0.006757,0.047297,0.173757,0.245689,0.132846,-0.017560,-0.040911,0.131538,-0.166659,0.065769,-0.083329
-26.800000,-48.200000,182,1.420000,0.303700,5.520000,0.339600,0.498208,0.128000,0.395301,0.340503,0.333344,182,2.320000,0.708005,0.339553,0.303727,0.570523,0.108584,0.333710,0.273744,0.005495,0.054945,0.333344,0.353830,0.358167,0.035826,0.024823,0.236812,-0.165160,0.118406,-0.082580
-26.600000,-48.600000,140,1.260000,0.273100,4.240000,0.222700,0.347670,0.000000,0.305433,0.217701,0.121975,140,1.690000,0.804596,0.222721,0.273088,0.291052,0.154390,0.234874,0.311302,0.000000,0.035714,0.121975,0.199036,0.035640,-0.050367,-0.086335,0.056178,-0.156912,0.028089,-0.078456
-26.600000,-48.400000,161,1.330000,0.287000,4.880000,0.272200,0.422939,0.056000,0.346256,0.275065,0.220710,161,1.940000,0.777364,0.272248,0.286968,0.403499,0.140997,0.277996,0.295941,0.006211,0.037267,0.220710,0.269053,0.181526,-0.014720,-0.039184,0.125503,-0.154944,0.062752,-0.077472
-26.600000,-48.200000,176,1.450000,0.310800,5.330000,0.342700,0.476703,0.152000,0.416153,0.348285,0.346738,176,2.290000,0.746706,0.342684,0.310755,0.557984,0.127384,0.330423,0.291088,0.005682,0.051136,0.346738,0.356321,0.363358,0.031929,0.016619,0.227561,-0.163704,0.113780,-0.081852
-26.400000,-48.400000,166,1.380000,0.283000,5.030000,0.218700,0.440860,0.096000,0.334508,0.290456,0.247202,166,1.630000,0.822534,0.218697,0.283024,0.273666,0.163728,0.245083,0.320966,0.000000,0.042169,0.247202,0.259966,0.162592,-0.064327,-0.084610,0.028583,-0.157237,0.014291,-0.078619
-26.400000,-48.200000,178,1.400000,0.318200,5.390000,0.345200,0.483871,0.112000,0.437885,0.344585,0.340371,178,2.240000,0.790578,0.345209,0.318238,0.544306,0.146113,0.339805,0.296671,0.005618,0.044944,0.340371,0.346717,0.343345,0.026971,0.002975,0.204501,-0.150558,0.102250,-0.075279
-26.200000,-48.400000,160,1.320000,0.278600,4.850000,0.172500,0.419355,0.048000,0.321586,0.262980,0.199910,160,1.340000,0.887295,0.172457,0.278615,0.150962,0.193952,0.213511,0.343718,0.000000,0.050000,0.199910,0.212279,0.063233,-0.106158,-0.136677,-0.062549,-0.149767,-0.031275,-0.074883
-26.200000,-48.200000,185,1.360000,0.320800,5.610000,0.307300,0.508961,0.080000,0.445521,0.344827,0.340787,185,2.000000,0.839095,0.307279,0.320779,0.443283,0.171275,0.312917,0.328641,0.005405,0.054054,0.340787,0.324301,0.296641,-0.013500,-0.044146,0.130366,-0.157366,0.065183,-0.078683
-26.000000,-48.400000,152,1.300000,0.280300,4.610000,0.169300,0.390681,0.032000,0.326579,0.249753,0.177144,152,1.260000,0.946672,0.169298,0.280302,0.120180,0.218416,0.211687,0.348917,0.000000,0.046053,0.177144,0.195713,0.028716,-0.111004,-0.148427,-0.091507,-0.130502,-0.045754,-0.065251
-26.000000,-48.200000,177,1.370000,0.315300,5.360000,0.285100,0.480287,0.088000,0.429369,0.332552,0.319658,177,1.850000,0.894102,0.285129,0.315266,0.372902,0.197357,0.281572,0.348959,0.005650,0.050847,0.319658,0.305666,0.257812,-0.030136,-0.061846,0.091330,-0.151602,0.045665,-0.075801
-25.800000,-48.200000,187,1.320000,0.319500,5.670000,0.285200,0.516129,0.048000,0.441703,0.335277,0.324349,187,1.800000,0.946518,0.285224,0.319525,0.348279,0.222168,0.268874,0.370176,0.005348,0.064171,0.324349,0.304330,0.255029,-0.034301,-0.069321,0.079405,-0.148008,0.039703,-0.074004
-25.800000,-48.000000,199,1.420000,0.346900,6.030000,0.353800,0.559140,0.128000,0.522173,0.403104,0.441094,199,2.150000,0.889751,0.353844,0.346921,0.510667,0.197021,0.336979,0.356863,0.010050,0.060302,0.441094,0.381718,0.416274,0.006923,-0.024821,0.173688,-0.159842,0.086844,-0.079921
-25.600000,-48.400000,186,1.360000,0.307600,5.640000,0.206000,0.512545,0.080000,0.406755,0.333100,0.320601,186,1.330000,1.042799,0.205979,0.307584,0.143290,0.268668,0.205171,0.409997,0.000000,0.069892,0.320601,0.271784,0.187217,-0.101605,-0.133385,-0.061880,-0.141329,-0.030940,-0.070664
-25.600000,-48.200000,194,1.360000,0.325300,5.880000,0.269100,0.541219,0.080000,0.458737,0.359985,0.366877,194,1.670000,0.990614,0.269113,0.325324,0.292606,0.245619,0.252615,0.398032,0.005155,0.072165,0.366877,0.314817,0.276880,-0.056211,-0.089997,0.039991,-0.152413,0.019995,-0.076206
-25.600000,-48.000000,196,1.430000,0.346000,5.940000,0.344600,0.548387,0.136000,0.519530,0.401306,0.437998,196,2.060000,0.931026,0.344596,0.345993,0.474452,0.214740,0.329794,0.362191,0.005102,0.056122,0.437998,0.375897,0.404145,-0.001396,-0.033853,0.144658,-0.147451,0.072329,-0.073725
-25.600000,-47.800000,203,1.430000,0.363700,6.150000,0.382500,0.573477,0.136000,0.571512,0.426996,0.482218,203,2.270000,0.878688,0.382478,0.363707,0.572818,0.192139,0.371378,0.356036,0.014778,0.088670,0.482218,0.404346,0.463422,0.018771,-0.018795,0.201440,-0.163897,0.100720,-0.081949
-25.400000,-48.000000,204,1.430000,0.345600,6.180000,0.314600,0.577061,0.136000,0.518355,0.410472,0.453776,204,1.890000,0.960932,0.314587,0.345605,0.396359,0.232815,0.298803,0.392407,0.004902,0.083333,0.453776,0.369543,0.390906,-0.031018,-0.062869,0.097555,-0.159592,0.048778,-0.079796
-25.400000,-47.800000,203,1.430000,0.356400,6.150000,0.342100,0.573477,0.136000,0.550073,0.419850,0.469917,203,2.060000,0.915769,0.342115,0.356419,0.471120,0.213111,0.324833,0.388005,0.004926,0.078818,0.469917,0.382945,0.418830,-0.014304,-0.051087,0.146287,-0.174894,0.073143,-0.087447
-25.400000,-47.600000,204,1.450000,0.369400,6.180000,0.389700,0.577061,0.152000,0.588253,0.439105,0.503058,204,2.310000,0.865190,0.389703,0.369383,0.592150,0.187256,0.379037,0.359728,0.019608,0.093137,0.503058,0.414705,0.485006,0.020320,-0.018052,0.213113,-0.172472,0.106556,-0.086236
-25.200000,-47.800000,204,1.440000,0.348200,6.180000,0.302500,0.577061,0.144000,0.525991,0.415684,0.462747,204,1.850000,0.946431,0.302472,0.348233,0.375314,0.229631,0.287774,0.408692,0.000000,0.088235,0.462747,0.365786,0.383079,-0.045761,-0.079668,0.087540,-0.179062,0.043770,-0.089531
-25.200000,-47.600000,205,1.450000,0.370000,6.210000,0.368800,0.580645,0.152000,0.590015,0.440887,0.506126,205,2.180000,0.900610,0.368851,0.369970,0.531421,0.206281,0.355201,0.384739,0.004878,0.097561,0.506126,0.404844,0.464459,-0.001118,-0.041667,0.176221,-0.178457,0.088110,-0.089229
-25.000000,-47.800000,197,1.400000,0.307800,5.970000,0.182300,0.551971,0.112000,0.407342,0.357104,0.361918,197,1.290000,0.962728,0.182340,0.307823,0.127554,0.237127,0.205173,0.410474,0.000000,0.081218,0.361918,0.283059,0.210709,-0.125483,-0.151210,-0.077619,-0.173347,-0.038809,-0.086674
-25.000000,-47.600000,212,1.460000,0.357600,6.420000,0.341200,0.605735,0.160000,0.553598,0.439777,0.504217,212,2.040000,0.926354,0.341156,0.357563,0.464476,0.217836,0.326651,0.388475,0.004717,0.080189,0.504217,0.401189,0.456843,-0.016407,-0.047374,0.137825,-0.170639,0.068912,-0.085319
-25.000000,-47.400000,217,1.480000,0.364900,6.580000,0.367700,0.623656,0.176000,0.575037,0.458231,0.535979,217,2.200000,0.880617,0.367671,0.364906,0.539019,0.196323,0.355855,0.373957,0.004608,0.092166,0.535979,0.426555,0.509695,0.002765,-0.026284,0.183163,-0.177634,0.091582,-0.088817
-25.000000,-47.200000,206,1.520000,0.376700,6.240000,0.394200,0.584229,0.208000,0.609692,0.467307,0.551601,206,2.340000,0.834319,0.394225,0.376667,0.615367,0.173083,0.403912,0.349422,0.029126,0.087379,0.551601,0.438159,0.533874,0.017558,-0.017727,0.211455,-0.176339,0.105727,-0.088169
-24.800000,-47.400000,224,1.480000,0.362300,6.790000,0.337800,0.648746,0.176000,0.567401,0.464049,0.545993,224,2.040000,0.901653,0.337797,0.362340,0.466755,0.208839,0.331375,0.393306,0.004464,0.093750,0.545993,0.419078,0.494117,-0.024543,-0.051876,0.135380,-0.184467,0.067690,-0.092233
-24.800000,-47.200000,219,1.510000,0.371800,6.640000,0.376100,0.630824,0.200000,0.595301,0.475375,0.565488,219,2.250000,0.858228,0.376134,0.371782,0.565022,0.187246,0.370635,0.372928,0.009132,0.091324,0.565488,0.441432,0.540693,0.004352,-0.024795,0.194387,-0.185683,0.097194,-0.092841
-24.800000,-47.000000,211,1.570000,0.369400,6.390000,0.390400,0.602151,0.248000,0.588253,0.479468,0.572532,211,2.360000,0.817596,0.390372,0.369410,0.614187,0.166558,0.388835,0.349986,0.023697,0.085308,0.572532,0.455423,0.569846,0.020962,-0.002687,0.225352,-0.183428,0.112676,-0.091714
-24.800000,-46.800000,208,1.600000,0.369900,6.300000,0.403500,0.591398,0.272000,0.589721,0.484373,0.580975,208,2.450000,0.780911,0.403540,0.369883,0.660503,0.146578,0.417774,0.321991,0.028846,0.086538,0.580975,0.466821,0.593594,0.033658,0.012619,0.242729,-0.175413,0.121364,-0.087706
-24.600000,-47.200000,234,1.520000,0.355900,7.090000,0.318800,0.684588,0.208000,0.548605,0.480398,0.574133,234,1.990000,0.873261,0.318760,0.355853,0.439169,0.198351,0.313474,0.398232,0.004274,0.072650,0.574133,0.431598,0.520204,-0.037093,-0.053929,0.125695,-0.199881,0.062847,-0.099941
-24.600000,-47.000000,232,1.550000,0.362300,7.030000,0.360200,0.677419,0.232000,0.567401,0.492273,0.594573,232,2.210000,0.839026,0.360222,0.362251,0.541430,0.179014,0.354684,0.369817,0.004310,0.068966,0.594573,0.459193,0.577700,-0.002029,-0.016873,0.186746,-0.190803,0.093373,-0.095401
-24.600000,-46.800000,219,1.580000,0.362000,6.640000,0.376300,0.630824,0.256000,0.566520,0.484448,0.581104,219,2.310000,0.804673,0.376292,0.362005,0.592955,0.159629,0.384367,0.339643,0.018265,0.059361,0.581104,0.460182,0.579761,0.014286,-0.001343,0.208588,-0.180015,0.104294,-0.090007
-24.600000,-46.600000,217,1.610000,0.371500,6.580000,0.401200,0.623656,0.280000,0.594420,0.499359,0.606769,217,2.440000,0.771303,0.401196,0.371464,0.660151,0.142240,0.424065,0.318863,0.027650,0.078341,0.606769,0.478997,0.618964,0.029732,0.012196,0.236086,-0.176623,0.118043,-0.088311
-24.400000,-46.800000,237,1.600000,0.355300,7.180000,0.341500,0.695341,0.272000,0.546843,0.504728,0.616010,237,2.140000,0.825983,0.341512,0.355292,0.509482,0.173543,0.342269,0.368315,0.004219,0.054852,0.616010,0.468579,0.597258,-0.013779,-0.018752,0.167214,-0.194772,0.083607,-0.097386
-24.400000,-46.600000,239,1.590000,0.357400,7.240000,0.361100,0.702509,0.264000,0.553010,0.506506,0.619072,239,2.250000,0.796151,0.361079,0.357367,0.565574,0.156583,0.373277,0.341456,0.012552,0.054393,0.619072,0.478677,0.618297,0.003712,-0.000775,0.192297,-0.184873,0.096148,-0.092437
-24.400000,-46.400000,232,1.610000,0.367700,7.030000,0.383000,0.677419,0.280000,0.583260,0.513560,0.631212,232,2.360000,0.766907,0.383030,0.367711,0.624195,0.141866,0.410117,0.325305,0.025862,0.064655,0.631212,0.487287,0.636236,0.015320,0.005024,0.214078,-0.183439,0.107039,-0.091719
-24.400000,-46.200000,233,1.630000,0.365800,7.060000,0.392000,0.681004,0.296000,0.577680,0.518228,0.639247,233,2.430000,0.738325,0.392034,0.365845,0.657580,0.126489,0.426439,0.305251,0.030043,0.060086,0.639247,0.498589,0.659785,0.026189,0.020539,0.231141,-0.178763,0.115570,-0.089381
-24.400000,-46.000000,223,1.670000,0.374600,6.760000,0.405300,0.645161,0.328000,0.603524,0.525562,0.651870,223,2.500000,0.709194,0.405294,0.374628,0.698155,0.112432,0.456674,0.292582,0.049327,0.080717,0.651870,0.504339,0.671766,0.030666,0.019895,0.241482,-0.180150,0.120741,-0.090075
-24.400000,-45.200000,163,1.770000,0.354900,4.940000,0.435900,0.430108,0.408000,0.545668,0.461259,0.541190,163,2.750000,0.628180,0.435946,0.354939,0.809097,0.062794,0.515292,0.194586,0.177914,0.104294,0.541190,0.475573,0.611830,0.081006,0.070640,0.293805,-0.131792,0.146902,-0.065896
-24.200000,-46.600000,248,1.630000,0.359400,7.520000,0.338000,0.734767,0.296000,0.558884,0.529884,0.659309,248,2.130000,0.817998,0.338005,0.359407,0.503456,0.172553,0.337494,0.381319,0.004032,0.060484,0.659309,0.487862,0.637434,-0.021402,-0.021874,0.165962,-0.208766,0.082981,-0.104383
-24.200000,-46.400000,249,1.650000,0.361000,7.550000,0.354600,0.738351,0.312000,0.563583,0.537978,0.673241,249,2.220000,0.792674,0.354651,0.361029,0.551907,0.157395,0.367499,0.354559,0.012048,0.052209,0.673241,0.503216,0.669427,-0.006378,-0.003814,0.184408,-0.197164,0.092204,-0.098582
-24.200000,-46.200000,245,1.660000,0.364000,7.430000,0.361600,0.724014,0.320000,0.572394,0.538803,0.674660,245,2.270000,0.763648,0.361596,0.363988,0.579906,0.143287,0.386435,0.341541,0.016327,0.057143,0.674660,0.504787,0.672699,-0.002391,-0.001961,0.193471,-0.198254,0.096736,-0.099127
-24.200000,-46.000000,239,1.660000,0.372800,7.240000,0.380200,0.702509,0.320000,0.598238,0.540249,0.677150,239,2.370000,0.734010,0.380237,0.372793,0.631769,0.128706,0.417518,0.328068,0.029289,0.058577,0.677150,0.507502,0.678357,0.007444,0.001207,0.214251,-0.199362,0.107125,-0.099681
-24.200000,-45.800000,243,1.690000,0.375700,7.360000,0.399400,0.716846,0.344000,0.606755,0.555867,0.704032,243,2.480000,0.705542,0.399435,0.375654,0.685841,0.113029,0.446260,0.305049,0.045267,0.078189,0.704032,0.530460,0.726192,0.023781,0.022161,0.239581,-0.192020,0.119790,-0.096010
-24.200000,-45.600000,232,1.700000,0.373900,7.030000,0.403900,0.677419,0.352000,0.601468,0.543629,0.682968,232,2.520000,0.679274,0.403856,0.373860,0.709123,0.098590,0.464408,0.283313,0.056034,0.081897,0.682968,0.522329,0.709250,0.029996,0.026282,0.244715,-0.184723,0.122357,-0.092362
-24.200000,-45.400000,224,1.690000,0.364600,6.790000,0.415800,0.648746,0.344000,0.574156,0.522300,0.646256,224,2.610000,0.657961,0.415796,0.364641,0.747498,0.084095,0.479944,0.249338,0.089286,0.089286,0.646256,0.516435,0.696970,0.051156,0.050714,0.267554,-0.165243,0.133777,-0.082622
-24.200000,-45.200000,197,1.780000,0.362200,5.970000,0.425600,0.551971,0.416000,0.567107,0.511693,0.627999,197,2.670000,0.638505,0.425614,0.362194,0.780276,0.070952,0.506233,0.218156,0.106599,0.096447,0.627999,0.513383,0.690610,0.063420,0.062612,0.274042,-0.147203,0.137021,-0.073602
-24.200000,-45.000000,166,1.810000,0.356400,5.030000,0.430900,0.440860,0.440000,0.550073,0.476978,0.568247,166,2.718000,0.623768,0.430940,0.356385,0.801183,0.060697,0.519357,0.193414,0.156627,0.108434,0.568247,0.487170,0.635993,0.074555,0.067746,0.281826,-0.132716,0.140913,-0.066358
-24.000000,-46.400000,285,1.660000,0.355800,8.640000,0.279800,0.867384,0.320000,0.548311,0.578565,0.743100,285,1.830000,0.809732,0.279807,0.355759,0.391222,0.168392,0.334598,0.376921,0.000000,0.056140,0.743100,0.509209,0.681913,-0.075953,-0.061187,0.056624,-0.208529,0.028312,-0.104265
-24.000000,-46.200000,273,1.680000,0.348100,8.270000,0.288600,0.824373,0.336000,0.525698,0.562023,0.714628,273,1.920000,0.785114,0.288564,0.348079,0.420159,0.156970,0.326627,0.369531,0.000000,0.047619,0.714628,0.504849,0.672829,-0.059515,-0.041800,0.093532,-0.212561,0.046766,-0.106281
-24.000000,-46.000000,264,1.690000,0.370000,8.000000,0.352700,0.792115,0.344000,0.590015,0.575376,0.737612,264,2.220000,0.762976,0.352698,0.369984,0.559565,0.145831,0.382269,0.357698,0.015152,0.056818,0.737612,0.530769,0.726835,-0.017286,-0.010777,0.177296,-0.211867,0.088648,-0.105934
-24.000000,-45.800000,271,1.680000,0.368300,8.210000,0.352000,0.817204,0.336000,0.585022,0.579409,0.744552,271,2.230000,0.736383,0.351986,0.368272,0.572821,0.131151,0.399799,0.336745,0.018450,0.062731,0.744552,0.536087,0.737917,-0.016287,-0.006635,0.173022,-0.205595,0.086511,-0.102797
-24.000000,-45.600000,254,1.710000,0.375800,7.700000,0.361200,0.756272,0.360000,0.607048,0.574440,0.736000,254,2.290000,0.707428,0.361177,0.375757,0.603184,0.119171,0.415789,0.335725,0.019685,0.066929,0.736000,0.528650,0.722422,-0.014579,-0.013579,0.187396,-0.216554,0.093698,-0.108277
-24.000000,-45.400000,244,1.770000,0.382200,7.390000,0.385900,0.720430,0.408000,0.625844,0.584758,0.753760,244,2.430000,0.680580,0.385853,0.382169,0.665286,0.106420,0.439218,0.325121,0.040984,0.081967,0.753760,0.545787,0.758126,0.003684,0.004366,0.226068,-0.218701,0.113034,-0.109350
-24.000000,-45.200000,230,1.740000,0.370900,6.970000,0.400100,0.670251,0.384000,0.592658,0.548970,0.692160,230,2.530000,0.653875,0.400115,0.370917,0.713059,0.087171,0.465153,0.276681,0.069565,0.082609,0.692160,0.528622,0.722363,0.029198,0.030203,0.247906,-0.189511,0.123953,-0.094755
-24.000000,-45.000000,206,1.750000,0.355100,6.240000,0.410200,0.584229,0.392000,0.546256,0.507495,0.620773,206,2.610000,0.637267,0.410216,0.355106,0.748053,0.072379,0.480904,0.229308,0.082524,0.082524,0.620773,0.507971,0.679334,0.055110,0.058561,0.267149,-0.156929,0.133575,-0.078465
-24.000000,-44.800000,177,1.820000,0.346400,5.360000,0.419100,0.480287,0.448000,0.520705,0.482997,0.578607,177,2.680000,0.626290,0.419108,0.346361,0.774487,0.063729,0.488285,0.204436,0.112994,0.090395,0.578607,0.496705,0.655860,0.072747,0.077253,0.286202,-0.140708,0.143101,-0.070354
-23.800000,-45.800000,298,1.720000,0.372600,9.030000,0.291300,0.913978,0.368000,0.597651,0.626543,0.825681,298,1.890000,0.762736,0.291339,0.372570,0.434693,0.147985,0.374605,0.370536,0.000000,0.053691,0.825681,0.546855,0.760353,-0.081232,-0.065327,0.060088,-0.222551,0.030044,-0.111275
-23.800000,-45.600000,300,1.750000,0.364000,9.090000,0.248500,0.921147,0.392000,0.572394,0.628513,0.829072,300,1.698000,0.745341,0.248531,0.363995,0.356642,0.140420,0.360294,0.367697,0.000000,0.053333,0.829072,0.534547,0.734708,-0.115464,-0.094365,-0.003652,-0.227276,-0.001826,-0.113638
-23.800000,-45.400000,289,1.730000,0.316400,8.760000,0.149900,0.881720,0.376000,0.432599,0.563440,0.717066,289,1.300000,0.718577,0.149859,0.316358,0.175330,0.124389,0.292337,0.340379,0.000000,0.034602,0.717066,0.463753,0.587201,-0.166498,-0.129865,-0.117007,-0.215990,-0.058503,-0.107995
-23.800000,-45.200000,225,1.610000,0.292200,6.820000,0.194800,0.652330,0.280000,0.361527,0.431286,0.489600,225,1.650000,0.673976,0.194776,0.292183,0.285421,0.104131,0.256732,0.327634,0.000000,0.022222,0.489600,0.379105,0.410831,-0.097407,-0.078770,0.028689,-0.223503,0.014345,-0.111751
-23.800000,-45.000000,217,1.730000,0.348900,6.580000,0.364400,0.623656,0.376000,0.528047,0.509234,0.623767,217,2.400000,0.656132,0.364412,0.348874,0.639051,0.089773,0.411256,0.286491,0.027650,0.046083,0.623767,0.491493,0.645001,0.015538,0.021234,0.227794,-0.196719,0.113897,-0.098359
-23.800000,-44.800000,216,1.730000,0.348800,6.550000,0.393800,0.620072,0.376000,0.527753,0.507942,0.621542,216,2.540000,0.641542,0.393769,0.348796,0.711301,0.076237,0.455440,0.242152,0.050926,0.064815,0.621542,0.505865,0.674945,0.044973,0.053403,0.255861,-0.165915,0.127931,-0.082958
-23.800000,-44.600000,200,1.800000,0.343800,6.060000,0.410300,0.562724,0.432000,0.513069,0.502598,0.612344,200,2.630000,0.633104,0.410292,0.343764,0.753333,0.067251,0.478015,0.209514,0.085000,0.080000,0.612344,0.514176,0.692263,0.066528,0.079919,0.275319,-0.142264,0.137659,-0.071132
-23.600000,-45.200000,181,1.400000,0.275900,5.490000,0.136500,0.494624,0.112000,0.313656,0.306760,0.275265,181,1.390000,0.691885,0.136501,0.275892,0.155121,0.117880,0.187073,0.364710,0.000000,0.038674,0.275265,0.239637,0.120236,-0.139391,-0.155029,-0.031952,-0.246830,-0.015976,-0.123415
-23.600000,-45.000000,218,1.630000,0.298700,6.610000,0.258800,0.627240,0.296000,0.380617,0.434619,0.495338,218,1.970000,0.672300,0.258757,0.298715,0.416440,0.101074,0.283965,0.313465,0.000000,0.027523,0.495338,0.410000,0.475203,-0.039958,-0.020135,0.132475,-0.212391,0.066237,-0.106196
-23.600000,-44.800000,221,1.790000,0.345000,6.700000,0.347900,0.637993,0.424000,0.516593,0.526195,0.652961,221,2.320000,0.660824,0.347911,0.344963,0.603003,0.092818,0.396859,0.293066,0.013575,0.045249,0.652961,0.503523,0.670066,0.002948,0.017105,0.206144,-0.200248,0.103072,-0.100124
-23.600000,-44.600000,218,1.830000,0.353100,6.610000,0.383400,0.627240,0.456000,0.540382,0.541207,0.678799,218,2.480000,0.650302,0.383449,0.353074,0.683268,0.083630,0.441615,0.264532,0.041284,0.059633,0.678799,0.529449,0.724085,0.030375,0.045286,0.241653,-0.180902,0.120826,-0.090451
-23.600000,-44.400000,214,1.810000,0.353400,6.490000,0.405200,0.612903,0.440000,0.541263,0.531389,0.661899,214,2.580000,0.642802,0.405236,0.353362,0.735579,0.074893,0.476258,0.230467,0.074766,0.079439,0.661899,0.530888,0.727085,0.051874,0.065185,0.259322,-0.155574,0.129661,-0.077787
-23.600000,-44.200000,197,1.860000,0.353200,5.970000,0.417100,0.551971,0.480000,0.540675,0.524216,0.649553,197,2.640000,0.638087,0.417057,0.353248,0.764527,0.069588,0.494812,0.211685,0.116751,0.111675,0.649553,0.530179,0.725607,0.063809,0.076054,0.269715,-0.142097,0.134857,-0.071049
-23.600000,-44.000000,181,1.870000,0.355600,5.490000,0.425900,0.494624,0.488000,0.547724,0.510116,0.625284,181,2.680000,0.633894,0.425868,0.355624,0.786655,0.065081,0.516534,0.194713,0.193370,0.138122,0.625284,0.518402,0.701068,0.070245,0.075783,0.270121,-0.129632,0.135061,-0.064816
-23.400000,-44.400000,232,1.790000,0.357200,7.030000,0.371900,0.677419,0.424000,0.552423,0.551281,0.696138,232,2.400000,0.663875,0.371898,0.357246,0.652141,0.091656,0.434901,0.279592,0.043103,0.064655,0.696138,0.529384,0.723950,0.014652,0.027812,0.217240,-0.187936,0.108620,-0.093968
-23.400000,-44.200000,227,1.840000,0.362200,6.880000,0.393400,0.659498,0.464000,0.567107,0.563535,0.717230,227,2.490000,0.654419,0.393443,0.362166,0.704120,0.082767,0.474119,0.250213,0.066079,0.088106,0.717230,0.548167,0.763087,0.031277,0.045856,0.230001,-0.167447,0.115000,-0.083723
-23.400000,-44.000000,215,1.840000,0.366900,6.520000,0.407200,0.616487,0.464000,0.580910,0.553799,0.700473,215,2.548000,0.647190,0.407174,0.366872,0.737303,0.077045,0.500424,0.233321,0.097674,0.116279,0.700473,0.541111,0.748384,0.040301,0.047911,0.236879,-0.156276,0.118439,-0.078138
-23.400000,-43.800000,207,1.840000,0.358400,6.270000,0.409900,0.587814,0.464000,0.555947,0.535920,0.669699,207,2.590000,0.637333,0.409852,0.358382,0.748916,0.070787,0.496270,0.220494,0.115942,0.115942,0.669699,0.532973,0.731427,0.051469,0.061728,0.252646,-0.149707,0.126323,-0.074854
-23.400000,-43.600000,196,1.850000,0.352500,5.940000,0.414200,0.548387,0.472000,0.538620,0.519669,0.641727,196,2.630000,0.630157,0.414152,0.352521,0.762839,0.065464,0.499137,0.205905,0.158163,0.132653,0.641727,0.524777,0.714351,0.061631,0.072624,0.263702,-0.140441,0.131851,-0.070220
-23.400000,-43.400000,187,1.790000,0.351100,5.670000,0.420600,0.516129,0.424000,0.534508,0.491546,0.593321,187,2.668000,0.625457,0.420575,0.351082,0.779985,0.061166,0.511002,0.191161,0.176471,0.171123,0.593321,0.501431,0.665706,0.069494,0.072385,0.268983,-0.129995,0.134491,-0.064997
-23.400000,-43.200000,177,1.830000,0.349900,5.360000,0.425800,0.480287,0.456000,0.530984,0.489090,0.589094,177,2.700000,0.623977,0.425833,0.349926,0.792657,0.059008,0.517905,0.181948,0.203390,0.175141,0.589094,0.502937,0.668846,0.075906,0.079752,0.274753,-0.122940,0.137376,-0.061470
-23.400000,-43.000000,166,1.780000,0.340900,5.030000,0.428700,0.440860,0.416000,0.504552,0.453804,0.528359,166,2.730000,0.628665,0.428687,0.340865,0.798579,0.058796,0.511871,0.169860,0.210843,0.162651,0.528359,0.477975,0.616835,0.087822,0.088476,0.286708,-0.111064,0.143354,-0.055532
-23.400000,-42.800000,146,1.740000,0.343800,4.420000,0.436600,0.369176,0.384000,0.513069,0.422082,0.473758,146,2.760000,0.638292,0.436577,0.343802,0.811355,0.061798,0.522764,0.164840,0.239726,0.171233,0.473758,0.447597,0.553539,0.092775,0.079781,0.288591,-0.103042,0.144296,-0.051521
-23.400000,-42.600000,134,1.750000,0.344300,4.060000,0.443000,0.326165,0.392000,0.514537,0.410901,0.454514,134,2.790000,0.647502,0.442993,0.344330,0.820485,0.065501,0.523650,0.165009,0.246269,0.186567,0.454514,0.439329,0.536312,0.098663,0.081799,0.296835,-0.099509,0.148418,-0.049754
-23.400000,-42.200000,127,1.710000,0.340400,3.850000,0.448500,0.301075,0.360000,0.503084,0.388053,0.415188,127,2.840000,0.651574,0.448465,0.340370,0.828618,0.068312,0.509843,0.170897,0.244094,0.173228,0.415188,0.423200,0.502707,0.108095,0.087519,0.318775,-0.102585,0.159388,-0.051292
-23.400000,-42.000000,130,1.730000,0.336300,3.940000,0.449400,0.311828,0.376000,0.491043,0.392957,0.423628,130,2.870000,0.647323,0.449373,0.336266,0.831248,0.067499,0.496380,0.176153,0.246154,0.169231,0.423628,0.432600,0.522291,0.113107,0.098663,0.334868,-0.108654,0.167434,-0.054327
-23.200000,-44.400000,243,1.810000,0.335200,7.360000,0.265400,0.716846,0.440000,0.487812,0.548219,0.690869,243,1.880000,0.697709,0.265448,0.335217,0.418939,0.111957,0.352487,0.317948,0.000000,0.032922,0.690869,0.491416,0.644841,-0.069770,-0.046028,0.066452,-0.205991,0.033226,-0.102995
-23.200000,-44.200000,245,1.850000,0.360100,7.430000,0.313300,0.724014,0.472000,0.560940,0.585651,0.755297,245,2.080000,0.672457,0.313252,0.360074,0.527308,0.099197,0.416987,0.303161,0.012245,0.073469,0.755297,0.529820,0.724858,-0.046821,-0.030439,0.110321,-0.203964,0.055161,-0.101982
-23.200000,-44.000000,238,1.800000,0.346000,7.210000,0.316300,0.698925,0.432000,0.519530,0.550152,0.694194,238,2.130000,0.667894,0.316270,0.346043,0.537507,0.095032,0.402095,0.289992,0.012605,0.063025,0.694194,0.509723,0.682985,-0.029773,-0.011210,0.135413,-0.194960,0.067706,-0.097480
-23.200000,-43.800000,228,1.820000,0.365600,6.910000,0.363600,0.663082,0.448000,0.577093,0.562725,0.715836,228,2.340000,0.652043,0.363617,0.365642,0.640688,0.086547,0.453560,0.277725,0.035088,0.078947,0.715836,0.528214,0.721513,-0.002025,0.005677,0.187128,-0.191178,0.093564,-0.095589
-23.200000,-43.600000,227,1.820000,0.374600,6.880000,0.388800,0.659498,0.448000,0.603524,0.570341,0.728944,227,2.450000,0.642629,0.388833,0.374559,0.697843,0.079824,0.488469,0.260649,0.070485,0.096916,0.728944,0.540390,0.746881,0.014274,0.017937,0.209374,-0.180825,0.104687,-0.090413
-23.200000,-43.400000,218,1.850000,0.378600,6.610000,0.401800,0.627240,0.472000,0.615272,0.571504,0.730946,218,2.510000,0.636372,0.401843,0.378620,0.728148,0.075538,0.506914,0.250325,0.105505,0.110092,0.730946,0.544535,0.755519,0.023224,0.024573,0.221234,-0.174786,0.110617,-0.087393
-23.200000,-43.200000,213,1.860000,0.374300,6.460000,0.408800,0.609319,0.480000,0.602643,0.563987,0.718009,213,2.560000,0.630647,0.408752,0.374345,0.746341,0.071162,0.510218,0.238471,0.126761,0.145540,0.718009,0.544891,0.756261,0.034407,0.038252,0.236123,-0.167309,0.118062,-0.083655
-23.200000,-43.000000,203,1.860000,0.371300,6.150000,0.413300,0.573477,0.480000,0.593833,0.549103,0.692390,203,2.590000,0.627055,0.413303,0.371308,0.758819,0.067788,0.516010,0.226606,0.162562,0.162562,0.692390,0.535357,0.736396,0.041995,0.044006,0.242809,-0.158819,0.121405,-0.079409
-23.200000,-42.800000,190,1.810000,0.365700,5.760000,0.420100,0.526882,0.440000,0.577386,0.514756,0.633271,190,2.630000,0.629442,0.420096,0.365695,0.774629,0.065563,0.523413,0.207976,0.178947,0.157895,0.633271,0.510094,0.683757,0.054401,0.050487,0.251216,-0.142413,0.125608,-0.071206
-23.200000,-42.600000,179,1.790000,0.354800,5.420000,0.424500,0.487455,0.424000,0.545374,0.485610,0.583104,179,2.670000,0.635759,0.424521,0.354843,0.783474,0.065569,0.516390,0.193296,0.178771,0.150838,0.583104,0.493965,0.650151,0.069678,0.067047,0.267083,-0.127727,0.133542,-0.063863
-23.200000,-42.400000,166,1.800000,0.355300,5.030000,0.430900,0.440860,0.432000,0.546843,0.473234,0.561803,166,2.700000,0.642750,0.430948,0.355303,0.794232,0.067664,0.521572,0.189034,0.204819,0.156627,0.561803,0.484507,0.630446,0.075645,0.068642,0.272660,-0.121370,0.136330,-0.060685
-23.200000,-42.200000,160,1.790000,0.353500,4.850000,0.437600,0.419355,0.424000,0.541557,0.461637,0.541842,160,2.748000,0.646988,0.437634,0.353508,0.805723,0.069545,0.516903,0.190113,0.206250,0.168750,0.541842,0.478218,0.617340,0.084126,0.075498,0.288821,-0.120568,0.144410,-0.060284
-23.200000,-42.000000,158,1.750000,0.348300,4.790000,0.438000,0.412186,0.392000,0.526285,0.443490,0.510607,158,2.770000,0.649516,0.437970,0.348292,0.803890,0.072049,0.497906,0.198679,0.196203,0.164557,0.510607,0.465339,0.590507,0.089678,0.079900,0.305984,-0.126629,0.152992,-0.063315
-23.200000,-41.800000,154,1.730000,0.347700,4.670000,0.443100,0.397849,0.376000,0.524523,0.432791,0.492191,154,2.810000,0.652422,0.443093,0.347723,0.811593,0.074593,0.489162,0.206285,0.194805,0.155844,0.492191,0.457944,0.575097,0.095370,0.082906,0.322432,-0.131691,0.161216,-0.065846
-23.000000,-44.400000,269,1.720000,0.246300,8.150000,0.065900,0.810036,0.368000,0.226725,0.468254,0.553230,269,0.770000,0.727657,0.065910,0.246346,0.005202,0.126618,0.159551,0.333141,0.000000,0.018587,0.553230,0.392679,0.439112,-0.180436,-0.114119,-0.154349,-0.206523,-0.077174,-0.103262
-23.000000,-44.000000,244,1.610000,0.270000,7.390000,0.092400,0.720430,0.280000,0.296329,0.432253,0.491265,244,1.010000,0.764942,0.092388,0.270019,0.041164,0.143612,0.196993,0.343046,0.000000,0.024590,0.491265,0.347516,0.345011,-0.177631,-0.146254,-0.155829,-0.199434,-0.077914,-0.099717
-23.000000,-43.400000,245,1.810000,0.340900,7.430000,0.244000,0.724014,0.440000,0.504552,0.556189,0.704586,245,1.790000,0.652742,0.244014,0.340941,0.395574,0.092453,0.370678,0.311203,0.000000,0.040816,0.704586,0.482441,0.626139,-0.096927,-0.078446,0.024896,-0.218750,0.012448,-0.109375
-23.000000,-43.200000,236,1.850000,0.359500,7.150000,0.280600,0.691756,0.472000,0.559178,0.574311,0.735779,236,1.930000,0.652792,0.280606,0.359475,0.469268,0.091944,0.410487,0.308462,0.004237,0.059322,0.735779,0.501757,0.666386,-0.078869,-0.069392,0.058781,-0.216519,0.029390,-0.108259
-23.000000,-43.000000,229,1.860000,0.374700,6.940000,0.337000,0.666667,0.480000,0.603818,0.583495,0.751585,229,2.190000,0.644126,0.337024,0.374713,0.587200,0.086848,0.450809,0.298617,0.030568,0.078603,0.751585,0.525975,0.716847,-0.037689,-0.034738,0.136391,-0.211770,0.068196,-0.105885
-23.000000,-42.800000,230,1.850000,0.378400,6.970000,0.366500,0.670251,0.472000,0.614684,0.585645,0.755286,230,2.340000,0.636837,0.366486,0.378374,0.651218,0.081754,0.470620,0.286128,0.060870,0.100000,0.755286,0.540125,0.746329,-0.011888,-0.008957,0.180598,-0.204375,0.090299,-0.102187
-23.000000,-42.600000,227,1.890000,0.376000,6.880000,0.382300,0.659498,0.504000,0.607636,0.590378,0.763433,227,2.420000,0.635861,0.382340,0.375953,0.686499,0.078181,0.484484,0.267422,0.061674,0.105727,0.763433,0.555613,0.778601,0.006386,0.015168,0.202014,-0.189242,0.101007,-0.094621
-23.000000,-42.400000,218,1.910000,0.379700,6.610000,0.395700,0.627240,0.520000,0.618502,0.588581,0.760339,218,2.480000,0.636321,0.395680,0.379655,0.713899,0.077461,0.497234,0.262076,0.100917,0.133028,0.760339,0.557267,0.782047,0.016025,0.021708,0.216665,-0.184615,0.108333,-0.092307
-23.000000,-42.200000,217,1.880000,0.374100,6.580000,0.401800,0.623656,0.496000,0.602056,0.573904,0.735077,217,2.520000,0.641539,0.401794,0.374072,0.725325,0.078262,0.493664,0.254481,0.119816,0.138249,0.735077,0.551314,0.769644,0.027721,0.034566,0.231662,-0.176219,0.115831,-0.088109
-23.000000,-42.000000,201,1.850000,0.362100,6.090000,0.407800,0.566308,0.472000,0.566814,0.535041,0.668185,201,2.570000,0.655936,0.407768,0.362123,0.732546,0.082991,0.476514,0.247731,0.099502,0.109453,0.668185,0.527366,0.719746,0.045646,0.051561,0.256032,-0.164740,0.128016,-0.082370
-23.000000,-41.800000,183,1.730000,0.346000,5.550000,0.418200,0.501792,0.376000,0.519530,0.465774,0.548962,183,2.650000,0.671792,0.418207,0.345994,0.749475,0.086940,0.457932,0.234057,0.120219,0.098361,0.548962,0.479396,0.619795,0.072213,0.070833,0.291543,-0.147118,0.145772,-0.073559
-23.000000,-41.600000,172,1.730000,0.343300,5.210000,0.431600,0.462366,0.376000,0.511601,0.449989,0.521792,172,2.730000,0.678031,0.431633,0.343282,0.774555,0.088712,0.456994,0.229569,0.139535,0.093023,0.521792,0.473373,0.607245,0.088352,0.085453,0.317561,-0.140858,0.158781,-0.070429
-22.800000,-41.800000,163,1.650000,0.268500,4.940000,0.271200,0.430108,0.312000,0.291924,0.344677,0.340528,163,2.040000,0.701856,0.271188,0.268465,0.438751,0.103625,0.277066,0.259864,0.000000,0.012270,0.340528,0.356214,0.363134,0.002723,0.022606,0.161685,-0.156239,0.080843,-0.078120
-22.800000,-41.600000,174,1.740000,0.326200,5.270000,0.387000,0.469534,0.384000,0.461380,0.438305,0.501682,174,2.500000,0.702598,0.386975,0.326218,0.672330,0.101620,0.405257,0.247180,0.040230,0.057471,0.501682,0.454749,0.568442,0.060756,0.066760,0.267073,-0.145560,0.133536,-0.072780
-22.600000,-41.800000,125,1.580000,0.259300,3.790000,0.225700,0.293907,0.256000,0.264905,0.271604,0.214753,125,1.810000,0.728387,0.225686,0.259330,0.332659,0.118713,0.233529,0.285131,0.000000,0.016000,0.214753,0.268020,0.179375,-0.033644,-0.035379,0.099130,-0.166418,0.049565,-0.083209
-22.600000,-41.600000,170,1.780000,0.326200,5.150000,0.352500,0.455197,0.416000,0.461380,0.444192,0.511816,170,2.310000,0.724559,0.352484,0.326243,0.589507,0.115462,0.377076,0.275409,0.011765,0.047059,0.511816,0.442349,0.542605,0.026242,0.030789,0.212430,-0.159947,0.106215,-0.079974
-22.600000,-41.400000,177,1.760000,0.341800,5.360000,0.391700,0.480287,0.400000,0.507195,0.462494,0.543317,177,2.480000,0.719217,0.391671,0.341827,0.671675,0.111666,0.417581,0.266073,0.039548,0.079096,0.543317,0.466157,0.592210,0.049844,0.048894,0.254094,-0.154406,0.127047,-0.077203
-22.400000,-41.600000,167,1.810000,0.296100,5.060000,0.238800,0.444444,0.440000,0.372981,0.419142,0.468698,167,1.780000,0.742675,0.238819,0.296096,0.350508,0.127129,0.291564,0.300629,0.000000,0.023952,0.468698,0.386496,0.426230,-0.057278,-0.042468,0.058944,-0.173499,0.029472,-0.086750
-22.400000,-41.400000,175,1.830000,0.328700,5.300000,0.332400,0.473118,0.456000,0.468722,0.465947,0.549260,175,2.190000,0.738982,0.332371,0.328722,0.541036,0.123706,0.368151,0.289294,0.005714,0.051429,0.549260,0.450992,0.560613,0.003649,0.011353,0.172885,-0.165587,0.086442,-0.082794
-22.400000,-41.200000,175,1.820000,0.343500,5.300000,0.381600,0.473118,0.448000,0.512188,0.477769,0.569608,175,2.420000,0.732175,0.381607,0.343472,0.643768,0.119446,0.405840,0.281103,0.028571,0.051429,0.569608,0.474431,0.609451,0.038135,0.039843,0.237927,-0.161657,0.118964,-0.080828
-22.400000,-41.000000,159,1.790000,0.334800,4.820000,0.405600,0.415771,0.424000,0.486637,0.442136,0.508276,159,2.550000,0.733415,0.405569,0.334803,0.696155,0.114983,0.418193,0.251414,0.037736,0.050314,0.508276,0.460021,0.579426,0.070766,0.071150,0.277962,-0.136431,0.138981,-0.068215
-22.400000,-40.800000,134,1.740000,0.329700,4.060000,0.426300,0.326165,0.384000,0.471659,0.393941,0.425323,134,2.660000,0.737362,0.426350,0.329678,0.740555,0.112144,0.432287,0.227069,0.089552,0.082090,0.425323,0.427837,0.512368,0.096672,0.087046,0.308268,-0.114925,0.154134,-0.057463
-22.200000,-41.400000,179,1.810000,0.278000,5.420000,0.148000,0.487455,0.440000,0.319824,0.415760,0.462877,179,1.350000,0.754109,0.147990,0.278046,0.158676,0.137303,0.223135,0.332956,0.000000,0.022346,0.462877,0.352673,0.355756,-0.130056,-0.107121,-0.064459,-0.195653,-0.032230,-0.097827
-22.200000,-41.200000,177,1.850000,0.334000,5.360000,0.322300,0.480287,0.472000,0.484288,0.478858,0.571483,177,2.130000,0.751531,0.322301,0.334030,0.511724,0.132878,0.354686,0.313374,0.000000,0.039548,0.571483,0.453375,0.565578,-0.011729,-0.005905,0.157038,-0.180496,0.078519,-0.090248
-22.200000,-41.000000,174,1.770000,0.325900,5.270000,0.368600,0.469534,0.408000,0.460499,0.446011,0.514946,174,2.380000,0.749524,0.368563,0.325931,0.610332,0.126793,0.368577,0.283285,0.011494,0.034483,0.514946,0.452987,0.564770,0.042632,0.049823,0.241755,-0.156492,0.120878,-0.078246
-22.200000,-40.800000,159,1.670000,0.316800,4.820000,0.398800,0.415771,0.328000,0.433774,0.392515,0.422867,159,2.540000,0.751300,0.398830,0.316783,0.676273,0.121387,0.386006,0.247560,0.031447,0.037736,0.422867,0.424448,0.505305,0.082047,0.082438,0.290267,-0.126173,0.145134,-0.063087
-22.200000,-40.600000,139,1.710000,0.327300,4.210000,0.420500,0.344086,0.360000,0.464611,0.389566,0.417791,139,2.620000,0.748300,0.420533,0.327273,0.724458,0.116608,0.426523,0.228022,0.064748,0.057554,0.417791,0.422727,0.501720,0.093260,0.083929,0.297934,-0.111414,0.148967,-0.055707
-22.000000,-40.800000,163,1.630000,0.297900,4.940000,0.341600,0.430108,0.296000,0.378267,0.368125,0.380887,163,2.270000,0.786972,0.341607,0.297904,0.541787,0.141427,0.315364,0.280443,0.000000,0.018405,0.380887,0.388219,0.429819,0.043704,0.048932,0.226423,-0.139016,0.113211,-0.069508
-22.000000,-40.600000,151,1.700000,0.310000,4.580000,0.387600,0.387097,0.352000,0.413803,0.384300,0.408728,151,2.480000,0.773610,0.387602,0.310019,0.643112,0.132092,0.362826,0.257212,0.019868,0.033113,0.408728,0.416936,0.489655,0.077583,0.080927,0.280286,-0.125121,0.140143,-0.062560
-21.800000,-40.800000,137,1.530000,0.254600,4.150000,0.266100,0.336918,0.216000,0.251101,0.268006,0.208561,137,1.928000,0.828630,0.266067,0.254596,0.373306,0.158828,0.225215,0.283977,0.007299,0.021898,0.208561,0.290435,0.226078,0.011471,0.017516,0.148091,-0.125149,0.074045,-0.062574
-21.800000,-40.600000,135,1.650000,0.293800,4.090000,0.348900,0.329749,0.312000,0.366226,0.335992,0.325579,135,2.280000,0.812891,0.348880,0.293769,0.547985,0.149775,0.318627,0.268911,0.007407,0.029630,0.325579,0.363956,0.379265,0.055111,0.053686,0.229358,-0.119136,0.114679,-0.059568
-21.600000,-40.800000,110,1.500000,0.250300,3.330000,0.247200,0.240143,0.192000,0.238473,0.223539,0.132023,110,1.810000,0.854361,0.247170,0.250345,0.323743,0.170598,0.208890,0.291799,0.009091,0.027273,0.132023,0.240158,0.121320,-0.003174,-0.010703,0.114853,-0.121201,0.057426,-0.060600
-21.600000,-40.600000,116,1.630000,0.277300,3.520000,0.323100,0.261649,0.296000,0.317768,0.291806,0.249525,116,2.160000,0.838866,0.323131,0.277290,0.484843,0.161419,0.279095,0.275486,0.008621,0.017241,0.249525,0.322269,0.292407,0.045841,0.042882,0.205748,-0.114067,0.102874,-0.057033
-21.400000,-40.800000,104,1.520000,0.242700,3.150000,0.228500,0.218638,0.208000,0.216153,0.214264,0.116058,104,1.730000,0.864315,0.228485,0.242750,0.281805,0.175164,0.189621,0.295878,0.000000,0.009615,0.116058,0.228415,0.096853,-0.014265,-0.019206,0.092184,-0.120714,0.046092,-0.060357
-21.400000,-40.600000,113,1.620000,0.263300,3.420000,0.290400,0.250896,0.288000,0.276652,0.271849,0.215176,113,2.020000,0.846902,0.290388,0.263317,0.415248,0.165529,0.245510,0.281123,0.000000,0.000000,0.215176,0.298657,0.243210,0.027072,0.028034,0.169738,-0.115595,0.084869,-0.057797
-21.200000,-40.800000,100,1.540000,0.263700,3.030000,0.220400,0.204301,0.224000,0.277827,0.235376,0.152397,100,1.658000,0.867981,0.220400,0.263722,0.258205,0.182596,0.196368,0.331076,0.000000,0.010000,0.152397,0.224683,0.089076,-0.043321,-0.063321,0.061837,-0.148480,0.030919,-0.074240
-21.200000,-40.600000,116,1.570000,0.255500,3.520000,0.259000,0.261649,0.248000,0.253744,0.254464,0.185253,116,1.860000,0.852214,0.258963,0.255478,0.351143,0.166784,0.234660,0.276296,0.000000,0.008621,0.185253,0.272246,0.188179,0.003485,0.002926,0.116483,-0.109512,0.058241,-0.054756
-21.200000,-40.400000,100,1.710000,0.258600,3.030000,0.312500,0.204301,0.360000,0.262849,0.275717,0.221832,100,2.130000,0.839679,0.312482,0.258569,0.467766,0.157199,0.268897,0.248241,0.000000,0.010000,0.221832,0.318840,0.285263,0.053913,0.063430,0.198869,-0.091043,0.099434,-0.045521
-21.000000,-40.800000,112,1.630000,0.267500,3.390000,0.186000,0.247312,0.296000,0.288987,0.277433,0.224786,112,1.470000,0.868770,0.186049,0.267488,0.187042,0.185056,0.191111,0.343866,0.000000,0.026786,0.224786,0.244805,0.131004,-0.081439,-0.093782,-0.004069,-0.158810,-0.002034,-0.079405
-21.000000,-40.600000,121,1.600000,0.248500,3.670000,0.224000,0.279570,0.272000,0.233186,0.261585,0.197510,121,1.680000,0.859358,0.224014,0.248539,0.278176,0.169853,0.220892,0.276187,0.000000,0.033058,0.197510,0.267688,0.178683,-0.024525,-0.018826,0.057284,-0.106334,0.028642,-0.053167
-21.000000,-40.400000,110,1.690000,0.263900,3.330000,0.296100,0.240143,0.344000,0.278414,0.287519,0.242147,110,2.020000,0.846774,0.296120,0.263860,0.432268,0.159971,0.279011,0.248710,0.000000,0.009091,0.242147,0.316779,0.280967,0.032259,0.038820,0.153257,-0.088738,0.076629,-0.044369
-21.000000,-40.200000,86,1.700000,0.276000,2.610000,0.357000,0.154122,0.352000,0.313950,0.273357,0.217771,86,2.290000,0.852334,0.356970,0.275955,0.554775,0.159165,0.322931,0.228979,0.000000,0.046512,0.217771,0.323036,0.294005,0.081014,0.076233,0.231844,-0.069815,0.115922,-0.034907
-21.000000,-29.400000,55,1.560000,0.257500,1.670000,0.459500,0.043011,0.240000,0.259618,0.180876,0.058592,55,2.930000,0.797408,0.459503,0.257493,0.792541,0.126466,0.349064,0.165921,0.090909,0.036364,0.058592,0.303032,0.252324,0.202011,0.193733,0.443477,-0.039455,0.221738,-0.019728
-21.000000,-29.200000,54,1.570000,0.257600,1.640000,0.458600,0.039427,0.248000,0.259912,0.182446,0.061294,54,2.930000,0.789574,0.458591,0.257632,0.794668,0.122514,0.353486,0.161778,0.092593,0.037037,0.061294,0.304020,0.254383,0.200959,0.193090,0.441182,-0.039264,0.220591,-0.019632
-20.800000,-40.400000,112,1.770000,0.266500,3.390000,0.266500,0.247312,0.408000,0.286050,0.313787,0.287360,112,1.860000,0.849458,0.266458,0.266490,0.368950,0.163967,0.268448,0.264532,0.000000,0.035714,0.287360,0.324774,0.297626,-0.000032,0.010266,0.100501,-0.100565,0.050251,-0.050283
-20.800000,-40.200000,99,1.740000,0.269800,3.000000,0.329700,0.200717,0.384000,0.295742,0.293486,0.252418,99,2.160000,0.852972,0.329676,0.269830,0.499648,0.159704,0.308749,0.230911,0.000000,0.030303,0.252418,0.334762,0.318438,0.059846,0.066020,0.190899,-0.071207,0.095450,-0.035604
-20.800000,-40.000000,82,1.720000,0.281100,2.490000,0.384300,0.139785,0.368000,0.328928,0.278904,0.227319,82,2.390000,0.872373,0.384275,0.281075,0.603368,0.165181,0.344333,0.217817,0.036585,0.048780,0.227319,0.338068,0.325326,0.103200,0.098007,0.259035,-0.052636,0.129518,-0.026318
-20.800000,-29.600000,57,1.580000,0.247100,1.730000,0.457500,0.050179,0.256000,0.229075,0.178418,0.054360,57,2.920000,0.814461,0.457461,0.247109,0.781891,0.133032,0.329979,0.164238,0.070175,0.035088,0.054360,0.309672,0.266159,0.210352,0.211799,0.451911,-0.031206,0.225956,-0.015603
-20.800000,-29.400000,55,1.560000,0.255600,1.670000,0.458200,0.043011,0.240000,0.254038,0.179016,0.055390,55,2.920000,0.806496,0.458226,0.255571,0.785814,0.130638,0.342112,0.169030,0.090909,0.036364,0.055390,0.302355,0.250914,0.202655,0.195523,0.443702,-0.038391,0.221851,-0.019196
-20.800000,-29.200000,51,1.590000,0.263100,1.550000,0.460300,0.028674,0.264000,0.276065,0.189579,0.073572,51,2.920000,0.797410,0.460292,0.263062,0.794297,0.126286,0.360294,0.165830,0.098039,0.039216,0.073572,0.306671,0.259906,0.197230,0.186335,0.434003,-0.039544,0.217002,-0.019772
-20.800000,-29.000000,50,1.640000,0.266100,1.520000,0.460000,0.025090,0.304000,0.284875,0.204655,0.099520,50,2.920000,0.788956,0.459988,0.266081,0.796703,0.123273,0.364706,0.167456,0.100000,0.040000,0.099520,0.318649,0.284863,0.193908,0.185344,0.431997,-0.044182,0.215999,-0.022091
-20.800000,-28.800000,51,1.590000,0.247500,1.550000,0.451200,0.028674,0.264000,0.230250,0.174308,0.047286,51,2.920000,0.783872,0.451248,0.247522,0.782805,0.119692,0.336649,0.158395,0.117647,0.039216,0.047286,0.301876,0.249916,0.203726,0.202630,0.446156,-0.038703,0.223078,-0.019352
-20.800000,-28.600000,46,1.630000,0.259400,1.390000,0.455600,0.010753,0.296000,0.265198,0.190650,0.075415,46,2.920000,0.780479,0.455570,0.259421,0.791288,0.119852,0.351343,0.167499,0.108696,0.021739,0.075415,0.308860,0.264469,0.196149,0.189054,0.439946,-0.047647,0.219973,-0.023823
-20.600000,-40.400000,118,1.730000,0.255400,3.580000,0.203200,0.268817,0.376000,0.253451,0.299423,0.262636,118,1.570000,0.850057,0.203237,0.255438,0.238002,0.168471,0.220152,0.290725,0.000000,0.025424,0.262636,0.287754,0.220491,-0.052202,-0.042144,0.017850,-0.122253,0.008925,-0.061127
-20.600000,-40.200000,109,1.790000,0.264000,3.300000,0.283700,0.236559,0.424000,0.278708,0.313089,0.286158,109,1.940000,0.856196,0.283673,0.263962,0.403502,0.163845,0.279817,0.248107,0.000000,0.018349,0.286158,0.335651,0.320290,0.019711,0.034131,0.123685,-0.084262,0.061843,-0.042131
-20.600000,-40.000000,88,1.740000,0.277700,2.670000,0.359300,0.161290,0.384000,0.318943,0.288078,0.243108,88,2.270000,0.874547,0.359306,0.277709,0.550824,0.167788,0.327624,0.227794,0.000000,0.045455,0.243108,0.337331,0.323789,0.081597,0.080681,0.223201,-0.060006,0.111600,-0.030003
-20.600000,-29.800000,55,1.560000,0.256300,1.670000,0.463200,0.043011,0.240000,0.256094,0.179702,0.056570,55,2.910000,0.829595,0.463187,0.256282,0.787612,0.138762,0.349866,0.162697,0.072727,0.018182,0.056570,0.304985,0.256394,0.206906,0.199825,0.437746,-0.023935,0.218873,-0.011967
-20.600000,-29.600000,56,1.550000,0.256500,1.700000,0.462500,0.046595,0.232000,0.256681,0.178425,0.054373,56,2.910000,0.824055,0.462477,0.256461,0.788723,0.136230,0.351891,0.161032,0.071429,0.017857,0.054373,0.303136,0.252542,0.206015,0.198169,0.436832,-0.024802,0.218416,-0.012401
-20.600000,-29.400000,53,1.600000,0.254000,1.610000,0.459100,0.035842,0.272000,0.249339,0.185727,0.066941,53,2.910000,0.817443,0.459059,0.254044,0.782846,0.135273,0.337403,0.170686,0.075472,0.018868,0.066941,0.311074,0.269080,0.205015,0.202139,0.445443,-0.035413,0.222722,-0.017707
-20.600000,-29.200000,49,1.610000,0.263600,1.490000,0.461000,0.021505,0.280000,0.277533,0.193013,0.079481,49,2.910000,0.810839,0.461046,0.263613,0.788966,0.133127,0.353992,0.173234,0.102041,0.020408,0.079481,0.310015,0.266874,0.197434,0.187393,0.434975,-0.040107,0.217487,-0.020054
-20.600000,-29.000000,46,1.670000,0.268600,1.390000,0.461500,0.010753,0.328000,0.292217,0.210323,0.109276,46,2.910000,0.799921,0.461464,0.268609,0.794553,0.128375,0.365569,0.171649,0.108696,0.021739,0.109276,0.322652,0.293205,0.192855,0.183929,0.428984,-0.043274,0.214492,-0.021637
-20.600000,-28.800000,48,1.620000,0.256100,1.450000,0.454600,0.017921,0.288000,0.255507,0.187143,0.069377,48,2.910000,0.790823,0.454586,0.256090,0.785485,0.123688,0.346661,0.165519,0.104167,0.020833,0.069377,0.308062,0.262804,0.198497,0.193427,0.438825,-0.041832,0.219412,-0.020916
-20.600000,-28.600000,46,1.630000,0.259100,1.390000,0.456600,0.010753,0.296000,0.264317,0.190357,0.074909,46,2.920000,0.788512,0.456557,0.259100,0.789298,0.123816,0.347027,0.171174,0.086957,0.021739,0.074909,0.309383,0.265558,0.197456,0.190649,0.442271,-0.047359,0.221135,-0.023679
-20.400000,-40.200000,114,1.780000,0.264400,3.450000,0.226700,0.254480,0.416000,0.279883,0.316788,0.292524,114,1.650000,0.860408,0.226740,0.264382,0.283176,0.170305,0.252967,0.275797,0.000000,0.008772,0.292524,0.308771,0.264282,-0.037642,-0.028243,0.030209,-0.105492,0.015104,-0.052746
-20.400000,-40.000000,102,1.690000,0.269500,3.090000,0.338200,0.211470,0.344000,0.294860,0.283443,0.235132,102,2.170000,0.875636,0.338177,0.269458,0.509948,0.166406,0.321439,0.217478,0.000000,0.039216,0.235132,0.329521,0.307516,0.068718,0.072384,0.188509,-0.051072,0.094254,-0.025536
-20.400000,-39.800000,80,1.730000,0.286200,2.420000,0.391800,0.132616,0.376000,0.343906,0.284174,0.236390,80,2.400000,0.892930,0.391754,0.286195,0.609295,0.174214,0.350919,0.221471,0.037500,0.050000,0.236390,0.342311,0.334166,0.105559,0.097777,0.258376,-0.047257,0.129188,-0.023629
-20.400000,-29.600000,53,1.600000,0.268600,1.610000,0.466900,0.035842,0.272000,0.292217,0.200020,0.091542,53,2.900000,0.832827,0.466863,0.268640,0.792591,0.141134,0.367508,0.169773,0.075472,0.018868,0.091542,0.315211,0.277701,0.198222,0.186159,0.425083,-0.028638,0.212541,-0.014319
-20.400000,-29.400000,52,1.600000,0.266900,1.580000,0.464800,0.032258,0.272000,0.287225,0.197161,0.086621,52,2.900000,0.830351,0.464826,0.266910,0.788462,0.141191,0.358739,0.175080,0.076923,0.019231,0.086621,0.312937,0.272962,0.197917,0.186341,0.429723,-0.033890,0.214861,-0.016945
-20.400000,-29.200000,47,1.660000,0.268900,1.420000,0.464000,0.014337,0.320000,0.293098,0.209145,0.107248,47,2.900000,0.824443,0.463992,0.268915,0.788949,0.139036,0.361859,0.175972,0.106383,0.021277,0.107248,0.322521,0.292931,0.195077,0.185683,0.427090,-0.036937,0.213545,-0.018468
-20.400000,-29.000000,46,1.630000,0.277700,1.390000,0.468200,0.010753,0.296000,0.318943,0.208565,0.106250,46,2.900000,0.819136,0.468207,0.277668,0.800287,0.136127,0.383632,0.171704,0.108696,0.021739,0.106250,0.315561,0.278429,0.190539,0.172179,0.416655,-0.035577,0.208327,-0.017789
-20.400000,-28.800000,49,1.590000,0.265100,1.490000,0.463300,0.021505,0.264000,0.281938,0.189148,0.072829,49,2.910000,0.808343,0.463330,0.265119,0.796591,0.130070,0.367647,0.162591,0.102041,0.020408,0.072829,0.305893,0.258285,0.198212,0.185456,0.428944,-0.032521,0.214472,-0.016261
-20.400000,-28.600000,46,1.590000,0.263800,1.390000,0.459100,0.010753,0.264000,0.278120,0.184291,0.064469,46,2.910000,0.797001,0.459072,0.263823,0.790492,0.127653,0.353581,0.174065,0.086957,0.021739,0.064469,0.300051,0.246113,0.195250,0.181644,0.436912,-0.046412,0.218456,-0.023206
-20.200000,-40.000000,105,1.810000,0.284800,3.180000,0.326200,0.222222,0.440000,0.339794,0.334006,0.322160,105,2.080000,0.879123,0.326217,0.284811,0.481388,0.171045,0.333123,0.236499,0.000000,0.019048,0.322160,0.358763,0.368446,0.041406,0.046285,0.148265,-0.065454,0.074133,-0.032727
-20.200000,-39.800000,88,1.780000,0.295100,2.670000,0.380200,0.161290,0.416000,0.370044,0.315778,0.290787,88,2.320000,0.889681,0.380243,0.295097,0.586830,0.173656,0.363302,0.226892,0.011364,0.034091,0.290787,0.359099,0.369145,0.085146,0.078358,0.223528,-0.053236,0.111764,-0.026618
-20.200000,-29.600000,51,1.630000,0.275700,1.550000,0.467500,0.028674,0.296000,0.313069,0.212581,0.113162,51,2.890000,0.837110,0.467522,0.275715,0.790131,0.144913,0.371540,0.179891,0.098039,0.019608,0.113162,0.321171,0.290120,0.191807,0.176957,0.418592,-0.034978,0.209296,-0.017489
-20.200000,-29.400000,52,1.560000,0.265600,1.580000,0.462800,0.032258,0.240000,0.283407,0.185222,0.066071,52,2.890000,0.832096,0.462774,0.265632,0.783883,0.141666,0.358314,0.172949,0.096154,0.019231,0.066071,0.301182,0.248470,0.197143,0.182399,0.425568,-0.031283,0.212784,-0.015641
-20.200000,-29.200000,47,1.660000,0.271500,1.420000,0.465400,0.014337,0.320000,0.300734,0.211690,0.111629,47,2.890000,0.826955,0.465376,0.271483,0.791287,0.139465,0.371089,0.171877,0.085106,0.021277,0.111629,0.323254,0.294460,0.193893,0.182831,0.420198,-0.032412,0.210099,-0.016206
-20.200000,-29.000000,48,1.690000,0.275200,1.450000,0.465300,0.017921,0.344000,0.311601,0.224507,0.133690,48,2.890000,0.820203,0.465285,0.275219,0.793346,0.137224,0.375460,0.174978,0.104167,0.020833,0.133690,0.332401,0.313517,0.190066,0.179828,0.417886,-0.037754,0.208943,-0.018877
-20.200000,-28.800000,46,1.630000,0.282300,1.390000,0.468800,0.010753,0.296000,0.332452,0.213068,0.114001,46,2.890000,0.812712,0.468844,0.282347,0.805303,0.132385,0.399297,0.165396,0.108696,0.021739,0.114001,0.315898,0.279133,0.186497,0.165132,0.406007,-0.033012,0.203003,-0.016506
-20.200000,-28.600000,46,1.630000,0.279100,1.390000,0.464200,0.010753,0.296000,0.323054,0.209936,0.108609,46,2.890000,0.803503,0.464153,0.279074,0.798296,0.130011,0.384591,0.173556,0.108696,0.021739,0.108609,0.313411,0.273951,0.185080,0.165342,0.413705,-0.043546,0.206853,-0.021773
-20.000000,-40.000000,112,1.900000,0.298300,3.390000,0.316500,0.247312,0.512000,0.379442,0.379585,0.400612,112,2.010000,0.880543,0.316534,0.298340,0.457025,0.176042,0.333837,0.262843,0.000000,0.017857,0.400612,0.385992,0.425180,0.018194,0.024568,0.123188,-0.086800,0.061594,-0.043400
-20.000000,-39.800000,100,1.790000,0.309000,3.030000,0.370200,0.204301,0.424000,0.410866,0.346389,0.343475,100,2.240000,0.884606,0.370219,0.309032,0.567509,0.172929,0.384559,0.233506,0.010000,0.030000,0.343475,0.370787,0.393499,0.061187,0.050024,0.182950,-0.060577,0.091475,-0.030288
-20.000000,-39.600000,73,1.960000,0.308100,2.210000,0.401800,0.107527,0.560000,0.408223,0.358583,0.364464,73,2.400000,0.900051,0.401762,0.308120,0.623764,0.179759,0.379533,0.236708,0.027397,0.041096,0.364464,0.400588,0.455591,0.093641,0.091127,0.244232,-0.056949,0.122116,-0.028475
-19.800000,-40.000000,125,1.890000,0.286700,3.790000,0.252200,0.293907,0.504000,0.345374,0.381094,0.403209,125,1.718000,0.884481,0.252158,0.286695,0.321289,0.183027,0.279071,0.294319,0.000000,0.008000,0.403209,0.364723,0.380864,-0.034537,-0.022345,0.042219,-0.111293,0.021109,-0.055646
-19.800000,-39.800000,118,1.820000,0.291600,3.580000,0.321700,0.268817,0.448000,0.359765,0.358861,0.364941,118,2.040000,0.888762,0.321671,0.291609,0.465605,0.177737,0.329948,0.253271,0.000000,0.025424,0.364941,0.374551,0.401342,0.030062,0.036400,0.135657,-0.075534,0.067829,-0.037767
-19.800000,-39.600000,97,1.790000,0.310300,2.940000,0.381200,0.193548,0.424000,0.414684,0.344078,0.339496,97,2.290000,0.892082,0.381167,0.310326,0.586118,0.176216,0.385158,0.235494,0.010309,0.030928,0.339496,0.373008,0.398127,0.070842,0.058630,0.200961,-0.059278,0.100480,-0.029639
-19.800000,-39.400000,77,1.920000,0.315900,2.330000,0.410400,0.121864,0.528000,0.431131,0.360331,0.367473,77,2.420000,0.904530,0.410363,0.315922,0.639931,0.180795,0.398205,0.233639,0.025974,0.051948,0.367473,0.399261,0.452826,0.094441,0.085353,0.241727,-0.052844,0.120863,-0.026422
-19.600000,-39.600000,108,1.860000,0.306300,3.270000,0.344100,0.232975,0.480000,0.402937,0.371971,0.387506,108,2.090000,0.933907,0.344066,0.306252,0.488740,0.199393,0.340005,0.272499,0.000000,0.037037,0.387506,0.385145,0.423415,0.037814,0.035909,0.148734,-0.073106,0.074367,-0.036553
-19.600000,-39.400000,90,1.870000,0.315700,2.730000,0.382800,0.168459,0.488000,0.430543,0.362334,0.370920,90,2.250000,0.930149,0.382812,0.315710,0.572609,0.193016,0.386928,0.244491,0.011111,0.044444,0.370920,0.386851,0.426969,0.067103,0.056049,0.185681,-0.051476,0.092840,-0.025738
-19.400000,-39.600000,106,1.800000,0.278200,3.210000,0.273600,0.225806,0.432000,0.320411,0.326073,0.308506,106,1.700000,1.038849,0.273642,0.278155,0.299364,0.247919,0.248058,0.308251,0.000000,0.018868,0.308506,0.329414,0.307295,-0.004513,-0.001211,0.051306,-0.060332,0.025653,-0.030166
-19.400000,-39.400000,89,1.840000,0.321700,2.700000,0.368300,0.164875,0.464000,0.448164,0.359013,0.365203,89,2.100000,1.027690,0.368275,0.321650,0.494588,0.241963,0.343440,0.299861,0.000000,0.044944,0.365203,0.369948,0.391750,0.046625,0.026547,0.151148,-0.057898,0.075574,-0.028949
-19.200000,-39.600000,94,1.770000,0.298900,2.850000,0.301700,0.182796,0.408000,0.381204,0.324000,0.304938,94,1.660000,1.202045,0.301752,0.298932,0.281311,0.322194,0.241474,0.356389,0.000000,0.021277,0.304938,0.321983,0.291810,0.002821,-0.013128,0.039837,-0.034195,0.019919,-0.017098
-19.200000,-39.400000,92,1.680000,0.329200,2.790000,0.389000,0.175627,0.336000,0.470191,0.327273,0.310572,92,2.060000,1.165301,0.388971,0.329185,0.476429,0.301513,0.335038,0.323332,0.000000,0.043478,0.310572,0.341839,0.333183,0.059786,0.022611,0.141391,-0.021819,0.070696,-0.010910
-19.000000,-39.600000,90,1.700000,0.296700,2.730000,0.305800,0.168459,0.352000,0.374743,0.298401,0.260876,90,1.560000,1.328167,0.305839,0.296721,0.236060,0.375619,0.224265,0.369177,0.000000,0.044444,0.260876,0.300704,0.247474,0.009119,-0.013402,0.011796,0.006441,0.005898,0.003221
-19.000000,-39.400000,93,1.710000,0.331700,2.820000,0.405800,0.179211,0.360000,0.477533,0.338915,0.330610,93,2.020000,1.289257,0.405844,0.331684,0.457994,0.353694,0.327878,0.335489,0.000000,0.053763,0.330610,0.359980,0.370982,0.074160,0.040371,0.130116,0.018205,0.065058,0.009102
-18.800000,-39.600000,94,1.690000,0.286700,2.850000,0.277300,0.182796,0.344000,0.345374,0.290723,0.247662,94,1.330000,1.435257,0.277344,0.286697,0.132063,0.422624,0.184684,0.388710,0.000000,0.042553,0.247662,0.287707,0.220394,-0.009353,-0.027268,-0.052621,0.033914,-0.026311,0.016957
-18.800000,-39.400000,89,1.730000,0.332800,2.700000,0.399600,0.164875,0.376000,0.480764,0.340546,0.333418,89,1.880000,1.398173,0.399616,0.332800,0.398403,0.400829,0.313946,0.351654,0.000000,0.067416,0.333418,0.357232,0.365256,0.066816,0.031839,0.084457,0.049175,0.042229,0.024588
-18.600000,-39.600000,98,1.660000,0.294700,2.970000,0.300500,0.197133,0.320000,0.368869,0.295334,0.255598,98,1.340000,1.530880,0.300458,0.294728,0.137064,0.463853,0.187500,0.401956,0.000000,0.061224,0.255598,0.296742,0.239219,0.005730,-0.016379,-0.050436,0.061897,-0.025218,0.030948
-18.600000,-39.400000,92,1.730000,0.340400,2.790000,0.401600,0.175627,0.376000,0.503084,0.351570,0.352393,92,1.800000,1.486701,0.401583,0.340389,0.361005,0.442160,0.298753,0.382025,0.000000,0.043478,0.352393,0.361859,0.374897,0.061194,0.022504,0.062252,0.060136,0.031126,0.030068
-18.400000,-39.600000,98,1.670000,0.321000,2.970000,0.345600,0.197133,0.328000,0.446109,0.323747,0.304503,98,1.450000,1.603276,0.345648,0.321001,0.193952,0.497344,0.220288,0.421714,0.000000,0.081633,0.304503,0.323370,0.294700,0.024647,-0.009803,-0.026336,0.075631,-0.013168,0.037815
-18.400000,-39.400000,98,1.740000,0.367300,2.970000,0.424200,0.197133,0.384000,0.582085,0.387739,0.414648,98,1.790000,1.559896,0.424155,0.367333,0.371683,0.476627,0.325855,0.408812,0.000000,0.071429,0.414648,0.383663,0.420327,0.056821,0.005679,0.045827,0.067815,0.022914,0.033908
-18.200000,-39.400000,104,1.770000,0.358600,3.150000,0.396800,0.218638,0.408000,0.556535,0.394391,0.426096,104,1.620000,1.613519,0.396811,0.358561,0.291843,0.501778,0.291855,0.425266,0.000000,0.076923,0.426096,0.384333,0.421722,0.038250,-0.004374,-0.000012,0.076513,-0.000006,0.038256
-18.200000,-39.200000,97,1.840000,0.374200,2.940000,0.438000,0.193548,0.464000,0.602349,0.419966,0.470117,97,1.850000,1.551174,0.437960,0.374231,0.402855,0.473065,0.340964,0.407497,0.000000,0.072165,0.470117,0.416455,0.488651,0.063729,0.018535,0.061891,0.065568,0.030945,0.032784
-18.200000,-39.000000,91,1.810000,0.373100,2.760000,0.455900,0.172043,0.440000,0.599119,0.403721,0.442155,91,2.000000,1.481262,0.455856,0.373134,0.470756,0.440955,0.362557,0.383712,0.010989,0.109890,0.442155,0.410775,0.476818,0.082722,0.034663,0.108200,0.057243,0.054100,0.028622
-18.000000,-39.400000,108,1.860000,0.364500,3.270000,0.347100,0.232975,0.480000,0.573862,0.428946,0.485573,108,1.340000,1.640337,0.347092,0.364495,0.172873,0.521310,0.258987,0.470004,0.000000,0.101852,0.485573,0.386749,0.426757,-0.017403,-0.058815,-0.086114,0.051307,-0.043057,0.025653
-18.000000,-39.200000,106,1.880000,0.387600,3.210000,0.418200,0.225806,0.496000,0.641703,0.454503,0.529563,106,1.710000,1.578768,0.418231,0.387629,0.344011,0.492450,0.326859,0.448399,0.000000,0.113208,0.529563,0.427413,0.511484,0.030602,-0.018079,0.017152,0.044051,0.008576,0.022026
-18.000000,-39.000000,103,1.840000,0.379100,3.120000,0.433800,0.215054,0.464000,0.616740,0.431931,0.490712,103,1.860000,1.506297,0.433819,0.379135,0.411750,0.455888,0.348587,0.409683,0.000000,0.106796,0.490712,0.421428,0.499013,0.054684,0.008301,0.063164,0.046205,0.031582,0.023102
-18.000000,-38.800000,99,1.830000,0.341100,3.000000,0.407200,0.200717,0.456000,0.505140,0.387285,0.413866,99,1.870000,1.436191,0.407229,0.341053,0.393421,0.421037,0.306150,0.375957,0.000000,0.080808,0.413866,0.399883,0.454123,0.066176,0.040257,0.087272,0.045080,0.043636,0.022540
-17.800000,-39.000000,104,1.910000,0.354700,3.150000,0.379700,0.218638,0.520000,0.545081,0.427906,0.483784,104,1.650000,1.492605,0.379663,0.354747,0.309594,0.449731,0.302390,0.407104,0.000000,0.076923,0.483784,0.412574,0.480565,0.024916,-0.003219,0.007205,0.042627,0.003602,0.021314
-17.800000,-38.800000,87,1.830000,0.331400,2.640000,0.370200,0.157706,0.456000,0.476652,0.363453,0.372845,87,1.720000,1.423886,0.370188,0.331369,0.323060,0.417315,0.279496,0.383242,0.000000,0.080460,0.372845,0.365906,0.383328,0.038818,0.010483,0.043564,0.034073,0.021782,0.017037
-17.600000,-39.000000,92,1.750000,0.299800,2.790000,0.262200,0.175627,0.392000,0.383847,0.317158,0.293162,92,1.208000,1.440744,0.262227,0.299751,0.098782,0.425673,0.206394,0.393107,0.000000,0.054348,0.293162,0.293302,0.232052,-0.037523,-0.061110,-0.107612,0.032565,-0.053806,0.016283
-17.600000,-38.800000,72,1.810000,0.323000,2.180000,0.358200,0.103943,0.440000,0.451982,0.331975,0.318665,72,1.720000,1.372350,0.358223,0.323014,0.324634,0.391812,0.284314,0.361714,0.000000,0.041667,0.318665,0.336307,0.321657,0.035209,0.002992,0.040320,0.030098,0.020160,0.015049
-17.400000,-39.000000,74,1.540000,0.260700,2.240000,0.276600,0.111111,0.224000,0.269016,0.201376,0.093876,74,1.410000,1.378398,0.276653,0.260712,0.164043,0.389263,0.190183,0.331242,0.000000,0.040541,0.093876,0.223446,0.086500,0.015941,-0.007376,-0.026140,0.058021,-0.013070,0.029010
-17.400000,-38.800000,66,1.800000,0.324700,2.000000,0.371000,0.082437,0.432000,0.456975,0.323804,0.304601,66,1.820000,1.313713,0.370987,0.324709,0.379565,0.362410,0.320187,0.329231,0.000000,0.045455,0.304601,0.333240,0.315266,0.046278,0.010665,0.059378,0.033179,0.029689,0.016589
-17.200000,-39.000000,76,1.640000,0.271900,2.300000,0.303600,0.118280,0.304000,0.301909,0.241396,0.162759,76,1.560000,1.326453,0.303609,0.271930,0.244072,0.363146,0.240228,0.303632,0.000000,0.026316,0.162759,0.266795,0.176821,0.031678,0.014062,0.003843,0.059513,0.001922,0.029757
-17.200000,-38.800000,69,1.800000,0.318800,2.090000,0.361900,0.093190,0.432000,0.439648,0.321613,0.300829,69,1.830000,1.255339,0.361924,0.318785,0.389659,0.334188,0.333333,0.304237,0.000000,0.043478,0.300829,0.332019,0.312721,0.043138,0.011892,0.056325,0.029951,0.028163,0.014975
-17.000000,-39.000000,76,1.740000,0.282000,2.300000,0.286300,0.118280,0.384000,0.331571,0.277950,0.225677,76,1.500000,1.282712,0.286289,0.281998,0.224600,0.347978,0.245259,0.318737,0.000000,0.013158,0.225677,0.284278,0.213249,0.004291,-0.012428,-0.020659,0.029241,-0.010330,0.014620
-17.000000,-38.800000,69,1.840000,0.311300,2.090000,0.348300,0.093190,0.464000,0.417621,0.324937,0.306551,69,1.810000,1.209959,0.348259,0.311282,0.383501,0.313018,0.334612,0.287952,0.000000,0.028986,0.306551,0.335440,0.319850,0.036977,0.013298,0.048888,0.025065,0.024444,0.012533
-16.800000,-39.000000,76,1.800000,0.272900,2.300000,0.278000,0.118280,0.432000,0.304846,0.285042,0.237883,76,1.500000,1.248092,0.277985,0.272932,0.225323,0.330646,0.246807,0.299058,0.000000,0.013158,0.237883,0.295875,0.237412,0.005052,-0.000471,-0.021484,0.031589,-0.010742,0.015794
-16.800000,-38.800000,70,1.810000,0.317600,2.120000,0.354800,0.096774,0.440000,0.436123,0.324299,0.305453,70,1.830000,1.205370,0.354847,0.317606,0.398849,0.310845,0.349895,0.285318,0.000000,0.028571,0.305453,0.332128,0.312948,0.037241,0.007495,0.048954,0.025527,0.024477,0.012764
-16.600000,-39.000000,82,1.800000,0.250600,2.490000,0.219900,0.139785,0.432000,0.239354,0.270380,0.212646,82,1.250000,1.244775,0.219949,0.250634,0.109890,0.330008,0.198888,0.302381,0.000000,0.012195,0.212646,0.272271,0.188232,-0.030685,-0.024414,-0.088998,0.027627,-0.044499,0.013814
-16.600000,-38.800000,72,1.860000,0.325200,2.180000,0.371400,0.103943,0.480000,0.458443,0.347462,0.345322,72,1.880000,1.219513,0.371384,0.325188,0.426740,0.316028,0.367953,0.282422,0.000000,0.027778,0.345322,0.356619,0.363978,0.046196,0.018656,0.058786,0.033606,0.029393,0.016803
-16.400000,-38.800000,77,1.840000,0.311500,2.330000,0.350500,0.121864,0.464000,0.418209,0.334691,0.323340,77,1.800000,1.230149,0.350526,0.311450,0.379525,0.321528,0.334702,0.288199,0.000000,0.025974,0.323340,0.346200,0.342269,0.039076,0.018930,0.044823,0.033329,0.022412,0.016664
-16.400000,-38.600000,67,1.880000,0.326500,2.030000,0.386600,0.086022,0.496000,0.462261,0.348094,0.346410,67,1.980000,1.196776,0.386623,0.326513,0.466240,0.307005,0.370610,0.282416,0.000000,0.029851,0.346410,0.364059,0.379479,0.060110,0.033069,0.095630,0.024590,0.047815,0.012295
-16.200000,-38.800000,80,1.880000,0.292100,2.420000,0.293900,0.132616,0.496000,0.361233,0.329950,0.315180,80,1.540000,1.243806,0.293874,0.292080,0.258745,0.329003,0.284191,0.299968,0.000000,0.012500,0.315180,0.330412,0.309374,0.001795,-0.005805,-0.025446,0.029036,-0.012723,0.014518
-16.200000,-38.600000,73,1.900000,0.331400,2.210000,0.380200,0.107527,0.512000,0.476652,0.365393,0.376185,73,1.920000,1.217879,0.380154,0.331355,0.443424,0.316884,0.372683,0.290027,0.000000,0.027397,0.376185,0.373130,0.398381,0.048798,0.022197,0.070741,0.026856,0.035370,0.013428
-16.000000,-38.800000,83,1.900000,0.272300,2.520000,0.270300,0.143369,0.512000,0.303084,0.319484,0.297166,83,1.460000,1.242706,0.270325,0.272292,0.213513,0.327136,0.252569,0.292015,0.000000,0.012048,0.297166,0.326843,0.301938,-0.001967,0.004772,-0.039056,0.035121,-0.019528,0.017561
-16.000000,-38.600000,71,1.850000,0.326700,2.150000,0.380400,0.100358,0.472000,0.462849,0.345069,0.341203,71,1.940000,1.221901,0.380398,0.326674,0.440592,0.320205,0.352941,0.300407,0.000000,0.028169,0.341203,0.357537,0.365892,0.053725,0.024689,0.087651,0.019798,0.043826,0.009899
-15.800000,-38.800000,73,1.810000,0.261500,2.210000,0.245600,0.107527,0.440000,0.271366,0.272964,0.217095,73,1.400000,1.214102,0.245607,0.261458,0.172914,0.318301,0.215149,0.307767,0.000000,0.000000,0.217095,0.277790,0.199731,-0.015851,-0.017364,-0.042235,0.010534,-0.021118,0.005267
-15.800000,-38.600000,61,1.970000,0.325500,1.850000,0.388900,0.064516,0.568000,0.459325,0.363947,0.373696,61,2.010000,1.201281,0.388890,0.325508,0.465502,0.312278,0.348602,0.302414,0.000000,0.032787,0.373696,0.382092,0.417054,0.063382,0.043359,0.116900,0.009864,0.058450,0.004932
-15.800000,-38.400000,53,1.940000,0.314800,1.610000,0.402000,0.035842,0.544000,0.427900,0.335914,0.325445,53,2.070000,1.212892,0.401954,0.314848,0.490635,0.313272,0.350444,0.279252,0.000000,0.037736,0.325445,0.371461,0.394903,0.087106,0.069458,0.140191,0.034020,0.070096,0.017010
-15.600000,-38.800000,67,1.750000,0.271700,2.030000,0.289500,0.086022,0.392000,0.301322,0.259781,0.194404,67,1.620000,1.211194,0.289460,0.271741,0.260784,0.318135,0.229807,0.313675,0.000000,0.000000,0.194404,0.277873,0.199904,0.017719,0.005500,0.030977,0.004460,0.015489,0.002230
-15.600000,-38.600000,57,1.890000,0.321600,1.730000,0.389400,0.050179,0.504000,0.447871,0.334017,0.322179,57,2.010000,1.206438,0.389379,0.321637,0.465009,0.313749,0.345459,0.297814,0.000000,0.035088,0.322179,0.356239,0.363187,0.067742,0.041008,0.119549,0.015935,0.059775,0.007968
-15.400000,-38.800000,62,1.840000,0.285600,1.880000,0.324600,0.068100,0.464000,0.342144,0.291415,0.248852,62,1.760000,1.209872,0.324628,0.285638,0.334515,0.314742,0.274668,0.296609,0.000000,0.000000,0.248852,0.314547,0.276317,0.038990,0.027465,0.059847,0.018133,0.029924,0.009066
-15.400000,-38.600000,54,1.890000,0.324800,1.640000,0.395500,0.039427,0.504000,0.457269,0.333565,0.321402,54,2.020000,1.213569,0.395473,0.324845,0.475580,0.315366,0.358932,0.290757,0.000000,0.037037,0.321402,0.355886,0.362452,0.070628,0.041049,0.116648,0.024609,0.058324,0.012304
-15.200000,-38.800000,60,1.830000,0.292200,1.820000,0.327900,0.060932,0.456000,0.361527,0.292820,0.251270,60,1.760000,1.210033,0.327916,0.292245,0.341087,0.314745,0.287745,0.296745,0.000000,0.000000,0.251270,0.311234,0.269414,0.035671,0.018144,0.053342,0.018000,0.026671,0.009000
-15.200000,-38.600000,53,1.910000,0.331100,1.610000,0.402800,0.035842,0.520000,0.475771,0.343871,0.339141,53,2.040000,1.219622,0.402813,0.331104,0.486765,0.318861,0.365705,0.296504,0.000000,0.037736,0.339141,0.363917,0.379183,0.071708,0.040043,0.121060,0.022356,0.060530,0.011178
-15.000000,-38.800000,61,1.770000,0.286300,1.850000,0.347500,0.064516,0.408000,0.344200,0.272239,0.215846,61,1.870000,1.215267,0.347522,0.286299,0.379631,0.315412,0.285680,0.286918,0.000000,0.000000,0.215846,0.306824,0.260226,0.061223,0.044380,0.093951,0.028494,0.046976,0.014247
-15.000000,-38.600000,53,1.850000,0.322900,1.610000,0.405600,0.035842,0.472000,0.451689,0.319844,0.297785,53,2.060000,1.226109,0.405642,0.322911,0.491810,0.319474,0.361265,0.284556,0.000000,0.037736,0.297785,0.349417,0.348972,0.082731,0.051187,0.130545,0.034918,0.065272,0.017459
-14.800000,-38.800000,60,1.830000,0.291500,1.820000,0.359800,0.060932,0.456000,0.359471,0.292134,0.250091,60,1.900000,1.223076,0.359767,0.291541,0.403114,0.316421,0.308946,0.274136,0.000000,0.016667,0.250091,0.328123,0.304603,0.068226,0.054512,0.094167,0.042285,0.047084,0.021142
-14.800000,-38.600000,53,1.940000,0.319900,1.610000,0.410500,0.035842,0.544000,0.442878,0.340907,0.334039,53,2.070000,1.230982,0.410550,0.319948,0.502868,0.318232,0.374029,0.265867,0.000000,0.037736,0.334039,0.376019,0.404400,0.090602,0.070362,0.128839,0.052365,0.064420,0.026183
-14.600000,-38.800000,58,1.860000,0.312100,1.760000,0.376200,0.053763,0.480000,0.419971,0.317911,0.294459,58,1.938000,1.228504,0.376185,0.312088,0.431350,0.321021,0.335446,0.288730,0.000000,0.034483,0.294459,0.342438,0.334432,0.064097,0.039973,0.095904,0.032291,0.047952,0.016145
-14.600000,-38.600000,53,1.890000,0.326000,1.610000,0.418900,0.035842,0.504000,0.460793,0.333545,0.321368,53,2.080000,1.235726,0.418944,0.326027,0.520285,0.317603,0.400805,0.251250,0.000000,0.037736,0.321368,0.367137,0.385893,0.092917,0.064525,0.119480,0.066353,0.059740,0.033177
-14.400000,-38.800000,58,1.880000,0.325800,1.760000,0.387900,0.053763,0.496000,0.460206,0.336656,0.326723,58,1.950000,1.234657,0.387860,0.325827,0.453013,0.322708,0.367140,0.284514,0.000000,0.034483,0.326723,0.353962,0.358442,0.062034,0.031720,0.085873,0.038195,0.042936,0.019097
-14.400000,-38.600000,50,1.920000,0.334500,1.520000,0.426900,0.025090,0.528000,0.485756,0.346282,0.343291,50,2.100000,1.240616,0.426877,0.334498,0.532894,0.320861,0.410294,0.258701,0.020000,0.040000,0.343291,0.375759,0.403858,0.092380,0.060567,0.122600,0.062160,0.061300,0.031080
-14.200000,-38.800000,60,1.830000,0.320700,1.820000,0.369800,0.060932,0.456000,0.445228,0.320720,0.299293,60,1.870000,1.239166,0.369771,0.320691,0.413553,0.325990,0.349020,0.292363,0.000000,0.033333,0.299293,0.333427,0.315656,0.049080,0.016363,0.064534,0.033626,0.032267,0.016813
-14.200000,-38.600000,48,1.920000,0.344700,1.450000,0.431400,0.017921,0.528000,0.515712,0.353878,0.356365,48,2.100000,1.245747,0.431402,0.344658,0.538156,0.324649,0.419884,0.269433,0.020833,0.041667,0.356365,0.375769,0.403878,0.086744,0.047514,0.118273,0.055215,0.059136,0.027608
-14.000000,-38.800000,65,1.830000,0.305800,1.970000,0.352700,0.078853,0.456000,0.401468,0.312107,0.284468,65,1.800000,1.245473,0.352746,0.305757,0.379487,0.326005,0.333710,0.277803,0.000000,0.030769,0.284468,0.330373,0.309293,0.046989,0.024825,0.045777,0.048202,0.022888,0.024101
-14.000000,-38.600000,55,1.870000,0.341600,1.670000,0.427700,0.043011,0.488000,0.506608,0.345873,0.342586,55,2.080000,1.251505,0.427685,0.341633,0.529337,0.326033,0.418583,0.264683,0.018182,0.036364,0.342586,0.368828,0.389416,0.086052,0.046830,0.110754,0.061350,0.055377,0.030675
-13.800000,-38.800000,63,1.920000,0.309500,1.910000,0.342200,0.071685,0.528000,0.412335,0.337340,0.327899,63,1.730000,1.253493,0.342233,0.309546,0.354323,0.330142,0.335668,0.283425,0.000000,0.015873,0.327899,0.346409,0.342706,0.032687,0.014806,0.018655,0.046718,0.009328,0.023359
-13.800000,-38.600000,59,1.830000,0.346100,1.790000,0.431500,0.057348,0.456000,0.519824,0.344390,0.340035,59,2.080000,1.256198,0.431533,0.346122,0.535854,0.327212,0.432328,0.259915,0.016949,0.033898,0.340035,0.364980,0.381399,0.085411,0.041364,0.103526,0.067297,0.051763,0.033648
-13.600000,-38.800000,64,1.940000,0.296200,1.940000,0.332700,0.075269,0.544000,0.373275,0.330848,0.316725,64,1.710000,1.258362,0.332741,0.296159,0.333219,0.332262,0.308249,0.284069,0.000000,0.015625,0.316725,0.347905,0.345821,0.036582,0.029096,0.024970,0.048194,0.012485,0.024097
-13.600000,-38.600000,60,1.850000,0.352700,1.820000,0.429100,0.060932,0.472000,0.539207,0.357380,0.362392,60,2.070000,1.259701,0.429130,0.352684,0.524969,0.333290,0.418260,0.287109,0.016667,0.033333,0.362392,0.370234,0.392346,0.076446,0.029954,0.106710,0.046182,0.053355,0.023091
-13.400000,-38.800000,66,1.890000,0.300400,2.000000,0.330500,0.082437,0.504000,0.385609,0.324016,0.304965,66,1.710000,1.261148,0.330538,0.300369,0.322844,0.338233,0.288102,0.312636,0.000000,0.000000,0.304965,0.335793,0.320585,0.030170,0.015620,0.034742,0.025597,0.017371,0.012798
-13.400000,-38.600000,64,1.890000,0.353800,1.940000,0.427700,0.075269,0.504000,0.542438,0.373902,0.390831,64,2.050000,1.262119,0.427711,0.353783,0.522608,0.332815,0.428424,0.279143,0.015625,0.031250,0.390831,0.384927,0.422961,0.073928,0.032131,0.094184,0.053672,0.047092,0.026836
-13.400000,-38.400000,57,1.840000,0.359500,1.730000,0.446400,0.050179,0.464000,0.559178,0.357786,0.363091,57,2.140000,1.261568,0.446452,0.359489,0.559347,0.333557,0.434856,0.284121,0.017544,0.035088,0.363091,0.373168,0.398459,0.086963,0.035368,0.124492,0.049435,0.062246,0.024718
-13.200000,-38.600000,67,1.970000,0.353200,2.030000,0.413300,0.086022,0.568000,0.540675,0.398232,0.432708,67,1.990000,1.262069,0.413298,0.353170,0.490460,0.336137,0.408363,0.297978,0.000000,0.029851,0.432708,0.402203,0.458956,0.060128,0.026248,0.082097,0.038159,0.041049,0.019079
-13.200000,-38.400000,62,1.920000,0.361400,1.880000,0.441800,0.068100,0.528000,0.564758,0.386953,0.413294,62,2.110000,1.260646,0.441756,0.361420,0.550514,0.332999,0.439635,0.283205,0.016129,0.048387,0.413294,0.397985,0.450168,0.080336,0.036874,0.110879,0.049793,0.055440,0.024897
-13.200000,-38.200000,55,1.910000,0.346800,1.670000,0.446500,0.043011,0.520000,0.521880,0.361630,0.369708,55,2.170000,1.257143,0.446508,0.346847,0.562970,0.330046,0.419652,0.274041,0.036364,0.054545,0.369708,0.389475,0.432436,0.099662,0.062728,0.143318,0.056005,0.071659,0.028003
-13.200000,-38.000000,49,2.000000,0.340800,1.490000,0.447900,0.021505,0.592000,0.504258,0.372588,0.388569,49,2.200000,1.252796,0.447924,0.340758,0.567093,0.328755,0.406062,0.275454,0.040816,0.040816,0.388569,0.407057,0.469070,0.107166,0.080501,0.161030,0.053301,0.080515,0.026650
-13.000000,-38.400000,66,2.120000,0.359300,2.000000,0.410800,0.082437,0.688000,0.558590,0.443009,0.509779,66,1.960000,1.257779,0.410836,0.359285,0.486957,0.334714,0.419340,0.299229,0.015152,0.045455,0.509779,0.439702,0.537090,0.051551,0.027311,0.067617,0.035485,0.033809,0.017742
-13.000000,-38.200000,63,1.980000,0.342800,1.910000,0.433200,0.071685,0.576000,0.510132,0.385939,0.411549,63,2.100000,1.257023,0.433215,0.342850,0.538345,0.328085,0.422969,0.262730,0.015873,0.031746,0.411549,0.410651,0.476559,0.090365,0.065010,0.115376,0.065355,0.057688,0.032677
-13.000000,-38.000000,56,1.930000,0.339600,1.700000,0.445700,0.046595,0.536000,0.500734,0.361110,0.368812,56,2.170000,1.253253,0.445740,0.339580,0.565280,0.326200,0.419118,0.260043,0.035714,0.071429,0.368812,0.395595,0.445189,0.106159,0.076377,0.146162,0.066156,0.073081,0.033078
-13.000000,-37.800000,48,2.000000,0.326100,1.450000,0.445600,0.017921,0.592000,0.461087,0.357003,0.361743,48,2.230000,1.248480,0.445639,0.326107,0.564866,0.326413,0.380362,0.271852,0.041667,0.041667,0.361743,0.404651,0.464057,0.119532,0.102314,0.184504,0.054561,0.092252,0.027280
-12.800000,-38.000000,61,2.000000,0.330100,1.850000,0.427700,0.064516,0.592000,0.472834,0.376450,0.395216,61,2.100000,1.255236,0.427744,0.330096,0.528013,0.327475,0.397059,0.263134,0.032787,0.049180,0.395216,0.410694,0.476648,0.097648,0.081432,0.130954,0.064341,0.065477,0.032171
-12.800000,-37.800000,53,1.920000,0.329600,1.610000,0.443000,0.035842,0.528000,0.471366,0.345069,0.341203,53,2.190000,1.249708,0.442964,0.329614,0.560509,0.325419,0.395671,0.263557,0.037736,0.075472,0.341203,0.387872,0.429098,0.113349,0.087894,0.164837,0.061861,0.082419,0.030931
-12.600000,-37.800000,60,1.950000,0.315400,1.820000,0.423300,0.060932,0.552000,0.429662,0.347531,0.345441,60,2.120000,1.253690,0.423323,0.315368,0.519719,0.326927,0.366912,0.263825,0.016667,0.066667,0.345441,0.393822,0.441493,0.107955,0.096052,0.152807,0.063102,0.076404,0.031551
-12.600000,-37.600000,54,1.870000,0.320600,1.640000,0.443200,0.039427,0.488000,0.444934,0.324120,0.305145,54,2.210000,1.247274,0.443164,0.320646,0.564103,0.322225,0.389297,0.251994,0.037037,0.074074,0.305145,0.375840,0.404027,0.122518,0.098882,0.174805,0.070231,0.087403,0.035116
-12.400000,-37.800000,63,1.940000,0.274600,1.910000,0.340700,0.071685,0.544000,0.309838,0.308508,0.278273,63,1.780000,1.277298,0.340714,0.274600,0.343741,0.337686,0.278945,0.270256,0.000000,0.000000,0.278273,0.350937,0.352140,0.066113,0.073867,0.064796,0.067431,0.032398,0.033715
-12.400000,-37.600000,58,1.910000,0.309400,1.760000,0.427400,0.053763,0.520000,0.412041,0.328602,0.312859,58,2.140000,1.253656,0.427395,0.309386,0.532146,0.322643,0.380958,0.237813,0.017241,0.068966,0.312859,0.382924,0.418788,0.118009,0.105929,0.151188,0.084830,0.075594,0.042415
-12.400000,-37.400000,52,1.870000,0.315000,1.580000,0.447700,0.032258,0.488000,0.428488,0.316249,0.291597,52,2.240000,1.245800,0.447719,0.315017,0.575655,0.319782,0.390979,0.239056,0.038462,0.096154,0.291597,0.375866,0.404080,0.132701,0.112484,0.184677,0.080726,0.092338,0.040363
-12.200000,-37.600000,61,1.970000,0.297100,1.850000,0.388200,0.064516,0.568000,0.375918,0.336145,0.325842,61,1.970000,1.264039,0.388230,0.297050,0.447187,0.329272,0.342334,0.251766,0.000000,0.032787,0.325842,0.381742,0.416325,0.091179,0.090483,0.104853,0.077506,0.052427,0.038753
-12.200000,-37.400000,54,1.890000,0.314800,1.640000,0.440900,0.039427,0.504000,0.427900,0.323776,0.304552,54,2.190000,1.251975,0.440937,0.314845,0.559965,0.321910,0.392293,0.237397,0.037037,0.092593,0.304552,0.379993,0.412680,0.126092,0.108128,0.167672,0.084513,0.083836,0.042256
-12.000000,-37.400000,59,1.860000,0.315800,1.790000,0.427700,0.057348,0.480000,0.430837,0.322728,0.302749,59,2.120000,1.259483,0.427739,0.315776,0.529025,0.326454,0.384970,0.246583,0.016949,0.067797,0.302749,0.370969,0.393877,0.111963,0.091127,0.144055,0.079871,0.072027,0.039936
-12.000000,-37.200000,51,1.820000,0.316100,1.550000,0.448400,0.028674,0.448000,0.431718,0.302797,0.268444,51,2.230000,1.251750,0.448404,0.316053,0.574589,0.322219,0.392157,0.239950,0.039216,0.078431,0.268444,0.361701,0.374567,0.132351,0.106123,0.182432,0.082270,0.091216,0.041135
-11.800000,-37.400000,58,1.950000,0.302900,1.760000,0.400000,0.053763,0.552000,0.392952,0.332905,0.320266,58,2.010000,1.270479,0.399986,0.302914,0.466401,0.333571,0.343940,0.261887,0.000000,0.068966,0.320266,0.379058,0.410732,0.097072,0.090466,0.122461,0.071683,0.061231,0.035842
-11.800000,-37.200000,55,1.820000,0.309300,1.670000,0.437100,0.043011,0.448000,0.411747,0.300919,0.265212,55,2.190000,1.256161,0.437073,0.309253,0.548918,0.325228,0.371390,0.247117,0.036364,0.072727,0.265212,0.360472,0.372006,0.127819,0.106794,0.177527,0.078111,0.088764,0.039056
-11.600000,-37.400000,64,1.890000,0.316600,1.940000,0.401200,0.075269,0.504000,0.433186,0.337485,0.328149,64,1.840000,1.460342,0.401249,0.316600,0.381582,0.420917,0.306641,0.326560,0.000000,0.062500,0.328149,0.370896,0.393727,0.084649,0.065577,0.074941,0.094357,0.037471,0.047178
-11.600000,-37.200000,56,1.880000,0.309500,1.700000,0.412600,0.046595,0.496000,0.412335,0.318310,0.295145,56,2.070000,1.262251,0.412603,0.309523,0.494636,0.330570,0.355042,0.264005,0.000000,0.071429,0.295145,0.364692,0.380799,0.103079,0.085654,0.139594,0.066565,0.069797,0.033282
-11.600000,-37.000000,50,1.820000,0.316400,1.520000,0.446100,0.025090,0.448000,0.432599,0.301896,0.266893,50,2.230000,1.255764,0.446103,0.316439,0.565348,0.326858,0.374559,0.258319,0.060000,0.080000,0.266893,0.359286,0.369535,0.129664,0.102642,0.190789,0.068539,0.095395,0.034269
-11.400000,-37.200000,58,1.980000,0.289000,1.760000,0.365800,0.053763,0.576000,0.352129,0.327298,0.310614,58,1.860000,1.286380,0.365799,0.288956,0.390552,0.341047,0.309077,0.268836,0.000000,0.051724,0.310614,0.368932,0.389632,0.076843,0.079018,0.081475,0.072211,0.040737,0.036106
-11.400000,-37.000000,54,1.830000,0.310600,1.640000,0.436000,0.039427,0.456000,0.415565,0.303664,0.269936,54,2.190000,1.261825,0.436053,0.310613,0.542396,0.329709,0.360975,0.260251,0.018519,0.074074,0.269936,0.361403,0.373946,0.125439,0.104010,0.181421,0.069458,0.090710,0.034729
-11.400000,-36.800000,46,1.850000,0.314200,1.390000,0.451100,0.010753,0.472000,0.426138,0.302964,0.268730,46,2.260000,1.256563,0.451061,0.314178,0.575808,0.326314,0.375799,0.252557,0.043478,0.065217,0.268730,0.365136,0.381725,0.136883,0.112994,0.200009,0.073757,0.100005,0.036879
-11.200000,-37.000000,54,2.020000,0.303000,1.640000,0.395200,0.039427,0.608000,0.393245,0.346891,0.344338,54,2.000000,1.274561,0.395169,0.303025,0.452720,0.337618,0.329385,0.276666,0.000000,0.037037,0.344338,0.390392,0.434347,0.092144,0.090009,0.123336,0.060952,0.061668,0.030476
-11.200000,-36.800000,49,1.880000,0.307000,1.490000,0.439300,0.021505,0.496000,0.404993,0.307499,0.276537,49,2.220000,1.261827,0.439261,0.307037,0.548778,0.329745,0.353091,0.260982,0.040816,0.061224,0.276537,0.370464,0.392825,0.132224,0.116288,0.195687,0.068762,0.097843,0.034381
-11.000000,-37.000000,53,2.110000,0.263600,1.610000,0.273600,0.035842,0.680000,0.277533,0.331125,0.317202,53,1.450000,1.290438,0.273576,0.263574,0.200083,0.347069,0.232658,0.294489,0.000000,0.018868,0.317202,0.348725,0.347530,0.010002,0.030328,-0.032575,0.052580,-0.016288,0.026290
-11.000000,-36.800000,53,2.000000,0.299800,1.610000,0.430200,0.035842,0.592000,0.383847,0.337230,0.327710,53,2.190000,1.271335,0.430186,0.299781,0.525330,0.335042,0.330189,0.269372,0.037736,0.056604,0.327710,0.402431,0.459431,0.130405,0.131721,0.195141,0.065670,0.097571,0.032835
-11.000000,-36.600000,47,1.980000,0.324000,1.420000,0.450700,0.014337,0.576000,0.454919,0.348419,0.346968,47,2.240000,1.263685,0.450694,0.323995,0.569558,0.331829,0.379224,0.268767,0.042553,0.085106,0.346968,0.400803,0.456039,0.126698,0.109071,0.190334,0.063062,0.095167,0.031531
-10.800000,-36.800000,56,2.120000,0.273900,1.700000,0.319200,0.046595,0.688000,0.307783,0.347459,0.345317,56,1.660000,1.289736,0.319201,0.273894,0.292779,0.345624,0.259848,0.287941,0.000000,0.017857,0.345317,0.379168,0.410960,0.045307,0.065643,0.032931,0.057683,0.016465,0.028841
-10.800000,-36.600000,51,2.080000,0.316300,1.550000,0.425000,0.028674,0.656000,0.432305,0.372326,0.388119,51,2.110000,1.285090,0.424968,0.316277,0.508152,0.341784,0.354671,0.277883,0.019608,0.058824,0.388119,0.418608,0.493137,0.108691,0.105019,0.153481,0.063901,0.076740,0.031950
-10.800000,-36.400000,46,2.020000,0.330500,1.390000,0.450900,0.010753,0.608000,0.474009,0.364254,0.374224,46,2.230000,1.265146,0.450862,0.330549,0.568004,0.333719,0.385070,0.276028,0.021739,0.065217,0.374224,0.410364,0.475961,0.120313,0.101736,0.182934,0.057692,0.091467,0.028846
-10.800000,-36.200000,43,1.930000,0.324800,1.300000,0.462100,0.000000,0.536000,0.457269,0.331090,0.317141,43,2.310000,1.259763,0.462118,0.324799,0.593151,0.331085,0.377052,0.272547,0.023256,0.069767,0.317141,0.388748,0.430922,0.137318,0.113780,0.216099,0.058538,0.108050,0.029269
-10.600000,-36.600000,52,2.190000,0.297300,1.580000,0.373700,0.032258,0.744000,0.376505,0.384254,0.408649,52,1.860000,1.310157,0.373726,0.297338,0.394900,0.352553,0.313773,0.280903,0.000000,0.038462,0.408649,0.421966,0.500135,0.076389,0.091486,0.081127,0.071650,0.040564,0.035825
-10.600000,-36.400000,52,2.100000,0.307000,1.580000,0.412800,0.032258,0.672000,0.404993,0.369750,0.383685,52,2.080000,1.277341,0.412820,0.306974,0.486616,0.339023,0.334559,0.279389,0.019231,0.057692,0.383685,0.418694,0.493318,0.105846,0.109634,0.152057,0.059634,0.076029,0.029817
-10.600000,-36.200000,51,1.900000,0.319200,1.550000,0.444600,0.028674,0.512000,0.440822,0.327165,0.310387,51,2.220000,1.270695,0.444604,0.319185,0.553975,0.335233,0.366782,0.271589,0.019608,0.058824,0.310387,0.381020,0.414819,0.125419,0.104432,0.187193,0.063644,0.093597,0.031822
-10.600000,-36.000000,47,1.850000,0.330500,1.420000,0.464700,0.014337,0.472000,0.474009,0.320115,0.298252,47,2.320000,1.261307,0.464670,0.330538,0.595901,0.333440,0.377503,0.283572,0.021277,0.063830,0.298252,0.373547,0.399249,0.134133,0.100997,0.218397,0.049868,0.109199,0.024934
-10.400000,-36.200000,53,1.940000,0.304200,1.610000,0.377200,0.035842,0.544000,0.396769,0.325537,0.307584,53,1.900000,1.300144,0.377200,0.304162,0.401133,0.353267,0.299667,0.308656,0.000000,0.018868,0.307584,0.358336,0.367556,0.073039,0.059972,0.101466,0.044611,0.050733,0.022306
-10.400000,-36.000000,50,1.880000,0.324900,1.520000,0.446000,0.025090,0.496000,0.457562,0.326217,0.308755,50,2.230000,1.271858,0.445964,0.324887,0.552967,0.338961,0.358971,0.290803,0.000000,0.060000,0.308755,0.375213,0.402720,0.121078,0.093965,0.193996,0.048159,0.096998,0.024079
-10.400000,-35.800000,47,1.890000,0.328200,1.420000,0.464100,0.014337,0.504000,0.467254,0.328530,0.312736,47,2.320000,1.262563,0.464073,0.328230,0.594732,0.333415,0.375469,0.280990,0.042553,0.063830,0.312736,0.383897,0.420814,0.135844,0.108078,0.219262,0.052425,0.109631,0.026213
-10.200000,-36.000000,56,1.930000,0.303200,1.700000,0.395900,0.046595,0.536000,0.393833,0.325476,0.307479,56,2.000000,1.292758,0.395877,0.303193,0.444597,0.347157,0.316045,0.290341,0.000000,0.017857,0.307479,0.369157,0.390101,0.092684,0.082623,0.128552,0.056815,0.064276,0.028408
-10.200000,-35.800000,51,1.900000,0.309500,1.550000,0.446700,0.028674,0.512000,0.412335,0.317670,0.294042,51,2.260000,1.270104,0.446711,0.309456,0.558357,0.335065,0.346453,0.272459,0.019608,0.058824,0.294042,0.382137,0.417146,0.137255,0.123104,0.211903,0.062606,0.105952,0.031303
-10.200000,-35.600000,47,1.890000,0.317800,1.420000,0.461600,0.014337,0.504000,0.436711,0.318349,0.295212,47,2.330000,1.266157,0.461564,0.317751,0.588964,0.334164,0.357791,0.277712,0.042553,0.063830,0.295212,0.382567,0.418043,0.143813,0.122830,0.231173,0.056453,0.115587,0.028226
-10.000000,-35.800000,55,1.870000,0.298700,1.670000,0.394000,0.043011,0.488000,0.380617,0.303876,0.270300,55,2.010000,1.284509,0.394009,0.298656,0.444156,0.343862,0.306952,0.290361,0.000000,0.036364,0.270300,0.350971,0.352211,0.095353,0.081911,0.137204,0.053501,0.068602,0.026751
-10.000000,-35.600000,49,1.880000,0.313900,1.490000,0.450200,0.021505,0.496000,0.425257,0.314254,0.288164,49,2.270000,1.273416,0.450224,0.313850,0.562832,0.337616,0.348139,0.279561,0.040816,0.040816,0.288164,0.376276,0.404936,0.136374,0.116773,0.214692,0.058055,0.107346,0.029027
-10.000000,-35.400000,46,1.930000,0.324400,1.390000,0.468200,0.010753,0.536000,0.456094,0.334282,0.322636,46,2.350000,1.268474,0.468154,0.324374,0.600414,0.335893,0.366848,0.281900,0.043478,0.065217,0.322636,0.395532,0.445058,0.143780,0.122421,0.233566,0.053993,0.116783,0.026997
-9.800000,-35.800000,54,1.980000,0.311400,1.640000,0.427600,0.039427,0.576000,0.417915,0.344447,0.340132,54,2.130000,1.310815,0.427583,0.311411,0.500068,0.355099,0.328431,0.294391,0.000000,0.037037,0.340132,0.396912,0.447933,0.116172,0.107800,0.171636,0.060707,0.085818,0.030354
-9.800000,-35.600000,51,1.960000,0.317100,1.550000,0.438800,0.028674,0.560000,0.434655,0.341110,0.334388,51,2.190000,1.292465,0.438775,0.317124,0.530345,0.347204,0.343281,0.290967,0.019608,0.039216,0.334388,0.393929,0.441716,0.121650,0.107328,0.187064,0.056237,0.093532,0.028118
-9.800000,-35.400000,48,1.880000,0.326200,1.450000,0.458500,0.017921,0.496000,0.461380,0.325100,0.306833,48,2.280000,1.278232,0.458458,0.326236,0.576847,0.340069,0.369332,0.283140,0.041667,0.041667,0.306833,0.379448,0.411544,0.132222,0.104711,0.207515,0.056929,0.103757,0.028464
-9.600000,-35.600000,51,2.020000,0.291400,1.550000,0.325000,0.028674,0.608000,0.359178,0.331951,0.318623,51,1.600000,1.380091,0.324995,0.291355,0.259068,0.390922,0.241061,0.341649,0.000000,0.000000,0.318623,0.349599,0.349352,0.033639,0.030728,0.018007,0.049272,0.009003,0.024636
-9.600000,-35.400000,49,1.960000,0.309200,1.490000,0.427100,0.021505,0.560000,0.411454,0.330986,0.316964,49,2.130000,1.308327,0.427102,0.309207,0.501159,0.353046,0.330132,0.288281,0.020408,0.020408,0.316964,0.385350,0.423842,0.117896,0.106878,0.171027,0.064765,0.085513,0.032382
-9.600000,-35.200000,48,1.940000,0.304500,1.450000,0.446300,0.017921,0.544000,0.397651,0.319857,0.297808,48,2.260000,1.279132,0.446289,0.304519,0.555479,0.337098,0.345895,0.263143,0.020833,0.020833,0.297808,0.388995,0.431437,0.141770,0.133629,0.209585,0.073955,0.104792,0.036977
-9.400000,-35.400000,51,2.020000,0.280100,1.550000,0.303200,0.028674,0.608000,0.325991,0.320888,0.299583,51,1.520000,1.366279,0.303254,0.280148,0.222366,0.384141,0.226644,0.333652,0.000000,0.000000,0.299583,0.338071,0.325332,0.023106,0.025750,-0.004278,0.050489,-0.002139,0.025244
-9.400000,-35.200000,49,2.060000,0.306800,1.490000,0.431200,0.021505,0.640000,0.404405,0.355304,0.358819,49,2.150000,1.309146,0.431193,0.306804,0.510578,0.351809,0.334934,0.278674,0.020408,0.020408,0.358819,0.414186,0.483924,0.124389,0.125105,0.175644,0.073135,0.087822,0.036568
-9.400000,-35.000000,47,1.980000,0.309800,1.420000,0.452700,0.014337,0.576000,0.413216,0.334518,0.323042,47,2.300000,1.273998,0.452731,0.309826,0.567610,0.337851,0.339956,0.279695,0.021277,0.042553,0.323042,0.401883,0.458289,0.142905,0.135248,0.227654,0.058156,0.113827,0.029078
-9.200000,-35.200000,54,2.060000,0.292000,1.640000,0.364500,0.039427,0.640000,0.360940,0.346789,0.344163,54,1.830000,1.343808,0.364538,0.292025,0.356058,0.373018,0.263072,0.320978,0.000000,0.018519,0.344163,0.384817,0.422731,0.072513,0.078568,0.092986,0.052041,0.046493,0.026020
-9.200000,-35.000000,51,2.080000,0.305200,1.550000,0.435800,0.028674,0.656000,0.399706,0.361460,0.369415,51,2.200000,1.294326,0.435800,0.305180,0.524887,0.346714,0.327422,0.282939,0.019608,0.039216,0.369415,0.424351,0.505105,0.130620,0.135690,0.197465,0.063775,0.098732,0.031887
-9.200000,-34.800000,49,2.000000,0.304000,1.490000,0.456800,0.021505,0.592000,0.396182,0.336562,0.326561,49,2.340000,1.272311,0.456755,0.304018,0.576288,0.337222,0.328331,0.279705,0.020408,0.040816,0.326561,0.411739,0.478827,0.152737,0.152265,0.247956,0.057517,0.123978,0.028759
-9.000000,-35.000000,53,2.000000,0.305800,1.610000,0.419100,0.035842,0.592000,0.401468,0.343104,0.337820,53,2.110000,1.307188,0.419054,0.305785,0.483033,0.355075,0.309240,0.302330,0.018868,0.018868,0.337820,0.396528,0.447132,0.113269,0.109313,0.173793,0.052745,0.086896,0.026373
-9.000000,-34.800000,53,1.960000,0.295700,1.610000,0.446400,0.035842,0.560000,0.371806,0.322549,0.302442,53,2.300000,1.281661,0.446424,0.295742,0.551317,0.341531,0.308269,0.283215,0.018868,0.037736,0.302442,0.400374,0.455145,0.150682,0.152703,0.243048,0.058315,0.121524,0.029158
-8.800000,-35.000000,55,2.000000,0.298500,1.670000,0.391100,0.043011,0.592000,0.380029,0.338347,0.329632,55,1.960000,1.326403,0.391098,0.298539,0.418448,0.363747,0.289572,0.307506,0.000000,0.018182,0.329632,0.384095,0.421226,0.092559,0.091594,0.128876,0.056242,0.064438,0.028121
-8.800000,-34.800000,54,2.040000,0.302200,1.640000,0.441200,0.039427,0.624000,0.390896,0.351441,0.352170,54,2.250000,1.288328,0.441180,0.302154,0.537444,0.344916,0.316857,0.287450,0.018519,0.037037,0.352170,0.420122,0.496292,0.139027,0.144122,0.220587,0.057467,0.110293,0.028733
-8.600000,-34.800000,55,2.090000,0.296300,1.670000,0.431300,0.043011,0.664000,0.373568,0.360193,0.367234,55,2.190000,1.303582,0.431256,0.296315,0.511089,0.351424,0.302807,0.289823,0.018182,0.054545,0.367234,0.429388,0.515599,0.134941,0.148364,0.208281,0.061601,0.104141,0.030801
-8.600000,-34.600000,52,2.130000,0.307500,1.580000,0.455900,0.032258,0.696000,0.406461,0.378240,0.398297,52,2.340000,1.281477,0.455943,0.307490,0.566638,0.345248,0.309248,0.305733,0.019231,0.038462,0.398297,0.449560,0.557629,0.148453,0.159332,0.257391,0.039515,0.128695,0.019757
-8.400000,-34.800000,61,2.030000,0.283800,1.850000,0.385000,0.064516,0.616000,0.336858,0.339125,0.330971,61,1.970000,1.316863,0.385037,0.283772,0.410437,0.359638,0.260608,0.306936,0.016393,0.032787,0.330971,0.396049,0.446135,0.101265,0.115164,0.149829,0.052701,0.074915,0.026351
-8.400000,-34.600000,54,2.040000,0.304500,1.640000,0.446800,0.039427,0.624000,0.397651,0.353692,0.356045,54,2.290000,1.289405,0.446848,0.304463,0.544906,0.348791,0.301334,0.307591,0.018519,0.055556,0.356045,0.423127,0.502554,0.142386,0.146508,0.243571,0.041200,0.121786,0.020600
-8.200000,-34.800000,62,2.020000,0.285500,1.880000,0.406100,0.068100,0.608000,0.341850,0.339317,0.331302,62,2.080000,1.335369,0.406120,0.285471,0.442751,0.369489,0.250593,0.320350,0.016129,0.016129,0.331302,0.405756,0.466360,0.120648,0.135058,0.192158,0.049139,0.096079,0.024569
-8.200000,-34.600000,61,1.920000,0.287000,1.850000,0.429800,0.064516,0.528000,0.346256,0.312924,0.285874,61,2.240000,1.299459,0.429847,0.286982,0.506095,0.353600,0.261572,0.312393,0.016393,0.032787,0.285874,0.390476,0.434522,0.142865,0.148648,0.244523,0.041207,0.122262,0.020604
-8.000000,-34.800000,65,2.000000,0.274500,1.970000,0.377000,0.078853,0.592000,0.309545,0.326799,0.309757,65,1.930000,1.354498,0.377036,0.274453,0.376726,0.377345,0.227941,0.320964,0.000000,0.015385,0.309757,0.388586,0.430584,0.102583,0.120827,0.148785,0.056381,0.074392,0.028190
-8.000000,-34.600000,64,1.860000,0.281600,1.940000,0.419600,0.075269,0.480000,0.330396,0.295222,0.255405,64,2.170000,1.324909,0.419625,0.281578,0.475504,0.363746,0.251494,0.311662,0.015625,0.015625,0.255405,0.372640,0.397359,0.138047,0.141954,0.224010,0.052084,0.112005,0.026042
-8.000000,-34.400000,61,1.890000,0.298800,1.850000,0.452800,0.064516,0.504000,0.380910,0.316476,0.291987,61,2.350000,1.297281,0.452766,0.298793,0.550712,0.354820,0.272300,0.325286,0.016393,0.032787,0.291987,0.394628,0.443173,0.153973,0.151186,0.278412,0.029534,0.139206,0.014767
-7.800000,-34.800000,69,1.990000,0.266800,2.090000,0.343600,0.093190,0.584000,0.286931,0.321374,0.300418,69,1.750000,1.378044,0.343560,0.266846,0.298508,0.388612,0.202366,0.331327,0.000000,0.014493,0.300418,0.372948,0.398002,0.076714,0.097584,0.096143,0.057285,0.048071,0.028642
-7.800000,-34.600000,66,1.880000,0.275300,2.000000,0.393000,0.082437,0.496000,0.311894,0.296777,0.258082,66,2.030000,1.342964,0.392988,0.275313,0.413031,0.372945,0.227718,0.322907,0.015152,0.015152,0.258082,0.366239,0.384023,0.117676,0.125940,0.185313,0.050038,0.092657,0.025019
-7.800000,-34.400000,63,1.870000,0.295800,1.910000,0.450900,0.071685,0.488000,0.372100,0.310595,0.281865,63,2.330000,1.307871,0.450913,0.295847,0.543694,0.358132,0.272642,0.319052,0.015873,0.015873,0.281865,0.390702,0.434993,0.155066,0.153127,0.271052,0.039081,0.135526,0.019540
-7.600000,-34.800000,63,1.780000,0.278500,1.910000,0.284200,0.071685,0.416000,0.321292,0.269659,0.211406,63,1.400000,1.430550,0.284192,0.278452,0.148846,0.419537,0.167250,0.389655,0.000000,0.000000,0.211406,0.278301,0.200795,0.005739,-0.010610,-0.018404,0.029882,-0.009202,0.014941
-7.600000,-34.600000,66,1.860000,0.264100,2.000000,0.359200,0.082437,0.480000,0.279001,0.280480,0.230030,66,1.850000,1.359312,0.359192,0.264058,0.339827,0.378557,0.211230,0.316886,0.015152,0.015152,0.230030,0.342986,0.335572,0.095134,0.105542,0.128597,0.061671,0.064298,0.030835
-7.600000,-34.400000,64,1.830000,0.280900,1.940000,0.444000,0.075269,0.456000,0.328341,0.286536,0.240456,64,2.310000,1.315022,0.443996,0.280892,0.529762,0.358230,0.259306,0.302478,0.015625,0.015625,0.240456,0.377562,0.407615,0.163104,0.167159,0.270456,0.055753,0.135228,0.027876
-7.400000,-34.600000,64,1.910000,0.257800,1.940000,0.368000,0.075269,0.520000,0.260499,0.285256,0.238252,64,1.910000,1.364901,0.367980,0.257788,0.355025,0.380936,0.197725,0.317850,0.015625,0.015625,0.238252,0.358590,0.368084,0.110193,0.129833,0.157300,0.063085,0.078650,0.031543
-7.400000,-34.400000,67,1.840000,0.277300,2.030000,0.439200,0.086022,0.464000,0.317768,0.289263,0.245149,67,2.300000,1.317000,0.439242,0.277326,0.518014,0.360470,0.243415,0.311237,0.014925,0.014925,0.245149,0.381292,0.415388,0.161916,0.170239,0.274599,0.049233,0.137300,0.024616
-7.200000,-34.600000,63,1.830000,0.264400,1.910000,0.388200,0.071685,0.456000,0.279883,0.269189,0.210597,63,2.010000,1.364615,0.388231,0.264406,0.394616,0.381847,0.204832,0.323981,0.015873,0.015873,0.210597,0.346799,0.343518,0.123825,0.132921,0.189784,0.057866,0.094892,0.028933
-7.200000,-34.400000,62,1.850000,0.272500,1.880000,0.438300,0.068100,0.472000,0.303671,0.281257,0.231369,62,2.300000,1.318361,0.438278,0.272504,0.516424,0.360131,0.239564,0.305444,0.016129,0.016129,0.231369,0.377474,0.407431,0.165774,0.176062,0.276861,0.054687,0.138430,0.027343
-7.000000,-34.800000,67,1.760000,0.218200,2.030000,0.257300,0.086022,0.400000,0.144200,0.210074,0.108847,67,1.380000,1.406612,0.257331,0.218184,0.116177,0.398484,0.114245,0.322124,0.000000,0.014925,0.108847,0.263504,0.169965,0.039146,0.061118,0.001932,0.076360,0.000966,0.038180
-7.000000,-34.600000,60,1.880000,0.258100,1.820000,0.403300,0.060932,0.496000,0.261380,0.272771,0.216762,60,2.110000,1.351790,0.403263,0.258120,0.432540,0.373987,0.208333,0.307907,0.016667,0.016667,0.216762,0.364519,0.380438,0.145143,0.163676,0.224206,0.066080,0.112103,0.033040
-7.000000,-34.400000,63,1.970000,0.267400,1.910000,0.433400,0.071685,0.568000,0.288693,0.309459,0.279911,63,2.280000,1.326259,0.433401,0.267393,0.503111,0.363692,0.227591,0.307194,0.015873,0.015873,0.279911,0.408083,0.471208,0.166008,0.191297,0.275520,0.056497,0.137760,0.028249
-6.800000,-34.800000,61,1.930000,0.217300,1.850000,0.268500,0.064516,0.536000,0.141557,0.247358,0.173020,61,1.430000,1.391897,0.268485,0.217285,0.149102,0.387868,0.140429,0.294141,0.000000,0.016393,0.173020,0.307583,0.261808,0.051200,0.088788,0.008673,0.093727,0.004337,0.046863
-6.800000,-34.600000,61,1.850000,0.260700,1.850000,0.419800,0.064516,0.472000,0.269016,0.268511,0.209429,61,2.190000,1.342656,0.419811,0.260655,0.472047,0.367576,0.229749,0.291560,0.016393,0.016393,0.209429,0.366488,0.384541,0.159157,0.175111,0.242298,0.076016,0.121149,0.038008
-6.600000,-34.800000,60,1.950000,0.227700,1.820000,0.349800,0.060932,0.552000,0.172100,0.261677,0.197668,60,1.860000,1.373365,0.349839,0.227699,0.320574,0.379103,0.168750,0.286648,0.000000,0.016667,0.197668,0.354858,0.360309,0.122140,0.162642,0.151824,0.092455,0.075912,0.046228
-6.600000,-34.600000,59,1.900000,0.252100,1.790000,0.418500,0.057348,0.512000,0.243759,0.271036,0.213775,59,2.210000,1.341600,0.418551,0.252053,0.469361,0.367740,0.209870,0.294235,0.016949,0.016949,0.213775,0.376763,0.405950,0.166498,0.192175,0.259491,0.073505,0.129745,0.036753
-6.400000,-34.800000,57,2.040000,0.241100,1.730000,0.388200,0.050179,0.624000,0.211454,0.295211,0.255386,57,2.038000,1.365340,0.388191,0.241124,0.401452,0.374930,0.200697,0.281552,0.000000,0.017544,0.255386,0.395609,0.445218,0.147067,0.189832,0.200756,0.093378,0.100378,0.046689
-6.400000,-34.600000,58,1.970000,0.248900,1.760000,0.431000,0.053763,0.568000,0.234361,0.285375,0.238456,58,2.270000,1.345935,0.431048,0.248880,0.495074,0.367022,0.217926,0.279835,0.017241,0.017241,0.238456,0.400862,0.456162,0.182168,0.217705,0.277148,0.087188,0.138574,0.043594
-6.200000,-35.000000,66,1.800000,0.208100,2.000000,0.269300,0.082437,0.432000,0.114537,0.209658,0.108132,66,1.470000,1.394526,0.269349,0.208103,0.148851,0.389847,0.116533,0.299673,0.000000,0.000000,0.108132,0.279349,0.202978,0.061246,0.094847,0.032318,0.090174,0.016159,0.045087
-6.200000,-34.800000,59,1.970000,0.244900,1.790000,0.404300,0.057348,0.568000,0.222614,0.282654,0.233773,59,2.120000,1.361824,0.404313,0.244931,0.434656,0.373971,0.206256,0.283606,0.000000,0.016949,0.233773,0.387881,0.429115,0.159382,0.195342,0.228400,0.090365,0.114200,0.045183
-6.200000,-34.600000,65,1.850000,0.244800,1.970000,0.436400,0.078853,0.472000,0.222320,0.257724,0.190864,65,2.300000,1.346455,0.436449,0.244772,0.507805,0.365094,0.222285,0.267259,0.015385,0.015385,0.190864,0.380089,0.412879,0.191677,0.222016,0.285520,0.097835,0.142760,0.048917
-6.000000,-35.000000,66,1.760000,0.223500,2.000000,0.350800,0.082437,0.400000,0.159765,0.214067,0.115721,66,1.870000,1.390955,0.350853,0.223454,0.314241,0.387465,0.153298,0.293611,0.000000,0.000000,0.115721,0.311898,0.270797,0.127399,0.155077,0.160944,0.093853,0.080472,0.046927
-6.000000,-34.800000,67,1.850000,0.232800,2.030000,0.411500,0.086022,0.472000,0.187078,0.248366,0.174757,67,2.180000,1.365858,0.411507,0.232801,0.449183,0.373832,0.192164,0.273438,0.000000,0.014925,0.174757,0.369253,0.390302,0.178706,0.215546,0.257018,0.100393,0.128509,0.050197
-5.800000,-35.000000,72,1.750000,0.226900,2.180000,0.355800,0.103943,0.392000,0.169750,0.221898,0.129198,72,1.900000,1.381765,0.355812,0.226851,0.327686,0.383937,0.158701,0.295001,0.000000,0.000000,0.129198,0.319029,0.285655,0.128961,0.156457,0.168985,0.088936,0.084493,0.044468
-5.800000,-34.800000,64,1.840000,0.243900,1.940000,0.426100,0.075269,0.464000,0.219677,0.252982,0.182701,64,2.240000,1.363358,0.426122,0.243852,0.478136,0.374108,0.206801,0.280903,0.000000,0.015625,0.182701,0.370752,0.393425,0.182270,0.210724,0.271335,0.093205,0.135667,0.046603
-5.600000,-35.000000,69,1.680000,0.223000,2.090000,0.380800,0.093190,0.336000,0.158297,0.195829,0.084328,69,2.030000,1.383637,0.380841,0.223008,0.379838,0.381844,0.167945,0.278070,0.000000,0.000000,0.084328,0.310049,0.266945,0.157833,0.182617,0.211892,0.103774,0.105946,0.051887
-5.600000,-34.800000,61,1.930000,0.249900,1.850000,0.440600,0.064516,0.536000,0.237298,0.279271,0.227951,61,2.300000,1.365896,0.440640,0.249879,0.505975,0.375305,0.218539,0.281219,0.000000,0.016393,0.227951,0.398865,0.452002,0.190761,0.224051,0.287436,0.094087,0.143718,0.047043
-5.400000,-35.200000,71,1.720000,0.237600,2.150000,0.393000,0.100358,0.368000,0.201175,0.223178,0.131401,71,2.010000,1.466034,0.393018,0.237568,0.362483,0.423553,0.147473,0.327663,0.000000,0.000000,0.131401,0.329562,0.307602,0.155450,0.176200,0.215010,0.095890,0.107505,0.047945
-5.400000,-35.000000,69,1.750000,0.232400,2.090000,0.417900,0.093190,0.392000,0.185903,0.223698,0.132296,69,2.210000,1.384989,0.417941,0.232386,0.452726,0.383155,0.182012,0.282760,0.000000,0.000000,0.132296,0.348387,0.346826,0.185555,0.214530,0.270714,0.100395,0.135357,0.050198
-5.400000,-34.800000,60,1.900000,0.253000,1.820000,0.450400,0.060932,0.512000,0.246402,0.273111,0.217348,60,2.340000,1.366738,0.450431,0.253013,0.526129,0.374733,0.230147,0.275878,0.000000,0.016667,0.217348,0.394862,0.443661,0.197419,0.226313,0.295982,0.098855,0.147991,0.049427
-5.200000,-35.400000,69,1.640000,0.236600,2.090000,0.381700,0.093190,0.304000,0.198238,0.198476,0.088884,69,1.870000,1.567470,0.381717,0.236560,0.293359,0.470075,0.111893,0.361228,0.000000,0.000000,0.088884,0.299847,0.245689,0.145157,0.156804,0.181466,0.108847,0.090733,0.054424
-5.200000,-35.200000,70,1.730000,0.224500,2.120000,0.394100,0.096774,0.376000,0.162702,0.211825,0.111862,70,2.060000,1.442934,0.394086,0.224489,0.377185,0.410988,0.139916,0.309061,0.000000,0.000000,0.111862,0.331600,0.311850,0.169598,0.199988,0.237269,0.101927,0.118634,0.050963
-5.200000,-35.000000,73,1.730000,0.234100,2.210000,0.428600,0.107527,0.376000,0.190896,0.224808,0.134207,73,2.270000,1.386125,0.428583,0.234053,0.472126,0.385039,0.177176,0.290930,0.000000,0.000000,0.134207,0.353475,0.357428,0.194530,0.223222,0.294950,0.094109,0.147475,0.047055
-5.000000,-36.600000,66,1.940000,0.272500,2.000000,0.324500,0.082437,0.544000,0.303671,0.310036,0.280904,66,1.420000,1.644253,0.324529,0.272481,0.139805,0.509254,0.134247,0.410715,0.000000,0.000000,0.280904,0.345940,0.341728,0.052048,0.060824,0.005558,0.098539,0.002779,0.049269
-5.000000,-36.200000,74,1.890000,0.276400,2.240000,0.331700,0.111111,0.504000,0.315125,0.310079,0.280977,74,1.360000,1.729575,0.331743,0.276402,0.119048,0.544437,0.137719,0.415086,0.000000,0.000000,0.280977,0.345989,0.341830,0.055340,0.060854,-0.018671,0.129352,-0.009335,0.064676
-5.000000,-35.600000,76,1.550000,0.213100,2.300000,0.336000,0.118280,0.232000,0.129222,0.159834,0.022373,76,1.720000,1.515432,0.336028,0.213093,0.227058,0.444997,0.089203,0.336983,0.000000,0.000000,0.022373,0.259984,0.162631,0.122935,0.140258,0.137855,0.108014,0.068928,0.054007
-5.000000,-35.400000,71,1.610000,0.216600,2.150000,0.371800,0.100358,0.280000,0.139501,0.173286,0.045528,71,1.930000,1.476623,0.371801,0.216626,0.317856,0.425746,0.116819,0.316434,0.000000,0.000000,0.045528,0.288979,0.223044,0.155175,0.177516,0.201037,0.109313,0.100519,0.054656
-5.000000,-35.200000,66,1.710000,0.232100,2.000000,0.409100,0.082437,0.360000,0.185022,0.209153,0.107262,66,2.140000,1.421647,0.409142,0.232144,0.416861,0.401423,0.160873,0.303415,0.000000,0.000000,0.107262,0.329471,0.307413,0.176998,0.200151,0.255987,0.098009,0.127994,0.049004
-5.000000,-35.000000,65,1.660000,0.236300,1.970000,0.431200,0.078853,0.320000,0.197357,0.198737,0.089333,65,2.290000,1.370841,0.431243,0.236309,0.484362,0.378124,0.186086,0.286532,0.000000,0.000000,0.089333,0.326661,0.301559,0.194934,0.212226,0.298276,0.091592,0.149138,0.045796
-4.800000,-37.200000,88,1.610000,0.320000,2.670000,0.515200,0.161290,0.280000,0.443172,0.294821,0.254715,88,1.760000,2.276873,0.515238,0.320014,0.241259,0.789218,0.087901,0.552127,0.000000,0.079545,0.254715,0.385344,0.423829,0.195224,0.169115,0.153358,0.237091,0.076679,0.118545
-4.800000,-37.000000,82,1.550000,0.230200,2.490000,0.376100,0.139785,0.232000,0.179442,0.183742,0.063525,82,1.790000,1.632679,0.376131,0.230229,0.255070,0.497191,0.093436,0.367022,0.000000,0.000000,0.063525,0.288417,0.221872,0.145901,0.158347,0.161634,0.130169,0.080817,0.065084
-4.800000,-36.800000,81,1.590000,0.216700,2.450000,0.375200,0.136201,0.264000,0.139794,0.179998,0.057080,81,1.860000,1.571185,0.375241,0.216727,0.283589,0.466894,0.099401,0.334052,0.000000,0.000000,0.057080,0.297417,0.240625,0.158515,0.183545,0.184188,0.132841,0.092094,0.066421
-4.800000,-36.600000,79,1.630000,0.216400,2.390000,0.374100,0.129032,0.296000,0.138913,0.187982,0.070822,79,1.900000,1.522251,0.374104,0.216406,0.302638,0.445569,0.108340,0.324472,0.000000,0.000000,0.070822,0.305091,0.256615,0.157698,0.185793,0.194299,0.121097,0.097149,0.060549
-4.800000,-36.400000,72,1.650000,0.211800,2.180000,0.366800,0.103943,0.312000,0.125404,0.180449,0.057856,72,1.910000,1.476011,0.366816,0.211803,0.309269,0.424362,0.114175,0.309431,0.000000,0.000000,0.057856,0.298197,0.242250,0.155013,0.184394,0.195095,0.114931,0.097547,0.057465
-4.800000,-36.200000,74,1.550000,0.206500,2.240000,0.362300,0.111111,0.232000,0.109838,0.150983,0.007139,74,1.910000,1.461080,0.362332,0.206530,0.307494,0.417169,0.110692,0.302369,0.000000,0.000000,0.007139,0.271542,0.186712,0.155801,0.179573,0.196803,0.114800,0.098401,0.057400
-4.800000,-36.000000,72,1.580000,0.214000,2.180000,0.367000,0.103943,0.256000,0.131865,0.163936,0.029433,72,1.930000,1.454371,0.366994,0.213988,0.317969,0.416019,0.117136,0.310840,0.000000,0.000000,0.029433,0.279625,0.203553,0.153006,0.174120,0.200833,0.105179,0.100416,0.052589
-4.800000,-35.800000,74,1.510000,0.215200,2.240000,0.375600,0.111111,0.200000,0.135389,0.148833,0.003439,74,1.980000,1.449664,0.375593,0.215231,0.336897,0.414290,0.118343,0.312119,0.000000,0.000000,0.003439,0.267907,0.179139,0.160363,0.175700,0.218555,0.102171,0.109277,0.051085
-4.800000,-35.600000,65,1.600000,0.218900,1.970000,0.394900,0.078853,0.272000,0.146256,0.165703,0.032475,65,2.070000,1.449795,0.394949,0.218902,0.376669,0.413229,0.132240,0.305565,0.000000,0.000000,0.032475,0.291418,0.228125,0.176047,0.195650,0.244430,0.107665,0.122215,0.053832
-4.800000,-35.400000,62,1.710000,0.233500,1.880000,0.418000,0.068100,0.360000,0.189134,0.205745,0.101395,62,2.170000,1.433594,0.418024,0.233529,0.429989,0.406058,0.165323,0.301734,0.000000,0.000000,0.101395,0.329401,0.307267,0.184495,0.205872,0.264667,0.104323,0.132333,0.052162
-4.600000,-37.400000,89,1.610000,0.231400,2.700000,0.337400,0.164875,0.280000,0.182966,0.209280,0.107481,89,1.520000,1.688442,0.337389,0.231397,0.153764,0.521015,0.088896,0.373898,0.000000,0.000000,0.107481,0.292238,0.229834,0.105992,0.122353,0.064868,0.147117,0.032434,0.073559
-4.600000,-37.200000,83,1.520000,0.233400,2.520000,0.403700,0.143369,0.208000,0.188840,0.180070,0.057203,83,1.930000,1.619092,0.403747,0.233374,0.319167,0.488327,0.120039,0.346709,0.000000,0.000000,0.057203,0.296254,0.238203,0.170373,0.181000,0.199128,0.141618,0.099564,0.070809
-4.600000,-37.000000,80,1.500000,0.224000,2.420000,0.408100,0.132616,0.192000,0.161233,0.161950,0.026015,80,2.060000,1.527905,0.408080,0.224002,0.368223,0.447936,0.122794,0.325209,0.000000,0.000000,0.026015,0.289634,0.224409,0.184078,0.198394,0.245429,0.122727,0.122715,0.061364
-4.600000,-36.800000,75,1.610000,0.215800,2.270000,0.404700,0.114695,0.280000,0.137151,0.177282,0.052405,75,2.090000,1.487054,0.404705,0.215785,0.381490,0.427921,0.127451,0.304119,0.000000,0.000000,0.052405,0.311205,0.269353,0.188920,0.216948,0.254039,0.123802,0.127019,0.061901
-4.600000,-36.600000,75,1.600000,0.220900,2.270000,0.404400,0.114695,0.272000,0.152129,0.179608,0.056409,75,2.090000,1.479166,0.404368,0.220862,0.382759,0.425977,0.129804,0.311919,0.000000,0.000000,0.056409,0.308359,0.263424,0.183507,0.207015,0.252956,0.114058,0.126478,0.057029
-4.600000,-36.000000,72,1.510000,0.215600,2.180000,0.404000,0.103943,0.200000,0.136564,0.146836,0.000000,72,2.120000,1.450993,0.403962,0.215640,0.395350,0.412575,0.132557,0.298723,0.000000,0.000000,0.000000,0.280560,0.205501,0.188322,0.205501,0.262793,0.113852,0.131396,0.056926
-4.400000,-37.600000,83,1.590000,0.242800,2.520000,0.389500,0.143369,0.264000,0.216446,0.207939,0.105172,83,1.750000,1.701803,0.389542,0.242779,0.254336,0.524748,0.121191,0.364367,0.000000,0.000000,0.105172,0.307389,0.261403,0.146763,0.156231,0.133145,0.160381,0.066573,0.080190
-4.400000,-37.400000,86,1.530000,0.240100,2.610000,0.421900,0.154122,0.216000,0.208517,0.192880,0.079252,86,2.000000,1.624544,0.421950,0.240122,0.354076,0.489823,0.138081,0.342163,0.000000,0.000000,0.079252,0.312157,0.271337,0.181827,0.192085,0.215995,0.147660,0.107997,0.073830
-4.400000,-37.200000,83,1.520000,0.234100,2.520000,0.420500,0.143369,0.208000,0.190896,0.180755,0.058383,83,2.100000,1.524334,0.420505,0.234065,0.395295,0.445715,0.147502,0.320627,0.000000,0.000000,0.058383,0.305140,0.256717,0.186440,0.198334,0.247794,0.125087,0.123897,0.062544
-4.400000,-37.000000,78,1.600000,0.232300,2.360000,0.423100,0.125448,0.272000,0.185609,0.194352,0.081787,78,2.150000,1.495144,0.423122,0.232303,0.412276,0.433968,0.144325,0.320281,0.000000,0.000000,0.081787,0.321887,0.291611,0.190819,0.209824,0.267951,0.113687,0.133975,0.056843
-4.200000,-37.800000,85,1.610000,0.235100,2.580000,0.364200,0.150538,0.280000,0.193833,0.208123,0.105490,85,1.630000,1.700399,0.364209,0.235086,0.205128,0.523291,0.111159,0.359012,0.000000,0.000000,0.105490,0.301680,0.249507,0.129124,0.144018,0.093969,0.164279,0.046985,0.082139
-4.200000,-37.600000,83,1.530000,0.235100,2.520000,0.405900,0.143369,0.216000,0.193833,0.184401,0.064658,83,1.910000,1.633143,0.405936,0.235062,0.319652,0.492219,0.134656,0.335467,0.000000,0.000000,0.064658,0.300081,0.246177,0.170874,0.181519,0.184996,0.156752,0.092498,0.078376
-4.200000,-37.400000,82,1.500000,0.238400,2.490000,0.434600,0.139785,0.192000,0.203524,0.178436,0.054392,82,2.140000,1.548592,0.434616,0.238430,0.413339,0.455893,0.154232,0.322628,0.000000,0.000000,0.054392,0.306094,0.258704,0.196186,0.204312,0.259106,0.133265,0.129553,0.066633
-4.200000,-32.600000,61,1.720000,0.265900,1.850000,0.455400,0.064516,0.368000,0.284288,0.238935,0.158523,61,2.430000,1.284232,0.455357,0.265857,0.569027,0.341688,0.253255,0.278460,0.000000,0.000000,0.158523,0.350669,0.351580,0.189500,0.193058,0.315772,0.063228,0.157886,0.031614
-4.200000,-32.400000,59,1.850000,0.267700,1.790000,0.450500,0.057348,0.472000,0.289574,0.272974,0.217112,59,2.410000,1.277939,0.450553,0.267711,0.560936,0.340171,0.251496,0.283927,0.000000,0.000000,0.217112,0.380399,0.413525,0.182842,0.196414,0.309441,0.056243,0.154720,0.028122
-4.200000,-32.200000,62,1.740000,0.261800,1.880000,0.449700,0.068100,0.384000,0.272247,0.241449,0.162850,62,2.430000,1.271915,0.449664,0.261778,0.561089,0.338238,0.236836,0.286721,0.000000,0.000000,0.162850,0.354178,0.358892,0.187885,0.196041,0.324254,0.051517,0.162127,0.025759
-4.000000,-38.000000,83,1.590000,0.232000,2.520000,0.375000,0.143369,0.264000,0.184728,0.197366,0.086974,83,1.710000,1.685846,0.375031,0.232025,0.233197,0.516865,0.108522,0.355528,0.000000,0.000000,0.086974,0.299695,0.245371,0.143006,0.158398,0.124674,0.161337,0.062337,0.080669
-4.000000,-37.800000,84,1.580000,0.233500,2.550000,0.397300,0.146953,0.256000,0.189134,0.197362,0.086968,84,1.870000,1.625822,0.397336,0.233540,0.306428,0.488244,0.137693,0.329387,0.000000,0.000000,0.086968,0.310050,0.266947,0.163796,0.179979,0.168735,0.158857,0.084368,0.079429
-4.000000,-37.600000,83,1.520000,0.236600,2.520000,0.431700,0.143369,0.208000,0.198238,0.183202,0.062595,83,2.110000,1.553317,0.431662,0.236603,0.407873,0.455451,0.164600,0.308606,0.000000,0.000000,0.062595,0.311056,0.269043,0.195059,0.206448,0.243274,0.146844,0.121637,0.073422
-4.000000,-32.800000,60,1.700000,0.267600,1.820000,0.458400,0.060932,0.352000,0.289280,0.234071,0.150151,60,2.440000,1.288779,0.458430,0.267614,0.572772,0.344089,0.253309,0.281920,0.000000,0.000000,0.150151,0.345770,0.341373,0.190816,0.191222,0.319463,0.062169,0.159731,0.031085
-4.000000,-32.600000,60,1.780000,0.269200,1.820000,0.450000,0.060932,0.416000,0.293979,0.256970,0.189566,60,2.410000,1.281978,0.450013,0.269192,0.556227,0.343800,0.242157,0.296227,0.000000,0.000000,0.189566,0.362640,0.376524,0.180822,0.186958,0.314070,0.047573,0.157035,0.023787
-4.000000,-32.400000,60,1.870000,0.258100,1.820000,0.441400,0.060932,0.488000,0.261380,0.270104,0.212172,60,2.390000,1.275085,0.441357,0.258095,0.543712,0.339003,0.232108,0.284083,0.000000,0.000000,0.212172,0.382051,0.416968,0.183262,0.204796,0.311604,0.054920,0.155802,0.027460
-4.000000,-32.200000,62,1.730000,0.258400,1.880000,0.446300,0.068100,0.376000,0.262261,0.235454,0.152531,62,2.420000,1.270311,0.446349,0.258402,0.555713,0.336985,0.233397,0.283407,0.000000,0.000000,0.152531,0.349754,0.349673,0.187947,0.197142,0.322317,0.053578,0.161158,0.026789
-4.000000,-32.000000,64,1.700000,0.254300,1.940000,0.448600,0.075269,0.352000,0.250220,0.225830,0.135966,64,2.440000,1.264823,0.448630,0.254264,0.564446,0.332814,0.236213,0.272315,0.000000,0.000000,0.135966,0.345353,0.340504,0.194366,0.204537,0.328233,0.060500,0.164116,0.030250
-3.800000,-38.200000,88,1.640000,0.227100,2.670000,0.381000,0.161290,0.304000,0.170338,0.211876,0.111949,88,1.770000,1.656402,0.380973,0.227087,0.260323,0.501623,0.118817,0.335356,0.000000,0.000000,0.111949,0.322153,0.292164,0.153887,0.180215,0.141506,0.166267,0.070753,0.083133
-3.800000,-38.000000,89,1.580000,0.230800,2.700000,0.409200,0.164875,0.256000,0.181204,0.200693,0.092700,89,1.950000,1.609591,0.409161,0.230752,0.338560,0.479762,0.143672,0.317833,0.000000,0.000000,0.092700,0.322293,0.292458,0.178409,0.199757,0.194889,0.161929,0.097444,0.080964
-3.800000,-32.800000,61,1.700000,0.267900,1.850000,0.440900,0.064516,0.352000,0.290162,0.235559,0.152713,61,2.350000,1.288780,0.440934,0.267878,0.536480,0.345388,0.246625,0.289130,0.000000,0.000000,0.152713,0.337688,0.324533,0.173056,0.171820,0.289855,0.056257,0.144928,0.028129
-3.800000,-32.600000,60,1.680000,0.253300,1.820000,0.416800,0.060932,0.336000,0.247283,0.214738,0.116876,60,2.260000,1.284521,0.416801,0.253329,0.490415,0.343186,0.220588,0.286070,0.000000,0.000000,0.116876,0.318363,0.284269,0.163471,0.167393,0.269827,0.057116,0.134913,0.028558
-3.800000,-32.400000,64,1.670000,0.240100,1.940000,0.404400,0.075269,0.328000,0.208517,0.203929,0.098270,64,2.230000,1.278970,0.404412,0.240085,0.468750,0.340074,0.199219,0.280951,0.000000,0.000000,0.098270,0.313907,0.274983,0.164327,0.176714,0.269531,0.059123,0.134766,0.029561
-3.800000,-32.200000,65,1.680000,0.245700,1.970000,0.437500,0.078853,0.336000,0.224963,0.213272,0.114352,65,2.400000,1.269720,0.437532,0.245671,0.539870,0.335194,0.216855,0.274487,0.000000,0.000000,0.114352,0.335329,0.319619,0.191861,0.205268,0.323015,0.060706,0.161508,0.030353
-3.800000,-32.000000,64,1.670000,0.256400,1.940000,0.447000,0.075269,0.328000,0.256388,0.219885,0.125735,64,2.430000,1.262978,0.447045,0.256377,0.561527,0.332563,0.237707,0.275047,0.000000,0.000000,0.125735,0.336512,0.322083,0.190668,0.196349,0.323820,0.057516,0.161910,0.028758
-3.600000,-38.600000,85,1.610000,0.222900,2.580000,0.346700,0.150538,0.280000,0.158003,0.196180,0.084933,85,1.620000,1.638646,0.346664,0.222860,0.197630,0.495699,0.103374,0.342347,0.000000,0.000000,0.084933,0.292377,0.230124,0.123804,0.145191,0.094256,0.153352,0.047128,0.076676
-3.600000,-38.400000,88,1.600000,0.227200,2.670000,0.381500,0.161290,0.272000,0.170631,0.201307,0.093758,88,1.810000,1.618800,0.381483,0.227212,0.277181,0.485784,0.122995,0.331430,0.000000,0.000000,0.093758,0.311756,0.270502,0.154270,0.176745,0.154186,0.154354,0.077093,0.077177
-3.600000,-38.200000,84,1.550000,0.237300,2.550000,0.410700,0.146953,0.232000,0.200294,0.193082,0.079601,84,1.980000,1.581122,0.410680,0.237283,0.351474,0.469886,0.147321,0.327244,0.000000,0.000000,0.079601,0.309125,0.265020,0.173397,0.185419,0.204152,0.142642,0.102076,0.071321
-3.600000,-38.000000,88,1.480000,0.240400,2.670000,0.424500,0.161290,0.176000,0.209398,0.182229,0.060921,88,2.080000,1.535603,0.424545,0.240435,0.400017,0.449073,0.167614,0.313257,0.011364,0.011364,0.060921,0.302589,0.251401,0.184110,0.190481,0.232403,0.135816,0.116202,0.067908
-3.600000,-32.800000,63,1.710000,0.265500,1.910000,0.436500,0.071685,0.360000,0.283113,0.238266,0.157371,63,2.340000,1.286744,0.436541,0.265491,0.527531,0.345551,0.236111,0.294871,0.000000,0.000000,0.157371,0.340414,0.330215,0.171050,0.172843,0.291420,0.050681,0.145710,0.025340
-3.600000,-32.600000,58,1.660000,0.250100,1.760000,0.419300,0.053763,0.320000,0.237885,0.203883,0.098191,58,2.280000,1.281922,0.419314,0.250145,0.497284,0.341344,0.218940,0.281350,0.000000,0.000000,0.098191,0.311973,0.270954,0.169169,0.172763,0.278344,0.059994,0.139172,0.029997
-3.600000,-32.400000,62,1.560000,0.238400,1.880000,0.406600,0.068100,0.240000,0.203524,0.170542,0.040803,62,2.250000,1.275161,0.406569,0.238373,0.474654,0.338484,0.195920,0.280826,0.000000,0.000000,0.040803,0.283328,0.211269,0.168196,0.170466,0.278734,0.057657,0.139367,0.028829
-3.600000,-32.200000,63,1.620000,0.242900,1.910000,0.426700,0.071685,0.288000,0.216740,0.192142,0.077982,63,2.350000,1.268622,0.426721,0.242884,0.518809,0.334633,0.211951,0.273817,0.000000,0.000000,0.077982,0.311208,0.269359,0.183837,0.191378,0.306858,0.060816,0.153429,0.030408
-3.600000,-32.000000,59,1.680000,0.257400,1.790000,0.444600,0.057348,0.336000,0.259325,0.217557,0.121728,59,2.420000,1.261804,0.444592,0.257444,0.556032,0.333151,0.234048,0.280840,0.000000,0.000000,0.121728,0.331904,0.312482,0.187147,0.190755,0.321984,0.052311,0.160992,0.026156
-3.400000,-38.800000,88,1.670000,0.240100,2.670000,0.382600,0.161290,0.328000,0.208517,0.232602,0.147623,88,1.790000,1.617196,0.382579,0.240078,0.276973,0.488186,0.130849,0.349307,0.011364,0.011364,0.147623,0.331004,0.310608,0.142501,0.162984,0.146124,0.138879,0.073062,0.069439
-3.400000,-38.600000,85,1.590000,0.240600,2.580000,0.406200,0.150538,0.264000,0.209985,0.208174,0.105577,85,1.930000,1.589889,0.406222,0.240612,0.338849,0.473595,0.153287,0.327938,0.011765,0.011765,0.105577,0.318623,0.284810,0.165610,0.179232,0.185562,0.145657,0.092781,0.072829
-3.400000,-38.400000,87,1.570000,0.245400,2.640000,0.423200,0.157706,0.248000,0.224082,0.209929,0.108598,87,2.040000,1.559873,0.423242,0.245434,0.385878,0.460605,0.167765,0.323103,0.011494,0.011494,0.108598,0.324703,0.297479,0.177807,0.188881,0.218113,0.137502,0.109057,0.068751
-3.400000,-38.200000,85,1.580000,0.253100,2.580000,0.434000,0.150538,0.256000,0.246696,0.217745,0.122050,85,2.120000,1.523372,0.434044,0.253077,0.421978,0.446110,0.181661,0.324494,0.011765,0.011765,0.122050,0.330708,0.309991,0.180967,0.187941,0.240317,0.121616,0.120159,0.060808
-3.400000,-32.400000,58,1.660000,0.244900,1.760000,0.418500,0.053763,0.320000,0.222614,0.198792,0.089429,58,2.300000,1.273987,0.418522,0.244917,0.498926,0.338118,0.208418,0.281416,0.000000,0.000000,0.089429,0.311553,0.270080,0.173605,0.180651,0.290509,0.056702,0.145254,0.028351
-3.200000,-39.200000,94,1.560000,0.231800,2.850000,0.326000,0.182796,0.240000,0.184141,0.202312,0.095487,94,1.500000,1.632463,0.326013,0.231782,0.155872,0.496154,0.103489,0.360076,0.000000,0.010638,0.095487,0.278846,0.201932,0.094231,0.106445,0.052384,0.136078,0.026192,0.068039
-3.200000,-39.000000,84,1.620000,0.247700,2.550000,0.389900,0.146953,0.288000,0.230837,0.221930,0.129254,84,1.830000,1.595319,0.389910,0.247660,0.301064,0.478757,0.149597,0.345723,0.011905,0.011905,0.129254,0.316779,0.280968,0.142250,0.151714,0.151467,0.133033,0.075733,0.066517
-3.200000,-38.800000,86,1.630000,0.245500,2.610000,0.419400,0.154122,0.296000,0.224376,0.224833,0.134250,86,2.020000,1.562143,0.419380,0.245509,0.376352,0.462407,0.162962,0.328056,0.011628,0.011628,0.134250,0.337461,0.324060,0.173871,0.189811,0.213391,0.134351,0.106695,0.067176
-3.200000,-38.600000,85,1.550000,0.250300,2.580000,0.432900,0.150538,0.232000,0.238473,0.207003,0.103562,85,2.120000,1.524429,0.432933,0.250274,0.419349,0.446516,0.176384,0.324164,0.011765,0.011765,0.103562,0.322119,0.292094,0.182659,0.188532,0.242965,0.122352,0.121483,0.061176
-3.000000,-39.400000,97,1.570000,0.245200,2.940000,0.367700,0.193548,0.248000,0.223495,0.221681,0.128825,97,1.680000,1.653955,0.367744,0.245246,0.228617,0.506871,0.118026,0.372465,0.000000,0.010309,0.128825,0.307224,0.261059,0.122498,0.132234,0.110591,0.134405,0.055295,0.067203
-3.000000,-39.200000,86,1.570000,0.249400,2.610000,0.401900,0.154122,0.248000,0.235830,0.212651,0.113282,86,1.900000,1.588162,0.401871,0.249362,0.327796,0.475946,0.152445,0.346279,0.011628,0.011628,0.113282,0.312177,0.271380,0.152509,0.158098,0.175351,0.129667,0.087675,0.064833
-3.000000,-39.000000,86,1.640000,0.253000,2.610000,0.427300,0.154122,0.304000,0.246402,0.234841,0.151477,86,2.070000,1.538296,0.427310,0.252995,0.401823,0.452797,0.177839,0.328152,0.011628,0.011628,0.151477,0.344332,0.338378,0.174315,0.186900,0.223984,0.124645,0.111992,0.062322
-3.000000,-38.800000,85,1.540000,0.250300,2.580000,0.433500,0.150538,0.224000,0.238473,0.204337,0.098972,85,2.140000,1.506434,0.433477,0.250266,0.428270,0.438685,0.179844,0.320688,0.011765,0.011765,0.098972,0.319741,0.287140,0.183211,0.188167,0.248425,0.117997,0.124213,0.058998
-2.800000,-41.600000,94,1.540000,0.279700,2.850000,0.300100,0.182796,0.224000,0.324816,0.243871,0.167019,94,1.030000,1.815257,0.300145,0.279671,0.015392,0.584898,0.109121,0.450221,0.000000,0.000000,0.167019,0.259797,0.162241,0.020474,-0.004778,-0.093728,0.134677,-0.046864,0.067339
-2.800000,-41.400000,87,1.710000,0.280100,2.640000,0.311500,0.157706,0.360000,0.325991,0.281232,0.231326,87,1.170000,1.811709,0.311487,0.280112,0.039156,0.583817,0.108012,0.452212,0.000000,0.000000,0.231326,0.302781,0.251801,0.031374,0.020475,-0.068856,0.131605,-0.034428,0.065802
-2.800000,-41.200000,85,1.710000,0.270700,2.580000,0.359100,0.150538,0.360000,0.298385,0.269641,0.211374,85,1.450000,1.805584,0.359143,0.270729,0.141263,0.577024,0.115138,0.426320,0.000000,0.000000,0.211374,0.325660,0.299473,0.088414,0.088098,0.026124,0.150704,0.013062,0.075352
-2.800000,-41.000000,84,1.740000,0.263800,2.550000,0.343500,0.146953,0.384000,0.278120,0.269691,0.211461,84,1.390000,1.796068,0.343530,0.263780,0.114731,0.572329,0.106355,0.421205,0.000000,0.000000,0.211461,0.324187,0.296403,0.079750,0.084941,0.008375,0.151124,0.004188,0.075562
-2.800000,-40.800000,86,1.780000,0.255100,2.610000,0.321000,0.154122,0.416000,0.252570,0.274231,0.219274,86,1.300000,1.783768,0.321038,0.255064,0.075305,0.566772,0.092852,0.417276,0.000000,0.000000,0.219274,0.325317,0.298758,0.065974,0.079484,-0.017548,0.149496,-0.008774,0.074748
-2.800000,-40.600000,87,1.700000,0.238000,2.640000,0.309600,0.157706,0.352000,0.202349,0.237352,0.155798,87,1.290000,1.767770,0.309630,0.238030,0.061134,0.558126,0.071924,0.404136,0.000000,0.000000,0.155798,0.299130,0.244194,0.071600,0.088396,-0.010789,0.153990,-0.005395,0.076995
-2.800000,-40.400000,87,1.770000,0.248900,2.640000,0.335600,0.157706,0.408000,0.234361,0.266689,0.206294,87,1.440000,1.740438,0.335570,0.248923,0.122774,0.548367,0.085953,0.411893,0.000000,0.000000,0.206294,0.331551,0.311746,0.086647,0.105452,0.036820,0.136474,0.018410,0.068237
-2.800000,-40.200000,88,1.660000,0.250200,2.670000,0.362500,0.161290,0.320000,0.238179,0.239823,0.160052,88,1.580000,1.730741,0.362486,0.250158,0.183150,0.541822,0.103944,0.396372,0.000000,0.000000,0.160052,0.317684,0.282853,0.112328,0.122801,0.079206,0.145450,0.039603,0.072725
-2.800000,-40.000000,81,1.780000,0.258900,2.450000,0.383800,0.136201,0.416000,0.263730,0.271977,0.215395,81,1.670000,1.744129,0.383756,0.258917,0.217926,0.549586,0.107571,0.410263,0.000000,0.000000,0.215395,0.352598,0.355601,0.124839,0.140206,0.110355,0.139323,0.055178,0.069661
-2.800000,-39.800000,86,1.710000,0.261900,2.610000,0.403100,0.154122,0.360000,0.272540,0.262221,0.198603,86,1.790000,1.717386,0.403084,0.261879,0.268422,0.537746,0.118930,0.404828,0.000000,0.011628,0.198603,0.350153,0.350507,0.141205,0.151904,0.149492,0.132918,0.074746,0.066459
-2.800000,-39.600000,93,1.670000,0.259600,2.820000,0.417300,0.179211,0.328000,0.265786,0.257666,0.190763,93,1.900000,1.672054,0.417274,0.259608,0.318799,0.515749,0.137018,0.382197,0.000000,0.010753,0.190763,0.355374,0.361385,0.157667,0.170622,0.181782,0.133552,0.090891,0.066776
-2.800000,-39.400000,93,1.590000,0.255600,2.820000,0.424300,0.179211,0.264000,0.254038,0.232417,0.147304,93,1.990000,1.612444,0.424288,0.255582,0.361101,0.487475,0.154491,0.356674,0.010753,0.010753,0.147304,0.337760,0.324683,0.168706,0.177380,0.206610,0.130801,0.103305,0.065400
-2.800000,-39.200000,93,1.610000,0.255700,2.820000,0.434000,0.179211,0.280000,0.254332,0.237848,0.156652,93,2.100000,1.547843,0.433994,0.255651,0.409469,0.458518,0.171885,0.339417,0.010753,0.010753,0.156652,0.348239,0.346518,0.178343,0.189867,0.237584,0.119101,0.118792,0.059551
-2.600000,-42.400000,97,1.510000,0.283900,2.940000,0.376500,0.193548,0.200000,0.337151,0.243567,0.166495,97,1.490000,1.819458,0.376545,0.283922,0.171293,0.581797,0.146225,0.421620,0.000000,0.000000,0.166495,0.295891,0.237445,0.092622,0.070950,0.025068,0.160177,0.012534,0.080088
-2.600000,-42.200000,97,1.530000,0.283000,2.940000,0.362000,0.193548,0.216000,0.334508,0.248019,0.174158,97,1.450000,1.786817,0.362028,0.282996,0.155243,0.568812,0.143648,0.422344,0.000000,0.000000,0.174158,0.293527,0.232519,0.079032,0.058361,0.011596,0.146468,0.005798,0.073234
-2.600000,-42.000000,96,1.540000,0.280900,2.910000,0.352900,0.189964,0.224000,0.328341,0.247435,0.173153,96,1.430000,1.761956,0.352909,0.280892,0.147627,0.558190,0.142616,0.419167,0.000000,0.000000,0.173153,0.290163,0.225512,0.072017,0.052358,0.005010,0.139023,0.002505,0.069512
-2.600000,-41.800000,96,1.580000,0.284700,2.910000,0.355600,0.189964,0.256000,0.339501,0.261822,0.197916,96,1.450000,1.756047,0.355598,0.284653,0.153579,0.557617,0.139400,0.429906,0.000000,0.000000,0.197916,0.302256,0.250708,0.070945,0.052792,0.014180,0.127711,0.007090,0.063855
-2.600000,-41.600000,96,1.620000,0.290800,2.910000,0.395300,0.189964,0.288000,0.357416,0.278460,0.226554,96,1.660000,1.753232,0.395259,0.290752,0.232792,0.557726,0.144301,0.437203,0.000000,0.000000,0.226554,0.333952,0.316749,0.104506,0.090195,0.088490,0.120522,0.044245,0.060261
-2.600000,-41.400000,88,1.700000,0.281400,2.670000,0.353100,0.161290,0.352000,0.329809,0.281033,0.230983,88,1.460000,1.749367,0.353092,0.281393,0.149892,0.556291,0.124833,0.437953,0.000000,0.000000,0.230983,0.323369,0.294699,0.071699,0.063716,0.025059,0.118339,0.012529,0.059169
-2.600000,-41.200000,83,1.800000,0.278300,2.520000,0.423700,0.143369,0.432000,0.320705,0.298691,0.261377,83,1.850000,1.742060,0.423715,0.278329,0.296218,0.551212,0.131556,0.425102,0.000000,0.000000,0.261377,0.381509,0.415838,0.145386,0.154461,0.164662,0.126110,0.082331,0.063055
-2.600000,-41.000000,84,1.790000,0.276500,2.550000,0.400800,0.146953,0.424000,0.315419,0.295457,0.255810,84,1.740000,1.740842,0.400789,0.276513,0.249389,0.552188,0.118960,0.434066,0.000000,0.000000,0.255810,0.367881,0.387443,0.124276,0.131632,0.130429,0.118122,0.065215,0.059061
-2.600000,-40.800000,83,1.670000,0.268200,2.520000,0.373300,0.143369,0.328000,0.291043,0.254137,0.184690,83,1.620000,1.732215,0.373339,0.268196,0.198288,0.548391,0.104359,0.432033,0.000000,0.000000,0.184690,0.320131,0.287953,0.105143,0.103263,0.093929,0.116358,0.046965,0.058179
-2.600000,-40.600000,78,1.770000,0.276800,2.360000,0.434800,0.125448,0.408000,0.316300,0.283249,0.234798,78,1.940000,1.723508,0.434790,0.276839,0.325068,0.544513,0.123680,0.429998,0.000000,0.000000,0.234798,0.373407,0.398958,0.157952,0.164161,0.201388,0.114515,0.100694,0.057258
-2.600000,-40.400000,79,1.750000,0.270700,2.390000,0.436700,0.129032,0.392000,0.298385,0.273139,0.217396,79,1.970000,1.710878,0.436657,0.270738,0.335884,0.537430,0.123138,0.418338,0.000000,0.000000,0.217396,0.370258,0.392397,0.165918,0.175001,0.212745,0.119092,0.106373,0.059546
-2.600000,-40.200000,82,1.680000,0.266500,2.490000,0.434300,0.139785,0.336000,0.286050,0.253945,0.184359,82,1.980000,1.698056,0.434349,0.266508,0.337220,0.531478,0.119082,0.413933,0.000000,0.000000,0.184359,0.353952,0.358422,0.167841,0.174063,0.218138,0.117545,0.109069,0.058772
-2.600000,-40.000000,85,1.720000,0.275500,2.580000,0.431900,0.150538,0.368000,0.312482,0.277006,0.224052,85,1.970000,1.673631,0.431897,0.275518,0.341909,0.521885,0.135294,0.415742,0.000000,0.011765,0.224052,0.366903,0.385406,0.156379,0.161354,0.206615,0.106144,0.103307,0.053072
-2.600000,-39.800000,88,1.680000,0.269800,2.670000,0.430100,0.161290,0.336000,0.295742,0.264344,0.202258,88,1.990000,1.641402,0.430134,0.269770,0.354812,0.505456,0.143967,0.395573,0.000000,0.011364,0.202258,0.358886,0.368701,0.160363,0.166444,0.210845,0.109882,0.105422,0.054941
-2.600000,-39.600000,92,1.530000,0.257400,2.790000,0.431900,0.175627,0.216000,0.259325,0.216984,0.120741,92,2.040000,1.606823,0.431955,0.257420,0.377568,0.486341,0.151295,0.363545,0.010870,0.010870,0.120741,0.324630,0.297326,0.174534,0.176586,0.226273,0.122796,0.113137,0.061398
-2.400000,-44.200000,93,1.760000,0.324300,2.820000,0.431100,0.179211,0.400000,0.455800,0.345004,0.341091,93,0.820000,2.460296,0.431075,0.324333,0.000827,0.861323,0.105629,0.543036,0.000000,0.053763,0.341091,0.386692,0.426638,0.106742,0.085547,-0.104802,0.318287,-0.052401,0.159143
-2.400000,-44.000000,95,1.680000,0.414300,2.880000,0.504400,0.186380,0.336000,0.720117,0.414166,0.460133,95,1.050000,2.827130,0.504393,0.414298,0.015577,0.993209,0.106502,0.722095,0.778947,0.326316,0.460133,0.406623,0.468167,0.090095,0.008034,-0.090924,0.271114,-0.045462,0.135557
-2.400000,-43.000000,88,1.780000,0.299100,2.670000,0.365700,0.161290,0.416000,0.381791,0.319694,0.297527,88,1.390000,1.852884,0.365674,0.299075,0.128996,0.602353,0.134776,0.463373,0.000000,0.000000,0.297527,0.351374,0.353050,0.066600,0.055523,-0.005780,0.138979,-0.002890,0.069490
-2.400000,-42.800000,88,1.660000,0.293300,2.670000,0.416800,0.161290,0.320000,0.364758,0.282016,0.232675,88,1.700000,1.809439,0.416786,0.293284,0.254704,0.578869,0.158673,0.427895,0.000000,0.000000,0.232675,0.346475,0.342842,0.123502,0.110167,0.096031,0.150974,0.048015,0.075487
-2.400000,-42.600000,91,1.580000,0.290000,2.760000,0.432700,0.172043,0.256000,0.355066,0.261036,0.196564,91,1.820000,1.766124,0.432729,0.289986,0.308497,0.556960,0.178571,0.401401,0.000000,0.000000,0.196564,0.337179,0.323474,0.142743,0.126909,0.129926,0.155559,0.064963,0.077780
-2.400000,-42.400000,92,1.620000,0.305300,2.790000,0.477400,0.175627,0.288000,0.400000,0.287876,0.242761,92,2.070000,1.729517,0.477396,0.305300,0.411292,0.543500,0.201167,0.409434,0.000000,0.000000,0.242761,0.372724,0.397535,0.172095,0.154774,0.210125,0.134066,0.105062,0.067033
-2.400000,-42.200000,91,1.640000,0.306600,2.760000,0.474100,0.172043,0.304000,0.403818,0.293287,0.252075,91,2.080000,1.699527,0.474109,0.306602,0.417099,0.531118,0.205236,0.407969,0.000000,0.000000,0.252075,0.375120,0.402527,0.167506,0.150452,0.211863,0.123149,0.105932,0.061575
-2.400000,-42.000000,90,1.620000,0.298800,2.730000,0.467100,0.168459,0.288000,0.380910,0.279123,0.227696,90,2.080000,1.673647,0.467087,0.298814,0.415629,0.518544,0.202288,0.395341,0.000000,0.000000,0.227696,0.364869,0.381167,0.168272,0.153472,0.213341,0.123203,0.106671,0.061602
-2.400000,-41.800000,94,1.630000,0.289800,2.850000,0.462100,0.182796,0.296000,0.354479,0.277758,0.225346,94,2.100000,1.656974,0.462145,0.289824,0.411815,0.512475,0.180382,0.399266,0.000000,0.000000,0.225346,0.369694,0.391222,0.172322,0.165875,0.231433,0.113210,0.115717,0.056605
-2.400000,-41.600000,87,1.700000,0.283100,2.640000,0.461900,0.157706,0.352000,0.334802,0.281503,0.231791,87,2.130000,1.642839,0.461946,0.283062,0.417498,0.506394,0.169540,0.396584,0.000000,0.000000,0.231791,0.379892,0.412470,0.178884,0.180679,0.247958,0.109810,0.123979,0.054905
-2.400000,-40.800000,76,1.840000,0.278200,2.300000,0.466000,0.118280,0.464000,0.320411,0.300897,0.265173,76,2.160000,1.646290,0.465992,0.278203,0.424571,0.507413,0.161281,0.395125,0.000000,0.000000,0.265173,0.406229,0.467344,0.187789,0.202171,0.263290,0.112288,0.131645,0.056144
-2.400000,-40.600000,76,1.820000,0.272800,2.300000,0.455100,0.118280,0.448000,0.304552,0.290277,0.246894,76,2.130000,1.632103,0.455057,0.272834,0.408570,0.501545,0.151219,0.394450,0.000000,0.000000,0.246894,0.395097,0.444151,0.182223,0.197257,0.257350,0.107095,0.128675,0.053548
-2.400000,-40.400000,78,1.790000,0.272300,2.360000,0.450600,0.125448,0.424000,0.303084,0.284177,0.236395,78,2.120000,1.618726,0.450583,0.272280,0.405560,0.495606,0.153186,0.391373,0.000000,0.000000,0.236395,0.387115,0.427518,0.178303,0.191123,0.252374,0.104233,0.126187,0.052116
-2.400000,-40.200000,80,1.730000,0.277100,2.420000,0.449900,0.132616,0.376000,0.317181,0.275266,0.221056,80,2.120000,1.603954,0.449882,0.277108,0.409753,0.490011,0.161397,0.392820,0.000000,0.000000,0.221056,0.373132,0.398385,0.172773,0.177329,0.248356,0.097191,0.124178,0.048596
-2.400000,-40.000000,88,1.600000,0.275200,2.670000,0.445900,0.161290,0.272000,0.311601,0.248297,0.174637,88,2.120000,1.584558,0.445912,0.275229,0.410215,0.481608,0.161013,0.389445,0.000000,0.011364,0.174637,0.345918,0.341682,0.170683,0.167045,0.249202,0.092163,0.124601,0.046081
-2.200000,-44.200000,87,1.800000,0.393100,2.640000,0.524800,0.157706,0.432000,0.657856,0.415854,0.463039,87,1.420000,2.517594,0.524785,0.393073,0.149888,0.899682,0.154243,0.631904,0.011494,0.080460,0.463039,0.439878,0.537456,0.131712,0.074417,-0.004354,0.267778,-0.002177,0.133889
-2.200000,-44.000000,93,1.830000,0.390000,2.820000,0.556300,0.179211,0.456000,0.648752,0.427988,0.483924,93,1.660000,2.457550,0.556317,0.390002,0.238844,0.873790,0.156309,0.623695,0.000000,0.053763,0.483924,0.471765,0.603896,0.166314,0.119972,0.082534,0.250095,0.041267,0.125047
-2.200000,-43.800000,95,1.720000,0.377400,2.880000,0.547600,0.186380,0.368000,0.611747,0.388709,0.416317,95,1.700000,2.390021,0.547581,0.377419,0.252516,0.842647,0.154489,0.600348,0.000000,0.052632,0.416317,0.440190,0.538106,0.170163,0.121789,0.098027,0.242299,0.049013,0.121149
-2.200000,-43.600000,100,1.590000,0.330700,3.030000,0.501300,0.204301,0.264000,0.474596,0.314299,0.288241,100,1.780000,2.125359,0.501318,0.330722,0.283187,0.719448,0.157500,0.503944,0.000000,0.020000,0.288241,0.386966,0.427210,0.170596,0.138969,0.125687,0.215505,0.062843,0.107752
-2.200000,-43.400000,95,1.570000,0.332200,2.880000,0.501000,0.186380,0.248000,0.479001,0.304460,0.271307,95,1.880000,2.012480,0.501042,0.332243,0.331714,0.670369,0.181037,0.483448,0.000000,0.010526,0.271307,0.375513,0.403346,0.168799,0.132039,0.150677,0.186921,0.075338,0.093461
-2.200000,-43.200000,93,1.620000,0.327700,2.820000,0.497500,0.179211,0.288000,0.465786,0.310999,0.282561,93,2.000000,1.875409,0.497501,0.327683,0.384812,0.610190,0.199557,0.455808,0.000000,0.000000,0.282561,0.384580,0.422237,0.169818,0.139676,0.185255,0.154382,0.092628,0.077191
-2.200000,-43.000000,86,1.770000,0.333000,2.610000,0.481100,0.154122,0.408000,0.481351,0.347824,0.345945,86,2.000000,1.783313,0.481109,0.333035,0.388790,0.573429,0.207678,0.458392,0.000000,0.000000,0.345945,0.407525,0.470045,0.148074,0.124100,0.181112,0.115037,0.090556,0.057518
-2.200000,-42.800000,93,1.690000,0.307900,2.820000,0.474800,0.179211,0.344000,0.407636,0.310282,0.281328,93,2.070000,1.709989,0.474757,0.307939,0.413880,0.535634,0.206357,0.409521,0.000000,0.000000,0.281328,0.391187,0.436003,0.166818,0.154675,0.207523,0.126113,0.103762,0.063056
-2.200000,-42.600000,93,1.630000,0.303100,2.820000,0.480100,0.179211,0.296000,0.393539,0.289583,0.245700,93,2.160000,1.649236,0.480110,0.303105,0.452755,0.507466,0.218216,0.387994,0.000000,0.000000,0.245700,0.378025,0.408580,0.177006,0.162880,0.234539,0.119472,0.117269,0.059736
-2.000000,-44.400000,91,1.700000,0.403300,2.760000,0.477400,0.172043,0.352000,0.687812,0.403952,0.442553,91,1.050000,2.568114,0.477409,0.403305,0.029264,0.925554,0.144554,0.662056,0.032967,0.131868,0.442553,0.392870,0.439510,0.074104,-0.003042,-0.115290,0.263498,-0.057645,0.131749
-2.000000,-44.200000,86,1.760000,0.420300,2.610000,0.559200,0.154122,0.400000,0.737739,0.430620,0.488455,86,1.580000,2.498634,0.559186,0.420273,0.221271,0.897100,0.180233,0.660313,0.000000,0.127907,0.488455,0.446257,0.550747,0.138913,0.062292,0.041038,0.236787,0.020519,0.118394
-2.000000,-44.000000,94,1.720000,0.402800,2.850000,0.583600,0.182796,0.368000,0.686344,0.412380,0.457059,94,1.830000,2.393951,0.583570,0.402850,0.321526,0.845614,0.197200,0.608500,0.000000,0.063830,0.457059,0.458077,0.575376,0.180720,0.118316,0.124326,0.237114,0.062163,0.118557
-2.000000,-43.800000,94,1.710000,0.382600,2.850000,0.569700,0.182796,0.360000,0.627019,0.389938,0.418433,94,1.920000,2.254024,0.569688,0.382573,0.358390,0.780987,0.205100,0.560045,0.000000,0.042553,0.418433,0.448050,0.554484,0.187116,0.136051,0.153290,0.220942,0.076645,0.110471
-2.000000,-43.600000,91,1.680000,0.359600,2.760000,0.543500,0.172043,0.336000,0.559471,0.355838,0.359739,91,1.990000,2.076241,0.543530,0.359582,0.386628,0.700432,0.210326,0.508837,0.000000,0.021978,0.359739,0.422596,0.501447,0.183948,0.141708,0.176302,0.191595,0.088151,0.095798
-2.000000,-43.400000,92,1.630000,0.335700,2.790000,0.525800,0.175627,0.296000,0.489280,0.320303,0.298574,92,2.090000,1.914966,0.525767,0.335655,0.424988,0.626545,0.213795,0.457516,0.000000,0.010870,0.298574,0.401039,0.456531,0.190111,0.157956,0.211193,0.169029,0.105597,0.084515
-2.000000,-43.200000,87,1.630000,0.331300,2.640000,0.505600,0.157706,0.296000,0.476358,0.310021,0.280878,87,2.120000,1.782821,0.505591,0.331344,0.441371,0.569811,0.224730,0.437958,0.000000,0.000000,0.280878,0.384367,0.421794,0.174247,0.140916,0.216641,0.131853,0.108321,0.065926
-2.000000,-43.000000,89,1.670000,0.316500,2.700000,0.491000,0.164875,0.328000,0.432893,0.308589,0.278413,89,2.150000,1.687697,0.491041,0.316474,0.457464,0.524618,0.234964,0.397985,0.000000,0.000000,0.278413,0.389709,0.432923,0.174566,0.154510,0.222500,0.126633,0.111250,0.063316
-1.800000,-44.400000,96,1.550000,0.402800,2.910000,0.483700,0.189964,0.232000,0.686344,0.369436,0.383144,96,1.130000,2.557262,0.483739,0.402829,0.045330,0.922147,0.140319,0.665338,0.031250,0.156250,0.383144,0.362200,0.375606,0.080910,-0.007537,-0.094989,0.256809,-0.047494,0.128404
-1.800000,-44.200000,90,1.640000,0.412100,2.730000,0.569500,0.168459,0.304000,0.713656,0.395372,0.427785,90,1.710000,2.441425,0.569526,0.412096,0.267481,0.871572,0.177614,0.646578,0.000000,0.066667,0.427785,0.424519,0.505453,0.157430,0.077669,0.089866,0.224995,0.044933,0.112497
-1.600000,-44.600000,102,1.510000,0.404200,3.090000,0.481800,0.211470,0.200000,0.690455,0.367308,0.379481,102,0.920000,2.623687,0.481760,0.404168,0.014508,0.949011,0.128460,0.679877,0.205882,0.196078,0.379481,0.357652,0.366131,0.077591,-0.013350,-0.113952,0.269134,-0.056976,0.134567
-1.600000,-44.400000,103,1.510000,0.382900,3.120000,0.474700,0.215054,0.200000,0.627900,0.347651,0.345648,103,1.200000,2.491871,0.474732,0.382879,0.058964,0.890500,0.131139,0.634618,0.000000,0.126214,0.345648,0.355121,0.360856,0.091853,0.015209,-0.072176,0.255881,-0.036088,0.127941
-1.600000,-44.200000,96,1.590000,0.389400,2.910000,0.545400,0.189964,0.264000,0.646990,0.366985,0.378924,96,1.720000,2.341338,0.545428,0.389438,0.265224,0.825631,0.165288,0.613589,0.000000,0.052083,0.378924,0.405576,0.465984,0.155989,0.087060,0.099936,0.212042,0.049968,0.106021
-1.400000,-48.600000,100,1.940000,0.321800,3.030000,0.497700,0.204301,0.544000,0.448458,0.398920,0.433892,100,0.200000,2.916728,0.497737,0.321818,0.000000,0.995473,0.030956,0.612680,0.840000,0.150000,0.433892,0.478401,0.617722,0.175919,0.183831,-0.030956,0.382793,-0.015478,0.191397
-1.400000,-45.200000,95,1.580000,0.469200,2.880000,0.505000,0.186380,0.256000,0.881351,0.441244,0.506740,95,0.940000,3.366449,0.504974,0.469191,0.009948,1.000000,0.117957,0.820425,1.000000,0.610526,0.506740,0.380265,0.413246,0.035783,-0.093494,-0.108009,0.179575,-0.054004,0.089788
-1.400000,-45.000000,93,1.470000,0.467000,2.820000,0.504200,0.179211,0.168000,0.874890,0.407367,0.448431,93,0.950000,3.435941,0.504155,0.467047,0.008311,1.000000,0.114168,0.819927,1.000000,0.645161,0.448431,0.348108,0.346244,0.037108,-0.102187,-0.105858,0.180073,-0.052929,0.090037
-1.400000,-44.800000,104,1.480000,0.420800,3.150000,0.495700,0.218638,0.176000,0.739207,0.377948,0.397795,104,1.100000,2.636255,0.495735,0.420757,0.033883,0.957588,0.130232,0.711282,0.336538,0.278846,0.397795,0.359452,0.369881,0.074978,-0.027914,-0.096349,0.246306,-0.048175,0.123153
-1.400000,-44.600000,102,1.490000,0.378700,3.090000,0.465300,0.211470,0.184000,0.615565,0.337012,0.327334,102,1.140000,2.481574,0.465327,0.378663,0.046829,0.883824,0.138336,0.618990,0.000000,0.107843,0.327334,0.343606,0.336864,0.086663,0.009530,-0.091507,0.264834,-0.045754,0.132417
-1.400000,-44.400000,104,1.520000,0.367700,3.150000,0.505400,0.218638,0.208000,0.583260,0.336633,0.326682,104,1.510000,2.368085,0.505436,0.367738,0.178149,0.832724,0.145362,0.590115,0.000000,0.067308,0.326682,0.375263,0.402824,0.137698,0.076142,0.032787,0.242609,0.016393,0.121304
-1.200000,-48.600000,85,1.870000,0.322100,2.580000,0.489500,0.150538,0.488000,0.449339,0.362626,0.371422,85,0.290000,2.780554,0.489529,0.322106,0.000000,0.979058,0.040571,0.603640,0.552941,0.141176,0.371422,0.437461,0.532421,0.167424,0.160999,-0.040571,0.375418,-0.020285,0.187709
-1.200000,-45.600000,87,1.390000,0.485600,2.640000,0.507900,0.157706,0.104000,0.929515,0.397074,0.430714,87,1.040000,3.886730,0.507894,0.485579,0.015789,1.000000,0.120605,0.850552,1.000000,0.655172,0.430714,0.321589,0.290989,0.022316,-0.139725,-0.104816,0.149448,-0.052408,0.074724
-1.200000,-45.400000,95,1.560000,0.394100,2.880000,0.554700,0.186380,0.240000,0.660793,0.362391,0.371018,95,1.500000,2.599361,0.554719,0.394093,0.175092,0.934346,0.146440,0.641746,0.115789,0.157895,0.371018,0.401308,0.457091,0.160626,0.086073,0.028652,0.292600,0.014326,0.146300
-1.200000,-45.200000,91,1.680000,0.400300,2.760000,0.561100,0.172043,0.336000,0.679001,0.395681,0.428318,91,1.490000,2.629602,0.561081,0.400339,0.177475,0.944688,0.158209,0.642468,0.219780,0.164835,0.428318,0.431902,0.520838,0.160743,0.092520,0.019265,0.302221,0.009633,0.151110
-1.200000,-45.000000,91,1.680000,0.404500,2.760000,0.543000,0.172043,0.336000,0.691336,0.399793,0.435395,91,1.480000,2.534763,0.543033,0.404539,0.176347,0.909718,0.162977,0.646101,0.021978,0.098901,0.435395,0.422332,0.500898,0.138494,0.065503,0.013371,0.263617,0.006685,0.131808
-1.200000,-44.800000,93,1.670000,0.390100,2.820000,0.555700,0.179211,0.328000,0.649046,0.385419,0.410654,93,1.650000,2.450218,0.555733,0.390114,0.242152,0.869314,0.170304,0.609923,0.000000,0.096774,0.410654,0.428789,0.514351,0.165619,0.103697,0.071849,0.259390,0.035924,0.129695
-1.200000,-44.600000,98,1.580000,0.377800,2.970000,0.534000,0.197133,0.256000,0.612922,0.355352,0.358901,98,1.670000,2.340531,0.533975,0.377828,0.245907,0.822043,0.163490,0.592166,0.000000,0.081633,0.358901,0.399226,0.452754,0.156147,0.093853,0.082417,0.229877,0.041208,0.114939
-1.000000,-48.400000,89,1.900000,0.341600,2.700000,0.497200,0.164875,0.512000,0.506608,0.394494,0.426274,89,0.540000,2.892058,0.497183,0.341576,0.000000,0.994367,0.054941,0.628211,0.786517,0.179775,0.426274,0.454299,0.567503,0.155608,0.141229,-0.054941,0.366156,-0.027470,0.183078
-1.000000,-46.000000,98,1.290000,0.402300,2.970000,0.511100,0.197133,0.024000,0.684875,0.302003,0.267076,98,1.200000,2.705077,0.511153,0.402325,0.051319,0.970987,0.115396,0.689254,0.500000,0.275510,0.267076,0.309792,0.266410,0.108828,-0.000666,-0.064077,0.281733,-0.032038,0.140866
-1.000000,-45.800000,100,1.440000,0.387400,3.030000,0.544900,0.204301,0.144000,0.641116,0.329806,0.314931,100,1.410000,2.650220,0.544864,0.387442,0.140147,0.949582,0.142353,0.632531,0.250000,0.180000,0.314931,0.370056,0.391975,0.157422,0.077044,-0.002206,0.317050,-0.001103,0.158525
-1.000000,-45.600000,97,1.520000,0.387500,2.940000,0.564700,0.193548,0.208000,0.641410,0.347653,0.345650,97,1.560000,2.605506,0.564727,0.387549,0.193875,0.935578,0.140161,0.634936,0.144330,0.175258,0.345650,0.398337,0.450901,0.177178,0.105251,0.053714,0.300642,0.026857,0.150321
-1.000000,-45.400000,92,1.600000,0.392400,2.790000,0.574300,0.175627,0.272000,0.655800,0.367809,0.380344,92,1.650000,2.548465,0.574299,0.392438,0.236781,0.911816,0.159287,0.625589,0.032609,0.119565,0.380344,0.418772,0.493479,0.181861,0.113136,0.077494,0.286228,0.038747,0.143114
-1.000000,-45.200000,91,1.630000,0.390500,2.760000,0.559800,0.172043,0.296000,0.650220,0.372754,0.388855,91,1.620000,2.492702,0.559768,0.390541,0.233426,0.886110,0.174855,0.606228,0.000000,0.098901,0.388855,0.417873,0.491606,0.169227,0.102750,0.058571,0.279882,0.029286,0.139941
-1.000000,-45.000000,94,1.590000,0.386900,2.850000,0.542900,0.182796,0.264000,0.639648,0.362148,0.370599,94,1.610000,2.422189,0.542940,0.386947,0.229912,0.855969,0.175375,0.598520,0.000000,0.053191,0.370599,0.401868,0.458258,0.155993,0.087659,0.054536,0.257449,0.027268,0.128725
-1.000000,-44.800000,100,1.550000,0.367300,3.030000,0.518000,0.204301,0.232000,0.582085,0.339462,0.331552,100,1.620000,2.314189,0.518043,0.367258,0.229194,0.806893,0.166618,0.567899,0.000000,0.050000,0.331552,0.385168,0.423463,0.150785,0.091911,0.062576,0.238993,0.031288,0.119497
-1.000000,-44.600000,94,1.570000,0.360500,2.850000,0.497400,0.182796,0.248000,0.562115,0.330970,0.316935,94,1.630000,2.200717,0.497419,0.360528,0.237900,0.756937,0.176392,0.544663,0.000000,0.031915,0.316935,0.372397,0.396854,0.136891,0.079918,0.061508,0.212274,0.030754,0.106137
-0.800000,-48.400000,86,1.900000,0.343700,2.610000,0.499300,0.154122,0.512000,0.512775,0.392966,0.423643,86,0.720000,2.969755,0.499276,0.343670,0.000000,0.998552,0.066005,0.621334,0.883721,0.209302,0.423643,0.451824,0.562347,0.155606,0.138703,-0.066005,0.377218,-0.033003,0.188609
-0.800000,-48.200000,84,1.670000,0.337100,2.550000,0.499900,0.146953,0.328000,0.493392,0.322782,0.302842,84,0.610000,3.015260,0.499894,0.337056,0.000000,0.999789,0.052784,0.621329,0.964286,0.250000,0.302842,0.388429,0.430258,0.162838,0.127416,-0.052784,0.378460,-0.026392,0.189230
-0.800000,-46.600000,104,1.440000,0.379500,3.150000,0.533300,0.218638,0.144000,0.617915,0.326851,0.309846,104,1.300000,2.778663,0.533257,0.379496,0.086503,0.980012,0.115455,0.643536,0.586538,0.230769,0.309846,0.368681,0.389110,0.153762,0.079265,-0.028952,0.336476,-0.014476,0.168238
-0.800000,-46.400000,95,1.460000,0.384300,2.880000,0.542200,0.186380,0.160000,0.632012,0.326131,0.308606,95,1.370000,2.698204,0.542238,0.384276,0.122036,0.962440,0.135217,0.633334,0.400000,0.178947,0.308606,0.368023,0.387740,0.157962,0.079134,-0.013181,0.329106,-0.006590,0.164553
-0.800000,-46.200000,98,1.310000,0.383400,2.970000,0.510100,0.197133,0.040000,0.629369,0.288834,0.244410,98,1.230000,2.653313,0.510064,0.383405,0.068700,0.951427,0.130927,0.635882,0.255102,0.153061,0.244410,0.314548,0.276319,0.126659,0.031909,-0.062227,0.315545,-0.031114,0.157773
-0.800000,-46.000000,96,1.360000,0.378900,2.910000,0.534600,0.189964,0.080000,0.616153,0.295372,0.255664,96,1.410000,2.605238,0.534615,0.378949,0.135531,0.933699,0.132889,0.625009,0.135417,0.145833,0.255664,0.338509,0.326245,0.155666,0.070581,0.002642,0.308690,0.001321,0.154345
-0.800000,-45.800000,95,1.460000,0.381000,2.880000,0.548900,0.186380,0.160000,0.622320,0.322900,0.303045,95,1.540000,2.545061,0.548865,0.381035,0.187237,0.910493,0.141022,0.621048,0.031579,0.147368,0.303045,0.371537,0.395061,0.167830,0.092016,0.046216,0.289445,0.023108,0.144722
-0.800000,-45.600000,96,1.450000,0.371000,2.910000,0.543600,0.189964,0.152000,0.592952,0.311639,0.283662,96,1.600000,2.475964,0.543643,0.370998,0.208257,0.879030,0.139859,0.602136,0.000000,0.093750,0.283662,0.367297,0.386226,0.172646,0.102564,0.068398,0.276894,0.034199,0.138447
-0.800000,-45.400000,90,1.460000,0.368900,2.730000,0.531500,0.168459,0.160000,0.586784,0.305081,0.272375,90,1.600000,2.413469,0.531508,0.368856,0.211070,0.851945,0.145425,0.592288,0.000000,0.066667,0.272375,0.356360,0.363439,0.162651,0.091064,0.065646,0.259657,0.032823,0.129829
-0.600000,-48.400000,90,1.830000,0.367200,2.730000,0.500300,0.168459,0.456000,0.581791,0.402083,0.439337,90,0.910000,3.022492,0.500331,0.367219,0.000692,0.999970,0.083824,0.650614,0.988889,0.244444,0.439337,0.438496,0.534576,0.133112,0.095239,-0.083132,0.349356,-0.041566,0.174678
-0.600000,-48.200000,86,1.550000,0.365900,2.610000,0.498600,0.154122,0.232000,0.577974,0.321365,0.300403,86,0.938000,2.910733,0.498580,0.365873,0.001235,0.995925,0.077753,0.653994,0.813953,0.244186,0.300403,0.358122,0.367109,0.132707,0.066706,-0.076518,0.341931,-0.038259,0.170965
-0.600000,-48.000000,89,1.550000,0.352800,2.700000,0.497400,0.164875,0.232000,0.539501,0.312125,0.284499,89,0.780000,2.920796,0.497354,0.352845,0.000000,0.994709,0.074025,0.631666,0.820225,0.258427,0.284499,0.361056,0.373223,0.144509,0.088724,-0.074025,0.363043,-0.037013,0.181522
-0.600000,-47.200000,92,1.600000,0.354800,2.790000,0.490700,0.175627,0.272000,0.545374,0.331001,0.316988,92,1.130000,2.673391,0.490727,0.354785,0.029662,0.951793,0.107976,0.601593,0.293478,0.152174,0.316988,0.374460,0.401151,0.135943,0.084163,-0.078314,0.350199,-0.039157,0.175100
-0.600000,-47.000000,88,1.700000,0.372300,2.670000,0.559600,0.161290,0.352000,0.596769,0.370020,0.384149,88,1.490000,2.670555,0.559572,0.372264,0.167541,0.951603,0.138787,0.605741,0.295455,0.159091,0.384149,0.432851,0.522814,0.187308,0.138665,0.028754,0.345862,0.014377,0.172931
-0.600000,-46.800000,89,1.670000,0.384400,2.700000,0.572400,0.164875,0.328000,0.632305,0.375060,0.392824,89,1.540000,2.665459,0.572420,0.384354,0.192904,0.951935,0.152181,0.616528,0.280899,0.134831,0.392824,0.432858,0.522829,0.188065,0.130006,0.040723,0.335407,0.020362,0.167704
-0.600000,-46.600000,103,1.500000,0.376000,3.120000,0.560300,0.215054,0.192000,0.607636,0.338230,0.329431,103,1.520000,2.635919,0.560347,0.376037,0.178420,0.942273,0.138135,0.613938,0.184466,0.145631,0.329431,0.397850,0.449886,0.184310,0.120455,0.040285,0.328335,0.020142,0.164167
-0.600000,-46.400000,94,1.500000,0.381500,2.850000,0.558900,0.182796,0.192000,0.623789,0.332861,0.320191,94,1.540000,2.593947,0.558913,0.381476,0.189736,0.928091,0.145885,0.617067,0.095745,0.127660,0.320191,0.386337,0.425898,0.177437,0.105707,0.043850,0.311024,0.021925,0.155512
-0.600000,-46.200000,102,1.390000,0.372900,3.090000,0.540100,0.211470,0.104000,0.598532,0.304667,0.271662,102,1.510000,2.536277,0.540087,0.372850,0.176327,0.903848,0.141869,0.603832,0.029412,0.117647,0.271662,0.356579,0.363896,0.167237,0.092233,0.034458,0.300016,0.017229,0.150008
-0.600000,-46.000000,104,1.360000,0.361700,3.150000,0.525100,0.218638,0.080000,0.565639,0.288092,0.243133,104,1.510000,2.474071,0.525158,0.361730,0.175225,0.875090,0.139423,0.584037,0.000000,0.096154,0.243133,0.343053,0.335712,0.163427,0.092578,0.035802,0.291053,0.017901,0.145526
-0.400000,-48.200000,102,1.570000,0.348300,3.090000,0.490000,0.211470,0.248000,0.526285,0.328585,0.312830,102,1.080000,2.721826,0.490025,0.348273,0.014221,0.965829,0.090542,0.606004,0.362745,0.127451,0.312830,0.378035,0.408600,0.141752,0.095770,-0.076321,0.359825,-0.038161,0.179912
-0.400000,-48.000000,99,1.680000,0.326500,3.000000,0.470800,0.200717,0.336000,0.462261,0.332993,0.320417,99,1.230000,2.524225,0.470790,0.326501,0.050024,0.891557,0.093880,0.559122,0.040404,0.101010,0.320417,0.393585,0.441001,0.144290,0.120584,-0.043856,0.332435,-0.021928,0.166218
-0.400000,-47.800000,99,1.740000,0.335000,3.000000,0.508300,0.200717,0.384000,0.487225,0.357314,0.362279,99,1.370000,2.552003,0.508346,0.335017,0.115144,0.901548,0.121361,0.548673,0.070707,0.141414,0.362279,0.429498,0.515829,0.173329,0.153550,-0.006217,0.352875,-0.003108,0.176437
-0.400000,-47.600000,87,1.760000,0.353200,2.640000,0.539300,0.157706,0.400000,0.540675,0.366127,0.377449,87,1.470000,2.581524,0.539322,0.353235,0.164162,0.914482,0.145876,0.560594,0.114943,0.126437,0.377449,0.436919,0.531291,0.186087,0.153842,0.018286,0.353888,0.009143,0.176944
-0.400000,-47.400000,84,1.810000,0.358900,2.550000,0.561100,0.146953,0.440000,0.557416,0.381456,0.403833,84,1.570000,2.582648,0.561120,0.358929,0.208137,0.914104,0.160802,0.557056,0.107143,0.142857,0.403833,0.458226,0.575687,0.202192,0.171853,0.047335,0.357048,0.023668,0.178524
-0.400000,-47.200000,80,1.810000,0.373100,2.420000,0.571000,0.132616,0.440000,0.599119,0.390578,0.419534,80,1.610000,2.583810,0.570966,0.373054,0.222024,0.919908,0.159191,0.586916,0.125000,0.150000,0.419534,0.458668,0.576606,0.197912,0.157072,0.062833,0.332992,0.031416,0.166496
-0.400000,-47.000000,85,1.750000,0.368900,2.580000,0.571000,0.150538,0.392000,0.586784,0.376441,0.395200,85,1.630000,2.571160,0.570964,0.368922,0.227925,0.914002,0.156488,0.581356,0.105882,0.141176,0.395200,0.448640,0.555713,0.202042,0.160513,0.071437,0.332646,0.035719,0.166323
-0.400000,-46.800000,95,1.590000,0.370300,2.880000,0.560900,0.186380,0.264000,0.590896,0.347092,0.344685,95,1.600000,2.551132,0.560956,0.370290,0.214112,0.907799,0.151625,0.588954,0.063158,0.126316,0.344685,0.412615,0.480650,0.190666,0.135965,0.062487,0.318845,0.031243,0.159422
-0.400000,-46.600000,97,1.520000,0.368600,2.940000,0.540000,0.193548,0.208000,0.585903,0.329150,0.313804,97,1.530000,2.514834,0.539965,0.368638,0.185945,0.893985,0.145922,0.591354,0.041237,0.134021,0.313804,0.385207,0.423545,0.171327,0.109741,0.040023,0.302631,0.020011,0.151316
-0.200000,-49.600000,106,1.700000,0.267600,3.210000,0.451800,0.225806,0.352000,0.289280,0.289029,0.244746,106,0.310000,2.582039,0.451815,0.267599,0.000000,0.903629,0.033782,0.501417,0.028302,0.056604,0.244746,0.397220,0.448575,0.184215,0.203829,-0.033782,0.402213,-0.016891,0.201106
-0.200000,-48.400000,99,1.540000,0.331800,3.000000,0.455500,0.200717,0.224000,0.477827,0.300848,0.265089,99,0.850000,2.564017,0.455466,0.331769,0.000148,0.910785,0.083259,0.580279,0.060606,0.131313,0.265089,0.348127,0.346284,0.123697,0.081195,-0.083111,0.330505,-0.041556,0.165253
-0.200000,-48.200000,107,1.550000,0.318700,3.240000,0.439600,0.229391,0.232000,0.439354,0.300248,0.264056,107,1.000000,2.478498,0.439560,0.318726,0.006778,0.872342,0.085212,0.552241,0.009346,0.102804,0.264056,0.351917,0.354182,0.120834,0.090125,-0.078433,0.320100,-0.039217,0.160050
-0.200000,-48.000000,89,1.710000,0.347700,2.700000,0.496700,0.164875,0.360000,0.524523,0.349799,0.349344,89,1.370000,2.496535,0.496667,0.347749,0.106021,0.887312,0.103189,0.592308,0.022472,0.123596,0.349344,0.403358,0.461364,0.148918,0.112019,0.002832,0.295004,0.001416,0.147502
-0.200000,-47.800000,90,1.730000,0.343900,2.730000,0.536900,0.168459,0.376000,0.513363,0.352607,0.354178,90,1.540000,2.517968,0.536905,0.343945,0.184982,0.888828,0.136275,0.551615,0.044444,0.133333,0.354178,0.431222,0.519420,0.192960,0.165242,0.048707,0.337213,0.024354,0.168607
-0.200000,-47.600000,86,1.770000,0.348200,2.610000,0.549500,0.154122,0.408000,0.525991,0.362704,0.371557,86,1.600000,2.519788,0.549482,0.348168,0.208365,0.890599,0.139706,0.556630,0.058140,0.127907,0.371557,0.443778,0.545583,0.201314,0.174026,0.068659,0.333969,0.034330,0.166984
-0.200000,-47.400000,83,1.820000,0.358900,2.520000,0.566600,0.143369,0.448000,0.557416,0.382928,0.406367,83,1.680000,2.508843,0.566622,0.358932,0.245554,0.887690,0.155386,0.562477,0.048193,0.144578,0.406367,0.462615,0.584831,0.207690,0.178465,0.090167,0.325213,0.045084,0.162606
-0.200000,-47.200000,82,1.840000,0.371300,2.490000,0.573700,0.139785,0.464000,0.593833,0.399206,0.434384,82,1.720000,2.487865,0.573745,0.371255,0.266640,0.880850,0.168311,0.574200,0.024390,0.121951,0.434384,0.470531,0.601324,0.202490,0.166940,0.098329,0.306650,0.049165,0.153325
-0.000000,-50.400000,127,2.020000,0.202700,3.850000,0.392600,0.301075,0.608000,0.098678,0.335918,0.325452,127,0.240000,2.338264,0.392651,0.202683,0.000000,0.785302,0.020727,0.384639,0.000000,0.007874,0.325452,0.476273,0.613288,0.189968,0.287836,-0.020727,0.400662,-0.010364,0.200331
-0.000000,-50.200000,114,1.970000,0.187700,3.450000,0.357200,0.254480,0.568000,0.054626,0.292369,0.250494,114,0.210000,2.175593,0.357247,0.187655,0.000000,0.714494,0.020446,0.354863,0.000000,0.000000,0.250494,0.428636,0.514031,0.169592,0.263537,-0.020446,0.359631,-0.010223,0.179815
-0.000000,-50.000000,100,1.710000,0.181800,3.030000,0.355400,0.204301,0.360000,0.037298,0.200533,0.092425,100,0.240000,2.172607,0.355400,0.181797,0.000000,0.710800,0.023971,0.339624,0.000000,0.000000,0.092425,0.341597,0.332678,0.173603,0.240253,-0.023971,0.371176,-0.011985,0.185588
-0.000000,-49.200000,111,1.540000,0.342400,3.360000,0.488400,0.243728,0.224000,0.508957,0.325562,0.307626,111,0.770000,2.792452,0.488387,0.342417,0.000000,0.976774,0.070350,0.614484,0.549550,0.216216,0.307626,0.379919,0.412526,0.145970,0.104900,-0.070350,0.362290,-0.035175,0.181145
-0.000000,-49.000000,114,1.540000,0.341500,3.450000,0.444100,0.254480,0.224000,0.506314,0.328265,0.312279,114,0.790000,2.492086,0.444079,0.341470,0.000321,0.887837,0.083398,0.599542,0.017544,0.201754,0.312279,0.360010,0.371044,0.102609,0.058765,-0.083077,0.288295,-0.041538,0.144148
-0.000000,-48.800000,109,1.550000,0.330900,3.300000,0.415200,0.236559,0.232000,0.475184,0.314581,0.288726,109,0.820000,2.361672,0.415164,0.330936,0.000235,0.830092,0.079736,0.582137,0.000000,0.146789,0.288726,0.341371,0.332208,0.084228,0.043482,-0.079500,0.247956,-0.039750,0.123978
-0.000000,-48.600000,109,1.540000,0.322100,3.300000,0.405700,0.236559,0.224000,0.449339,0.303299,0.269308,109,0.900000,2.320034,0.405685,0.322058,0.000605,0.810765,0.080950,0.563167,0.000000,0.137615,0.269308,0.333678,0.316179,0.083626,0.046871,-0.080345,0.247598,-0.040172,0.123799
-0.000000,-48.400000,107,1.520000,0.324500,3.240000,0.406000,0.229391,0.208000,0.456388,0.297926,0.260060,107,1.070000,2.295277,0.406048,0.324528,0.012050,0.800045,0.083906,0.565150,0.000000,0.112150,0.260060,0.326148,0.300489,0.081520,0.040430,-0.071856,0.234896,-0.035928,0.117448
-0.000000,-48.200000,96,1.750000,0.342700,2.910000,0.451800,0.189964,0.392000,0.509838,0.363934,0.373674,96,1.350000,2.295095,0.451782,0.342667,0.101458,0.802107,0.108839,0.576496,0.000000,0.125000,0.373674,0.398589,0.451427,0.109115,0.077753,-0.007381,0.225611,-0.003691,0.112806
0.200000,-50.600000,101,2.200000,0.270400,3.060000,0.498100,0.207885,0.752000,0.297504,0.419130,0.468677,101,0.370000,2.937865,0.498141,0.270418,0.000000,0.996282,0.028757,0.512079,0.782178,0.049505,0.468677,0.549143,0.765120,0.227723,0.296443,-0.028757,0.484203,-0.014378,0.242101
0.200000,-49.600000,100,1.470000,0.262700,3.030000,0.500500,0.204301,0.168000,0.274890,0.215730,0.118583,100,0.650000,3.445564,0.500513,0.262719,0.001026,1.000000,0.049118,0.476320,1.000000,0.060000,0.118583,0.354540,0.359646,0.237794,0.241063,-0.048092,0.523680,-0.024046,0.261840
0.200000,-49.400000,103,1.690000,0.382300,3.120000,0.504800,0.215054,0.344000,0.626138,0.395064,0.427255,103,0.940000,3.171699,0.504819,0.382290,0.009638,1.000000,0.092733,0.671847,1.000000,0.339806,0.427255,0.419074,0.494108,0.122529,0.066853,-0.083095,0.328153,-0.041548,0.164077
0.200000,-49.200000,103,1.610000,0.363300,3.120000,0.510500,0.215054,0.280000,0.570338,0.355131,0.358521,103,1.230000,2.707837,0.510475,0.363322,0.060457,0.960493,0.114863,0.611781,0.417476,0.174757,0.358521,0.400740,0.455908,0.147154,0.097387,-0.054406,0.348713,-0.027203,0.174356
0.200000,-49.000000,106,1.590000,0.343400,3.210000,0.459200,0.225806,0.264000,0.511894,0.333900,0.321979,106,1.180000,2.482836,0.459224,0.343425,0.037183,0.881266,0.097045,0.589805,0.000000,0.169811,0.321979,0.371816,0.395642,0.115800,0.073663,-0.059862,0.291461,-0.029931,0.145731
0.200000,-48.800000,99,1.660000,0.335300,3.000000,0.408100,0.200717,0.320000,0.488106,0.336274,0.326065,99,1.180000,2.248204,0.408141,0.335269,0.032375,0.783906,0.087864,0.582674,0.000000,0.111111,0.326065,0.355033,0.360674,0.072871,0.034609,-0.055489,0.201232,-0.027744,0.100616
0.200000,-48.600000,100,1.730000,0.315400,3.030000,0.405200,0.204301,0.376000,0.429662,0.336654,0.326720,100,1.330000,2.107701,0.405184,0.315449,0.094469,0.715898,0.109926,0.520972,0.000000,0.070000,0.326720,0.373327,0.398790,0.089734,0.072071,-0.015458,0.194926,-0.007729,0.097463
0.400000,-50.000000,147,1.510000,0.169100,4.460000,0.503800,0.372760,0.200000,0.000000,0.190920,0.075879,147,0.590000,3.439860,0.503837,0.169118,0.007675,1.000000,0.066026,0.272210,1.000000,0.020408,0.075879,0.423122,0.502543,0.334719,0.426665,-0.058352,0.727790,-0.029176,0.363895
0.400000,-49.800000,104,1.560000,0.325300,3.150000,0.505300,0.218638,0.240000,0.458737,0.305792,0.273598,104,0.710000,3.713023,0.505318,0.325299,0.010637,1.000000,0.093043,0.557555,1.000000,0.076923,0.273598,0.385867,0.424919,0.180019,0.151320,-0.082406,0.442445,-0.041203,0.221223
0.400000,-49.600000,97,1.690000,0.427900,2.940000,0.509600,0.193548,0.344000,0.760059,0.432536,0.491752,97,0.910000,3.883468,0.509630,0.427939,0.019259,1.000000,0.096195,0.759684,1.000000,0.402062,0.491752,0.414456,0.484487,0.081690,-0.007265,-0.076936,0.240316,-0.038468,0.120158
0.400000,-49.400000,94,1.660000,0.402100,2.850000,0.559100,0.182796,0.320000,0.684288,0.395695,0.428340,94,1.360000,3.029540,0.559149,0.402130,0.118346,0.999951,0.133761,0.670498,0.968085,0.319149,0.428340,0.429128,0.515058,0.157019,0.086718,-0.015415,0.329453,-0.007707,0.164727
0.400000,-49.200000,97,1.670000,0.372800,2.940000,0.538000,0.193548,0.328000,0.598238,0.373262,0.389729,97,1.410000,2.625571,0.538040,0.372783,0.138779,0.937302,0.139706,0.605859,0.195876,0.175258,0.389729,0.424187,0.504762,0.165258,0.115033,-0.000927,0.331442,-0.000464,0.165721
0.400000,-29.400000,69,1.740000,0.265100,2.090000,0.406300,0.093190,0.384000,0.281938,0.253043,0.182806,69,2.300000,1.178218,0.406290,0.265069,0.509954,0.302626,0.229646,0.300492,0.000000,0.000000,0.182806,0.339543,0.328399,0.141221,0.145593,0.280308,0.002134,0.140154,0.001067
0.600000,-50.400000,121,1.920000,0.306300,3.670000,0.500000,0.279570,0.528000,0.402937,0.403502,0.441779,121,0.370000,3.191443,0.500000,0.306289,0.000000,1.000000,0.043085,0.569493,1.000000,0.190083,0.441779,0.499357,0.661387,0.193711,0.219608,-0.043085,0.430507,-0.021542,0.215254
0.600000,-50.200000,121,1.780000,0.359000,3.670000,0.502800,0.279570,0.416000,0.557709,0.417760,0.466319,121,0.620000,3.405690,0.502785,0.359035,0.005570,1.000000,0.068729,0.649341,1.000000,0.239669,0.466319,0.463501,0.586676,0.143750,0.120357,-0.063159,0.350659,-0.031579,0.175329
0.600000,-50.000000,106,1.610000,0.374100,3.210000,0.514800,0.225806,0.280000,0.602056,0.369287,0.382888,106,1.030000,3.569979,0.514842,0.374150,0.029684,1.000000,0.118341,0.629959,1.000000,0.235849,0.382888,0.406639,0.468200,0.140692,0.085312,-0.088657,0.370041,-0.044328,0.185021
0.600000,-49.800000,99,1.600000,0.413200,3.000000,0.529400,0.200717,0.272000,0.716887,0.396535,0.429786,99,1.190000,3.676377,0.529360,0.413225,0.058719,1.000000,0.121212,0.705238,1.000000,0.343434,0.429786,0.403307,0.461257,0.116135,0.031471,-0.062493,0.294762,-0.031247,0.147381
0.600000,-49.600000,95,1.670000,0.418200,2.880000,0.548500,0.186380,0.328000,0.731571,0.415317,0.462115,95,1.310000,3.505059,0.548544,0.418156,0.097089,1.000000,0.119427,0.716884,1.000000,0.431579,0.462115,0.427367,0.511388,0.130389,0.049273,-0.022338,0.283116,-0.011169,0.141558
0.600000,-49.400000,92,1.860000,0.406400,2.790000,0.568900,0.175627,0.480000,0.696916,0.450848,0.523271,92,1.420000,2.857055,0.568919,0.406381,0.146003,0.991835,0.140985,0.671778,0.750000,0.250000,0.523271,0.485253,0.631998,0.162537,0.108727,0.005018,0.320057,0.002509,0.160028
0.600000,-49.200000,92,1.780000,0.368200,2.790000,0.516700,0.175627,0.416000,0.584728,0.392119,0.422185,92,1.470000,2.460285,0.516719,0.368174,0.161093,0.872346,0.138427,0.597921,0.000000,0.119565,0.422185,0.436242,0.529879,0.148545,0.107694,0.022665,0.274425,0.011333,0.137213
0.600000,-29.800000,71,1.650000,0.267300,2.150000,0.408100,0.100358,0.312000,0.288399,0.233586,0.149316,71,2.290000,1.190634,0.408078,0.267296,0.508642,0.307514,0.234776,0.299815,0.000000,0.000000,0.149316,0.318880,0.285346,0.140782,0.136030,0.273865,0.007699,0.136933,0.003850
0.600000,-29.600000,72,1.670000,0.263700,2.180000,0.405400,0.103943,0.328000,0.277827,0.236590,0.154487,72,2.290000,1.185216,0.405404,0.263676,0.505800,0.305009,0.229269,0.298084,0.000000,0.000000,0.154487,0.323991,0.295994,0.141728,0.141508,0.276531,0.006925,0.138265,0.003462
0.600000,-29.400000,70,1.730000,0.262200,2.120000,0.403000,0.096774,0.376000,0.273421,0.248732,0.175386,70,2.290000,1.179491,0.403048,0.262167,0.502773,0.303322,0.222899,0.301434,0.000000,0.000000,0.175386,0.336352,0.321750,0.140881,0.146364,0.279874,0.001888,0.139937,0.000944
0.600000,-29.200000,72,1.720000,0.260500,2.180000,0.399800,0.103943,0.368000,0.268429,0.246790,0.172044,72,2.290000,1.172143,0.399770,0.260512,0.498270,0.301269,0.214257,0.306768,0.000000,0.000000,0.172044,0.334337,0.317551,0.139258,0.145507,0.284014,-0.005499,0.142007,-0.002749
0.600000,-29.000000,70,1.740000,0.260300,2.120000,0.397900,0.096774,0.384000,0.267841,0.249539,0.176774,70,2.290000,1.164805,0.397924,0.260319,0.497227,0.298622,0.212080,0.308558,0.000000,0.000000,0.176774,0.336302,0.321646,0.137605,0.144872,0.285147,-0.009936,0.142573,-0.004968
0.800000,-50.200000,118,1.890000,0.354800,3.580000,0.501300,0.268817,0.504000,0.545374,0.439397,0.503562,118,0.510000,3.380870,0.501288,0.354815,0.002577,1.000000,0.057141,0.652488,1.000000,0.228814,0.503562,0.488456,0.638673,0.146474,0.135111,-0.054565,0.347512,-0.027282,0.173756
0.800000,-50.000000,115,1.630000,0.366600,3.490000,0.508200,0.258065,0.296000,0.580029,0.378031,0.397938,115,0.730000,3.360577,0.508202,0.366649,0.016404,1.000000,0.075895,0.657402,1.000000,0.295652,0.397938,0.419205,0.494381,0.141553,0.096443,-0.059491,0.342598,-0.029746,0.171299
0.800000,-49.800000,108,1.620000,0.385400,3.270000,0.523300,0.232975,0.288000,0.635242,0.385406,0.410631,108,1.160000,3.130930,0.523301,0.385401,0.046602,1.000000,0.108864,0.661937,1.000000,0.250000,0.410631,0.416180,0.488080,0.137900,0.077449,-0.062263,0.338063,-0.031131,0.169032
0.800000,-49.600000,99,1.820000,0.361200,3.000000,0.543600,0.200717,0.448000,0.564170,0.404296,0.443145,99,1.310000,2.847937,0.543649,0.361230,0.099826,0.987471,0.123143,0.599318,0.656566,0.151515,0.443145,0.469550,0.599281,0.182418,0.156136,-0.023317,0.388153,-0.011659,0.194077
0.800000,-49.400000,91,1.850000,0.373200,2.760000,0.518200,0.172043,0.472000,0.599413,0.414485,0.460683,91,1.420000,2.508051,0.518166,0.373173,0.142696,0.893635,0.133161,0.613185,0.000000,0.109890,0.460683,0.454480,0.567881,0.144992,0.107198,0.009535,0.280450,0.004768,0.140225
0.800000,-29.800000,68,1.680000,0.270200,2.060000,0.407700,0.089606,0.336000,0.296916,0.240841,0.161803,68,2.290000,1.189774,0.407740,0.270159,0.506410,0.309071,0.229996,0.310323,0.000000,0.000000,0.161803,0.323117,0.294174,0.137581,0.132371,0.276415,-0.001252,0.138207,-0.000626
0.800000,-29.600000,70,1.670000,0.259400,2.120000,0.403800,0.096774,0.328000,0.265198,0.229991,0.143128,70,2.290000,1.185459,0.403765,0.259394,0.502773,0.304757,0.223004,0.295784,0.000000,0.000000,0.143128,0.320732,0.289205,0.144371,0.146077,0.279769,0.008973,0.139885,0.004487
0.800000,-29.400000,70,1.700000,0.262300,2.120000,0.401500,0.096774,0.352000,0.273715,0.240830,0.161784,70,2.280000,1.179945,0.401504,0.262267,0.499686,0.303321,0.224055,0.300480,0.000000,0.000000,0.161784,0.327533,0.303375,0.139236,0.141591,0.275631,0.002841,0.137816,0.001421
0.800000,-29.200000,68,1.690000,0.262800,2.060000,0.401600,0.089606,0.344000,0.275184,0.236263,0.153924,68,2.290000,1.172748,0.401629,0.262802,0.502316,0.300942,0.221994,0.303611,0.000000,0.000000,0.153924,0.322544,0.292979,0.138827,0.139055,0.280322,-0.002669,0.140161,-0.001334
0.800000,-29.000000,67,1.730000,0.262500,2.030000,0.400200,0.086022,0.376000,0.274302,0.245441,0.169722,67,2.290000,1.164953,0.400169,0.262529,0.502816,0.297523,0.223222,0.301837,0.000000,0.000000,0.169722,0.331241,0.311102,0.137640,0.141380,0.279593,-0.004314,0.139797,-0.002157
1.000000,-50.000000,117,1.670000,0.354900,3.550000,0.506200,0.265233,0.328000,0.545668,0.379634,0.400696,117,0.570000,3.254018,0.506152,0.354942,0.012304,1.000000,0.061526,0.648359,1.000000,0.273504,0.400696,0.431174,0.519320,0.151210,0.118624,-0.049222,0.351641,-0.024611,0.175821
1.000000,-49.800000,97,1.840000,0.342000,2.940000,0.484800,0.193548,0.464000,0.507783,0.388444,0.415860,97,1.030000,2.652983,0.484786,0.342021,0.026849,0.942723,0.105822,0.578220,0.175258,0.103093,0.415860,0.441283,0.540384,0.142766,0.124524,-0.078972,0.364503,-0.039486,0.182252
1.000000,-49.600000,92,1.920000,0.325800,2.790000,0.467700,0.175627,0.528000,0.460206,0.387944,0.415000,92,1.310000,2.396328,0.467741,0.325835,0.103161,0.832320,0.129316,0.522354,0.000000,0.086957,0.415000,0.447605,0.553556,0.141906,0.138556,-0.026155,0.309966,-0.013077,0.154983
1.000000,-29.800000,68,1.630000,0.268700,2.060000,0.406800,0.089606,0.296000,0.292511,0.226039,0.136326,68,2.288000,1.186765,0.406841,0.268693,0.506626,0.307056,0.231920,0.305465,0.000000,0.014706,0.136326,0.309307,0.265399,0.138148,0.129073,0.274705,0.001591,0.137353,0.000796
1.000000,-29.600000,72,1.620000,0.259700,2.180000,0.401700,0.103943,0.288000,0.266079,0.219341,0.124797,72,2.280000,1.180222,0.401703,0.259745,0.501425,0.301982,0.227635,0.291856,0.000000,0.000000,0.124797,0.308695,0.264125,0.141958,0.139328,0.273790,0.010126,0.136895,0.005063
1.000000,-29.400000,71,1.650000,0.258400,2.150000,0.399700,0.100358,0.312000,0.262261,0.224873,0.134320,71,2.280000,1.172966,0.399664,0.258425,0.500284,0.299043,0.225145,0.291705,0.000000,0.000000,0.134320,0.314419,0.276050,0.141239,0.141731,0.275139,0.007338,0.137569,0.003669
1.000000,-29.200000,70,1.700000,0.260400,2.120000,0.398800,0.096774,0.352000,0.268135,0.238970,0.158583,70,2.280000,1.168074,0.398852,0.260364,0.499948,0.297756,0.224895,0.295832,0.000000,0.000000,0.158583,0.326127,0.300446,0.138489,0.141863,0.275053,0.001924,0.137526,0.000962
1.000000,-29.000000,69,1.720000,0.263700,2.090000,0.398700,0.093190,0.368000,0.277827,0.246339,0.171267,69,2.280000,1.162712,0.398713,0.263681,0.501088,0.296337,0.227089,0.300274,0.000000,0.000000,0.171267,0.330192,0.308915,0.135031,0.137648,0.274000,-0.003937,0.137000,-0.001968
1.200000,-49.800000,85,1.870000,0.293200,2.580000,0.379500,0.150538,0.488000,0.364464,0.334334,0.322725,85,0.930000,2.184619,0.379542,0.293230,0.017626,0.741459,0.091869,0.494591,0.000000,0.035294,0.322725,0.379143,0.410909,0.086313,0.088184,-0.074243,0.246868,-0.037122,0.123434
1.200000,-49.600000,75,2.170000,0.340400,2.270000,0.441500,0.114695,0.728000,0.503084,0.448593,0.519390,75,1.440000,2.110416,0.441472,0.340352,0.167424,0.715521,0.162647,0.518056,0.000000,0.066667,0.519390,0.480033,0.621122,0.101121,0.101732,0.004777,0.197465,0.002388,0.098733
1.200000,-29.600000,71,1.690000,0.266500,2.150000,0.403300,0.100358,0.344000,0.286050,0.243469,0.166328,71,2.280000,1.178697,0.403336,0.266493,0.503586,0.303086,0.231877,0.301109,0.000000,0.000000,0.166328,0.327033,0.302333,0.136843,0.136005,0.271709,0.001978,0.135855,0.000989
1.200000,-29.400000,71,1.690000,0.265100,2.150000,0.402000,0.100358,0.344000,0.281938,0.242099,0.163969,71,2.280000,1.172248,0.401960,0.265145,0.504153,0.299766,0.232912,0.297379,0.000000,0.000000,0.163969,0.326303,0.300812,0.136814,0.136843,0.271241,0.002388,0.135620,0.001194
1.200000,-29.200000,68,1.720000,0.268700,2.060000,0.402200,0.089606,0.368000,0.292511,0.250039,0.177635,68,2.280000,1.166572,0.402214,0.268658,0.506626,0.297803,0.237889,0.299426,0.000000,0.000000,0.177635,0.330854,0.310294,0.133557,0.132659,0.268736,-0.001623,0.134368,-0.000811
1.400000,-49.800000,66,2.180000,0.322300,2.000000,0.475200,0.082437,0.736000,0.449927,0.422788,0.474974,66,1.360000,2.372060,0.475226,0.322259,0.134421,0.816031,0.156083,0.488435,0.000000,0.045455,0.474974,0.489844,0.641564,0.152967,0.166590,-0.021662,0.327595,-0.010831,0.163798
1.400000,-49.600000,70,2.160000,0.337200,2.120000,0.487100,0.096774,0.720000,0.493686,0.436820,0.499126,70,1.560000,2.229506,0.487067,0.337180,0.213082,0.761052,0.172059,0.502301,0.000000,0.057143,0.499126,0.495568,0.653491,0.149887,0.154365,0.041023,0.258751,0.020512,0.129375
1.600000,-49.800000,56,2.410000,0.392500,1.700000,0.600900,0.046595,0.920000,0.656094,0.540896,0.678264,56,1.560000,2.822708,0.600921,0.392467,0.219846,0.981997,0.188419,0.596515,0.642857,0.178571,0.678264,0.605877,0.883331,0.208454,0.205067,0.031427,0.385482,0.015713,0.192741
1.600000,-49.600000,57,2.420000,0.382300,1.730000,0.586600,0.050179,0.928000,0.626138,0.534772,0.667723,57,1.680000,2.563276,0.586646,0.382286,0.265086,0.908206,0.191692,0.572880,0.000000,0.122807,0.667723,0.602169,0.875605,0.204360,0.207882,0.073393,0.335326,0.036697,0.167663
1.800000,-50.000000,62,2.340000,0.435100,1.880000,0.606100,0.068100,0.864000,0.781204,0.571101,0.730254,62,1.570000,4.469534,0.606079,0.435127,0.212159,1.000000,0.169118,0.701137,1.000000,0.435484,0.730254,0.597114,0.865072,0.170952,0.134818,0.043041,0.298863,0.021521,0.149432
1.800000,-49.800000,66,2.360000,0.406400,2.000000,0.656600,0.082437,0.880000,0.696916,0.553118,0.699300,66,1.800000,3.335715,0.656593,0.406431,0.313187,1.000000,0.202986,0.609876,1.000000,0.287879,0.699300,0.634010,0.941948,0.250162,0.242648,0.110201,0.390124,0.055101,0.195062
1.800000,-49.600000,63,2.330000,0.369300,1.910000,0.645500,0.071685,0.856000,0.587959,0.505214,0.616848,63,1.810000,2.800962,0.645470,0.369323,0.317867,0.973074,0.204599,0.534047,0.492063,0.142857,0.616848,0.616528,0.905523,0.276148,0.288675,0.113269,0.439026,0.056634,0.219513
2.000000,-50.200000,60,2.300000,0.456200,1.820000,0.638100,0.060932,0.832000,0.843172,0.578701,0.743335,60,1.710000,4.840381,0.638095,0.456235,0.276190,1.000000,0.194730,0.717739,1.000000,0.466667,0.743335,0.601034,0.873238,0.181860,0.129904,0.081460,0.282261,0.040730,0.141130
2.000000,-50.000000,61,2.380000,0.444300,1.850000,0.669200,0.064516,0.896000,0.808223,0.589580,0.762059,61,1.860000,4.163719,0.669219,0.444333,0.338438,1.000000,0.209137,0.679529,1.000000,0.426230,0.762059,0.640064,0.954562,0.224886,0.192504,0.129301,0.320471,0.064650,0.160236
2.000000,-49.800000,62,2.420000,0.409900,1.880000,0.684800,0.068100,0.928000,0.707195,0.567765,0.724511,62,1.930000,3.451926,0.684804,0.409911,0.369609,1.000000,0.220351,0.599470,1.000000,0.225806,0.724511,0.660190,0.996495,0.274894,0.271984,0.149258,0.400530,0.074629,0.200265
2.000000,-49.600000,64,2.340000,0.360900,1.940000,0.671300,0.075269,0.864000,0.563289,0.500853,0.609340,64,1.910000,2.871640,0.671310,0.360945,0.355483,0.987137,0.206342,0.515549,0.562500,0.156250,0.609340,0.634091,0.942116,0.310365,0.332776,0.149141,0.471589,0.074571,0.235794
2.200000,-50.600000,64,2.410000,0.421900,1.940000,0.500000,0.075269,0.920000,0.742438,0.579235,0.744254,64,0.910000,5.114398,0.500029,0.421901,0.000057,1.000000,0.091797,0.752005,1.000000,0.468750,0.744254,0.561939,0.791781,0.078128,0.047527,-0.091740,0.247995,-0.045870,0.123997
2.200000,-50.400000,61,2.380000,0.429800,1.850000,0.573800,0.064516,0.896000,0.765639,0.575385,0.737626,61,1.420000,4.727160,0.573770,0.429771,0.147541,1.000000,0.149831,0.709711,1.000000,0.409836,0.737626,0.589455,0.849113,0.143999,0.111486,-0.002290,0.290289,-0.001145,0.145144
2.200000,-50.200000,61,2.250000,0.443700,1.850000,0.673300,0.064516,0.792000,0.806461,0.554326,0.701379,61,1.890000,4.292613,0.673272,0.443667,0.346544,1.000000,0.203110,0.684224,1.000000,0.393443,0.701379,0.607547,0.886809,0.229605,0.185430,0.143434,0.315776,0.071717,0.157888
2.200000,-50.000000,58,2.430000,0.435700,1.760000,0.692000,0.053763,0.936000,0.782966,0.590910,0.764348,58,1.980000,3.779945,0.691960,0.435703,0.383921,1.000000,0.212094,0.659312,1.000000,0.379310,0.764348,0.661872,1.000000,0.256257,0.235652,0.171826,0.340688,0.085913,0.170344
2.400000,-50.600000,65,2.280000,0.430500,1.970000,0.627500,0.078853,0.816000,0.767695,0.554183,0.701133,65,1.690000,4.826052,0.627501,0.430538,0.255001,1.000000,0.166629,0.694448,1.000000,0.415385,0.701133,0.596056,0.862868,0.196962,0.161735,0.088372,0.305552,0.044186,0.152776
2.400000,-50.400000,61,2.260000,0.446400,1.850000,0.672400,0.064516,0.800000,0.814391,0.559636,0.710518,61,1.890000,4.463787,0.672431,0.446439,0.344863,1.000000,0.199855,0.693023,1.000000,0.377049,0.710518,0.609768,0.891437,0.225992,0.180918,0.145007,0.306977,0.072504,0.153489
2.400000,-50.200000,64,2.200000,0.438400,1.940000,0.694600,0.075269,0.752000,0.790896,0.539388,0.675668,64,1.980000,3.950745,0.694568,0.438434,0.389137,1.000000,0.222656,0.654212,1.000000,0.343750,0.675668,0.609090,0.890024,0.256134,0.214356,0.166481,0.345788,0.083240,0.172894
2.600000,-50.800000,65,2.170000,0.394500,1.970000,0.525800,0.078853,0.728000,0.661968,0.489607,0.589984,65,1.220000,4.341881,0.525810,0.394513,0.051620,1.000000,0.103620,0.685406,1.000000,0.384615,0.589984,0.512804,0.689403,0.131297,0.099420,-0.052000,0.314594,-0.026000,0.157297
2.600000,-50.600000,65,2.260000,0.419400,1.970000,0.638900,0.078853,0.800000,0.735095,0.537983,0.673249,65,1.750000,4.294597,0.638941,0.419400,0.277881,1.000000,0.168665,0.670136,1.000000,0.369231,0.673249,0.596789,0.864394,0.219540,0.191145,0.109216,0.329864,0.054608,0.164932
2.600000,-50.400000,62,2.310000,0.416700,1.880000,0.681600,0.068100,0.840000,0.727166,0.545089,0.685480,62,1.940000,3.974536,0.681614,0.416744,0.363228,1.000000,0.199953,0.633536,1.000000,0.290323,0.685480,0.629165,0.931852,0.264870,0.246372,0.163276,0.366464,0.081638,0.183232
2.800000,-50.800000,62,2.390000,0.403900,1.880000,0.590700,0.068100,0.904000,0.689574,0.553892,0.700632,62,1.520000,3.799896,0.590718,0.403895,0.181437,1.000000,0.143975,0.663815,1.000000,0.338710,0.700632,0.602302,0.875882,0.186823,0.175251,0.037462,0.336185,0.018731,0.168093
2.800000,-50.600000,60,2.300000,0.413000,1.820000,0.666000,0.060932,0.832000,0.716300,0.536410,0.670543,60,1.880000,3.718250,0.665965,0.413030,0.331929,1.000000,0.181250,0.644810,1.000000,0.316667,0.670543,0.615811,0.904028,0.252935,0.233485,0.150679,0.355190,0.075340,0.177595
3.000000,-50.800000,60,2.300000,0.403500,1.820000,0.650600,0.060932,0.832000,0.688399,0.527110,0.654536,60,1.800000,3.254374,0.650580,0.403528,0.301160,1.000000,0.178676,0.628379,1.000000,0.250000,0.654536,0.607653,0.887031,0.247052,0.232496,0.122483,0.371621,0.061242,0.185811
3.000000,-50.600000,59,2.360000,0.395700,1.790000,0.687500,0.057348,0.880000,0.665492,0.534280,0.666876,59,1.980000,3.089202,0.687465,0.395716,0.374930,1.000000,0.193918,0.597514,1.000000,0.186441,0.666876,0.642016,0.958629,0.291749,0.291754,0.181012,0.402486,0.090506,0.201243
3.200000,-50.800000,62,2.290000,0.397300,1.880000,0.672800,0.068100,0.824000,0.670191,0.520764,0.643612,62,1.950000,2.739565,0.672758,0.397336,0.381425,0.964091,0.229127,0.565544,0.403226,0.112903,0.643612,0.619135,0.910955,0.275422,0.267344,0.152298,0.398546,0.076149,0.199273
3.200000,-50.600000,65,2.260000,0.382100,1.970000,0.660800,0.078853,0.800000,0.625551,0.501468,0.610399,65,2.070000,2.541008,0.660827,0.382126,0.428966,0.892689,0.236425,0.527826,0.015385,0.107692,0.610399,0.608394,0.888574,0.278701,0.278175,0.192541,0.364862,0.096270,0.182431
3.400000,-50.800000,59,2.510000,0.375500,1.790000,0.597700,0.057348,1.000000,0.606167,0.554505,0.701688,59,2.000000,2.299516,0.597705,0.375455,0.404358,0.791052,0.238784,0.512126,0.000000,0.033898,0.701688,0.634423,0.942808,0.222250,0.241120,0.165575,0.278926,0.082787,0.139463
3.600000,-51.000000,66,2.240000,0.359500,2.000000,0.468500,0.082437,0.784000,0.559178,0.475205,0.565195,66,1.560000,2.118012,0.468484,0.359542,0.214674,0.722293,0.181261,0.537823,0.000000,0.060606,0.565195,0.502269,0.667453,0.108942,0.102258,0.033413,0.184470,0.016707,0.092235
3.600000,-50.800000,63,2.210000,0.365800,1.910000,0.533000,0.071685,0.760000,0.577680,0.469788,0.555871,63,1.990000,2.005435,0.533008,0.365790,0.395023,0.670993,0.226774,0.504806,0.000000,0.031746,0.555871,0.524897,0.714602,0.167218,0.158730,0.168249,0.166187,0.084124,0.083093
3.800000,-51.000000,66,2.170000,0.303900,2.000000,0.358400,0.082437,0.728000,0.395888,0.402109,0.439380,66,1.290000,1.907991,0.358447,0.303895,0.089744,0.627150,0.129568,0.478222,0.000000,0.030303,0.439380,0.425258,0.506993,0.054552,0.067613,-0.039824,0.148928,-0.019912,0.074464
3.800000,-50.800000,68,2.030000,0.313600,2.060000,0.461500,0.089606,0.616000,0.424376,0.376661,0.395579,68,1.900000,1.803380,0.461471,0.313553,0.346100,0.576843,0.195502,0.431604,0.000000,0.000000,0.395579,0.444940,0.548004,0.147918,0.152425,0.150598,0.145239,0.075299,0.072619
4.000000,-51.000000,70,2.100000,0.300100,2.120000,0.363500,0.096774,0.672000,0.384728,0.384501,0.409074,70,1.460000,1.754551,0.363511,0.300070,0.168969,0.558054,0.163340,0.436799,0.000000,0.000000,0.409074,0.414055,0.483652,0.063442,0.074578,0.005629,0.121255,0.002814,0.060627
4.000000,-50.800000,65,2.000000,0.296200,1.970000,0.444400,0.078853,0.592000,0.373275,0.348043,0.346321,65,2.010000,1.625797,0.444440,0.296179,0.390871,0.498009,0.203959,0.388399,0.000000,0.000000,0.346321,0.424325,0.505051,0.148260,0.158730,0.186911,0.109609,0.093456,0.054805
4.200000,-51.200000,75,1.790000,0.298800,2.270000,0.293000,0.114695,0.424000,0.380910,0.306535,0.274878,75,1.000000,1.772560,0.292973,0.298778,0.012894,0.573052,0.115000,0.482555,0.000000,0.000000,0.274878,0.299961,0.245926,-0.005805,-0.028952,-0.102106,0.090497,-0.051053,0.045248
4.200000,-51.000000,70,1.900000,0.279100,2.120000,0.307100,0.096774,0.512000,0.323054,0.310610,0.281891,70,1.390000,1.563690,0.307115,0.279131,0.138357,0.475872,0.152941,0.405321,0.000000,0.000000,0.281891,0.330819,0.310221,0.027984,0.028330,-0.014584,0.070551,-0.007292,0.035276
4.200000,-50.800000,60,1.980000,0.290500,1.820000,0.420200,0.060932,0.576000,0.356535,0.331155,0.317255,60,2.010000,1.484009,0.420170,0.290469,0.406899,0.433442,0.236152,0.344786,0.000000,0.000000,0.317255,0.400150,0.454679,0.129701,0.137424,0.170747,0.088656,0.085373,0.044328
4.400000,-51.600000,73,1.850000,0.235300,2.210000,0.199900,0.107527,0.472000,0.194420,0.257982,0.191308,73,1.000000,1.352993,0.199903,0.235256,0.020071,0.379735,0.131144,0.339368,0.000000,0.000000,0.191308,0.264223,0.171462,-0.035353,-0.019845,-0.111073,0.040367,-0.055536,0.020183
4.400000,-51.400000,69,2.000000,0.265500,2.090000,0.298300,0.093190,0.592000,0.283113,0.322768,0.302817,69,1.330000,1.566257,0.298284,0.265473,0.128311,0.468258,0.176897,0.354050,0.000000,0.000000,0.302817,0.351609,0.353539,0.032811,0.050721,-0.048586,0.114208,-0.024293,0.057104
4.400000,-51.200000,72,1.860000,0.256100,2.180000,0.285700,0.103943,0.480000,0.255507,0.279816,0.228889,72,1.350000,1.502690,0.285740,0.256090,0.130393,0.441088,0.166565,0.345616,0.000000,0.000000,0.228889,0.311208,0.269361,0.029650,0.040472,-0.036172,0.095472,-0.018086,0.047736
4.400000,-51.000000,68,1.750000,0.266800,2.060000,0.280700,0.089606,0.392000,0.286931,0.256179,0.188204,68,1.380000,1.418333,0.280728,0.266780,0.155624,0.405832,0.195394,0.338167,0.000000,0.000000,0.188204,0.274438,0.192747,0.013947,0.004543,-0.039770,0.067665,-0.019885,0.033832
4.600000,-51.600000,62,2.130000,0.295500,1.880000,0.401900,0.068100,0.696000,0.371219,0.378440,0.398641,62,1.920000,1.469634,0.401883,0.295497,0.374749,0.429017,0.238022,0.352972,0.000000,0.000000,0.398641,0.432843,0.522798,0.106386,0.124157,0.136727,0.076045,0.068364,0.038023
4.600000,-51.400000,65,2.080000,0.274800,1.970000,0.401100,0.078853,0.656000,0.310426,0.348426,0.346981,65,1.990000,1.418730,0.401065,0.274779,0.400564,0.401566,0.238009,0.311549,0.000000,0.000000,0.346981,0.422660,0.501581,0.126285,0.154599,0.162554,0.090016,0.081277,0.045008
4.600000,-51.200000,63,1.840000,0.266500,1.910000,0.344400,0.071685,0.464000,0.286050,0.273912,0.218725,63,1.760000,1.353872,0.344378,0.266498,0.316007,0.372749,0.237512,0.295484,0.000000,0.000000,0.218725,0.326214,0.300626,0.077880,0.081900,0.078495,0.077265,0.039248,0.038632
4.600000,-51.000000,58,1.810000,0.284500,1.760000,0.417100,0.053763,0.440000,0.338913,0.277559,0.225003,58,2.130000,1.339174,0.417098,0.284536,0.465959,0.368237,0.264706,0.304365,0.000000,0.017241,0.225003,0.350798,0.351850,0.132563,0.126847,0.201253,0.063872,0.100627,0.031936
4.800000,-52.000000,69,2.140000,0.288400,2.090000,0.382600,0.093190,0.704000,0.350367,0.382519,0.405662,69,1.860000,1.451771,0.382653,0.288400,0.342199,0.423107,0.216539,0.360261,0.000000,0.000000,0.405662,0.433677,0.524535,0.094253,0.118872,0.125660,0.062846,0.062830,0.031423
4.800000,-51.800000,64,2.110000,0.295500,1.940000,0.428500,0.075269,0.680000,0.371219,0.375496,0.393574,64,2.140000,1.400596,0.428542,0.295486,0.456158,0.400926,0.240119,0.350852,0.000000,0.000000,0.393574,0.444035,0.546117,0.133057,0.152543,0.216039,0.050074,0.108019,0.025037
4.800000,-51.600000,63,2.000000,0.283500,1.910000,0.432600,0.071685,0.592000,0.335977,0.333220,0.320809,63,2.210000,1.354416,0.432611,0.283493,0.489389,0.375833,0.255019,0.311968,0.000000,0.000000,0.320809,0.415664,0.487004,0.149118,0.166195,0.234370,0.063866,0.117185,0.031933
4.800000,-51.400000,62,1.940000,0.279700,1.880000,0.445600,0.068100,0.544000,0.324816,0.312306,0.284810,62,2.300000,1.322330,0.445647,0.279726,0.533381,0.357913,0.276803,0.282648,0.000000,0.000000,0.284810,0.405381,0.465579,0.165921,0.180769,0.256578,0.075265,0.128289,0.037632
5.000000,-52.200000,71,2.110000,0.274300,2.150000,0.300700,0.100358,0.680000,0.308957,0.363105,0.372247,71,1.530000,1.379879,0.300706,0.274317,0.207450,0.393963,0.189002,0.359633,0.000000,0.000000,0.372247,0.384616,0.422312,0.026389,0.050064,0.018448,0.034330,0.009224,0.017165
5.000000,-52.000000,66,2.180000,0.269300,2.000000,0.369700,0.082437,0.736000,0.294273,0.370903,0.385670,66,1.920000,1.346807,0.369710,0.269273,0.365579,0.373841,0.219251,0.319295,0.000000,0.000000,0.385670,0.433896,0.524992,0.100437,0.139323,0.146328,0.054546,0.073164,0.027273
5.000000,-51.800000,62,1.980000,0.277900,1.880000,0.431600,0.068100,0.576000,0.319530,0.321210,0.300137,62,2.250000,1.318956,0.431574,0.277935,0.503368,0.359780,0.253558,0.302313,0.000000,0.000000,0.300137,0.408586,0.472256,0.153639,0.172120,0.249810,0.057467,0.124905,0.028734
5.000000,-51.600000,62,1.890000,0.273200,1.880000,0.446400,0.068100,0.504000,0.305727,0.292609,0.250908,62,2.340000,1.296908,0.446389,0.273201,0.547146,0.345632,0.275261,0.271141,0.000000,0.000000,0.250908,0.392442,0.438618,0.173188,0.187710,0.271885,0.074491,0.135943,0.037246
5.200000,-52.600000,73,2.120000,0.264400,2.210000,0.282700,0.107527,0.688000,0.279883,0.358470,0.364268,73,1.470000,1.362447,0.282655,0.264429,0.179738,0.385571,0.177579,0.351280,0.000000,0.000000,0.364268,0.380100,0.412903,0.018226,0.048635,0.002160,0.034292,0.001080,0.017146
5.200000,-52.400000,66,2.240000,0.281400,2.000000,0.351600,0.082437,0.784000,0.329809,0.398749,0.433597,66,1.820000,1.336597,0.351649,0.281403,0.329948,0.373351,0.221925,0.340880,0.000000,0.000000,0.433597,0.440320,0.538377,0.070247,0.104780,0.108023,0.032471,0.054011,0.016235
5.200000,-52.200000,61,2.130000,0.279400,1.850000,0.364900,0.064516,0.696000,0.323935,0.361484,0.369456,61,1.920000,1.307336,0.364916,0.279446,0.370023,0.359809,0.228664,0.330228,0.000000,0.000000,0.369456,0.412047,0.479468,0.085470,0.110012,0.141359,0.029581,0.070680,0.014791
5.200000,-52.000000,61,2.080000,0.280700,1.850000,0.420100,0.064516,0.656000,0.327753,0.349423,0.348697,61,2.210000,1.287008,0.420074,0.280746,0.493905,0.346244,0.263621,0.297871,0.000000,0.000000,0.348697,0.427961,0.512625,0.139329,0.163928,0.230284,0.048373,0.115142,0.024187
5.400000,-52.600000,68,2.120000,0.282600,2.060000,0.348200,0.089606,0.688000,0.333333,0.370313,0.384653,68,1.840000,1.302051,0.348182,0.282616,0.335973,0.360391,0.218642,0.346589,0.000000,0.000000,0.384653,0.408871,0.472850,0.065566,0.088197,0.117331,0.013802,0.058665,0.006901
5.400000,-52.400000,64,2.050000,0.281100,1.940000,0.363300,0.075269,0.632000,0.328928,0.345399,0.341771,64,1.940000,1.272971,0.363346,0.281077,0.381639,0.345052,0.237247,0.324907,0.000000,0.000000,0.341771,0.393466,0.440751,0.082269,0.098981,0.144392,0.020146,0.072196,0.010073
5.600000,-53.400000,73,2.100000,0.254400,2.210000,0.284600,0.107527,0.672000,0.250514,0.343347,0.338239,73,1.490000,1.359585,0.284620,0.254437,0.188720,0.380521,0.180802,0.328071,0.000000,0.000000,0.338239,0.375809,0.403963,0.030184,0.065724,0.007918,0.052449,0.003959,0.026225
5.600000,-53.200000,68,2.120000,0.278900,2.060000,0.372700,0.089606,0.688000,0.322467,0.366691,0.378419,68,1.920000,1.344861,0.372742,0.278883,0.370987,0.374497,0.230320,0.327447,0.000000,0.000000,0.378419,0.421893,0.499983,0.093858,0.121564,0.140667,0.047050,0.070333,0.023525
5.600000,-53.000000,66,2.110000,0.293500,2.000000,0.382700,0.082437,0.680000,0.365345,0.375927,0.394317,66,1.980000,1.309902,0.382741,0.293473,0.403929,0.361552,0.252451,0.334495,0.000000,0.000000,0.394317,0.422139,0.500495,0.089268,0.106178,0.151478,0.027057,0.075739,0.013529
5.600000,-52.800000,68,2.030000,0.283800,2.060000,0.371500,0.089606,0.616000,0.336858,0.347488,0.345366,68,2.000000,1.263380,0.371460,0.283801,0.399375,0.343545,0.228806,0.338796,0.000000,0.000000,0.345366,0.397214,0.448561,0.087659,0.103195,0.170569,0.004749,0.085284,0.002375
5.600000,-52.600000,65,2.080000,0.272200,1.970000,0.356200,0.078853,0.656000,0.302790,0.345881,0.342600,65,1.940000,1.249598,0.356219,0.272243,0.378698,0.333740,0.230769,0.313716,0.000000,0.000000,0.342600,0.398882,0.452036,0.083977,0.109436,0.147929,0.020024,0.073964,0.010012
5.800000,-53.600000,67,1.970000,0.261700,2.030000,0.321300,0.086022,0.568000,0.271953,0.308658,0.278532,67,1.700000,1.327150,0.321283,0.261650,0.276256,0.366309,0.201712,0.321589,0.000000,0.000000,0.278532,0.353413,0.357299,0.059632,0.078767,0.074544,0.044720,0.037272,0.022360
5.800000,-53.400000,69,1.930000,0.257700,2.090000,0.282000,0.093190,0.536000,0.260206,0.296465,0.257545,69,1.540000,1.302512,0.281987,0.257679,0.204650,0.359323,0.176151,0.339207,0.000000,0.000000,0.257545,0.324300,0.296639,0.024307,0.039094,0.028500,0.020115,0.014250,0.010058
5.800000,-53.200000,64,2.080000,0.289800,1.940000,0.402200,0.075269,0.656000,0.354479,0.361916,0.370200,64,2.120000,1.272963,0.402184,0.289849,0.460966,0.343401,0.263672,0.316026,0.000000,0.000000,0.370200,0.422059,0.500328,0.112335,0.130128,0.197294,0.027375,0.098647,0.013688
5.800000,-53.000000,66,2.080000,0.285000,2.000000,0.397700,0.082437,0.656000,0.340382,0.359606,0.366225,66,2.140000,1.245488,0.397750,0.284988,0.462870,0.332630,0.253119,0.316857,0.000000,0.000000,0.366225,0.422097,0.500409,0.112762,0.134184,0.209751,0.015774,0.104876,0.007887
5.800000,-52.800000,68,1.940000,0.273900,2.060000,0.385400,0.089606,0.544000,0.307783,0.313796,0.287375,68,2.120000,1.218723,0.385438,0.273893,0.451465,0.319412,0.245026,0.302761,0.000000,0.000000,0.287375,0.380625,0.413998,0.111545,0.126622,0.206439,0.016651,0.103220,0.008325
6.000000,-54.200000,58,2.090000,0.268500,1.760000,0.356600,0.053763,0.664000,0.291924,0.336562,0.326561,58,1.940000,1.278194,0.356604,0.268543,0.364469,0.348740,0.202840,0.334246,0.000000,0.000000,0.326561,0.393389,0.440593,0.088062,0.114032,0.161629,0.014494,0.080815,0.007247
6.000000,-54.000000,59,2.120000,0.270900,1.790000,0.384300,0.057348,0.688000,0.298972,0.348107,0.346431,59,2.070000,1.283190,0.384291,0.270924,0.419755,0.348827,0.218220,0.323629,0.000000,0.000000,0.346431,0.417264,0.490338,0.113367,0.143907,0.201535,0.025198,0.100768,0.012599
6.000000,-53.800000,63,2.030000,0.272000,1.910000,0.401400,0.071685,0.616000,0.302203,0.329962,0.315201,63,2.160000,1.272540,0.401435,0.272009,0.460608,0.342261,0.234127,0.309892,0.000000,0.000000,0.315201,0.407133,0.469230,0.129425,0.154028,0.226481,0.032369,0.113241,0.016185
6.000000,-53.600000,62,1.980000,0.277500,1.880000,0.409200,0.068100,0.576000,0.318355,0.320819,0.299463,62,2.200000,1.260274,0.409221,0.277535,0.481094,0.337348,0.245256,0.309815,0.000000,0.000000,0.299463,0.396734,0.447561,0.131686,0.148099,0.235838,0.027533,0.117919,0.013767
6.000000,-53.400000,60,1.970000,0.283300,1.820000,0.412500,0.060932,0.568000,0.335389,0.321440,0.300533,60,2.220000,1.238143,0.412480,0.283263,0.497924,0.327036,0.264583,0.301943,0.000000,0.000000,0.300533,0.393406,0.440627,0.129217,0.140094,0.233341,0.025093,0.116670,0.012546
6.000000,-53.200000,62,1.970000,0.280200,1.880000,0.407300,0.068100,0.568000,0.326285,0.320795,0.299422,62,2.220000,1.217483,0.407294,0.280209,0.496278,0.318310,0.261148,0.299270,0.000000,0.000000,0.299422,0.393045,0.439876,0.127085,0.140454,0.235130,0.019040,0.117565,0.009520
