grid_lat,grid_lon,hs_q90_m,zos_q90_m,fes_tide_daily_max_q90_m,VHM0_valid_fraction,zos_valid_fraction,tide_daily_max_valid_fraction,zos_to_fes_q90_ratio,wave_setup_proxy_q90_m,zos_plus_wave_setup_to_fes_q90_ratio,ssh_total_q90_m,hs_q90_ge_0p5_m,conditional_uses_ssh_total,conditional_ssh_q90_m
-35.0000000,-54.8000000,2.1400001,0.3984953,0.2478134,1.0000000,1.0000000,1.0000000,1.6080458,0.4280000,3.3351519,0.5752920,2.1400001,1,0.5752920
-35.0000000,-54.6000000,2.3399999,0.3597412,0.2859284,1.0000000,1.0000000,1.0000000,1.2581513,0.4680000,2.8949247,0.5685020,2.3399999,1,0.5685020
-35.0000000,-54.4000000,2.4979980,0.3211512,0.3156154,1.0000000,1.0000000,1.0000000,1.0175397,0.4995996,2.6004777,0.5619850,2.4979980,1,0.5619850
-35.0000000,-54.2000000,2.5999999,0.2931372,0.3389637,1.0000000,1.0000000,1.0000000,0.8648041,0.5200000,2.3988916,0.5559060,2.5999999,1,0.5559060
-35.0000000,-54.0000000,2.6700001,0.2719199,0.3567761,1.0000000,1.0000000,1.0000000,0.7621584,0.5340000,2.2588955,0.5539870,2.6700001,1,0.5539870
-34.8000000,-54.4000000,2.1900001,0.4010806,0.3109937,1.0000000,1.0000000,1.0000000,1.2896744,0.4380000,2.6980631,0.6257700,2.1900001,1,0.6257700
-34.8000000,-54.2000000,2.4300001,0.3632896,0.3358013,1.0000000,1.0000000,1.0000000,1.0818588,0.4860000,2.5291433,0.6133230,2.4300001,1,0.6133230
-34.8000000,-54.0000000,2.5799999,0.3240333,0.3585924,1.0000000,1.0000000,1.0000000,0.9036257,0.5160000,2.3425853,0.5972470,2.5799999,1,0.5972470
-34.8000000,-53.8000000,2.7000000,0.2850910,0.3747140,1.0000000,1.0000000,1.0000000,0.7608229,0.5400000,2.2019220,0.5782660,2.7000000,1,0.5782660
-34.8000000,-53.6000000,2.8499999,0.2525797,0.3806964,1.0000000,1.0000000,1.0000000,0.6634675,0.5700000,2.1607236,0.5559190,2.8499999,1,0.5559190
-34.6000000,-54.0000000,2.3000000,0.3866088,0.3662999,1.0000000,1.0000000,1.0000000,1.0554434,0.4600000,2.3112450,0.6597080,2.3000000,1,0.6597080
-34.6000000,-53.8000000,2.4700000,0.3496964,0.3841886,1.0000000,1.0000000,1.0000000,0.9102207,0.4940000,2.1960475,0.6406320,2.4700000,1,0.6406320
-34.6000000,-53.6000000,2.6900001,0.3085198,0.3941641,1.0000000,1.0000000,1.0000000,0.7827192,0.5380000,2.1476330,0.6126570,2.6900001,1,0.6126570
-34.6000000,-53.4000000,2.8499999,0.2685761,0.3926237,1.0000000,1.0000000,1.0000000,0.6840547,0.5700000,2.1358264,0.5781630,2.8499999,1,0.5781630
-34.4000000,-53.8000000,1.5900000,0.3992491,0.4044517,1.0000000,1.0000000,1.0000000,0.9871367,0.3180000,1.7733863,0.7027340,1.5900000,1,0.7027340
-34.4000000,-53.6000000,2.2500000,0.3630764,0.4200646,1.0000000,1.0000000,1.0000000,0.8643347,0.4500000,1.9355985,0.6844840,2.2500000,1,0.6844840
-34.4000000,-53.4000000,2.6300001,0.3204650,0.4200276,1.0000000,1.0000000,1.0000000,0.7629618,0.5260000,2.0152605,0.6472970,2.6300001,1,0.6472970
-34.2000000,-53.6000000,1.9500000,0.3937516,0.4530544,1.0000000,1.0000000,1.0000000,0.8691045,0.3900000,1.7299282,0.7371330,1.9500000,1,0.7371330
-34.2000000,-53.4000000,2.4400001,0.3556050,0.4532302,1.0000000,1.0000000,1.0000000,0.7846013,0.4880000,1.8613169,0.7041510,2.4400001,1,0.7041510
-34.2000000,-53.2000000,2.6900001,0.3143233,0.4369322,1.0000000,1.0000000,1.0000000,0.7193869,0.5380000,1.9506993,0.6554820,2.6900001,1,0.6554820
-34.0000000,-53.4000000,2.1500001,0.3857407,0.4888999,1.0000000,1.0000000,1.0000000,0.7889973,0.4300000,1.6685230,0.7601270,2.1500001,1,0.7601270
-34.0000000,-53.2000000,2.4500000,0.3511853,0.4739620,1.0000000,1.0000000,1.0000000,0.7409567,0.4900000,1.7747948,0.7162690,2.4500000,1,0.7162690
-34.0000000,-53.0000000,2.7200000,0.3103732,0.4482617,1.0000000,1.0000000,1.0000000,0.6923929,0.5440000,1.9059697,0.6612320,2.7200000,1,0.6612320
-33.8000000,-53.4000000,1.7000000,0.4120598,0.5214570,1.0000000,1.0000000,1.0000000,0.7902086,0.3400000,1.4422278,0.8088100,1.7000000,1,0.8088100
-33.8000000,-53.2000000,2.1199999,0.3831529,0.5079927,1.0000000,1.0000000,1.0000000,0.7542488,0.4240000,1.5889065,0.7720890,2.1199999,1,0.7720890
-33.8000000,-53.0000000,2.4900000,0.3509628,0.4831905,1.0000000,1.0000000,1.0000000,0.7263446,0.4980000,1.7569940,0.7231740,2.4900000,1,0.7231740
-33.8000000,-52.8000000,2.7400000,0.3178136,0.4565683,1.0000000,1.0000000,1.0000000,0.6960921,0.5480000,1.8963507,0.6702620,2.7400000,1,0.6702620
-33.6000000,-53.0000000,1.6300000,0.3887205,0.5118396,1.0000000,1.0000000,1.0000000,0.7594577,0.3260000,1.3963759,0.7790940,1.6300000,1,0.7790940
-33.6000000,-52.8000000,2.3199999,0.3597369,0.4861947,1.0000000,1.0000000,1.0000000,0.7399030,0.4640000,1.6942531,0.7301910,2.3199999,1,0.7301910
-33.6000000,-52.6000000,2.6800001,0.3224671,0.4518090,1.0000000,1.0000000,1.0000000,0.7137244,0.5360000,1.9000664,0.6717250,2.6800001,1,0.6717250
-33.4000000,-52.8000000,1.9100000,0.3973100,0.5066323,1.0000000,1.0000000,1.0000000,0.7842177,0.3820000,1.5382162,0.7781920,1.9100000,1,0.7781920
-33.4000000,-52.6000000,2.2700000,0.3586553,0.4764761,1.0000000,1.0000000,1.0000000,0.7527246,0.4540000,1.7055531,0.7198280,2.2700000,1,0.7198280
-33.4000000,-52.4000000,2.6099999,0.3125812,0.4351080,1.0000000,1.0000000,1.0000000,0.7183991,0.5220000,1.9181012,0.6464010,2.6099999,1,0.6464010
-33.2000000,-52.6000000,1.8700000,0.3932338,0.4916405,1.0000000,1.0000000,1.0000000,0.7998401,0.3740000,1.5605586,0.7599260,1.8700000,1,0.7599260
-33.2000000,-52.4000000,2.3000000,0.3478644,0.4539784,1.0000000,1.0000000,1.0000000,0.7662576,0.4600000,1.7795217,0.6931460,2.3000000,1,0.6931460
-33.2000000,-52.2000000,2.6800001,0.2984959,0.4116852,1.0000000,1.0000000,1.0000000,0.7250586,0.5360000,2.0270243,0.6109240,2.6800001,1,0.6109240
-33.0000000,-52.4000000,1.8600000,0.3706026,0.4658854,1.0000000,1.0000000,1.0000000,0.7954802,0.3720000,1.5939598,0.7194030,1.8600000,1,0.7194030
-33.0000000,-52.2000000,2.4700000,0.3259507,0.4299412,1.0000000,1.0000000,1.0000000,0.7581286,0.4940000,1.9071229,0.6502820,2.4700000,1,0.6502820
-32.8000000,-52.4000000,1.8400000,0.3902198,0.4726174,1.0000000,1.0000000,1.0000000,0.8256569,0.3680000,1.6042994,0.7390720,1.8400000,1,0.7390720
-32.8000000,-52.2000000,2.1600001,0.3506091,0.4418417,1.0000000,1.0000000,1.0000000,0.7935175,0.4320000,1.7712432,0.6794380,2.1600001,1,0.6794380
-32.8000000,-52.0000000,2.5999999,0.3107394,0.4048375,1.0000000,1.0000000,1.0000000,0.7675658,0.5200000,2.0520317,0.6128530,2.5999999,1,0.6128530
-32.6000000,-52.2000000,2.0400000,0.3637581,0.4456747,1.0000000,1.0000000,1.0000000,0.8161964,0.4080000,1.7316624,0.6918410,2.0400000,1,0.6918410
-32.6000000,-52.0000000,2.5100000,0.3276468,0.4123579,1.0000000,1.0000000,1.0000000,0.7945690,0.5020000,2.0119581,0.6317780,2.5100000,1,0.6317780
-32.4000000,-52.2000000,1.8800000,0.3854896,0.4423724,1.0000000,1.0000000,1.0000000,0.8714142,0.3760000,1.7213768,0.7063310,1.8800000,1,0.7063310
-32.4000000,-52.0000000,2.2200000,0.3476666,0.4112765,1.0000000,1.0000000,1.0000000,0.8453354,0.4440000,1.9249011,0.6496310,2.2200000,1,0.6496310
-32.4000000,-51.8000000,2.5699999,0.3141334,0.3785116,1.0000000,1.0000000,1.0000000,0.8299175,0.5140000,2.1878679,0.5897200,2.5699999,1,0.5897200
-32.2000000,-52.0000000,1.9900000,0.3832392,0.4020697,1.0000000,1.0000000,1.0000000,0.9531661,0.3980000,1.9430442,0.6702910,1.9900000,1,0.6702910
-32.2000000,-51.8000000,2.2100000,0.3466487,0.3719964,1.0000000,1.0000000,1.0000000,0.9318604,0.4420000,2.1200439,0.6130930,2.2100000,1,0.6130930
-32.2000000,-51.6000000,2.5200000,0.3112310,0.3385593,1.0000000,1.0000000,1.0000000,0.9192806,0.5040000,2.4079415,0.5519760,2.5200000,1,0.5519760
-32.0000000,-51.8000000,1.5200000,0.3838224,0.3568487,1.0000000,1.0000000,1.0000000,1.0755886,0.3040000,1.9274903,0.6342630,1.5200000,1,0.6342630
-32.0000000,-51.6000000,2.0000000,0.3461305,0.3289799,1.0000000,1.0000000,1.0000000,1.0521327,0.4000000,2.2680124,0.5768890,2.0000000,1,0.5768890
-32.0000000,-51.4000000,2.5599999,0.3030838,0.3045790,1.0000000,1.0000000,1.0000000,0.9950909,0.5120000,2.6760997,0.5166910,2.5599999,1,0.5166910
-32.0000000,-51.2000000,2.8800001,0.2543207,0.2888303,1.0000000,1.0000000,1.0000000,0.8805195,0.5760000,2.8747701,0.4608720,2.8800001,1,0.4608720
-31.8000000,-51.4000000,2.0200000,0.3520655,0.2925464,1.0000000,1.0000000,1.0000000,1.2034518,0.4040000,2.5844293,0.5536260,2.0200000,1,0.5536260
-31.8000000,-51.2000000,2.6300001,0.2981268,0.2797452,1.0000000,1.0000000,1.0000000,1.0657084,0.5260000,2.9459909,0.4909650,2.6300001,1,0.4909650
-31.8000000,-51.0000000,2.9200001,0.2404616,0.2722450,1.0000000,1.0000000,1.0000000,0.8832544,0.5840000,3.0283811,0.4390480,2.9200001,1,0.4390480
-31.6000000,-51.2000000,2.0300000,0.3457275,0.2685224,1.0000000,1.0000000,1.0000000,1.2875183,0.4060000,2.7994964,0.5304730,2.0300000,1,0.5304730
-31.6000000,-51.0000000,2.6300001,0.2837733,0.2651956,1.0000000,1.0000000,1.0000000,1.0700528,0.5260000,3.0534946,0.4716280,2.6300001,1,0.4716280
-31.6000000,-50.8000000,2.9700000,0.2272007,0.2642710,1.0000000,1.0000000,1.0000000,0.8597262,0.5940000,3.1074189,0.4248930,2.9700000,1,0.4248930
-31.4000000,-50.8000000,2.7300000,0.2725760,0.2614565,1.0000000,1.0000000,1.0000000,1.0425291,0.5460000,3.1308306,0.4606760,2.7300000,1,0.4606760
-31.4000000,-50.6000000,3.0000000,0.2240501,0.2637039,1.0000000,1.0000000,1.0000000,0.8496276,0.6000000,3.1249068,0.4228480,3.0000000,1,0.4228480
-31.2000000,-50.8000000,2.4100001,0.3208749,0.2593830,1.0000000,1.0000000,1.0000000,1.2370699,0.4820000,3.0953259,0.5050360,2.4100001,1,0.5050360
-31.2000000,-50.6000000,2.6099999,0.2597845,0.2627833,1.0000000,1.0000000,1.0000000,0.9885883,0.5220000,2.9750158,0.4530470,2.6099999,1,0.4530470
-31.2000000,-50.4000000,2.9300001,0.2204427,0.2649042,1.0000000,1.0000000,1.0000000,0.8321601,0.5860000,3.0442806,0.4233460,2.9300001,1,0.4233460
-31.0000000,-50.6000000,2.4000001,0.3004748,0.2635763,1.0000000,1.0000000,1.0000000,1.1399917,0.4800000,2.9610964,0.4889780,2.4000001,1,0.4889780
-31.0000000,-50.4000000,2.7300000,0.2510921,0.2659115,1.0000000,1.0000000,1.0000000,0.9442694,0.5460000,2.9975842,0.4484150,2.7300000,1,0.4484150
-31.0000000,-50.2000000,3.0279980,0.2186855,0.2671587,1.0000000,1.0000000,1.0000000,0.8185603,0.6055996,3.0853762,0.4240280,3.0279980,1,0.4240280
-30.8000000,-50.4000000,2.4800000,0.2908334,0.2671191,1.0000000,1.0000000,1.0000000,1.0887780,0.4960000,2.9456276,0.4845300,2.4800000,1,0.4845300
-30.8000000,-50.2000000,2.8499999,0.2477416,0.2685871,1.0000000,1.0000000,1.0000000,0.9223883,0.5700000,3.0446048,0.4477750,2.8499999,1,0.4477750
-30.6000000,-50.4000000,1.9400001,0.3221033,0.2681303,1.0000000,1.0000000,1.0000000,1.2012939,0.3880000,2.6483516,0.5144210,1.9400001,1,0.5144210
-30.6000000,-50.2000000,2.5300000,0.2825511,0.2713017,1.0000000,1.0000000,1.0000000,1.0414645,0.5060000,2.9065468,0.4825180,2.5300000,1,0.4825180
-30.6000000,-50.0000000,2.8900001,0.2448683,0.2712596,1.0000000,1.0000000,1.0000000,0.9027083,0.5780000,3.0335086,0.4487790,2.8900001,1,0.4487790
-30.4000000,-50.2000000,2.0999999,0.3049903,0.2762332,1.0000000,1.0000000,1.0000000,1.1041044,0.4200000,2.6245588,0.5078960,2.0999999,1,0.5078960
-30.4000000,-50.0000000,2.6199999,0.2669637,0.2756746,1.0000000,1.0000000,1.0000000,0.9684015,0.5240000,2.8691932,0.4757190,2.6199999,1,0.4757190
-30.4000000,-49.8000000,2.9700000,0.2357410,0.2744432,1.0000000,1.0000000,1.0000000,0.8589792,0.5940000,3.0233615,0.4466080,2.9700000,1,0.4466080
-30.2000000,-50.0000000,2.4000001,0.2812952,0.2810730,1.0000000,1.0000000,1.0000000,1.0007905,0.4800000,2.7085320,0.4949760,2.4000001,1,0.4949760
-30.2000000,-49.8000000,2.8000000,0.2506725,0.2793424,1.0000000,1.0000000,1.0000000,0.8973665,0.5600000,2.9020747,0.4648960,2.8000000,1,0.4648960
-30.0000000,-50.0000000,2.0999999,0.2963347,0.2875687,1.0000000,1.0000000,1.0000000,1.0304832,0.4200000,2.4910036,0.5178440,2.0999999,1,0.5178440
-30.0000000,-49.8000000,2.6400001,0.2619814,0.2845877,1.0000000,1.0000000,1.0000000,0.9205647,0.5280000,2.7758804,0.4847450,2.6400001,1,0.4847450
-29.8000000,-49.8000000,2.4300001,0.2794541,0.2916228,1.0000000,1.0000000,1.0000000,0.9582725,0.4860000,2.6248089,0.5073950,2.4300001,1,0.5073950
-29.8000000,-49.6000000,2.7400000,0.2500347,0.2875406,1.0000000,1.0000000,1.0000000,0.8695631,0.5480000,2.7753809,0.4755720,2.7400000,1,0.4755720
-29.6000000,-49.8000000,2.1400001,0.2997684,0.2989673,1.0000000,1.0000000,1.0000000,1.0026796,0.4280000,2.4342743,0.5320950,2.1400001,1,0.5320950
-29.6000000,-49.6000000,2.5799999,0.2671189,0.2945026,1.0000000,1.0000000,1.0000000,0.9070171,0.5160000,2.6591238,0.4975670,2.5799999,1,0.4975670
-29.6000000,-49.4000000,2.8299999,0.2403751,0.2903600,1.0000000,1.0000000,1.0000000,0.8278520,0.5660000,2.7771562,0.4687650,2.8299999,1,0.4687650
-29.4000000,-49.6000000,2.3479979,0.2907690,0.3027727,1.0000000,1.0000000,1.0000000,0.9603541,0.4695996,2.5113512,0.5269440,2.3479979,1,0.5269440
-29.4000000,-49.4000000,2.6600001,0.2576606,0.2968681,1.0000000,1.0000000,1.0000000,0.8679296,0.5320000,2.6599713,0.4904450,2.6600001,1,0.4904450
-29.4000000,-49.2000000,2.8599999,0.2316664,0.2918066,1.0000000,1.0000000,1.0000000,0.7939039,0.5720000,2.7541062,0.4634020,2.8599999,1,0.4634020
-29.2000000,-49.4000000,2.4700000,0.2796291,0.3031888,1.0000000,1.0000000,1.0000000,0.9222936,0.4940000,2.5516414,0.5180300,2.4700000,1,0.5180300
-29.2000000,-49.2000000,2.7000000,0.2477353,0.2975343,1.0000000,1.0000000,1.0000000,0.8326277,0.5400000,2.6475445,0.4839300,2.7000000,1,0.4839300
-29.2000000,-49.0000000,2.9000001,0.2245428,0.2924385,1.0000000,1.0000000,1.0000000,0.7678291,0.5800000,2.7511522,0.4597140,2.9000001,1,0.4597140
-29.0000000,-49.4000000,2.1199999,0.3103114,0.3055613,1.0000000,1.0000000,1.0000000,1.0155455,0.4240000,2.4031557,0.5499900,2.1199999,1,0.5499900
-29.0000000,-49.2000000,2.4800000,0.2711157,0.3013192,1.0000000,1.0000000,1.0000000,0.8997624,0.4960000,2.5458573,0.5089420,2.4800000,1,0.5089420
-29.0000000,-49.0000000,2.7200000,0.2398755,0.2970731,1.0000000,1.0000000,1.0000000,0.8074629,0.5440000,2.6386620,0.4772050,2.7200000,1,0.4772050
-29.0000000,-48.8000000,2.9200001,0.2186826,0.2929958,1.0000000,1.0000000,1.0000000,0.7463677,0.5840000,2.7395704,0.4582070,2.9200001,1,0.4582070
-29.0000000,-48.6000000,3.0599999,0.2039258,0.2906707,1.0000000,1.0000000,1.0000000,0.7015699,0.6120000,2.8070452,0.4474480,3.0599999,1,0.4474480
-28.8000000,-49.0000000,2.4679980,0.2720912,0.3008434,1.0000000,1.0000000,1.0000000,0.9044280,0.4935996,2.5451474,0.5101400,2.4679980,1,0.5101400
-28.8000000,-48.8000000,2.7400000,0.2394487,0.2982461,1.0000000,1.0000000,1.0000000,0.8028561,0.5480000,2.6402649,0.4777250,2.7400000,1,0.4777250
-28.8000000,-48.6000000,2.9600000,0.2158256,0.2964306,1.0000000,1.0000000,1.0000000,0.7280814,0.5920000,2.7251761,0.4594670,2.9600000,1,0.4594670
-28.8000000,-48.4000000,3.0799999,0.2007759,0.2952494,1.0000000,1.0000000,1.0000000,0.6800214,0.6160000,2.7663930,0.4495420,3.0799999,1,0.4495420
-28.6000000,-48.8000000,2.4500000,0.2797905,0.3033936,1.0000000,1.0000000,1.0000000,0.9222030,0.4900000,2.5372668,0.5160350,2.4500000,1,0.5160350
-28.6000000,-48.6000000,2.7100000,0.2360725,0.3048509,1.0000000,1.0000000,1.0000000,0.7743868,0.5420000,2.5523051,0.4800040,2.7100000,1,0.4800040
-28.6000000,-48.4000000,2.9500000,0.2120268,0.3045153,1.0000000,1.0000000,1.0000000,0.6962763,0.5900000,2.6337816,0.4617860,2.9500000,1,0.4617860
-28.4000000,-48.6000000,2.3399999,0.2564451,0.3160323,1.0000000,1.0000000,1.0000000,0.8114522,0.4680000,2.2923134,0.5045720,2.3399999,1,0.5045720
-28.4000000,-48.4000000,2.8099999,0.2240889,0.3168338,1.0000000,1.0000000,1.0000000,0.7072759,0.5620000,2.4810765,0.4800160,2.8099999,1,0.4800160
-28.2000000,-48.6000000,2.1400001,0.2713380,0.3312280,1.0000000,1.0000000,1.0000000,0.8191880,0.4280000,2.1113493,0.5274000,2.1400001,1,0.5274000
-28.2000000,-48.4000000,2.5799999,0.2359242,0.3316557,1.0000000,1.0000000,1.0000000,0.7113528,0.5160000,2.2671830,0.4994770,2.5799999,1,0.4994770
-28.2000000,-48.2000000,2.8699999,0.2130641,0.3310370,1.0000000,1.0000000,1.0000000,0.6436262,0.5740000,2.3775713,0.4838430,2.8699999,1,0.4838430
-28.0000000,-48.4000000,2.4600000,0.2479080,0.3498186,1.0000000,1.0000000,1.0000000,0.7086759,0.4920000,2.1151191,0.5208570,2.4600000,1,0.5208570
-28.0000000,-48.2000000,2.7800000,0.2205145,0.3492471,1.0000000,1.0000000,1.0000000,0.6313997,0.5560000,2.2233957,0.5029510,2.7800000,1,0.5029510
-27.8000000,-48.4000000,2.2300000,0.2579786,0.3704174,1.0000000,1.0000000,1.0000000,0.6964538,0.4460000,1.9005009,0.5441380,2.2300000,1,0.5441380
-27.8000000,-48.2000000,2.6400001,0.2276083,0.3703446,1.0000000,1.0000000,1.0000000,0.6145852,0.5280000,2.0402844,0.5237930,2.6400001,1,0.5237930
-27.6000000,-48.4000000,1.9000000,0.2699959,0.3949050,1.0000000,1.0000000,1.0000000,0.6836984,0.3800000,1.6459551,0.5721240,1.9000000,1,0.5721240
-27.6000000,-48.2000000,2.5500000,0.2354805,0.3963984,1.0000000,1.0000000,1.0000000,0.5940501,0.5100000,1.8806345,0.5510460,2.5500000,1,0.5510460
-27.6000000,-48.0000000,2.8099999,0.2108219,0.3900816,1.0000000,1.0000000,1.0000000,0.5404559,0.5620000,1.9811800,0.5314720,2.8099999,1,0.5314720
-27.4000000,-48.4000000,1.5000000,0.2729492,0.4581670,1.0000000,1.0000000,1.0000000,0.5957417,0.3000000,1.2505248,0.6278940,1.5000000,1,0.6278940
-27.4000000,-48.2000000,2.5000000,0.2429176,0.4322717,1.0000000,1.0000000,1.0000000,0.5619558,0.5000000,1.7186358,0.5872430,2.5000000,1,0.5872430
-27.4000000,-48.0000000,2.7700000,0.2143498,0.4193727,1.0000000,1.0000000,1.0000000,0.5111201,0.5540000,1.8321407,0.5587430,2.7700000,1,0.5587430
-27.2000000,-48.4000000,1.6400000,0.2733938,0.4965511,1.0000000,1.0000000,1.0000000,0.5505854,0.3280000,1.2111418,0.6637060,1.6400000,1,0.6637060
-27.2000000,-48.2000000,2.2900000,0.2471064,0.4736189,1.0000000,1.0000000,1.0000000,0.5217410,0.4580000,1.4887632,0.6278040,2.2900000,1,0.6278040
-27.2000000,-48.0000000,2.6800001,0.2200994,0.4527130,1.0000000,1.0000000,1.0000000,0.4861787,0.5360000,1.6701518,0.5929900,2.6800001,1,0.5929900
-27.0000000,-48.4000000,1.8200001,0.2693429,0.5385512,1.0000000,1.0000000,1.0000000,0.5001250,0.3640000,1.1760125,0.7012330,1.8200001,1,0.7012330
-27.0000000,-48.2000000,2.3299999,0.2498259,0.5149432,1.0000000,1.0000000,1.0000000,0.4851523,0.4660000,1.3901065,0.6682020,2.3299999,1,0.6682020
-26.8000000,-48.4000000,1.9299999,0.2699296,0.5790060,1.0000000,1.0000000,1.0000000,0.4661948,0.3860000,1.1328545,0.7381050,1.9299999,1,0.7381050
-26.8000000,-48.2000000,2.3199999,0.2531163,0.5560143,1.0000000,1.0000000,1.0000000,0.4552334,0.4640000,1.2897443,0.7080050,2.3199999,1,0.7080050
-26.6000000,-48.6000000,1.6900001,0.2929102,0.6357844,1.0000000,1.0000000,1.0000000,0.4607068,0.3380000,0.9923336,0.8045960,1.6900001,0,0.2929102
-26.6000000,-48.4000000,1.9400001,0.2728445,0.6183015,1.0000000,1.0000000,1.0000000,0.4412807,0.3880000,1.0688063,0.7773640,1.9400001,1,0.7773640
-26.6000000,-48.2000000,2.2900000,0.2554332,0.5957185,1.0000000,1.0000000,1.0000000,0.4287817,0.4580000,1.1976012,0.7467060,2.2900000,1,0.7467060
-26.4000000,-48.4000000,1.6300000,0.2793677,0.6641475,1.0000000,1.0000000,1.0000000,0.4206410,0.3260000,0.9114959,0.8225340,1.6300000,0,0.2793677
-26.4000000,-48.2000000,2.2400000,0.2606562,0.6396629,1.0000000,1.0000000,1.0000000,0.4074899,0.4480000,1.1078588,0.7905780,2.2400000,1,0.7905780
-26.2000000,-48.4000000,1.3400000,0.2865119,0.7305264,1.0000000,1.0000000,1.0000000,0.3921992,0.2680000,0.7590580,0.8872950,1.3400000,0,0.2865119
-26.2000000,-48.2000000,2.0000000,0.2694158,0.6894032,1.0000000,1.0000000,1.0000000,0.3907957,0.4000000,0.9710077,0.8390950,2.0000000,0,0.2694158
-26.0000000,-48.4000000,1.2600000,0.2952229,0.7896993,1.0000000,1.0000000,1.0000000,0.3738422,0.2520000,0.6929510,0.9466720,1.2600000,0,0.2952229
-26.0000000,-48.2000000,1.8500000,0.2791480,0.7429799,1.0000000,1.0000000,1.0000000,0.3757141,0.3700000,0.8737087,0.8941020,1.8500000,0,0.2791480
-25.8000000,-48.2000000,1.8000000,0.2884797,0.7937478,1.0000000,1.0000000,1.0000000,0.3634400,0.3600000,0.8169846,0.9465180,1.8000000,0,0.2884797
-25.8000000,-48.0000000,2.1500001,0.2714317,0.7418857,1.0000000,1.0000000,1.0000000,0.3658673,0.4300000,0.9454714,0.8897510,2.1500001,0,0.2714317
-25.6000000,-48.4000000,1.3300000,0.3133490,0.8812097,1.0000000,1.0000000,1.0000000,0.3555896,0.2660000,0.6574474,1.0427990,1.3300000,0,0.3133490
-25.6000000,-48.2000000,1.6700000,0.2994263,0.8318937,1.0000000,1.0000000,1.0000000,0.3599334,0.3340000,0.7614270,0.9906140,1.6700000,0,0.2994263
-25.6000000,-48.0000000,2.0599999,0.2813807,0.7805665,1.0000000,1.0000000,1.0000000,0.3604827,0.4120000,0.8883044,0.9310260,2.0599999,0,0.2813807
-25.6000000,-47.8000000,2.2700000,0.2647220,0.7342554,1.0000000,1.0000000,1.0000000,0.3605312,0.4540000,0.9788447,0.8786880,2.2700000,0,0.2647220
-25.4000000,-48.0000000,1.8900000,0.2956266,0.8032112,1.0000000,1.0000000,1.0000000,0.3680559,0.3780000,0.8386668,0.9609320,1.8900000,0,0.2956266
-25.4000000,-47.8000000,2.0599999,0.2788790,0.7662722,1.0000000,1.0000000,1.0000000,0.3639425,0.4120000,0.9016104,0.9157690,2.0599999,0,0.2788790
-25.4000000,-47.6000000,2.3099999,0.2627307,0.7220340,1.0000000,1.0000000,1.0000000,0.3638758,0.4620000,1.0037348,0.8651900,2.3099999,1,0.8651900
-25.2000000,-47.8000000,1.8500000,0.2959148,0.7880266,1.0000000,1.0000000,1.0000000,0.3755137,0.3700000,0.8450410,0.9464310,1.8500000,0,0.2959148
-25.2000000,-47.6000000,2.1800001,0.2769372,0.7514774,1.0000000,1.0000000,1.0000000,0.3685237,0.4360000,0.9487141,0.9006100,2.1800001,0,0.2769372
-25.0000000,-47.8000000,1.2900000,0.3107999,0.7962284,1.0000000,1.0000000,1.0000000,0.3903401,0.2580000,0.7143678,0.9627280,1.2900000,0,0.3107999
-25.0000000,-47.6000000,2.0400000,0.2930146,0.7694612,1.0000000,1.0000000,1.0000000,0.3808049,0.4080000,0.9110461,0.9263540,2.0400000,0,0.2930146
-25.0000000,-47.4000000,2.2000000,0.2771562,0.7319168,1.0000000,1.0000000,1.0000000,0.3786717,0.4400000,0.9798330,0.8806170,2.2000000,0,0.2771562
-25.0000000,-47.2000000,2.3399999,0.2604333,0.6937519,1.0000000,1.0000000,1.0000000,0.3753983,0.4680000,1.0499910,0.8343190,2.3399999,1,0.8343190
-24.8000000,-47.4000000,2.0400000,0.2970056,0.7419059,1.0000000,1.0000000,1.0000000,0.4003279,0.4080000,0.9502628,0.9016530,2.0400000,0,0.2970056
-24.8000000,-47.2000000,2.2500000,0.2791238,0.7078031,1.0000000,1.0000000,1.0000000,0.3943523,0.4500000,1.0301224,0.8582280,2.2500000,1,0.8582280
-24.8000000,-47.0000000,2.3599999,0.2624593,0.6769674,1.0000000,1.0000000,1.0000000,0.3876986,0.4720000,1.0849256,0.8175960,2.3599999,1,0.8175960
-24.8000000,-46.8000000,2.4500000,0.2457561,0.6479903,1.0000000,1.0000000,1.0000000,0.3792589,0.4900000,1.1354431,0.7809110,2.4500000,1,0.7809110
-24.6000000,-47.2000000,1.9900000,0.3043338,0.7076601,1.0000000,1.0000000,1.0000000,0.4300565,0.3980000,0.9924734,0.8732610,1.9900000,0,0.3043338
-24.6000000,-47.0000000,2.2100000,0.2853358,0.6850518,1.0000000,1.0000000,1.0000000,0.4165171,0.4420000,1.0617238,0.8390260,2.2100000,1,0.8390260
-24.6000000,-46.8000000,2.3099999,0.2650905,0.6623235,1.0000000,1.0000000,1.0000000,0.4002432,0.4620000,1.0977875,0.8046730,2.3099999,1,0.8046730
-24.6000000,-46.6000000,2.4400001,0.2477350,0.6395244,1.0000000,1.0000000,1.0000000,0.3873738,0.4880000,1.1504409,0.7713030,2.4400001,1,0.7713030
-24.4000000,-46.8000000,2.1400001,0.2842832,0.6713730,1.0000000,1.0000000,1.0000000,0.4234356,0.4280000,1.0609352,0.8259830,2.1400001,1,0.8259830
-24.4000000,-46.6000000,2.2500000,0.2685489,0.6523975,1.0000000,1.0000000,1.0000000,0.4116339,0.4500000,1.1013974,0.7961510,2.2500000,1,0.7961510
-24.4000000,-46.4000000,2.3599999,0.2539136,0.6315355,1.0000000,1.0000000,1.0000000,0.4020575,0.4720000,1.1494422,0.7669070,2.3599999,1,0.7669070
-24.4000000,-46.2000000,2.4300001,0.2414830,0.6093175,1.0000000,1.0000000,1.0000000,0.3963172,0.4860000,1.1939309,0.7383250,2.4300001,1,0.7383250
-24.4000000,-46.0000000,2.5000000,0.2265572,0.5886512,1.0000000,1.0000000,1.0000000,0.3848751,0.5000000,1.2342746,0.7091940,2.5000000,1,0.7091940
-24.4000000,-45.2000000,2.7500000,0.1939410,0.5102848,1.0000000,1.0000000,1.0000000,0.3800642,0.5500000,1.4578937,0.6281800,2.7500000,1,0.6281800
-24.2000000,-46.6000000,2.1300001,0.2887809,0.6610961,1.0000000,1.0000000,1.0000000,0.4368214,0.4260000,1.0812058,0.8179980,2.1300001,1,0.8179980
-24.2000000,-46.4000000,2.2200000,0.2752372,0.6431027,1.0000000,1.0000000,1.0000000,0.4279833,0.4440000,1.1183862,0.7926740,2.2200000,1,0.7926740
-24.2000000,-46.2000000,2.2700000,0.2611511,0.6227188,1.0000000,1.0000000,1.0000000,0.4193724,0.4540000,1.1484335,0.7636480,2.2700000,1,0.7636480
-24.2000000,-46.0000000,2.3699999,0.2463207,0.6028370,1.0000000,1.0000000,1.0000000,0.4086025,0.4740000,1.1948847,0.7340100,2.3699999,1,0.7340100
-24.2000000,-45.8000000,2.4800000,0.2329437,0.5825795,1.0000000,1.0000000,1.0000000,0.3998488,0.4960000,1.2512347,0.7055420,2.4800000,1,0.7055420
-24.2000000,-45.6000000,2.5200000,0.2219160,0.5611055,1.0000000,1.0000000,1.0000000,0.3954978,0.5040000,1.2937246,0.6792740,2.5200000,1,0.6792740
-24.2000000,-45.4000000,2.6099999,0.2115052,0.5409963,1.0000000,1.0000000,1.0000000,0.3909550,0.5220000,1.3558414,0.6579610,2.6099999,1,0.6579610
-24.2000000,-45.2000000,2.6700001,0.2015808,0.5226839,1.0000000,1.0000000,1.0000000,0.3856648,0.5340000,1.4073149,0.6385050,2.6700001,1,0.6385050
-24.2000000,-45.0000000,2.7179980,0.1930600,0.5089098,1.0000000,1.0000000,1.0000000,0.3793600,0.5435996,1.4475249,0.6237680,2.7179980,1,0.6237680
-24.0000000,-46.4000000,1.8300000,0.2958217,0.6464795,1.0000000,1.0000000,1.0000000,0.4575887,0.3660000,1.0237319,0.8097320,1.8300000,1,0.8097320
-24.0000000,-46.2000000,1.9200000,0.2856901,0.6272323,1.0000000,1.0000000,1.0000000,0.4554773,0.3840000,1.0676907,0.7851140,1.9200000,1,0.7851140
-24.0000000,-46.0000000,2.2200000,0.2706992,0.6143278,1.0000000,1.0000000,1.0000000,0.4406429,0.4440000,1.1633841,0.7629760,2.2200000,1,0.7629760
-24.0000000,-45.8000000,2.2300000,0.2580026,0.5966702,1.0000000,1.0000000,1.0000000,0.4324040,0.4460000,1.1798856,0.7363830,2.2300000,1,0.7363830
-24.0000000,-45.6000000,2.2900000,0.2455523,0.5756136,1.0000000,1.0000000,1.0000000,0.4265922,0.4580000,1.2222649,0.7074280,2.2900000,1,0.7074280
-24.0000000,-45.4000000,2.4300001,0.2394479,0.5506896,1.0000000,1.0000000,1.0000000,0.4348146,0.4860000,1.3173445,0.6805800,2.4300001,1,0.6805800
-24.0000000,-45.2000000,2.5300000,0.2269853,0.5293787,1.0000000,1.0000000,1.0000000,0.4287768,0.5060000,1.3846143,0.6538750,2.5300000,1,0.6538750
-24.0000000,-45.0000000,2.6099999,0.2081362,0.5202967,1.0000000,1.0000000,1.0000000,0.4000337,0.5220000,1.4033073,0.6372670,2.6099999,1,0.6372670
-24.0000000,-44.8000000,2.6800001,0.1956711,0.5114682,1.0000000,1.0000000,1.0000000,0.3825675,0.5360000,1.4305310,0.6262900,2.6800001,1,0.6262900
-23.8000000,-45.8000000,1.8900000,0.2797641,0.6074634,1.0000000,1.0000000,1.0000000,0.4605448,0.3780000,1.0828045,0.7627360,1.8900000,1,0.7627360
-23.8000000,-45.6000000,1.6979980,0.2757605,0.5913718,1.0000000,1.0000000,1.0000000,0.4663065,0.3395996,1.0405638,0.7453410,1.6979980,1,0.7453410
-23.8000000,-45.4000000,1.3000000,0.2626219,0.5739159,1.0000000,1.0000000,1.0000000,0.4575965,0.2600000,0.9106245,0.7185770,1.3000000,0,0.2626219
-23.8000000,-45.2000000,1.6500000,0.2449505,0.5366787,1.0000000,1.0000000,1.0000000,0.4564193,0.3300000,1.0713123,0.6739760,1.6500000,1,0.6739760
-23.8000000,-45.0000000,2.4000001,0.2270944,0.5311819,1.0000000,1.0000000,1.0000000,0.4275266,0.4800000,1.3311719,0.6561320,2.4000001,1,0.6561320
-23.8000000,-44.8000000,2.5400000,0.2115806,0.5242986,1.0000000,1.0000000,1.0000000,0.4035498,0.5080000,1.3724633,0.6415420,2.5400000,1,0.6415420
-23.8000000,-44.6000000,2.6300001,0.2007068,0.5180803,1.0000000,1.0000000,1.0000000,0.3874048,0.5260000,1.4026915,0.6331040,2.6300001,1,0.6331040
-23.6000000,-45.2000000,1.3900000,0.2561507,0.5483269,1.0000000,1.0000000,1.0000000,0.4671496,0.2780000,0.9741464,0.6918850,1.3900000,0,0.2561507
-23.6000000,-45.0000000,1.9700000,0.2382763,0.5413009,1.0000000,1.0000000,1.0000000,0.4401920,0.3940000,1.1680681,0.6723000,1.9700000,1,0.6723000
-23.6000000,-44.8000000,2.3199999,0.2272378,0.5366750,1.0000000,1.0000000,1.0000000,0.4234179,0.4640000,1.2880007,0.6608240,2.3199999,1,0.6608240
-23.6000000,-44.6000000,2.4800000,0.2170726,0.5318164,1.0000000,1.0000000,1.0000000,0.4081721,0.4960000,1.3408248,0.6503020,2.4800000,1,0.6503020
-23.6000000,-44.4000000,2.5799999,0.2064757,0.5284242,1.0000000,1.0000000,1.0000000,0.3907385,0.5160000,1.3672267,0.6428020,2.5799999,1,0.6428020
-23.6000000,-44.2000000,2.6400001,0.1989077,0.5251639,1.0000000,1.0000000,1.0000000,0.3787536,0.5280000,1.3841540,0.6380870,2.6400001,1,0.6380870
-23.6000000,-44.0000000,2.6800001,0.1936582,0.5209958,1.0000000,1.0000000,1.0000000,0.3717078,0.5360000,1.4005069,0.6338940,2.6800001,1,0.6338940
-23.4000000,-44.4000000,2.4000001,0.2237589,0.5443458,1.0000000,1.0000000,1.0000000,0.4110602,0.4800000,1.2928527,0.6638750,2.4000001,1,0.6638750
-23.4000000,-44.2000000,2.4900000,0.2139304,0.5396773,1.0000000,1.0000000,1.0000000,0.3964043,0.4980000,1.3191780,0.6544190,2.4900000,1,0.6544190
-23.4000000,-44.0000000,2.5479980,0.2059389,0.5342397,1.0000000,1.0000000,1.0000000,0.3854803,0.5095996,1.3393585,0.6471900,2.5479980,1,0.6471900
-23.4000000,-43.8000000,2.5899999,0.1998298,0.5267770,1.0000000,1.0000000,1.0000000,0.3793442,0.5180000,1.3626825,0.6373330,2.5899999,1,0.6373330
-23.4000000,-43.6000000,2.6300001,0.1949674,0.5208098,1.0000000,1.0000000,1.0000000,0.3743543,0.5260000,1.3843200,0.6301570,2.6300001,1,0.6301570
-23.4000000,-43.4000000,2.6679981,0.1917150,0.5165601,1.0000000,1.0000000,1.0000000,0.3711378,0.5335996,1.4041244,0.6254570,2.6679981,1,0.6254570
-23.4000000,-43.2000000,2.7000000,0.1892417,0.5136945,1.0000000,1.0000000,1.0000000,0.3683935,0.5400000,1.4196019,0.6239770,2.7000000,1,0.6239770
-23.4000000,-43.0000000,2.7300000,0.1913999,0.5113075,1.0000000,1.0000000,1.0000000,0.3743342,0.5460000,1.4421848,0.6286650,2.7300000,1,0.6286650
-23.4000000,-42.8000000,2.7600000,0.1979369,0.5095125,1.0000000,1.0000000,1.0000000,0.3884829,0.5520000,1.4718714,0.6382920,2.7600000,1,0.6382920
-23.4000000,-42.6000000,2.7900000,0.2053332,0.5084574,1.0000000,1.0000000,1.0000000,0.4038356,0.5580000,1.5012727,0.6475020,2.7900000,1,0.6475020
-23.4000000,-42.2000000,2.8399999,0.2061198,0.5113161,1.0000000,1.0000000,1.0000000,0.4031162,0.5680000,1.5139750,0.6515740,2.8399999,1,0.6515740
-23.4000000,-42.0000000,2.8699999,0.2012146,0.5153391,1.0000000,1.0000000,1.0000000,0.3904509,0.5740000,1.5042805,0.6473230,2.8699999,1,0.6473230
-23.2000000,-44.4000000,1.8800000,0.2389351,0.5679307,1.0000000,1.0000000,1.0000000,0.4207117,0.3760000,1.0827643,0.6977090,1.8800000,1,0.6977090
-23.2000000,-44.2000000,2.0799999,0.2322020,0.5481493,1.0000000,1.0000000,1.0000000,0.4236109,0.4160000,1.1825282,0.6724570,2.0799999,1,0.6724570
-23.2000000,-44.0000000,2.1300001,0.2257757,0.5487068,1.0000000,1.0000000,1.0000000,0.4114687,0.4260000,1.1878397,0.6678940,2.1300001,1,0.6678940
-23.2000000,-43.8000000,2.3399999,0.2199597,0.5358143,1.0000000,1.0000000,1.0000000,0.4105148,0.4680000,1.2839517,0.6520430,2.3399999,1,0.6520430
-23.2000000,-43.6000000,2.4500000,0.2137834,0.5289347,1.0000000,1.0000000,1.0000000,0.4041773,0.4900000,1.3305676,0.6426290,2.4500000,1,0.6426290
-23.2000000,-43.4000000,2.5100000,0.2066439,0.5257064,1.0000000,1.0000000,1.0000000,0.3930785,0.5020000,1.3479842,0.6363720,2.5100000,1,0.6363720
-23.2000000,-43.2000000,2.5599999,0.2008559,0.5236713,1.0000000,1.0000000,1.0000000,0.3835534,0.5120000,1.3612659,0.6306470,2.5599999,1,0.6306470
-23.2000000,-43.0000000,2.5899999,0.1965878,0.5210963,1.0000000,1.0000000,1.0000000,0.3772581,0.5180000,1.3713162,0.6270550,2.5899999,1,0.6270550
-23.2000000,-42.8000000,2.6300001,0.1954689,0.5189966,1.0000000,1.0000000,1.0000000,0.3766285,0.5260000,1.3901226,0.6294420,2.6300001,1,0.6294420
-23.2000000,-42.6000000,2.6700001,0.1980723,0.5186784,1.0000000,1.0000000,1.0000000,0.3818788,0.5340000,1.4114186,0.6357590,2.6700001,1,0.6357590
-23.2000000,-42.4000000,2.7000000,0.2002476,0.5196030,1.0000000,1.0000000,1.0000000,0.3853858,0.5400000,1.4246407,0.6427500,2.7000000,1,0.6427500
-23.2000000,-42.2000000,2.7479980,0.2006464,0.5230947,1.0000000,1.0000000,1.0000000,0.3835757,0.5495996,1.4342451,0.6469880,2.7479980,1,0.6469880
-23.2000000,-42.0000000,2.7700000,0.1982358,0.5293313,1.0000000,1.0000000,1.0000000,0.3745023,0.5540000,1.4211058,0.6495160,2.7700000,1,0.6495160
-23.2000000,-41.8000000,2.8099999,0.1947956,0.5361570,1.0000000,1.0000000,1.0000000,0.3633182,0.5620000,1.4115186,0.6524220,2.8099999,1,0.6524220
-23.0000000,-44.4000000,0.7700000,0.2488967,0.5930204,1.0000000,1.0000000,1.0000000,0.4197102,0.1540000,0.6793977,0.7276570,0.7700000,0,0.2488967
-23.0000000,-44.0000000,1.0100000,0.2484207,0.6379995,1.0000000,1.0000000,1.0000000,0.3893744,0.2020000,0.7059891,0.7649420,1.0100000,0,0.2484207
-23.0000000,-43.4000000,1.7900000,0.2332712,0.5289605,1.0000000,1.0000000,1.0000000,0.4409993,0.3580000,1.1177984,0.6527420,1.7900000,1,0.6527420
-23.0000000,-43.2000000,1.9299999,0.2281564,0.5332428,1.0000000,1.0000000,1.0000000,0.4278659,0.3860000,1.1517387,0.6527920,1.9299999,1,0.6527920
-23.0000000,-43.0000000,2.1900001,0.2233344,0.5278521,1.0000000,1.0000000,1.0000000,0.4231003,0.4380000,1.2528783,0.6441260,2.1900001,1,0.6441260
-23.0000000,-42.8000000,2.3399999,0.2167908,0.5236167,1.0000000,1.0000000,1.0000000,0.4140258,0.4680000,1.3078093,0.6368370,2.3399999,1,0.6368370
-23.0000000,-42.6000000,2.4200001,0.2115545,0.5234670,1.0000000,1.0000000,1.0000000,0.4041410,0.4840000,1.3287457,0.6358610,2.4200001,1,0.6358610
-23.0000000,-42.4000000,2.4800000,0.2100039,0.5242054,1.0000000,1.0000000,1.0000000,0.4006138,0.4960000,1.3468078,0.6363210,2.4800000,1,0.6363210
-23.0000000,-42.2000000,2.5200000,0.2089904,0.5280741,1.0000000,1.0000000,1.0000000,0.3957596,0.5040000,1.3501711,0.6415390,2.5200000,1,0.6415390
-23.0000000,-42.0000000,2.5699999,0.2066103,0.5421308,1.0000000,1.0000000,1.0000000,0.3811078,0.5140000,1.3292185,0.6559360,2.5699999,1,0.6559360
-23.0000000,-41.8000000,2.6500001,0.2054990,0.5559832,1.0000000,1.0000000,1.0000000,0.3696137,0.5300000,1.3228799,0.6717920,2.6500001,1,0.6717920
-23.0000000,-41.6000000,2.7300000,0.2015204,0.5618262,1.0000000,1.0000000,1.0000000,0.3586881,0.5460000,1.3305189,0.6780310,2.7300000,1,0.6780310
-22.8000000,-41.8000000,2.0400000,0.2124258,0.5865582,1.0000000,1.0000000,1.0000000,0.3621564,0.4080000,1.0577395,0.7018560,2.0400000,1,0.7018560
-22.8000000,-41.6000000,2.5000000,0.2073456,0.5878094,1.0000000,1.0000000,1.0000000,0.3527429,0.5000000,1.2033588,0.7025980,2.5000000,1,0.7025980
-22.6000000,-41.8000000,1.8099999,0.2148626,0.6143155,1.0000000,1.0000000,1.0000000,0.3497594,0.3620000,0.9390331,0.7283870,1.8099999,0,0.2148626
-22.6000000,-41.6000000,2.3099999,0.2114125,0.6119008,1.0000000,1.0000000,1.0000000,0.3455013,0.4620000,1.1005256,0.7245590,2.3099999,1,0.7245590
-22.6000000,-41.4000000,2.4800000,0.2059775,0.6093575,1.0000000,1.0000000,1.0000000,0.3380241,0.4960000,1.1519962,0.7192170,2.4800000,1,0.7192170
-22.4000000,-41.6000000,1.7800000,0.2167842,0.6294200,1.0000000,1.0000000,1.0000000,0.3444190,0.3560000,0.9100191,0.7426750,1.7800000,0,0.2167842
-22.4000000,-41.4000000,2.1900001,0.2130511,0.6281675,1.0000000,1.0000000,1.0000000,0.3391629,0.4380000,1.0364292,0.7389820,2.1900001,1,0.7389820
-22.4000000,-41.2000000,2.4200001,0.2072267,0.6239782,1.0000000,1.0000000,1.0000000,0.3321057,0.4840000,1.1077738,0.7321750,2.4200001,1,0.7321750
-22.4000000,-41.0000000,2.5500000,0.2033143,0.6184359,1.0000000,1.0000000,1.0000000,0.3287557,0.5100000,1.1534167,0.7334150,2.5500000,1,0.7334150
-22.4000000,-40.8000000,2.6600001,0.2053968,0.6112372,1.0000000,1.0000000,1.0000000,0.3360345,0.5320000,1.2064004,0.7373620,2.6600001,1,0.7373620
-22.2000000,-41.4000000,1.3500000,0.2237175,0.6409568,1.0000000,1.0000000,1.0000000,0.3490368,0.2700000,0.7702820,0.7541090,1.3500000,0,0.2237175
-22.2000000,-41.2000000,2.1300001,0.2198581,0.6405512,1.0000000,1.0000000,1.0000000,0.3432327,0.4260000,1.0082849,0.7515310,2.1300001,1,0.7515310
-22.2000000,-41.0000000,2.3800001,0.2119815,0.6371515,1.0000000,1.0000000,1.0000000,0.3327019,0.4760000,1.0797770,0.7495240,2.3800001,1,0.7495240
-22.2000000,-40.8000000,2.5400000,0.2074575,0.6340176,1.0000000,1.0000000,1.0000000,0.3272109,0.5080000,1.1284505,0.7513000,2.5400000,1,0.7513000
-22.2000000,-40.6000000,2.6199999,0.2049308,0.6277893,1.0000000,1.0000000,1.0000000,0.3264325,0.5240000,1.1611074,0.7483000,2.6199999,1,0.7483000
-22.0000000,-40.8000000,2.2700000,0.2194767,0.6694821,1.0000000,1.0000000,1.0000000,0.3278306,0.4540000,1.0059667,0.7869720,2.2700000,1,0.7869720
-22.0000000,-40.6000000,2.4800000,0.2127020,0.6561293,1.0000000,1.0000000,1.0000000,0.3241770,0.4960000,1.0801255,0.7736100,2.4800000,1,0.7736100
-21.8000000,-40.8000000,1.9279979,0.2240211,0.7071065,1.0000000,1.0000000,1.0000000,0.3168138,0.3855996,0.8621342,0.8286300,1.9279979,0,0.2240211
-21.8000000,-40.6000000,2.2800000,0.2196333,0.6893421,1.0000000,1.0000000,1.0000000,0.3186129,0.4560000,0.9801132,0.8128910,2.2800000,0,0.2196333
-21.6000000,-40.8000000,1.8099999,0.2263466,0.7307513,1.0000000,1.0000000,1.0000000,0.3097451,0.3620000,0.8051256,0.8543610,1.8099999,0,0.2263466
-21.6000000,-40.6000000,2.1600001,0.2210392,0.7110151,1.0000000,1.0000000,1.0000000,0.3108783,0.4320000,0.9184604,0.8388660,2.1600001,0,0.2210392
-21.4000000,-40.8000000,1.7300000,0.2289329,0.7410428,1.0000000,1.0000000,1.0000000,0.3089334,0.3460000,0.7758430,0.8643150,1.7300000,0,0.2289329
-21.4000000,-40.6000000,2.0200000,0.2207269,0.7213636,1.0000000,1.0000000,1.0000000,0.3059856,0.4040000,0.8660361,0.8469020,2.0200000,0,0.2207269
-21.2000000,-40.8000000,1.6579980,0.2355417,0.7457154,1.0000000,1.0000000,1.0000000,0.3158600,0.3315996,0.7605332,0.8679810,1.6579980,0,0.2355417
-21.2000000,-40.6000000,1.8600000,0.2243145,0.7269065,1.0000000,1.0000000,1.0000000,0.3085878,0.3720000,0.8203455,0.8522140,1.8600000,0,0.2243145
-21.2000000,-40.4000000,2.1300001,0.2229544,0.6955079,1.0000000,1.0000000,1.0000000,0.3205634,0.4260000,0.9330655,0.8396790,2.1300001,0,0.2229544
-21.0000000,-40.8000000,1.4700000,0.2435863,0.7419758,1.0000000,1.0000000,1.0000000,0.3282941,0.2940000,0.7245335,0.8687700,1.4700000,0,0.2435863
-21.0000000,-40.6000000,1.6799999,0.2303297,0.7303554,1.0000000,1.0000000,1.0000000,0.3153666,0.3360000,0.7754166,0.8593580,1.6799999,0,0.2303297
-21.0000000,-40.4000000,2.0200000,0.2243114,0.7049136,1.0000000,1.0000000,1.0000000,0.3182112,0.4040000,0.8913311,0.8467740,2.0200000,0,0.2243114
-21.0000000,-40.2000000,2.2900000,0.2363939,0.6846611,1.0000000,1.0000000,1.0000000,0.3452714,0.4580000,1.0142155,0.8523340,2.2900000,1,0.8523340
-21.0000000,-29.4000000,2.9300001,0.2586501,0.5949707,1.0000000,1.0000000,1.0000000,0.4347275,0.5860000,1.4196499,0.7974080,2.9300001,1,0.7974080
-21.0000000,-29.2000000,2.9300001,0.2561117,0.5894854,1.0000000,1.0000000,1.0000000,0.4344666,0.5860000,1.4285540,0.7895740,2.9300001,1,0.7895740
-20.8000000,-40.4000000,1.8600000,0.2280634,0.7142725,1.0000000,1.0000000,1.0000000,0.3192947,0.3720000,0.8401043,0.8494580,1.8600000,0,0.2280634
-20.8000000,-40.2000000,2.1600001,0.2287627,0.6987586,1.0000000,1.0000000,1.0000000,0.3273845,0.4320000,0.9456237,0.8529720,2.1600001,0,0.2287627
-20.8000000,-40.0000000,2.3900001,0.2504227,0.6877317,1.0000000,1.0000000,1.0000000,0.3641285,0.4780000,1.0591670,0.8723730,2.3900001,1,0.8723730
-20.8000000,-29.6000000,2.9200001,0.2616436,0.6103112,1.0000000,1.0000000,1.0000000,0.4287052,0.5840000,1.3855941,0.8144610,2.9200001,1,0.8144610
-20.8000000,-29.4000000,2.9200001,0.2596636,0.6040623,1.0000000,1.0000000,1.0000000,0.4298623,0.5840000,1.3966500,0.8064960,2.9200001,1,0.8064960
-20.8000000,-29.2000000,2.9200001,0.2557819,0.5970479,1.0000000,1.0000000,1.0000000,0.4284110,0.5840000,1.4065570,0.7974100,2.9200001,1,0.7974100
-20.8000000,-29.0000000,2.9200001,0.2523271,0.5925360,1.0000000,1.0000000,1.0000000,0.4258426,0.5840000,1.4114368,0.7889560,2.9200001,1,0.7889560
-20.8000000,-28.8000000,2.9200001,0.2487894,0.5895339,1.0000000,1.0000000,1.0000000,0.4220103,0.5840000,1.4126235,0.7838720,2.9200001,1,0.7838720
-20.8000000,-28.6000000,2.9200001,0.2470708,0.5869268,1.0000000,1.0000000,1.0000000,0.4209568,0.5840000,1.4159701,0.7804790,2.9200001,1,0.7804790
-20.6000000,-40.4000000,1.5700001,0.2373716,0.7149441,1.0000000,1.0000000,1.0000000,0.3320142,0.3140000,0.7712094,0.8500570,1.5700001,0,0.2373716
-20.6000000,-40.2000000,1.9400001,0.2283749,0.7118725,1.0000000,1.0000000,1.0000000,0.3208087,0.3880000,0.8658502,0.8561960,1.9400001,0,0.2283749
-20.6000000,-40.0000000,2.2700000,0.2414624,0.7024980,1.0000000,1.0000000,1.0000000,0.3437197,0.4540000,0.9899849,0.8745470,2.2700000,0,0.2414624
-20.6000000,-29.8000000,2.9100001,0.2608545,0.6258981,1.0000000,1.0000000,1.0000000,0.4167683,0.5820000,1.3466322,0.8295950,2.9100001,1,0.8295950
-20.6000000,-29.6000000,2.9100001,0.2606648,0.6210175,1.0000000,1.0000000,1.0000000,0.4197383,0.5820000,1.3569099,0.8240550,2.9100001,1,0.8240550
-20.6000000,-29.4000000,2.9100001,0.2589507,0.6150576,1.0000000,1.0000000,1.0000000,0.4210186,0.5820000,1.3672715,0.8174430,2.9100001,1,0.8174430
-20.6000000,-29.2000000,2.9100001,0.2544608,0.6120861,1.0000000,1.0000000,1.0000000,0.4157271,0.5820000,1.3665738,0.8108390,2.9100001,1,0.8108390
-20.6000000,-29.0000000,2.9100001,0.2507401,0.6047015,1.0000000,1.0000000,1.0000000,0.4146510,0.5820000,1.3771094,0.7999210,2.9100001,1,0.7999210
-20.6000000,-28.8000000,2.9100001,0.2464851,0.5979880,1.0000000,1.0000000,1.0000000,0.4121907,0.5820000,1.3854544,0.7908230,2.9100001,1,0.7908230
-20.6000000,-28.6000000,2.9200001,0.2445288,0.5967522,1.0000000,1.0000000,1.0000000,0.4097661,0.5840000,1.3883968,0.7885120,2.9200001,1,0.7885120
-20.4000000,-40.2000000,1.6500000,0.2323707,0.7193040,1.0000000,1.0000000,1.0000000,0.3230494,0.3300000,0.7818262,0.8604080,1.6500000,0,0.2323707
-20.4000000,-40.0000000,2.1700001,0.2357128,0.7117907,1.0000000,1.0000000,1.0000000,0.3311546,0.4340000,0.9408845,0.8756360,2.1700001,0,0.2357128
-20.4000000,-39.8000000,2.4000001,0.2530844,0.7022985,1.0000000,1.0000000,1.0000000,0.3603659,0.4800000,1.0438359,0.8929300,2.4000001,1,0.8929300
-20.4000000,-29.6000000,2.9000001,0.2568973,0.6328794,1.0000000,1.0000000,1.0000000,0.4059183,0.5800000,1.3223646,0.8328270,2.9000001,1,0.8328270
-20.4000000,-29.4000000,2.9000001,0.2549905,0.6315071,1.0000000,1.0000000,1.0000000,0.4037809,0.5800000,1.3222187,0.8303510,2.9000001,1,0.8303510
-20.4000000,-29.2000000,2.9000001,0.2511017,0.6280033,1.0000000,1.0000000,1.0000000,0.3998414,0.5800000,1.3234034,0.8244430,2.9000001,1,0.8244430
-20.4000000,-29.0000000,2.9000001,0.2469558,0.6257377,1.0000000,1.0000000,1.0000000,0.3946635,0.5800000,1.3215694,0.8191360,2.9000001,1,0.8191360
-20.4000000,-28.8000000,2.9100001,0.2432419,0.6174623,1.0000000,1.0000000,1.0000000,0.3939381,0.5820000,1.3365058,0.8083430,2.9100001,1,0.8083430
-20.4000000,-28.6000000,2.9100001,0.2404055,0.6087137,1.0000000,1.0000000,1.0000000,0.3949402,0.5820000,1.3510547,0.7970010,2.9100001,1,0.7970010
-20.2000000,-40.0000000,2.0799999,0.2359691,0.7197496,1.0000000,1.0000000,1.0000000,0.3278489,0.4160000,0.9058276,0.8791230,2.0799999,0,0.2359691
-20.2000000,-39.8000000,2.3199999,0.2469198,0.7088320,1.0000000,1.0000000,1.0000000,0.3483474,0.4640000,1.0029454,0.8896810,2.3199999,1,0.8896810
-20.2000000,-29.6000000,2.8900001,0.2518143,0.6423625,1.0000000,1.0000000,1.0000000,0.3920128,0.5780000,1.2918163,0.8371100,2.8900001,1,0.8371100
-20.2000000,-29.4000000,2.8900001,0.2491018,0.6393729,1.0000000,1.0000000,1.0000000,0.3896033,0.5780000,1.2936141,0.8320960,2.8900001,1,0.8320960
-20.2000000,-29.2000000,2.8900001,0.2464678,0.6358784,1.0000000,1.0000000,1.0000000,0.3876021,0.5780000,1.2965810,0.8269550,2.8900001,1,0.8269550
-20.2000000,-29.0000000,2.8900001,0.2425367,0.6314375,1.0000000,1.0000000,1.0000000,0.3841025,0.5780000,1.2994742,0.8202030,2.8900001,1,0.8202030
-20.2000000,-28.8000000,2.8900001,0.2391255,0.6254530,1.0000000,1.0000000,1.0000000,0.3823237,0.5780000,1.3064539,0.8127120,2.8900001,1,0.8127120
-20.2000000,-28.6000000,2.8900001,0.2375218,0.6184311,1.0000000,1.0000000,1.0000000,0.3840716,0.5780000,1.3186947,0.8035030,2.8900001,1,0.8035030
-20.0000000,-40.0000000,2.0100000,0.2389599,0.7271022,1.0000000,1.0000000,1.0000000,0.3286469,0.4020000,0.8815266,0.8805430,2.0100000,0,0.2389599
-20.0000000,-39.8000000,2.2400000,0.2401184,0.7168844,1.0000000,1.0000000,1.0000000,0.3349472,0.4480000,0.9598736,0.8846060,2.2400000,0,0.2401184
-20.0000000,-39.6000000,2.4000001,0.2491526,0.7142107,1.0000000,1.0000000,1.0000000,0.3488503,0.4800000,1.0209209,0.9000510,2.4000001,1,0.9000510
-19.8000000,-40.0000000,1.7179980,0.2466384,0.7335584,1.0000000,1.0000000,1.0000000,0.3362219,0.3435996,0.8046231,0.8844810,1.7179980,0,0.2466384
-19.8000000,-39.8000000,2.0400000,0.2401766,0.7314718,1.0000000,1.0000000,1.0000000,0.3283470,0.4080000,0.8861266,0.8887620,2.0400000,0,0.2401766
-19.8000000,-39.6000000,2.2900000,0.2411494,0.7225146,1.0000000,1.0000000,1.0000000,0.3337641,0.4580000,0.9676613,0.8920820,2.2900000,0,0.2411494
-19.8000000,-39.4000000,2.4200001,0.2469561,0.7229953,1.0000000,1.0000000,1.0000000,0.3415736,0.4840000,1.0110109,0.9045300,2.4200001,1,0.9045300
-19.6000000,-39.6000000,2.0899999,0.2433743,0.7727373,1.0000000,1.0000000,1.0000000,0.3149509,0.4180000,0.8558850,0.9339070,2.0899999,0,0.2433743
-19.6000000,-39.4000000,2.2500000,0.2419243,0.7609280,1.0000000,1.0000000,1.0000000,0.3179332,0.4500000,0.9093164,0.9301490,2.2500000,0,0.2419243
-19.4000000,-39.6000000,1.7000000,0.2483432,0.8804725,1.0000000,1.0000000,1.0000000,0.2820567,0.3400000,0.6682130,1.0388490,1.7000000,0,0.2483432
-19.4000000,-39.4000000,2.0999999,0.2432861,0.8648275,1.0000000,1.0000000,1.0000000,0.2813117,0.4200000,0.7669577,1.0276900,2.0999999,0,0.2432861
-19.2000000,-39.6000000,1.6600000,0.2518590,1.0445739,1.0000000,1.0000000,1.0000000,0.2411117,0.3320000,0.5589447,1.2020450,1.6600000,0,0.2518590
-19.2000000,-39.4000000,2.0599999,0.2447832,1.0054064,1.0000000,1.0000000,1.0000000,0.2434669,0.4120000,0.6532514,1.1653010,2.0599999,0,0.2447832
-19.0000000,-39.6000000,1.5599999,0.2528160,1.1718917,1.0000000,1.0000000,1.0000000,0.2157332,0.3120000,0.4819694,1.3281670,1.5599999,0,0.2528160
-19.0000000,-39.4000000,2.0200000,0.2457226,1.1313826,1.0000000,1.0000000,1.0000000,0.2171879,0.4040000,0.5742731,1.2892570,2.0200000,0,0.2457226
-18.8000000,-39.6000000,1.3300000,0.2549397,1.2801781,1.0000000,1.0000000,1.0000000,0.1991439,0.2660000,0.4069275,1.4352570,1.3300000,0,0.2549397
-18.8000000,-39.4000000,1.8800000,0.2474049,1.2402110,1.0000000,1.0000000,1.0000000,0.1994861,0.3760000,0.5026604,1.3981730,1.8800000,0,0.2474049
-18.6000000,-39.6000000,1.3400000,0.2586121,1.3754586,1.0000000,1.0000000,1.0000000,0.1880188,0.2680000,0.3828629,1.5308800,1.3400000,0,0.2586121
-18.6000000,-39.4000000,1.8000000,0.2498585,1.3310827,1.0000000,1.0000000,1.0000000,0.1877107,0.3600000,0.4581672,1.4867010,1.8000000,0,0.2498585
-18.4000000,-39.6000000,1.4500000,0.2635141,1.4490047,1.0000000,1.0000000,1.0000000,0.1818587,0.2900000,0.3819961,1.6032760,1.4500000,0,0.2635141
-18.4000000,-39.4000000,1.7900000,0.2543218,1.4053514,1.0000000,1.0000000,1.0000000,0.1809667,0.3580000,0.4357073,1.5598960,1.7900000,0,0.2543218
-18.2000000,-39.4000000,1.6200000,0.2612555,1.4607030,1.0000000,1.0000000,1.0000000,0.1788560,0.3240000,0.4006670,1.6135190,1.6200000,0,0.2612555
-18.2000000,-39.2000000,1.8500000,0.2553133,1.3968892,1.0000000,1.0000000,1.0000000,0.1827728,0.3700000,0.4476470,1.5511740,1.8500000,0,0.2553133
-18.2000000,-39.0000000,2.0000000,0.2537064,1.3252822,1.0000000,1.0000000,1.0000000,0.1914358,0.4000000,0.4932583,1.4812620,2.0000000,0,0.2537064
-18.0000000,-39.4000000,1.3400000,0.2709310,1.4908763,1.0000000,1.0000000,1.0000000,0.1817260,0.2680000,0.3614861,1.6403370,1.3400000,0,0.2709310
-18.0000000,-39.2000000,1.7100000,0.2638022,1.4270588,1.0000000,1.0000000,1.0000000,0.1848573,0.3420000,0.4245110,1.5787680,1.7100000,0,0.2638022
-18.0000000,-39.0000000,1.8600000,0.2602618,1.3529235,1.0000000,1.0000000,1.0000000,0.1923699,0.3720000,0.4673300,1.5062970,1.8600000,0,0.2602618
-18.0000000,-38.8000000,1.8700000,0.2551350,1.2818002,1.0000000,1.0000000,1.0000000,0.1990443,0.3740000,0.4908214,1.4361910,1.8700000,0,0.2551350
-17.8000000,-39.0000000,1.6500000,0.2622639,1.3382736,1.0000000,1.0000000,1.0000000,0.1959718,0.3300000,0.4425582,1.4926050,1.6500000,0,0.2622639
-17.8000000,-38.8000000,1.7200000,0.2562673,1.2645971,1.0000000,1.0000000,1.0000000,0.2026474,0.3440000,0.4746708,1.4238860,1.7200000,0,0.2562673
-17.6000000,-39.0000000,1.2079980,0.2628132,1.2753907,1.0000000,1.0000000,1.0000000,0.2060649,0.2415996,0.3954967,1.4407440,1.2079980,0,0.2628132
-17.6000000,-38.8000000,1.7200000,0.2563021,1.2028223,1.0000000,1.0000000,1.0000000,0.2130839,0.3440000,0.4990780,1.3723500,1.7200000,0,0.2563021
-17.4000000,-39.0000000,1.4100000,0.2628132,1.2073398,1.0000000,1.0000000,1.0000000,0.2176796,0.2820000,0.4512509,1.3783980,1.4100000,0,0.2628132
-17.4000000,-38.8000000,1.8200001,0.2572268,1.1378510,1.0000000,1.0000000,1.0000000,0.2260637,0.3640000,0.5459650,1.3137130,1.8200001,0,0.2572268
-17.2000000,-39.0000000,1.5599999,0.2641682,1.1505400,1.0000000,1.0000000,1.0000000,0.2296037,0.3120000,0.5007807,1.3264530,1.5599999,0,0.2641682
-17.2000000,-38.8000000,1.8300000,0.2577419,1.0720152,1.0000000,1.0000000,1.0000000,0.2404275,0.3660000,0.5818405,1.2553390,1.8300000,0,0.2577419
-17.0000000,-39.0000000,1.5000000,0.2667318,1.1041653,1.0000000,1.0000000,1.0000000,0.2415687,0.3000000,0.5132672,1.2827120,1.5000000,0,0.2667318
-17.0000000,-38.8000000,1.8099999,0.2576967,1.0236082,1.0000000,1.0000000,1.0000000,0.2517533,0.3620000,0.6054042,1.2099590,1.8099999,0,0.2576967
-16.8000000,-39.0000000,1.5000000,0.2688071,1.0665982,1.0000000,1.0000000,1.0000000,0.2520228,0.3000000,0.5332909,1.2480920,1.5000000,0,0.2688071
-16.8000000,-38.8000000,1.8300000,0.2592348,1.0188695,1.0000000,1.0000000,1.0000000,0.2544338,0.3660000,0.6136554,1.2053700,1.8300000,0,0.2592348
-16.6000000,-39.0000000,1.2500000,0.2724693,1.0603557,1.0000000,1.0000000,1.0000000,0.2569603,0.2500000,0.4927302,1.2447750,1.2500000,0,0.2724693
-16.6000000,-38.8000000,1.8800000,0.2612078,1.0330195,1.0000000,1.0000000,1.0000000,0.2528585,0.3760000,0.6168400,1.2195130,1.8800000,0,0.2612078
-16.4000000,-38.8000000,1.8000000,0.2648913,1.0449945,1.0000000,1.0000000,1.0000000,0.2534858,0.3600000,0.5979853,1.2301490,1.8000000,0,0.2648913
-16.4000000,-38.6000000,1.9800000,0.2586821,1.0095233,1.0000000,1.0000000,1.0000000,0.2562418,0.3960000,0.6485062,1.1967760,1.9800000,0,0.2586821
-16.2000000,-38.8000000,1.5400000,0.2696095,1.0585191,1.0000000,1.0000000,1.0000000,0.2547044,0.3080000,0.5456770,1.2438060,1.5400000,0,0.2696095
-16.2000000,-38.6000000,1.9200000,0.2617173,1.0321376,1.0000000,1.0000000,1.0000000,0.2535682,0.3840000,0.6256116,1.2178790,1.9200000,0,0.2617173
-16.0000000,-38.8000000,1.4600000,0.2727613,1.0544283,1.0000000,1.0000000,1.0000000,0.2586817,0.2920000,0.5356090,1.2427060,1.4600000,0,0.2727613
-16.0000000,-38.6000000,1.9400001,0.2630576,1.0315831,1.0000000,1.0000000,1.0000000,0.2550038,0.3880000,0.6311247,1.2219010,1.9400001,0,0.2630576
-15.8000000,-38.8000000,1.4000000,0.2701229,1.0219811,1.0000000,1.0000000,1.0000000,0.2643130,0.2800000,0.5382907,1.2141020,1.4000000,0,0.2701229
-15.8000000,-38.6000000,2.0100000,0.2627741,1.0045580,1.0000000,1.0000000,1.0000000,0.2615818,0.4020000,0.6617578,1.2012810,2.0100000,0,0.2627741
-15.8000000,-38.4000000,2.0699999,0.2682797,1.0048561,1.0000000,1.0000000,1.0000000,0.2669832,0.4140000,0.6789825,1.2128920,2.0699999,0,0.2682797
-15.6000000,-38.8000000,1.6200000,0.2679282,1.0173512,1.0000000,1.0000000,1.0000000,0.2633586,0.3240000,0.5818327,1.2111940,1.6200000,0,0.2679282
-15.6000000,-38.6000000,2.0100000,0.2649987,1.0041847,1.0000000,1.0000000,1.0000000,0.2638944,0.4020000,0.6642191,1.2064380,2.0100000,0,0.2649987
-15.4000000,-38.8000000,1.7600000,0.2675436,1.0139509,1.0000000,1.0000000,1.0000000,0.2638625,0.3520000,0.6110193,1.2098720,1.7600000,0,0.2675436
-15.4000000,-38.6000000,2.0200000,0.2687405,1.0063243,1.0000000,1.0000000,1.0000000,0.2670516,0.4040000,0.6685126,1.2135690,2.0200000,0,0.2687405
-15.2000000,-38.8000000,1.7600000,0.2685755,1.0091103,1.0000000,1.0000000,1.0000000,0.2661508,0.3520000,0.6149729,1.2100330,1.7600000,0,0.2685755
-15.2000000,-38.6000000,2.0400000,0.2711452,1.0085553,1.0000000,1.0000000,1.0000000,0.2688451,0.4080000,0.6733842,1.2196220,2.0400000,0,0.2711452
-15.0000000,-38.8000000,1.8700000,0.2692829,1.0100318,1.0000000,1.0000000,1.0000000,0.2666083,0.3740000,0.6368937,1.2152670,1.8700000,0,0.2692829
-15.0000000,-38.6000000,2.0599999,0.2723468,1.0122664,1.0000000,1.0000000,1.0000000,0.2690466,0.4120000,0.6760540,1.2261090,2.0599999,0,0.2723468
-14.8000000,-38.8000000,1.9000000,0.2708007,1.0148822,1.0000000,1.0000000,1.0000000,0.2668297,0.3800000,0.6412574,1.2230760,1.9000000,0,0.2708007
-14.8000000,-38.6000000,2.0699999,0.2728237,1.0170586,1.0000000,1.0000000,1.0000000,0.2682478,0.4140000,0.6753039,1.2309820,2.0699999,0,0.2728237
-14.6000000,-38.8000000,1.9379981,0.2710898,1.0206919,1.0000000,1.0000000,1.0000000,0.2655942,0.3875996,0.6453362,1.2285040,1.9379981,0,0.2710898
-14.6000000,-38.6000000,2.0799999,0.2720469,1.0226912,1.0000000,1.0000000,1.0000000,0.2660108,0.4160000,0.6727807,1.2357260,2.0799999,0,0.2720469
-14.4000000,-38.8000000,1.9500000,0.2717026,1.0262724,1.0000000,1.0000000,1.0000000,0.2647471,0.3900000,0.6447631,1.2346570,1.9500000,0,0.2717026
-14.4000000,-38.6000000,2.0999999,0.2712611,1.0288708,1.0000000,1.0000000,1.0000000,0.2636493,0.4200000,0.6718638,1.2406160,2.0999999,0,0.2712611
-14.2000000,-38.8000000,1.8700000,0.2723222,1.0318159,1.0000000,1.0000000,1.0000000,0.2639252,0.3740000,0.6263929,1.2391660,1.8700000,0,0.2723222
-14.2000000,-38.6000000,2.0999999,0.2700829,1.0345031,1.0000000,1.0000000,1.0000000,0.2610750,0.4200000,0.6670670,1.2457470,2.0999999,0,0.2700829
-14.0000000,-38.8000000,1.8000000,0.2736892,1.0371382,1.0000000,1.0000000,1.0000000,0.2638888,0.3600000,0.6109978,1.2454730,1.8000000,0,0.2736892
-14.0000000,-38.6000000,2.0799999,0.2686246,1.0399601,1.0000000,1.0000000,1.0000000,0.2583028,0.4160000,0.6583181,1.2515050,2.0799999,0,0.2686246
-13.8000000,-38.8000000,1.7300000,0.2761165,1.0452054,1.0000000,1.0000000,1.0000000,0.2641744,0.3460000,0.5952098,1.2534930,1.7300000,0,0.2761165
-13.8000000,-38.6000000,2.0799999,0.2687808,1.0449284,1.0000000,1.0000000,1.0000000,0.2572241,0.4160000,0.6553375,1.2561980,2.0799999,0,0.2687808
-13.6000000,-38.8000000,1.7100000,0.2797377,1.0476797,1.0000000,1.0000000,1.0000000,0.2670069,0.3420000,0.5934425,1.2583620,1.7100000,0,0.2797377
-13.6000000,-38.6000000,2.0699999,0.2700880,1.0487227,1.0000000,1.0000000,1.0000000,0.2575400,0.4140000,0.6523059,1.2597010,2.0699999,0,0.2700880
-13.4000000,-38.8000000,1.7100000,0.2829580,1.0511136,1.0000000,1.0000000,1.0000000,0.2691983,0.3420000,0.5945675,1.2611480,1.7100000,0,0.2829580
-13.4000000,-38.6000000,2.0500000,0.2732928,1.0504919,1.0000000,1.0000000,1.0000000,0.2601570,0.4100000,0.6504503,1.2621190,2.0500000,0,0.2732928
-13.4000000,-38.4000000,2.1400001,0.2654106,1.0536695,1.0000000,1.0000000,1.0000000,0.2518917,0.4280000,0.6580912,1.2615680,2.1400001,0,0.2654106
-13.2000000,-38.6000000,1.9900000,0.2811806,1.0536140,1.0000000,1.0000000,1.0000000,0.2668725,0.3980000,0.6446199,1.2620690,1.9900000,0,0.2811806
-13.2000000,-38.4000000,2.1099999,0.2703300,1.0528091,1.0000000,1.0000000,1.0000000,0.2567702,0.4220000,0.6576026,1.2606460,2.1099999,0,0.2703300
-13.2000000,-38.2000000,2.1700001,0.2608253,1.0533420,1.0000000,1.0000000,1.0000000,0.2476169,0.4340000,0.6596389,1.2571430,2.1700001,0,0.2608253
-13.2000000,-38.0000000,2.2000000,0.2556841,1.0530159,1.0000000,1.0000000,1.0000000,0.2428112,0.4400000,0.6606587,1.2527960,2.2000000,0,0.2556841
-13.0000000,-38.4000000,1.9600000,0.2827112,1.0501896,1.0000000,1.0000000,1.0000000,0.2692002,0.3920000,0.6424661,1.2577790,1.9600000,0,0.2827112
-13.0000000,-38.2000000,2.0999999,0.2695885,1.0511900,1.0000000,1.0000000,1.0000000,0.2564603,0.4200000,0.6560075,1.2570230,2.0999999,0,0.2695885
-13.0000000,-38.0000000,2.1700001,0.2584918,1.0518067,1.0000000,1.0000000,1.0000000,0.2457598,0.4340000,0.6583832,1.2532530,2.1700001,0,0.2584918
-13.0000000,-37.8000000,2.2300000,0.2515326,1.0519699,1.0000000,1.0000000,1.0000000,0.2391063,0.4460000,0.6630728,1.2484800,2.2300000,0,0.2515326
-12.8000000,-38.0000000,2.0999999,0.2677694,1.0507637,1.0000000,1.0000000,1.0000000,0.2548331,0.4200000,0.6545424,1.2552360,2.0999999,0,0.2677694
-12.8000000,-37.8000000,2.1900001,0.2553885,1.0513539,1.0000000,1.0000000,1.0000000,0.2429139,0.4380000,0.6595196,1.2497080,2.1900001,0,0.2553885
-12.6000000,-37.8000000,2.1199999,0.2646517,1.0502052,1.0000000,1.0000000,1.0000000,0.2520000,0.4240000,0.6557306,1.2536900,2.1199999,0,0.2646517
-12.6000000,-37.6000000,2.2100000,0.2524908,1.0522513,1.0000000,1.0000000,1.0000000,0.2399529,0.4420000,0.6600047,1.2472740,2.2100000,0,0.2524908
-12.4000000,-37.8000000,1.7800000,0.2733795,1.0699053,1.0000000,1.0000000,1.0000000,0.2555175,0.3560000,0.5882572,1.2772980,1.7800000,0,0.2733795
-12.4000000,-37.6000000,2.1400001,0.2601327,1.0528710,1.0000000,1.0000000,1.0000000,0.2470699,0.4280000,0.6535774,1.2536560,2.1400001,0,0.2601327
-12.4000000,-37.4000000,2.2400000,0.2490543,1.0546865,1.0000000,1.0000000,1.0000000,0.2361406,0.4480000,0.6609114,1.2458000,2.2400000,0,0.2490543
-12.2000000,-37.6000000,1.9700000,0.2689876,1.0589193,1.0000000,1.0000000,1.0000000,0.2540209,0.3940000,0.6260983,1.2640390,1.9700000,0,0.2689876
-12.2000000,-37.4000000,2.1900001,0.2551464,1.0563918,1.0000000,1.0000000,1.0000000,0.2415263,0.4380000,0.6561452,1.2519750,2.1900001,0,0.2551464
-12.0000000,-37.4000000,2.1199999,0.2629478,1.0584908,1.0000000,1.0000000,1.0000000,0.2484177,0.4240000,0.6489880,1.2594830,2.1199999,0,0.2629478
-12.0000000,-37.2000000,2.2300000,0.2512892,1.0589749,1.0000000,1.0000000,1.0000000,0.2372948,0.4460000,0.6584568,1.2517500,2.2300000,0,0.2512892
-11.8000000,-37.4000000,2.0100000,0.2698027,1.0661861,1.0000000,1.0000000,1.0000000,0.2530540,0.4020000,0.6300989,1.2704790,2.0100000,0,0.2698027
-11.8000000,-37.2000000,2.1900001,0.2557892,1.0607053,1.0000000,1.0000000,1.0000000,0.2411501,0.4380000,0.6540829,1.2561610,2.1900001,0,0.2557892
-11.6000000,-37.4000000,1.8400000,0.2759459,1.2568388,1.0000000,1.0000000,1.0000000,0.2195555,0.3680000,0.5123536,1.4603420,1.8400000,0,0.2759459
-11.6000000,-37.2000000,2.0699999,0.2646920,1.0615295,1.0000000,1.0000000,1.0000000,0.2493496,0.4140000,0.6393529,1.2622510,2.0699999,0,0.2646920
-11.6000000,-37.0000000,2.2300000,0.2521439,1.0621065,1.0000000,1.0000000,1.0000000,0.2373998,0.4460000,0.6573201,1.2557640,2.2300000,0,0.2521439
-11.4000000,-37.2000000,1.8600000,0.2732966,1.0801067,1.0000000,1.0000000,1.0000000,0.2530274,0.3720000,0.5974378,1.2863800,1.8600000,0,0.2732966
-11.4000000,-37.0000000,2.1900001,0.2611164,1.0631133,1.0000000,1.0000000,1.0000000,0.2456148,0.4380000,0.6576123,1.2618250,2.1900001,0,0.2611164
-11.4000000,-36.8000000,2.2600000,0.2497426,1.0637815,1.0000000,1.0000000,1.0000000,0.2347687,0.4520000,0.6596680,1.2565630,2.2600000,0,0.2497426
-11.2000000,-37.0000000,2.0000000,0.2715537,1.0699407,1.0000000,1.0000000,1.0000000,0.2538026,0.4000000,0.6276551,1.2745610,2.0000000,0,0.2715537
-11.2000000,-36.8000000,2.2200000,0.2595474,1.0642589,1.0000000,1.0000000,1.0000000,0.2438762,0.4440000,0.6610679,1.2618270,2.2200000,0,0.2595474
-11.0000000,-37.0000000,1.4500000,0.2816247,1.0798317,1.0000000,1.0000000,1.0000000,0.2608043,0.2900000,0.5293646,1.2904380,1.4500000,0,0.2816247
-11.0000000,-36.8000000,2.1900001,0.2711141,1.0674603,1.0000000,1.0000000,1.0000000,0.2539805,0.4380000,0.6643002,1.2713350,2.1900001,0,0.2711141
-11.0000000,-36.6000000,2.2400000,0.2597129,1.0657516,1.0000000,1.0000000,1.0000000,0.2436899,0.4480000,0.6640505,1.2636850,2.2400000,0,0.2597129
-10.8000000,-36.8000000,1.6600000,0.2824957,1.0810057,1.0000000,1.0000000,1.0000000,0.2613267,0.3320000,0.5684482,1.2897360,1.6600000,0,0.2824957
-10.8000000,-36.6000000,2.1099999,0.2725672,1.0822293,1.0000000,1.0000000,1.0000000,0.2518572,0.4220000,0.6417930,1.2850900,2.1099999,0,0.2725672
-10.8000000,-36.4000000,2.2300000,0.2604562,1.0686029,1.0000000,1.0000000,1.0000000,0.2437353,0.4460000,0.6611026,1.2651460,2.2300000,0,0.2604562
-10.8000000,-36.2000000,2.3099999,0.2478701,1.0700536,1.0000000,1.0000000,1.0000000,0.2316427,0.4620000,0.6633967,1.2597630,2.3099999,0,0.2478701
-10.6000000,-36.6000000,1.8600000,0.2825334,1.1039487,1.0000000,1.0000000,1.0000000,0.2559298,0.3720000,0.5929020,1.3101570,1.8600000,0,0.2825334
-10.6000000,-36.4000000,2.0799999,0.2716143,1.0766616,1.0000000,1.0000000,1.0000000,0.2522745,0.4160000,0.6386540,1.2773410,2.0799999,0,0.2716143
-10.6000000,-36.2000000,2.2200000,0.2615981,1.0726776,1.0000000,1.0000000,1.0000000,0.2438739,0.4440000,0.6577914,1.2706950,2.2200000,0,0.2615981
-10.6000000,-36.0000000,2.3199999,0.2459181,1.0733619,1.0000000,1.0000000,1.0000000,0.2291101,0.4640000,0.6613968,1.2613070,2.3199999,0,0.2459181
-10.4000000,-36.2000000,1.9000000,0.2699563,1.0986955,1.0000000,1.0000000,1.0000000,0.2457062,0.3800000,0.5915709,1.3001440,1.9000000,0,0.2699563
-10.4000000,-36.0000000,2.2300000,0.2590411,1.0769236,1.0000000,1.0000000,1.0000000,0.2405380,0.4460000,0.6546807,1.2718580,2.2300000,0,0.2590411
-10.4000000,-35.8000000,2.3199999,0.2439852,1.0775346,1.0000000,1.0000000,1.0000000,0.2264291,0.4640000,0.6570417,1.2625630,2.3199999,0,0.2439852
-10.2000000,-36.0000000,2.0000000,0.2676351,1.0953323,1.0000000,1.0000000,1.0000000,0.2443415,0.4000000,0.6095274,1.2927580,2.0000000,0,0.2676351
-10.2000000,-35.8000000,2.2600000,0.2539471,1.0798693,1.0000000,1.0000000,1.0000000,0.2351647,0.4520000,0.6537338,1.2701040,2.2600000,0,0.2539471
-10.2000000,-35.6000000,2.3299999,0.2421150,1.0813849,1.0000000,1.0000000,1.0000000,0.2238935,0.4660000,0.6548223,1.2661570,2.3299999,0,0.2421150
-10.0000000,-35.8000000,2.0100000,0.2617265,1.0906464,1.0000000,1.0000000,1.0000000,0.2399737,0.4020000,0.6085625,1.2845090,2.0100000,0,0.2617265
-10.0000000,-35.6000000,2.2700000,0.2516557,1.0833268,1.0000000,1.0000000,1.0000000,0.2322990,0.4540000,0.6513784,1.2734160,2.2700000,0,0.2516557
-10.0000000,-35.4000000,2.3499999,0.2399977,1.0851754,1.0000000,1.0000000,1.0000000,0.2211603,0.4700000,0.6542700,1.2684740,2.3499999,0,0.2399977
-9.8000000,-35.8000000,2.1300001,0.2665312,1.1149101,1.0000000,1.0000000,1.0000000,0.2390607,0.4260000,0.6211543,1.3108150,2.1300001,0,0.2665312
-9.8000000,-35.6000000,2.1900001,0.2579915,1.1008197,1.0000000,1.0000000,1.0000000,0.2343631,0.4380000,0.6322484,1.2924650,2.1900001,0,0.2579915
-9.8000000,-35.4000000,2.2800000,0.2491209,1.0894523,1.0000000,1.0000000,1.0000000,0.2286662,0.4560000,0.6472251,1.2782320,2.2800000,0,0.2491209
-9.6000000,-35.6000000,1.6000000,0.2640047,1.1845951,1.0000000,1.0000000,1.0000000,0.2228649,0.3200000,0.4929994,1.3800910,1.6000000,0,0.2640047
-9.6000000,-35.4000000,2.1300001,0.2548707,1.1183984,1.0000000,1.0000000,1.0000000,0.2278890,0.4260000,0.6087909,1.3083270,2.1300001,0,0.2548707
-9.6000000,-35.2000000,2.2600000,0.2441611,1.0926175,1.0000000,1.0000000,1.0000000,0.2234644,0.4520000,0.6371499,1.2791320,2.2600000,0,0.2441611
-9.4000000,-35.4000000,1.5200000,0.2613992,1.1744764,1.0000000,1.0000000,1.0000000,0.2225666,0.3040000,0.4814053,1.3662790,1.5200000,0,0.2613992
-9.4000000,-35.2000000,2.1500001,0.2492656,1.1208937,1.0000000,1.0000000,1.0000000,0.2223811,0.4300000,0.6060036,1.3091460,2.1500001,0,0.2492656
-9.4000000,-35.0000000,2.3000000,0.2368847,1.0930573,1.0000000,1.0000000,1.0000000,0.2167175,0.4600000,0.6375555,1.2739980,2.3000000,0,0.2368847
-9.2000000,-35.2000000,1.8300000,0.2552917,1.1536118,1.0000000,1.0000000,1.0000000,0.2212978,0.3660000,0.5385622,1.3438080,1.8300000,0,0.2552917
-9.2000000,-35.0000000,2.2000000,0.2434767,1.1086402,1.0000000,1.0000000,1.0000000,0.2196174,0.4400000,0.6165000,1.2943260,2.2000000,0,0.2434767
-9.2000000,-34.8000000,2.3399999,0.2284222,1.0983131,1.0000000,1.0000000,1.0000000,0.2079755,0.4680000,0.6340835,1.2723110,2.3399999,0,0.2284222
-9.0000000,-35.0000000,2.1099999,0.2477492,1.1207066,1.0000000,1.0000000,1.0000000,0.2210652,0.4220000,0.5976133,1.3071880,2.1099999,0,0.2477492
-9.0000000,-34.8000000,2.3000000,0.2345644,1.1017042,1.0000000,1.0000000,1.0000000,0.2129105,0.4600000,0.6304454,1.2816610,2.3000000,0,0.2345644
-8.8000000,-35.0000000,1.9600000,0.2531815,1.1369641,1.0000000,1.0000000,1.0000000,0.2226821,0.3920000,0.5674599,1.3264030,1.9600000,0,0.2531815
-8.8000000,-34.8000000,2.2500000,0.2390189,1.1067349,1.0000000,1.0000000,1.0000000,0.2159676,0.4500000,0.6225691,1.2883280,2.2500000,0,0.2390189
-8.6000000,-34.8000000,2.1900001,0.2428026,1.1191459,1.0000000,1.0000000,1.0000000,0.2169535,0.4380000,0.6083234,1.3035820,2.1900001,0,0.2428026
-8.6000000,-34.6000000,2.3399999,0.2277252,1.1097521,1.0000000,1.0000000,1.0000000,0.2052037,0.4680000,0.6269195,1.2814770,2.3399999,0,0.2277252
-8.4000000,-34.8000000,1.9700000,0.2467456,1.1306100,1.0000000,1.0000000,1.0000000,0.2182411,0.3940000,0.5667256,1.3168630,1.9700000,0,0.2467456
-8.4000000,-34.6000000,2.2900000,0.2306956,1.1151061,1.0000000,1.0000000,1.0000000,0.2068822,0.4580000,0.6176054,1.2894050,2.2900000,0,0.2306956
-8.2000000,-34.8000000,2.0799999,0.2508959,1.1452510,1.0000000,1.0000000,1.0000000,0.2190750,0.4160000,0.5823142,1.3353690,2.0799999,0,0.2508959
-8.2000000,-34.6000000,2.2400000,0.2343314,1.1225870,1.0000000,1.0000000,1.0000000,0.2087423,0.4480000,0.6078205,1.2994590,2.2400000,0,0.2343314
-8.0000000,-34.8000000,1.9299999,0.2536077,1.1615946,1.0000000,1.0000000,1.0000000,0.2183272,0.3860000,0.5506290,1.3544980,1.9299999,0,0.2536077
-8.0000000,-34.6000000,2.1700001,0.2373002,1.1441268,1.0000000,1.0000000,1.0000000,0.2074073,0.4340000,0.5867359,1.3249090,2.1700001,0,0.2373002
-8.0000000,-34.4000000,2.3499999,0.2206970,1.1326785,1.0000000,1.0000000,1.0000000,0.1948452,0.4700000,0.6097908,1.2972810,2.3499999,0,0.2206970
-7.8000000,-34.8000000,1.7500000,0.2558665,1.1822143,1.0000000,1.0000000,1.0000000,0.2164299,0.3500000,0.5124845,1.3780440,1.7500000,0,0.2558665
-7.8000000,-34.6000000,2.0300000,0.2388823,1.1613208,1.0000000,1.0000000,1.0000000,0.2056988,0.4060000,0.5553007,1.3429640,2.0300000,0,0.2388823
-7.8000000,-34.4000000,2.3299999,0.2221620,1.1403264,1.0000000,1.0000000,1.0000000,0.1948232,0.4660000,0.6034781,1.3078710,2.3299999,0,0.2221620
-7.6000000,-34.8000000,1.4000000,0.2560857,1.2322671,1.0000000,1.0000000,1.0000000,0.2078167,0.2800000,0.4350402,1.4305500,1.4000000,0,0.2560857
-7.6000000,-34.6000000,1.8500000,0.2399660,1.1768279,1.0000000,1.0000000,1.0000000,0.2039092,0.3700000,0.5183137,1.3593120,1.8500000,0,0.2399660
-7.6000000,-34.4000000,2.3099999,0.2229627,1.1466364,1.0000000,1.0000000,1.0000000,0.1944493,0.4620000,0.5973669,1.3150220,2.3099999,0,0.2229627
-7.4000000,-34.6000000,1.9100000,0.2382600,1.1834102,1.0000000,1.0000000,1.0000000,0.2013334,0.3820000,0.5241293,1.3649010,1.9100000,0,0.2382600
-7.4000000,-34.4000000,2.3000000,0.2204773,1.1520932,1.0000000,1.0000000,1.0000000,0.1913711,0.4600000,0.5906443,1.3170000,2.3000000,0,0.2204773
-7.2000000,-34.6000000,2.0100000,0.2335354,1.1864220,1.0000000,1.0000000,1.0000000,0.1968401,0.4020000,0.5356740,1.3646150,2.0100000,0,0.2335354
-7.2000000,-34.4000000,2.3000000,0.2151551,1.1567018,1.0000000,1.0000000,1.0000000,0.1860074,0.4600000,0.5836898,1.3183610,2.3000000,0,0.2151551
-7.0000000,-34.8000000,1.3800000,0.2463929,1.2150857,1.0000000,1.0000000,1.0000000,0.2027782,0.2760000,0.4299227,1.4066120,1.3800000,0,0.2463929
-7.0000000,-34.6000000,2.1099999,0.2307694,1.1763324,1.0000000,1.0000000,1.0000000,0.1961770,0.4220000,0.5549192,1.3517900,2.1099999,0,0.2307694
-7.0000000,-34.4000000,2.2800000,0.2185729,1.1627704,1.0000000,1.0000000,1.0000000,0.1879760,0.4560000,0.5801428,1.3262590,2.2800000,0,0.2185729
-6.8000000,-34.8000000,1.4299999,0.2409635,1.2057124,1.0000000,1.0000000,1.0000000,0.1998516,0.2860000,0.4370557,1.3918970,1.4299999,0,0.2409635
-6.8000000,-34.6000000,2.1900001,0.2258008,1.1713566,1.0000000,1.0000000,1.0000000,0.1927686,0.4380000,0.5666941,1.3426560,2.1900001,0,0.2258008
-6.6000000,-34.8000000,1.8600000,0.2382731,1.1906943,1.0000000,1.0000000,1.0000000,0.2001127,0.3720000,0.5125355,1.3733650,1.8600000,0,0.2382731
-6.6000000,-34.6000000,2.2100000,0.2201195,1.1755682,1.0000000,1.0000000,1.0000000,0.1872452,0.4420000,0.5632336,1.3416000,2.2100000,0,0.2201195
-6.4000000,-34.8000000,2.0379980,0.2359843,1.1849775,1.0000000,1.0000000,1.0000000,0.1991467,0.4075996,0.5431191,1.3653400,2.0379980,0,0.2359843
-6.4000000,-34.6000000,2.2700000,0.2198727,1.1801460,1.0000000,1.0000000,1.0000000,0.1863097,0.4540000,0.5710079,1.3459350,2.2700000,0,0.2198727
-6.2000000,-35.0000000,1.4700000,0.2463942,1.2045935,1.0000000,1.0000000,1.0000000,0.2045455,0.2940000,0.4486113,1.3945260,1.4700000,0,0.2463942
-6.2000000,-34.8000000,2.1199999,0.2290190,1.1864203,1.0000000,1.0000000,1.0000000,0.1930336,0.4240000,0.5504112,1.3618240,2.1199999,0,0.2290190
-6.2000000,-34.6000000,2.3000000,0.2145402,1.1852280,1.0000000,1.0000000,1.0000000,0.1810118,0.4600000,0.5691227,1.3464550,2.3000000,0,0.2145402
-6.0000000,-35.0000000,1.8700000,0.2444533,1.2038680,1.0000000,1.0000000,1.0000000,0.2030566,0.3740000,0.5137219,1.3909550,1.8700000,0,0.2444533
-6.0000000,-34.8000000,2.1800001,0.2274846,1.1921244,1.0000000,1.0000000,1.0000000,0.1908229,0.4360000,0.5565565,1.3658580,2.1800001,0,0.2274846
-5.8000000,-35.0000000,1.9000000,0.2406079,1.1987146,1.0000000,1.0000000,1.0000000,0.2007216,0.3800000,0.5177278,1.3817650,1.9000000,0,0.2406079
-5.8000000,-34.8000000,2.2400000,0.2199057,1.1966711,1.0000000,1.0000000,1.0000000,0.1837645,0.4480000,0.5581364,1.3633580,2.2400000,0,0.2199057
-5.6000000,-35.0000000,2.0300000,0.2353465,1.2037641,1.0000000,1.0000000,1.0000000,0.1955088,0.4060000,0.5327842,1.3836370,2.0300000,0,0.2353465
-5.6000000,-34.8000000,2.3000000,0.2155669,1.2018226,1.0000000,1.0000000,1.0000000,0.1793667,0.4600000,0.5621187,1.3658960,2.3000000,0,0.2155669
-5.4000000,-35.2000000,2.0100000,0.2407524,1.2793291,1.0000000,1.0000000,1.0000000,0.1881864,0.4020000,0.5024136,1.4660340,2.0100000,0,0.2407524
-5.4000000,-35.0000000,2.2100000,0.2275948,1.2121117,1.0000000,1.0000000,1.0000000,0.1877672,0.4420000,0.5524200,1.3849890,2.2100000,0,0.2275948
-5.4000000,-34.8000000,2.3399999,0.2104940,1.2078772,1.0000000,1.0000000,1.0000000,0.1742677,0.4680000,0.5617243,1.3667380,2.3399999,0,0.2104940
-5.2000000,-35.4000000,1.8700000,0.2236224,1.3938394,1.0000000,1.0000000,1.0000000,0.1604363,0.3740000,0.4287599,1.5674700,1.8700000,0,0.2236224
-5.2000000,-35.2000000,2.0599999,0.2214158,1.2726834,1.0000000,1.0000000,1.0000000,0.1739756,0.4120000,0.4977010,1.4429340,2.0599999,0,0.2214158
-5.2000000,-35.0000000,2.2700000,0.2180853,1.2210003,1.0000000,1.0000000,1.0000000,0.1786120,0.4540000,0.5504383,1.3861250,2.2700000,0,0.2180853
-5.0000000,-36.6000000,1.4200000,0.2344436,1.4647286,1.0000000,1.0000000,1.0000000,0.1600594,0.2840000,0.3539520,1.6442530,1.4200000,0,0.2344436
-5.0000000,-36.2000000,1.3600000,0.2213211,1.5589752,1.0000000,1.0000000,1.0000000,0.1419658,0.2720000,0.3164394,1.7295750,1.3600000,0,0.2213211
-5.0000000,-35.6000000,1.7200000,0.2141664,1.3518318,1.0000000,1.0000000,1.0000000,0.1584268,0.3440000,0.4128963,1.5154320,1.7200000,0,0.2141664
-5.0000000,-35.4000000,1.9299999,0.2102724,1.3159919,1.0000000,1.0000000,1.0000000,0.1597824,0.3860000,0.4530973,1.4766230,1.9299999,0,0.2102724
-5.0000000,-35.2000000,2.1400001,0.2041568,1.2661611,1.0000000,1.0000000,1.0000000,0.1612408,0.4280000,0.4992704,1.4216470,2.1400001,0,0.2041568
-5.0000000,-35.0000000,2.2900000,0.1861629,1.2328014,1.0000000,1.0000000,1.0000000,0.1510080,0.4580000,0.5225196,1.3708410,2.2900000,0,0.1861629
-4.8000000,-37.2000000,1.7600000,0.2636418,2.0688596,1.0000000,1.0000000,1.0000000,0.1274334,0.3520000,0.2975754,2.2768730,1.7600000,0,0.2636418
-4.8000000,-37.0000000,1.7900000,0.2487869,1.4380066,1.0000000,1.0000000,1.0000000,0.1730082,0.3580000,0.4219639,1.6326790,1.7900000,0,0.2487869
-4.8000000,-36.8000000,1.8600000,0.2403266,1.3843522,1.0000000,1.0000000,1.0000000,0.1736022,0.3720000,0.4423200,1.5711850,1.8600000,0,0.2403266
-4.8000000,-36.6000000,1.9000000,0.2330275,1.3423735,1.0000000,1.0000000,1.0000000,0.1735936,0.3800000,0.4566743,1.5222510,1.9000000,0,0.2330275
-4.8000000,-36.4000000,1.9100000,0.2280195,1.3007330,1.0000000,1.0000000,1.0000000,0.1753008,0.3820000,0.4689813,1.4760110,1.9100000,0,0.2280195
-4.8000000,-36.2000000,1.9100000,0.2233374,1.2914358,1.0000000,1.0000000,1.0000000,0.1729373,0.3820000,0.4687321,1.4610800,1.9100000,0,0.2233374
-4.8000000,-36.0000000,1.9299999,0.2191107,1.2885003,1.0000000,1.0000000,1.0000000,0.1700509,0.3860000,0.4696240,1.4543710,1.9299999,0,0.2191107
-4.8000000,-35.8000000,1.9800000,0.2140296,1.2892865,1.0000000,1.0000000,1.0000000,0.1660062,0.3960000,0.4731529,1.4496640,1.9800000,0,0.2140296
-4.8000000,-35.6000000,2.0699999,0.2080265,1.2941575,1.0000000,1.0000000,1.0000000,0.1607428,0.4140000,0.4806420,1.4497950,2.0699999,0,0.2080265
-4.8000000,-35.4000000,2.1700001,0.2037512,1.2810693,1.0000000,1.0000000,1.0000000,0.1590478,0.4340000,0.4978273,1.4335940,2.1700001,0,0.2037512
-4.6000000,-37.4000000,1.5200000,0.2635698,1.4794567,1.0000000,1.0000000,1.0000000,0.1781531,0.3040000,0.3836339,1.6884420,1.5200000,0,0.2635698
-4.6000000,-37.2000000,1.9299999,0.2519175,1.4206010,1.0000000,1.0000000,1.0000000,0.1773316,0.3860000,0.4490476,1.6190920,1.9299999,0,0.2519175
-4.6000000,-37.0000000,2.0599999,0.2424390,1.3400213,1.0000000,1.0000000,1.0000000,0.1809218,0.4120000,0.4883795,1.5279050,2.0599999,0,0.2424390
-4.6000000,-36.8000000,2.0899999,0.2369577,1.3054539,1.0000000,1.0000000,1.0000000,0.1815136,0.4180000,0.5017088,1.4870540,2.0899999,0,0.2369577
-4.6000000,-36.6000000,2.0899999,0.2318775,1.3023951,1.0000000,1.0000000,1.0000000,0.1780393,0.4180000,0.4989864,1.4791660,2.0899999,0,0.2318775
-4.6000000,-36.0000000,2.1199999,0.2152776,1.2890174,1.0000000,1.0000000,1.0000000,0.1670091,0.4240000,0.4959418,1.4509930,2.1199999,0,0.2152776
-4.4000000,-37.6000000,1.7500000,0.2650672,1.4907566,1.0000000,1.0000000,1.0000000,0.1778072,0.3500000,0.4125873,1.7018030,1.7500000,0,0.2650672
-4.4000000,-37.4000000,2.0000000,0.2534499,1.4261932,1.0000000,1.0000000,1.0000000,0.1777108,0.4000000,0.4581777,1.6245440,2.0000000,0,0.2534499
-4.4000000,-37.2000000,2.0999999,0.2459871,1.3334876,1.0000000,1.0000000,1.0000000,0.1844690,0.4200000,0.4994325,1.5243340,2.0999999,0,0.2459871
-4.4000000,-37.0000000,2.1500001,0.2398145,1.3100811,1.0000000,1.0000000,1.0000000,0.1830532,0.4300000,0.5112771,1.4951440,2.1500001,0,0.2398145
-4.2000000,-37.8000000,1.6300000,0.2640821,1.4915198,1.0000000,1.0000000,1.0000000,0.1770557,0.3260000,0.3956247,1.7003990,1.6300000,0,0.2640821
-4.2000000,-37.6000000,1.9100000,0.2550741,1.4323583,1.0000000,1.0000000,1.0000000,0.1780798,0.3820000,0.4447729,1.6331430,1.9100000,0,0.2550741
-4.2000000,-37.4000000,2.1400001,0.2479785,1.3566934,1.0000000,1.0000000,1.0000000,0.1827815,0.4280000,0.4982544,1.5485920,2.1400001,0,0.2479785
-4.2000000,-32.6000000,2.4300001,0.1454512,1.1897959,1.0000000,1.0000000,1.0000000,0.1222489,0.4860000,0.5307223,1.2842320,2.4300001,0,0.1454512
-4.2000000,-32.4000000,2.4100001,0.1436152,1.1847913,1.0000000,1.0000000,1.0000000,0.1212156,0.4820000,0.5280383,1.2779390,2.4100001,0,0.1436152
-4.2000000,-32.2000000,2.4300001,0.1424239,1.1801646,1.0000000,1.0000000,1.0000000,0.1206814,0.4860000,0.5324884,1.2719150,2.4300001,0,0.1424239
-4.0000000,-38.0000000,1.7100000,0.2612385,1.4783523,1.0000000,1.0000000,1.0000000,0.1767092,0.3420000,0.4080479,1.6858460,1.7100000,0,0.2612385
-4.0000000,-37.8000000,1.8700000,0.2537303,1.4258577,1.0000000,1.0000000,1.0000000,0.1779492,0.3740000,0.4402475,1.6258220,1.8700000,0,0.2537303
-4.0000000,-37.6000000,2.1099999,0.2475664,1.3608757,1.0000000,1.0000000,1.0000000,0.1819170,0.4220000,0.4920114,1.5533170,2.1099999,0,0.2475664
-4.0000000,-32.8000000,2.4400001,0.1425090,1.1980526,1.0000000,1.0000000,1.0000000,0.1189505,0.4880000,0.5262782,1.2887790,2.4400001,0,0.1425090
-4.0000000,-32.6000000,2.4100001,0.1406782,1.1920595,1.0000000,1.0000000,1.0000000,0.1180127,0.4820000,0.5223550,1.2819780,2.4100001,0,0.1406782
-4.0000000,-32.4000000,2.3900001,0.1388470,1.1865040,1.0000000,1.0000000,1.0000000,0.1170219,0.4780000,0.5198862,1.2750850,2.3900001,0,0.1388470
-4.0000000,-32.2000000,2.4200001,0.1378827,1.1825860,1.0000000,1.0000000,1.0000000,0.1165942,0.4840000,0.5258668,1.2703110,2.4200001,0,0.1378827
-4.0000000,-32.0000000,2.4400001,0.1364177,1.1783954,1.0000000,1.0000000,1.0000000,0.1157656,0.4880000,0.5298881,1.2648230,2.4400001,0,0.1364177
-3.8000000,-38.2000000,1.7700000,0.2535237,1.4566081,1.0000000,1.0000000,1.0000000,0.1740507,0.3540000,0.4170811,1.6564020,1.7700000,0,0.2535237
-3.8000000,-38.0000000,1.9500000,0.2504104,1.4135976,1.0000000,1.0000000,1.0000000,0.1771440,0.3900000,0.4530359,1.6095910,1.9500000,0,0.2504104
-3.8000000,-32.8000000,2.3499999,0.1381561,1.2006210,1.0000000,1.0000000,1.0000000,0.1150705,0.4700000,0.5065346,1.2887800,2.3499999,0,0.1381561
-3.8000000,-32.6000000,2.2600000,0.1367571,1.1975375,1.0000000,1.0000000,1.0000000,0.1141986,0.4520000,0.4916398,1.2845210,2.2600000,0,0.1367571
-3.8000000,-32.4000000,2.2300000,0.1348846,1.1942364,1.0000000,1.0000000,1.0000000,0.1129463,0.4460000,0.4864067,1.2789700,2.2300000,0,0.1348846
-3.8000000,-32.2000000,2.4000001,0.1341080,1.1856674,1.0000000,1.0000000,1.0000000,0.1131076,0.4800000,0.5179429,1.2697200,2.4000001,0,0.1341080
-3.8000000,-32.0000000,2.4300001,0.1322672,1.1813711,1.0000000,1.0000000,1.0000000,0.1119608,0.4860000,0.5233472,1.2629780,2.4300001,0,0.1322672
-3.6000000,-38.6000000,1.6200000,0.2521077,1.4399749,1.0000000,1.0000000,1.0000000,0.1750778,0.3240000,0.4000818,1.6386460,1.6200000,0,0.2521077
-3.6000000,-38.4000000,1.8099999,0.2438623,1.4282607,1.0000000,1.0000000,1.0000000,0.1707407,0.3620000,0.4241959,1.6188000,1.8099999,0,0.2438623
-3.6000000,-38.2000000,1.9800000,0.2401954,1.3952786,1.0000000,1.0000000,1.0000000,0.1721487,0.3960000,0.4559630,1.5811220,1.9800000,0,0.2401954
-3.6000000,-38.0000000,2.0799999,0.2387158,1.3518294,1.0000000,1.0000000,1.0000000,0.1765872,0.4160000,0.4843183,1.5356030,2.0799999,0,0.2387158
-3.6000000,-32.8000000,2.3399999,0.1339079,1.2035800,1.0000000,1.0000000,1.0000000,0.1112580,0.4680000,0.5000979,1.2867440,2.3399999,0,0.1339079
-3.6000000,-32.6000000,2.2800000,0.1328752,1.1996425,1.0000000,1.0000000,1.0000000,0.1107623,0.4560000,0.4908756,1.2819220,2.2800000,0,0.1328752
-3.6000000,-32.4000000,2.2500000,0.1317790,1.1945709,1.0000000,1.0000000,1.0000000,0.1103149,0.4500000,0.4870192,1.2751610,2.2500000,0,0.1317790
-3.6000000,-32.2000000,2.3499999,0.1300701,1.1891481,1.0000000,1.0000000,1.0000000,0.1093809,0.4700000,0.5046218,1.2686220,2.3499999,0,0.1300701
-3.6000000,-32.0000000,2.4200001,0.1287271,1.1840705,1.0000000,1.0000000,1.0000000,0.1087157,0.4840000,0.5174752,1.2618040,2.4200001,0,0.1287271
-3.4000000,-38.8000000,1.7900000,0.2497091,1.4214851,1.0000000,1.0000000,1.0000000,0.1756678,0.3580000,0.4275170,1.6171960,1.7900000,0,0.2497091
-3.4000000,-38.6000000,1.9299999,0.2406057,1.4031943,1.0000000,1.0000000,1.0000000,0.1714700,0.3860000,0.4465566,1.5898890,1.9299999,0,0.2406057
-3.4000000,-38.4000000,2.0400000,0.2357712,1.3774785,1.0000000,1.0000000,1.0000000,0.1711614,0.4080000,0.4673548,1.5598730,2.0400000,0,0.2357712
-3.4000000,-38.2000000,2.1199999,0.2292750,1.3486379,1.0000000,1.0000000,1.0000000,0.1700049,0.4240000,0.4843961,1.5233720,2.1199999,0,0.2292750
-3.4000000,-32.4000000,2.3000000,0.1283999,1.1969560,1.0000000,1.0000000,1.0000000,0.1072720,0.4600000,0.4915802,1.2739870,2.3000000,0,0.1283999
-3.2000000,-39.2000000,1.5000000,0.2532381,1.4331143,1.0000000,1.0000000,1.0000000,0.1767047,0.3000000,0.3860391,1.6324630,1.5000000,0,0.2532381
-3.2000000,-39.0000000,1.8300000,0.2468337,1.4035621,1.0000000,1.0000000,1.0000000,0.1758623,0.3660000,0.4366274,1.5953190,1.8300000,0,0.2468337
-3.2000000,-38.8000000,2.0200000,0.2397750,1.3768647,1.0000000,1.0000000,1.0000000,0.1741457,0.4040000,0.4675659,1.5621430,2.0200000,0,0.2397750
-3.2000000,-38.6000000,2.1199999,0.2328296,1.3462827,1.0000000,1.0000000,1.0000000,0.1729426,0.4240000,0.4878838,1.5244290,2.1199999,0,0.2328296
-3.0000000,-39.4000000,1.6799999,0.2473095,1.4607271,1.0000000,1.0000000,1.0000000,0.1693058,0.3360000,0.3993282,1.6539550,1.6799999,0,0.2473095
-3.0000000,-39.2000000,1.9000000,0.2409011,1.4016039,1.0000000,1.0000000,1.0000000,0.1718753,0.3800000,0.4429933,1.5881620,1.9000000,0,0.2409011
-3.0000000,-39.0000000,2.0699999,0.2352977,1.3580377,1.0000000,1.0000000,1.0000000,0.1732630,0.4140000,0.4781146,1.5382960,2.0699999,0,0.2352977
-3.0000000,-38.8000000,2.1400001,0.2324771,1.3296916,1.0000000,1.0000000,1.0000000,0.1748354,0.4280000,0.4967145,1.5064340,2.1400001,0,0.2324771
-2.8000000,-41.6000000,1.0300000,0.2512849,1.6268508,1.0000000,1.0000000,1.0000000,0.1544609,0.2060000,0.2810859,1.8152570,1.0300000,0,0.2512849
-2.8000000,-41.4000000,1.1700000,0.2404488,1.6326790,1.0000000,1.0000000,1.0000000,0.1472726,0.2340000,0.2905953,1.8117090,1.1700000,0,0.2404488
-2.8000000,-41.2000000,1.4500000,0.2345434,1.6303866,1.0000000,1.0000000,1.0000000,0.1438575,0.2900000,0.3217295,1.8055840,1.4500000,0,0.2345434
-2.8000000,-41.0000000,1.3900000,0.2304513,1.6255301,1.0000000,1.0000000,1.0000000,0.1417699,0.2780000,0.3127911,1.7960680,1.3900000,0,0.2304513
-2.8000000,-40.8000000,1.3000000,0.2255070,1.6176599,1.0000000,1.0000000,1.0000000,0.1394032,0.2600000,0.3001292,1.7837680,1.3000000,0,0.2255070
-2.8000000,-40.6000000,1.2900000,0.2193917,1.6075560,1.0000000,1.0000000,1.0000000,0.1364753,0.2580000,0.2969674,1.7677700,1.2900000,0,0.2193917
-2.8000000,-40.4000000,1.4400001,0.2160929,1.5843012,1.0000000,1.0000000,1.0000000,0.1363963,0.2880000,0.3181800,1.7404380,1.4400001,0,0.2160929
-2.8000000,-40.2000000,1.5800000,0.2139639,1.5765105,1.0000000,1.0000000,1.0000000,0.1357199,0.3160000,0.3361626,1.7307410,1.5800000,0,0.2139639
-2.8000000,-40.0000000,1.6700000,0.2163640,1.5858251,1.0000000,1.0000000,1.0000000,0.1364362,0.3340000,0.3470521,1.7441290,1.6700000,0,0.2163640
-2.8000000,-39.8000000,1.7900000,0.2322340,1.5430107,1.0000000,1.0000000,1.0000000,0.1505071,0.3580000,0.3825210,1.7173860,1.7900000,0,0.2322340
-2.8000000,-39.6000000,1.9000000,0.2382470,1.4918196,1.0000000,1.0000000,1.0000000,0.1597023,0.3800000,0.4144248,1.6720540,1.9000000,0,0.2382470
-2.8000000,-39.4000000,1.9900000,0.2353512,1.4334669,1.0000000,1.0000000,1.0000000,0.1641832,0.3980000,0.4418318,1.6124440,1.9900000,0,0.2353512
-2.8000000,-39.2000000,2.0999999,0.2326195,1.3703669,1.0000000,1.0000000,1.0000000,0.1697498,0.4200000,0.4762370,1.5478430,2.0999999,0,0.2326195
-2.6000000,-42.4000000,1.4900000,0.2665628,1.6183451,1.0000000,1.0000000,1.0000000,0.1647132,0.2980000,0.3488519,1.8194580,1.4900000,0,0.2665628
-2.6000000,-42.2000000,1.4500000,0.2565855,1.5947008,1.0000000,1.0000000,1.0000000,0.1608988,0.2900000,0.3427511,1.7868170,1.4500000,0,0.2565855
-2.6000000,-42.0000000,1.4299999,0.2506180,1.5762960,1.0000000,1.0000000,1.0000000,0.1589917,0.2860000,0.3404297,1.7619560,1.4299999,0,0.2506180
-2.6000000,-41.8000000,1.4500000,0.2475172,1.5735105,1.0000000,1.0000000,1.0000000,0.1573025,0.2900000,0.3416038,1.7560470,1.4500000,0,0.2475172
-2.6000000,-41.6000000,1.6600000,0.2413260,1.5769337,1.0000000,1.0000000,1.0000000,0.1530350,0.3320000,0.3635701,1.7532320,1.6600000,0,0.2413260
-2.6000000,-41.4000000,1.4600000,0.2349434,1.5788423,1.0000000,1.0000000,1.0000000,0.1488074,0.2920000,0.3337530,1.7493670,1.4600000,0,0.2349434
-2.6000000,-41.2000000,1.8500000,0.2285352,1.5765820,1.0000000,1.0000000,1.0000000,0.1449561,0.3700000,0.3796410,1.7420600,1.8500000,0,0.2285352
-2.6000000,-41.0000000,1.7400000,0.2258980,1.5782756,1.0000000,1.0000000,1.0000000,0.1431296,0.3480000,0.3636234,1.7408420,1.7400000,0,0.2258980
-2.6000000,-40.8000000,1.6200000,0.2205828,1.5734189,1.0000000,1.0000000,1.0000000,0.1401933,0.3240000,0.3461143,1.7322150,1.6200000,0,0.2205828
-2.6000000,-40.6000000,1.9400001,0.2167646,1.5685949,1.0000000,1.0000000,1.0000000,0.1381903,0.3880000,0.3855454,1.7235080,1.9400001,0,0.2167646
-2.6000000,-40.4000000,1.9700000,0.2119205,1.5599948,1.0000000,1.0000000,1.0000000,0.1358469,0.3940000,0.3884119,1.7108780,1.9700000,0,0.2119205
-2.6000000,-40.2000000,1.9800000,0.2099726,1.5483059,1.0000000,1.0000000,1.0000000,0.1356144,0.3960000,0.3913778,1.6980560,1.9800000,0,0.2099726
-2.6000000,-40.0000000,1.9700000,0.2092837,1.5257776,1.0000000,1.0000000,1.0000000,0.1371653,0.3940000,0.3953943,1.6736310,1.9700000,0,0.2092837
-2.6000000,-39.8000000,1.9900000,0.2146023,1.4879872,1.0000000,1.0000000,1.0000000,0.1442232,0.3980000,0.4116986,1.6414020,1.9900000,0,0.2146023
-2.6000000,-39.6000000,2.0400000,0.2253191,1.4414189,1.0000000,1.0000000,1.0000000,0.1563176,0.4080000,0.4393720,1.6068230,2.0400000,0,0.2253191
-2.4000000,-44.2000000,0.8200000,0.3228113,2.2062252,1.0000000,1.0000000,1.0000000,0.1463184,0.1640000,0.2206535,2.4602960,0.8200000,0,0.3228113
-2.4000000,-44.0000000,1.0500000,0.3082980,2.5863447,1.0000000,1.0000000,1.0000000,0.1192022,0.2100000,0.2003979,2.8271300,1.0500000,0,0.3082980
-2.4000000,-43.0000000,1.3900000,0.2783288,1.6426266,1.0000000,1.0000000,1.0000000,0.1694413,0.2780000,0.3386824,1.8528840,1.3900000,0,0.2783288
-2.4000000,-42.8000000,1.7000000,0.2696709,1.6058426,1.0000000,1.0000000,1.0000000,0.1679311,0.3400000,0.3796579,1.8094390,1.7000000,0,0.2696709
-2.4000000,-42.6000000,1.8200001,0.2620273,1.5707337,1.0000000,1.0000000,1.0000000,0.1668184,0.3640000,0.3985573,1.7661240,1.8200001,0,0.2620273
-2.4000000,-42.4000000,2.0699999,0.2554933,1.5405360,1.0000000,1.0000000,1.0000000,0.1658470,0.4140000,0.4345846,1.7295170,2.0699999,0,0.2554933
-2.4000000,-42.2000000,2.0799999,0.2486872,1.5167233,1.0000000,1.0000000,1.0000000,0.1639635,0.4160000,0.4382389,1.6995270,2.0799999,0,0.2486872
-2.4000000,-42.0000000,2.0799999,0.2429639,1.4958448,1.0000000,1.0000000,1.0000000,0.1624259,0.4160000,0.4405296,1.6736470,2.0799999,0,0.2429639
-2.4000000,-41.8000000,2.0999999,0.2392137,1.4819063,1.0000000,1.0000000,1.0000000,0.1614230,0.4200000,0.4448417,1.6569740,2.0999999,0,0.2392137
-2.4000000,-41.6000000,2.1300001,0.2346777,1.4720118,1.0000000,1.0000000,1.0000000,0.1594265,0.4260000,0.4488264,1.6428390,2.1300001,0,0.2346777
-2.4000000,-40.8000000,2.1600001,0.2171012,1.4904305,1.0000000,1.0000000,1.0000000,0.1456634,0.4320000,0.4355126,1.6462900,2.1600001,0,0.2171012
-2.4000000,-40.6000000,2.1300001,0.2137127,1.4797627,1.0000000,1.0000000,1.0000000,0.1444236,0.4260000,0.4323076,1.6321030,2.1300001,0,0.2137127
-2.4000000,-40.4000000,2.1199999,0.2100941,1.4704361,1.0000000,1.0000000,1.0000000,0.1428788,0.4240000,0.4312286,1.6187260,2.1199999,0,0.2100941
-2.4000000,-40.2000000,2.1199999,0.2053408,1.4595078,1.0000000,1.0000000,1.0000000,0.1406918,0.4240000,0.4312007,1.6039540,2.1199999,0,0.2053408
-2.4000000,-40.0000000,2.1199999,0.2033754,1.4435469,1.0000000,1.0000000,1.0000000,0.1408859,0.4240000,0.4346069,1.5845580,2.1199999,0,0.2033754
-2.2000000,-44.2000000,1.4200000,0.3123126,2.2751718,1.0000000,1.0000000,1.0000000,0.1372699,0.2840000,0.2620956,2.5175940,1.4200000,0,0.3123126
-2.2000000,-44.0000000,1.6600000,0.2993744,2.2280064,1.0000000,1.0000000,1.0000000,0.1343687,0.3320000,0.2833809,2.4575500,1.6600000,0,0.2993744
-2.2000000,-43.8000000,1.7000000,0.2895203,2.1693761,1.0000000,1.0000000,1.0000000,0.1334579,0.3400000,0.2901850,2.3900210,1.7000000,0,0.2895203
-2.2000000,-43.6000000,1.7800000,0.2825504,1.9087096,1.0000000,1.0000000,1.0000000,0.1480322,0.3560000,0.3345456,2.1253590,1.7800000,0,0.2825504
-2.2000000,-43.4000000,1.8800000,0.2764047,1.8025099,1.0000000,1.0000000,1.0000000,0.1533443,0.3760000,0.3619424,2.0124800,1.8800000,0,0.2764047
-2.2000000,-43.2000000,2.0000000,0.2704799,1.6708082,1.0000000,1.0000000,1.0000000,0.1618857,0.4000000,0.4012908,1.8754090,2.0000000,0,0.2704799
-2.2000000,-43.0000000,2.0000000,0.2640339,1.5854508,1.0000000,1.0000000,1.0000000,0.1665355,0.4000000,0.4188297,1.7833130,2.0000000,0,0.2640339
-2.2000000,-42.8000000,2.0699999,0.2581595,1.5173614,1.0000000,1.0000000,1.0000000,0.1701371,0.4140000,0.4429792,1.7099890,2.0699999,0,0.2581595
-2.2000000,-42.6000000,2.1600001,0.2523271,1.4631410,1.0000000,1.0000000,1.0000000,0.1724558,0.4320000,0.4677110,1.6492360,2.1600001,0,0.2523271
-2.0000000,-44.4000000,1.0500000,0.3246915,2.3147063,1.0000000,1.0000000,1.0000000,0.1402733,0.2100000,0.2309976,2.5681140,1.0500000,0,0.3246915
-2.0000000,-44.2000000,1.5800000,0.3040750,2.2629578,1.0000000,1.0000000,1.0000000,0.1343706,0.3160000,0.2740109,2.4986340,1.5800000,0,0.3040750
-2.0000000,-44.0000000,1.8300000,0.2923673,2.1702890,1.0000000,1.0000000,1.0000000,0.1347135,0.3660000,0.3033547,2.3939510,1.8300000,0,0.2923673
-2.0000000,-43.8000000,1.9200000,0.2832113,2.0385075,1.0000000,1.0000000,1.0000000,0.1389307,0.3840000,0.3273038,2.2540240,1.9200000,0,0.2832113
-2.0000000,-43.6000000,1.9900000,0.2763026,1.8674432,1.0000000,1.0000000,1.0000000,0.1479577,0.3980000,0.3610833,2.0762410,1.9900000,0,0.2763026
-2.0000000,-43.4000000,2.0899999,0.2700764,1.7139212,1.0000000,1.0000000,1.0000000,0.1575781,0.4180000,0.4014633,1.9149660,2.0899999,0,0.2700764
-2.0000000,-43.2000000,2.1199999,0.2645957,1.5862949,1.0000000,1.0000000,1.0000000,0.1668011,0.4240000,0.4340906,1.7828210,2.1199999,0,0.2645957
-2.0000000,-43.0000000,2.1500001,0.2591021,1.4923345,1.0000000,1.0000000,1.0000000,0.1736220,0.4300000,0.4617612,1.6876970,2.1500001,0,0.2591021
-1.8000000,-44.4000000,1.1300000,0.3088346,2.3204477,1.0000000,1.0000000,1.0000000,0.1330927,0.2260000,0.2304877,2.5572620,1.1300000,0,0.3088346
-1.8000000,-44.2000000,1.7100000,0.2959494,2.2129931,1.0000000,1.0000000,1.0000000,0.1337326,0.3420000,0.2882745,2.4414250,1.7100000,0,0.2959494
-1.6000000,-44.6000000,0.9200000,0.2932170,2.3988194,1.0000000,1.0000000,1.0000000,0.1222339,0.1840000,0.1989383,2.6236870,0.9200000,0,0.2932170
-1.6000000,-44.4000000,1.2000000,0.2878284,2.2719152,1.0000000,1.0000000,1.0000000,0.1266898,0.2400000,0.2323275,2.4918710,1.2000000,0,0.2878284
-1.6000000,-44.2000000,1.7200000,0.2840909,2.1247816,1.0000000,1.0000000,1.0000000,0.1337036,0.3440000,0.2956026,2.3413380,1.7200000,0,0.2840909
-1.4000000,-48.6000000,0.2000000,0.4223032,2.5834959,1.0000000,1.0000000,1.0000000,0.1634619,0.0400000,0.1789448,2.9167280,,0,0.4223032
-1.4000000,-45.2000000,0.9400000,0.2626798,3.1702898,1.0000000,1.0000000,1.0000000,0.0828567,0.1880000,0.1421573,3.3664490,0.9400000,0,0.2626798
-1.4000000,-45.0000000,0.9500000,0.2560381,3.2474427,1.0000000,1.0000000,1.0000000,0.0788430,0.1900000,0.1373506,3.4359410,0.9500000,0,0.2560381
-1.4000000,-44.8000000,1.1000000,0.2513366,2.4507828,1.0000000,1.0000000,1.0000000,0.1025536,0.2200000,0.1923208,2.6362550,1.1000000,0,0.2513366
-1.4000000,-44.6000000,1.1400000,0.2563502,2.2861652,1.0000000,1.0000000,1.0000000,0.1121311,0.2280000,0.2118614,2.4815740,1.1400000,0,0.2563502
-1.4000000,-44.4000000,1.5100000,0.2659529,2.1670780,1.0000000,1.0000000,1.0000000,0.1227242,0.3020000,0.2620824,2.3680850,1.5100000,0,0.2659529
-1.2000000,-48.6000000,0.2900000,0.4179646,2.4498761,1.0000000,1.0000000,1.0000000,0.1706064,0.0580000,0.1942811,2.7805540,,0,0.4179646
-1.2000000,-45.6000000,1.0400000,0.2575618,3.6989992,1.0000000,1.0000000,1.0000000,0.0696301,0.2080000,0.1258616,3.8867300,1.0400000,0,0.2575618
-1.2000000,-45.4000000,1.5000000,0.2560864,2.4107111,1.0000000,1.0000000,1.0000000,0.1062286,0.3000000,0.2306732,2.5993610,1.5000000,0,0.2560864
-1.2000000,-45.2000000,1.4900000,0.2515096,2.4432898,1.0000000,1.0000000,1.0000000,0.1029389,0.2980000,0.2249056,2.6296020,1.4900000,0,0.2515096
-1.2000000,-45.0000000,1.4800000,0.2455397,2.3554158,1.0000000,1.0000000,1.0000000,0.1042447,0.2960000,0.2299126,2.5347630,1.4800000,0,0.2455397
-1.2000000,-44.8000000,1.6500000,0.2416580,2.2715611,1.0000000,1.0000000,1.0000000,0.1063841,0.3300000,0.2516587,2.4502180,1.6500000,0,0.2416580
-1.2000000,-44.6000000,1.6700000,0.2442285,2.1594281,1.0000000,1.0000000,1.0000000,0.1130987,0.3340000,0.2677693,2.3405310,1.6700000,0,0.2442285
-1.0000000,-48.4000000,0.5400000,0.4019772,2.5781949,1.0000000,1.0000000,1.0000000,0.1559142,0.1080000,0.1978040,2.8920580,0.5400000,0,0.4019772
-1.0000000,-46.0000000,1.2000000,0.2526933,2.5235207,1.0000000,1.0000000,1.0000000,0.1001352,0.2400000,0.1952404,2.7050770,1.2000000,0,0.2526933
-1.0000000,-45.8000000,1.4100000,0.2478707,2.4707761,1.0000000,1.0000000,1.0000000,0.1003210,0.2820000,0.2144552,2.6502200,1.4100000,0,0.2478707
-1.0000000,-45.6000000,1.5599999,0.2425004,2.4324279,1.0000000,1.0000000,1.0000000,0.0996948,0.3120000,0.2279617,2.6055060,1.5599999,0,0.2425004
-1.0000000,-45.4000000,1.6500000,0.2377998,2.3795307,1.0000000,1.0000000,1.0000000,0.0999356,0.3300000,0.2386184,2.5484650,1.6500000,0,0.2377998
-1.0000000,-45.2000000,1.6200000,0.2361401,2.3259754,1.0000000,1.0000000,1.0000000,0.1015230,0.3240000,0.2408194,2.4927020,1.6200000,0,0.2361401
-1.0000000,-45.0000000,1.6100000,0.2362133,2.2534070,1.0000000,1.0000000,1.0000000,0.1048250,0.3220000,0.2477197,2.4221890,1.6100000,0,0.2362133
-1.0000000,-44.8000000,1.6200000,0.2342600,2.1460695,1.0000000,1.0000000,1.0000000,0.1091577,0.3240000,0.2601314,2.3141890,1.6200000,0,0.2342600
-1.0000000,-44.6000000,1.6300000,0.2329173,2.0318716,1.0000000,1.0000000,1.0000000,0.1146319,0.3260000,0.2750751,2.2007170,1.6300000,0,0.2329173
-0.8000000,-48.4000000,0.7200000,0.3954659,2.6618996,1.0000000,1.0000000,1.0000000,0.1485653,0.1440000,0.2026620,2.9697550,0.7200000,0,0.3954659
-0.8000000,-48.2000000,0.6100000,0.3813848,2.7227507,1.0000000,1.0000000,1.0000000,0.1400733,0.1220000,0.1848810,3.0152600,0.6100000,0,0.3813848
-0.8000000,-46.6000000,1.3000000,0.2650036,2.5890288,1.0000000,1.0000000,1.0000000,0.1023564,0.2600000,0.2027801,2.7786630,1.3000000,0,0.2650036
-0.8000000,-46.4000000,1.3700000,0.2526662,2.5181766,1.0000000,1.0000000,1.0000000,0.1003370,0.2740000,0.2091459,2.6982040,1.3700000,0,0.2526662
-0.8000000,-46.2000000,1.2300000,0.2441678,2.4806292,1.0000000,1.0000000,1.0000000,0.0984298,0.2460000,0.1975982,2.6533130,1.2300000,0,0.2441678
-0.8000000,-46.0000000,1.4100000,0.2393872,2.4373159,1.0000000,1.0000000,1.0000000,0.0982176,0.2820000,0.2139186,2.6052380,1.4100000,0,0.2393872
-0.8000000,-45.8000000,1.5400000,0.2340741,2.3809695,1.0000000,1.0000000,1.0000000,0.0983104,0.3080000,0.2276695,2.5450610,1.5400000,0,0.2340741
-0.8000000,-45.6000000,1.6000000,0.2302292,2.3165329,1.0000000,1.0000000,1.0000000,0.0993852,0.3200000,0.2375227,2.4759640,1.6000000,0,0.2302292
-0.8000000,-45.4000000,1.6000000,0.2283218,2.2552977,1.0000000,1.0000000,1.0000000,0.1012380,0.3200000,0.2431261,2.4134690,1.6000000,0,0.2283218
-0.6000000,-48.4000000,0.9100000,0.3848332,2.7246640,1.0000000,1.0000000,1.0000000,0.1412406,0.1820000,0.2080378,3.0224920,0.9100000,0,0.3848332
-0.6000000,-48.2000000,0.9379981,0.3690940,2.6438150,1.0000000,1.0000000,1.0000000,0.1396066,0.1875996,0.2105645,2.9107330,0.9379981,0,0.3690940
-0.6000000,-48.0000000,0.7800000,0.3483383,2.6715379,1.0000000,1.0000000,1.0000000,0.1303887,0.1560000,0.1887820,2.9207960,0.7800000,0,0.3483383
-0.6000000,-47.2000000,1.1300000,0.2818378,2.4760222,1.0000000,1.0000000,1.0000000,0.1138268,0.2260000,0.2051023,2.6733910,1.1300000,0,0.2818378
-0.6000000,-47.0000000,1.4900000,0.2681234,2.4829080,1.0000000,1.0000000,1.0000000,0.1079876,0.2980000,0.2280082,2.6705550,1.4900000,0,0.2681234
-0.6000000,-46.8000000,1.5400000,0.2558303,2.4850569,1.0000000,1.0000000,1.0000000,0.1029475,0.3080000,0.2268883,2.6654590,1.5400000,0,0.2558303
-0.6000000,-46.6000000,1.5200000,0.2472686,2.4611094,1.0000000,1.0000000,1.0000000,0.1004704,0.3040000,0.2239919,2.6359190,1.5200000,0,0.2472686
-0.6000000,-46.4000000,1.5400000,0.2398702,2.4254594,1.0000000,1.0000000,1.0000000,0.0988968,0.3080000,0.2258831,2.5939470,1.5400000,0,0.2398702
-0.6000000,-46.2000000,1.5100000,0.2345607,2.3727987,1.0000000,1.0000000,1.0000000,0.0988540,0.3020000,0.2261299,2.5362770,1.5100000,0,0.2345607
-0.6000000,-46.0000000,1.5100000,0.2309519,2.3132000,1.0000000,1.0000000,1.0000000,0.0998409,0.3020000,0.2303959,2.4740710,1.5100000,0,0.2309519
-0.4000000,-48.2000000,1.0800000,0.3533687,2.4672289,1.0000000,1.0000000,1.0000000,0.1432249,0.2160000,0.2307725,2.7218260,1.0800000,0,0.3533687
-0.4000000,-48.0000000,1.2300000,0.3317606,2.2928908,1.0000000,1.0000000,1.0000000,0.1446910,0.2460000,0.2519791,2.5242250,1.2300000,0,0.3317606
-0.4000000,-47.8000000,1.3700000,0.3140419,2.3338919,1.0000000,1.0000000,1.0000000,0.1345572,0.2740000,0.2519576,2.5520030,1.3700000,0,0.3140419
-0.4000000,-47.6000000,1.4700000,0.2967528,2.3760238,1.0000000,1.0000000,1.0000000,0.1248947,0.2940000,0.2486308,2.5815240,1.4700000,0,0.2967528
-0.4000000,-47.4000000,1.5700001,0.2803791,2.3896718,1.0000000,1.0000000,1.0000000,0.1173295,0.3140000,0.2487283,2.5826480,1.5700001,0,0.2803791
-0.4000000,-47.2000000,1.6100000,0.2666810,2.4022560,1.0000000,1.0000000,1.0000000,0.1110127,0.3220000,0.2450534,2.5838100,1.6100000,0,0.2666810
-0.4000000,-47.0000000,1.6300000,0.2545732,2.3969760,1.0000000,1.0000000,1.0000000,0.1062060,0.3260000,0.2422107,2.5711600,1.6300000,0,0.2545732
-0.4000000,-46.8000000,1.6000000,0.2447353,2.3835411,1.0000000,1.0000000,1.0000000,0.1026772,0.3200000,0.2369312,2.5511320,1.6000000,0,0.2447353
-0.4000000,-46.6000000,1.5300000,0.2385278,2.3491251,1.0000000,1.0000000,1.0000000,0.1015390,0.3060000,0.2318003,2.5148340,1.5300000,0,0.2385278
-0.2000000,-49.6000000,0.3100000,0.4766921,2.2075465,1.0000000,1.0000000,1.0000000,0.2159375,0.0620000,0.2440230,2.5820390,,0,0.4766921
-0.2000000,-48.4000000,0.8500000,0.3642409,2.3037856,1.0000000,1.0000000,1.0000000,0.1581054,0.1700000,0.2318970,2.5640170,0.8500000,0,0.3642409
-0.2000000,-48.2000000,1.0000000,0.3423014,2.2377560,1.0000000,1.0000000,1.0000000,0.1529664,0.2000000,0.2423416,2.4784980,1.0000000,0,0.3423014
-0.2000000,-48.0000000,1.3700000,0.3193335,2.2703166,1.0000000,1.0000000,1.0000000,0.1406559,0.2740000,0.2613439,2.4965350,1.3700000,0,0.3193335
-0.2000000,-47.8000000,1.5400000,0.3002082,2.3114767,1.0000000,1.0000000,1.0000000,0.1298772,0.3080000,0.2631254,2.5179680,1.5400000,0,0.3002082
-0.2000000,-47.6000000,1.6000000,0.2830735,2.3238599,1.0000000,1.0000000,1.0000000,0.1218118,0.3200000,0.2595137,2.5197880,1.6000000,0,0.2830735
-0.2000000,-47.4000000,1.6799999,0.2682522,2.3253515,1.0000000,1.0000000,1.0000000,0.1153598,0.3360000,0.2598541,2.5088430,1.6799999,0,0.2682522
-0.2000000,-47.2000000,1.7200000,0.2565557,2.3139346,1.0000000,1.0000000,1.0000000,0.1108742,0.3440000,0.2595388,2.4878650,1.7200000,0,0.2565557
-0.0000000,-50.4000000,0.2400000,0.5328526,1.9108416,1.0000000,1.0000000,1.0000000,0.2788575,0.0480000,0.3039774,2.3382640,,0,0.5328526
-0.0000000,-50.2000000,0.2100000,0.5174114,1.7618980,1.0000000,1.0000000,1.0000000,0.2936671,0.0420000,0.3175050,2.1755930,,0,0.5174114
-0.0000000,-50.0000000,0.2400000,0.5008087,1.7711568,1.0000000,1.0000000,1.0000000,0.2827580,0.0480000,0.3098589,2.1726070,,0,0.5008087
-0.0000000,-49.2000000,0.7700000,0.4334871,2.4662125,1.0000000,1.0000000,1.0000000,0.1757704,0.1540000,0.2382143,2.7924520,0.7700000,0,0.4334871
-0.0000000,-49.0000000,0.7900000,0.4110843,2.1871223,1.0000000,1.0000000,1.0000000,0.1879567,0.1580000,0.2601977,2.4920860,0.7900000,0,0.4110843
-0.0000000,-48.8000000,0.8200000,0.3921618,2.0760617,1.0000000,1.0000000,1.0000000,0.1888970,0.1640000,0.2678927,2.3616720,0.8200000,0,0.3921618
-0.0000000,-48.6000000,0.9000000,0.3745847,2.0454185,1.0000000,1.0000000,1.0000000,0.1831335,0.1800000,0.2711351,2.3200340,0.9000000,0,0.3745847
-0.0000000,-48.4000000,1.0700001,0.3538790,2.0452728,1.0000000,1.0000000,1.0000000,0.1730229,0.2140000,0.2776544,2.2952770,1.0700001,0,0.3538790
-0.0000000,-48.2000000,1.3500000,0.3299553,2.0658846,1.0000000,1.0000000,1.0000000,0.1597162,0.2700000,0.2904108,2.2950950,1.3500000,0,0.3299553
0.2000000,-50.6000000,0.3700000,0.5446900,2.5019608,1.0000000,1.0000000,1.0000000,0.2177052,0.0740000,0.2472821,2.9378650,,0,0.5446900
0.2000000,-49.6000000,0.6500000,0.4574778,3.0908599,1.0000000,1.0000000,1.0000000,0.1480099,0.1300000,0.1900694,3.4455640,0.6500000,0,0.4574778
0.2000000,-49.4000000,0.9400000,0.4380377,2.8432777,1.0000000,1.0000000,1.0000000,0.1540608,0.1880000,0.2201817,3.1716990,0.9400000,0,0.4380377
0.2000000,-49.2000000,1.2300000,0.4171966,2.3952248,1.0000000,1.0000000,1.0000000,0.1741785,0.2460000,0.2768828,2.7078370,1.2300000,0,0.4171966
0.2000000,-49.0000000,1.1799999,0.3987548,2.1883898,1.0000000,1.0000000,1.0000000,0.1822138,0.2360000,0.2900556,2.4828360,1.1799999,0,0.3987548
0.2000000,-48.8000000,1.1799999,0.3815194,1.9713342,1.0000000,1.0000000,1.0000000,0.1935336,0.2360000,0.3132495,2.2482040,1.1799999,0,0.3815194
0.2000000,-48.6000000,1.3300000,0.3635639,1.8465130,1.0000000,1.0000000,1.0000000,0.1968921,0.2660000,0.3409475,2.1077010,1.3300000,0,0.3635639
0.4000000,-50.0000000,0.5900000,0.4893948,3.0326958,1.0000000,1.0000000,1.0000000,0.1613729,0.1180000,0.2002821,3.4398600,0.5900000,0,0.4893948
0.4000000,-49.8000000,0.7100000,0.4717003,3.3357494,1.0000000,1.0000000,1.0000000,0.1414076,0.1420000,0.1839767,3.7130230,0.7100000,0,0.4717003
0.4000000,-49.6000000,0.9100000,0.4471037,3.5344822,1.0000000,1.0000000,1.0000000,0.1264977,0.1820000,0.1779903,3.8834680,0.9100000,0,0.4471037
0.4000000,-49.4000000,1.3600000,0.4229958,2.7057862,1.0000000,1.0000000,1.0000000,0.1563301,0.2720000,0.2568554,3.0295400,1.3600000,0,0.4229958
0.4000000,-49.2000000,1.4100000,0.4041612,2.3254781,1.0000000,1.0000000,1.0000000,0.1737970,0.2820000,0.2950624,2.6255710,1.4100000,0,0.4041612
0.4000000,-29.4000000,2.3000000,0.1125473,1.1271049,1.0000000,1.0000000,1.0000000,0.0998552,0.4600000,0.5079805,1.1782180,2.3000000,0,0.1125473
0.6000000,-50.4000000,0.3700000,0.5234358,2.7753961,1.0000000,1.0000000,1.0000000,0.1885986,0.0740000,0.2152615,3.1914430,,0,0.5234358
0.6000000,-50.2000000,0.6200000,0.5050115,3.0005915,1.0000000,1.0000000,1.0000000,0.1683040,0.1240000,0.2096292,3.4056900,0.6200000,0,0.5050115
0.6000000,-50.0000000,1.0300000,0.4828028,3.1824439,1.0000000,1.0000000,1.0000000,0.1517082,0.2060000,0.2164383,3.5699790,1.0300000,0,0.4828028
0.6000000,-49.8000000,1.1900001,0.4603121,3.3150740,1.0000000,1.0000000,1.0000000,0.1388542,0.2380000,0.2106475,3.6763770,1.1900001,0,0.4603121
0.6000000,-49.6000000,1.3099999,0.4338199,3.1691415,1.0000000,1.0000000,1.0000000,0.1368888,0.2620000,0.2195610,3.5050590,1.3099999,0,0.4338199
0.6000000,-49.4000000,1.4200000,0.4109300,2.5505397,1.0000000,1.0000000,1.0000000,0.1611149,0.2840000,0.2724639,2.8570550,1.4200000,0,0.4109300
0.6000000,-49.2000000,1.4700000,0.3942170,2.1659725,1.0000000,1.0000000,1.0000000,0.1820046,0.2940000,0.3177404,2.4602850,1.4700000,0,0.3942170
0.6000000,-29.8000000,2.2900000,0.1177135,1.1348748,1.0000000,1.0000000,1.0000000,0.1037238,0.4580000,0.5072925,1.1906340,2.2900000,0,0.1177135
0.6000000,-29.6000000,2.2900000,0.1166320,1.1300615,1.0000000,1.0000000,1.0000000,0.1032085,0.4580000,0.5084962,1.1852160,2.2900000,0,0.1166320
0.6000000,-29.4000000,2.2900000,0.1154918,1.1251336,1.0000000,1.0000000,1.0000000,0.1026472,0.4580000,0.5097100,1.1794910,2.2900000,0,0.1154918
0.6000000,-29.2000000,2.2900000,0.1145860,1.1194175,1.0000000,1.0000000,1.0000000,0.1023622,0.4580000,0.5115035,1.1721430,2.2900000,0,0.1145860
0.6000000,-29.0000000,2.2900000,0.1133946,1.1133417,1.0000000,1.0000000,1.0000000,0.1018507,0.4580000,0.5132248,1.1648050,2.2900000,0,0.1133946
0.8000000,-50.2000000,0.5100000,0.5000188,2.9792657,1.0000000,1.0000000,1.0000000,0.1678329,0.1020000,0.2020695,3.3808700,0.5100000,0,0.5000188
0.8000000,-50.0000000,0.7300000,0.4769921,2.9822874,1.0000000,1.0000000,1.0000000,0.1599417,0.1460000,0.2088974,3.3605770,0.7300000,0,0.4769921
0.8000000,-49.8000000,1.1600000,0.4502797,2.7775474,1.0000000,1.0000000,1.0000000,0.1621141,0.2320000,0.2456411,3.1309300,1.1600000,0,0.4502797
0.8000000,-49.6000000,1.3099999,0.4216789,2.5232780,1.0000000,1.0000000,1.0000000,0.1671155,0.2620000,0.2709487,2.8479370,1.3099999,0,0.4216789
0.8000000,-49.4000000,1.4200000,0.4010932,2.2059343,1.0000000,1.0000000,1.0000000,0.1818246,0.2840000,0.3105683,2.5080510,1.4200000,0,0.4010932
0.8000000,-29.8000000,2.2900000,0.1213806,1.1313561,1.0000000,1.0000000,1.0000000,0.1072877,0.4580000,0.5121116,1.1897740,2.2900000,0,0.1213806
0.8000000,-29.6000000,2.2900000,0.1202772,1.1272657,1.0000000,1.0000000,1.0000000,0.1066982,0.4580000,0.5129910,1.1854590,2.2900000,0,0.1202772
0.8000000,-29.4000000,2.2800000,0.1192052,1.1225137,1.0000000,1.0000000,1.0000000,0.1061949,0.4560000,0.5124260,1.1799450,2.2800000,0,0.1192052
0.8000000,-29.2000000,2.2900000,0.1184241,1.1160141,1.0000000,1.0000000,1.0000000,0.1061134,0.4580000,0.5165025,1.1727480,2.2900000,0,0.1184241
0.8000000,-29.0000000,2.2900000,0.1173132,1.1100265,1.0000000,1.0000000,1.0000000,0.1056850,0.4580000,0.5182878,1.1649530,2.2900000,0,0.1173132
1.0000000,-50.0000000,0.5700000,0.4724265,2.8842726,1.0000000,1.0000000,1.0000000,0.1637940,0.1140000,0.2033187,3.2540180,0.5700000,0,0.4724265
1.0000000,-49.8000000,1.0300000,0.4400618,2.3051243,1.0000000,1.0000000,1.0000000,0.1909059,0.2060000,0.2802720,2.6529830,1.0300000,0,0.4400618
1.0000000,-49.6000000,1.3099999,0.4114391,2.0759978,1.0000000,1.0000000,1.0000000,0.1981886,0.2620000,0.3243930,2.3963280,1.3099999,0,0.4114391
1.0000000,-29.8000000,2.2879980,0.1251259,1.1263878,1.0000000,1.0000000,1.0000000,0.1110860,0.4575996,0.5173400,1.1867650,2.2879980,0,0.1251259
1.0000000,-29.6000000,2.2800000,0.1240760,1.1204191,1.0000000,1.0000000,1.0000000,0.1107407,0.4560000,0.5177313,1.1802220,2.2800000,0,0.1240760
1.0000000,-29.4000000,2.2800000,0.1231605,1.1147608,1.0000000,1.0000000,1.0000000,0.1104815,0.4560000,0.5195379,1.1729660,2.2800000,0,0.1231605
1.0000000,-29.2000000,2.2800000,0.1223183,1.1102796,1.0000000,1.0000000,1.0000000,0.1101689,0.4560000,0.5208763,1.1680740,2.2800000,0,0.1223183
1.0000000,-29.0000000,2.2800000,0.1214026,1.1059366,1.0000000,1.0000000,1.0000000,0.1097736,0.4560000,0.5220938,1.1627120,2.2800000,0,0.1214026
1.2000000,-49.8000000,0.9300000,0.4244472,1.8460319,1.0000000,1.0000000,1.0000000,0.2299241,0.1860000,0.3306807,2.1846190,0.9300000,0,0.4244472
1.2000000,-49.6000000,1.4400001,0.3996695,1.8027036,1.0000000,1.0000000,1.0000000,0.2217056,0.2880000,0.3814657,2.1104160,1.4400001,0,0.3996695
1.2000000,-29.6000000,2.2800000,0.1284781,1.1172181,1.0000000,1.0000000,1.0000000,0.1149982,0.4560000,0.5231549,1.1786970,2.2800000,0,0.1284781
1.2000000,-29.4000000,2.2800000,0.1275014,1.1115457,1.0000000,1.0000000,1.0000000,0.1147064,0.4560000,0.5249459,1.1722480,2.2800000,0,0.1275014
1.2000000,-29.2000000,2.2800000,0.1266492,1.1064157,1.0000000,1.0000000,1.0000000,0.1144680,0.4560000,0.5266097,1.1665720,2.2800000,0,0.1266492
1.4000000,-49.8000000,1.3600000,0.4006742,2.0538232,1.0000000,1.0000000,1.0000000,0.1950870,0.2720000,0.3275229,2.3720600,1.3600000,0,0.4006742
1.4000000,-49.6000000,1.5599999,0.3808547,1.9338676,1.0000000,1.0000000,1.0000000,0.1969394,0.3120000,0.3582741,2.2295060,1.5599999,0,0.3808547
1.6000000,-49.8000000,1.5599999,0.3694543,2.5431914,1.0000000,1.0000000,1.0000000,0.1452719,0.3120000,0.2679524,2.8227080,1.5599999,0,0.3694543
1.6000000,-49.6000000,1.6799999,0.3572598,2.3004045,1.0000000,1.0000000,1.0000000,0.1553030,0.3360000,0.3013643,2.5632760,1.6799999,0,0.3572598
1.8000000,-50.0000000,1.5700001,0.3496200,4.2146392,1.0000000,1.0000000,1.0000000,0.0829537,0.3140000,0.1574560,4.4695340,1.5700001,0,0.3496200
1.8000000,-49.8000000,1.8000000,0.3427656,3.0920711,1.0000000,1.0000000,1.0000000,0.1108531,0.3600000,0.2272799,3.3357150,1.8000000,0,0.3427656
1.8000000,-49.6000000,1.8099999,0.3352255,2.5569777,1.0000000,1.0000000,1.0000000,0.1311022,0.3620000,0.2726756,2.8009620,1.8099999,0,0.3352255
2.0000000,-50.2000000,1.7100000,0.3457016,4.5895224,1.0000000,1.0000000,1.0000000,0.0753241,0.3420000,0.1498416,4.8403810,1.7100000,0,0.3457016
2.0000000,-50.0000000,1.8600000,0.3317362,3.9316959,1.0000000,1.0000000,1.0000000,0.0843748,0.3720000,0.1789905,4.1637190,1.8600000,0,0.3317362
2.0000000,-49.8000000,1.9299999,0.3217867,3.2252507,1.0000000,1.0000000,1.0000000,0.0997711,0.3860000,0.2194517,3.4519260,1.9299999,0,0.3217867
2.0000000,-49.6000000,1.9100000,0.3128639,2.6508257,1.0000000,1.0000000,1.0000000,0.1180251,0.3820000,0.2621311,2.8716400,1.9100000,0,0.3128639
2.2000000,-50.6000000,0.9100000,0.3483067,4.8616562,1.0000000,1.0000000,1.0000000,0.0716436,0.1820000,0.1090794,5.1143980,0.9100000,0,0.3483067
2.2000000,-50.4000000,1.4200000,0.3381694,4.4838991,1.0000000,1.0000000,1.0000000,0.0754186,0.2840000,0.1387563,4.7271600,1.4200000,0,0.3381694
2.2000000,-50.2000000,1.8900000,0.3279521,4.0553226,1.0000000,1.0000000,1.0000000,0.0808695,0.3780000,0.1740804,4.2926130,1.8900000,0,0.3279521
2.2000000,-50.0000000,1.9800000,0.3140965,3.5637977,1.0000000,1.0000000,1.0000000,0.0881353,0.3960000,0.1992528,3.7799450,1.9800000,0,0.3140965
2.4000000,-50.6000000,1.6900001,0.3348345,4.5852165,1.0000000,1.0000000,1.0000000,0.0730248,0.3380000,0.1467400,4.8260520,1.6900001,0,0.3348345
2.4000000,-50.4000000,1.8900000,0.3232832,4.2301736,1.0000000,1.0000000,1.0000000,0.0764232,0.3780000,0.1657812,4.4637870,1.8900000,0,0.3232832
2.4000000,-50.2000000,1.9800000,0.3101200,3.7312441,1.0000000,1.0000000,1.0000000,0.0831144,0.3960000,0.1892452,3.9507450,1.9800000,0,0.3101200
2.6000000,-50.8000000,1.2200000,0.3300214,4.1028109,1.0000000,1.0000000,1.0000000,0.0804379,0.2440000,0.1399093,4.3418810,1.2200000,0,0.3300214
2.6000000,-50.6000000,1.7500000,0.3202958,4.0654879,1.0000000,1.0000000,1.0000000,0.0787841,0.3500000,0.1648746,4.2945970,1.7500000,0,0.3202958
2.6000000,-50.4000000,1.9400001,0.3077433,3.7518218,1.0000000,1.0000000,1.0000000,0.0820250,0.3880000,0.1854415,3.9745360,1.9400001,0,0.3077433
2.8000000,-50.8000000,1.5200000,0.3161323,3.5775280,1.0000000,1.0000000,1.0000000,0.0883661,0.3040000,0.1733410,3.7998960,1.5200000,0,0.3161323
2.8000000,-50.6000000,1.8800000,0.3055955,3.5038199,1.0000000,1.0000000,1.0000000,0.0872178,0.3760000,0.1945293,3.7182500,1.8800000,0,0.3055955
3.0000000,-50.8000000,1.8000000,0.3025601,3.0370264,1.0000000,1.0000000,1.0000000,0.0996238,0.3600000,0.2181608,3.2543740,1.8000000,0,0.3025601
3.0000000,-50.6000000,1.9800000,0.2903534,2.8836148,1.0000000,1.0000000,1.0000000,0.1006908,0.3960000,0.2380184,3.0892020,1.9800000,0,0.2903534
3.2000000,-50.8000000,1.9500000,0.2880472,2.5325801,1.0000000,1.0000000,1.0000000,0.1137367,0.3900000,0.2677298,2.7395650,1.9500000,0,0.2880472
3.2000000,-50.6000000,2.0699999,0.2707659,2.3493402,1.0000000,1.0000000,1.0000000,0.1152519,0.4140000,0.2914716,2.5410080,2.0699999,0,0.2707659
3.4000000,-50.8000000,2.0000000,0.2701071,2.1076770,1.0000000,1.0000000,1.0000000,0.1281539,0.4000000,0.3179363,2.2995160,2.0000000,0,0.2701071
3.6000000,-51.0000000,1.5599999,0.2680624,1.9278649,1.0000000,1.0000000,1.0000000,0.1390463,0.3120000,0.3008833,2.1180120,1.5599999,0,0.2680624
3.6000000,-50.8000000,1.9900000,0.2488614,1.8356748,1.0000000,1.0000000,1.0000000,0.1355694,0.3980000,0.3523834,2.0054350,1.9900000,0,0.2488614
3.8000000,-51.0000000,1.2900000,0.2479202,1.7398483,1.0000000,1.0000000,1.0000000,0.1424953,0.2580000,0.2907841,1.9079910,1.2900000,0,0.2479202
3.8000000,-50.8000000,1.9000000,0.2290031,1.6506433,1.0000000,1.0000000,1.0000000,0.1387357,0.3800000,0.3689489,1.8033800,1.9000000,0,0.2290031
4.0000000,-51.0000000,1.4600000,0.2194281,1.6138079,1.0000000,1.0000000,1.0000000,0.1359692,0.2920000,0.3169077,1.7545510,1.4600000,0,0.2194281
4.0000000,-50.8000000,2.0100000,0.2076479,1.4970287,1.0000000,1.0000000,1.0000000,0.1387067,0.4020000,0.4072386,1.6257970,2.0100000,0,0.2076479
4.2000000,-51.2000000,1.0000000,0.2035538,1.6503630,1.0000000,1.0000000,1.0000000,0.1233388,0.2000000,0.2445243,1.7725600,1.0000000,0,0.2035538
4.2000000,-51.0000000,1.3900000,0.1928160,1.4486458,1.0000000,1.0000000,1.0000000,0.1331009,0.2780000,0.3250042,1.5636900,1.3900000,0,0.1928160
4.2000000,-50.8000000,2.0100000,0.1891171,1.3702794,1.0000000,1.0000000,1.0000000,0.1380135,0.4020000,0.4313844,1.4840090,2.0100000,0,0.1891171
4.4000000,-51.6000000,1.0000000,0.1877231,1.2411264,1.0000000,1.0000000,1.0000000,0.1512522,0.2000000,0.3123961,1.3529930,1.0000000,0,0.1877231
4.4000000,-51.4000000,1.3300000,0.1778863,1.4629487,1.0000000,1.0000000,1.0000000,0.1215944,0.2660000,0.3034189,1.5662570,1.3300000,0,0.1778863
4.4000000,-51.2000000,1.3500000,0.1828535,1.3964173,1.0000000,1.0000000,1.0000000,0.1309447,0.2700000,0.3242967,1.5026900,1.3500000,0,0.1828535
4.4000000,-51.0000000,1.3800000,0.1785088,1.3183826,1.0000000,1.0000000,1.0000000,0.1353998,0.2760000,0.3447473,1.4183330,1.3800000,0,0.1785088
4.6000000,-51.6000000,1.9200000,0.1726715,1.3714080,1.0000000,1.0000000,1.0000000,0.1259082,0.3840000,0.4059124,1.4696340,1.9200000,0,0.1726715
4.6000000,-51.4000000,1.9900000,0.1689773,1.3272808,1.0000000,1.0000000,1.0000000,0.1273109,0.3980000,0.4271721,1.4187300,1.9900000,0,0.1689773
4.6000000,-51.2000000,1.7600000,0.1658227,1.2661772,1.0000000,1.0000000,1.0000000,0.1309633,0.3520000,0.4089654,1.3538720,1.7600000,0,0.1658227
4.6000000,-51.0000000,2.1300001,0.1769951,1.2415810,1.0000000,1.0000000,1.0000000,0.1425562,0.4260000,0.4856672,1.3391740,2.1300001,0,0.1769951
4.8000000,-52.0000000,1.8600000,0.1585742,1.3680166,1.0000000,1.0000000,1.0000000,0.1159154,0.3720000,0.3878419,1.4517710,1.8600000,0,0.1585742
4.8000000,-51.8000000,2.1400001,0.1516867,1.3250278,1.0000000,1.0000000,1.0000000,0.1144781,0.4280000,0.4374902,1.4005960,2.1400001,0,0.1516867
4.8000000,-51.6000000,2.2100000,0.1547356,1.2754925,1.0000000,1.0000000,1.0000000,0.1213144,0.4420000,0.4678472,1.3544160,2.2100000,0,0.1547356
4.8000000,-51.4000000,2.3000000,0.1596950,1.2412989,1.0000000,1.0000000,1.0000000,0.1286515,0.4600000,0.4992311,1.3223300,2.3000000,0,0.1596950
5.0000000,-52.2000000,1.5300000,0.1433760,1.3138667,1.0000000,1.0000000,1.0000000,0.1091252,0.3060000,0.3420256,1.3798790,1.5300000,0,0.1433760
5.0000000,-52.0000000,1.9200000,0.1406903,1.2831367,1.0000000,1.0000000,1.0000000,0.1096456,0.3840000,0.4089122,1.3468070,1.9200000,0,0.1406903
5.0000000,-51.8000000,2.2500000,0.1420954,1.2531067,1.0000000,1.0000000,1.0000000,0.1133945,0.4500000,0.4725020,1.3189560,2.2500000,0,0.1420954
5.0000000,-51.6000000,2.3399999,0.1492838,1.2237902,1.0000000,1.0000000,1.0000000,0.1219848,0.4680000,0.5044033,1.2969080,2.3399999,0,0.1492838
5.2000000,-52.6000000,1.4700000,0.1400877,1.2989373,1.0000000,1.0000000,1.0000000,0.1078479,0.2940000,0.3341868,1.3624470,1.4700000,0,0.1400877
5.2000000,-52.4000000,1.8200001,0.1321303,1.2802745,1.0000000,1.0000000,1.0000000,0.1032047,0.3640000,0.3875187,1.3365970,1.8200001,0,0.1321303
5.2000000,-52.2000000,1.9200000,0.1323122,1.2517616,1.0000000,1.0000000,1.0000000,0.1057008,0.3840000,0.4124685,1.3073360,1.9200000,0,0.1323122
5.2000000,-52.0000000,2.2100000,0.1415448,1.2234120,1.0000000,1.0000000,1.0000000,0.1156968,0.4420000,0.4769814,1.2870080,2.2100000,0,0.1415448
5.4000000,-52.6000000,1.8400000,0.1182289,1.2590747,1.0000000,1.0000000,1.0000000,0.0939014,0.3680000,0.3861795,1.3020510,1.8400000,0,0.1182289
5.4000000,-52.4000000,1.9400001,0.1197779,1.2290165,1.0000000,1.0000000,1.0000000,0.0974583,0.3880000,0.4131579,1.2729710,1.9400001,0,0.1197779
5.6000000,-53.4000000,1.4900000,0.0945974,1.3368956,1.0000000,1.0000000,1.0000000,0.0707590,0.2980000,0.2936635,1.3595850,1.4900000,0,0.0945974
5.6000000,-53.2000000,1.9200000,0.0916727,1.3258207,1.0000000,1.0000000,1.0000000,0.0691441,0.3840000,0.3587760,1.3448610,1.9200000,0,0.0916727
5.6000000,-53.0000000,1.9800000,0.0934965,1.2926866,1.0000000,1.0000000,1.0000000,0.0723273,0.3960000,0.3786660,1.3099020,1.9800000,0,0.0934965
5.6000000,-52.8000000,2.0000000,0.0949595,1.2440625,1.0000000,1.0000000,1.0000000,0.0763302,0.4000000,0.3978574,1.2633800,2.0000000,0,0.0949595
5.6000000,-52.6000000,1.9400001,0.1128813,1.2127203,1.0000000,1.0000000,1.0000000,0.0930811,0.3880000,0.4130230,1.2495980,1.9400001,0,0.1128813
5.8000000,-53.6000000,1.7000000,0.0832008,1.3155324,1.0000000,1.0000000,1.0000000,0.0632450,0.3400000,0.3216955,1.3271500,1.7000000,0,0.0832008
5.8000000,-53.4000000,1.5400000,0.0821631,1.2929645,1.0000000,1.0000000,1.0000000,0.0635463,0.3080000,0.3017586,1.3025120,1.5400000,0,0.0821631
5.8000000,-53.2000000,2.1199999,0.0834667,1.2637011,1.0000000,1.0000000,1.0000000,0.0660494,0.4240000,0.4015718,1.2729630,2.1199999,0,0.0834667
5.8000000,-53.0000000,2.1400001,0.0891140,1.2327613,1.0000000,1.0000000,1.0000000,0.0722881,0.4280000,0.4194762,1.2454880,2.1400001,0,0.0891140
5.8000000,-52.8000000,2.1199999,0.0977916,1.1985432,1.0000000,1.0000000,1.0000000,0.0815921,0.4240000,0.4353548,1.2187230,2.1199999,0,0.0977916
6.0000000,-54.2000000,1.9400001,0.0683615,1.2802265,1.0000000,1.0000000,1.0000000,0.0533980,0.3880000,0.3564694,1.2781940,1.9400001,0,0.0683615
6.0000000,-54.0000000,2.0699999,0.0671407,1.2872982,1.0000000,1.0000000,1.0000000,0.0521563,0.4140000,0.3737601,1.2831900,2.0699999,0,0.0671407
6.0000000,-53.8000000,2.1600001,0.0690207,1.2764423,1.0000000,1.0000000,1.0000000,0.0540727,0.4320000,0.3925134,1.2725400,2.1600001,0,0.0690207
6.0000000,-53.6000000,2.2000000,0.0773214,1.2571598,1.0000000,1.0000000,1.0000000,0.0615048,0.4400000,0.4115001,1.2602740,2.2000000,0,0.0773214
6.0000000,-53.4000000,2.2200000,0.0806300,1.2341565,1.0000000,1.0000000,1.0000000,0.0653321,0.4440000,0.4250920,1.2381430,2.2200000,0,0.0806300
6.0000000,-53.2000000,2.2200000,0.0869652,1.2073349,1.0000000,1.0000000,1.0000000,0.0720307,0.4440000,0.4397829,1.2174830,2.2200000,0,0.0869652
